receipt_id,po_id,receipt_date,store_id,sku,accepted_units
GR000001,PO000005,2026-01-03,ST001,MED022,42
GR000002,PO000011,2026-01-03,ST002,MED003,24
GR000003,PO000015,2026-01-03,ST002,MED011,60
GR000004,PO000016,2026-01-03,ST002,MED012,60
GR000005,PO000019,2026-01-03,ST002,MED017,60
GR000006,PO000023,2026-01-03,ST002,MED025,36
GR000007,PO000024,2026-01-03,ST002,MED026,72
GR000008,PO000028,2026-01-03,ST003,MED004,48
GR000009,PO000031,2026-01-03,ST003,MED013,48
GR000010,PO000032,2026-01-03,ST003,MED014,48
GR000011,PO000036,2026-01-03,ST003,MED027,72
GR000012,PO000038,2026-01-03,ST004,MED002,66
GR000013,PO000039,2026-01-03,ST004,MED004,48
GR000014,PO000040,2026-01-03,ST004,MED006,60
GR000015,PO000042,2026-01-03,ST004,MED008,24
GR000016,PO000045,2026-01-03,ST004,MED012,60
GR000017,PO000047,2026-01-03,ST004,MED014,48
GR000018,PO000050,2026-01-03,ST004,MED022,42
GR000019,PO000056,2026-01-03,ST005,MED001,72
GR000020,PO000063,2026-01-03,ST005,MED013,48
GR000021,PO000065,2026-01-03,ST005,MED015,72
GR000022,PO000068,2026-01-03,ST005,MED020,48
GR000023,PO000073,2026-01-03,ST005,MED025,36
GR000024,PO000075,2026-01-03,ST005,MED027,72
GR000025,PO000076,2026-01-03,ST005,MED028,48
GR000026,PO000084,2026-01-03,ST006,MED006,60
GR000027,PO000092,2026-01-03,ST006,MED015,72
GR000028,PO000094,2026-01-03,ST006,MED017,60
GR000029,PO000096,2026-01-03,ST006,MED020,48
GR000030,PO000097,2026-01-03,ST006,MED021,54
GR000031,PO000098,2026-01-03,ST006,MED022,42
GR000032,PO000104,2026-01-03,ST006,MED028,48
GR000033,PO000108,2026-01-03,ST007,MED012,60
GR000034,PO000112,2026-01-03,ST007,MED020,48
GR000035,PO000123,2026-01-03,ST009,MED004,48
GR000036,PO000125,2026-01-03,ST009,MED012,60
GR000037,PO000126,2026-01-03,ST009,MED013,36
GR000038,PO000127,2026-01-03,ST009,MED016,48
GR000039,PO000128,2026-01-03,ST009,MED017,60
GR000040,PO000129,2026-01-03,ST009,MED019,24
GR000041,PO000133,2026-01-03,ST010,MED005,60
GR000042,PO000135,2026-01-03,ST010,MED010,24
GR000043,PO000136,2026-01-03,ST010,MED012,60
GR000044,PO000137,2026-01-03,ST010,MED013,48
GR000045,PO000142,2026-01-03,ST010,MED023,60
GR000046,PO000144,2026-01-03,ST011,MED001,72
GR000047,PO000145,2026-01-03,ST011,MED002,60
GR000048,PO000148,2026-01-03,ST011,MED006,60
GR000049,PO000152,2026-01-03,ST011,MED014,48
GR000050,PO000153,2026-01-03,ST011,MED017,60
GR000051,PO000159,2026-01-03,ST012,MED001,72
GR000052,PO000160,2026-01-03,ST012,MED002,60
GR000053,PO000164,2026-01-03,ST012,MED007,24
GR000054,PO000165,2026-01-03,ST012,MED010,36
GR000055,PO000166,2026-01-03,ST012,MED011,60
GR000056,PO000179,2026-01-03,ST012,MED027,72
GR000057,PO000180,2026-01-03,ST012,MED028,48
GR000058,PO000181,2026-01-03,ST012,MED029,72
GR000059,PO000190,2026-01-03,ST013,MED009,60
GR000060,PO000205,2026-01-03,ST013,MED026,72
GR000061,PO000208,2026-01-03,ST013,MED029,48
GR000062,PO000209,2026-01-03,ST014,MED003,24
GR000063,PO000216,2026-01-03,ST015,MED006,60
GR000064,PO000218,2026-01-03,ST015,MED017,60
GR000065,PO000222,2026-01-03,ST016,MED007,24
GR000066,PO000223,2026-01-03,ST016,MED008,24
GR000067,PO000227,2026-01-03,ST016,MED019,24
GR000068,PO000228,2026-01-03,ST016,MED022,42
GR000069,PO000231,2026-01-03,ST016,MED029,48
GR000070,PO000232,2026-01-03,ST017,MED001,72
GR000071,PO000234,2026-01-03,ST017,MED003,24
GR000072,PO000237,2026-01-03,ST017,MED009,60
GR000073,PO000239,2026-01-03,ST017,MED013,36
GR000074,PO000245,2026-01-03,ST017,MED027,72
GR000075,PO000247,2026-01-03,ST018,MED002,60
GR000076,PO000251,2026-01-03,ST018,MED009,60
GR000077,PO000259,2026-01-03,ST018,MED023,60
GR000078,PO000260,2026-01-03,ST018,MED024,72
GR000079,PO000261,2026-01-03,ST018,MED025,36
GR000080,PO000270,2026-01-03,ST019,MED005,60
GR000081,PO000274,2026-01-03,ST019,MED009,60
GR000082,PO000276,2026-01-03,ST019,MED011,60
GR000083,PO000279,2026-01-03,ST019,MED016,48
GR000084,PO000286,2026-01-03,ST019,MED025,36
GR000085,PO000289,2026-01-03,ST019,MED028,48
GR000086,PO000291,2026-01-03,ST019,MED030,30
GR000087,PO000298,2026-01-03,ST020,MED008,24
GR000088,PO000314,2026-01-03,ST020,MED024,72
GR000089,PO000330,2026-01-03,ST022,MED022,42
GR000090,PO000332,2026-01-03,ST023,MED010,24
GR000091,PO000333,2026-01-03,ST023,MED012,60
GR000092,PO000336,2026-01-03,ST023,MED027,72
GR000093,PO000342,2026-01-03,ST024,MED007,24
GR000094,PO000353,2026-01-03,ST025,MED002,60
GR000095,PO000355,2026-01-03,ST025,MED005,60
GR000096,PO000359,2026-01-03,ST025,MED015,72
GR000097,PO000363,2026-01-03,ST025,MED022,42
GR000098,PO000366,2026-01-03,ST025,MED026,72
GR000099,PO000367,2026-01-03,ST025,MED027,72
GR000100,PO000372,2026-01-03,ST026,MED005,60
GR000101,PO000373,2026-01-03,ST026,MED006,60
GR000102,PO000375,2026-01-03,ST026,MED008,24
GR000103,PO000378,2026-01-03,ST026,MED012,60
GR000104,PO000383,2026-01-03,ST026,MED019,24
GR000105,PO000396,2026-01-03,ST027,MED006,60
GR000106,PO000400,2026-01-03,ST027,MED010,24
GR000107,PO000401,2026-01-03,ST027,MED011,60
GR000108,PO000408,2026-01-03,ST027,MED020,48
GR000109,PO000414,2026-01-03,ST027,MED027,72
GR000110,PO000417,2026-01-03,ST028,MED012,60
GR000111,PO000422,2026-01-03,ST029,MED010,36
GR000112,PO000430,2026-01-03,ST030,MED014,48
GR000113,PO000433,2026-01-03,ST030,MED021,60
GR000114,PO000446,2026-01-03,ST031,MED017,60
GR000115,PO000448,2026-01-03,ST031,MED020,48
GR000116,PO000449,2026-01-03,ST031,MED021,54
GR000117,PO000450,2026-01-03,ST031,MED024,72
GR000118,PO000453,2026-01-03,ST031,MED029,72
GR000119,PO000458,2026-01-03,ST032,MED007,24
GR000120,PO000463,2026-01-03,ST032,MED013,48
GR000121,PO000465,2026-01-03,ST032,MED015,72
GR000122,PO000477,2026-01-03,ST033,MED001,72
GR000123,PO000480,2026-01-03,ST033,MED004,48
GR000124,PO000483,2026-01-03,ST033,MED007,24
GR000125,PO000485,2026-01-03,ST033,MED012,60
GR000126,PO000487,2026-01-03,ST033,MED016,48
GR000127,PO000488,2026-01-03,ST033,MED017,60
GR000128,PO000493,2026-01-03,ST033,MED023,60
GR000129,PO000497,2026-01-03,ST033,MED029,48
GR000130,PO000503,2026-01-03,ST034,MED005,60
GR000131,PO000519,2026-01-03,ST034,MED027,72
GR000132,PO000524,2026-01-03,ST035,MED008,24
GR000133,PO000527,2026-01-03,ST035,MED017,60
GR000134,PO000534,2026-01-03,ST036,MED008,24
GR000135,PO000536,2026-01-03,ST036,MED013,36
GR000136,PO000537,2026-01-03,ST036,MED017,60
GR000137,PO000538,2026-01-03,ST036,MED027,72
GR000138,PO000539,2026-01-03,ST037,MED001,72
GR000139,PO000544,2026-01-03,ST037,MED007,24
GR000140,PO000545,2026-01-03,ST037,MED008,24
GR000141,PO000546,2026-01-03,ST037,MED009,60
GR000142,PO000547,2026-01-03,ST037,MED012,60
GR000143,PO000550,2026-01-03,ST037,MED019,24
GR000144,PO000551,2026-01-03,ST037,MED020,48
GR000145,PO000564,2026-01-03,ST038,MED013,48
GR000146,PO000574,2026-01-03,ST038,MED028,48
GR000147,PO000583,2026-01-03,ST039,MED014,48
GR000148,PO000584,2026-01-03,ST039,MED016,48
GR000149,PO000585,2026-01-03,ST039,MED017,72
GR000150,PO000589,2026-01-03,ST039,MED022,42
GR000151,PO000592,2026-01-03,ST039,MED029,48
GR000152,PO000598,2026-01-03,ST040,MED007,24
GR000153,PO000602,2026-01-03,ST040,MED012,60
GR000154,PO000608,2026-01-03,ST040,MED018,48
GR000155,PO000613,2026-01-03,ST040,MED027,72
GR000156,PO000616,2026-01-04,ST001,MED001,72
GR000157,PO000001,2026-01-04,ST001,MED002,60
GR000158,PO000622,2026-01-04,ST001,MED010,24
GR000159,PO000623,2026-01-04,ST001,MED011,66
GR000160,PO000625,2026-01-04,ST001,MED015,96
GR000161,PO000629,2026-01-04,ST001,MED020,48
GR000162,PO000004,2026-01-04,ST001,MED021,54
GR000163,PO000006,2026-01-04,ST001,MED024,72
GR000164,PO000631,2026-01-04,ST001,MED025,36
GR000165,PO000013,2026-01-04,ST002,MED007,24
GR000166,PO000014,2026-01-04,ST002,MED009,60
GR000167,PO000017,2026-01-04,ST002,MED013,48
GR000168,PO000638,2026-01-04,ST002,MED016,48
GR000169,PO000639,2026-01-04,ST002,MED021,60
GR000170,PO000641,2026-01-04,ST002,MED024,72
GR000171,PO000025,2026-01-04,ST002,MED029,48
GR000172,PO000646,2026-01-04,ST003,MED005,72
GR000173,PO000648,2026-01-04,ST003,MED007,24
GR000174,PO000650,2026-01-04,ST003,MED009,60
GR000175,PO000030,2026-01-04,ST003,MED012,60
GR000176,PO000656,2026-01-04,ST003,MED021,60
GR000177,PO000658,2026-01-04,ST003,MED023,72
GR000178,PO000041,2026-01-04,ST004,MED007,24
GR000179,PO000053,2026-01-04,ST004,MED025,36
GR000180,PO000054,2026-01-04,ST004,MED026,72
GR000181,PO000055,2026-01-04,ST004,MED027,84
GR000182,PO000673,2026-01-04,ST004,MED029,72
GR000183,PO000675,2026-01-04,ST005,MED003,24
GR000184,PO000676,2026-01-04,ST005,MED004,60
GR000185,PO000058,2026-01-04,ST005,MED005,60
GR000186,PO000060,2026-01-04,ST005,MED007,24
GR000187,PO000066,2026-01-04,ST005,MED017,60
GR000188,PO000681,2026-01-04,ST005,MED018,48
GR000189,PO000071,2026-01-04,ST005,MED023,60
GR000190,PO000078,2026-01-04,ST005,MED030,30
GR000191,PO000085,2026-01-04,ST006,MED007,24
GR000192,PO000682,2026-01-04,ST006,MED010,36
GR000193,PO000095,2026-01-04,ST006,MED018,48
GR000194,PO000683,2026-01-04,ST006,MED029,72
GR000195,PO000684,2026-01-04,ST006,MED030,36
GR000196,PO000105,2026-01-04,ST007,MED002,60
GR000197,PO000106,2026-01-04,ST007,MED004,48
GR000198,PO000686,2026-01-04,ST007,MED005,60
GR000199,PO000688,2026-01-04,ST007,MED007,24
GR000200,PO000689,2026-01-04,ST007,MED010,24
GR000201,PO000699,2026-01-04,ST007,MED029,72
GR000202,PO000700,2026-01-04,ST008,MED001,72
GR000203,PO000115,2026-01-04,ST008,MED002,60
GR000204,PO000702,2026-01-04,ST008,MED006,60
GR000205,PO000703,2026-01-04,ST008,MED007,24
GR000206,PO000714,2026-01-04,ST008,MED023,60
GR000207,PO000717,2026-01-04,ST008,MED026,72
GR000208,PO000120,2026-01-04,ST008,MED028,48
GR000209,PO000121,2026-01-04,ST009,MED001,72
GR000210,PO000727,2026-01-04,ST009,MED015,72
GR000211,PO000131,2026-01-04,ST009,MED027,72
GR000212,PO000132,2026-01-04,ST010,MED002,60
GR000213,PO000740,2026-01-04,ST010,MED006,60
GR000214,PO000134,2026-01-04,ST010,MED008,24
GR000215,PO000744,2026-01-04,ST010,MED015,96
GR000216,PO000749,2026-01-04,ST010,MED025,36
GR000217,PO000143,2026-01-04,ST010,MED027,72
GR000218,PO000751,2026-01-04,ST010,MED028,48
GR000219,PO000146,2026-01-04,ST011,MED004,48
GR000220,PO000757,2026-01-04,ST011,MED010,36
GR000221,PO000162,2026-01-04,ST012,MED004,48
GR000222,PO000168,2026-01-04,ST012,MED013,48
GR000223,PO000169,2026-01-04,ST012,MED015,72
GR000224,PO000173,2026-01-04,ST012,MED020,48
GR000225,PO000174,2026-01-04,ST012,MED022,42
GR000226,PO000176,2026-01-04,ST012,MED024,72
GR000227,PO000178,2026-01-04,ST012,MED026,72
GR000228,PO000183,2026-01-04,ST013,MED001,72
GR000229,PO000191,2026-01-04,ST013,MED011,60
GR000230,PO000197,2026-01-04,ST013,MED017,72
GR000231,PO000198,2026-01-04,ST013,MED019,24
GR000232,PO000199,2026-01-04,ST013,MED020,48
GR000233,PO000202,2026-01-04,ST013,MED023,60
GR000234,PO000782,2026-01-04,ST014,MED005,60
GR000235,PO000210,2026-01-04,ST014,MED007,24
GR000236,PO000787,2026-01-04,ST014,MED015,72
GR000237,PO000799,2026-01-04,ST014,MED027,72
GR000238,PO000802,2026-01-04,ST015,MED001,72
GR000239,PO000215,2026-01-04,ST015,MED004,48
GR000240,PO000816,2026-01-04,ST015,MED023,60
GR000241,PO000817,2026-01-04,ST015,MED024,72
GR000242,PO000823,2026-01-04,ST016,MED001,72
GR000243,PO000825,2026-01-04,ST016,MED005,72
GR000244,PO000224,2026-01-04,ST016,MED010,24
GR000245,PO000829,2026-01-04,ST016,MED012,60
GR000246,PO000225,2026-01-04,ST016,MED017,60
GR000247,PO000839,2026-01-04,ST016,MED027,84
GR000248,PO000840,2026-01-04,ST016,MED030,30
GR000249,PO000235,2026-01-04,ST017,MED004,48
GR000250,PO000845,2026-01-04,ST017,MED011,66
GR000251,PO000241,2026-01-04,ST017,MED015,72
GR000252,PO000847,2026-01-04,ST017,MED018,48
GR000253,PO000243,2026-01-04,ST017,MED022,42
GR000254,PO000852,2026-01-04,ST017,MED025,36
GR000255,PO000854,2026-01-04,ST017,MED029,72
GR000256,PO000855,2026-01-04,ST018,MED003,24
GR000257,PO000856,2026-01-04,ST018,MED004,60
GR000258,PO000252,2026-01-04,ST018,MED012,60
GR000259,PO000253,2026-01-04,ST018,MED013,48
GR000260,PO000257,2026-01-04,ST018,MED020,48
GR000261,PO000258,2026-01-04,ST018,MED022,42
GR000262,PO000266,2026-01-04,ST019,MED001,72
GR000263,PO000272,2026-01-04,ST019,MED007,24
GR000264,PO000278,2026-01-04,ST019,MED015,72
GR000265,PO000283,2026-01-04,ST019,MED022,42
GR000266,PO000285,2026-01-04,ST019,MED024,72
GR000267,PO000287,2026-01-04,ST019,MED026,72
GR000268,PO000295,2026-01-04,ST020,MED005,60
GR000269,PO000297,2026-01-04,ST020,MED007,24
GR000270,PO000300,2026-01-04,ST020,MED010,24
GR000271,PO000301,2026-01-04,ST020,MED011,60
GR000272,PO000302,2026-01-04,ST020,MED012,60
GR000273,PO000303,2026-01-04,ST020,MED013,48
GR000274,PO000304,2026-01-04,ST020,MED014,48
GR000275,PO000305,2026-01-04,ST020,MED015,72
GR000276,PO000306,2026-01-04,ST020,MED016,48
GR000277,PO000312,2026-01-04,ST020,MED022,42
GR000278,PO000317,2026-01-04,ST020,MED027,72
GR000279,PO000318,2026-01-04,ST020,MED028,48
GR000280,PO000319,2026-01-04,ST020,MED029,48
GR000281,PO000882,2026-01-04,ST021,MED012,72
GR000282,PO000884,2026-01-04,ST021,MED016,48
GR000283,PO000885,2026-01-04,ST021,MED018,48
GR000284,PO000321,2026-01-04,ST021,MED019,24
GR000285,PO000324,2026-01-04,ST021,MED028,48
GR000286,PO000894,2026-01-04,ST022,MED003,24
GR000287,PO000329,2026-01-04,ST022,MED019,24
GR000288,PO000905,2026-01-04,ST022,MED023,60
GR000289,PO000914,2026-01-04,ST023,MED005,72
GR000290,PO000916,2026-01-04,ST023,MED007,24
GR000291,PO000918,2026-01-04,ST023,MED009,60
GR000292,PO000920,2026-01-04,ST023,MED013,48
GR000293,PO000925,2026-01-04,ST023,MED020,48
GR000294,PO000339,2026-01-04,ST024,MED002,60
GR000295,PO000935,2026-01-04,ST024,MED010,24
GR000296,PO000937,2026-01-04,ST024,MED013,48
GR000297,PO000347,2026-01-04,ST024,MED016,48
GR000298,PO000351,2026-01-04,ST024,MED027,72
GR000299,PO000948,2026-01-04,ST025,MED003,24
GR000300,PO000357,2026-01-04,ST025,MED007,24
GR000301,PO000949,2026-01-04,ST025,MED010,24
GR000302,PO000954,2026-01-04,ST025,MED016,48
GR000303,PO000957,2026-01-04,ST025,MED024,72
GR000304,PO000365,2026-01-04,ST025,MED025,36
GR000305,PO000368,2026-01-04,ST025,MED028,48
GR000306,PO000959,2026-01-04,ST026,MED001,72
GR000307,PO000370,2026-01-04,ST026,MED002,66
GR000308,PO000371,2026-01-04,ST026,MED003,24
GR000309,PO000376,2026-01-04,ST026,MED009,60
GR000310,PO000379,2026-01-04,ST026,MED013,36
GR000311,PO000963,2026-01-04,ST026,MED015,96
GR000312,PO000384,2026-01-04,ST026,MED020,48
GR000313,PO000387,2026-01-04,ST026,MED025,36
GR000314,PO000388,2026-01-04,ST026,MED026,72
GR000315,PO000389,2026-01-04,ST026,MED027,72
GR000316,PO000393,2026-01-04,ST027,MED002,66
GR000317,PO000397,2026-01-04,ST027,MED007,24
GR000318,PO000398,2026-01-04,ST027,MED008,24
GR000319,PO000399,2026-01-04,ST027,MED009,60
GR000320,PO000403,2026-01-04,ST027,MED013,48
GR000321,PO000969,2026-01-04,ST027,MED015,72
GR000322,PO000404,2026-01-04,ST027,MED016,48
GR000323,PO000412,2026-01-04,ST027,MED025,36
GR000324,PO000413,2026-01-04,ST027,MED026,72
GR000325,PO000416,2026-01-04,ST027,MED029,72
GR000326,PO000971,2026-01-04,ST027,MED030,36
GR000327,PO000418,2026-01-04,ST028,MED014,48
GR000328,PO000983,2026-01-04,ST028,MED017,72
GR000329,PO000984,2026-01-04,ST028,MED019,24
GR000330,PO000986,2026-01-04,ST028,MED021,60
GR000331,PO000996,2026-01-04,ST029,MED005,72
GR000332,PO000998,2026-01-04,ST029,MED007,24
GR000333,PO000423,2026-01-04,ST029,MED012,60
GR000334,PO000425,2026-01-04,ST029,MED016,48
GR000335,PO001007,2026-01-04,ST029,MED022,42
GR000336,PO001009,2026-01-04,ST029,MED024,72
GR000337,PO001015,2026-01-04,ST030,MED001,72
GR000338,PO000427,2026-01-04,ST030,MED003,24
GR000339,PO001017,2026-01-04,ST030,MED004,48
GR000340,PO000428,2026-01-04,ST030,MED009,60
GR000341,PO000429,2026-01-04,ST030,MED012,60
GR000342,PO001024,2026-01-04,ST030,MED013,36
GR000343,PO001027,2026-01-04,ST030,MED019,24
GR000344,PO001028,2026-01-04,ST030,MED020,48
GR000345,PO000444,2026-01-04,ST031,MED011,60
GR000346,PO000445,2026-01-04,ST031,MED012,60
GR000347,PO001039,2026-01-04,ST031,MED015,72
GR000348,PO001040,2026-01-04,ST031,MED016,48
GR000349,PO000447,2026-01-04,ST031,MED018,48
GR000350,PO000451,2026-01-04,ST031,MED025,36
GR000351,PO000452,2026-01-04,ST031,MED027,72
GR000352,PO001049,2026-01-04,ST032,MED008,24
GR000353,PO000459,2026-01-04,ST032,MED009,60
GR000354,PO000460,2026-01-04,ST032,MED010,24
GR000355,PO000466,2026-01-04,ST032,MED017,60
GR000356,PO000467,2026-01-04,ST032,MED018,48
GR000357,PO000468,2026-01-04,ST032,MED020,48
GR000358,PO000469,2026-01-04,ST032,MED021,54
GR000359,PO000470,2026-01-04,ST032,MED022,36
GR000360,PO000474,2026-01-04,ST032,MED027,72
GR000361,PO000489,2026-01-04,ST033,MED018,48
GR000362,PO000490,2026-01-04,ST033,MED019,24
GR000363,PO001057,2026-01-04,ST033,MED020,48
GR000364,PO000491,2026-01-04,ST033,MED021,60
GR000365,PO000492,2026-01-04,ST033,MED022,42
GR000366,PO000510,2026-01-04,ST034,MED015,72
GR000367,PO000522,2026-01-04,ST034,MED030,30
GR000368,PO000523,2026-01-04,ST035,MED006,60
GR000369,PO001073,2026-01-04,ST035,MED013,48
GR000370,PO000526,2026-01-04,ST035,MED014,48
GR000371,PO001080,2026-01-04,ST035,MED023,72
GR000372,PO001083,2026-01-04,ST035,MED027,72
GR000373,PO001104,2026-01-04,ST036,MED029,72
GR000374,PO000541,2026-01-04,ST037,MED004,48
GR000375,PO000552,2026-01-04,ST037,MED021,54
GR000376,PO001114,2026-01-04,ST037,MED030,30
GR000377,PO000559,2026-01-04,ST038,MED001,72
GR000378,PO001117,2026-01-04,ST038,MED005,72
GR000379,PO001118,2026-01-04,ST038,MED006,60
GR000380,PO000562,2026-01-04,ST038,MED010,24
GR000381,PO001120,2026-01-04,ST038,MED011,72
GR000382,PO000566,2026-01-04,ST038,MED017,60
GR000383,PO001123,2026-01-04,ST038,MED020,48
GR000384,PO000569,2026-01-04,ST038,MED021,54
GR000385,PO001125,2026-01-04,ST038,MED024,72
GR000386,PO000575,2026-01-04,ST038,MED029,48
GR000387,PO001128,2026-01-04,ST039,MED004,60
GR000388,PO000577,2026-01-04,ST039,MED005,60
GR000389,PO000579,2026-01-04,ST039,MED007,24
GR000390,PO000587,2026-01-04,ST039,MED019,24
GR000391,PO000596,2026-01-04,ST040,MED004,48
GR000392,PO001142,2026-01-04,ST040,MED025,36
GR000393,PO000615,2026-01-04,ST040,MED030,30
GR000394,PO001145,2026-01-05,ST001,MED003,24
GR000395,PO000618,2026-01-05,ST001,MED005,60
GR000396,PO000619,2026-01-05,ST001,MED006,60
GR000397,PO000002,2026-01-05,ST001,MED012,60
GR000398,PO000003,2026-01-05,ST001,MED013,48
GR000399,PO000624,2026-01-05,ST001,MED014,48
GR000400,PO000626,2026-01-05,ST001,MED017,72
GR000401,PO000627,2026-01-05,ST001,MED018,48
GR000402,PO000628,2026-01-05,ST001,MED019,24
GR000403,PO000008,2026-01-05,ST001,MED027,72
GR000404,PO000010,2026-01-05,ST002,MED002,60
GR000405,PO000634,2026-01-05,ST002,MED004,48
GR000406,PO000012,2026-01-05,ST002,MED006,60
GR000407,PO000636,2026-01-05,ST002,MED008,24
GR000408,PO000637,2026-01-05,ST002,MED015,72
GR000409,PO000642,2026-01-05,ST002,MED027,84
GR000410,PO000027,2026-01-05,ST003,MED002,60
GR000411,PO000029,2026-01-05,ST003,MED010,24
GR000412,PO000033,2026-01-05,ST003,MED017,72
GR000413,PO000034,2026-01-05,ST003,MED020,48
GR000414,PO000043,2026-01-05,ST004,MED010,24
GR000415,PO000044,2026-01-05,ST004,MED011,60
GR000416,PO000668,2026-01-05,ST004,MED016,48
GR000417,PO000669,2026-01-05,ST004,MED018,48
GR000418,PO000670,2026-01-05,ST004,MED019,24
GR000419,PO000049,2026-01-05,ST004,MED021,54
GR000420,PO000051,2026-01-05,ST004,MED023,60
GR000421,PO000052,2026-01-05,ST004,MED024,72
GR000422,PO000674,2026-01-05,ST004,MED030,30
GR000423,PO000679,2026-01-05,ST005,MED010,24
GR000424,PO000067,2026-01-05,ST005,MED019,24
GR000425,PO000070,2026-01-05,ST005,MED022,42
GR000426,PO000074,2026-01-05,ST005,MED026,72
GR000427,PO000082,2026-01-05,ST006,MED004,48
GR000428,PO000083,2026-01-05,ST006,MED005,60
GR000429,PO000086,2026-01-05,ST006,MED008,24
GR000430,PO000100,2026-01-05,ST006,MED024,72
GR000431,PO000103,2026-01-05,ST006,MED027,72
GR000432,PO001152,2026-01-05,ST007,MED014,48
GR000433,PO000114,2026-01-05,ST007,MED026,72
GR000434,PO000116,2026-01-05,ST008,MED008,24
GR000435,PO000704,2026-01-05,ST008,MED009,60
GR000436,PO000705,2026-01-05,ST008,MED010,36
GR000437,PO000706,2026-01-05,ST008,MED011,66
GR000438,PO000707,2026-01-05,ST008,MED014,48
GR000439,PO000711,2026-01-05,ST008,MED018,48
GR000440,PO000118,2026-01-05,ST008,MED019,24
GR000441,PO000716,2026-01-05,ST008,MED025,36
GR000442,PO000718,2026-01-05,ST008,MED027,72
GR000443,PO000122,2026-01-05,ST009,MED002,60
GR000444,PO000720,2026-01-05,ST009,MED003,24
GR000445,PO000124,2026-01-05,ST009,MED006,60
GR000446,PO000722,2026-01-05,ST009,MED007,24
GR000447,PO000723,2026-01-05,ST009,MED009,60
GR000448,PO000729,2026-01-05,ST009,MED020,48
GR000449,PO000731,2026-01-05,ST009,MED023,72
GR000450,PO000733,2026-01-05,ST009,MED025,36
GR000451,PO000738,2026-01-05,ST010,MED001,72
GR000452,PO000742,2026-01-05,ST010,MED009,60
GR000453,PO000743,2026-01-05,ST010,MED011,66
GR000454,PO000139,2026-01-05,ST010,MED017,60
GR000455,PO000750,2026-01-05,ST010,MED026,72
GR000456,PO000755,2026-01-05,ST011,MED008,24
GR000457,PO000151,2026-01-05,ST011,MED013,48
GR000458,PO000759,2026-01-05,ST011,MED015,96
GR000459,PO000154,2026-01-05,ST011,MED021,60
GR000460,PO000764,2026-01-05,ST011,MED022,48
GR000461,PO000765,2026-01-05,ST011,MED024,72
GR000462,PO000768,2026-01-05,ST011,MED029,72
GR000463,PO000769,2026-01-05,ST012,MED006,72
GR000464,PO000770,2026-01-05,ST012,MED008,24
GR000465,PO000167,2026-01-05,ST012,MED012,60
GR000466,PO000772,2026-01-05,ST012,MED014,48
GR000467,PO000170,2026-01-05,ST012,MED016,48
GR000468,PO000172,2026-01-05,ST012,MED018,48
GR000469,PO000175,2026-01-05,ST012,MED023,60
GR000470,PO000184,2026-01-05,ST013,MED002,66
GR000471,PO000185,2026-01-05,ST013,MED003,24
GR000472,PO000186,2026-01-05,ST013,MED004,48
GR000473,PO000187,2026-01-05,ST013,MED005,60
GR000474,PO000189,2026-01-05,ST013,MED008,24
GR000475,PO000192,2026-01-05,ST013,MED012,60
GR000476,PO000193,2026-01-05,ST013,MED013,48
GR000477,PO000196,2026-01-05,ST013,MED016,48
GR000478,PO000200,2026-01-05,ST013,MED021,54
GR000479,PO000201,2026-01-05,ST013,MED022,42
GR000480,PO000204,2026-01-05,ST013,MED025,36
GR000481,PO000211,2026-01-05,ST014,MED011,60
GR000482,PO000212,2026-01-05,ST014,MED012,60
GR000483,PO000786,2026-01-05,ST014,MED013,48
GR000484,PO000791,2026-01-05,ST014,MED019,24
GR000485,PO000792,2026-01-05,ST014,MED020,48
GR000486,PO000794,2026-01-05,ST014,MED022,48
GR000487,PO000796,2026-01-05,ST014,MED024,72
GR000488,PO000798,2026-01-05,ST014,MED026,72
GR000489,PO000214,2026-01-05,ST015,MED003,24
GR000490,PO000804,2026-01-05,ST015,MED007,24
GR000491,PO000808,2026-01-05,ST015,MED011,60
GR000492,PO000809,2026-01-05,ST015,MED013,48
GR000493,PO000812,2026-01-05,ST015,MED016,48
GR000494,PO000814,2026-01-05,ST015,MED021,54
GR000495,PO000818,2026-01-05,ST015,MED026,72
GR000496,PO000820,2026-01-05,ST015,MED028,48
GR000497,PO000822,2026-01-05,ST015,MED030,36
GR000498,PO000220,2026-01-05,ST016,MED002,72
GR000499,PO000221,2026-01-05,ST016,MED003,24
GR000500,PO000824,2026-01-05,ST016,MED004,48
GR000501,PO000831,2026-01-05,ST016,MED014,48
GR000502,PO000834,2026-01-05,ST016,MED020,48
GR000503,PO000838,2026-01-05,ST016,MED026,72
GR000504,PO000844,2026-01-05,ST017,MED010,36
GR000505,PO000240,2026-01-05,ST017,MED014,48
GR000506,PO000849,2026-01-05,ST017,MED021,66
GR000507,PO000853,2026-01-05,ST017,MED028,48
GR000508,PO000860,2026-01-05,ST018,MED014,48
GR000509,PO000262,2026-01-05,ST018,MED026,72
GR000510,PO000263,2026-01-05,ST018,MED027,72
GR000511,PO000264,2026-01-05,ST018,MED028,48
GR000512,PO000265,2026-01-05,ST018,MED030,30
GR000513,PO000267,2026-01-05,ST019,MED002,60
GR000514,PO000269,2026-01-05,ST019,MED004,48
GR000515,PO000273,2026-01-05,ST019,MED008,24
GR000516,PO000275,2026-01-05,ST019,MED010,24
GR000517,PO000277,2026-01-05,ST019,MED012,60
GR000518,PO000281,2026-01-05,ST019,MED018,48
GR000519,PO000868,2026-01-05,ST019,MED020,48
GR000520,PO000282,2026-01-05,ST019,MED021,60
GR000521,PO000292,2026-01-05,ST020,MED001,72
GR000522,PO000293,2026-01-05,ST020,MED002,66
GR000523,PO000869,2026-01-05,ST020,MED003,24
GR000524,PO000294,2026-01-05,ST020,MED004,48
GR000525,PO000296,2026-01-05,ST020,MED006,60
GR000526,PO000299,2026-01-05,ST020,MED009,60
GR000527,PO000308,2026-01-05,ST020,MED018,48
GR000528,PO000310,2026-01-05,ST020,MED020,48
GR000529,PO000315,2026-01-05,ST020,MED025,36
GR000530,PO000870,2026-01-05,ST020,MED030,30
GR000531,PO000880,2026-01-05,ST021,MED010,36
GR000532,PO000320,2026-01-05,ST021,MED017,60
GR000533,PO000888,2026-01-05,ST021,MED024,72
GR000534,PO000889,2026-01-05,ST021,MED025,36
GR000535,PO000890,2026-01-05,ST021,MED026,72
GR000536,PO000323,2026-01-05,ST021,MED027,72
GR000537,PO000893,2026-01-05,ST022,MED002,78
GR000538,PO000895,2026-01-05,ST022,MED004,48
GR000539,PO000326,2026-01-05,ST022,MED006,60
GR000540,PO000899,2026-01-05,ST022,MED011,60
GR000541,PO000327,2026-01-05,ST022,MED012,60
GR000542,PO000900,2026-01-05,ST022,MED013,48
GR000543,PO000901,2026-01-05,ST022,MED014,48
GR000544,PO000328,2026-01-05,ST022,MED017,60
GR000545,PO001172,2026-01-05,ST022,MED018,48
GR000546,PO001173,2026-01-05,ST022,MED025,36
GR000547,PO000921,2026-01-05,ST023,MED014,48
GR000548,PO000922,2026-01-05,ST023,MED015,72
GR000549,PO000923,2026-01-05,ST023,MED016,48
GR000550,PO000334,2026-01-05,ST023,MED017,60
GR000551,PO000927,2026-01-05,ST023,MED022,48
GR000552,PO000931,2026-01-05,ST023,MED026,72
GR000553,PO000932,2026-01-05,ST023,MED028,48
GR000554,PO000337,2026-01-05,ST023,MED029,48
GR000555,PO000340,2026-01-05,ST024,MED003,24
GR000556,PO000933,2026-01-05,ST024,MED004,48
GR000557,PO000343,2026-01-05,ST024,MED008,24
GR000558,PO000345,2026-01-05,ST024,MED012,60
GR000559,PO000938,2026-01-05,ST024,MED014,48
GR000560,PO000352,2026-01-05,ST024,MED028,48
GR000561,PO000356,2026-01-05,ST025,MED006,60
GR000562,PO000358,2026-01-05,ST025,MED009,60
GR000563,PO000951,2026-01-05,ST025,MED012,72
GR000564,PO000361,2026-01-05,ST025,MED018,48
GR000565,PO000362,2026-01-05,ST025,MED021,54
GR000566,PO000364,2026-01-05,ST025,MED023,60
GR000567,PO000958,2026-01-05,ST025,MED030,30
GR000568,PO000374,2026-01-05,ST026,MED007,24
GR000569,PO000377,2026-01-05,ST026,MED011,60
GR000570,PO000380,2026-01-05,ST026,MED016,48
GR000571,PO000386,2026-01-05,ST026,MED024,72
GR000572,PO000390,2026-01-05,ST026,MED028,48
GR000573,PO000391,2026-01-05,ST026,MED029,48
GR000574,PO000966,2026-01-05,ST026,MED030,30
GR000575,PO000392,2026-01-05,ST027,MED001,72
GR000576,PO000968,2026-01-05,ST027,MED014,48
GR000577,PO000406,2026-01-05,ST027,MED018,48
GR000578,PO000410,2026-01-05,ST027,MED023,72
GR000579,PO000415,2026-01-05,ST027,MED028,48
GR000580,PO000972,2026-01-05,ST028,MED001,72
GR000581,PO000974,2026-01-05,ST028,MED003,24
GR000582,PO001177,2026-01-05,ST028,MED004,48
GR000583,PO000419,2026-01-05,ST028,MED022,36
GR000584,PO000987,2026-01-05,ST028,MED023,72
GR000585,PO000420,2026-01-05,ST028,MED024,72
GR000586,PO000991,2026-01-05,ST028,MED028,48
GR000587,PO000992,2026-01-05,ST028,MED029,48
GR000588,PO001003,2026-01-05,ST029,MED014,48
GR000589,PO001005,2026-01-05,ST029,MED020,48
GR000590,PO001006,2026-01-05,ST029,MED021,60
GR000591,PO001008,2026-01-05,ST029,MED023,72
GR000592,PO001012,2026-01-05,ST029,MED028,48
GR000593,PO001019,2026-01-05,ST030,MED006,60
GR000594,PO001022,2026-01-05,ST030,MED010,36
GR000595,PO001023,2026-01-05,ST030,MED011,66
GR000596,PO001025,2026-01-05,ST030,MED015,72
GR000597,PO000432,2026-01-05,ST030,MED017,60
GR000598,PO000434,2026-01-05,ST030,MED022,36
GR000599,PO001030,2026-01-05,ST030,MED024,72
GR000600,PO000435,2026-01-05,ST030,MED025,36
GR000601,PO000436,2026-01-05,ST030,MED027,72
GR000602,PO001033,2026-01-05,ST030,MED030,30
GR000603,PO000441,2026-01-05,ST031,MED006,60
GR000604,PO001035,2026-01-05,ST031,MED007,24
GR000605,PO000442,2026-01-05,ST031,MED008,24
GR000606,PO000443,2026-01-05,ST031,MED010,24
GR000607,PO001041,2026-01-05,ST031,MED019,24
GR000608,PO000454,2026-01-05,ST031,MED030,30
GR000609,PO000455,2026-01-05,ST032,MED002,60
GR000610,PO000462,2026-01-05,ST032,MED012,60
GR000611,PO000464,2026-01-05,ST032,MED014,48
GR000612,PO000472,2026-01-05,ST032,MED024,72
GR000613,PO001052,2026-01-05,ST032,MED028,48
GR000614,PO000479,2026-01-05,ST033,MED003,24
GR000615,PO000482,2026-01-05,ST033,MED006,60
GR000616,PO001185,2026-01-05,ST033,MED008,24
GR000617,PO001055,2026-01-05,ST033,MED013,48
GR000618,PO001056,2026-01-05,ST033,MED014,48
GR000619,PO000486,2026-01-05,ST033,MED015,72
GR000620,PO001058,2026-01-05,ST033,MED025,48
GR000621,PO000498,2026-01-05,ST033,MED030,30
GR000622,PO000502,2026-01-05,ST034,MED004,48
GR000623,PO000506,2026-01-05,ST034,MED011,60
GR000624,PO000508,2026-01-05,ST034,MED013,48
GR000625,PO000513,2026-01-05,ST034,MED020,48
GR000626,PO001069,2026-01-05,ST035,MED005,60
GR000627,PO001187,2026-01-05,ST035,MED007,24
GR000628,PO001075,2026-01-05,ST035,MED016,48
GR000629,PO000528,2026-01-05,ST035,MED019,24
GR000630,PO001082,2026-01-05,ST035,MED026,72
GR000631,PO000530,2026-01-05,ST035,MED028,48
GR000632,PO000531,2026-01-05,ST035,MED030,30
GR000633,PO001085,2026-01-05,ST036,MED001,72
GR000634,PO000532,2026-01-05,ST036,MED002,60
GR000635,PO000533,2026-01-05,ST036,MED003,24
GR000636,PO001086,2026-01-05,ST036,MED004,48
GR000637,PO001088,2026-01-05,ST036,MED006,72
GR000638,PO001095,2026-01-05,ST036,MED018,48
GR000639,PO001099,2026-01-05,ST036,MED023,72
GR000640,PO001100,2026-01-05,ST036,MED024,72
GR000641,PO001105,2026-01-05,ST037,MED002,72
GR000642,PO000540,2026-01-05,ST037,MED003,24
GR000643,PO000543,2026-01-05,ST037,MED006,60
GR000644,PO001106,2026-01-05,ST037,MED010,24
GR000645,PO001109,2026-01-05,ST037,MED015,96
GR000646,PO000549,2026-01-05,ST037,MED016,48
GR000647,PO001112,2026-01-05,ST037,MED023,84
GR000648,PO000555,2026-01-05,ST037,MED026,72
GR000649,PO000556,2026-01-05,ST037,MED027,72
GR000650,PO000557,2026-01-05,ST037,MED028,48
GR000651,PO000561,2026-01-05,ST038,MED009,60
GR000652,PO001121,2026-01-05,ST038,MED014,48
GR000653,PO000565,2026-01-05,ST038,MED016,48
GR000654,PO000567,2026-01-05,ST038,MED018,48
GR000655,PO000568,2026-01-05,ST038,MED019,24
GR000656,PO000570,2026-01-05,ST038,MED022,36
GR000657,PO001192,2026-01-05,ST039,MED003,24
GR000658,PO001129,2026-01-05,ST039,MED009,72
GR000659,PO000582,2026-01-05,ST039,MED013,48
GR000660,PO000586,2026-01-05,ST039,MED018,48
GR000661,PO001133,2026-01-05,ST039,MED021,66
GR000662,PO001134,2026-01-05,ST039,MED023,72
GR000663,PO001136,2026-01-05,ST039,MED025,36
GR000664,PO000591,2026-01-05,ST039,MED028,48
GR000665,PO001138,2026-01-05,ST040,MED001,72
GR000666,PO000600,2026-01-05,ST040,MED009,60
GR000667,PO000605,2026-01-05,ST040,MED015,72
GR000668,PO000607,2026-01-05,ST040,MED017,60
GR000669,PO000612,2026-01-05,ST040,MED024,72
GR000670,PO001144,2026-01-05,ST040,MED028,48
GR000671,PO000617,2026-01-06,ST001,MED004,48
GR000672,PO000620,2026-01-06,ST001,MED007,24
GR000673,PO001194,2026-01-06,ST001,MED008,24
GR000674,PO000621,2026-01-06,ST001,MED009,60
GR000675,PO000630,2026-01-06,ST001,MED023,72
GR000676,PO000007,2026-01-06,ST001,MED026,72
GR000677,PO000632,2026-01-06,ST001,MED028,48
GR000678,PO000633,2026-01-06,ST001,MED029,48
GR000679,PO000009,2026-01-06,ST002,MED001,72
GR000680,PO000020,2026-01-06,ST002,MED019,24
GR000681,PO000022,2026-01-06,ST002,MED022,36
GR000682,PO000643,2026-01-06,ST002,MED028,48
GR000683,PO000026,2026-01-06,ST002,MED030,30
GR000684,PO000651,2026-01-06,ST003,MED011,72
GR000685,PO000655,2026-01-06,ST003,MED019,24
GR000686,PO000657,2026-01-06,ST003,MED022,48
GR000687,PO000660,2026-01-06,ST003,MED025,36
GR000688,PO000661,2026-01-06,ST003,MED028,48
GR000689,PO000037,2026-01-06,ST004,MED001,72
GR000690,PO000664,2026-01-06,ST004,MED003,24
GR000691,PO000046,2026-01-06,ST004,MED013,36
GR000692,PO000667,2026-01-06,ST004,MED015,72
GR000693,PO000048,2026-01-06,ST004,MED017,60
GR000694,PO000672,2026-01-06,ST004,MED028,48
GR000695,PO000057,2026-01-06,ST005,MED002,66
GR000696,PO000059,2026-01-06,ST005,MED006,60
GR000697,PO000678,2026-01-06,ST005,MED009,60
GR000698,PO000061,2026-01-06,ST005,MED011,60
GR000699,PO000062,2026-01-06,ST005,MED012,60
GR000700,PO000064,2026-01-06,ST005,MED014,48
GR000701,PO000069,2026-01-06,ST005,MED021,54
GR000702,PO000072,2026-01-06,ST005,MED024,72
GR000703,PO000077,2026-01-06,ST005,MED029,48
GR000704,PO000079,2026-01-06,ST006,MED001,72
GR000705,PO000081,2026-01-06,ST006,MED003,24
GR000706,PO000087,2026-01-06,ST006,MED009,60
GR000707,PO000088,2026-01-06,ST006,MED011,60
GR000708,PO000089,2026-01-06,ST006,MED012,60
GR000709,PO000090,2026-01-06,ST006,MED013,48
GR000710,PO000093,2026-01-06,ST006,MED016,48
GR000711,PO001149,2026-01-06,ST006,MED019,48
GR000712,PO000099,2026-01-06,ST006,MED023,72
GR000713,PO000101,2026-01-06,ST006,MED025,36
GR000714,PO000102,2026-01-06,ST006,MED026,72
GR000715,PO001150,2026-01-06,ST007,MED003,24
GR000716,PO000109,2026-01-06,ST007,MED013,48
GR000717,PO000691,2026-01-06,ST007,MED015,72
GR000718,PO000693,2026-01-06,ST007,MED018,48
GR000719,PO000111,2026-01-06,ST007,MED019,24
GR000720,PO000696,2026-01-06,ST007,MED024,72
GR000721,PO001155,2026-01-06,ST008,MED003,24
GR000722,PO001156,2026-01-06,ST008,MED004,48
GR000723,PO000701,2026-01-06,ST008,MED005,72
GR000724,PO000117,2026-01-06,ST008,MED012,60
GR000725,PO000708,2026-01-06,ST008,MED015,72
GR000726,PO000710,2026-01-06,ST008,MED017,72
GR000727,PO000712,2026-01-06,ST008,MED021,60
GR000728,PO000713,2026-01-06,ST008,MED022,42
GR000729,PO000721,2026-01-06,ST009,MED005,72
GR000730,PO001159,2026-01-06,ST009,MED008,24
GR000731,PO000724,2026-01-06,ST009,MED010,24
GR000732,PO000726,2026-01-06,ST009,MED014,48
GR000733,PO000730,2026-01-06,ST009,MED021,54
GR000734,PO000732,2026-01-06,ST009,MED024,72
GR000735,PO000735,2026-01-06,ST009,MED028,48
GR000736,PO000739,2026-01-06,ST010,MED004,60
GR000737,PO000140,2026-01-06,ST010,MED020,48
GR000738,PO000747,2026-01-06,ST010,MED022,42
GR000739,PO000752,2026-01-06,ST010,MED029,72
GR000740,PO000754,2026-01-06,ST011,MED003,24
GR000741,PO000147,2026-01-06,ST011,MED005,60
GR000742,PO000149,2026-01-06,ST011,MED007,24
GR000743,PO000758,2026-01-06,ST011,MED011,66
GR000744,PO000150,2026-01-06,ST011,MED012,60
GR000745,PO000760,2026-01-06,ST011,MED016,48
GR000746,PO000761,2026-01-06,ST011,MED018,48
GR000747,PO000763,2026-01-06,ST011,MED020,48
GR000748,PO000155,2026-01-06,ST011,MED023,60
GR000749,PO000766,2026-01-06,ST011,MED025,36
GR000750,PO000156,2026-01-06,ST011,MED026,72
GR000751,PO000767,2026-01-06,ST011,MED028,48
GR000752,PO000161,2026-01-06,ST012,MED003,24
GR000753,PO000773,2026-01-06,ST012,MED019,24
GR000754,PO000177,2026-01-06,ST012,MED025,36
GR000755,PO000182,2026-01-06,ST012,MED030,30
GR000756,PO000188,2026-01-06,ST013,MED006,60
GR000757,PO000203,2026-01-06,ST013,MED024,72
GR000758,PO000206,2026-01-06,ST013,MED027,72
GR000759,PO000207,2026-01-06,ST013,MED028,48
GR000760,PO000778,2026-01-06,ST013,MED030,30
GR000761,PO000800,2026-01-06,ST014,MED028,48
GR000762,PO001162,2026-01-06,ST014,MED030,36
GR000763,PO000213,2026-01-06,ST015,MED002,60
GR000764,PO000803,2026-01-06,ST015,MED005,72
GR000765,PO000806,2026-01-06,ST015,MED009,60
GR000766,PO000807,2026-01-06,ST015,MED010,24
GR000767,PO000217,2026-01-06,ST015,MED012,60
GR000768,PO000811,2026-01-06,ST015,MED015,72
GR000769,PO001163,2026-01-06,ST015,MED018,48
GR000770,PO000219,2026-01-06,ST015,MED019,24
GR000771,PO000813,2026-01-06,ST015,MED020,48
GR000772,PO000819,2026-01-06,ST015,MED027,72
GR000773,PO000821,2026-01-06,ST015,MED029,72
GR000774,PO000826,2026-01-06,ST016,MED006,72
GR000775,PO000827,2026-01-06,ST016,MED009,72
GR000776,PO000828,2026-01-06,ST016,MED011,66
GR000777,PO000833,2026-01-06,ST016,MED016,48
GR000778,PO000226,2026-01-06,ST016,MED018,48
GR000779,PO000835,2026-01-06,ST016,MED021,60
GR000780,PO000229,2026-01-06,ST016,MED023,60
GR000781,PO000230,2026-01-06,ST016,MED028,48
GR000782,PO000233,2026-01-06,ST017,MED002,60
GR000783,PO000236,2026-01-06,ST017,MED008,24
GR000784,PO000238,2026-01-06,ST017,MED012,60
GR000785,PO000242,2026-01-06,ST017,MED017,60
GR000786,PO000851,2026-01-06,ST017,MED024,72
GR000787,PO000244,2026-01-06,ST017,MED026,72
GR000788,PO000246,2026-01-06,ST018,MED001,72
GR000789,PO000248,2026-01-06,ST018,MED005,60
GR000790,PO000249,2026-01-06,ST018,MED007,24
GR000791,PO000858,2026-01-06,ST018,MED010,24
GR000792,PO000255,2026-01-06,ST018,MED017,72
GR000793,PO000256,2026-01-06,ST018,MED018,48
GR000794,PO000862,2026-01-06,ST018,MED019,24
GR000795,PO000863,2026-01-06,ST018,MED021,66
GR000796,PO000268,2026-01-06,ST019,MED003,24
GR000797,PO000271,2026-01-06,ST019,MED006,60
GR000798,PO000865,2026-01-06,ST019,MED013,48
GR000799,PO000866,2026-01-06,ST019,MED014,48
GR000800,PO000280,2026-01-06,ST019,MED017,60
GR000801,PO000284,2026-01-06,ST019,MED023,60
GR000802,PO000288,2026-01-06,ST019,MED027,72
GR000803,PO000290,2026-01-06,ST019,MED029,48
GR000804,PO000307,2026-01-06,ST020,MED017,72
GR000805,PO000309,2026-01-06,ST020,MED019,24
GR000806,PO000316,2026-01-06,ST020,MED026,72
GR000807,PO000876,2026-01-06,ST021,MED006,60
GR000808,PO000877,2026-01-06,ST021,MED007,24
GR000809,PO000887,2026-01-06,ST021,MED021,66
GR000810,PO000322,2026-01-06,ST021,MED022,36
GR000811,PO001168,2026-01-06,ST021,MED023,72
GR000812,PO000325,2026-01-06,ST022,MED005,60
GR000813,PO000896,2026-01-06,ST022,MED008,24
GR000814,PO000897,2026-01-06,ST022,MED009,60
GR000815,PO000904,2026-01-06,ST022,MED021,54
GR000816,PO000906,2026-01-06,ST022,MED024,72
GR000817,PO000908,2026-01-06,ST022,MED027,84
GR000818,PO000909,2026-01-06,ST022,MED028,48
GR000819,PO000331,2026-01-06,ST023,MED002,60
GR000820,PO000919,2026-01-06,ST023,MED011,60
GR000821,PO000335,2026-01-06,ST023,MED019,24
GR000822,PO000926,2026-01-06,ST023,MED021,54
GR000823,PO000929,2026-01-06,ST023,MED024,72
GR000824,PO000930,2026-01-06,ST023,MED025,36
GR000825,PO000338,2026-01-06,ST024,MED001,72
GR000826,PO000341,2026-01-06,ST024,MED006,60
GR000827,PO000344,2026-01-06,ST024,MED009,60
GR000828,PO000936,2026-01-06,ST024,MED011,72
GR000829,PO000346,2026-01-06,ST024,MED015,72
GR000830,PO000939,2026-01-06,ST024,MED018,48
GR000831,PO001175,2026-01-06,ST024,MED019,24
GR000832,PO000940,2026-01-06,ST024,MED020,48
GR000833,PO000941,2026-01-06,ST024,MED022,48
GR000834,PO000942,2026-01-06,ST024,MED023,72
GR000835,PO000944,2026-01-06,ST024,MED025,36
GR000836,PO000947,2026-01-06,ST025,MED001,72
GR000837,PO000354,2026-01-06,ST025,MED004,48
GR000838,PO001176,2026-01-06,ST025,MED008,24
GR000839,PO000952,2026-01-06,ST025,MED013,48
GR000840,PO000360,2026-01-06,ST025,MED017,72
GR000841,PO000955,2026-01-06,ST025,MED019,24
GR000842,PO000956,2026-01-06,ST025,MED020,48
GR000843,PO000962,2026-01-06,ST026,MED014,48
GR000844,PO000382,2026-01-06,ST026,MED018,48
GR000845,PO000964,2026-01-06,ST026,MED021,60
GR000846,PO000385,2026-01-06,ST026,MED022,48
GR000847,PO000965,2026-01-06,ST026,MED023,72
GR000848,PO000394,2026-01-06,ST027,MED003,24
GR000849,PO000395,2026-01-06,ST027,MED004,48
GR000850,PO000967,2026-01-06,ST027,MED005,72
GR000851,PO001203,2026-01-06,ST027,MED010,24
GR000852,PO000402,2026-01-06,ST027,MED012,60
GR000853,PO000405,2026-01-06,ST027,MED017,60
GR000854,PO000407,2026-01-06,ST027,MED019,24
GR000855,PO000409,2026-01-06,ST027,MED022,42
GR000856,PO000411,2026-01-06,ST027,MED024,72
GR000857,PO000973,2026-01-06,ST028,MED002,72
GR000858,PO000976,2026-01-06,ST028,MED006,60
GR000859,PO000977,2026-01-06,ST028,MED007,24
GR000860,PO000978,2026-01-06,ST028,MED009,60
GR000861,PO001179,2026-01-06,ST028,MED010,24
GR000862,PO000981,2026-01-06,ST028,MED015,72
GR000863,PO001180,2026-01-06,ST028,MED018,48
GR000864,PO001181,2026-01-06,ST028,MED030,36
GR000865,PO000993,2026-01-06,ST029,MED001,72
GR000866,PO000421,2026-01-06,ST029,MED002,60
GR000867,PO000994,2026-01-06,ST029,MED003,24
GR000868,PO000997,2026-01-06,ST029,MED006,60
GR000869,PO001000,2026-01-06,ST029,MED009,60
GR000870,PO001001,2026-01-06,ST029,MED011,66
GR000871,PO001002,2026-01-06,ST029,MED013,48
GR000872,PO000424,2026-01-06,ST029,MED015,72
GR000873,PO000426,2026-01-06,ST029,MED017,60
GR000874,PO001204,2026-01-06,ST029,MED019,24
GR000875,PO001011,2026-01-06,ST029,MED027,84
GR000876,PO001013,2026-01-06,ST029,MED029,72
GR000877,PO001018,2026-01-06,ST030,MED005,72
GR000878,PO001021,2026-01-06,ST030,MED008,24
GR000879,PO001031,2026-01-06,ST030,MED026,72
GR000880,PO000437,2026-01-06,ST030,MED029,72
GR000881,PO000438,2026-01-06,ST031,MED001,72
GR000882,PO000439,2026-01-06,ST031,MED002,60
GR000883,PO000440,2026-01-06,ST031,MED005,60
GR000884,PO001036,2026-01-06,ST031,MED009,72
GR000885,PO001037,2026-01-06,ST031,MED013,48
GR000886,PO001043,2026-01-06,ST031,MED023,72
GR000887,PO000457,2026-01-06,ST032,MED005,60
GR000888,PO001048,2026-01-06,ST032,MED006,60
GR000889,PO000461,2026-01-06,ST032,MED011,60
GR000890,PO001050,2026-01-06,ST032,MED016,48
GR000891,PO000471,2026-01-06,ST032,MED023,72
GR000892,PO000475,2026-01-06,ST032,MED029,48
GR000893,PO000476,2026-01-06,ST032,MED030,36
GR000894,PO000484,2026-01-06,ST033,MED009,60
GR000895,PO001054,2026-01-06,ST033,MED011,66
GR000896,PO000494,2026-01-06,ST033,MED024,72
GR000897,PO000495,2026-01-06,ST033,MED027,72
GR000898,PO000496,2026-01-06,ST033,MED028,48
GR000899,PO000499,2026-01-06,ST034,MED001,72
GR000900,PO000500,2026-01-06,ST034,MED002,72
GR000901,PO000504,2026-01-06,ST034,MED006,60
GR000902,PO000505,2026-01-06,ST034,MED009,60
GR000903,PO000507,2026-01-06,ST034,MED012,60
GR000904,PO000509,2026-01-06,ST034,MED014,48
GR000905,PO000511,2026-01-06,ST034,MED017,72
GR000906,PO000512,2026-01-06,ST034,MED018,48
GR000907,PO000514,2026-01-06,ST034,MED021,54
GR000908,PO000515,2026-01-06,ST034,MED022,42
GR000909,PO000516,2026-01-06,ST034,MED023,60
GR000910,PO000517,2026-01-06,ST034,MED024,72
GR000911,PO000518,2026-01-06,ST034,MED026,72
GR000912,PO001068,2026-01-06,ST035,MED004,48
GR000913,PO001071,2026-01-06,ST035,MED010,24
GR000914,PO000525,2026-01-06,ST035,MED011,60
GR000915,PO001074,2026-01-06,ST035,MED015,72
GR000916,PO000529,2026-01-06,ST035,MED025,36
GR000917,PO001084,2026-01-06,ST035,MED029,72
GR000918,PO001087,2026-01-06,ST036,MED005,60
GR000919,PO001089,2026-01-06,ST036,MED007,24
GR000920,PO001090,2026-01-06,ST036,MED009,72
GR000921,PO001091,2026-01-06,ST036,MED011,66
GR000922,PO000535,2026-01-06,ST036,MED012,60
GR000923,PO001092,2026-01-06,ST036,MED014,48
GR000924,PO001189,2026-01-06,ST036,MED019,24
GR000925,PO001098,2026-01-06,ST036,MED022,42
GR000926,PO001101,2026-01-06,ST036,MED025,48
GR000927,PO001108,2026-01-06,ST037,MED014,48
GR000928,PO001111,2026-01-06,ST037,MED018,48
GR000929,PO000554,2026-01-06,ST037,MED024,72
GR000930,PO001113,2026-01-06,ST037,MED025,36
GR000931,PO000558,2026-01-06,ST037,MED029,48
GR000932,PO000560,2026-01-06,ST038,MED002,60
GR000933,PO001115,2026-01-06,ST038,MED003,24
GR000934,PO001116,2026-01-06,ST038,MED004,48
GR000935,PO001191,2026-01-06,ST038,MED007,24
GR000936,PO000563,2026-01-06,ST038,MED012,60
GR000937,PO001122,2026-01-06,ST038,MED015,96
GR000938,PO001126,2026-01-06,ST038,MED030,30
GR000939,PO000578,2026-01-06,ST039,MED006,60
GR000940,PO000588,2026-01-06,ST039,MED020,48
GR000941,PO000590,2026-01-06,ST039,MED027,72
GR000942,PO000593,2026-01-06,ST039,MED030,30
GR000943,PO000594,2026-01-06,ST040,MED002,60
GR000944,PO000595,2026-01-06,ST040,MED003,24
GR000945,PO001139,2026-01-06,ST040,MED005,72
GR000946,PO000597,2026-01-06,ST040,MED006,60
GR000947,PO000599,2026-01-06,ST040,MED008,24
GR000948,PO001140,2026-01-06,ST040,MED010,36
GR000949,PO000601,2026-01-06,ST040,MED011,60
GR000950,PO000604,2026-01-06,ST040,MED014,48
GR000951,PO000606,2026-01-06,ST040,MED016,48
GR000952,PO001193,2026-01-06,ST040,MED019,24
GR000953,PO000609,2026-01-06,ST040,MED020,48
GR000954,PO000610,2026-01-06,ST040,MED022,42
GR000955,PO000611,2026-01-06,ST040,MED023,72
GR000956,PO001195,2026-01-07,ST001,MED030,30
GR000957,PO000635,2026-01-07,ST002,MED005,72
GR000958,PO001147,2026-01-07,ST002,MED010,24
GR000959,PO000018,2026-01-07,ST002,MED014,48
GR000960,PO000021,2026-01-07,ST002,MED020,48
GR000961,PO000640,2026-01-07,ST002,MED023,72
GR000962,PO000644,2026-01-07,ST003,MED001,72
GR000963,PO000645,2026-01-07,ST003,MED003,24
GR000964,PO000647,2026-01-07,ST003,MED006,72
GR000965,PO000652,2026-01-07,ST003,MED015,72
GR000966,PO000653,2026-01-07,ST003,MED016,48
GR000967,PO000659,2026-01-07,ST003,MED024,72
GR000968,PO000035,2026-01-07,ST003,MED026,72
GR000969,PO000662,2026-01-07,ST003,MED029,72
GR000970,PO000663,2026-01-07,ST003,MED030,30
GR000971,PO001212,2026-01-07,ST004,MED002,60
GR000972,PO000665,2026-01-07,ST004,MED005,72
GR000973,PO000666,2026-01-07,ST004,MED009,72
GR000974,PO000677,2026-01-07,ST005,MED008,24
GR000975,PO001196,2026-01-07,ST006,MED017,60
GR000976,PO000687,2026-01-07,ST007,MED006,60
GR000977,PO000107,2026-01-07,ST007,MED009,60
GR000978,PO000690,2026-01-07,ST007,MED011,66
GR000979,PO000692,2026-01-07,ST007,MED016,48
GR000980,PO000694,2026-01-07,ST007,MED021,54
GR000981,PO000695,2026-01-07,ST007,MED022,48
GR000982,PO000113,2026-01-07,ST007,MED025,36
GR000983,PO000698,2026-01-07,ST007,MED028,48
GR000984,PO001157,2026-01-07,ST008,MED013,48
GR000985,PO000119,2026-01-07,ST008,MED020,48
GR000986,PO000715,2026-01-07,ST008,MED024,72
GR000987,PO000725,2026-01-07,ST009,MED011,66
GR000988,PO000728,2026-01-07,ST009,MED018,48
GR000989,PO000736,2026-01-07,ST009,MED029,72
GR000990,PO000737,2026-01-07,ST009,MED030,30
GR000991,PO001223,2026-01-07,ST010,MED002,72
GR000992,PO000741,2026-01-07,ST010,MED007,24
GR000993,PO000746,2026-01-07,ST010,MED018,48
GR000994,PO001160,2026-01-07,ST010,MED019,24
GR000995,PO000141,2026-01-07,ST010,MED021,54
GR000996,PO000748,2026-01-07,ST010,MED024,72
GR000997,PO000753,2026-01-07,ST010,MED030,36
GR000998,PO000756,2026-01-07,ST011,MED009,72
GR000999,PO001226,2026-01-07,ST011,MED017,72
GR001000,PO000762,2026-01-07,ST011,MED019,24
GR001001,PO000158,2026-01-07,ST011,MED030,30
GR001002,PO001198,2026-01-07,ST012,MED002,60
GR001003,PO001227,2026-01-07,ST012,MED007,24
GR001004,PO000774,2026-01-07,ST012,MED021,60
GR001005,PO000775,2026-01-07,ST013,MED007,24
GR001006,PO000776,2026-01-07,ST013,MED010,24
GR001007,PO000194,2026-01-07,ST013,MED014,48
GR001008,PO000195,2026-01-07,ST013,MED015,96
GR001009,PO000777,2026-01-07,ST013,MED018,48
GR001010,PO001234,2026-01-07,ST013,MED023,72
GR001011,PO000779,2026-01-07,ST014,MED001,72
GR001012,PO000780,2026-01-07,ST014,MED002,66
GR001013,PO000781,2026-01-07,ST014,MED004,48
GR001014,PO000785,2026-01-07,ST014,MED009,60
GR001015,PO001161,2026-01-07,ST014,MED010,24
GR001016,PO000789,2026-01-07,ST014,MED017,60
GR001017,PO000790,2026-01-07,ST014,MED018,48
GR001018,PO000793,2026-01-07,ST014,MED021,60
GR001019,PO000795,2026-01-07,ST014,MED023,60
GR001020,PO000797,2026-01-07,ST014,MED025,36
GR001021,PO000801,2026-01-07,ST014,MED029,48
GR001022,PO000805,2026-01-07,ST015,MED008,24
GR001023,PO001235,2026-01-07,ST015,MED017,60
GR001024,PO000815,2026-01-07,ST015,MED022,42
GR001025,PO001164,2026-01-07,ST015,MED025,36
GR001026,PO000832,2026-01-07,ST016,MED015,72
GR001027,PO001236,2026-01-07,ST016,MED022,42
GR001028,PO000836,2026-01-07,ST016,MED024,72
GR001029,PO000837,2026-01-07,ST016,MED025,36
GR001030,PO000841,2026-01-07,ST017,MED005,72
GR001031,PO000848,2026-01-07,ST017,MED020,48
GR001032,PO001239,2026-01-07,ST017,MED022,42
GR001033,PO000850,2026-01-07,ST017,MED023,72
GR001034,PO000857,2026-01-07,ST018,MED006,60
GR001035,PO000859,2026-01-07,ST018,MED011,72
GR001036,PO000254,2026-01-07,ST018,MED015,72
GR001037,PO001243,2026-01-07,ST018,MED022,42
GR001038,PO000864,2026-01-07,ST018,MED029,72
GR001039,PO001247,2026-01-07,ST020,MED005,72
GR001040,PO001201,2026-01-07,ST020,MED011,60
GR001041,PO000872,2026-01-07,ST021,MED002,72
GR001042,PO000873,2026-01-07,ST021,MED003,24
GR001043,PO000875,2026-01-07,ST021,MED005,60
GR001044,PO000881,2026-01-07,ST021,MED011,60
GR001045,PO001166,2026-01-07,ST021,MED013,48
GR001046,PO000883,2026-01-07,ST021,MED015,72
GR001047,PO000891,2026-01-07,ST021,MED029,72
GR001048,PO000892,2026-01-07,ST022,MED001,72
GR001049,PO000898,2026-01-07,ST022,MED010,24
GR001050,PO001171,2026-01-07,ST022,MED016,48
GR001051,PO000903,2026-01-07,ST022,MED020,48
GR001052,PO000912,2026-01-07,ST023,MED003,24
GR001053,PO000915,2026-01-07,ST023,MED006,60
GR001054,PO000924,2026-01-07,ST023,MED018,48
GR001055,PO000928,2026-01-07,ST023,MED023,72
GR001056,PO000943,2026-01-07,ST024,MED024,72
GR001057,PO000350,2026-01-07,ST024,MED026,72
GR001058,PO000945,2026-01-07,ST024,MED029,72
GR001059,PO000946,2026-01-07,ST024,MED030,36
GR001060,PO000950,2026-01-07,ST025,MED011,72
GR001061,PO000953,2026-01-07,ST025,MED014,48
GR001062,PO001257,2026-01-07,ST025,MED022,42
GR001063,PO000369,2026-01-07,ST025,MED029,48
GR001064,PO000960,2026-01-07,ST026,MED004,60
GR001065,PO001262,2026-01-07,ST026,MED029,48
GR001066,PO000975,2026-01-07,ST028,MED005,60
GR001067,PO001178,2026-01-07,ST028,MED008,24
GR001068,PO000979,2026-01-07,ST028,MED011,60
GR001069,PO000980,2026-01-07,ST028,MED013,48
GR001070,PO000982,2026-01-07,ST028,MED016,48
GR001071,PO000985,2026-01-07,ST028,MED020,48
GR001072,PO000988,2026-01-07,ST028,MED025,36
GR001073,PO000990,2026-01-07,ST028,MED027,84
GR001074,PO000995,2026-01-07,ST029,MED004,48
GR001075,PO000999,2026-01-07,ST029,MED008,24
GR001076,PO001004,2026-01-07,ST029,MED018,48
GR001077,PO001010,2026-01-07,ST029,MED026,72
GR001078,PO001014,2026-01-07,ST029,MED030,30
GR001079,PO001020,2026-01-07,ST030,MED007,24
GR001080,PO000431,2026-01-07,ST030,MED016,48
GR001081,PO001026,2026-01-07,ST030,MED018,48
GR001082,PO001029,2026-01-07,ST030,MED023,60
GR001083,PO001183,2026-01-07,ST031,MED003,24
GR001084,PO001038,2026-01-07,ST031,MED014,48
GR001085,PO001044,2026-01-07,ST031,MED026,72
GR001086,PO001046,2026-01-07,ST032,MED001,72
GR001087,PO001047,2026-01-07,ST032,MED003,24
GR001088,PO001206,2026-01-07,ST032,MED022,36
GR001089,PO001053,2026-01-07,ST033,MED010,24
GR001090,PO001272,2026-01-07,ST033,MED012,60
GR001091,PO001273,2026-01-07,ST033,MED017,72
GR001092,PO001207,2026-01-07,ST033,MED022,36
GR001093,PO001059,2026-01-07,ST033,MED026,72
GR001094,PO001060,2026-01-07,ST034,MED007,24
GR001095,PO001061,2026-01-07,ST034,MED008,24
GR001096,PO001062,2026-01-07,ST034,MED010,36
GR001097,PO001275,2026-01-07,ST034,MED015,72
GR001098,PO001063,2026-01-07,ST034,MED016,48
GR001099,PO001064,2026-01-07,ST034,MED019,24
GR001100,PO001065,2026-01-07,ST034,MED025,48
GR001101,PO001276,2026-01-07,ST034,MED030,36
GR001102,PO001066,2026-01-07,ST035,MED001,72
GR001103,PO001067,2026-01-07,ST035,MED002,72
GR001104,PO001186,2026-01-07,ST035,MED003,24
GR001105,PO001070,2026-01-07,ST035,MED009,60
GR001106,PO001072,2026-01-07,ST035,MED012,60
GR001107,PO001076,2026-01-07,ST035,MED018,48
GR001108,PO001077,2026-01-07,ST035,MED020,48
GR001109,PO001078,2026-01-07,ST035,MED021,54
GR001110,PO001079,2026-01-07,ST035,MED022,48
GR001111,PO001081,2026-01-07,ST035,MED024,72
GR001112,PO001096,2026-01-07,ST036,MED020,48
GR001113,PO001103,2026-01-07,ST036,MED028,48
GR001114,PO001107,2026-01-07,ST037,MED011,66
GR001115,PO001110,2026-01-07,ST037,MED017,72
GR001116,PO000553,2026-01-07,ST037,MED022,42
GR001117,PO001119,2026-01-07,ST038,MED008,24
GR001118,PO001124,2026-01-07,ST038,MED023,72
GR001119,PO000571,2026-01-07,ST038,MED025,36
GR001120,PO000573,2026-01-07,ST038,MED027,72
GR001121,PO001127,2026-01-07,ST039,MED001,72
GR001122,PO000580,2026-01-07,ST039,MED008,24
GR001123,PO001130,2026-01-07,ST039,MED010,36
GR001124,PO001131,2026-01-07,ST039,MED011,66
GR001125,PO001132,2026-01-07,ST039,MED015,96
GR001126,PO001135,2026-01-07,ST039,MED024,72
GR001127,PO001137,2026-01-07,ST039,MED026,72
GR001128,PO001141,2026-01-07,ST040,MED021,66
GR001129,PO001143,2026-01-07,ST040,MED026,72
GR001130,PO001146,2026-01-08,ST001,MED016,48
GR001131,PO001148,2026-01-08,ST002,MED018,48
GR001132,PO001210,2026-01-08,ST003,MED002,60
GR001133,PO000649,2026-01-08,ST003,MED008,24
GR001134,PO001213,2026-01-08,ST004,MED008,24
GR001135,PO000671,2026-01-08,ST004,MED020,48
GR001136,PO001215,2026-01-08,ST004,MED022,42
GR001137,PO001293,2026-01-08,ST005,MED015,72
GR001138,PO001218,2026-01-08,ST005,MED022,42
GR001139,PO001219,2026-01-08,ST005,MED027,72
GR001140,PO001297,2026-01-08,ST005,MED030,36
GR001141,PO001298,2026-01-08,ST006,MED004,48
GR001142,PO001301,2026-01-08,ST006,MED007,24
GR001143,PO001220,2026-01-08,ST006,MED020,48
GR001144,PO000110,2026-01-08,ST007,MED017,60
GR001145,PO001153,2026-01-08,ST007,MED023,72
GR001146,PO001154,2026-01-08,ST007,MED030,30
GR001147,PO000719,2026-01-08,ST008,MED029,72
GR001148,PO001158,2026-01-08,ST008,MED030,30
GR001149,PO001308,2026-01-08,ST009,MED002,66
GR001150,PO001310,2026-01-08,ST009,MED017,72
GR001151,PO000130,2026-01-08,ST009,MED022,42
GR001152,PO000734,2026-01-08,ST009,MED026,72
GR001153,PO001197,2026-01-08,ST010,MED003,24
GR001154,PO000138,2026-01-08,ST010,MED014,48
GR001155,PO000745,2026-01-08,ST010,MED016,48
GR001156,PO001224,2026-01-08,ST010,MED023,60
GR001157,PO001315,2026-01-08,ST010,MED027,72
GR001158,PO001316,2026-01-08,ST011,MED004,48
GR001159,PO000157,2026-01-08,ST011,MED027,72
GR001160,PO001322,2026-01-08,ST012,MED004,48
GR001161,PO000163,2026-01-08,ST012,MED005,72
GR001162,PO000771,2026-01-08,ST012,MED009,60
GR001163,PO001324,2026-01-08,ST012,MED011,66
GR001164,PO001230,2026-01-08,ST012,MED027,72
GR001165,PO001330,2026-01-08,ST013,MED001,72
GR001166,PO001331,2026-01-08,ST013,MED002,78
GR001167,PO001231,2026-01-08,ST013,MED005,60
GR001168,PO001233,2026-01-08,ST013,MED017,60
GR001169,PO001339,2026-01-08,ST013,MED026,72
GR001170,PO000783,2026-01-08,ST014,MED006,60
GR001171,PO001199,2026-01-08,ST014,MED014,48
GR001172,PO000810,2026-01-08,ST015,MED014,48
GR001173,PO000830,2026-01-08,ST016,MED013,48
GR001174,PO000842,2026-01-08,ST017,MED006,60
GR001175,PO000843,2026-01-08,ST017,MED007,24
GR001176,PO000846,2026-01-08,ST017,MED016,48
GR001177,PO001347,2026-01-08,ST017,MED017,60
GR001178,PO001238,2026-01-08,ST017,MED019,24
GR001179,PO001165,2026-01-08,ST017,MED030,30
GR001180,PO000250,2026-01-08,ST018,MED008,24
GR001181,PO000861,2026-01-08,ST018,MED016,48
GR001182,PO001242,2026-01-08,ST018,MED020,48
GR001183,PO001350,2026-01-08,ST018,MED024,72
GR001184,PO001244,2026-01-08,ST019,MED002,60
GR001185,PO001352,2026-01-08,ST019,MED004,48
GR001186,PO001245,2026-01-08,ST019,MED005,60
GR001187,PO001356,2026-01-08,ST019,MED012,72
GR001188,PO001358,2026-01-08,ST019,MED016,48
GR001189,PO001359,2026-01-08,ST019,MED017,60
GR001190,PO001361,2026-01-08,ST019,MED026,72
GR001191,PO001362,2026-01-08,ST020,MED001,72
GR001192,PO001364,2026-01-08,ST020,MED006,60
GR001193,PO001366,2026-01-08,ST020,MED009,60
GR001194,PO001248,2026-01-08,ST020,MED010,24
GR001195,PO001249,2026-01-08,ST020,MED012,72
GR001196,PO001367,2026-01-08,ST020,MED013,48
GR001197,PO000311,2026-01-08,ST020,MED021,54
GR001198,PO001251,2026-01-08,ST020,MED022,48
GR001199,PO000313,2026-01-08,ST020,MED023,60
GR001200,PO000871,2026-01-08,ST021,MED001,72
GR001201,PO000874,2026-01-08,ST021,MED004,48
GR001202,PO000878,2026-01-08,ST021,MED008,24
GR001203,PO001370,2026-01-08,ST021,MED017,60
GR001204,PO000886,2026-01-08,ST021,MED020,48
GR001205,PO001169,2026-01-08,ST021,MED030,30
GR001206,PO001170,2026-01-08,ST022,MED007,24
GR001207,PO000902,2026-01-08,ST022,MED015,96
GR001208,PO000910,2026-01-08,ST022,MED029,72
GR001209,PO001202,2026-01-08,ST022,MED030,30
GR001210,PO000911,2026-01-08,ST023,MED001,72
GR001211,PO000913,2026-01-08,ST023,MED004,60
GR001212,PO000917,2026-01-08,ST023,MED008,24
GR001213,PO001373,2026-01-08,ST023,MED010,24
GR001214,PO001375,2026-01-08,ST023,MED017,72
GR001215,PO001174,2026-01-08,ST023,MED030,30
GR001216,PO001254,2026-01-08,ST024,MED002,66
GR001217,PO000934,2026-01-08,ST024,MED005,72
GR001218,PO000348,2026-01-08,ST024,MED017,60
GR001219,PO001255,2026-01-08,ST024,MED027,72
GR001220,PO001384,2026-01-08,ST026,MED005,72
GR001221,PO000961,2026-01-08,ST026,MED010,24
GR001222,PO001390,2026-01-08,ST026,MED024,72
GR001223,PO001263,2026-01-08,ST027,MED002,72
GR001224,PO001401,2026-01-08,ST027,MED020,48
GR001225,PO001264,2026-01-08,ST027,MED025,48
GR001226,PO001403,2026-01-08,ST027,MED026,72
GR001227,PO001265,2026-01-08,ST027,MED027,84
GR001228,PO001407,2026-01-08,ST029,MED022,42
GR001229,PO001182,2026-01-08,ST029,MED025,36
GR001230,PO001016,2026-01-08,ST030,MED002,72
GR001231,PO001410,2026-01-08,ST030,MED022,48
GR001232,PO001032,2026-01-08,ST030,MED028,48
GR001233,PO001267,2026-01-08,ST031,MED021,54
GR001234,PO001042,2026-01-08,ST031,MED022,48
GR001235,PO001045,2026-01-08,ST031,MED028,48
GR001236,PO001268,2026-01-08,ST032,MED007,24
GR001237,PO001420,2026-01-08,ST032,MED009,60
GR001238,PO001205,2026-01-08,ST032,MED017,60
GR001239,PO001184,2026-01-08,ST032,MED019,24
GR001240,PO001051,2026-01-08,ST032,MED025,48
GR001241,PO000478,2026-01-08,ST033,MED002,66
GR001242,PO001270,2026-01-08,ST033,MED004,60
GR001243,PO000481,2026-01-08,ST033,MED005,60
GR001244,PO001425,2026-01-08,ST033,MED006,60
GR001245,PO001431,2026-01-08,ST033,MED030,30
GR001246,PO000501,2026-01-08,ST034,MED003,24
GR001247,PO001274,2026-01-08,ST034,MED005,60
GR001248,PO000521,2026-01-08,ST034,MED029,48
GR001249,PO001188,2026-01-08,ST036,MED010,24
GR001250,PO001093,2026-01-08,ST036,MED015,72
GR001251,PO001094,2026-01-08,ST036,MED016,48
GR001252,PO001190,2026-01-08,ST036,MED030,36
GR001253,PO000542,2026-01-08,ST037,MED005,60
GR001254,PO000548,2026-01-08,ST037,MED013,36
GR001255,PO001441,2026-01-08,ST037,MED019,24
GR001256,PO000572,2026-01-08,ST038,MED026,72
GR001257,PO000576,2026-01-08,ST039,MED002,66
GR001258,PO000581,2026-01-08,ST039,MED012,60
GR001259,PO000603,2026-01-08,ST040,MED013,48
GR001260,PO001282,2026-01-09,ST002,MED002,72
GR001261,PO001469,2026-01-09,ST002,MED012,72
GR001262,PO001472,2026-01-09,ST002,MED027,72
GR001263,PO001473,2026-01-09,ST003,MED007,24
GR001264,PO000654,2026-01-09,ST003,MED018,48
GR001265,PO001476,2026-01-09,ST003,MED020,48
GR001266,PO001486,2026-01-09,ST005,MED004,48
GR001267,PO001487,2026-01-09,ST005,MED006,60
GR001268,PO001488,2026-01-09,ST005,MED007,24
GR001269,PO001217,2026-01-09,ST005,MED017,72
GR001270,PO001294,2026-01-09,ST005,MED020,48
GR001271,PO001494,2026-01-09,ST005,MED024,72
GR001272,PO001498,2026-01-09,ST006,MED001,72
GR001273,PO000080,2026-01-09,ST006,MED002,66
GR001274,PO001502,2026-01-09,ST006,MED012,72
GR001275,PO000091,2026-01-09,ST006,MED014,48
GR001276,PO001302,2026-01-09,ST006,MED015,72
GR001277,PO001303,2026-01-09,ST006,MED018,48
GR001278,PO001304,2026-01-09,ST006,MED024,72
GR001279,PO001505,2026-01-09,ST006,MED028,48
GR001280,PO001506,2026-01-09,ST006,MED029,72
GR001281,PO000697,2026-01-09,ST007,MED027,72
GR001282,PO001307,2026-01-09,ST008,MED007,24
GR001283,PO000709,2026-01-09,ST008,MED016,48
GR001284,PO001511,2026-01-09,ST008,MED022,42
GR001285,PO001514,2026-01-09,ST009,MED004,48
GR001286,PO001515,2026-01-09,ST009,MED013,36
GR001287,PO001516,2026-01-09,ST009,MED019,24
GR001288,PO001517,2026-01-09,ST009,MED021,60
GR001289,PO001314,2026-01-09,ST010,MED017,72
GR001290,PO001522,2026-01-09,ST010,MED022,42
GR001291,PO001320,2026-01-09,ST011,MED022,36
GR001292,PO001529,2026-01-09,ST011,MED024,72
GR001293,PO001533,2026-01-09,ST012,MED016,48
GR001294,PO000171,2026-01-09,ST012,MED017,72
GR001295,PO001228,2026-01-09,ST012,MED022,42
GR001296,PO001536,2026-01-09,ST012,MED030,30
GR001297,PO001332,2026-01-09,ST013,MED004,60
GR001298,PO001232,2026-01-09,ST013,MED011,66
GR001299,PO001335,2026-01-09,ST013,MED020,48
GR001300,PO001544,2026-01-09,ST013,MED027,84
GR001301,PO001548,2026-01-09,ST015,MED002,66
GR001302,PO001341,2026-01-09,ST016,MED002,66
GR001303,PO001554,2026-01-09,ST017,MED002,78
GR001304,PO001555,2026-01-09,ST017,MED004,48
GR001305,PO001237,2026-01-09,ST017,MED013,48
GR001306,PO001558,2026-01-09,ST017,MED025,36
GR001307,PO001564,2026-01-09,ST018,MED013,48
GR001308,PO001353,2026-01-09,ST019,MED007,24
GR001309,PO001354,2026-01-09,ST019,MED009,60
GR001310,PO001355,2026-01-09,ST019,MED011,66
GR001311,PO001357,2026-01-09,ST019,MED015,72
GR001312,PO000867,2026-01-09,ST019,MED019,24
GR001313,PO001200,2026-01-09,ST019,MED022,42
GR001314,PO001573,2026-01-09,ST019,MED023,60
GR001315,PO001246,2026-01-09,ST019,MED025,36
GR001316,PO001576,2026-01-09,ST019,MED030,36
GR001317,PO001365,2026-01-09,ST020,MED007,24
GR001318,PO001580,2026-01-09,ST020,MED018,48
GR001319,PO001252,2026-01-09,ST020,MED024,72
GR001320,PO001582,2026-01-09,ST020,MED025,36
GR001321,PO001583,2026-01-09,ST020,MED026,72
GR001322,PO001253,2026-01-09,ST020,MED027,84
GR001323,PO000879,2026-01-09,ST021,MED009,60
GR001324,PO001167,2026-01-09,ST021,MED014,48
GR001325,PO001371,2026-01-09,ST021,MED019,24
GR001326,PO000907,2026-01-09,ST022,MED026,72
GR001327,PO001374,2026-01-09,ST023,MED012,60
GR001328,PO001594,2026-01-09,ST023,MED016,48
GR001329,PO001376,2026-01-09,ST023,MED027,72
GR001330,PO001597,2026-01-09,ST024,MED003,24
GR001331,PO000349,2026-01-09,ST024,MED021,54
GR001332,PO001603,2026-01-09,ST025,MED006,60
GR001333,PO001606,2026-01-09,ST025,MED012,60
GR001334,PO001608,2026-01-09,ST025,MED017,60
GR001335,PO001259,2026-01-09,ST026,MED002,60
GR001336,PO001612,2026-01-09,ST026,MED006,60
GR001337,PO001385,2026-01-09,ST026,MED007,24
GR001338,PO001386,2026-01-09,ST026,MED009,60
GR001339,PO001260,2026-01-09,ST026,MED012,72
GR001340,PO000381,2026-01-09,ST026,MED017,60
GR001341,PO001396,2026-01-09,ST027,MED009,72
GR001342,PO000970,2026-01-09,ST027,MED021,60
GR001343,PO001406,2026-01-09,ST028,MED022,42
GR001344,PO001631,2026-01-09,ST029,MED024,72
GR001345,PO001411,2026-01-09,ST030,MED027,72
GR001346,PO001034,2026-01-09,ST031,MED004,48
GR001347,PO001266,2026-01-09,ST031,MED017,72
GR001348,PO001642,2026-01-09,ST031,MED019,24
GR001349,PO001415,2026-01-09,ST031,MED024,72
GR001350,PO001418,2026-01-09,ST032,MED002,72
GR001351,PO000456,2026-01-09,ST032,MED004,48
GR001352,PO001419,2026-01-09,ST032,MED008,24
GR001353,PO001645,2026-01-09,ST032,MED011,66
GR001354,PO000473,2026-01-09,ST032,MED026,72
GR001355,PO001271,2026-01-09,ST033,MED007,24
GR001356,PO001652,2026-01-09,ST033,MED009,60
GR001357,PO001427,2026-01-09,ST033,MED016,48
GR001358,PO001653,2026-01-09,ST033,MED018,48
GR001359,PO001654,2026-01-09,ST033,MED024,72
GR001360,PO001659,2026-01-09,ST034,MED009,60
GR001361,PO001660,2026-01-09,ST034,MED012,60
GR001362,PO001664,2026-01-09,ST034,MED024,72
GR001363,PO001208,2026-01-09,ST034,MED027,72
GR001364,PO000520,2026-01-09,ST034,MED028,48
GR001365,PO001097,2026-01-09,ST036,MED021,60
GR001366,PO001102,2026-01-09,ST036,MED026,72
GR001367,PO001438,2026-01-09,ST037,MED002,60
GR001368,PO001670,2026-01-09,ST037,MED006,60
GR001369,PO001672,2026-01-09,ST037,MED016,48
GR001370,PO001442,2026-01-09,ST037,MED021,54
GR001371,PO001443,2026-01-09,ST037,MED027,72
GR001372,PO001677,2026-01-09,ST038,MED002,72
GR001373,PO001444,2026-01-09,ST038,MED009,72
GR001374,PO001445,2026-01-09,ST038,MED010,24
GR001375,PO001680,2026-01-09,ST038,MED011,60
GR001376,PO001209,2026-01-09,ST038,MED017,60
GR001377,PO001683,2026-01-09,ST038,MED020,48
GR001378,PO001446,2026-01-09,ST038,MED021,60
GR001379,PO001277,2026-01-09,ST038,MED022,36
GR001380,PO001687,2026-01-09,ST039,MED009,60
GR001381,PO001278,2026-01-09,ST039,MED017,72
GR001382,PO001688,2026-01-09,ST039,MED021,54
GR001383,PO001450,2026-01-09,ST039,MED022,48
GR001384,PO001451,2026-01-09,ST039,MED025,36
GR001385,PO001690,2026-01-09,ST039,MED030,30
GR001386,PO001455,2026-01-09,ST040,MED009,60
GR001387,PO001693,2026-01-09,ST040,MED011,60
GR001388,PO001457,2026-01-09,ST040,MED017,72
GR001389,PO000614,2026-01-09,ST040,MED029,48
GR001390,PO001460,2026-01-09,ST040,MED030,30
GR001391,PO001695,2026-01-10,ST001,MED004,48
GR001392,PO001467,2026-01-10,ST002,MED009,60
GR001393,PO001284,2026-01-10,ST002,MED017,60
GR001394,PO001286,2026-01-10,ST003,MED004,48
GR001395,PO001705,2026-01-10,ST003,MED010,24
GR001396,PO001211,2026-01-10,ST003,MED012,60
GR001397,PO001287,2026-01-10,ST003,MED027,72
GR001398,PO001478,2026-01-10,ST004,MED007,24
GR001399,PO001479,2026-01-10,ST004,MED011,66
GR001400,PO001214,2026-01-10,ST004,MED012,60
GR001401,PO001216,2026-01-10,ST004,MED025,36
GR001402,PO001290,2026-01-10,ST004,MED027,84
GR001403,PO001291,2026-01-10,ST005,MED001,72
GR001404,PO001719,2026-01-10,ST005,MED003,24
GR001405,PO001491,2026-01-10,ST005,MED011,72
GR001406,PO000680,2026-01-10,ST005,MED016,48
GR001407,PO001493,2026-01-10,ST005,MED021,60
GR001408,PO001296,2026-01-10,ST005,MED025,36
GR001409,PO001495,2026-01-10,ST005,MED026,72
GR001410,PO001497,2026-01-10,ST005,MED029,72
GR001411,PO001299,2026-01-10,ST006,MED005,72
GR001412,PO001724,2026-01-10,ST006,MED013,48
GR001413,PO001221,2026-01-10,ST006,MED021,54
GR001414,PO001222,2026-01-10,ST006,MED022,48
GR001415,PO000685,2026-01-10,ST007,MED001,72
GR001416,PO001508,2026-01-10,ST007,MED002,60
GR001417,PO001151,2026-01-10,ST007,MED008,24
GR001418,PO001729,2026-01-10,ST007,MED022,42
GR001419,PO001510,2026-01-10,ST008,MED012,60
GR001420,PO001734,2026-01-10,ST009,MED003,24
GR001421,PO001735,2026-01-10,ST009,MED006,60
GR001422,PO001312,2026-01-10,ST010,MED006,60
GR001423,PO001519,2026-01-10,ST010,MED009,60
GR001424,PO001521,2026-01-10,ST010,MED011,66
GR001425,PO001748,2026-01-10,ST010,MED026,72
GR001426,PO001225,2026-01-10,ST011,MED002,66
GR001427,PO001318,2026-01-10,ST011,MED011,60
GR001428,PO001526,2026-01-10,ST011,MED012,60
GR001429,PO001751,2026-01-10,ST012,MED002,66
GR001430,PO001323,2026-01-10,ST012,MED010,24
GR001431,PO001326,2026-01-10,ST012,MED015,72
GR001432,PO001754,2026-01-10,ST012,MED018,48
GR001433,PO001229,2026-01-10,ST012,MED023,60
GR001434,PO001535,2026-01-10,ST012,MED028,48
GR001435,PO001540,2026-01-10,ST013,MED013,48
GR001436,PO001336,2026-01-10,ST013,MED021,60
GR001437,PO001340,2026-01-10,ST013,MED029,72
GR001438,PO000784,2026-01-10,ST014,MED008,24
GR001439,PO000788,2026-01-10,ST014,MED016,48
GR001440,PO001549,2026-01-10,ST015,MED006,60
GR001441,PO001342,2026-01-10,ST016,MED012,72
GR001442,PO001553,2026-01-10,ST016,MED027,72
GR001443,PO001776,2026-01-10,ST017,MED001,72
GR001444,PO001345,2026-01-10,ST017,MED003,24
GR001445,PO001557,2026-01-10,ST017,MED012,60
GR001446,PO001346,2026-01-10,ST017,MED015,72
GR001447,PO001240,2026-01-10,ST018,MED002,72
GR001448,PO001559,2026-01-10,ST018,MED003,24
GR001449,PO001562,2026-01-10,ST018,MED009,60
GR001450,PO001241,2026-01-10,ST018,MED012,60
GR001451,PO001784,2026-01-10,ST018,MED015,72
GR001452,PO001565,2026-01-10,ST018,MED017,60
GR001453,PO001570,2026-01-10,ST019,MED006,60
GR001454,PO001571,2026-01-10,ST019,MED018,48
GR001455,PO001790,2026-01-10,ST019,MED020,48
GR001456,PO001572,2026-01-10,ST019,MED021,66
GR001457,PO001360,2026-01-10,ST019,MED024,72
GR001458,PO001363,2026-01-10,ST020,MED002,72
GR001459,PO001368,2026-01-10,ST020,MED016,48
GR001460,PO001579,2026-01-10,ST020,MED017,72
GR001461,PO001587,2026-01-10,ST022,MED002,60
GR001462,PO001795,2026-01-10,ST022,MED004,48
GR001463,PO001589,2026-01-10,ST022,MED021,54
GR001464,PO001799,2026-01-10,ST022,MED024,72
GR001465,PO001800,2026-01-10,ST023,MED005,72
GR001466,PO001596,2026-01-10,ST023,MED029,72
GR001467,PO001804,2026-01-10,ST024,MED001,72
GR001468,PO001808,2026-01-10,ST024,MED009,72
GR001469,PO001812,2026-01-10,ST024,MED016,48
GR001470,PO001813,2026-01-10,ST024,MED020,48
GR001471,PO001815,2026-01-10,ST024,MED023,72
GR001472,PO001816,2026-01-10,ST025,MED004,60
GR001473,PO001383,2026-01-10,ST025,MED025,48
GR001474,PO001610,2026-01-10,ST025,MED026,72
GR001475,PO001258,2026-01-10,ST025,MED027,72
GR001476,PO001387,2026-01-10,ST026,MED011,66
GR001477,PO001617,2026-01-10,ST026,MED022,42
GR001478,PO001823,2026-01-10,ST026,MED023,72
GR001479,PO001391,2026-01-10,ST026,MED025,48
GR001480,PO001618,2026-01-10,ST026,MED030,30
GR001481,PO001393,2026-01-10,ST027,MED001,72
GR001482,PO001395,2026-01-10,ST027,MED007,24
GR001483,PO001398,2026-01-10,ST027,MED015,72
GR001484,PO001400,2026-01-10,ST027,MED017,60
GR001485,PO001402,2026-01-10,ST027,MED023,60
GR001486,PO001828,2026-01-10,ST028,MED024,72
GR001487,PO000989,2026-01-10,ST028,MED026,72
GR001488,PO001627,2026-01-10,ST029,MED002,66
GR001489,PO001830,2026-01-10,ST029,MED009,60
GR001490,PO001630,2026-01-10,ST029,MED017,60
GR001491,PO001837,2026-01-10,ST030,MED011,66
GR001492,PO001409,2026-01-10,ST030,MED017,72
GR001493,PO001840,2026-01-10,ST030,MED030,30
GR001494,PO001636,2026-01-10,ST031,MED002,72
GR001495,PO001413,2026-01-10,ST031,MED011,72
GR001496,PO001640,2026-01-10,ST031,MED016,48
GR001497,PO001843,2026-01-10,ST031,MED020,48
GR001498,PO001416,2026-01-10,ST031,MED025,36
GR001499,PO001417,2026-01-10,ST031,MED027,84
GR001500,PO001643,2026-01-10,ST032,MED005,72
GR001501,PO001647,2026-01-10,ST032,MED018,48
GR001502,PO001648,2026-01-10,ST032,MED022,36
GR001503,PO001847,2026-01-10,ST032,MED023,72
GR001504,PO001269,2026-01-10,ST032,MED027,72
GR001505,PO001650,2026-01-10,ST032,MED030,30
GR001506,PO001853,2026-01-10,ST033,MED020,48
GR001507,PO001856,2026-01-10,ST034,MED001,72
GR001508,PO001661,2026-01-10,ST034,MED017,72
GR001509,PO001435,2026-01-10,ST034,MED023,60
GR001510,PO001665,2026-01-10,ST034,MED026,72
GR001511,PO001666,2026-01-10,ST035,MED011,60
GR001512,PO001867,2026-01-10,ST037,MED004,48
GR001513,PO001673,2026-01-10,ST037,MED020,48
GR001514,PO001873,2026-01-10,ST037,MED024,72
GR001515,PO001674,2026-01-10,ST037,MED029,72
GR001516,PO001875,2026-01-10,ST038,MED003,24
GR001517,PO001880,2026-01-10,ST038,MED025,36
GR001518,PO001447,2026-01-10,ST038,MED029,72
GR001519,PO001449,2026-01-10,ST039,MED007,24
GR001520,PO001885,2026-01-10,ST039,MED023,72
GR001521,PO001887,2026-01-10,ST040,MED005,72
GR001522,PO001692,2026-01-10,ST040,MED007,24
GR001523,PO001889,2026-01-10,ST040,MED016,48
GR001524,PO001458,2026-01-10,ST040,MED024,72
GR001525,PO001459,2026-01-10,ST040,MED025,36
GR001526,PO001280,2026-01-10,ST040,MED027,72
GR001527,PO001463,2026-01-11,ST001,MED021,60
GR001528,PO001464,2026-01-11,ST001,MED022,42
GR001529,PO001466,2026-01-11,ST002,MED003,24
GR001530,PO001283,2026-01-11,ST002,MED006,60
GR001531,PO001700,2026-01-11,ST002,MED008,24
GR001532,PO001701,2026-01-11,ST002,MED013,48
GR001533,PO001471,2026-01-11,ST002,MED025,36
GR001534,PO001285,2026-01-11,ST002,MED029,48
GR001535,PO001913,2026-01-11,ST003,MED006,60
GR001536,PO001706,2026-01-11,ST003,MED011,66
GR001537,PO001475,2026-01-11,ST003,MED017,72
GR001538,PO001709,2026-01-11,ST003,MED022,42
GR001539,PO001916,2026-01-11,ST003,MED023,84
GR001540,PO001710,2026-01-11,ST003,MED025,36
GR001541,PO001920,2026-01-11,ST003,MED030,30
GR001542,PO001711,2026-01-11,ST004,MED001,72
GR001543,PO001477,2026-01-11,ST004,MED006,60
GR001544,PO001714,2026-01-11,ST004,MED010,24
GR001545,PO001482,2026-01-11,ST004,MED017,72
GR001546,PO001483,2026-01-11,ST004,MED019,24
GR001547,PO001288,2026-01-11,ST004,MED021,54
GR001548,PO001289,2026-01-11,ST004,MED023,72
GR001549,PO001485,2026-01-11,ST005,MED002,78
GR001550,PO001490,2026-01-11,ST005,MED010,24
GR001551,PO001492,2026-01-11,ST005,MED012,72
GR001552,PO001928,2026-01-11,ST005,MED014,48
GR001553,PO001721,2026-01-11,ST005,MED018,48
GR001554,PO001929,2026-01-11,ST005,MED022,54
GR001555,PO001295,2026-01-11,ST005,MED023,72
GR001556,PO001496,2026-01-11,ST005,MED028,48
GR001557,PO001300,2026-01-11,ST006,MED006,60
GR001558,PO001500,2026-01-11,ST006,MED009,60
GR001559,PO001723,2026-01-11,ST006,MED010,24
GR001560,PO001501,2026-01-11,ST006,MED011,66
GR001561,PO001504,2026-01-11,ST006,MED026,72
GR001562,PO001305,2026-01-11,ST006,MED027,84
GR001563,PO001728,2026-01-11,ST007,MED010,24
GR001564,PO001509,2026-01-11,ST007,MED012,60
GR001565,PO001934,2026-01-11,ST007,MED017,72
GR001566,PO001935,2026-01-11,ST007,MED020,48
GR001567,PO001306,2026-01-11,ST008,MED002,66
GR001568,PO001940,2026-01-11,ST008,MED009,60
GR001569,PO001941,2026-01-11,ST008,MED011,60
GR001570,PO001512,2026-01-11,ST008,MED025,36
GR001571,PO001947,2026-01-11,ST008,MED026,72
GR001572,PO001513,2026-01-11,ST008,MED027,72
GR001573,PO001309,2026-01-11,ST009,MED012,60
GR001574,PO001952,2026-01-11,ST009,MED020,48
GR001575,PO001742,2026-01-11,ST009,MED025,36
GR001576,PO001955,2026-01-11,ST010,MED002,72
GR001577,PO001311,2026-01-11,ST010,MED005,72
GR001578,PO001520,2026-01-11,ST010,MED010,36
GR001579,PO001744,2026-01-11,ST010,MED013,48
GR001580,PO001524,2026-01-11,ST011,MED006,60
GR001581,PO001525,2026-01-11,ST011,MED007,24
GR001582,PO001961,2026-01-11,ST011,MED010,24
GR001583,PO001527,2026-01-11,ST011,MED013,48
GR001584,PO001962,2026-01-11,ST011,MED014,48
GR001585,PO001963,2026-01-11,ST011,MED015,72
GR001586,PO001966,2026-01-11,ST011,MED019,24
GR001587,PO001319,2026-01-11,ST011,MED021,60
GR001588,PO001530,2026-01-11,ST011,MED025,36
GR001589,PO001531,2026-01-11,ST011,MED026,72
GR001590,PO001321,2026-01-11,ST012,MED001,72
GR001591,PO001970,2026-01-11,ST012,MED005,60
GR001592,PO001753,2026-01-11,ST012,MED008,24
GR001593,PO001325,2026-01-11,ST012,MED012,72
GR001594,PO001532,2026-01-11,ST012,MED013,48
GR001595,PO001755,2026-01-11,ST012,MED021,54
GR001596,PO001328,2026-01-11,ST012,MED024,84
GR001597,PO001534,2026-01-11,ST012,MED025,36
GR001598,PO001329,2026-01-11,ST012,MED026,72
GR001599,PO001538,2026-01-11,ST013,MED006,60
GR001600,PO001977,2026-01-11,ST013,MED007,24
GR001601,PO001541,2026-01-11,ST013,MED016,48
GR001602,PO001978,2026-01-11,ST013,MED017,72
GR001603,PO001542,2026-01-11,ST013,MED019,24
GR001604,PO001545,2026-01-11,ST013,MED030,36
GR001605,PO001546,2026-01-11,ST014,MED012,60
GR001606,PO001984,2026-01-11,ST014,MED023,60
GR001607,PO001764,2026-01-11,ST015,MED023,72
GR001608,PO001993,2026-01-11,ST015,MED026,72
GR001609,PO001766,2026-01-11,ST015,MED030,30
GR001610,PO001551,2026-01-11,ST016,MED007,24
GR001611,PO001768,2026-01-11,ST016,MED008,24
GR001612,PO001998,2026-01-11,ST016,MED011,66
GR001613,PO001770,2026-01-11,ST016,MED016,48
GR001614,PO001343,2026-01-11,ST016,MED017,72
GR001615,PO001773,2026-01-11,ST016,MED025,36
GR001616,PO001774,2026-01-11,ST016,MED026,72
GR001617,PO001344,2026-01-11,ST016,MED029,48
GR001618,PO001556,2026-01-11,ST017,MED009,60
GR001619,PO001779,2026-01-11,ST017,MED028,48
GR001620,PO002010,2026-01-11,ST017,MED029,72
GR001621,PO001561,2026-01-11,ST018,MED005,72
GR001622,PO001783,2026-01-11,ST018,MED011,60
GR001623,PO001785,2026-01-11,ST018,MED021,60
GR001624,PO002014,2026-01-11,ST018,MED022,42
GR001625,PO001349,2026-01-11,ST018,MED023,60
GR001626,PO001566,2026-01-11,ST018,MED025,36
GR001627,PO001567,2026-01-11,ST018,MED026,72
GR001628,PO001351,2026-01-11,ST018,MED027,72
GR001629,PO001568,2026-01-11,ST018,MED030,30
GR001630,PO001569,2026-01-11,ST019,MED001,72
GR001631,PO001575,2026-01-11,ST019,MED029,72
GR001632,PO001578,2026-01-11,ST020,MED004,48
GR001633,PO001792,2026-01-11,ST020,MED008,24
GR001634,PO001793,2026-01-11,ST020,MED014,48
GR001635,PO002021,2026-01-11,ST020,MED023,72
GR001636,PO001369,2026-01-11,ST020,MED029,72
GR001637,PO002027,2026-01-11,ST021,MED015,72
GR001638,PO002029,2026-01-11,ST021,MED023,60
GR001639,PO001372,2026-01-11,ST022,MED017,60
GR001640,PO001590,2026-01-11,ST022,MED022,36
GR001641,PO001595,2026-01-11,ST023,MED022,42
GR001642,PO001803,2026-01-11,ST023,MED024,72
GR001643,PO002043,2026-01-11,ST023,MED030,30
GR001644,PO001806,2026-01-11,ST024,MED006,60
GR001645,PO001377,2026-01-11,ST024,MED012,60
GR001646,PO001601,2026-01-11,ST024,MED028,48
GR001647,PO001602,2026-01-11,ST025,MED001,72
GR001648,PO002048,2026-01-11,ST025,MED003,24
GR001649,PO001378,2026-01-11,ST025,MED005,72
GR001650,PO001607,2026-01-11,ST025,MED016,48
GR001651,PO001381,2026-01-11,ST025,MED023,60
GR001652,PO002053,2026-01-11,ST026,MED002,60
GR001653,PO001613,2026-01-11,ST026,MED008,24
GR001654,PO001388,2026-01-11,ST026,MED013,48
GR001655,PO001822,2026-01-11,ST026,MED015,72
GR001656,PO001614,2026-01-11,ST026,MED016,48
GR001657,PO001389,2026-01-11,ST026,MED019,24
GR001658,PO001616,2026-01-11,ST026,MED021,60
GR001659,PO001261,2026-01-11,ST026,MED027,72
GR001660,PO001824,2026-01-11,ST026,MED028,48
GR001661,PO001619,2026-01-11,ST027,MED004,48
GR001662,PO001394,2026-01-11,ST027,MED006,72
GR001663,PO001825,2026-01-11,ST027,MED008,24
GR001664,PO001622,2026-01-11,ST027,MED013,48
GR001665,PO001399,2026-01-11,ST027,MED016,48
GR001666,PO001625,2026-01-11,ST027,MED028,48
GR001667,PO001404,2026-01-11,ST027,MED029,48
GR001668,PO001405,2026-01-11,ST027,MED030,30
GR001669,PO001626,2026-01-11,ST028,MED012,60
GR001670,PO002065,2026-01-11,ST028,MED015,72
GR001671,PO002068,2026-01-11,ST029,MED003,24
GR001672,PO001629,2026-01-11,ST029,MED016,48
GR001673,PO002072,2026-01-11,ST029,MED021,60
GR001674,PO002073,2026-01-11,ST029,MED023,60
GR001675,PO001836,2026-01-11,ST030,MED006,60
GR001676,PO001408,2026-01-11,ST030,MED012,60
GR001677,PO002075,2026-01-11,ST030,MED013,48
GR001678,PO002076,2026-01-11,ST030,MED016,48
GR001679,PO001841,2026-01-11,ST031,MED001,72
GR001680,PO001637,2026-01-11,ST031,MED005,60
GR001681,PO001638,2026-01-11,ST031,MED006,60
GR001682,PO001842,2026-01-11,ST031,MED007,24
GR001683,PO001412,2026-01-11,ST031,MED010,24
GR001684,PO002082,2026-01-11,ST031,MED022,42
GR001685,PO002085,2026-01-11,ST031,MED029,72
GR001686,PO001644,2026-01-11,ST032,MED006,60
GR001687,PO001421,2026-01-11,ST032,MED010,24
GR001688,PO001422,2026-01-11,ST032,MED012,60
GR001689,PO001423,2026-01-11,ST032,MED013,48
GR001690,PO001646,2026-01-11,ST032,MED015,72
GR001691,PO001848,2026-01-11,ST032,MED029,72
GR001692,PO001651,2026-01-11,ST033,MED001,72
GR001693,PO001851,2026-01-11,ST033,MED013,48
GR001694,PO001428,2026-01-11,ST033,MED021,60
GR001695,PO001655,2026-01-11,ST033,MED027,84
GR001696,PO001657,2026-01-11,ST034,MED004,60
GR001697,PO002097,2026-01-11,ST034,MED008,24
GR001698,PO001432,2026-01-11,ST034,MED011,66
GR001699,PO001433,2026-01-11,ST034,MED013,48
GR001700,PO001434,2026-01-11,ST034,MED020,48
GR001701,PO001662,2026-01-11,ST034,MED021,60
GR001702,PO001663,2026-01-11,ST034,MED022,48
GR001703,PO002101,2026-01-11,ST035,MED007,24
GR001704,PO002104,2026-01-11,ST035,MED015,72
GR001705,PO001436,2026-01-11,ST035,MED017,60
GR001706,PO002107,2026-01-11,ST035,MED025,36
GR001707,PO001667,2026-01-11,ST036,MED002,60
GR001708,PO001861,2026-01-11,ST036,MED004,60
GR001709,PO002110,2026-01-11,ST036,MED009,60
GR001710,PO001863,2026-01-11,ST036,MED011,60
GR001711,PO001668,2026-01-11,ST036,MED013,48
GR001712,PO001437,2026-01-11,ST036,MED017,60
GR001713,PO002113,2026-01-11,ST036,MED025,36
GR001714,PO001669,2026-01-11,ST036,MED027,72
GR001715,PO002114,2026-01-11,ST037,MED003,24
GR001716,PO001439,2026-01-11,ST037,MED007,24
GR001717,PO001869,2026-01-11,ST037,MED009,60
GR001718,PO001440,2026-01-11,ST037,MED012,60
GR001719,PO002116,2026-01-11,ST037,MED013,48
GR001720,PO002118,2026-01-11,ST037,MED017,72
GR001721,PO001872,2026-01-11,ST037,MED023,72
GR001722,PO001876,2026-01-11,ST038,MED004,48
GR001723,PO001678,2026-01-11,ST038,MED005,60
GR001724,PO001682,2026-01-11,ST038,MED013,48
GR001725,PO001879,2026-01-11,ST038,MED019,24
GR001726,PO002123,2026-01-11,ST038,MED023,60
GR001727,PO002124,2026-01-11,ST038,MED026,72
GR001728,PO002126,2026-01-11,ST039,MED001,72
GR001729,PO002128,2026-01-11,ST039,MED004,60
GR001730,PO001448,2026-01-11,ST039,MED005,60
GR001731,PO001686,2026-01-11,ST039,MED006,60
GR001732,PO002129,2026-01-11,ST039,MED011,66
GR001733,PO001883,2026-01-11,ST039,MED013,48
GR001734,PO002132,2026-01-11,ST039,MED018,48
GR001735,PO002133,2026-01-11,ST039,MED019,24
GR001736,PO001884,2026-01-11,ST039,MED020,48
GR001737,PO002134,2026-01-11,ST039,MED024,72
GR001738,PO001452,2026-01-11,ST039,MED029,48
GR001739,PO001691,2026-01-11,ST040,MED001,72
GR001740,PO001453,2026-01-11,ST040,MED002,60
GR001741,PO001890,2026-01-11,ST040,MED018,48
GR001742,PO001892,2026-01-11,ST040,MED021,54
GR001743,PO001281,2026-01-12,ST001,MED002,60
GR001744,PO002141,2026-01-12,ST001,MED003,24
GR001745,PO002142,2026-01-12,ST001,MED007,24
GR001746,PO001461,2026-01-12,ST001,MED010,36
GR001747,PO001895,2026-01-12,ST001,MED011,66
GR001748,PO001462,2026-01-12,ST001,MED012,60
GR001749,PO001900,2026-01-12,ST001,MED025,36
GR001750,PO001465,2026-01-12,ST001,MED027,84
GR001751,PO002147,2026-01-12,ST002,MED005,72
GR001752,PO001468,2026-01-12,ST002,MED011,60
GR001753,PO001702,2026-01-12,ST002,MED015,72
GR001754,PO001906,2026-01-12,ST002,MED020,48
GR001755,PO001470,2026-01-12,ST002,MED022,48
GR001756,PO001908,2026-01-12,ST002,MED023,60
GR001757,PO001910,2026-01-12,ST003,MED001,72
GR001758,PO001474,2026-01-12,ST003,MED009,60
GR001759,PO001707,2026-01-12,ST003,MED013,36
GR001760,PO001708,2026-01-12,ST003,MED021,60
GR001761,PO001917,2026-01-12,ST003,MED024,72
GR001762,PO002152,2026-01-12,ST003,MED029,72
GR001763,PO001713,2026-01-12,ST004,MED004,48
GR001764,PO001480,2026-01-12,ST004,MED013,48
GR001765,PO001924,2026-01-12,ST004,MED014,48
GR001766,PO001481,2026-01-12,ST004,MED015,72
GR001767,PO002153,2026-01-12,ST004,MED020,48
GR001768,PO002154,2026-01-12,ST004,MED030,36
GR001769,PO001489,2026-01-12,ST005,MED009,60
GR001770,PO001722,2026-01-12,ST005,MED019,24
GR001771,PO001930,2026-01-12,ST005,MED027,84
GR001772,PO002158,2026-01-12,ST006,MED004,48
GR001773,PO001499,2026-01-12,ST006,MED008,24
GR001774,PO001725,2026-01-12,ST006,MED016,48
GR001775,PO001726,2026-01-12,ST006,MED017,72
GR001776,PO001727,2026-01-12,ST006,MED025,36
GR001777,PO001507,2026-01-12,ST006,MED030,36
GR001778,PO001936,2026-01-12,ST007,MED021,54
GR001779,PO001938,2026-01-12,ST007,MED025,36
GR001780,PO002167,2026-01-12,ST007,MED026,72
GR001781,PO002170,2026-01-12,ST008,MED004,48
GR001782,PO001939,2026-01-12,ST008,MED006,60
GR001783,PO001733,2026-01-12,ST008,MED023,72
GR001784,PO001736,2026-01-12,ST009,MED007,24
GR001785,PO001950,2026-01-12,ST009,MED015,72
GR001786,PO001741,2026-01-12,ST009,MED023,60
GR001787,PO001518,2026-01-12,ST009,MED027,72
GR001788,PO001954,2026-01-12,ST009,MED030,30
GR001789,PO002176,2026-01-12,ST010,MED007,24
GR001790,PO001313,2026-01-12,ST010,MED012,60
GR001791,PO001745,2026-01-12,ST010,MED020,48
GR001792,PO002181,2026-01-12,ST010,MED023,72
GR001793,PO001959,2026-01-12,ST010,MED030,36
GR001794,PO001523,2026-01-12,ST011,MED001,72
GR001795,PO001317,2026-01-12,ST011,MED005,60
GR001796,PO001960,2026-01-12,ST011,MED008,24
GR001797,PO001749,2026-01-12,ST011,MED016,48
GR001798,PO001965,2026-01-12,ST011,MED018,48
GR001799,PO001967,2026-01-12,ST011,MED020,48
GR001800,PO002185,2026-01-12,ST011,MED022,42
GR001801,PO001528,2026-01-12,ST011,MED023,72
GR001802,PO001968,2026-01-12,ST011,MED027,84
GR001803,PO001969,2026-01-12,ST011,MED030,36
GR001804,PO001752,2026-01-12,ST012,MED006,60
GR001805,PO001972,2026-01-12,ST012,MED009,60
GR001806,PO001974,2026-01-12,ST012,MED019,24
GR001807,PO001327,2026-01-12,ST012,MED020,48
GR001808,PO002190,2026-01-12,ST012,MED023,60
GR001809,PO001975,2026-01-12,ST012,MED027,84
GR001810,PO001537,2026-01-12,ST013,MED003,24
GR001811,PO001333,2026-01-12,ST013,MED009,60
GR001812,PO001539,2026-01-12,ST013,MED010,24
GR001813,PO002193,2026-01-12,ST013,MED011,66
GR001814,PO001334,2026-01-12,ST013,MED012,72
GR001815,PO002194,2026-01-12,ST013,MED014,48
GR001816,PO002196,2026-01-12,ST013,MED018,48
GR001817,PO001337,2026-01-12,ST013,MED022,48
GR001818,PO001979,2026-01-12,ST013,MED023,72
GR001819,PO001338,2026-01-12,ST013,MED025,36
GR001820,PO001981,2026-01-12,ST014,MED010,24
GR001821,PO001759,2026-01-12,ST014,MED019,24
GR001822,PO001760,2026-01-12,ST014,MED022,36
GR001823,PO001547,2026-01-12,ST014,MED027,72
GR001824,PO002206,2026-01-12,ST015,MED003,24
GR001825,PO001550,2026-01-12,ST015,MED010,24
GR001826,PO002208,2026-01-12,ST015,MED011,66
GR001827,PO002210,2026-01-12,ST015,MED016,48
GR001828,PO002211,2026-01-12,ST015,MED017,60
GR001829,PO001762,2026-01-12,ST015,MED021,54
GR001830,PO001999,2026-01-12,ST016,MED015,72
GR001831,PO002215,2026-01-12,ST016,MED018,48
GR001832,PO001552,2026-01-12,ST016,MED023,60
GR001833,PO002002,2026-01-12,ST016,MED028,48
GR001834,PO002003,2026-01-12,ST017,MED005,60
GR001835,PO002004,2026-01-12,ST017,MED010,24
GR001836,PO002006,2026-01-12,ST017,MED020,48
GR001837,PO001778,2026-01-12,ST017,MED024,72
GR001838,PO001348,2026-01-12,ST017,MED027,84
GR001839,PO001560,2026-01-12,ST018,MED004,48
GR001840,PO001781,2026-01-12,ST018,MED006,72
GR001841,PO001563,2026-01-12,ST018,MED010,24
GR001842,PO002013,2026-01-12,ST018,MED018,48
GR001843,PO002219,2026-01-12,ST018,MED019,24
GR001844,PO001786,2026-01-12,ST018,MED028,48
GR001845,PO002015,2026-01-12,ST019,MED002,60
GR001846,PO002224,2026-01-12,ST019,MED022,48
GR001847,PO001574,2026-01-12,ST019,MED027,72
GR001848,PO001791,2026-01-12,ST019,MED028,48
GR001849,PO001577,2026-01-12,ST020,MED003,24
GR001850,PO002017,2026-01-12,ST020,MED005,72
GR001851,PO001250,2026-01-12,ST020,MED015,72
GR001852,PO001794,2026-01-12,ST020,MED019,24
GR001853,PO001581,2026-01-12,ST020,MED020,48
GR001854,PO002019,2026-01-12,ST020,MED021,66
GR001855,PO002230,2026-01-12,ST020,MED027,72
GR001856,PO001584,2026-01-12,ST020,MED028,48
GR001857,PO002026,2026-01-12,ST021,MED012,60
GR001858,PO001585,2026-01-12,ST021,MED022,42
GR001859,PO002235,2026-01-12,ST021,MED025,36
GR001860,PO001586,2026-01-12,ST021,MED027,72
GR001861,PO002236,2026-01-12,ST022,MED001,72
GR001862,PO001796,2026-01-12,ST022,MED005,60
GR001863,PO001797,2026-01-12,ST022,MED011,60
GR001864,PO001588,2026-01-12,ST022,MED012,60
GR001865,PO001591,2026-01-12,ST023,MED002,72
GR001866,PO001592,2026-01-12,ST023,MED007,24
GR001867,PO002244,2026-01-12,ST023,MED014,48
GR001868,PO001805,2026-01-12,ST024,MED004,48
GR001869,PO001598,2026-01-12,ST024,MED007,24
GR001870,PO001599,2026-01-12,ST024,MED010,24
GR001871,PO001809,2026-01-12,ST024,MED011,66
GR001872,PO001810,2026-01-12,ST024,MED013,48
GR001873,PO002248,2026-01-12,ST024,MED014,48
GR001874,PO002250,2026-01-12,ST024,MED019,24
GR001875,PO001600,2026-01-12,ST024,MED025,36
GR001876,PO001256,2026-01-12,ST025,MED002,66
GR001877,PO001604,2026-01-12,ST025,MED007,24
GR001878,PO001605,2026-01-12,ST025,MED009,60
GR001879,PO001379,2026-01-12,ST025,MED010,24
GR001880,PO001818,2026-01-12,ST025,MED018,48
GR001881,PO001609,2026-01-12,ST025,MED021,54
GR001882,PO001819,2026-01-12,ST025,MED028,48
GR001883,PO002052,2026-01-12,ST025,MED030,30
GR001884,PO001611,2026-01-12,ST026,MED001,72
GR001885,PO001821,2026-01-12,ST026,MED003,24
GR001886,PO002255,2026-01-12,ST026,MED022,36
GR001887,PO002256,2026-01-12,ST026,MED024,72
GR001888,PO001392,2026-01-12,ST026,MED026,72
GR001889,PO001621,2026-01-12,ST027,MED012,72
GR001890,PO002061,2026-01-12,ST027,MED014,48
GR001891,PO001826,2026-01-12,ST027,MED018,48
GR001892,PO001623,2026-01-12,ST027,MED022,48
GR001893,PO002261,2026-01-12,ST027,MED023,60
GR001894,PO001624,2026-01-12,ST027,MED024,72
GR001895,PO002062,2026-01-12,ST027,MED027,72
GR001896,PO001827,2026-01-12,ST028,MED002,60
GR001897,PO002262,2026-01-12,ST028,MED003,24
GR001898,PO002268,2026-01-12,ST028,MED011,66
GR001899,PO002271,2026-01-12,ST028,MED025,36
GR001900,PO001628,2026-01-12,ST029,MED012,60
GR001901,PO001831,2026-01-12,ST029,MED015,72
GR001902,PO001832,2026-01-12,ST029,MED027,72
GR001903,PO001633,2026-01-12,ST030,MED015,72
GR001904,PO002285,2026-01-12,ST030,MED020,48
GR001905,PO001839,2026-01-12,ST030,MED024,72
GR001906,PO001635,2026-01-12,ST030,MED025,36
GR001907,PO002077,2026-01-12,ST030,MED026,72
GR001908,PO001414,2026-01-12,ST031,MED012,72
GR001909,PO002081,2026-01-12,ST031,MED013,48
GR001910,PO001639,2026-01-12,ST031,MED015,72
GR001911,PO001641,2026-01-12,ST031,MED018,48
GR001912,PO002083,2026-01-12,ST031,MED023,72
GR001913,PO002087,2026-01-12,ST032,MED001,72
GR001914,PO002292,2026-01-12,ST032,MED014,48
GR001915,PO001844,2026-01-12,ST032,MED016,48
GR001916,PO001424,2026-01-12,ST032,MED021,54
GR001917,PO001649,2026-01-12,ST032,MED024,84
GR001918,PO002090,2026-01-12,ST033,MED005,72
GR001919,PO001850,2026-01-12,ST033,MED011,84
GR001920,PO001852,2026-01-12,ST033,MED019,24
GR001921,PO001855,2026-01-12,ST033,MED025,36
GR001922,PO002095,2026-01-12,ST033,MED028,48
GR001923,PO001656,2026-01-12,ST034,MED002,66
GR001924,PO002096,2026-01-12,ST034,MED007,24
GR001925,PO002098,2026-01-12,ST034,MED016,48
GR001926,PO002302,2026-01-12,ST035,MED004,48
GR001927,PO002303,2026-01-12,ST035,MED005,72
GR001928,PO001858,2026-01-12,ST035,MED006,60
GR001929,PO001859,2026-01-12,ST035,MED027,72
GR001930,PO001860,2026-01-12,ST035,MED030,30
GR001931,PO002108,2026-01-12,ST036,MED001,72
GR001932,PO001862,2026-01-12,ST036,MED005,72
GR001933,PO002109,2026-01-12,ST036,MED008,24
GR001934,PO002313,2026-01-12,ST036,MED020,48
GR001935,PO001865,2026-01-12,ST036,MED022,54
GR001936,PO001671,2026-01-12,ST037,MED010,24
GR001937,PO002117,2026-01-12,ST037,MED015,72
GR001938,PO001874,2026-01-12,ST037,MED028,48
GR001939,PO001675,2026-01-12,ST037,MED030,30
GR001940,PO001679,2026-01-12,ST038,MED006,60
GR001941,PO001877,2026-01-12,ST038,MED007,24
GR001942,PO001681,2026-01-12,ST038,MED012,60
GR001943,PO002316,2026-01-12,ST038,MED014,48
GR001944,PO001878,2026-01-12,ST038,MED016,48
GR001945,PO001684,2026-01-12,ST038,MED024,72
GR001946,PO001881,2026-01-12,ST038,MED027,72
GR001947,PO001882,2026-01-12,ST038,MED030,30
GR001948,PO002127,2026-01-12,ST039,MED002,72
GR001949,PO001685,2026-01-12,ST039,MED003,24
GR001950,PO002319,2026-01-12,ST039,MED010,24
GR001951,PO002321,2026-01-12,ST039,MED015,72
GR001952,PO002131,2026-01-12,ST039,MED016,48
GR001953,PO001689,2026-01-12,ST039,MED027,72
GR001954,PO001886,2026-01-12,ST039,MED028,48
GR001955,PO002136,2026-01-12,ST040,MED003,24
GR001956,PO002137,2026-01-12,ST040,MED008,24
GR001957,PO002138,2026-01-12,ST040,MED013,36
GR001958,PO001694,2026-01-12,ST040,MED022,42
GR001959,PO001894,2026-01-12,ST040,MED028,48
GR001960,PO002328,2026-01-12,ST040,MED029,72
GR001961,PO001696,2026-01-13,ST001,MED005,72
GR001962,PO001697,2026-01-13,ST001,MED006,60
GR001963,PO001698,2026-01-13,ST001,MED017,72
GR001964,PO001897,2026-01-13,ST001,MED018,48
GR001965,PO002145,2026-01-13,ST001,MED020,48
GR001966,PO002146,2026-01-13,ST001,MED028,48
GR001967,PO001904,2026-01-13,ST002,MED004,48
GR001968,PO001905,2026-01-13,ST002,MED010,24
GR001969,PO002148,2026-01-13,ST002,MED017,60
GR001970,PO001703,2026-01-13,ST002,MED024,72
GR001971,PO001704,2026-01-13,ST002,MED030,30
GR001972,PO002335,2026-01-13,ST003,MED004,48
GR001973,PO001912,2026-01-13,ST003,MED005,72
GR001974,PO002151,2026-01-13,ST003,MED012,60
GR001975,PO001918,2026-01-13,ST003,MED026,72
GR001976,PO001712,2026-01-13,ST004,MED002,66
GR001977,PO001921,2026-01-13,ST004,MED003,24
GR001978,PO001923,2026-01-13,ST004,MED009,60
GR001979,PO002340,2026-01-13,ST004,MED011,60
GR001980,PO002341,2026-01-13,ST004,MED012,72
GR001981,PO001925,2026-01-13,ST004,MED022,42
GR001982,PO001484,2026-01-13,ST004,MED024,72
GR001983,PO001717,2026-01-13,ST004,MED026,72
GR001984,PO001926,2026-01-13,ST004,MED028,48
GR001985,PO001718,2026-01-13,ST004,MED029,72
GR001986,PO001292,2026-01-13,ST005,MED005,72
GR001987,PO002155,2026-01-13,ST005,MED007,24
GR001988,PO001927,2026-01-13,ST005,MED008,24
GR001989,PO001720,2026-01-13,ST005,MED013,48
GR001990,PO002157,2026-01-13,ST006,MED002,72
GR001991,PO001931,2026-01-13,ST006,MED003,24
GR001992,PO002348,2026-01-13,ST006,MED005,60
GR001993,PO002353,2026-01-13,ST006,MED024,84
GR001994,PO002354,2026-01-13,ST007,MED003,24
GR001995,PO002161,2026-01-13,ST007,MED004,48
GR001996,PO001932,2026-01-13,ST007,MED005,72
GR001997,PO001731,2026-01-13,ST008,MED008,24
GR001998,PO002171,2026-01-13,ST008,MED013,48
GR001999,PO001942,2026-01-13,ST008,MED015,72
GR002000,PO001943,2026-01-13,ST008,MED019,24
GR002001,PO001944,2026-01-13,ST008,MED020,48
GR002002,PO001946,2026-01-13,ST008,MED024,72
GR002003,PO002361,2026-01-13,ST008,MED028,48
GR002004,PO002172,2026-01-13,ST008,MED030,36
GR002005,PO001948,2026-01-13,ST009,MED001,72
GR002006,PO002362,2026-01-13,ST009,MED002,60
GR002007,PO001739,2026-01-13,ST009,MED010,24
GR002008,PO001740,2026-01-13,ST009,MED011,60
GR002009,PO002175,2026-01-13,ST009,MED026,72
GR002010,PO001743,2026-01-13,ST010,MED001,72
GR002011,PO001956,2026-01-13,ST010,MED004,48
GR002012,PO002177,2026-01-13,ST010,MED008,24
GR002013,PO001957,2026-01-13,ST010,MED015,72
GR002014,PO001746,2026-01-13,ST010,MED021,60
GR002015,PO001958,2026-01-13,ST010,MED024,72
GR002016,PO001747,2026-01-13,ST010,MED025,36
GR002017,PO002368,2026-01-13,ST011,MED002,72
GR002018,PO002370,2026-01-13,ST011,MED011,60
GR002019,PO001964,2026-01-13,ST011,MED017,60
GR002020,PO001750,2026-01-13,ST011,MED029,48
GR002021,PO002374,2026-01-13,ST012,MED010,24
GR002022,PO002187,2026-01-13,ST012,MED011,60
GR002023,PO001973,2026-01-13,ST012,MED014,48
GR002024,PO002375,2026-01-13,ST012,MED015,72
GR002025,PO001756,2026-01-13,ST012,MED029,72
GR002026,PO002191,2026-01-13,ST013,MED005,72
GR002027,PO002381,2026-01-13,ST013,MED027,72
GR002028,PO001757,2026-01-13,ST013,MED028,48
GR002029,PO002197,2026-01-13,ST014,MED001,72
GR002030,PO001980,2026-01-13,ST014,MED002,60
GR002031,PO002201,2026-01-13,ST014,MED009,60
GR002032,PO002202,2026-01-13,ST014,MED015,96
GR002033,PO001758,2026-01-13,ST014,MED017,60
GR002034,PO001987,2026-01-13,ST014,MED029,72
GR002035,PO001990,2026-01-13,ST015,MED013,48
GR002036,PO001991,2026-01-13,ST015,MED020,48
GR002037,PO001763,2026-01-13,ST015,MED022,42
GR002038,PO001765,2026-01-13,ST015,MED027,72
GR002039,PO002213,2026-01-13,ST015,MED029,72
GR002040,PO001994,2026-01-13,ST016,MED001,72
GR002041,PO001767,2026-01-13,ST016,MED004,48
GR002042,PO001771,2026-01-13,ST016,MED020,48
GR002043,PO002001,2026-01-13,ST016,MED024,72
GR002044,PO001775,2026-01-13,ST016,MED030,30
GR002045,PO001777,2026-01-13,ST017,MED011,66
GR002046,PO002395,2026-01-13,ST017,MED015,72
GR002047,PO002005,2026-01-13,ST017,MED018,48
GR002048,PO002007,2026-01-13,ST017,MED021,60
GR002049,PO002011,2026-01-13,ST017,MED030,30
GR002050,PO001780,2026-01-13,ST018,MED001,72
GR002051,PO001782,2026-01-13,ST018,MED007,24
GR002052,PO002399,2026-01-13,ST018,MED009,60
GR002053,PO002401,2026-01-13,ST018,MED016,48
GR002054,PO002402,2026-01-13,ST018,MED017,72
GR002055,PO002220,2026-01-13,ST018,MED029,72
GR002056,PO002221,2026-01-13,ST019,MED003,24
GR002057,PO001787,2026-01-13,ST019,MED008,24
GR002058,PO001788,2026-01-13,ST019,MED010,36
GR002059,PO002409,2026-01-13,ST019,MED015,72
GR002060,PO002410,2026-01-13,ST019,MED016,48
GR002061,PO002413,2026-01-13,ST019,MED024,72
GR002062,PO002415,2026-01-13,ST019,MED030,30
GR002063,PO002419,2026-01-13,ST020,MED009,72
GR002064,PO002227,2026-01-13,ST020,MED010,24
GR002065,PO002018,2026-01-13,ST020,MED011,72
GR002066,PO002020,2026-01-13,ST020,MED022,42
GR002067,PO002022,2026-01-13,ST020,MED030,30
GR002068,PO002231,2026-01-13,ST021,MED004,48
GR002069,PO002234,2026-01-13,ST021,MED010,24
GR002070,PO002424,2026-01-13,ST021,MED016,48
GR002071,PO002426,2026-01-13,ST021,MED020,48
GR002072,PO002427,2026-01-13,ST021,MED026,72
GR002073,PO002031,2026-01-13,ST022,MED006,60
GR002074,PO002239,2026-01-13,ST022,MED019,24
GR002075,PO001798,2026-01-13,ST022,MED023,60
GR002076,PO002039,2026-01-13,ST023,MED015,72
GR002077,PO001801,2026-01-13,ST023,MED020,48
GR002078,PO001802,2026-01-13,ST023,MED021,60
GR002079,PO002042,2026-01-13,ST023,MED026,72
GR002080,PO002438,2026-01-13,ST023,MED028,48
GR002081,PO001807,2026-01-13,ST024,MED008,24
GR002082,PO002044,2026-01-13,ST024,MED017,72
GR002083,PO002249,2026-01-13,ST024,MED018,48
GR002084,PO001814,2026-01-13,ST024,MED022,48
GR002085,PO002045,2026-01-13,ST024,MED024,72
GR002086,PO002439,2026-01-13,ST024,MED030,30
GR002087,PO001817,2026-01-13,ST025,MED013,48
GR002088,PO001380,2026-01-13,ST025,MED015,72
GR002089,PO002050,2026-01-13,ST025,MED019,24
GR002090,PO001382,2026-01-13,ST025,MED024,72
GR002091,PO001820,2026-01-13,ST025,MED029,72
GR002092,PO002057,2026-01-13,ST026,MED018,48
GR002093,PO002058,2026-01-13,ST026,MED029,72
GR002094,PO002450,2026-01-13,ST026,MED030,36
GR002095,PO002452,2026-01-13,ST027,MED007,24
GR002096,PO002456,2026-01-13,ST027,MED025,48
GR002097,PO002264,2026-01-13,ST028,MED006,60
GR002098,PO002064,2026-01-13,ST028,MED013,36
GR002099,PO002066,2026-01-13,ST028,MED017,72
GR002100,PO002463,2026-01-13,ST028,MED019,24
GR002101,PO002067,2026-01-13,ST029,MED001,72
GR002102,PO001829,2026-01-13,ST029,MED007,24
GR002103,PO002278,2026-01-13,ST029,MED025,36
GR002104,PO001833,2026-01-13,ST030,MED001,72
GR002105,PO001834,2026-01-13,ST030,MED003,24
GR002106,PO002282,2026-01-13,ST030,MED004,48
GR002107,PO001632,2026-01-13,ST030,MED009,60
GR002108,PO001634,2026-01-13,ST030,MED021,60
GR002109,PO001838,2026-01-13,ST030,MED023,72
GR002110,PO002078,2026-01-13,ST030,MED029,48
GR002111,PO002079,2026-01-13,ST031,MED008,24
GR002112,PO002288,2026-01-13,ST031,MED017,60
GR002113,PO002471,2026-01-13,ST032,MED004,60
GR002114,PO001845,2026-01-13,ST032,MED017,60
GR002115,PO002088,2026-01-13,ST032,MED028,48
GR002116,PO002089,2026-01-13,ST033,MED002,60
GR002117,PO002091,2026-01-13,ST033,MED008,24
GR002118,PO001426,2026-01-13,ST033,MED015,72
GR002119,PO001854,2026-01-13,ST033,MED022,42
GR002120,PO001430,2026-01-13,ST033,MED029,72
GR002121,PO002296,2026-01-13,ST034,MED012,60
GR002122,PO002485,2026-01-13,ST034,MED023,72
GR002123,PO002486,2026-01-13,ST034,MED024,72
GR002124,PO002099,2026-01-13,ST034,MED027,72
GR002125,PO002491,2026-01-13,ST035,MED016,48
GR002126,PO002106,2026-01-13,ST035,MED024,72
GR002127,PO002308,2026-01-13,ST036,MED006,60
GR002128,PO002111,2026-01-13,ST036,MED010,24
GR002129,PO001864,2026-01-13,ST036,MED012,60
GR002130,PO002310,2026-01-13,ST036,MED015,72
GR002131,PO002312,2026-01-13,ST036,MED018,48
GR002132,PO001866,2026-01-13,ST037,MED001,72
GR002133,PO002115,2026-01-13,ST037,MED005,72
GR002134,PO001868,2026-01-13,ST037,MED008,24
GR002135,PO001870,2026-01-13,ST037,MED011,60
GR002136,PO001871,2026-01-13,ST037,MED022,42
GR002137,PO002120,2026-01-13,ST038,MED015,72
GR002138,PO002122,2026-01-13,ST038,MED018,48
GR002139,PO002322,2026-01-13,ST039,MED017,72
GR002140,PO001888,2026-01-13,ST040,MED006,72
GR002141,PO001279,2026-01-13,ST040,MED012,72
GR002142,PO001891,2026-01-13,ST040,MED020,48
GR002143,PO002504,2026-01-13,ST040,MED024,72
GR002144,PO002505,2026-01-13,ST040,MED025,48
GR002145,PO002139,2026-01-13,ST040,MED026,72
GR002146,PO002143,2026-01-14,ST001,MED009,60
GR002147,PO001896,2026-01-14,ST001,MED013,48
GR002148,PO001898,2026-01-14,ST001,MED023,60
GR002149,PO001902,2026-01-14,ST001,MED029,72
GR002150,PO001699,2026-01-14,ST002,MED007,24
GR002151,PO002149,2026-01-14,ST002,MED019,24
GR002152,PO001907,2026-01-14,ST002,MED021,54
GR002153,PO001909,2026-01-14,ST002,MED026,72
GR002154,PO002150,2026-01-14,ST003,MED003,24
GR002155,PO001914,2026-01-14,ST003,MED015,96
GR002156,PO002513,2026-01-14,ST003,MED018,48
GR002157,PO001919,2026-01-14,ST003,MED028,48
GR002158,PO001716,2026-01-14,ST004,MED018,48
GR002159,PO002518,2026-01-14,ST004,MED021,66
GR002160,PO002522,2026-01-14,ST005,MED006,60
GR002161,PO002156,2026-01-14,ST005,MED017,72
GR002162,PO002527,2026-01-14,ST005,MED026,72
GR002163,PO002532,2026-01-14,ST006,MED011,60
GR002164,PO002159,2026-01-14,ST006,MED020,48
GR002165,PO001503,2026-01-14,ST006,MED023,60
GR002166,PO001933,2026-01-14,ST007,MED006,60
GR002167,PO002162,2026-01-14,ST007,MED007,24
GR002168,PO002537,2026-01-14,ST007,MED008,24
GR002169,PO002538,2026-01-14,ST007,MED012,60
GR002170,PO002165,2026-01-14,ST007,MED015,72
GR002171,PO002539,2026-01-14,ST007,MED018,48
GR002172,PO002357,2026-01-14,ST007,MED023,60
GR002173,PO001937,2026-01-14,ST007,MED024,72
GR002174,PO002358,2026-01-14,ST007,MED030,30
GR002175,PO002169,2026-01-14,ST008,MED001,72
GR002176,PO001730,2026-01-14,ST008,MED005,60
GR002177,PO002542,2026-01-14,ST008,MED007,24
GR002178,PO002543,2026-01-14,ST008,MED012,60
GR002179,PO002544,2026-01-14,ST008,MED016,48
GR002180,PO001732,2026-01-14,ST008,MED017,60
GR002181,PO002360,2026-01-14,ST008,MED018,48
GR002182,PO001945,2026-01-14,ST008,MED021,54
GR002183,PO002546,2026-01-14,ST008,MED027,72
GR002184,PO001949,2026-01-14,ST009,MED005,72
GR002185,PO001737,2026-01-14,ST009,MED008,24
GR002186,PO002547,2026-01-14,ST009,MED012,60
GR002187,PO002173,2026-01-14,ST009,MED018,48
GR002188,PO002548,2026-01-14,ST009,MED021,54
GR002189,PO002174,2026-01-14,ST009,MED022,42
GR002190,PO001953,2026-01-14,ST009,MED024,72
GR002191,PO002550,2026-01-14,ST010,MED006,60
GR002192,PO002369,2026-01-14,ST011,MED003,24
GR002193,PO002372,2026-01-14,ST011,MED028,48
GR002194,PO001971,2026-01-14,ST012,MED007,24
GR002195,PO002558,2026-01-14,ST012,MED012,60
GR002196,PO001976,2026-01-14,ST013,MED002,60
GR002197,PO002377,2026-01-14,ST013,MED004,48
GR002198,PO002195,2026-01-14,ST013,MED015,96
GR002199,PO002378,2026-01-14,ST013,MED020,48
GR002200,PO001543,2026-01-14,ST013,MED024,72
GR002201,PO002382,2026-01-14,ST014,MED003,24
GR002202,PO002198,2026-01-14,ST014,MED004,48
GR002203,PO002200,2026-01-14,ST014,MED006,60
GR002204,PO001982,2026-01-14,ST014,MED011,60
GR002205,PO001983,2026-01-14,ST014,MED021,54
GR002206,PO001985,2026-01-14,ST014,MED025,36
GR002207,PO001986,2026-01-14,ST014,MED026,72
GR002208,PO002204,2026-01-14,ST014,MED030,30
GR002209,PO002207,2026-01-14,ST015,MED004,48
GR002210,PO001988,2026-01-14,ST015,MED005,72
GR002211,PO001989,2026-01-14,ST015,MED009,60
GR002212,PO001761,2026-01-14,ST015,MED012,60
GR002213,PO002209,2026-01-14,ST015,MED015,72
GR002214,PO002386,2026-01-14,ST015,MED018,48
GR002215,PO002214,2026-01-14,ST016,MED002,66
GR002216,PO001995,2026-01-14,ST016,MED005,72
GR002217,PO001996,2026-01-14,ST016,MED006,60
GR002218,PO001997,2026-01-14,ST016,MED009,60
GR002219,PO002000,2026-01-14,ST016,MED022,42
GR002220,PO002389,2026-01-14,ST016,MED027,72
GR002221,PO002391,2026-01-14,ST017,MED008,24
GR002222,PO002575,2026-01-14,ST017,MED009,60
GR002223,PO002392,2026-01-14,ST017,MED012,72
GR002224,PO002393,2026-01-14,ST017,MED013,48
GR002225,PO002394,2026-01-14,ST017,MED014,48
GR002226,PO002008,2026-01-14,ST017,MED023,60
GR002227,PO002577,2026-01-14,ST017,MED025,36
GR002228,PO002012,2026-01-14,ST018,MED014,48
GR002229,PO002404,2026-01-14,ST018,MED024,72
GR002230,PO002584,2026-01-14,ST019,MED006,72
GR002231,PO002406,2026-01-14,ST019,MED009,60
GR002232,PO001789,2026-01-14,ST019,MED013,48
GR002233,PO002223,2026-01-14,ST019,MED017,72
GR002234,PO002414,2026-01-14,ST019,MED026,72
GR002235,PO002417,2026-01-14,ST020,MED002,72
GR002236,PO002228,2026-01-14,ST020,MED012,72
GR002237,PO002592,2026-01-14,ST020,MED018,48
GR002238,PO002229,2026-01-14,ST020,MED024,72
GR002239,PO002023,2026-01-14,ST021,MED002,66
GR002240,PO002232,2026-01-14,ST021,MED005,72
GR002241,PO002233,2026-01-14,ST021,MED006,60
GR002242,PO002024,2026-01-14,ST021,MED007,24
GR002243,PO002025,2026-01-14,ST021,MED011,66
GR002244,PO002028,2026-01-14,ST021,MED021,60
GR002245,PO002030,2026-01-14,ST021,MED024,72
GR002246,PO002596,2026-01-14,ST021,MED029,72
GR002247,PO002428,2026-01-14,ST021,MED030,30
GR002248,PO002237,2026-01-14,ST022,MED007,24
GR002249,PO002429,2026-01-14,ST022,MED008,24
GR002250,PO002032,2026-01-14,ST022,MED009,60
GR002251,PO002033,2026-01-14,ST022,MED013,36
GR002252,PO002431,2026-01-14,ST022,MED014,48
GR002253,PO002238,2026-01-14,ST022,MED016,48
GR002254,PO002601,2026-01-14,ST022,MED022,42
GR002255,PO002602,2026-01-14,ST022,MED026,72
GR002256,PO002035,2026-01-14,ST022,MED027,84
GR002257,PO002241,2026-01-14,ST022,MED028,48
GR002258,PO002036,2026-01-14,ST023,MED006,60
GR002259,PO002037,2026-01-14,ST023,MED009,60
GR002260,PO001593,2026-01-14,ST023,MED011,66
GR002261,PO002038,2026-01-14,ST023,MED013,48
GR002262,PO002245,2026-01-14,ST023,MED017,60
GR002263,PO002436,2026-01-14,ST023,MED022,42
GR002264,PO002040,2026-01-14,ST023,MED023,60
GR002265,PO002041,2026-01-14,ST023,MED025,36
GR002266,PO002247,2026-01-14,ST024,MED005,60
GR002267,PO001811,2026-01-14,ST024,MED015,72
GR002268,PO002251,2026-01-14,ST024,MED021,66
GR002269,PO002046,2026-01-14,ST024,MED026,72
GR002270,PO002047,2026-01-14,ST024,MED027,72
GR002271,PO002252,2026-01-14,ST024,MED029,48
GR002272,PO002605,2026-01-14,ST025,MED006,60
GR002273,PO002049,2026-01-14,ST025,MED011,60
GR002274,PO002606,2026-01-14,ST025,MED023,72
GR002275,PO002054,2026-01-14,ST026,MED010,24
GR002276,PO002449,2026-01-14,ST026,MED012,72
GR002277,PO002055,2026-01-14,ST026,MED014,48
GR002278,PO002056,2026-01-14,ST026,MED017,60
GR002279,PO001615,2026-01-14,ST026,MED020,48
GR002280,PO002451,2026-01-14,ST027,MED001,72
GR002281,PO002059,2026-01-14,ST027,MED002,66
GR002282,PO002257,2026-01-14,ST027,MED003,24
GR002283,PO001620,2026-01-14,ST027,MED005,60
GR002284,PO002060,2026-01-14,ST027,MED010,24
GR002285,PO001397,2026-01-14,ST027,MED011,72
GR002286,PO002258,2026-01-14,ST027,MED017,60
GR002287,PO002614,2026-01-14,ST027,MED030,30
GR002288,PO002063,2026-01-14,ST028,MED005,60
GR002289,PO002266,2026-01-14,ST028,MED008,24
GR002290,PO002270,2026-01-14,ST028,MED021,60
GR002291,PO002464,2026-01-14,ST028,MED023,60
GR002292,PO002272,2026-01-14,ST028,MED027,84
GR002293,PO002069,2026-01-14,ST029,MED005,60
GR002294,PO002070,2026-01-14,ST029,MED006,60
GR002295,PO002071,2026-01-14,ST029,MED011,60
GR002296,PO002275,2026-01-14,ST029,MED013,48
GR002297,PO002276,2026-01-14,ST029,MED018,48
GR002298,PO002277,2026-01-14,ST029,MED020,48
GR002299,PO002074,2026-01-14,ST029,MED026,72
GR002300,PO002280,2026-01-14,ST029,MED030,30
GR002301,PO002284,2026-01-14,ST030,MED010,24
GR002302,PO002623,2026-01-14,ST030,MED014,48
GR002303,PO002465,2026-01-14,ST030,MED017,60
GR002304,PO002467,2026-01-14,ST030,MED022,48
GR002305,PO002625,2026-01-14,ST030,MED028,48
GR002306,PO002628,2026-01-14,ST031,MED010,24
GR002307,PO002289,2026-01-14,ST031,MED021,54
GR002308,PO002291,2026-01-14,ST032,MED007,24
GR002309,PO002472,2026-01-14,ST032,MED009,60
GR002310,PO001846,2026-01-14,ST032,MED020,48
GR002311,PO002475,2026-01-14,ST032,MED025,36
GR002312,PO002092,2026-01-14,ST033,MED012,72
GR002313,PO002093,2026-01-14,ST033,MED017,60
GR002314,PO001429,2026-01-14,ST033,MED023,60
GR002315,PO002094,2026-01-14,ST033,MED026,72
GR002316,PO002639,2026-01-14,ST033,MED027,72
GR002317,PO002294,2026-01-14,ST034,MED003,24
GR002318,PO002298,2026-01-14,ST034,MED015,72
GR002319,PO001857,2026-01-14,ST034,MED018,48
GR002320,PO002100,2026-01-14,ST034,MED029,72
GR002321,PO002300,2026-01-14,ST034,MED030,36
GR002322,PO002489,2026-01-14,ST035,MED003,24
GR002323,PO002304,2026-01-14,ST035,MED008,24
GR002324,PO002102,2026-01-14,ST035,MED009,60
GR002325,PO002103,2026-01-14,ST035,MED012,60
GR002326,PO002105,2026-01-14,ST035,MED021,54
GR002327,PO002305,2026-01-14,ST035,MED022,42
GR002328,PO002649,2026-01-14,ST035,MED026,72
GR002329,PO002307,2026-01-14,ST035,MED028,48
GR002330,PO002650,2026-01-14,ST035,MED029,72
GR002331,PO002311,2026-01-14,ST036,MED016,48
GR002332,PO002653,2026-01-14,ST036,MED019,24
GR002333,PO002112,2026-01-14,ST036,MED024,72
GR002334,PO002119,2026-01-14,ST037,MED026,72
GR002335,PO002125,2026-01-14,ST038,MED028,48
GR002336,PO002323,2026-01-14,ST039,MED025,36
GR002337,PO002501,2026-01-14,ST039,MED029,48
GR002338,PO001454,2026-01-14,ST040,MED004,48
GR002339,PO002325,2026-01-14,ST040,MED014,48
GR002340,PO001456,2026-01-14,ST040,MED015,72
GR002341,PO002327,2026-01-14,ST040,MED019,24
GR002342,PO002140,2026-01-15,ST001,MED001,72
GR002343,PO002508,2026-01-15,ST001,MED008,24
GR002344,PO002329,2026-01-15,ST001,MED015,72
GR002345,PO002144,2026-01-15,ST001,MED016,48
GR002346,PO002509,2026-01-15,ST001,MED019,24
GR002347,PO002670,2026-01-15,ST001,MED021,60
GR002348,PO001901,2026-01-15,ST001,MED026,72
GR002349,PO001903,2026-01-15,ST002,MED001,72
GR002350,PO002331,2026-01-15,ST002,MED002,72
GR002351,PO002671,2026-01-15,ST002,MED006,60
GR002352,PO002510,2026-01-15,ST002,MED012,60
GR002353,PO002512,2026-01-15,ST002,MED029,72
GR002354,PO001911,2026-01-15,ST003,MED002,66
GR002355,PO002674,2026-01-15,ST003,MED008,24
GR002356,PO002676,2026-01-15,ST003,MED010,24
GR002357,PO002336,2026-01-15,ST003,MED014,48
GR002358,PO001915,2026-01-15,ST003,MED019,24
GR002359,PO001922,2026-01-15,ST004,MED005,72
GR002360,PO002515,2026-01-15,ST004,MED006,60
GR002361,PO002516,2026-01-15,ST004,MED008,24
GR002362,PO002517,2026-01-15,ST004,MED017,60
GR002363,PO002342,2026-01-15,ST004,MED027,72
GR002364,PO002520,2026-01-15,ST005,MED001,72
GR002365,PO002524,2026-01-15,ST005,MED012,60
GR002366,PO002343,2026-01-15,ST005,MED015,72
GR002367,PO002345,2026-01-15,ST005,MED020,48
GR002368,PO002346,2026-01-15,ST005,MED021,54
GR002369,PO002690,2026-01-15,ST005,MED022,42
GR002370,PO002691,2026-01-15,ST005,MED027,72
GR002371,PO002692,2026-01-15,ST005,MED029,72
GR002372,PO002694,2026-01-15,ST006,MED013,36
GR002373,PO002351,2026-01-15,ST006,MED015,96
GR002374,PO002697,2026-01-15,ST006,MED026,72
GR002375,PO002163,2026-01-15,ST007,MED009,60
GR002376,PO002164,2026-01-15,ST007,MED011,78
GR002377,PO002355,2026-01-15,ST007,MED013,48
GR002378,PO002356,2026-01-15,ST007,MED016,48
GR002379,PO002168,2026-01-15,ST007,MED027,72
GR002380,PO002541,2026-01-15,ST008,MED002,66
GR002381,PO002545,2026-01-15,ST008,MED022,48
GR002382,PO001738,2026-01-15,ST009,MED009,72
GR002383,PO002365,2026-01-15,ST009,MED029,72
GR002384,PO002551,2026-01-15,ST010,MED009,72
GR002385,PO002178,2026-01-15,ST010,MED016,48
GR002386,PO002366,2026-01-15,ST010,MED017,72
GR002387,PO002180,2026-01-15,ST010,MED019,24
GR002388,PO002182,2026-01-15,ST010,MED027,72
GR002389,PO002183,2026-01-15,ST010,MED029,72
GR002390,PO002710,2026-01-15,ST011,MED005,72
GR002391,PO002184,2026-01-15,ST011,MED009,72
GR002392,PO002715,2026-01-15,ST011,MED024,72
GR002393,PO002556,2026-01-15,ST012,MED001,72
GR002394,PO002557,2026-01-15,ST012,MED002,72
GR002395,PO002186,2026-01-15,ST012,MED003,24
GR002396,PO002373,2026-01-15,ST012,MED004,60
GR002397,PO002188,2026-01-15,ST012,MED017,72
GR002398,PO002189,2026-01-15,ST012,MED022,54
GR002399,PO002192,2026-01-15,ST013,MED008,24
GR002400,PO002725,2026-01-15,ST013,MED013,48
GR002401,PO002380,2026-01-15,ST013,MED026,72
GR002402,PO002730,2026-01-15,ST013,MED030,36
GR002403,PO002564,2026-01-15,ST014,MED013,48
GR002404,PO002566,2026-01-15,ST014,MED018,48
GR002405,PO002383,2026-01-15,ST014,MED020,48
GR002406,PO002205,2026-01-15,ST015,MED001,72
GR002407,PO002569,2026-01-15,ST015,MED019,24
GR002408,PO001992,2026-01-15,ST015,MED024,72
GR002409,PO002212,2026-01-15,ST015,MED025,36
GR002410,PO002570,2026-01-15,ST015,MED028,48
GR002411,PO001769,2026-01-15,ST016,MED010,24
GR002412,PO002571,2026-01-15,ST016,MED012,60
GR002413,PO002572,2026-01-15,ST016,MED014,48
GR002414,PO002733,2026-01-15,ST016,MED023,60
GR002415,PO002734,2026-01-15,ST017,MED004,48
GR002416,PO002216,2026-01-15,ST017,MED006,72
GR002417,PO002736,2026-01-15,ST017,MED010,24
GR002418,PO002396,2026-01-15,ST017,MED019,24
GR002419,PO002218,2026-01-15,ST017,MED022,42
GR002420,PO002741,2026-01-15,ST018,MED015,72
GR002421,PO002403,2026-01-15,ST018,MED020,48
GR002422,PO002743,2026-01-15,ST018,MED022,48
GR002423,PO002580,2026-01-15,ST018,MED023,72
GR002424,PO002407,2026-01-15,ST019,MED011,84
GR002425,PO002585,2026-01-15,ST019,MED018,48
GR002426,PO002411,2026-01-15,ST019,MED021,54
GR002427,PO002225,2026-01-15,ST019,MED025,36
GR002428,PO002226,2026-01-15,ST020,MED006,60
GR002429,PO002420,2026-01-15,ST020,MED017,72
GR002430,PO002750,2026-01-15,ST020,MED029,48
GR002431,PO002425,2026-01-15,ST021,MED017,72
GR002432,PO002752,2026-01-15,ST021,MED028,48
GR002433,PO002598,2026-01-15,ST022,MED015,72
GR002434,PO002600,2026-01-15,ST022,MED018,48
GR002435,PO002240,2026-01-15,ST022,MED020,48
GR002436,PO002243,2026-01-15,ST023,MED012,60
GR002437,PO002435,2026-01-15,ST023,MED018,48
GR002438,PO002246,2026-01-15,ST024,MED002,66
GR002439,PO002760,2026-01-15,ST024,MED006,60
GR002440,PO002766,2026-01-15,ST025,MED005,72
GR002441,PO002442,2026-01-15,ST025,MED014,48
GR002442,PO002051,2026-01-15,ST025,MED020,48
GR002443,PO002253,2026-01-15,ST025,MED022,42
GR002444,PO002444,2026-01-15,ST025,MED027,84
GR002445,PO002773,2026-01-15,ST025,MED030,36
GR002446,PO002607,2026-01-15,ST026,MED002,60
GR002447,PO002445,2026-01-15,ST026,MED006,60
GR002448,PO002446,2026-01-15,ST026,MED007,24
GR002449,PO002447,2026-01-15,ST026,MED009,72
GR002450,PO002448,2026-01-15,ST026,MED011,66
GR002451,PO002453,2026-01-15,ST027,MED009,60
GR002452,PO002780,2026-01-15,ST027,MED012,60
GR002453,PO002454,2026-01-15,ST027,MED015,72
GR002454,PO002259,2026-01-15,ST027,MED019,24
GR002455,PO002455,2026-01-15,ST027,MED020,48
GR002456,PO002782,2026-01-15,ST027,MED022,42
GR002457,PO002786,2026-01-15,ST027,MED028,48
GR002458,PO002458,2026-01-15,ST027,MED029,48
GR002459,PO002459,2026-01-15,ST028,MED001,72
GR002460,PO002787,2026-01-15,ST028,MED002,60
GR002461,PO002263,2026-01-15,ST028,MED004,48
GR002462,PO002267,2026-01-15,ST028,MED009,60
GR002463,PO002460,2026-01-15,ST028,MED010,24
GR002464,PO002269,2026-01-15,ST028,MED020,48
GR002465,PO002273,2026-01-15,ST028,MED029,72
GR002466,PO002617,2026-01-15,ST029,MED008,24
GR002467,PO002618,2026-01-15,ST029,MED010,24
GR002468,PO002279,2026-01-15,ST029,MED028,48
GR002469,PO002281,2026-01-15,ST030,MED002,78
GR002470,PO001835,2026-01-15,ST030,MED005,72
GR002471,PO002283,2026-01-15,ST030,MED007,24
GR002472,PO002622,2026-01-15,ST030,MED012,60
GR002473,PO002626,2026-01-15,ST031,MED002,72
GR002474,PO002287,2026-01-15,ST031,MED004,48
GR002475,PO002080,2026-01-15,ST031,MED009,60
GR002476,PO002629,2026-01-15,ST031,MED011,66
GR002477,PO002469,2026-01-15,ST031,MED024,72
GR002478,PO002290,2026-01-15,ST032,MED002,60
GR002479,PO002633,2026-01-15,ST032,MED006,60
GR002480,PO002804,2026-01-15,ST032,MED018,48
GR002481,PO002473,2026-01-15,ST032,MED019,24
GR002482,PO002293,2026-01-15,ST032,MED026,72
GR002483,PO002476,2026-01-15,ST032,MED027,84
GR002484,PO002479,2026-01-15,ST033,MED009,72
GR002485,PO002480,2026-01-15,ST033,MED014,48
GR002486,PO002809,2026-01-15,ST033,MED018,48
GR002487,PO002482,2026-01-15,ST033,MED030,30
GR002488,PO002640,2026-01-15,ST034,MED001,72
GR002489,PO002295,2026-01-15,ST034,MED005,72
GR002490,PO001658,2026-01-15,ST034,MED006,60
GR002491,PO002641,2026-01-15,ST034,MED009,60
GR002492,PO002642,2026-01-15,ST034,MED011,66
GR002493,PO002812,2026-01-15,ST034,MED013,48
GR002494,PO002814,2026-01-15,ST034,MED026,72
GR002495,PO002487,2026-01-15,ST034,MED028,48
GR002496,PO002301,2026-01-15,ST035,MED002,66
GR002497,PO002646,2026-01-15,ST035,MED010,24
GR002498,PO002490,2026-01-15,ST035,MED013,48
GR002499,PO002648,2026-01-15,ST035,MED018,48
GR002500,PO002492,2026-01-15,ST035,MED020,48
GR002501,PO002495,2026-01-15,ST036,MED029,48
GR002502,PO002314,2026-01-15,ST037,MED002,60
GR002503,PO002658,2026-01-15,ST037,MED012,60
GR002504,PO002315,2026-01-15,ST037,MED025,36
GR002505,PO001676,2026-01-15,ST038,MED001,72
GR002506,PO002497,2026-01-15,ST038,MED002,60
GR002507,PO002823,2026-01-15,ST038,MED010,24
GR002508,PO002660,2026-01-15,ST038,MED011,60
GR002509,PO002121,2026-01-15,ST038,MED017,60
GR002510,PO002317,2026-01-15,ST038,MED022,48
GR002511,PO002826,2026-01-15,ST038,MED025,36
GR002512,PO002661,2026-01-15,ST039,MED005,72
GR002513,PO002829,2026-01-15,ST039,MED006,60
GR002514,PO002318,2026-01-15,ST039,MED008,24
GR002515,PO002130,2026-01-15,ST039,MED012,60
GR002516,PO002500,2026-01-15,ST039,MED022,36
GR002517,PO002665,2026-01-15,ST040,MED007,24
GR002518,PO002324,2026-01-15,ST040,MED010,24
GR002519,PO002326,2026-01-15,ST040,MED017,72
GR002520,PO002507,2026-01-15,ST040,MED030,30
GR002521,PO002668,2026-01-16,ST001,MED012,60
GR002522,PO002838,2026-01-16,ST001,MED022,42
GR002523,PO001899,2026-01-16,ST001,MED024,72
GR002524,PO002330,2026-01-16,ST001,MED030,30
GR002525,PO002672,2026-01-16,ST002,MED011,60
GR002526,PO002332,2026-01-16,ST002,MED016,48
GR002527,PO002843,2026-01-16,ST002,MED022,36
GR002528,PO002333,2026-01-16,ST002,MED027,72
GR002529,PO002334,2026-01-16,ST002,MED028,48
GR002530,PO002673,2026-01-16,ST003,MED007,24
GR002531,PO002514,2026-01-16,ST003,MED022,42
GR002532,PO002338,2026-01-16,ST003,MED027,72
GR002533,PO002850,2026-01-16,ST004,MED002,60
GR002534,PO002681,2026-01-16,ST004,MED004,48
GR002535,PO002339,2026-01-16,ST004,MED007,24
GR002536,PO002683,2026-01-16,ST004,MED015,72
GR002537,PO001715,2026-01-16,ST004,MED016,48
GR002538,PO002521,2026-01-16,ST005,MED002,60
GR002539,PO002686,2026-01-16,ST005,MED009,60
GR002540,PO002344,2026-01-16,ST005,MED016,48
GR002541,PO002688,2026-01-16,ST005,MED018,48
GR002542,PO002689,2026-01-16,ST005,MED019,24
GR002543,PO002525,2026-01-16,ST005,MED023,60
GR002544,PO002347,2026-01-16,ST005,MED025,48
GR002545,PO002529,2026-01-16,ST006,MED001,72
GR002546,PO002857,2026-01-16,ST006,MED002,66
GR002547,PO002530,2026-01-16,ST006,MED006,60
GR002548,PO002349,2026-01-16,ST006,MED007,24
GR002549,PO002858,2026-01-16,ST006,MED008,24
GR002550,PO002531,2026-01-16,ST006,MED009,72
GR002551,PO002693,2026-01-16,ST006,MED010,24
GR002552,PO002350,2026-01-16,ST006,MED012,72
GR002553,PO002160,2026-01-16,ST006,MED021,54
GR002554,PO002352,2026-01-16,ST006,MED022,42
GR002555,PO002696,2026-01-16,ST006,MED025,36
GR002556,PO002698,2026-01-16,ST007,MED001,72
GR002557,PO002699,2026-01-16,ST007,MED002,66
GR002558,PO002863,2026-01-16,ST007,MED022,48
GR002559,PO002540,2026-01-16,ST007,MED028,48
GR002560,PO002359,2026-01-16,ST008,MED003,24
GR002561,PO002866,2026-01-16,ST008,MED010,24
GR002562,PO002700,2026-01-16,ST008,MED014,48
GR002563,PO002701,2026-01-16,ST009,MED004,48
GR002564,PO002871,2026-01-16,ST009,MED015,72
GR002565,PO001951,2026-01-16,ST009,MED016,48
GR002566,PO002363,2026-01-16,ST009,MED017,72
GR002567,PO002364,2026-01-16,ST009,MED028,48
GR002568,PO002709,2026-01-16,ST010,MED012,60
GR002569,PO002552,2026-01-16,ST010,MED014,48
GR002570,PO002553,2026-01-16,ST010,MED022,42
GR002571,PO002876,2026-01-16,ST011,MED001,72
GR002572,PO002554,2026-01-16,ST011,MED004,60
GR002573,PO002371,2026-01-16,ST011,MED012,60
GR002574,PO002880,2026-01-16,ST011,MED022,42
GR002575,PO002881,2026-01-16,ST011,MED023,72
GR002576,PO002716,2026-01-16,ST011,MED025,36
GR002577,PO002883,2026-01-16,ST011,MED029,72
GR002578,PO002885,2026-01-16,ST012,MED005,72
GR002579,PO002889,2026-01-16,ST012,MED018,48
GR002580,PO002720,2026-01-16,ST012,MED025,36
GR002581,PO002560,2026-01-16,ST012,MED026,72
GR002582,PO002891,2026-01-16,ST012,MED027,84
GR002583,PO002376,2026-01-16,ST013,MED001,72
GR002584,PO002723,2026-01-16,ST013,MED010,24
GR002585,PO002726,2026-01-16,ST013,MED016,48
GR002586,PO002379,2026-01-16,ST013,MED021,66
GR002587,PO002729,2026-01-16,ST013,MED029,72
GR002588,PO002384,2026-01-16,ST014,MED028,48
GR002589,PO002732,2026-01-16,ST015,MED006,60
GR002590,PO002385,2026-01-16,ST015,MED007,24
GR002591,PO002901,2026-01-16,ST015,MED010,24
GR002592,PO002573,2026-01-16,ST016,MED017,60
GR002593,PO002388,2026-01-16,ST016,MED019,24
GR002594,PO001772,2026-01-16,ST016,MED021,54
GR002595,PO002390,2026-01-16,ST017,MED002,66
GR002596,PO002911,2026-01-16,ST017,MED027,72
GR002597,PO002397,2026-01-16,ST018,MED002,66
GR002598,PO002738,2026-01-16,ST018,MED003,24
GR002599,PO002400,2026-01-16,ST018,MED012,72
GR002600,PO002581,2026-01-16,ST018,MED027,84
GR002601,PO002746,2026-01-16,ST019,MED002,72
GR002602,PO002583,2026-01-16,ST019,MED004,48
GR002603,PO002016,2026-01-16,ST019,MED005,60
GR002604,PO002408,2026-01-16,ST019,MED014,48
GR002605,PO002586,2026-01-16,ST019,MED019,24
GR002606,PO002587,2026-01-16,ST019,MED020,48
GR002607,PO002412,2026-01-16,ST019,MED023,60
GR002608,PO002416,2026-01-16,ST020,MED001,72
GR002609,PO002589,2026-01-16,ST020,MED004,48
GR002610,PO002418,2026-01-16,ST020,MED007,24
GR002611,PO002591,2026-01-16,ST020,MED016,48
GR002612,PO002749,2026-01-16,ST020,MED023,72
GR002613,PO002421,2026-01-16,ST020,MED025,48
GR002614,PO002922,2026-01-16,ST020,MED027,84
GR002615,PO002422,2026-01-16,ST021,MED001,72
GR002616,PO002924,2026-01-16,ST021,MED003,24
GR002617,PO002751,2026-01-16,ST021,MED022,42
GR002618,PO002597,2026-01-16,ST022,MED002,66
GR002619,PO002430,2026-01-16,ST022,MED010,24
GR002620,PO002928,2026-01-16,ST022,MED023,60
GR002621,PO002432,2026-01-16,ST022,MED030,36
GR002622,PO002433,2026-01-16,ST023,MED003,24
GR002623,PO002437,2026-01-16,ST023,MED027,84
GR002624,PO002604,2026-01-16,ST024,MED012,60
GR002625,PO002940,2026-01-16,ST024,MED028,48
GR002626,PO002943,2026-01-16,ST025,MED015,72
GR002627,PO002443,2026-01-16,ST025,MED017,72
GR002628,PO002770,2026-01-16,ST025,MED021,60
GR002629,PO002944,2026-01-16,ST025,MED024,84
GR002630,PO002772,2026-01-16,ST025,MED026,72
GR002631,PO002608,2026-01-16,ST026,MED005,60
GR002632,PO002775,2026-01-16,ST026,MED015,72
GR002633,PO002948,2026-01-16,ST026,MED022,42
GR002634,PO002778,2026-01-16,ST026,MED025,48
GR002635,PO002949,2026-01-16,ST026,MED026,72
GR002636,PO002611,2026-01-16,ST027,MED004,48
GR002637,PO002613,2026-01-16,ST027,MED013,48
GR002638,PO002457,2026-01-16,ST027,MED026,72
GR002639,PO002462,2026-01-16,ST028,MED016,48
GR002640,PO002789,2026-01-16,ST028,MED022,42
GR002641,PO002616,2026-01-16,ST028,MED030,30
GR002642,PO002791,2026-01-16,ST029,MED002,66
GR002643,PO002274,2026-01-16,ST029,MED004,48
GR002644,PO002792,2026-01-16,ST029,MED012,60
GR002645,PO002621,2026-01-16,ST029,MED029,72
GR002646,PO002958,2026-01-16,ST030,MED011,66
GR002647,PO002466,2026-01-16,ST030,MED019,24
GR002648,PO002468,2026-01-16,ST030,MED027,84
GR002649,PO002796,2026-01-16,ST031,MED005,72
GR002650,PO002627,2026-01-16,ST031,MED006,60
GR002651,PO002967,2026-01-16,ST031,MED020,48
GR002652,PO002630,2026-01-16,ST031,MED025,36
GR002653,PO002631,2026-01-16,ST031,MED027,72
GR002654,PO002632,2026-01-16,ST031,MED028,48
GR002655,PO002086,2026-01-16,ST031,MED030,36
GR002656,PO002799,2026-01-16,ST032,MED005,72
GR002657,PO002800,2026-01-16,ST032,MED008,24
GR002658,PO002801,2026-01-16,ST032,MED010,36
GR002659,PO002803,2026-01-16,ST032,MED017,60
GR002660,PO002971,2026-01-16,ST032,MED023,72
GR002661,PO002806,2026-01-16,ST033,MED001,72
GR002662,PO002974,2026-01-16,ST033,MED005,72
GR002663,PO002477,2026-01-16,ST033,MED006,60
GR002664,PO002478,2026-01-16,ST033,MED007,24
GR002665,PO001849,2026-01-16,ST033,MED010,24
GR002666,PO002975,2026-01-16,ST033,MED013,48
GR002667,PO002481,2026-01-16,ST033,MED016,48
GR002668,PO002811,2026-01-16,ST034,MED004,60
GR002669,PO002483,2026-01-16,ST034,MED010,36
GR002670,PO002297,2026-01-16,ST034,MED014,48
GR002671,PO002484,2026-01-16,ST034,MED017,84
GR002672,PO002643,2026-01-16,ST034,MED019,24
GR002673,PO002813,2026-01-16,ST034,MED020,48
GR002674,PO002644,2026-01-16,ST034,MED021,72
GR002675,PO002488,2026-01-16,ST035,MED001,72
GR002676,PO002647,2026-01-16,ST035,MED017,72
GR002677,PO002651,2026-01-16,ST036,MED002,66
GR002678,PO002652,2026-01-16,ST036,MED017,72
GR002679,PO002493,2026-01-16,ST036,MED021,60
GR002680,PO002988,2026-01-16,ST036,MED022,36
GR002681,PO002494,2026-01-16,ST036,MED023,72
GR002682,PO002654,2026-01-16,ST036,MED026,72
GR002683,PO002655,2026-01-16,ST036,MED027,72
GR002684,PO002656,2026-01-16,ST036,MED030,30
GR002685,PO002819,2026-01-16,ST037,MED019,24
GR002686,PO002496,2026-01-16,ST037,MED027,72
GR002687,PO002659,2026-01-16,ST038,MED005,72
GR002688,PO002822,2026-01-16,ST038,MED007,24
GR002689,PO002498,2026-01-16,ST038,MED009,60
GR002690,PO002824,2026-01-16,ST038,MED012,60
GR002691,PO002499,2026-01-16,ST038,MED021,54
GR002692,PO002135,2026-01-16,ST039,MED026,72
GR002693,PO002832,2026-01-16,ST039,MED027,72
GR002694,PO002502,2026-01-16,ST040,MED002,60
GR002695,PO002503,2026-01-16,ST040,MED009,72
GR002696,PO002666,2026-01-16,ST040,MED011,72
GR002697,PO001893,2026-01-16,ST040,MED023,72
GR002698,PO002667,2026-01-17,ST001,MED002,66
GR002699,PO002839,2026-01-17,ST001,MED027,72
GR002700,PO003015,2026-01-17,ST002,MED014,48
GR002701,PO003016,2026-01-17,ST002,MED017,72
GR002702,PO003023,2026-01-17,ST003,MED001,72
GR002703,PO003025,2026-01-17,ST003,MED006,60
GR002704,PO002844,2026-01-17,ST003,MED011,66
GR002705,PO002337,2026-01-17,ST003,MED016,48
GR002706,PO002677,2026-01-17,ST003,MED017,72
GR002707,PO002680,2026-01-17,ST003,MED030,30
GR002708,PO002853,2026-01-17,ST004,MED022,42
GR002709,PO002519,2026-01-17,ST004,MED025,36
GR002710,PO003031,2026-01-17,ST005,MED005,72
GR002711,PO002526,2026-01-17,ST005,MED024,72
GR002712,PO002528,2026-01-17,ST005,MED030,30
GR002713,PO003033,2026-01-17,ST006,MED004,48
GR002714,PO002533,2026-01-17,ST006,MED014,48
GR002715,PO002859,2026-01-17,ST006,MED016,48
GR002716,PO002695,2026-01-17,ST006,MED017,72
GR002717,PO002534,2026-01-17,ST006,MED018,48
GR002718,PO002535,2026-01-17,ST006,MED027,72
GR002719,PO002861,2026-01-17,ST006,MED028,48
GR002720,PO002536,2026-01-17,ST006,MED029,72
GR002721,PO002862,2026-01-17,ST007,MED010,36
GR002722,PO002166,2026-01-17,ST007,MED019,24
GR002723,PO002868,2026-01-17,ST009,MED003,24
GR002724,PO002704,2026-01-17,ST009,MED023,60
GR002725,PO002705,2026-01-17,ST009,MED027,72
GR002726,PO003046,2026-01-17,ST010,MED001,72
GR002727,PO002707,2026-01-17,ST010,MED005,72
GR002728,PO002708,2026-01-17,ST010,MED011,72
GR002729,PO002179,2026-01-17,ST010,MED018,48
GR002730,PO003047,2026-01-17,ST010,MED020,48
GR002731,PO002874,2026-01-17,ST010,MED021,54
GR002732,PO003049,2026-01-17,ST010,MED025,36
GR002733,PO002875,2026-01-17,ST010,MED026,72
GR002734,PO002367,2026-01-17,ST010,MED028,48
GR002735,PO002555,2026-01-17,ST011,MED006,60
GR002736,PO002711,2026-01-17,ST011,MED007,24
GR002737,PO002712,2026-01-17,ST011,MED013,48
GR002738,PO002878,2026-01-17,ST011,MED016,48
GR002739,PO002882,2026-01-17,ST011,MED027,84
GR002740,PO002886,2026-01-17,ST012,MED006,60
GR002741,PO003053,2026-01-17,ST012,MED011,72
GR002742,PO003055,2026-01-17,ST012,MED023,72
GR002743,PO002561,2026-01-17,ST012,MED028,48
GR002744,PO002721,2026-01-17,ST012,MED030,30
GR002745,PO002892,2026-01-17,ST013,MED002,60
GR002746,PO002562,2026-01-17,ST013,MED006,60
GR002747,PO002722,2026-01-17,ST013,MED007,24
GR002748,PO002563,2026-01-17,ST013,MED017,72
GR002749,PO002728,2026-01-17,ST013,MED025,36
GR002750,PO002896,2026-01-17,ST014,MED002,60
GR002751,PO002199,2026-01-17,ST014,MED005,72
GR002752,PO002565,2026-01-17,ST014,MED016,48
GR002753,PO002899,2026-01-17,ST014,MED017,72
GR002754,PO002203,2026-01-17,ST014,MED024,72
GR002755,PO002900,2026-01-17,ST014,MED027,72
GR002756,PO002567,2026-01-17,ST015,MED002,60
GR002757,PO002568,2026-01-17,ST015,MED008,24
GR002758,PO002902,2026-01-17,ST015,MED021,54
GR002759,PO003063,2026-01-17,ST015,MED022,42
GR002760,PO003065,2026-01-17,ST015,MED027,84
GR002761,PO002387,2026-01-17,ST016,MED013,48
GR002762,PO003067,2026-01-17,ST016,MED016,48
GR002763,PO002574,2026-01-17,ST016,MED029,72
GR002764,PO003071,2026-01-17,ST016,MED030,30
GR002765,PO002735,2026-01-17,ST017,MED007,24
GR002766,PO002576,2026-01-17,ST017,MED016,48
GR002767,PO002217,2026-01-17,ST017,MED017,60
GR002768,PO003072,2026-01-17,ST017,MED020,48
GR002769,PO003073,2026-01-17,ST017,MED021,60
GR002770,PO002009,2026-01-17,ST017,MED026,72
GR002771,PO002578,2026-01-17,ST018,MED005,60
GR002772,PO003076,2026-01-17,ST018,MED010,36
GR002773,PO002914,2026-01-17,ST018,MED025,36
GR002774,PO002582,2026-01-17,ST018,MED030,30
GR002775,PO002745,2026-01-17,ST019,MED001,72
GR002776,PO002405,2026-01-17,ST019,MED007,24
GR002777,PO002222,2026-01-17,ST019,MED012,60
GR002778,PO002915,2026-01-17,ST019,MED022,42
GR002779,PO002588,2026-01-17,ST019,MED027,72
GR002780,PO003080,2026-01-17,ST020,MED002,72
GR002781,PO002590,2026-01-17,ST020,MED013,48
GR002782,PO002748,2026-01-17,ST020,MED015,96
GR002783,PO002921,2026-01-17,ST020,MED022,48
GR002784,PO002593,2026-01-17,ST020,MED026,72
GR002785,PO003084,2026-01-17,ST020,MED030,30
GR002786,PO002594,2026-01-17,ST021,MED013,48
GR002787,PO002595,2026-01-17,ST021,MED018,48
GR002788,PO002925,2026-01-17,ST021,MED019,24
GR002789,PO002926,2026-01-17,ST021,MED027,72
GR002790,PO002927,2026-01-17,ST022,MED011,66
GR002791,PO002754,2026-01-17,ST022,MED012,60
GR002792,PO002034,2026-01-17,ST022,MED025,36
GR002793,PO002242,2026-01-17,ST023,MED001,72
GR002794,PO002930,2026-01-17,ST023,MED005,60
GR002795,PO002756,2026-01-17,ST023,MED008,24
GR002796,PO003086,2026-01-17,ST023,MED009,60
GR002797,PO002757,2026-01-17,ST023,MED010,24
GR002798,PO002759,2026-01-17,ST023,MED019,24
GR002799,PO003088,2026-01-17,ST023,MED023,60
GR002800,PO003090,2026-01-17,ST023,MED029,72
GR002801,PO002934,2026-01-17,ST024,MED007,24
GR002802,PO002762,2026-01-17,ST024,MED011,60
GR002803,PO002935,2026-01-17,ST024,MED013,48
GR002804,PO003093,2026-01-17,ST024,MED016,48
GR002805,PO003094,2026-01-17,ST024,MED027,72
GR002806,PO002941,2026-01-17,ST025,MED001,72
GR002807,PO002765,2026-01-17,ST025,MED002,72
GR002808,PO002942,2026-01-17,ST025,MED004,48
GR002809,PO003096,2026-01-17,ST025,MED007,24
GR002810,PO002441,2026-01-17,ST025,MED012,72
GR002811,PO003098,2026-01-17,ST025,MED013,48
GR002812,PO002945,2026-01-17,ST026,MED001,72
GR002813,PO002946,2026-01-17,ST026,MED003,24
GR002814,PO002609,2026-01-17,ST026,MED016,48
GR002815,PO002776,2026-01-17,ST026,MED021,66
GR002816,PO002610,2026-01-17,ST026,MED027,84
GR002817,PO003102,2026-01-17,ST027,MED002,72
GR002818,PO002612,2026-01-17,ST027,MED008,24
GR002819,PO003104,2026-01-17,ST027,MED010,24
GR002820,PO002952,2026-01-17,ST027,MED017,60
GR002821,PO002783,2026-01-17,ST027,MED023,60
GR002822,PO002461,2026-01-17,ST028,MED014,48
GR002823,PO002615,2026-01-17,ST028,MED018,48
GR002824,PO002955,2026-01-17,ST029,MED014,48
GR002825,PO002793,2026-01-17,ST029,MED019,24
GR002826,PO002620,2026-01-17,ST029,MED022,42
GR002827,PO003110,2026-01-17,ST029,MED023,60
GR002828,PO002794,2026-01-17,ST029,MED027,72
GR002829,PO002795,2026-01-17,ST030,MED006,60
GR002830,PO002624,2026-01-17,ST030,MED018,48
GR002831,PO003114,2026-01-17,ST030,MED029,48
GR002832,PO002286,2026-01-17,ST031,MED003,24
GR002833,PO002964,2026-01-17,ST031,MED007,24
GR002834,PO002965,2026-01-17,ST031,MED012,72
GR002835,PO003115,2026-01-17,ST031,MED013,48
GR002836,PO002966,2026-01-17,ST031,MED016,48
GR002837,PO002084,2026-01-17,ST031,MED026,72
GR002838,PO002969,2026-01-17,ST032,MED001,72
GR002839,PO002634,2026-01-17,ST032,MED011,60
GR002840,PO002635,2026-01-17,ST032,MED012,72
GR002841,PO002802,2026-01-17,ST032,MED015,96
GR002842,PO003119,2026-01-17,ST032,MED016,48
GR002843,PO002805,2026-01-17,ST032,MED021,54
GR002844,PO002807,2026-01-17,ST033,MED002,60
GR002845,PO003121,2026-01-17,ST033,MED017,72
GR002846,PO002977,2026-01-17,ST033,MED020,48
GR002847,PO002637,2026-01-17,ST033,MED021,60
GR002848,PO003122,2026-01-17,ST033,MED023,72
GR002849,PO002638,2026-01-17,ST033,MED024,84
GR002850,PO002810,2026-01-17,ST034,MED002,72
GR002851,PO003125,2026-01-17,ST034,MED008,24
GR002852,PO002981,2026-01-17,ST034,MED016,48
GR002853,PO002982,2026-01-17,ST034,MED027,84
GR002854,PO002984,2026-01-17,ST035,MED019,24
GR002855,PO003130,2026-01-17,ST035,MED022,42
GR002856,PO002306,2026-01-17,ST035,MED023,60
GR002857,PO002986,2026-01-17,ST035,MED030,30
GR002858,PO002309,2026-01-17,ST036,MED007,24
GR002859,PO002816,2026-01-17,ST036,MED013,48
GR002860,PO002817,2026-01-17,ST036,MED014,48
GR002861,PO002657,2026-01-17,ST037,MED006,60
GR002862,PO002818,2026-01-17,ST037,MED010,24
GR002863,PO002993,2026-01-17,ST037,MED014,48
GR002864,PO002995,2026-01-17,ST037,MED018,48
GR002865,PO003142,2026-01-17,ST037,MED020,48
GR002866,PO002996,2026-01-17,ST037,MED022,42
GR002867,PO003148,2026-01-17,ST038,MED016,48
GR002868,PO003000,2026-01-17,ST038,MED023,72
GR002869,PO003001,2026-01-17,ST038,MED024,72
GR002870,PO003002,2026-01-17,ST038,MED029,48
GR002871,PO002663,2026-01-17,ST039,MED009,60
GR002872,PO002320,2026-01-17,ST039,MED014,48
GR002873,PO003005,2026-01-17,ST039,MED017,60
GR002874,PO003157,2026-01-17,ST039,MED022,42
GR002875,PO002833,2026-01-17,ST040,MED001,72
GR002876,PO003160,2026-01-17,ST040,MED012,84
GR002877,PO002835,2026-01-17,ST040,MED016,48
GR002878,PO002836,2026-01-17,ST040,MED021,66
GR002879,PO003163,2026-01-17,ST040,MED026,72
GR002880,PO003164,2026-01-18,ST001,MED006,60
GR002881,PO002669,2026-01-18,ST001,MED014,48
GR002882,PO003012,2026-01-18,ST001,MED017,60
GR002883,PO003013,2026-01-18,ST001,MED025,48
GR002884,PO002840,2026-01-18,ST002,MED004,48
GR002885,PO003168,2026-01-18,ST002,MED005,60
GR002886,PO002841,2026-01-18,ST002,MED009,60
GR002887,PO002511,2026-01-18,ST002,MED018,48
GR002888,PO003171,2026-01-18,ST002,MED019,24
GR002889,PO003018,2026-01-18,ST002,MED021,60
GR002890,PO003020,2026-01-18,ST002,MED024,84
GR002891,PO003021,2026-01-18,ST002,MED025,36
GR002892,PO002675,2026-01-18,ST003,MED009,60
GR002893,PO002845,2026-01-18,ST003,MED012,60
GR002894,PO002847,2026-01-18,ST003,MED021,66
GR002895,PO002679,2026-01-18,ST003,MED025,36
GR002896,PO002849,2026-01-18,ST004,MED001,72
GR002897,PO002851,2026-01-18,ST004,MED009,60
GR002898,PO003175,2026-01-18,ST004,MED011,66
GR002899,PO002684,2026-01-18,ST004,MED023,72
GR002900,PO002854,2026-01-18,ST004,MED024,72
GR002901,PO003177,2026-01-18,ST004,MED026,72
GR002902,PO003179,2026-01-18,ST004,MED029,72
GR002903,PO002685,2026-01-18,ST005,MED004,60
GR002904,PO003191,2026-01-18,ST006,MED020,48
GR002905,PO003034,2026-01-18,ST006,MED023,72
GR002906,PO003037,2026-01-18,ST008,MED005,60
GR002907,PO003039,2026-01-18,ST008,MED017,72
GR002908,PO003198,2026-01-18,ST008,MED026,72
GR002909,PO002867,2026-01-18,ST008,MED029,72
GR002910,PO003201,2026-01-18,ST009,MED005,60
GR002911,PO002869,2026-01-18,ST009,MED006,60
GR002912,PO003202,2026-01-18,ST009,MED008,24
GR002913,PO002702,2026-01-18,ST009,MED013,48
GR002914,PO002703,2026-01-18,ST009,MED014,48
GR002915,PO003203,2026-01-18,ST009,MED019,24
GR002916,PO003045,2026-01-18,ST009,MED025,36
GR002917,PO002706,2026-01-18,ST010,MED002,60
GR002918,PO003206,2026-01-18,ST010,MED004,48
GR002919,PO002873,2026-01-18,ST010,MED015,72
GR002920,PO003050,2026-01-18,ST010,MED030,30
GR002921,PO002877,2026-01-18,ST011,MED015,72
GR002922,PO002713,2026-01-18,ST011,MED017,60
GR002923,PO003213,2026-01-18,ST011,MED018,48
GR002924,PO002717,2026-01-18,ST011,MED026,72
GR002925,PO002884,2026-01-18,ST011,MED030,30
GR002926,PO003220,2026-01-18,ST012,MED015,72
GR002927,PO003054,2026-01-18,ST012,MED019,24
GR002928,PO002718,2026-01-18,ST012,MED021,66
GR002929,PO002719,2026-01-18,ST012,MED024,72
GR002930,PO002893,2026-01-18,ST013,MED009,72
GR002931,PO002724,2026-01-18,ST013,MED012,60
GR002932,PO003223,2026-01-18,ST013,MED018,48
GR002933,PO002727,2026-01-18,ST013,MED022,42
GR002934,PO002895,2026-01-18,ST013,MED023,60
GR002935,PO003059,2026-01-18,ST013,MED024,72
GR002936,PO002897,2026-01-18,ST014,MED010,24
GR002937,PO003229,2026-01-18,ST014,MED021,54
GR002938,PO002731,2026-01-18,ST014,MED022,48
GR002939,PO003230,2026-01-18,ST015,MED009,60
GR002940,PO003062,2026-01-18,ST015,MED014,48
GR002941,PO003232,2026-01-18,ST015,MED017,72
GR002942,PO002903,2026-01-18,ST016,MED001,72
GR002943,PO003066,2026-01-18,ST016,MED002,60
GR002944,PO003235,2026-01-18,ST016,MED003,24
GR002945,PO003237,2026-01-18,ST016,MED006,60
GR002946,PO003238,2026-01-18,ST016,MED009,60
GR002947,PO002906,2026-01-18,ST016,MED011,66
GR002948,PO003240,2026-01-18,ST016,MED022,48
GR002949,PO002907,2026-01-18,ST016,MED025,36
GR002950,PO002737,2026-01-18,ST017,MED024,72
GR002951,PO002912,2026-01-18,ST017,MED028,48
GR002952,PO003075,2026-01-18,ST018,MED001,72
GR002953,PO002739,2026-01-18,ST018,MED004,48
GR002954,PO002913,2026-01-18,ST018,MED006,60
GR002955,PO002398,2026-01-18,ST018,MED008,24
GR002956,PO002740,2026-01-18,ST018,MED011,66
GR002957,PO002579,2026-01-18,ST018,MED013,48
GR002958,PO002744,2026-01-18,ST018,MED026,72
GR002959,PO003251,2026-01-18,ST019,MED016,48
GR002960,PO003081,2026-01-18,ST020,MED003,24
GR002961,PO002747,2026-01-18,ST020,MED005,72
GR002962,PO002917,2026-01-18,ST020,MED011,60
GR002963,PO002918,2026-01-18,ST020,MED019,24
GR002964,PO002919,2026-01-18,ST020,MED020,48
GR002965,PO002923,2026-01-18,ST020,MED028,48
GR002966,PO003264,2026-01-18,ST021,MED008,24
GR002967,PO003266,2026-01-18,ST021,MED014,48
GR002968,PO002753,2026-01-18,ST022,MED003,24
GR002969,PO002755,2026-01-18,ST022,MED021,60
GR002970,PO003276,2026-01-18,ST023,MED007,24
GR002971,PO002758,2026-01-18,ST023,MED016,48
GR002972,PO002931,2026-01-18,ST023,MED017,60
GR002973,PO003087,2026-01-18,ST023,MED021,66
GR002974,PO002932,2026-01-18,ST023,MED024,72
GR002975,PO003281,2026-01-18,ST023,MED025,36
GR002976,PO002933,2026-01-18,ST024,MED001,72
GR002977,PO003282,2026-01-18,ST024,MED002,66
GR002978,PO003283,2026-01-18,ST024,MED003,24
GR002979,PO002761,2026-01-18,ST024,MED009,60
GR002980,PO003092,2026-01-18,ST024,MED010,24
GR002981,PO003286,2026-01-18,ST024,MED021,60
GR002982,PO002938,2026-01-18,ST024,MED022,42
GR002983,PO002763,2026-01-18,ST024,MED023,60
GR002984,PO002764,2026-01-18,ST024,MED025,48
GR002985,PO002767,2026-01-18,ST025,MED009,60
GR002986,PO002768,2026-01-18,ST025,MED010,24
GR002987,PO003287,2026-01-18,ST025,MED018,48
GR002988,PO002254,2026-01-18,ST026,MED004,48
GR002989,PO003294,2026-01-18,ST026,MED012,72
GR002990,PO002774,2026-01-18,ST026,MED013,48
GR002991,PO002777,2026-01-18,ST026,MED023,60
GR002992,PO003299,2026-01-18,ST027,MED003,24
GR002993,PO003302,2026-01-18,ST027,MED015,72
GR002994,PO002781,2026-01-18,ST027,MED016,48
GR002995,PO002260,2026-01-18,ST027,MED021,60
GR002996,PO003303,2026-01-18,ST027,MED022,42
GR002997,PO002784,2026-01-18,ST027,MED024,72
GR002998,PO002785,2026-01-18,ST027,MED027,72
GR002999,PO002265,2026-01-18,ST028,MED007,24
GR003000,PO003107,2026-01-18,ST028,MED017,72
GR003001,PO003111,2026-01-18,ST030,MED004,48
GR003002,PO003317,2026-01-18,ST030,MED013,48
GR003003,PO002959,2026-01-18,ST030,MED015,72
GR003004,PO003318,2026-01-18,ST030,MED016,48
GR003005,PO003320,2026-01-18,ST030,MED020,48
GR003006,PO003321,2026-01-18,ST030,MED022,42
GR003007,PO002961,2026-01-18,ST030,MED025,36
GR003008,PO003323,2026-01-18,ST030,MED026,72
GR003009,PO002962,2026-01-18,ST030,MED030,30
GR003010,PO002798,2026-01-18,ST031,MED015,72
GR003011,PO003328,2026-01-18,ST031,MED029,48
GR003012,PO003118,2026-01-18,ST032,MED002,72
GR003013,PO002470,2026-01-18,ST032,MED003,24
GR003014,PO002970,2026-01-18,ST032,MED013,48
GR003015,PO003330,2026-01-18,ST032,MED028,48
GR003016,PO002973,2026-01-18,ST032,MED030,36
GR003017,PO002808,2026-01-18,ST033,MED003,24
GR003018,PO003332,2026-01-18,ST033,MED012,72
GR003019,PO002978,2026-01-18,ST033,MED022,42
GR003020,PO003336,2026-01-18,ST033,MED029,72
GR003021,PO003339,2026-01-18,ST034,MED005,60
GR003022,PO003340,2026-01-18,ST034,MED006,60
GR003023,PO002980,2026-01-18,ST034,MED012,72
GR003024,PO002645,2026-01-18,ST034,MED022,48
GR003025,PO002299,2026-01-18,ST034,MED025,48
GR003026,PO002815,2026-01-18,ST035,MED011,60
GR003027,PO002987,2026-01-18,ST036,MED003,24
GR003028,PO003132,2026-01-18,ST036,MED005,60
GR003029,PO003348,2026-01-18,ST036,MED024,72
GR003030,PO003137,2026-01-18,ST037,MED001,72
GR003031,PO003350,2026-01-18,ST037,MED005,72
GR003032,PO003139,2026-01-18,ST037,MED007,24
GR003033,PO002992,2026-01-18,ST037,MED011,66
GR003034,PO003140,2026-01-18,ST037,MED015,72
GR003035,PO002820,2026-01-18,ST037,MED021,60
GR003036,PO003145,2026-01-18,ST037,MED030,36
GR003037,PO002821,2026-01-18,ST038,MED004,60
GR003038,PO002999,2026-01-18,ST038,MED008,24
GR003039,PO003356,2026-01-18,ST038,MED017,72
GR003040,PO003357,2026-01-18,ST038,MED018,48
GR003041,PO003152,2026-01-18,ST039,MED004,48
GR003042,PO002662,2026-01-18,ST039,MED007,24
GR003043,PO003004,2026-01-18,ST039,MED011,60
GR003044,PO002830,2026-01-18,ST039,MED013,48
GR003045,PO002831,2026-01-18,ST039,MED021,60
GR003046,PO002834,2026-01-18,ST040,MED005,60
GR003047,PO003363,2026-01-18,ST040,MED008,24
GR003048,PO003364,2026-01-18,ST040,MED010,24
GR003049,PO002837,2026-01-18,ST040,MED022,48
GR003050,PO002506,2026-01-18,ST040,MED027,84
GR003051,PO003011,2026-01-19,ST001,MED005,60
GR003052,PO003371,2026-01-19,ST001,MED018,48
GR003053,PO003376,2026-01-19,ST002,MED003,24
GR003054,PO003377,2026-01-19,ST002,MED008,24
GR003055,PO003014,2026-01-19,ST002,MED013,48
GR003056,PO002842,2026-01-19,ST002,MED015,72
GR003057,PO002846,2026-01-19,ST003,MED013,48
GR003058,PO003381,2026-01-19,ST003,MED015,96
GR003059,PO002848,2026-01-19,ST003,MED024,72
GR003060,PO002852,2026-01-19,ST004,MED013,48
GR003061,PO003176,2026-01-19,ST004,MED017,72
GR003062,PO003029,2026-01-19,ST004,MED019,24
GR003063,PO003178,2026-01-19,ST004,MED027,72
GR003064,PO003388,2026-01-19,ST004,MED028,48
GR003065,PO003180,2026-01-19,ST004,MED030,36
GR003066,PO003183,2026-01-19,ST005,MED008,24
GR003067,PO002687,2026-01-19,ST005,MED010,24
GR003068,PO002523,2026-01-19,ST005,MED011,66
GR003069,PO003391,2026-01-19,ST005,MED014,48
GR003070,PO003392,2026-01-19,ST005,MED016,48
GR003071,PO003032,2026-01-19,ST005,MED017,60
GR003072,PO003394,2026-01-19,ST005,MED022,42
GR003073,PO003397,2026-01-19,ST005,MED027,72
GR003074,PO002856,2026-01-19,ST005,MED028,48
GR003075,PO003190,2026-01-19,ST006,MED011,66
GR003076,PO002860,2026-01-19,ST006,MED019,24
GR003077,PO003192,2026-01-19,ST006,MED024,72
GR003078,PO003406,2026-01-19,ST007,MED020,48
GR003079,PO002864,2026-01-19,ST007,MED025,36
GR003080,PO003410,2026-01-19,ST007,MED027,72
GR003081,PO002865,2026-01-19,ST007,MED029,48
GR003082,PO003412,2026-01-19,ST008,MED001,72
GR003083,PO003413,2026-01-19,ST008,MED004,48
GR003084,PO003040,2026-01-19,ST008,MED021,60
GR003085,PO003197,2026-01-19,ST008,MED024,72
GR003086,PO003199,2026-01-19,ST009,MED001,72
GR003087,PO003043,2026-01-19,ST009,MED010,36
GR003088,PO003417,2026-01-19,ST009,MED012,60
GR003089,PO003044,2026-01-19,ST009,MED022,36
GR003090,PO002549,2026-01-19,ST010,MED003,24
GR003091,PO003422,2026-01-19,ST010,MED022,36
GR003092,PO003048,2026-01-19,ST010,MED024,72
GR003093,PO003209,2026-01-19,ST010,MED027,72
GR003094,PO003210,2026-01-19,ST011,MED008,24
GR003095,PO003052,2026-01-19,ST011,MED010,24
GR003096,PO003425,2026-01-19,ST011,MED019,24
GR003097,PO002714,2026-01-19,ST011,MED021,60
GR003098,PO003214,2026-01-19,ST012,MED002,66
GR003099,PO003215,2026-01-19,ST012,MED007,24
GR003100,PO002887,2026-01-19,ST012,MED009,72
GR003101,PO002888,2026-01-19,ST012,MED013,48
GR003102,PO003219,2026-01-19,ST012,MED014,48
GR003103,PO002890,2026-01-19,ST012,MED020,48
GR003104,PO003056,2026-01-19,ST013,MED003,24
GR003105,PO003057,2026-01-19,ST013,MED005,72
GR003106,PO003431,2026-01-19,ST013,MED008,24
GR003107,PO002894,2026-01-19,ST013,MED019,24
GR003108,PO003225,2026-01-19,ST013,MED026,72
GR003109,PO003061,2026-01-19,ST014,MED007,24
GR003110,PO002898,2026-01-19,ST014,MED012,60
GR003111,PO003436,2026-01-19,ST014,MED023,72
GR003112,PO003438,2026-01-19,ST014,MED030,30
GR003113,PO003440,2026-01-19,ST015,MED004,48
GR003114,PO003064,2026-01-19,ST015,MED023,72
GR003115,PO003446,2026-01-19,ST015,MED024,72
GR003116,PO003447,2026-01-19,ST015,MED025,36
GR003117,PO003233,2026-01-19,ST015,MED026,72
GR003118,PO003234,2026-01-19,ST015,MED030,30
GR003119,PO003236,2026-01-19,ST016,MED005,60
GR003120,PO003448,2026-01-19,ST016,MED010,24
GR003121,PO003449,2026-01-19,ST016,MED012,60
GR003122,PO003239,2026-01-19,ST016,MED015,72
GR003123,PO003451,2026-01-19,ST016,MED021,60
GR003124,PO003070,2026-01-19,ST016,MED026,72
GR003125,PO002909,2026-01-19,ST017,MED005,60
GR003126,PO002910,2026-01-19,ST017,MED011,60
GR003127,PO003243,2026-01-19,ST017,MED012,60
GR003128,PO003244,2026-01-19,ST017,MED013,36
GR003129,PO003456,2026-01-19,ST017,MED025,36
GR003130,PO003077,2026-01-19,ST018,MED018,48
GR003131,PO002742,2026-01-19,ST018,MED021,60
GR003132,PO003464,2026-01-19,ST018,MED023,60
GR003133,PO003470,2026-01-19,ST019,MED004,48
GR003134,PO003253,2026-01-19,ST019,MED021,66
GR003135,PO003257,2026-01-19,ST019,MED028,48
GR003136,PO003477,2026-01-19,ST020,MED001,72
GR003137,PO002916,2026-01-19,ST020,MED008,24
GR003138,PO003259,2026-01-19,ST020,MED009,60
GR003139,PO003260,2026-01-19,ST020,MED010,36
GR003140,PO003262,2026-01-19,ST020,MED017,72
GR003141,PO002920,2026-01-19,ST020,MED021,60
GR003142,PO003083,2026-01-19,ST020,MED024,72
GR003143,PO003480,2026-01-19,ST020,MED029,72
GR003144,PO003263,2026-01-19,ST021,MED002,60
GR003145,PO002423,2026-01-19,ST021,MED009,60
GR003146,PO003481,2026-01-19,ST021,MED011,60
GR003147,PO003265,2026-01-19,ST021,MED012,72
GR003148,PO003267,2026-01-19,ST021,MED015,72
GR003149,PO003483,2026-01-19,ST021,MED030,30
GR003150,PO003270,2026-01-19,ST022,MED006,72
GR003151,PO003486,2026-01-19,ST022,MED007,24
GR003152,PO003271,2026-01-19,ST022,MED009,60
GR003153,PO002599,2026-01-19,ST022,MED017,84
GR003154,PO003488,2026-01-19,ST022,MED020,48
GR003155,PO002603,2026-01-19,ST022,MED029,72
GR003156,PO002929,2026-01-19,ST023,MED002,60
GR003157,PO002434,2026-01-19,ST023,MED004,48
GR003158,PO003278,2026-01-19,ST023,MED012,60
GR003159,PO003280,2026-01-19,ST023,MED020,48
GR003160,PO003091,2026-01-19,ST023,MED030,36
GR003161,PO003284,2026-01-19,ST024,MED004,48
GR003162,PO003285,2026-01-19,ST024,MED015,72
GR003163,PO002937,2026-01-19,ST024,MED020,48
GR003164,PO002939,2026-01-19,ST024,MED024,72
GR003165,PO002440,2026-01-19,ST025,MED008,24
GR003166,PO003097,2026-01-19,ST025,MED011,66
GR003167,PO002769,2026-01-19,ST025,MED016,48
GR003168,PO002771,2026-01-19,ST025,MED025,36
GR003169,PO003291,2026-01-19,ST025,MED029,72
GR003170,PO003292,2026-01-19,ST026,MED002,72
GR003171,PO003099,2026-01-19,ST026,MED008,24
GR003172,PO003504,2026-01-19,ST026,MED010,36
GR003173,PO003293,2026-01-19,ST026,MED011,66
GR003174,PO003100,2026-01-19,ST026,MED017,72
GR003175,PO002947,2026-01-19,ST026,MED019,24
GR003176,PO002950,2026-01-19,ST026,MED028,48
GR003177,PO003297,2026-01-19,ST026,MED029,72
GR003178,PO002951,2026-01-19,ST026,MED030,30
GR003179,PO003105,2026-01-19,ST027,MED011,60
GR003180,PO003106,2026-01-19,ST027,MED018,48
GR003181,PO003304,2026-01-19,ST027,MED025,36
GR003182,PO002788,2026-01-19,ST028,MED012,72
GR003183,PO002953,2026-01-19,ST028,MED013,48
GR003184,PO002790,2026-01-19,ST028,MED026,72
GR003185,PO002954,2026-01-19,ST029,MED009,60
GR003186,PO003109,2026-01-19,ST029,MED016,48
GR003187,PO002619,2026-01-19,ST029,MED017,72
GR003188,PO002956,2026-01-19,ST029,MED024,72
GR003189,PO003315,2026-01-19,ST029,MED026,72
GR003190,PO003112,2026-01-19,ST030,MED009,60
GR003191,PO003319,2026-01-19,ST030,MED017,72
GR003192,PO003113,2026-01-19,ST030,MED021,60
GR003193,PO002963,2026-01-19,ST031,MED001,72
GR003194,PO003326,2026-01-19,ST031,MED009,60
GR003195,PO002797,2026-01-19,ST031,MED014,48
GR003196,PO002968,2026-01-19,ST031,MED022,42
GR003197,PO003531,2026-01-19,ST031,MED024,72
GR003198,PO002474,2026-01-19,ST032,MED022,36
GR003199,PO002976,2026-01-19,ST033,MED015,72
GR003200,PO002979,2026-01-19,ST033,MED025,48
GR003201,PO003335,2026-01-19,ST033,MED027,72
GR003202,PO003338,2026-01-19,ST034,MED003,24
GR003203,PO003341,2026-01-19,ST034,MED011,60
GR003204,PO003126,2026-01-19,ST034,MED015,72
GR003205,PO003344,2026-01-19,ST034,MED024,84
GR003206,PO003553,2026-01-19,ST035,MED004,48
GR003207,PO002983,2026-01-19,ST035,MED006,60
GR003208,PO003129,2026-01-19,ST035,MED015,72
GR003209,PO002985,2026-01-19,ST035,MED027,72
GR003210,PO003131,2026-01-19,ST036,MED001,72
GR003211,PO003560,2026-01-19,ST036,MED002,60
GR003212,PO003562,2026-01-19,ST036,MED009,60
GR003213,PO003563,2026-01-19,ST036,MED020,48
GR003214,PO002989,2026-01-19,ST036,MED028,48
GR003215,PO003565,2026-01-19,ST037,MED003,24
GR003216,PO002990,2026-01-19,ST037,MED004,48
GR003217,PO002991,2026-01-19,ST037,MED009,60
GR003218,PO003351,2026-01-19,ST037,MED012,60
GR003219,PO002994,2026-01-19,ST037,MED016,48
GR003220,PO003143,2026-01-19,ST037,MED023,72
GR003221,PO002997,2026-01-19,ST037,MED024,84
GR003222,PO003144,2026-01-19,ST037,MED029,72
GR003223,PO003569,2026-01-19,ST038,MED001,72
GR003224,PO003354,2026-01-19,ST038,MED002,66
GR003225,PO003355,2026-01-19,ST038,MED003,24
GR003226,PO003570,2026-01-19,ST038,MED007,24
GR003227,PO003147,2026-01-19,ST038,MED015,72
GR003228,PO003149,2026-01-19,ST038,MED026,72
GR003229,PO002827,2026-01-19,ST038,MED027,72
GR003230,PO003575,2026-01-19,ST038,MED028,48
GR003231,PO003003,2026-01-19,ST038,MED030,30
GR003232,PO002828,2026-01-19,ST039,MED002,60
GR003233,PO003151,2026-01-19,ST039,MED003,24
GR003234,PO003358,2026-01-19,ST039,MED010,24
GR003235,PO003359,2026-01-19,ST039,MED012,60
GR003236,PO003153,2026-01-19,ST039,MED016,48
GR003237,PO003006,2026-01-19,ST039,MED023,72
GR003238,PO003007,2026-01-19,ST039,MED024,72
GR003239,PO002664,2026-01-19,ST039,MED030,30
GR003240,PO003361,2026-01-19,ST040,MED002,60
GR003241,PO003158,2026-01-19,ST040,MED004,48
GR003242,PO003581,2026-01-19,ST040,MED019,24
GR003243,PO003582,2026-01-19,ST040,MED023,60
GR003244,PO003165,2026-01-20,ST001,MED009,60
GR003245,PO003166,2026-01-20,ST001,MED011,66
GR003246,PO003587,2026-01-20,ST001,MED012,60
GR003247,PO003167,2026-01-20,ST001,MED023,72
GR003248,PO003374,2026-01-20,ST002,MED001,72
GR003249,PO003017,2026-01-20,ST002,MED020,48
GR003250,PO003019,2026-01-20,ST002,MED023,72
GR003251,PO003022,2026-01-20,ST002,MED030,30
GR003252,PO003024,2026-01-20,ST003,MED005,60
GR003253,PO003026,2026-01-20,ST003,MED023,60
GR003254,PO003383,2026-01-20,ST003,MED027,72
GR003255,PO003384,2026-01-20,ST003,MED029,72
GR003256,PO003027,2026-01-20,ST004,MED003,24
GR003257,PO003599,2026-01-20,ST004,MED004,48
GR003258,PO003028,2026-01-20,ST004,MED012,60
GR003259,PO003602,2026-01-20,ST004,MED015,72
GR003260,PO003603,2026-01-20,ST004,MED016,48
GR003261,PO002855,2026-01-20,ST005,MED003,24
GR003262,PO003187,2026-01-20,ST005,MED021,66
GR003263,PO003396,2026-01-20,ST005,MED026,72
GR003264,PO003615,2026-01-20,ST006,MED017,72
GR003265,PO003035,2026-01-20,ST006,MED030,36
GR003266,PO003620,2026-01-20,ST007,MED014,48
GR003267,PO003405,2026-01-20,ST007,MED015,72
GR003268,PO003036,2026-01-20,ST007,MED017,72
GR003269,PO003408,2026-01-20,ST007,MED023,60
GR003270,PO003411,2026-01-20,ST007,MED030,30
GR003271,PO003038,2026-01-20,ST008,MED006,60
GR003272,PO003194,2026-01-20,ST008,MED009,60
GR003273,PO003041,2026-01-20,ST008,MED023,60
GR003274,PO003042,2026-01-20,ST008,MED025,36
GR003275,PO003633,2026-01-20,ST009,MED017,72
GR003276,PO003205,2026-01-20,ST009,MED024,72
GR003277,PO003418,2026-01-20,ST009,MED030,30
GR003278,PO003419,2026-01-20,ST010,MED012,60
GR003279,PO002872,2026-01-20,ST010,MED013,48
GR003280,PO003208,2026-01-20,ST010,MED023,60
GR003281,PO003643,2026-01-20,ST010,MED029,72
GR003282,PO003051,2026-01-20,ST011,MED002,60
GR003283,PO003644,2026-01-20,ST011,MED004,48
GR003284,PO003211,2026-01-20,ST011,MED011,72
GR003285,PO003424,2026-01-20,ST011,MED012,72
GR003286,PO003647,2026-01-20,ST011,MED017,60
GR003287,PO002879,2026-01-20,ST011,MED020,48
GR003288,PO003650,2026-01-20,ST011,MED025,36
GR003289,PO003651,2026-01-20,ST011,MED027,72
GR003290,PO003652,2026-01-20,ST011,MED028,48
GR003291,PO003427,2026-01-20,ST012,MED004,48
GR003292,PO002559,2026-01-20,ST012,MED016,48
GR003293,PO003654,2026-01-20,ST012,MED025,36
GR003294,PO003655,2026-01-20,ST012,MED026,72
GR003295,PO003430,2026-01-20,ST013,MED006,60
GR003296,PO003432,2026-01-20,ST013,MED010,24
GR003297,PO003224,2026-01-20,ST013,MED020,48
GR003298,PO003060,2026-01-20,ST013,MED027,84
GR003299,PO003226,2026-01-20,ST013,MED028,48
GR003300,PO003437,2026-01-20,ST014,MED026,72
GR003301,PO003668,2026-01-20,ST015,MED002,66
GR003302,PO003443,2026-01-20,ST015,MED013,48
GR003303,PO003669,2026-01-20,ST015,MED016,48
GR003304,PO002904,2026-01-20,ST016,MED004,48
GR003305,PO003068,2026-01-20,ST016,MED020,48
GR003306,PO003672,2026-01-20,ST016,MED028,48
GR003307,PO003452,2026-01-20,ST017,MED002,66
GR003308,PO003242,2026-01-20,ST017,MED003,24
GR003309,PO003074,2026-01-20,ST017,MED023,72
GR003310,PO003680,2026-01-20,ST018,MED015,72
GR003311,PO003247,2026-01-20,ST018,MED016,48
GR003312,PO003462,2026-01-20,ST018,MED019,24
GR003313,PO003078,2026-01-20,ST018,MED028,48
GR003314,PO003469,2026-01-20,ST019,MED003,24
GR003315,PO003249,2026-01-20,ST019,MED010,24
GR003316,PO003688,2026-01-20,ST019,MED012,72
GR003317,PO003252,2026-01-20,ST019,MED017,72
GR003318,PO003689,2026-01-20,ST019,MED018,48
GR003319,PO003474,2026-01-20,ST019,MED019,24
GR003320,PO003254,2026-01-20,ST019,MED023,60
GR003321,PO003475,2026-01-20,ST019,MED025,48
GR003322,PO003256,2026-01-20,ST019,MED026,72
GR003323,PO003258,2026-01-20,ST020,MED006,60
GR003324,PO003082,2026-01-20,ST020,MED012,60
GR003325,PO003261,2026-01-20,ST020,MED014,48
GR003326,PO003694,2026-01-20,ST020,MED016,48
GR003327,PO003697,2026-01-20,ST020,MED025,36
GR003328,PO003268,2026-01-20,ST021,MED021,54
GR003329,PO003269,2026-01-20,ST022,MED004,48
GR003330,PO003085,2026-01-20,ST022,MED005,72
GR003331,PO003272,2026-01-20,ST022,MED013,48
GR003332,PO003487,2026-01-20,ST022,MED016,48
GR003333,PO003489,2026-01-20,ST022,MED027,84
GR003334,PO003708,2026-01-20,ST023,MED001,72
GR003335,PO003277,2026-01-20,ST023,MED011,60
GR003336,PO003490,2026-01-20,ST023,MED013,48
GR003337,PO003279,2026-01-20,ST023,MED015,72
GR003338,PO003491,2026-01-20,ST023,MED022,42
GR003339,PO003492,2026-01-20,ST024,MED005,72
GR003340,PO003714,2026-01-20,ST024,MED014,48
GR003341,PO003095,2026-01-20,ST024,MED029,48
GR003342,PO003498,2026-01-20,ST025,MED006,60
GR003343,PO003289,2026-01-20,ST025,MED027,72
GR003344,PO003290,2026-01-20,ST025,MED028,48
GR003345,PO003502,2026-01-20,ST026,MED006,72
GR003346,PO003101,2026-01-20,ST026,MED018,48
GR003347,PO003300,2026-01-20,ST027,MED009,60
GR003348,PO003301,2026-01-20,ST027,MED014,48
GR003349,PO003510,2026-01-20,ST027,MED020,48
GR003350,PO003307,2026-01-20,ST028,MED003,24
GR003351,PO003729,2026-01-20,ST028,MED006,60
GR003352,PO003731,2026-01-20,ST028,MED016,48
GR003353,PO003514,2026-01-20,ST028,MED021,54
GR003354,PO003309,2026-01-20,ST028,MED027,72
GR003355,PO003311,2026-01-20,ST029,MED003,24
GR003356,PO003734,2026-01-20,ST029,MED004,48
GR003357,PO003312,2026-01-20,ST029,MED005,60
GR003358,PO003108,2026-01-20,ST029,MED011,60
GR003359,PO003737,2026-01-20,ST029,MED028,48
GR003360,PO003738,2026-01-20,ST029,MED030,30
GR003361,PO003524,2026-01-20,ST030,MED005,72
GR003362,PO002960,2026-01-20,ST030,MED024,72
GR003363,PO003324,2026-01-20,ST031,MED002,60
GR003364,PO003117,2026-01-20,ST031,MED023,60
GR003365,PO003535,2026-01-20,ST032,MED017,72
GR003366,PO003537,2026-01-20,ST032,MED020,48
GR003367,PO002972,2026-01-20,ST032,MED024,72
GR003368,PO003540,2026-01-20,ST032,MED027,84
GR003369,PO003541,2026-01-20,ST033,MED001,72
GR003370,PO002636,2026-01-20,ST033,MED004,48
GR003371,PO003543,2026-01-20,ST033,MED006,60
GR003372,PO003544,2026-01-20,ST033,MED007,24
GR003373,PO003545,2026-01-20,ST033,MED009,60
GR003374,PO003120,2026-01-20,ST033,MED011,72
GR003375,PO003750,2026-01-20,ST033,MED016,48
GR003376,PO003334,2026-01-20,ST033,MED026,72
GR003377,PO003123,2026-01-20,ST033,MED028,48
GR003378,PO003754,2026-01-20,ST034,MED004,48
GR003379,PO003548,2026-01-20,ST034,MED009,72
GR003380,PO003550,2026-01-20,ST034,MED026,72
GR003381,PO003760,2026-01-20,ST034,MED028,48
GR003382,PO003554,2026-01-20,ST035,MED005,72
GR003383,PO003127,2026-01-20,ST035,MED008,24
GR003384,PO003556,2026-01-20,ST035,MED014,48
GR003385,PO003761,2026-01-20,ST035,MED017,72
GR003386,PO003559,2026-01-20,ST035,MED025,48
GR003387,PO003561,2026-01-20,ST036,MED004,48
GR003388,PO003133,2026-01-20,ST036,MED010,24
GR003389,PO003134,2026-01-20,ST036,MED011,60
GR003390,PO003135,2026-01-20,ST036,MED012,60
GR003391,PO003766,2026-01-20,ST036,MED021,66
GR003392,PO003136,2026-01-20,ST036,MED025,36
GR003393,PO003564,2026-01-20,ST036,MED027,72
GR003394,PO003349,2026-01-20,ST036,MED029,72
GR003395,PO003138,2026-01-20,ST037,MED002,60
GR003396,PO003141,2026-01-20,ST037,MED017,60
GR003397,PO003568,2026-01-20,ST037,MED027,72
GR003398,PO003353,2026-01-20,ST037,MED028,48
GR003399,PO003572,2026-01-20,ST038,MED011,66
GR003400,PO003146,2026-01-20,ST038,MED013,48
GR003401,PO002825,2026-01-20,ST038,MED020,48
GR003402,PO003776,2026-01-20,ST039,MED009,60
GR003403,PO003360,2026-01-20,ST039,MED015,72
GR003404,PO003154,2026-01-20,ST039,MED018,48
GR003405,PO003778,2026-01-20,ST039,MED022,42
GR003406,PO003362,2026-01-20,ST040,MED003,24
GR003407,PO003159,2026-01-20,ST040,MED006,72
GR003408,PO003008,2026-01-20,ST040,MED013,48
GR003409,PO003162,2026-01-20,ST040,MED020,48
GR003410,PO003583,2026-01-20,ST040,MED024,84
GR003411,PO003584,2026-01-20,ST040,MED025,36
GR003412,PO003585,2026-01-20,ST040,MED029,72
GR003413,PO003369,2026-01-21,ST001,MED003,24
GR003414,PO003589,2026-01-21,ST001,MED015,72
GR003415,PO003785,2026-01-21,ST001,MED020,48
GR003416,PO003590,2026-01-21,ST001,MED024,72
GR003417,PO003373,2026-01-21,ST001,MED030,36
GR003418,PO003375,2026-01-21,ST002,MED002,66
GR003419,PO003170,2026-01-21,ST002,MED010,24
GR003420,PO003378,2026-01-21,ST002,MED012,60
GR003421,PO003593,2026-01-21,ST002,MED016,48
GR003422,PO003380,2026-01-21,ST002,MED027,72
GR003423,PO003172,2026-01-21,ST003,MED002,66
GR003424,PO003173,2026-01-21,ST003,MED004,48
GR003425,PO003789,2026-01-21,ST003,MED007,24
GR003426,PO003595,2026-01-21,ST003,MED017,72
GR003427,PO003795,2026-01-21,ST003,MED019,24
GR003428,PO002678,2026-01-21,ST003,MED020,48
GR003429,PO003382,2026-01-21,ST003,MED022,42
GR003430,PO003174,2026-01-21,ST003,MED026,72
GR003431,PO002682,2026-01-21,ST004,MED010,24
GR003432,PO003386,2026-01-21,ST004,MED018,48
GR003433,PO003030,2026-01-21,ST004,MED020,48
GR003434,PO003604,2026-01-21,ST004,MED021,60
GR003435,PO003605,2026-01-21,ST004,MED022,42
GR003436,PO003181,2026-01-21,ST005,MED002,60
GR003437,PO003185,2026-01-21,ST005,MED013,48
GR003438,PO003186,2026-01-21,ST005,MED015,72
GR003439,PO003393,2026-01-21,ST005,MED020,48
GR003440,PO003607,2026-01-21,ST005,MED024,84
GR003441,PO003800,2026-01-21,ST005,MED025,48
GR003442,PO003801,2026-01-21,ST005,MED029,72
GR003443,PO003610,2026-01-21,ST006,MED002,90
GR003444,PO003400,2026-01-21,ST006,MED015,72
GR003445,PO003401,2026-01-21,ST006,MED021,66
GR003446,PO003193,2026-01-21,ST007,MED005,60
GR003447,PO003403,2026-01-21,ST007,MED006,60
GR003448,PO003407,2026-01-21,ST007,MED021,54
GR003449,PO003409,2026-01-21,ST007,MED024,72
GR003450,PO003624,2026-01-21,ST008,MED007,24
GR003451,PO003195,2026-01-21,ST008,MED011,66
GR003452,PO003196,2026-01-21,ST008,MED015,72
GR003453,PO003415,2026-01-21,ST008,MED020,48
GR003454,PO003628,2026-01-21,ST008,MED022,48
GR003455,PO003200,2026-01-21,ST009,MED002,60
GR003456,PO003631,2026-01-21,ST009,MED009,60
GR003457,PO002870,2026-01-21,ST009,MED011,66
GR003458,PO003809,2026-01-21,ST009,MED029,48
GR003459,PO003637,2026-01-21,ST010,MED002,60
GR003460,PO003207,2026-01-21,ST010,MED007,24
GR003461,PO003639,2026-01-21,ST010,MED008,24
GR003462,PO003641,2026-01-21,ST010,MED011,60
GR003463,PO003645,2026-01-21,ST011,MED005,72
GR003464,PO003212,2026-01-21,ST011,MED014,48
GR003465,PO003426,2026-01-21,ST012,MED001,72
GR003466,PO003218,2026-01-21,ST012,MED012,60
GR003467,PO003428,2026-01-21,ST012,MED017,96
GR003468,PO003429,2026-01-21,ST012,MED022,42
GR003469,PO003221,2026-01-21,ST012,MED029,72
GR003470,PO003658,2026-01-21,ST013,MED001,96
GR003471,PO003222,2026-01-21,ST013,MED004,60
GR003472,PO003824,2026-01-21,ST013,MED014,48
GR003473,PO003661,2026-01-21,ST013,MED017,72
GR003474,PO003434,2026-01-21,ST013,MED021,54
GR003475,PO003662,2026-01-21,ST013,MED025,36
GR003476,PO003828,2026-01-21,ST014,MED003,24
GR003477,PO003665,2026-01-21,ST014,MED004,48
GR003478,PO003829,2026-01-21,ST014,MED005,60
GR003479,PO003227,2026-01-21,ST014,MED008,24
GR003480,PO003228,2026-01-21,ST014,MED011,66
GR003481,PO003831,2026-01-21,ST014,MED019,24
GR003482,PO003834,2026-01-21,ST014,MED027,72
GR003483,PO003441,2026-01-21,ST015,MED005,72
GR003484,PO003231,2026-01-21,ST015,MED012,60
GR003485,PO003444,2026-01-21,ST015,MED015,72
GR003486,PO003836,2026-01-21,ST016,MED008,24
GR003487,PO003450,2026-01-21,ST016,MED017,72
GR003488,PO003069,2026-01-21,ST016,MED024,72
GR003489,PO002908,2026-01-21,ST017,MED001,72
GR003490,PO003838,2026-01-21,ST017,MED004,48
GR003491,PO003453,2026-01-21,ST017,MED015,72
GR003492,PO003454,2026-01-21,ST017,MED017,60
GR003493,PO003455,2026-01-21,ST017,MED018,48
GR003494,PO003245,2026-01-21,ST017,MED022,42
GR003495,PO003678,2026-01-21,ST017,MED027,72
GR003496,PO003457,2026-01-21,ST017,MED029,72
GR003497,PO003458,2026-01-21,ST017,MED030,30
GR003498,PO003460,2026-01-21,ST018,MED009,60
GR003499,PO003461,2026-01-21,ST018,MED012,60
GR003500,PO003248,2026-01-21,ST018,MED017,72
GR003501,PO003465,2026-01-21,ST018,MED024,84
GR003502,PO003467,2026-01-21,ST018,MED029,72
GR003503,PO003683,2026-01-21,ST018,MED030,30
GR003504,PO003684,2026-01-21,ST019,MED001,72
GR003505,PO003685,2026-01-21,ST019,MED006,72
GR003506,PO003472,2026-01-21,ST019,MED009,72
GR003507,PO003250,2026-01-21,ST019,MED013,48
GR003508,PO003473,2026-01-21,ST019,MED015,96
GR003509,PO003690,2026-01-21,ST019,MED020,48
GR003510,PO003255,2026-01-21,ST019,MED024,84
GR003511,PO003079,2026-01-21,ST019,MED029,72
GR003512,PO003476,2026-01-21,ST019,MED030,30
GR003513,PO003701,2026-01-21,ST021,MED006,60
GR003514,PO003273,2026-01-21,ST022,MED022,36
GR003515,PO003854,2026-01-21,ST022,MED025,48
GR003516,PO003855,2026-01-21,ST022,MED026,72
GR003517,PO003856,2026-01-21,ST023,MED002,60
GR003518,PO003089,2026-01-21,ST023,MED026,72
GR003519,PO003710,2026-01-21,ST023,MED027,72
GR003520,PO003711,2026-01-21,ST023,MED028,48
GR003521,PO003861,2026-01-21,ST024,MED009,60
GR003522,PO003713,2026-01-21,ST024,MED011,60
GR003523,PO002936,2026-01-21,ST024,MED017,72
GR003524,PO003494,2026-01-21,ST024,MED018,48
GR003525,PO003496,2026-01-21,ST024,MED026,72
GR003526,PO003865,2026-01-21,ST024,MED030,30
GR003527,PO003497,2026-01-21,ST025,MED003,24
GR003528,PO003869,2026-01-21,ST025,MED015,72
GR003529,PO003499,2026-01-21,ST025,MED017,72
GR003530,PO003718,2026-01-21,ST025,MED021,54
GR003531,PO003288,2026-01-21,ST025,MED022,42
GR003532,PO003871,2026-01-21,ST025,MED026,72
GR003533,PO003501,2026-01-21,ST026,MED005,72
GR003534,PO003876,2026-01-21,ST026,MED016,48
GR003535,PO002779,2026-01-21,ST027,MED006,72
GR003536,PO003507,2026-01-21,ST027,MED007,24
GR003537,PO003727,2026-01-21,ST027,MED023,72
GR003538,PO003883,2026-01-21,ST027,MED024,84
GR003539,PO003728,2026-01-21,ST027,MED028,48
GR003540,PO003306,2026-01-21,ST027,MED030,30
GR003541,PO003513,2026-01-21,ST028,MED015,72
GR003542,PO003733,2026-01-21,ST028,MED025,36
GR003543,PO003310,2026-01-21,ST028,MED028,48
GR003544,PO003517,2026-01-21,ST029,MED001,72
GR003545,PO003313,2026-01-21,ST029,MED007,24
GR003546,PO003519,2026-01-21,ST029,MED015,72
GR003547,PO003735,2026-01-21,ST029,MED022,48
GR003548,PO003314,2026-01-21,ST029,MED025,36
GR003549,PO003316,2026-01-21,ST030,MED001,72
GR003550,PO003522,2026-01-21,ST030,MED002,66
GR003551,PO003739,2026-01-21,ST030,MED007,24
GR003552,PO003525,2026-01-21,ST030,MED010,24
GR003553,PO003526,2026-01-21,ST030,MED012,72
GR003554,PO003891,2026-01-21,ST030,MED015,72
GR003555,PO003897,2026-01-21,ST031,MED005,60
GR003556,PO003528,2026-01-21,ST031,MED008,24
GR003557,PO003741,2026-01-21,ST031,MED010,24
GR003558,PO003899,2026-01-21,ST031,MED012,60
GR003559,PO003116,2026-01-21,ST031,MED017,72
GR003560,PO003327,2026-01-21,ST031,MED021,66
GR003561,PO003532,2026-01-21,ST031,MED027,72
GR003562,PO003329,2026-01-21,ST032,MED004,48
GR003563,PO003533,2026-01-21,ST032,MED006,60
GR003564,PO003534,2026-01-21,ST032,MED009,60
GR003565,PO003538,2026-01-21,ST032,MED025,48
GR003566,PO003539,2026-01-21,ST032,MED026,72
GR003567,PO003331,2026-01-21,ST032,MED029,72
GR003568,PO003542,2026-01-21,ST033,MED002,60
GR003569,PO003749,2026-01-21,ST033,MED008,24
GR003570,PO003333,2026-01-21,ST033,MED019,24
GR003571,PO003752,2026-01-21,ST033,MED021,60
GR003572,PO003909,2026-01-21,ST033,MED023,60
GR003573,PO003337,2026-01-21,ST033,MED030,30
GR003574,PO003124,2026-01-21,ST034,MED007,24
GR003575,PO003912,2026-01-21,ST034,MED012,60
GR003576,PO003755,2026-01-21,ST034,MED013,48
GR003577,PO003342,2026-01-21,ST034,MED018,48
GR003578,PO003343,2026-01-21,ST034,MED023,72
GR003579,PO003345,2026-01-21,ST034,MED030,36
GR003580,PO003128,2026-01-21,ST035,MED012,60
GR003581,PO003557,2026-01-21,ST035,MED021,60
GR003582,PO003558,2026-01-21,ST035,MED024,72
GR003583,PO003346,2026-01-21,ST036,MED006,60
GR003584,PO003347,2026-01-21,ST036,MED015,96
GR003585,PO003764,2026-01-21,ST036,MED018,48
GR003586,PO003767,2026-01-21,ST036,MED023,60
GR003587,PO003922,2026-01-21,ST037,MED010,24
GR003588,PO003566,2026-01-21,ST037,MED013,48
GR003589,PO003352,2026-01-21,ST037,MED026,72
GR003590,PO003773,2026-01-21,ST038,MED012,60
GR003591,PO003573,2026-01-21,ST038,MED021,66
GR003592,PO003576,2026-01-21,ST039,MED008,24
GR003593,PO003156,2026-01-21,ST039,MED020,48
GR003594,PO003781,2026-01-21,ST040,MED011,72
GR003595,PO003161,2026-01-21,ST040,MED015,72
GR003596,PO003009,2026-01-21,ST040,MED018,48
GR003597,PO003932,2026-01-21,ST040,MED021,60
GR003598,PO003934,2026-01-21,ST040,MED027,72
GR003599,PO003366,2026-01-21,ST040,MED028,48
GR003600,PO003368,2026-01-22,ST001,MED001,72
GR003601,PO003010,2026-01-22,ST001,MED004,48
GR003602,PO003370,2026-01-22,ST001,MED007,24
GR003603,PO003784,2026-01-22,ST001,MED016,48
GR003604,PO003372,2026-01-22,ST001,MED026,72
GR003605,PO003592,2026-01-22,ST001,MED029,48
GR003606,PO003788,2026-01-22,ST002,MED011,66
GR003607,PO003379,2026-01-22,ST002,MED026,72
GR003608,PO003944,2026-01-22,ST002,MED029,72
GR003609,PO003790,2026-01-22,ST003,MED009,60
GR003610,PO003792,2026-01-22,ST003,MED011,66
GR003611,PO003793,2026-01-22,ST003,MED012,60
GR003612,PO003794,2026-01-22,ST003,MED016,48
GR003613,PO003596,2026-01-22,ST003,MED028,48
GR003614,PO003385,2026-01-22,ST004,MED005,60
GR003615,PO003601,2026-01-22,ST004,MED007,24
GR003616,PO003387,2026-01-22,ST004,MED025,36
GR003617,PO003389,2026-01-22,ST005,MED001,72
GR003618,PO003954,2026-01-22,ST005,MED005,60
GR003619,PO003390,2026-01-22,ST005,MED006,60
GR003620,PO003182,2026-01-22,ST005,MED007,24
GR003621,PO003955,2026-01-22,ST005,MED010,24
GR003622,PO003395,2026-01-22,ST005,MED023,60
GR003623,PO003609,2026-01-22,ST006,MED001,72
GR003624,PO003957,2026-01-22,ST006,MED004,60
GR003625,PO003398,2026-01-22,ST006,MED006,72
GR003626,PO003611,2026-01-22,ST006,MED007,24
GR003627,PO003612,2026-01-22,ST006,MED008,24
GR003628,PO003614,2026-01-22,ST006,MED012,72
GR003629,PO003399,2026-01-22,ST006,MED013,48
GR003630,PO003402,2026-01-22,ST006,MED022,48
GR003631,PO003803,2026-01-22,ST007,MED002,66
GR003632,PO003966,2026-01-22,ST007,MED004,60
GR003633,PO003404,2026-01-22,ST007,MED009,60
GR003634,PO003804,2026-01-22,ST007,MED012,60
GR003635,PO003805,2026-01-22,ST007,MED013,48
GR003636,PO003806,2026-01-22,ST007,MED016,48
GR003637,PO003621,2026-01-22,ST007,MED022,42
GR003638,PO003622,2026-01-22,ST007,MED026,72
GR003639,PO003625,2026-01-22,ST008,MED012,72
GR003640,PO003414,2026-01-22,ST008,MED019,24
GR003641,PO003416,2026-01-22,ST009,MED007,24
GR003642,PO003632,2026-01-22,ST009,MED016,48
GR003643,PO003204,2026-01-22,ST009,MED020,48
GR003644,PO003634,2026-01-22,ST009,MED021,60
GR003645,PO003635,2026-01-22,ST009,MED026,72
GR003646,PO003636,2026-01-22,ST009,MED027,72
GR003647,PO003811,2026-01-22,ST010,MED010,24
GR003648,PO003421,2026-01-22,ST010,MED017,72
GR003649,PO003978,2026-01-22,ST010,MED020,48
GR003650,PO003980,2026-01-22,ST010,MED025,36
GR003651,PO003646,2026-01-22,ST011,MED006,60
GR003652,PO003423,2026-01-22,ST011,MED009,60
GR003653,PO003814,2026-01-22,ST011,MED013,48
GR003654,PO003649,2026-01-22,ST011,MED024,72
GR003655,PO003653,2026-01-22,ST012,MED003,24
GR003656,PO003216,2026-01-22,ST012,MED008,24
GR003657,PO003818,2026-01-22,ST012,MED011,60
GR003658,PO003656,2026-01-22,ST012,MED027,84
GR003659,PO003657,2026-01-22,ST012,MED030,30
GR003660,PO003659,2026-01-22,ST013,MED002,84
GR003661,PO003058,2026-01-22,ST013,MED011,66
GR003662,PO003433,2026-01-22,ST013,MED015,72
GR003663,PO003993,2026-01-22,ST013,MED024,84
GR003664,PO003827,2026-01-22,ST013,MED029,48
GR003665,PO003664,2026-01-22,ST014,MED001,72
GR003666,PO003830,2026-01-22,ST014,MED006,60
GR003667,PO003666,2026-01-22,ST014,MED009,60
GR003668,PO003996,2026-01-22,ST014,MED015,72
GR003669,PO003833,2026-01-22,ST014,MED025,36
GR003670,PO004001,2026-01-22,ST015,MED003,24
GR003671,PO003445,2026-01-22,ST015,MED020,48
GR003672,PO004003,2026-01-22,ST015,MED027,72
GR003673,PO002905,2026-01-22,ST016,MED007,24
GR003674,PO004006,2026-01-22,ST016,MED018,48
GR003675,PO003671,2026-01-22,ST016,MED023,60
GR003676,PO004012,2026-01-22,ST017,MED014,48
GR003677,PO003459,2026-01-22,ST018,MED002,72
GR003678,PO003679,2026-01-22,ST018,MED005,72
GR003679,PO003841,2026-01-22,ST018,MED011,60
GR003680,PO004018,2026-01-22,ST018,MED013,48
GR003681,PO003681,2026-01-22,ST018,MED020,48
GR003682,PO003466,2026-01-22,ST018,MED027,72
GR003683,PO003686,2026-01-22,ST019,MED008,24
GR003684,PO003687,2026-01-22,ST019,MED011,78
GR003685,PO003692,2026-01-22,ST019,MED027,84
GR003686,PO003478,2026-01-22,ST020,MED004,48
GR003687,PO004022,2026-01-22,ST020,MED005,72
GR003688,PO003479,2026-01-22,ST020,MED007,24
GR003689,PO004023,2026-01-22,ST020,MED009,60
GR003690,PO003693,2026-01-22,ST020,MED011,60
GR003691,PO003846,2026-01-22,ST020,MED018,48
GR003692,PO003699,2026-01-22,ST020,MED027,84
GR003693,PO003848,2026-01-22,ST021,MED001,72
GR003694,PO004028,2026-01-22,ST021,MED004,48
GR003695,PO003703,2026-01-22,ST021,MED017,72
GR003696,PO003849,2026-01-22,ST021,MED022,48
GR003697,PO003482,2026-01-22,ST021,MED023,72
GR003698,PO003704,2026-01-22,ST021,MED024,72
GR003699,PO003705,2026-01-22,ST021,MED025,36
GR003700,PO003484,2026-01-22,ST022,MED001,72
GR003701,PO003485,2026-01-22,ST022,MED002,66
GR003702,PO003851,2026-01-22,ST022,MED010,24
GR003703,PO003706,2026-01-22,ST022,MED012,60
GR003704,PO003853,2026-01-22,ST022,MED021,54
GR003705,PO003274,2026-01-22,ST022,MED024,84
GR003706,PO004037,2026-01-22,ST023,MED024,72
GR003707,PO003712,2026-01-22,ST024,MED006,60
GR003708,PO003493,2026-01-22,ST024,MED012,60
GR003709,PO003862,2026-01-22,ST024,MED022,48
GR003710,PO004042,2026-01-22,ST024,MED028,48
GR003711,PO003715,2026-01-22,ST025,MED005,60
GR003712,PO003500,2026-01-22,ST025,MED019,24
GR003713,PO003870,2026-01-22,ST025,MED024,72
GR003714,PO003720,2026-01-22,ST025,MED030,30
GR003715,PO003872,2026-01-22,ST026,MED001,72
GR003716,PO003503,2026-01-22,ST026,MED009,60
GR003717,PO003875,2026-01-22,ST026,MED014,48
GR003718,PO003722,2026-01-22,ST026,MED015,72
GR003719,PO003295,2026-01-22,ST026,MED020,48
GR003720,PO003505,2026-01-22,ST026,MED022,36
GR003721,PO003723,2026-01-22,ST026,MED023,60
GR003722,PO004053,2026-01-22,ST026,MED026,72
GR003723,PO003879,2026-01-22,ST026,MED027,84
GR003724,PO003298,2026-01-22,ST027,MED001,72
GR003725,PO003506,2026-01-22,ST027,MED004,48
GR003726,PO003103,2026-01-22,ST027,MED005,72
GR003727,PO003508,2026-01-22,ST027,MED012,60
GR003728,PO003882,2026-01-22,ST027,MED022,48
GR003729,PO003511,2026-01-22,ST027,MED026,72
GR003730,PO003305,2026-01-22,ST027,MED029,72
GR003731,PO003730,2026-01-22,ST028,MED009,60
GR003732,PO003516,2026-01-22,ST028,MED024,72
GR003733,PO004063,2026-01-22,ST029,MED013,48
GR003734,PO004064,2026-01-22,ST029,MED018,48
GR003735,PO003521,2026-01-22,ST029,MED021,66
GR003736,PO004067,2026-01-22,ST029,MED029,48
GR003737,PO003523,2026-01-22,ST030,MED003,24
GR003738,PO002957,2026-01-22,ST030,MED008,24
GR003739,PO004068,2026-01-22,ST030,MED018,48
GR003740,PO003322,2026-01-22,ST030,MED023,60
GR003741,PO003893,2026-01-22,ST030,MED025,36
GR003742,PO003740,2026-01-22,ST030,MED027,84
GR003743,PO003325,2026-01-22,ST031,MED004,48
GR003744,PO003527,2026-01-22,ST031,MED006,60
GR003745,PO003898,2026-01-22,ST031,MED007,24
GR003746,PO004069,2026-01-22,ST031,MED016,48
GR003747,PO003529,2026-01-22,ST031,MED018,48
GR003748,PO003530,2026-01-22,ST031,MED019,24
GR003749,PO003536,2026-01-22,ST032,MED019,24
GR003750,PO004077,2026-01-22,ST032,MED030,30
GR003751,PO003906,2026-01-22,ST033,MED005,72
GR003752,PO003546,2026-01-22,ST033,MED010,36
GR003753,PO004083,2026-01-22,ST033,MED027,72
GR003754,PO003547,2026-01-22,ST034,MED001,72
GR003755,PO003753,2026-01-22,ST034,MED002,78
GR003756,PO004084,2026-01-22,ST034,MED008,24
GR003757,PO003549,2026-01-22,ST034,MED019,24
GR003758,PO003914,2026-01-22,ST034,MED022,42
GR003759,PO003759,2026-01-22,ST034,MED027,84
GR003760,PO003551,2026-01-22,ST034,MED029,72
GR003761,PO003552,2026-01-22,ST035,MED002,66
GR003762,PO004088,2026-01-22,ST035,MED007,24
GR003763,PO003555,2026-01-22,ST035,MED009,60
GR003764,PO003918,2026-01-22,ST035,MED020,48
GR003765,PO004095,2026-01-22,ST036,MED013,48
GR003766,PO003763,2026-01-22,ST036,MED017,72
GR003767,PO003769,2026-01-22,ST037,MED006,60
GR003768,PO003770,2026-01-22,ST037,MED008,24
GR003769,PO004097,2026-01-22,ST037,MED018,48
GR003770,PO003923,2026-01-22,ST037,MED019,24
GR003771,PO003567,2026-01-22,ST037,MED025,36
GR003772,PO004099,2026-01-22,ST038,MED002,60
GR003773,PO002998,2026-01-22,ST038,MED006,60
GR003774,PO003571,2026-01-22,ST038,MED009,60
GR003775,PO003574,2026-01-22,ST038,MED022,42
GR003776,PO004102,2026-01-22,ST038,MED023,72
GR003777,PO004103,2026-01-22,ST038,MED024,72
GR003778,PO004105,2026-01-22,ST038,MED027,72
GR003779,PO004109,2026-01-22,ST039,MED010,24
GR003780,PO003577,2026-01-22,ST039,MED025,36
GR003781,PO003779,2026-01-22,ST039,MED026,72
GR003782,PO003578,2026-01-22,ST039,MED027,72
GR003783,PO004113,2026-01-22,ST039,MED028,48
GR003784,PO003579,2026-01-22,ST039,MED029,72
GR003785,PO004114,2026-01-22,ST039,MED030,30
GR003786,PO003929,2026-01-22,ST040,MED001,72
GR003787,PO003580,2026-01-22,ST040,MED007,24
GR003788,PO003783,2026-01-22,ST040,MED016,48
GR003789,PO003787,2026-01-23,ST001,MED027,72
GR003790,PO003591,2026-01-23,ST001,MED028,48
GR003791,PO003938,2026-01-23,ST002,MED006,60
GR003792,PO003169,2026-01-23,ST002,MED007,24
GR003793,PO003941,2026-01-23,ST002,MED018,48
GR003794,PO003791,2026-01-23,ST003,MED010,24
GR003795,PO003597,2026-01-23,ST003,MED030,30
GR003796,PO003948,2026-01-23,ST004,MED001,72
GR003797,PO003598,2026-01-23,ST004,MED002,66
GR003798,PO003600,2026-01-23,ST004,MED006,60
GR003799,PO003797,2026-01-23,ST004,MED014,48
GR003800,PO003606,2026-01-23,ST005,MED009,72
GR003801,PO004133,2026-01-23,ST005,MED011,66
GR003802,PO003189,2026-01-23,ST006,MED005,72
GR003803,PO003613,2026-01-23,ST006,MED009,60
GR003804,PO003960,2026-01-23,ST006,MED014,48
GR003805,PO003961,2026-01-23,ST006,MED016,48
GR003806,PO004136,2026-01-23,ST006,MED018,48
GR003807,PO003962,2026-01-23,ST006,MED023,72
GR003808,PO003616,2026-01-23,ST006,MED025,48
GR003809,PO003617,2026-01-23,ST006,MED026,96
GR003810,PO003802,2026-01-23,ST006,MED028,48
GR003811,PO003964,2026-01-23,ST006,MED029,72
GR003812,PO003967,2026-01-23,ST007,MED008,24
GR003813,PO003619,2026-01-23,ST007,MED011,60
GR003814,PO004140,2026-01-23,ST007,MED025,36
GR003815,PO003623,2026-01-23,ST008,MED002,66
GR003816,PO003968,2026-01-23,ST008,MED008,24
GR003817,PO003626,2026-01-23,ST008,MED013,48
GR003818,PO004142,2026-01-23,ST008,MED018,48
GR003819,PO003629,2026-01-23,ST008,MED027,72
GR003820,PO004144,2026-01-23,ST009,MED005,60
GR003821,PO004145,2026-01-23,ST009,MED012,60
GR003822,PO003973,2026-01-23,ST009,MED015,72
GR003823,PO003974,2026-01-23,ST009,MED022,48
GR003824,PO003638,2026-01-23,ST010,MED006,60
GR003825,PO003976,2026-01-23,ST010,MED015,72
GR003826,PO003420,2026-01-23,ST010,MED016,48
GR003827,PO003977,2026-01-23,ST010,MED018,48
GR003828,PO003642,2026-01-23,ST010,MED019,24
GR003829,PO004152,2026-01-23,ST010,MED028,48
GR003830,PO003813,2026-01-23,ST011,MED007,24
GR003831,PO004155,2026-01-23,ST011,MED011,60
GR003832,PO003984,2026-01-23,ST011,MED015,96
GR003833,PO003648,2026-01-23,ST011,MED022,48
GR003834,PO003816,2026-01-23,ST011,MED030,30
GR003835,PO003817,2026-01-23,ST012,MED005,72
GR003836,PO003217,2026-01-23,ST012,MED010,36
GR003837,PO003990,2026-01-23,ST012,MED021,60
GR003838,PO003822,2026-01-23,ST013,MED012,72
GR003839,PO003660,2026-01-23,ST013,MED016,48
GR003840,PO004167,2026-01-23,ST013,MED017,60
GR003841,PO003663,2026-01-23,ST013,MED030,36
GR003842,PO004169,2026-01-23,ST014,MED012,60
GR003843,PO003435,2026-01-23,ST014,MED014,48
GR003844,PO003997,2026-01-23,ST014,MED017,72
GR003845,PO003832,2026-01-23,ST014,MED024,72
GR003846,PO004000,2026-01-23,ST014,MED028,48
GR003847,PO003667,2026-01-23,ST014,MED029,48
GR003848,PO004173,2026-01-23,ST015,MED017,60
GR003849,PO004004,2026-01-23,ST016,MED002,66
GR003850,PO003837,2026-01-23,ST016,MED014,48
GR003851,PO003241,2026-01-23,ST016,MED027,72
GR003852,PO004008,2026-01-23,ST017,MED005,60
GR003853,PO003673,2026-01-23,ST017,MED006,60
GR003854,PO003675,2026-01-23,ST017,MED009,60
GR003855,PO003676,2026-01-23,ST017,MED010,24
GR003856,PO003677,2026-01-23,ST017,MED016,48
GR003857,PO004013,2026-01-23,ST017,MED021,54
GR003858,PO003246,2026-01-23,ST018,MED007,24
GR003859,PO003842,2026-01-23,ST018,MED014,48
GR003860,PO003463,2026-01-23,ST018,MED022,42
GR003861,PO003682,2026-01-23,ST018,MED025,36
GR003862,PO004184,2026-01-23,ST019,MED017,72
GR003863,PO003691,2026-01-23,ST019,MED022,48
GR003864,PO003843,2026-01-23,ST020,MED002,84
GR003865,PO004190,2026-01-23,ST020,MED019,24
GR003866,PO003695,2026-01-23,ST020,MED022,42
GR003867,PO003696,2026-01-23,ST020,MED023,60
GR003868,PO004026,2026-01-23,ST020,MED024,72
GR003869,PO003698,2026-01-23,ST020,MED026,72
GR003870,PO004027,2026-01-23,ST020,MED028,48
GR003871,PO003700,2026-01-23,ST021,MED005,72
GR003872,PO003702,2026-01-23,ST021,MED007,24
GR003873,PO004193,2026-01-23,ST021,MED013,48
GR003874,PO004195,2026-01-23,ST021,MED019,24
GR003875,PO004033,2026-01-23,ST022,MED023,60
GR003876,PO004034,2026-01-23,ST022,MED030,30
GR003877,PO003709,2026-01-23,ST023,MED008,24
GR003878,PO004036,2026-01-23,ST023,MED010,24
GR003879,PO003859,2026-01-23,ST023,MED018,48
GR003880,PO004038,2026-01-23,ST024,MED001,72
GR003881,PO004039,2026-01-23,ST024,MED007,24
GR003882,PO003860,2026-01-23,ST024,MED008,24
GR003883,PO004040,2026-01-23,ST024,MED013,48
GR003884,PO003495,2026-01-23,ST024,MED019,24
GR003885,PO003863,2026-01-23,ST024,MED023,72
GR003886,PO003867,2026-01-23,ST025,MED002,72
GR003887,PO003716,2026-01-23,ST025,MED012,60
GR003888,PO003717,2026-01-23,ST025,MED020,48
GR003889,PO003719,2026-01-23,ST025,MED023,72
GR003890,PO004049,2026-01-23,ST026,MED003,24
GR003891,PO003873,2026-01-23,ST026,MED004,60
GR003892,PO003721,2026-01-23,ST026,MED007,24
GR003893,PO003296,2026-01-23,ST026,MED024,72
GR003894,PO004216,2026-01-23,ST026,MED030,30
GR003895,PO003724,2026-01-23,ST027,MED002,60
GR003896,PO003880,2026-01-23,ST027,MED008,24
GR003897,PO004054,2026-01-23,ST027,MED010,36
GR003898,PO003725,2026-01-23,ST027,MED013,48
GR003899,PO003726,2026-01-23,ST027,MED019,24
GR003900,PO004058,2026-01-23,ST027,MED025,36
GR003901,PO003885,2026-01-23,ST028,MED001,72
GR003902,PO003886,2026-01-23,ST028,MED002,66
GR003903,PO003308,2026-01-23,ST028,MED005,72
GR003904,PO003887,2026-01-23,ST028,MED007,24
GR003905,PO003512,2026-01-23,ST028,MED011,60
GR003906,PO003732,2026-01-23,ST028,MED020,48
GR003907,PO004220,2026-01-23,ST028,MED030,30
GR003908,PO003890,2026-01-23,ST029,MED012,60
GR003909,PO003520,2026-01-23,ST029,MED020,48
GR003910,PO003736,2026-01-23,ST029,MED027,72
GR003911,PO004226,2026-01-23,ST030,MED006,72
GR003912,PO004229,2026-01-23,ST030,MED014,48
GR003913,PO003892,2026-01-23,ST030,MED019,24
GR003914,PO004235,2026-01-23,ST031,MED002,66
GR003915,PO003742,2026-01-23,ST031,MED011,66
GR003916,PO004070,2026-01-23,ST031,MED022,42
GR003917,PO003743,2026-01-23,ST031,MED025,36
GR003918,PO003901,2026-01-23,ST031,MED026,72
GR003919,PO003745,2026-01-23,ST032,MED005,60
GR003920,PO004239,2026-01-23,ST032,MED010,24
GR003921,PO003747,2026-01-23,ST032,MED011,66
GR003922,PO003748,2026-01-23,ST032,MED012,60
GR003923,PO003904,2026-01-23,ST032,MED021,60
GR003924,PO004076,2026-01-23,ST032,MED022,48
GR003925,PO004078,2026-01-23,ST033,MED012,60
GR003926,PO004081,2026-01-23,ST033,MED015,72
GR003927,PO003907,2026-01-23,ST033,MED017,84
GR003928,PO003751,2026-01-23,ST033,MED018,48
GR003929,PO004082,2026-01-23,ST033,MED020,48
GR003930,PO004246,2026-01-23,ST034,MED006,60
GR003931,PO004085,2026-01-23,ST034,MED011,66
GR003932,PO004247,2026-01-23,ST034,MED014,48
GR003933,PO003756,2026-01-23,ST034,MED017,72
GR003934,PO003758,2026-01-23,ST034,MED021,66
GR003935,PO004248,2026-01-23,ST034,MED024,84
GR003936,PO003915,2026-01-23,ST035,MED001,72
GR003937,PO003917,2026-01-23,ST035,MED013,48
GR003938,PO004094,2026-01-23,ST035,MED027,72
GR003939,PO003762,2026-01-23,ST036,MED008,24
GR003940,PO004253,2026-01-23,ST036,MED011,60
GR003941,PO003765,2026-01-23,ST036,MED019,24
GR003942,PO004096,2026-01-23,ST036,MED022,42
GR003943,PO003768,2026-01-23,ST036,MED026,72
GR003944,PO004259,2026-01-23,ST037,MED015,72
GR003945,PO004260,2026-01-23,ST037,MED017,72
GR003946,PO003771,2026-01-23,ST038,MED005,60
GR003947,PO003772,2026-01-23,ST038,MED010,36
GR003948,PO003774,2026-01-23,ST038,MED014,48
GR003949,PO004106,2026-01-23,ST038,MED029,72
GR003950,PO003150,2026-01-23,ST039,MED001,72
GR003951,PO003775,2026-01-23,ST039,MED005,60
GR003952,PO004108,2026-01-23,ST039,MED007,24
GR003953,PO003927,2026-01-23,ST039,MED011,66
GR003954,PO004266,2026-01-23,ST039,MED013,48
GR003955,PO003777,2026-01-23,ST039,MED017,72
GR003956,PO003155,2026-01-23,ST039,MED019,24
GR003957,PO004116,2026-01-23,ST040,MED004,48
GR003958,PO003780,2026-01-23,ST040,MED009,72
GR003959,PO003782,2026-01-23,ST040,MED014,48
GR003960,PO003365,2026-01-23,ST040,MED017,60
GR003961,PO003933,2026-01-23,ST040,MED022,48
GR003962,PO004270,2026-01-24,ST001,MED006,60
GR003963,PO003588,2026-01-24,ST001,MED013,48
GR003964,PO004273,2026-01-24,ST001,MED017,72
GR003965,PO003786,2026-01-24,ST001,MED022,42
GR003966,PO003936,2026-01-24,ST002,MED004,48
GR003967,PO003937,2026-01-24,ST002,MED005,60
GR003968,PO003939,2026-01-24,ST002,MED009,60
GR003969,PO004118,2026-01-24,ST002,MED015,96
GR003970,PO003940,2026-01-24,ST002,MED017,72
GR003971,PO003594,2026-01-24,ST002,MED022,42
GR003972,PO004119,2026-01-24,ST002,MED024,72
GR003973,PO004279,2026-01-24,ST002,MED030,30
GR003974,PO004280,2026-01-24,ST003,MED002,66
GR003975,PO003945,2026-01-24,ST003,MED003,24
GR003976,PO004122,2026-01-24,ST003,MED013,48
GR003977,PO004123,2026-01-24,ST003,MED014,48
GR003978,PO004125,2026-01-24,ST003,MED023,72
GR003979,PO003947,2026-01-24,ST003,MED025,36
GR003980,PO004130,2026-01-24,ST004,MED012,60
GR003981,PO003951,2026-01-24,ST004,MED024,72
GR003982,PO003184,2026-01-24,ST005,MED012,60
GR003983,PO003799,2026-01-24,ST005,MED018,48
GR003984,PO003956,2026-01-24,ST005,MED019,24
GR003985,PO003608,2026-01-24,ST005,MED030,30
GR003986,PO003188,2026-01-24,ST006,MED003,24
GR003987,PO003958,2026-01-24,ST006,MED010,24
GR003988,PO004295,2026-01-24,ST006,MED017,72
GR003989,PO004137,2026-01-24,ST006,MED020,48
GR003990,PO003618,2026-01-24,ST006,MED027,84
GR003991,PO004302,2026-01-24,ST007,MED018,48
GR003992,PO004139,2026-01-24,ST007,MED019,24
GR003993,PO004306,2026-01-24,ST008,MED009,60
GR003994,PO003627,2026-01-24,ST008,MED016,48
GR003995,PO004309,2026-01-24,ST008,MED025,36
GR003996,PO004310,2026-01-24,ST008,MED029,48
GR003997,PO004311,2026-01-24,ST009,MED002,66
GR003998,PO003807,2026-01-24,ST009,MED004,48
GR003999,PO003971,2026-01-24,ST009,MED006,60
GR004000,PO003808,2026-01-24,ST009,MED023,72
GR004001,PO004313,2026-01-24,ST010,MED002,60
GR004002,PO003810,2026-01-24,ST010,MED005,72
GR004003,PO004315,2026-01-24,ST010,MED007,24
GR004004,PO004148,2026-01-24,ST010,MED012,60
GR004005,PO003979,2026-01-24,ST010,MED021,60
GR004006,PO004149,2026-01-24,ST010,MED022,36
GR004007,PO004317,2026-01-24,ST010,MED023,72
GR004008,PO003981,2026-01-24,ST010,MED027,72
GR004009,PO004156,2026-01-24,ST011,MED012,60
GR004010,PO004318,2026-01-24,ST011,MED017,72
GR004011,PO004319,2026-01-24,ST011,MED018,48
GR004012,PO004320,2026-01-24,ST011,MED020,48
GR004013,PO003815,2026-01-24,ST011,MED023,72
GR004014,PO003986,2026-01-24,ST011,MED026,72
GR004015,PO003987,2026-01-24,ST012,MED002,72
GR004016,PO004160,2026-01-24,ST012,MED007,24
GR004017,PO004322,2026-01-24,ST012,MED012,72
GR004018,PO004162,2026-01-24,ST012,MED015,72
GR004019,PO004164,2026-01-24,ST012,MED018,48
GR004020,PO003989,2026-01-24,ST012,MED020,48
GR004021,PO003821,2026-01-24,ST013,MED007,24
GR004022,PO003823,2026-01-24,ST013,MED013,48
GR004023,PO004327,2026-01-24,ST013,MED020,48
GR004024,PO003826,2026-01-24,ST013,MED023,72
GR004025,PO003995,2026-01-24,ST014,MED013,48
GR004026,PO004170,2026-01-24,ST014,MED018,48
GR004027,PO003835,2026-01-24,ST015,MED007,24
GR004028,PO004172,2026-01-24,ST015,MED010,24
GR004029,PO003442,2026-01-24,ST015,MED011,66
GR004030,PO004334,2026-01-24,ST015,MED012,60
GR004031,PO004339,2026-01-24,ST016,MED009,60
GR004032,PO004340,2026-01-24,ST016,MED012,60
GR004033,PO004175,2026-01-24,ST016,MED013,48
GR004034,PO004341,2026-01-24,ST016,MED015,72
GR004035,PO004345,2026-01-24,ST016,MED026,72
GR004036,PO004346,2026-01-24,ST016,MED029,72
GR004037,PO004010,2026-01-24,ST017,MED012,60
GR004038,PO004011,2026-01-24,ST017,MED013,48
GR004039,PO004014,2026-01-24,ST017,MED024,72
GR004040,PO003839,2026-01-24,ST017,MED026,72
GR004041,PO004180,2026-01-24,ST017,MED028,48
GR004042,PO004016,2026-01-24,ST018,MED003,24
GR004043,PO004017,2026-01-24,ST018,MED004,60
GR004044,PO004353,2026-01-24,ST018,MED008,24
GR004045,PO004019,2026-01-24,ST018,MED021,60
GR004046,PO003471,2026-01-24,ST019,MED005,72
GR004047,PO004361,2026-01-24,ST019,MED014,48
GR004048,PO004183,2026-01-24,ST019,MED016,48
GR004049,PO004186,2026-01-24,ST019,MED023,60
GR004050,PO004188,2026-01-24,ST020,MED006,60
GR004051,PO003844,2026-01-24,ST020,MED013,48
GR004052,PO003845,2026-01-24,ST020,MED015,72
GR004053,PO004024,2026-01-24,ST020,MED017,72
GR004054,PO004025,2026-01-24,ST020,MED021,60
GR004055,PO004191,2026-01-24,ST020,MED030,30
GR004056,PO004368,2026-01-24,ST021,MED003,24
GR004057,PO004029,2026-01-24,ST021,MED010,24
GR004058,PO003850,2026-01-24,ST021,MED026,72
GR004059,PO004196,2026-01-24,ST021,MED028,48
GR004060,PO004373,2026-01-24,ST021,MED029,48
GR004061,PO004197,2026-01-24,ST022,MED011,66
GR004062,PO003852,2026-01-24,ST022,MED015,72
GR004063,PO004198,2026-01-24,ST022,MED022,42
GR004064,PO003857,2026-01-24,ST023,MED005,72
GR004065,PO003275,2026-01-24,ST023,MED006,60
GR004066,PO004201,2026-01-24,ST023,MED014,48
GR004067,PO004381,2026-01-24,ST023,MED015,72
GR004068,PO004383,2026-01-24,ST023,MED023,60
GR004069,PO004041,2026-01-24,ST024,MED024,72
GR004070,PO004209,2026-01-24,ST024,MED029,72
GR004071,PO004043,2026-01-24,ST025,MED004,48
GR004072,PO004044,2026-01-24,ST025,MED010,24
GR004073,PO004045,2026-01-24,ST025,MED011,60
GR004074,PO004046,2026-01-24,ST025,MED013,48
GR004075,PO004048,2026-01-24,ST026,MED002,60
GR004076,PO004050,2026-01-24,ST026,MED011,60
GR004077,PO004051,2026-01-24,ST026,MED012,72
GR004078,PO003877,2026-01-24,ST026,MED021,66
GR004079,PO003878,2026-01-24,ST026,MED025,36
GR004080,PO004217,2026-01-24,ST027,MED009,60
GR004081,PO004056,2026-01-24,ST027,MED015,72
GR004082,PO003509,2026-01-24,ST027,MED017,60
GR004083,PO003881,2026-01-24,ST027,MED021,60
GR004084,PO003884,2026-01-24,ST027,MED027,84
GR004085,PO004218,2026-01-24,ST028,MED017,60
GR004086,PO004404,2026-01-24,ST028,MED018,48
GR004087,PO003888,2026-01-24,ST028,MED022,42
GR004088,PO003515,2026-01-24,ST028,MED023,60
GR004089,PO004061,2026-01-24,ST028,MED029,72
GR004090,PO003889,2026-01-24,ST029,MED002,60
GR004091,PO004221,2026-01-24,ST029,MED008,24
GR004092,PO004062,2026-01-24,ST029,MED010,24
GR004093,PO004224,2026-01-24,ST029,MED017,60
GR004094,PO004065,2026-01-24,ST029,MED019,24
GR004095,PO004066,2026-01-24,ST029,MED023,72
GR004096,PO004411,2026-01-24,ST030,MED004,48
GR004097,PO004412,2026-01-24,ST030,MED016,48
GR004098,PO004413,2026-01-24,ST030,MED024,72
GR004099,PO004414,2026-01-24,ST030,MED026,72
GR004100,PO003896,2026-01-24,ST031,MED003,24
GR004101,PO003900,2026-01-24,ST031,MED015,72
GR004102,PO004238,2026-01-24,ST031,MED029,72
GR004103,PO003902,2026-01-24,ST032,MED001,72
GR004104,PO003903,2026-01-24,ST032,MED002,60
GR004105,PO004073,2026-01-24,ST032,MED013,48
GR004106,PO004074,2026-01-24,ST032,MED015,72
GR004107,PO003905,2026-01-24,ST032,MED023,60
GR004108,PO004242,2026-01-24,ST032,MED024,72
GR004109,PO004243,2026-01-24,ST033,MED002,60
GR004110,PO004079,2026-01-24,ST033,MED013,36
GR004111,PO004080,2026-01-24,ST033,MED014,48
GR004112,PO004425,2026-01-24,ST033,MED021,54
GR004113,PO003908,2026-01-24,ST033,MED022,48
GR004114,PO003910,2026-01-24,ST033,MED024,72
GR004115,PO004430,2026-01-24,ST034,MED004,48
GR004116,PO003913,2026-01-24,ST034,MED016,48
GR004117,PO003757,2026-01-24,ST034,MED020,48
GR004118,PO003916,2026-01-24,ST035,MED003,24
GR004119,PO004091,2026-01-24,ST035,MED016,48
GR004120,PO004092,2026-01-24,ST035,MED022,42
GR004121,PO003919,2026-01-24,ST035,MED023,72
GR004122,PO004249,2026-01-24,ST035,MED028,48
GR004123,PO004250,2026-01-24,ST036,MED002,60
GR004124,PO003920,2026-01-24,ST036,MED016,48
GR004125,PO004441,2026-01-24,ST036,MED024,72
GR004126,PO003921,2026-01-24,ST036,MED030,30
GR004127,PO004098,2026-01-24,ST037,MED021,54
GR004128,PO003924,2026-01-24,ST037,MED022,42
GR004129,PO004444,2026-01-24,ST037,MED023,60
GR004130,PO004100,2026-01-24,ST038,MED008,24
GR004131,PO004450,2026-01-24,ST038,MED016,48
GR004132,PO004101,2026-01-24,ST038,MED017,60
GR004133,PO004451,2026-01-24,ST038,MED019,24
GR004134,PO004452,2026-01-24,ST038,MED020,48
GR004135,PO004107,2026-01-24,ST039,MED004,48
GR004136,PO003926,2026-01-24,ST039,MED006,60
GR004137,PO004110,2026-01-24,ST039,MED012,60
GR004138,PO004454,2026-01-24,ST039,MED018,48
GR004139,PO003928,2026-01-24,ST039,MED021,60
GR004140,PO004112,2026-01-24,ST039,MED024,72
GR004141,PO004456,2026-01-24,ST040,MED006,60
GR004142,PO004117,2026-01-24,ST040,MED026,72
GR004143,PO003367,2026-01-24,ST040,MED030,30
GR004144,PO004462,2026-01-25,ST001,MED014,48
GR004145,PO003935,2026-01-25,ST001,MED021,60
GR004146,PO004464,2026-01-25,ST002,MED012,60
GR004147,PO003942,2026-01-25,ST002,MED025,36
GR004148,PO003943,2026-01-25,ST002,MED028,48
GR004149,PO004121,2026-01-25,ST003,MED006,60
GR004150,PO003946,2026-01-25,ST003,MED021,66
GR004151,PO004126,2026-01-25,ST003,MED024,72
GR004152,PO004127,2026-01-25,ST003,MED027,72
GR004153,PO004470,2026-01-25,ST004,MED004,48
GR004154,PO004128,2026-01-25,ST004,MED008,24
GR004155,PO004129,2026-01-25,ST004,MED011,66
GR004156,PO003949,2026-01-25,ST004,MED013,36
GR004157,PO004131,2026-01-25,ST004,MED017,72
GR004158,PO004284,2026-01-25,ST004,MED019,24
GR004159,PO004474,2026-01-25,ST004,MED020,48
GR004160,PO003952,2026-01-25,ST004,MED027,84
GR004161,PO004475,2026-01-25,ST004,MED028,48
GR004162,PO004477,2026-01-25,ST004,MED030,30
GR004163,PO003953,2026-01-25,ST005,MED004,48
GR004164,PO004478,2026-01-25,ST005,MED006,60
GR004165,PO004288,2026-01-25,ST005,MED008,24
GR004166,PO004135,2026-01-25,ST005,MED027,72
GR004167,PO004293,2026-01-25,ST005,MED028,48
GR004168,PO003959,2026-01-25,ST006,MED011,60
GR004169,PO004484,2026-01-25,ST006,MED019,24
GR004170,PO003963,2026-01-25,ST006,MED024,72
GR004171,PO003965,2026-01-25,ST007,MED003,24
GR004172,PO004298,2026-01-25,ST007,MED005,60
GR004173,PO004489,2026-01-25,ST008,MED003,24
GR004174,PO004308,2026-01-25,ST008,MED021,60
GR004175,PO003970,2026-01-25,ST008,MED028,48
GR004176,PO004314,2026-01-25,ST010,MED004,48
GR004177,PO004316,2026-01-25,ST010,MED013,48
GR004178,PO003975,2026-01-25,ST010,MED014,48
GR004179,PO004151,2026-01-25,ST010,MED026,72
GR004180,PO004501,2026-01-25,ST011,MED008,24
GR004181,PO004502,2026-01-25,ST011,MED009,60
GR004182,PO003983,2026-01-25,ST011,MED010,24
GR004183,PO003985,2026-01-25,ST011,MED021,54
GR004184,PO004503,2026-01-25,ST011,MED027,84
GR004185,PO004158,2026-01-25,ST011,MED029,72
GR004186,PO003988,2026-01-25,ST012,MED006,72
GR004187,PO004321,2026-01-25,ST012,MED009,60
GR004188,PO004161,2026-01-25,ST012,MED013,36
GR004189,PO004163,2026-01-25,ST012,MED016,48
GR004190,PO003819,2026-01-25,ST012,MED019,24
GR004191,PO003820,2026-01-25,ST012,MED024,84
GR004192,PO004507,2026-01-25,ST012,MED027,72
GR004193,PO003991,2026-01-25,ST012,MED028,48
GR004194,PO003992,2026-01-25,ST013,MED009,60
GR004195,PO004168,2026-01-25,ST013,MED018,48
GR004196,PO004328,2026-01-25,ST013,MED021,66
GR004197,PO003825,2026-01-25,ST013,MED022,42
GR004198,PO004331,2026-01-25,ST013,MED027,84
GR004199,PO003998,2026-01-25,ST014,MED020,48
GR004200,PO003999,2026-01-25,ST014,MED022,42
GR004201,PO003439,2026-01-25,ST015,MED001,72
GR004202,PO004519,2026-01-25,ST015,MED004,48
GR004203,PO004171,2026-01-25,ST015,MED006,60
GR004204,PO004333,2026-01-25,ST015,MED008,24
GR004205,PO004174,2026-01-25,ST015,MED021,60
GR004206,PO003670,2026-01-25,ST015,MED029,48
GR004207,PO004336,2026-01-25,ST016,MED001,72
GR004208,PO004525,2026-01-25,ST016,MED006,60
GR004209,PO004005,2026-01-25,ST016,MED011,66
GR004210,PO004526,2026-01-25,ST016,MED017,72
GR004211,PO004344,2026-01-25,ST016,MED021,54
GR004212,PO004007,2026-01-25,ST016,MED025,36
GR004213,PO004178,2026-01-25,ST017,MED002,66
GR004214,PO004347,2026-01-25,ST017,MED008,24
GR004215,PO004348,2026-01-25,ST017,MED017,72
GR004216,PO004179,2026-01-25,ST017,MED020,48
GR004217,PO004015,2026-01-25,ST018,MED001,72
GR004218,PO004532,2026-01-25,ST018,MED009,60
GR004219,PO004354,2026-01-25,ST018,MED010,24
GR004220,PO004020,2026-01-25,ST018,MED026,72
GR004221,PO003468,2026-01-25,ST019,MED002,66
GR004222,PO004540,2026-01-25,ST019,MED009,60
GR004223,PO004182,2026-01-25,ST019,MED010,24
GR004224,PO004362,2026-01-25,ST019,MED019,24
GR004225,PO004185,2026-01-25,ST019,MED021,60
GR004226,PO004187,2026-01-25,ST020,MED001,72
GR004227,PO004021,2026-01-25,ST020,MED003,24
GR004228,PO004544,2026-01-25,ST020,MED007,24
GR004229,PO004366,2026-01-25,ST020,MED008,24
GR004230,PO004189,2026-01-25,ST020,MED012,72
GR004231,PO004547,2026-01-25,ST020,MED016,48
GR004232,PO004367,2026-01-25,ST020,MED029,48
GR004233,PO004192,2026-01-25,ST021,MED002,60
GR004234,PO004369,2026-01-25,ST021,MED009,60
GR004235,PO004370,2026-01-25,ST021,MED012,60
GR004236,PO004030,2026-01-25,ST021,MED016,48
GR004237,PO004194,2026-01-25,ST021,MED018,48
GR004238,PO004031,2026-01-25,ST021,MED027,72
GR004239,PO004374,2026-01-25,ST022,MED004,48
GR004240,PO004032,2026-01-25,ST022,MED008,24
GR004241,PO004554,2026-01-25,ST022,MED012,60
GR004242,PO004556,2026-01-25,ST022,MED029,48
GR004243,PO004035,2026-01-25,ST023,MED004,48
GR004244,PO004379,2026-01-25,ST023,MED009,60
GR004245,PO004202,2026-01-25,ST023,MED016,48
GR004246,PO003858,2026-01-25,ST023,MED017,72
GR004247,PO004203,2026-01-25,ST023,MED019,24
GR004248,PO004557,2026-01-25,ST023,MED020,48
GR004249,PO004384,2026-01-25,ST023,MED025,36
GR004250,PO004559,2026-01-25,ST023,MED027,72
GR004251,PO004386,2026-01-25,ST024,MED004,48
GR004252,PO004387,2026-01-25,ST024,MED005,72
GR004253,PO004207,2026-01-25,ST024,MED015,72
GR004254,PO004389,2026-01-25,ST024,MED017,60
GR004255,PO004563,2026-01-25,ST024,MED025,36
GR004256,PO004391,2026-01-25,ST024,MED026,72
GR004257,PO003866,2026-01-25,ST025,MED001,72
GR004258,PO004392,2026-01-25,ST025,MED006,60
GR004259,PO003868,2026-01-25,ST025,MED009,60
GR004260,PO004211,2026-01-25,ST025,MED016,48
GR004261,PO004212,2026-01-25,ST025,MED022,42
GR004262,PO004568,2026-01-25,ST026,MED005,72
GR004263,PO004396,2026-01-25,ST026,MED008,24
GR004264,PO003874,2026-01-25,ST026,MED013,48
GR004265,PO004570,2026-01-25,ST026,MED015,72
GR004266,PO004052,2026-01-25,ST026,MED017,72
GR004267,PO004398,2026-01-25,ST026,MED029,72
GR004268,PO004055,2026-01-25,ST027,MED011,66
GR004269,PO004583,2026-01-25,ST027,MED012,72
GR004270,PO004057,2026-01-25,ST027,MED016,48
GR004271,PO004400,2026-01-25,ST027,MED020,48
GR004272,PO004059,2026-01-25,ST028,MED004,48
GR004273,PO004060,2026-01-25,ST028,MED010,24
GR004274,PO004403,2026-01-25,ST028,MED013,36
GR004275,PO004219,2026-01-25,ST028,MED019,24
GR004276,PO003518,2026-01-25,ST029,MED006,60
GR004277,PO004222,2026-01-25,ST029,MED009,60
GR004278,PO004223,2026-01-25,ST029,MED011,60
GR004279,PO004225,2026-01-25,ST029,MED024,72
GR004280,PO004592,2026-01-25,ST030,MED005,72
GR004281,PO004227,2026-01-25,ST030,MED009,60
GR004282,PO004230,2026-01-25,ST030,MED017,72
GR004283,PO004231,2026-01-25,ST030,MED021,60
GR004284,PO004233,2026-01-25,ST030,MED029,72
GR004285,PO003895,2026-01-25,ST030,MED030,30
GR004286,PO004236,2026-01-25,ST031,MED013,36
GR004287,PO004598,2026-01-25,ST031,MED017,72
GR004288,PO004416,2026-01-25,ST031,MED020,48
GR004289,PO004600,2026-01-25,ST031,MED024,72
GR004290,PO004071,2026-01-25,ST031,MED028,48
GR004291,PO004601,2026-01-25,ST032,MED006,60
GR004292,PO003746,2026-01-25,ST032,MED007,24
GR004293,PO004419,2026-01-25,ST032,MED009,60
GR004294,PO004241,2026-01-25,ST032,MED017,60
GR004295,PO004075,2026-01-25,ST032,MED018,48
GR004296,PO004603,2026-01-25,ST032,MED020,48
GR004297,PO004244,2026-01-25,ST033,MED004,48
GR004298,PO004423,2026-01-25,ST033,MED011,66
GR004299,PO004609,2026-01-25,ST033,MED019,24
GR004300,PO004086,2026-01-25,ST034,MED015,72
GR004301,PO004616,2026-01-25,ST034,MED022,48
GR004302,PO004432,2026-01-25,ST034,MED023,60
GR004303,PO004087,2026-01-25,ST034,MED025,36
GR004304,PO004433,2026-01-25,ST034,MED026,72
GR004305,PO004089,2026-01-25,ST035,MED010,24
GR004306,PO004090,2026-01-25,ST035,MED011,60
GR004307,PO004620,2026-01-25,ST035,MED019,24
GR004308,PO004093,2026-01-25,ST035,MED026,72
GR004309,PO004438,2026-01-25,ST036,MED006,60
GR004310,PO004442,2026-01-25,ST036,MED025,36
GR004311,PO004623,2026-01-25,ST037,MED001,72
GR004312,PO004255,2026-01-25,ST037,MED004,48
GR004313,PO004625,2026-01-25,ST037,MED014,48
GR004314,PO004626,2026-01-25,ST037,MED020,48
GR004315,PO004629,2026-01-25,ST037,MED030,30
GR004316,PO004263,2026-01-25,ST038,MED015,72
GR004317,PO004632,2026-01-25,ST038,MED021,60
GR004318,PO004104,2026-01-25,ST038,MED025,36
GR004319,PO004111,2026-01-25,ST039,MED014,48
GR004320,PO004267,2026-01-25,ST039,MED015,72
GR004321,PO004453,2026-01-25,ST039,MED016,48
GR004322,PO004635,2026-01-25,ST039,MED025,36
GR004323,PO004115,2026-01-25,ST040,MED002,72
GR004324,PO004638,2026-01-25,ST040,MED013,48
GR004325,PO004642,2026-01-25,ST040,MED028,48
GR004326,PO003586,2026-01-26,ST001,MED002,66
GR004327,PO004271,2026-01-26,ST001,MED009,60
GR004328,PO004647,2026-01-26,ST001,MED012,60
GR004329,PO004649,2026-01-26,ST001,MED025,36
GR004330,PO004277,2026-01-26,ST002,MED023,60
GR004331,PO004658,2026-01-26,ST003,MED007,24
GR004332,PO004659,2026-01-26,ST003,MED009,60
GR004333,PO004468,2026-01-26,ST003,MED017,60
GR004334,PO004282,2026-01-26,ST003,MED022,42
GR004335,PO004283,2026-01-26,ST004,MED010,36
GR004336,PO004472,2026-01-26,ST004,MED015,72
GR004337,PO004285,2026-01-26,ST004,MED022,42
GR004338,PO003950,2026-01-26,ST004,MED023,72
GR004339,PO004667,2026-01-26,ST004,MED025,48
GR004340,PO004132,2026-01-26,ST004,MED026,72
GR004341,PO004476,2026-01-26,ST004,MED029,72
GR004342,PO004479,2026-01-26,ST005,MED020,48
GR004343,PO004292,2026-01-26,ST005,MED026,72
GR004344,PO004673,2026-01-26,ST006,MED001,96
GR004345,PO004483,2026-01-26,ST006,MED012,60
GR004346,PO004677,2026-01-26,ST006,MED013,48
GR004347,PO004294,2026-01-26,ST006,MED015,72
GR004348,PO004485,2026-01-26,ST006,MED022,42
GR004349,PO004138,2026-01-26,ST007,MED001,72
GR004350,PO004679,2026-01-26,ST007,MED006,60
GR004351,PO004299,2026-01-26,ST007,MED007,24
GR004352,PO004300,2026-01-26,ST007,MED010,24
GR004353,PO004681,2026-01-26,ST007,MED020,48
GR004354,PO004486,2026-01-26,ST007,MED022,42
GR004355,PO004303,2026-01-26,ST007,MED029,72
GR004356,PO004305,2026-01-26,ST008,MED006,60
GR004357,PO004490,2026-01-26,ST008,MED011,66
GR004358,PO004307,2026-01-26,ST008,MED014,48
GR004359,PO004141,2026-01-26,ST008,MED017,72
GR004360,PO004492,2026-01-26,ST008,MED022,42
GR004361,PO003630,2026-01-26,ST008,MED030,30
GR004362,PO004690,2026-01-26,ST009,MED010,24
GR004363,PO003972,2026-01-26,ST009,MED013,48
GR004364,PO004146,2026-01-26,ST009,MED025,36
GR004365,PO004312,2026-01-26,ST009,MED028,48
GR004366,PO003640,2026-01-26,ST010,MED009,60
GR004367,PO004697,2026-01-26,ST010,MED017,72
GR004368,PO004698,2026-01-26,ST010,MED020,48
GR004369,PO004699,2026-01-26,ST010,MED029,72
GR004370,PO004153,2026-01-26,ST010,MED030,30
GR004371,PO003982,2026-01-26,ST011,MED001,72
GR004372,PO004154,2026-01-26,ST011,MED002,72
GR004373,PO004157,2026-01-26,ST011,MED016,48
GR004374,PO004704,2026-01-26,ST011,MED025,36
GR004375,PO004705,2026-01-26,ST011,MED028,48
GR004376,PO004504,2026-01-26,ST012,MED001,72
GR004377,PO004159,2026-01-26,ST012,MED004,48
GR004378,PO004707,2026-01-26,ST012,MED011,66
GR004379,PO004708,2026-01-26,ST012,MED014,48
GR004380,PO004165,2026-01-26,ST012,MED023,72
GR004381,PO004505,2026-01-26,ST012,MED025,36
GR004382,PO004506,2026-01-26,ST012,MED026,72
GR004383,PO004324,2026-01-26,ST013,MED003,24
GR004384,PO004509,2026-01-26,ST013,MED004,48
GR004385,PO004166,2026-01-26,ST013,MED005,72
GR004386,PO004325,2026-01-26,ST013,MED006,72
GR004387,PO004510,2026-01-26,ST013,MED011,72
GR004388,PO004512,2026-01-26,ST013,MED019,24
GR004389,PO004330,2026-01-26,ST013,MED026,72
GR004390,PO003994,2026-01-26,ST014,MED002,72
GR004391,PO004518,2026-01-26,ST015,MED002,66
GR004392,PO004002,2026-01-26,ST015,MED022,42
GR004393,PO004342,2026-01-26,ST016,MED016,48
GR004394,PO004176,2026-01-26,ST016,MED022,42
GR004395,PO004527,2026-01-26,ST016,MED024,72
GR004396,PO004177,2026-01-26,ST016,MED030,36
GR004397,PO003674,2026-01-26,ST017,MED007,24
GR004398,PO004349,2026-01-26,ST017,MED022,42
GR004399,PO004350,2026-01-26,ST017,MED023,60
GR004400,PO004352,2026-01-26,ST017,MED030,30
GR004401,PO003840,2026-01-26,ST018,MED006,60
GR004402,PO004356,2026-01-26,ST018,MED016,48
GR004403,PO004535,2026-01-26,ST018,MED018,48
GR004404,PO004358,2026-01-26,ST018,MED023,72
GR004405,PO004738,2026-01-26,ST019,MED001,72
GR004406,PO004359,2026-01-26,ST019,MED004,48
GR004407,PO004181,2026-01-26,ST019,MED007,24
GR004408,PO004744,2026-01-26,ST019,MED022,42
GR004409,PO004543,2026-01-26,ST019,MED028,48
GR004410,PO004747,2026-01-26,ST020,MED004,60
GR004411,PO003847,2026-01-26,ST020,MED020,48
GR004412,PO004751,2026-01-26,ST020,MED022,48
GR004413,PO004548,2026-01-26,ST020,MED025,36
GR004414,PO004376,2026-01-26,ST022,MED017,72
GR004415,PO004761,2026-01-26,ST022,MED020,48
GR004416,PO003707,2026-01-26,ST022,MED028,48
GR004417,PO004199,2026-01-26,ST023,MED003,24
GR004418,PO004200,2026-01-26,ST023,MED012,60
GR004419,PO004204,2026-01-26,ST023,MED021,60
GR004420,PO004382,2026-01-26,ST023,MED022,42
GR004421,PO004560,2026-01-26,ST023,MED029,48
GR004422,PO004205,2026-01-26,ST024,MED002,66
GR004423,PO004206,2026-01-26,ST024,MED010,24
GR004424,PO004561,2026-01-26,ST024,MED011,60
GR004425,PO004388,2026-01-26,ST024,MED016,48
GR004426,PO004765,2026-01-26,ST024,MED022,48
GR004427,PO003864,2026-01-26,ST024,MED027,72
GR004428,PO004767,2026-01-26,ST025,MED005,72
GR004429,PO004210,2026-01-26,ST025,MED007,24
GR004430,PO004393,2026-01-26,ST025,MED008,24
GR004431,PO004769,2026-01-26,ST025,MED015,72
GR004432,PO004213,2026-01-26,ST025,MED025,36
GR004433,PO004214,2026-01-26,ST025,MED027,84
GR004434,PO004774,2026-01-26,ST026,MED002,60
GR004435,PO004395,2026-01-26,ST026,MED006,60
GR004436,PO004569,2026-01-26,ST026,MED009,60
GR004437,PO004572,2026-01-26,ST026,MED018,48
GR004438,PO004574,2026-01-26,ST026,MED020,48
GR004439,PO004215,2026-01-26,ST026,MED028,48
GR004440,PO004582,2026-01-26,ST027,MED007,24
GR004441,PO004779,2026-01-26,ST027,MED017,60
GR004442,PO004399,2026-01-26,ST027,MED018,48
GR004443,PO004584,2026-01-26,ST027,MED022,42
GR004444,PO004409,2026-01-26,ST029,MED025,36
GR004445,PO004787,2026-01-26,ST029,MED027,72
GR004446,PO004593,2026-01-26,ST030,MED007,24
GR004447,PO004228,2026-01-26,ST030,MED011,66
GR004448,PO004789,2026-01-26,ST030,MED020,48
GR004449,PO004232,2026-01-26,ST030,MED022,42
GR004450,PO003894,2026-01-26,ST030,MED028,48
GR004451,PO004415,2026-01-26,ST031,MED009,60
GR004452,PO004793,2026-01-26,ST031,MED010,36
GR004453,PO004237,2026-01-26,ST031,MED023,72
GR004454,PO003744,2026-01-26,ST031,MED030,30
GR004455,PO004797,2026-01-26,ST032,MED002,60
GR004456,PO004798,2026-01-26,ST032,MED005,72
GR004457,PO004799,2026-01-26,ST032,MED008,24
GR004458,PO004800,2026-01-26,ST032,MED011,72
GR004459,PO004602,2026-01-26,ST032,MED014,48
GR004460,PO004240,2026-01-26,ST032,MED016,48
GR004461,PO004420,2026-01-26,ST032,MED027,84
GR004462,PO004605,2026-01-26,ST032,MED028,48
GR004463,PO004422,2026-01-26,ST033,MED009,60
GR004464,PO004808,2026-01-26,ST033,MED012,60
GR004465,PO004810,2026-01-26,ST033,MED027,84
GR004466,PO004429,2026-01-26,ST034,MED003,24
GR004467,PO004245,2026-01-26,ST034,MED005,72
GR004468,PO003911,2026-01-26,ST034,MED010,24
GR004469,PO004615,2026-01-26,ST034,MED012,72
GR004470,PO004813,2026-01-26,ST034,MED018,48
GR004471,PO004618,2026-01-26,ST035,MED002,60
GR004472,PO004435,2026-01-26,ST035,MED012,60
GR004473,PO004819,2026-01-26,ST035,MED015,72
GR004474,PO004820,2026-01-26,ST035,MED017,72
GR004475,PO004621,2026-01-26,ST035,MED029,72
GR004476,PO004251,2026-01-26,ST036,MED003,24
GR004477,PO004437,2026-01-26,ST036,MED005,72
GR004478,PO004254,2026-01-26,ST037,MED002,66
GR004479,PO004256,2026-01-26,ST037,MED009,72
GR004480,PO004257,2026-01-26,ST037,MED011,66
GR004481,PO004258,2026-01-26,ST037,MED012,60
GR004482,PO004446,2026-01-26,ST037,MED027,72
GR004483,PO004831,2026-01-26,ST038,MED001,72
GR004484,PO004261,2026-01-26,ST038,MED004,60
GR004485,PO004630,2026-01-26,ST038,MED009,60
GR004486,PO004262,2026-01-26,ST038,MED012,60
GR004487,PO004631,2026-01-26,ST038,MED018,48
GR004488,PO004837,2026-01-26,ST038,MED027,72
GR004489,PO004265,2026-01-26,ST038,MED030,30
GR004490,PO003925,2026-01-26,ST039,MED002,60
GR004491,PO004633,2026-01-26,ST039,MED003,24
GR004492,PO004842,2026-01-26,ST039,MED017,72
GR004493,PO004634,2026-01-26,ST039,MED020,48
GR004494,PO004843,2026-01-26,ST039,MED026,72
GR004495,PO004636,2026-01-26,ST039,MED027,72
GR004496,PO003930,2026-01-26,ST040,MED005,72
GR004497,PO004457,2026-01-26,ST040,MED010,24
GR004498,PO004637,2026-01-26,ST040,MED011,60
GR004499,PO003931,2026-01-26,ST040,MED012,60
GR004500,PO004458,2026-01-26,ST040,MED015,72
GR004501,PO004460,2026-01-26,ST040,MED023,60
GR004502,PO004461,2026-01-26,ST040,MED024,72
GR004503,PO004640,2026-01-26,ST040,MED025,36
GR004504,PO004641,2026-01-26,ST040,MED027,72
GR004505,PO004643,2026-01-26,ST040,MED029,72
GR004506,PO004269,2026-01-27,ST001,MED005,72
GR004507,PO004272,2026-01-27,ST001,MED010,36
GR004508,PO004648,2026-01-27,ST001,MED019,24
GR004509,PO004852,2026-01-27,ST001,MED022,48
GR004510,PO004854,2026-01-27,ST001,MED027,84
GR004511,PO004651,2026-01-27,ST001,MED029,72
GR004512,PO004653,2026-01-27,ST002,MED001,72
GR004513,PO004274,2026-01-27,ST002,MED002,66
GR004514,PO004275,2026-01-27,ST002,MED013,36
GR004515,PO004278,2026-01-27,ST002,MED027,72
GR004516,PO004465,2026-01-27,ST003,MED001,72
GR004517,PO004120,2026-01-27,ST003,MED005,72
GR004518,PO004281,2026-01-27,ST003,MED008,24
GR004519,PO004124,2026-01-27,ST003,MED018,48
GR004520,PO004469,2026-01-27,ST003,MED026,72
GR004521,PO004471,2026-01-27,ST004,MED005,72
GR004522,PO003796,2026-01-27,ST004,MED009,60
GR004523,PO004286,2026-01-27,ST005,MED002,72
GR004524,PO004287,2026-01-27,ST005,MED003,24
GR004525,PO004289,2026-01-27,ST005,MED015,72
GR004526,PO004290,2026-01-27,ST005,MED016,48
GR004527,PO003798,2026-01-27,ST005,MED017,60
GR004528,PO004291,2026-01-27,ST005,MED021,60
GR004529,PO004672,2026-01-27,ST005,MED024,84
GR004530,PO004674,2026-01-27,ST006,MED005,60
GR004531,PO004676,2026-01-27,ST006,MED009,72
GR004532,PO004296,2026-01-27,ST006,MED021,54
GR004533,PO004879,2026-01-27,ST006,MED029,48
GR004534,PO004881,2026-01-27,ST007,MED009,60
GR004535,PO004301,2026-01-27,ST007,MED017,72
GR004536,PO004488,2026-01-27,ST007,MED028,48
GR004537,PO004304,2026-01-27,ST008,MED005,72
GR004538,PO003969,2026-01-27,ST008,MED010,24
GR004539,PO004493,2026-01-27,ST008,MED024,72
GR004540,PO004689,2026-01-27,ST009,MED009,60
GR004541,PO004497,2026-01-27,ST009,MED017,72
GR004542,PO004890,2026-01-27,ST009,MED020,48
GR004543,PO004694,2026-01-27,ST009,MED021,60
GR004544,PO004892,2026-01-27,ST009,MED026,72
GR004545,PO004500,2026-01-27,ST009,MED027,72
GR004546,PO004147,2026-01-27,ST010,MED001,72
GR004547,PO004150,2026-01-27,ST010,MED024,72
GR004548,PO003812,2026-01-27,ST011,MED003,24
GR004549,PO004700,2026-01-27,ST011,MED004,60
GR004550,PO004701,2026-01-27,ST011,MED005,72
GR004551,PO004702,2026-01-27,ST011,MED006,60
GR004552,PO004900,2026-01-27,ST011,MED013,48
GR004553,PO004902,2026-01-27,ST011,MED019,24
GR004554,PO004906,2026-01-27,ST012,MED005,72
GR004555,PO004907,2026-01-27,ST012,MED007,24
GR004556,PO004709,2026-01-27,ST012,MED017,72
GR004557,PO004323,2026-01-27,ST012,MED022,48
GR004558,PO004508,2026-01-27,ST012,MED030,30
GR004559,PO004711,2026-01-27,ST013,MED002,72
GR004560,PO004713,2026-01-27,ST013,MED012,60
GR004561,PO004914,2026-01-27,ST013,MED014,48
GR004562,PO004329,2026-01-27,ST013,MED025,36
GR004563,PO004332,2026-01-27,ST014,MED007,24
GR004564,PO004515,2026-01-27,ST014,MED010,24
GR004565,PO004517,2026-01-27,ST014,MED016,48
GR004566,PO004715,2026-01-27,ST014,MED021,66
GR004567,PO004920,2026-01-27,ST014,MED026,72
GR004568,PO004522,2026-01-27,ST015,MED019,24
GR004569,PO004523,2026-01-27,ST015,MED025,36
GR004570,PO004722,2026-01-27,ST015,MED028,48
GR004571,PO004524,2026-01-27,ST015,MED030,30
GR004572,PO004337,2026-01-27,ST016,MED004,48
GR004573,PO004723,2026-01-27,ST016,MED007,24
GR004574,PO004343,2026-01-27,ST016,MED019,24
GR004575,PO004930,2026-01-27,ST017,MED005,60
GR004576,PO004732,2026-01-27,ST017,MED010,36
GR004577,PO004933,2026-01-27,ST017,MED016,48
GR004578,PO004934,2026-01-27,ST017,MED018,48
GR004579,PO004936,2026-01-27,ST017,MED024,72
GR004580,PO004351,2026-01-27,ST017,MED025,36
GR004581,PO004531,2026-01-27,ST018,MED002,60
GR004582,PO004733,2026-01-27,ST018,MED005,72
GR004583,PO004734,2026-01-27,ST018,MED007,24
GR004584,PO004533,2026-01-27,ST018,MED011,60
GR004585,PO004355,2026-01-27,ST018,MED012,60
GR004586,PO004357,2026-01-27,ST018,MED017,60
GR004587,PO004938,2026-01-27,ST018,MED019,24
GR004588,PO004940,2026-01-27,ST018,MED021,54
GR004589,PO004737,2026-01-27,ST018,MED029,48
GR004590,PO004538,2026-01-27,ST018,MED030,36
GR004591,PO004360,2026-01-27,ST019,MED012,60
GR004592,PO004542,2026-01-27,ST019,MED025,36
GR004593,PO004364,2026-01-27,ST019,MED026,72
GR004594,PO004365,2026-01-27,ST019,MED030,30
GR004595,PO004748,2026-01-27,ST020,MED005,60
GR004596,PO004545,2026-01-27,ST020,MED010,24
GR004597,PO004750,2026-01-27,ST020,MED014,48
GR004598,PO004947,2026-01-27,ST020,MED015,72
GR004599,PO004948,2026-01-27,ST020,MED017,72
GR004600,PO004371,2026-01-27,ST021,MED020,48
GR004601,PO004372,2026-01-27,ST021,MED021,54
GR004602,PO004955,2026-01-27,ST022,MED001,72
GR004603,PO004552,2026-01-27,ST022,MED002,60
GR004604,PO004756,2026-01-27,ST022,MED003,24
GR004605,PO004553,2026-01-27,ST022,MED009,60
GR004606,PO004957,2026-01-27,ST022,MED014,48
GR004607,PO004760,2026-01-27,ST022,MED016,48
GR004608,PO004377,2026-01-27,ST022,MED018,48
GR004609,PO004378,2026-01-27,ST022,MED019,24
GR004610,PO004555,2026-01-27,ST022,MED027,72
GR004611,PO004961,2026-01-27,ST023,MED010,24
GR004612,PO004380,2026-01-27,ST023,MED011,72
GR004613,PO004385,2026-01-27,ST023,MED030,30
GR004614,PO004964,2026-01-27,ST024,MED009,60
GR004615,PO004390,2026-01-27,ST024,MED020,48
GR004616,PO004768,2026-01-27,ST025,MED012,72
GR004617,PO004047,2026-01-27,ST025,MED014,48
GR004618,PO004394,2026-01-27,ST025,MED017,72
GR004619,PO004771,2026-01-27,ST025,MED024,72
GR004620,PO004566,2026-01-27,ST025,MED028,48
GR004621,PO004397,2026-01-27,ST026,MED022,36
GR004622,PO004575,2026-01-27,ST026,MED023,72
GR004623,PO004776,2026-01-27,ST026,MED024,72
GR004624,PO004978,2026-01-27,ST026,MED026,72
GR004625,PO004576,2026-01-27,ST026,MED027,72
GR004626,PO004577,2026-01-27,ST027,MED001,72
GR004627,PO004581,2026-01-27,ST027,MED006,60
GR004628,PO004981,2026-01-27,ST027,MED014,48
GR004629,PO004982,2026-01-27,ST027,MED015,96
GR004630,PO004780,2026-01-27,ST027,MED024,72
GR004631,PO004586,2026-01-27,ST027,MED026,72
GR004632,PO004986,2026-01-27,ST028,MED003,24
GR004633,PO004401,2026-01-27,ST028,MED008,24
GR004634,PO004989,2026-01-27,ST028,MED011,60
GR004635,PO004402,2026-01-27,ST028,MED012,60
GR004636,PO004990,2026-01-27,ST028,MED015,72
GR004637,PO004405,2026-01-27,ST028,MED026,72
GR004638,PO004406,2026-01-27,ST028,MED027,72
GR004639,PO004995,2026-01-27,ST029,MED004,48
GR004640,PO004407,2026-01-27,ST029,MED005,72
GR004641,PO004589,2026-01-27,ST029,MED016,48
GR004642,PO004408,2026-01-27,ST029,MED022,36
GR004643,PO004590,2026-01-27,ST029,MED026,72
GR004644,PO004591,2026-01-27,ST030,MED001,72
GR004645,PO004594,2026-01-27,ST030,MED012,72
GR004646,PO004791,2026-01-27,ST030,MED027,84
GR004647,PO005003,2026-01-27,ST031,MED005,72
GR004648,PO004792,2026-01-27,ST031,MED006,60
GR004649,PO005004,2026-01-27,ST031,MED007,24
GR004650,PO004794,2026-01-27,ST031,MED011,60
GR004651,PO004597,2026-01-27,ST031,MED014,48
GR004652,PO004599,2026-01-27,ST031,MED021,54
GR004653,PO005007,2026-01-27,ST031,MED026,72
GR004654,PO004417,2026-01-27,ST031,MED027,84
GR004655,PO004072,2026-01-27,ST032,MED003,24
GR004656,PO004418,2026-01-27,ST032,MED004,48
GR004657,PO004801,2026-01-27,ST032,MED012,72
GR004658,PO004804,2026-01-27,ST032,MED025,36
GR004659,PO004604,2026-01-27,ST032,MED026,72
GR004660,PO004805,2026-01-27,ST032,MED029,72
GR004661,PO004607,2026-01-27,ST033,MED003,24
GR004662,PO004421,2026-01-27,ST033,MED006,72
GR004663,PO005012,2026-01-27,ST033,MED013,48
GR004664,PO004424,2026-01-27,ST033,MED016,48
GR004665,PO004427,2026-01-27,ST033,MED026,72
GR004666,PO004610,2026-01-27,ST033,MED028,48
GR004667,PO004611,2026-01-27,ST033,MED029,72
GR004668,PO004428,2026-01-27,ST033,MED030,30
GR004669,PO004614,2026-01-27,ST034,MED007,24
GR004670,PO004617,2026-01-27,ST034,MED027,72
GR004671,PO004434,2026-01-27,ST035,MED008,24
GR004672,PO004822,2026-01-27,ST035,MED024,72
GR004673,PO004436,2026-01-27,ST035,MED030,36
GR004674,PO004622,2026-01-27,ST036,MED001,72
GR004675,PO005025,2026-01-27,ST036,MED009,72
GR004676,PO004439,2026-01-27,ST036,MED010,24
GR004677,PO004440,2026-01-27,ST036,MED012,60
GR004678,PO005029,2026-01-27,ST036,MED023,72
GR004679,PO004826,2026-01-27,ST036,MED027,84
GR004680,PO004624,2026-01-27,ST037,MED007,24
GR004681,PO004443,2026-01-27,ST037,MED016,48
GR004682,PO004628,2026-01-27,ST037,MED029,72
GR004683,PO004833,2026-01-27,ST038,MED003,24
GR004684,PO004447,2026-01-27,ST038,MED007,24
GR004685,PO004449,2026-01-27,ST038,MED013,48
GR004686,PO004838,2026-01-27,ST039,MED005,72
GR004687,PO004839,2026-01-27,ST039,MED009,60
GR004688,PO004844,2026-01-27,ST039,MED029,48
GR004689,PO005047,2026-01-27,ST040,MED019,24
GR004690,PO004459,2026-01-27,ST040,MED020,48
GR004691,PO004849,2026-01-28,ST001,MED001,72
GR004692,PO004644,2026-01-28,ST001,MED003,24
GR004693,PO004850,2026-01-28,ST001,MED008,24
GR004694,PO004646,2026-01-28,ST001,MED011,66
GR004695,PO005052,2026-01-28,ST001,MED013,48
GR004696,PO004463,2026-01-28,ST001,MED023,72
GR004697,PO004652,2026-01-28,ST001,MED030,30
GR004698,PO005056,2026-01-28,ST002,MED004,48
GR004699,PO004857,2026-01-28,ST002,MED014,48
GR004700,PO005059,2026-01-28,ST002,MED017,72
GR004701,PO004276,2026-01-28,ST002,MED021,60
GR004702,PO004466,2026-01-28,ST003,MED004,60
GR004703,PO004467,2026-01-28,ST003,MED012,60
GR004704,PO005064,2026-01-28,ST003,MED027,72
GR004705,PO004662,2026-01-28,ST004,MED002,72
GR004706,PO004663,2026-01-28,ST004,MED003,24
GR004707,PO004865,2026-01-28,ST004,MED007,24
GR004708,PO004665,2026-01-28,ST004,MED018,48
GR004709,PO004867,2026-01-28,ST004,MED024,72
GR004710,PO004668,2026-01-28,ST005,MED001,72
GR004711,PO004669,2026-01-28,ST005,MED005,60
GR004712,PO004670,2026-01-28,ST005,MED007,24
GR004713,PO004868,2026-01-28,ST005,MED009,60
GR004714,PO004870,2026-01-28,ST005,MED014,48
GR004715,PO005072,2026-01-28,ST005,MED019,24
GR004716,PO004134,2026-01-28,ST005,MED022,42
GR004717,PO004480,2026-01-28,ST005,MED023,72
GR004718,PO004872,2026-01-28,ST005,MED029,72
GR004719,PO004873,2026-01-28,ST005,MED030,30
GR004720,PO004481,2026-01-28,ST006,MED002,72
GR004721,PO004482,2026-01-28,ST006,MED007,24
GR004722,PO005078,2026-01-28,ST006,MED018,48
GR004723,PO005079,2026-01-28,ST006,MED020,48
GR004724,PO004678,2026-01-28,ST006,MED023,60
GR004725,PO004297,2026-01-28,ST006,MED030,30
GR004726,PO004880,2026-01-28,ST007,MED002,66
GR004727,PO004882,2026-01-28,ST007,MED015,72
GR004728,PO004487,2026-01-28,ST007,MED027,72
GR004729,PO004684,2026-01-28,ST008,MED004,48
GR004730,PO004491,2026-01-28,ST008,MED015,72
GR004731,PO004143,2026-01-28,ST008,MED023,60
GR004732,PO004686,2026-01-28,ST008,MED026,72
GR004733,PO004494,2026-01-28,ST009,MED001,72
GR004734,PO004495,2026-01-28,ST009,MED003,24
GR004735,PO004496,2026-01-28,ST009,MED011,66
GR004736,PO004691,2026-01-28,ST009,MED014,48
GR004737,PO004891,2026-01-28,ST009,MED022,48
GR004738,PO004499,2026-01-28,ST009,MED024,72
GR004739,PO004695,2026-01-28,ST009,MED030,36
GR004740,PO004895,2026-01-28,ST010,MED010,24
GR004741,PO005091,2026-01-28,ST010,MED015,72
GR004742,PO004896,2026-01-28,ST010,MED022,42
GR004743,PO005097,2026-01-28,ST011,MED014,48
GR004744,PO005098,2026-01-28,ST011,MED021,60
GR004745,PO004703,2026-01-28,ST011,MED024,84
GR004746,PO004706,2026-01-28,ST011,MED030,30
GR004747,PO004911,2026-01-28,ST012,MED021,60
GR004748,PO004710,2026-01-28,ST013,MED001,72
GR004749,PO005102,2026-01-28,ST013,MED007,24
GR004750,PO004712,2026-01-28,ST013,MED008,24
GR004751,PO005107,2026-01-28,ST013,MED023,72
GR004752,PO004916,2026-01-28,ST013,MED024,84
GR004753,PO004513,2026-01-28,ST013,MED028,48
GR004754,PO004514,2026-01-28,ST013,MED029,72
GR004755,PO004919,2026-01-28,ST014,MED009,72
GR004756,PO005111,2026-01-28,ST014,MED017,60
GR004757,PO004716,2026-01-28,ST014,MED023,72
GR004758,PO004922,2026-01-28,ST014,MED030,30
GR004759,PO005113,2026-01-28,ST015,MED011,60
GR004760,PO004520,2026-01-28,ST015,MED015,72
GR004761,PO004719,2026-01-28,ST015,MED016,48
GR004762,PO004335,2026-01-28,ST015,MED023,60
GR004763,PO004926,2026-01-28,ST015,MED027,72
GR004764,PO004338,2026-01-28,ST016,MED005,60
GR004765,PO004725,2026-01-28,ST016,MED020,48
GR004766,PO004728,2026-01-28,ST017,MED001,72
GR004767,PO005116,2026-01-28,ST017,MED002,60
GR004768,PO004730,2026-01-28,ST017,MED004,60
GR004769,PO004731,2026-01-28,ST017,MED009,60
GR004770,PO004009,2026-01-28,ST017,MED011,60
GR004771,PO004932,2026-01-28,ST017,MED012,72
GR004772,PO004528,2026-01-28,ST017,MED015,72
GR004773,PO004529,2026-01-28,ST017,MED019,24
GR004774,PO004530,2026-01-28,ST017,MED027,84
GR004775,PO004937,2026-01-28,ST017,MED029,72
GR004776,PO005120,2026-01-28,ST018,MED004,48
GR004777,PO004534,2026-01-28,ST018,MED015,72
GR004778,PO004939,2026-01-28,ST018,MED020,48
GR004779,PO004735,2026-01-28,ST018,MED022,48
GR004780,PO004536,2026-01-28,ST018,MED024,72
GR004781,PO004537,2026-01-28,ST018,MED027,72
GR004782,PO004736,2026-01-28,ST018,MED028,48
GR004783,PO005123,2026-01-28,ST019,MED002,72
GR004784,PO004739,2026-01-28,ST019,MED003,24
GR004785,PO004539,2026-01-28,ST019,MED006,60
GR004786,PO004740,2026-01-28,ST019,MED011,66
GR004787,PO004741,2026-01-28,ST019,MED013,48
GR004788,PO004944,2026-01-28,ST019,MED018,48
GR004789,PO004363,2026-01-28,ST019,MED020,48
GR004790,PO004541,2026-01-28,ST019,MED024,72
GR004791,PO004745,2026-01-28,ST019,MED027,84
GR004792,PO004746,2026-01-28,ST019,MED029,72
GR004793,PO004546,2026-01-28,ST020,MED011,66
GR004794,PO005130,2026-01-28,ST020,MED018,48
GR004795,PO004550,2026-01-28,ST021,MED008,24
GR004796,PO004754,2026-01-28,ST021,MED015,72
GR004797,PO005134,2026-01-28,ST021,MED024,72
GR004798,PO004551,2026-01-28,ST021,MED030,30
GR004799,PO004375,2026-01-28,ST022,MED005,60
GR004800,PO004758,2026-01-28,ST022,MED010,24
GR004801,PO005135,2026-01-28,ST022,MED015,72
GR004802,PO005136,2026-01-28,ST022,MED021,54
GR004803,PO005143,2026-01-28,ST023,MED024,72
GR004804,PO004558,2026-01-28,ST023,MED026,72
GR004805,PO004764,2026-01-28,ST024,MED006,60
GR004806,PO004562,2026-01-28,ST024,MED012,60
GR004807,PO005144,2026-01-28,ST024,MED019,24
GR004808,PO004208,2026-01-28,ST024,MED021,60
GR004809,PO005146,2026-01-28,ST025,MED003,24
GR004810,PO004565,2026-01-28,ST025,MED021,60
GR004811,PO004772,2026-01-28,ST025,MED029,72
GR004812,PO004567,2026-01-28,ST025,MED030,30
GR004813,PO004773,2026-01-28,ST026,MED001,72
GR004814,PO005151,2026-01-28,ST026,MED003,24
GR004815,PO004973,2026-01-28,ST026,MED004,48
GR004816,PO004775,2026-01-28,ST026,MED010,36
GR004817,PO004975,2026-01-28,ST026,MED011,72
GR004818,PO004571,2026-01-28,ST026,MED016,48
GR004819,PO004573,2026-01-28,ST026,MED019,24
GR004820,PO004979,2026-01-28,ST026,MED030,36
GR004821,PO004578,2026-01-28,ST027,MED002,60
GR004822,PO004579,2026-01-28,ST027,MED003,24
GR004823,PO004580,2026-01-28,ST027,MED004,48
GR004824,PO004777,2026-01-28,ST027,MED005,72
GR004825,PO004585,2026-01-28,ST027,MED023,72
GR004826,PO004984,2026-01-28,ST027,MED025,48
GR004827,PO004781,2026-01-28,ST027,MED029,48
GR004828,PO004587,2026-01-28,ST027,MED030,30
GR004829,PO004987,2026-01-28,ST028,MED005,60
GR004830,PO005160,2026-01-28,ST028,MED009,60
GR004831,PO004784,2026-01-28,ST028,MED014,48
GR004832,PO005162,2026-01-28,ST028,MED028,48
GR004833,PO004588,2026-01-28,ST029,MED007,24
GR004834,PO004996,2026-01-28,ST029,MED012,72
GR004835,PO004786,2026-01-28,ST029,MED015,72
GR004836,PO004788,2026-01-28,ST030,MED013,48
GR004837,PO004595,2026-01-28,ST030,MED023,60
GR004838,PO004234,2026-01-28,ST031,MED001,72
GR004839,PO004596,2026-01-28,ST031,MED004,48
GR004840,PO004795,2026-01-28,ST031,MED012,72
GR004841,PO005170,2026-01-28,ST032,MED001,72
GR004842,PO005171,2026-01-28,ST032,MED015,96
GR004843,PO005010,2026-01-28,ST032,MED023,72
GR004844,PO005175,2026-01-28,ST033,MED004,48
GR004845,PO004608,2026-01-28,ST033,MED007,24
GR004846,PO005013,2026-01-28,ST033,MED015,72
GR004847,PO005016,2026-01-28,ST033,MED022,42
GR004848,PO004426,2026-01-28,ST033,MED025,36
GR004849,PO004612,2026-01-28,ST034,MED001,72
GR004850,PO004613,2026-01-28,ST034,MED002,60
GR004851,PO005018,2026-01-28,ST034,MED006,60
GR004852,PO005020,2026-01-28,ST034,MED016,48
GR004853,PO005021,2026-01-28,ST034,MED019,24
GR004854,PO005022,2026-01-28,ST034,MED020,48
GR004855,PO004619,2026-01-28,ST035,MED018,48
GR004856,PO005185,2026-01-28,ST035,MED027,72
GR004857,PO005188,2026-01-28,ST036,MED019,24
GR004858,PO004827,2026-01-28,ST036,MED028,48
GR004859,PO005191,2026-01-28,ST036,MED030,30
GR004860,PO005031,2026-01-28,ST037,MED013,48
GR004861,PO005193,2026-01-28,ST037,MED019,24
GR004862,PO004627,2026-01-28,ST037,MED025,36
GR004863,PO004830,2026-01-28,ST037,MED026,72
GR004864,PO005194,2026-01-28,ST037,MED028,48
GR004865,PO004832,2026-01-28,ST038,MED002,72
GR004866,PO004834,2026-01-28,ST038,MED005,72
GR004867,PO004448,2026-01-28,ST038,MED011,60
GR004868,PO005034,2026-01-28,ST038,MED024,72
GR004869,PO005038,2026-01-28,ST039,MED012,72
GR004870,PO004268,2026-01-28,ST039,MED023,72
GR004871,PO005199,2026-01-28,ST039,MED028,48
GR004872,PO005044,2026-01-28,ST040,MED004,48
GR004873,PO004847,2026-01-28,ST040,MED016,48
GR004874,PO005046,2026-01-28,ST040,MED018,48
GR004875,PO004639,2026-01-28,ST040,MED021,54
GR004876,PO005051,2026-01-29,ST001,MED007,24
GR004877,PO004851,2026-01-29,ST001,MED015,72
GR004878,PO004853,2026-01-29,ST001,MED024,84
GR004879,PO004855,2026-01-29,ST002,MED003,24
GR004880,PO004654,2026-01-29,ST002,MED008,24
GR004881,PO005058,2026-01-29,ST002,MED009,60
GR004882,PO004655,2026-01-29,ST002,MED010,36
GR004883,PO004656,2026-01-29,ST002,MED019,24
GR004884,PO004657,2026-01-29,ST002,MED020,48
GR004885,PO004858,2026-01-29,ST002,MED022,48
GR004886,PO005061,2026-01-29,ST003,MED006,60
GR004887,PO004862,2026-01-29,ST003,MED019,24
GR004888,PO004661,2026-01-29,ST003,MED020,48
GR004889,PO005063,2026-01-29,ST003,MED025,36
GR004890,PO004864,2026-01-29,ST003,MED030,30
GR004891,PO004664,2026-01-29,ST004,MED006,60
GR004892,PO004473,2026-01-29,ST004,MED016,48
GR004893,PO004666,2026-01-29,ST004,MED021,60
GR004894,PO005070,2026-01-29,ST005,MED010,36
GR004895,PO005071,2026-01-29,ST005,MED011,72
GR004896,PO004671,2026-01-29,ST005,MED013,48
GR004897,PO004871,2026-01-29,ST005,MED025,36
GR004898,PO005073,2026-01-29,ST005,MED027,72
GR004899,PO004675,2026-01-29,ST006,MED006,60
GR004900,PO005219,2026-01-29,ST006,MED015,72
GR004901,PO004876,2026-01-29,ST006,MED017,72
GR004902,PO005220,2026-01-29,ST006,MED022,42
GR004903,PO004878,2026-01-29,ST006,MED027,72
GR004904,PO004680,2026-01-29,ST007,MED012,60
GR004905,PO004883,2026-01-29,ST007,MED021,54
GR004906,PO004682,2026-01-29,ST007,MED023,60
GR004907,PO004884,2026-01-29,ST007,MED024,72
GR004908,PO004683,2026-01-29,ST008,MED002,60
GR004909,PO004887,2026-01-29,ST008,MED012,72
GR004910,PO004888,2026-01-29,ST008,MED013,48
GR004911,PO004687,2026-01-29,ST008,MED027,72
GR004912,PO004688,2026-01-29,ST009,MED008,24
GR004913,PO004498,2026-01-29,ST009,MED018,48
GR004914,PO004893,2026-01-29,ST009,MED029,72
GR004915,PO005228,2026-01-29,ST010,MED002,66
GR004916,PO005229,2026-01-29,ST010,MED007,24
GR004917,PO004696,2026-01-29,ST010,MED011,66
GR004918,PO005231,2026-01-29,ST010,MED026,72
GR004919,PO004898,2026-01-29,ST011,MED007,24
GR004920,PO005099,2026-01-29,ST011,MED026,72
GR004921,PO004905,2026-01-29,ST012,MED002,66
GR004922,PO004908,2026-01-29,ST012,MED008,24
GR004923,PO005244,2026-01-29,ST013,MED005,60
GR004924,PO004326,2026-01-29,ST013,MED010,36
GR004925,PO004913,2026-01-29,ST013,MED013,36
GR004926,PO004511,2026-01-29,ST013,MED015,72
GR004927,PO005110,2026-01-29,ST014,MED006,60
GR004928,PO004918,2026-01-29,ST014,MED008,24
GR004929,PO004717,2026-01-29,ST014,MED025,36
GR004930,PO004923,2026-01-29,ST015,MED005,72
GR004931,PO005252,2026-01-29,ST015,MED007,24
GR004932,PO004718,2026-01-29,ST015,MED009,60
GR004933,PO005114,2026-01-29,ST015,MED017,60
GR004934,PO004925,2026-01-29,ST015,MED020,48
GR004935,PO004721,2026-01-29,ST015,MED026,72
GR004936,PO004928,2026-01-29,ST016,MED003,24
GR004937,PO004724,2026-01-29,ST016,MED010,36
GR004938,PO005254,2026-01-29,ST016,MED011,72
GR004939,PO004929,2026-01-29,ST016,MED023,72
GR004940,PO004726,2026-01-29,ST016,MED027,72
GR004941,PO004727,2026-01-29,ST016,MED028,48
GR004942,PO004729,2026-01-29,ST017,MED003,24
GR004943,PO005122,2026-01-29,ST018,MED013,48
GR004944,PO005260,2026-01-29,ST018,MED014,48
GR004945,PO004942,2026-01-29,ST019,MED005,60
GR004946,PO004943,2026-01-29,ST019,MED008,24
GR004947,PO004743,2026-01-29,ST019,MED017,60
GR004948,PO004945,2026-01-29,ST020,MED002,78
GR004949,PO004749,2026-01-29,ST020,MED009,60
GR004950,PO004752,2026-01-29,ST020,MED023,72
GR004951,PO004753,2026-01-29,ST020,MED026,72
GR004952,PO004952,2026-01-29,ST021,MED011,66
GR004953,PO004953,2026-01-29,ST021,MED017,60
GR004954,PO005270,2026-01-29,ST022,MED011,60
GR004955,PO005137,2026-01-29,ST022,MED023,60
GR004956,PO005271,2026-01-29,ST022,MED026,72
GR004957,PO005138,2026-01-29,ST022,MED030,30
GR004958,PO004762,2026-01-29,ST023,MED001,72
GR004959,PO004763,2026-01-29,ST023,MED002,60
GR004960,PO005273,2026-01-29,ST023,MED018,48
GR004961,PO004962,2026-01-29,ST024,MED003,24
GR004962,PO005276,2026-01-29,ST024,MED004,48
GR004963,PO004963,2026-01-29,ST024,MED007,24
GR004964,PO005278,2026-01-29,ST024,MED008,24
GR004965,PO004967,2026-01-29,ST024,MED030,36
GR004966,PO004766,2026-01-29,ST025,MED002,60
GR004967,PO005148,2026-01-29,ST025,MED010,36
GR004968,PO004969,2026-01-29,ST025,MED011,60
GR004969,PO004770,2026-01-29,ST025,MED019,24
GR004970,PO004970,2026-01-29,ST025,MED020,48
GR004971,PO004974,2026-01-29,ST026,MED007,24
GR004972,PO005154,2026-01-29,ST026,MED014,48
GR004973,PO005156,2026-01-29,ST027,MED010,36
GR004974,PO004778,2026-01-29,ST027,MED013,36
GR004975,PO004983,2026-01-29,ST027,MED021,60
GR004976,PO004783,2026-01-29,ST028,MED006,60
GR004977,PO004785,2026-01-29,ST028,MED021,54
GR004978,PO004992,2026-01-29,ST028,MED024,72
GR004979,PO004994,2026-01-29,ST029,MED002,66
GR004980,PO005165,2026-01-29,ST029,MED020,48
GR004981,PO004998,2026-01-29,ST029,MED021,60
GR004982,PO005297,2026-01-29,ST029,MED029,72
GR004983,PO005001,2026-01-29,ST030,MED015,72
GR004984,PO004790,2026-01-29,ST030,MED025,36
GR004985,PO005304,2026-01-29,ST030,MED030,30
GR004986,PO005002,2026-01-29,ST031,MED002,60
GR004987,PO004796,2026-01-29,ST031,MED022,36
GR004988,PO005006,2026-01-29,ST031,MED025,36
GR004989,PO005308,2026-01-29,ST032,MED007,24
GR004990,PO004802,2026-01-29,ST032,MED021,54
GR004991,PO004803,2026-01-29,ST032,MED022,42
GR004992,PO004606,2026-01-29,ST033,MED001,72
GR004993,PO005011,2026-01-29,ST033,MED002,72
GR004994,PO004806,2026-01-29,ST033,MED005,72
GR004995,PO004807,2026-01-29,ST033,MED008,24
GR004996,PO005310,2026-01-29,ST033,MED009,60
GR004997,PO005015,2026-01-29,ST033,MED020,48
GR004998,PO004809,2026-01-29,ST033,MED023,72
GR004999,PO005017,2026-01-29,ST033,MED024,72
GR005000,PO004431,2026-01-29,ST034,MED009,60
GR005001,PO004811,2026-01-29,ST034,MED013,60
GR005002,PO004812,2026-01-29,ST034,MED017,72
GR005003,PO005179,2026-01-29,ST034,MED022,42
GR005004,PO005316,2026-01-29,ST034,MED023,72
GR005005,PO005182,2026-01-29,ST034,MED026,72
GR005006,PO005023,2026-01-29,ST034,MED028,48
GR005007,PO004816,2026-01-29,ST034,MED030,36
GR005008,PO004817,2026-01-29,ST035,MED006,60
GR005009,PO004818,2026-01-29,ST035,MED009,60
GR005010,PO004821,2026-01-29,ST035,MED021,54
GR005011,PO005322,2026-01-29,ST036,MED002,60
GR005012,PO004823,2026-01-29,ST036,MED004,48
GR005013,PO004252,2026-01-29,ST036,MED007,24
GR005014,PO005186,2026-01-29,ST036,MED015,72
GR005015,PO005187,2026-01-29,ST036,MED016,48
GR005016,PO004825,2026-01-29,ST036,MED020,48
GR005017,PO005028,2026-01-29,ST036,MED022,36
GR005018,PO005189,2026-01-29,ST036,MED026,72
GR005019,PO004828,2026-01-29,ST037,MED005,72
GR005020,PO004829,2026-01-29,ST037,MED006,60
GR005021,PO004445,2026-01-29,ST037,MED024,72
GR005022,PO004835,2026-01-29,ST038,MED006,72
GR005023,PO004836,2026-01-29,ST038,MED022,48
GR005024,PO004264,2026-01-29,ST038,MED026,72
GR005025,PO005036,2026-01-29,ST039,MED001,72
GR005026,PO005336,2026-01-29,ST039,MED008,24
GR005027,PO004840,2026-01-29,ST039,MED010,24
GR005028,PO004841,2026-01-29,ST039,MED011,60
GR005029,PO005040,2026-01-29,ST039,MED021,54
GR005030,PO004845,2026-01-29,ST040,MED003,24
GR005031,PO005201,2026-01-29,ST040,MED007,24
GR005032,PO004846,2026-01-29,ST040,MED008,24
GR005033,PO005340,2026-01-29,ST040,MED011,60
GR005034,PO005341,2026-01-29,ST040,MED012,60
GR005035,PO005342,2026-01-29,ST040,MED014,48
GR005036,PO004848,2026-01-29,ST040,MED017,84
GR005037,PO005048,2026-01-29,ST040,MED022,54
GR005038,PO004645,2026-01-30,ST001,MED004,60
GR005039,PO005347,2026-01-30,ST001,MED016,48
GR005040,PO005054,2026-01-30,ST001,MED021,54
GR005041,PO005057,2026-01-30,ST002,MED006,60
GR005042,PO005351,2026-01-30,ST002,MED018,48
GR005043,PO005353,2026-01-30,ST002,MED025,36
GR005044,PO004859,2026-01-30,ST002,MED026,72
GR005045,PO005354,2026-01-30,ST002,MED030,30
GR005046,PO004860,2026-01-30,ST003,MED011,78
GR005047,PO004861,2026-01-30,ST003,MED015,96
GR005048,PO005210,2026-01-30,ST003,MED021,60
GR005049,PO004863,2026-01-30,ST003,MED029,72
GR005050,PO005066,2026-01-30,ST004,MED001,72
GR005051,PO004866,2026-01-30,ST004,MED013,48
GR005052,PO005361,2026-01-30,ST004,MED030,30
GR005053,PO005215,2026-01-30,ST005,MED006,60
GR005054,PO005216,2026-01-30,ST005,MED008,24
GR005055,PO005364,2026-01-30,ST005,MED020,48
GR005056,PO005366,2026-01-30,ST005,MED026,72
GR005057,PO005367,2026-01-30,ST005,MED028,48
GR005058,PO005075,2026-01-30,ST006,MED004,60
GR005059,PO004874,2026-01-30,ST006,MED010,24
GR005060,PO005077,2026-01-30,ST006,MED011,66
GR005061,PO005218,2026-01-30,ST006,MED012,60
GR005062,PO004875,2026-01-30,ST006,MED016,48
GR005063,PO005369,2026-01-30,ST006,MED021,66
GR005064,PO004877,2026-01-30,ST006,MED025,48
GR005065,PO005081,2026-01-30,ST006,MED026,72
GR005066,PO005082,2026-01-30,ST006,MED028,48
GR005067,PO005371,2026-01-30,ST007,MED008,24
GR005068,PO005372,2026-01-30,ST007,MED010,24
GR005069,PO005083,2026-01-30,ST007,MED011,66
GR005070,PO004885,2026-01-30,ST008,MED001,72
GR005071,PO004889,2026-01-30,ST009,MED004,48
GR005072,PO005226,2026-01-30,ST009,MED005,72
GR005073,PO005227,2026-01-30,ST009,MED006,60
GR005074,PO005087,2026-01-30,ST009,MED023,72
GR005075,PO005089,2026-01-30,ST010,MED005,72
GR005076,PO004894,2026-01-30,ST010,MED006,72
GR005077,PO005378,2026-01-30,ST010,MED009,60
GR005078,PO005090,2026-01-30,ST010,MED012,60
GR005079,PO004899,2026-01-30,ST011,MED012,60
GR005080,PO004901,2026-01-30,ST011,MED015,72
GR005081,PO005386,2026-01-30,ST011,MED020,48
GR005082,PO004903,2026-01-30,ST011,MED022,42
GR005083,PO004904,2026-01-30,ST011,MED023,60
GR005084,PO005388,2026-01-30,ST011,MED029,72
GR005085,PO005390,2026-01-30,ST012,MED003,24
GR005086,PO005235,2026-01-30,ST012,MED006,60
GR005087,PO005237,2026-01-30,ST012,MED012,72
GR005088,PO005101,2026-01-30,ST012,MED015,96
GR005089,PO004910,2026-01-30,ST012,MED020,48
GR005090,PO005392,2026-01-30,ST012,MED022,42
GR005091,PO005240,2026-01-30,ST012,MED024,72
GR005092,PO005394,2026-01-30,ST012,MED025,36
GR005093,PO005396,2026-01-30,ST013,MED003,24
GR005094,PO005397,2026-01-30,ST013,MED006,60
GR005095,PO005103,2026-01-30,ST013,MED009,60
GR005096,PO004915,2026-01-30,ST013,MED016,48
GR005097,PO005105,2026-01-30,ST013,MED021,54
GR005098,PO005106,2026-01-30,ST013,MED022,48
GR005099,PO005400,2026-01-30,ST013,MED026,72
GR005100,PO004917,2026-01-30,ST013,MED030,36
GR005101,PO004516,2026-01-30,ST014,MED011,60
GR005102,PO005112,2026-01-30,ST014,MED027,72
GR005103,PO005253,2026-01-30,ST015,MED012,60
GR005104,PO004924,2026-01-30,ST015,MED013,48
GR005105,PO005403,2026-01-30,ST015,MED014,48
GR005106,PO004521,2026-01-30,ST015,MED018,48
GR005107,PO004720,2026-01-30,ST015,MED024,72
GR005108,PO005115,2026-01-30,ST015,MED029,72
GR005109,PO004927,2026-01-30,ST016,MED002,66
GR005110,PO005407,2026-01-30,ST016,MED008,24
GR005111,PO004931,2026-01-30,ST017,MED006,72
GR005112,PO004935,2026-01-30,ST017,MED021,54
GR005113,PO005258,2026-01-30,ST017,MED022,36
GR005114,PO005417,2026-01-30,ST018,MED002,66
GR005115,PO005259,2026-01-30,ST018,MED006,60
GR005116,PO005420,2026-01-30,ST018,MED010,36
GR005117,PO005424,2026-01-30,ST018,MED023,60
GR005118,PO004941,2026-01-30,ST018,MED025,36
GR005119,PO005427,2026-01-30,ST019,MED009,60
GR005120,PO005428,2026-01-30,ST019,MED012,60
GR005121,PO004742,2026-01-30,ST019,MED015,72
GR005122,PO005126,2026-01-30,ST019,MED023,72
GR005123,PO005127,2026-01-30,ST020,MED001,72
GR005124,PO004946,2026-01-30,ST020,MED006,60
GR005125,PO005128,2026-01-30,ST020,MED012,60
GR005126,PO005129,2026-01-30,ST020,MED013,48
GR005127,PO005434,2026-01-30,ST020,MED020,48
GR005128,PO004949,2026-01-30,ST020,MED021,60
GR005129,PO004950,2026-01-30,ST020,MED024,72
GR005130,PO005264,2026-01-30,ST020,MED025,36
GR005131,PO004549,2026-01-30,ST020,MED027,72
GR005132,PO005131,2026-01-30,ST020,MED028,48
GR005133,PO004951,2026-01-30,ST020,MED030,30
GR005134,PO005436,2026-01-30,ST021,MED002,60
GR005135,PO004954,2026-01-30,ST021,MED023,60
GR005136,PO004755,2026-01-30,ST021,MED025,36
GR005137,PO004956,2026-01-30,ST022,MED006,60
GR005138,PO004757,2026-01-30,ST022,MED007,24
GR005139,PO005445,2026-01-30,ST022,MED029,48
GR005140,PO005140,2026-01-30,ST023,MED005,72
GR005141,PO004960,2026-01-30,ST023,MED007,24
GR005142,PO005141,2026-01-30,ST023,MED008,24
GR005143,PO005272,2026-01-30,ST023,MED017,60
GR005144,PO005450,2026-01-30,ST023,MED021,60
GR005145,PO005452,2026-01-30,ST023,MED023,72
GR005146,PO005274,2026-01-30,ST023,MED025,36
GR005147,PO005455,2026-01-30,ST024,MED002,66
GR005148,PO005457,2026-01-30,ST024,MED014,48
GR005149,PO004965,2026-01-30,ST024,MED018,48
GR005150,PO004966,2026-01-30,ST024,MED023,72
GR005151,PO004968,2026-01-30,ST025,MED004,48
GR005152,PO005147,2026-01-30,ST025,MED006,60
GR005153,PO005461,2026-01-30,ST025,MED007,24
GR005154,PO004564,2026-01-30,ST025,MED018,48
GR005155,PO005150,2026-01-30,ST025,MED022,42
GR005156,PO004971,2026-01-30,ST025,MED023,72
GR005157,PO005285,2026-01-30,ST025,MED025,36
GR005158,PO004972,2026-01-30,ST025,MED026,72
GR005159,PO005462,2026-01-30,ST025,MED027,72
GR005160,PO005463,2026-01-30,ST026,MED002,60
GR005161,PO005286,2026-01-30,ST026,MED006,60
GR005162,PO005152,2026-01-30,ST026,MED012,72
GR005163,PO005153,2026-01-30,ST026,MED013,48
GR005164,PO005466,2026-01-30,ST026,MED015,72
GR005165,PO004976,2026-01-30,ST026,MED021,54
GR005166,PO004977,2026-01-30,ST026,MED025,36
GR005167,PO005471,2026-01-30,ST027,MED006,60
GR005168,PO004980,2026-01-30,ST027,MED009,60
GR005169,PO005157,2026-01-30,ST027,MED011,66
GR005170,PO004985,2026-01-30,ST027,MED027,84
GR005171,PO005159,2026-01-30,ST027,MED028,48
GR005172,PO004988,2026-01-30,ST028,MED007,24
GR005173,PO004991,2026-01-30,ST028,MED023,60
GR005174,PO004993,2026-01-30,ST029,MED001,72
GR005175,PO005163,2026-01-30,ST029,MED003,24
GR005176,PO004997,2026-01-30,ST029,MED014,48
GR005177,PO005480,2026-01-30,ST029,MED022,42
GR005178,PO004410,2026-01-30,ST030,MED002,72
GR005179,PO005000,2026-01-30,ST030,MED003,24
GR005180,PO005300,2026-01-30,ST030,MED010,24
GR005181,PO005485,2026-01-30,ST030,MED024,72
GR005182,PO005305,2026-01-30,ST031,MED013,48
GR005183,PO005005,2026-01-30,ST031,MED015,72
GR005184,PO005167,2026-01-30,ST031,MED016,48
GR005185,PO005307,2026-01-30,ST031,MED029,72
GR005186,PO005495,2026-01-30,ST032,MED006,60
GR005187,PO005008,2026-01-30,ST032,MED010,24
GR005188,PO005173,2026-01-30,ST032,MED024,72
GR005189,PO005174,2026-01-30,ST032,MED030,30
GR005190,PO005500,2026-01-30,ST033,MED012,60
GR005191,PO005502,2026-01-30,ST034,MED003,24
GR005192,PO005019,2026-01-30,ST034,MED011,72
GR005193,PO005181,2026-01-30,ST034,MED025,36
GR005194,PO004815,2026-01-30,ST034,MED029,72
GR005195,PO005183,2026-01-30,ST035,MED004,48
GR005196,PO005024,2026-01-30,ST035,MED005,60
GR005197,PO005506,2026-01-30,ST035,MED010,24
GR005198,PO005507,2026-01-30,ST035,MED012,60
GR005199,PO005321,2026-01-30,ST035,MED025,36
GR005200,PO005027,2026-01-30,ST036,MED021,54
GR005201,PO005516,2026-01-30,ST037,MED002,60
GR005202,PO005030,2026-01-30,ST037,MED003,24
GR005203,PO005324,2026-01-30,ST037,MED004,48
GR005204,PO005192,2026-01-30,ST037,MED008,24
GR005205,PO005325,2026-01-30,ST037,MED010,24
GR005206,PO005326,2026-01-30,ST037,MED012,60
GR005207,PO005520,2026-01-30,ST038,MED007,24
GR005208,PO005195,2026-01-30,ST038,MED008,24
GR005209,PO005033,2026-01-30,ST038,MED017,72
GR005210,PO005333,2026-01-30,ST038,MED023,72
GR005211,PO005197,2026-01-30,ST039,MED004,48
GR005212,PO005198,2026-01-30,ST039,MED007,24
GR005213,PO005338,2026-01-30,ST039,MED015,96
GR005214,PO005039,2026-01-30,ST039,MED019,24
GR005215,PO004455,2026-01-30,ST039,MED022,42
GR005216,PO005041,2026-01-30,ST039,MED024,72
GR005217,PO005528,2026-01-30,ST039,MED027,84
GR005218,PO005043,2026-01-30,ST040,MED001,72
GR005219,PO005045,2026-01-30,ST040,MED009,60
GR005220,PO005344,2026-01-30,ST040,MED023,72
GR005221,PO005532,2026-01-30,ST040,MED024,84
GR005222,PO005050,2026-01-30,ST040,MED030,30
GR005223,PO005053,2026-01-31,ST001,MED018,48
GR005224,PO005055,2026-01-31,ST001,MED028,48
GR005225,PO005204,2026-01-31,ST002,MED007,24
GR005226,PO005537,2026-01-31,ST002,MED023,72
GR005227,PO005352,2026-01-31,ST002,MED024,72
GR005228,PO005060,2026-01-31,ST003,MED002,60
GR005229,PO005206,2026-01-31,ST003,MED003,24
GR005230,PO005542,2026-01-31,ST003,MED005,60
GR005231,PO004660,2026-01-31,ST003,MED010,24
GR005232,PO005211,2026-01-31,ST003,MED022,42
GR005233,PO005065,2026-01-31,ST003,MED028,48
GR005234,PO005355,2026-01-31,ST004,MED008,24
GR005235,PO005545,2026-01-31,ST005,MED001,72
GR005236,PO005546,2026-01-31,ST005,MED002,66
GR005237,PO005069,2026-01-31,ST005,MED004,48
GR005238,PO005363,2026-01-31,ST005,MED017,72
GR005239,PO005550,2026-01-31,ST005,MED022,48
GR005240,PO005074,2026-01-31,ST006,MED003,24
GR005241,PO005076,2026-01-31,ST006,MED008,24
GR005242,PO005370,2026-01-31,ST006,MED023,60
GR005243,PO005080,2026-01-31,ST006,MED024,72
GR005244,PO005375,2026-01-31,ST008,MED006,60
GR005245,PO004886,2026-01-31,ST008,MED007,24
GR005246,PO005223,2026-01-31,ST008,MED016,48
GR005247,PO004685,2026-01-31,ST008,MED020,48
GR005248,PO005566,2026-01-31,ST008,MED025,36
GR005249,PO005225,2026-01-31,ST009,MED002,60
GR005250,PO005084,2026-01-31,ST009,MED007,24
GR005251,PO005085,2026-01-31,ST009,MED012,60
GR005252,PO005086,2026-01-31,ST009,MED015,72
GR005253,PO004692,2026-01-31,ST009,MED016,48
GR005254,PO005570,2026-01-31,ST009,MED025,36
GR005255,PO005088,2026-01-31,ST010,MED003,24
GR005256,PO005379,2026-01-31,ST010,MED013,36
GR005257,PO005230,2026-01-31,ST010,MED018,48
GR005258,PO005093,2026-01-31,ST010,MED021,66
GR005259,PO005381,2026-01-31,ST010,MED023,60
GR005260,PO005576,2026-01-31,ST010,MED024,72
GR005261,PO004897,2026-01-31,ST010,MED027,96
GR005262,PO005580,2026-01-31,ST011,MED005,72
GR005263,PO005232,2026-01-31,ST011,MED016,48
GR005264,PO005100,2026-01-31,ST012,MED010,24
GR005265,PO005239,2026-01-31,ST012,MED019,24
GR005266,PO005586,2026-01-31,ST012,MED021,54
GR005267,PO004912,2026-01-31,ST012,MED029,72
GR005268,PO005395,2026-01-31,ST012,MED030,30
GR005269,PO004714,2026-01-31,ST013,MED017,60
GR005270,PO005104,2026-01-31,ST013,MED020,48
GR005271,PO005399,2026-01-31,ST013,MED025,48
GR005272,PO005108,2026-01-31,ST013,MED027,72
GR005273,PO005109,2026-01-31,ST014,MED001,72
GR005274,PO005593,2026-01-31,ST014,MED003,24
GR005275,PO005247,2026-01-31,ST014,MED005,72
GR005276,PO005401,2026-01-31,ST014,MED012,60
GR005277,PO004921,2026-01-31,ST014,MED029,72
GR005278,PO005598,2026-01-31,ST016,MED001,72
GR005279,PO005255,2026-01-31,ST016,MED012,60
GR005280,PO005603,2026-01-31,ST016,MED015,72
GR005281,PO005409,2026-01-31,ST016,MED021,60
GR005282,PO005410,2026-01-31,ST016,MED022,42
GR005283,PO005256,2026-01-31,ST016,MED025,48
GR005284,PO005606,2026-01-31,ST016,MED026,72
GR005285,PO005117,2026-01-31,ST017,MED013,48
GR005286,PO005414,2026-01-31,ST017,MED020,48
GR005287,PO005118,2026-01-31,ST017,MED026,72
GR005288,PO005416,2026-01-31,ST017,MED030,30
GR005289,PO005119,2026-01-31,ST018,MED001,72
GR005290,PO005121,2026-01-31,ST018,MED008,24
GR005291,PO005419,2026-01-31,ST018,MED009,60
GR005292,PO005612,2026-01-31,ST018,MED015,72
GR005293,PO005614,2026-01-31,ST018,MED024,72
GR005294,PO005425,2026-01-31,ST018,MED027,72
GR005295,PO005429,2026-01-31,ST019,MED014,48
GR005296,PO005124,2026-01-31,ST019,MED016,48
GR005297,PO005622,2026-01-31,ST020,MED005,72
GR005298,PO005623,2026-01-31,ST020,MED010,24
GR005299,PO005624,2026-01-31,ST020,MED011,66
GR005300,PO005132,2026-01-31,ST020,MED029,48
GR005301,PO005265,2026-01-31,ST021,MED001,72
GR005302,PO005266,2026-01-31,ST021,MED004,48
GR005303,PO005133,2026-01-31,ST021,MED005,60
GR005304,PO005438,2026-01-31,ST021,MED010,24
GR005305,PO005440,2026-01-31,ST021,MED014,48
GR005306,PO005627,2026-01-31,ST021,MED016,48
GR005307,PO005629,2026-01-31,ST021,MED021,54
GR005308,PO005269,2026-01-31,ST021,MED027,72
GR005309,PO005443,2026-01-31,ST022,MED017,60
GR005310,PO005139,2026-01-31,ST023,MED004,48
GR005311,PO005142,2026-01-31,ST023,MED013,48
GR005312,PO005635,2026-01-31,ST023,MED015,96
GR005313,PO005451,2026-01-31,ST023,MED022,42
GR005314,PO005453,2026-01-31,ST023,MED027,72
GR005315,PO005454,2026-01-31,ST023,MED030,30
GR005316,PO005277,2026-01-31,ST024,MED005,60
GR005317,PO005638,2026-01-31,ST024,MED006,60
GR005318,PO005456,2026-01-31,ST024,MED011,66
GR005319,PO005643,2026-01-31,ST024,MED025,36
GR005320,PO005460,2026-01-31,ST024,MED029,48
GR005321,PO005149,2026-01-31,ST025,MED013,48
GR005322,PO005284,2026-01-31,ST025,MED016,48
GR005323,PO005647,2026-01-31,ST025,MED024,72
GR005324,PO005464,2026-01-31,ST026,MED005,72
GR005325,PO005470,2026-01-31,ST026,MED027,72
GR005326,PO005158,2026-01-31,ST027,MED016,48
GR005327,PO005659,2026-01-31,ST027,MED029,48
GR005328,PO005660,2026-01-31,ST027,MED030,30
GR005329,PO005476,2026-01-31,ST028,MED004,48
GR005330,PO005290,2026-01-31,ST028,MED013,48
GR005331,PO005662,2026-01-31,ST028,MED016,48
GR005332,PO005292,2026-01-31,ST028,MED025,36
GR005333,PO005293,2026-01-31,ST029,MED006,60
GR005334,PO005294,2026-01-31,ST029,MED009,60
GR005335,PO005669,2026-01-31,ST030,MED005,60
GR005336,PO005483,2026-01-31,ST030,MED006,60
GR005337,PO005303,2026-01-31,ST030,MED022,42
GR005338,PO005487,2026-01-31,ST031,MED003,24
GR005339,PO005166,2026-01-31,ST031,MED008,24
GR005340,PO005306,2026-01-31,ST031,MED018,48
GR005341,PO005168,2026-01-31,ST031,MED019,24
GR005342,PO005490,2026-01-31,ST031,MED020,48
GR005343,PO005674,2026-01-31,ST031,MED022,42
GR005344,PO005169,2026-01-31,ST031,MED030,30
GR005345,PO005009,2026-01-31,ST032,MED017,60
GR005346,PO005172,2026-01-31,ST032,MED019,24
GR005347,PO005311,2026-01-31,ST033,MED011,72
GR005348,PO005177,2026-01-31,ST033,MED018,48
GR005349,PO005312,2026-01-31,ST033,MED021,60
GR005350,PO005314,2026-01-31,ST034,MED008,24
GR005351,PO005504,2026-01-31,ST034,MED014,48
GR005352,PO005178,2026-01-31,ST034,MED015,72
GR005353,PO005180,2026-01-31,ST034,MED024,72
GR005354,PO005505,2026-01-31,ST034,MED027,72
GR005355,PO005317,2026-01-31,ST035,MED001,72
GR005356,PO005689,2026-01-31,ST035,MED002,60
GR005357,PO005184,2026-01-31,ST035,MED007,24
GR005358,PO005319,2026-01-31,ST035,MED013,48
GR005359,PO005690,2026-01-31,ST035,MED020,48
GR005360,PO005512,2026-01-31,ST036,MED008,24
GR005361,PO005514,2026-01-31,ST036,MED013,48
GR005362,PO005026,2026-01-31,ST036,MED014,48
GR005363,PO004824,2026-01-31,ST036,MED017,60
GR005364,PO005190,2026-01-31,ST036,MED029,72
GR005365,PO005328,2026-01-31,ST037,MED017,72
GR005366,PO005331,2026-01-31,ST038,MED010,24
GR005367,PO005332,2026-01-31,ST038,MED014,48
GR005368,PO005525,2026-01-31,ST038,MED021,66
GR005369,PO005335,2026-01-31,ST039,MED002,66
GR005370,PO005527,2026-01-31,ST039,MED025,36
GR005371,PO005042,2026-01-31,ST039,MED030,30
GR005372,PO005706,2026-01-31,ST040,MED004,60
GR005373,PO005707,2026-01-31,ST040,MED013,48
GR005374,PO005343,2026-01-31,ST040,MED015,72
GR005375,PO005345,2026-01-31,ST040,MED027,72
GR005376,PO005202,2026-02-01,ST001,MED020,48
GR005377,PO004650,2026-02-01,ST001,MED026,72
GR005378,PO005348,2026-02-01,ST002,MED002,60
GR005379,PO005203,2026-02-01,ST002,MED005,72
GR005380,PO004856,2026-02-01,ST002,MED011,60
GR005381,PO005539,2026-02-01,ST002,MED028,48
GR005382,PO005540,2026-02-01,ST002,MED029,72
GR005383,PO005713,2026-02-01,ST003,MED009,60
GR005384,PO005209,2026-02-01,ST003,MED017,60
GR005385,PO005213,2026-02-01,ST004,MED011,72
GR005386,PO005067,2026-02-01,ST004,MED012,72
GR005387,PO005544,2026-02-01,ST004,MED020,48
GR005388,PO005214,2026-02-01,ST004,MED022,36
GR005389,PO005358,2026-02-01,ST004,MED023,60
GR005390,PO005360,2026-02-01,ST004,MED027,84
GR005391,PO005725,2026-02-01,ST005,MED003,24
GR005392,PO005362,2026-02-01,ST005,MED015,72
GR005393,PO005217,2026-02-01,ST005,MED018,48
GR005394,PO005549,2026-02-01,ST005,MED019,24
GR005395,PO005365,2026-02-01,ST005,MED021,54
GR005396,PO005729,2026-02-01,ST006,MED006,60
GR005397,PO005556,2026-02-01,ST006,MED009,60
GR005398,PO005733,2026-02-01,ST007,MED004,48
GR005399,PO005373,2026-02-01,ST007,MED013,36
GR005400,PO005374,2026-02-01,ST007,MED016,48
GR005401,PO005222,2026-02-01,ST007,MED030,30
GR005402,PO005736,2026-02-01,ST008,MED002,60
GR005403,PO005560,2026-02-01,ST008,MED009,60
GR005404,PO005561,2026-02-01,ST008,MED010,36
GR005405,PO005562,2026-02-01,ST008,MED017,72
GR005406,PO005224,2026-02-01,ST008,MED019,24
GR005407,PO005376,2026-02-01,ST008,MED030,30
GR005408,PO005740,2026-02-01,ST009,MED001,72
GR005409,PO004693,2026-02-01,ST009,MED019,24
GR005410,PO005742,2026-02-01,ST009,MED021,60
GR005411,PO005571,2026-02-01,ST009,MED027,72
GR005412,PO005572,2026-02-01,ST009,MED028,48
GR005413,PO005574,2026-02-01,ST010,MED008,24
GR005414,PO005092,2026-02-01,ST010,MED016,48
GR005415,PO005577,2026-02-01,ST010,MED028,48
GR005416,PO005578,2026-02-01,ST010,MED030,30
GR005417,PO005383,2026-02-01,ST011,MED002,66
GR005418,PO005579,2026-02-01,ST011,MED003,24
GR005419,PO005384,2026-02-01,ST011,MED009,60
GR005420,PO005095,2026-02-01,ST011,MED010,24
GR005421,PO005096,2026-02-01,ST011,MED011,60
GR005422,PO005233,2026-02-01,ST011,MED017,60
GR005423,PO005389,2026-02-01,ST012,MED001,72
GR005424,PO005751,2026-02-01,ST012,MED002,66
GR005425,PO005234,2026-02-01,ST012,MED004,48
GR005426,PO005584,2026-02-01,ST012,MED011,66
GR005427,PO004909,2026-02-01,ST012,MED013,36
GR005428,PO005391,2026-02-01,ST012,MED016,48
GR005429,PO005585,2026-02-01,ST012,MED017,72
GR005430,PO005238,2026-02-01,ST012,MED018,48
GR005431,PO005241,2026-02-01,ST012,MED027,72
GR005432,PO005242,2026-02-01,ST012,MED028,48
GR005433,PO005752,2026-02-01,ST013,MED001,72
GR005434,PO005243,2026-02-01,ST013,MED004,48
GR005435,PO005245,2026-02-01,ST013,MED011,60
GR005436,PO005590,2026-02-01,ST013,MED013,48
GR005437,PO005248,2026-02-01,ST014,MED015,72
GR005438,PO005402,2026-02-01,ST014,MED024,72
GR005439,PO005250,2026-02-01,ST015,MED001,72
GR005440,PO005251,2026-02-01,ST015,MED006,60
GR005441,PO005404,2026-02-01,ST015,MED021,60
GR005442,PO005406,2026-02-01,ST016,MED004,48
GR005443,PO005604,2026-02-01,ST016,MED016,48
GR005444,PO005412,2026-02-01,ST016,MED030,30
GR005445,PO005766,2026-02-01,ST017,MED005,72
GR005446,PO005413,2026-02-01,ST017,MED008,24
GR005447,PO005608,2026-02-01,ST017,MED014,48
GR005448,PO005257,2026-02-01,ST017,MED017,60
GR005449,PO005609,2026-02-01,ST017,MED025,36
GR005450,PO005770,2026-02-01,ST017,MED028,48
GR005451,PO005418,2026-02-01,ST018,MED007,24
GR005452,PO005421,2026-02-01,ST018,MED011,66
GR005453,PO005774,2026-02-01,ST018,MED022,42
GR005454,PO005261,2026-02-01,ST018,MED026,72
GR005455,PO005775,2026-02-01,ST018,MED029,72
GR005456,PO005615,2026-02-01,ST019,MED001,72
GR005457,PO005616,2026-02-01,ST019,MED006,60
GR005458,PO005777,2026-02-01,ST019,MED013,48
GR005459,PO005430,2026-02-01,ST019,MED019,24
GR005460,PO005779,2026-02-01,ST019,MED027,72
GR005461,PO005432,2026-02-01,ST019,MED030,30
GR005462,PO005781,2026-02-01,ST020,MED004,48
GR005463,PO005782,2026-02-01,ST020,MED007,24
GR005464,PO005786,2026-02-01,ST020,MED017,72
GR005465,PO005267,2026-02-01,ST021,MED007,24
GR005466,PO005439,2026-02-01,ST021,MED012,60
GR005467,PO005790,2026-02-01,ST021,MED015,72
GR005468,PO005628,2026-02-01,ST021,MED019,24
GR005469,PO005268,2026-02-01,ST021,MED026,72
GR005470,PO005795,2026-02-01,ST022,MED010,24
GR005471,PO004759,2026-02-01,ST022,MED013,48
GR005472,PO004958,2026-02-01,ST022,MED024,72
GR005473,PO005634,2026-02-01,ST022,MED027,72
GR005474,PO005446,2026-02-01,ST023,MED003,24
GR005475,PO004959,2026-02-01,ST023,MED006,60
GR005476,PO005447,2026-02-01,ST023,MED009,60
GR005477,PO005799,2026-02-01,ST023,MED011,66
GR005478,PO005448,2026-02-01,ST023,MED012,60
GR005479,PO005449,2026-02-01,ST023,MED019,24
GR005480,PO005275,2026-02-01,ST024,MED001,72
GR005481,PO005639,2026-02-01,ST024,MED010,24
GR005482,PO005279,2026-02-01,ST024,MED015,72
GR005483,PO005280,2026-02-01,ST024,MED017,72
GR005484,PO005145,2026-02-01,ST024,MED024,72
GR005485,PO005281,2026-02-01,ST024,MED027,72
GR005486,PO005459,2026-02-01,ST024,MED028,48
GR005487,PO005282,2026-02-01,ST025,MED001,72
GR005488,PO005283,2026-02-01,ST025,MED009,72
GR005489,PO005644,2026-02-01,ST025,MED015,72
GR005490,PO005465,2026-02-01,ST026,MED008,24
GR005491,PO005814,2026-02-01,ST026,MED011,66
GR005492,PO005649,2026-02-01,ST026,MED023,72
GR005493,PO005652,2026-02-01,ST026,MED029,72
GR005494,PO005287,2026-02-01,ST027,MED008,24
GR005495,PO005473,2026-02-01,ST027,MED017,60
GR005496,PO005288,2026-02-01,ST027,MED020,48
GR005497,PO005821,2026-02-01,ST027,MED021,54
GR005498,PO005289,2026-02-01,ST027,MED022,36
GR005499,PO005657,2026-02-01,ST027,MED023,60
GR005500,PO005474,2026-02-01,ST027,MED024,72
GR005501,PO004782,2026-02-01,ST028,MED002,60
GR005502,PO005663,2026-02-01,ST028,MED017,72
GR005503,PO005665,2026-02-01,ST028,MED030,30
GR005504,PO005824,2026-02-01,ST029,MED005,60
GR005505,PO005295,2026-02-01,ST029,MED011,66
GR005506,PO005479,2026-02-01,ST029,MED013,48
GR005507,PO005164,2026-02-01,ST029,MED017,72
GR005508,PO005667,2026-02-01,ST029,MED019,24
GR005509,PO004999,2026-02-01,ST029,MED030,30
GR005510,PO005298,2026-02-01,ST030,MED004,48
GR005511,PO005829,2026-02-01,ST030,MED008,24
GR005512,PO005301,2026-02-01,ST030,MED011,66
GR005513,PO005302,2026-02-01,ST030,MED017,60
GR005514,PO005670,2026-02-01,ST030,MED018,48
GR005515,PO005484,2026-02-01,ST030,MED021,60
GR005516,PO005673,2026-02-01,ST030,MED028,48
GR005517,PO005833,2026-02-01,ST030,MED029,72
GR005518,PO005837,2026-02-01,ST031,MED006,60
GR005519,PO005492,2026-02-01,ST031,MED024,72
GR005520,PO005841,2026-02-01,ST031,MED027,72
GR005521,PO005493,2026-02-01,ST031,MED028,48
GR005522,PO005496,2026-02-01,ST032,MED009,60
GR005523,PO005844,2026-02-01,ST032,MED012,72
GR005524,PO005309,2026-02-01,ST032,MED013,48
GR005525,PO005497,2026-02-01,ST032,MED016,48
GR005526,PO005498,2026-02-01,ST032,MED018,48
GR005527,PO005677,2026-02-01,ST032,MED025,48
GR005528,PO005679,2026-02-01,ST032,MED028,48
GR005529,PO005682,2026-02-01,ST033,MED016,48
GR005530,PO005014,2026-02-01,ST033,MED017,84
GR005531,PO005853,2026-02-01,ST033,MED024,72
GR005532,PO005684,2026-02-01,ST033,MED026,72
GR005533,PO005854,2026-02-01,ST033,MED029,72
GR005534,PO005501,2026-02-01,ST033,MED030,30
GR005535,PO005855,2026-02-01,ST034,MED001,72
GR005536,PO005313,2026-02-01,ST034,MED004,48
GR005537,PO005503,2026-02-01,ST034,MED005,72
GR005538,PO005315,2026-02-01,ST034,MED010,36
GR005539,PO005687,2026-02-01,ST034,MED012,60
GR005540,PO004814,2026-02-01,ST034,MED021,54
GR005541,PO005859,2026-02-01,ST034,MED022,48
GR005542,PO005318,2026-02-01,ST035,MED011,66
GR005543,PO005508,2026-02-01,ST035,MED014,48
GR005544,PO005320,2026-02-01,ST035,MED023,72
GR005545,PO005691,2026-02-01,ST035,MED030,30
GR005546,PO005861,2026-02-01,ST036,MED010,24
GR005547,PO005323,2026-02-01,ST036,MED011,60
GR005548,PO005327,2026-02-01,ST037,MED015,72
GR005549,PO005329,2026-02-01,ST037,MED018,48
GR005550,PO005032,2026-02-01,ST037,MED022,42
GR005551,PO005518,2026-02-01,ST037,MED023,72
GR005552,PO005519,2026-02-01,ST037,MED027,72
GR005553,PO005866,2026-02-01,ST038,MED001,72
GR005554,PO005869,2026-02-01,ST038,MED005,72
GR005555,PO005522,2026-02-01,ST038,MED012,60
GR005556,PO005196,2026-02-01,ST038,MED015,72
GR005557,PO005524,2026-02-01,ST038,MED020,48
GR005558,PO005870,2026-02-01,ST038,MED030,30
GR005559,PO005037,2026-02-01,ST039,MED006,60
GR005560,PO005337,2026-02-01,ST039,MED013,48
GR005561,PO005702,2026-02-01,ST039,MED017,60
GR005562,PO005703,2026-02-01,ST039,MED020,48
GR005563,PO005874,2026-02-01,ST039,MED023,72
GR005564,PO005705,2026-02-01,ST039,MED029,72
GR005565,PO005200,2026-02-01,ST040,MED002,66
GR005566,PO005529,2026-02-01,ST040,MED005,72
GR005567,PO005339,2026-02-01,ST040,MED010,36
GR005568,PO005049,2026-02-01,ST040,MED026,72
GR005569,PO005346,2026-02-02,ST001,MED002,60
GR005570,PO005709,2026-02-02,ST001,MED005,60
GR005571,PO005534,2026-02-02,ST001,MED006,60
GR005572,PO005880,2026-02-02,ST001,MED011,66
GR005573,PO005535,2026-02-02,ST001,MED017,72
GR005574,PO005349,2026-02-02,ST002,MED012,72
GR005575,PO005350,2026-02-02,ST002,MED013,48
GR005576,PO005205,2026-02-02,ST002,MED016,48
GR005577,PO005541,2026-02-02,ST003,MED001,72
GR005578,PO005712,2026-02-02,ST003,MED007,24
GR005579,PO005208,2026-02-02,ST003,MED016,48
GR005580,PO005062,2026-02-02,ST003,MED023,60
GR005581,PO005212,2026-02-02,ST003,MED024,72
GR005582,PO005715,2026-02-02,ST003,MED026,72
GR005583,PO005718,2026-02-02,ST004,MED004,48
GR005584,PO005719,2026-02-02,ST004,MED006,60
GR005585,PO005356,2026-02-02,ST004,MED009,60
GR005586,PO005357,2026-02-02,ST004,MED015,72
GR005587,PO005068,2026-02-02,ST004,MED017,60
GR005588,PO005721,2026-02-02,ST004,MED019,24
GR005589,PO004869,2026-02-02,ST005,MED012,72
GR005590,PO005551,2026-02-02,ST005,MED023,60
GR005591,PO005730,2026-02-02,ST006,MED007,24
GR005592,PO005557,2026-02-02,ST006,MED013,48
GR005593,PO005368,2026-02-02,ST006,MED014,48
GR005594,PO005901,2026-02-02,ST007,MED001,72
GR005595,PO005559,2026-02-02,ST007,MED005,60
GR005596,PO005221,2026-02-02,ST007,MED026,72
GR005597,PO005907,2026-02-02,ST007,MED028,48
GR005598,PO005564,2026-02-02,ST008,MED022,36
GR005599,PO005738,2026-02-02,ST008,MED024,72
GR005600,PO005739,2026-02-02,ST008,MED028,48
GR005601,PO005914,2026-02-02,ST009,MED009,60
GR005602,PO005741,2026-02-02,ST009,MED017,72
GR005603,PO005916,2026-02-02,ST009,MED020,48
GR005604,PO005743,2026-02-02,ST009,MED024,72
GR005605,PO005918,2026-02-02,ST009,MED026,72
GR005606,PO005377,2026-02-02,ST010,MED004,48
GR005607,PO005747,2026-02-02,ST010,MED017,72
GR005608,PO005380,2026-02-02,ST010,MED019,24
GR005609,PO005748,2026-02-02,ST010,MED029,72
GR005610,PO005382,2026-02-02,ST011,MED001,72
GR005611,PO005924,2026-02-02,ST011,MED015,72
GR005612,PO005385,2026-02-02,ST011,MED018,48
GR005613,PO005387,2026-02-02,ST011,MED027,72
GR005614,PO005583,2026-02-02,ST011,MED030,30
GR005615,PO005587,2026-02-02,ST012,MED026,72
GR005616,PO005753,2026-02-02,ST013,MED008,24
GR005617,PO005935,2026-02-02,ST013,MED010,24
GR005618,PO005938,2026-02-02,ST013,MED023,72
GR005619,PO005757,2026-02-02,ST013,MED029,72
GR005620,PO005592,2026-02-02,ST014,MED002,60
GR005621,PO005246,2026-02-02,ST014,MED004,48
GR005622,PO005758,2026-02-02,ST014,MED010,24
GR005623,PO005759,2026-02-02,ST014,MED014,48
GR005624,PO005760,2026-02-02,ST014,MED019,24
GR005625,PO005594,2026-02-02,ST014,MED020,48
GR005626,PO005249,2026-02-02,ST014,MED022,42
GR005627,PO005942,2026-02-02,ST014,MED030,36
GR005628,PO005595,2026-02-02,ST015,MED003,24
GR005629,PO005596,2026-02-02,ST015,MED004,48
GR005630,PO005597,2026-02-02,ST015,MED010,24
GR005631,PO005762,2026-02-02,ST015,MED015,72
GR005632,PO005405,2026-02-02,ST015,MED022,42
GR005633,PO005764,2026-02-02,ST015,MED025,36
GR005634,PO005944,2026-02-02,ST015,MED026,72
GR005635,PO005946,2026-02-02,ST016,MED002,66
GR005636,PO005601,2026-02-02,ST016,MED013,36
GR005637,PO005602,2026-02-02,ST016,MED014,48
GR005638,PO005949,2026-02-02,ST016,MED027,72
GR005639,PO005768,2026-02-02,ST017,MED009,60
GR005640,PO005769,2026-02-02,ST017,MED015,96
GR005641,PO005954,2026-02-02,ST017,MED016,48
GR005642,PO005415,2026-02-02,ST017,MED023,72
GR005643,PO005956,2026-02-02,ST017,MED024,72
GR005644,PO005957,2026-02-02,ST017,MED027,72
GR005645,PO005958,2026-02-02,ST017,MED029,48
GR005646,PO005771,2026-02-02,ST018,MED005,72
GR005647,PO005423,2026-02-02,ST018,MED017,72
GR005648,PO005613,2026-02-02,ST018,MED018,48
GR005649,PO005262,2026-02-02,ST019,MED004,48
GR005650,PO005776,2026-02-02,ST019,MED005,72
GR005651,PO005426,2026-02-02,ST019,MED007,24
GR005652,PO005617,2026-02-02,ST019,MED011,60
GR005653,PO005968,2026-02-02,ST019,MED018,48
GR005654,PO005125,2026-02-02,ST019,MED021,54
GR005655,PO005431,2026-02-02,ST019,MED022,42
GR005656,PO005970,2026-02-02,ST019,MED023,60
GR005657,PO005973,2026-02-02,ST020,MED006,60
GR005658,PO005974,2026-02-02,ST020,MED012,60
GR005659,PO005785,2026-02-02,ST020,MED015,96
GR005660,PO005435,2026-02-02,ST020,MED022,48
GR005661,PO005787,2026-02-02,ST020,MED023,60
GR005662,PO005978,2026-02-02,ST020,MED024,84
GR005663,PO005788,2026-02-02,ST020,MED026,72
GR005664,PO005437,2026-02-02,ST021,MED006,60
GR005665,PO005983,2026-02-02,ST021,MED011,66
GR005666,PO005789,2026-02-02,ST021,MED013,48
GR005667,PO005792,2026-02-02,ST021,MED020,48
GR005668,PO005441,2026-02-02,ST021,MED022,48
GR005669,PO005631,2026-02-02,ST022,MED002,60
GR005670,PO005794,2026-02-02,ST022,MED005,60
GR005671,PO005442,2026-02-02,ST022,MED008,24
GR005672,PO005987,2026-02-02,ST022,MED009,60
GR005673,PO005796,2026-02-02,ST022,MED018,48
GR005674,PO005990,2026-02-02,ST022,MED030,30
GR005675,PO005636,2026-02-02,ST023,MED016,48
GR005676,PO005800,2026-02-02,ST023,MED026,72
GR005677,PO005995,2026-02-02,ST024,MED009,60
GR005678,PO005803,2026-02-02,ST024,MED020,48
GR005679,PO005996,2026-02-02,ST024,MED023,60
GR005680,PO005458,2026-02-02,ST024,MED026,72
GR005681,PO005806,2026-02-02,ST025,MED005,72
GR005682,PO005646,2026-02-02,ST025,MED021,54
GR005683,PO006002,2026-02-02,ST025,MED023,72
GR005684,PO005809,2026-02-02,ST025,MED028,48
GR005685,PO006003,2026-02-02,ST025,MED029,72
GR005686,PO005812,2026-02-02,ST026,MED004,48
GR005687,PO005813,2026-02-02,ST026,MED007,24
GR005688,PO005648,2026-02-02,ST026,MED009,72
GR005689,PO005155,2026-02-02,ST026,MED017,72
GR005690,PO005467,2026-02-02,ST026,MED018,48
GR005691,PO005468,2026-02-02,ST026,MED020,48
GR005692,PO005469,2026-02-02,ST026,MED022,48
GR005693,PO005650,2026-02-02,ST026,MED024,72
GR005694,PO005651,2026-02-02,ST026,MED028,48
GR005695,PO005654,2026-02-02,ST027,MED002,66
GR005696,PO005817,2026-02-02,ST027,MED004,60
GR005697,PO005818,2026-02-02,ST027,MED005,60
GR005698,PO005472,2026-02-02,ST027,MED012,72
GR005699,PO006012,2026-02-02,ST027,MED014,48
GR005700,PO005475,2026-02-02,ST028,MED001,72
GR005701,PO005477,2026-02-02,ST028,MED010,24
GR005702,PO005661,2026-02-02,ST028,MED012,60
GR005703,PO006017,2026-02-02,ST028,MED018,48
GR005704,PO005161,2026-02-02,ST028,MED020,48
GR005705,PO006019,2026-02-02,ST028,MED029,72
GR005706,PO005478,2026-02-02,ST029,MED010,24
GR005707,PO005666,2026-02-02,ST029,MED018,48
GR005708,PO005481,2026-02-02,ST029,MED023,60
GR005709,PO005482,2026-02-02,ST029,MED024,84
GR005710,PO006023,2026-02-02,ST029,MED027,72
GR005711,PO005299,2026-02-02,ST030,MED009,60
GR005712,PO006028,2026-02-02,ST030,MED025,36
GR005713,PO005486,2026-02-02,ST030,MED026,72
GR005714,PO005836,2026-02-02,ST031,MED004,48
GR005715,PO005839,2026-02-02,ST031,MED012,60
GR005716,PO005489,2026-02-02,ST031,MED017,60
GR005717,PO006031,2026-02-02,ST031,MED025,48
GR005718,PO005675,2026-02-02,ST032,MED002,66
GR005719,PO005842,2026-02-02,ST032,MED008,24
GR005720,PO006035,2026-02-02,ST032,MED010,24
GR005721,PO005843,2026-02-02,ST032,MED011,66
GR005722,PO005847,2026-02-02,ST032,MED022,42
GR005723,PO006038,2026-02-02,ST032,MED024,72
GR005724,PO005852,2026-02-02,ST033,MED022,48
GR005725,PO006046,2026-02-02,ST033,MED023,72
GR005726,PO005856,2026-02-02,ST034,MED006,72
GR005727,PO005688,2026-02-02,ST034,MED018,48
GR005728,PO005509,2026-02-02,ST035,MED022,36
GR005729,PO005510,2026-02-02,ST035,MED026,72
GR005730,PO006058,2026-02-02,ST036,MED001,72
GR005731,PO006059,2026-02-02,ST036,MED004,48
GR005732,PO005511,2026-02-02,ST036,MED006,60
GR005733,PO005513,2026-02-02,ST036,MED012,60
GR005734,PO005515,2026-02-02,ST036,MED025,36
GR005735,PO006064,2026-02-02,ST037,MED007,24
GR005736,PO005517,2026-02-02,ST037,MED011,66
GR005737,PO005864,2026-02-02,ST037,MED016,48
GR005738,PO005330,2026-02-02,ST037,MED021,60
GR005739,PO005693,2026-02-02,ST037,MED025,36
GR005740,PO006067,2026-02-02,ST037,MED030,30
GR005741,PO005694,2026-02-02,ST038,MED003,24
GR005742,PO005523,2026-02-02,ST038,MED016,48
GR005743,PO006068,2026-02-02,ST038,MED018,48
GR005744,PO005334,2026-02-02,ST038,MED025,36
GR005745,PO005697,2026-02-02,ST038,MED027,72
GR005746,PO005035,2026-02-02,ST038,MED028,48
GR005747,PO005698,2026-02-02,ST038,MED029,72
GR005748,PO005701,2026-02-02,ST039,MED009,60
GR005749,PO005526,2026-02-02,ST039,MED016,48
GR005750,PO006078,2026-02-02,ST039,MED021,66
GR005751,PO005530,2026-02-02,ST040,MED006,60
GR005752,PO006081,2026-02-02,ST040,MED017,72
GR005753,PO005531,2026-02-02,ST040,MED020,48
GR005754,PO005533,2026-02-02,ST040,MED025,36
GR005755,PO006082,2026-02-02,ST040,MED030,30
GR005756,PO005881,2026-02-03,ST001,MED012,60
GR005757,PO006083,2026-02-03,ST001,MED013,36
GR005758,PO006087,2026-02-03,ST001,MED024,72
GR005759,PO006090,2026-02-03,ST001,MED029,48
GR005760,PO006091,2026-02-03,ST001,MED030,30
GR005761,PO006096,2026-02-03,ST002,MED017,60
GR005762,PO005711,2026-02-03,ST002,MED021,60
GR005763,PO006099,2026-02-03,ST002,MED022,48
GR005764,PO005538,2026-02-03,ST002,MED027,72
GR005765,PO006103,2026-02-03,ST003,MED011,60
GR005766,PO006106,2026-02-03,ST003,MED021,54
GR005767,PO006107,2026-02-03,ST003,MED025,36
GR005768,PO006108,2026-02-03,ST003,MED027,72
GR005769,PO005717,2026-02-03,ST004,MED003,24
GR005770,PO005543,2026-02-03,ST004,MED005,60
GR005771,PO005720,2026-02-03,ST004,MED014,48
GR005772,PO005889,2026-02-03,ST004,MED025,36
GR005773,PO005547,2026-02-03,ST005,MED005,60
GR005774,PO006115,2026-02-03,ST005,MED008,24
GR005775,PO005726,2026-02-03,ST005,MED009,72
GR005776,PO005893,2026-02-03,ST005,MED013,48
GR005777,PO005548,2026-02-03,ST005,MED016,48
GR005778,PO005727,2026-02-03,ST005,MED025,48
GR005779,PO005554,2026-02-03,ST006,MED002,60
GR005780,PO005555,2026-02-03,ST006,MED005,72
GR005781,PO005896,2026-02-03,ST006,MED010,24
GR005782,PO006118,2026-02-03,ST006,MED016,48
GR005783,PO006119,2026-02-03,ST006,MED018,48
GR005784,PO006125,2026-02-03,ST006,MED025,36
GR005785,PO005904,2026-02-03,ST007,MED017,72
GR005786,PO005734,2026-02-03,ST007,MED018,48
GR005787,PO005905,2026-02-03,ST007,MED023,72
GR005788,PO005735,2026-02-03,ST007,MED025,36
GR005789,PO005563,2026-02-03,ST008,MED021,60
GR005790,PO005565,2026-02-03,ST008,MED023,60
GR005791,PO005567,2026-02-03,ST008,MED029,72
GR005792,PO006133,2026-02-03,ST009,MED004,48
GR005793,PO005568,2026-02-03,ST009,MED011,60
GR005794,PO005569,2026-02-03,ST009,MED013,48
GR005795,PO005573,2026-02-03,ST010,MED001,72
GR005796,PO006135,2026-02-03,ST010,MED002,66
GR005797,PO006136,2026-02-03,ST010,MED005,60
GR005798,PO005745,2026-02-03,ST010,MED010,24
GR005799,PO005746,2026-02-03,ST010,MED011,60
GR005800,PO005094,2026-02-03,ST010,MED025,36
GR005801,PO005922,2026-02-03,ST011,MED004,48
GR005802,PO005581,2026-02-03,ST011,MED006,72
GR005803,PO005750,2026-02-03,ST011,MED024,72
GR005804,PO005582,2026-02-03,ST011,MED025,36
GR005805,PO005929,2026-02-03,ST011,MED028,48
GR005806,PO005931,2026-02-03,ST012,MED007,24
GR005807,PO005932,2026-02-03,ST012,MED014,48
GR005808,PO005588,2026-02-03,ST013,MED002,72
GR005809,PO005933,2026-02-03,ST013,MED005,72
GR005810,PO005934,2026-02-03,ST013,MED009,72
GR005811,PO006148,2026-02-03,ST013,MED011,60
GR005812,PO005589,2026-02-03,ST013,MED012,60
GR005813,PO006150,2026-02-03,ST013,MED017,72
GR005814,PO005591,2026-02-03,ST013,MED019,24
GR005815,PO005756,2026-02-03,ST013,MED024,72
GR005816,PO006156,2026-02-03,ST014,MED018,48
GR005817,PO005941,2026-02-03,ST014,MED023,84
GR005818,PO005599,2026-02-03,ST016,MED005,72
GR005819,PO005600,2026-02-03,ST016,MED006,60
GR005820,PO005947,2026-02-03,ST016,MED007,24
GR005821,PO005605,2026-02-03,ST016,MED017,72
GR005822,PO005950,2026-02-03,ST016,MED029,48
GR005823,PO005765,2026-02-03,ST017,MED001,72
GR005824,PO005952,2026-02-03,ST017,MED003,24
GR005825,PO005607,2026-02-03,ST017,MED011,66
GR005826,PO006169,2026-02-03,ST018,MED002,72
GR005827,PO005610,2026-02-03,ST018,MED003,24
GR005828,PO005611,2026-02-03,ST018,MED012,60
GR005829,PO005422,2026-02-03,ST018,MED016,48
GR005830,PO005773,2026-02-03,ST018,MED021,60
GR005831,PO005961,2026-02-03,ST018,MED025,36
GR005832,PO005963,2026-02-03,ST018,MED030,30
GR005833,PO005964,2026-02-03,ST019,MED002,66
GR005834,PO005965,2026-02-03,ST019,MED003,24
GR005835,PO006172,2026-02-03,ST019,MED009,60
GR005836,PO005263,2026-02-03,ST019,MED010,36
GR005837,PO005778,2026-02-03,ST019,MED017,72
GR005838,PO005969,2026-02-03,ST019,MED020,48
GR005839,PO005618,2026-02-03,ST019,MED024,72
GR005840,PO005619,2026-02-03,ST019,MED025,36
GR005841,PO005620,2026-02-03,ST019,MED026,72
GR005842,PO005780,2026-02-03,ST019,MED028,48
GR005843,PO005621,2026-02-03,ST020,MED003,24
GR005844,PO005783,2026-02-03,ST020,MED008,24
GR005845,PO005784,2026-02-03,ST020,MED009,60
GR005846,PO005625,2026-02-03,ST020,MED019,24
GR005847,PO005791,2026-02-03,ST021,MED018,48
GR005848,PO005984,2026-02-03,ST021,MED023,60
GR005849,PO006176,2026-02-03,ST021,MED025,36
GR005850,PO005630,2026-02-03,ST021,MED028,48
GR005851,PO005793,2026-02-03,ST021,MED029,72
GR005852,PO005986,2026-02-03,ST022,MED003,24
GR005853,PO005632,2026-02-03,ST022,MED004,48
GR005854,PO005989,2026-02-03,ST022,MED016,48
GR005855,PO006179,2026-02-03,ST022,MED019,24
GR005856,PO005633,2026-02-03,ST022,MED025,36
GR005857,PO005797,2026-02-03,ST022,MED028,48
GR005858,PO006183,2026-02-03,ST023,MED004,48
GR005859,PO005993,2026-02-03,ST023,MED020,48
GR005860,PO005801,2026-02-03,ST023,MED028,48
GR005861,PO005640,2026-02-03,ST024,MED013,48
GR005862,PO005642,2026-02-03,ST024,MED021,60
GR005863,PO005804,2026-02-03,ST024,MED022,42
GR005864,PO005805,2026-02-03,ST025,MED002,60
GR005865,PO006189,2026-02-03,ST025,MED006,60
GR005866,PO005807,2026-02-03,ST025,MED008,24
GR005867,PO005645,2026-02-03,ST025,MED017,72
GR005868,PO006193,2026-02-03,ST026,MED012,60
GR005869,PO005653,2026-02-03,ST027,MED001,72
GR005870,PO006195,2026-02-03,ST027,MED006,60
GR005871,PO006009,2026-02-03,ST027,MED007,24
GR005872,PO006013,2026-02-03,ST027,MED015,96
GR005873,PO005820,2026-02-03,ST027,MED018,48
GR005874,PO005656,2026-02-03,ST027,MED019,24
GR005875,PO005658,2026-02-03,ST027,MED026,72
GR005876,PO006015,2026-02-03,ST028,MED003,24
GR005877,PO006016,2026-02-03,ST028,MED011,60
GR005878,PO005291,2026-02-03,ST028,MED022,42
GR005879,PO005664,2026-02-03,ST028,MED027,72
GR005880,PO006021,2026-02-03,ST029,MED008,24
GR005881,PO005825,2026-02-03,ST029,MED015,72
GR005882,PO006022,2026-02-03,ST029,MED016,48
GR005883,PO005296,2026-02-03,ST029,MED025,36
GR005884,PO005826,2026-02-03,ST029,MED026,72
GR005885,PO006207,2026-02-03,ST030,MED003,24
GR005886,PO005830,2026-02-03,ST030,MED012,72
GR005887,PO005831,2026-02-03,ST030,MED016,48
GR005888,PO005671,2026-02-03,ST030,MED019,24
GR005889,PO005672,2026-02-03,ST030,MED023,72
GR005890,PO005832,2026-02-03,ST030,MED027,72
GR005891,PO006030,2026-02-03,ST031,MED007,24
GR005892,PO005838,2026-02-03,ST031,MED011,66
GR005893,PO006211,2026-02-03,ST031,MED016,48
GR005894,PO005491,2026-02-03,ST031,MED023,72
GR005895,PO006034,2026-02-03,ST032,MED001,72
GR005896,PO006212,2026-02-03,ST032,MED003,24
GR005897,PO005676,2026-02-03,ST032,MED005,60
GR005898,PO005678,2026-02-03,ST032,MED026,72
GR005899,PO005499,2026-02-03,ST032,MED027,72
GR005900,PO005848,2026-02-03,ST032,MED029,48
GR005901,PO006039,2026-02-03,ST032,MED030,30
GR005902,PO005849,2026-02-03,ST033,MED003,24
GR005903,PO005680,2026-02-03,ST033,MED006,60
GR005904,PO005176,2026-02-03,ST033,MED010,24
GR005905,PO005851,2026-02-03,ST033,MED013,48
GR005906,PO005681,2026-02-03,ST033,MED014,48
GR005907,PO005685,2026-02-03,ST033,MED027,72
GR005908,PO005686,2026-02-03,ST034,MED002,72
GR005909,PO006049,2026-02-03,ST034,MED011,66
GR005910,PO006050,2026-02-03,ST034,MED016,48
GR005911,PO006220,2026-02-03,ST034,MED023,72
GR005912,PO006053,2026-02-03,ST034,MED026,72
GR005913,PO006055,2026-02-03,ST035,MED006,60
GR005914,PO006228,2026-02-03,ST035,MED015,72
GR005915,PO006229,2026-02-03,ST035,MED016,48
GR005916,PO006233,2026-02-03,ST035,MED028,48
GR005917,PO005692,2026-02-03,ST036,MED024,72
GR005918,PO005862,2026-02-03,ST037,MED001,72
GR005919,PO006244,2026-02-03,ST037,MED013,48
GR005920,PO006065,2026-02-03,ST037,MED024,72
GR005921,PO006246,2026-02-03,ST037,MED029,72
GR005922,PO005868,2026-02-03,ST038,MED004,48
GR005923,PO006247,2026-02-03,ST038,MED006,60
GR005924,PO005521,2026-02-03,ST038,MED009,60
GR005925,PO006249,2026-02-03,ST038,MED017,72
GR005926,PO005699,2026-02-03,ST039,MED003,24
GR005927,PO005873,2026-02-03,ST039,MED014,48
GR005928,PO005704,2026-02-03,ST039,MED026,72
GR005929,PO006252,2026-02-03,ST040,MED001,72
GR005930,PO006255,2026-02-03,ST040,MED008,24
GR005931,PO006080,2026-02-03,ST040,MED009,60
GR005932,PO006257,2026-02-03,ST040,MED012,60
GR005933,PO005876,2026-02-03,ST040,MED016,48
GR005934,PO005877,2026-02-03,ST040,MED019,24
GR005935,PO005708,2026-02-03,ST040,MED021,60
GR005936,PO006261,2026-02-03,ST040,MED023,72
GR005937,PO006262,2026-02-03,ST040,MED027,72
GR005938,PO005710,2026-02-04,ST001,MED009,60
GR005939,PO006085,2026-02-04,ST001,MED021,60
GR005940,PO006086,2026-02-04,ST001,MED022,42
GR005941,PO005883,2026-02-04,ST002,MED001,72
GR005942,PO006094,2026-02-04,ST002,MED009,60
GR005943,PO006098,2026-02-04,ST002,MED020,48
GR005944,PO006100,2026-02-04,ST002,MED026,72
GR005945,PO005885,2026-02-04,ST003,MED004,48
GR005946,PO005714,2026-02-04,ST003,MED012,60
GR005947,PO005207,2026-02-04,ST003,MED013,48
GR005948,PO006104,2026-02-04,ST003,MED014,48
GR005949,PO005886,2026-02-04,ST003,MED018,48
GR005950,PO006273,2026-02-04,ST003,MED019,24
GR005951,PO006276,2026-02-04,ST004,MED010,24
GR005952,PO005887,2026-02-04,ST004,MED016,48
GR005953,PO005722,2026-02-04,ST004,MED021,54
GR005954,PO005888,2026-02-04,ST004,MED024,84
GR005955,PO005359,2026-02-04,ST004,MED026,72
GR005956,PO005724,2026-02-04,ST004,MED029,72
GR005957,PO006279,2026-02-04,ST004,MED030,30
GR005958,PO005552,2026-02-04,ST005,MED024,84
GR005959,PO005728,2026-02-04,ST006,MED001,72
GR005960,PO005897,2026-02-04,ST006,MED011,66
GR005961,PO006116,2026-02-04,ST006,MED012,72
GR005962,PO006117,2026-02-04,ST006,MED015,96
GR005963,PO005899,2026-02-04,ST006,MED020,48
GR005964,PO006123,2026-02-04,ST006,MED023,60
GR005965,PO005732,2026-02-04,ST006,MED029,72
GR005966,PO005903,2026-02-04,ST007,MED014,48
GR005967,PO005737,2026-02-04,ST008,MED008,24
GR005968,PO005912,2026-02-04,ST008,MED018,48
GR005969,PO005913,2026-02-04,ST008,MED027,72
GR005970,PO006302,2026-02-04,ST009,MED002,66
GR005971,PO006132,2026-02-04,ST009,MED003,24
GR005972,PO005917,2026-02-04,ST009,MED022,42
GR005973,PO005744,2026-02-04,ST009,MED030,30
GR005974,PO006138,2026-02-04,ST010,MED009,60
GR005975,PO005919,2026-02-04,ST010,MED012,60
GR005976,PO005575,2026-02-04,ST010,MED014,48
GR005977,PO005920,2026-02-04,ST010,MED020,48
GR005978,PO006311,2026-02-04,ST010,MED021,60
GR005979,PO005921,2026-02-04,ST010,MED022,48
GR005980,PO005749,2026-02-04,ST011,MED008,24
GR005981,PO006318,2026-02-04,ST011,MED016,48
GR005982,PO006141,2026-02-04,ST011,MED022,48
GR005983,PO005927,2026-02-04,ST011,MED023,72
GR005984,PO006143,2026-02-04,ST012,MED008,24
GR005985,PO005236,2026-02-04,ST012,MED009,60
GR005986,PO006321,2026-02-04,ST012,MED010,36
GR005987,PO005393,2026-02-04,ST012,MED023,72
GR005988,PO006330,2026-02-04,ST012,MED027,72
GR005989,PO005755,2026-02-04,ST013,MED021,54
GR005990,PO006153,2026-02-04,ST013,MED028,48
GR005991,PO006336,2026-02-04,ST014,MED006,60
GR005992,PO006337,2026-02-04,ST014,MED013,48
GR005993,PO005761,2026-02-04,ST015,MED002,60
GR005994,PO006158,2026-02-04,ST015,MED005,60
GR005995,PO005943,2026-02-04,ST015,MED009,60
GR005996,PO006340,2026-02-04,ST015,MED011,66
GR005997,PO006342,2026-02-04,ST015,MED020,48
GR005998,PO005763,2026-02-04,ST015,MED023,72
GR005999,PO006343,2026-02-04,ST015,MED027,72
GR006000,PO005945,2026-02-04,ST015,MED030,30
GR006001,PO005408,2026-02-04,ST016,MED009,60
GR006002,PO005948,2026-02-04,ST016,MED018,48
GR006003,PO006163,2026-02-04,ST016,MED023,72
GR006004,PO005411,2026-02-04,ST016,MED024,72
GR006005,PO005767,2026-02-04,ST017,MED007,24
GR006006,PO006166,2026-02-04,ST017,MED010,36
GR006007,PO005953,2026-02-04,ST017,MED012,72
GR006008,PO006347,2026-02-04,ST017,MED013,48
GR006009,PO005955,2026-02-04,ST017,MED021,60
GR006010,PO006350,2026-02-04,ST017,MED022,42
GR006011,PO006351,2026-02-04,ST018,MED001,72
GR006012,PO005959,2026-02-04,ST018,MED004,60
GR006013,PO006171,2026-02-04,ST018,MED011,60
GR006014,PO005772,2026-02-04,ST018,MED019,24
GR006015,PO005960,2026-02-04,ST018,MED020,48
GR006016,PO005962,2026-02-04,ST018,MED028,48
GR006017,PO005966,2026-02-04,ST019,MED008,24
GR006018,PO005971,2026-02-04,ST019,MED029,72
GR006019,PO006174,2026-02-04,ST020,MED014,48
GR006020,PO005433,2026-02-04,ST020,MED016,48
GR006021,PO005976,2026-02-04,ST020,MED018,48
GR006022,PO005626,2026-02-04,ST021,MED009,60
GR006023,PO005985,2026-02-04,ST021,MED030,30
GR006024,PO006367,2026-02-04,ST022,MED001,72
GR006025,PO006180,2026-02-04,ST022,MED021,54
GR006026,PO005444,2026-02-04,ST022,MED022,42
GR006027,PO006370,2026-02-04,ST022,MED024,72
GR006028,PO005798,2026-02-04,ST023,MED002,66
GR006029,PO006372,2026-02-04,ST023,MED006,60
GR006030,PO005637,2026-02-04,ST023,MED029,72
GR006031,PO006376,2026-02-04,ST024,MED003,24
GR006032,PO006185,2026-02-04,ST024,MED005,72
GR006033,PO006377,2026-02-04,ST024,MED015,72
GR006034,PO005997,2026-02-04,ST025,MED004,48
GR006035,PO005998,2026-02-04,ST025,MED011,66
GR006036,PO005808,2026-02-04,ST025,MED012,60
GR006037,PO006379,2026-02-04,ST025,MED013,48
GR006038,PO006381,2026-02-04,ST025,MED018,48
GR006039,PO006000,2026-02-04,ST025,MED019,24
GR006040,PO006001,2026-02-04,ST025,MED020,48
GR006041,PO006382,2026-02-04,ST025,MED027,72
GR006042,PO005811,2026-02-04,ST026,MED001,72
GR006043,PO006383,2026-02-04,ST026,MED002,66
GR006044,PO006385,2026-02-04,ST026,MED005,72
GR006045,PO006004,2026-02-04,ST026,MED010,24
GR006046,PO006005,2026-02-04,ST026,MED013,36
GR006047,PO005815,2026-02-04,ST026,MED016,48
GR006048,PO006194,2026-02-04,ST026,MED019,24
GR006049,PO006006,2026-02-04,ST026,MED021,66
GR006050,PO005816,2026-02-04,ST026,MED026,72
GR006051,PO006008,2026-02-04,ST026,MED030,30
GR006052,PO006010,2026-02-04,ST027,MED009,60
GR006053,PO006011,2026-02-04,ST027,MED011,66
GR006054,PO005819,2026-02-04,ST027,MED013,48
GR006055,PO006196,2026-02-04,ST027,MED022,42
GR006056,PO006394,2026-02-04,ST027,MED024,72
GR006057,PO006014,2026-02-04,ST027,MED025,36
GR006058,PO006198,2026-02-04,ST027,MED028,48
GR006059,PO006396,2026-02-04,ST027,MED030,30
GR006060,PO005822,2026-02-04,ST028,MED019,24
GR006061,PO005823,2026-02-04,ST028,MED026,72
GR006062,PO006404,2026-02-04,ST028,MED030,30
GR006063,PO006202,2026-02-04,ST029,MED001,72
GR006064,PO006405,2026-02-04,ST029,MED006,60
GR006065,PO005828,2026-02-04,ST030,MED007,24
GR006066,PO006024,2026-02-04,ST030,MED013,48
GR006067,PO006025,2026-02-04,ST030,MED014,48
GR006068,PO006407,2026-02-04,ST030,MED017,72
GR006069,PO005834,2026-02-04,ST031,MED001,72
GR006070,PO005835,2026-02-04,ST031,MED002,60
GR006071,PO006029,2026-02-04,ST031,MED005,72
GR006072,PO005494,2026-02-04,ST032,MED004,48
GR006073,PO006411,2026-02-04,ST032,MED009,60
GR006074,PO005845,2026-02-04,ST032,MED020,48
GR006075,PO005846,2026-02-04,ST032,MED021,60
GR006076,PO006037,2026-02-04,ST032,MED023,72
GR006077,PO006041,2026-02-04,ST033,MED002,72
GR006078,PO005850,2026-02-04,ST033,MED005,60
GR006079,PO006044,2026-02-04,ST033,MED019,24
GR006080,PO006047,2026-02-04,ST033,MED028,48
GR006081,PO006416,2026-02-04,ST034,MED004,48
GR006082,PO005857,2026-02-04,ST034,MED009,60
GR006083,PO005858,2026-02-04,ST034,MED017,60
GR006084,PO006051,2026-02-04,ST034,MED020,48
GR006085,PO006420,2026-02-04,ST034,MED021,66
GR006086,PO006221,2026-02-04,ST034,MED024,72
GR006087,PO006227,2026-02-04,ST035,MED009,60
GR006088,PO006057,2026-02-04,ST035,MED019,24
GR006089,PO006234,2026-02-04,ST035,MED029,48
GR006090,PO005860,2026-02-04,ST036,MED005,60
GR006091,PO006060,2026-02-04,ST036,MED018,48
GR006092,PO006238,2026-02-04,ST036,MED020,48
GR006093,PO005863,2026-02-04,ST037,MED009,72
GR006094,PO005865,2026-02-04,ST037,MED020,48
GR006095,PO005696,2026-02-04,ST038,MED013,48
GR006096,PO006069,2026-02-04,ST038,MED019,24
GR006097,PO006075,2026-02-04,ST039,MED008,24
GR006098,PO005872,2026-02-04,ST039,MED011,66
GR006099,PO006076,2026-02-04,ST039,MED012,60
GR006100,PO006441,2026-02-04,ST040,MED005,60
GR006101,PO005878,2026-02-04,ST040,MED028,48
GR006102,PO005879,2026-02-04,ST040,MED029,72
GR006103,PO006444,2026-02-05,ST001,MED004,48
GR006104,PO006084,2026-02-05,ST001,MED015,72
GR006105,PO006448,2026-02-05,ST001,MED020,48
GR006106,PO005882,2026-02-05,ST001,MED023,72
GR006107,PO006088,2026-02-05,ST001,MED025,36
GR006108,PO005884,2026-02-05,ST002,MED003,24
GR006109,PO006092,2026-02-05,ST002,MED004,48
GR006110,PO006266,2026-02-05,ST002,MED006,60
GR006111,PO006093,2026-02-05,ST002,MED008,24
GR006112,PO006095,2026-02-05,ST002,MED014,48
GR006113,PO006097,2026-02-05,ST002,MED019,24
GR006114,PO006451,2026-02-05,ST002,MED024,72
GR006115,PO006102,2026-02-05,ST003,MED008,24
GR006116,PO006105,2026-02-05,ST003,MED020,48
GR006117,PO006110,2026-02-05,ST004,MED001,72
GR006118,PO006277,2026-02-05,ST004,MED013,48
GR006119,PO006112,2026-02-05,ST004,MED018,48
GR006120,PO006461,2026-02-05,ST004,MED027,84
GR006121,PO005723,2026-02-05,ST004,MED028,48
GR006122,PO006280,2026-02-05,ST005,MED001,72
GR006123,PO006114,2026-02-05,ST005,MED004,48
GR006124,PO005890,2026-02-05,ST005,MED007,24
GR006125,PO005892,2026-02-05,ST005,MED011,66
GR006126,PO006286,2026-02-05,ST005,MED021,66
GR006127,PO006288,2026-02-05,ST005,MED026,72
GR006128,PO005894,2026-02-05,ST005,MED027,72
GR006129,PO005553,2026-02-05,ST005,MED030,30
GR006130,PO006289,2026-02-05,ST006,MED003,24
GR006131,PO005898,2026-02-05,ST006,MED017,72
GR006132,PO006122,2026-02-05,ST006,MED022,48
GR006133,PO006124,2026-02-05,ST006,MED024,72
GR006134,PO005900,2026-02-05,ST006,MED026,72
GR006135,PO005731,2026-02-05,ST006,MED027,72
GR006136,PO005902,2026-02-05,ST007,MED003,24
GR006137,PO006465,2026-02-05,ST007,MED007,24
GR006138,PO006126,2026-02-05,ST007,MED009,60
GR006139,PO006127,2026-02-05,ST007,MED012,60
GR006140,PO006128,2026-02-05,ST007,MED020,48
GR006141,PO005908,2026-02-05,ST007,MED029,48
GR006142,PO006298,2026-02-05,ST008,MED003,24
GR006143,PO005909,2026-02-05,ST008,MED005,72
GR006144,PO005910,2026-02-05,ST008,MED011,60
GR006145,PO005911,2026-02-05,ST008,MED015,72
GR006146,PO006304,2026-02-05,ST009,MED008,24
GR006147,PO006306,2026-02-05,ST009,MED018,48
GR006148,PO006307,2026-02-05,ST009,MED023,72
GR006149,PO006309,2026-02-05,ST010,MED003,24
GR006150,PO006313,2026-02-05,ST011,MED002,66
GR006151,PO006479,2026-02-05,ST011,MED005,60
GR006152,PO006315,2026-02-05,ST011,MED009,60
GR006153,PO006316,2026-02-05,ST011,MED010,24
GR006154,PO005923,2026-02-05,ST011,MED012,60
GR006155,PO006319,2026-02-05,ST011,MED017,72
GR006156,PO005925,2026-02-05,ST011,MED019,24
GR006157,PO005928,2026-02-05,ST011,MED026,72
GR006158,PO006483,2026-02-05,ST011,MED029,72
GR006159,PO006485,2026-02-05,ST012,MED001,72
GR006160,PO005930,2026-02-05,ST012,MED005,72
GR006161,PO006487,2026-02-05,ST012,MED011,72
GR006162,PO006145,2026-02-05,ST012,MED015,72
GR006163,PO006324,2026-02-05,ST012,MED017,60
GR006164,PO006328,2026-02-05,ST012,MED024,72
GR006165,PO006149,2026-02-05,ST013,MED014,48
GR006166,PO005936,2026-02-05,ST013,MED016,48
GR006167,PO005398,2026-02-05,ST013,MED018,48
GR006168,PO006151,2026-02-05,ST013,MED020,48
GR006169,PO006334,2026-02-05,ST013,MED026,72
GR006170,PO005939,2026-02-05,ST014,MED011,60
GR006171,PO006155,2026-02-05,ST014,MED017,60
GR006172,PO006338,2026-02-05,ST014,MED028,48
GR006173,PO006498,2026-02-05,ST015,MED001,72
GR006174,PO006500,2026-02-05,ST015,MED013,48
GR006175,PO006160,2026-02-05,ST015,MED019,24
GR006176,PO006505,2026-02-05,ST016,MED030,30
GR006177,PO005951,2026-02-05,ST017,MED002,66
GR006178,PO006164,2026-02-05,ST017,MED004,48
GR006179,PO006165,2026-02-05,ST017,MED006,60
GR006180,PO006349,2026-02-05,ST017,MED019,24
GR006181,PO006508,2026-02-05,ST018,MED008,24
GR006182,PO006354,2026-02-05,ST018,MED014,48
GR006183,PO006510,2026-02-05,ST019,MED001,72
GR006184,PO006513,2026-02-05,ST019,MED013,48
GR006185,PO005967,2026-02-05,ST019,MED015,72
GR006186,PO005972,2026-02-05,ST020,MED002,66
GR006187,PO006362,2026-02-05,ST020,MED011,60
GR006188,PO005975,2026-02-05,ST020,MED013,48
GR006189,PO005979,2026-02-05,ST020,MED025,48
GR006190,PO005980,2026-02-05,ST020,MED027,84
GR006191,PO005982,2026-02-05,ST020,MED030,30
GR006192,PO006364,2026-02-05,ST021,MED008,24
GR006193,PO006177,2026-02-05,ST022,MED006,60
GR006194,PO005988,2026-02-05,ST022,MED012,60
GR006195,PO006178,2026-02-05,ST022,MED015,72
GR006196,PO006368,2026-02-05,ST022,MED020,48
GR006197,PO006181,2026-02-05,ST022,MED029,48
GR006198,PO006524,2026-02-05,ST023,MED008,24
GR006199,PO005991,2026-02-05,ST023,MED010,24
GR006200,PO005992,2026-02-05,ST023,MED014,48
GR006201,PO006186,2026-02-05,ST024,MED007,24
GR006202,PO005802,2026-02-05,ST024,MED012,72
GR006203,PO005641,2026-02-05,ST024,MED016,48
GR006204,PO006380,2026-02-05,ST025,MED016,48
GR006205,PO006540,2026-02-05,ST025,MED024,72
GR006206,PO006384,2026-02-05,ST026,MED003,24
GR006207,PO006192,2026-02-05,ST026,MED006,60
GR006208,PO006386,2026-02-05,ST026,MED014,48
GR006209,PO006543,2026-02-05,ST026,MED023,72
GR006210,PO006007,2026-02-05,ST026,MED025,36
GR006211,PO006388,2026-02-05,ST026,MED027,72
GR006212,PO005655,2026-02-05,ST027,MED003,24
GR006213,PO006395,2026-02-05,ST027,MED029,72
GR006214,PO006200,2026-02-05,ST028,MED008,24
GR006215,PO006018,2026-02-05,ST028,MED021,54
GR006216,PO006403,2026-02-05,ST028,MED025,36
GR006217,PO006020,2026-02-05,ST029,MED002,60
GR006218,PO006204,2026-02-05,ST029,MED012,60
GR006219,PO005668,2026-02-05,ST029,MED028,48
GR006220,PO006553,2026-02-05,ST029,MED030,30
GR006221,PO005827,2026-02-05,ST030,MED001,72
GR006222,PO006027,2026-02-05,ST030,MED020,48
GR006223,PO005488,2026-02-05,ST031,MED009,60
GR006224,PO006208,2026-02-05,ST031,MED010,24
GR006225,PO006209,2026-02-05,ST031,MED014,48
GR006226,PO006409,2026-02-05,ST031,MED019,24
GR006227,PO006567,2026-02-05,ST032,MED019,24
GR006228,PO006040,2026-02-05,ST033,MED001,72
GR006229,PO006215,2026-02-05,ST033,MED009,72
GR006230,PO006216,2026-02-05,ST033,MED011,60
GR006231,PO006414,2026-02-05,ST033,MED012,60
GR006232,PO006043,2026-02-05,ST033,MED015,96
GR006233,PO006045,2026-02-05,ST033,MED020,48
GR006234,PO005683,2026-02-05,ST033,MED025,48
GR006235,PO006415,2026-02-05,ST033,MED030,30
GR006236,PO006571,2026-02-05,ST034,MED001,72
GR006237,PO006048,2026-02-05,ST034,MED007,24
GR006238,PO006417,2026-02-05,ST034,MED008,24
GR006239,PO006418,2026-02-05,ST034,MED012,60
GR006240,PO006224,2026-02-05,ST034,MED029,72
GR006241,PO006054,2026-02-05,ST034,MED030,36
GR006242,PO006056,2026-02-05,ST035,MED008,24
GR006243,PO006576,2026-02-05,ST035,MED013,36
GR006244,PO006231,2026-02-05,ST035,MED021,54
GR006245,PO006232,2026-02-05,ST035,MED024,72
GR006246,PO006235,2026-02-05,ST036,MED009,60
GR006247,PO006424,2026-02-05,ST036,MED011,60
GR006248,PO006236,2026-02-05,ST036,MED015,72
GR006249,PO006239,2026-02-05,ST036,MED021,54
GR006250,PO006240,2026-02-05,ST036,MED022,42
GR006251,PO006580,2026-02-05,ST036,MED025,36
GR006252,PO006426,2026-02-05,ST036,MED026,72
GR006253,PO006061,2026-02-05,ST036,MED027,72
GR006254,PO006242,2026-02-05,ST037,MED004,48
GR006255,PO006062,2026-02-05,ST037,MED005,72
GR006256,PO006063,2026-02-05,ST037,MED006,60
GR006257,PO006243,2026-02-05,ST037,MED010,24
GR006258,PO006582,2026-02-05,ST037,MED011,60
GR006259,PO006430,2026-02-05,ST037,MED015,72
GR006260,PO006583,2026-02-05,ST037,MED022,42
GR006261,PO006066,2026-02-05,ST037,MED026,72
GR006262,PO005867,2026-02-05,ST038,MED002,66
GR006263,PO006070,2026-02-05,ST038,MED022,42
GR006264,PO006434,2026-02-05,ST038,MED023,72
GR006265,PO006071,2026-02-05,ST038,MED024,72
GR006266,PO006072,2026-02-05,ST038,MED026,72
GR006267,PO006073,2026-02-05,ST039,MED001,72
GR006268,PO006250,2026-02-05,ST039,MED002,72
GR006269,PO006435,2026-02-05,ST039,MED006,60
GR006270,PO005871,2026-02-05,ST039,MED010,24
GR006271,PO006593,2026-02-05,ST039,MED015,72
GR006272,PO006077,2026-02-05,ST039,MED018,48
GR006273,PO006079,2026-02-05,ST039,MED022,42
GR006274,PO005875,2026-02-05,ST039,MED024,72
GR006275,PO006251,2026-02-05,ST039,MED030,36
GR006276,PO006253,2026-02-05,ST040,MED003,24
GR006277,PO006258,2026-02-05,ST040,MED015,72
GR006278,PO006598,2026-02-05,ST040,MED026,72
GR006279,PO006599,2026-02-06,ST001,MED002,66
GR006280,PO006264,2026-02-06,ST001,MED008,24
GR006281,PO006265,2026-02-06,ST001,MED019,24
GR006282,PO006600,2026-02-06,ST001,MED026,72
GR006283,PO006089,2026-02-06,ST001,MED027,72
GR006284,PO006449,2026-02-06,ST002,MED005,60
GR006285,PO005536,2026-02-06,ST002,MED015,72
GR006286,PO006452,2026-02-06,ST002,MED025,36
GR006287,PO006453,2026-02-06,ST002,MED030,30
GR006288,PO006454,2026-02-06,ST003,MED005,72
GR006289,PO006269,2026-02-06,ST003,MED006,60
GR006290,PO006270,2026-02-06,ST003,MED010,24
GR006291,PO006271,2026-02-06,ST003,MED015,72
GR006292,PO006455,2026-02-06,ST003,MED024,72
GR006293,PO006615,2026-02-06,ST004,MED020,48
GR006294,PO006113,2026-02-06,ST004,MED022,48
GR006295,PO006281,2026-02-06,ST005,MED006,60
GR006296,PO006283,2026-02-06,ST005,MED015,72
GR006297,PO006284,2026-02-06,ST005,MED017,72
GR006298,PO006287,2026-02-06,ST005,MED022,42
GR006299,PO005895,2026-02-06,ST005,MED029,72
GR006300,PO006620,2026-02-06,ST006,MED002,72
GR006301,PO006290,2026-02-06,ST006,MED004,48
GR006302,PO006464,2026-02-06,ST006,MED009,72
GR006303,PO006623,2026-02-06,ST006,MED013,36
GR006304,PO006120,2026-02-06,ST006,MED019,24
GR006305,PO006121,2026-02-06,ST006,MED021,54
GR006306,PO006291,2026-02-06,ST006,MED028,48
GR006307,PO005558,2026-02-06,ST006,MED030,30
GR006308,PO006292,2026-02-06,ST007,MED002,66
GR006309,PO006294,2026-02-06,ST007,MED011,60
GR006310,PO006297,2026-02-06,ST007,MED024,72
GR006311,PO006626,2026-02-06,ST007,MED030,30
GR006312,PO006129,2026-02-06,ST008,MED001,72
GR006313,PO006130,2026-02-06,ST008,MED004,48
GR006314,PO006299,2026-02-06,ST008,MED012,60
GR006315,PO006300,2026-02-06,ST008,MED013,48
GR006316,PO006131,2026-02-06,ST008,MED026,96
GR006317,PO006471,2026-02-06,ST009,MED005,60
GR006318,PO005915,2026-02-06,ST009,MED010,24
GR006319,PO006134,2026-02-06,ST009,MED012,60
GR006320,PO006305,2026-02-06,ST009,MED015,72
GR006321,PO006308,2026-02-06,ST009,MED029,48
GR006322,PO006137,2026-02-06,ST010,MED006,60
GR006323,PO006310,2026-02-06,ST010,MED007,24
GR006324,PO006474,2026-02-06,ST010,MED013,48
GR006325,PO006139,2026-02-06,ST010,MED015,72
GR006326,PO006634,2026-02-06,ST010,MED024,72
GR006327,PO006312,2026-02-06,ST010,MED026,72
GR006328,PO006636,2026-02-06,ST011,MED001,72
GR006329,PO006314,2026-02-06,ST011,MED003,24
GR006330,PO006140,2026-02-06,ST011,MED013,48
GR006331,PO006481,2026-02-06,ST011,MED020,48
GR006332,PO006142,2026-02-06,ST012,MED006,60
GR006333,PO006144,2026-02-06,ST012,MED012,60
GR006334,PO006322,2026-02-06,ST012,MED013,48
GR006335,PO006323,2026-02-06,ST012,MED016,48
GR006336,PO006325,2026-02-06,ST012,MED019,24
GR006337,PO006327,2026-02-06,ST012,MED022,48
GR006338,PO006329,2026-02-06,ST012,MED025,48
GR006339,PO006146,2026-02-06,ST012,MED030,30
GR006340,PO006642,2026-02-06,ST013,MED001,72
GR006341,PO006147,2026-02-06,ST013,MED006,60
GR006342,PO006644,2026-02-06,ST013,MED007,24
GR006343,PO006646,2026-02-06,ST013,MED012,60
GR006344,PO006491,2026-02-06,ST013,MED013,48
GR006345,PO005754,2026-02-06,ST013,MED015,72
GR006346,PO006152,2026-02-06,ST013,MED027,72
GR006347,PO006651,2026-02-06,ST014,MED010,24
GR006348,PO006154,2026-02-06,ST014,MED016,48
GR006349,PO006157,2026-02-06,ST014,MED025,36
GR006350,PO006655,2026-02-06,ST014,MED029,72
GR006351,PO006159,2026-02-06,ST015,MED016,48
GR006352,PO006161,2026-02-06,ST015,MED024,72
GR006353,PO006659,2026-02-06,ST015,MED029,72
GR006354,PO006346,2026-02-06,ST016,MED012,60
GR006355,PO006502,2026-02-06,ST016,MED013,48
GR006356,PO006162,2026-02-06,ST016,MED020,48
GR006357,PO006504,2026-02-06,ST016,MED028,48
GR006358,PO006667,2026-02-06,ST017,MED008,24
GR006359,PO006348,2026-02-06,ST017,MED017,72
GR006360,PO006352,2026-02-06,ST018,MED009,60
GR006361,PO006353,2026-02-06,ST018,MED013,48
GR006362,PO006674,2026-02-06,ST018,MED017,72
GR006363,PO006677,2026-02-06,ST018,MED024,72
GR006364,PO006678,2026-02-06,ST018,MED030,30
GR006365,PO006511,2026-02-06,ST019,MED004,48
GR006366,PO006173,2026-02-06,ST020,MED001,72
GR006367,PO006516,2026-02-06,ST020,MED010,36
GR006368,PO005977,2026-02-06,ST020,MED021,54
GR006369,PO006688,2026-02-06,ST020,MED022,42
GR006370,PO006363,2026-02-06,ST020,MED028,48
GR006371,PO006175,2026-02-06,ST021,MED003,24
GR006372,PO006519,2026-02-06,ST021,MED005,60
GR006373,PO006690,2026-02-06,ST022,MED014,48
GR006374,PO006182,2026-02-06,ST023,MED001,72
GR006375,PO006371,2026-02-06,ST023,MED005,60
GR006376,PO006526,2026-02-06,ST023,MED012,60
GR006377,PO006373,2026-02-06,ST023,MED017,60
GR006378,PO006374,2026-02-06,ST023,MED021,54
GR006379,PO006528,2026-02-06,ST023,MED022,42
GR006380,PO005994,2026-02-06,ST023,MED024,72
GR006381,PO006695,2026-02-06,ST023,MED030,30
GR006382,PO006184,2026-02-06,ST024,MED004,48
GR006383,PO006699,2026-02-06,ST024,MED022,42
GR006384,PO006188,2026-02-06,ST024,MED030,36
GR006385,PO006702,2026-02-06,ST025,MED002,60
GR006386,PO006538,2026-02-06,ST025,MED015,72
GR006387,PO005810,2026-02-06,ST025,MED030,36
GR006388,PO006707,2026-02-06,ST026,MED011,72
GR006389,PO006713,2026-02-06,ST027,MED001,72
GR006390,PO006391,2026-02-06,ST027,MED017,72
GR006391,PO006392,2026-02-06,ST027,MED020,48
GR006392,PO006393,2026-02-06,ST027,MED023,72
GR006393,PO006197,2026-02-06,ST027,MED027,84
GR006394,PO006398,2026-02-06,ST028,MED005,60
GR006395,PO006199,2026-02-06,ST028,MED006,60
GR006396,PO006201,2026-02-06,ST028,MED023,60
GR006397,PO006551,2026-02-06,ST029,MED003,24
GR006398,PO006203,2026-02-06,ST029,MED004,48
GR006399,PO006718,2026-02-06,ST029,MED007,24
GR006400,PO006719,2026-02-06,ST029,MED011,66
GR006401,PO006205,2026-02-06,ST029,MED021,60
GR006402,PO006552,2026-02-06,ST029,MED029,72
GR006403,PO006206,2026-02-06,ST030,MED002,66
GR006404,PO006562,2026-02-06,ST031,MED024,72
GR006405,PO006214,2026-02-06,ST032,MED015,72
GR006406,PO006739,2026-02-06,ST032,MED027,72
GR006407,PO006741,2026-02-06,ST032,MED030,36
GR006408,PO006042,2026-02-06,ST033,MED004,48
GR006409,PO006413,2026-02-06,ST033,MED008,24
GR006410,PO006568,2026-02-06,ST033,MED016,48
GR006411,PO006217,2026-02-06,ST033,MED021,72
GR006412,PO006750,2026-02-06,ST034,MED003,24
GR006413,PO006218,2026-02-06,ST034,MED013,48
GR006414,PO006219,2026-02-06,ST034,MED015,72
GR006415,PO006222,2026-02-06,ST034,MED027,72
GR006416,PO006223,2026-02-06,ST034,MED028,48
GR006417,PO006573,2026-02-06,ST035,MED004,48
GR006418,PO006226,2026-02-06,ST035,MED005,60
GR006419,PO006756,2026-02-06,ST035,MED007,24
GR006420,PO006230,2026-02-06,ST035,MED017,60
GR006421,PO006577,2026-02-06,ST035,MED018,48
GR006422,PO006757,2026-02-06,ST035,MED022,42
GR006423,PO006421,2026-02-06,ST035,MED027,72
GR006424,PO006423,2026-02-06,ST036,MED007,24
GR006425,PO006237,2026-02-06,ST036,MED017,60
GR006426,PO006241,2026-02-06,ST036,MED030,30
GR006427,PO006429,2026-02-06,ST037,MED014,48
GR006428,PO006584,2026-02-06,ST037,MED023,60
GR006429,PO006761,2026-02-06,ST037,MED025,36
GR006430,PO006586,2026-02-06,ST037,MED028,48
GR006431,PO005695,2026-02-06,ST038,MED011,72
GR006432,PO006764,2026-02-06,ST038,MED025,36
GR006433,PO005700,2026-02-06,ST039,MED005,72
GR006434,PO006591,2026-02-06,ST039,MED009,60
GR006435,PO006592,2026-02-06,ST039,MED013,48
GR006436,PO006767,2026-02-06,ST039,MED016,48
GR006437,PO006768,2026-02-06,ST039,MED020,48
GR006438,PO006438,2026-02-06,ST039,MED027,72
GR006439,PO006439,2026-02-06,ST040,MED002,66
GR006440,PO006254,2026-02-06,ST040,MED007,24
GR006441,PO006256,2026-02-06,ST040,MED011,66
GR006442,PO006443,2026-02-06,ST040,MED014,48
GR006443,PO006259,2026-02-06,ST040,MED018,48
GR006444,PO006772,2026-02-06,ST040,MED020,48
GR006445,PO006260,2026-02-06,ST040,MED022,42
GR006446,PO006263,2026-02-07,ST001,MED001,72
GR006447,PO006445,2026-02-07,ST001,MED010,36
GR006448,PO006446,2026-02-07,ST001,MED014,48
GR006449,PO006447,2026-02-07,ST001,MED018,48
GR006450,PO006267,2026-02-07,ST002,MED007,24
GR006451,PO006268,2026-02-07,ST002,MED011,60
GR006452,PO006101,2026-02-07,ST003,MED002,66
GR006453,PO006781,2026-02-07,ST003,MED004,48
GR006454,PO006272,2026-02-07,ST003,MED017,60
GR006455,PO006274,2026-02-07,ST003,MED022,42
GR006456,PO006275,2026-02-07,ST003,MED029,48
GR006457,PO006109,2026-02-07,ST003,MED030,30
GR006458,PO005716,2026-02-07,ST004,MED002,60
GR006459,PO006611,2026-02-07,ST004,MED005,72
GR006460,PO006111,2026-02-07,ST004,MED007,24
GR006461,PO006457,2026-02-07,ST004,MED009,72
GR006462,PO006459,2026-02-07,ST004,MED015,72
GR006463,PO006278,2026-02-07,ST004,MED023,60
GR006464,PO006462,2026-02-07,ST005,MED002,72
GR006465,PO005891,2026-02-07,ST005,MED010,24
GR006466,PO006617,2026-02-07,ST005,MED012,60
GR006467,PO006282,2026-02-07,ST005,MED014,48
GR006468,PO006285,2026-02-07,ST005,MED020,48
GR006469,PO006789,2026-02-07,ST005,MED025,36
GR006470,PO006621,2026-02-07,ST006,MED006,60
GR006471,PO006792,2026-02-07,ST006,MED007,24
GR006472,PO006794,2026-02-07,ST006,MED011,66
GR006473,PO006293,2026-02-07,ST007,MED006,60
GR006474,PO006466,2026-02-07,ST007,MED013,48
GR006475,PO006624,2026-02-07,ST007,MED019,24
GR006476,PO006295,2026-02-07,ST007,MED021,54
GR006477,PO006296,2026-02-07,ST007,MED022,42
GR006478,PO006625,2026-02-07,ST007,MED026,72
GR006479,PO006468,2026-02-07,ST008,MED007,24
GR006480,PO006470,2026-02-07,ST008,MED016,48
GR006481,PO006629,2026-02-07,ST008,MED023,60
GR006482,PO006303,2026-02-07,ST009,MED006,60
GR006483,PO006631,2026-02-07,ST009,MED011,60
GR006484,PO006632,2026-02-07,ST009,MED027,72
GR006485,PO006812,2026-02-07,ST011,MED006,60
GR006486,PO006317,2026-02-07,ST011,MED011,72
GR006487,PO005926,2026-02-07,ST011,MED021,66
GR006488,PO006484,2026-02-07,ST011,MED030,30
GR006489,PO006640,2026-02-07,ST012,MED002,72
GR006490,PO006320,2026-02-07,ST012,MED004,48
GR006491,PO006488,2026-02-07,ST012,MED021,54
GR006492,PO006816,2026-02-07,ST012,MED023,60
GR006493,PO006331,2026-02-07,ST012,MED029,48
GR006494,PO006332,2026-02-07,ST013,MED004,48
GR006495,PO006333,2026-02-07,ST013,MED025,48
GR006496,PO006335,2026-02-07,ST013,MED030,36
GR006497,PO006648,2026-02-07,ST014,MED002,60
GR006498,PO006825,2026-02-07,ST014,MED003,24
GR006499,PO006650,2026-02-07,ST014,MED005,60
GR006500,PO006496,2026-02-07,ST014,MED015,72
GR006501,PO006653,2026-02-07,ST014,MED022,42
GR006502,PO006826,2026-02-07,ST014,MED024,72
GR006503,PO006828,2026-02-07,ST015,MED007,24
GR006504,PO006339,2026-02-07,ST015,MED008,24
GR006505,PO006829,2026-02-07,ST015,MED015,72
GR006506,PO006341,2026-02-07,ST015,MED017,72
GR006507,PO006501,2026-02-07,ST015,MED018,48
GR006508,PO006344,2026-02-07,ST015,MED028,48
GR006509,PO006661,2026-02-07,ST016,MED004,48
GR006510,PO006832,2026-02-07,ST016,MED006,60
GR006511,PO006345,2026-02-07,ST016,MED011,60
GR006512,PO006833,2026-02-07,ST016,MED016,48
GR006513,PO006665,2026-02-07,ST016,MED022,42
GR006514,PO006167,2026-02-07,ST017,MED018,48
GR006515,PO006669,2026-02-07,ST017,MED020,48
GR006516,PO006506,2026-02-07,ST017,MED025,36
GR006517,PO006671,2026-02-07,ST017,MED030,30
GR006518,PO006507,2026-02-07,ST018,MED007,24
GR006519,PO006672,2026-02-07,ST018,MED010,24
GR006520,PO006675,2026-02-07,ST018,MED021,54
GR006521,PO006355,2026-02-07,ST018,MED023,72
GR006522,PO006841,2026-02-07,ST018,MED025,36
GR006523,PO006357,2026-02-07,ST018,MED027,72
GR006524,PO006358,2026-02-07,ST019,MED012,60
GR006525,PO006514,2026-02-07,ST019,MED021,60
GR006526,PO006515,2026-02-07,ST019,MED022,42
GR006527,PO006684,2026-02-07,ST019,MED027,72
GR006528,PO006360,2026-02-07,ST019,MED030,30
GR006529,PO006361,2026-02-07,ST020,MED005,60
GR006530,PO006851,2026-02-07,ST020,MED015,72
GR006531,PO006517,2026-02-07,ST020,MED020,48
GR006532,PO005981,2026-02-07,ST020,MED029,48
GR006533,PO006855,2026-02-07,ST021,MED002,60
GR006534,PO006858,2026-02-07,ST021,MED012,60
GR006535,PO006859,2026-02-07,ST021,MED021,54
GR006536,PO006366,2026-02-07,ST021,MED024,72
GR006537,PO006369,2026-02-07,ST022,MED023,72
GR006538,PO006691,2026-02-07,ST022,MED026,72
GR006539,PO006867,2026-02-07,ST023,MED003,24
GR006540,PO006529,2026-02-07,ST023,MED027,72
GR006541,PO006375,2026-02-07,ST024,MED001,72
GR006542,PO006696,2026-02-07,ST024,MED006,72
GR006543,PO006871,2026-02-07,ST024,MED014,48
GR006544,PO006534,2026-02-07,ST024,MED018,48
GR006545,PO006698,2026-02-07,ST024,MED019,24
GR006546,PO006874,2026-02-07,ST024,MED023,60
GR006547,PO006536,2026-02-07,ST024,MED027,72
GR006548,PO006187,2026-02-07,ST024,MED029,72
GR006549,PO006378,2026-02-07,ST025,MED010,24
GR006550,PO006190,2026-02-07,ST025,MED022,42
GR006551,PO006541,2026-02-07,ST025,MED025,48
GR006552,PO006191,2026-02-07,ST025,MED026,72
GR006553,PO006542,2026-02-07,ST026,MED008,24
GR006554,PO006387,2026-02-07,ST026,MED015,96
GR006555,PO006715,2026-02-07,ST027,MED005,72
GR006556,PO006545,2026-02-07,ST027,MED008,24
GR006557,PO006887,2026-02-07,ST027,MED009,60
GR006558,PO006389,2026-02-07,ST027,MED010,24
GR006559,PO006390,2026-02-07,ST027,MED016,48
GR006560,PO006546,2026-02-07,ST027,MED021,60
GR006561,PO006717,2026-02-07,ST027,MED026,72
GR006562,PO006397,2026-02-07,ST028,MED002,66
GR006563,PO006547,2026-02-07,ST028,MED004,48
GR006564,PO006399,2026-02-07,ST028,MED007,24
GR006565,PO006891,2026-02-07,ST029,MED009,60
GR006566,PO006406,2026-02-07,ST030,MED011,66
GR006567,PO006026,2026-02-07,ST030,MED015,72
GR006568,PO006895,2026-02-07,ST031,MED002,66
GR006569,PO006729,2026-02-07,ST031,MED006,60
GR006570,PO006560,2026-02-07,ST031,MED013,48
GR006571,PO006561,2026-02-07,ST031,MED017,72
GR006572,PO005840,2026-02-07,ST031,MED021,60
GR006573,PO006032,2026-02-07,ST031,MED026,72
GR006574,PO006563,2026-02-07,ST031,MED028,48
GR006575,PO006033,2026-02-07,ST031,MED030,30
GR006576,PO006732,2026-02-07,ST032,MED002,72
GR006577,PO006733,2026-02-07,ST032,MED005,60
GR006578,PO006410,2026-02-07,ST032,MED007,24
GR006579,PO006737,2026-02-07,ST032,MED022,42
GR006580,PO006906,2026-02-07,ST033,MED005,72
GR006581,PO006742,2026-02-07,ST033,MED006,60
GR006582,PO006412,2026-02-07,ST033,MED007,24
GR006583,PO006743,2026-02-07,ST033,MED010,24
GR006584,PO006744,2026-02-07,ST033,MED013,48
GR006585,PO006569,2026-02-07,ST033,MED018,48
GR006586,PO006746,2026-02-07,ST033,MED022,48
GR006587,PO006747,2026-02-07,ST033,MED024,72
GR006588,PO006752,2026-02-07,ST034,MED011,66
GR006589,PO006052,2026-02-07,ST034,MED025,48
GR006590,PO006755,2026-02-07,ST035,MED001,72
GR006591,PO006225,2026-02-07,ST035,MED003,24
GR006592,PO006575,2026-02-07,ST035,MED012,60
GR006593,PO006422,2026-02-07,ST036,MED002,60
GR006594,PO006758,2026-02-07,ST036,MED006,60
GR006595,PO006578,2026-02-07,ST036,MED008,24
GR006596,PO006428,2026-02-07,ST037,MED012,60
GR006597,PO006431,2026-02-07,ST037,MED017,72
GR006598,PO006762,2026-02-07,ST038,MED009,60
GR006599,PO006588,2026-02-07,ST038,MED012,72
GR006600,PO006589,2026-02-07,ST038,MED021,60
GR006601,PO006765,2026-02-07,ST038,MED027,72
GR006602,PO006931,2026-02-07,ST038,MED029,48
GR006603,PO006074,2026-02-07,ST039,MED004,48
GR006604,PO006436,2026-02-07,ST039,MED019,24
GR006605,PO006595,2026-02-07,ST039,MED028,48
GR006606,PO006934,2026-02-07,ST039,MED029,48
GR006607,PO006440,2026-02-07,ST040,MED004,48
GR006608,PO006596,2026-02-07,ST040,MED006,60
GR006609,PO006935,2026-02-07,ST040,MED009,72
GR006610,PO006442,2026-02-07,ST040,MED013,48
GR006611,PO006601,2026-02-08,ST002,MED002,66
GR006612,PO006602,2026-02-08,ST002,MED010,36
GR006613,PO006603,2026-02-08,ST002,MED013,48
GR006614,PO006604,2026-02-08,ST002,MED016,48
GR006615,PO006605,2026-02-08,ST002,MED021,54
GR006616,PO006782,2026-02-08,ST003,MED007,24
GR006617,PO006946,2026-02-08,ST003,MED011,60
GR006618,PO006948,2026-02-08,ST003,MED013,48
GR006619,PO006609,2026-02-08,ST003,MED023,72
GR006620,PO006456,2026-02-08,ST003,MED028,48
GR006621,PO006610,2026-02-08,ST004,MED004,48
GR006622,PO006458,2026-02-08,ST004,MED011,66
GR006623,PO006460,2026-02-08,ST004,MED017,72
GR006624,PO006951,2026-02-08,ST005,MED004,48
GR006625,PO006463,2026-02-08,ST005,MED023,72
GR006626,PO006955,2026-02-08,ST005,MED027,72
GR006627,PO006790,2026-02-08,ST005,MED028,48
GR006628,PO006622,2026-02-08,ST006,MED008,24
GR006629,PO006959,2026-02-08,ST006,MED014,48
GR006630,PO006960,2026-02-08,ST006,MED015,96
GR006631,PO006966,2026-02-08,ST006,MED025,48
GR006632,PO006968,2026-02-08,ST006,MED027,72
GR006633,PO006467,2026-02-08,ST007,MED015,72
GR006634,PO005906,2026-02-08,ST007,MED027,72
GR006635,PO006627,2026-02-08,ST008,MED002,60
GR006636,PO006628,2026-02-08,ST008,MED009,60
GR006637,PO006797,2026-02-08,ST008,MED010,24
GR006638,PO006469,2026-02-08,ST008,MED014,48
GR006639,PO006974,2026-02-08,ST008,MED015,72
GR006640,PO006798,2026-02-08,ST008,MED017,72
GR006641,PO006301,2026-02-08,ST008,MED020,48
GR006642,PO006630,2026-02-08,ST009,MED007,24
GR006643,PO006472,2026-02-08,ST009,MED016,48
GR006644,PO006805,2026-02-08,ST009,MED022,36
GR006645,PO006473,2026-02-08,ST010,MED004,48
GR006646,PO006810,2026-02-08,ST010,MED010,24
GR006647,PO006633,2026-02-08,ST010,MED011,60
GR006648,PO006475,2026-02-08,ST010,MED016,48
GR006649,PO006476,2026-02-08,ST010,MED018,48
GR006650,PO006981,2026-02-08,ST010,MED019,24
GR006651,PO006477,2026-02-08,ST010,MED023,72
GR006652,PO006478,2026-02-08,ST010,MED027,72
GR006653,PO006983,2026-02-08,ST010,MED028,48
GR006654,PO006635,2026-02-08,ST010,MED030,30
GR006655,PO006480,2026-02-08,ST011,MED007,24
GR006656,PO006985,2026-02-08,ST011,MED010,24
GR006657,PO006987,2026-02-08,ST011,MED023,72
GR006658,PO006639,2026-02-08,ST011,MED025,36
GR006659,PO006482,2026-02-08,ST011,MED027,72
GR006660,PO006486,2026-02-08,ST012,MED003,24
GR006661,PO006326,2026-02-08,ST012,MED020,48
GR006662,PO006489,2026-02-08,ST012,MED026,72
GR006663,PO006490,2026-02-08,ST012,MED028,48
GR006664,PO006643,2026-02-08,ST013,MED003,24
GR006665,PO006818,2026-02-08,ST013,MED005,72
GR006666,PO006645,2026-02-08,ST013,MED008,24
GR006667,PO006992,2026-02-08,ST013,MED020,48
GR006668,PO006822,2026-02-08,ST013,MED021,60
GR006669,PO005937,2026-02-08,ST013,MED022,42
GR006670,PO006492,2026-02-08,ST014,MED001,72
GR006671,PO006649,2026-02-08,ST014,MED004,48
GR006672,PO006493,2026-02-08,ST014,MED007,24
GR006673,PO006495,2026-02-08,ST014,MED009,60
GR006674,PO006652,2026-02-08,ST014,MED012,60
GR006675,PO005940,2026-02-08,ST014,MED021,60
GR006676,PO006497,2026-02-08,ST014,MED027,72
GR006677,PO006499,2026-02-08,ST015,MED006,60
GR006678,PO006656,2026-02-08,ST015,MED012,60
GR006679,PO006657,2026-02-08,ST015,MED021,60
GR006680,PO006660,2026-02-08,ST016,MED003,24
GR006681,PO006663,2026-02-08,ST016,MED010,36
GR006682,PO006664,2026-02-08,ST016,MED015,72
GR006683,PO006834,2026-02-08,ST016,MED019,24
GR006684,PO006503,2026-02-08,ST016,MED021,54
GR006685,PO006999,2026-02-08,ST016,MED027,72
GR006686,PO007000,2026-02-08,ST017,MED002,60
GR006687,PO006837,2026-02-08,ST017,MED005,72
GR006688,PO006838,2026-02-08,ST017,MED011,66
GR006689,PO007002,2026-02-08,ST017,MED014,48
GR006690,PO007004,2026-02-08,ST017,MED016,48
GR006691,PO006168,2026-02-08,ST017,MED026,72
GR006692,PO006839,2026-02-08,ST017,MED027,72
GR006693,PO007007,2026-02-08,ST017,MED029,48
GR006694,PO007008,2026-02-08,ST018,MED002,72
GR006695,PO006170,2026-02-08,ST018,MED006,60
GR006696,PO007011,2026-02-08,ST018,MED018,48
GR006697,PO006676,2026-02-08,ST018,MED022,36
GR006698,PO006356,2026-02-08,ST018,MED026,72
GR006699,PO006679,2026-02-08,ST019,MED002,60
GR006700,PO006681,2026-02-08,ST019,MED006,72
GR006701,PO006512,2026-02-08,ST019,MED011,66
GR006702,PO006845,2026-02-08,ST019,MED020,48
GR006703,PO006683,2026-02-08,ST019,MED026,72
GR006704,PO006685,2026-02-08,ST020,MED006,60
GR006705,PO006849,2026-02-08,ST020,MED007,24
GR006706,PO006686,2026-02-08,ST020,MED009,60
GR006707,PO006518,2026-02-08,ST020,MED023,60
GR006708,PO006857,2026-02-08,ST021,MED006,60
GR006709,PO006520,2026-02-08,ST021,MED027,72
GR006710,PO007027,2026-02-08,ST021,MED030,30
GR006711,PO006861,2026-02-08,ST022,MED002,66
GR006712,PO006521,2026-02-08,ST022,MED007,24
GR006713,PO006522,2026-02-08,ST022,MED011,60
GR006714,PO007030,2026-02-08,ST023,MED002,66
GR006715,PO006523,2026-02-08,ST023,MED007,24
GR006716,PO006525,2026-02-08,ST023,MED009,60
GR006717,PO006692,2026-02-08,ST023,MED011,60
GR006718,PO006527,2026-02-08,ST023,MED018,48
GR006719,PO006694,2026-02-08,ST023,MED023,60
GR006720,PO006697,2026-02-08,ST024,MED008,24
GR006721,PO007033,2026-02-08,ST024,MED009,60
GR006722,PO006532,2026-02-08,ST024,MED011,66
GR006723,PO006533,2026-02-08,ST024,MED017,72
GR006724,PO006535,2026-02-08,ST024,MED024,72
GR006725,PO006700,2026-02-08,ST024,MED025,36
GR006726,PO006537,2026-02-08,ST025,MED001,72
GR006727,PO007035,2026-02-08,ST025,MED007,24
GR006728,PO006877,2026-02-08,ST025,MED008,24
GR006729,PO006704,2026-02-08,ST025,MED009,72
GR006730,PO005999,2026-02-08,ST025,MED014,48
GR006731,PO006880,2026-02-08,ST025,MED028,48
GR006732,PO007039,2026-02-08,ST025,MED029,72
GR006733,PO007040,2026-02-08,ST026,MED001,72
GR006734,PO007041,2026-02-08,ST026,MED006,60
GR006735,PO006706,2026-02-08,ST026,MED009,60
GR006736,PO006883,2026-02-08,ST026,MED016,48
GR006737,PO006710,2026-02-08,ST026,MED022,42
GR006738,PO006711,2026-02-08,ST026,MED024,84
GR006739,PO007046,2026-02-08,ST026,MED030,36
GR006740,PO006544,2026-02-08,ST027,MED002,66
GR006741,PO006714,2026-02-08,ST027,MED004,48
GR006742,PO006886,2026-02-08,ST027,MED007,24
GR006743,PO006888,2026-02-08,ST027,MED011,66
GR006744,PO007048,2026-02-08,ST027,MED013,48
GR006745,PO006889,2026-02-08,ST027,MED025,36
GR006746,PO006400,2026-02-08,ST028,MED009,60
GR006747,PO006548,2026-02-08,ST028,MED010,24
GR006748,PO006549,2026-02-08,ST028,MED014,48
GR006749,PO006550,2026-02-08,ST028,MED028,48
GR006750,PO007058,2026-02-08,ST029,MED005,72
GR006751,PO006721,2026-02-08,ST029,MED017,72
GR006752,PO006723,2026-02-08,ST029,MED023,60
GR006753,PO006724,2026-02-08,ST029,MED024,72
GR006754,PO007061,2026-02-08,ST029,MED027,72
GR006755,PO006554,2026-02-08,ST030,MED004,48
GR006756,PO006726,2026-02-08,ST030,MED006,60
GR006757,PO006727,2026-02-08,ST030,MED009,60
GR006758,PO007063,2026-02-08,ST030,MED016,48
GR006759,PO006556,2026-02-08,ST030,MED021,54
GR006760,PO006557,2026-02-08,ST030,MED022,42
GR006761,PO007064,2026-02-08,ST030,MED023,72
GR006762,PO006558,2026-02-08,ST030,MED024,72
GR006763,PO006728,2026-02-08,ST030,MED026,72
GR006764,PO006894,2026-02-08,ST030,MED028,48
GR006765,PO007065,2026-02-08,ST031,MED001,72
GR006766,PO006210,2026-02-08,ST031,MED015,72
GR006767,PO006730,2026-02-08,ST031,MED020,48
GR006768,PO006902,2026-02-08,ST031,MED023,72
GR006769,PO006564,2026-02-08,ST032,MED006,60
GR006770,PO006565,2026-02-08,ST032,MED011,60
GR006771,PO006734,2026-02-08,ST032,MED012,60
GR006772,PO006735,2026-02-08,ST032,MED013,48
GR006773,PO006213,2026-02-08,ST032,MED014,48
GR006774,PO006036,2026-02-08,ST032,MED017,60
GR006775,PO006736,2026-02-08,ST032,MED018,48
GR006776,PO006904,2026-02-08,ST032,MED024,72
GR006777,PO006745,2026-02-08,ST033,MED017,72
GR006778,PO006748,2026-02-08,ST033,MED027,72
GR006779,PO006749,2026-02-08,ST033,MED029,48
GR006780,PO006572,2026-02-08,ST034,MED005,72
GR006781,PO006751,2026-02-08,ST034,MED006,72
GR006782,PO006753,2026-02-08,ST034,MED018,48
GR006783,PO007079,2026-02-08,ST034,MED020,48
GR006784,PO007081,2026-02-08,ST035,MED006,60
GR006785,PO006916,2026-02-08,ST035,MED023,72
GR006786,PO007082,2026-02-08,ST036,MED001,72
GR006787,PO006759,2026-02-08,ST036,MED012,60
GR006788,PO006579,2026-02-08,ST036,MED016,48
GR006789,PO006921,2026-02-08,ST036,MED024,72
GR006790,PO006922,2026-02-08,ST036,MED029,48
GR006791,PO006581,2026-02-08,ST037,MED002,60
GR006792,PO006925,2026-02-08,ST037,MED008,24
GR006793,PO007088,2026-02-08,ST037,MED024,72
GR006794,PO006585,2026-02-08,ST037,MED027,72
GR006795,PO007089,2026-02-08,ST037,MED030,30
GR006796,PO006587,2026-02-08,ST038,MED001,72
GR006797,PO006927,2026-02-08,ST038,MED004,48
GR006798,PO006248,2026-02-08,ST038,MED008,24
GR006799,PO006432,2026-02-08,ST038,MED010,24
GR006800,PO006930,2026-02-08,ST038,MED016,48
GR006801,PO006590,2026-02-08,ST039,MED007,24
GR006802,PO007095,2026-02-08,ST039,MED012,60
GR006803,PO006594,2026-02-08,ST039,MED017,60
GR006804,PO006932,2026-02-08,ST039,MED021,60
GR006805,PO007097,2026-02-08,ST039,MED024,72
GR006806,PO006437,2026-02-08,ST039,MED025,36
GR006807,PO007098,2026-02-08,ST040,MED001,72
GR006808,PO007099,2026-02-08,ST040,MED012,60
GR006809,PO006597,2026-02-08,ST040,MED024,84
GR006810,PO007102,2026-02-08,ST040,MED029,48
GR006811,PO006940,2026-02-09,ST001,MED005,60
GR006812,PO006776,2026-02-09,ST001,MED006,60
GR006813,PO007104,2026-02-09,ST001,MED013,48
GR006814,PO006777,2026-02-09,ST001,MED016,48
GR006815,PO007113,2026-02-09,ST002,MED009,60
GR006816,PO006778,2026-02-09,ST002,MED012,60
GR006817,PO007114,2026-02-09,ST002,MED017,72
GR006818,PO006606,2026-02-09,ST003,MED001,72
GR006819,PO006607,2026-02-09,ST003,MED003,24
GR006820,PO006608,2026-02-09,ST003,MED009,60
GR006821,PO006949,2026-02-09,ST003,MED026,72
GR006822,PO006612,2026-02-09,ST004,MED006,60
GR006823,PO006614,2026-02-09,ST004,MED012,60
GR006824,PO007124,2026-02-09,ST004,MED019,24
GR006825,PO006785,2026-02-09,ST004,MED024,72
GR006826,PO007125,2026-02-09,ST004,MED025,48
GR006827,PO006950,2026-02-09,ST004,MED026,72
GR006828,PO007126,2026-02-09,ST004,MED028,48
GR006829,PO006616,2026-02-09,ST005,MED005,72
GR006830,PO006787,2026-02-09,ST005,MED013,48
GR006831,PO006788,2026-02-09,ST005,MED016,48
GR006832,PO006618,2026-02-09,ST005,MED018,48
GR006833,PO006619,2026-02-09,ST005,MED019,24
GR006834,PO007132,2026-02-09,ST005,MED022,42
GR006835,PO007135,2026-02-09,ST006,MED004,48
GR006836,PO006791,2026-02-09,ST006,MED005,72
GR006837,PO006958,2026-02-09,ST006,MED012,60
GR006838,PO007136,2026-02-09,ST006,MED013,36
GR006839,PO006961,2026-02-09,ST006,MED017,60
GR006840,PO006962,2026-02-09,ST006,MED020,48
GR006841,PO007138,2026-02-09,ST006,MED021,60
GR006842,PO006965,2026-02-09,ST006,MED024,72
GR006843,PO006969,2026-02-09,ST006,MED029,48
GR006844,PO007139,2026-02-09,ST007,MED005,72
GR006845,PO006796,2026-02-09,ST008,MED006,60
GR006846,PO006972,2026-02-09,ST008,MED008,24
GR006847,PO006800,2026-02-09,ST008,MED025,36
GR006848,PO006977,2026-02-09,ST008,MED030,36
GR006849,PO006978,2026-02-09,ST009,MED001,72
GR006850,PO006802,2026-02-09,ST009,MED014,48
GR006851,PO007146,2026-02-09,ST009,MED019,24
GR006852,PO007151,2026-02-09,ST010,MED009,60
GR006853,PO006811,2026-02-09,ST010,MED025,36
GR006854,PO007155,2026-02-09,ST011,MED002,66
GR006855,PO006814,2026-02-09,ST011,MED018,48
GR006856,PO006638,2026-02-09,ST011,MED024,72
GR006857,PO007164,2026-02-09,ST012,MED014,48
GR006858,PO006988,2026-02-09,ST012,MED015,72
GR006859,PO006817,2026-02-09,ST013,MED002,72
GR006860,PO006991,2026-02-09,ST013,MED017,72
GR006861,PO007173,2026-02-09,ST013,MED026,72
GR006862,PO006494,2026-02-09,ST014,MED008,24
GR006863,PO006654,2026-02-09,ST014,MED026,72
GR006864,PO007179,2026-02-09,ST015,MED009,60
GR006865,PO006658,2026-02-09,ST015,MED022,42
GR006866,PO006830,2026-02-09,ST016,MED001,72
GR006867,PO006831,2026-02-09,ST016,MED005,60
GR006868,PO006662,2026-02-09,ST016,MED008,24
GR006869,PO006996,2026-02-09,ST016,MED009,60
GR006870,PO006997,2026-02-09,ST016,MED017,72
GR006871,PO006666,2026-02-09,ST016,MED025,48
GR006872,PO007184,2026-02-09,ST016,MED029,72
GR006873,PO006668,2026-02-09,ST017,MED009,60
GR006874,PO007003,2026-02-09,ST017,MED015,96
GR006875,PO006670,2026-02-09,ST017,MED023,72
GR006876,PO006509,2026-02-09,ST018,MED015,72
GR006877,PO007013,2026-02-09,ST019,MED003,24
GR006878,PO006842,2026-02-09,ST019,MED007,24
GR006879,PO007192,2026-02-09,ST019,MED009,72
GR006880,PO007014,2026-02-09,ST019,MED010,24
GR006881,PO007015,2026-02-09,ST019,MED014,48
GR006882,PO006846,2026-02-09,ST019,MED023,60
GR006883,PO007017,2026-02-09,ST019,MED028,48
GR006884,PO007195,2026-02-09,ST020,MED003,24
GR006885,PO006852,2026-02-09,ST020,MED016,48
GR006886,PO006687,2026-02-09,ST020,MED017,72
GR006887,PO007021,2026-02-09,ST020,MED019,24
GR006888,PO007198,2026-02-09,ST020,MED025,36
GR006889,PO006689,2026-02-09,ST020,MED026,72
GR006890,PO007023,2026-02-09,ST021,MED009,60
GR006891,PO007202,2026-02-09,ST021,MED011,66
GR006892,PO007025,2026-02-09,ST021,MED015,72
GR006893,PO007026,2026-02-09,ST021,MED022,42
GR006894,PO006862,2026-02-09,ST022,MED004,48
GR006895,PO006864,2026-02-09,ST022,MED013,48
GR006896,PO006865,2026-02-09,ST022,MED025,36
GR006897,PO006866,2026-02-09,ST022,MED027,72
GR006898,PO006693,2026-02-09,ST023,MED013,48
GR006899,PO006868,2026-02-09,ST023,MED015,72
GR006900,PO006869,2026-02-09,ST023,MED016,48
GR006901,PO007210,2026-02-09,ST023,MED024,72
GR006902,PO006870,2026-02-09,ST023,MED025,36
GR006903,PO007032,2026-02-09,ST023,MED026,72
GR006904,PO006530,2026-02-09,ST024,MED002,66
GR006905,PO006531,2026-02-09,ST024,MED010,36
GR006906,PO006873,2026-02-09,ST024,MED021,54
GR006907,PO006701,2026-02-09,ST024,MED026,72
GR006908,PO007034,2026-02-09,ST024,MED028,48
GR006909,PO006703,2026-02-09,ST025,MED003,24
GR006910,PO006875,2026-02-09,ST025,MED004,48
GR006911,PO007217,2026-02-09,ST025,MED019,24
GR006912,PO007038,2026-02-09,ST025,MED023,60
GR006913,PO006881,2026-02-09,ST026,MED010,24
GR006914,PO006882,2026-02-09,ST026,MED013,48
GR006915,PO006884,2026-02-09,ST026,MED018,48
GR006916,PO006709,2026-02-09,ST026,MED020,48
GR006917,PO007045,2026-02-09,ST026,MED026,72
GR006918,PO006885,2026-02-09,ST026,MED028,48
GR006919,PO007047,2026-02-09,ST027,MED006,60
GR006920,PO006716,2026-02-09,ST027,MED012,60
GR006921,PO007049,2026-02-09,ST027,MED015,72
GR006922,PO007050,2026-02-09,ST027,MED018,48
GR006923,PO007052,2026-02-09,ST027,MED022,42
GR006924,PO006401,2026-02-09,ST028,MED015,72
GR006925,PO007230,2026-02-09,ST028,MED016,48
GR006926,PO007056,2026-02-09,ST028,MED027,72
GR006927,PO007059,2026-02-09,ST029,MED010,36
GR006928,PO006720,2026-02-09,ST029,MED013,48
GR006929,PO006722,2026-02-09,ST029,MED022,42
GR006930,PO007235,2026-02-09,ST030,MED001,72
GR006931,PO007236,2026-02-09,ST030,MED002,60
GR006932,PO006725,2026-02-09,ST030,MED005,72
GR006933,PO007239,2026-02-09,ST030,MED020,48
GR006934,PO006559,2026-02-09,ST030,MED030,36
GR006935,PO006896,2026-02-09,ST031,MED004,60
GR006936,PO007067,2026-02-09,ST031,MED005,60
GR006937,PO006408,2026-02-09,ST031,MED008,24
GR006938,PO007242,2026-02-09,ST031,MED010,36
GR006939,PO006898,2026-02-09,ST031,MED011,60
GR006940,PO006731,2026-02-09,ST031,MED027,72
GR006941,PO006903,2026-02-09,ST031,MED029,72
GR006942,PO007073,2026-02-09,ST032,MED023,72
GR006943,PO007074,2026-02-09,ST032,MED028,48
GR006944,PO006740,2026-02-09,ST032,MED029,48
GR006945,PO007076,2026-02-09,ST033,MED011,60
GR006946,PO006907,2026-02-09,ST033,MED023,60
GR006947,PO006570,2026-02-09,ST033,MED026,72
GR006948,PO007255,2026-02-09,ST033,MED028,48
GR006949,PO006908,2026-02-09,ST034,MED002,72
GR006950,PO007077,2026-02-09,ST034,MED004,48
GR006951,PO006909,2026-02-09,ST034,MED009,72
GR006952,PO006910,2026-02-09,ST034,MED010,36
GR006953,PO006913,2026-02-09,ST034,MED023,72
GR006954,PO006917,2026-02-09,ST035,MED025,36
GR006955,PO007086,2026-02-09,ST036,MED014,48
GR006956,PO007265,2026-02-09,ST036,MED017,72
GR006957,PO007087,2026-02-09,ST036,MED019,24
GR006958,PO006427,2026-02-09,ST036,MED028,48
GR006959,PO006924,2026-02-09,ST037,MED003,24
GR006960,PO007270,2026-02-09,ST037,MED009,72
GR006961,PO006926,2026-02-09,ST037,MED018,48
GR006962,PO006245,2026-02-09,ST037,MED019,24
GR006963,PO006760,2026-02-09,ST037,MED021,60
GR006964,PO007274,2026-02-09,ST038,MED002,66
GR006965,PO006928,2026-02-09,ST038,MED005,60
GR006966,PO007276,2026-02-09,ST038,MED006,60
GR006967,PO006929,2026-02-09,ST038,MED014,48
GR006968,PO006433,2026-02-09,ST038,MED015,72
GR006969,PO006763,2026-02-09,ST038,MED020,48
GR006970,PO006766,2026-02-09,ST038,MED030,30
GR006971,PO007283,2026-02-09,ST039,MED002,66
GR006972,PO007092,2026-02-09,ST039,MED008,24
GR006973,PO007094,2026-02-09,ST039,MED011,66
GR006974,PO007285,2026-02-09,ST039,MED018,48
GR006975,PO007096,2026-02-09,ST039,MED022,42
GR006976,PO006769,2026-02-09,ST039,MED023,60
GR006977,PO007286,2026-02-09,ST039,MED027,72
GR006978,PO006770,2026-02-09,ST040,MED010,24
GR006979,PO007289,2026-02-09,ST040,MED011,66
GR006980,PO007100,2026-02-09,ST040,MED015,72
GR006981,PO006771,2026-02-09,ST040,MED016,48
GR006982,PO006773,2026-02-09,ST040,MED021,60
GR006983,PO006774,2026-02-09,ST040,MED025,48
GR006984,PO006939,2026-02-09,ST040,MED030,36
GR006985,PO006775,2026-02-10,ST001,MED003,24
GR006986,PO007103,2026-02-10,ST001,MED007,24
GR006987,PO006941,2026-02-10,ST001,MED009,60
GR006988,PO007291,2026-02-10,ST001,MED015,72
GR006989,PO007294,2026-02-10,ST001,MED024,72
GR006990,PO007108,2026-02-10,ST001,MED029,72
GR006991,PO007298,2026-02-10,ST002,MED015,96
GR006992,PO007299,2026-02-10,ST002,MED022,42
GR006993,PO006779,2026-02-10,ST002,MED027,84
GR006994,PO006780,2026-02-10,ST002,MED029,48
GR006995,PO007301,2026-02-10,ST003,MED002,66
GR006996,PO006783,2026-02-10,ST003,MED016,48
GR006997,PO007305,2026-02-10,ST003,MED024,72
GR006998,PO007313,2026-02-10,ST004,MED015,72
GR006999,PO007316,2026-02-10,ST004,MED030,36
GR007000,PO007317,2026-02-10,ST005,MED001,72
GR007001,PO006952,2026-02-10,ST005,MED008,24
GR007002,PO006786,2026-02-10,ST005,MED009,60
GR007003,PO007320,2026-02-10,ST005,MED017,72
GR007004,PO007321,2026-02-10,ST005,MED020,48
GR007005,PO006957,2026-02-10,ST006,MED001,72
GR007006,PO007323,2026-02-10,ST006,MED002,66
GR007007,PO006793,2026-02-10,ST006,MED010,24
GR007008,PO006964,2026-02-10,ST006,MED023,72
GR007009,PO007327,2026-02-10,ST007,MED001,72
GR007010,PO006970,2026-02-10,ST007,MED010,24
GR007011,PO006795,2026-02-10,ST007,MED016,48
GR007012,PO007331,2026-02-10,ST007,MED029,72
GR007013,PO007142,2026-02-10,ST008,MED005,60
GR007014,PO007333,2026-02-10,ST008,MED012,60
GR007015,PO007143,2026-02-10,ST008,MED021,60
GR007016,PO006799,2026-02-10,ST008,MED022,42
GR007017,PO007144,2026-02-10,ST008,MED027,72
GR007018,PO007334,2026-02-10,ST008,MED029,48
GR007019,PO007145,2026-02-10,ST009,MED009,60
GR007020,PO006801,2026-02-10,ST009,MED013,48
GR007021,PO006803,2026-02-10,ST009,MED017,60
GR007022,PO007339,2026-02-10,ST009,MED020,48
GR007023,PO007340,2026-02-10,ST009,MED023,72
GR007024,PO006806,2026-02-10,ST009,MED024,84
GR007025,PO006807,2026-02-10,ST009,MED025,36
GR007026,PO006809,2026-02-10,ST010,MED001,72
GR007027,PO006982,2026-02-10,ST010,MED020,48
GR007028,PO006986,2026-02-10,ST011,MED012,60
GR007029,PO006813,2026-02-10,ST011,MED015,72
GR007030,PO007158,2026-02-10,ST011,MED017,72
GR007031,PO007160,2026-02-10,ST011,MED026,72
GR007032,PO007352,2026-02-10,ST011,MED030,30
GR007033,PO007355,2026-02-10,ST012,MED006,72
GR007034,PO007356,2026-02-10,ST012,MED007,24
GR007035,PO006815,2026-02-10,ST012,MED009,60
GR007036,PO007165,2026-02-10,ST012,MED016,48
GR007037,PO007363,2026-02-10,ST013,MED001,72
GR007038,PO007364,2026-02-10,ST013,MED004,60
GR007039,PO007170,2026-02-10,ST013,MED006,60
GR007040,PO006989,2026-02-10,ST013,MED011,66
GR007041,PO006821,2026-02-10,ST013,MED019,24
GR007042,PO006823,2026-02-10,ST013,MED023,72
GR007043,PO006647,2026-02-10,ST013,MED024,72
GR007044,PO007174,2026-02-10,ST013,MED027,72
GR007045,PO006824,2026-02-10,ST013,MED029,72
GR007046,PO007176,2026-02-10,ST014,MED011,66
GR007047,PO007369,2026-02-10,ST014,MED017,60
GR007048,PO007177,2026-02-10,ST014,MED019,24
GR007049,PO007371,2026-02-10,ST014,MED023,60
GR007050,PO006827,2026-02-10,ST015,MED002,60
GR007051,PO006993,2026-02-10,ST015,MED004,48
GR007052,PO007375,2026-02-10,ST015,MED014,48
GR007053,PO007376,2026-02-10,ST015,MED016,48
GR007054,PO006994,2026-02-10,ST015,MED023,60
GR007055,PO006998,2026-02-10,ST016,MED024,72
GR007056,PO006836,2026-02-10,ST017,MED001,72
GR007057,PO007385,2026-02-10,ST017,MED003,24
GR007058,PO007388,2026-02-10,ST017,MED010,24
GR007059,PO007005,2026-02-10,ST017,MED021,60
GR007060,PO007009,2026-02-10,ST018,MED004,48
GR007061,PO006840,2026-02-10,ST018,MED005,72
GR007062,PO007187,2026-02-10,ST018,MED011,72
GR007063,PO007191,2026-02-10,ST019,MED008,24
GR007064,PO006359,2026-02-10,ST019,MED016,48
GR007065,PO006843,2026-02-10,ST019,MED017,72
GR007066,PO006844,2026-02-10,ST019,MED019,24
GR007067,PO006847,2026-02-10,ST019,MED025,48
GR007068,PO007018,2026-02-10,ST020,MED002,60
GR007069,PO007402,2026-02-10,ST020,MED005,72
GR007070,PO006850,2026-02-10,ST020,MED012,60
GR007071,PO007022,2026-02-10,ST020,MED021,54
GR007072,PO006853,2026-02-10,ST020,MED024,72
GR007073,PO007199,2026-02-10,ST020,MED027,72
GR007074,PO007200,2026-02-10,ST020,MED029,48
GR007075,PO006854,2026-02-10,ST021,MED001,72
GR007076,PO007024,2026-02-10,ST021,MED010,24
GR007077,PO006365,2026-02-10,ST021,MED017,60
GR007078,PO007410,2026-02-10,ST021,MED020,48
GR007079,PO006860,2026-02-10,ST021,MED026,72
GR007080,PO006863,2026-02-10,ST022,MED005,72
GR007081,PO007414,2026-02-10,ST022,MED006,60
GR007082,PO007207,2026-02-10,ST022,MED030,30
GR007083,PO007422,2026-02-10,ST023,MED005,72
GR007084,PO007423,2026-02-10,ST023,MED006,60
GR007085,PO007424,2026-02-10,ST023,MED017,60
GR007086,PO007031,2026-02-10,ST023,MED019,24
GR007087,PO007429,2026-02-10,ST024,MED015,72
GR007088,PO007430,2026-02-10,ST024,MED016,48
GR007089,PO006876,2026-02-10,ST025,MED005,84
GR007090,PO006878,2026-02-10,ST025,MED011,60
GR007091,PO007036,2026-02-10,ST025,MED012,60
GR007092,PO006879,2026-02-10,ST025,MED017,72
GR007093,PO006539,2026-02-10,ST025,MED021,60
GR007094,PO007435,2026-02-10,ST025,MED022,42
GR007095,PO007437,2026-02-10,ST025,MED027,72
GR007096,PO007218,2026-02-10,ST026,MED002,72
GR007097,PO006705,2026-02-10,ST026,MED004,60
GR007098,PO007042,2026-02-10,ST026,MED012,60
GR007099,PO006708,2026-02-10,ST026,MED017,72
GR007100,PO007221,2026-02-10,ST026,MED027,72
GR007101,PO007439,2026-02-10,ST027,MED010,36
GR007102,PO007224,2026-02-10,ST027,MED023,60
GR007103,PO007225,2026-02-10,ST027,MED024,84
GR007104,PO007444,2026-02-10,ST028,MED005,60
GR007105,PO007445,2026-02-10,ST028,MED006,60
GR007106,PO006890,2026-02-10,ST028,MED013,48
GR007107,PO007055,2026-02-10,ST028,MED022,42
GR007108,PO006402,2026-02-10,ST028,MED024,72
GR007109,PO006892,2026-02-10,ST029,MED020,48
GR007110,PO007234,2026-02-10,ST029,MED026,72
GR007111,PO006555,2026-02-10,ST030,MED010,24
GR007112,PO007455,2026-02-10,ST030,MED029,72
GR007113,PO006897,2026-02-10,ST031,MED007,24
GR007114,PO007068,2026-02-10,ST031,MED009,60
GR007115,PO006899,2026-02-10,ST031,MED012,60
GR007116,PO007243,2026-02-10,ST031,MED016,48
GR007117,PO006901,2026-02-10,ST031,MED022,42
GR007118,PO007069,2026-02-10,ST032,MED001,72
GR007119,PO007458,2026-02-10,ST032,MED003,24
GR007120,PO007245,2026-02-10,ST032,MED008,24
GR007121,PO006566,2026-02-10,ST032,MED016,48
GR007122,PO006738,2026-02-10,ST032,MED025,36
GR007123,PO007075,2026-02-10,ST033,MED002,72
GR007124,PO007252,2026-02-10,ST033,MED012,72
GR007125,PO007253,2026-02-10,ST033,MED014,48
GR007126,PO006911,2026-02-10,ST034,MED014,48
GR007127,PO007258,2026-02-10,ST034,MED015,72
GR007128,PO007078,2026-02-10,ST034,MED016,48
GR007129,PO006912,2026-02-10,ST034,MED017,72
GR007130,PO006419,2026-02-10,ST034,MED019,24
GR007131,PO006754,2026-02-10,ST034,MED022,42
GR007132,PO007260,2026-02-10,ST034,MED024,84
GR007133,PO006914,2026-02-10,ST034,MED026,72
GR007134,PO007469,2026-02-10,ST035,MED010,24
GR007135,PO007470,2026-02-10,ST035,MED016,48
GR007136,PO006915,2026-02-10,ST035,MED020,48
GR007137,PO006918,2026-02-10,ST035,MED026,72
GR007138,PO006919,2026-02-10,ST036,MED004,48
GR007139,PO006920,2026-02-10,ST036,MED010,24
GR007140,PO006425,2026-02-10,ST036,MED023,72
GR007141,PO007267,2026-02-10,ST036,MED027,72
GR007142,PO007476,2026-02-10,ST036,MED030,30
GR007143,PO006923,2026-02-10,ST037,MED001,72
GR007144,PO007271,2026-02-10,ST037,MED016,48
GR007145,PO007272,2026-02-10,ST037,MED020,48
GR007146,PO007482,2026-02-10,ST038,MED007,24
GR007147,PO007280,2026-02-10,ST038,MED026,72
GR007148,PO007091,2026-02-10,ST039,MED006,60
GR007149,PO007491,2026-02-10,ST039,MED009,60
GR007150,PO007093,2026-02-10,ST039,MED010,24
GR007151,PO007492,2026-02-10,ST039,MED015,72
GR007152,PO006933,2026-02-10,ST039,MED026,72
GR007153,PO007494,2026-02-10,ST040,MED003,24
GR007154,PO007288,2026-02-10,ST040,MED005,72
GR007155,PO006936,2026-02-10,ST040,MED017,60
GR007156,PO006937,2026-02-10,ST040,MED019,24
GR007157,PO007499,2026-02-10,ST040,MED022,48
GR007158,PO006938,2026-02-10,ST040,MED023,60
GR007159,PO006942,2026-02-11,ST001,MED011,66
GR007160,PO006943,2026-02-11,ST001,MED012,60
GR007161,PO006944,2026-02-11,ST001,MED017,72
GR007162,PO007106,2026-02-11,ST001,MED025,36
GR007163,PO007112,2026-02-11,ST002,MED006,60
GR007164,PO007297,2026-02-11,ST002,MED011,60
GR007165,PO006450,2026-02-11,ST002,MED023,60
GR007166,PO007300,2026-02-11,ST002,MED026,72
GR007167,PO006947,2026-02-11,ST003,MED012,60
GR007168,PO007118,2026-02-11,ST003,MED015,72
GR007169,PO007119,2026-02-11,ST003,MED021,66
GR007170,PO007307,2026-02-11,ST003,MED030,30
GR007171,PO007122,2026-02-11,ST004,MED001,72
GR007172,PO007123,2026-02-11,ST004,MED016,48
GR007173,PO006784,2026-02-11,ST004,MED021,60
GR007174,PO007127,2026-02-11,ST004,MED029,72
GR007175,PO007517,2026-02-11,ST005,MED002,72
GR007176,PO006953,2026-02-11,ST005,MED011,66
GR007177,PO006954,2026-02-11,ST005,MED024,72
GR007178,PO007133,2026-02-11,ST005,MED026,72
GR007179,PO006956,2026-02-11,ST005,MED030,30
GR007180,PO007134,2026-02-11,ST006,MED003,24
GR007181,PO007324,2026-02-11,ST006,MED006,60
GR007182,PO006963,2026-02-11,ST006,MED022,36
GR007183,PO006967,2026-02-11,ST006,MED026,72
GR007184,PO007520,2026-02-11,ST007,MED003,24
GR007185,PO007328,2026-02-11,ST007,MED004,48
GR007186,PO007140,2026-02-11,ST007,MED009,60
GR007187,PO007329,2026-02-11,ST007,MED012,60
GR007188,PO006971,2026-02-11,ST007,MED017,60
GR007189,PO006975,2026-02-11,ST008,MED019,24
GR007190,PO007528,2026-02-11,ST008,MED028,48
GR007191,PO007336,2026-02-11,ST009,MED004,60
GR007192,PO007530,2026-02-11,ST009,MED006,60
GR007193,PO007341,2026-02-11,ST009,MED028,48
GR007194,PO006808,2026-02-11,ST009,MED030,30
GR007195,PO007534,2026-02-11,ST010,MED007,24
GR007196,PO007343,2026-02-11,ST010,MED008,24
GR007197,PO006979,2026-02-11,ST010,MED012,60
GR007198,PO007344,2026-02-11,ST010,MED013,48
GR007199,PO006980,2026-02-11,ST010,MED017,72
GR007200,PO007153,2026-02-11,ST010,MED022,54
GR007201,PO007347,2026-02-11,ST010,MED026,72
GR007202,PO007536,2026-02-11,ST010,MED027,72
GR007203,PO007154,2026-02-11,ST010,MED029,72
GR007204,PO006984,2026-02-11,ST011,MED008,24
GR007205,PO006637,2026-02-11,ST011,MED014,48
GR007206,PO007539,2026-02-11,ST011,MED016,48
GR007207,PO007159,2026-02-11,ST011,MED019,24
GR007208,PO007353,2026-02-11,ST012,MED001,72
GR007209,PO007161,2026-02-11,ST012,MED005,84
GR007210,PO007162,2026-02-11,ST012,MED008,24
GR007211,PO007163,2026-02-11,ST012,MED012,72
GR007212,PO006641,2026-02-11,ST012,MED018,48
GR007213,PO007543,2026-02-11,ST012,MED019,24
GR007214,PO007361,2026-02-11,ST012,MED022,42
GR007215,PO007167,2026-02-11,ST012,MED024,84
GR007216,PO007362,2026-02-11,ST012,MED027,72
GR007217,PO007169,2026-02-11,ST012,MED030,30
GR007218,PO007365,2026-02-11,ST013,MED007,24
GR007219,PO006819,2026-02-11,ST013,MED009,60
GR007220,PO006820,2026-02-11,ST013,MED010,36
GR007221,PO007366,2026-02-11,ST013,MED014,48
GR007222,PO007172,2026-02-11,ST013,MED015,96
GR007223,PO006990,2026-02-11,ST013,MED016,48
GR007224,PO007175,2026-02-11,ST013,MED028,48
GR007225,PO007553,2026-02-11,ST014,MED025,36
GR007226,PO007178,2026-02-11,ST015,MED003,24
GR007227,PO007180,2026-02-11,ST015,MED025,36
GR007228,PO007378,2026-02-11,ST015,MED026,72
GR007229,PO006995,2026-02-11,ST016,MED002,60
GR007230,PO007382,2026-02-11,ST016,MED014,48
GR007231,PO007384,2026-02-11,ST016,MED020,48
GR007232,PO007557,2026-02-11,ST016,MED021,60
GR007233,PO007183,2026-02-11,ST016,MED023,60
GR007234,PO007185,2026-02-11,ST017,MED007,24
GR007235,PO007006,2026-02-11,ST017,MED024,72
GR007236,PO007186,2026-02-11,ST017,MED028,48
GR007237,PO007391,2026-02-11,ST018,MED009,60
GR007238,PO006673,2026-02-11,ST018,MED012,60
GR007239,PO007010,2026-02-11,ST018,MED016,48
GR007240,PO007012,2026-02-11,ST018,MED019,24
GR007241,PO007188,2026-02-11,ST018,MED020,48
GR007242,PO007393,2026-02-11,ST018,MED023,72
GR007243,PO007573,2026-02-11,ST018,MED030,30
GR007244,PO007574,2026-02-11,ST019,MED002,66
GR007245,PO007016,2026-02-11,ST019,MED015,72
GR007246,PO007399,2026-02-11,ST019,MED022,42
GR007247,PO006682,2026-02-11,ST019,MED024,72
GR007248,PO007401,2026-02-11,ST020,MED001,72
GR007249,PO006848,2026-02-11,ST020,MED004,48
GR007250,PO007019,2026-02-11,ST020,MED011,60
GR007251,PO007020,2026-02-11,ST020,MED013,36
GR007252,PO007580,2026-02-11,ST020,MED020,48
GR007253,PO006856,2026-02-11,ST021,MED004,48
GR007254,PO007583,2026-02-11,ST021,MED018,48
GR007255,PO007203,2026-02-11,ST021,MED019,24
GR007256,PO007584,2026-02-11,ST021,MED028,48
GR007257,PO007204,2026-02-11,ST022,MED009,60
GR007258,PO007415,2026-02-11,ST022,MED010,24
GR007259,PO007205,2026-02-11,ST022,MED012,60
GR007260,PO007417,2026-02-11,ST022,MED016,48
GR007261,PO007028,2026-02-11,ST022,MED017,72
GR007262,PO007588,2026-02-11,ST022,MED020,48
GR007263,PO007206,2026-02-11,ST022,MED021,54
GR007264,PO007029,2026-02-11,ST022,MED029,48
GR007265,PO007421,2026-02-11,ST023,MED004,48
GR007266,PO007591,2026-02-11,ST023,MED027,72
GR007267,PO007213,2026-02-11,ST024,MED004,48
GR007268,PO007594,2026-02-11,ST024,MED022,42
GR007269,PO007597,2026-02-11,ST024,MED030,30
GR007270,PO007215,2026-02-11,ST025,MED006,60
GR007271,PO007432,2026-02-11,ST025,MED013,48
GR007272,PO007433,2026-02-11,ST025,MED015,72
GR007273,PO007434,2026-02-11,ST025,MED018,48
GR007274,PO007037,2026-02-11,ST025,MED020,48
GR007275,PO007436,2026-02-11,ST025,MED024,72
GR007276,PO007600,2026-02-11,ST025,MED026,72
GR007277,PO007219,2026-02-11,ST026,MED005,72
GR007278,PO007044,2026-02-11,ST026,MED025,36
GR007279,PO006712,2026-02-11,ST026,MED029,72
GR007280,PO007607,2026-02-11,ST027,MED001,72
GR007281,PO007222,2026-02-11,ST027,MED003,24
GR007282,PO007613,2026-02-11,ST027,MED014,48
GR007283,PO007051,2026-02-11,ST027,MED019,24
GR007284,PO007226,2026-02-11,ST027,MED028,48
GR007285,PO007616,2026-02-11,ST028,MED002,66
GR007286,PO007446,2026-02-11,ST028,MED011,60
GR007287,PO007053,2026-02-11,ST028,MED017,72
GR007288,PO007054,2026-02-11,ST028,MED020,48
GR007289,PO007619,2026-02-11,ST028,MED029,72
GR007290,PO007448,2026-02-11,ST029,MED001,72
GR007291,PO007449,2026-02-11,ST029,MED004,48
GR007292,PO007060,2026-02-11,ST029,MED015,72
GR007293,PO007231,2026-02-11,ST029,MED018,48
GR007294,PO007233,2026-02-11,ST029,MED021,54
GR007295,PO007062,2026-02-11,ST030,MED012,60
GR007296,PO007237,2026-02-11,ST030,MED013,48
GR007297,PO007238,2026-02-11,ST030,MED018,48
GR007298,PO007240,2026-02-11,ST030,MED025,36
GR007299,PO007631,2026-02-11,ST031,MED017,60
GR007300,PO007456,2026-02-11,ST031,MED021,54
GR007301,PO007244,2026-02-11,ST031,MED025,48
GR007302,PO007634,2026-02-11,ST032,MED002,60
GR007303,PO007070,2026-02-11,ST032,MED004,60
GR007304,PO007635,2026-02-11,ST032,MED006,60
GR007305,PO007246,2026-02-11,ST032,MED009,60
GR007306,PO007247,2026-02-11,ST032,MED015,96
GR007307,PO007072,2026-02-11,ST032,MED021,60
GR007308,PO007250,2026-02-11,ST033,MED004,48
GR007309,PO007251,2026-02-11,ST033,MED009,60
GR007310,PO007461,2026-02-11,ST033,MED015,72
GR007311,PO007254,2026-02-11,ST033,MED020,48
GR007312,PO007644,2026-02-11,ST033,MED022,42
GR007313,PO007463,2026-02-11,ST033,MED025,36
GR007314,PO007465,2026-02-11,ST034,MED007,24
GR007315,PO007256,2026-02-11,ST034,MED012,72
GR007316,PO007257,2026-02-11,ST034,MED013,36
GR007317,PO007652,2026-02-11,ST034,MED025,36
GR007318,PO007261,2026-02-11,ST034,MED027,72
GR007319,PO007653,2026-02-11,ST034,MED028,48
GR007320,PO007080,2026-02-11,ST034,MED030,30
GR007321,PO007467,2026-02-11,ST035,MED005,60
GR007322,PO006574,2026-02-11,ST035,MED011,60
GR007323,PO007472,2026-02-11,ST035,MED021,54
GR007324,PO007473,2026-02-11,ST036,MED002,60
GR007325,PO007084,2026-02-11,ST036,MED005,72
GR007326,PO007474,2026-02-11,ST036,MED018,48
GR007327,PO007266,2026-02-11,ST036,MED021,54
GR007328,PO007475,2026-02-11,ST036,MED022,42
GR007329,PO007268,2026-02-11,ST037,MED005,60
GR007330,PO007269,2026-02-11,ST037,MED006,60
GR007331,PO007478,2026-02-11,ST037,MED010,24
GR007332,PO007479,2026-02-11,ST037,MED012,60
GR007333,PO007273,2026-02-11,ST037,MED026,72
GR007334,PO007277,2026-02-11,ST038,MED013,48
GR007335,PO007279,2026-02-11,ST038,MED024,84
GR007336,PO007668,2026-02-11,ST038,MED027,72
GR007337,PO007281,2026-02-11,ST038,MED028,48
GR007338,PO007669,2026-02-11,ST039,MED013,48
GR007339,PO007284,2026-02-11,ST039,MED014,48
GR007340,PO007670,2026-02-11,ST039,MED017,72
GR007341,PO007672,2026-02-11,ST039,MED029,48
GR007342,PO007493,2026-02-11,ST039,MED030,30
GR007343,PO007290,2026-02-11,ST040,MED028,48
GR007344,PO007674,2026-02-12,ST001,MED004,48
GR007345,PO007105,2026-02-12,ST001,MED022,42
GR007346,PO007107,2026-02-12,ST001,MED028,48
GR007347,PO007109,2026-02-12,ST001,MED030,30
GR007348,PO007110,2026-02-12,ST002,MED001,72
GR007349,PO007111,2026-02-12,ST002,MED004,48
GR007350,PO007505,2026-02-12,ST002,MED020,48
GR007351,PO007115,2026-02-12,ST002,MED028,48
GR007352,PO007678,2026-02-12,ST002,MED030,30
GR007353,PO007117,2026-02-12,ST003,MED010,24
GR007354,PO007303,2026-02-12,ST003,MED017,72
GR007355,PO007510,2026-02-12,ST003,MED019,24
GR007356,PO007120,2026-02-12,ST003,MED025,36
GR007357,PO007121,2026-02-12,ST003,MED027,72
GR007358,PO007512,2026-02-12,ST004,MED005,60
GR007359,PO006613,2026-02-12,ST004,MED008,24
GR007360,PO007310,2026-02-12,ST004,MED010,24
GR007361,PO007311,2026-02-12,ST004,MED013,48
GR007362,PO007314,2026-02-12,ST004,MED022,42
GR007363,PO007128,2026-02-12,ST005,MED003,24
GR007364,PO007685,2026-02-12,ST005,MED009,60
GR007365,PO007686,2026-02-12,ST005,MED012,72
GR007366,PO007130,2026-02-12,ST005,MED015,72
GR007367,PO007131,2026-02-12,ST005,MED021,66
GR007368,PO007689,2026-02-12,ST006,MED007,24
GR007369,PO007137,2026-02-12,ST006,MED016,48
GR007370,PO007326,2026-02-12,ST006,MED030,36
GR007371,PO007695,2026-02-12,ST007,MED014,48
GR007372,PO007523,2026-02-12,ST007,MED021,54
GR007373,PO007141,2026-02-12,ST007,MED025,36
GR007374,PO007700,2026-02-12,ST008,MED002,60
GR007375,PO007332,2026-02-12,ST008,MED004,48
GR007376,PO007526,2026-02-12,ST008,MED013,48
GR007377,PO007703,2026-02-12,ST008,MED023,72
GR007378,PO006976,2026-02-12,ST008,MED024,72
GR007379,PO007335,2026-02-12,ST009,MED002,66
GR007380,PO007529,2026-02-12,ST009,MED005,72
GR007381,PO007705,2026-02-12,ST009,MED010,24
GR007382,PO007337,2026-02-12,ST009,MED012,72
GR007383,PO007338,2026-02-12,ST009,MED015,72
GR007384,PO007531,2026-02-12,ST009,MED018,48
GR007385,PO006804,2026-02-12,ST009,MED021,54
GR007386,PO007342,2026-02-12,ST009,MED029,72
GR007387,PO007148,2026-02-12,ST010,MED002,60
GR007388,PO007709,2026-02-12,ST010,MED004,48
GR007389,PO007535,2026-02-12,ST010,MED011,66
GR007390,PO007152,2026-02-12,ST010,MED015,72
GR007391,PO007346,2026-02-12,ST010,MED021,60
GR007392,PO007157,2026-02-12,ST011,MED009,60
GR007393,PO007540,2026-02-12,ST011,MED021,60
GR007394,PO007350,2026-02-12,ST011,MED022,48
GR007395,PO007354,2026-02-12,ST012,MED004,48
GR007396,PO007357,2026-02-12,ST012,MED010,24
GR007397,PO007358,2026-02-12,ST012,MED011,66
GR007398,PO007359,2026-02-12,ST012,MED013,48
GR007399,PO007166,2026-02-12,ST012,MED017,72
GR007400,PO007168,2026-02-12,ST012,MED029,48
GR007401,PO007719,2026-02-12,ST013,MED003,24
GR007402,PO007546,2026-02-12,ST013,MED005,72
GR007403,PO007367,2026-02-12,ST013,MED018,48
GR007404,PO007548,2026-02-12,ST013,MED021,60
GR007405,PO007551,2026-02-12,ST013,MED030,30
GR007406,PO007552,2026-02-12,ST014,MED006,72
GR007407,PO007370,2026-02-12,ST014,MED020,48
GR007408,PO007372,2026-02-12,ST014,MED030,30
GR007409,PO007554,2026-02-12,ST015,MED005,72
GR007410,PO007555,2026-02-12,ST015,MED020,48
GR007411,PO007726,2026-02-12,ST015,MED021,54
GR007412,PO007377,2026-02-12,ST015,MED024,72
GR007413,PO007727,2026-02-12,ST015,MED028,48
GR007414,PO007182,2026-02-12,ST016,MED007,24
GR007415,PO007381,2026-02-12,ST016,MED012,60
GR007416,PO007556,2026-02-12,ST016,MED015,72
GR007417,PO007731,2026-02-12,ST017,MED005,60
GR007418,PO007387,2026-02-12,ST017,MED006,60
GR007419,PO007733,2026-02-12,ST017,MED009,60
GR007420,PO007389,2026-02-12,ST017,MED025,36
GR007421,PO007737,2026-02-12,ST017,MED027,72
GR007422,PO007390,2026-02-12,ST018,MED001,72
GR007423,PO007565,2026-02-12,ST018,MED006,60
GR007424,PO007392,2026-02-12,ST018,MED013,36
GR007425,PO007568,2026-02-12,ST018,MED014,48
GR007426,PO007570,2026-02-12,ST018,MED022,42
GR007427,PO007394,2026-02-12,ST018,MED027,72
GR007428,PO007189,2026-02-12,ST018,MED028,48
GR007429,PO007190,2026-02-12,ST018,MED029,72
GR007430,PO007396,2026-02-12,ST019,MED004,48
GR007431,PO006680,2026-02-12,ST019,MED005,60
GR007432,PO007397,2026-02-12,ST019,MED012,60
GR007433,PO007576,2026-02-12,ST019,MED013,36
GR007434,PO007193,2026-02-12,ST019,MED018,48
GR007435,PO007577,2026-02-12,ST019,MED026,72
GR007436,PO007194,2026-02-12,ST019,MED029,72
GR007437,PO007196,2026-02-12,ST020,MED008,24
GR007438,PO007579,2026-02-12,ST020,MED009,60
GR007439,PO007744,2026-02-12,ST020,MED010,36
GR007440,PO007403,2026-02-12,ST020,MED014,48
GR007441,PO007405,2026-02-12,ST020,MED023,60
GR007442,PO007201,2026-02-12,ST020,MED030,36
GR007443,PO007585,2026-02-12,ST022,MED001,72
GR007444,PO007587,2026-02-12,ST022,MED018,48
GR007445,PO007208,2026-02-12,ST023,MED010,24
GR007446,PO007592,2026-02-12,ST024,MED001,72
GR007447,PO007427,2026-02-12,ST024,MED005,72
GR007448,PO007762,2026-02-12,ST024,MED008,24
GR007449,PO007428,2026-02-12,ST024,MED012,60
GR007450,PO007214,2026-02-12,ST024,MED013,48
GR007451,PO007763,2026-02-12,ST024,MED017,72
GR007452,PO007769,2026-02-12,ST025,MED008,24
GR007453,PO007216,2026-02-12,ST025,MED016,48
GR007454,PO007599,2026-02-12,ST025,MED025,36
GR007455,PO007602,2026-02-12,ST026,MED003,24
GR007456,PO007220,2026-02-12,ST026,MED007,24
GR007457,PO007604,2026-02-12,ST026,MED011,60
GR007458,PO007773,2026-02-12,ST026,MED015,96
GR007459,PO007605,2026-02-12,ST026,MED022,48
GR007460,PO007606,2026-02-12,ST026,MED023,72
GR007461,PO007609,2026-02-12,ST027,MED004,48
GR007462,PO007610,2026-02-12,ST027,MED005,60
GR007463,PO007778,2026-02-12,ST027,MED015,72
GR007464,PO007615,2026-02-12,ST027,MED026,72
GR007465,PO007443,2026-02-12,ST027,MED029,72
GR007466,PO007227,2026-02-12,ST027,MED030,36
GR007467,PO007229,2026-02-12,ST028,MED012,60
GR007468,PO007447,2026-02-12,ST028,MED021,54
GR007469,PO007617,2026-02-12,ST028,MED023,60
GR007470,PO007620,2026-02-12,ST028,MED030,30
GR007471,PO007057,2026-02-12,ST029,MED002,66
GR007472,PO007450,2026-02-12,ST029,MED014,48
GR007473,PO006893,2026-02-12,ST029,MED025,36
GR007474,PO007785,2026-02-12,ST029,MED030,30
GR007475,PO007788,2026-02-12,ST030,MED006,60
GR007476,PO007452,2026-02-12,ST030,MED007,24
GR007477,PO007626,2026-02-12,ST030,MED015,72
GR007478,PO007627,2026-02-12,ST030,MED017,60
GR007479,PO007454,2026-02-12,ST030,MED019,24
GR007480,PO007241,2026-02-12,ST030,MED027,72
GR007481,PO007790,2026-02-12,ST031,MED013,48
GR007482,PO007633,2026-02-12,ST031,MED026,72
GR007483,PO007793,2026-02-12,ST032,MED012,60
GR007484,PO007248,2026-02-12,ST032,MED020,48
GR007485,PO007797,2026-02-12,ST032,MED030,30
GR007486,PO007459,2026-02-12,ST033,MED003,24
GR007487,PO007462,2026-02-12,ST033,MED016,48
GR007488,PO007641,2026-02-12,ST033,MED018,48
GR007489,PO007643,2026-02-12,ST033,MED021,66
GR007490,PO007648,2026-02-12,ST034,MED001,72
GR007491,PO007649,2026-02-12,ST034,MED003,24
GR007492,PO007804,2026-02-12,ST034,MED006,60
GR007493,PO007259,2026-02-12,ST034,MED021,72
GR007494,PO007466,2026-02-12,ST034,MED029,72
GR007495,PO007262,2026-02-12,ST035,MED002,60
GR007496,PO007468,2026-02-12,ST035,MED009,60
GR007497,PO007263,2026-02-12,ST035,MED024,72
GR007498,PO007264,2026-02-12,ST035,MED030,30
GR007499,PO007083,2026-02-12,ST036,MED003,24
GR007500,PO007657,2026-02-12,ST036,MED011,66
GR007501,PO007477,2026-02-12,ST037,MED004,48
GR007502,PO007662,2026-02-12,ST037,MED007,24
GR007503,PO007810,2026-02-12,ST037,MED017,72
GR007504,PO007811,2026-02-12,ST037,MED022,42
GR007505,PO007275,2026-02-12,ST038,MED003,24
GR007506,PO007815,2026-02-12,ST038,MED005,60
GR007507,PO007483,2026-02-12,ST038,MED011,66
GR007508,PO007484,2026-02-12,ST038,MED018,48
GR007509,PO007486,2026-02-12,ST038,MED023,72
GR007510,PO007490,2026-02-12,ST039,MED005,72
GR007511,PO007820,2026-02-12,ST039,MED016,48
GR007512,PO007821,2026-02-12,ST039,MED019,24
GR007513,PO007287,2026-02-12,ST040,MED002,60
GR007514,PO007495,2026-02-12,ST040,MED004,48
GR007515,PO007496,2026-02-12,ST040,MED006,60
GR007516,PO007498,2026-02-12,ST040,MED013,36
GR007517,PO007831,2026-02-12,ST040,MED021,54
GR007518,PO007501,2026-02-13,ST001,MED001,72
GR007519,PO007833,2026-02-13,ST001,MED002,60
GR007520,PO007502,2026-02-13,ST001,MED019,24
GR007521,PO007292,2026-02-13,ST001,MED021,60
GR007522,PO007836,2026-02-13,ST001,MED026,72
GR007523,PO007296,2026-02-13,ST002,MED005,72
GR007524,PO007675,2026-02-13,ST002,MED014,48
GR007525,PO006945,2026-02-13,ST002,MED018,48
GR007526,PO007506,2026-02-13,ST002,MED024,72
GR007527,PO007302,2026-02-13,ST003,MED008,24
GR007528,PO007679,2026-02-13,ST003,MED009,60
GR007529,PO007304,2026-02-13,ST003,MED020,48
GR007530,PO007511,2026-02-13,ST003,MED022,48
GR007531,PO007308,2026-02-13,ST004,MED002,66
GR007532,PO007309,2026-02-13,ST004,MED003,24
GR007533,PO007514,2026-02-13,ST004,MED011,66
GR007534,PO007312,2026-02-13,ST004,MED014,48
GR007535,PO007515,2026-02-13,ST004,MED018,48
GR007536,PO007315,2026-02-13,ST004,MED023,72
GR007537,PO007844,2026-02-13,ST004,MED024,72
GR007538,PO007318,2026-02-13,ST005,MED007,24
GR007539,PO007848,2026-02-13,ST005,MED014,48
GR007540,PO007322,2026-02-13,ST005,MED029,48
GR007541,PO007690,2026-02-13,ST006,MED008,24
GR007542,PO007325,2026-02-13,ST006,MED009,60
GR007543,PO007518,2026-02-13,ST006,MED018,48
GR007544,PO007862,2026-02-13,ST006,MED021,54
GR007545,PO007865,2026-02-13,ST006,MED025,36
GR007546,PO007519,2026-02-13,ST006,MED028,48
GR007547,PO007694,2026-02-13,ST007,MED006,60
GR007548,PO007521,2026-02-13,ST007,MED008,24
GR007549,PO007330,2026-02-13,ST007,MED023,72
GR007550,PO007699,2026-02-13,ST007,MED028,48
GR007551,PO007525,2026-02-13,ST008,MED001,72
GR007552,PO006973,2026-02-13,ST008,MED011,60
GR007553,PO007702,2026-02-13,ST008,MED020,48
GR007554,PO007533,2026-02-13,ST010,MED003,24
GR007555,PO007149,2026-02-13,ST010,MED005,72
GR007556,PO007150,2026-02-13,ST010,MED006,60
GR007557,PO007872,2026-02-13,ST010,MED018,48
GR007558,PO007712,2026-02-13,ST010,MED024,72
GR007559,PO007713,2026-02-13,ST011,MED001,72
GR007560,PO007874,2026-02-13,ST011,MED003,24
GR007561,PO007156,2026-02-13,ST011,MED004,60
GR007562,PO007348,2026-02-13,ST011,MED005,72
GR007563,PO007538,2026-02-13,ST011,MED011,72
GR007564,PO007349,2026-02-13,ST011,MED013,48
GR007565,PO007879,2026-02-13,ST011,MED025,36
GR007566,PO007351,2026-02-13,ST011,MED028,48
GR007567,PO007717,2026-02-13,ST012,MED020,48
GR007568,PO007882,2026-02-13,ST012,MED028,48
GR007569,PO007886,2026-02-13,ST013,MED017,72
GR007570,PO007549,2026-02-13,ST013,MED022,42
GR007571,PO007889,2026-02-13,ST013,MED024,72
GR007572,PO007550,2026-02-13,ST013,MED025,36
GR007573,PO007894,2026-02-13,ST014,MED009,60
GR007574,PO007368,2026-02-13,ST014,MED016,48
GR007575,PO007720,2026-02-13,ST014,MED021,60
GR007576,PO007897,2026-02-13,ST015,MED008,24
GR007577,PO007373,2026-02-13,ST015,MED010,24
GR007578,PO007374,2026-02-13,ST015,MED011,60
GR007579,PO007379,2026-02-13,ST015,MED027,72
GR007580,PO007729,2026-02-13,ST016,MED005,60
GR007581,PO007380,2026-02-13,ST016,MED011,66
GR007582,PO007383,2026-02-13,ST016,MED018,48
GR007583,PO006835,2026-02-13,ST016,MED026,72
GR007584,PO007559,2026-02-13,ST016,MED030,36
GR007585,PO007001,2026-02-13,ST017,MED012,60
GR007586,PO007560,2026-02-13,ST017,MED013,48
GR007587,PO007561,2026-02-13,ST017,MED017,72
GR007588,PO007735,2026-02-13,ST017,MED018,48
GR007589,PO007738,2026-02-13,ST017,MED030,36
GR007590,PO007910,2026-02-13,ST018,MED017,72
GR007591,PO007569,2026-02-13,ST018,MED021,66
GR007592,PO007911,2026-02-13,ST018,MED025,36
GR007593,PO007572,2026-02-13,ST018,MED026,72
GR007594,PO007398,2026-02-13,ST019,MED021,60
GR007595,PO007741,2026-02-13,ST019,MED023,72
GR007596,PO007578,2026-02-13,ST020,MED006,60
GR007597,PO007919,2026-02-13,ST020,MED021,66
GR007598,PO007404,2026-02-13,ST020,MED022,48
GR007599,PO007581,2026-02-13,ST020,MED028,48
GR007600,PO007748,2026-02-13,ST021,MED003,24
GR007601,PO007406,2026-02-13,ST021,MED008,24
GR007602,PO007407,2026-02-13,ST021,MED013,48
GR007603,PO007408,2026-02-13,ST021,MED014,48
GR007604,PO007409,2026-02-13,ST021,MED016,48
GR007605,PO007411,2026-02-13,ST021,MED023,60
GR007606,PO007412,2026-02-13,ST021,MED029,72
GR007607,PO007413,2026-02-13,ST022,MED003,24
GR007608,PO007418,2026-02-13,ST022,MED022,42
GR007609,PO007419,2026-02-13,ST022,MED024,72
GR007610,PO007590,2026-02-13,ST022,MED028,48
GR007611,PO007420,2026-02-13,ST023,MED001,72
GR007612,PO007929,2026-02-13,ST023,MED015,72
GR007613,PO007209,2026-02-13,ST023,MED020,48
GR007614,PO007425,2026-02-13,ST023,MED021,60
GR007615,PO007426,2026-02-13,ST023,MED022,42
GR007616,PO007211,2026-02-13,ST023,MED028,48
GR007617,PO007759,2026-02-13,ST023,MED030,36
GR007618,PO007760,2026-02-13,ST024,MED003,24
GR007619,PO007761,2026-02-13,ST024,MED006,60
GR007620,PO007935,2026-02-13,ST024,MED018,48
GR007621,PO006872,2026-02-13,ST024,MED020,48
GR007622,PO007431,2026-02-13,ST024,MED027,72
GR007623,PO007596,2026-02-13,ST024,MED029,48
GR007624,PO007598,2026-02-13,ST025,MED002,72
GR007625,PO007768,2026-02-13,ST025,MED007,24
GR007626,PO007940,2026-02-13,ST025,MED014,48
GR007627,PO007943,2026-02-13,ST025,MED023,72
GR007628,PO007772,2026-02-13,ST026,MED014,48
GR007629,PO007438,2026-02-13,ST026,MED019,24
GR007630,PO007949,2026-02-13,ST026,MED026,72
GR007631,PO007611,2026-02-13,ST027,MED008,24
GR007632,PO007612,2026-02-13,ST027,MED011,60
GR007633,PO007440,2026-02-13,ST027,MED020,48
GR007634,PO007441,2026-02-13,ST027,MED021,66
GR007635,PO007954,2026-02-13,ST027,MED022,42
GR007636,PO007442,2026-02-13,ST027,MED027,84
GR007637,PO007958,2026-02-13,ST028,MED025,36
GR007638,PO007618,2026-02-13,ST028,MED026,72
GR007639,PO007960,2026-02-13,ST029,MED009,60
GR007640,PO007622,2026-02-13,ST029,MED012,60
GR007641,PO007961,2026-02-13,ST029,MED013,48
GR007642,PO007451,2026-02-13,ST029,MED016,48
GR007643,PO007623,2026-02-13,ST029,MED028,48
GR007644,PO007786,2026-02-13,ST030,MED003,24
GR007645,PO007624,2026-02-13,ST030,MED008,24
GR007646,PO007453,2026-02-13,ST030,MED011,60
GR007647,PO007628,2026-02-13,ST030,MED021,60
GR007648,PO007629,2026-02-13,ST030,MED022,36
GR007649,PO007066,2026-02-13,ST031,MED003,24
GR007650,PO006900,2026-02-13,ST031,MED018,48
GR007651,PO007791,2026-02-13,ST031,MED020,48
GR007652,PO007632,2026-02-13,ST031,MED024,72
GR007653,PO007457,2026-02-13,ST031,MED030,36
GR007654,PO007071,2026-02-13,ST032,MED010,24
GR007655,PO007636,2026-02-13,ST032,MED011,60
GR007656,PO007637,2026-02-13,ST032,MED017,72
GR007657,PO007972,2026-02-13,ST032,MED019,24
GR007658,PO007974,2026-02-13,ST032,MED025,36
GR007659,PO006905,2026-02-13,ST032,MED026,72
GR007660,PO007249,2026-02-13,ST033,MED001,72
GR007661,PO007975,2026-02-13,ST033,MED005,72
GR007662,PO007460,2026-02-13,ST033,MED006,60
GR007663,PO007798,2026-02-13,ST033,MED007,24
GR007664,PO007639,2026-02-13,ST033,MED008,24
GR007665,PO007801,2026-02-13,ST033,MED026,72
GR007666,PO007464,2026-02-13,ST033,MED030,30
GR007667,PO007802,2026-02-13,ST034,MED004,48
GR007668,PO007650,2026-02-13,ST034,MED008,24
GR007669,PO007805,2026-02-13,ST034,MED018,48
GR007670,PO007806,2026-02-13,ST034,MED023,60
GR007671,PO007654,2026-02-13,ST035,MED015,72
GR007672,PO007471,2026-02-13,ST035,MED017,60
GR007673,PO007985,2026-02-13,ST035,MED022,42
GR007674,PO007656,2026-02-13,ST036,MED009,60
GR007675,PO007085,2026-02-13,ST036,MED013,48
GR007676,PO007658,2026-02-13,ST036,MED015,72
GR007677,PO007991,2026-02-13,ST036,MED016,48
GR007678,PO007659,2026-02-13,ST036,MED020,48
GR007679,PO007663,2026-02-13,ST037,MED011,66
GR007680,PO007480,2026-02-13,ST037,MED013,36
GR007681,PO007812,2026-02-13,ST037,MED027,72
GR007682,PO007816,2026-02-13,ST038,MED009,72
GR007683,PO007485,2026-02-13,ST038,MED021,54
GR007684,PO007487,2026-02-13,ST038,MED025,48
GR007685,PO007488,2026-02-13,ST039,MED003,24
GR007686,PO008000,2026-02-13,ST039,MED011,72
GR007687,PO008002,2026-02-13,ST039,MED022,42
GR007688,PO007824,2026-02-13,ST039,MED023,60
GR007689,PO008003,2026-02-13,ST039,MED024,72
GR007690,PO007825,2026-02-13,ST040,MED007,24
GR007691,PO007826,2026-02-13,ST040,MED009,60
GR007692,PO008011,2026-02-13,ST040,MED023,72
GR007693,PO007500,2026-02-13,ST040,MED026,72
GR007694,PO007101,2026-02-13,ST040,MED027,72
GR007695,PO008017,2026-02-14,ST001,MED010,24
GR007696,PO008019,2026-02-14,ST001,MED018,48
GR007697,PO007293,2026-02-14,ST001,MED023,72
GR007698,PO007837,2026-02-14,ST002,MED002,66
GR007699,PO007503,2026-02-14,ST002,MED003,24
GR007700,PO007504,2026-02-14,ST002,MED008,24
GR007701,PO008021,2026-02-14,ST002,MED013,48
GR007702,PO007676,2026-02-14,ST002,MED016,48
GR007703,PO007507,2026-02-14,ST002,MED025,36
GR007704,PO007508,2026-02-14,ST003,MED005,72
GR007705,PO007116,2026-02-14,ST003,MED006,60
GR007706,PO007841,2026-02-14,ST003,MED011,60
GR007707,PO008027,2026-02-14,ST003,MED012,60
GR007708,PO007509,2026-02-14,ST003,MED018,48
GR007709,PO007683,2026-02-14,ST004,MED007,24
GR007710,PO007513,2026-02-14,ST004,MED009,60
GR007711,PO007684,2026-02-14,ST004,MED017,60
GR007712,PO007845,2026-02-14,ST004,MED026,72
GR007713,PO007516,2026-02-14,ST004,MED027,72
GR007714,PO007847,2026-02-14,ST005,MED005,72
GR007715,PO007129,2026-02-14,ST005,MED006,60
GR007716,PO007319,2026-02-14,ST005,MED010,24
GR007717,PO008031,2026-02-14,ST005,MED013,48
GR007718,PO007687,2026-02-14,ST005,MED023,72
GR007719,PO008034,2026-02-14,ST005,MED024,72
GR007720,PO007851,2026-02-14,ST005,MED027,72
GR007721,PO008036,2026-02-14,ST006,MED002,60
GR007722,PO007692,2026-02-14,ST006,MED027,72
GR007723,PO007522,2026-02-14,ST007,MED011,66
GR007724,PO007696,2026-02-14,ST007,MED018,48
GR007725,PO007698,2026-02-14,ST007,MED027,72
GR007726,PO007869,2026-02-14,ST008,MED007,24
GR007727,PO007704,2026-02-14,ST009,MED003,24
GR007728,PO008049,2026-02-14,ST009,MED008,24
GR007729,PO008052,2026-02-14,ST009,MED025,36
GR007730,PO007147,2026-02-14,ST009,MED026,72
GR007731,PO007532,2026-02-14,ST009,MED027,72
GR007732,PO007710,2026-02-14,ST010,MED016,48
GR007733,PO007711,2026-02-14,ST010,MED023,60
GR007734,PO008055,2026-02-14,ST010,MED025,36
GR007735,PO007537,2026-02-14,ST010,MED030,30
GR007736,PO007876,2026-02-14,ST011,MED012,60
GR007737,PO007715,2026-02-14,ST011,MED020,48
GR007738,PO007878,2026-02-14,ST011,MED024,84
GR007739,PO007541,2026-02-14,ST011,MED027,72
GR007740,PO007360,2026-02-14,ST012,MED021,60
GR007741,PO007718,2026-02-14,ST012,MED023,60
GR007742,PO007544,2026-02-14,ST012,MED025,36
GR007743,PO007545,2026-02-14,ST012,MED026,72
GR007744,PO007547,2026-02-14,ST013,MED012,60
GR007745,PO008063,2026-02-14,ST013,MED026,72
GR007746,PO008068,2026-02-14,ST014,MED015,72
GR007747,PO008072,2026-02-14,ST014,MED028,48
GR007748,PO007896,2026-02-14,ST015,MED002,60
GR007749,PO007723,2026-02-14,ST015,MED006,60
GR007750,PO008074,2026-02-14,ST015,MED013,48
GR007751,PO007898,2026-02-14,ST015,MED015,72
GR007752,PO007900,2026-02-14,ST015,MED022,42
GR007753,PO007181,2026-02-14,ST015,MED030,30
GR007754,PO007901,2026-02-14,ST016,MED003,24
GR007755,PO008077,2026-02-14,ST016,MED016,48
GR007756,PO007562,2026-02-14,ST017,MED022,48
GR007757,PO007906,2026-02-14,ST017,MED023,60
GR007758,PO008084,2026-02-14,ST017,MED024,72
GR007759,PO007563,2026-02-14,ST017,MED026,72
GR007760,PO008085,2026-02-14,ST017,MED029,72
GR007761,PO007908,2026-02-14,ST018,MED004,48
GR007762,PO007566,2026-02-14,ST018,MED008,24
GR007763,PO007567,2026-02-14,ST018,MED010,24
GR007764,PO007571,2026-02-14,ST018,MED024,72
GR007765,PO007912,2026-02-14,ST019,MED010,36
GR007766,PO007575,2026-02-14,ST019,MED011,66
GR007767,PO007913,2026-02-14,ST019,MED020,48
GR007768,PO007742,2026-02-14,ST019,MED027,84
GR007769,PO008098,2026-02-14,ST020,MED001,72
GR007770,PO007747,2026-02-14,ST020,MED026,72
GR007771,PO007921,2026-02-14,ST020,MED027,72
GR007772,PO007922,2026-02-14,ST021,MED005,72
GR007773,PO007582,2026-02-14,ST021,MED007,24
GR007774,PO007923,2026-02-14,ST021,MED012,60
GR007775,PO007924,2026-02-14,ST021,MED017,60
GR007776,PO007749,2026-02-14,ST021,MED024,72
GR007777,PO007750,2026-02-14,ST021,MED025,36
GR007778,PO007751,2026-02-14,ST021,MED027,72
GR007779,PO008105,2026-02-14,ST022,MED002,60
GR007780,PO007586,2026-02-14,ST022,MED011,60
GR007781,PO007416,2026-02-14,ST022,MED015,72
GR007782,PO007589,2026-02-14,ST022,MED023,60
GR007783,PO008107,2026-02-14,ST022,MED027,72
GR007784,PO007757,2026-02-14,ST023,MED012,60
GR007785,PO007758,2026-02-14,ST023,MED023,72
GR007786,PO007932,2026-02-14,ST023,MED026,72
GR007787,PO007212,2026-02-14,ST023,MED029,48
GR007788,PO007933,2026-02-14,ST024,MED002,72
GR007789,PO007934,2026-02-14,ST024,MED007,24
GR007790,PO007593,2026-02-14,ST024,MED011,60
GR007791,PO007764,2026-02-14,ST024,MED019,24
GR007792,PO007595,2026-02-14,ST024,MED024,72
GR007793,PO007766,2026-02-14,ST024,MED025,36
GR007794,PO007767,2026-02-14,ST025,MED001,72
GR007795,PO008116,2026-02-14,ST025,MED005,60
GR007796,PO007770,2026-02-14,ST025,MED010,24
GR007797,PO008118,2026-02-14,ST025,MED012,60
GR007798,PO007941,2026-02-14,ST025,MED017,60
GR007799,PO007601,2026-02-14,ST025,MED030,30
GR007800,PO007944,2026-02-14,ST026,MED001,72
GR007801,PO007603,2026-02-14,ST026,MED009,60
GR007802,PO007771,2026-02-14,ST026,MED013,48
GR007803,PO007043,2026-02-14,ST026,MED021,60
GR007804,PO007774,2026-02-14,ST026,MED024,72
GR007805,PO007950,2026-02-14,ST026,MED028,48
GR007806,PO007608,2026-02-14,ST027,MED002,72
GR007807,PO007777,2026-02-14,ST027,MED009,72
GR007808,PO007223,2026-02-14,ST027,MED017,60
GR007809,PO007228,2026-02-14,ST028,MED001,72
GR007810,PO007780,2026-02-14,ST028,MED003,24
GR007811,PO007956,2026-02-14,ST028,MED010,24
GR007812,PO007959,2026-02-14,ST028,MED028,48
GR007813,PO007621,2026-02-14,ST029,MED006,60
GR007814,PO007782,2026-02-14,ST029,MED008,24
GR007815,PO007783,2026-02-14,ST029,MED011,60
GR007816,PO007962,2026-02-14,ST029,MED017,60
GR007817,PO007787,2026-02-14,ST030,MED004,48
GR007818,PO007964,2026-02-14,ST030,MED009,60
GR007819,PO007625,2026-02-14,ST030,MED014,48
GR007820,PO008138,2026-02-14,ST030,MED023,60
GR007821,PO008139,2026-02-14,ST030,MED026,72
GR007822,PO008140,2026-02-14,ST030,MED030,30
GR007823,PO008142,2026-02-14,ST031,MED005,72
GR007824,PO007967,2026-02-14,ST031,MED014,48
GR007825,PO008147,2026-02-14,ST031,MED022,42
GR007826,PO008149,2026-02-14,ST031,MED029,48
GR007827,PO007792,2026-02-14,ST032,MED005,72
GR007828,PO007794,2026-02-14,ST032,MED013,48
GR007829,PO007638,2026-02-14,ST032,MED022,48
GR007830,PO007796,2026-02-14,ST032,MED029,72
GR007831,PO007976,2026-02-14,ST033,MED010,36
GR007832,PO007640,2026-02-14,ST033,MED017,60
GR007833,PO007642,2026-02-14,ST033,MED019,24
GR007834,PO007645,2026-02-14,ST033,MED024,72
GR007835,PO007646,2026-02-14,ST033,MED027,72
GR007836,PO007647,2026-02-14,ST033,MED029,72
GR007837,PO007978,2026-02-14,ST034,MED002,66
GR007838,PO007979,2026-02-14,ST034,MED009,60
GR007839,PO007651,2026-02-14,ST034,MED011,72
GR007840,PO008159,2026-02-14,ST034,MED015,96
GR007841,PO007981,2026-02-14,ST034,MED020,48
GR007842,PO008164,2026-02-14,ST034,MED027,72
GR007843,PO007982,2026-02-14,ST035,MED001,72
GR007844,PO007807,2026-02-14,ST035,MED012,60
GR007845,PO007808,2026-02-14,ST035,MED013,48
GR007846,PO008168,2026-02-14,ST035,MED020,48
GR007847,PO007986,2026-02-14,ST035,MED027,72
GR007848,PO007655,2026-02-14,ST035,MED029,72
GR007849,PO007990,2026-02-14,ST036,MED012,60
GR007850,PO008173,2026-02-14,ST036,MED024,72
GR007851,PO007661,2026-02-14,ST037,MED002,60
GR007852,PO008177,2026-02-14,ST037,MED014,48
GR007853,PO007481,2026-02-14,ST037,MED015,72
GR007854,PO007994,2026-02-14,ST037,MED019,24
GR007855,PO007664,2026-02-14,ST037,MED023,72
GR007856,PO007665,2026-02-14,ST037,MED025,36
GR007857,PO007996,2026-02-14,ST037,MED028,48
GR007858,PO007666,2026-02-14,ST037,MED029,72
GR007859,PO008181,2026-02-14,ST038,MED008,24
GR007860,PO007667,2026-02-14,ST038,MED010,24
GR007861,PO007278,2026-02-14,ST038,MED017,72
GR007862,PO007819,2026-02-14,ST038,MED019,24
GR007863,PO007090,2026-02-14,ST038,MED022,42
GR007864,PO007282,2026-02-14,ST039,MED001,72
GR007865,PO008183,2026-02-14,ST039,MED002,60
GR007866,PO008187,2026-02-14,ST039,MED010,24
GR007867,PO007822,2026-02-14,ST039,MED020,48
GR007868,PO007671,2026-02-14,ST039,MED025,36
GR007869,PO008188,2026-02-14,ST039,MED026,72
GR007870,PO007827,2026-02-14,ST040,MED010,36
GR007871,PO008007,2026-02-14,ST040,MED011,60
GR007872,PO008008,2026-02-14,ST040,MED012,60
GR007873,PO007673,2026-02-14,ST040,MED014,48
GR007874,PO007829,2026-02-14,ST040,MED018,48
GR007875,PO007832,2026-02-14,ST040,MED024,84
GR007876,PO008012,2026-02-14,ST040,MED025,36
GR007877,PO008013,2026-02-14,ST040,MED029,72
GR007878,PO008016,2026-02-15,ST001,MED008,24
GR007879,PO008018,2026-02-15,ST001,MED016,48
GR007880,PO007295,2026-02-15,ST001,MED027,72
GR007881,PO007677,2026-02-15,ST002,MED021,66
GR007882,PO008023,2026-02-15,ST002,MED023,60
GR007883,PO008194,2026-02-15,ST003,MED002,60
GR007884,PO007840,2026-02-15,ST003,MED004,48
GR007885,PO008195,2026-02-15,ST003,MED013,48
GR007886,PO008028,2026-02-15,ST003,MED014,48
GR007887,PO007680,2026-02-15,ST003,MED023,72
GR007888,PO008198,2026-02-15,ST003,MED027,72
GR007889,PO007681,2026-02-15,ST004,MED004,48
GR007890,PO007682,2026-02-15,ST004,MED006,60
GR007891,PO008201,2026-02-15,ST004,MED015,72
GR007892,PO007843,2026-02-15,ST004,MED020,48
GR007893,PO008207,2026-02-15,ST005,MED011,72
GR007894,PO007849,2026-02-15,ST005,MED016,48
GR007895,PO007855,2026-02-15,ST006,MED010,24
GR007896,PO007691,2026-02-15,ST006,MED011,66
GR007897,PO007857,2026-02-15,ST006,MED013,48
GR007898,PO007859,2026-02-15,ST006,MED017,72
GR007899,PO007860,2026-02-15,ST006,MED019,24
GR007900,PO007861,2026-02-15,ST006,MED020,48
GR007901,PO008037,2026-02-15,ST006,MED023,72
GR007902,PO007864,2026-02-15,ST006,MED024,72
GR007903,PO007866,2026-02-15,ST007,MED002,66
GR007904,PO008040,2026-02-15,ST007,MED015,72
GR007905,PO008041,2026-02-15,ST007,MED019,24
GR007906,PO008217,2026-02-15,ST007,MED020,48
GR007907,PO007867,2026-02-15,ST007,MED030,30
GR007908,PO007868,2026-02-15,ST008,MED006,60
GR007909,PO008219,2026-02-15,ST008,MED015,72
GR007910,PO007527,2026-02-15,ST008,MED018,48
GR007911,PO007871,2026-02-15,ST008,MED026,72
GR007912,PO007706,2026-02-15,ST009,MED011,66
GR007913,PO007708,2026-02-15,ST009,MED017,60
GR007914,PO008223,2026-02-15,ST009,MED021,54
GR007915,PO008054,2026-02-15,ST010,MED020,48
GR007916,PO007873,2026-02-15,ST011,MED002,60
GR007917,PO007714,2026-02-15,ST011,MED006,60
GR007918,PO008232,2026-02-15,ST011,MED009,60
GR007919,PO007875,2026-02-15,ST011,MED010,24
GR007920,PO007877,2026-02-15,ST011,MED015,72
GR007921,PO008233,2026-02-15,ST011,MED017,72
GR007922,PO007716,2026-02-15,ST011,MED029,72
GR007923,PO008235,2026-02-15,ST012,MED004,48
GR007924,PO007880,2026-02-15,ST012,MED009,60
GR007925,PO008237,2026-02-15,ST012,MED012,60
GR007926,PO008241,2026-02-15,ST012,MED029,72
GR007927,PO008060,2026-02-15,ST012,MED030,30
GR007928,PO007885,2026-02-15,ST013,MED011,60
GR007929,PO007171,2026-02-15,ST013,MED013,48
GR007930,PO008062,2026-02-15,ST013,MED019,24
GR007931,PO008245,2026-02-15,ST013,MED028,48
GR007932,PO007891,2026-02-15,ST014,MED001,72
GR007933,PO007895,2026-02-15,ST014,MED013,48
GR007934,PO008069,2026-02-15,ST014,MED018,48
GR007935,PO007721,2026-02-15,ST014,MED027,72
GR007936,PO007722,2026-02-15,ST015,MED001,72
GR007937,PO007725,2026-02-15,ST015,MED017,72
GR007938,PO008250,2026-02-15,ST015,MED018,48
GR007939,PO007899,2026-02-15,ST015,MED019,24
GR007940,PO008075,2026-02-15,ST016,MED001,72
GR007941,PO007728,2026-02-15,ST016,MED004,48
GR007942,PO008253,2026-02-15,ST016,MED008,24
GR007943,PO007903,2026-02-15,ST016,MED019,24
GR007944,PO008080,2026-02-15,ST016,MED025,48
GR007945,PO008081,2026-02-15,ST016,MED027,72
GR007946,PO008083,2026-02-15,ST017,MED001,72
GR007947,PO007386,2026-02-15,ST017,MED004,48
GR007948,PO007732,2026-02-15,ST017,MED008,24
GR007949,PO007734,2026-02-15,ST017,MED011,60
GR007950,PO007736,2026-02-15,ST017,MED020,48
GR007951,PO007905,2026-02-15,ST017,MED021,60
GR007952,PO007739,2026-02-15,ST018,MED015,72
GR007953,PO007740,2026-02-15,ST019,MED006,60
GR007954,PO008265,2026-02-15,ST019,MED008,24
GR007955,PO008092,2026-02-15,ST019,MED015,72
GR007956,PO007400,2026-02-15,ST019,MED030,30
GR007957,PO007914,2026-02-15,ST020,MED002,72
GR007958,PO008269,2026-02-15,ST020,MED003,24
GR007959,PO008270,2026-02-15,ST020,MED005,60
GR007960,PO007743,2026-02-15,ST020,MED007,24
GR007961,PO007916,2026-02-15,ST020,MED013,48
GR007962,PO007745,2026-02-15,ST020,MED015,72
GR007963,PO007917,2026-02-15,ST020,MED016,48
GR007964,PO007746,2026-02-15,ST020,MED017,60
GR007965,PO007197,2026-02-15,ST020,MED018,48
GR007966,PO007918,2026-02-15,ST020,MED019,24
GR007967,PO008102,2026-02-15,ST020,MED029,72
GR007968,PO008104,2026-02-15,ST021,MED010,24
GR007969,PO007753,2026-02-15,ST022,MED007,24
GR007970,PO007925,2026-02-15,ST022,MED008,24
GR007971,PO008279,2026-02-15,ST022,MED021,54
GR007972,PO008280,2026-02-15,ST022,MED024,72
GR007973,PO007754,2026-02-15,ST022,MED025,36
GR007974,PO008108,2026-02-15,ST022,MED029,72
GR007975,PO007927,2026-02-15,ST023,MED007,24
GR007976,PO008281,2026-02-15,ST023,MED008,24
GR007977,PO007755,2026-02-15,ST023,MED009,60
GR007978,PO007756,2026-02-15,ST023,MED011,66
GR007979,PO007928,2026-02-15,ST023,MED014,48
GR007980,PO007930,2026-02-15,ST023,MED018,48
GR007981,PO008112,2026-02-15,ST024,MED004,48
GR007982,PO007765,2026-02-15,ST024,MED023,84
GR007983,PO008115,2026-02-15,ST025,MED003,24
GR007984,PO007938,2026-02-15,ST025,MED009,60
GR007985,PO008285,2026-02-15,ST025,MED020,48
GR007986,PO008286,2026-02-15,ST025,MED024,72
GR007987,PO008123,2026-02-15,ST026,MED016,48
GR007988,PO008125,2026-02-15,ST026,MED018,48
GR007989,PO007948,2026-02-15,ST026,MED020,48
GR007990,PO007951,2026-02-15,ST026,MED030,30
GR007991,PO008289,2026-02-15,ST027,MED005,72
GR007992,PO007775,2026-02-15,ST027,MED006,60
GR007993,PO007776,2026-02-15,ST027,MED007,24
GR007994,PO007953,2026-02-15,ST027,MED013,48
GR007995,PO007614,2026-02-15,ST027,MED016,48
GR007996,PO008128,2026-02-15,ST027,MED024,72
GR007997,PO007779,2026-02-15,ST027,MED025,48
GR007998,PO007955,2026-02-15,ST028,MED009,60
GR007999,PO007781,2026-02-15,ST028,MED018,48
GR008000,PO008130,2026-02-15,ST028,MED024,72
GR008001,PO007232,2026-02-15,ST029,MED019,24
GR008002,PO008296,2026-02-15,ST029,MED027,72
GR008003,PO007784,2026-02-15,ST029,MED029,72
GR008004,PO008135,2026-02-15,ST030,MED010,36
GR008005,PO007965,2026-02-15,ST030,MED024,72
GR008006,PO008298,2026-02-15,ST031,MED001,72
GR008007,PO008141,2026-02-15,ST031,MED004,48
GR008008,PO007789,2026-02-15,ST031,MED006,60
GR008009,PO008299,2026-02-15,ST031,MED008,24
GR008010,PO008144,2026-02-15,ST031,MED009,72
GR008011,PO007969,2026-02-15,ST031,MED027,72
GR008012,PO007970,2026-02-15,ST031,MED028,48
GR008013,PO008150,2026-02-15,ST032,MED001,72
GR008014,PO008301,2026-02-15,ST032,MED004,48
GR008015,PO007971,2026-02-15,ST032,MED007,24
GR008016,PO008152,2026-02-15,ST032,MED021,60
GR008017,PO008304,2026-02-15,ST032,MED023,72
GR008018,PO007795,2026-02-15,ST032,MED027,72
GR008019,PO008153,2026-02-15,ST032,MED028,48
GR008020,PO008156,2026-02-15,ST033,MED009,60
GR008021,PO007977,2026-02-15,ST033,MED011,66
GR008022,PO008157,2026-02-15,ST033,MED012,60
GR008023,PO007799,2026-02-15,ST033,MED013,48
GR008024,PO007803,2026-02-15,ST034,MED005,72
GR008025,PO008161,2026-02-15,ST034,MED024,72
GR008026,PO007983,2026-02-15,ST035,MED004,48
GR008027,PO008313,2026-02-15,ST035,MED007,24
GR008028,PO007809,2026-02-15,ST035,MED019,24
GR008029,PO008169,2026-02-15,ST035,MED023,72
GR008030,PO007988,2026-02-15,ST036,MED007,24
GR008031,PO008315,2026-02-15,ST036,MED017,60
GR008032,PO008317,2026-02-15,ST037,MED005,72
GR008033,PO008176,2026-02-15,ST037,MED006,60
GR008034,PO008318,2026-02-15,ST037,MED008,24
GR008035,PO007813,2026-02-15,ST038,MED001,72
GR008036,PO007817,2026-02-15,ST038,MED012,60
GR008037,PO007818,2026-02-15,ST038,MED015,72
GR008038,PO008323,2026-02-15,ST038,MED024,72
GR008039,PO007999,2026-02-15,ST038,MED030,30
GR008040,PO008004,2026-02-15,ST039,MED027,72
GR008041,PO008006,2026-02-15,ST040,MED001,72
GR008042,PO008329,2026-02-15,ST040,MED006,60
GR008043,PO008009,2026-02-15,ST040,MED016,48
GR008044,PO008010,2026-02-15,ST040,MED017,72
GR008045,PO007830,2026-02-15,ST040,MED020,48
GR008046,PO008014,2026-02-15,ST040,MED030,30
GR008047,PO008015,2026-02-16,ST001,MED005,72
GR008048,PO007834,2026-02-16,ST001,MED006,60
GR008049,PO008334,2026-02-16,ST001,MED012,60
GR008050,PO008335,2026-02-16,ST001,MED013,36
GR008051,PO007835,2026-02-16,ST001,MED020,48
GR008052,PO008341,2026-02-16,ST002,MED010,36
GR008053,PO007838,2026-02-16,ST002,MED012,60
GR008054,PO008343,2026-02-16,ST002,MED026,72
GR008055,PO007839,2026-02-16,ST002,MED029,48
GR008056,PO008026,2026-02-16,ST003,MED007,24
GR008057,PO008196,2026-02-16,ST003,MED015,72
GR008058,PO008029,2026-02-16,ST003,MED016,48
GR008059,PO008346,2026-02-16,ST003,MED024,72
GR008060,PO008030,2026-02-16,ST003,MED026,72
GR008061,PO007306,2026-02-16,ST003,MED029,72
GR008062,PO008202,2026-02-16,ST004,MED016,48
GR008063,PO008354,2026-02-16,ST004,MED029,72
GR008064,PO008209,2026-02-16,ST005,MED017,72
GR008065,PO008032,2026-02-16,ST005,MED018,48
GR008066,PO007850,2026-02-16,ST005,MED019,24
GR008067,PO007688,2026-02-16,ST005,MED025,36
GR008068,PO007853,2026-02-16,ST006,MED004,48
GR008069,PO007854,2026-02-16,ST006,MED005,72
GR008070,PO008213,2026-02-16,ST006,MED006,72
GR008071,PO007856,2026-02-16,ST006,MED012,60
GR008072,PO008214,2026-02-16,ST006,MED014,48
GR008073,PO007858,2026-02-16,ST006,MED015,72
GR008074,PO007863,2026-02-16,ST006,MED022,42
GR008075,PO008364,2026-02-16,ST007,MED016,48
GR008076,PO007870,2026-02-16,ST008,MED009,60
GR008077,PO008043,2026-02-16,ST008,MED010,24
GR008078,PO008044,2026-02-16,ST008,MED014,48
GR008079,PO007701,2026-02-16,ST008,MED016,48
GR008080,PO008369,2026-02-16,ST008,MED029,72
GR008081,PO008047,2026-02-16,ST009,MED001,72
GR008082,PO008370,2026-02-16,ST009,MED002,60
GR008083,PO008372,2026-02-16,ST009,MED009,60
GR008084,PO007707,2026-02-16,ST009,MED016,48
GR008085,PO008051,2026-02-16,ST009,MED022,42
GR008086,PO008225,2026-02-16,ST009,MED030,30
GR008087,PO008053,2026-02-16,ST010,MED001,72
GR008088,PO008379,2026-02-16,ST010,MED011,60
GR008089,PO007345,2026-02-16,ST010,MED014,48
GR008090,PO008382,2026-02-16,ST010,MED021,66
GR008091,PO007542,2026-02-16,ST012,MED002,66
GR008092,PO008389,2026-02-16,ST012,MED003,24
GR008093,PO007881,2026-02-16,ST012,MED015,72
GR008094,PO008399,2026-02-16,ST012,MED022,48
GR008095,PO008240,2026-02-16,ST012,MED027,72
GR008096,PO007883,2026-02-16,ST013,MED002,72
GR008097,PO008401,2026-02-16,ST013,MED005,72
GR008098,PO007884,2026-02-16,ST013,MED006,60
GR008099,PO008061,2026-02-16,ST013,MED009,60
GR008100,PO008244,2026-02-16,ST013,MED016,48
GR008101,PO007887,2026-02-16,ST013,MED020,48
GR008102,PO007888,2026-02-16,ST013,MED023,60
GR008103,PO007890,2026-02-16,ST013,MED027,72
GR008104,PO007892,2026-02-16,ST014,MED002,60
GR008105,PO007893,2026-02-16,ST014,MED005,72
GR008106,PO008406,2026-02-16,ST014,MED007,24
GR008107,PO008067,2026-02-16,ST014,MED012,60
GR008108,PO008073,2026-02-16,ST015,MED004,48
GR008109,PO008410,2026-02-16,ST015,MED009,60
GR008110,PO007724,2026-02-16,ST015,MED012,60
GR008111,PO007902,2026-02-16,ST016,MED006,60
GR008112,PO008413,2026-02-16,ST016,MED012,60
GR008113,PO008078,2026-02-16,ST016,MED017,60
GR008114,PO008414,2026-02-16,ST016,MED021,60
GR008115,PO007558,2026-02-16,ST016,MED022,42
GR008116,PO008255,2026-02-16,ST016,MED023,72
GR008117,PO008079,2026-02-16,ST016,MED024,72
GR008118,PO007904,2026-02-16,ST017,MED002,60
GR008119,PO008256,2026-02-16,ST017,MED010,24
GR008120,PO008416,2026-02-16,ST017,MED012,60
GR008121,PO008257,2026-02-16,ST017,MED015,96
GR008122,PO008417,2026-02-16,ST017,MED019,24
GR008123,PO008419,2026-02-16,ST018,MED006,60
GR008124,PO008087,2026-02-16,ST018,MED011,72
GR008125,PO008089,2026-02-16,ST018,MED018,48
GR008126,PO008421,2026-02-16,ST018,MED019,24
GR008127,PO008423,2026-02-16,ST018,MED023,72
GR008128,PO008424,2026-02-16,ST018,MED027,72
GR008129,PO008425,2026-02-16,ST018,MED030,30
GR008130,PO007395,2026-02-16,ST019,MED001,72
GR008131,PO008090,2026-02-16,ST019,MED003,24
GR008132,PO008262,2026-02-16,ST019,MED004,48
GR008133,PO008263,2026-02-16,ST019,MED005,72
GR008134,PO008266,2026-02-16,ST019,MED012,60
GR008135,PO008427,2026-02-16,ST019,MED013,48
GR008136,PO008093,2026-02-16,ST019,MED016,48
GR008137,PO008267,2026-02-16,ST019,MED019,24
GR008138,PO008431,2026-02-16,ST019,MED026,72
GR008139,PO008099,2026-02-16,ST020,MED004,48
GR008140,PO007915,2026-02-16,ST020,MED012,60
GR008141,PO008433,2026-02-16,ST020,MED020,48
GR008142,PO007920,2026-02-16,ST020,MED024,72
GR008143,PO008434,2026-02-16,ST020,MED030,30
GR008144,PO008435,2026-02-16,ST021,MED001,72
GR008145,PO008273,2026-02-16,ST021,MED002,66
GR008146,PO008103,2026-02-16,ST021,MED006,60
GR008147,PO007752,2026-02-16,ST022,MED004,48
GR008148,PO008276,2026-02-16,ST022,MED009,60
GR008149,PO008277,2026-02-16,ST022,MED013,48
GR008150,PO007926,2026-02-16,ST022,MED019,24
GR008151,PO008106,2026-02-16,ST022,MED026,72
GR008152,PO008109,2026-02-16,ST023,MED002,66
GR008153,PO008445,2026-02-16,ST023,MED006,60
GR008154,PO008111,2026-02-16,ST023,MED016,48
GR008155,PO008448,2026-02-16,ST023,MED019,24
GR008156,PO008282,2026-02-16,ST023,MED024,72
GR008157,PO008450,2026-02-16,ST024,MED005,72
GR008158,PO008451,2026-02-16,ST024,MED012,60
GR008159,PO007936,2026-02-16,ST024,MED021,60
GR008160,PO008114,2026-02-16,ST024,MED026,72
GR008161,PO007937,2026-02-16,ST025,MED004,48
GR008162,PO007939,2026-02-16,ST025,MED011,66
GR008163,PO008460,2026-02-16,ST025,MED018,48
GR008164,PO007942,2026-02-16,ST025,MED021,54
GR008165,PO008120,2026-02-16,ST026,MED002,66
GR008166,PO008121,2026-02-16,ST026,MED004,48
GR008167,PO008122,2026-02-16,ST026,MED006,60
GR008168,PO007946,2026-02-16,ST026,MED010,24
GR008169,PO008466,2026-02-16,ST026,MED011,66
GR008170,PO008126,2026-02-16,ST026,MED027,72
GR008171,PO008471,2026-02-16,ST027,MED003,24
GR008172,PO007952,2026-02-16,ST027,MED012,72
GR008173,PO008476,2026-02-16,ST027,MED020,48
GR008174,PO008477,2026-02-16,ST027,MED021,54
GR008175,PO008127,2026-02-16,ST027,MED023,72
GR008176,PO008479,2026-02-16,ST027,MED030,30
GR008177,PO008129,2026-02-16,ST028,MED004,48
GR008178,PO007957,2026-02-16,ST028,MED015,72
GR008179,PO007963,2026-02-16,ST029,MED022,42
GR008180,PO008132,2026-02-16,ST029,MED024,72
GR008181,PO008487,2026-02-16,ST030,MED001,72
GR008182,PO008134,2026-02-16,ST030,MED005,72
GR008183,PO008137,2026-02-16,ST030,MED016,48
GR008184,PO008488,2026-02-16,ST030,MED020,48
GR008185,PO008490,2026-02-16,ST030,MED027,72
GR008186,PO007966,2026-02-16,ST031,MED002,72
GR008187,PO008145,2026-02-16,ST031,MED011,66
GR008188,PO008146,2026-02-16,ST031,MED012,60
GR008189,PO007968,2026-02-16,ST031,MED019,24
GR008190,PO008300,2026-02-16,ST032,MED003,24
GR008191,PO007973,2026-02-16,ST032,MED024,72
GR008192,PO007800,2026-02-16,ST033,MED023,72
GR008193,PO008504,2026-02-16,ST033,MED025,36
GR008194,PO008505,2026-02-16,ST034,MED006,60
GR008195,PO008309,2026-02-16,ST034,MED010,36
GR008196,PO008158,2026-02-16,ST034,MED013,48
GR008197,PO007980,2026-02-16,ST034,MED017,60
GR008198,PO008506,2026-02-16,ST034,MED019,24
GR008199,PO008507,2026-02-16,ST034,MED021,60
GR008200,PO008163,2026-02-16,ST034,MED026,72
GR008201,PO008166,2026-02-16,ST035,MED003,24
GR008202,PO008170,2026-02-16,ST036,MED004,48
GR008203,PO007987,2026-02-16,ST036,MED006,60
GR008204,PO008172,2026-02-16,ST036,MED021,54
GR008205,PO007992,2026-02-16,ST036,MED025,36
GR008206,PO008521,2026-02-16,ST036,MED030,36
GR008207,PO007993,2026-02-16,ST037,MED003,24
GR008208,PO008523,2026-02-16,ST037,MED009,60
GR008209,PO008524,2026-02-16,ST037,MED010,24
GR008210,PO008178,2026-02-16,ST037,MED018,48
GR008211,PO007995,2026-02-16,ST037,MED021,66
GR008212,PO008179,2026-02-16,ST037,MED024,72
GR008213,PO007814,2026-02-16,ST038,MED004,48
GR008214,PO008529,2026-02-16,ST038,MED013,48
GR008215,PO008182,2026-02-16,ST038,MED016,48
GR008216,PO007489,2026-02-16,ST039,MED004,48
GR008217,PO008185,2026-02-16,ST039,MED007,24
GR008218,PO008325,2026-02-16,ST039,MED009,60
GR008219,PO008001,2026-02-16,ST039,MED012,72
GR008220,PO007823,2026-02-16,ST039,MED021,60
GR008221,PO008005,2026-02-16,ST039,MED028,48
GR008222,PO008189,2026-02-16,ST040,MED005,72
GR008223,PO007497,2026-02-16,ST040,MED008,24
GR008224,PO008330,2026-02-16,ST040,MED013,48
GR008225,PO007828,2026-02-16,ST040,MED015,72
GR008226,PO008331,2026-02-16,ST040,MED019,24
GR008227,PO008336,2026-02-17,ST001,MED014,48
GR008228,PO008339,2026-02-17,ST002,MED004,48
GR008229,PO008020,2026-02-17,ST002,MED007,24
GR008230,PO008191,2026-02-17,ST002,MED009,60
GR008231,PO008192,2026-02-17,ST002,MED017,72
GR008232,PO008193,2026-02-17,ST002,MED022,42
GR008233,PO008552,2026-02-17,ST002,MED024,72
GR008234,PO008024,2026-02-17,ST002,MED027,72
GR008235,PO008025,2026-02-17,ST003,MED001,72
GR008236,PO008557,2026-02-17,ST003,MED019,24
GR008237,PO008345,2026-02-17,ST003,MED021,54
GR008238,PO008200,2026-02-17,ST004,MED001,72
GR008239,PO008560,2026-02-17,ST004,MED008,24
GR008240,PO008349,2026-02-17,ST004,MED010,24
GR008241,PO008562,2026-02-17,ST004,MED017,72
GR008242,PO008205,2026-02-17,ST004,MED025,48
GR008243,PO008565,2026-02-17,ST004,MED027,72
GR008244,PO008206,2026-02-17,ST005,MED001,72
GR008245,PO008568,2026-02-17,ST005,MED007,24
GR008246,PO008357,2026-02-17,ST005,MED008,24
GR008247,PO008210,2026-02-17,ST005,MED021,54
GR008248,PO008033,2026-02-17,ST005,MED022,48
GR008249,PO008211,2026-02-17,ST005,MED026,72
GR008250,PO007852,2026-02-17,ST005,MED028,48
GR008251,PO008359,2026-02-17,ST005,MED029,72
GR008252,PO008035,2026-02-17,ST006,MED001,72
GR008253,PO008573,2026-02-17,ST006,MED018,48
GR008254,PO008038,2026-02-17,ST006,MED026,72
GR008255,PO008362,2026-02-17,ST006,MED030,30
GR008256,PO008039,2026-02-17,ST007,MED007,24
GR008257,PO008578,2026-02-17,ST007,MED009,60
GR008258,PO008216,2026-02-17,ST007,MED013,48
GR008259,PO007524,2026-02-17,ST007,MED024,72
GR008260,PO008045,2026-02-17,ST008,MED017,72
GR008261,PO008046,2026-02-17,ST008,MED021,54
GR008262,PO008584,2026-02-17,ST008,MED022,36
GR008263,PO008585,2026-02-17,ST008,MED027,72
GR008264,PO008048,2026-02-17,ST009,MED007,24
GR008265,PO008050,2026-02-17,ST009,MED013,48
GR008266,PO008373,2026-02-17,ST009,MED019,24
GR008267,PO008226,2026-02-17,ST010,MED002,66
GR008268,PO008376,2026-02-17,ST010,MED006,60
GR008269,PO008227,2026-02-17,ST010,MED010,36
GR008270,PO008381,2026-02-17,ST010,MED017,72
GR008271,PO008230,2026-02-17,ST010,MED022,36
GR008272,PO008593,2026-02-17,ST010,MED023,60
GR008273,PO008384,2026-02-17,ST010,MED029,72
GR008274,PO008598,2026-02-17,ST011,MED003,24
GR008275,PO008601,2026-02-17,ST011,MED013,48
GR008276,PO008602,2026-02-17,ST011,MED014,48
GR008277,PO008056,2026-02-17,ST011,MED018,48
GR008278,PO008604,2026-02-17,ST011,MED021,60
GR008279,PO008057,2026-02-17,ST011,MED023,72
GR008280,PO008605,2026-02-17,ST011,MED025,36
GR008281,PO008058,2026-02-17,ST011,MED026,72
GR008282,PO008238,2026-02-17,ST012,MED013,36
GR008283,PO008059,2026-02-17,ST012,MED016,48
GR008284,PO008614,2026-02-17,ST013,MED012,72
GR008285,PO008403,2026-02-17,ST013,MED021,66
GR008286,PO008064,2026-02-17,ST013,MED029,48
GR008287,PO008246,2026-02-17,ST013,MED030,30
GR008288,PO008247,2026-02-17,ST014,MED008,24
GR008289,PO008248,2026-02-17,ST014,MED019,24
GR008290,PO008070,2026-02-17,ST014,MED022,42
GR008291,PO008408,2026-02-17,ST014,MED024,72
GR008292,PO008409,2026-02-17,ST014,MED030,30
GR008293,PO008076,2026-02-17,ST016,MED009,60
GR008294,PO007730,2026-02-17,ST016,MED013,48
GR008295,PO008624,2026-02-17,ST016,MED026,72
GR008296,PO008082,2026-02-17,ST016,MED028,48
GR008297,PO008627,2026-02-17,ST017,MED014,48
GR008298,PO008628,2026-02-17,ST017,MED017,72
GR008299,PO008629,2026-02-17,ST017,MED025,48
GR008300,PO008418,2026-02-17,ST018,MED001,72
GR008301,PO007564,2026-02-17,ST018,MED003,24
GR008302,PO008086,2026-02-17,ST018,MED005,72
GR008303,PO008088,2026-02-17,ST018,MED012,60
GR008304,PO008260,2026-02-17,ST018,MED013,48
GR008305,PO008633,2026-02-17,ST018,MED014,48
GR008306,PO008638,2026-02-17,ST018,MED028,48
GR008307,PO008426,2026-02-17,ST019,MED002,72
GR008308,PO008091,2026-02-17,ST019,MED009,60
GR008309,PO008094,2026-02-17,ST019,MED017,72
GR008310,PO008429,2026-02-17,ST019,MED018,48
GR008311,PO008096,2026-02-17,ST019,MED024,72
GR008312,PO008097,2026-02-17,ST019,MED028,48
GR008313,PO008432,2026-02-17,ST020,MED008,24
GR008314,PO008100,2026-02-17,ST020,MED011,72
GR008315,PO008101,2026-02-17,ST020,MED025,48
GR008316,PO008437,2026-02-17,ST021,MED009,60
GR008317,PO008648,2026-02-17,ST021,MED015,72
GR008318,PO008649,2026-02-17,ST021,MED030,30
GR008319,PO008650,2026-02-17,ST022,MED006,60
GR008320,PO008653,2026-02-17,ST022,MED022,42
GR008321,PO008446,2026-02-17,ST023,MED010,24
GR008322,PO008110,2026-02-17,ST023,MED013,48
GR008323,PO007931,2026-02-17,ST023,MED025,48
GR008324,PO008660,2026-02-17,ST024,MED006,72
GR008325,PO008453,2026-02-17,ST024,MED014,48
GR008326,PO008665,2026-02-17,ST024,MED024,72
GR008327,PO008117,2026-02-17,ST025,MED006,60
GR008328,PO008668,2026-02-17,ST025,MED019,24
GR008329,PO008119,2026-02-17,ST025,MED022,42
GR008330,PO008461,2026-02-17,ST025,MED026,72
GR008331,PO008464,2026-02-17,ST025,MED029,72
GR008332,PO007945,2026-02-17,ST026,MED008,24
GR008333,PO008674,2026-02-17,ST026,MED021,60
GR008334,PO008467,2026-02-17,ST026,MED022,42
GR008335,PO008468,2026-02-17,ST026,MED023,60
GR008336,PO008288,2026-02-17,ST026,MED025,48
GR008337,PO008472,2026-02-17,ST027,MED004,48
GR008338,PO008473,2026-02-17,ST027,MED011,72
GR008339,PO008679,2026-02-17,ST027,MED022,48
GR008340,PO008680,2026-02-17,ST027,MED027,84
GR008341,PO008683,2026-02-17,ST028,MED006,60
GR008342,PO008291,2026-02-17,ST028,MED008,24
GR008343,PO008480,2026-02-17,ST028,MED012,60
GR008344,PO008292,2026-02-17,ST028,MED013,36
GR008345,PO008482,2026-02-17,ST028,MED020,48
GR008346,PO008690,2026-02-17,ST029,MED003,24
GR008347,PO008294,2026-02-17,ST029,MED005,72
GR008348,PO008486,2026-02-17,ST029,MED021,54
GR008349,PO008133,2026-02-17,ST030,MED002,60
GR008350,PO008143,2026-02-17,ST031,MED007,24
GR008351,PO007630,2026-02-17,ST031,MED015,72
GR008352,PO008492,2026-02-17,ST031,MED016,48
GR008353,PO008148,2026-02-17,ST031,MED023,72
GR008354,PO008302,2026-02-17,ST032,MED009,72
GR008355,PO008495,2026-02-17,ST032,MED011,66
GR008356,PO008706,2026-02-17,ST032,MED012,60
GR008357,PO008496,2026-02-17,ST032,MED015,72
GR008358,PO008151,2026-02-17,ST032,MED016,48
GR008359,PO008710,2026-02-17,ST033,MED001,72
GR008360,PO008154,2026-02-17,ST033,MED002,72
GR008361,PO008712,2026-02-17,ST033,MED017,72
GR008362,PO008307,2026-02-17,ST034,MED001,72
GR008363,PO008718,2026-02-17,ST034,MED002,60
GR008364,PO008308,2026-02-17,ST034,MED007,24
GR008365,PO008721,2026-02-17,ST034,MED009,60
GR008366,PO008311,2026-02-17,ST034,MED014,48
GR008367,PO008312,2026-02-17,ST034,MED016,48
GR008368,PO008160,2026-02-17,ST034,MED022,48
GR008369,PO008162,2026-02-17,ST034,MED025,36
GR008370,PO008510,2026-02-17,ST034,MED029,48
GR008371,PO008165,2026-02-17,ST034,MED030,30
GR008372,PO008511,2026-02-17,ST035,MED002,66
GR008373,PO008512,2026-02-17,ST035,MED006,60
GR008374,PO008167,2026-02-17,ST035,MED011,60
GR008375,PO008725,2026-02-17,ST035,MED024,72
GR008376,PO008515,2026-02-17,ST035,MED025,36
GR008377,PO008314,2026-02-17,ST036,MED001,72
GR008378,PO008517,2026-02-17,ST036,MED005,72
GR008379,PO007989,2026-02-17,ST036,MED010,24
GR008380,PO008518,2026-02-17,ST036,MED014,48
GR008381,PO008171,2026-02-17,ST036,MED019,24
GR008382,PO008316,2026-02-17,ST036,MED023,72
GR008383,PO007660,2026-02-17,ST036,MED026,72
GR008384,PO008519,2026-02-17,ST036,MED027,72
GR008385,PO008174,2026-02-17,ST036,MED029,72
GR008386,PO008175,2026-02-17,ST037,MED001,72
GR008387,PO008522,2026-02-17,ST037,MED004,48
GR008388,PO008732,2026-02-17,ST037,MED011,60
GR008389,PO008319,2026-02-17,ST037,MED016,48
GR008390,PO008736,2026-02-17,ST038,MED003,24
GR008391,PO008526,2026-02-17,ST038,MED005,72
GR008392,PO008180,2026-02-17,ST038,MED006,60
GR008393,PO008186,2026-02-17,ST039,MED008,24
GR008394,PO008740,2026-02-17,ST039,MED010,24
GR008395,PO008536,2026-02-17,ST039,MED018,48
GR008396,PO008328,2026-02-17,ST040,MED002,66
GR008397,PO008744,2026-02-17,ST040,MED009,60
GR008398,PO008745,2026-02-17,ST040,MED012,60
GR008399,PO008540,2026-02-17,ST040,MED022,48
GR008400,PO008190,2026-02-18,ST001,MED011,66
GR008401,PO008337,2026-02-18,ST001,MED017,72
GR008402,PO008547,2026-02-18,ST001,MED025,36
GR008403,PO008548,2026-02-18,ST001,MED028,48
GR008404,PO008549,2026-02-18,ST001,MED030,30
GR008405,PO008338,2026-02-18,ST002,MED001,72
GR008406,PO008554,2026-02-18,ST003,MED003,24
GR008407,PO008752,2026-02-18,ST003,MED005,72
GR008408,PO008556,2026-02-18,ST003,MED017,72
GR008409,PO008558,2026-02-18,ST003,MED022,42
GR008410,PO008199,2026-02-18,ST003,MED028,48
GR008411,PO008347,2026-02-18,ST003,MED030,30
GR008412,PO007842,2026-02-18,ST004,MED012,60
GR008413,PO008351,2026-02-18,ST004,MED013,48
GR008414,PO008203,2026-02-18,ST004,MED021,66
GR008415,PO008204,2026-02-18,ST004,MED022,36
GR008416,PO008355,2026-02-18,ST004,MED030,30
GR008417,PO008566,2026-02-18,ST005,MED003,24
GR008418,PO008757,2026-02-18,ST005,MED005,72
GR008419,PO008569,2026-02-18,ST005,MED009,60
GR008420,PO008758,2026-02-18,ST005,MED012,72
GR008421,PO008212,2026-02-18,ST005,MED030,30
GR008422,PO008762,2026-02-18,ST006,MED002,60
GR008423,PO008360,2026-02-18,ST006,MED007,24
GR008424,PO008215,2026-02-18,ST006,MED016,48
GR008425,PO008574,2026-02-18,ST006,MED021,66
GR008426,PO008768,2026-02-18,ST006,MED024,72
GR008427,PO008769,2026-02-18,ST006,MED025,48
GR008428,PO008576,2026-02-18,ST006,MED028,48
GR008429,PO007693,2026-02-18,ST006,MED029,48
GR008430,PO008363,2026-02-18,ST007,MED010,24
GR008431,PO008579,2026-02-18,ST007,MED017,72
GR008432,PO007697,2026-02-18,ST007,MED022,42
GR008433,PO008581,2026-02-18,ST007,MED025,36
GR008434,PO008218,2026-02-18,ST007,MED026,72
GR008435,PO008774,2026-02-18,ST008,MED002,66
GR008436,PO008366,2026-02-18,ST008,MED005,72
GR008437,PO008367,2026-02-18,ST008,MED011,66
GR008438,PO008583,2026-02-18,ST008,MED012,60
GR008439,PO008368,2026-02-18,ST008,MED019,24
GR008440,PO008220,2026-02-18,ST008,MED024,72
GR008441,PO008221,2026-02-18,ST008,MED025,36
GR008442,PO008776,2026-02-18,ST009,MED010,24
GR008443,PO008589,2026-02-18,ST009,MED014,48
GR008444,PO008222,2026-02-18,ST009,MED015,72
GR008445,PO008224,2026-02-18,ST009,MED024,72
GR008446,PO008228,2026-02-18,ST010,MED012,72
GR008447,PO008380,2026-02-18,ST010,MED013,36
GR008448,PO008229,2026-02-18,ST010,MED015,72
GR008449,PO008595,2026-02-18,ST010,MED027,72
GR008450,PO008231,2026-02-18,ST011,MED007,24
GR008451,PO008234,2026-02-18,ST011,MED019,24
GR008452,PO008387,2026-02-18,ST011,MED030,36
GR008453,PO008390,2026-02-18,ST012,MED005,84
GR008454,PO008789,2026-02-18,ST012,MED009,60
GR008455,PO008395,2026-02-18,ST012,MED014,48
GR008456,PO008396,2026-02-18,ST012,MED017,72
GR008457,PO008607,2026-02-18,ST012,MED020,48
GR008458,PO008609,2026-02-18,ST012,MED023,72
GR008459,PO008242,2026-02-18,ST013,MED001,72
GR008460,PO008790,2026-02-18,ST013,MED003,24
GR008461,PO008400,2026-02-18,ST013,MED004,60
GR008462,PO008615,2026-02-18,ST013,MED014,48
GR008463,PO008617,2026-02-18,ST013,MED024,72
GR008464,PO008066,2026-02-18,ST014,MED010,24
GR008465,PO008407,2026-02-18,ST014,MED011,72
GR008466,PO008618,2026-02-18,ST014,MED023,72
GR008467,PO008249,2026-02-18,ST014,MED029,72
GR008468,PO008620,2026-02-18,ST015,MED024,72
GR008469,PO008251,2026-02-18,ST015,MED025,36
GR008470,PO008252,2026-02-18,ST016,MED002,66
GR008471,PO008254,2026-02-18,ST016,MED010,24
GR008472,PO008801,2026-02-18,ST016,MED014,48
GR008473,PO008623,2026-02-18,ST016,MED015,72
GR008474,PO008625,2026-02-18,ST016,MED029,72
GR008475,PO008626,2026-02-18,ST017,MED003,24
GR008476,PO008415,2026-02-18,ST017,MED006,72
GR008477,PO008807,2026-02-18,ST017,MED011,72
GR008478,PO008258,2026-02-18,ST017,MED016,48
GR008479,PO008810,2026-02-18,ST017,MED026,72
GR008480,PO008811,2026-02-18,ST017,MED027,72
GR008481,PO007907,2026-02-18,ST018,MED002,60
GR008482,PO007909,2026-02-18,ST018,MED007,24
GR008483,PO008259,2026-02-18,ST018,MED009,60
GR008484,PO008261,2026-02-18,ST018,MED020,48
GR008485,PO008422,2026-02-18,ST018,MED022,42
GR008486,PO008636,2026-02-18,ST018,MED024,72
GR008487,PO008264,2026-02-18,ST019,MED007,24
GR008488,PO008640,2026-02-18,ST019,MED011,66
GR008489,PO008641,2026-02-18,ST019,MED023,72
GR008490,PO008268,2026-02-18,ST019,MED025,36
GR008491,PO008814,2026-02-18,ST019,MED027,84
GR008492,PO008271,2026-02-18,ST020,MED009,60
GR008493,PO008817,2026-02-18,ST020,MED010,24
GR008494,PO008644,2026-02-18,ST020,MED014,48
GR008495,PO008819,2026-02-18,ST020,MED015,72
GR008496,PO008645,2026-02-18,ST020,MED022,48
GR008497,PO008272,2026-02-18,ST020,MED023,72
GR008498,PO008436,2026-02-18,ST021,MED004,48
GR008499,PO008441,2026-02-18,ST021,MED023,60
GR008500,PO008274,2026-02-18,ST021,MED026,72
GR008501,PO008824,2026-02-18,ST022,MED003,24
GR008502,PO008275,2026-02-18,ST022,MED005,72
GR008503,PO008442,2026-02-18,ST022,MED012,60
GR008504,PO008278,2026-02-18,ST022,MED014,48
GR008505,PO008652,2026-02-18,ST022,MED015,72
GR008506,PO008654,2026-02-18,ST023,MED001,72
GR008507,PO008832,2026-02-18,ST023,MED028,48
GR008508,PO008113,2026-02-18,ST024,MED009,72
GR008509,PO008283,2026-02-18,ST024,MED010,24
GR008510,PO008452,2026-02-18,ST024,MED013,48
GR008511,PO008664,2026-02-18,ST024,MED022,42
GR008512,PO008666,2026-02-18,ST024,MED027,72
GR008513,PO008456,2026-02-18,ST024,MED029,72
GR008514,PO008667,2026-02-18,ST024,MED030,30
GR008515,PO008284,2026-02-18,ST025,MED015,72
GR008516,PO008463,2026-02-18,ST025,MED028,48
GR008517,PO008841,2026-02-18,ST026,MED001,72
GR008518,PO008287,2026-02-18,ST026,MED005,72
GR008519,PO008465,2026-02-18,ST026,MED007,24
GR008520,PO007947,2026-02-18,ST026,MED012,72
GR008521,PO008843,2026-02-18,ST026,MED015,96
GR008522,PO008849,2026-02-18,ST027,MED010,36
GR008523,PO008475,2026-02-18,ST027,MED019,24
GR008524,PO008851,2026-02-18,ST027,MED024,72
GR008525,PO008478,2026-02-18,ST027,MED026,72
GR008526,PO008290,2026-02-18,ST027,MED028,48
GR008527,PO008684,2026-02-18,ST028,MED007,24
GR008528,PO008685,2026-02-18,ST028,MED014,48
GR008529,PO008687,2026-02-18,ST028,MED021,54
GR008530,PO008483,2026-02-18,ST028,MED022,42
GR008531,PO008293,2026-02-18,ST028,MED027,72
GR008532,PO008858,2026-02-18,ST029,MED001,72
GR008533,PO008860,2026-02-18,ST029,MED011,60
GR008534,PO008295,2026-02-18,ST029,MED015,72
GR008535,PO008861,2026-02-18,ST029,MED018,48
GR008536,PO008485,2026-02-18,ST029,MED020,48
GR008537,PO008693,2026-02-18,ST029,MED026,72
GR008538,PO008697,2026-02-18,ST030,MED017,72
GR008539,PO008866,2026-02-18,ST030,MED018,48
GR008540,PO008297,2026-02-18,ST030,MED028,48
GR008541,PO008491,2026-02-18,ST031,MED010,24
GR008542,PO008493,2026-02-18,ST031,MED017,60
GR008543,PO008700,2026-02-18,ST031,MED020,48
GR008544,PO008702,2026-02-18,ST031,MED026,96
GR008545,PO008303,2026-02-18,ST032,MED014,48
GR008546,PO008498,2026-02-18,ST032,MED020,48
GR008547,PO008874,2026-02-18,ST032,MED022,42
GR008548,PO008708,2026-02-18,ST032,MED025,36
GR008549,PO008711,2026-02-18,ST033,MED003,24
GR008550,PO008155,2026-02-18,ST033,MED004,48
GR008551,PO008876,2026-02-18,ST033,MED005,72
GR008552,PO008877,2026-02-18,ST033,MED008,24
GR008553,PO008305,2026-02-18,ST033,MED015,72
GR008554,PO008502,2026-02-18,ST033,MED020,48
GR008555,PO008503,2026-02-18,ST033,MED021,60
GR008556,PO008713,2026-02-18,ST033,MED022,48
GR008557,PO008716,2026-02-18,ST033,MED027,72
GR008558,PO008720,2026-02-18,ST034,MED004,48
GR008559,PO008722,2026-02-18,ST034,MED011,60
GR008560,PO008310,2026-02-18,ST034,MED012,72
GR008561,PO008508,2026-02-18,ST034,MED023,72
GR008562,PO008723,2026-02-18,ST035,MED005,60
GR008563,PO008513,2026-02-18,ST035,MED008,24
GR008564,PO008883,2026-02-18,ST035,MED009,60
GR008565,PO008886,2026-02-18,ST035,MED030,30
GR008566,PO008727,2026-02-18,ST036,MED002,66
GR008567,PO008889,2026-02-18,ST036,MED013,48
GR008568,PO008891,2026-02-18,ST036,MED020,48
GR008569,PO008729,2026-02-18,ST036,MED022,42
GR008570,PO008731,2026-02-18,ST037,MED007,24
GR008571,PO008733,2026-02-18,ST037,MED012,60
GR008572,PO008320,2026-02-18,ST037,MED020,48
GR008573,PO008525,2026-02-18,ST037,MED026,72
GR008574,PO008735,2026-02-18,ST037,MED027,72
GR008575,PO008321,2026-02-18,ST037,MED030,30
GR008576,PO008322,2026-02-18,ST038,MED002,66
GR008577,PO008527,2026-02-18,ST038,MED007,24
GR008578,PO008897,2026-02-18,ST038,MED010,24
GR008579,PO008898,2026-02-18,ST038,MED012,60
GR008580,PO008899,2026-02-18,ST038,MED015,72
GR008581,PO007997,2026-02-18,ST038,MED020,48
GR008582,PO008324,2026-02-18,ST038,MED026,72
GR008583,PO008738,2026-02-18,ST038,MED028,48
GR008584,PO008739,2026-02-18,ST039,MED001,72
GR008585,PO008534,2026-02-18,ST039,MED013,36
GR008586,PO008326,2026-02-18,ST039,MED015,72
GR008587,PO008743,2026-02-18,ST039,MED025,36
GR008588,PO008327,2026-02-18,ST039,MED030,30
GR008589,PO008538,2026-02-18,ST040,MED004,48
GR008590,PO008909,2026-02-18,ST040,MED007,24
GR008591,PO008542,2026-02-18,ST040,MED028,48
GR008592,PO008915,2026-02-19,ST001,MED001,72
GR008593,PO008332,2026-02-19,ST001,MED003,24
GR008594,PO008544,2026-02-19,ST001,MED019,24
GR008595,PO008545,2026-02-19,ST001,MED021,54
GR008596,PO008546,2026-02-19,ST001,MED024,72
GR008597,PO008919,2026-02-19,ST001,MED027,72
GR008598,PO008749,2026-02-19,ST001,MED029,72
GR008599,PO008920,2026-02-19,ST002,MED002,66
GR008600,PO008921,2026-02-19,ST002,MED003,24
GR008601,PO008550,2026-02-19,ST002,MED005,72
GR008602,PO008340,2026-02-19,ST002,MED006,60
GR008603,PO008342,2026-02-19,ST002,MED011,72
GR008604,PO008551,2026-02-19,ST002,MED015,72
GR008605,PO008922,2026-02-19,ST002,MED018,48
GR008606,PO008923,2026-02-19,ST002,MED020,48
GR008607,PO008344,2026-02-19,ST003,MED010,36
GR008608,PO008197,2026-02-19,ST003,MED025,36
GR008609,PO008348,2026-02-19,ST004,MED005,60
GR008610,PO008561,2026-02-19,ST004,MED009,60
GR008611,PO008350,2026-02-19,ST004,MED011,66
GR008612,PO008352,2026-02-19,ST004,MED019,24
GR008613,PO008930,2026-02-19,ST004,MED020,48
GR008614,PO008564,2026-02-19,ST004,MED024,84
GR008615,PO008931,2026-02-19,ST004,MED026,72
GR008616,PO008353,2026-02-19,ST004,MED028,48
GR008617,PO008356,2026-02-19,ST005,MED002,66
GR008618,PO007846,2026-02-19,ST005,MED004,48
GR008619,PO008208,2026-02-19,ST005,MED015,72
GR008620,PO008358,2026-02-19,ST005,MED020,48
GR008621,PO008933,2026-02-19,ST005,MED021,54
GR008622,PO008935,2026-02-19,ST006,MED004,48
GR008623,PO008572,2026-02-19,ST006,MED008,24
GR008624,PO008936,2026-02-19,ST006,MED010,24
GR008625,PO008763,2026-02-19,ST006,MED011,66
GR008626,PO008939,2026-02-19,ST006,MED019,24
GR008627,PO008575,2026-02-19,ST006,MED027,84
GR008628,PO008577,2026-02-19,ST007,MED005,60
GR008629,PO008365,2026-02-19,ST008,MED003,24
GR008630,PO008582,2026-02-19,ST008,MED004,48
GR008631,PO008587,2026-02-19,ST009,MED006,60
GR008632,PO008374,2026-02-19,ST009,MED020,48
GR008633,PO008375,2026-02-19,ST009,MED023,60
GR008634,PO008590,2026-02-19,ST009,MED027,72
GR008635,PO008591,2026-02-19,ST009,MED028,48
GR008636,PO008592,2026-02-19,ST010,MED005,72
GR008637,PO008378,2026-02-19,ST010,MED009,60
GR008638,PO008949,2026-02-19,ST010,MED020,48
GR008639,PO008781,2026-02-19,ST010,MED025,36
GR008640,PO008383,2026-02-19,ST010,MED026,72
GR008641,PO008596,2026-02-19,ST010,MED028,48
GR008642,PO008385,2026-02-19,ST011,MED008,24
GR008643,PO008787,2026-02-19,ST011,MED012,60
GR008644,PO008952,2026-02-19,ST011,MED020,48
GR008645,PO008386,2026-02-19,ST011,MED022,36
GR008646,PO008388,2026-02-19,ST012,MED001,72
GR008647,PO008954,2026-02-19,ST012,MED002,60
GR008648,PO008391,2026-02-19,ST012,MED006,72
GR008649,PO008392,2026-02-19,ST012,MED007,24
GR008650,PO008393,2026-02-19,ST012,MED008,24
GR008651,PO008394,2026-02-19,ST012,MED010,24
GR008652,PO008236,2026-02-19,ST012,MED011,66
GR008653,PO008397,2026-02-19,ST012,MED018,48
GR008654,PO008398,2026-02-19,ST012,MED019,24
GR008655,PO008612,2026-02-19,ST013,MED007,24
GR008656,PO008243,2026-02-19,ST013,MED008,24
GR008657,PO008404,2026-02-19,ST013,MED022,42
GR008658,PO008405,2026-02-19,ST013,MED025,48
GR008659,PO008962,2026-02-19,ST013,MED026,72
GR008660,PO008963,2026-02-19,ST013,MED027,72
GR008661,PO008065,2026-02-19,ST014,MED004,48
GR008662,PO008793,2026-02-19,ST014,MED006,60
GR008663,PO008794,2026-02-19,ST014,MED014,48
GR008664,PO008795,2026-02-19,ST014,MED017,60
GR008665,PO008071,2026-02-19,ST014,MED026,72
GR008666,PO008619,2026-02-19,ST015,MED011,66
GR008667,PO008798,2026-02-19,ST015,MED021,54
GR008668,PO008974,2026-02-19,ST015,MED022,42
GR008669,PO008411,2026-02-19,ST015,MED023,72
GR008670,PO008799,2026-02-19,ST015,MED026,72
GR008671,PO008621,2026-02-19,ST015,MED027,72
GR008672,PO008412,2026-02-19,ST015,MED029,72
GR008673,PO008800,2026-02-19,ST016,MED004,48
GR008674,PO008802,2026-02-19,ST016,MED020,48
GR008675,PO008979,2026-02-19,ST017,MED007,24
GR008676,PO008808,2026-02-19,ST017,MED013,48
GR008677,PO008982,2026-02-19,ST017,MED024,72
GR008678,PO008631,2026-02-19,ST018,MED004,48
GR008679,PO008420,2026-02-19,ST018,MED016,48
GR008680,PO008812,2026-02-19,ST018,MED017,60
GR008681,PO008635,2026-02-19,ST018,MED021,66
GR008682,PO008637,2026-02-19,ST018,MED026,72
GR008683,PO008639,2026-02-19,ST018,MED029,72
GR008684,PO008428,2026-02-19,ST019,MED014,48
GR008685,PO008430,2026-02-19,ST019,MED021,60
GR008686,PO008095,2026-02-19,ST019,MED022,42
GR008687,PO008642,2026-02-19,ST019,MED029,72
GR008688,PO008816,2026-02-19,ST020,MED002,60
GR008689,PO008643,2026-02-19,ST020,MED006,72
GR008690,PO008992,2026-02-19,ST020,MED012,60
GR008691,PO008994,2026-02-19,ST020,MED024,72
GR008692,PO008647,2026-02-19,ST020,MED027,72
GR008693,PO008995,2026-02-19,ST021,MED008,24
GR008694,PO008438,2026-02-19,ST021,MED011,60
GR008695,PO008997,2026-02-19,ST021,MED016,48
GR008696,PO008439,2026-02-19,ST021,MED021,60
GR008697,PO008440,2026-02-19,ST021,MED022,42
GR008698,PO008823,2026-02-19,ST022,MED001,72
GR008699,PO008825,2026-02-19,ST022,MED016,48
GR008700,PO009004,2026-02-19,ST022,MED025,36
GR008701,PO008655,2026-02-19,ST023,MED004,48
GR008702,PO008656,2026-02-19,ST023,MED005,72
GR008703,PO008830,2026-02-19,ST023,MED012,60
GR008704,PO008449,2026-02-19,ST023,MED021,54
GR008705,PO008657,2026-02-19,ST023,MED022,48
GR008706,PO008831,2026-02-19,ST023,MED023,72
GR008707,PO008658,2026-02-19,ST023,MED027,72
GR008708,PO008661,2026-02-19,ST024,MED011,66
GR008709,PO008454,2026-02-19,ST024,MED015,72
GR008710,PO008662,2026-02-19,ST024,MED016,48
GR008711,PO009011,2026-02-19,ST024,MED025,36
GR008712,PO008455,2026-02-19,ST024,MED028,48
GR008713,PO008457,2026-02-19,ST025,MED002,60
GR008714,PO008458,2026-02-19,ST025,MED013,48
GR008715,PO008459,2026-02-19,ST025,MED016,48
GR008716,PO008462,2026-02-19,ST025,MED027,72
GR008717,PO008673,2026-02-19,ST026,MED013,48
GR008718,PO008124,2026-02-19,ST026,MED017,72
GR008719,PO008844,2026-02-19,ST026,MED020,48
GR008720,PO008470,2026-02-19,ST027,MED001,72
GR008721,PO008676,2026-02-19,ST027,MED002,60
GR008722,PO008846,2026-02-19,ST027,MED006,60
GR008723,PO009024,2026-02-19,ST027,MED008,24
GR008724,PO008848,2026-02-19,ST027,MED009,60
GR008725,PO009025,2026-02-19,ST027,MED013,48
GR008726,PO008850,2026-02-19,ST027,MED016,48
GR008727,PO008678,2026-02-19,ST027,MED017,72
GR008728,PO008474,2026-02-19,ST027,MED018,48
GR008729,PO008682,2026-02-19,ST028,MED005,60
GR008730,PO008481,2026-02-19,ST028,MED017,72
GR008731,PO008857,2026-02-19,ST028,MED030,30
GR008732,PO008691,2026-02-19,ST029,MED004,48
GR008733,PO008859,2026-02-19,ST029,MED006,60
GR008734,PO008484,2026-02-19,ST029,MED007,24
GR008735,PO009031,2026-02-19,ST029,MED014,48
GR008736,PO008131,2026-02-19,ST029,MED023,72
GR008737,PO009033,2026-02-19,ST030,MED004,48
GR008738,PO008694,2026-02-19,ST030,MED011,72
GR008739,PO008136,2026-02-19,ST030,MED012,60
GR008740,PO008695,2026-02-19,ST030,MED013,48
GR008741,PO008698,2026-02-19,ST030,MED021,60
GR008742,PO008699,2026-02-19,ST030,MED022,42
GR008743,PO008489,2026-02-19,ST030,MED025,36
GR008744,PO008494,2026-02-19,ST031,MED021,60
GR008745,PO008871,2026-02-19,ST031,MED025,36
GR008746,PO008704,2026-02-19,ST032,MED006,72
GR008747,PO008705,2026-02-19,ST032,MED010,36
GR008748,PO008497,2026-02-19,ST032,MED018,48
GR008749,PO008709,2026-02-19,ST032,MED026,72
GR008750,PO009045,2026-02-19,ST032,MED029,72
GR008751,PO009048,2026-02-19,ST033,MED010,24
GR008752,PO008500,2026-02-19,ST033,MED014,48
GR008753,PO009056,2026-02-19,ST034,MED015,72
GR008754,PO008509,2026-02-19,ST034,MED028,48
GR008755,PO008724,2026-02-19,ST035,MED010,24
GR008756,PO007984,2026-02-19,ST035,MED014,48
GR008757,PO008885,2026-02-19,ST035,MED017,60
GR008758,PO008514,2026-02-19,ST035,MED021,54
GR008759,PO008726,2026-02-19,ST035,MED026,72
GR008760,PO008516,2026-02-19,ST035,MED028,48
GR008761,PO009063,2026-02-19,ST036,MED008,24
GR008762,PO008728,2026-02-19,ST036,MED011,66
GR008763,PO008520,2026-02-19,ST036,MED028,48
GR008764,PO008730,2026-02-19,ST037,MED002,60
GR008765,PO009064,2026-02-19,ST037,MED017,72
GR008766,PO008894,2026-02-19,ST037,MED023,72
GR008767,PO008528,2026-02-19,ST038,MED011,66
GR008768,PO008530,2026-02-19,ST038,MED014,48
GR008769,PO008900,2026-02-19,ST038,MED017,72
GR008770,PO008531,2026-02-19,ST038,MED021,54
GR008771,PO008532,2026-02-19,ST038,MED023,72
GR008772,PO008737,2026-02-19,ST038,MED027,84
GR008773,PO007998,2026-02-19,ST038,MED029,72
GR008774,PO008904,2026-02-19,ST039,MED003,24
GR008775,PO008533,2026-02-19,ST039,MED005,60
GR008776,PO008184,2026-02-19,ST039,MED006,60
GR008777,PO008535,2026-02-19,ST039,MED017,60
GR008778,PO009070,2026-02-19,ST039,MED021,54
GR008779,PO008906,2026-02-19,ST039,MED023,72
GR008780,PO009078,2026-02-19,ST040,MED020,48
GR008781,PO008539,2026-02-19,ST040,MED021,54
GR008782,PO008912,2026-02-19,ST040,MED024,84
GR008783,PO008541,2026-02-19,ST040,MED027,72
GR008784,PO008333,2026-02-20,ST001,MED009,60
GR008785,PO008543,2026-02-20,ST001,MED015,72
GR008786,PO009083,2026-02-20,ST001,MED016,48
GR008787,PO008748,2026-02-20,ST001,MED022,48
GR008788,PO009085,2026-02-20,ST002,MED012,60
GR008789,PO008022,2026-02-20,ST002,MED019,24
GR008790,PO008750,2026-02-20,ST002,MED025,48
GR008791,PO008751,2026-02-20,ST002,MED030,30
GR008792,PO009090,2026-02-20,ST003,MED002,60
GR008793,PO008555,2026-02-20,ST003,MED006,60
GR008794,PO008925,2026-02-20,ST003,MED011,72
GR008795,PO009092,2026-02-20,ST003,MED012,60
GR008796,PO008927,2026-02-20,ST003,MED020,48
GR008797,PO008559,2026-02-20,ST004,MED002,72
GR008798,PO008755,2026-02-20,ST004,MED004,48
GR008799,PO008563,2026-02-20,ST004,MED023,72
GR008800,PO008567,2026-02-20,ST005,MED006,60
GR008801,PO008760,2026-02-20,ST005,MED023,72
GR008802,PO008934,2026-02-20,ST005,MED024,72
GR008803,PO008571,2026-02-20,ST006,MED003,24
GR008804,PO008937,2026-02-20,ST006,MED012,60
GR008805,PO008766,2026-02-20,ST006,MED020,48
GR008806,PO009106,2026-02-20,ST006,MED022,42
GR008807,PO008767,2026-02-20,ST006,MED023,72
GR008808,PO008772,2026-02-20,ST007,MED012,60
GR008809,PO009109,2026-02-20,ST008,MED006,60
GR008810,PO008042,2026-02-20,ST008,MED008,24
GR008811,PO008943,2026-02-20,ST008,MED023,60
GR008812,PO008586,2026-02-20,ST008,MED030,30
GR008813,PO009114,2026-02-20,ST009,MED003,24
GR008814,PO008777,2026-02-20,ST009,MED011,60
GR008815,PO008588,2026-02-20,ST009,MED012,60
GR008816,PO009116,2026-02-20,ST009,MED016,48
GR008817,PO008945,2026-02-20,ST009,MED026,72
GR008818,PO009120,2026-02-20,ST009,MED030,30
GR008819,PO008947,2026-02-20,ST010,MED004,48
GR008820,PO008948,2026-02-20,ST010,MED008,24
GR008821,PO008950,2026-02-20,ST010,MED022,36
GR008822,PO008594,2026-02-20,ST010,MED024,72
GR008823,PO008597,2026-02-20,ST010,MED030,30
GR008824,PO008782,2026-02-20,ST011,MED001,72
GR008825,PO008599,2026-02-20,ST011,MED005,72
GR008826,PO008785,2026-02-20,ST011,MED006,60
GR008827,PO008600,2026-02-20,ST011,MED011,72
GR008828,PO008951,2026-02-20,ST011,MED015,96
GR008829,PO008603,2026-02-20,ST011,MED016,48
GR008830,PO008606,2026-02-20,ST011,MED027,72
GR008831,PO008788,2026-02-20,ST011,MED028,48
GR008832,PO008239,2026-02-20,ST012,MED024,72
GR008833,PO008610,2026-02-20,ST012,MED025,36
GR008834,PO008956,2026-02-20,ST012,MED027,72
GR008835,PO008957,2026-02-20,ST013,MED002,60
GR008836,PO008958,2026-02-20,ST013,MED006,60
GR008837,PO008613,2026-02-20,ST013,MED010,36
GR008838,PO008791,2026-02-20,ST013,MED011,72
GR008839,PO008616,2026-02-20,ST013,MED018,48
GR008840,PO009134,2026-02-20,ST013,MED029,72
GR008841,PO009136,2026-02-20,ST014,MED009,60
GR008842,PO008967,2026-02-20,ST014,MED025,48
GR008843,PO008796,2026-02-20,ST015,MED003,24
GR008844,PO008971,2026-02-20,ST015,MED015,72
GR008845,PO008972,2026-02-20,ST015,MED017,60
GR008846,PO009142,2026-02-20,ST016,MED001,72
GR008847,PO008622,2026-02-20,ST016,MED011,66
GR008848,PO009146,2026-02-20,ST016,MED022,42
GR008849,PO008803,2026-02-20,ST016,MED030,36
GR008850,PO009148,2026-02-20,ST017,MED001,72
GR008851,PO008806,2026-02-20,ST017,MED009,60
GR008852,PO008980,2026-02-20,ST017,MED022,36
GR008853,PO008981,2026-02-20,ST017,MED023,72
GR008854,PO009150,2026-02-20,ST018,MED005,60
GR008855,PO008632,2026-02-20,ST018,MED010,24
GR008856,PO008984,2026-02-20,ST018,MED025,48
GR008857,PO008985,2026-02-20,ST019,MED004,48
GR008858,PO008813,2026-02-20,ST019,MED006,72
GR008859,PO008987,2026-02-20,ST019,MED015,72
GR008860,PO009155,2026-02-20,ST019,MED016,48
GR008861,PO008989,2026-02-20,ST020,MED001,72
GR008862,PO009156,2026-02-20,ST020,MED003,24
GR008863,PO008821,2026-02-20,ST020,MED021,66
GR008864,PO008646,2026-02-20,ST020,MED026,72
GR008865,PO008822,2026-02-20,ST020,MED028,48
GR008866,PO009001,2026-02-20,ST021,MED029,72
GR008867,PO009002,2026-02-20,ST022,MED007,24
GR008868,PO008651,2026-02-20,ST022,MED011,60
GR008869,PO008828,2026-02-20,ST023,MED009,60
GR008870,PO009172,2026-02-20,ST023,MED015,72
GR008871,PO008447,2026-02-20,ST023,MED017,72
GR008872,PO009005,2026-02-20,ST023,MED020,48
GR008873,PO008659,2026-02-20,ST023,MED029,48
GR008874,PO008835,2026-02-20,ST024,MED002,60
GR008875,PO009008,2026-02-20,ST024,MED018,48
GR008876,PO008663,2026-02-20,ST024,MED020,48
GR008877,PO008836,2026-02-20,ST025,MED001,72
GR008878,PO009012,2026-02-20,ST025,MED008,24
GR008879,PO009181,2026-02-20,ST025,MED022,48
GR008880,PO008669,2026-02-20,ST025,MED025,36
GR008881,PO008670,2026-02-20,ST025,MED030,30
GR008882,PO008672,2026-02-20,ST026,MED009,60
GR008883,PO009183,2026-02-20,ST026,MED011,66
GR008884,PO008675,2026-02-20,ST026,MED024,72
GR008885,PO008845,2026-02-20,ST026,MED026,72
GR008886,PO009023,2026-02-20,ST026,MED030,30
GR008887,PO008847,2026-02-20,ST027,MED007,24
GR008888,PO009187,2026-02-20,ST027,MED011,60
GR008889,PO009188,2026-02-20,ST027,MED012,60
GR008890,PO009026,2026-02-20,ST027,MED014,48
GR008891,PO008853,2026-02-20,ST028,MED002,66
GR008892,PO008854,2026-02-20,ST028,MED011,66
GR008893,PO008686,2026-02-20,ST028,MED019,24
GR008894,PO008688,2026-02-20,ST028,MED026,72
GR008895,PO008689,2026-02-20,ST029,MED002,72
GR008896,PO008692,2026-02-20,ST029,MED025,36
GR008897,PO008862,2026-02-20,ST029,MED030,30
GR008898,PO008865,2026-02-20,ST030,MED008,24
GR008899,PO009034,2026-02-20,ST030,MED009,60
GR008900,PO008696,2026-02-20,ST030,MED015,72
GR008901,PO008867,2026-02-20,ST030,MED019,24
GR008902,PO009035,2026-02-20,ST030,MED024,72
GR008903,PO009037,2026-02-20,ST031,MED003,24
GR008904,PO009203,2026-02-20,ST031,MED004,48
GR008905,PO009204,2026-02-20,ST031,MED005,72
GR008906,PO008868,2026-02-20,ST031,MED006,60
GR008907,PO008870,2026-02-20,ST031,MED018,48
GR008908,PO008701,2026-02-20,ST031,MED024,72
GR008909,PO009039,2026-02-20,ST031,MED027,72
GR008910,PO008873,2026-02-20,ST032,MED013,48
GR008911,PO008707,2026-02-20,ST032,MED017,72
GR008912,PO008875,2026-02-20,ST032,MED027,72
GR008913,PO009046,2026-02-20,ST032,MED030,30
GR008914,PO009051,2026-02-20,ST033,MED019,24
GR008915,PO008714,2026-02-20,ST033,MED024,72
GR008916,PO008715,2026-02-20,ST033,MED026,72
GR008917,PO008306,2026-02-20,ST033,MED028,48
GR008918,PO008717,2026-02-20,ST033,MED030,30
GR008919,PO008719,2026-02-20,ST034,MED003,24
GR008920,PO008881,2026-02-20,ST034,MED020,48
GR008921,PO009061,2026-02-20,ST035,MED015,72
GR008922,PO008888,2026-02-20,ST036,MED009,60
GR008923,PO008734,2026-02-20,ST037,MED013,48
GR008924,PO008892,2026-02-20,ST037,MED015,72
GR008925,PO008893,2026-02-20,ST037,MED022,42
GR008926,PO008896,2026-02-20,ST038,MED009,60
GR008927,PO008741,2026-02-20,ST039,MED014,48
GR008928,PO009071,2026-02-20,ST039,MED022,42
GR008929,PO008907,2026-02-20,ST039,MED024,72
GR008930,PO009072,2026-02-20,ST039,MED027,72
GR008931,PO009073,2026-02-20,ST040,MED001,72
GR008932,PO008908,2026-02-20,ST040,MED003,24
GR008933,PO009237,2026-02-20,ST040,MED013,48
GR008934,PO009238,2026-02-20,ST040,MED014,48
GR008935,PO009074,2026-02-20,ST040,MED015,72
GR008936,PO009075,2026-02-20,ST040,MED016,48
GR008937,PO008911,2026-02-20,ST040,MED023,60
GR008938,PO008746,2026-02-20,ST040,MED025,36
GR008939,PO008747,2026-02-20,ST040,MED026,72
GR008940,PO008913,2026-02-20,ST040,MED029,72
GR008941,PO009239,2026-02-21,ST001,MED005,72
GR008942,PO009080,2026-02-21,ST001,MED006,72
GR008943,PO008918,2026-02-21,ST001,MED026,72
GR008944,PO009084,2026-02-21,ST002,MED007,24
GR008945,PO009087,2026-02-21,ST002,MED021,60
GR008946,PO008924,2026-02-21,ST002,MED029,72
GR008947,PO008753,2026-02-21,ST003,MED009,60
GR008948,PO008754,2026-02-21,ST003,MED023,60
GR008949,PO009094,2026-02-21,ST003,MED026,72
GR008950,PO009252,2026-02-21,ST004,MED001,72
GR008951,PO009253,2026-02-21,ST004,MED003,24
GR008952,PO009096,2026-02-21,ST004,MED014,48
GR008953,PO008756,2026-02-21,ST004,MED018,48
GR008954,PO008570,2026-02-21,ST005,MED010,24
GR008955,PO009099,2026-02-21,ST005,MED011,66
GR008956,PO008759,2026-02-21,ST005,MED016,48
GR008957,PO008761,2026-02-21,ST005,MED027,72
GR008958,PO009262,2026-02-21,ST005,MED029,72
GR008959,PO008361,2026-02-21,ST006,MED009,72
GR008960,PO008764,2026-02-21,ST006,MED013,36
GR008961,PO008938,2026-02-21,ST006,MED015,72
GR008962,PO008765,2026-02-21,ST006,MED017,60
GR008963,PO008940,2026-02-21,ST007,MED001,72
GR008964,PO008770,2026-02-21,ST007,MED004,48
GR008965,PO009270,2026-02-21,ST007,MED008,24
GR008966,PO008771,2026-02-21,ST007,MED011,60
GR008967,PO008580,2026-02-21,ST007,MED021,60
GR008968,PO008942,2026-02-21,ST007,MED029,48
GR008969,PO008773,2026-02-21,ST008,MED001,72
GR008970,PO009275,2026-02-21,ST008,MED016,48
GR008971,PO008775,2026-02-21,ST009,MED004,48
GR008972,PO008371,2026-02-21,ST009,MED005,60
GR008973,PO008944,2026-02-21,ST009,MED025,36
GR008974,PO008779,2026-02-21,ST010,MED003,24
GR008975,PO008377,2026-02-21,ST010,MED007,24
GR008976,PO009281,2026-02-21,ST010,MED013,48
GR008977,PO009122,2026-02-21,ST010,MED018,48
GR008978,PO008780,2026-02-21,ST010,MED019,24
GR008979,PO008783,2026-02-21,ST011,MED002,66
GR008980,PO009123,2026-02-21,ST011,MED009,60
GR008981,PO008786,2026-02-21,ST011,MED010,24
GR008982,PO009124,2026-02-21,ST011,MED017,72
GR008983,PO009125,2026-02-21,ST011,MED029,72
GR008984,PO009126,2026-02-21,ST012,MED004,48
GR008985,PO009128,2026-02-21,ST012,MED013,48
GR008986,PO008611,2026-02-21,ST012,MED026,72
GR008987,PO008960,2026-02-21,ST013,MED013,48
GR008988,PO009295,2026-02-21,ST013,MED016,48
GR008989,PO008792,2026-02-21,ST013,MED017,72
GR008990,PO008961,2026-02-21,ST013,MED023,72
GR008991,PO009298,2026-02-21,ST014,MED005,60
GR008992,PO008965,2026-02-21,ST014,MED020,48
GR008993,PO009139,2026-02-21,ST015,MED004,48
GR008994,PO009140,2026-02-21,ST015,MED007,24
GR008995,PO008970,2026-02-21,ST015,MED010,24
GR008996,PO008797,2026-02-21,ST015,MED016,48
GR008997,PO008973,2026-02-21,ST015,MED020,48
GR008998,PO009141,2026-02-21,ST015,MED028,48
GR008999,PO008975,2026-02-21,ST015,MED030,30
GR009000,PO009304,2026-02-21,ST016,MED010,24
GR009001,PO009307,2026-02-21,ST016,MED019,24
GR009002,PO009147,2026-02-21,ST016,MED024,72
GR009003,PO009309,2026-02-21,ST016,MED025,36
GR009004,PO008978,2026-02-21,ST017,MED002,66
GR009005,PO008804,2026-02-21,ST017,MED004,48
GR009006,PO008809,2026-02-21,ST017,MED021,54
GR009007,PO008983,2026-02-21,ST017,MED030,30
GR009008,PO009317,2026-02-21,ST018,MED011,72
GR009009,PO009319,2026-02-21,ST018,MED013,36
GR009010,PO008634,2026-02-21,ST018,MED015,72
GR009011,PO009323,2026-02-21,ST018,MED030,30
GR009012,PO009324,2026-02-21,ST019,MED002,60
GR009013,PO008815,2026-02-21,ST019,MED030,30
GR009014,PO008818,2026-02-21,ST020,MED013,48
GR009015,PO008820,2026-02-21,ST020,MED017,72
GR009016,PO009337,2026-02-21,ST020,MED022,42
GR009017,PO009159,2026-02-21,ST020,MED029,72
GR009018,PO009162,2026-02-21,ST021,MED010,24
GR009019,PO008996,2026-02-21,ST021,MED013,48
GR009020,PO008999,2026-02-21,ST021,MED020,48
GR009021,PO009340,2026-02-21,ST021,MED027,72
GR009022,PO009344,2026-02-21,ST022,MED019,24
GR009023,PO008826,2026-02-21,ST022,MED020,48
GR009024,PO008827,2026-02-21,ST022,MED023,72
GR009025,PO009170,2026-02-21,ST023,MED002,66
GR009026,PO008444,2026-02-21,ST023,MED003,24
GR009027,PO008829,2026-02-21,ST023,MED011,60
GR009028,PO009349,2026-02-21,ST023,MED018,48
GR009029,PO009350,2026-02-21,ST023,MED024,72
GR009030,PO009173,2026-02-21,ST023,MED026,72
GR009031,PO008833,2026-02-21,ST023,MED030,30
GR009032,PO008834,2026-02-21,ST024,MED001,72
GR009033,PO009006,2026-02-21,ST024,MED007,24
GR009034,PO009175,2026-02-21,ST024,MED008,24
GR009035,PO008837,2026-02-21,ST025,MED005,60
GR009036,PO009180,2026-02-21,ST025,MED007,24
GR009037,PO008838,2026-02-21,ST025,MED009,60
GR009038,PO008839,2026-02-21,ST025,MED010,24
GR009039,PO009013,2026-02-21,ST025,MED011,60
GR009040,PO009014,2026-02-21,ST025,MED012,60
GR009041,PO009355,2026-02-21,ST025,MED015,72
GR009042,PO008840,2026-02-21,ST025,MED017,60
GR009043,PO009015,2026-02-21,ST025,MED021,60
GR009044,PO009017,2026-02-21,ST026,MED002,60
GR009045,PO009019,2026-02-21,ST026,MED006,60
GR009046,PO008842,2026-02-21,ST026,MED014,48
GR009047,PO009358,2026-02-21,ST026,MED018,48
GR009048,PO009359,2026-02-21,ST026,MED022,42
GR009049,PO009022,2026-02-21,ST026,MED027,72
GR009050,PO009185,2026-02-21,ST026,MED028,48
GR009051,PO008469,2026-02-21,ST026,MED029,72
GR009052,PO009361,2026-02-21,ST027,MED004,60
GR009053,PO008677,2026-02-21,ST027,MED015,72
GR009054,PO009362,2026-02-21,ST027,MED020,48
GR009055,PO008681,2026-02-21,ST027,MED029,72
GR009056,PO009027,2026-02-21,ST028,MED010,24
GR009057,PO008855,2026-02-21,ST028,MED023,72
GR009058,PO008856,2026-02-21,ST028,MED025,36
GR009059,PO009028,2026-02-21,ST029,MED008,24
GR009060,PO009029,2026-02-21,ST029,MED010,24
GR009061,PO009030,2026-02-21,ST029,MED012,60
GR009062,PO009032,2026-02-21,ST029,MED016,48
GR009063,PO009367,2026-02-21,ST029,MED022,42
GR009064,PO009368,2026-02-21,ST029,MED029,72
GR009065,PO009199,2026-02-21,ST030,MED003,24
GR009066,PO008863,2026-02-21,ST030,MED006,60
GR009067,PO008864,2026-02-21,ST030,MED007,24
GR009068,PO009371,2026-02-21,ST030,MED016,48
GR009069,PO009036,2026-02-21,ST030,MED030,30
GR009070,PO009205,2026-02-21,ST031,MED009,60
GR009071,PO008869,2026-02-21,ST031,MED013,48
GR009072,PO009208,2026-02-21,ST031,MED015,72
GR009073,PO009373,2026-02-21,ST031,MED023,60
GR009074,PO009041,2026-02-21,ST031,MED030,30
GR009075,PO008703,2026-02-21,ST032,MED002,66
GR009076,PO009377,2026-02-21,ST032,MED011,60
GR009077,PO009379,2026-02-21,ST032,MED016,48
GR009078,PO009210,2026-02-21,ST032,MED024,72
GR009079,PO009047,2026-02-21,ST033,MED007,24
GR009080,PO008878,2026-02-21,ST033,MED009,60
GR009081,PO008879,2026-02-21,ST033,MED011,60
GR009082,PO009049,2026-02-21,ST033,MED012,60
GR009083,PO009050,2026-02-21,ST033,MED013,48
GR009084,PO008501,2026-02-21,ST033,MED016,48
GR009085,PO008880,2026-02-21,ST033,MED018,48
GR009086,PO009052,2026-02-21,ST033,MED023,60
GR009087,PO009054,2026-02-21,ST034,MED005,72
GR009088,PO009211,2026-02-21,ST034,MED006,60
GR009089,PO009055,2026-02-21,ST034,MED008,24
GR009090,PO009388,2026-02-21,ST034,MED011,60
GR009091,PO009058,2026-02-21,ST034,MED018,48
GR009092,PO009218,2026-02-21,ST035,MED004,48
GR009093,PO009219,2026-02-21,ST035,MED011,66
GR009094,PO008884,2026-02-21,ST035,MED012,60
GR009095,PO009220,2026-02-21,ST035,MED018,48
GR009096,PO008887,2026-02-21,ST036,MED003,24
GR009097,PO009221,2026-02-21,ST036,MED004,48
GR009098,PO009222,2026-02-21,ST036,MED006,60
GR009099,PO009223,2026-02-21,ST036,MED016,48
GR009100,PO009396,2026-02-21,ST036,MED024,72
GR009101,PO009399,2026-02-21,ST037,MED009,60
GR009102,PO009401,2026-02-21,ST037,MED018,48
GR009103,PO008895,2026-02-21,ST037,MED025,48
GR009104,PO009225,2026-02-21,ST037,MED028,48
GR009105,PO008902,2026-02-21,ST038,MED022,48
GR009106,PO009068,2026-02-21,ST039,MED002,66
GR009107,PO009069,2026-02-21,ST039,MED011,60
GR009108,PO008742,2026-02-21,ST039,MED016,48
GR009109,PO009231,2026-02-21,ST039,MED019,24
GR009110,PO008905,2026-02-21,ST039,MED020,48
GR009111,PO008537,2026-02-21,ST039,MED029,72
GR009112,PO009234,2026-02-21,ST040,MED005,72
GR009113,PO009236,2026-02-21,ST040,MED008,24
GR009114,PO008910,2026-02-21,ST040,MED011,72
GR009115,PO009076,2026-02-21,ST040,MED017,72
GR009116,PO009077,2026-02-21,ST040,MED018,48
GR009117,PO009414,2026-02-21,ST040,MED019,24
GR009118,PO008914,2026-02-21,ST040,MED030,30
GR009119,PO008916,2026-02-22,ST001,MED004,48
GR009120,PO008917,2026-02-22,ST001,MED023,72
GR009121,PO009419,2026-02-22,ST001,MED030,30
GR009122,PO009242,2026-02-22,ST002,MED009,60
GR009123,PO009422,2026-02-22,ST002,MED017,72
GR009124,PO008553,2026-02-22,ST002,MED028,48
GR009125,PO009089,2026-02-22,ST003,MED001,72
GR009126,PO009091,2026-02-22,ST003,MED004,60
GR009127,PO009246,2026-02-22,ST003,MED008,24
GR009128,PO009248,2026-02-22,ST003,MED014,48
GR009129,PO008926,2026-02-22,ST003,MED018,48
GR009130,PO009251,2026-02-22,ST003,MED030,30
GR009131,PO008928,2026-02-22,ST004,MED006,60
GR009132,PO009429,2026-02-22,ST004,MED011,60
GR009133,PO009255,2026-02-22,ST004,MED016,48
GR009134,PO009434,2026-02-22,ST005,MED002,60
GR009135,PO008932,2026-02-22,ST005,MED013,48
GR009136,PO009260,2026-02-22,ST005,MED022,42
GR009137,PO009104,2026-02-22,ST006,MED005,72
GR009138,PO009264,2026-02-22,ST006,MED014,48
GR009139,PO009265,2026-02-22,ST006,MED021,54
GR009140,PO009266,2026-02-22,ST006,MED026,72
GR009141,PO009268,2026-02-22,ST006,MED030,36
GR009142,PO009107,2026-02-22,ST007,MED002,60
GR009143,PO009271,2026-02-22,ST007,MED015,72
GR009144,PO008941,2026-02-22,ST007,MED023,72
GR009145,PO009441,2026-02-22,ST007,MED028,48
GR009146,PO009110,2026-02-22,ST008,MED009,60
GR009147,PO009443,2026-02-22,ST008,MED010,24
GR009148,PO009445,2026-02-22,ST008,MED017,60
GR009149,PO009113,2026-02-22,ST008,MED026,72
GR009150,PO008778,2026-02-22,ST009,MED017,60
GR009151,PO009117,2026-02-22,ST009,MED018,48
GR009152,PO009450,2026-02-22,ST009,MED024,72
GR009153,PO008946,2026-02-22,ST009,MED029,72
GR009154,PO009452,2026-02-22,ST010,MED009,60
GR009155,PO009454,2026-02-22,ST010,MED011,60
GR009156,PO009455,2026-02-22,ST010,MED014,48
GR009157,PO009282,2026-02-22,ST010,MED015,72
GR009158,PO008953,2026-02-22,ST011,MED024,72
GR009159,PO009127,2026-02-22,ST012,MED012,60
GR009160,PO008955,2026-02-22,ST012,MED015,72
GR009161,PO009289,2026-02-22,ST012,MED016,48
GR009162,PO009290,2026-02-22,ST012,MED017,60
GR009163,PO008608,2026-02-22,ST012,MED021,60
GR009164,PO009129,2026-02-22,ST012,MED028,48
GR009165,PO009465,2026-02-22,ST013,MED004,48
GR009166,PO008959,2026-02-22,ST013,MED009,60
GR009167,PO009294,2026-02-22,ST013,MED012,60
GR009168,PO008402,2026-02-22,ST013,MED015,96
GR009169,PO009468,2026-02-22,ST013,MED024,84
GR009170,PO009297,2026-02-22,ST014,MED002,66
GR009171,PO009299,2026-02-22,ST014,MED013,48
GR009172,PO008968,2026-02-22,ST014,MED027,72
GR009173,PO008969,2026-02-22,ST015,MED005,72
GR009174,PO009301,2026-02-22,ST015,MED006,60
GR009175,PO008977,2026-02-22,ST016,MED007,24
GR009176,PO009306,2026-02-22,ST016,MED017,72
GR009177,PO009145,2026-02-22,ST016,MED018,48
GR009178,PO009308,2026-02-22,ST016,MED023,72
GR009179,PO009310,2026-02-22,ST016,MED027,72
GR009180,PO008805,2026-02-22,ST017,MED005,72
GR009181,PO009481,2026-02-22,ST017,MED018,48
GR009182,PO009314,2026-02-22,ST018,MED007,24
GR009183,PO009316,2026-02-22,ST018,MED009,60
GR009184,PO009318,2026-02-22,ST018,MED012,60
GR009185,PO009321,2026-02-22,ST018,MED023,72
GR009186,PO009322,2026-02-22,ST018,MED027,72
GR009187,PO009326,2026-02-22,ST019,MED007,24
GR009188,PO009152,2026-02-22,ST019,MED009,60
GR009189,PO009329,2026-02-22,ST019,MED017,72
GR009190,PO008988,2026-02-22,ST019,MED020,48
GR009191,PO009491,2026-02-22,ST019,MED021,60
GR009192,PO008991,2026-02-22,ST020,MED005,72
GR009193,PO009334,2026-02-22,ST020,MED009,60
GR009194,PO009157,2026-02-22,ST020,MED011,66
GR009195,PO009496,2026-02-22,ST021,MED002,60
GR009196,PO009497,2026-02-22,ST021,MED005,72
GR009197,PO009161,2026-02-22,ST021,MED006,60
GR009198,PO009164,2026-02-22,ST021,MED018,48
GR009199,PO008998,2026-02-22,ST021,MED019,24
GR009200,PO009166,2026-02-22,ST022,MED004,48
GR009201,PO009342,2026-02-22,ST022,MED009,60
GR009202,PO009003,2026-02-22,ST022,MED010,24
GR009203,PO008443,2026-02-22,ST022,MED017,72
GR009204,PO009345,2026-02-22,ST022,MED021,54
GR009205,PO009168,2026-02-22,ST022,MED027,72
GR009206,PO009169,2026-02-22,ST022,MED030,30
GR009207,PO009174,2026-02-22,ST024,MED003,24
GR009208,PO009505,2026-02-22,ST024,MED005,72
GR009209,PO009352,2026-02-22,ST024,MED010,36
GR009210,PO009353,2026-02-22,ST024,MED012,60
GR009211,PO009007,2026-02-22,ST024,MED017,72
GR009212,PO009010,2026-02-22,ST024,MED021,60
GR009213,PO009177,2026-02-22,ST024,MED026,72
GR009214,PO009016,2026-02-22,ST025,MED023,72
GR009215,PO009515,2026-02-22,ST025,MED029,48
GR009216,PO008671,2026-02-22,ST026,MED003,24
GR009217,PO009018,2026-02-22,ST026,MED004,48
GR009218,PO009356,2026-02-22,ST026,MED005,60
GR009219,PO009020,2026-02-22,ST026,MED010,24
GR009220,PO009184,2026-02-22,ST026,MED016,48
GR009221,PO009021,2026-02-22,ST026,MED019,24
GR009222,PO009360,2026-02-22,ST027,MED003,24
GR009223,PO009189,2026-02-22,ST027,MED021,60
GR009224,PO009190,2026-02-22,ST027,MED023,72
GR009225,PO008852,2026-02-22,ST028,MED001,72
GR009226,PO009364,2026-02-22,ST028,MED009,60
GR009227,PO009365,2026-02-22,ST028,MED028,48
GR009228,PO009529,2026-02-22,ST029,MED005,60
GR009229,PO009366,2026-02-22,ST029,MED017,72
GR009230,PO009370,2026-02-22,ST030,MED010,24
GR009231,PO009534,2026-02-22,ST030,MED020,48
GR009232,PO009038,2026-02-22,ST031,MED022,42
GR009233,PO009042,2026-02-22,ST032,MED001,72
GR009234,PO009375,2026-02-22,ST032,MED003,24
GR009235,PO009043,2026-02-22,ST032,MED007,24
GR009236,PO009380,2026-02-22,ST032,MED023,72
GR009237,PO009381,2026-02-22,ST032,MED028,48
GR009238,PO008499,2026-02-22,ST033,MED006,60
GR009239,PO009384,2026-02-22,ST033,MED015,72
GR009240,PO009543,2026-02-22,ST033,MED021,60
GR009241,PO009053,2026-02-22,ST033,MED029,72
GR009242,PO009385,2026-02-22,ST034,MED001,72
GR009243,PO009546,2026-02-22,ST034,MED004,48
GR009244,PO009387,2026-02-22,ST034,MED010,24
GR009245,PO009212,2026-02-22,ST034,MED013,60
GR009246,PO009390,2026-02-22,ST034,MED021,60
GR009247,PO009060,2026-02-22,ST034,MED027,84
GR009248,PO009215,2026-02-22,ST034,MED029,72
GR009249,PO009217,2026-02-22,ST035,MED001,72
GR009250,PO009062,2026-02-22,ST035,MED016,48
GR009251,PO009395,2026-02-22,ST036,MED012,60
GR009252,PO008890,2026-02-22,ST036,MED015,72
GR009253,PO009552,2026-02-22,ST036,MED021,60
GR009254,PO009557,2026-02-22,ST037,MED006,60
GR009255,PO009400,2026-02-22,ST037,MED016,48
GR009256,PO009065,2026-02-22,ST037,MED024,72
GR009257,PO009226,2026-02-22,ST037,MED029,72
GR009258,PO009227,2026-02-22,ST038,MED004,48
GR009259,PO009067,2026-02-22,ST038,MED019,24
GR009260,PO009406,2026-02-22,ST038,MED024,72
GR009261,PO009229,2026-02-22,ST039,MED004,48
GR009262,PO009230,2026-02-22,ST039,MED012,60
GR009263,PO009569,2026-02-22,ST039,MED015,96
GR009264,PO009232,2026-02-22,ST039,MED026,72
GR009265,PO009081,2026-02-23,ST001,MED007,24
GR009266,PO009082,2026-02-23,ST001,MED010,24
GR009267,PO009416,2026-02-23,ST001,MED011,66
GR009268,PO009576,2026-02-23,ST001,MED013,48
GR009269,PO009418,2026-02-23,ST001,MED020,48
GR009270,PO009577,2026-02-23,ST001,MED025,36
GR009271,PO009580,2026-02-23,ST002,MED006,60
GR009272,PO009241,2026-02-23,ST002,MED008,24
GR009273,PO009088,2026-02-23,ST002,MED023,72
GR009274,PO009582,2026-02-23,ST002,MED024,72
GR009275,PO009249,2026-02-23,ST003,MED015,72
GR009276,PO009093,2026-02-23,ST003,MED016,48
GR009277,PO009424,2026-02-23,ST003,MED024,84
GR009278,PO009095,2026-02-23,ST003,MED027,72
GR009279,PO009254,2026-02-23,ST004,MED012,60
GR009280,PO009097,2026-02-23,ST004,MED015,72
GR009281,PO009590,2026-02-23,ST004,MED017,60
GR009282,PO009431,2026-02-23,ST004,MED021,60
GR009283,PO009098,2026-02-23,ST004,MED022,42
GR009284,PO009435,2026-02-23,ST005,MED009,60
GR009285,PO009258,2026-02-23,ST005,MED014,48
GR009286,PO009599,2026-02-23,ST005,MED024,72
GR009287,PO009102,2026-02-23,ST005,MED026,72
GR009288,PO009261,2026-02-23,ST005,MED028,48
GR009289,PO009263,2026-02-23,ST005,MED030,36
GR009290,PO009600,2026-02-23,ST006,MED002,72
GR009291,PO009601,2026-02-23,ST006,MED004,48
GR009292,PO009105,2026-02-23,ST006,MED006,60
GR009293,PO009602,2026-02-23,ST006,MED007,24
GR009294,PO009605,2026-02-23,ST006,MED013,36
GR009295,PO009607,2026-02-23,ST006,MED023,60
GR009296,PO009610,2026-02-23,ST006,MED028,48
GR009297,PO009269,2026-02-23,ST007,MED006,60
GR009298,PO009439,2026-02-23,ST007,MED019,24
GR009299,PO009108,2026-02-23,ST007,MED030,30
GR009300,PO009111,2026-02-23,ST008,MED013,48
GR009301,PO009112,2026-02-23,ST008,MED020,48
GR009302,PO009447,2026-02-23,ST008,MED025,36
GR009303,PO009277,2026-02-23,ST009,MED001,72
GR009304,PO009448,2026-02-23,ST009,MED002,66
GR009305,PO009118,2026-02-23,ST009,MED021,54
GR009306,PO009119,2026-02-23,ST009,MED022,42
GR009307,PO009280,2026-02-23,ST010,MED002,66
GR009308,PO009626,2026-02-23,ST010,MED012,60
GR009309,PO009283,2026-02-23,ST010,MED016,48
GR009310,PO009285,2026-02-23,ST010,MED021,60
GR009311,PO009628,2026-02-23,ST010,MED025,36
GR009312,PO009629,2026-02-23,ST010,MED026,72
GR009313,PO009630,2026-02-23,ST010,MED027,72
GR009314,PO008784,2026-02-23,ST011,MED004,48
GR009315,PO009633,2026-02-23,ST011,MED005,60
GR009316,PO009459,2026-02-23,ST011,MED021,54
GR009317,PO009288,2026-02-23,ST011,MED026,72
GR009318,PO009639,2026-02-23,ST011,MED030,36
GR009319,PO009644,2026-02-23,ST012,MED011,72
GR009320,PO009291,2026-02-23,ST012,MED022,42
GR009321,PO009464,2026-02-23,ST012,MED023,60
GR009322,PO009646,2026-02-23,ST012,MED024,72
GR009323,PO009292,2026-02-23,ST012,MED029,72
GR009324,PO009293,2026-02-23,ST013,MED001,72
GR009325,PO009131,2026-02-23,ST013,MED005,60
GR009326,PO009650,2026-02-23,ST013,MED008,24
GR009327,PO009132,2026-02-23,ST013,MED020,48
GR009328,PO009133,2026-02-23,ST013,MED021,54
GR009329,PO009652,2026-02-23,ST013,MED025,36
GR009330,PO009296,2026-02-23,ST013,MED028,48
GR009331,PO009135,2026-02-23,ST013,MED030,36
GR009332,PO009469,2026-02-23,ST014,MED003,24
GR009333,PO009657,2026-02-23,ST014,MED012,60
GR009334,PO009472,2026-02-23,ST014,MED022,42
GR009335,PO009659,2026-02-23,ST014,MED026,72
GR009336,PO009300,2026-02-23,ST014,MED030,30
GR009337,PO009137,2026-02-23,ST015,MED001,72
GR009338,PO009138,2026-02-23,ST015,MED002,60
GR009339,PO009474,2026-02-23,ST015,MED014,48
GR009340,PO008976,2026-02-23,ST016,MED005,72
GR009341,PO009144,2026-02-23,ST016,MED006,60
GR009342,PO009303,2026-02-23,ST016,MED009,60
GR009343,PO009669,2026-02-23,ST017,MED006,72
GR009344,PO009311,2026-02-23,ST017,MED008,24
GR009345,PO009671,2026-02-23,ST017,MED016,48
GR009346,PO009149,2026-02-23,ST017,MED020,48
GR009347,PO008630,2026-02-23,ST017,MED028,48
GR009348,PO009312,2026-02-23,ST018,MED002,72
GR009349,PO009673,2026-02-23,ST018,MED004,48
GR009350,PO009486,2026-02-23,ST018,MED018,48
GR009351,PO009487,2026-02-23,ST018,MED020,48
GR009352,PO009151,2026-02-23,ST019,MED001,72
GR009353,PO009681,2026-02-23,ST019,MED004,48
GR009354,PO008986,2026-02-23,ST019,MED005,60
GR009355,PO009153,2026-02-23,ST019,MED010,24
GR009356,PO009328,2026-02-23,ST019,MED013,48
GR009357,PO009493,2026-02-23,ST020,MED002,60
GR009358,PO008990,2026-02-23,ST020,MED004,48
GR009359,PO009333,2026-02-23,ST020,MED007,24
GR009360,PO009158,2026-02-23,ST020,MED018,48
GR009361,PO009335,2026-02-23,ST020,MED019,24
GR009362,PO009498,2026-02-23,ST021,MED007,24
GR009363,PO009692,2026-02-23,ST021,MED009,60
GR009364,PO009339,2026-02-23,ST021,MED012,60
GR009365,PO009163,2026-02-23,ST021,MED017,72
GR009366,PO009165,2026-02-23,ST021,MED025,36
GR009367,PO009698,2026-02-23,ST022,MED011,60
GR009368,PO009700,2026-02-23,ST022,MED024,72
GR009369,PO009167,2026-02-23,ST022,MED026,72
GR009370,PO009502,2026-02-23,ST023,MED004,48
GR009371,PO009705,2026-02-23,ST023,MED013,48
GR009372,PO009351,2026-02-23,ST024,MED004,48
GR009373,PO009009,2026-02-23,ST024,MED019,24
GR009374,PO009178,2026-02-23,ST025,MED004,48
GR009375,PO009716,2026-02-23,ST025,MED013,48
GR009376,PO009512,2026-02-23,ST025,MED019,24
GR009377,PO009182,2026-02-23,ST025,MED024,72
GR009378,PO009719,2026-02-23,ST025,MED025,36
GR009379,PO009720,2026-02-23,ST025,MED028,48
GR009380,PO009721,2026-02-23,ST025,MED030,36
GR009381,PO009520,2026-02-23,ST027,MED002,66
GR009382,PO009186,2026-02-23,ST027,MED005,72
GR009383,PO009521,2026-02-23,ST027,MED009,60
GR009384,PO009522,2026-02-23,ST027,MED022,42
GR009385,PO009191,2026-02-23,ST027,MED025,36
GR009386,PO009192,2026-02-23,ST027,MED030,30
GR009387,PO009363,2026-02-23,ST028,MED004,48
GR009388,PO009734,2026-02-23,ST028,MED007,24
GR009389,PO009194,2026-02-23,ST028,MED016,48
GR009390,PO009530,2026-02-23,ST029,MED013,48
GR009391,PO009739,2026-02-23,ST029,MED019,24
GR009392,PO009532,2026-02-23,ST029,MED021,54
GR009393,PO009196,2026-02-23,ST029,MED024,72
GR009394,PO009742,2026-02-23,ST029,MED027,72
GR009395,PO009197,2026-02-23,ST029,MED028,48
GR009396,PO009533,2026-02-23,ST030,MED001,72
GR009397,PO009198,2026-02-23,ST030,MED002,60
GR009398,PO009369,2026-02-23,ST030,MED005,72
GR009399,PO009744,2026-02-23,ST030,MED012,60
GR009400,PO009200,2026-02-23,ST030,MED023,72
GR009401,PO009372,2026-02-23,ST030,MED026,72
GR009402,PO009201,2026-02-23,ST030,MED029,72
GR009403,PO009535,2026-02-23,ST031,MED001,72
GR009404,PO009202,2026-02-23,ST031,MED002,66
GR009405,PO009206,2026-02-23,ST031,MED011,72
GR009406,PO009207,2026-02-23,ST031,MED012,60
GR009407,PO009209,2026-02-23,ST032,MED004,48
GR009408,PO008872,2026-02-23,ST032,MED005,72
GR009409,PO009758,2026-02-23,ST032,MED030,36
GR009410,PO009759,2026-02-23,ST033,MED001,72
GR009411,PO009542,2026-02-23,ST033,MED020,48
GR009412,PO009761,2026-02-23,ST033,MED022,48
GR009413,PO009763,2026-02-23,ST033,MED026,72
GR009414,PO009764,2026-02-23,ST033,MED027,84
GR009415,PO009386,2026-02-23,ST034,MED009,60
GR009416,PO009391,2026-02-23,ST034,MED022,48
GR009417,PO008882,2026-02-23,ST034,MED024,72
GR009418,PO009214,2026-02-23,ST034,MED025,48
GR009419,PO009059,2026-02-23,ST034,MED026,72
GR009420,PO009216,2026-02-23,ST034,MED030,30
GR009421,PO009769,2026-02-23,ST035,MED007,24
GR009422,PO009772,2026-02-23,ST035,MED021,60
GR009423,PO009394,2026-02-23,ST035,MED029,72
GR009424,PO009774,2026-02-23,ST036,MED001,72
GR009425,PO009775,2026-02-23,ST036,MED005,60
GR009426,PO009224,2026-02-23,ST036,MED018,48
GR009427,PO009556,2026-02-23,ST037,MED004,48
GR009428,PO009402,2026-02-23,ST037,MED021,60
GR009429,PO009784,2026-02-23,ST037,MED030,30
GR009430,PO009403,2026-02-23,ST038,MED002,60
GR009431,PO009228,2026-02-23,ST038,MED006,60
GR009432,PO009560,2026-02-23,ST038,MED008,24
GR009433,PO009561,2026-02-23,ST038,MED011,60
GR009434,PO009786,2026-02-23,ST038,MED013,48
GR009435,PO009404,2026-02-23,ST038,MED016,48
GR009436,PO008901,2026-02-23,ST038,MED018,48
GR009437,PO009405,2026-02-23,ST038,MED020,48
GR009438,PO009787,2026-02-23,ST038,MED023,72
GR009439,PO008903,2026-02-23,ST038,MED025,36
GR009440,PO009566,2026-02-23,ST039,MED006,60
GR009441,PO009408,2026-02-23,ST039,MED007,24
GR009442,PO009409,2026-02-23,ST039,MED009,60
GR009443,PO009410,2026-02-23,ST039,MED013,48
GR009444,PO009411,2026-02-23,ST039,MED028,48
GR009445,PO009233,2026-02-23,ST040,MED002,66
GR009446,PO009572,2026-02-23,ST040,MED009,60
GR009447,PO009573,2026-02-23,ST040,MED010,24
GR009448,PO009415,2026-02-23,ST040,MED021,54
GR009449,PO009791,2026-02-23,ST040,MED022,42
GR009450,PO009793,2026-02-23,ST040,MED024,72
GR009451,PO009795,2026-02-23,ST040,MED026,72
GR009452,PO009240,2026-02-24,ST001,MED008,24
GR009453,PO009797,2026-02-24,ST001,MED009,60
GR009454,PO009420,2026-02-24,ST002,MED001,72
GR009455,PO009579,2026-02-24,ST002,MED005,60
GR009456,PO009243,2026-02-24,ST002,MED014,48
GR009457,PO009086,2026-02-24,ST002,MED016,48
GR009458,PO009244,2026-02-24,ST002,MED022,36
GR009459,PO009245,2026-02-24,ST002,MED027,72
GR009460,PO009804,2026-02-24,ST002,MED030,30
GR009461,PO009805,2026-02-24,ST003,MED005,72
GR009462,PO009583,2026-02-24,ST003,MED006,60
GR009463,PO009247,2026-02-24,ST003,MED013,48
GR009464,PO009585,2026-02-24,ST003,MED019,24
GR009465,PO009250,2026-02-24,ST003,MED021,60
GR009466,PO009586,2026-02-24,ST003,MED022,42
GR009467,PO009588,2026-02-24,ST003,MED028,48
GR009468,PO009426,2026-02-24,ST004,MED005,72
GR009469,PO008929,2026-02-24,ST004,MED007,24
GR009470,PO009811,2026-02-24,ST004,MED019,24
GR009471,PO009812,2026-02-24,ST004,MED023,72
GR009472,PO009813,2026-02-24,ST004,MED026,72
GR009473,PO009432,2026-02-24,ST004,MED027,72
GR009474,PO009814,2026-02-24,ST004,MED028,48
GR009475,PO009257,2026-02-24,ST005,MED001,72
GR009476,PO009594,2026-02-24,ST005,MED005,72
GR009477,PO009595,2026-02-24,ST005,MED006,60
GR009478,PO009436,2026-02-24,ST005,MED015,72
GR009479,PO009100,2026-02-24,ST005,MED017,72
GR009480,PO009259,2026-02-24,ST005,MED019,24
GR009481,PO009103,2026-02-24,ST006,MED001,72
GR009482,PO009820,2026-02-24,ST006,MED008,24
GR009483,PO009604,2026-02-24,ST006,MED012,60
GR009484,PO009606,2026-02-24,ST006,MED016,48
GR009485,PO009824,2026-02-24,ST006,MED020,48
GR009486,PO009608,2026-02-24,ST006,MED024,72
GR009487,PO009825,2026-02-24,ST006,MED025,48
GR009488,PO009272,2026-02-24,ST007,MED018,48
GR009489,PO009831,2026-02-24,ST008,MED001,72
GR009490,PO009832,2026-02-24,ST008,MED002,66
GR009491,PO009274,2026-02-24,ST008,MED015,72
GR009492,PO009446,2026-02-24,ST008,MED021,60
GR009493,PO009620,2026-02-24,ST009,MED006,60
GR009494,PO009278,2026-02-24,ST009,MED007,24
GR009495,PO009115,2026-02-24,ST009,MED008,24
GR009496,PO009449,2026-02-24,ST009,MED013,48
GR009497,PO009121,2026-02-24,ST010,MED001,72
GR009498,PO009453,2026-02-24,ST010,MED010,24
GR009499,PO009456,2026-02-24,ST010,MED023,72
GR009500,PO009627,2026-02-24,ST010,MED024,84
GR009501,PO009631,2026-02-24,ST010,MED029,72
GR009502,PO009845,2026-02-24,ST010,MED030,30
GR009503,PO009634,2026-02-24,ST011,MED006,60
GR009504,PO009286,2026-02-24,ST011,MED018,48
GR009505,PO009637,2026-02-24,ST011,MED019,24
GR009506,PO009287,2026-02-24,ST011,MED023,72
GR009507,PO009851,2026-02-24,ST011,MED028,48
GR009508,PO009641,2026-02-24,ST012,MED003,24
GR009509,PO009642,2026-02-24,ST012,MED005,72
GR009510,PO009461,2026-02-24,ST012,MED009,60
GR009511,PO009853,2026-02-24,ST012,MED013,36
GR009512,PO009856,2026-02-24,ST013,MED007,24
GR009513,PO009859,2026-02-24,ST013,MED017,60
GR009514,PO008964,2026-02-24,ST014,MED016,48
GR009515,PO008966,2026-02-24,ST014,MED021,60
GR009516,PO009302,2026-02-24,ST015,MED012,60
GR009517,PO009864,2026-02-24,ST015,MED013,48
GR009518,PO009662,2026-02-24,ST015,MED021,54
GR009519,PO009663,2026-02-24,ST015,MED025,36
GR009520,PO009143,2026-02-24,ST016,MED003,24
GR009521,PO009664,2026-02-24,ST016,MED011,60
GR009522,PO009665,2026-02-24,ST016,MED012,72
GR009523,PO009666,2026-02-24,ST016,MED013,48
GR009524,PO009305,2026-02-24,ST016,MED016,48
GR009525,PO009476,2026-02-24,ST016,MED021,60
GR009526,PO009873,2026-02-24,ST017,MED014,48
GR009527,PO009876,2026-02-24,ST017,MED022,42
GR009528,PO009877,2026-02-24,ST017,MED025,48
GR009529,PO009878,2026-02-24,ST017,MED027,84
GR009530,PO009483,2026-02-24,ST017,MED029,48
GR009531,PO009313,2026-02-24,ST018,MED003,24
GR009532,PO009315,2026-02-24,ST018,MED008,24
GR009533,PO009676,2026-02-24,ST018,MED017,60
GR009534,PO009677,2026-02-24,ST018,MED019,24
GR009535,PO009320,2026-02-24,ST018,MED022,36
GR009536,PO009678,2026-02-24,ST018,MED024,72
GR009537,PO009680,2026-02-24,ST018,MED028,48
GR009538,PO009325,2026-02-24,ST019,MED003,24
GR009539,PO009327,2026-02-24,ST019,MED008,24
GR009540,PO009883,2026-02-24,ST019,MED015,96
GR009541,PO009684,2026-02-24,ST019,MED023,72
GR009542,PO009330,2026-02-24,ST019,MED024,72
GR009543,PO009332,2026-02-24,ST019,MED028,48
GR009544,PO009889,2026-02-24,ST020,MED014,48
GR009545,PO009890,2026-02-24,ST020,MED017,60
GR009546,PO009336,2026-02-24,ST020,MED020,48
GR009547,PO009690,2026-02-24,ST020,MED024,72
GR009548,PO009494,2026-02-24,ST020,MED025,48
GR009549,PO009495,2026-02-24,ST020,MED027,72
GR009550,PO009691,2026-02-24,ST021,MED003,24
GR009551,PO009693,2026-02-24,ST021,MED011,72
GR009552,PO009694,2026-02-24,ST021,MED014,48
GR009553,PO009000,2026-02-24,ST021,MED024,72
GR009554,PO009697,2026-02-24,ST022,MED005,72
GR009555,PO009341,2026-02-24,ST022,MED008,24
GR009556,PO009897,2026-02-24,ST022,MED013,48
GR009557,PO009343,2026-02-24,ST022,MED018,48
GR009558,PO009703,2026-02-24,ST023,MED005,60
GR009559,PO009704,2026-02-24,ST023,MED006,60
GR009560,PO009503,2026-02-24,ST023,MED007,24
GR009561,PO009902,2026-02-24,ST023,MED017,72
GR009562,PO009504,2026-02-24,ST023,MED021,54
GR009563,PO009708,2026-02-24,ST024,MED006,60
GR009564,PO009506,2026-02-24,ST024,MED009,60
GR009565,PO009509,2026-02-24,ST024,MED022,36
GR009566,PO009176,2026-02-24,ST024,MED023,72
GR009567,PO009712,2026-02-24,ST024,MED024,72
GR009568,PO009715,2026-02-24,ST024,MED029,72
GR009569,PO009908,2026-02-24,ST025,MED001,72
GR009570,PO009354,2026-02-24,ST025,MED002,60
GR009571,PO009511,2026-02-24,ST025,MED014,48
GR009572,PO009915,2026-02-24,ST026,MED002,72
GR009573,PO009916,2026-02-24,ST026,MED006,60
GR009574,PO009516,2026-02-24,ST026,MED012,60
GR009575,PO009724,2026-02-24,ST026,MED013,48
GR009576,PO009517,2026-02-24,ST026,MED021,60
GR009577,PO009519,2026-02-24,ST026,MED025,36
GR009578,PO009729,2026-02-24,ST027,MED006,72
GR009579,PO009926,2026-02-24,ST027,MED018,48
GR009580,PO009731,2026-02-24,ST027,MED019,24
GR009581,PO009524,2026-02-24,ST027,MED027,72
GR009582,PO009525,2026-02-24,ST027,MED028,48
GR009583,PO009193,2026-02-24,ST028,MED013,36
GR009584,PO009928,2026-02-24,ST028,MED017,60
GR009585,PO009735,2026-02-24,ST028,MED024,72
GR009586,PO009930,2026-02-24,ST028,MED025,36
GR009587,PO009528,2026-02-24,ST028,MED027,72
GR009588,PO009736,2026-02-24,ST028,MED029,48
GR009589,PO009195,2026-02-24,ST029,MED009,60
GR009590,PO009935,2026-02-24,ST029,MED011,66
GR009591,PO009531,2026-02-24,ST029,MED015,72
GR009592,PO009938,2026-02-24,ST030,MED006,60
GR009593,PO009745,2026-02-24,ST030,MED014,48
GR009594,PO009939,2026-02-24,ST030,MED015,72
GR009595,PO009748,2026-02-24,ST030,MED022,42
GR009596,PO009752,2026-02-24,ST031,MED014,48
GR009597,PO009753,2026-02-24,ST031,MED016,48
GR009598,PO009537,2026-02-24,ST031,MED017,72
GR009599,PO009538,2026-02-24,ST031,MED019,24
GR009600,PO009946,2026-02-24,ST031,MED025,36
GR009601,PO009374,2026-02-24,ST031,MED028,48
GR009602,PO009040,2026-02-24,ST031,MED029,72
GR009603,PO009376,2026-02-24,ST032,MED008,24
GR009604,PO009754,2026-02-24,ST032,MED012,60
GR009605,PO009378,2026-02-24,ST032,MED015,72
GR009606,PO009756,2026-02-24,ST032,MED020,48
GR009607,PO009541,2026-02-24,ST032,MED025,48
GR009608,PO009955,2026-02-24,ST032,MED027,72
GR009609,PO009382,2026-02-24,ST033,MED002,66
GR009610,PO009956,2026-02-24,ST033,MED003,24
GR009611,PO009383,2026-02-24,ST033,MED004,48
GR009612,PO009962,2026-02-24,ST033,MED012,60
GR009613,PO009765,2026-02-24,ST033,MED030,30
GR009614,PO009547,2026-02-24,ST034,MED007,24
GR009615,PO009766,2026-02-24,ST034,MED012,72
GR009616,PO009389,2026-02-24,ST034,MED019,24
GR009617,PO009972,2026-02-24,ST035,MED005,60
GR009618,PO009548,2026-02-24,ST035,MED022,42
GR009619,PO009393,2026-02-24,ST035,MED023,60
GR009620,PO009773,2026-02-24,ST035,MED025,36
GR009621,PO009551,2026-02-24,ST036,MED017,72
GR009622,PO009555,2026-02-24,ST036,MED026,72
GR009623,PO009397,2026-02-24,ST037,MED001,72
GR009624,PO009779,2026-02-24,ST037,MED002,66
GR009625,PO009398,2026-02-24,ST037,MED005,60
GR009626,PO009558,2026-02-24,ST037,MED026,72
GR009627,PO009066,2026-02-24,ST038,MED001,72
GR009628,PO009559,2026-02-24,ST038,MED005,60
GR009629,PO009788,2026-02-24,ST038,MED029,72
GR009630,PO009564,2026-02-24,ST038,MED030,36
GR009631,PO009565,2026-02-24,ST039,MED001,72
GR009632,PO009570,2026-02-24,ST039,MED017,72
GR009633,PO009412,2026-02-24,ST039,MED030,30
GR009634,PO009413,2026-02-24,ST040,MED004,48
GR009635,PO009235,2026-02-24,ST040,MED006,60
GR009636,PO009997,2026-02-24,ST040,MED007,24
GR009637,PO010001,2026-02-24,ST040,MED016,48
GR009638,PO009794,2026-02-24,ST040,MED025,48
GR009639,PO009796,2026-02-24,ST040,MED028,48
GR009640,PO010003,2026-02-24,ST040,MED030,30
GR009641,PO009417,2026-02-25,ST001,MED012,60
GR009642,PO010004,2026-02-25,ST001,MED015,72
GR009643,PO009798,2026-02-25,ST001,MED017,72
GR009644,PO009800,2026-02-25,ST001,MED021,54
GR009645,PO009578,2026-02-25,ST002,MED004,60
GR009646,PO009581,2026-02-25,ST002,MED011,60
GR009647,PO009421,2026-02-25,ST002,MED013,48
GR009648,PO009423,2026-02-25,ST002,MED026,72
GR009649,PO009806,2026-02-25,ST003,MED007,24
GR009650,PO009807,2026-02-25,ST003,MED009,60
GR009651,PO010011,2026-02-25,ST003,MED020,48
GR009652,PO009809,2026-02-25,ST004,MED002,66
GR009653,PO009427,2026-02-25,ST004,MED009,60
GR009654,PO009428,2026-02-25,ST004,MED010,24
GR009655,PO009430,2026-02-25,ST004,MED013,48
GR009656,PO009592,2026-02-25,ST004,MED025,36
GR009657,PO009433,2026-02-25,ST004,MED029,72
GR009658,PO009256,2026-02-25,ST004,MED030,30
GR009659,PO009815,2026-02-25,ST005,MED003,24
GR009660,PO009596,2026-02-25,ST005,MED008,24
GR009661,PO009598,2026-02-25,ST005,MED018,48
GR009662,PO009437,2026-02-25,ST005,MED020,48
GR009663,PO010018,2026-02-25,ST005,MED022,42
GR009664,PO009817,2026-02-25,ST005,MED023,72
GR009665,PO009101,2026-02-25,ST005,MED025,48
GR009666,PO009819,2026-02-25,ST006,MED003,24
GR009667,PO010023,2026-02-25,ST006,MED021,60
GR009668,PO010025,2026-02-25,ST006,MED026,72
GR009669,PO009611,2026-02-25,ST007,MED003,24
GR009670,PO009826,2026-02-25,ST007,MED009,60
GR009671,PO009438,2026-02-25,ST007,MED013,48
GR009672,PO010030,2026-02-25,ST007,MED021,54
GR009673,PO009612,2026-02-25,ST007,MED022,42
GR009674,PO009273,2026-02-25,ST007,MED024,72
GR009675,PO010031,2026-02-25,ST008,MED004,48
GR009676,PO009833,2026-02-25,ST008,MED005,72
GR009677,PO009442,2026-02-25,ST008,MED007,24
GR009678,PO009444,2026-02-25,ST008,MED011,60
GR009679,PO009615,2026-02-25,ST008,MED018,48
GR009680,PO009616,2026-02-25,ST008,MED019,24
GR009681,PO009618,2026-02-25,ST008,MED024,72
GR009682,PO009835,2026-02-25,ST008,MED027,72
GR009683,PO009276,2026-02-25,ST008,MED028,48
GR009684,PO009619,2026-02-25,ST008,MED029,48
GR009685,PO010032,2026-02-25,ST009,MED003,24
GR009686,PO009621,2026-02-25,ST009,MED009,60
GR009687,PO009622,2026-02-25,ST009,MED010,24
GR009688,PO009623,2026-02-25,ST009,MED020,48
GR009689,PO010036,2026-02-25,ST010,MED003,24
GR009690,PO009451,2026-02-25,ST010,MED006,60
GR009691,PO009284,2026-02-25,ST010,MED017,60
GR009692,PO009846,2026-02-25,ST011,MED002,66
GR009693,PO009458,2026-02-25,ST011,MED013,48
GR009694,PO009849,2026-02-25,ST011,MED020,48
GR009695,PO009460,2026-02-25,ST011,MED022,42
GR009696,PO009638,2026-02-25,ST011,MED027,72
GR009697,PO009852,2026-02-25,ST012,MED002,66
GR009698,PO009643,2026-02-25,ST012,MED006,72
GR009699,PO009462,2026-02-25,ST012,MED010,24
GR009700,PO010047,2026-02-25,ST012,MED014,48
GR009701,PO009130,2026-02-25,ST012,MED030,36
GR009702,PO009649,2026-02-25,ST013,MED002,66
GR009703,PO009855,2026-02-25,ST013,MED006,72
GR009704,PO009651,2026-02-25,ST013,MED011,60
GR009705,PO009857,2026-02-25,ST013,MED013,48
GR009706,PO009466,2026-02-25,ST013,MED019,24
GR009707,PO009467,2026-02-25,ST013,MED022,42
GR009708,PO009653,2026-02-25,ST013,MED026,72
GR009709,PO009861,2026-02-25,ST013,MED027,84
GR009710,PO009470,2026-02-25,ST014,MED004,48
GR009711,PO009655,2026-02-25,ST014,MED008,24
GR009712,PO009862,2026-02-25,ST014,MED011,60
GR009713,PO010060,2026-02-25,ST014,MED023,72
GR009714,PO009863,2026-02-25,ST014,MED028,48
GR009715,PO009473,2026-02-25,ST015,MED008,24
GR009716,PO010062,2026-02-25,ST015,MED009,60
GR009717,PO009865,2026-02-25,ST015,MED023,72
GR009718,PO009475,2026-02-25,ST016,MED002,60
GR009719,PO009668,2026-02-25,ST016,MED026,72
GR009720,PO010067,2026-02-25,ST017,MED002,66
GR009721,PO009670,2026-02-25,ST017,MED011,66
GR009722,PO009479,2026-02-25,ST017,MED012,60
GR009723,PO009480,2026-02-25,ST017,MED015,96
GR009724,PO010068,2026-02-25,ST017,MED023,72
GR009725,PO010069,2026-02-25,ST017,MED024,72
GR009726,PO009485,2026-02-25,ST018,MED006,60
GR009727,PO009879,2026-02-25,ST018,MED014,48
GR009728,PO009488,2026-02-25,ST018,MED021,54
GR009729,PO010073,2026-02-25,ST018,MED023,60
GR009730,PO009882,2026-02-25,ST019,MED006,60
GR009731,PO009489,2026-02-25,ST019,MED011,72
GR009732,PO009154,2026-02-25,ST019,MED012,60
GR009733,PO009682,2026-02-25,ST019,MED018,48
GR009734,PO009490,2026-02-25,ST019,MED019,24
GR009735,PO009683,2026-02-25,ST019,MED022,48
GR009736,PO009884,2026-02-25,ST019,MED029,72
GR009737,PO009885,2026-02-25,ST019,MED030,30
GR009738,PO008993,2026-02-25,ST020,MED016,48
GR009739,PO009338,2026-02-25,ST020,MED023,60
GR009740,PO009892,2026-02-25,ST020,MED026,96
GR009741,PO009160,2026-02-25,ST020,MED030,30
GR009742,PO009500,2026-02-25,ST021,MED028,48
GR009743,PO009699,2026-02-25,ST022,MED012,60
GR009744,PO010082,2026-02-25,ST022,MED016,48
GR009745,PO009702,2026-02-25,ST023,MED001,72
GR009746,PO009171,2026-02-25,ST023,MED008,24
GR009747,PO009346,2026-02-25,ST023,MED010,24
GR009748,PO010085,2026-02-25,ST023,MED011,72
GR009749,PO009901,2026-02-25,ST023,MED012,60
GR009750,PO009347,2026-02-25,ST023,MED014,48
GR009751,PO009348,2026-02-25,ST023,MED016,48
GR009752,PO009903,2026-02-25,ST023,MED022,42
GR009753,PO009706,2026-02-25,ST023,MED025,36
GR009754,PO010088,2026-02-25,ST024,MED001,72
GR009755,PO009709,2026-02-25,ST024,MED011,66
GR009756,PO009710,2026-02-25,ST024,MED013,48
GR009757,PO009507,2026-02-25,ST024,MED014,48
GR009758,PO009711,2026-02-25,ST024,MED016,48
GR009759,PO010089,2026-02-25,ST024,MED020,48
GR009760,PO009713,2026-02-25,ST024,MED025,36
GR009761,PO009510,2026-02-25,ST024,MED030,30
GR009762,PO009910,2026-02-25,ST025,MED005,72
GR009763,PO010092,2026-02-25,ST025,MED012,60
GR009764,PO009717,2026-02-25,ST025,MED016,48
GR009765,PO009914,2026-02-25,ST025,MED021,54
GR009766,PO009513,2026-02-25,ST025,MED026,72
GR009767,PO009357,2026-02-25,ST026,MED008,24
GR009768,PO010095,2026-02-25,ST026,MED011,60
GR009769,PO009725,2026-02-25,ST026,MED017,72
GR009770,PO009518,2026-02-25,ST026,MED023,72
GR009771,PO009727,2026-02-25,ST026,MED026,72
GR009772,PO009728,2026-02-25,ST027,MED001,96
GR009773,PO009921,2026-02-25,ST027,MED010,24
GR009774,PO010100,2026-02-25,ST027,MED023,60
GR009775,PO009523,2026-02-25,ST027,MED026,72
GR009776,PO009733,2026-02-25,ST028,MED003,24
GR009777,PO009526,2026-02-25,ST028,MED015,72
GR009778,PO009527,2026-02-25,ST028,MED018,48
GR009779,PO009929,2026-02-25,ST028,MED021,66
GR009780,PO009931,2026-02-25,ST029,MED002,60
GR009781,PO009936,2026-02-25,ST029,MED020,48
GR009782,PO009937,2026-02-25,ST029,MED025,36
GR009783,PO009750,2026-02-25,ST030,MED028,48
GR009784,PO009751,2026-02-25,ST031,MED007,24
GR009785,PO009536,2026-02-25,ST031,MED008,24
GR009786,PO009539,2026-02-25,ST031,MED021,54
GR009787,PO010113,2026-02-25,ST031,MED027,72
GR009788,PO009950,2026-02-25,ST032,MED006,60
GR009789,PO009952,2026-02-25,ST032,MED017,72
GR009790,PO009953,2026-02-25,ST032,MED018,48
GR009791,PO009044,2026-02-25,ST032,MED021,60
GR009792,PO009757,2026-02-25,ST032,MED026,72
GR009793,PO009544,2026-02-25,ST033,MED025,48
GR009794,PO009965,2026-02-25,ST033,MED028,48
GR009795,PO009545,2026-02-25,ST034,MED002,66
GR009796,PO009767,2026-02-25,ST034,MED014,48
GR009797,PO009969,2026-02-25,ST034,MED015,72
GR009798,PO009057,2026-02-25,ST034,MED017,72
GR009799,PO009970,2026-02-25,ST034,MED020,48
GR009800,PO010122,2026-02-25,ST034,MED021,66
GR009801,PO009768,2026-02-25,ST034,MED028,48
GR009802,PO009971,2026-02-25,ST035,MED002,66
GR009803,PO010125,2026-02-25,ST035,MED019,24
GR009804,PO009549,2026-02-25,ST035,MED027,84
GR009805,PO010127,2026-02-25,ST036,MED004,48
GR009806,PO009977,2026-02-25,ST036,MED009,60
GR009807,PO009550,2026-02-25,ST036,MED010,36
GR009808,PO009978,2026-02-25,ST036,MED011,66
GR009809,PO009554,2026-02-25,ST036,MED025,36
GR009810,PO009777,2026-02-25,ST036,MED027,72
GR009811,PO009778,2026-02-25,ST036,MED030,30
GR009812,PO009980,2026-02-25,ST037,MED007,24
GR009813,PO010129,2026-02-25,ST037,MED008,24
GR009814,PO010131,2026-02-25,ST037,MED015,72
GR009815,PO010133,2026-02-25,ST038,MED003,24
GR009816,PO009986,2026-02-25,ST038,MED015,72
GR009817,PO009987,2026-02-25,ST038,MED017,72
GR009818,PO009562,2026-02-25,ST038,MED021,60
GR009819,PO009988,2026-02-25,ST038,MED027,84
GR009820,PO009989,2026-02-25,ST039,MED002,66
GR009821,PO009990,2026-02-25,ST039,MED003,24
GR009822,PO010136,2026-02-25,ST039,MED004,48
GR009823,PO009567,2026-02-25,ST039,MED008,24
GR009824,PO009568,2026-02-25,ST039,MED010,24
GR009825,PO009789,2026-02-25,ST039,MED018,48
GR009826,PO009993,2026-02-25,ST039,MED024,72
GR009827,PO009996,2026-02-25,ST040,MED003,24
GR009828,PO009574,2026-02-25,ST040,MED012,72
GR009829,PO009792,2026-02-25,ST040,MED023,72
GR009830,PO009575,2026-02-25,ST040,MED027,72
GR009831,PO009079,2026-02-26,ST001,MED002,66
GR009832,PO009802,2026-02-26,ST002,MED010,36
GR009833,PO009803,2026-02-26,ST002,MED015,72
GR009834,PO010010,2026-02-26,ST003,MED012,60
GR009835,PO009584,2026-02-26,ST003,MED017,72
GR009836,PO009589,2026-02-26,ST004,MED004,48
GR009837,PO009810,2026-02-26,ST004,MED008,24
GR009838,PO010013,2026-02-26,ST004,MED020,48
GR009839,PO010158,2026-02-26,ST004,MED022,42
GR009840,PO009591,2026-02-26,ST004,MED024,72
GR009841,PO009593,2026-02-26,ST005,MED004,60
GR009842,PO009816,2026-02-26,ST005,MED007,24
GR009843,PO010015,2026-02-26,ST005,MED011,66
GR009844,PO009597,2026-02-26,ST005,MED012,60
GR009845,PO009818,2026-02-26,ST005,MED027,72
GR009846,PO009603,2026-02-26,ST006,MED011,78
GR009847,PO009822,2026-02-26,ST006,MED015,72
GR009848,PO009267,2026-02-26,ST006,MED029,72
GR009849,PO010162,2026-02-26,ST006,MED030,30
GR009850,PO010163,2026-02-26,ST007,MED004,48
GR009851,PO010026,2026-02-26,ST007,MED005,72
GR009852,PO010027,2026-02-26,ST007,MED007,24
GR009853,PO010028,2026-02-26,ST007,MED010,36
GR009854,PO010164,2026-02-26,ST007,MED012,60
GR009855,PO009829,2026-02-26,ST007,MED020,48
GR009856,PO009613,2026-02-26,ST007,MED025,36
GR009857,PO009440,2026-02-26,ST007,MED027,72
GR009858,PO009834,2026-02-26,ST008,MED012,60
GR009859,PO009617,2026-02-26,ST008,MED022,42
GR009860,PO010166,2026-02-26,ST008,MED023,60
GR009861,PO009840,2026-02-26,ST009,MED012,72
GR009862,PO010033,2026-02-26,ST009,MED014,48
GR009863,PO009624,2026-02-26,ST009,MED023,72
GR009864,PO009625,2026-02-26,ST009,MED027,72
GR009865,PO010171,2026-02-26,ST009,MED030,30
GR009866,PO010037,2026-02-26,ST010,MED004,48
GR009867,PO010038,2026-02-26,ST010,MED007,24
GR009868,PO010039,2026-02-26,ST010,MED020,48
GR009869,PO009632,2026-02-26,ST011,MED001,72
GR009870,PO009635,2026-02-26,ST011,MED007,24
GR009871,PO009636,2026-02-26,ST011,MED012,72
GR009872,PO010048,2026-02-26,ST012,MED015,72
GR009873,PO009645,2026-02-26,ST012,MED019,24
GR009874,PO009647,2026-02-26,ST012,MED025,36
GR009875,PO009648,2026-02-26,ST012,MED027,72
GR009876,PO010182,2026-02-26,ST013,MED001,72
GR009877,PO010052,2026-02-26,ST013,MED005,60
GR009878,PO010055,2026-02-26,ST013,MED018,48
GR009879,PO009860,2026-02-26,ST013,MED023,60
GR009880,PO009654,2026-02-26,ST014,MED001,72
GR009881,PO010056,2026-02-26,ST014,MED006,60
GR009882,PO009656,2026-02-26,ST014,MED010,24
GR009883,PO010058,2026-02-26,ST014,MED017,60
GR009884,PO009658,2026-02-26,ST014,MED024,72
GR009885,PO009660,2026-02-26,ST015,MED011,60
GR009886,PO009661,2026-02-26,ST015,MED018,48
GR009887,PO010065,2026-02-26,ST015,MED019,24
GR009888,PO010066,2026-02-26,ST015,MED030,30
GR009889,PO009869,2026-02-26,ST016,MED008,24
GR009890,PO009667,2026-02-26,ST016,MED015,72
GR009891,PO010194,2026-02-26,ST016,MED022,42
GR009892,PO009478,2026-02-26,ST017,MED010,24
GR009893,PO009874,2026-02-26,ST017,MED017,72
GR009894,PO009875,2026-02-26,ST017,MED021,60
GR009895,PO010071,2026-02-26,ST018,MED005,60
GR009896,PO009674,2026-02-26,ST018,MED010,36
GR009897,PO009675,2026-02-26,ST018,MED016,48
GR009898,PO009881,2026-02-26,ST018,MED029,72
GR009899,PO010205,2026-02-26,ST018,MED030,36
GR009900,PO010207,2026-02-26,ST019,MED005,72
GR009901,PO010208,2026-02-26,ST019,MED007,24
GR009902,PO010075,2026-02-26,ST019,MED009,60
GR009903,PO010209,2026-02-26,ST019,MED014,48
GR009904,PO010211,2026-02-26,ST019,MED017,72
GR009905,PO009331,2026-02-26,ST019,MED025,36
GR009906,PO009886,2026-02-26,ST020,MED001,72
GR009907,PO010212,2026-02-26,ST020,MED002,60
GR009908,PO010076,2026-02-26,ST020,MED005,72
GR009909,PO009686,2026-02-26,ST020,MED006,60
GR009910,PO009687,2026-02-26,ST020,MED010,24
GR009911,PO009888,2026-02-26,ST020,MED013,48
GR009912,PO010079,2026-02-26,ST020,MED028,48
GR009913,PO009499,2026-02-26,ST021,MED023,60
GR009914,PO009695,2026-02-26,ST021,MED026,72
GR009915,PO010220,2026-02-26,ST022,MED010,24
GR009916,PO009898,2026-02-26,ST022,MED015,72
GR009917,PO010222,2026-02-26,ST022,MED027,72
GR009918,PO009701,2026-02-26,ST022,MED028,48
GR009919,PO009899,2026-02-26,ST022,MED029,72
GR009920,PO009904,2026-02-26,ST023,MED023,60
GR009921,PO010228,2026-02-26,ST024,MED018,48
GR009922,PO010229,2026-02-26,ST024,MED026,72
GR009923,PO009714,2026-02-26,ST024,MED027,72
GR009924,PO009179,2026-02-26,ST025,MED006,60
GR009925,PO009912,2026-02-26,ST025,MED017,72
GR009926,PO009913,2026-02-26,ST025,MED018,48
GR009927,PO009718,2026-02-26,ST025,MED020,48
GR009928,PO009514,2026-02-26,ST025,MED027,72
GR009929,PO010094,2026-02-26,ST026,MED004,48
GR009930,PO010238,2026-02-26,ST026,MED005,72
GR009931,PO010239,2026-02-26,ST026,MED007,24
GR009932,PO009723,2026-02-26,ST026,MED009,60
GR009933,PO009917,2026-02-26,ST026,MED010,24
GR009934,PO009918,2026-02-26,ST026,MED015,72
GR009935,PO010243,2026-02-26,ST027,MED002,60
GR009936,PO009920,2026-02-26,ST027,MED007,24
GR009937,PO009923,2026-02-26,ST027,MED012,60
GR009938,PO010098,2026-02-26,ST027,MED013,48
GR009939,PO009924,2026-02-26,ST027,MED015,96
GR009940,PO009730,2026-02-26,ST027,MED017,72
GR009941,PO009732,2026-02-26,ST027,MED024,84
GR009942,PO010101,2026-02-26,ST027,MED029,72
GR009943,PO010102,2026-02-26,ST028,MED002,60
GR009944,PO009927,2026-02-26,ST028,MED006,60
GR009945,PO010105,2026-02-26,ST028,MED011,66
GR009946,PO009738,2026-02-26,ST029,MED004,60
GR009947,PO009933,2026-02-26,ST029,MED007,24
GR009948,PO009934,2026-02-26,ST029,MED010,24
GR009949,PO009740,2026-02-26,ST029,MED023,60
GR009950,PO009741,2026-02-26,ST029,MED026,72
GR009951,PO010256,2026-02-26,ST030,MED008,24
GR009952,PO009743,2026-02-26,ST030,MED011,60
GR009953,PO009746,2026-02-26,ST030,MED017,60
GR009954,PO009940,2026-02-26,ST030,MED024,72
GR009955,PO009749,2026-02-26,ST030,MED027,72
GR009956,PO010260,2026-02-26,ST031,MED002,60
GR009957,PO009942,2026-02-26,ST031,MED006,60
GR009958,PO009944,2026-02-26,ST031,MED020,48
GR009959,PO009945,2026-02-26,ST031,MED024,84
GR009960,PO009948,2026-02-26,ST031,MED030,30
GR009961,PO009949,2026-02-26,ST032,MED002,60
GR009962,PO009755,2026-02-26,ST032,MED019,24
GR009963,PO009957,2026-02-26,ST033,MED005,84
GR009964,PO010115,2026-02-26,ST033,MED006,60
GR009965,PO009958,2026-02-26,ST033,MED008,24
GR009966,PO009961,2026-02-26,ST033,MED011,72
GR009967,PO010118,2026-02-26,ST033,MED016,48
GR009968,PO009964,2026-02-26,ST033,MED023,72
GR009969,PO009762,2026-02-26,ST033,MED024,72
GR009970,PO009966,2026-02-26,ST034,MED003,24
GR009971,PO009967,2026-02-26,ST034,MED005,60
GR009972,PO009968,2026-02-26,ST034,MED006,60
GR009973,PO010281,2026-02-26,ST034,MED009,60
GR009974,PO010120,2026-02-26,ST034,MED011,60
GR009975,PO009213,2026-02-26,ST034,MED016,48
GR009976,PO009392,2026-02-26,ST034,MED023,60
GR009977,PO010284,2026-02-26,ST034,MED027,72
GR009978,PO009973,2026-02-26,ST035,MED006,60
GR009979,PO009974,2026-02-26,ST035,MED008,24
GR009980,PO010286,2026-02-26,ST035,MED010,36
GR009981,PO010287,2026-02-26,ST035,MED011,60
GR009982,PO010288,2026-02-26,ST035,MED012,60
GR009983,PO009770,2026-02-26,ST035,MED013,48
GR009984,PO009771,2026-02-26,ST035,MED020,48
GR009985,PO009975,2026-02-26,ST035,MED026,72
GR009986,PO009976,2026-02-26,ST036,MED002,66
GR009987,PO010292,2026-02-26,ST036,MED014,48
GR009988,PO009553,2026-02-26,ST036,MED022,42
GR009989,PO009776,2026-02-26,ST036,MED023,72
GR009990,PO009979,2026-02-26,ST036,MED029,48
GR009991,PO009780,2026-02-26,ST037,MED011,72
GR009992,PO009781,2026-02-26,ST037,MED012,60
GR009993,PO009782,2026-02-26,ST037,MED019,24
GR009994,PO009783,2026-02-26,ST037,MED020,48
GR009995,PO009983,2026-02-26,ST037,MED022,42
GR009996,PO010132,2026-02-26,ST037,MED023,72
GR009997,PO010296,2026-02-26,ST037,MED024,72
GR009998,PO009785,2026-02-26,ST038,MED007,24
GR009999,PO010301,2026-02-26,ST038,MED028,48
GR010000,PO009991,2026-02-26,ST039,MED011,66
GR010001,PO010137,2026-02-26,ST039,MED012,60
GR010002,PO010303,2026-02-26,ST039,MED013,36
GR010003,PO010138,2026-02-26,ST039,MED016,48
GR010004,PO010304,2026-02-26,ST039,MED019,24
GR010005,PO009992,2026-02-26,ST039,MED021,60
GR010006,PO009994,2026-02-26,ST039,MED027,72
GR010007,PO010140,2026-02-26,ST039,MED029,48
GR010008,PO010307,2026-02-26,ST040,MED002,66
GR010009,PO009999,2026-02-26,ST040,MED013,36
GR010010,PO010000,2026-02-26,ST040,MED015,72
GR010011,PO010311,2026-02-27,ST001,MED003,24
GR010012,PO009799,2026-02-27,ST001,MED018,48
GR010013,PO010005,2026-02-27,ST001,MED019,24
GR010014,PO010146,2026-02-27,ST001,MED022,42
GR010015,PO009801,2026-02-27,ST001,MED024,72
GR010016,PO010007,2026-02-27,ST002,MED002,66
GR010017,PO010149,2026-02-27,ST002,MED007,24
GR010018,PO010152,2026-02-27,ST002,MED025,36
GR010019,PO010154,2026-02-27,ST003,MED002,66
GR010020,PO010009,2026-02-27,ST003,MED011,66
GR010021,PO010322,2026-02-27,ST003,MED021,60
GR010022,PO009808,2026-02-27,ST003,MED023,72
GR010023,PO010157,2026-02-27,ST003,MED026,72
GR010024,PO009425,2026-02-27,ST003,MED029,48
GR010025,PO010325,2026-02-27,ST004,MED003,24
GR010026,PO010327,2026-02-27,ST004,MED012,72
GR010027,PO010330,2026-02-27,ST004,MED021,60
GR010028,PO010331,2026-02-27,ST004,MED027,72
GR010029,PO010332,2026-02-27,ST005,MED001,72
GR010030,PO010159,2026-02-27,ST005,MED002,60
GR010031,PO010335,2026-02-27,ST005,MED026,72
GR010032,PO010161,2026-02-27,ST006,MED006,60
GR010033,PO009821,2026-02-27,ST006,MED010,24
GR010034,PO010342,2026-02-27,ST006,MED014,48
GR010035,PO009823,2026-02-27,ST006,MED017,72
GR010036,PO010024,2026-02-27,ST006,MED022,48
GR010037,PO010029,2026-02-27,ST007,MED011,66
GR010038,PO009828,2026-02-27,ST007,MED017,60
GR010039,PO009830,2026-02-27,ST007,MED026,72
GR010040,PO010346,2026-02-27,ST007,MED029,72
GR010041,PO009614,2026-02-27,ST008,MED014,48
GR010042,PO009838,2026-02-27,ST009,MED005,72
GR010043,PO009839,2026-02-27,ST009,MED011,66
GR010044,PO009279,2026-02-27,ST009,MED015,72
GR010045,PO010167,2026-02-27,ST009,MED016,48
GR010046,PO009841,2026-02-27,ST009,MED019,24
GR010047,PO009842,2026-02-27,ST009,MED028,48
GR010048,PO009844,2026-02-27,ST010,MED022,48
GR010049,PO010040,2026-02-27,ST010,MED028,48
GR010050,PO009457,2026-02-27,ST011,MED003,24
GR010051,PO010174,2026-02-27,ST011,MED004,48
GR010052,PO010041,2026-02-27,ST011,MED008,24
GR010053,PO009847,2026-02-27,ST011,MED011,66
GR010054,PO010355,2026-02-27,ST011,MED014,48
GR010055,PO009848,2026-02-27,ST011,MED016,48
GR010056,PO009850,2026-02-27,ST011,MED025,36
GR010057,PO010357,2026-02-27,ST011,MED026,72
GR010058,PO010044,2026-02-27,ST012,MED004,48
GR010059,PO010359,2026-02-27,ST012,MED009,60
GR010060,PO010046,2026-02-27,ST012,MED012,60
GR010061,PO010179,2026-02-27,ST012,MED017,72
GR010062,PO009463,2026-02-27,ST012,MED020,48
GR010063,PO009854,2026-02-27,ST012,MED026,72
GR010064,PO010361,2026-02-27,ST012,MED028,48
GR010065,PO010053,2026-02-27,ST013,MED009,60
GR010066,PO010057,2026-02-27,ST014,MED007,24
GR010067,PO010059,2026-02-27,ST014,MED018,48
GR010068,PO009866,2026-02-27,ST015,MED024,72
GR010069,PO010372,2026-02-27,ST015,MED026,72
GR010070,PO009867,2026-02-27,ST015,MED027,72
GR010071,PO010193,2026-02-27,ST015,MED029,72
GR010072,PO009868,2026-02-27,ST016,MED004,48
GR010073,PO010374,2026-02-27,ST016,MED005,72
GR010074,PO010378,2026-02-27,ST016,MED014,48
GR010075,PO010380,2026-02-27,ST016,MED027,72
GR010076,PO009871,2026-02-27,ST017,MED004,48
GR010077,PO009872,2026-02-27,ST017,MED009,60
GR010078,PO010200,2026-02-27,ST017,MED013,48
GR010079,PO009482,2026-02-27,ST017,MED019,24
GR010080,PO010072,2026-02-27,ST018,MED013,36
GR010081,PO009880,2026-02-27,ST018,MED015,72
GR010082,PO010387,2026-02-27,ST019,MED010,24
GR010083,PO010388,2026-02-27,ST019,MED013,48
GR010084,PO010390,2026-02-27,ST019,MED021,60
GR010085,PO009492,2026-02-27,ST019,MED026,72
GR010086,PO009685,2026-02-27,ST019,MED027,72
GR010087,PO010392,2026-02-27,ST020,MED007,24
GR010088,PO010078,2026-02-27,ST020,MED011,66
GR010089,PO009688,2026-02-27,ST020,MED012,60
GR010090,PO009689,2026-02-27,ST020,MED015,96
GR010091,PO009893,2026-02-27,ST021,MED001,72
GR010092,PO009894,2026-02-27,ST021,MED021,60
GR010093,PO009895,2026-02-27,ST021,MED022,36
GR010094,PO010398,2026-02-27,ST022,MED004,48
GR010095,PO009896,2026-02-27,ST022,MED006,60
GR010096,PO009900,2026-02-27,ST023,MED009,60
GR010097,PO010087,2026-02-27,ST023,MED020,48
GR010098,PO009905,2026-02-27,ST023,MED029,72
GR010099,PO009906,2026-02-27,ST023,MED030,30
GR010100,PO009907,2026-02-27,ST024,MED002,66
GR010101,PO010405,2026-02-27,ST024,MED007,24
GR010102,PO009508,2026-02-27,ST024,MED015,72
GR010103,PO010408,2026-02-27,ST024,MED022,48
GR010104,PO010409,2026-02-27,ST025,MED002,66
GR010105,PO009909,2026-02-27,ST025,MED003,24
GR010106,PO010231,2026-02-27,ST025,MED004,48
GR010107,PO010232,2026-02-27,ST025,MED007,24
GR010108,PO009911,2026-02-27,ST025,MED009,60
GR010109,PO010234,2026-02-27,ST025,MED010,36
GR010110,PO010410,2026-02-27,ST025,MED019,24
GR010111,PO010412,2026-02-27,ST025,MED029,48
GR010112,PO010237,2026-02-27,ST026,MED003,24
GR010113,PO010413,2026-02-27,ST026,MED012,60
GR010114,PO010414,2026-02-27,ST026,MED018,48
GR010115,PO010096,2026-02-27,ST026,MED020,48
GR010116,PO009726,2026-02-27,ST026,MED024,72
GR010117,PO010097,2026-02-27,ST026,MED030,36
GR010118,PO010244,2026-02-27,ST027,MED004,60
GR010119,PO010420,2026-02-27,ST027,MED006,60
GR010120,PO009925,2026-02-27,ST027,MED016,48
GR010121,PO010423,2026-02-27,ST027,MED022,48
GR010122,PO010248,2026-02-27,ST027,MED030,36
GR010123,PO010103,2026-02-27,ST028,MED005,60
GR010124,PO010425,2026-02-27,ST028,MED010,24
GR010125,PO010250,2026-02-27,ST028,MED022,42
GR010126,PO010427,2026-02-27,ST028,MED026,72
GR010127,PO009932,2026-02-27,ST029,MED006,60
GR010128,PO010253,2026-02-27,ST029,MED022,36
GR010129,PO010431,2026-02-27,ST029,MED024,72
GR010130,PO010432,2026-02-27,ST030,MED007,24
GR010131,PO010433,2026-02-27,ST030,MED010,24
GR010132,PO009941,2026-02-27,ST030,MED025,36
GR010133,PO010112,2026-02-27,ST031,MED009,60
GR010134,PO010436,2026-02-27,ST031,MED011,60
GR010135,PO009943,2026-02-27,ST031,MED013,48
GR010136,PO009947,2026-02-27,ST031,MED026,72
GR010137,PO010268,2026-02-27,ST032,MED001,72
GR010138,PO010270,2026-02-27,ST032,MED007,24
GR010139,PO009540,2026-02-27,ST032,MED009,60
GR010140,PO009954,2026-02-27,ST032,MED022,54
GR010141,PO010114,2026-02-27,ST032,MED024,72
GR010142,PO009959,2026-02-27,ST033,MED009,60
GR010143,PO009960,2026-02-27,ST033,MED010,24
GR010144,PO010275,2026-02-27,ST033,MED014,48
GR010145,PO010276,2026-02-27,ST033,MED015,72
GR010146,PO009760,2026-02-27,ST033,MED017,72
GR010147,PO009963,2026-02-27,ST033,MED019,24
GR010148,PO010121,2026-02-27,ST034,MED018,48
GR010149,PO010282,2026-02-27,ST034,MED024,72
GR010150,PO010283,2026-02-27,ST034,MED026,72
GR010151,PO010123,2026-02-27,ST035,MED003,24
GR010152,PO010124,2026-02-27,ST035,MED009,60
GR010153,PO010290,2026-02-27,ST035,MED017,72
GR010154,PO010126,2026-02-27,ST035,MED024,72
GR010155,PO010291,2026-02-27,ST036,MED007,24
GR010156,PO010451,2026-02-27,ST036,MED019,24
GR010157,PO009982,2026-02-27,ST037,MED013,36
GR010158,PO009984,2026-02-27,ST037,MED027,72
GR010159,PO010297,2026-02-27,ST038,MED004,48
GR010160,PO009985,2026-02-27,ST038,MED009,60
GR010161,PO010134,2026-02-27,ST038,MED012,60
GR010162,PO010465,2026-02-27,ST038,MED025,36
GR010163,PO009407,2026-02-27,ST039,MED005,60
GR010164,PO010139,2026-02-27,ST039,MED020,48
GR010165,PO010306,2026-02-27,ST039,MED026,72
GR010166,PO009995,2026-02-27,ST040,MED001,72
GR010167,PO010142,2026-02-27,ST040,MED017,72
GR010168,PO010002,2026-02-27,ST040,MED020,48
GR010169,PO010310,2026-02-27,ST040,MED021,60
GR010170,PO010143,2026-02-27,ST040,MED029,72
GR010171,PO010144,2026-02-28,ST001,MED001,72
GR010172,PO010145,2026-02-28,ST001,MED004,48
GR010173,PO010316,2026-02-28,ST002,MED009,60
GR010174,PO010151,2026-02-28,ST002,MED020,48
GR010175,PO010317,2026-02-28,ST002,MED021,60
GR010176,PO010319,2026-02-28,ST002,MED023,60
GR010177,PO010320,2026-02-28,ST002,MED028,48
GR010178,PO010479,2026-02-28,ST002,MED029,72
GR010179,PO010321,2026-02-28,ST003,MED004,48
GR010180,PO010156,2026-02-28,ST003,MED015,72
GR010181,PO010483,2026-02-28,ST003,MED018,48
GR010182,PO009587,2026-02-28,ST003,MED025,36
GR010183,PO010012,2026-02-28,ST004,MED006,60
GR010184,PO010487,2026-02-28,ST004,MED010,36
GR010185,PO010488,2026-02-28,ST004,MED016,48
GR010186,PO010329,2026-02-28,ST004,MED018,48
GR010187,PO010014,2026-02-28,ST005,MED010,36
GR010188,PO010334,2026-02-28,ST005,MED015,72
GR010189,PO010016,2026-02-28,ST005,MED016,48
GR010190,PO010017,2026-02-28,ST005,MED021,60
GR010191,PO010497,2026-02-28,ST006,MED012,60
GR010192,PO010498,2026-02-28,ST006,MED016,48
GR010193,PO010021,2026-02-28,ST006,MED018,48
GR010194,PO010022,2026-02-28,ST006,MED019,24
GR010195,PO009827,2026-02-28,ST007,MED014,48
GR010196,PO010503,2026-02-28,ST007,MED023,60
GR010197,PO010504,2026-02-28,ST007,MED030,30
GR010198,PO010505,2026-02-28,ST008,MED009,60
GR010199,PO010348,2026-02-28,ST008,MED010,24
GR010200,PO010507,2026-02-28,ST008,MED015,72
GR010201,PO010509,2026-02-28,ST008,MED020,48
GR010202,PO009836,2026-02-28,ST008,MED030,36
GR010203,PO010168,2026-02-28,ST009,MED021,54
GR010204,PO010170,2026-02-28,ST009,MED025,36
GR010205,PO010035,2026-02-28,ST009,MED026,72
GR010206,PO010172,2026-02-28,ST010,MED002,60
GR010207,PO009843,2026-02-28,ST010,MED005,60
GR010208,PO010173,2026-02-28,ST010,MED008,24
GR010209,PO010516,2026-02-28,ST010,MED010,24
GR010210,PO010518,2026-02-28,ST010,MED012,60
GR010211,PO010352,2026-02-28,ST010,MED015,72
GR010212,PO010175,2026-02-28,ST011,MED009,60
GR010213,PO010356,2026-02-28,ST011,MED021,60
GR010214,PO010043,2026-02-28,ST011,MED024,72
GR010215,PO010527,2026-02-28,ST011,MED030,30
GR010216,PO009640,2026-02-28,ST012,MED001,72
GR010217,PO010045,2026-02-28,ST012,MED007,24
GR010218,PO010360,2026-02-28,ST012,MED011,72
GR010219,PO010178,2026-02-28,ST012,MED016,48
GR010220,PO010049,2026-02-28,ST012,MED018,48
GR010221,PO010181,2026-02-28,ST012,MED023,60
GR010222,PO010051,2026-02-28,ST013,MED003,24
GR010223,PO010183,2026-02-28,ST013,MED004,48
GR010224,PO010184,2026-02-28,ST013,MED010,24
GR010225,PO010533,2026-02-28,ST013,MED011,60
GR010226,PO010185,2026-02-28,ST013,MED012,60
GR010227,PO009858,2026-02-28,ST013,MED014,48
GR010228,PO010186,2026-02-28,ST013,MED015,72
GR010229,PO010362,2026-02-28,ST013,MED020,48
GR010230,PO010188,2026-02-28,ST013,MED024,72
GR010231,PO010536,2026-02-28,ST013,MED028,48
GR010232,PO010539,2026-02-28,ST014,MED009,60
GR010233,PO009471,2026-02-28,ST014,MED015,72
GR010234,PO010061,2026-02-28,ST014,MED029,72
GR010235,PO010190,2026-02-28,ST015,MED004,48
GR010236,PO010063,2026-02-28,ST015,MED016,48
GR010237,PO010064,2026-02-28,ST015,MED017,72
GR010238,PO010371,2026-02-28,ST015,MED020,48
GR010239,PO010192,2026-02-28,ST015,MED022,42
GR010240,PO010373,2026-02-28,ST016,MED001,72
GR010241,PO010375,2026-02-28,ST016,MED006,60
GR010242,PO010377,2026-02-28,ST016,MED009,60
GR010243,PO009870,2026-02-28,ST016,MED020,48
GR010244,PO010379,2026-02-28,ST016,MED025,48
GR010245,PO009477,2026-02-28,ST016,MED028,48
GR010246,PO010381,2026-02-28,ST017,MED001,72
GR010247,PO010198,2026-02-28,ST017,MED003,24
GR010248,PO010553,2026-02-28,ST017,MED007,24
GR010249,PO010070,2026-02-28,ST017,MED026,72
GR010250,PO009672,2026-02-28,ST017,MED030,30
GR010251,PO009484,2026-02-28,ST018,MED001,72
GR010252,PO010560,2026-02-28,ST018,MED006,60
GR010253,PO010202,2026-02-28,ST018,MED012,60
GR010254,PO010562,2026-02-28,ST018,MED017,72
GR010255,PO010203,2026-02-28,ST018,MED025,36
GR010256,PO009679,2026-02-28,ST018,MED026,72
GR010257,PO010206,2026-02-28,ST019,MED001,72
GR010258,PO010074,2026-02-28,ST019,MED002,66
GR010259,PO009887,2026-02-28,ST020,MED008,24
GR010260,PO010077,2026-02-28,ST020,MED009,60
GR010261,PO010570,2026-02-28,ST020,MED018,48
GR010262,PO009891,2026-02-28,ST020,MED021,66
GR010263,PO010575,2026-02-28,ST020,MED025,36
GR010264,PO010216,2026-02-28,ST020,MED029,72
GR010265,PO010080,2026-02-28,ST021,MED004,48
GR010266,PO010578,2026-02-28,ST021,MED013,36
GR010267,PO010217,2026-02-28,ST021,MED015,72
GR010268,PO010218,2026-02-28,ST021,MED020,48
GR010269,PO009696,2026-02-28,ST021,MED030,30
GR010270,PO010081,2026-02-28,ST022,MED001,72
GR010271,PO009501,2026-02-28,ST022,MED002,66
GR010272,PO010399,2026-02-28,ST022,MED017,72
GR010273,PO010083,2026-02-28,ST022,MED022,48
GR010274,PO010584,2026-02-28,ST023,MED010,24
GR010275,PO010224,2026-02-28,ST023,MED015,72
GR010276,PO010086,2026-02-28,ST023,MED019,24
GR010277,PO009707,2026-02-28,ST023,MED027,72
GR010278,PO010226,2026-02-28,ST024,MED003,24
GR010279,PO010406,2026-02-28,ST024,MED008,24
GR010280,PO010090,2026-02-28,ST024,MED021,54
GR010281,PO010588,2026-02-28,ST024,MED023,72
GR010282,PO010091,2026-02-28,ST025,MED011,72
GR010283,PO010235,2026-02-28,ST025,MED015,72
GR010284,PO010093,2026-02-28,ST025,MED022,42
GR010285,PO010236,2026-02-28,ST025,MED023,72
GR010286,PO010411,2026-02-28,ST025,MED024,84
GR010287,PO010590,2026-02-28,ST025,MED030,36
GR010288,PO010591,2026-02-28,ST026,MED013,48
GR010289,PO010415,2026-02-28,ST026,MED019,24
GR010290,PO009919,2026-02-28,ST026,MED027,72
GR010291,PO010242,2026-02-28,ST026,MED029,72
GR010292,PO010099,2026-02-28,ST027,MED021,66
GR010293,PO010424,2026-02-28,ST027,MED027,72
GR010294,PO010104,2026-02-28,ST028,MED008,24
GR010295,PO010107,2026-02-28,ST028,MED020,48
GR010296,PO010251,2026-02-28,ST028,MED030,30
GR010297,PO010429,2026-02-28,ST029,MED012,60
GR010298,PO010108,2026-02-28,ST029,MED030,30
GR010299,PO010254,2026-02-28,ST030,MED002,60
GR010300,PO010255,2026-02-28,ST030,MED004,48
GR010301,PO010600,2026-02-28,ST030,MED005,72
GR010302,PO010110,2026-02-28,ST030,MED013,36
GR010303,PO010258,2026-02-28,ST030,MED019,24
GR010304,PO010259,2026-02-28,ST030,MED030,30
GR010305,PO010604,2026-02-28,ST031,MED001,72
GR010306,PO010435,2026-02-28,ST031,MED003,24
GR010307,PO010111,2026-02-28,ST031,MED004,48
GR010308,PO010605,2026-02-28,ST031,MED017,60
GR010309,PO010265,2026-02-28,ST031,MED018,48
GR010310,PO010272,2026-02-28,ST032,MED011,60
GR010311,PO009951,2026-02-28,ST032,MED013,48
GR010312,PO010273,2026-02-28,ST032,MED023,72
GR010313,PO010610,2026-02-28,ST032,MED030,30
GR010314,PO010116,2026-02-28,ST033,MED007,24
GR010315,PO010119,2026-02-28,ST033,MED018,48
GR010316,PO010277,2026-02-28,ST033,MED021,54
GR010317,PO010615,2026-02-28,ST033,MED027,72
GR010318,PO010278,2026-02-28,ST034,MED001,72
GR010319,PO010279,2026-02-28,ST034,MED004,48
GR010320,PO010444,2026-02-28,ST034,MED010,24
GR010321,PO010618,2026-02-28,ST034,MED017,60
GR010322,PO010620,2026-02-28,ST035,MED014,48
GR010323,PO010624,2026-02-28,ST036,MED012,60
GR010324,PO010128,2026-02-28,ST036,MED013,36
GR010325,PO010452,2026-02-28,ST036,MED020,48
GR010326,PO010453,2026-02-28,ST036,MED028,48
GR010327,PO010454,2026-02-28,ST037,MED003,24
GR010328,PO010455,2026-02-28,ST037,MED005,60
GR010329,PO010630,2026-02-28,ST037,MED006,60
GR010330,PO010295,2026-02-28,ST037,MED017,60
GR010331,PO010458,2026-02-28,ST037,MED021,54
GR010332,PO010459,2026-02-28,ST037,MED025,48
GR010333,PO010631,2026-02-28,ST037,MED030,30
GR010334,PO010634,2026-02-28,ST038,MED013,48
GR010335,PO010135,2026-02-28,ST038,MED014,48
GR010336,PO010299,2026-02-28,ST038,MED016,48
GR010337,PO010464,2026-02-28,ST038,MED024,72
GR010338,PO009563,2026-02-28,ST038,MED026,72
GR010339,PO010638,2026-02-28,ST039,MED014,48
GR010340,PO009571,2026-02-28,ST039,MED025,36
GR010341,PO010468,2026-02-28,ST039,MED028,48
GR010342,PO010141,2026-02-28,ST040,MED005,72
GR010343,PO010473,2026-03-01,ST001,MED005,60
GR010344,PO010313,2026-03-01,ST001,MED010,24
GR010345,PO010649,2026-03-01,ST001,MED025,36
GR010346,PO010147,2026-03-01,ST001,MED026,72
GR010347,PO010006,2026-03-01,ST001,MED027,72
GR010348,PO010148,2026-03-01,ST001,MED028,48
GR010349,PO010651,2026-03-01,ST002,MED001,72
GR010350,PO010653,2026-03-01,ST002,MED006,60
GR010351,PO010654,2026-03-01,ST002,MED011,66
GR010352,PO010150,2026-03-01,ST002,MED012,60
GR010353,PO010655,2026-03-01,ST002,MED013,36
GR010354,PO010656,2026-03-01,ST002,MED016,48
GR010355,PO010008,2026-03-01,ST002,MED019,24
GR010356,PO010153,2026-03-01,ST003,MED001,72
GR010357,PO010155,2026-03-01,ST003,MED010,24
GR010358,PO010661,2026-03-01,ST003,MED013,48
GR010359,PO010482,2026-03-01,ST003,MED016,48
GR010360,PO010323,2026-03-01,ST003,MED027,72
GR010361,PO010324,2026-03-01,ST004,MED001,72
GR010362,PO010486,2026-03-01,ST004,MED005,72
GR010363,PO010326,2026-03-01,ST004,MED011,66
GR010364,PO010328,2026-03-01,ST004,MED015,72
GR010365,PO010489,2026-03-01,ST004,MED017,72
GR010366,PO010668,2026-03-01,ST004,MED024,72
GR010367,PO010672,2026-03-01,ST005,MED012,60
GR010368,PO010160,2026-03-01,ST005,MED013,48
GR010369,PO010673,2026-03-01,ST005,MED024,72
GR010370,PO010674,2026-03-01,ST005,MED025,36
GR010371,PO010339,2026-03-01,ST006,MED002,60
GR010372,PO010678,2026-03-01,ST006,MED015,72
GR010373,PO009609,2026-03-01,ST006,MED027,72
GR010374,PO010345,2026-03-01,ST007,MED006,60
GR010375,PO010165,2026-03-01,ST007,MED016,48
GR010376,PO010681,2026-03-01,ST007,MED024,72
GR010377,PO010683,2026-03-01,ST008,MED008,24
GR010378,PO010506,2026-03-01,ST008,MED013,36
GR010379,PO010508,2026-03-01,ST008,MED017,60
GR010380,PO010512,2026-03-01,ST008,MED029,72
GR010381,PO010349,2026-03-01,ST009,MED001,72
GR010382,PO010689,2026-03-01,ST009,MED007,24
GR010383,PO010034,2026-03-01,ST009,MED017,72
GR010384,PO010169,2026-03-01,ST009,MED022,36
GR010385,PO010520,2026-03-01,ST010,MED017,72
GR010386,PO010692,2026-03-01,ST010,MED024,72
GR010387,PO010694,2026-03-01,ST010,MED027,72
GR010388,PO010177,2026-03-01,ST011,MED017,60
GR010389,PO010525,2026-03-01,ST011,MED023,72
GR010390,PO010702,2026-03-01,ST012,MED005,72
GR010391,PO010358,2026-03-01,ST012,MED008,24
GR010392,PO010529,2026-03-01,ST012,MED010,24
GR010393,PO010180,2026-03-01,ST012,MED022,42
GR010394,PO010530,2026-03-01,ST012,MED024,72
GR010395,PO010705,2026-03-01,ST012,MED027,72
GR010396,PO010187,2026-03-01,ST013,MED021,66
GR010397,PO010363,2026-03-01,ST013,MED025,36
GR010398,PO010535,2026-03-01,ST013,MED026,72
GR010399,PO010711,2026-03-01,ST013,MED027,72
GR010400,PO010189,2026-03-01,ST013,MED029,72
GR010401,PO010365,2026-03-01,ST014,MED020,48
GR010402,PO010543,2026-03-01,ST014,MED025,36
GR010403,PO010545,2026-03-01,ST014,MED030,30
GR010404,PO010368,2026-03-01,ST015,MED005,60
GR010405,PO010191,2026-03-01,ST015,MED007,24
GR010406,PO010369,2026-03-01,ST015,MED010,24
GR010407,PO010370,2026-03-01,ST015,MED015,72
GR010408,PO010547,2026-03-01,ST016,MED002,66
GR010409,PO010717,2026-03-01,ST016,MED015,72
GR010410,PO010548,2026-03-01,ST016,MED016,48
GR010411,PO010549,2026-03-01,ST016,MED017,72
GR010412,PO010552,2026-03-01,ST016,MED023,60
GR010413,PO010196,2026-03-01,ST016,MED029,72
GR010414,PO010197,2026-03-01,ST016,MED030,30
GR010415,PO010199,2026-03-01,ST017,MED005,84
GR010416,PO010718,2026-03-01,ST017,MED006,60
GR010417,PO010719,2026-03-01,ST017,MED011,66
GR010418,PO010555,2026-03-01,ST017,MED012,60
GR010419,PO010382,2026-03-01,ST017,MED020,48
GR010420,PO010558,2026-03-01,ST018,MED003,24
GR010421,PO010384,2026-03-01,ST018,MED009,60
GR010422,PO010201,2026-03-01,ST018,MED011,72
GR010423,PO010563,2026-03-01,ST018,MED018,48
GR010424,PO010385,2026-03-01,ST018,MED020,48
GR010425,PO010386,2026-03-01,ST018,MED022,42
GR010426,PO010204,2026-03-01,ST018,MED027,72
GR010427,PO010724,2026-03-01,ST019,MED008,24
GR010428,PO010210,2026-03-01,ST019,MED016,48
GR010429,PO010727,2026-03-01,ST019,MED022,42
GR010430,PO010391,2026-03-01,ST019,MED024,72
GR010431,PO010214,2026-03-01,ST020,MED004,48
GR010432,PO010569,2026-03-01,ST020,MED017,72
GR010433,PO010571,2026-03-01,ST020,MED019,24
GR010434,PO010393,2026-03-01,ST020,MED027,72
GR010435,PO010577,2026-03-01,ST021,MED012,60
GR010436,PO010737,2026-03-01,ST021,MED017,72
GR010437,PO010579,2026-03-01,ST021,MED024,72
GR010438,PO010396,2026-03-01,ST021,MED025,36
GR010439,PO010740,2026-03-01,ST021,MED029,48
GR010440,PO010219,2026-03-01,ST022,MED007,24
GR010441,PO010221,2026-03-01,ST022,MED020,48
GR010442,PO010581,2026-03-01,ST022,MED021,54
GR010443,PO010084,2026-03-01,ST022,MED023,72
GR010444,PO010582,2026-03-01,ST022,MED026,72
GR010445,PO010401,2026-03-01,ST022,MED030,30
GR010446,PO010223,2026-03-01,ST023,MED002,66
GR010447,PO010225,2026-03-01,ST023,MED028,48
GR010448,PO010587,2026-03-01,ST024,MED006,60
GR010449,PO010747,2026-03-01,ST024,MED010,24
GR010450,PO010748,2026-03-01,ST024,MED011,66
GR010451,PO010227,2026-03-01,ST024,MED017,72
GR010452,PO010749,2026-03-01,ST024,MED019,24
GR010453,PO010230,2026-03-01,ST024,MED028,48
GR010454,PO010233,2026-03-01,ST025,MED008,24
GR010455,PO010757,2026-03-01,ST025,MED016,48
GR010456,PO009722,2026-03-01,ST026,MED001,72
GR010457,PO010763,2026-03-01,ST026,MED009,60
GR010458,PO010240,2026-03-01,ST026,MED016,48
GR010459,PO010241,2026-03-01,ST026,MED022,42
GR010460,PO010770,2026-03-01,ST026,MED026,72
GR010461,PO010417,2026-03-01,ST026,MED028,48
GR010462,PO010421,2026-03-01,ST027,MED008,24
GR010463,PO010245,2026-03-01,ST027,MED009,60
GR010464,PO009922,2026-03-01,ST027,MED011,66
GR010465,PO010772,2026-03-01,ST027,MED012,60
GR010466,PO010246,2026-03-01,ST027,MED020,48
GR010467,PO010247,2026-03-01,ST027,MED025,36
GR010468,PO010773,2026-03-01,ST027,MED028,48
GR010469,PO010249,2026-03-01,ST028,MED001,72
GR010470,PO010106,2026-03-01,ST028,MED012,60
GR010471,PO010426,2026-03-01,ST028,MED023,60
GR010472,PO009737,2026-03-01,ST029,MED003,24
GR010473,PO010430,2026-03-01,ST029,MED016,48
GR010474,PO010257,2026-03-01,ST030,MED018,48
GR010475,PO009747,2026-03-01,ST030,MED021,60
GR010476,PO010603,2026-03-01,ST030,MED023,72
GR010477,PO010434,2026-03-01,ST030,MED026,72
GR010478,PO010787,2026-03-01,ST030,MED029,72
GR010479,PO010261,2026-03-01,ST031,MED005,72
GR010480,PO010262,2026-03-01,ST031,MED010,24
GR010481,PO010264,2026-03-01,ST031,MED015,72
GR010482,PO010606,2026-03-01,ST031,MED021,60
GR010483,PO010266,2026-03-01,ST031,MED022,48
GR010484,PO010790,2026-03-01,ST031,MED030,30
GR010485,PO010607,2026-03-01,ST032,MED003,24
GR010486,PO010269,2026-03-01,ST032,MED004,48
GR010487,PO010437,2026-03-01,ST032,MED005,60
GR010488,PO010792,2026-03-01,ST032,MED006,60
GR010489,PO010271,2026-03-01,ST032,MED010,24
GR010490,PO010609,2026-03-01,ST032,MED016,48
GR010491,PO010440,2026-03-01,ST033,MED002,66
GR010492,PO010442,2026-03-01,ST033,MED020,48
GR010493,PO010799,2026-03-01,ST033,MED025,36
GR010494,PO010443,2026-03-01,ST033,MED029,48
GR010495,PO010800,2026-03-01,ST033,MED030,30
GR010496,PO010280,2026-03-01,ST034,MED008,24
GR010497,PO010807,2026-03-01,ST034,MED021,54
GR010498,PO010448,2026-03-01,ST034,MED029,72
GR010499,PO010285,2026-03-01,ST034,MED030,36
GR010500,PO010810,2026-03-01,ST035,MED028,48
GR010501,PO010623,2026-03-01,ST036,MED003,24
GR010502,PO010293,2026-03-01,ST036,MED015,72
GR010503,PO010294,2026-03-01,ST036,MED016,48
GR010504,PO010811,2026-03-01,ST036,MED017,72
GR010505,PO010625,2026-03-01,ST036,MED018,48
GR010506,PO010812,2026-03-01,ST036,MED022,36
GR010507,PO010813,2026-03-01,ST036,MED025,36
GR010508,PO010627,2026-03-01,ST036,MED026,72
GR010509,PO010628,2026-03-01,ST037,MED002,60
GR010510,PO010632,2026-03-01,ST038,MED001,72
GR010511,PO010462,2026-03-01,ST038,MED005,60
GR010512,PO010298,2026-03-01,ST038,MED010,36
GR010513,PO010633,2026-03-01,ST038,MED011,60
GR010514,PO010821,2026-03-01,ST039,MED003,24
GR010515,PO010466,2026-03-01,ST039,MED006,60
GR010516,PO010302,2026-03-01,ST039,MED009,60
GR010517,PO010305,2026-03-01,ST039,MED022,48
GR010518,PO009790,2026-03-01,ST039,MED023,60
GR010519,PO010824,2026-03-01,ST039,MED029,48
GR010520,PO010470,2026-03-01,ST040,MED006,60
GR010521,PO009998,2026-03-01,ST040,MED011,60
GR010522,PO010308,2026-03-01,ST040,MED014,48
GR010523,PO010826,2026-03-01,ST040,MED015,72
GR010524,PO010309,2026-03-01,ST040,MED018,48
GR010525,PO010829,2026-03-01,ST040,MED026,72
GR010526,PO010645,2026-03-01,ST040,MED027,72
