po_id,order_date,expected_date,actual_receipt_date,store_id,sku,supplier_id,ordered_units
PO000001,2026-01-01,2026-01-04,2026-01-04,ST001,MED002,SUP02,60
PO000002,2026-01-01,2026-01-03,2026-01-05,ST001,MED012,SUP04,60
PO000003,2026-01-01,2026-01-05,2026-01-05,ST001,MED013,SUP01,48
PO000004,2026-01-01,2026-01-04,2026-01-04,ST001,MED021,SUP01,54
PO000005,2026-01-01,2026-01-03,2026-01-03,ST001,MED022,SUP02,42
PO000006,2026-01-01,2026-01-04,2026-01-04,ST001,MED024,SUP04,72
PO000007,2026-01-01,2026-01-05,2026-01-06,ST001,MED026,SUP02,72
PO000008,2026-01-01,2026-01-05,2026-01-05,ST001,MED027,SUP03,72
PO000009,2026-01-01,2026-01-06,2026-01-06,ST002,MED001,SUP01,72
PO000010,2026-01-01,2026-01-05,2026-01-05,ST002,MED002,SUP02,60
PO000011,2026-01-01,2026-01-03,2026-01-03,ST002,MED003,SUP03,24
PO000012,2026-01-01,2026-01-05,2026-01-05,ST002,MED006,SUP02,60
PO000013,2026-01-01,2026-01-04,2026-01-04,ST002,MED007,SUP03,24
PO000014,2026-01-01,2026-01-04,2026-01-04,ST002,MED009,SUP01,60
PO000015,2026-01-01,2026-01-03,2026-01-03,ST002,MED011,SUP03,60
PO000016,2026-01-01,2026-01-03,2026-01-03,ST002,MED012,SUP04,60
PO000017,2026-01-01,2026-01-04,2026-01-04,ST002,MED013,SUP01,48
PO000018,2026-01-01,2026-01-04,2026-01-07,ST002,MED014,SUP02,48
PO000019,2026-01-01,2026-01-03,2026-01-03,ST002,MED017,SUP01,60
PO000020,2026-01-01,2026-01-06,2026-01-06,ST002,MED019,SUP03,24
PO000021,2026-01-01,2026-01-06,2026-01-07,ST002,MED020,SUP04,48
PO000022,2026-01-01,2026-01-06,2026-01-06,ST002,MED022,SUP02,36
PO000023,2026-01-01,2026-01-03,2026-01-03,ST002,MED025,SUP01,36
PO000024,2026-01-01,2026-01-03,2026-01-03,ST002,MED026,SUP02,72
PO000025,2026-01-01,2026-01-04,2026-01-04,ST002,MED029,SUP01,48
PO000026,2026-01-01,2026-01-06,2026-01-06,ST002,MED030,SUP02,30
PO000027,2026-01-01,2026-01-05,2026-01-05,ST003,MED002,SUP02,60
PO000028,2026-01-01,2026-01-03,2026-01-03,ST003,MED004,SUP04,48
PO000029,2026-01-01,2026-01-05,2026-01-05,ST003,MED010,SUP02,24
PO000030,2026-01-01,2026-01-04,2026-01-04,ST003,MED012,SUP04,60
PO000031,2026-01-01,2026-01-03,2026-01-03,ST003,MED013,SUP01,48
PO000032,2026-01-01,2026-01-03,2026-01-03,ST003,MED014,SUP02,48
PO000033,2026-01-01,2026-01-05,2026-01-05,ST003,MED017,SUP01,72
PO000034,2026-01-01,2026-01-05,2026-01-05,ST003,MED020,SUP04,48
PO000035,2026-01-01,2026-01-06,2026-01-07,ST003,MED026,SUP02,72
PO000036,2026-01-01,2026-01-03,2026-01-03,ST003,MED027,SUP03,72
PO000037,2026-01-01,2026-01-06,2026-01-06,ST004,MED001,SUP01,72
PO000038,2026-01-01,2026-01-03,2026-01-03,ST004,MED002,SUP02,66
PO000039,2026-01-01,2026-01-03,2026-01-03,ST004,MED004,SUP04,48
PO000040,2026-01-01,2026-01-03,2026-01-03,ST004,MED006,SUP02,60
PO000041,2026-01-01,2026-01-04,2026-01-04,ST004,MED007,SUP03,24
PO000042,2026-01-01,2026-01-03,2026-01-03,ST004,MED008,SUP04,24
PO000043,2026-01-01,2026-01-05,2026-01-05,ST004,MED010,SUP02,24
PO000044,2026-01-01,2026-01-05,2026-01-05,ST004,MED011,SUP03,60
PO000045,2026-01-01,2026-01-03,2026-01-03,ST004,MED012,SUP04,60
PO000046,2026-01-01,2026-01-06,2026-01-06,ST004,MED013,SUP01,36
PO000047,2026-01-01,2026-01-03,2026-01-03,ST004,MED014,SUP02,48
PO000048,2026-01-01,2026-01-06,2026-01-06,ST004,MED017,SUP01,60
PO000049,2026-01-01,2026-01-05,2026-01-05,ST004,MED021,SUP01,54
PO000050,2026-01-01,2026-01-03,2026-01-03,ST004,MED022,SUP02,42
PO000051,2026-01-01,2026-01-05,2026-01-05,ST004,MED023,SUP03,60
PO000052,2026-01-01,2026-01-05,2026-01-05,ST004,MED024,SUP04,72
PO000053,2026-01-01,2026-01-04,2026-01-04,ST004,MED025,SUP01,36
PO000054,2026-01-01,2026-01-04,2026-01-04,ST004,MED026,SUP02,72
PO000055,2026-01-01,2026-01-04,2026-01-04,ST004,MED027,SUP03,84
PO000056,2026-01-01,2026-01-03,2026-01-03,ST005,MED001,SUP01,72
PO000057,2026-01-01,2026-01-06,2026-01-06,ST005,MED002,SUP02,66
PO000058,2026-01-01,2026-01-04,2026-01-04,ST005,MED005,SUP01,60
PO000059,2026-01-01,2026-01-06,2026-01-06,ST005,MED006,SUP02,60
PO000060,2026-01-01,2026-01-04,2026-01-04,ST005,MED007,SUP03,24
PO000061,2026-01-01,2026-01-06,2026-01-06,ST005,MED011,SUP03,60
PO000062,2026-01-01,2026-01-06,2026-01-06,ST005,MED012,SUP04,60
PO000063,2026-01-01,2026-01-03,2026-01-03,ST005,MED013,SUP01,48
PO000064,2026-01-01,2026-01-06,2026-01-06,ST005,MED014,SUP02,48
PO000065,2026-01-01,2026-01-03,2026-01-03,ST005,MED015,SUP03,72
PO000066,2026-01-01,2026-01-04,2026-01-04,ST005,MED017,SUP01,60
PO000067,2026-01-01,2026-01-05,2026-01-05,ST005,MED019,SUP03,24
PO000068,2026-01-01,2026-01-03,2026-01-03,ST005,MED020,SUP04,48
PO000069,2026-01-01,2026-01-05,2026-01-06,ST005,MED021,SUP01,54
PO000070,2026-01-01,2026-01-05,2026-01-05,ST005,MED022,SUP02,42
PO000071,2026-01-01,2026-01-04,2026-01-04,ST005,MED023,SUP03,60
PO000072,2026-01-01,2026-01-06,2026-01-06,ST005,MED024,SUP04,72
PO000073,2026-01-01,2026-01-03,2026-01-03,ST005,MED025,SUP01,36
PO000074,2026-01-01,2026-01-05,2026-01-05,ST005,MED026,SUP02,72
PO000075,2026-01-01,2026-01-03,2026-01-03,ST005,MED027,SUP03,72
PO000076,2026-01-01,2026-01-03,2026-01-03,ST005,MED028,SUP04,48
PO000077,2026-01-01,2026-01-05,2026-01-06,ST005,MED029,SUP01,48
PO000078,2026-01-01,2026-01-04,2026-01-04,ST005,MED030,SUP02,30
PO000079,2026-01-01,2026-01-06,2026-01-06,ST006,MED001,SUP01,72
PO000080,2026-01-01,2026-01-06,2026-01-09,ST006,MED002,SUP02,66
PO000081,2026-01-01,2026-01-06,2026-01-06,ST006,MED003,SUP03,24
PO000082,2026-01-01,2026-01-05,2026-01-05,ST006,MED004,SUP04,48
PO000083,2026-01-01,2026-01-05,2026-01-05,ST006,MED005,SUP01,60
PO000084,2026-01-01,2026-01-03,2026-01-03,ST006,MED006,SUP02,60
PO000085,2026-01-01,2026-01-04,2026-01-04,ST006,MED007,SUP03,24
PO000086,2026-01-01,2026-01-05,2026-01-05,ST006,MED008,SUP04,24
PO000087,2026-01-01,2026-01-06,2026-01-06,ST006,MED009,SUP01,60
PO000088,2026-01-01,2026-01-06,2026-01-06,ST006,MED011,SUP03,60
PO000089,2026-01-01,2026-01-06,2026-01-06,ST006,MED012,SUP04,60
PO000090,2026-01-01,2026-01-06,2026-01-06,ST006,MED013,SUP01,48
PO000091,2026-01-01,2026-01-06,2026-01-09,ST006,MED014,SUP02,48
PO000092,2026-01-01,2026-01-03,2026-01-03,ST006,MED015,SUP03,72
PO000093,2026-01-01,2026-01-06,2026-01-06,ST006,MED016,SUP04,48
PO000094,2026-01-01,2026-01-03,2026-01-03,ST006,MED017,SUP01,60
PO000095,2026-01-01,2026-01-04,2026-01-04,ST006,MED018,SUP02,48
PO000096,2026-01-01,2026-01-03,2026-01-03,ST006,MED020,SUP04,48
PO000097,2026-01-01,2026-01-03,2026-01-03,ST006,MED021,SUP01,54
PO000098,2026-01-01,2026-01-03,2026-01-03,ST006,MED022,SUP02,42
PO000099,2026-01-01,2026-01-06,2026-01-06,ST006,MED023,SUP03,72
PO000100,2026-01-01,2026-01-04,2026-01-05,ST006,MED024,SUP04,72
PO000101,2026-01-01,2026-01-06,2026-01-06,ST006,MED025,SUP01,36
PO000102,2026-01-01,2026-01-06,2026-01-06,ST006,MED026,SUP02,72
PO000103,2026-01-01,2026-01-05,2026-01-05,ST006,MED027,SUP03,72
PO000104,2026-01-01,2026-01-03,2026-01-03,ST006,MED028,SUP04,48
PO000105,2026-01-01,2026-01-04,2026-01-04,ST007,MED002,SUP02,60
PO000106,2026-01-01,2026-01-04,2026-01-04,ST007,MED004,SUP04,48
PO000107,2026-01-01,2026-01-06,2026-01-07,ST007,MED009,SUP01,60
PO000108,2026-01-01,2026-01-03,2026-01-03,ST007,MED012,SUP04,60
PO000109,2026-01-01,2026-01-06,2026-01-06,ST007,MED013,SUP01,48
PO000110,2026-01-01,2026-01-05,2026-01-08,ST007,MED017,SUP01,60
PO000111,2026-01-01,2026-01-06,2026-01-06,ST007,MED019,SUP03,24
PO000112,2026-01-01,2026-01-03,2026-01-03,ST007,MED020,SUP04,48
PO000113,2026-01-01,2026-01-05,2026-01-07,ST007,MED025,SUP01,36
PO000114,2026-01-01,2026-01-05,2026-01-05,ST007,MED026,SUP02,72
PO000115,2026-01-01,2026-01-03,2026-01-04,ST008,MED002,SUP02,60
PO000116,2026-01-01,2026-01-05,2026-01-05,ST008,MED008,SUP04,24
PO000117,2026-01-01,2026-01-03,2026-01-06,ST008,MED012,SUP04,60
PO000118,2026-01-01,2026-01-03,2026-01-05,ST008,MED019,SUP03,24
PO000119,2026-01-01,2026-01-04,2026-01-07,ST008,MED020,SUP04,48
PO000120,2026-01-01,2026-01-04,2026-01-04,ST008,MED028,SUP04,48
PO000121,2026-01-01,2026-01-04,2026-01-04,ST009,MED001,SUP01,72
PO000122,2026-01-01,2026-01-05,2026-01-05,ST009,MED002,SUP02,60
PO000123,2026-01-01,2026-01-03,2026-01-03,ST009,MED004,SUP04,48
PO000124,2026-01-01,2026-01-05,2026-01-05,ST009,MED006,SUP02,60
PO000125,2026-01-01,2026-01-03,2026-01-03,ST009,MED012,SUP04,60
PO000126,2026-01-01,2026-01-03,2026-01-03,ST009,MED013,SUP01,36
PO000127,2026-01-01,2026-01-03,2026-01-03,ST009,MED016,SUP04,48
PO000128,2026-01-01,2026-01-03,2026-01-03,ST009,MED017,SUP01,60
PO000129,2026-01-01,2026-01-03,2026-01-03,ST009,MED019,SUP03,24
PO000130,2026-01-01,2026-01-06,2026-01-08,ST009,MED022,SUP02,42
PO000131,2026-01-01,2026-01-04,2026-01-04,ST009,MED027,SUP03,72
PO000132,2026-01-01,2026-01-04,2026-01-04,ST010,MED002,SUP02,60
PO000133,2026-01-01,2026-01-03,2026-01-03,ST010,MED005,SUP01,60
PO000134,2026-01-01,2026-01-04,2026-01-04,ST010,MED008,SUP04,24
PO000135,2026-01-01,2026-01-03,2026-01-03,ST010,MED010,SUP02,24
PO000136,2026-01-01,2026-01-03,2026-01-03,ST010,MED012,SUP04,60
PO000137,2026-01-01,2026-01-03,2026-01-03,ST010,MED013,SUP01,48
PO000138,2026-01-01,2026-01-06,2026-01-08,ST010,MED014,SUP02,48
PO000139,2026-01-01,2026-01-05,2026-01-05,ST010,MED017,SUP01,60
PO000140,2026-01-01,2026-01-06,2026-01-06,ST010,MED020,SUP04,48
PO000141,2026-01-01,2026-01-04,2026-01-07,ST010,MED021,SUP01,54
PO000142,2026-01-01,2026-01-03,2026-01-03,ST010,MED023,SUP03,60
PO000143,2026-01-01,2026-01-04,2026-01-04,ST010,MED027,SUP03,72
PO000144,2026-01-01,2026-01-03,2026-01-03,ST011,MED001,SUP01,72
PO000145,2026-01-01,2026-01-03,2026-01-03,ST011,MED002,SUP02,60
PO000146,2026-01-01,2026-01-04,2026-01-04,ST011,MED004,SUP04,48
PO000147,2026-01-01,2026-01-06,2026-01-06,ST011,MED005,SUP01,60
PO000148,2026-01-01,2026-01-03,2026-01-03,ST011,MED006,SUP02,60
PO000149,2026-01-01,2026-01-03,2026-01-06,ST011,MED007,SUP03,24
PO000150,2026-01-01,2026-01-06,2026-01-06,ST011,MED012,SUP04,60
PO000151,2026-01-01,2026-01-05,2026-01-05,ST011,MED013,SUP01,48
PO000152,2026-01-01,2026-01-03,2026-01-03,ST011,MED014,SUP02,48
PO000153,2026-01-01,2026-01-03,2026-01-03,ST011,MED017,SUP01,60
PO000154,2026-01-01,2026-01-05,2026-01-05,ST011,MED021,SUP01,60
PO000155,2026-01-01,2026-01-06,2026-01-06,ST011,MED023,SUP03,60
PO000156,2026-01-01,2026-01-06,2026-01-06,ST011,MED026,SUP02,72
PO000157,2026-01-01,2026-01-05,2026-01-08,ST011,MED027,SUP03,72
PO000158,2026-01-01,2026-01-04,2026-01-07,ST011,MED030,SUP02,30
PO000159,2026-01-01,2026-01-03,2026-01-03,ST012,MED001,SUP01,72
PO000160,2026-01-01,2026-01-03,2026-01-03,ST012,MED002,SUP02,60
PO000161,2026-01-01,2026-01-06,2026-01-06,ST012,MED003,SUP03,24
PO000162,2026-01-01,2026-01-04,2026-01-04,ST012,MED004,SUP04,48
PO000163,2026-01-01,2026-01-06,2026-01-08,ST012,MED005,SUP01,72
PO000164,2026-01-01,2026-01-03,2026-01-03,ST012,MED007,SUP03,24
PO000165,2026-01-01,2026-01-03,2026-01-03,ST012,MED010,SUP02,36
PO000166,2026-01-01,2026-01-03,2026-01-03,ST012,MED011,SUP03,60
PO000167,2026-01-01,2026-01-05,2026-01-05,ST012,MED012,SUP04,60
PO000168,2026-01-01,2026-01-04,2026-01-04,ST012,MED013,SUP01,48
PO000169,2026-01-01,2026-01-04,2026-01-04,ST012,MED015,SUP03,72
PO000170,2026-01-01,2026-01-05,2026-01-05,ST012,MED016,SUP04,48
PO000171,2026-01-01,2026-01-06,2026-01-09,ST012,MED017,SUP01,72
PO000172,2026-01-01,2026-01-05,2026-01-05,ST012,MED018,SUP02,48
PO000173,2026-01-01,2026-01-04,2026-01-04,ST012,MED020,SUP04,48
PO000174,2026-01-01,2026-01-04,2026-01-04,ST012,MED022,SUP02,42
PO000175,2026-01-01,2026-01-05,2026-01-05,ST012,MED023,SUP03,60
PO000176,2026-01-01,2026-01-04,2026-01-04,ST012,MED024,SUP04,72
PO000177,2026-01-01,2026-01-06,2026-01-06,ST012,MED025,SUP01,36
PO000178,2026-01-01,2026-01-04,2026-01-04,ST012,MED026,SUP02,72
PO000179,2026-01-01,2026-01-03,2026-01-03,ST012,MED027,SUP03,72
PO000180,2026-01-01,2026-01-03,2026-01-03,ST012,MED028,SUP04,48
PO000181,2026-01-01,2026-01-03,2026-01-03,ST012,MED029,SUP01,72
PO000182,2026-01-01,2026-01-06,2026-01-06,ST012,MED030,SUP02,30
PO000183,2026-01-01,2026-01-04,2026-01-04,ST013,MED001,SUP01,72
PO000184,2026-01-01,2026-01-05,2026-01-05,ST013,MED002,SUP02,66
PO000185,2026-01-01,2026-01-05,2026-01-05,ST013,MED003,SUP03,24
PO000186,2026-01-01,2026-01-05,2026-01-05,ST013,MED004,SUP04,48
PO000187,2026-01-01,2026-01-05,2026-01-05,ST013,MED005,SUP01,60
PO000188,2026-01-01,2026-01-06,2026-01-06,ST013,MED006,SUP02,60
PO000189,2026-01-01,2026-01-04,2026-01-05,ST013,MED008,SUP04,24
PO000190,2026-01-01,2026-01-03,2026-01-03,ST013,MED009,SUP01,60
PO000191,2026-01-01,2026-01-04,2026-01-04,ST013,MED011,SUP03,60
PO000192,2026-01-01,2026-01-05,2026-01-05,ST013,MED012,SUP04,60
PO000193,2026-01-01,2026-01-05,2026-01-05,ST013,MED013,SUP01,48
PO000194,2026-01-01,2026-01-04,2026-01-07,ST013,MED014,SUP02,48
PO000195,2026-01-01,2026-01-06,2026-01-07,ST013,MED015,SUP03,96
PO000196,2026-01-01,2026-01-05,2026-01-05,ST013,MED016,SUP04,48
PO000197,2026-01-01,2026-01-04,2026-01-04,ST013,MED017,SUP01,72
PO000198,2026-01-01,2026-01-04,2026-01-04,ST013,MED019,SUP03,24
PO000199,2026-01-01,2026-01-04,2026-01-04,ST013,MED020,SUP04,48
PO000200,2026-01-01,2026-01-05,2026-01-05,ST013,MED021,SUP01,54
PO000201,2026-01-01,2026-01-05,2026-01-05,ST013,MED022,SUP02,42
PO000202,2026-01-01,2026-01-04,2026-01-04,ST013,MED023,SUP03,60
PO000203,2026-01-01,2026-01-06,2026-01-06,ST013,MED024,SUP04,72
PO000204,2026-01-01,2026-01-05,2026-01-05,ST013,MED025,SUP01,36
PO000205,2026-01-01,2026-01-03,2026-01-03,ST013,MED026,SUP02,72
PO000206,2026-01-01,2026-01-06,2026-01-06,ST013,MED027,SUP03,72
PO000207,2026-01-01,2026-01-06,2026-01-06,ST013,MED028,SUP04,48
PO000208,2026-01-01,2026-01-03,2026-01-03,ST013,MED029,SUP01,48
PO000209,2026-01-01,2026-01-03,2026-01-03,ST014,MED003,SUP03,24
PO000210,2026-01-01,2026-01-04,2026-01-04,ST014,MED007,SUP03,24
PO000211,2026-01-01,2026-01-05,2026-01-05,ST014,MED011,SUP03,60
PO000212,2026-01-01,2026-01-05,2026-01-05,ST014,MED012,SUP04,60
PO000213,2026-01-01,2026-01-06,2026-01-06,ST015,MED002,SUP02,60
PO000214,2026-01-01,2026-01-05,2026-01-05,ST015,MED003,SUP03,24
PO000215,2026-01-01,2026-01-04,2026-01-04,ST015,MED004,SUP04,48
PO000216,2026-01-01,2026-01-03,2026-01-03,ST015,MED006,SUP02,60
PO000217,2026-01-01,2026-01-04,2026-01-06,ST015,MED012,SUP04,60
PO000218,2026-01-01,2026-01-03,2026-01-03,ST015,MED017,SUP01,60
PO000219,2026-01-01,2026-01-06,2026-01-06,ST015,MED019,SUP03,24
PO000220,2026-01-01,2026-01-05,2026-01-05,ST016,MED002,SUP02,72
PO000221,2026-01-01,2026-01-05,2026-01-05,ST016,MED003,SUP03,24
PO000222,2026-01-01,2026-01-03,2026-01-03,ST016,MED007,SUP03,24
PO000223,2026-01-01,2026-01-03,2026-01-03,ST016,MED008,SUP04,24
PO000224,2026-01-01,2026-01-04,2026-01-04,ST016,MED010,SUP02,24
PO000225,2026-01-01,2026-01-04,2026-01-04,ST016,MED017,SUP01,60
PO000226,2026-01-01,2026-01-06,2026-01-06,ST016,MED018,SUP02,48
PO000227,2026-01-01,2026-01-03,2026-01-03,ST016,MED019,SUP03,24
PO000228,2026-01-01,2026-01-03,2026-01-03,ST016,MED022,SUP02,42
PO000229,2026-01-01,2026-01-06,2026-01-06,ST016,MED023,SUP03,60
PO000230,2026-01-01,2026-01-05,2026-01-06,ST016,MED028,SUP04,48
PO000231,2026-01-01,2026-01-03,2026-01-03,ST016,MED029,SUP01,48
PO000232,2026-01-01,2026-01-03,2026-01-03,ST017,MED001,SUP01,72
PO000233,2026-01-01,2026-01-06,2026-01-06,ST017,MED002,SUP02,60
PO000234,2026-01-01,2026-01-03,2026-01-03,ST017,MED003,SUP03,24
PO000235,2026-01-01,2026-01-04,2026-01-04,ST017,MED004,SUP04,48
PO000236,2026-01-01,2026-01-06,2026-01-06,ST017,MED008,SUP04,24
PO000237,2026-01-01,2026-01-03,2026-01-03,ST017,MED009,SUP01,60
PO000238,2026-01-01,2026-01-06,2026-01-06,ST017,MED012,SUP04,60
PO000239,2026-01-01,2026-01-03,2026-01-03,ST017,MED013,SUP01,36
PO000240,2026-01-01,2026-01-03,2026-01-05,ST017,MED014,SUP02,48
PO000241,2026-01-01,2026-01-04,2026-01-04,ST017,MED015,SUP03,72
PO000242,2026-01-01,2026-01-06,2026-01-06,ST017,MED017,SUP01,60
PO000243,2026-01-01,2026-01-04,2026-01-04,ST017,MED022,SUP02,42
PO000244,2026-01-01,2026-01-06,2026-01-06,ST017,MED026,SUP02,72
PO000245,2026-01-01,2026-01-03,2026-01-03,ST017,MED027,SUP03,72
PO000246,2026-01-01,2026-01-06,2026-01-06,ST018,MED001,SUP01,72
PO000247,2026-01-01,2026-01-03,2026-01-03,ST018,MED002,SUP02,60
PO000248,2026-01-01,2026-01-05,2026-01-06,ST018,MED005,SUP01,60
PO000249,2026-01-01,2026-01-06,2026-01-06,ST018,MED007,SUP03,24
PO000250,2026-01-01,2026-01-06,2026-01-08,ST018,MED008,SUP04,24
PO000251,2026-01-01,2026-01-03,2026-01-03,ST018,MED009,SUP01,60
PO000252,2026-01-01,2026-01-04,2026-01-04,ST018,MED012,SUP04,60
PO000253,2026-01-01,2026-01-04,2026-01-04,ST018,MED013,SUP01,48
PO000254,2026-01-01,2026-01-05,2026-01-07,ST018,MED015,SUP03,72
PO000255,2026-01-01,2026-01-06,2026-01-06,ST018,MED017,SUP01,72
PO000256,2026-01-01,2026-01-06,2026-01-06,ST018,MED018,SUP02,48
PO000257,2026-01-01,2026-01-04,2026-01-04,ST018,MED020,SUP04,48
PO000258,2026-01-01,2026-01-04,2026-01-04,ST018,MED022,SUP02,42
PO000259,2026-01-01,2026-01-03,2026-01-03,ST018,MED023,SUP03,60
PO000260,2026-01-01,2026-01-03,2026-01-03,ST018,MED024,SUP04,72
PO000261,2026-01-01,2026-01-03,2026-01-03,ST018,MED025,SUP01,36
PO000262,2026-01-01,2026-01-05,2026-01-05,ST018,MED026,SUP02,72
PO000263,2026-01-01,2026-01-03,2026-01-05,ST018,MED027,SUP03,72
PO000264,2026-01-01,2026-01-05,2026-01-05,ST018,MED028,SUP04,48
PO000265,2026-01-01,2026-01-05,2026-01-05,ST018,MED030,SUP02,30
PO000266,2026-01-01,2026-01-04,2026-01-04,ST019,MED001,SUP01,72
PO000267,2026-01-01,2026-01-05,2026-01-05,ST019,MED002,SUP02,60
PO000268,2026-01-01,2026-01-06,2026-01-06,ST019,MED003,SUP03,24
PO000269,2026-01-01,2026-01-05,2026-01-05,ST019,MED004,SUP04,48
PO000270,2026-01-01,2026-01-03,2026-01-03,ST019,MED005,SUP01,60
PO000271,2026-01-01,2026-01-06,2026-01-06,ST019,MED006,SUP02,60
PO000272,2026-01-01,2026-01-04,2026-01-04,ST019,MED007,SUP03,24
PO000273,2026-01-01,2026-01-05,2026-01-05,ST019,MED008,SUP04,24
PO000274,2026-01-01,2026-01-03,2026-01-03,ST019,MED009,SUP01,60
PO000275,2026-01-01,2026-01-05,2026-01-05,ST019,MED010,SUP02,24
PO000276,2026-01-01,2026-01-03,2026-01-03,ST019,MED011,SUP03,60
PO000277,2026-01-01,2026-01-05,2026-01-05,ST019,MED012,SUP04,60
PO000278,2026-01-01,2026-01-04,2026-01-04,ST019,MED015,SUP03,72
PO000279,2026-01-01,2026-01-03,2026-01-03,ST019,MED016,SUP04,48
PO000280,2026-01-01,2026-01-06,2026-01-06,ST019,MED017,SUP01,60
PO000281,2026-01-01,2026-01-05,2026-01-05,ST019,MED018,SUP02,48
PO000282,2026-01-01,2026-01-05,2026-01-05,ST019,MED021,SUP01,60
PO000283,2026-01-01,2026-01-04,2026-01-04,ST019,MED022,SUP02,42
PO000284,2026-01-01,2026-01-06,2026-01-06,ST019,MED023,SUP03,60
PO000285,2026-01-01,2026-01-04,2026-01-04,ST019,MED024,SUP04,72
PO000286,2026-01-01,2026-01-03,2026-01-03,ST019,MED025,SUP01,36
PO000287,2026-01-01,2026-01-04,2026-01-04,ST019,MED026,SUP02,72
PO000288,2026-01-01,2026-01-06,2026-01-06,ST019,MED027,SUP03,72
PO000289,2026-01-01,2026-01-03,2026-01-03,ST019,MED028,SUP04,48
PO000290,2026-01-01,2026-01-06,2026-01-06,ST019,MED029,SUP01,48
PO000291,2026-01-01,2026-01-03,2026-01-03,ST019,MED030,SUP02,30
PO000292,2026-01-01,2026-01-05,2026-01-05,ST020,MED001,SUP01,72
PO000293,2026-01-01,2026-01-05,2026-01-05,ST020,MED002,SUP02,66
PO000294,2026-01-01,2026-01-04,2026-01-05,ST020,MED004,SUP04,48
PO000295,2026-01-01,2026-01-04,2026-01-04,ST020,MED005,SUP01,60
PO000296,2026-01-01,2026-01-05,2026-01-05,ST020,MED006,SUP02,60
PO000297,2026-01-01,2026-01-04,2026-01-04,ST020,MED007,SUP03,24
PO000298,2026-01-01,2026-01-03,2026-01-03,ST020,MED008,SUP04,24
PO000299,2026-01-01,2026-01-05,2026-01-05,ST020,MED009,SUP01,60
PO000300,2026-01-01,2026-01-04,2026-01-04,ST020,MED010,SUP02,24
PO000301,2026-01-01,2026-01-04,2026-01-04,ST020,MED011,SUP03,60
PO000302,2026-01-01,2026-01-04,2026-01-04,ST020,MED012,SUP04,60
PO000303,2026-01-01,2026-01-04,2026-01-04,ST020,MED013,SUP01,48
PO000304,2026-01-01,2026-01-04,2026-01-04,ST020,MED014,SUP02,48
PO000305,2026-01-01,2026-01-04,2026-01-04,ST020,MED015,SUP03,72
PO000306,2026-01-01,2026-01-04,2026-01-04,ST020,MED016,SUP04,48
PO000307,2026-01-01,2026-01-06,2026-01-06,ST020,MED017,SUP01,72
PO000308,2026-01-01,2026-01-05,2026-01-05,ST020,MED018,SUP02,48
PO000309,2026-01-01,2026-01-06,2026-01-06,ST020,MED019,SUP03,24
PO000310,2026-01-01,2026-01-05,2026-01-05,ST020,MED020,SUP04,48
PO000311,2026-01-01,2026-01-06,2026-01-08,ST020,MED021,SUP01,54
PO000312,2026-01-01,2026-01-04,2026-01-04,ST020,MED022,SUP02,42
PO000313,2026-01-01,2026-01-05,2026-01-08,ST020,MED023,SUP03,60
PO000314,2026-01-01,2026-01-03,2026-01-03,ST020,MED024,SUP04,72
PO000315,2026-01-01,2026-01-03,2026-01-05,ST020,MED025,SUP01,36
PO000316,2026-01-01,2026-01-06,2026-01-06,ST020,MED026,SUP02,72
PO000317,2026-01-01,2026-01-04,2026-01-04,ST020,MED027,SUP03,72
PO000318,2026-01-01,2026-01-04,2026-01-04,ST020,MED028,SUP04,48
PO000319,2026-01-01,2026-01-04,2026-01-04,ST020,MED029,SUP01,48
PO000320,2026-01-01,2026-01-05,2026-01-05,ST021,MED017,SUP01,60
PO000321,2026-01-01,2026-01-04,2026-01-04,ST021,MED019,SUP03,24
PO000322,2026-01-01,2026-01-06,2026-01-06,ST021,MED022,SUP02,36
PO000323,2026-01-01,2026-01-05,2026-01-05,ST021,MED027,SUP03,72
PO000324,2026-01-01,2026-01-04,2026-01-04,ST021,MED028,SUP04,48
PO000325,2026-01-01,2026-01-06,2026-01-06,ST022,MED005,SUP01,60
PO000326,2026-01-01,2026-01-05,2026-01-05,ST022,MED006,SUP02,60
PO000327,2026-01-01,2026-01-05,2026-01-05,ST022,MED012,SUP04,60
PO000328,2026-01-01,2026-01-05,2026-01-05,ST022,MED017,SUP01,60
PO000329,2026-01-01,2026-01-04,2026-01-04,ST022,MED019,SUP03,24
PO000330,2026-01-01,2026-01-03,2026-01-03,ST022,MED022,SUP02,42
PO000331,2026-01-01,2026-01-06,2026-01-06,ST023,MED002,SUP02,60
PO000332,2026-01-01,2026-01-03,2026-01-03,ST023,MED010,SUP02,24
PO000333,2026-01-01,2026-01-03,2026-01-03,ST023,MED012,SUP04,60
PO000334,2026-01-01,2026-01-03,2026-01-05,ST023,MED017,SUP01,60
PO000335,2026-01-01,2026-01-06,2026-01-06,ST023,MED019,SUP03,24
PO000336,2026-01-01,2026-01-03,2026-01-03,ST023,MED027,SUP03,72
PO000337,2026-01-01,2026-01-05,2026-01-05,ST023,MED029,SUP01,48
PO000338,2026-01-01,2026-01-06,2026-01-06,ST024,MED001,SUP01,72
PO000339,2026-01-01,2026-01-04,2026-01-04,ST024,MED002,SUP02,60
PO000340,2026-01-01,2026-01-05,2026-01-05,ST024,MED003,SUP03,24
PO000341,2026-01-01,2026-01-06,2026-01-06,ST024,MED006,SUP02,60
PO000342,2026-01-01,2026-01-03,2026-01-03,ST024,MED007,SUP03,24
PO000343,2026-01-01,2026-01-05,2026-01-05,ST024,MED008,SUP04,24
PO000344,2026-01-01,2026-01-06,2026-01-06,ST024,MED009,SUP01,60
PO000345,2026-01-01,2026-01-05,2026-01-05,ST024,MED012,SUP04,60
PO000346,2026-01-01,2026-01-06,2026-01-06,ST024,MED015,SUP03,72
PO000347,2026-01-01,2026-01-04,2026-01-04,ST024,MED016,SUP04,48
PO000348,2026-01-01,2026-01-05,2026-01-08,ST024,MED017,SUP01,60
PO000349,2026-01-01,2026-01-06,2026-01-09,ST024,MED021,SUP01,54
PO000350,2026-01-01,2026-01-04,2026-01-07,ST024,MED026,SUP02,72
PO000351,2026-01-01,2026-01-04,2026-01-04,ST024,MED027,SUP03,72
PO000352,2026-01-01,2026-01-05,2026-01-05,ST024,MED028,SUP04,48
PO000353,2026-01-01,2026-01-03,2026-01-03,ST025,MED002,SUP02,60
PO000354,2026-01-01,2026-01-06,2026-01-06,ST025,MED004,SUP04,48
PO000355,2026-01-01,2026-01-03,2026-01-03,ST025,MED005,SUP01,60
PO000356,2026-01-01,2026-01-05,2026-01-05,ST025,MED006,SUP02,60
PO000357,2026-01-01,2026-01-04,2026-01-04,ST025,MED007,SUP03,24
PO000358,2026-01-01,2026-01-05,2026-01-05,ST025,MED009,SUP01,60
PO000359,2026-01-01,2026-01-03,2026-01-03,ST025,MED015,SUP03,72
PO000360,2026-01-01,2026-01-06,2026-01-06,ST025,MED017,SUP01,72
PO000361,2026-01-01,2026-01-05,2026-01-05,ST025,MED018,SUP02,48
PO000362,2026-01-01,2026-01-05,2026-01-05,ST025,MED021,SUP01,54
PO000363,2026-01-01,2026-01-03,2026-01-03,ST025,MED022,SUP02,42
PO000364,2026-01-01,2026-01-05,2026-01-05,ST025,MED023,SUP03,60
PO000365,2026-01-01,2026-01-04,2026-01-04,ST025,MED025,SUP01,36
PO000366,2026-01-01,2026-01-03,2026-01-03,ST025,MED026,SUP02,72
PO000367,2026-01-01,2026-01-03,2026-01-03,ST025,MED027,SUP03,72
PO000368,2026-01-01,2026-01-04,2026-01-04,ST025,MED028,SUP04,48
PO000369,2026-01-01,2026-01-04,2026-01-07,ST025,MED029,SUP01,48
PO000370,2026-01-01,2026-01-04,2026-01-04,ST026,MED002,SUP02,66
PO000371,2026-01-01,2026-01-04,2026-01-04,ST026,MED003,SUP03,24
PO000372,2026-01-01,2026-01-03,2026-01-03,ST026,MED005,SUP01,60
PO000373,2026-01-01,2026-01-03,2026-01-03,ST026,MED006,SUP02,60
PO000374,2026-01-01,2026-01-05,2026-01-05,ST026,MED007,SUP03,24
PO000375,2026-01-01,2026-01-03,2026-01-03,ST026,MED008,SUP04,24
PO000376,2026-01-01,2026-01-04,2026-01-04,ST026,MED009,SUP01,60
PO000377,2026-01-01,2026-01-05,2026-01-05,ST026,MED011,SUP03,60
PO000378,2026-01-01,2026-01-03,2026-01-03,ST026,MED012,SUP04,60
PO000379,2026-01-01,2026-01-04,2026-01-04,ST026,MED013,SUP01,36
PO000380,2026-01-01,2026-01-05,2026-01-05,ST026,MED016,SUP04,48
PO000381,2026-01-01,2026-01-06,2026-01-09,ST026,MED017,SUP01,60
PO000382,2026-01-01,2026-01-06,2026-01-06,ST026,MED018,SUP02,48
PO000383,2026-01-01,2026-01-03,2026-01-03,ST026,MED019,SUP03,24
PO000384,2026-01-01,2026-01-04,2026-01-04,ST026,MED020,SUP04,48
PO000385,2026-01-01,2026-01-05,2026-01-06,ST026,MED022,SUP02,48
PO000386,2026-01-01,2026-01-05,2026-01-05,ST026,MED024,SUP04,72
PO000387,2026-01-01,2026-01-03,2026-01-04,ST026,MED025,SUP01,36
PO000388,2026-01-01,2026-01-04,2026-01-04,ST026,MED026,SUP02,72
PO000389,2026-01-01,2026-01-03,2026-01-04,ST026,MED027,SUP03,72
PO000390,2026-01-01,2026-01-05,2026-01-05,ST026,MED028,SUP04,48
PO000391,2026-01-01,2026-01-05,2026-01-05,ST026,MED029,SUP01,48
PO000392,2026-01-01,2026-01-04,2026-01-05,ST027,MED001,SUP01,72
PO000393,2026-01-01,2026-01-04,2026-01-04,ST027,MED002,SUP02,66
PO000394,2026-01-01,2026-01-04,2026-01-06,ST027,MED003,SUP03,24
PO000395,2026-01-01,2026-01-06,2026-01-06,ST027,MED004,SUP04,48
PO000396,2026-01-01,2026-01-03,2026-01-03,ST027,MED006,SUP02,60
PO000397,2026-01-01,2026-01-04,2026-01-04,ST027,MED007,SUP03,24
PO000398,2026-01-01,2026-01-04,2026-01-04,ST027,MED008,SUP04,24
PO000399,2026-01-01,2026-01-03,2026-01-04,ST027,MED009,SUP01,60
PO000400,2026-01-01,2026-01-03,2026-01-03,ST027,MED010,SUP02,24
PO000401,2026-01-01,2026-01-03,2026-01-03,ST027,MED011,SUP03,60
PO000402,2026-01-01,2026-01-06,2026-01-06,ST027,MED012,SUP04,60
PO000403,2026-01-01,2026-01-04,2026-01-04,ST027,MED013,SUP01,48
PO000404,2026-01-01,2026-01-04,2026-01-04,ST027,MED016,SUP04,48
PO000405,2026-01-01,2026-01-06,2026-01-06,ST027,MED017,SUP01,60
PO000406,2026-01-01,2026-01-05,2026-01-05,ST027,MED018,SUP02,48
PO000407,2026-01-01,2026-01-06,2026-01-06,ST027,MED019,SUP03,24
PO000408,2026-01-01,2026-01-03,2026-01-03,ST027,MED020,SUP04,48
PO000409,2026-01-01,2026-01-06,2026-01-06,ST027,MED022,SUP02,42
PO000410,2026-01-01,2026-01-05,2026-01-05,ST027,MED023,SUP03,72
PO000411,2026-01-01,2026-01-06,2026-01-06,ST027,MED024,SUP04,72
PO000412,2026-01-01,2026-01-04,2026-01-04,ST027,MED025,SUP01,36
PO000413,2026-01-01,2026-01-04,2026-01-04,ST027,MED026,SUP02,72
PO000414,2026-01-01,2026-01-03,2026-01-03,ST027,MED027,SUP03,72
PO000415,2026-01-01,2026-01-05,2026-01-05,ST027,MED028,SUP04,48
PO000416,2026-01-01,2026-01-04,2026-01-04,ST027,MED029,SUP01,72
PO000417,2026-01-01,2026-01-03,2026-01-03,ST028,MED012,SUP04,60
PO000418,2026-01-01,2026-01-04,2026-01-04,ST028,MED014,SUP02,48
PO000419,2026-01-01,2026-01-05,2026-01-05,ST028,MED022,SUP02,36
PO000420,2026-01-01,2026-01-05,2026-01-05,ST028,MED024,SUP04,72
PO000421,2026-01-01,2026-01-06,2026-01-06,ST029,MED002,SUP02,60
PO000422,2026-01-01,2026-01-03,2026-01-03,ST029,MED010,SUP02,36
PO000423,2026-01-01,2026-01-04,2026-01-04,ST029,MED012,SUP04,60
PO000424,2026-01-01,2026-01-06,2026-01-06,ST029,MED015,SUP03,72
PO000425,2026-01-01,2026-01-04,2026-01-04,ST029,MED016,SUP04,48
PO000426,2026-01-01,2026-01-06,2026-01-06,ST029,MED017,SUP01,60
PO000427,2026-01-01,2026-01-04,2026-01-04,ST030,MED003,SUP03,24
PO000428,2026-01-01,2026-01-04,2026-01-04,ST030,MED009,SUP01,60
PO000429,2026-01-01,2026-01-04,2026-01-04,ST030,MED012,SUP04,60
PO000430,2026-01-01,2026-01-03,2026-01-03,ST030,MED014,SUP02,48
PO000431,2026-01-01,2026-01-04,2026-01-07,ST030,MED016,SUP04,48
PO000432,2026-01-01,2026-01-05,2026-01-05,ST030,MED017,SUP01,60
PO000433,2026-01-01,2026-01-03,2026-01-03,ST030,MED021,SUP01,60
PO000434,2026-01-01,2026-01-05,2026-01-05,ST030,MED022,SUP02,36
PO000435,2026-01-01,2026-01-05,2026-01-05,ST030,MED025,SUP01,36
PO000436,2026-01-01,2026-01-04,2026-01-05,ST030,MED027,SUP03,72
PO000437,2026-01-01,2026-01-06,2026-01-06,ST030,MED029,SUP01,72
PO000438,2026-01-01,2026-01-06,2026-01-06,ST031,MED001,SUP01,72
PO000439,2026-01-01,2026-01-06,2026-01-06,ST031,MED002,SUP02,60
PO000440,2026-01-01,2026-01-06,2026-01-06,ST031,MED005,SUP01,60
PO000441,2026-01-01,2026-01-05,2026-01-05,ST031,MED006,SUP02,60
PO000442,2026-01-01,2026-01-04,2026-01-05,ST031,MED008,SUP04,24
PO000443,2026-01-01,2026-01-05,2026-01-05,ST031,MED010,SUP02,24
PO000444,2026-01-01,2026-01-03,2026-01-04,ST031,MED011,SUP03,60
PO000445,2026-01-01,2026-01-04,2026-01-04,ST031,MED012,SUP04,60
PO000446,2026-01-01,2026-01-03,2026-01-03,ST031,MED017,SUP01,60
PO000447,2026-01-01,2026-01-04,2026-01-04,ST031,MED018,SUP02,48
PO000448,2026-01-01,2026-01-03,2026-01-03,ST031,MED020,SUP04,48
PO000449,2026-01-01,2026-01-03,2026-01-03,ST031,MED021,SUP01,54
PO000450,2026-01-01,2026-01-03,2026-01-03,ST031,MED024,SUP04,72
PO000451,2026-01-01,2026-01-04,2026-01-04,ST031,MED025,SUP01,36
PO000452,2026-01-01,2026-01-04,2026-01-04,ST031,MED027,SUP03,72
PO000453,2026-01-01,2026-01-03,2026-01-03,ST031,MED029,SUP01,72
PO000454,2026-01-01,2026-01-05,2026-01-05,ST031,MED030,SUP02,30
PO000455,2026-01-01,2026-01-05,2026-01-05,ST032,MED002,SUP02,60
PO000456,2026-01-01,2026-01-06,2026-01-09,ST032,MED004,SUP04,48
PO000457,2026-01-01,2026-01-06,2026-01-06,ST032,MED005,SUP01,60
PO000458,2026-01-01,2026-01-03,2026-01-03,ST032,MED007,SUP03,24
PO000459,2026-01-01,2026-01-03,2026-01-04,ST032,MED009,SUP01,60
PO000460,2026-01-01,2026-01-04,2026-01-04,ST032,MED010,SUP02,24
PO000461,2026-01-01,2026-01-06,2026-01-06,ST032,MED011,SUP03,60
PO000462,2026-01-01,2026-01-04,2026-01-05,ST032,MED012,SUP04,60
PO000463,2026-01-01,2026-01-03,2026-01-03,ST032,MED013,SUP01,48
PO000464,2026-01-01,2026-01-05,2026-01-05,ST032,MED014,SUP02,48
PO000465,2026-01-01,2026-01-03,2026-01-03,ST032,MED015,SUP03,72
PO000466,2026-01-01,2026-01-04,2026-01-04,ST032,MED017,SUP01,60
PO000467,2026-01-01,2026-01-04,2026-01-04,ST032,MED018,SUP02,48
PO000468,2026-01-01,2026-01-04,2026-01-04,ST032,MED020,SUP04,48
PO000469,2026-01-01,2026-01-04,2026-01-04,ST032,MED021,SUP01,54
PO000470,2026-01-01,2026-01-04,2026-01-04,ST032,MED022,SUP02,36
PO000471,2026-01-01,2026-01-06,2026-01-06,ST032,MED023,SUP03,72
PO000472,2026-01-01,2026-01-05,2026-01-05,ST032,MED024,SUP04,72
PO000473,2026-01-01,2026-01-06,2026-01-09,ST032,MED026,SUP02,72
PO000474,2026-01-01,2026-01-04,2026-01-04,ST032,MED027,SUP03,72
PO000475,2026-01-01,2026-01-03,2026-01-06,ST032,MED029,SUP01,48
PO000476,2026-01-01,2026-01-06,2026-01-06,ST032,MED030,SUP02,36
PO000477,2026-01-01,2026-01-03,2026-01-03,ST033,MED001,SUP01,72
PO000478,2026-01-01,2026-01-06,2026-01-08,ST033,MED002,SUP02,66
PO000479,2026-01-01,2026-01-05,2026-01-05,ST033,MED003,SUP03,24
PO000480,2026-01-01,2026-01-03,2026-01-03,ST033,MED004,SUP04,48
PO000481,2026-01-01,2026-01-05,2026-01-08,ST033,MED005,SUP01,60
PO000482,2026-01-01,2026-01-04,2026-01-05,ST033,MED006,SUP02,60
PO000483,2026-01-01,2026-01-03,2026-01-03,ST033,MED007,SUP03,24
PO000484,2026-01-01,2026-01-06,2026-01-06,ST033,MED009,SUP01,60
PO000485,2026-01-01,2026-01-03,2026-01-03,ST033,MED012,SUP04,60
PO000486,2026-01-01,2026-01-04,2026-01-05,ST033,MED015,SUP03,72
PO000487,2026-01-01,2026-01-03,2026-01-03,ST033,MED016,SUP04,48
PO000488,2026-01-01,2026-01-03,2026-01-03,ST033,MED017,SUP01,60
PO000489,2026-01-01,2026-01-04,2026-01-04,ST033,MED018,SUP02,48
PO000490,2026-01-01,2026-01-04,2026-01-04,ST033,MED019,SUP03,24
PO000491,2026-01-01,2026-01-04,2026-01-04,ST033,MED021,SUP01,60
PO000492,2026-01-01,2026-01-04,2026-01-04,ST033,MED022,SUP02,42
PO000493,2026-01-01,2026-01-03,2026-01-03,ST033,MED023,SUP03,60
PO000494,2026-01-01,2026-01-06,2026-01-06,ST033,MED024,SUP04,72
PO000495,2026-01-01,2026-01-06,2026-01-06,ST033,MED027,SUP03,72
PO000496,2026-01-01,2026-01-05,2026-01-06,ST033,MED028,SUP04,48
PO000497,2026-01-01,2026-01-03,2026-01-03,ST033,MED029,SUP01,48
PO000498,2026-01-01,2026-01-05,2026-01-05,ST033,MED030,SUP02,30
PO000499,2026-01-01,2026-01-06,2026-01-06,ST034,MED001,SUP01,72
PO000500,2026-01-01,2026-01-03,2026-01-06,ST034,MED002,SUP02,72
PO000501,2026-01-01,2026-01-05,2026-01-08,ST034,MED003,SUP03,24
PO000502,2026-01-01,2026-01-05,2026-01-05,ST034,MED004,SUP04,48
PO000503,2026-01-01,2026-01-03,2026-01-03,ST034,MED005,SUP01,60
PO000504,2026-01-01,2026-01-04,2026-01-06,ST034,MED006,SUP02,60
PO000505,2026-01-01,2026-01-06,2026-01-06,ST034,MED009,SUP01,60
PO000506,2026-01-01,2026-01-05,2026-01-05,ST034,MED011,SUP03,60
PO000507,2026-01-01,2026-01-05,2026-01-06,ST034,MED012,SUP04,60
PO000508,2026-01-01,2026-01-05,2026-01-05,ST034,MED013,SUP01,48
PO000509,2026-01-01,2026-01-06,2026-01-06,ST034,MED014,SUP02,48
PO000510,2026-01-01,2026-01-04,2026-01-04,ST034,MED015,SUP03,72
PO000511,2026-01-01,2026-01-06,2026-01-06,ST034,MED017,SUP01,72
PO000512,2026-01-01,2026-01-06,2026-01-06,ST034,MED018,SUP02,48
PO000513,2026-01-01,2026-01-05,2026-01-05,ST034,MED020,SUP04,48
PO000514,2026-01-01,2026-01-05,2026-01-06,ST034,MED021,SUP01,54
PO000515,2026-01-01,2026-01-03,2026-01-06,ST034,MED022,SUP02,42
PO000516,2026-01-01,2026-01-06,2026-01-06,ST034,MED023,SUP03,60
PO000517,2026-01-01,2026-01-04,2026-01-06,ST034,MED024,SUP04,72
PO000518,2026-01-01,2026-01-06,2026-01-06,ST034,MED026,SUP02,72
PO000519,2026-01-01,2026-01-03,2026-01-03,ST034,MED027,SUP03,72
PO000520,2026-01-01,2026-01-06,2026-01-09,ST034,MED028,SUP04,48
PO000521,2026-01-01,2026-01-05,2026-01-08,ST034,MED029,SUP01,48
PO000522,2026-01-01,2026-01-04,2026-01-04,ST034,MED030,SUP02,30
PO000523,2026-01-01,2026-01-04,2026-01-04,ST035,MED006,SUP02,60
PO000524,2026-01-01,2026-01-03,2026-01-03,ST035,MED008,SUP04,24
PO000525,2026-01-01,2026-01-06,2026-01-06,ST035,MED011,SUP03,60
PO000526,2026-01-01,2026-01-04,2026-01-04,ST035,MED014,SUP02,48
PO000527,2026-01-01,2026-01-03,2026-01-03,ST035,MED017,SUP01,60
PO000528,2026-01-01,2026-01-05,2026-01-05,ST035,MED019,SUP03,24
PO000529,2026-01-01,2026-01-06,2026-01-06,ST035,MED025,SUP01,36
PO000530,2026-01-01,2026-01-05,2026-01-05,ST035,MED028,SUP04,48
PO000531,2026-01-01,2026-01-03,2026-01-05,ST035,MED030,SUP02,30
PO000532,2026-01-01,2026-01-05,2026-01-05,ST036,MED002,SUP02,60
PO000533,2026-01-01,2026-01-05,2026-01-05,ST036,MED003,SUP03,24
PO000534,2026-01-01,2026-01-03,2026-01-03,ST036,MED008,SUP04,24
PO000535,2026-01-01,2026-01-06,2026-01-06,ST036,MED012,SUP04,60
PO000536,2026-01-01,2026-01-03,2026-01-03,ST036,MED013,SUP01,36
PO000537,2026-01-01,2026-01-03,2026-01-03,ST036,MED017,SUP01,60
PO000538,2026-01-01,2026-01-03,2026-01-03,ST036,MED027,SUP03,72
PO000539,2026-01-01,2026-01-03,2026-01-03,ST037,MED001,SUP01,72
PO000540,2026-01-01,2026-01-05,2026-01-05,ST037,MED003,SUP03,24
PO000541,2026-01-01,2026-01-04,2026-01-04,ST037,MED004,SUP04,48
PO000542,2026-01-01,2026-01-06,2026-01-08,ST037,MED005,SUP01,60
PO000543,2026-01-01,2026-01-05,2026-01-05,ST037,MED006,SUP02,60
PO000544,2026-01-01,2026-01-03,2026-01-03,ST037,MED007,SUP03,24
PO000545,2026-01-01,2026-01-03,2026-01-03,ST037,MED008,SUP04,24
PO000546,2026-01-01,2026-01-03,2026-01-03,ST037,MED009,SUP01,60
PO000547,2026-01-01,2026-01-03,2026-01-03,ST037,MED012,SUP04,60
PO000548,2026-01-01,2026-01-05,2026-01-08,ST037,MED013,SUP01,36
PO000549,2026-01-01,2026-01-05,2026-01-05,ST037,MED016,SUP04,48
PO000550,2026-01-01,2026-01-03,2026-01-03,ST037,MED019,SUP03,24
PO000551,2026-01-01,2026-01-03,2026-01-03,ST037,MED020,SUP04,48
PO000552,2026-01-01,2026-01-04,2026-01-04,ST037,MED021,SUP01,54
PO000553,2026-01-01,2026-01-05,2026-01-07,ST037,MED022,SUP02,42
PO000554,2026-01-01,2026-01-06,2026-01-06,ST037,MED024,SUP04,72
PO000555,2026-01-01,2026-01-05,2026-01-05,ST037,MED026,SUP02,72
PO000556,2026-01-01,2026-01-05,2026-01-05,ST037,MED027,SUP03,72
PO000557,2026-01-01,2026-01-05,2026-01-05,ST037,MED028,SUP04,48
PO000558,2026-01-01,2026-01-06,2026-01-06,ST037,MED029,SUP01,48
PO000559,2026-01-01,2026-01-04,2026-01-04,ST038,MED001,SUP01,72
PO000560,2026-01-01,2026-01-04,2026-01-06,ST038,MED002,SUP02,60
PO000561,2026-01-01,2026-01-05,2026-01-05,ST038,MED009,SUP01,60
PO000562,2026-01-01,2026-01-04,2026-01-04,ST038,MED010,SUP02,24
PO000563,2026-01-01,2026-01-06,2026-01-06,ST038,MED012,SUP04,60
PO000564,2026-01-01,2026-01-03,2026-01-03,ST038,MED013,SUP01,48
PO000565,2026-01-01,2026-01-05,2026-01-05,ST038,MED016,SUP04,48
PO000566,2026-01-01,2026-01-04,2026-01-04,ST038,MED017,SUP01,60
PO000567,2026-01-01,2026-01-05,2026-01-05,ST038,MED018,SUP02,48
PO000568,2026-01-01,2026-01-04,2026-01-05,ST038,MED019,SUP03,24
PO000569,2026-01-01,2026-01-04,2026-01-04,ST038,MED021,SUP01,54
PO000570,2026-01-01,2026-01-05,2026-01-05,ST038,MED022,SUP02,36
PO000571,2026-01-01,2026-01-06,2026-01-07,ST038,MED025,SUP01,36
PO000572,2026-01-01,2026-01-05,2026-01-08,ST038,MED026,SUP02,72
PO000573,2026-01-01,2026-01-04,2026-01-07,ST038,MED027,SUP03,72
PO000574,2026-01-01,2026-01-03,2026-01-03,ST038,MED028,SUP04,48
PO000575,2026-01-01,2026-01-04,2026-01-04,ST038,MED029,SUP01,48
PO000576,2026-01-01,2026-01-05,2026-01-08,ST039,MED002,SUP02,66
PO000577,2026-01-01,2026-01-04,2026-01-04,ST039,MED005,SUP01,60
PO000578,2026-01-01,2026-01-06,2026-01-06,ST039,MED006,SUP02,60
PO000579,2026-01-01,2026-01-04,2026-01-04,ST039,MED007,SUP03,24
PO000580,2026-01-01,2026-01-05,2026-01-07,ST039,MED008,SUP04,24
PO000581,2026-01-01,2026-01-05,2026-01-08,ST039,MED012,SUP04,60
PO000582,2026-01-01,2026-01-05,2026-01-05,ST039,MED013,SUP01,48
PO000583,2026-01-01,2026-01-03,2026-01-03,ST039,MED014,SUP02,48
PO000584,2026-01-01,2026-01-03,2026-01-03,ST039,MED016,SUP04,48
PO000585,2026-01-01,2026-01-03,2026-01-03,ST039,MED017,SUP01,72
PO000586,2026-01-01,2026-01-05,2026-01-05,ST039,MED018,SUP02,48
PO000587,2026-01-01,2026-01-04,2026-01-04,ST039,MED019,SUP03,24
PO000588,2026-01-01,2026-01-06,2026-01-06,ST039,MED020,SUP04,48
PO000589,2026-01-01,2026-01-03,2026-01-03,ST039,MED022,SUP02,42
PO000590,2026-01-01,2026-01-06,2026-01-06,ST039,MED027,SUP03,72
PO000591,2026-01-01,2026-01-04,2026-01-05,ST039,MED028,SUP04,48
PO000592,2026-01-01,2026-01-03,2026-01-03,ST039,MED029,SUP01,48
PO000593,2026-01-01,2026-01-06,2026-01-06,ST039,MED030,SUP02,30
PO000594,2026-01-01,2026-01-03,2026-01-06,ST040,MED002,SUP02,60
PO000595,2026-01-01,2026-01-06,2026-01-06,ST040,MED003,SUP03,24
PO000596,2026-01-01,2026-01-04,2026-01-04,ST040,MED004,SUP04,48
PO000597,2026-01-01,2026-01-06,2026-01-06,ST040,MED006,SUP02,60
PO000598,2026-01-01,2026-01-03,2026-01-03,ST040,MED007,SUP03,24
PO000599,2026-01-01,2026-01-06,2026-01-06,ST040,MED008,SUP04,24
PO000600,2026-01-01,2026-01-03,2026-01-05,ST040,MED009,SUP01,60
PO000601,2026-01-01,2026-01-06,2026-01-06,ST040,MED011,SUP03,60
PO000602,2026-01-01,2026-01-03,2026-01-03,ST040,MED012,SUP04,60
PO000603,2026-01-01,2026-01-05,2026-01-08,ST040,MED013,SUP01,48
PO000604,2026-01-01,2026-01-06,2026-01-06,ST040,MED014,SUP02,48
PO000605,2026-01-01,2026-01-05,2026-01-05,ST040,MED015,SUP03,72
PO000606,2026-01-01,2026-01-06,2026-01-06,ST040,MED016,SUP04,48
PO000607,2026-01-01,2026-01-04,2026-01-05,ST040,MED017,SUP01,60
PO000608,2026-01-01,2026-01-03,2026-01-03,ST040,MED018,SUP02,48
PO000609,2026-01-01,2026-01-06,2026-01-06,ST040,MED020,SUP04,48
PO000610,2026-01-01,2026-01-06,2026-01-06,ST040,MED022,SUP02,42
PO000611,2026-01-01,2026-01-06,2026-01-06,ST040,MED023,SUP03,72
PO000612,2026-01-01,2026-01-05,2026-01-05,ST040,MED024,SUP04,72
PO000613,2026-01-01,2026-01-03,2026-01-03,ST040,MED027,SUP03,72
PO000614,2026-01-01,2026-01-06,2026-01-09,ST040,MED029,SUP01,48
PO000615,2026-01-01,2026-01-04,2026-01-04,ST040,MED030,SUP02,30
PO000616,2026-01-02,2026-01-04,2026-01-04,ST001,MED001,SUP01,72
PO000617,2026-01-02,2026-01-06,2026-01-06,ST001,MED004,SUP04,48
PO000618,2026-01-02,2026-01-05,2026-01-05,ST001,MED005,SUP01,60
PO000619,2026-01-02,2026-01-05,2026-01-05,ST001,MED006,SUP02,60
PO000620,2026-01-02,2026-01-06,2026-01-06,ST001,MED007,SUP03,24
PO000621,2026-01-02,2026-01-06,2026-01-06,ST001,MED009,SUP01,60
PO000622,2026-01-02,2026-01-04,2026-01-04,ST001,MED010,SUP02,24
PO000623,2026-01-02,2026-01-04,2026-01-04,ST001,MED011,SUP03,66
PO000624,2026-01-02,2026-01-05,2026-01-05,ST001,MED014,SUP02,48
PO000625,2026-01-02,2026-01-04,2026-01-04,ST001,MED015,SUP03,96
PO000626,2026-01-02,2026-01-05,2026-01-05,ST001,MED017,SUP01,72
PO000627,2026-01-02,2026-01-05,2026-01-05,ST001,MED018,SUP02,48
PO000628,2026-01-02,2026-01-05,2026-01-05,ST001,MED019,SUP03,24
PO000629,2026-01-02,2026-01-04,2026-01-04,ST001,MED020,SUP04,48
PO000630,2026-01-02,2026-01-06,2026-01-06,ST001,MED023,SUP03,72
PO000631,2026-01-02,2026-01-04,2026-01-04,ST001,MED025,SUP01,36
PO000632,2026-01-02,2026-01-06,2026-01-06,ST001,MED028,SUP04,48
PO000633,2026-01-02,2026-01-06,2026-01-06,ST001,MED029,SUP01,48
PO000634,2026-01-02,2026-01-05,2026-01-05,ST002,MED004,SUP04,48
PO000635,2026-01-02,2026-01-06,2026-01-07,ST002,MED005,SUP01,72
PO000636,2026-01-02,2026-01-05,2026-01-05,ST002,MED008,SUP04,24
PO000637,2026-01-02,2026-01-04,2026-01-05,ST002,MED015,SUP03,72
PO000638,2026-01-02,2026-01-04,2026-01-04,ST002,MED016,SUP04,48
PO000639,2026-01-02,2026-01-04,2026-01-04,ST002,MED021,SUP01,60
PO000640,2026-01-02,2026-01-04,2026-01-07,ST002,MED023,SUP03,72
PO000641,2026-01-02,2026-01-04,2026-01-04,ST002,MED024,SUP04,72
PO000642,2026-01-02,2026-01-05,2026-01-05,ST002,MED027,SUP03,84
PO000643,2026-01-02,2026-01-06,2026-01-06,ST002,MED028,SUP04,48
PO000644,2026-01-02,2026-01-07,2026-01-07,ST003,MED001,SUP01,72
PO000645,2026-01-02,2026-01-07,2026-01-07,ST003,MED003,SUP03,24
PO000646,2026-01-02,2026-01-04,2026-01-04,ST003,MED005,SUP01,72
PO000647,2026-01-02,2026-01-07,2026-01-07,ST003,MED006,SUP02,72
PO000648,2026-01-02,2026-01-04,2026-01-04,ST003,MED007,SUP03,24
PO000649,2026-01-02,2026-01-05,2026-01-08,ST003,MED008,SUP04,24
PO000650,2026-01-02,2026-01-04,2026-01-04,ST003,MED009,SUP01,60
PO000651,2026-01-02,2026-01-06,2026-01-06,ST003,MED011,SUP03,72
PO000652,2026-01-02,2026-01-07,2026-01-07,ST003,MED015,SUP03,72
PO000653,2026-01-02,2026-01-07,2026-01-07,ST003,MED016,SUP04,48
PO000654,2026-01-02,2026-01-07,2026-01-09,ST003,MED018,SUP02,48
PO000655,2026-01-02,2026-01-06,2026-01-06,ST003,MED019,SUP03,24
PO000656,2026-01-02,2026-01-04,2026-01-04,ST003,MED021,SUP01,60
PO000657,2026-01-02,2026-01-06,2026-01-06,ST003,MED022,SUP02,48
PO000658,2026-01-02,2026-01-04,2026-01-04,ST003,MED023,SUP03,72
PO000659,2026-01-02,2026-01-07,2026-01-07,ST003,MED024,SUP04,72
PO000660,2026-01-02,2026-01-06,2026-01-06,ST003,MED025,SUP01,36
PO000661,2026-01-02,2026-01-06,2026-01-06,ST003,MED028,SUP04,48
PO000662,2026-01-02,2026-01-07,2026-01-07,ST003,MED029,SUP01,72
PO000663,2026-01-02,2026-01-07,2026-01-07,ST003,MED030,SUP02,30
PO000664,2026-01-02,2026-01-06,2026-01-06,ST004,MED003,SUP03,24
PO000665,2026-01-02,2026-01-07,2026-01-07,ST004,MED005,SUP01,72
PO000666,2026-01-02,2026-01-04,2026-01-07,ST004,MED009,SUP01,72
PO000667,2026-01-02,2026-01-06,2026-01-06,ST004,MED015,SUP03,72
PO000668,2026-01-02,2026-01-05,2026-01-05,ST004,MED016,SUP04,48
PO000669,2026-01-02,2026-01-05,2026-01-05,ST004,MED018,SUP02,48
PO000670,2026-01-02,2026-01-05,2026-01-05,ST004,MED019,SUP03,24
PO000671,2026-01-02,2026-01-07,2026-01-08,ST004,MED020,SUP04,48
PO000672,2026-01-02,2026-01-06,2026-01-06,ST004,MED028,SUP04,48
PO000673,2026-01-02,2026-01-04,2026-01-04,ST004,MED029,SUP01,72
PO000674,2026-01-02,2026-01-05,2026-01-05,ST004,MED030,SUP02,30
PO000675,2026-01-02,2026-01-04,2026-01-04,ST005,MED003,SUP03,24
PO000676,2026-01-02,2026-01-04,2026-01-04,ST005,MED004,SUP04,60
PO000677,2026-01-02,2026-01-07,2026-01-07,ST005,MED008,SUP04,24
PO000678,2026-01-02,2026-01-06,2026-01-06,ST005,MED009,SUP01,60
PO000679,2026-01-02,2026-01-05,2026-01-05,ST005,MED010,SUP02,24
PO000680,2026-01-02,2026-01-07,2026-01-10,ST005,MED016,SUP04,48
PO000681,2026-01-02,2026-01-04,2026-01-04,ST005,MED018,SUP02,48
PO000682,2026-01-02,2026-01-04,2026-01-04,ST006,MED010,SUP02,36
PO000683,2026-01-02,2026-01-04,2026-01-04,ST006,MED029,SUP01,72
PO000684,2026-01-02,2026-01-04,2026-01-04,ST006,MED030,SUP02,36
PO000685,2026-01-02,2026-01-07,2026-01-10,ST007,MED001,SUP01,72
PO000686,2026-01-02,2026-01-04,2026-01-04,ST007,MED005,SUP01,60
PO000687,2026-01-02,2026-01-07,2026-01-07,ST007,MED006,SUP02,60
PO000688,2026-01-02,2026-01-04,2026-01-04,ST007,MED007,SUP03,24
PO000689,2026-01-02,2026-01-04,2026-01-04,ST007,MED010,SUP02,24
PO000690,2026-01-02,2026-01-07,2026-01-07,ST007,MED011,SUP03,66
PO000691,2026-01-02,2026-01-06,2026-01-06,ST007,MED015,SUP03,72
PO000692,2026-01-02,2026-01-07,2026-01-07,ST007,MED016,SUP04,48
PO000693,2026-01-02,2026-01-06,2026-01-06,ST007,MED018,SUP02,48
PO000694,2026-01-02,2026-01-07,2026-01-07,ST007,MED021,SUP01,54
PO000695,2026-01-02,2026-01-07,2026-01-07,ST007,MED022,SUP02,48
PO000696,2026-01-02,2026-01-06,2026-01-06,ST007,MED024,SUP04,72
PO000697,2026-01-02,2026-01-07,2026-01-09,ST007,MED027,SUP03,72
PO000698,2026-01-02,2026-01-07,2026-01-07,ST007,MED028,SUP04,48
PO000699,2026-01-02,2026-01-04,2026-01-04,ST007,MED029,SUP01,72
PO000700,2026-01-02,2026-01-04,2026-01-04,ST008,MED001,SUP01,72
PO000701,2026-01-02,2026-01-06,2026-01-06,ST008,MED005,SUP01,72
PO000702,2026-01-02,2026-01-04,2026-01-04,ST008,MED006,SUP02,60
PO000703,2026-01-02,2026-01-04,2026-01-04,ST008,MED007,SUP03,24
PO000704,2026-01-02,2026-01-05,2026-01-05,ST008,MED009,SUP01,60
PO000705,2026-01-02,2026-01-05,2026-01-05,ST008,MED010,SUP02,36
PO000706,2026-01-02,2026-01-05,2026-01-05,ST008,MED011,SUP03,66
PO000707,2026-01-02,2026-01-05,2026-01-05,ST008,MED014,SUP02,48
PO000708,2026-01-02,2026-01-06,2026-01-06,ST008,MED015,SUP03,72
PO000709,2026-01-02,2026-01-06,2026-01-09,ST008,MED016,SUP04,48
PO000710,2026-01-02,2026-01-06,2026-01-06,ST008,MED017,SUP01,72
PO000711,2026-01-02,2026-01-05,2026-01-05,ST008,MED018,SUP02,48
PO000712,2026-01-02,2026-01-06,2026-01-06,ST008,MED021,SUP01,60
PO000713,2026-01-02,2026-01-06,2026-01-06,ST008,MED022,SUP02,42
PO000714,2026-01-02,2026-01-04,2026-01-04,ST008,MED023,SUP03,60
PO000715,2026-01-02,2026-01-07,2026-01-07,ST008,MED024,SUP04,72
PO000716,2026-01-02,2026-01-05,2026-01-05,ST008,MED025,SUP01,36
PO000717,2026-01-02,2026-01-04,2026-01-04,ST008,MED026,SUP02,72
PO000718,2026-01-02,2026-01-05,2026-01-05,ST008,MED027,SUP03,72
PO000719,2026-01-02,2026-01-06,2026-01-08,ST008,MED029,SUP01,72
PO000720,2026-01-02,2026-01-05,2026-01-05,ST009,MED003,SUP03,24
PO000721,2026-01-02,2026-01-06,2026-01-06,ST009,MED005,SUP01,72
PO000722,2026-01-02,2026-01-05,2026-01-05,ST009,MED007,SUP03,24
PO000723,2026-01-02,2026-01-05,2026-01-05,ST009,MED009,SUP01,60
PO000724,2026-01-02,2026-01-06,2026-01-06,ST009,MED010,SUP02,24
PO000725,2026-01-02,2026-01-07,2026-01-07,ST009,MED011,SUP03,66
PO000726,2026-01-02,2026-01-06,2026-01-06,ST009,MED014,SUP02,48
PO000727,2026-01-02,2026-01-04,2026-01-04,ST009,MED015,SUP03,72
PO000728,2026-01-02,2026-01-07,2026-01-07,ST009,MED018,SUP02,48
PO000729,2026-01-02,2026-01-04,2026-01-05,ST009,MED020,SUP04,48
PO000730,2026-01-02,2026-01-06,2026-01-06,ST009,MED021,SUP01,54
PO000731,2026-01-02,2026-01-05,2026-01-05,ST009,MED023,SUP03,72
PO000732,2026-01-02,2026-01-06,2026-01-06,ST009,MED024,SUP04,72
PO000733,2026-01-02,2026-01-05,2026-01-05,ST009,MED025,SUP01,36
PO000734,2026-01-02,2026-01-07,2026-01-08,ST009,MED026,SUP02,72
PO000735,2026-01-02,2026-01-06,2026-01-06,ST009,MED028,SUP04,48
PO000736,2026-01-02,2026-01-07,2026-01-07,ST009,MED029,SUP01,72
PO000737,2026-01-02,2026-01-07,2026-01-07,ST009,MED030,SUP02,30
PO000738,2026-01-02,2026-01-05,2026-01-05,ST010,MED001,SUP01,72
PO000739,2026-01-02,2026-01-06,2026-01-06,ST010,MED004,SUP04,60
PO000740,2026-01-02,2026-01-04,2026-01-04,ST010,MED006,SUP02,60
PO000741,2026-01-02,2026-01-06,2026-01-07,ST010,MED007,SUP03,24
PO000742,2026-01-02,2026-01-05,2026-01-05,ST010,MED009,SUP01,60
PO000743,2026-01-02,2026-01-05,2026-01-05,ST010,MED011,SUP03,66
PO000744,2026-01-02,2026-01-04,2026-01-04,ST010,MED015,SUP03,96
PO000745,2026-01-02,2026-01-07,2026-01-08,ST010,MED016,SUP04,48
PO000746,2026-01-02,2026-01-07,2026-01-07,ST010,MED018,SUP02,48
PO000747,2026-01-02,2026-01-06,2026-01-06,ST010,MED022,SUP02,42
PO000748,2026-01-02,2026-01-07,2026-01-07,ST010,MED024,SUP04,72
PO000749,2026-01-02,2026-01-04,2026-01-04,ST010,MED025,SUP01,36
PO000750,2026-01-02,2026-01-05,2026-01-05,ST010,MED026,SUP02,72
PO000751,2026-01-02,2026-01-04,2026-01-04,ST010,MED028,SUP04,48
PO000752,2026-01-02,2026-01-05,2026-01-06,ST010,MED029,SUP01,72
PO000753,2026-01-02,2026-01-07,2026-01-07,ST010,MED030,SUP02,36
PO000754,2026-01-02,2026-01-06,2026-01-06,ST011,MED003,SUP03,24
PO000755,2026-01-02,2026-01-05,2026-01-05,ST011,MED008,SUP04,24
PO000756,2026-01-02,2026-01-07,2026-01-07,ST011,MED009,SUP01,72
PO000757,2026-01-02,2026-01-04,2026-01-04,ST011,MED010,SUP02,36
PO000758,2026-01-02,2026-01-06,2026-01-06,ST011,MED011,SUP03,66
PO000759,2026-01-02,2026-01-05,2026-01-05,ST011,MED015,SUP03,96
PO000760,2026-01-02,2026-01-06,2026-01-06,ST011,MED016,SUP04,48
PO000761,2026-01-02,2026-01-06,2026-01-06,ST011,MED018,SUP02,48
PO000762,2026-01-02,2026-01-06,2026-01-07,ST011,MED019,SUP03,24
PO000763,2026-01-02,2026-01-06,2026-01-06,ST011,MED020,SUP04,48
PO000764,2026-01-02,2026-01-05,2026-01-05,ST011,MED022,SUP02,48
PO000765,2026-01-02,2026-01-05,2026-01-05,ST011,MED024,SUP04,72
PO000766,2026-01-02,2026-01-06,2026-01-06,ST011,MED025,SUP01,36
PO000767,2026-01-02,2026-01-06,2026-01-06,ST011,MED028,SUP04,48
PO000768,2026-01-02,2026-01-05,2026-01-05,ST011,MED029,SUP01,72
PO000769,2026-01-02,2026-01-05,2026-01-05,ST012,MED006,SUP02,72
PO000770,2026-01-02,2026-01-05,2026-01-05,ST012,MED008,SUP04,24
PO000771,2026-01-02,2026-01-07,2026-01-08,ST012,MED009,SUP01,60
PO000772,2026-01-02,2026-01-04,2026-01-05,ST012,MED014,SUP02,48
PO000773,2026-01-02,2026-01-06,2026-01-06,ST012,MED019,SUP03,24
PO000774,2026-01-02,2026-01-07,2026-01-07,ST012,MED021,SUP01,60
PO000775,2026-01-02,2026-01-05,2026-01-07,ST013,MED007,SUP03,24
PO000776,2026-01-02,2026-01-07,2026-01-07,ST013,MED010,SUP02,24
PO000777,2026-01-02,2026-01-07,2026-01-07,ST013,MED018,SUP02,48
PO000778,2026-01-02,2026-01-06,2026-01-06,ST013,MED030,SUP02,30
PO000779,2026-01-02,2026-01-07,2026-01-07,ST014,MED001,SUP01,72
PO000780,2026-01-02,2026-01-07,2026-01-07,ST014,MED002,SUP02,66
PO000781,2026-01-02,2026-01-05,2026-01-07,ST014,MED004,SUP04,48
PO000782,2026-01-02,2026-01-04,2026-01-04,ST014,MED005,SUP01,60
PO000783,2026-01-02,2026-01-07,2026-01-08,ST014,MED006,SUP02,60
PO000784,2026-01-02,2026-01-07,2026-01-10,ST014,MED008,SUP04,24
PO000785,2026-01-02,2026-01-07,2026-01-07,ST014,MED009,SUP01,60
PO000786,2026-01-02,2026-01-05,2026-01-05,ST014,MED013,SUP01,48
PO000787,2026-01-02,2026-01-04,2026-01-04,ST014,MED015,SUP03,72
PO000788,2026-01-02,2026-01-07,2026-01-10,ST014,MED016,SUP04,48
PO000789,2026-01-02,2026-01-05,2026-01-07,ST014,MED017,SUP01,60
PO000790,2026-01-02,2026-01-07,2026-01-07,ST014,MED018,SUP02,48
PO000791,2026-01-02,2026-01-05,2026-01-05,ST014,MED019,SUP03,24
PO000792,2026-01-02,2026-01-05,2026-01-05,ST014,MED020,SUP04,48
PO000793,2026-01-02,2026-01-07,2026-01-07,ST014,MED021,SUP01,60
PO000794,2026-01-02,2026-01-05,2026-01-05,ST014,MED022,SUP02,48
PO000795,2026-01-02,2026-01-07,2026-01-07,ST014,MED023,SUP03,60
PO000796,2026-01-02,2026-01-04,2026-01-05,ST014,MED024,SUP04,72
PO000797,2026-01-02,2026-01-07,2026-01-07,ST014,MED025,SUP01,36
PO000798,2026-01-02,2026-01-05,2026-01-05,ST014,MED026,SUP02,72
PO000799,2026-01-02,2026-01-04,2026-01-04,ST014,MED027,SUP03,72
PO000800,2026-01-02,2026-01-06,2026-01-06,ST014,MED028,SUP04,48
PO000801,2026-01-02,2026-01-05,2026-01-07,ST014,MED029,SUP01,48
PO000802,2026-01-02,2026-01-04,2026-01-04,ST015,MED001,SUP01,72
PO000803,2026-01-02,2026-01-05,2026-01-06,ST015,MED005,SUP01,72
PO000804,2026-01-02,2026-01-05,2026-01-05,ST015,MED007,SUP03,24
PO000805,2026-01-02,2026-01-07,2026-01-07,ST015,MED008,SUP04,24
PO000806,2026-01-02,2026-01-06,2026-01-06,ST015,MED009,SUP01,60
PO000807,2026-01-02,2026-01-06,2026-01-06,ST015,MED010,SUP02,24
PO000808,2026-01-02,2026-01-05,2026-01-05,ST015,MED011,SUP03,60
PO000809,2026-01-02,2026-01-05,2026-01-05,ST015,MED013,SUP01,48
PO000810,2026-01-02,2026-01-05,2026-01-08,ST015,MED014,SUP02,48
PO000811,2026-01-02,2026-01-06,2026-01-06,ST015,MED015,SUP03,72
PO000812,2026-01-02,2026-01-05,2026-01-05,ST015,MED016,SUP04,48
PO000813,2026-01-02,2026-01-06,2026-01-06,ST015,MED020,SUP04,48
PO000814,2026-01-02,2026-01-05,2026-01-05,ST015,MED021,SUP01,54
PO000815,2026-01-02,2026-01-07,2026-01-07,ST015,MED022,SUP02,42
PO000816,2026-01-02,2026-01-04,2026-01-04,ST015,MED023,SUP03,60
PO000817,2026-01-02,2026-01-04,2026-01-04,ST015,MED024,SUP04,72
PO000818,2026-01-02,2026-01-05,2026-01-05,ST015,MED026,SUP02,72
PO000819,2026-01-02,2026-01-06,2026-01-06,ST015,MED027,SUP03,72
PO000820,2026-01-02,2026-01-05,2026-01-05,ST015,MED028,SUP04,48
PO000821,2026-01-02,2026-01-06,2026-01-06,ST015,MED029,SUP01,72
PO000822,2026-01-02,2026-01-05,2026-01-05,ST015,MED030,SUP02,36
PO000823,2026-01-02,2026-01-04,2026-01-04,ST016,MED001,SUP01,72
PO000824,2026-01-02,2026-01-05,2026-01-05,ST016,MED004,SUP04,48
PO000825,2026-01-02,2026-01-04,2026-01-04,ST016,MED005,SUP01,72
PO000826,2026-01-02,2026-01-06,2026-01-06,ST016,MED006,SUP02,72
PO000827,2026-01-02,2026-01-06,2026-01-06,ST016,MED009,SUP01,72
PO000828,2026-01-02,2026-01-06,2026-01-06,ST016,MED011,SUP03,66
PO000829,2026-01-02,2026-01-04,2026-01-04,ST016,MED012,SUP04,60
PO000830,2026-01-02,2026-01-07,2026-01-08,ST016,MED013,SUP01,48
PO000831,2026-01-02,2026-01-05,2026-01-05,ST016,MED014,SUP02,48
PO000832,2026-01-02,2026-01-07,2026-01-07,ST016,MED015,SUP03,72
PO000833,2026-01-02,2026-01-06,2026-01-06,ST016,MED016,SUP04,48
PO000834,2026-01-02,2026-01-05,2026-01-05,ST016,MED020,SUP04,48
PO000835,2026-01-02,2026-01-05,2026-01-06,ST016,MED021,SUP01,60
PO000836,2026-01-02,2026-01-07,2026-01-07,ST016,MED024,SUP04,72
PO000837,2026-01-02,2026-01-07,2026-01-07,ST016,MED025,SUP01,36
PO000838,2026-01-02,2026-01-05,2026-01-05,ST016,MED026,SUP02,72
PO000839,2026-01-02,2026-01-04,2026-01-04,ST016,MED027,SUP03,84
PO000840,2026-01-02,2026-01-04,2026-01-04,ST016,MED030,SUP02,30
PO000841,2026-01-02,2026-01-07,2026-01-07,ST017,MED005,SUP01,72
PO000842,2026-01-02,2026-01-07,2026-01-08,ST017,MED006,SUP02,60
PO000843,2026-01-02,2026-01-05,2026-01-08,ST017,MED007,SUP03,24
PO000844,2026-01-02,2026-01-05,2026-01-05,ST017,MED010,SUP02,36
PO000845,2026-01-02,2026-01-04,2026-01-04,ST017,MED011,SUP03,66
PO000846,2026-01-02,2026-01-06,2026-01-08,ST017,MED016,SUP04,48
PO000847,2026-01-02,2026-01-04,2026-01-04,ST017,MED018,SUP02,48
PO000848,2026-01-02,2026-01-07,2026-01-07,ST017,MED020,SUP04,48
PO000849,2026-01-02,2026-01-05,2026-01-05,ST017,MED021,SUP01,66
PO000850,2026-01-02,2026-01-07,2026-01-07,ST017,MED023,SUP03,72
PO000851,2026-01-02,2026-01-06,2026-01-06,ST017,MED024,SUP04,72
PO000852,2026-01-02,2026-01-04,2026-01-04,ST017,MED025,SUP01,36
PO000853,2026-01-02,2026-01-05,2026-01-05,ST017,MED028,SUP04,48
PO000854,2026-01-02,2026-01-04,2026-01-04,ST017,MED029,SUP01,72
PO000855,2026-01-02,2026-01-04,2026-01-04,ST018,MED003,SUP03,24
PO000856,2026-01-02,2026-01-04,2026-01-04,ST018,MED004,SUP04,60
PO000857,2026-01-02,2026-01-07,2026-01-07,ST018,MED006,SUP02,60
PO000858,2026-01-02,2026-01-06,2026-01-06,ST018,MED010,SUP02,24
PO000859,2026-01-02,2026-01-07,2026-01-07,ST018,MED011,SUP03,72
PO000860,2026-01-02,2026-01-05,2026-01-05,ST018,MED014,SUP02,48
PO000861,2026-01-02,2026-01-05,2026-01-08,ST018,MED016,SUP04,48
PO000862,2026-01-02,2026-01-06,2026-01-06,ST018,MED019,SUP03,24
PO000863,2026-01-02,2026-01-06,2026-01-06,ST018,MED021,SUP01,66
PO000864,2026-01-02,2026-01-06,2026-01-07,ST018,MED029,SUP01,72
PO000865,2026-01-02,2026-01-06,2026-01-06,ST019,MED013,SUP01,48
PO000866,2026-01-02,2026-01-06,2026-01-06,ST019,MED014,SUP02,48
PO000867,2026-01-02,2026-01-07,2026-01-09,ST019,MED019,SUP03,24
PO000868,2026-01-02,2026-01-05,2026-01-05,ST019,MED020,SUP04,48
PO000869,2026-01-02,2026-01-05,2026-01-05,ST020,MED003,SUP03,24
PO000870,2026-01-02,2026-01-05,2026-01-05,ST020,MED030,SUP02,30
PO000871,2026-01-02,2026-01-07,2026-01-08,ST021,MED001,SUP01,72
PO000872,2026-01-02,2026-01-07,2026-01-07,ST021,MED002,SUP02,72
PO000873,2026-01-02,2026-01-07,2026-01-07,ST021,MED003,SUP03,24
PO000874,2026-01-02,2026-01-06,2026-01-08,ST021,MED004,SUP04,48
PO000875,2026-01-02,2026-01-07,2026-01-07,ST021,MED005,SUP01,60
PO000876,2026-01-02,2026-01-06,2026-01-06,ST021,MED006,SUP02,60
PO000877,2026-01-02,2026-01-06,2026-01-06,ST021,MED007,SUP03,24
PO000878,2026-01-02,2026-01-06,2026-01-08,ST021,MED008,SUP04,24
PO000879,2026-01-02,2026-01-07,2026-01-09,ST021,MED009,SUP01,60
PO000880,2026-01-02,2026-01-05,2026-01-05,ST021,MED010,SUP02,36
PO000881,2026-01-02,2026-01-04,2026-01-07,ST021,MED011,SUP03,60
PO000882,2026-01-02,2026-01-04,2026-01-04,ST021,MED012,SUP04,72
PO000883,2026-01-02,2026-01-07,2026-01-07,ST021,MED015,SUP03,72
PO000884,2026-01-02,2026-01-04,2026-01-04,ST021,MED016,SUP04,48
PO000885,2026-01-02,2026-01-04,2026-01-04,ST021,MED018,SUP02,48
PO000886,2026-01-02,2026-01-05,2026-01-08,ST021,MED020,SUP04,48
PO000887,2026-01-02,2026-01-06,2026-01-06,ST021,MED021,SUP01,66
PO000888,2026-01-02,2026-01-05,2026-01-05,ST021,MED024,SUP04,72
PO000889,2026-01-02,2026-01-05,2026-01-05,ST021,MED025,SUP01,36
PO000890,2026-01-02,2026-01-05,2026-01-05,ST021,MED026,SUP02,72
PO000891,2026-01-02,2026-01-05,2026-01-07,ST021,MED029,SUP01,72
PO000892,2026-01-02,2026-01-07,2026-01-07,ST022,MED001,SUP01,72
PO000893,2026-01-02,2026-01-05,2026-01-05,ST022,MED002,SUP02,78
PO000894,2026-01-02,2026-01-04,2026-01-04,ST022,MED003,SUP03,24
PO000895,2026-01-02,2026-01-05,2026-01-05,ST022,MED004,SUP04,48
PO000896,2026-01-02,2026-01-04,2026-01-06,ST022,MED008,SUP04,24
PO000897,2026-01-02,2026-01-06,2026-01-06,ST022,MED009,SUP01,60
PO000898,2026-01-02,2026-01-07,2026-01-07,ST022,MED010,SUP02,24
PO000899,2026-01-02,2026-01-05,2026-01-05,ST022,MED011,SUP03,60
PO000900,2026-01-02,2026-01-05,2026-01-05,ST022,MED013,SUP01,48
PO000901,2026-01-02,2026-01-05,2026-01-05,ST022,MED014,SUP02,48
PO000902,2026-01-02,2026-01-07,2026-01-08,ST022,MED015,SUP03,96
PO000903,2026-01-02,2026-01-07,2026-01-07,ST022,MED020,SUP04,48
PO000904,2026-01-02,2026-01-06,2026-01-06,ST022,MED021,SUP01,54
PO000905,2026-01-02,2026-01-04,2026-01-04,ST022,MED023,SUP03,60
PO000906,2026-01-02,2026-01-06,2026-01-06,ST022,MED024,SUP04,72
PO000907,2026-01-02,2026-01-06,2026-01-09,ST022,MED026,SUP02,72
PO000908,2026-01-02,2026-01-06,2026-01-06,ST022,MED027,SUP03,84
PO000909,2026-01-02,2026-01-05,2026-01-06,ST022,MED028,SUP04,48
PO000910,2026-01-02,2026-01-05,2026-01-08,ST022,MED029,SUP01,72
PO000911,2026-01-02,2026-01-05,2026-01-08,ST023,MED001,SUP01,72
PO000912,2026-01-02,2026-01-07,2026-01-07,ST023,MED003,SUP03,24
PO000913,2026-01-02,2026-01-05,2026-01-08,ST023,MED004,SUP04,60
PO000914,2026-01-02,2026-01-04,2026-01-04,ST023,MED005,SUP01,72
PO000915,2026-01-02,2026-01-07,2026-01-07,ST023,MED006,SUP02,60
PO000916,2026-01-02,2026-01-04,2026-01-04,ST023,MED007,SUP03,24
PO000917,2026-01-02,2026-01-06,2026-01-08,ST023,MED008,SUP04,24
PO000918,2026-01-02,2026-01-04,2026-01-04,ST023,MED009,SUP01,60
PO000919,2026-01-02,2026-01-06,2026-01-06,ST023,MED011,SUP03,60
PO000920,2026-01-02,2026-01-04,2026-01-04,ST023,MED013,SUP01,48
PO000921,2026-01-02,2026-01-05,2026-01-05,ST023,MED014,SUP02,48
PO000922,2026-01-02,2026-01-05,2026-01-05,ST023,MED015,SUP03,72
PO000923,2026-01-02,2026-01-05,2026-01-05,ST023,MED016,SUP04,48
PO000924,2026-01-02,2026-01-06,2026-01-07,ST023,MED018,SUP02,48
PO000925,2026-01-02,2026-01-04,2026-01-04,ST023,MED020,SUP04,48
PO000926,2026-01-02,2026-01-06,2026-01-06,ST023,MED021,SUP01,54
PO000927,2026-01-02,2026-01-05,2026-01-05,ST023,MED022,SUP02,48
PO000928,2026-01-02,2026-01-05,2026-01-07,ST023,MED023,SUP03,72
PO000929,2026-01-02,2026-01-06,2026-01-06,ST023,MED024,SUP04,72
PO000930,2026-01-02,2026-01-06,2026-01-06,ST023,MED025,SUP01,36
PO000931,2026-01-02,2026-01-05,2026-01-05,ST023,MED026,SUP02,72
PO000932,2026-01-02,2026-01-05,2026-01-05,ST023,MED028,SUP04,48
PO000933,2026-01-02,2026-01-05,2026-01-05,ST024,MED004,SUP04,48
PO000934,2026-01-02,2026-01-06,2026-01-08,ST024,MED005,SUP01,72
PO000935,2026-01-02,2026-01-04,2026-01-04,ST024,MED010,SUP02,24
PO000936,2026-01-02,2026-01-06,2026-01-06,ST024,MED011,SUP03,72
PO000937,2026-01-02,2026-01-04,2026-01-04,ST024,MED013,SUP01,48
PO000938,2026-01-02,2026-01-05,2026-01-05,ST024,MED014,SUP02,48
PO000939,2026-01-02,2026-01-06,2026-01-06,ST024,MED018,SUP02,48
PO000940,2026-01-02,2026-01-06,2026-01-06,ST024,MED020,SUP04,48
PO000941,2026-01-02,2026-01-06,2026-01-06,ST024,MED022,SUP02,48
PO000942,2026-01-02,2026-01-06,2026-01-06,ST024,MED023,SUP03,72
PO000943,2026-01-02,2026-01-07,2026-01-07,ST024,MED024,SUP04,72
PO000944,2026-01-02,2026-01-06,2026-01-06,ST024,MED025,SUP01,36
PO000945,2026-01-02,2026-01-07,2026-01-07,ST024,MED029,SUP01,72
PO000946,2026-01-02,2026-01-07,2026-01-07,ST024,MED030,SUP02,36
PO000947,2026-01-02,2026-01-05,2026-01-06,ST025,MED001,SUP01,72
PO000948,2026-01-02,2026-01-04,2026-01-04,ST025,MED003,SUP03,24
PO000949,2026-01-02,2026-01-04,2026-01-04,ST025,MED010,SUP02,24
PO000950,2026-01-02,2026-01-07,2026-01-07,ST025,MED011,SUP03,72
PO000951,2026-01-02,2026-01-05,2026-01-05,ST025,MED012,SUP04,72
PO000952,2026-01-02,2026-01-06,2026-01-06,ST025,MED013,SUP01,48
PO000953,2026-01-02,2026-01-07,2026-01-07,ST025,MED014,SUP02,48
PO000954,2026-01-02,2026-01-04,2026-01-04,ST025,MED016,SUP04,48
PO000955,2026-01-02,2026-01-06,2026-01-06,ST025,MED019,SUP03,24
PO000956,2026-01-02,2026-01-06,2026-01-06,ST025,MED020,SUP04,48
PO000957,2026-01-02,2026-01-04,2026-01-04,ST025,MED024,SUP04,72
PO000958,2026-01-02,2026-01-05,2026-01-05,ST025,MED030,SUP02,30
PO000959,2026-01-02,2026-01-04,2026-01-04,ST026,MED001,SUP01,72
PO000960,2026-01-02,2026-01-07,2026-01-07,ST026,MED004,SUP04,60
PO000961,2026-01-02,2026-01-05,2026-01-08,ST026,MED010,SUP02,24
PO000962,2026-01-02,2026-01-05,2026-01-06,ST026,MED014,SUP02,48
PO000963,2026-01-02,2026-01-04,2026-01-04,ST026,MED015,SUP03,96
PO000964,2026-01-02,2026-01-06,2026-01-06,ST026,MED021,SUP01,60
PO000965,2026-01-02,2026-01-04,2026-01-06,ST026,MED023,SUP03,72
PO000966,2026-01-02,2026-01-05,2026-01-05,ST026,MED030,SUP02,30
PO000967,2026-01-02,2026-01-06,2026-01-06,ST027,MED005,SUP01,72
PO000968,2026-01-02,2026-01-05,2026-01-05,ST027,MED014,SUP02,48
PO000969,2026-01-02,2026-01-04,2026-01-04,ST027,MED015,SUP03,72
PO000970,2026-01-02,2026-01-07,2026-01-09,ST027,MED021,SUP01,60
PO000971,2026-01-02,2026-01-04,2026-01-04,ST027,MED030,SUP02,36
PO000972,2026-01-02,2026-01-05,2026-01-05,ST028,MED001,SUP01,72
PO000973,2026-01-02,2026-01-06,2026-01-06,ST028,MED002,SUP02,72
PO000974,2026-01-02,2026-01-05,2026-01-05,ST028,MED003,SUP03,24
PO000975,2026-01-02,2026-01-07,2026-01-07,ST028,MED005,SUP01,60
PO000976,2026-01-02,2026-01-06,2026-01-06,ST028,MED006,SUP02,60
PO000977,2026-01-02,2026-01-06,2026-01-06,ST028,MED007,SUP03,24
PO000978,2026-01-02,2026-01-06,2026-01-06,ST028,MED009,SUP01,60
PO000979,2026-01-02,2026-01-04,2026-01-07,ST028,MED011,SUP03,60
PO000980,2026-01-02,2026-01-07,2026-01-07,ST028,MED013,SUP01,48
PO000981,2026-01-02,2026-01-06,2026-01-06,ST028,MED015,SUP03,72
PO000982,2026-01-02,2026-01-07,2026-01-07,ST028,MED016,SUP04,48
PO000983,2026-01-02,2026-01-04,2026-01-04,ST028,MED017,SUP01,72
PO000984,2026-01-02,2026-01-04,2026-01-04,ST028,MED019,SUP03,24
PO000985,2026-01-02,2026-01-07,2026-01-07,ST028,MED020,SUP04,48
PO000986,2026-01-02,2026-01-04,2026-01-04,ST028,MED021,SUP01,60
PO000987,2026-01-02,2026-01-05,2026-01-05,ST028,MED023,SUP03,72
PO000988,2026-01-02,2026-01-07,2026-01-07,ST028,MED025,SUP01,36
PO000989,2026-01-02,2026-01-07,2026-01-10,ST028,MED026,SUP02,72
PO000990,2026-01-02,2026-01-07,2026-01-07,ST028,MED027,SUP03,84
PO000991,2026-01-02,2026-01-05,2026-01-05,ST028,MED028,SUP04,48
PO000992,2026-01-02,2026-01-05,2026-01-05,ST028,MED029,SUP01,48
PO000993,2026-01-02,2026-01-06,2026-01-06,ST029,MED001,SUP01,72
PO000994,2026-01-02,2026-01-06,2026-01-06,ST029,MED003,SUP03,24
PO000995,2026-01-02,2026-01-07,2026-01-07,ST029,MED004,SUP04,48
PO000996,2026-01-02,2026-01-04,2026-01-04,ST029,MED005,SUP01,72
PO000997,2026-01-02,2026-01-06,2026-01-06,ST029,MED006,SUP02,60
PO000998,2026-01-02,2026-01-04,2026-01-04,ST029,MED007,SUP03,24
PO000999,2026-01-02,2026-01-07,2026-01-07,ST029,MED008,SUP04,24
PO001000,2026-01-02,2026-01-06,2026-01-06,ST029,MED009,SUP01,60
PO001001,2026-01-02,2026-01-06,2026-01-06,ST029,MED011,SUP03,66
PO001002,2026-01-02,2026-01-06,2026-01-06,ST029,MED013,SUP01,48
PO001003,2026-01-02,2026-01-05,2026-01-05,ST029,MED014,SUP02,48
PO001004,2026-01-02,2026-01-07,2026-01-07,ST029,MED018,SUP02,48
PO001005,2026-01-02,2026-01-05,2026-01-05,ST029,MED020,SUP04,48
PO001006,2026-01-02,2026-01-05,2026-01-05,ST029,MED021,SUP01,60
PO001007,2026-01-02,2026-01-04,2026-01-04,ST029,MED022,SUP02,42
PO001008,2026-01-02,2026-01-05,2026-01-05,ST029,MED023,SUP03,72
PO001009,2026-01-02,2026-01-04,2026-01-04,ST029,MED024,SUP04,72
PO001010,2026-01-02,2026-01-07,2026-01-07,ST029,MED026,SUP02,72
PO001011,2026-01-02,2026-01-06,2026-01-06,ST029,MED027,SUP03,84
PO001012,2026-01-02,2026-01-04,2026-01-05,ST029,MED028,SUP04,48
PO001013,2026-01-02,2026-01-05,2026-01-06,ST029,MED029,SUP01,72
PO001014,2026-01-02,2026-01-07,2026-01-07,ST029,MED030,SUP02,30
PO001015,2026-01-02,2026-01-04,2026-01-04,ST030,MED001,SUP01,72
PO001016,2026-01-02,2026-01-05,2026-01-08,ST030,MED002,SUP02,72
PO001017,2026-01-02,2026-01-04,2026-01-04,ST030,MED004,SUP04,48
PO001018,2026-01-02,2026-01-06,2026-01-06,ST030,MED005,SUP01,72
PO001019,2026-01-02,2026-01-05,2026-01-05,ST030,MED006,SUP02,60
PO001020,2026-01-02,2026-01-07,2026-01-07,ST030,MED007,SUP03,24
PO001021,2026-01-02,2026-01-06,2026-01-06,ST030,MED008,SUP04,24
PO001022,2026-01-02,2026-01-05,2026-01-05,ST030,MED010,SUP02,36
PO001023,2026-01-02,2026-01-05,2026-01-05,ST030,MED011,SUP03,66
PO001024,2026-01-02,2026-01-04,2026-01-04,ST030,MED013,SUP01,36
PO001025,2026-01-02,2026-01-05,2026-01-05,ST030,MED015,SUP03,72
PO001026,2026-01-02,2026-01-07,2026-01-07,ST030,MED018,SUP02,48
PO001027,2026-01-02,2026-01-04,2026-01-04,ST030,MED019,SUP03,24
PO001028,2026-01-02,2026-01-04,2026-01-04,ST030,MED020,SUP04,48
PO001029,2026-01-02,2026-01-07,2026-01-07,ST030,MED023,SUP03,60
PO001030,2026-01-02,2026-01-05,2026-01-05,ST030,MED024,SUP04,72
PO001031,2026-01-02,2026-01-06,2026-01-06,ST030,MED026,SUP02,72
PO001032,2026-01-02,2026-01-07,2026-01-08,ST030,MED028,SUP04,48
PO001033,2026-01-02,2026-01-05,2026-01-05,ST030,MED030,SUP02,30
PO001034,2026-01-02,2026-01-06,2026-01-09,ST031,MED004,SUP04,48
PO001035,2026-01-02,2026-01-05,2026-01-05,ST031,MED007,SUP03,24
PO001036,2026-01-02,2026-01-06,2026-01-06,ST031,MED009,SUP01,72
PO001037,2026-01-02,2026-01-06,2026-01-06,ST031,MED013,SUP01,48
PO001038,2026-01-02,2026-01-07,2026-01-07,ST031,MED014,SUP02,48
PO001039,2026-01-02,2026-01-04,2026-01-04,ST031,MED015,SUP03,72
PO001040,2026-01-02,2026-01-04,2026-01-04,ST031,MED016,SUP04,48
PO001041,2026-01-02,2026-01-05,2026-01-05,ST031,MED019,SUP03,24
PO001042,2026-01-02,2026-01-07,2026-01-08,ST031,MED022,SUP02,48
PO001043,2026-01-02,2026-01-06,2026-01-06,ST031,MED023,SUP03,72
PO001044,2026-01-02,2026-01-07,2026-01-07,ST031,MED026,SUP02,72
PO001045,2026-01-02,2026-01-06,2026-01-08,ST031,MED028,SUP04,48
PO001046,2026-01-02,2026-01-07,2026-01-07,ST032,MED001,SUP01,72
PO001047,2026-01-02,2026-01-07,2026-01-07,ST032,MED003,SUP03,24
PO001048,2026-01-02,2026-01-06,2026-01-06,ST032,MED006,SUP02,60
PO001049,2026-01-02,2026-01-04,2026-01-04,ST032,MED008,SUP04,24
PO001050,2026-01-02,2026-01-06,2026-01-06,ST032,MED016,SUP04,48
PO001051,2026-01-02,2026-01-05,2026-01-08,ST032,MED025,SUP01,48
PO001052,2026-01-02,2026-01-04,2026-01-05,ST032,MED028,SUP04,48
PO001053,2026-01-02,2026-01-07,2026-01-07,ST033,MED010,SUP02,24
PO001054,2026-01-02,2026-01-06,2026-01-06,ST033,MED011,SUP03,66
PO001055,2026-01-02,2026-01-05,2026-01-05,ST033,MED013,SUP01,48
PO001056,2026-01-02,2026-01-05,2026-01-05,ST033,MED014,SUP02,48
PO001057,2026-01-02,2026-01-04,2026-01-04,ST033,MED020,SUP04,48
PO001058,2026-01-02,2026-01-05,2026-01-05,ST033,MED025,SUP01,48
PO001059,2026-01-02,2026-01-07,2026-01-07,ST033,MED026,SUP02,72
PO001060,2026-01-02,2026-01-07,2026-01-07,ST034,MED007,SUP03,24
PO001061,2026-01-02,2026-01-07,2026-01-07,ST034,MED008,SUP04,24
PO001062,2026-01-02,2026-01-05,2026-01-07,ST034,MED010,SUP02,36
PO001063,2026-01-02,2026-01-07,2026-01-07,ST034,MED016,SUP04,48
PO001064,2026-01-02,2026-01-07,2026-01-07,ST034,MED019,SUP03,24
PO001065,2026-01-02,2026-01-05,2026-01-07,ST034,MED025,SUP01,48
PO001066,2026-01-02,2026-01-07,2026-01-07,ST035,MED001,SUP01,72
PO001067,2026-01-02,2026-01-07,2026-01-07,ST035,MED002,SUP02,72
PO001068,2026-01-02,2026-01-06,2026-01-06,ST035,MED004,SUP04,48
PO001069,2026-01-02,2026-01-05,2026-01-05,ST035,MED005,SUP01,60
PO001070,2026-01-02,2026-01-07,2026-01-07,ST035,MED009,SUP01,60
PO001071,2026-01-02,2026-01-06,2026-01-06,ST035,MED010,SUP02,24
PO001072,2026-01-02,2026-01-07,2026-01-07,ST035,MED012,SUP04,60
PO001073,2026-01-02,2026-01-04,2026-01-04,ST035,MED013,SUP01,48
PO001074,2026-01-02,2026-01-06,2026-01-06,ST035,MED015,SUP03,72
PO001075,2026-01-02,2026-01-05,2026-01-05,ST035,MED016,SUP04,48
PO001076,2026-01-02,2026-01-07,2026-01-07,ST035,MED018,SUP02,48
PO001077,2026-01-02,2026-01-04,2026-01-07,ST035,MED020,SUP04,48
PO001078,2026-01-02,2026-01-07,2026-01-07,ST035,MED021,SUP01,54
PO001079,2026-01-02,2026-01-07,2026-01-07,ST035,MED022,SUP02,48
PO001080,2026-01-02,2026-01-04,2026-01-04,ST035,MED023,SUP03,72
PO001081,2026-01-02,2026-01-07,2026-01-07,ST035,MED024,SUP04,72
PO001082,2026-01-02,2026-01-05,2026-01-05,ST035,MED026,SUP02,72
PO001083,2026-01-02,2026-01-04,2026-01-04,ST035,MED027,SUP03,72
PO001084,2026-01-02,2026-01-05,2026-01-06,ST035,MED029,SUP01,72
PO001085,2026-01-02,2026-01-05,2026-01-05,ST036,MED001,SUP01,72
PO001086,2026-01-02,2026-01-05,2026-01-05,ST036,MED004,SUP04,48
PO001087,2026-01-02,2026-01-06,2026-01-06,ST036,MED005,SUP01,60
PO001088,2026-01-02,2026-01-05,2026-01-05,ST036,MED006,SUP02,72
PO001089,2026-01-02,2026-01-04,2026-01-06,ST036,MED007,SUP03,24
PO001090,2026-01-02,2026-01-06,2026-01-06,ST036,MED009,SUP01,72
PO001091,2026-01-02,2026-01-06,2026-01-06,ST036,MED011,SUP03,66
PO001092,2026-01-02,2026-01-06,2026-01-06,ST036,MED014,SUP02,48
PO001093,2026-01-02,2026-01-06,2026-01-08,ST036,MED015,SUP03,72
PO001094,2026-01-02,2026-01-06,2026-01-08,ST036,MED016,SUP04,48
PO001095,2026-01-02,2026-01-05,2026-01-05,ST036,MED018,SUP02,48
PO001096,2026-01-02,2026-01-07,2026-01-07,ST036,MED020,SUP04,48
PO001097,2026-01-02,2026-01-07,2026-01-09,ST036,MED021,SUP01,60
PO001098,2026-01-02,2026-01-06,2026-01-06,ST036,MED022,SUP02,42
PO001099,2026-01-02,2026-01-04,2026-01-05,ST036,MED023,SUP03,72
PO001100,2026-01-02,2026-01-05,2026-01-05,ST036,MED024,SUP04,72
PO001101,2026-01-02,2026-01-06,2026-01-06,ST036,MED025,SUP01,48
PO001102,2026-01-02,2026-01-06,2026-01-09,ST036,MED026,SUP02,72
PO001103,2026-01-02,2026-01-07,2026-01-07,ST036,MED028,SUP04,48
PO001104,2026-01-02,2026-01-04,2026-01-04,ST036,MED029,SUP01,72
PO001105,2026-01-02,2026-01-04,2026-01-05,ST037,MED002,SUP02,72
PO001106,2026-01-02,2026-01-05,2026-01-05,ST037,MED010,SUP02,24
PO001107,2026-01-02,2026-01-07,2026-01-07,ST037,MED011,SUP03,66
PO001108,2026-01-02,2026-01-06,2026-01-06,ST037,MED014,SUP02,48
PO001109,2026-01-02,2026-01-05,2026-01-05,ST037,MED015,SUP03,96
PO001110,2026-01-02,2026-01-06,2026-01-07,ST037,MED017,SUP01,72
PO001111,2026-01-02,2026-01-06,2026-01-06,ST037,MED018,SUP02,48
PO001112,2026-01-02,2026-01-05,2026-01-05,ST037,MED023,SUP03,84
PO001113,2026-01-02,2026-01-04,2026-01-06,ST037,MED025,SUP01,36
PO001114,2026-01-02,2026-01-04,2026-01-04,ST037,MED030,SUP02,30
PO001115,2026-01-02,2026-01-06,2026-01-06,ST038,MED003,SUP03,24
PO001116,2026-01-02,2026-01-06,2026-01-06,ST038,MED004,SUP04,48
PO001117,2026-01-02,2026-01-04,2026-01-04,ST038,MED005,SUP01,72
PO001118,2026-01-02,2026-01-04,2026-01-04,ST038,MED006,SUP02,60
PO001119,2026-01-02,2026-01-07,2026-01-07,ST038,MED008,SUP04,24
PO001120,2026-01-02,2026-01-04,2026-01-04,ST038,MED011,SUP03,72
PO001121,2026-01-02,2026-01-05,2026-01-05,ST038,MED014,SUP02,48
PO001122,2026-01-02,2026-01-06,2026-01-06,ST038,MED015,SUP03,96
PO001123,2026-01-02,2026-01-04,2026-01-04,ST038,MED020,SUP04,48
PO001124,2026-01-02,2026-01-07,2026-01-07,ST038,MED023,SUP03,72
PO001125,2026-01-02,2026-01-04,2026-01-04,ST038,MED024,SUP04,72
PO001126,2026-01-02,2026-01-06,2026-01-06,ST038,MED030,SUP02,30
PO001127,2026-01-02,2026-01-07,2026-01-07,ST039,MED001,SUP01,72
PO001128,2026-01-02,2026-01-04,2026-01-04,ST039,MED004,SUP04,60
PO001129,2026-01-02,2026-01-04,2026-01-05,ST039,MED009,SUP01,72
PO001130,2026-01-02,2026-01-07,2026-01-07,ST039,MED010,SUP02,36
PO001131,2026-01-02,2026-01-07,2026-01-07,ST039,MED011,SUP03,66
PO001132,2026-01-02,2026-01-07,2026-01-07,ST039,MED015,SUP03,96
PO001133,2026-01-02,2026-01-05,2026-01-05,ST039,MED021,SUP01,66
PO001134,2026-01-02,2026-01-05,2026-01-05,ST039,MED023,SUP03,72
PO001135,2026-01-02,2026-01-07,2026-01-07,ST039,MED024,SUP04,72
PO001136,2026-01-02,2026-01-05,2026-01-05,ST039,MED025,SUP01,36
PO001137,2026-01-02,2026-01-07,2026-01-07,ST039,MED026,SUP02,72
PO001138,2026-01-02,2026-01-04,2026-01-05,ST040,MED001,SUP01,72
PO001139,2026-01-02,2026-01-06,2026-01-06,ST040,MED005,SUP01,72
PO001140,2026-01-02,2026-01-06,2026-01-06,ST040,MED010,SUP02,36
PO001141,2026-01-02,2026-01-07,2026-01-07,ST040,MED021,SUP01,66
PO001142,2026-01-02,2026-01-04,2026-01-04,ST040,MED025,SUP01,36
PO001143,2026-01-02,2026-01-04,2026-01-07,ST040,MED026,SUP02,72
PO001144,2026-01-02,2026-01-05,2026-01-05,ST040,MED028,SUP04,48
PO001145,2026-01-03,2026-01-05,2026-01-05,ST001,MED003,SUP03,24
PO001146,2026-01-03,2026-01-08,2026-01-08,ST001,MED016,SUP04,48
PO001147,2026-01-03,2026-01-07,2026-01-07,ST002,MED010,SUP02,24
PO001148,2026-01-03,2026-01-08,2026-01-08,ST002,MED018,SUP02,48
PO001149,2026-01-03,2026-01-06,2026-01-06,ST006,MED019,SUP03,48
PO001150,2026-01-03,2026-01-06,2026-01-06,ST007,MED003,SUP03,24
PO001151,2026-01-03,2026-01-07,2026-01-10,ST007,MED008,SUP04,24
PO001152,2026-01-03,2026-01-05,2026-01-05,ST007,MED014,SUP02,48
PO001153,2026-01-03,2026-01-06,2026-01-08,ST007,MED023,SUP03,72
PO001154,2026-01-03,2026-01-05,2026-01-08,ST007,MED030,SUP02,30
PO001155,2026-01-03,2026-01-06,2026-01-06,ST008,MED003,SUP03,24
PO001156,2026-01-03,2026-01-06,2026-01-06,ST008,MED004,SUP04,48
PO001157,2026-01-03,2026-01-07,2026-01-07,ST008,MED013,SUP01,48
PO001158,2026-01-03,2026-01-06,2026-01-08,ST008,MED030,SUP02,30
PO001159,2026-01-03,2026-01-06,2026-01-06,ST009,MED008,SUP04,24
PO001160,2026-01-03,2026-01-07,2026-01-07,ST010,MED019,SUP03,24
PO001161,2026-01-03,2026-01-07,2026-01-07,ST014,MED010,SUP02,24
PO001162,2026-01-03,2026-01-06,2026-01-06,ST014,MED030,SUP02,36
PO001163,2026-01-03,2026-01-06,2026-01-06,ST015,MED018,SUP02,48
PO001164,2026-01-03,2026-01-07,2026-01-07,ST015,MED025,SUP01,36
PO001165,2026-01-03,2026-01-08,2026-01-08,ST017,MED030,SUP02,30
PO001166,2026-01-03,2026-01-07,2026-01-07,ST021,MED013,SUP01,48
PO001167,2026-01-03,2026-01-06,2026-01-09,ST021,MED014,SUP02,48
PO001168,2026-01-03,2026-01-06,2026-01-06,ST021,MED023,SUP03,72
PO001169,2026-01-03,2026-01-08,2026-01-08,ST021,MED030,SUP02,30
PO001170,2026-01-03,2026-01-08,2026-01-08,ST022,MED007,SUP03,24
PO001171,2026-01-03,2026-01-07,2026-01-07,ST022,MED016,SUP04,48
PO001172,2026-01-03,2026-01-05,2026-01-05,ST022,MED018,SUP02,48
PO001173,2026-01-03,2026-01-05,2026-01-05,ST022,MED025,SUP01,36
PO001174,2026-01-03,2026-01-08,2026-01-08,ST023,MED030,SUP02,30
PO001175,2026-01-03,2026-01-06,2026-01-06,ST024,MED019,SUP03,24
PO001176,2026-01-03,2026-01-06,2026-01-06,ST025,MED008,SUP04,24
PO001177,2026-01-03,2026-01-05,2026-01-05,ST028,MED004,SUP04,48
PO001178,2026-01-03,2026-01-07,2026-01-07,ST028,MED008,SUP04,24
PO001179,2026-01-03,2026-01-06,2026-01-06,ST028,MED010,SUP02,24
PO001180,2026-01-03,2026-01-06,2026-01-06,ST028,MED018,SUP02,48
PO001181,2026-01-03,2026-01-06,2026-01-06,ST028,MED030,SUP02,36
PO001182,2026-01-03,2026-01-08,2026-01-08,ST029,MED025,SUP01,36
PO001183,2026-01-03,2026-01-07,2026-01-07,ST031,MED003,SUP03,24
PO001184,2026-01-03,2026-01-06,2026-01-08,ST032,MED019,SUP03,24
PO001185,2026-01-03,2026-01-05,2026-01-05,ST033,MED008,SUP04,24
PO001186,2026-01-03,2026-01-07,2026-01-07,ST035,MED003,SUP03,24
PO001187,2026-01-03,2026-01-05,2026-01-05,ST035,MED007,SUP03,24
PO001188,2026-01-03,2026-01-08,2026-01-08,ST036,MED010,SUP02,24
PO001189,2026-01-03,2026-01-06,2026-01-06,ST036,MED019,SUP03,24
PO001190,2026-01-03,2026-01-08,2026-01-08,ST036,MED030,SUP02,36
PO001191,2026-01-03,2026-01-06,2026-01-06,ST038,MED007,SUP03,24
PO001192,2026-01-03,2026-01-05,2026-01-05,ST039,MED003,SUP03,24
PO001193,2026-01-03,2026-01-06,2026-01-06,ST040,MED019,SUP03,24
PO001194,2026-01-04,2026-01-06,2026-01-06,ST001,MED008,SUP04,24
PO001195,2026-01-04,2026-01-07,2026-01-07,ST001,MED030,SUP02,30
PO001196,2026-01-04,2026-01-07,2026-01-07,ST006,MED017,SUP01,60
PO001197,2026-01-04,2026-01-08,2026-01-08,ST010,MED003,SUP03,24
PO001198,2026-01-04,2026-01-07,2026-01-07,ST012,MED002,SUP02,60
PO001199,2026-01-04,2026-01-08,2026-01-08,ST014,MED014,SUP02,48
PO001200,2026-01-04,2026-01-09,2026-01-09,ST019,MED022,SUP02,42
PO001201,2026-01-04,2026-01-07,2026-01-07,ST020,MED011,SUP03,60
PO001202,2026-01-04,2026-01-08,2026-01-08,ST022,MED030,SUP02,30
PO001203,2026-01-04,2026-01-06,2026-01-06,ST027,MED010,SUP02,24
PO001204,2026-01-04,2026-01-06,2026-01-06,ST029,MED019,SUP03,24
PO001205,2026-01-04,2026-01-08,2026-01-08,ST032,MED017,SUP01,60
PO001206,2026-01-04,2026-01-07,2026-01-07,ST032,MED022,SUP02,36
PO001207,2026-01-04,2026-01-06,2026-01-07,ST033,MED022,SUP02,36
PO001208,2026-01-04,2026-01-09,2026-01-09,ST034,MED027,SUP03,72
PO001209,2026-01-04,2026-01-09,2026-01-09,ST038,MED017,SUP01,60
PO001210,2026-01-05,2026-01-08,2026-01-08,ST003,MED002,SUP02,60
PO001211,2026-01-05,2026-01-10,2026-01-10,ST003,MED012,SUP04,60
PO001212,2026-01-05,2026-01-07,2026-01-07,ST004,MED002,SUP02,60
PO001213,2026-01-05,2026-01-08,2026-01-08,ST004,MED008,SUP04,24
PO001214,2026-01-05,2026-01-10,2026-01-10,ST004,MED012,SUP04,60
PO001215,2026-01-05,2026-01-07,2026-01-08,ST004,MED022,SUP02,42
PO001216,2026-01-05,2026-01-10,2026-01-10,ST004,MED025,SUP01,36
PO001217,2026-01-05,2026-01-09,2026-01-09,ST005,MED017,SUP01,72
PO001218,2026-01-05,2026-01-08,2026-01-08,ST005,MED022,SUP02,42
PO001219,2026-01-05,2026-01-08,2026-01-08,ST005,MED027,SUP03,72
PO001220,2026-01-05,2026-01-08,2026-01-08,ST006,MED020,SUP04,48
PO001221,2026-01-05,2026-01-10,2026-01-10,ST006,MED021,SUP01,54
PO001222,2026-01-05,2026-01-07,2026-01-10,ST006,MED022,SUP02,48
PO001223,2026-01-05,2026-01-07,2026-01-07,ST010,MED002,SUP02,72
PO001224,2026-01-05,2026-01-08,2026-01-08,ST010,MED023,SUP03,60
PO001225,2026-01-05,2026-01-10,2026-01-10,ST011,MED002,SUP02,66
PO001226,2026-01-05,2026-01-07,2026-01-07,ST011,MED017,SUP01,72
PO001227,2026-01-05,2026-01-07,2026-01-07,ST012,MED007,SUP03,24
PO001228,2026-01-05,2026-01-09,2026-01-09,ST012,MED022,SUP02,42
PO001229,2026-01-05,2026-01-10,2026-01-10,ST012,MED023,SUP03,60
PO001230,2026-01-05,2026-01-08,2026-01-08,ST012,MED027,SUP03,72
PO001231,2026-01-05,2026-01-08,2026-01-08,ST013,MED005,SUP01,60
PO001232,2026-01-05,2026-01-09,2026-01-09,ST013,MED011,SUP03,66
PO001233,2026-01-05,2026-01-08,2026-01-08,ST013,MED017,SUP01,60
PO001234,2026-01-05,2026-01-07,2026-01-07,ST013,MED023,SUP03,72
PO001235,2026-01-05,2026-01-07,2026-01-07,ST015,MED017,SUP01,60
PO001236,2026-01-05,2026-01-07,2026-01-07,ST016,MED022,SUP02,42
PO001237,2026-01-05,2026-01-08,2026-01-09,ST017,MED013,SUP01,48
PO001238,2026-01-05,2026-01-08,2026-01-08,ST017,MED019,SUP03,24
PO001239,2026-01-05,2026-01-07,2026-01-07,ST017,MED022,SUP02,42
PO001240,2026-01-05,2026-01-10,2026-01-10,ST018,MED002,SUP02,72
PO001241,2026-01-05,2026-01-10,2026-01-10,ST018,MED012,SUP04,60
PO001242,2026-01-05,2026-01-08,2026-01-08,ST018,MED020,SUP04,48
PO001243,2026-01-05,2026-01-07,2026-01-07,ST018,MED022,SUP02,42
PO001244,2026-01-05,2026-01-08,2026-01-08,ST019,MED002,SUP02,60
PO001245,2026-01-05,2026-01-08,2026-01-08,ST019,MED005,SUP01,60
PO001246,2026-01-05,2026-01-09,2026-01-09,ST019,MED025,SUP01,36
PO001247,2026-01-05,2026-01-07,2026-01-07,ST020,MED005,SUP01,72
PO001248,2026-01-05,2026-01-08,2026-01-08,ST020,MED010,SUP02,24
PO001249,2026-01-05,2026-01-08,2026-01-08,ST020,MED012,SUP04,72
PO001250,2026-01-05,2026-01-09,2026-01-12,ST020,MED015,SUP03,72
PO001251,2026-01-05,2026-01-08,2026-01-08,ST020,MED022,SUP02,48
PO001252,2026-01-05,2026-01-07,2026-01-09,ST020,MED024,SUP04,72
PO001253,2026-01-05,2026-01-09,2026-01-09,ST020,MED027,SUP03,84
PO001254,2026-01-05,2026-01-07,2026-01-08,ST024,MED002,SUP02,66
PO001255,2026-01-05,2026-01-08,2026-01-08,ST024,MED027,SUP03,72
PO001256,2026-01-05,2026-01-10,2026-01-12,ST025,MED002,SUP02,66
PO001257,2026-01-05,2026-01-07,2026-01-07,ST025,MED022,SUP02,42
PO001258,2026-01-05,2026-01-07,2026-01-10,ST025,MED027,SUP03,72
PO001259,2026-01-05,2026-01-09,2026-01-09,ST026,MED002,SUP02,60
PO001260,2026-01-05,2026-01-09,2026-01-09,ST026,MED012,SUP04,72
PO001261,2026-01-05,2026-01-09,2026-01-11,ST026,MED027,SUP03,72
PO001262,2026-01-05,2026-01-07,2026-01-07,ST026,MED029,SUP01,48
PO001263,2026-01-05,2026-01-08,2026-01-08,ST027,MED002,SUP02,72
PO001264,2026-01-05,2026-01-08,2026-01-08,ST027,MED025,SUP01,48
PO001265,2026-01-05,2026-01-08,2026-01-08,ST027,MED027,SUP03,84
PO001266,2026-01-05,2026-01-09,2026-01-09,ST031,MED017,SUP01,72
PO001267,2026-01-05,2026-01-08,2026-01-08,ST031,MED021,SUP01,54
PO001268,2026-01-05,2026-01-08,2026-01-08,ST032,MED007,SUP03,24
PO001269,2026-01-05,2026-01-10,2026-01-10,ST032,MED027,SUP03,72
PO001270,2026-01-05,2026-01-08,2026-01-08,ST033,MED004,SUP04,60
PO001271,2026-01-05,2026-01-09,2026-01-09,ST033,MED007,SUP03,24
PO001272,2026-01-05,2026-01-07,2026-01-07,ST033,MED012,SUP04,60
PO001273,2026-01-05,2026-01-07,2026-01-07,ST033,MED017,SUP01,72
PO001274,2026-01-05,2026-01-08,2026-01-08,ST034,MED005,SUP01,60
PO001275,2026-01-05,2026-01-07,2026-01-07,ST034,MED015,SUP03,72
PO001276,2026-01-05,2026-01-07,2026-01-07,ST034,MED030,SUP02,36
PO001277,2026-01-05,2026-01-09,2026-01-09,ST038,MED022,SUP02,36
PO001278,2026-01-05,2026-01-09,2026-01-09,ST039,MED017,SUP01,72
PO001279,2026-01-05,2026-01-10,2026-01-13,ST040,MED012,SUP04,72
PO001280,2026-01-05,2026-01-10,2026-01-10,ST040,MED027,SUP03,72
PO001281,2026-01-06,2026-01-10,2026-01-12,ST001,MED002,SUP02,60
PO001282,2026-01-06,2026-01-09,2026-01-09,ST002,MED002,SUP02,72
PO001283,2026-01-06,2026-01-11,2026-01-11,ST002,MED006,SUP02,60
PO001284,2026-01-06,2026-01-10,2026-01-10,ST002,MED017,SUP01,60
PO001285,2026-01-06,2026-01-08,2026-01-11,ST002,MED029,SUP01,48
PO001286,2026-01-06,2026-01-10,2026-01-10,ST003,MED004,SUP04,48
PO001287,2026-01-06,2026-01-10,2026-01-10,ST003,MED027,SUP03,72
PO001288,2026-01-06,2026-01-11,2026-01-11,ST004,MED021,SUP01,54
PO001289,2026-01-06,2026-01-11,2026-01-11,ST004,MED023,SUP03,72
PO001290,2026-01-06,2026-01-10,2026-01-10,ST004,MED027,SUP03,84
PO001291,2026-01-06,2026-01-08,2026-01-10,ST005,MED001,SUP01,72
PO001292,2026-01-06,2026-01-10,2026-01-13,ST005,MED005,SUP01,72
PO001293,2026-01-06,2026-01-08,2026-01-08,ST005,MED015,SUP03,72
PO001294,2026-01-06,2026-01-09,2026-01-09,ST005,MED020,SUP04,48
PO001295,2026-01-06,2026-01-10,2026-01-11,ST005,MED023,SUP03,72
PO001296,2026-01-06,2026-01-10,2026-01-10,ST005,MED025,SUP01,36
PO001297,2026-01-06,2026-01-08,2026-01-08,ST005,MED030,SUP02,36
PO001298,2026-01-06,2026-01-08,2026-01-08,ST006,MED004,SUP04,48
PO001299,2026-01-06,2026-01-10,2026-01-10,ST006,MED005,SUP01,72
PO001300,2026-01-06,2026-01-11,2026-01-11,ST006,MED006,SUP02,60
PO001301,2026-01-06,2026-01-08,2026-01-08,ST006,MED007,SUP03,24
PO001302,2026-01-06,2026-01-09,2026-01-09,ST006,MED015,SUP03,72
PO001303,2026-01-06,2026-01-09,2026-01-09,ST006,MED018,SUP02,48
PO001304,2026-01-06,2026-01-09,2026-01-09,ST006,MED024,SUP04,72
PO001305,2026-01-06,2026-01-11,2026-01-11,ST006,MED027,SUP03,84
PO001306,2026-01-06,2026-01-11,2026-01-11,ST008,MED002,SUP02,66
PO001307,2026-01-06,2026-01-09,2026-01-09,ST008,MED007,SUP03,24
PO001308,2026-01-06,2026-01-08,2026-01-08,ST009,MED002,SUP02,66
PO001309,2026-01-06,2026-01-11,2026-01-11,ST009,MED012,SUP04,60
PO001310,2026-01-06,2026-01-08,2026-01-08,ST009,MED017,SUP01,72
PO001311,2026-01-06,2026-01-11,2026-01-11,ST010,MED005,SUP01,72
PO001312,2026-01-06,2026-01-10,2026-01-10,ST010,MED006,SUP02,60
PO001313,2026-01-06,2026-01-09,2026-01-12,ST010,MED012,SUP04,60
PO001314,2026-01-06,2026-01-09,2026-01-09,ST010,MED017,SUP01,72
PO001315,2026-01-06,2026-01-08,2026-01-08,ST010,MED027,SUP03,72
PO001316,2026-01-06,2026-01-08,2026-01-08,ST011,MED004,SUP04,48
PO001317,2026-01-06,2026-01-09,2026-01-12,ST011,MED005,SUP01,60
PO001318,2026-01-06,2026-01-10,2026-01-10,ST011,MED011,SUP03,60
PO001319,2026-01-06,2026-01-11,2026-01-11,ST011,MED021,SUP01,60
PO001320,2026-01-06,2026-01-09,2026-01-09,ST011,MED022,SUP02,36
PO001321,2026-01-06,2026-01-11,2026-01-11,ST012,MED001,SUP01,72
PO001322,2026-01-06,2026-01-08,2026-01-08,ST012,MED004,SUP04,48
PO001323,2026-01-06,2026-01-10,2026-01-10,ST012,MED010,SUP02,24
PO001324,2026-01-06,2026-01-08,2026-01-08,ST012,MED011,SUP03,66
PO001325,2026-01-06,2026-01-11,2026-01-11,ST012,MED012,SUP04,72
PO001326,2026-01-06,2026-01-10,2026-01-10,ST012,MED015,SUP03,72
PO001327,2026-01-06,2026-01-09,2026-01-12,ST012,MED020,SUP04,48
PO001328,2026-01-06,2026-01-11,2026-01-11,ST012,MED024,SUP04,84
PO001329,2026-01-06,2026-01-11,2026-01-11,ST012,MED026,SUP02,72
PO001330,2026-01-06,2026-01-08,2026-01-08,ST013,MED001,SUP01,72
PO001331,2026-01-06,2026-01-08,2026-01-08,ST013,MED002,SUP02,78
PO001332,2026-01-06,2026-01-09,2026-01-09,ST013,MED004,SUP04,60
PO001333,2026-01-06,2026-01-10,2026-01-12,ST013,MED009,SUP01,60
PO001334,2026-01-06,2026-01-11,2026-01-12,ST013,MED012,SUP04,72
PO001335,2026-01-06,2026-01-09,2026-01-09,ST013,MED020,SUP04,48
PO001336,2026-01-06,2026-01-10,2026-01-10,ST013,MED021,SUP01,60
PO001337,2026-01-06,2026-01-10,2026-01-12,ST013,MED022,SUP02,48
PO001338,2026-01-06,2026-01-10,2026-01-12,ST013,MED025,SUP01,36
PO001339,2026-01-06,2026-01-08,2026-01-08,ST013,MED026,SUP02,72
PO001340,2026-01-06,2026-01-10,2026-01-10,ST013,MED029,SUP01,72
PO001341,2026-01-06,2026-01-09,2026-01-09,ST016,MED002,SUP02,66
PO001342,2026-01-06,2026-01-10,2026-01-10,ST016,MED012,SUP04,72
PO001343,2026-01-06,2026-01-11,2026-01-11,ST016,MED017,SUP01,72
PO001344,2026-01-06,2026-01-11,2026-01-11,ST016,MED029,SUP01,48
PO001345,2026-01-06,2026-01-10,2026-01-10,ST017,MED003,SUP03,24
PO001346,2026-01-06,2026-01-10,2026-01-10,ST017,MED015,SUP03,72
PO001347,2026-01-06,2026-01-08,2026-01-08,ST017,MED017,SUP01,60
PO001348,2026-01-06,2026-01-10,2026-01-12,ST017,MED027,SUP03,84
PO001349,2026-01-06,2026-01-11,2026-01-11,ST018,MED023,SUP03,60
PO001350,2026-01-06,2026-01-08,2026-01-08,ST018,MED024,SUP04,72
PO001351,2026-01-06,2026-01-11,2026-01-11,ST018,MED027,SUP03,72
PO001352,2026-01-06,2026-01-08,2026-01-08,ST019,MED004,SUP04,48
PO001353,2026-01-06,2026-01-09,2026-01-09,ST019,MED007,SUP03,24
PO001354,2026-01-06,2026-01-09,2026-01-09,ST019,MED009,SUP01,60
PO001355,2026-01-06,2026-01-08,2026-01-09,ST019,MED011,SUP03,66
PO001356,2026-01-06,2026-01-08,2026-01-08,ST019,MED012,SUP04,72
PO001357,2026-01-06,2026-01-09,2026-01-09,ST019,MED015,SUP03,72
PO001358,2026-01-06,2026-01-08,2026-01-08,ST019,MED016,SUP04,48
PO001359,2026-01-06,2026-01-08,2026-01-08,ST019,MED017,SUP01,60
PO001360,2026-01-06,2026-01-10,2026-01-10,ST019,MED024,SUP04,72
PO001361,2026-01-06,2026-01-08,2026-01-08,ST019,MED026,SUP02,72
PO001362,2026-01-06,2026-01-08,2026-01-08,ST020,MED001,SUP01,72
PO001363,2026-01-06,2026-01-10,2026-01-10,ST020,MED002,SUP02,72
PO001364,2026-01-06,2026-01-08,2026-01-08,ST020,MED006,SUP02,60
PO001365,2026-01-06,2026-01-09,2026-01-09,ST020,MED007,SUP03,24
PO001366,2026-01-06,2026-01-08,2026-01-08,ST020,MED009,SUP01,60
PO001367,2026-01-06,2026-01-08,2026-01-08,ST020,MED013,SUP01,48
PO001368,2026-01-06,2026-01-10,2026-01-10,ST020,MED016,SUP04,48
PO001369,2026-01-06,2026-01-11,2026-01-11,ST020,MED029,SUP01,72
PO001370,2026-01-06,2026-01-08,2026-01-08,ST021,MED017,SUP01,60
PO001371,2026-01-06,2026-01-09,2026-01-09,ST021,MED019,SUP03,24
PO001372,2026-01-06,2026-01-11,2026-01-11,ST022,MED017,SUP01,60
PO001373,2026-01-06,2026-01-08,2026-01-08,ST023,MED010,SUP02,24
PO001374,2026-01-06,2026-01-09,2026-01-09,ST023,MED012,SUP04,60
PO001375,2026-01-06,2026-01-08,2026-01-08,ST023,MED017,SUP01,72
PO001376,2026-01-06,2026-01-09,2026-01-09,ST023,MED027,SUP03,72
PO001377,2026-01-06,2026-01-11,2026-01-11,ST024,MED012,SUP04,60
PO001378,2026-01-06,2026-01-11,2026-01-11,ST025,MED005,SUP01,72
PO001379,2026-01-06,2026-01-09,2026-01-12,ST025,MED010,SUP02,24
PO001380,2026-01-06,2026-01-11,2026-01-13,ST025,MED015,SUP03,72
PO001381,2026-01-06,2026-01-11,2026-01-11,ST025,MED023,SUP03,60
PO001382,2026-01-06,2026-01-10,2026-01-13,ST025,MED024,SUP04,72
PO001383,2026-01-06,2026-01-10,2026-01-10,ST025,MED025,SUP01,48
PO001384,2026-01-06,2026-01-08,2026-01-08,ST026,MED005,SUP01,72
PO001385,2026-01-06,2026-01-09,2026-01-09,ST026,MED007,SUP03,24
PO001386,2026-01-06,2026-01-09,2026-01-09,ST026,MED009,SUP01,60
PO001387,2026-01-06,2026-01-10,2026-01-10,ST026,MED011,SUP03,66
PO001388,2026-01-06,2026-01-11,2026-01-11,ST026,MED013,SUP01,48
PO001389,2026-01-06,2026-01-11,2026-01-11,ST026,MED019,SUP03,24
PO001390,2026-01-06,2026-01-08,2026-01-08,ST026,MED024,SUP04,72
PO001391,2026-01-06,2026-01-10,2026-01-10,ST026,MED025,SUP01,48
PO001392,2026-01-06,2026-01-09,2026-01-12,ST026,MED026,SUP02,72
PO001393,2026-01-06,2026-01-10,2026-01-10,ST027,MED001,SUP01,72
PO001394,2026-01-06,2026-01-11,2026-01-11,ST027,MED006,SUP02,72
PO001395,2026-01-06,2026-01-10,2026-01-10,ST027,MED007,SUP03,24
PO001396,2026-01-06,2026-01-09,2026-01-09,ST027,MED009,SUP01,72
PO001397,2026-01-06,2026-01-11,2026-01-14,ST027,MED011,SUP03,72
PO001398,2026-01-06,2026-01-10,2026-01-10,ST027,MED015,SUP03,72
PO001399,2026-01-06,2026-01-11,2026-01-11,ST027,MED016,SUP04,48
PO001400,2026-01-06,2026-01-10,2026-01-10,ST027,MED017,SUP01,60
PO001401,2026-01-06,2026-01-08,2026-01-08,ST027,MED020,SUP04,48
PO001402,2026-01-06,2026-01-10,2026-01-10,ST027,MED023,SUP03,60
PO001403,2026-01-06,2026-01-08,2026-01-08,ST027,MED026,SUP02,72
PO001404,2026-01-06,2026-01-11,2026-01-11,ST027,MED029,SUP01,48
PO001405,2026-01-06,2026-01-10,2026-01-11,ST027,MED030,SUP02,30
PO001406,2026-01-06,2026-01-08,2026-01-09,ST028,MED022,SUP02,42
PO001407,2026-01-06,2026-01-08,2026-01-08,ST029,MED022,SUP02,42
PO001408,2026-01-06,2026-01-11,2026-01-11,ST030,MED012,SUP04,60
PO001409,2026-01-06,2026-01-10,2026-01-10,ST030,MED017,SUP01,72
PO001410,2026-01-06,2026-01-08,2026-01-08,ST030,MED022,SUP02,48
PO001411,2026-01-06,2026-01-09,2026-01-09,ST030,MED027,SUP03,72
PO001412,2026-01-06,2026-01-10,2026-01-11,ST031,MED010,SUP02,24
PO001413,2026-01-06,2026-01-10,2026-01-10,ST031,MED011,SUP03,72
PO001414,2026-01-06,2026-01-10,2026-01-12,ST031,MED012,SUP04,72
PO001415,2026-01-06,2026-01-09,2026-01-09,ST031,MED024,SUP04,72
PO001416,2026-01-06,2026-01-10,2026-01-10,ST031,MED025,SUP01,36
PO001417,2026-01-06,2026-01-10,2026-01-10,ST031,MED027,SUP03,84
PO001418,2026-01-06,2026-01-09,2026-01-09,ST032,MED002,SUP02,72
PO001419,2026-01-06,2026-01-09,2026-01-09,ST032,MED008,SUP04,24
PO001420,2026-01-06,2026-01-08,2026-01-08,ST032,MED009,SUP01,60
PO001421,2026-01-06,2026-01-08,2026-01-11,ST032,MED010,SUP02,24
PO001422,2026-01-06,2026-01-11,2026-01-11,ST032,MED012,SUP04,60
PO001423,2026-01-06,2026-01-11,2026-01-11,ST032,MED013,SUP01,48
PO001424,2026-01-06,2026-01-10,2026-01-12,ST032,MED021,SUP01,54
PO001425,2026-01-06,2026-01-08,2026-01-08,ST033,MED006,SUP02,60
PO001426,2026-01-06,2026-01-11,2026-01-13,ST033,MED015,SUP03,72
PO001427,2026-01-06,2026-01-09,2026-01-09,ST033,MED016,SUP04,48
PO001428,2026-01-06,2026-01-09,2026-01-11,ST033,MED021,SUP01,60
PO001429,2026-01-06,2026-01-11,2026-01-14,ST033,MED023,SUP03,60
PO001430,2026-01-06,2026-01-11,2026-01-13,ST033,MED029,SUP01,72
PO001431,2026-01-06,2026-01-08,2026-01-08,ST033,MED030,SUP02,30
PO001432,2026-01-06,2026-01-11,2026-01-11,ST034,MED011,SUP03,66
PO001433,2026-01-06,2026-01-08,2026-01-11,ST034,MED013,SUP01,48
PO001434,2026-01-06,2026-01-08,2026-01-11,ST034,MED020,SUP04,48
PO001435,2026-01-06,2026-01-10,2026-01-10,ST034,MED023,SUP03,60
PO001436,2026-01-06,2026-01-11,2026-01-11,ST035,MED017,SUP01,60
PO001437,2026-01-06,2026-01-08,2026-01-11,ST036,MED017,SUP01,60
PO001438,2026-01-06,2026-01-09,2026-01-09,ST037,MED002,SUP02,60
PO001439,2026-01-06,2026-01-11,2026-01-11,ST037,MED007,SUP03,24
PO001440,2026-01-06,2026-01-11,2026-01-11,ST037,MED012,SUP04,60
PO001441,2026-01-06,2026-01-08,2026-01-08,ST037,MED019,SUP03,24
PO001442,2026-01-06,2026-01-09,2026-01-09,ST037,MED021,SUP01,54
PO001443,2026-01-06,2026-01-09,2026-01-09,ST037,MED027,SUP03,72
PO001444,2026-01-06,2026-01-09,2026-01-09,ST038,MED009,SUP01,72
PO001445,2026-01-06,2026-01-09,2026-01-09,ST038,MED010,SUP02,24
PO001446,2026-01-06,2026-01-09,2026-01-09,ST038,MED021,SUP01,60
PO001447,2026-01-06,2026-01-10,2026-01-10,ST038,MED029,SUP01,72
PO001448,2026-01-06,2026-01-11,2026-01-11,ST039,MED005,SUP01,60
PO001449,2026-01-06,2026-01-10,2026-01-10,ST039,MED007,SUP03,24
PO001450,2026-01-06,2026-01-09,2026-01-09,ST039,MED022,SUP02,48
PO001451,2026-01-06,2026-01-09,2026-01-09,ST039,MED025,SUP01,36
PO001452,2026-01-06,2026-01-11,2026-01-11,ST039,MED029,SUP01,48
PO001453,2026-01-06,2026-01-11,2026-01-11,ST040,MED002,SUP02,60
PO001454,2026-01-06,2026-01-11,2026-01-14,ST040,MED004,SUP04,48
PO001455,2026-01-06,2026-01-09,2026-01-09,ST040,MED009,SUP01,60
PO001456,2026-01-06,2026-01-11,2026-01-14,ST040,MED015,SUP03,72
PO001457,2026-01-06,2026-01-09,2026-01-09,ST040,MED017,SUP01,72
PO001458,2026-01-06,2026-01-08,2026-01-10,ST040,MED024,SUP04,72
PO001459,2026-01-06,2026-01-10,2026-01-10,ST040,MED025,SUP01,36
PO001460,2026-01-06,2026-01-09,2026-01-09,ST040,MED030,SUP02,30
PO001461,2026-01-07,2026-01-12,2026-01-12,ST001,MED010,SUP02,36
PO001462,2026-01-07,2026-01-12,2026-01-12,ST001,MED012,SUP04,60
PO001463,2026-01-07,2026-01-11,2026-01-11,ST001,MED021,SUP01,60
PO001464,2026-01-07,2026-01-11,2026-01-11,ST001,MED022,SUP02,42
PO001465,2026-01-07,2026-01-12,2026-01-12,ST001,MED027,SUP03,84
PO001466,2026-01-07,2026-01-09,2026-01-11,ST002,MED003,SUP03,24
PO001467,2026-01-07,2026-01-10,2026-01-10,ST002,MED009,SUP01,60
PO001468,2026-01-07,2026-01-12,2026-01-12,ST002,MED011,SUP03,60
PO001469,2026-01-07,2026-01-09,2026-01-09,ST002,MED012,SUP04,72
PO001470,2026-01-07,2026-01-12,2026-01-12,ST002,MED022,SUP02,48
PO001471,2026-01-07,2026-01-11,2026-01-11,ST002,MED025,SUP01,36
PO001472,2026-01-07,2026-01-09,2026-01-09,ST002,MED027,SUP03,72
PO001473,2026-01-07,2026-01-09,2026-01-09,ST003,MED007,SUP03,24
PO001474,2026-01-07,2026-01-09,2026-01-12,ST003,MED009,SUP01,60
PO001475,2026-01-07,2026-01-11,2026-01-11,ST003,MED017,SUP01,72
PO001476,2026-01-07,2026-01-09,2026-01-09,ST003,MED020,SUP04,48
PO001477,2026-01-07,2026-01-11,2026-01-11,ST004,MED006,SUP02,60
PO001478,2026-01-07,2026-01-10,2026-01-10,ST004,MED007,SUP03,24
PO001479,2026-01-07,2026-01-10,2026-01-10,ST004,MED011,SUP03,66
PO001480,2026-01-07,2026-01-09,2026-01-12,ST004,MED013,SUP01,48
PO001481,2026-01-07,2026-01-12,2026-01-12,ST004,MED015,SUP03,72
PO001482,2026-01-07,2026-01-11,2026-01-11,ST004,MED017,SUP01,72
PO001483,2026-01-07,2026-01-11,2026-01-11,ST004,MED019,SUP03,24
PO001484,2026-01-07,2026-01-10,2026-01-13,ST004,MED024,SUP04,72
PO001485,2026-01-07,2026-01-11,2026-01-11,ST005,MED002,SUP02,78
PO001486,2026-01-07,2026-01-09,2026-01-09,ST005,MED004,SUP04,48
PO001487,2026-01-07,2026-01-09,2026-01-09,ST005,MED006,SUP02,60
PO001488,2026-01-07,2026-01-09,2026-01-09,ST005,MED007,SUP03,24
PO001489,2026-01-07,2026-01-12,2026-01-12,ST005,MED009,SUP01,60
PO001490,2026-01-07,2026-01-11,2026-01-11,ST005,MED010,SUP02,24
PO001491,2026-01-07,2026-01-10,2026-01-10,ST005,MED011,SUP03,72
PO001492,2026-01-07,2026-01-11,2026-01-11,ST005,MED012,SUP04,72
PO001493,2026-01-07,2026-01-10,2026-01-10,ST005,MED021,SUP01,60
PO001494,2026-01-07,2026-01-09,2026-01-09,ST005,MED024,SUP04,72
PO001495,2026-01-07,2026-01-10,2026-01-10,ST005,MED026,SUP02,72
PO001496,2026-01-07,2026-01-11,2026-01-11,ST005,MED028,SUP04,48
PO001497,2026-01-07,2026-01-10,2026-01-10,ST005,MED029,SUP01,72
PO001498,2026-01-07,2026-01-09,2026-01-09,ST006,MED001,SUP01,72
PO001499,2026-01-07,2026-01-11,2026-01-12,ST006,MED008,SUP04,24
PO001500,2026-01-07,2026-01-11,2026-01-11,ST006,MED009,SUP01,60
PO001501,2026-01-07,2026-01-11,2026-01-11,ST006,MED011,SUP03,66
PO001502,2026-01-07,2026-01-09,2026-01-09,ST006,MED012,SUP04,72
PO001503,2026-01-07,2026-01-12,2026-01-14,ST006,MED023,SUP03,60
PO001504,2026-01-07,2026-01-11,2026-01-11,ST006,MED026,SUP02,72
PO001505,2026-01-07,2026-01-09,2026-01-09,ST006,MED028,SUP04,48
PO001506,2026-01-07,2026-01-09,2026-01-09,ST006,MED029,SUP01,72
PO001507,2026-01-07,2026-01-11,2026-01-12,ST006,MED030,SUP02,36
PO001508,2026-01-07,2026-01-10,2026-01-10,ST007,MED002,SUP02,60
PO001509,2026-01-07,2026-01-11,2026-01-11,ST007,MED012,SUP04,60
PO001510,2026-01-07,2026-01-10,2026-01-10,ST008,MED012,SUP04,60
PO001511,2026-01-07,2026-01-09,2026-01-09,ST008,MED022,SUP02,42
PO001512,2026-01-07,2026-01-11,2026-01-11,ST008,MED025,SUP01,36
PO001513,2026-01-07,2026-01-11,2026-01-11,ST008,MED027,SUP03,72
PO001514,2026-01-07,2026-01-09,2026-01-09,ST009,MED004,SUP04,48
PO001515,2026-01-07,2026-01-09,2026-01-09,ST009,MED013,SUP01,36
PO001516,2026-01-07,2026-01-09,2026-01-09,ST009,MED019,SUP03,24
PO001517,2026-01-07,2026-01-09,2026-01-09,ST009,MED021,SUP01,60
PO001518,2026-01-07,2026-01-12,2026-01-12,ST009,MED027,SUP03,72
PO001519,2026-01-07,2026-01-10,2026-01-10,ST010,MED009,SUP01,60
PO001520,2026-01-07,2026-01-11,2026-01-11,ST010,MED010,SUP02,36
PO001521,2026-01-07,2026-01-10,2026-01-10,ST010,MED011,SUP03,66
PO001522,2026-01-07,2026-01-09,2026-01-09,ST010,MED022,SUP02,42
PO001523,2026-01-07,2026-01-12,2026-01-12,ST011,MED001,SUP01,72
PO001524,2026-01-07,2026-01-11,2026-01-11,ST011,MED006,SUP02,60
PO001525,2026-01-07,2026-01-11,2026-01-11,ST011,MED007,SUP03,24
PO001526,2026-01-07,2026-01-10,2026-01-10,ST011,MED012,SUP04,60
PO001527,2026-01-07,2026-01-11,2026-01-11,ST011,MED013,SUP01,48
PO001528,2026-01-07,2026-01-12,2026-01-12,ST011,MED023,SUP03,72
PO001529,2026-01-07,2026-01-09,2026-01-09,ST011,MED024,SUP04,72
PO001530,2026-01-07,2026-01-11,2026-01-11,ST011,MED025,SUP01,36
PO001531,2026-01-07,2026-01-11,2026-01-11,ST011,MED026,SUP02,72
PO001532,2026-01-07,2026-01-11,2026-01-11,ST012,MED013,SUP01,48
PO001533,2026-01-07,2026-01-09,2026-01-09,ST012,MED016,SUP04,48
PO001534,2026-01-07,2026-01-11,2026-01-11,ST012,MED025,SUP01,36
PO001535,2026-01-07,2026-01-10,2026-01-10,ST012,MED028,SUP04,48
PO001536,2026-01-07,2026-01-09,2026-01-09,ST012,MED030,SUP02,30
PO001537,2026-01-07,2026-01-12,2026-01-12,ST013,MED003,SUP03,24
PO001538,2026-01-07,2026-01-11,2026-01-11,ST013,MED006,SUP02,60
PO001539,2026-01-07,2026-01-12,2026-01-12,ST013,MED010,SUP02,24
PO001540,2026-01-07,2026-01-09,2026-01-10,ST013,MED013,SUP01,48
PO001541,2026-01-07,2026-01-11,2026-01-11,ST013,MED016,SUP04,48
PO001542,2026-01-07,2026-01-11,2026-01-11,ST013,MED019,SUP03,24
PO001543,2026-01-07,2026-01-11,2026-01-14,ST013,MED024,SUP04,72
PO001544,2026-01-07,2026-01-09,2026-01-09,ST013,MED027,SUP03,84
PO001545,2026-01-07,2026-01-11,2026-01-11,ST013,MED030,SUP02,36
PO001546,2026-01-07,2026-01-11,2026-01-11,ST014,MED012,SUP04,60
PO001547,2026-01-07,2026-01-12,2026-01-12,ST014,MED027,SUP03,72
PO001548,2026-01-07,2026-01-09,2026-01-09,ST015,MED002,SUP02,66
PO001549,2026-01-07,2026-01-10,2026-01-10,ST015,MED006,SUP02,60
PO001550,2026-01-07,2026-01-12,2026-01-12,ST015,MED010,SUP02,24
PO001551,2026-01-07,2026-01-11,2026-01-11,ST016,MED007,SUP03,24
PO001552,2026-01-07,2026-01-12,2026-01-12,ST016,MED023,SUP03,60
PO001553,2026-01-07,2026-01-10,2026-01-10,ST016,MED027,SUP03,72
PO001554,2026-01-07,2026-01-09,2026-01-09,ST017,MED002,SUP02,78
PO001555,2026-01-07,2026-01-09,2026-01-09,ST017,MED004,SUP04,48
PO001556,2026-01-07,2026-01-11,2026-01-11,ST017,MED009,SUP01,60
PO001557,2026-01-07,2026-01-10,2026-01-10,ST017,MED012,SUP04,60
PO001558,2026-01-07,2026-01-09,2026-01-09,ST017,MED025,SUP01,36
PO001559,2026-01-07,2026-01-10,2026-01-10,ST018,MED003,SUP03,24
PO001560,2026-01-07,2026-01-12,2026-01-12,ST018,MED004,SUP04,48
PO001561,2026-01-07,2026-01-11,2026-01-11,ST018,MED005,SUP01,72
PO001562,2026-01-07,2026-01-10,2026-01-10,ST018,MED009,SUP01,60
PO001563,2026-01-07,2026-01-12,2026-01-12,ST018,MED010,SUP02,24
PO001564,2026-01-07,2026-01-09,2026-01-09,ST018,MED013,SUP01,48
PO001565,2026-01-07,2026-01-10,2026-01-10,ST018,MED017,SUP01,60
PO001566,2026-01-07,2026-01-11,2026-01-11,ST018,MED025,SUP01,36
PO001567,2026-01-07,2026-01-11,2026-01-11,ST018,MED026,SUP02,72
PO001568,2026-01-07,2026-01-09,2026-01-11,ST018,MED030,SUP02,30
PO001569,2026-01-07,2026-01-11,2026-01-11,ST019,MED001,SUP01,72
PO001570,2026-01-07,2026-01-10,2026-01-10,ST019,MED006,SUP02,60
PO001571,2026-01-07,2026-01-10,2026-01-10,ST019,MED018,SUP02,48
PO001572,2026-01-07,2026-01-10,2026-01-10,ST019,MED021,SUP01,66
PO001573,2026-01-07,2026-01-09,2026-01-09,ST019,MED023,SUP03,60
PO001574,2026-01-07,2026-01-12,2026-01-12,ST019,MED027,SUP03,72
PO001575,2026-01-07,2026-01-11,2026-01-11,ST019,MED029,SUP01,72
PO001576,2026-01-07,2026-01-09,2026-01-09,ST019,MED030,SUP02,36
PO001577,2026-01-07,2026-01-12,2026-01-12,ST020,MED003,SUP03,24
PO001578,2026-01-07,2026-01-11,2026-01-11,ST020,MED004,SUP04,48
PO001579,2026-01-07,2026-01-09,2026-01-10,ST020,MED017,SUP01,72
PO001580,2026-01-07,2026-01-09,2026-01-09,ST020,MED018,SUP02,48
PO001581,2026-01-07,2026-01-12,2026-01-12,ST020,MED020,SUP04,48
PO001582,2026-01-07,2026-01-09,2026-01-09,ST020,MED025,SUP01,36
PO001583,2026-01-07,2026-01-09,2026-01-09,ST020,MED026,SUP02,72
PO001584,2026-01-07,2026-01-09,2026-01-12,ST020,MED028,SUP04,48
PO001585,2026-01-07,2026-01-09,2026-01-12,ST021,MED022,SUP02,42
PO001586,2026-01-07,2026-01-12,2026-01-12,ST021,MED027,SUP03,72
PO001587,2026-01-07,2026-01-10,2026-01-10,ST022,MED002,SUP02,60
PO001588,2026-01-07,2026-01-12,2026-01-12,ST022,MED012,SUP04,60
PO001589,2026-01-07,2026-01-10,2026-01-10,ST022,MED021,SUP01,54
PO001590,2026-01-07,2026-01-11,2026-01-11,ST022,MED022,SUP02,36
PO001591,2026-01-07,2026-01-12,2026-01-12,ST023,MED002,SUP02,72
PO001592,2026-01-07,2026-01-12,2026-01-12,ST023,MED007,SUP03,24
PO001593,2026-01-07,2026-01-11,2026-01-14,ST023,MED011,SUP03,66
PO001594,2026-01-07,2026-01-09,2026-01-09,ST023,MED016,SUP04,48
PO001595,2026-01-07,2026-01-11,2026-01-11,ST023,MED022,SUP02,42
PO001596,2026-01-07,2026-01-10,2026-01-10,ST023,MED029,SUP01,72
PO001597,2026-01-07,2026-01-09,2026-01-09,ST024,MED003,SUP03,24
PO001598,2026-01-07,2026-01-12,2026-01-12,ST024,MED007,SUP03,24
PO001599,2026-01-07,2026-01-12,2026-01-12,ST024,MED010,SUP02,24
PO001600,2026-01-07,2026-01-12,2026-01-12,ST024,MED025,SUP01,36
PO001601,2026-01-07,2026-01-11,2026-01-11,ST024,MED028,SUP04,48
PO001602,2026-01-07,2026-01-11,2026-01-11,ST025,MED001,SUP01,72
PO001603,2026-01-07,2026-01-09,2026-01-09,ST025,MED006,SUP02,60
PO001604,2026-01-07,2026-01-12,2026-01-12,ST025,MED007,SUP03,24
PO001605,2026-01-07,2026-01-11,2026-01-12,ST025,MED009,SUP01,60
PO001606,2026-01-07,2026-01-09,2026-01-09,ST025,MED012,SUP04,60
PO001607,2026-01-07,2026-01-09,2026-01-11,ST025,MED016,SUP04,48
PO001608,2026-01-07,2026-01-09,2026-01-09,ST025,MED017,SUP01,60
PO001609,2026-01-07,2026-01-12,2026-01-12,ST025,MED021,SUP01,54
PO001610,2026-01-07,2026-01-10,2026-01-10,ST025,MED026,SUP02,72
PO001611,2026-01-07,2026-01-12,2026-01-12,ST026,MED001,SUP01,72
PO001612,2026-01-07,2026-01-09,2026-01-09,ST026,MED006,SUP02,60
PO001613,2026-01-07,2026-01-11,2026-01-11,ST026,MED008,SUP04,24
PO001614,2026-01-07,2026-01-11,2026-01-11,ST026,MED016,SUP04,48
PO001615,2026-01-07,2026-01-12,2026-01-14,ST026,MED020,SUP04,48
PO001616,2026-01-07,2026-01-11,2026-01-11,ST026,MED021,SUP01,60
PO001617,2026-01-07,2026-01-10,2026-01-10,ST026,MED022,SUP02,42
PO001618,2026-01-07,2026-01-10,2026-01-10,ST026,MED030,SUP02,30
PO001619,2026-01-07,2026-01-11,2026-01-11,ST027,MED004,SUP04,48
PO001620,2026-01-07,2026-01-12,2026-01-14,ST027,MED005,SUP01,60
PO001621,2026-01-07,2026-01-10,2026-01-12,ST027,MED012,SUP04,72
PO001622,2026-01-07,2026-01-11,2026-01-11,ST027,MED013,SUP01,48
PO001623,2026-01-07,2026-01-12,2026-01-12,ST027,MED022,SUP02,48
PO001624,2026-01-07,2026-01-12,2026-01-12,ST027,MED024,SUP04,72
PO001625,2026-01-07,2026-01-11,2026-01-11,ST027,MED028,SUP04,48
PO001626,2026-01-07,2026-01-11,2026-01-11,ST028,MED012,SUP04,60
PO001627,2026-01-07,2026-01-10,2026-01-10,ST029,MED002,SUP02,66
PO001628,2026-01-07,2026-01-12,2026-01-12,ST029,MED012,SUP04,60
PO001629,2026-01-07,2026-01-11,2026-01-11,ST029,MED016,SUP04,48
PO001630,2026-01-07,2026-01-10,2026-01-10,ST029,MED017,SUP01,60
PO001631,2026-01-07,2026-01-09,2026-01-09,ST029,MED024,SUP04,72
PO001632,2026-01-07,2026-01-11,2026-01-13,ST030,MED009,SUP01,60
PO001633,2026-01-07,2026-01-12,2026-01-12,ST030,MED015,SUP03,72
PO001634,2026-01-07,2026-01-11,2026-01-13,ST030,MED021,SUP01,60
PO001635,2026-01-07,2026-01-12,2026-01-12,ST030,MED025,SUP01,36
PO001636,2026-01-07,2026-01-10,2026-01-10,ST031,MED002,SUP02,72
PO001637,2026-01-07,2026-01-11,2026-01-11,ST031,MED005,SUP01,60
PO001638,2026-01-07,2026-01-10,2026-01-11,ST031,MED006,SUP02,60
PO001639,2026-01-07,2026-01-12,2026-01-12,ST031,MED015,SUP03,72
PO001640,2026-01-07,2026-01-10,2026-01-10,ST031,MED016,SUP04,48
PO001641,2026-01-07,2026-01-12,2026-01-12,ST031,MED018,SUP02,48
PO001642,2026-01-07,2026-01-09,2026-01-09,ST031,MED019,SUP03,24
PO001643,2026-01-07,2026-01-10,2026-01-10,ST032,MED005,SUP01,72
PO001644,2026-01-07,2026-01-11,2026-01-11,ST032,MED006,SUP02,60
PO001645,2026-01-07,2026-01-09,2026-01-09,ST032,MED011,SUP03,66
PO001646,2026-01-07,2026-01-11,2026-01-11,ST032,MED015,SUP03,72
PO001647,2026-01-07,2026-01-10,2026-01-10,ST032,MED018,SUP02,48
PO001648,2026-01-07,2026-01-10,2026-01-10,ST032,MED022,SUP02,36
PO001649,2026-01-07,2026-01-12,2026-01-12,ST032,MED024,SUP04,84
PO001650,2026-01-07,2026-01-10,2026-01-10,ST032,MED030,SUP02,30
PO001651,2026-01-07,2026-01-11,2026-01-11,ST033,MED001,SUP01,72
PO001652,2026-01-07,2026-01-09,2026-01-09,ST033,MED009,SUP01,60
PO001653,2026-01-07,2026-01-09,2026-01-09,ST033,MED018,SUP02,48
PO001654,2026-01-07,2026-01-09,2026-01-09,ST033,MED024,SUP04,72
PO001655,2026-01-07,2026-01-11,2026-01-11,ST033,MED027,SUP03,84
PO001656,2026-01-07,2026-01-12,2026-01-12,ST034,MED002,SUP02,66
PO001657,2026-01-07,2026-01-11,2026-01-11,ST034,MED004,SUP04,60
PO001658,2026-01-07,2026-01-12,2026-01-15,ST034,MED006,SUP02,60
PO001659,2026-01-07,2026-01-09,2026-01-09,ST034,MED009,SUP01,60
PO001660,2026-01-07,2026-01-09,2026-01-09,ST034,MED012,SUP04,60
PO001661,2026-01-07,2026-01-10,2026-01-10,ST034,MED017,SUP01,72
PO001662,2026-01-07,2026-01-11,2026-01-11,ST034,MED021,SUP01,60
PO001663,2026-01-07,2026-01-11,2026-01-11,ST034,MED022,SUP02,48
PO001664,2026-01-07,2026-01-09,2026-01-09,ST034,MED024,SUP04,72
PO001665,2026-01-07,2026-01-10,2026-01-10,ST034,MED026,SUP02,72
PO001666,2026-01-07,2026-01-10,2026-01-10,ST035,MED011,SUP03,60
PO001667,2026-01-07,2026-01-11,2026-01-11,ST036,MED002,SUP02,60
PO001668,2026-01-07,2026-01-11,2026-01-11,ST036,MED013,SUP01,48
PO001669,2026-01-07,2026-01-11,2026-01-11,ST036,MED027,SUP03,72
PO001670,2026-01-07,2026-01-09,2026-01-09,ST037,MED006,SUP02,60
PO001671,2026-01-07,2026-01-10,2026-01-12,ST037,MED010,SUP02,24
PO001672,2026-01-07,2026-01-09,2026-01-09,ST037,MED016,SUP04,48
PO001673,2026-01-07,2026-01-10,2026-01-10,ST037,MED020,SUP04,48
PO001674,2026-01-07,2026-01-10,2026-01-10,ST037,MED029,SUP01,72
PO001675,2026-01-07,2026-01-12,2026-01-12,ST037,MED030,SUP02,30
PO001676,2026-01-07,2026-01-12,2026-01-15,ST038,MED001,SUP01,72
PO001677,2026-01-07,2026-01-09,2026-01-09,ST038,MED002,SUP02,72
PO001678,2026-01-07,2026-01-11,2026-01-11,ST038,MED005,SUP01,60
PO001679,2026-01-07,2026-01-12,2026-01-12,ST038,MED006,SUP02,60
PO001680,2026-01-07,2026-01-09,2026-01-09,ST038,MED011,SUP03,60
PO001681,2026-01-07,2026-01-12,2026-01-12,ST038,MED012,SUP04,60
PO001682,2026-01-07,2026-01-11,2026-01-11,ST038,MED013,SUP01,48
PO001683,2026-01-07,2026-01-09,2026-01-09,ST038,MED020,SUP04,48
PO001684,2026-01-07,2026-01-12,2026-01-12,ST038,MED024,SUP04,72
PO001685,2026-01-07,2026-01-10,2026-01-12,ST039,MED003,SUP03,24
PO001686,2026-01-07,2026-01-11,2026-01-11,ST039,MED006,SUP02,60
PO001687,2026-01-07,2026-01-09,2026-01-09,ST039,MED009,SUP01,60
PO001688,2026-01-07,2026-01-09,2026-01-09,ST039,MED021,SUP01,54
PO001689,2026-01-07,2026-01-12,2026-01-12,ST039,MED027,SUP03,72
PO001690,2026-01-07,2026-01-09,2026-01-09,ST039,MED030,SUP02,30
PO001691,2026-01-07,2026-01-11,2026-01-11,ST040,MED001,SUP01,72
PO001692,2026-01-07,2026-01-10,2026-01-10,ST040,MED007,SUP03,24
PO001693,2026-01-07,2026-01-09,2026-01-09,ST040,MED011,SUP03,60
PO001694,2026-01-07,2026-01-12,2026-01-12,ST040,MED022,SUP02,42
PO001695,2026-01-08,2026-01-10,2026-01-10,ST001,MED004,SUP04,48
PO001696,2026-01-08,2026-01-10,2026-01-13,ST001,MED005,SUP01,72
PO001697,2026-01-08,2026-01-13,2026-01-13,ST001,MED006,SUP02,60
PO001698,2026-01-08,2026-01-12,2026-01-13,ST001,MED017,SUP01,72
PO001699,2026-01-08,2026-01-12,2026-01-14,ST002,MED007,SUP03,24
PO001700,2026-01-08,2026-01-11,2026-01-11,ST002,MED008,SUP04,24
PO001701,2026-01-08,2026-01-11,2026-01-11,ST002,MED013,SUP01,48
PO001702,2026-01-08,2026-01-12,2026-01-12,ST002,MED015,SUP03,72
PO001703,2026-01-08,2026-01-13,2026-01-13,ST002,MED024,SUP04,72
PO001704,2026-01-08,2026-01-13,2026-01-13,ST002,MED030,SUP02,30
PO001705,2026-01-08,2026-01-10,2026-01-10,ST003,MED010,SUP02,24
PO001706,2026-01-08,2026-01-11,2026-01-11,ST003,MED011,SUP03,66
PO001707,2026-01-08,2026-01-10,2026-01-12,ST003,MED013,SUP01,36
PO001708,2026-01-08,2026-01-12,2026-01-12,ST003,MED021,SUP01,60
PO001709,2026-01-08,2026-01-11,2026-01-11,ST003,MED022,SUP02,42
PO001710,2026-01-08,2026-01-11,2026-01-11,ST003,MED025,SUP01,36
PO001711,2026-01-08,2026-01-11,2026-01-11,ST004,MED001,SUP01,72
PO001712,2026-01-08,2026-01-13,2026-01-13,ST004,MED002,SUP02,66
PO001713,2026-01-08,2026-01-10,2026-01-12,ST004,MED004,SUP04,48
PO001714,2026-01-08,2026-01-11,2026-01-11,ST004,MED010,SUP02,24
PO001715,2026-01-08,2026-01-13,2026-01-16,ST004,MED016,SUP04,48
PO001716,2026-01-08,2026-01-11,2026-01-14,ST004,MED018,SUP02,48
PO001717,2026-01-08,2026-01-11,2026-01-13,ST004,MED026,SUP02,72
PO001718,2026-01-08,2026-01-13,2026-01-13,ST004,MED029,SUP01,72
PO001719,2026-01-08,2026-01-10,2026-01-10,ST005,MED003,SUP03,24
PO001720,2026-01-08,2026-01-13,2026-01-13,ST005,MED013,SUP01,48
PO001721,2026-01-08,2026-01-11,2026-01-11,ST005,MED018,SUP02,48
PO001722,2026-01-08,2026-01-12,2026-01-12,ST005,MED019,SUP03,24
PO001723,2026-01-08,2026-01-11,2026-01-11,ST006,MED010,SUP02,24
PO001724,2026-01-08,2026-01-10,2026-01-10,ST006,MED013,SUP01,48
PO001725,2026-01-08,2026-01-10,2026-01-12,ST006,MED016,SUP04,48
PO001726,2026-01-08,2026-01-12,2026-01-12,ST006,MED017,SUP01,72
PO001727,2026-01-08,2026-01-12,2026-01-12,ST006,MED025,SUP01,36
PO001728,2026-01-08,2026-01-11,2026-01-11,ST007,MED010,SUP02,24
PO001729,2026-01-08,2026-01-10,2026-01-10,ST007,MED022,SUP02,42
PO001730,2026-01-08,2026-01-12,2026-01-14,ST008,MED005,SUP01,60
PO001731,2026-01-08,2026-01-13,2026-01-13,ST008,MED008,SUP04,24
PO001732,2026-01-08,2026-01-13,2026-01-14,ST008,MED017,SUP01,60
PO001733,2026-01-08,2026-01-12,2026-01-12,ST008,MED023,SUP03,72
PO001734,2026-01-08,2026-01-10,2026-01-10,ST009,MED003,SUP03,24
PO001735,2026-01-08,2026-01-10,2026-01-10,ST009,MED006,SUP02,60
PO001736,2026-01-08,2026-01-12,2026-01-12,ST009,MED007,SUP03,24
PO001737,2026-01-08,2026-01-13,2026-01-14,ST009,MED008,SUP04,24
PO001738,2026-01-08,2026-01-12,2026-01-15,ST009,MED009,SUP01,72
PO001739,2026-01-08,2026-01-13,2026-01-13,ST009,MED010,SUP02,24
PO001740,2026-01-08,2026-01-13,2026-01-13,ST009,MED011,SUP03,60
PO001741,2026-01-08,2026-01-12,2026-01-12,ST009,MED023,SUP03,60
PO001742,2026-01-08,2026-01-11,2026-01-11,ST009,MED025,SUP01,36
PO001743,2026-01-08,2026-01-13,2026-01-13,ST010,MED001,SUP01,72
PO001744,2026-01-08,2026-01-11,2026-01-11,ST010,MED013,SUP01,48
PO001745,2026-01-08,2026-01-10,2026-01-12,ST010,MED020,SUP04,48
PO001746,2026-01-08,2026-01-13,2026-01-13,ST010,MED021,SUP01,60
PO001747,2026-01-08,2026-01-13,2026-01-13,ST010,MED025,SUP01,36
PO001748,2026-01-08,2026-01-10,2026-01-10,ST010,MED026,SUP02,72
PO001749,2026-01-08,2026-01-12,2026-01-12,ST011,MED016,SUP04,48
PO001750,2026-01-08,2026-01-12,2026-01-13,ST011,MED029,SUP01,48
PO001751,2026-01-08,2026-01-10,2026-01-10,ST012,MED002,SUP02,66
PO001752,2026-01-08,2026-01-12,2026-01-12,ST012,MED006,SUP02,60
PO001753,2026-01-08,2026-01-11,2026-01-11,ST012,MED008,SUP04,24
PO001754,2026-01-08,2026-01-10,2026-01-10,ST012,MED018,SUP02,48
PO001755,2026-01-08,2026-01-11,2026-01-11,ST012,MED021,SUP01,54
PO001756,2026-01-08,2026-01-13,2026-01-13,ST012,MED029,SUP01,72
PO001757,2026-01-08,2026-01-13,2026-01-13,ST013,MED028,SUP04,48
PO001758,2026-01-08,2026-01-10,2026-01-13,ST014,MED017,SUP01,60
PO001759,2026-01-08,2026-01-12,2026-01-12,ST014,MED019,SUP03,24
PO001760,2026-01-08,2026-01-10,2026-01-12,ST014,MED022,SUP02,36
PO001761,2026-01-08,2026-01-11,2026-01-14,ST015,MED012,SUP04,60
PO001762,2026-01-08,2026-01-10,2026-01-12,ST015,MED021,SUP01,54
PO001763,2026-01-08,2026-01-13,2026-01-13,ST015,MED022,SUP02,42
PO001764,2026-01-08,2026-01-11,2026-01-11,ST015,MED023,SUP03,72
PO001765,2026-01-08,2026-01-13,2026-01-13,ST015,MED027,SUP03,72
PO001766,2026-01-08,2026-01-11,2026-01-11,ST015,MED030,SUP02,30
PO001767,2026-01-08,2026-01-13,2026-01-13,ST016,MED004,SUP04,48
PO001768,2026-01-08,2026-01-11,2026-01-11,ST016,MED008,SUP04,24
PO001769,2026-01-08,2026-01-13,2026-01-15,ST016,MED010,SUP02,24
PO001770,2026-01-08,2026-01-11,2026-01-11,ST016,MED016,SUP04,48
PO001771,2026-01-08,2026-01-10,2026-01-13,ST016,MED020,SUP04,48
PO001772,2026-01-08,2026-01-13,2026-01-16,ST016,MED021,SUP01,54
PO001773,2026-01-08,2026-01-11,2026-01-11,ST016,MED025,SUP01,36
PO001774,2026-01-08,2026-01-11,2026-01-11,ST016,MED026,SUP02,72
PO001775,2026-01-08,2026-01-13,2026-01-13,ST016,MED030,SUP02,30
PO001776,2026-01-08,2026-01-10,2026-01-10,ST017,MED001,SUP01,72
PO001777,2026-01-08,2026-01-13,2026-01-13,ST017,MED011,SUP03,66
PO001778,2026-01-08,2026-01-12,2026-01-12,ST017,MED024,SUP04,72
PO001779,2026-01-08,2026-01-11,2026-01-11,ST017,MED028,SUP04,48
PO001780,2026-01-08,2026-01-13,2026-01-13,ST018,MED001,SUP01,72
PO001781,2026-01-08,2026-01-12,2026-01-12,ST018,MED006,SUP02,72
PO001782,2026-01-08,2026-01-13,2026-01-13,ST018,MED007,SUP03,24
PO001783,2026-01-08,2026-01-11,2026-01-11,ST018,MED011,SUP03,60
PO001784,2026-01-08,2026-01-10,2026-01-10,ST018,MED015,SUP03,72
PO001785,2026-01-08,2026-01-11,2026-01-11,ST018,MED021,SUP01,60
PO001786,2026-01-08,2026-01-12,2026-01-12,ST018,MED028,SUP04,48
PO001787,2026-01-08,2026-01-13,2026-01-13,ST019,MED008,SUP04,24
PO001788,2026-01-08,2026-01-13,2026-01-13,ST019,MED010,SUP02,36
PO001789,2026-01-08,2026-01-12,2026-01-14,ST019,MED013,SUP01,48
PO001790,2026-01-08,2026-01-10,2026-01-10,ST019,MED020,SUP04,48
PO001791,2026-01-08,2026-01-12,2026-01-12,ST019,MED028,SUP04,48
PO001792,2026-01-08,2026-01-11,2026-01-11,ST020,MED008,SUP04,24
PO001793,2026-01-08,2026-01-11,2026-01-11,ST020,MED014,SUP02,48
PO001794,2026-01-08,2026-01-12,2026-01-12,ST020,MED019,SUP03,24
PO001795,2026-01-08,2026-01-10,2026-01-10,ST022,MED004,SUP04,48
PO001796,2026-01-08,2026-01-12,2026-01-12,ST022,MED005,SUP01,60
PO001797,2026-01-08,2026-01-12,2026-01-12,ST022,MED011,SUP03,60
PO001798,2026-01-08,2026-01-13,2026-01-13,ST022,MED023,SUP03,60
PO001799,2026-01-08,2026-01-10,2026-01-10,ST022,MED024,SUP04,72
PO001800,2026-01-08,2026-01-10,2026-01-10,ST023,MED005,SUP01,72
PO001801,2026-01-08,2026-01-13,2026-01-13,ST023,MED020,SUP04,48
PO001802,2026-01-08,2026-01-13,2026-01-13,ST023,MED021,SUP01,60
PO001803,2026-01-08,2026-01-11,2026-01-11,ST023,MED024,SUP04,72
PO001804,2026-01-08,2026-01-10,2026-01-10,ST024,MED001,SUP01,72
PO001805,2026-01-08,2026-01-12,2026-01-12,ST024,MED004,SUP04,48
PO001806,2026-01-08,2026-01-11,2026-01-11,ST024,MED006,SUP02,60
PO001807,2026-01-08,2026-01-13,2026-01-13,ST024,MED008,SUP04,24
PO001808,2026-01-08,2026-01-10,2026-01-10,ST024,MED009,SUP01,72
PO001809,2026-01-08,2026-01-12,2026-01-12,ST024,MED011,SUP03,66
PO001810,2026-01-08,2026-01-12,2026-01-12,ST024,MED013,SUP01,48
PO001811,2026-01-08,2026-01-13,2026-01-14,ST024,MED015,SUP03,72
PO001812,2026-01-08,2026-01-10,2026-01-10,ST024,MED016,SUP04,48
PO001813,2026-01-08,2026-01-10,2026-01-10,ST024,MED020,SUP04,48
PO001814,2026-01-08,2026-01-13,2026-01-13,ST024,MED022,SUP02,48
PO001815,2026-01-08,2026-01-10,2026-01-10,ST024,MED023,SUP03,72
PO001816,2026-01-08,2026-01-10,2026-01-10,ST025,MED004,SUP04,60
PO001817,2026-01-08,2026-01-13,2026-01-13,ST025,MED013,SUP01,48
PO001818,2026-01-08,2026-01-12,2026-01-12,ST025,MED018,SUP02,48
PO001819,2026-01-08,2026-01-12,2026-01-12,ST025,MED028,SUP04,48
PO001820,2026-01-08,2026-01-13,2026-01-13,ST025,MED029,SUP01,72
PO001821,2026-01-08,2026-01-12,2026-01-12,ST026,MED003,SUP03,24
PO001822,2026-01-08,2026-01-11,2026-01-11,ST026,MED015,SUP03,72
PO001823,2026-01-08,2026-01-10,2026-01-10,ST026,MED023,SUP03,72
PO001824,2026-01-08,2026-01-11,2026-01-11,ST026,MED028,SUP04,48
PO001825,2026-01-08,2026-01-11,2026-01-11,ST027,MED008,SUP04,24
PO001826,2026-01-08,2026-01-12,2026-01-12,ST027,MED018,SUP02,48
PO001827,2026-01-08,2026-01-12,2026-01-12,ST028,MED002,SUP02,60
PO001828,2026-01-08,2026-01-10,2026-01-10,ST028,MED024,SUP04,72
PO001829,2026-01-08,2026-01-13,2026-01-13,ST029,MED007,SUP03,24
PO001830,2026-01-08,2026-01-10,2026-01-10,ST029,MED009,SUP01,60
PO001831,2026-01-08,2026-01-12,2026-01-12,ST029,MED015,SUP03,72
PO001832,2026-01-08,2026-01-12,2026-01-12,ST029,MED027,SUP03,72
PO001833,2026-01-08,2026-01-10,2026-01-13,ST030,MED001,SUP01,72
PO001834,2026-01-08,2026-01-11,2026-01-13,ST030,MED003,SUP03,24
PO001835,2026-01-08,2026-01-12,2026-01-15,ST030,MED005,SUP01,72
PO001836,2026-01-08,2026-01-11,2026-01-11,ST030,MED006,SUP02,60
PO001837,2026-01-08,2026-01-10,2026-01-10,ST030,MED011,SUP03,66
PO001838,2026-01-08,2026-01-13,2026-01-13,ST030,MED023,SUP03,72
PO001839,2026-01-08,2026-01-12,2026-01-12,ST030,MED024,SUP04,72
PO001840,2026-01-08,2026-01-10,2026-01-10,ST030,MED030,SUP02,30
PO001841,2026-01-08,2026-01-11,2026-01-11,ST031,MED001,SUP01,72
PO001842,2026-01-08,2026-01-11,2026-01-11,ST031,MED007,SUP03,24
PO001843,2026-01-08,2026-01-10,2026-01-10,ST031,MED020,SUP04,48
PO001844,2026-01-08,2026-01-12,2026-01-12,ST032,MED016,SUP04,48
PO001845,2026-01-08,2026-01-13,2026-01-13,ST032,MED017,SUP01,60
PO001846,2026-01-08,2026-01-11,2026-01-14,ST032,MED020,SUP04,48
PO001847,2026-01-08,2026-01-10,2026-01-10,ST032,MED023,SUP03,72
PO001848,2026-01-08,2026-01-11,2026-01-11,ST032,MED029,SUP01,72
PO001849,2026-01-08,2026-01-13,2026-01-16,ST033,MED010,SUP02,24
PO001850,2026-01-08,2026-01-10,2026-01-12,ST033,MED011,SUP03,84
PO001851,2026-01-08,2026-01-11,2026-01-11,ST033,MED013,SUP01,48
PO001852,2026-01-08,2026-01-12,2026-01-12,ST033,MED019,SUP03,24
PO001853,2026-01-08,2026-01-10,2026-01-10,ST033,MED020,SUP04,48
PO001854,2026-01-08,2026-01-13,2026-01-13,ST033,MED022,SUP02,42
PO001855,2026-01-08,2026-01-12,2026-01-12,ST033,MED025,SUP01,36
PO001856,2026-01-08,2026-01-10,2026-01-10,ST034,MED001,SUP01,72
PO001857,2026-01-08,2026-01-12,2026-01-14,ST034,MED018,SUP02,48
PO001858,2026-01-08,2026-01-10,2026-01-12,ST035,MED006,SUP02,60
PO001859,2026-01-08,2026-01-12,2026-01-12,ST035,MED027,SUP03,72
PO001860,2026-01-08,2026-01-12,2026-01-12,ST035,MED030,SUP02,30
PO001861,2026-01-08,2026-01-11,2026-01-11,ST036,MED004,SUP04,60
PO001862,2026-01-08,2026-01-12,2026-01-12,ST036,MED005,SUP01,72
PO001863,2026-01-08,2026-01-11,2026-01-11,ST036,MED011,SUP03,60
PO001864,2026-01-08,2026-01-13,2026-01-13,ST036,MED012,SUP04,60
PO001865,2026-01-08,2026-01-12,2026-01-12,ST036,MED022,SUP02,54
PO001866,2026-01-08,2026-01-13,2026-01-13,ST037,MED001,SUP01,72
PO001867,2026-01-08,2026-01-10,2026-01-10,ST037,MED004,SUP04,48
PO001868,2026-01-08,2026-01-13,2026-01-13,ST037,MED008,SUP04,24
PO001869,2026-01-08,2026-01-11,2026-01-11,ST037,MED009,SUP01,60
PO001870,2026-01-08,2026-01-13,2026-01-13,ST037,MED011,SUP03,60
PO001871,2026-01-08,2026-01-13,2026-01-13,ST037,MED022,SUP02,42
PO001872,2026-01-08,2026-01-11,2026-01-11,ST037,MED023,SUP03,72
PO001873,2026-01-08,2026-01-10,2026-01-10,ST037,MED024,SUP04,72
PO001874,2026-01-08,2026-01-12,2026-01-12,ST037,MED028,SUP04,48
PO001875,2026-01-08,2026-01-10,2026-01-10,ST038,MED003,SUP03,24
PO001876,2026-01-08,2026-01-11,2026-01-11,ST038,MED004,SUP04,48
PO001877,2026-01-08,2026-01-12,2026-01-12,ST038,MED007,SUP03,24
PO001878,2026-01-08,2026-01-12,2026-01-12,ST038,MED016,SUP04,48
PO001879,2026-01-08,2026-01-11,2026-01-11,ST038,MED019,SUP03,24
PO001880,2026-01-08,2026-01-10,2026-01-10,ST038,MED025,SUP01,36
PO001881,2026-01-08,2026-01-12,2026-01-12,ST038,MED027,SUP03,72
PO001882,2026-01-08,2026-01-12,2026-01-12,ST038,MED030,SUP02,30
PO001883,2026-01-08,2026-01-11,2026-01-11,ST039,MED013,SUP01,48
PO001884,2026-01-08,2026-01-11,2026-01-11,ST039,MED020,SUP04,48
PO001885,2026-01-08,2026-01-10,2026-01-10,ST039,MED023,SUP03,72
PO001886,2026-01-08,2026-01-12,2026-01-12,ST039,MED028,SUP04,48
PO001887,2026-01-08,2026-01-10,2026-01-10,ST040,MED005,SUP01,72
PO001888,2026-01-08,2026-01-13,2026-01-13,ST040,MED006,SUP02,72
PO001889,2026-01-08,2026-01-10,2026-01-10,ST040,MED016,SUP04,48
PO001890,2026-01-08,2026-01-11,2026-01-11,ST040,MED018,SUP02,48
PO001891,2026-01-08,2026-01-13,2026-01-13,ST040,MED020,SUP04,48
PO001892,2026-01-08,2026-01-11,2026-01-11,ST040,MED021,SUP01,54
PO001893,2026-01-08,2026-01-13,2026-01-16,ST040,MED023,SUP03,72
PO001894,2026-01-08,2026-01-12,2026-01-12,ST040,MED028,SUP04,48
PO001895,2026-01-09,2026-01-12,2026-01-12,ST001,MED011,SUP03,66
PO001896,2026-01-09,2026-01-14,2026-01-14,ST001,MED013,SUP01,48
PO001897,2026-01-09,2026-01-13,2026-01-13,ST001,MED018,SUP02,48
PO001898,2026-01-09,2026-01-14,2026-01-14,ST001,MED023,SUP03,60
PO001899,2026-01-09,2026-01-14,2026-01-16,ST001,MED024,SUP04,72
PO001900,2026-01-09,2026-01-12,2026-01-12,ST001,MED025,SUP01,36
PO001901,2026-01-09,2026-01-13,2026-01-15,ST001,MED026,SUP02,72
PO001902,2026-01-09,2026-01-14,2026-01-14,ST001,MED029,SUP01,72
PO001903,2026-01-09,2026-01-12,2026-01-15,ST002,MED001,SUP01,72
PO001904,2026-01-09,2026-01-13,2026-01-13,ST002,MED004,SUP04,48
PO001905,2026-01-09,2026-01-12,2026-01-13,ST002,MED010,SUP02,24
PO001906,2026-01-09,2026-01-12,2026-01-12,ST002,MED020,SUP04,48
PO001907,2026-01-09,2026-01-14,2026-01-14,ST002,MED021,SUP01,54
PO001908,2026-01-09,2026-01-12,2026-01-12,ST002,MED023,SUP03,60
PO001909,2026-01-09,2026-01-14,2026-01-14,ST002,MED026,SUP02,72
PO001910,2026-01-09,2026-01-12,2026-01-12,ST003,MED001,SUP01,72
PO001911,2026-01-09,2026-01-13,2026-01-15,ST003,MED002,SUP02,66
PO001912,2026-01-09,2026-01-13,2026-01-13,ST003,MED005,SUP01,72
PO001913,2026-01-09,2026-01-11,2026-01-11,ST003,MED006,SUP02,60
PO001914,2026-01-09,2026-01-14,2026-01-14,ST003,MED015,SUP03,96
PO001915,2026-01-09,2026-01-14,2026-01-15,ST003,MED019,SUP03,24
PO001916,2026-01-09,2026-01-11,2026-01-11,ST003,MED023,SUP03,84
PO001917,2026-01-09,2026-01-12,2026-01-12,ST003,MED024,SUP04,72
PO001918,2026-01-09,2026-01-13,2026-01-13,ST003,MED026,SUP02,72
PO001919,2026-01-09,2026-01-14,2026-01-14,ST003,MED028,SUP04,48
PO001920,2026-01-09,2026-01-11,2026-01-11,ST003,MED030,SUP02,30
PO001921,2026-01-09,2026-01-13,2026-01-13,ST004,MED003,SUP03,24
PO001922,2026-01-09,2026-01-13,2026-01-15,ST004,MED005,SUP01,72
PO001923,2026-01-09,2026-01-13,2026-01-13,ST004,MED009,SUP01,60
PO001924,2026-01-09,2026-01-12,2026-01-12,ST004,MED014,SUP02,48
PO001925,2026-01-09,2026-01-13,2026-01-13,ST004,MED022,SUP02,42
PO001926,2026-01-09,2026-01-13,2026-01-13,ST004,MED028,SUP04,48
PO001927,2026-01-09,2026-01-13,2026-01-13,ST005,MED008,SUP04,24
PO001928,2026-01-09,2026-01-11,2026-01-11,ST005,MED014,SUP02,48
PO001929,2026-01-09,2026-01-11,2026-01-11,ST005,MED022,SUP02,54
PO001930,2026-01-09,2026-01-12,2026-01-12,ST005,MED027,SUP03,84
PO001931,2026-01-09,2026-01-13,2026-01-13,ST006,MED003,SUP03,24
PO001932,2026-01-09,2026-01-13,2026-01-13,ST007,MED005,SUP01,72
PO001933,2026-01-09,2026-01-14,2026-01-14,ST007,MED006,SUP02,60
PO001934,2026-01-09,2026-01-11,2026-01-11,ST007,MED017,SUP01,72
PO001935,2026-01-09,2026-01-11,2026-01-11,ST007,MED020,SUP04,48
PO001936,2026-01-09,2026-01-11,2026-01-12,ST007,MED021,SUP01,54
PO001937,2026-01-09,2026-01-14,2026-01-14,ST007,MED024,SUP04,72
PO001938,2026-01-09,2026-01-12,2026-01-12,ST007,MED025,SUP01,36
PO001939,2026-01-09,2026-01-12,2026-01-12,ST008,MED006,SUP02,60
PO001940,2026-01-09,2026-01-11,2026-01-11,ST008,MED009,SUP01,60
PO001941,2026-01-09,2026-01-11,2026-01-11,ST008,MED011,SUP03,60
PO001942,2026-01-09,2026-01-13,2026-01-13,ST008,MED015,SUP03,72
PO001943,2026-01-09,2026-01-13,2026-01-13,ST008,MED019,SUP03,24
PO001944,2026-01-09,2026-01-13,2026-01-13,ST008,MED020,SUP04,48
PO001945,2026-01-09,2026-01-14,2026-01-14,ST008,MED021,SUP01,54
PO001946,2026-01-09,2026-01-13,2026-01-13,ST008,MED024,SUP04,72
PO001947,2026-01-09,2026-01-11,2026-01-11,ST008,MED026,SUP02,72
PO001948,2026-01-09,2026-01-13,2026-01-13,ST009,MED001,SUP01,72
PO001949,2026-01-09,2026-01-14,2026-01-14,ST009,MED005,SUP01,72
PO001950,2026-01-09,2026-01-12,2026-01-12,ST009,MED015,SUP03,72
PO001951,2026-01-09,2026-01-14,2026-01-16,ST009,MED016,SUP04,48
PO001952,2026-01-09,2026-01-11,2026-01-11,ST009,MED020,SUP04,48
PO001953,2026-01-09,2026-01-12,2026-01-14,ST009,MED024,SUP04,72
PO001954,2026-01-09,2026-01-12,2026-01-12,ST009,MED030,SUP02,30
PO001955,2026-01-09,2026-01-11,2026-01-11,ST010,MED002,SUP02,72
PO001956,2026-01-09,2026-01-13,2026-01-13,ST010,MED004,SUP04,48
PO001957,2026-01-09,2026-01-13,2026-01-13,ST010,MED015,SUP03,72
PO001958,2026-01-09,2026-01-13,2026-01-13,ST010,MED024,SUP04,72
PO001959,2026-01-09,2026-01-12,2026-01-12,ST010,MED030,SUP02,36
PO001960,2026-01-09,2026-01-12,2026-01-12,ST011,MED008,SUP04,24
PO001961,2026-01-09,2026-01-11,2026-01-11,ST011,MED010,SUP02,24
PO001962,2026-01-09,2026-01-11,2026-01-11,ST011,MED014,SUP02,48
PO001963,2026-01-09,2026-01-11,2026-01-11,ST011,MED015,SUP03,72
PO001964,2026-01-09,2026-01-12,2026-01-13,ST011,MED017,SUP01,60
PO001965,2026-01-09,2026-01-12,2026-01-12,ST011,MED018,SUP02,48
PO001966,2026-01-09,2026-01-11,2026-01-11,ST011,MED019,SUP03,24
PO001967,2026-01-09,2026-01-11,2026-01-12,ST011,MED020,SUP04,48
PO001968,2026-01-09,2026-01-12,2026-01-12,ST011,MED027,SUP03,84
PO001969,2026-01-09,2026-01-12,2026-01-12,ST011,MED030,SUP02,36
PO001970,2026-01-09,2026-01-11,2026-01-11,ST012,MED005,SUP01,60
PO001971,2026-01-09,2026-01-14,2026-01-14,ST012,MED007,SUP03,24
PO001972,2026-01-09,2026-01-12,2026-01-12,ST012,MED009,SUP01,60
PO001973,2026-01-09,2026-01-13,2026-01-13,ST012,MED014,SUP02,48
PO001974,2026-01-09,2026-01-12,2026-01-12,ST012,MED019,SUP03,24
PO001975,2026-01-09,2026-01-12,2026-01-12,ST012,MED027,SUP03,84
PO001976,2026-01-09,2026-01-14,2026-01-14,ST013,MED002,SUP02,60
PO001977,2026-01-09,2026-01-11,2026-01-11,ST013,MED007,SUP03,24
PO001978,2026-01-09,2026-01-11,2026-01-11,ST013,MED017,SUP01,72
PO001979,2026-01-09,2026-01-12,2026-01-12,ST013,MED023,SUP03,72
PO001980,2026-01-09,2026-01-13,2026-01-13,ST014,MED002,SUP02,60
PO001981,2026-01-09,2026-01-12,2026-01-12,ST014,MED010,SUP02,24
PO001982,2026-01-09,2026-01-14,2026-01-14,ST014,MED011,SUP03,60
PO001983,2026-01-09,2026-01-11,2026-01-14,ST014,MED021,SUP01,54
PO001984,2026-01-09,2026-01-11,2026-01-11,ST014,MED023,SUP03,60
PO001985,2026-01-09,2026-01-14,2026-01-14,ST014,MED025,SUP01,36
PO001986,2026-01-09,2026-01-14,2026-01-14,ST014,MED026,SUP02,72
PO001987,2026-01-09,2026-01-13,2026-01-13,ST014,MED029,SUP01,72
PO001988,2026-01-09,2026-01-14,2026-01-14,ST015,MED005,SUP01,72
PO001989,2026-01-09,2026-01-14,2026-01-14,ST015,MED009,SUP01,60
PO001990,2026-01-09,2026-01-13,2026-01-13,ST015,MED013,SUP01,48
PO001991,2026-01-09,2026-01-13,2026-01-13,ST015,MED020,SUP04,48
PO001992,2026-01-09,2026-01-12,2026-01-15,ST015,MED024,SUP04,72
PO001993,2026-01-09,2026-01-11,2026-01-11,ST015,MED026,SUP02,72
PO001994,2026-01-09,2026-01-13,2026-01-13,ST016,MED001,SUP01,72
PO001995,2026-01-09,2026-01-14,2026-01-14,ST016,MED005,SUP01,72
PO001996,2026-01-09,2026-01-14,2026-01-14,ST016,MED006,SUP02,60
PO001997,2026-01-09,2026-01-14,2026-01-14,ST016,MED009,SUP01,60
PO001998,2026-01-09,2026-01-11,2026-01-11,ST016,MED011,SUP03,66
PO001999,2026-01-09,2026-01-11,2026-01-12,ST016,MED015,SUP03,72
PO002000,2026-01-09,2026-01-14,2026-01-14,ST016,MED022,SUP02,42
PO002001,2026-01-09,2026-01-13,2026-01-13,ST016,MED024,SUP04,72
PO002002,2026-01-09,2026-01-12,2026-01-12,ST016,MED028,SUP04,48
PO002003,2026-01-09,2026-01-12,2026-01-12,ST017,MED005,SUP01,60
PO002004,2026-01-09,2026-01-12,2026-01-12,ST017,MED010,SUP02,24
PO002005,2026-01-09,2026-01-13,2026-01-13,ST017,MED018,SUP02,48
PO002006,2026-01-09,2026-01-11,2026-01-12,ST017,MED020,SUP04,48
PO002007,2026-01-09,2026-01-13,2026-01-13,ST017,MED021,SUP01,60
PO002008,2026-01-09,2026-01-14,2026-01-14,ST017,MED023,SUP03,60
PO002009,2026-01-09,2026-01-14,2026-01-17,ST017,MED026,SUP02,72
PO002010,2026-01-09,2026-01-11,2026-01-11,ST017,MED029,SUP01,72
PO002011,2026-01-09,2026-01-13,2026-01-13,ST017,MED030,SUP02,30
PO002012,2026-01-09,2026-01-14,2026-01-14,ST018,MED014,SUP02,48
PO002013,2026-01-09,2026-01-12,2026-01-12,ST018,MED018,SUP02,48
PO002014,2026-01-09,2026-01-11,2026-01-11,ST018,MED022,SUP02,42
PO002015,2026-01-09,2026-01-12,2026-01-12,ST019,MED002,SUP02,60
PO002016,2026-01-09,2026-01-13,2026-01-16,ST019,MED005,SUP01,60
PO002017,2026-01-09,2026-01-12,2026-01-12,ST020,MED005,SUP01,72
PO002018,2026-01-09,2026-01-13,2026-01-13,ST020,MED011,SUP03,72
PO002019,2026-01-09,2026-01-12,2026-01-12,ST020,MED021,SUP01,66
PO002020,2026-01-09,2026-01-13,2026-01-13,ST020,MED022,SUP02,42
PO002021,2026-01-09,2026-01-11,2026-01-11,ST020,MED023,SUP03,72
PO002022,2026-01-09,2026-01-13,2026-01-13,ST020,MED030,SUP02,30
PO002023,2026-01-09,2026-01-14,2026-01-14,ST021,MED002,SUP02,66
PO002024,2026-01-09,2026-01-14,2026-01-14,ST021,MED007,SUP03,24
PO002025,2026-01-09,2026-01-14,2026-01-14,ST021,MED011,SUP03,66
PO002026,2026-01-09,2026-01-12,2026-01-12,ST021,MED012,SUP04,60
PO002027,2026-01-09,2026-01-11,2026-01-11,ST021,MED015,SUP03,72
PO002028,2026-01-09,2026-01-12,2026-01-14,ST021,MED021,SUP01,60
PO002029,2026-01-09,2026-01-11,2026-01-11,ST021,MED023,SUP03,60
PO002030,2026-01-09,2026-01-14,2026-01-14,ST021,MED024,SUP04,72
PO002031,2026-01-09,2026-01-13,2026-01-13,ST022,MED006,SUP02,60
PO002032,2026-01-09,2026-01-14,2026-01-14,ST022,MED009,SUP01,60
PO002033,2026-01-09,2026-01-14,2026-01-14,ST022,MED013,SUP01,36
PO002034,2026-01-09,2026-01-14,2026-01-17,ST022,MED025,SUP01,36
PO002035,2026-01-09,2026-01-14,2026-01-14,ST022,MED027,SUP03,84
PO002036,2026-01-09,2026-01-12,2026-01-14,ST023,MED006,SUP02,60
PO002037,2026-01-09,2026-01-12,2026-01-14,ST023,MED009,SUP01,60
PO002038,2026-01-09,2026-01-12,2026-01-14,ST023,MED013,SUP01,48
PO002039,2026-01-09,2026-01-13,2026-01-13,ST023,MED015,SUP03,72
PO002040,2026-01-09,2026-01-14,2026-01-14,ST023,MED023,SUP03,60
PO002041,2026-01-09,2026-01-14,2026-01-14,ST023,MED025,SUP01,36
PO002042,2026-01-09,2026-01-13,2026-01-13,ST023,MED026,SUP02,72
PO002043,2026-01-09,2026-01-11,2026-01-11,ST023,MED030,SUP02,30
PO002044,2026-01-09,2026-01-13,2026-01-13,ST024,MED017,SUP01,72
PO002045,2026-01-09,2026-01-13,2026-01-13,ST024,MED024,SUP04,72
PO002046,2026-01-09,2026-01-14,2026-01-14,ST024,MED026,SUP02,72
PO002047,2026-01-09,2026-01-14,2026-01-14,ST024,MED027,SUP03,72
PO002048,2026-01-09,2026-01-11,2026-01-11,ST025,MED003,SUP03,24
PO002049,2026-01-09,2026-01-14,2026-01-14,ST025,MED011,SUP03,60
PO002050,2026-01-09,2026-01-13,2026-01-13,ST025,MED019,SUP03,24
PO002051,2026-01-09,2026-01-13,2026-01-15,ST025,MED020,SUP04,48
PO002052,2026-01-09,2026-01-12,2026-01-12,ST025,MED030,SUP02,30
PO002053,2026-01-09,2026-01-11,2026-01-11,ST026,MED002,SUP02,60
PO002054,2026-01-09,2026-01-14,2026-01-14,ST026,MED010,SUP02,24
PO002055,2026-01-09,2026-01-14,2026-01-14,ST026,MED014,SUP02,48
PO002056,2026-01-09,2026-01-14,2026-01-14,ST026,MED017,SUP01,60
PO002057,2026-01-09,2026-01-13,2026-01-13,ST026,MED018,SUP02,48
PO002058,2026-01-09,2026-01-13,2026-01-13,ST026,MED029,SUP01,72
PO002059,2026-01-09,2026-01-14,2026-01-14,ST027,MED002,SUP02,66
PO002060,2026-01-09,2026-01-14,2026-01-14,ST027,MED010,SUP02,24
PO002061,2026-01-09,2026-01-12,2026-01-12,ST027,MED014,SUP02,48
PO002062,2026-01-09,2026-01-11,2026-01-12,ST027,MED027,SUP03,72
PO002063,2026-01-09,2026-01-11,2026-01-14,ST028,MED005,SUP01,60
PO002064,2026-01-09,2026-01-12,2026-01-13,ST028,MED013,SUP01,36
PO002065,2026-01-09,2026-01-11,2026-01-11,ST028,MED015,SUP03,72
PO002066,2026-01-09,2026-01-11,2026-01-13,ST028,MED017,SUP01,72
PO002067,2026-01-09,2026-01-13,2026-01-13,ST029,MED001,SUP01,72
PO002068,2026-01-09,2026-01-11,2026-01-11,ST029,MED003,SUP03,24
PO002069,2026-01-09,2026-01-14,2026-01-14,ST029,MED005,SUP01,60
PO002070,2026-01-09,2026-01-14,2026-01-14,ST029,MED006,SUP02,60
PO002071,2026-01-09,2026-01-14,2026-01-14,ST029,MED011,SUP03,60
PO002072,2026-01-09,2026-01-11,2026-01-11,ST029,MED021,SUP01,60
PO002073,2026-01-09,2026-01-11,2026-01-11,ST029,MED023,SUP03,60
PO002074,2026-01-09,2026-01-14,2026-01-14,ST029,MED026,SUP02,72
PO002075,2026-01-09,2026-01-11,2026-01-11,ST030,MED013,SUP01,48
PO002076,2026-01-09,2026-01-11,2026-01-11,ST030,MED016,SUP04,48
PO002077,2026-01-09,2026-01-11,2026-01-12,ST030,MED026,SUP02,72
PO002078,2026-01-09,2026-01-13,2026-01-13,ST030,MED029,SUP01,48
PO002079,2026-01-09,2026-01-13,2026-01-13,ST031,MED008,SUP04,24
PO002080,2026-01-09,2026-01-13,2026-01-15,ST031,MED009,SUP01,60
PO002081,2026-01-09,2026-01-12,2026-01-12,ST031,MED013,SUP01,48
PO002082,2026-01-09,2026-01-11,2026-01-11,ST031,MED022,SUP02,42
PO002083,2026-01-09,2026-01-12,2026-01-12,ST031,MED023,SUP03,72
PO002084,2026-01-09,2026-01-14,2026-01-17,ST031,MED026,SUP02,72
PO002085,2026-01-09,2026-01-11,2026-01-11,ST031,MED029,SUP01,72
PO002086,2026-01-09,2026-01-14,2026-01-16,ST031,MED030,SUP02,36
PO002087,2026-01-09,2026-01-12,2026-01-12,ST032,MED001,SUP01,72
PO002088,2026-01-09,2026-01-13,2026-01-13,ST032,MED028,SUP04,48
PO002089,2026-01-09,2026-01-13,2026-01-13,ST033,MED002,SUP02,60
PO002090,2026-01-09,2026-01-11,2026-01-12,ST033,MED005,SUP01,72
PO002091,2026-01-09,2026-01-13,2026-01-13,ST033,MED008,SUP04,24
PO002092,2026-01-09,2026-01-14,2026-01-14,ST033,MED012,SUP04,72
PO002093,2026-01-09,2026-01-14,2026-01-14,ST033,MED017,SUP01,60
PO002094,2026-01-09,2026-01-14,2026-01-14,ST033,MED026,SUP02,72
PO002095,2026-01-09,2026-01-12,2026-01-12,ST033,MED028,SUP04,48
PO002096,2026-01-09,2026-01-12,2026-01-12,ST034,MED007,SUP03,24
PO002097,2026-01-09,2026-01-11,2026-01-11,ST034,MED008,SUP04,24
PO002098,2026-01-09,2026-01-12,2026-01-12,ST034,MED016,SUP04,48
PO002099,2026-01-09,2026-01-13,2026-01-13,ST034,MED027,SUP03,72
PO002100,2026-01-09,2026-01-14,2026-01-14,ST034,MED029,SUP01,72
PO002101,2026-01-09,2026-01-11,2026-01-11,ST035,MED007,SUP03,24
PO002102,2026-01-09,2026-01-13,2026-01-14,ST035,MED009,SUP01,60
PO002103,2026-01-09,2026-01-14,2026-01-14,ST035,MED012,SUP04,60
PO002104,2026-01-09,2026-01-11,2026-01-11,ST035,MED015,SUP03,72
PO002105,2026-01-09,2026-01-14,2026-01-14,ST035,MED021,SUP01,54
PO002106,2026-01-09,2026-01-13,2026-01-13,ST035,MED024,SUP04,72
PO002107,2026-01-09,2026-01-11,2026-01-11,ST035,MED025,SUP01,36
PO002108,2026-01-09,2026-01-12,2026-01-12,ST036,MED001,SUP01,72
PO002109,2026-01-09,2026-01-12,2026-01-12,ST036,MED008,SUP04,24
PO002110,2026-01-09,2026-01-11,2026-01-11,ST036,MED009,SUP01,60
PO002111,2026-01-09,2026-01-13,2026-01-13,ST036,MED010,SUP02,24
PO002112,2026-01-09,2026-01-13,2026-01-14,ST036,MED024,SUP04,72
PO002113,2026-01-09,2026-01-11,2026-01-11,ST036,MED025,SUP01,36
PO002114,2026-01-09,2026-01-11,2026-01-11,ST037,MED003,SUP03,24
PO002115,2026-01-09,2026-01-13,2026-01-13,ST037,MED005,SUP01,72
PO002116,2026-01-09,2026-01-11,2026-01-11,ST037,MED013,SUP01,48
PO002117,2026-01-09,2026-01-12,2026-01-12,ST037,MED015,SUP03,72
PO002118,2026-01-09,2026-01-11,2026-01-11,ST037,MED017,SUP01,72
PO002119,2026-01-09,2026-01-14,2026-01-14,ST037,MED026,SUP02,72
PO002120,2026-01-09,2026-01-13,2026-01-13,ST038,MED015,SUP03,72
PO002121,2026-01-09,2026-01-12,2026-01-15,ST038,MED017,SUP01,60
PO002122,2026-01-09,2026-01-11,2026-01-13,ST038,MED018,SUP02,48
PO002123,2026-01-09,2026-01-11,2026-01-11,ST038,MED023,SUP03,60
PO002124,2026-01-09,2026-01-11,2026-01-11,ST038,MED026,SUP02,72
PO002125,2026-01-09,2026-01-13,2026-01-14,ST038,MED028,SUP04,48
PO002126,2026-01-09,2026-01-11,2026-01-11,ST039,MED001,SUP01,72
PO002127,2026-01-09,2026-01-12,2026-01-12,ST039,MED002,SUP02,72
PO002128,2026-01-09,2026-01-11,2026-01-11,ST039,MED004,SUP04,60
PO002129,2026-01-09,2026-01-11,2026-01-11,ST039,MED011,SUP03,66
PO002130,2026-01-09,2026-01-13,2026-01-15,ST039,MED012,SUP04,60
PO002131,2026-01-09,2026-01-12,2026-01-12,ST039,MED016,SUP04,48
PO002132,2026-01-09,2026-01-11,2026-01-11,ST039,MED018,SUP02,48
PO002133,2026-01-09,2026-01-11,2026-01-11,ST039,MED019,SUP03,24
PO002134,2026-01-09,2026-01-11,2026-01-11,ST039,MED024,SUP04,72
PO002135,2026-01-09,2026-01-13,2026-01-16,ST039,MED026,SUP02,72
PO002136,2026-01-09,2026-01-12,2026-01-12,ST040,MED003,SUP03,24
PO002137,2026-01-09,2026-01-12,2026-01-12,ST040,MED008,SUP04,24
PO002138,2026-01-09,2026-01-12,2026-01-12,ST040,MED013,SUP01,36
PO002139,2026-01-09,2026-01-13,2026-01-13,ST040,MED026,SUP02,72
PO002140,2026-01-10,2026-01-15,2026-01-15,ST001,MED001,SUP01,72
PO002141,2026-01-10,2026-01-12,2026-01-12,ST001,MED003,SUP03,24
PO002142,2026-01-10,2026-01-12,2026-01-12,ST001,MED007,SUP03,24
PO002143,2026-01-10,2026-01-14,2026-01-14,ST001,MED009,SUP01,60
PO002144,2026-01-10,2026-01-15,2026-01-15,ST001,MED016,SUP04,48
PO002145,2026-01-10,2026-01-13,2026-01-13,ST001,MED020,SUP04,48
PO002146,2026-01-10,2026-01-13,2026-01-13,ST001,MED028,SUP04,48
PO002147,2026-01-10,2026-01-12,2026-01-12,ST002,MED005,SUP01,72
PO002148,2026-01-10,2026-01-13,2026-01-13,ST002,MED017,SUP01,60
PO002149,2026-01-10,2026-01-14,2026-01-14,ST002,MED019,SUP03,24
PO002150,2026-01-10,2026-01-13,2026-01-14,ST003,MED003,SUP03,24
PO002151,2026-01-10,2026-01-13,2026-01-13,ST003,MED012,SUP04,60
PO002152,2026-01-10,2026-01-12,2026-01-12,ST003,MED029,SUP01,72
PO002153,2026-01-10,2026-01-12,2026-01-12,ST004,MED020,SUP04,48
PO002154,2026-01-10,2026-01-12,2026-01-12,ST004,MED030,SUP02,36
PO002155,2026-01-10,2026-01-13,2026-01-13,ST005,MED007,SUP03,24
PO002156,2026-01-10,2026-01-14,2026-01-14,ST005,MED017,SUP01,72
PO002157,2026-01-10,2026-01-13,2026-01-13,ST006,MED002,SUP02,72
PO002158,2026-01-10,2026-01-12,2026-01-12,ST006,MED004,SUP04,48
PO002159,2026-01-10,2026-01-14,2026-01-14,ST006,MED020,SUP04,48
PO002160,2026-01-10,2026-01-13,2026-01-16,ST006,MED021,SUP01,54
PO002161,2026-01-10,2026-01-13,2026-01-13,ST007,MED004,SUP04,48
PO002162,2026-01-10,2026-01-14,2026-01-14,ST007,MED007,SUP03,24
PO002163,2026-01-10,2026-01-15,2026-01-15,ST007,MED009,SUP01,60
PO002164,2026-01-10,2026-01-15,2026-01-15,ST007,MED011,SUP03,78
PO002165,2026-01-10,2026-01-14,2026-01-14,ST007,MED015,SUP03,72
PO002166,2026-01-10,2026-01-14,2026-01-17,ST007,MED019,SUP03,24
PO002167,2026-01-10,2026-01-12,2026-01-12,ST007,MED026,SUP02,72
PO002168,2026-01-10,2026-01-15,2026-01-15,ST007,MED027,SUP03,72
PO002169,2026-01-10,2026-01-14,2026-01-14,ST008,MED001,SUP01,72
PO002170,2026-01-10,2026-01-12,2026-01-12,ST008,MED004,SUP04,48
PO002171,2026-01-10,2026-01-13,2026-01-13,ST008,MED013,SUP01,48
PO002172,2026-01-10,2026-01-13,2026-01-13,ST008,MED030,SUP02,36
PO002173,2026-01-10,2026-01-14,2026-01-14,ST009,MED018,SUP02,48
PO002174,2026-01-10,2026-01-14,2026-01-14,ST009,MED022,SUP02,42
PO002175,2026-01-10,2026-01-13,2026-01-13,ST009,MED026,SUP02,72
PO002176,2026-01-10,2026-01-12,2026-01-12,ST010,MED007,SUP03,24
PO002177,2026-01-10,2026-01-13,2026-01-13,ST010,MED008,SUP04,24
PO002178,2026-01-10,2026-01-13,2026-01-15,ST010,MED016,SUP04,48
PO002179,2026-01-10,2026-01-15,2026-01-17,ST010,MED018,SUP02,48
PO002180,2026-01-10,2026-01-15,2026-01-15,ST010,MED019,SUP03,24
PO002181,2026-01-10,2026-01-12,2026-01-12,ST010,MED023,SUP03,72
PO002182,2026-01-10,2026-01-15,2026-01-15,ST010,MED027,SUP03,72
PO002183,2026-01-10,2026-01-14,2026-01-15,ST010,MED029,SUP01,72
PO002184,2026-01-10,2026-01-15,2026-01-15,ST011,MED009,SUP01,72
PO002185,2026-01-10,2026-01-12,2026-01-12,ST011,MED022,SUP02,42
PO002186,2026-01-10,2026-01-15,2026-01-15,ST012,MED003,SUP03,24
PO002187,2026-01-10,2026-01-13,2026-01-13,ST012,MED011,SUP03,60
PO002188,2026-01-10,2026-01-15,2026-01-15,ST012,MED017,SUP01,72
PO002189,2026-01-10,2026-01-15,2026-01-15,ST012,MED022,SUP02,54
PO002190,2026-01-10,2026-01-12,2026-01-12,ST012,MED023,SUP03,60
PO002191,2026-01-10,2026-01-13,2026-01-13,ST013,MED005,SUP01,72
PO002192,2026-01-10,2026-01-15,2026-01-15,ST013,MED008,SUP04,24
PO002193,2026-01-10,2026-01-12,2026-01-12,ST013,MED011,SUP03,66
PO002194,2026-01-10,2026-01-12,2026-01-12,ST013,MED014,SUP02,48
PO002195,2026-01-10,2026-01-14,2026-01-14,ST013,MED015,SUP03,96
PO002196,2026-01-10,2026-01-12,2026-01-12,ST013,MED018,SUP02,48
PO002197,2026-01-10,2026-01-13,2026-01-13,ST014,MED001,SUP01,72
PO002198,2026-01-10,2026-01-14,2026-01-14,ST014,MED004,SUP04,48
PO002199,2026-01-10,2026-01-15,2026-01-17,ST014,MED005,SUP01,72
PO002200,2026-01-10,2026-01-14,2026-01-14,ST014,MED006,SUP02,60
PO002201,2026-01-10,2026-01-13,2026-01-13,ST014,MED009,SUP01,60
PO002202,2026-01-10,2026-01-13,2026-01-13,ST014,MED015,SUP03,96
PO002203,2026-01-10,2026-01-14,2026-01-17,ST014,MED024,SUP04,72
PO002204,2026-01-10,2026-01-14,2026-01-14,ST014,MED030,SUP02,30
PO002205,2026-01-10,2026-01-15,2026-01-15,ST015,MED001,SUP01,72
PO002206,2026-01-10,2026-01-12,2026-01-12,ST015,MED003,SUP03,24
PO002207,2026-01-10,2026-01-14,2026-01-14,ST015,MED004,SUP04,48
PO002208,2026-01-10,2026-01-12,2026-01-12,ST015,MED011,SUP03,66
PO002209,2026-01-10,2026-01-14,2026-01-14,ST015,MED015,SUP03,72
PO002210,2026-01-10,2026-01-12,2026-01-12,ST015,MED016,SUP04,48
PO002211,2026-01-10,2026-01-12,2026-01-12,ST015,MED017,SUP01,60
PO002212,2026-01-10,2026-01-15,2026-01-15,ST015,MED025,SUP01,36
PO002213,2026-01-10,2026-01-13,2026-01-13,ST015,MED029,SUP01,72
PO002214,2026-01-10,2026-01-14,2026-01-14,ST016,MED002,SUP02,66
PO002215,2026-01-10,2026-01-12,2026-01-12,ST016,MED018,SUP02,48
PO002216,2026-01-10,2026-01-15,2026-01-15,ST017,MED006,SUP02,72
PO002217,2026-01-10,2026-01-15,2026-01-17,ST017,MED017,SUP01,60
PO002218,2026-01-10,2026-01-14,2026-01-15,ST017,MED022,SUP02,42
PO002219,2026-01-10,2026-01-12,2026-01-12,ST018,MED019,SUP03,24
PO002220,2026-01-10,2026-01-13,2026-01-13,ST018,MED029,SUP01,72
PO002221,2026-01-10,2026-01-13,2026-01-13,ST019,MED003,SUP03,24
PO002222,2026-01-10,2026-01-15,2026-01-17,ST019,MED012,SUP04,60
PO002223,2026-01-10,2026-01-14,2026-01-14,ST019,MED017,SUP01,72
PO002224,2026-01-10,2026-01-12,2026-01-12,ST019,MED022,SUP02,48
PO002225,2026-01-10,2026-01-15,2026-01-15,ST019,MED025,SUP01,36
PO002226,2026-01-10,2026-01-15,2026-01-15,ST020,MED006,SUP02,60
PO002227,2026-01-10,2026-01-13,2026-01-13,ST020,MED010,SUP02,24
PO002228,2026-01-10,2026-01-14,2026-01-14,ST020,MED012,SUP04,72
PO002229,2026-01-10,2026-01-14,2026-01-14,ST020,MED024,SUP04,72
PO002230,2026-01-10,2026-01-12,2026-01-12,ST020,MED027,SUP03,72
PO002231,2026-01-10,2026-01-13,2026-01-13,ST021,MED004,SUP04,48
PO002232,2026-01-10,2026-01-13,2026-01-14,ST021,MED005,SUP01,72
PO002233,2026-01-10,2026-01-13,2026-01-14,ST021,MED006,SUP02,60
PO002234,2026-01-10,2026-01-13,2026-01-13,ST021,MED010,SUP02,24
PO002235,2026-01-10,2026-01-12,2026-01-12,ST021,MED025,SUP01,36
PO002236,2026-01-10,2026-01-12,2026-01-12,ST022,MED001,SUP01,72
PO002237,2026-01-10,2026-01-14,2026-01-14,ST022,MED007,SUP03,24
PO002238,2026-01-10,2026-01-14,2026-01-14,ST022,MED016,SUP04,48
PO002239,2026-01-10,2026-01-13,2026-01-13,ST022,MED019,SUP03,24
PO002240,2026-01-10,2026-01-15,2026-01-15,ST022,MED020,SUP04,48
PO002241,2026-01-10,2026-01-14,2026-01-14,ST022,MED028,SUP04,48
PO002242,2026-01-10,2026-01-14,2026-01-17,ST023,MED001,SUP01,72
PO002243,2026-01-10,2026-01-15,2026-01-15,ST023,MED012,SUP04,60
PO002244,2026-01-10,2026-01-12,2026-01-12,ST023,MED014,SUP02,48
PO002245,2026-01-10,2026-01-14,2026-01-14,ST023,MED017,SUP01,60
PO002246,2026-01-10,2026-01-15,2026-01-15,ST024,MED002,SUP02,66
PO002247,2026-01-10,2026-01-14,2026-01-14,ST024,MED005,SUP01,60
PO002248,2026-01-10,2026-01-12,2026-01-12,ST024,MED014,SUP02,48
PO002249,2026-01-10,2026-01-13,2026-01-13,ST024,MED018,SUP02,48
PO002250,2026-01-10,2026-01-12,2026-01-12,ST024,MED019,SUP03,24
PO002251,2026-01-10,2026-01-14,2026-01-14,ST024,MED021,SUP01,66
PO002252,2026-01-10,2026-01-14,2026-01-14,ST024,MED029,SUP01,48
PO002253,2026-01-10,2026-01-15,2026-01-15,ST025,MED022,SUP02,42
PO002254,2026-01-10,2026-01-15,2026-01-18,ST026,MED004,SUP04,48
PO002255,2026-01-10,2026-01-12,2026-01-12,ST026,MED022,SUP02,36
PO002256,2026-01-10,2026-01-12,2026-01-12,ST026,MED024,SUP04,72
PO002257,2026-01-10,2026-01-14,2026-01-14,ST027,MED003,SUP03,24
PO002258,2026-01-10,2026-01-14,2026-01-14,ST027,MED017,SUP01,60
PO002259,2026-01-10,2026-01-15,2026-01-15,ST027,MED019,SUP03,24
PO002260,2026-01-10,2026-01-15,2026-01-18,ST027,MED021,SUP01,60
PO002261,2026-01-10,2026-01-12,2026-01-12,ST027,MED023,SUP03,60
PO002262,2026-01-10,2026-01-12,2026-01-12,ST028,MED003,SUP03,24
PO002263,2026-01-10,2026-01-15,2026-01-15,ST028,MED004,SUP04,48
PO002264,2026-01-10,2026-01-13,2026-01-13,ST028,MED006,SUP02,60
PO002265,2026-01-10,2026-01-15,2026-01-18,ST028,MED007,SUP03,24
PO002266,2026-01-10,2026-01-14,2026-01-14,ST028,MED008,SUP04,24
PO002267,2026-01-10,2026-01-15,2026-01-15,ST028,MED009,SUP01,60
PO002268,2026-01-10,2026-01-12,2026-01-12,ST028,MED011,SUP03,66
PO002269,2026-01-10,2026-01-15,2026-01-15,ST028,MED020,SUP04,48
PO002270,2026-01-10,2026-01-13,2026-01-14,ST028,MED021,SUP01,60
PO002271,2026-01-10,2026-01-12,2026-01-12,ST028,MED025,SUP01,36
PO002272,2026-01-10,2026-01-14,2026-01-14,ST028,MED027,SUP03,84
PO002273,2026-01-10,2026-01-15,2026-01-15,ST028,MED029,SUP01,72
PO002274,2026-01-10,2026-01-13,2026-01-16,ST029,MED004,SUP04,48
PO002275,2026-01-10,2026-01-13,2026-01-14,ST029,MED013,SUP01,48
PO002276,2026-01-10,2026-01-14,2026-01-14,ST029,MED018,SUP02,48
PO002277,2026-01-10,2026-01-14,2026-01-14,ST029,MED020,SUP04,48
PO002278,2026-01-10,2026-01-13,2026-01-13,ST029,MED025,SUP01,36
PO002279,2026-01-10,2026-01-15,2026-01-15,ST029,MED028,SUP04,48
PO002280,2026-01-10,2026-01-14,2026-01-14,ST029,MED030,SUP02,30
PO002281,2026-01-10,2026-01-15,2026-01-15,ST030,MED002,SUP02,78
PO002282,2026-01-10,2026-01-13,2026-01-13,ST030,MED004,SUP04,48
PO002283,2026-01-10,2026-01-13,2026-01-15,ST030,MED007,SUP03,24
PO002284,2026-01-10,2026-01-14,2026-01-14,ST030,MED010,SUP02,24
PO002285,2026-01-10,2026-01-12,2026-01-12,ST030,MED020,SUP04,48
PO002286,2026-01-10,2026-01-14,2026-01-17,ST031,MED003,SUP03,24
PO002287,2026-01-10,2026-01-15,2026-01-15,ST031,MED004,SUP04,48
PO002288,2026-01-10,2026-01-13,2026-01-13,ST031,MED017,SUP01,60
PO002289,2026-01-10,2026-01-14,2026-01-14,ST031,MED021,SUP01,54
PO002290,2026-01-10,2026-01-15,2026-01-15,ST032,MED002,SUP02,60
PO002291,2026-01-10,2026-01-14,2026-01-14,ST032,MED007,SUP03,24
PO002292,2026-01-10,2026-01-12,2026-01-12,ST032,MED014,SUP02,48
PO002293,2026-01-10,2026-01-15,2026-01-15,ST032,MED026,SUP02,72
PO002294,2026-01-10,2026-01-14,2026-01-14,ST034,MED003,SUP03,24
PO002295,2026-01-10,2026-01-15,2026-01-15,ST034,MED005,SUP01,72
PO002296,2026-01-10,2026-01-13,2026-01-13,ST034,MED012,SUP04,60
PO002297,2026-01-10,2026-01-14,2026-01-16,ST034,MED014,SUP02,48
PO002298,2026-01-10,2026-01-14,2026-01-14,ST034,MED015,SUP03,72
PO002299,2026-01-10,2026-01-15,2026-01-18,ST034,MED025,SUP01,48
PO002300,2026-01-10,2026-01-14,2026-01-14,ST034,MED030,SUP02,36
PO002301,2026-01-10,2026-01-15,2026-01-15,ST035,MED002,SUP02,66
PO002302,2026-01-10,2026-01-12,2026-01-12,ST035,MED004,SUP04,48
PO002303,2026-01-10,2026-01-12,2026-01-12,ST035,MED005,SUP01,72
PO002304,2026-01-10,2026-01-14,2026-01-14,ST035,MED008,SUP04,24
PO002305,2026-01-10,2026-01-12,2026-01-14,ST035,MED022,SUP02,42
PO002306,2026-01-10,2026-01-14,2026-01-17,ST035,MED023,SUP03,60
PO002307,2026-01-10,2026-01-14,2026-01-14,ST035,MED028,SUP04,48
PO002308,2026-01-10,2026-01-13,2026-01-13,ST036,MED006,SUP02,60
PO002309,2026-01-10,2026-01-14,2026-01-17,ST036,MED007,SUP03,24
PO002310,2026-01-10,2026-01-13,2026-01-13,ST036,MED015,SUP03,72
PO002311,2026-01-10,2026-01-14,2026-01-14,ST036,MED016,SUP04,48
PO002312,2026-01-10,2026-01-13,2026-01-13,ST036,MED018,SUP02,48
PO002313,2026-01-10,2026-01-12,2026-01-12,ST036,MED020,SUP04,48
PO002314,2026-01-10,2026-01-15,2026-01-15,ST037,MED002,SUP02,60
PO002315,2026-01-10,2026-01-15,2026-01-15,ST037,MED025,SUP01,36
PO002316,2026-01-10,2026-01-12,2026-01-12,ST038,MED014,SUP02,48
PO002317,2026-01-10,2026-01-15,2026-01-15,ST038,MED022,SUP02,48
PO002318,2026-01-10,2026-01-15,2026-01-15,ST039,MED008,SUP04,24
PO002319,2026-01-10,2026-01-12,2026-01-12,ST039,MED010,SUP02,24
PO002320,2026-01-10,2026-01-14,2026-01-17,ST039,MED014,SUP02,48
PO002321,2026-01-10,2026-01-12,2026-01-12,ST039,MED015,SUP03,72
PO002322,2026-01-10,2026-01-13,2026-01-13,ST039,MED017,SUP01,72
PO002323,2026-01-10,2026-01-13,2026-01-14,ST039,MED025,SUP01,36
PO002324,2026-01-10,2026-01-15,2026-01-15,ST040,MED010,SUP02,24
PO002325,2026-01-10,2026-01-14,2026-01-14,ST040,MED014,SUP02,48
PO002326,2026-01-10,2026-01-15,2026-01-15,ST040,MED017,SUP01,72
PO002327,2026-01-10,2026-01-14,2026-01-14,ST040,MED019,SUP03,24
PO002328,2026-01-10,2026-01-12,2026-01-12,ST040,MED029,SUP01,72
PO002329,2026-01-11,2026-01-15,2026-01-15,ST001,MED015,SUP03,72
PO002330,2026-01-11,2026-01-16,2026-01-16,ST001,MED030,SUP02,30
PO002331,2026-01-11,2026-01-15,2026-01-15,ST002,MED002,SUP02,72
PO002332,2026-01-11,2026-01-16,2026-01-16,ST002,MED016,SUP04,48
PO002333,2026-01-11,2026-01-16,2026-01-16,ST002,MED027,SUP03,72
PO002334,2026-01-11,2026-01-16,2026-01-16,ST002,MED028,SUP04,48
PO002335,2026-01-11,2026-01-13,2026-01-13,ST003,MED004,SUP04,48
PO002336,2026-01-11,2026-01-15,2026-01-15,ST003,MED014,SUP02,48
PO002337,2026-01-11,2026-01-14,2026-01-17,ST003,MED016,SUP04,48
PO002338,2026-01-11,2026-01-16,2026-01-16,ST003,MED027,SUP03,72
PO002339,2026-01-11,2026-01-16,2026-01-16,ST004,MED007,SUP03,24
PO002340,2026-01-11,2026-01-13,2026-01-13,ST004,MED011,SUP03,60
PO002341,2026-01-11,2026-01-13,2026-01-13,ST004,MED012,SUP04,72
PO002342,2026-01-11,2026-01-15,2026-01-15,ST004,MED027,SUP03,72
PO002343,2026-01-11,2026-01-15,2026-01-15,ST005,MED015,SUP03,72
PO002344,2026-01-11,2026-01-14,2026-01-16,ST005,MED016,SUP04,48
PO002345,2026-01-11,2026-01-15,2026-01-15,ST005,MED020,SUP04,48
PO002346,2026-01-11,2026-01-15,2026-01-15,ST005,MED021,SUP01,54
PO002347,2026-01-11,2026-01-16,2026-01-16,ST005,MED025,SUP01,48
PO002348,2026-01-11,2026-01-13,2026-01-13,ST006,MED005,SUP01,60
PO002349,2026-01-11,2026-01-16,2026-01-16,ST006,MED007,SUP03,24
PO002350,2026-01-11,2026-01-16,2026-01-16,ST006,MED012,SUP04,72
PO002351,2026-01-11,2026-01-15,2026-01-15,ST006,MED015,SUP03,96
PO002352,2026-01-11,2026-01-16,2026-01-16,ST006,MED022,SUP02,42
PO002353,2026-01-11,2026-01-13,2026-01-13,ST006,MED024,SUP04,84
PO002354,2026-01-11,2026-01-13,2026-01-13,ST007,MED003,SUP03,24
PO002355,2026-01-11,2026-01-15,2026-01-15,ST007,MED013,SUP01,48
PO002356,2026-01-11,2026-01-15,2026-01-15,ST007,MED016,SUP04,48
PO002357,2026-01-11,2026-01-14,2026-01-14,ST007,MED023,SUP03,60
PO002358,2026-01-11,2026-01-14,2026-01-14,ST007,MED030,SUP02,30
PO002359,2026-01-11,2026-01-16,2026-01-16,ST008,MED003,SUP03,24
PO002360,2026-01-11,2026-01-14,2026-01-14,ST008,MED018,SUP02,48
PO002361,2026-01-11,2026-01-13,2026-01-13,ST008,MED028,SUP04,48
PO002362,2026-01-11,2026-01-13,2026-01-13,ST009,MED002,SUP02,60
PO002363,2026-01-11,2026-01-15,2026-01-16,ST009,MED017,SUP01,72
PO002364,2026-01-11,2026-01-16,2026-01-16,ST009,MED028,SUP04,48
PO002365,2026-01-11,2026-01-15,2026-01-15,ST009,MED029,SUP01,72
PO002366,2026-01-11,2026-01-14,2026-01-15,ST010,MED017,SUP01,72
PO002367,2026-01-11,2026-01-14,2026-01-17,ST010,MED028,SUP04,48
PO002368,2026-01-11,2026-01-13,2026-01-13,ST011,MED002,SUP02,72
PO002369,2026-01-11,2026-01-14,2026-01-14,ST011,MED003,SUP03,24
PO002370,2026-01-11,2026-01-13,2026-01-13,ST011,MED011,SUP03,60
PO002371,2026-01-11,2026-01-16,2026-01-16,ST011,MED012,SUP04,60
PO002372,2026-01-11,2026-01-14,2026-01-14,ST011,MED028,SUP04,48
PO002373,2026-01-11,2026-01-15,2026-01-15,ST012,MED004,SUP04,60
PO002374,2026-01-11,2026-01-13,2026-01-13,ST012,MED010,SUP02,24
PO002375,2026-01-11,2026-01-13,2026-01-13,ST012,MED015,SUP03,72
PO002376,2026-01-11,2026-01-16,2026-01-16,ST013,MED001,SUP01,72
PO002377,2026-01-11,2026-01-14,2026-01-14,ST013,MED004,SUP04,48
PO002378,2026-01-11,2026-01-14,2026-01-14,ST013,MED020,SUP04,48
PO002379,2026-01-11,2026-01-16,2026-01-16,ST013,MED021,SUP01,66
PO002380,2026-01-11,2026-01-15,2026-01-15,ST013,MED026,SUP02,72
PO002381,2026-01-11,2026-01-13,2026-01-13,ST013,MED027,SUP03,72
PO002382,2026-01-11,2026-01-14,2026-01-14,ST014,MED003,SUP03,24
PO002383,2026-01-11,2026-01-15,2026-01-15,ST014,MED020,SUP04,48
PO002384,2026-01-11,2026-01-16,2026-01-16,ST014,MED028,SUP04,48
PO002385,2026-01-11,2026-01-13,2026-01-16,ST015,MED007,SUP03,24
PO002386,2026-01-11,2026-01-14,2026-01-14,ST015,MED018,SUP02,48
PO002387,2026-01-11,2026-01-15,2026-01-17,ST016,MED013,SUP01,48
PO002388,2026-01-11,2026-01-16,2026-01-16,ST016,MED019,SUP03,24
PO002389,2026-01-11,2026-01-14,2026-01-14,ST016,MED027,SUP03,72
PO002390,2026-01-11,2026-01-14,2026-01-16,ST017,MED002,SUP02,66
PO002391,2026-01-11,2026-01-14,2026-01-14,ST017,MED008,SUP04,24
PO002392,2026-01-11,2026-01-14,2026-01-14,ST017,MED012,SUP04,72
PO002393,2026-01-11,2026-01-14,2026-01-14,ST017,MED013,SUP01,48
PO002394,2026-01-11,2026-01-14,2026-01-14,ST017,MED014,SUP02,48
PO002395,2026-01-11,2026-01-13,2026-01-13,ST017,MED015,SUP03,72
PO002396,2026-01-11,2026-01-15,2026-01-15,ST017,MED019,SUP03,24
PO002397,2026-01-11,2026-01-16,2026-01-16,ST018,MED002,SUP02,66
PO002398,2026-01-11,2026-01-16,2026-01-18,ST018,MED008,SUP04,24
PO002399,2026-01-11,2026-01-13,2026-01-13,ST018,MED009,SUP01,60
PO002400,2026-01-11,2026-01-16,2026-01-16,ST018,MED012,SUP04,72
PO002401,2026-01-11,2026-01-13,2026-01-13,ST018,MED016,SUP04,48
PO002402,2026-01-11,2026-01-13,2026-01-13,ST018,MED017,SUP01,72
PO002403,2026-01-11,2026-01-15,2026-01-15,ST018,MED020,SUP04,48
PO002404,2026-01-11,2026-01-14,2026-01-14,ST018,MED024,SUP04,72
PO002405,2026-01-11,2026-01-15,2026-01-17,ST019,MED007,SUP03,24
PO002406,2026-01-11,2026-01-14,2026-01-14,ST019,MED009,SUP01,60
PO002407,2026-01-11,2026-01-13,2026-01-15,ST019,MED011,SUP03,84
PO002408,2026-01-11,2026-01-16,2026-01-16,ST019,MED014,SUP02,48
PO002409,2026-01-11,2026-01-13,2026-01-13,ST019,MED015,SUP03,72
PO002410,2026-01-11,2026-01-13,2026-01-13,ST019,MED016,SUP04,48
PO002411,2026-01-11,2026-01-15,2026-01-15,ST019,MED021,SUP01,54
PO002412,2026-01-11,2026-01-16,2026-01-16,ST019,MED023,SUP03,60
PO002413,2026-01-11,2026-01-13,2026-01-13,ST019,MED024,SUP04,72
PO002414,2026-01-11,2026-01-14,2026-01-14,ST019,MED026,SUP02,72
PO002415,2026-01-11,2026-01-13,2026-01-13,ST019,MED030,SUP02,30
PO002416,2026-01-11,2026-01-15,2026-01-16,ST020,MED001,SUP01,72
PO002417,2026-01-11,2026-01-13,2026-01-14,ST020,MED002,SUP02,72
PO002418,2026-01-11,2026-01-16,2026-01-16,ST020,MED007,SUP03,24
PO002419,2026-01-11,2026-01-13,2026-01-13,ST020,MED009,SUP01,72
PO002420,2026-01-11,2026-01-14,2026-01-15,ST020,MED017,SUP01,72
PO002421,2026-01-11,2026-01-16,2026-01-16,ST020,MED025,SUP01,48
PO002422,2026-01-11,2026-01-15,2026-01-16,ST021,MED001,SUP01,72
PO002423,2026-01-11,2026-01-16,2026-01-19,ST021,MED009,SUP01,60
PO002424,2026-01-11,2026-01-13,2026-01-13,ST021,MED016,SUP04,48
PO002425,2026-01-11,2026-01-15,2026-01-15,ST021,MED017,SUP01,72
PO002426,2026-01-11,2026-01-13,2026-01-13,ST021,MED020,SUP04,48
PO002427,2026-01-11,2026-01-13,2026-01-13,ST021,MED026,SUP02,72
PO002428,2026-01-11,2026-01-14,2026-01-14,ST021,MED030,SUP02,30
PO002429,2026-01-11,2026-01-14,2026-01-14,ST022,MED008,SUP04,24
PO002430,2026-01-11,2026-01-16,2026-01-16,ST022,MED010,SUP02,24
PO002431,2026-01-11,2026-01-14,2026-01-14,ST022,MED014,SUP02,48
PO002432,2026-01-11,2026-01-16,2026-01-16,ST022,MED030,SUP02,36
PO002433,2026-01-11,2026-01-16,2026-01-16,ST023,MED003,SUP03,24
PO002434,2026-01-11,2026-01-16,2026-01-19,ST023,MED004,SUP04,48
PO002435,2026-01-11,2026-01-15,2026-01-15,ST023,MED018,SUP02,48
PO002436,2026-01-11,2026-01-14,2026-01-14,ST023,MED022,SUP02,42
PO002437,2026-01-11,2026-01-16,2026-01-16,ST023,MED027,SUP03,84
PO002438,2026-01-11,2026-01-13,2026-01-13,ST023,MED028,SUP04,48
PO002439,2026-01-11,2026-01-13,2026-01-13,ST024,MED030,SUP02,30
PO002440,2026-01-11,2026-01-16,2026-01-19,ST025,MED008,SUP04,24
PO002441,2026-01-11,2026-01-15,2026-01-17,ST025,MED012,SUP04,72
PO002442,2026-01-11,2026-01-15,2026-01-15,ST025,MED014,SUP02,48
PO002443,2026-01-11,2026-01-16,2026-01-16,ST025,MED017,SUP01,72
PO002444,2026-01-11,2026-01-15,2026-01-15,ST025,MED027,SUP03,84
PO002445,2026-01-11,2026-01-15,2026-01-15,ST026,MED006,SUP02,60
PO002446,2026-01-11,2026-01-14,2026-01-15,ST026,MED007,SUP03,24
PO002447,2026-01-11,2026-01-15,2026-01-15,ST026,MED009,SUP01,72
PO002448,2026-01-11,2026-01-15,2026-01-15,ST026,MED011,SUP03,66
PO002449,2026-01-11,2026-01-14,2026-01-14,ST026,MED012,SUP04,72
PO002450,2026-01-11,2026-01-13,2026-01-13,ST026,MED030,SUP02,36
PO002451,2026-01-11,2026-01-13,2026-01-14,ST027,MED001,SUP01,72
PO002452,2026-01-11,2026-01-13,2026-01-13,ST027,MED007,SUP03,24
PO002453,2026-01-11,2026-01-14,2026-01-15,ST027,MED009,SUP01,60
PO002454,2026-01-11,2026-01-15,2026-01-15,ST027,MED015,SUP03,72
PO002455,2026-01-11,2026-01-15,2026-01-15,ST027,MED020,SUP04,48
PO002456,2026-01-11,2026-01-13,2026-01-13,ST027,MED025,SUP01,48
PO002457,2026-01-11,2026-01-16,2026-01-16,ST027,MED026,SUP02,72
PO002458,2026-01-11,2026-01-15,2026-01-15,ST027,MED029,SUP01,48
PO002459,2026-01-11,2026-01-15,2026-01-15,ST028,MED001,SUP01,72
PO002460,2026-01-11,2026-01-15,2026-01-15,ST028,MED010,SUP02,24
PO002461,2026-01-11,2026-01-14,2026-01-17,ST028,MED014,SUP02,48
PO002462,2026-01-11,2026-01-16,2026-01-16,ST028,MED016,SUP04,48
PO002463,2026-01-11,2026-01-13,2026-01-13,ST028,MED019,SUP03,24
PO002464,2026-01-11,2026-01-14,2026-01-14,ST028,MED023,SUP03,60
PO002465,2026-01-11,2026-01-14,2026-01-14,ST030,MED017,SUP01,60
PO002466,2026-01-11,2026-01-16,2026-01-16,ST030,MED019,SUP03,24
PO002467,2026-01-11,2026-01-14,2026-01-14,ST030,MED022,SUP02,48
PO002468,2026-01-11,2026-01-16,2026-01-16,ST030,MED027,SUP03,84
PO002469,2026-01-11,2026-01-15,2026-01-15,ST031,MED024,SUP04,72
PO002470,2026-01-11,2026-01-16,2026-01-18,ST032,MED003,SUP03,24
PO002471,2026-01-11,2026-01-13,2026-01-13,ST032,MED004,SUP04,60
PO002472,2026-01-11,2026-01-14,2026-01-14,ST032,MED009,SUP01,60
PO002473,2026-01-11,2026-01-15,2026-01-15,ST032,MED019,SUP03,24
PO002474,2026-01-11,2026-01-16,2026-01-19,ST032,MED022,SUP02,36
PO002475,2026-01-11,2026-01-13,2026-01-14,ST032,MED025,SUP01,36
PO002476,2026-01-11,2026-01-15,2026-01-15,ST032,MED027,SUP03,84
PO002477,2026-01-11,2026-01-16,2026-01-16,ST033,MED006,SUP02,60
PO002478,2026-01-11,2026-01-14,2026-01-16,ST033,MED007,SUP03,24
PO002479,2026-01-11,2026-01-15,2026-01-15,ST033,MED009,SUP01,72
PO002480,2026-01-11,2026-01-15,2026-01-15,ST033,MED014,SUP02,48
PO002481,2026-01-11,2026-01-16,2026-01-16,ST033,MED016,SUP04,48
PO002482,2026-01-11,2026-01-15,2026-01-15,ST033,MED030,SUP02,30
PO002483,2026-01-11,2026-01-15,2026-01-16,ST034,MED010,SUP02,36
PO002484,2026-01-11,2026-01-15,2026-01-16,ST034,MED017,SUP01,84
PO002485,2026-01-11,2026-01-13,2026-01-13,ST034,MED023,SUP03,72
PO002486,2026-01-11,2026-01-13,2026-01-13,ST034,MED024,SUP04,72
PO002487,2026-01-11,2026-01-15,2026-01-15,ST034,MED028,SUP04,48
PO002488,2026-01-11,2026-01-16,2026-01-16,ST035,MED001,SUP01,72
PO002489,2026-01-11,2026-01-14,2026-01-14,ST035,MED003,SUP03,24
PO002490,2026-01-11,2026-01-15,2026-01-15,ST035,MED013,SUP01,48
PO002491,2026-01-11,2026-01-13,2026-01-13,ST035,MED016,SUP04,48
PO002492,2026-01-11,2026-01-13,2026-01-15,ST035,MED020,SUP04,48
PO002493,2026-01-11,2026-01-16,2026-01-16,ST036,MED021,SUP01,60
PO002494,2026-01-11,2026-01-15,2026-01-16,ST036,MED023,SUP03,72
PO002495,2026-01-11,2026-01-15,2026-01-15,ST036,MED029,SUP01,48
PO002496,2026-01-11,2026-01-16,2026-01-16,ST037,MED027,SUP03,72
PO002497,2026-01-11,2026-01-15,2026-01-15,ST038,MED002,SUP02,60
PO002498,2026-01-11,2026-01-16,2026-01-16,ST038,MED009,SUP01,60
PO002499,2026-01-11,2026-01-16,2026-01-16,ST038,MED021,SUP01,54
PO002500,2026-01-11,2026-01-15,2026-01-15,ST039,MED022,SUP02,36
PO002501,2026-01-11,2026-01-14,2026-01-14,ST039,MED029,SUP01,48
PO002502,2026-01-11,2026-01-14,2026-01-16,ST040,MED002,SUP02,60
PO002503,2026-01-11,2026-01-16,2026-01-16,ST040,MED009,SUP01,72
PO002504,2026-01-11,2026-01-13,2026-01-13,ST040,MED024,SUP04,72
PO002505,2026-01-11,2026-01-13,2026-01-13,ST040,MED025,SUP01,48
PO002506,2026-01-11,2026-01-15,2026-01-18,ST040,MED027,SUP03,84
PO002507,2026-01-11,2026-01-13,2026-01-15,ST040,MED030,SUP02,30
PO002508,2026-01-12,2026-01-15,2026-01-15,ST001,MED008,SUP04,24
PO002509,2026-01-12,2026-01-15,2026-01-15,ST001,MED019,SUP03,24
PO002510,2026-01-12,2026-01-15,2026-01-15,ST002,MED012,SUP04,60
PO002511,2026-01-12,2026-01-15,2026-01-18,ST002,MED018,SUP02,48
PO002512,2026-01-12,2026-01-15,2026-01-15,ST002,MED029,SUP01,72
PO002513,2026-01-12,2026-01-14,2026-01-14,ST003,MED018,SUP02,48
PO002514,2026-01-12,2026-01-16,2026-01-16,ST003,MED022,SUP02,42
PO002515,2026-01-12,2026-01-15,2026-01-15,ST004,MED006,SUP02,60
PO002516,2026-01-12,2026-01-15,2026-01-15,ST004,MED008,SUP04,24
PO002517,2026-01-12,2026-01-15,2026-01-15,ST004,MED017,SUP01,60
PO002518,2026-01-12,2026-01-14,2026-01-14,ST004,MED021,SUP01,66
PO002519,2026-01-12,2026-01-17,2026-01-17,ST004,MED025,SUP01,36
PO002520,2026-01-12,2026-01-15,2026-01-15,ST005,MED001,SUP01,72
PO002521,2026-01-12,2026-01-16,2026-01-16,ST005,MED002,SUP02,60
PO002522,2026-01-12,2026-01-14,2026-01-14,ST005,MED006,SUP02,60
PO002523,2026-01-12,2026-01-17,2026-01-19,ST005,MED011,SUP03,66
PO002524,2026-01-12,2026-01-15,2026-01-15,ST005,MED012,SUP04,60
PO002525,2026-01-12,2026-01-16,2026-01-16,ST005,MED023,SUP03,60
PO002526,2026-01-12,2026-01-17,2026-01-17,ST005,MED024,SUP04,72
PO002527,2026-01-12,2026-01-14,2026-01-14,ST005,MED026,SUP02,72
PO002528,2026-01-12,2026-01-17,2026-01-17,ST005,MED030,SUP02,30
PO002529,2026-01-12,2026-01-16,2026-01-16,ST006,MED001,SUP01,72
PO002530,2026-01-12,2026-01-16,2026-01-16,ST006,MED006,SUP02,60
PO002531,2026-01-12,2026-01-14,2026-01-16,ST006,MED009,SUP01,72
PO002532,2026-01-12,2026-01-14,2026-01-14,ST006,MED011,SUP03,60
PO002533,2026-01-12,2026-01-17,2026-01-17,ST006,MED014,SUP02,48
PO002534,2026-01-12,2026-01-17,2026-01-17,ST006,MED018,SUP02,48
PO002535,2026-01-12,2026-01-16,2026-01-17,ST006,MED027,SUP03,72
PO002536,2026-01-12,2026-01-17,2026-01-17,ST006,MED029,SUP01,72
PO002537,2026-01-12,2026-01-14,2026-01-14,ST007,MED008,SUP04,24
PO002538,2026-01-12,2026-01-14,2026-01-14,ST007,MED012,SUP04,60
PO002539,2026-01-12,2026-01-14,2026-01-14,ST007,MED018,SUP02,48
PO002540,2026-01-12,2026-01-16,2026-01-16,ST007,MED028,SUP04,48
PO002541,2026-01-12,2026-01-15,2026-01-15,ST008,MED002,SUP02,66
PO002542,2026-01-12,2026-01-14,2026-01-14,ST008,MED007,SUP03,24
PO002543,2026-01-12,2026-01-14,2026-01-14,ST008,MED012,SUP04,60
PO002544,2026-01-12,2026-01-14,2026-01-14,ST008,MED016,SUP04,48
PO002545,2026-01-12,2026-01-15,2026-01-15,ST008,MED022,SUP02,48
PO002546,2026-01-12,2026-01-14,2026-01-14,ST008,MED027,SUP03,72
PO002547,2026-01-12,2026-01-14,2026-01-14,ST009,MED012,SUP04,60
PO002548,2026-01-12,2026-01-14,2026-01-14,ST009,MED021,SUP01,54
PO002549,2026-01-12,2026-01-17,2026-01-19,ST010,MED003,SUP03,24
PO002550,2026-01-12,2026-01-14,2026-01-14,ST010,MED006,SUP02,60
PO002551,2026-01-12,2026-01-15,2026-01-15,ST010,MED009,SUP01,72
PO002552,2026-01-12,2026-01-16,2026-01-16,ST010,MED014,SUP02,48
PO002553,2026-01-12,2026-01-16,2026-01-16,ST010,MED022,SUP02,42
PO002554,2026-01-12,2026-01-16,2026-01-16,ST011,MED004,SUP04,60
PO002555,2026-01-12,2026-01-17,2026-01-17,ST011,MED006,SUP02,60
PO002556,2026-01-12,2026-01-15,2026-01-15,ST012,MED001,SUP01,72
PO002557,2026-01-12,2026-01-15,2026-01-15,ST012,MED002,SUP02,72
PO002558,2026-01-12,2026-01-14,2026-01-14,ST012,MED012,SUP04,60
PO002559,2026-01-12,2026-01-17,2026-01-20,ST012,MED016,SUP04,48
PO002560,2026-01-12,2026-01-16,2026-01-16,ST012,MED026,SUP02,72
PO002561,2026-01-12,2026-01-17,2026-01-17,ST012,MED028,SUP04,48
PO002562,2026-01-12,2026-01-17,2026-01-17,ST013,MED006,SUP02,60
PO002563,2026-01-12,2026-01-17,2026-01-17,ST013,MED017,SUP01,72
PO002564,2026-01-12,2026-01-15,2026-01-15,ST014,MED013,SUP01,48
PO002565,2026-01-12,2026-01-17,2026-01-17,ST014,MED016,SUP04,48
PO002566,2026-01-12,2026-01-15,2026-01-15,ST014,MED018,SUP02,48
PO002567,2026-01-12,2026-01-17,2026-01-17,ST015,MED002,SUP02,60
PO002568,2026-01-12,2026-01-17,2026-01-17,ST015,MED008,SUP04,24
PO002569,2026-01-12,2026-01-15,2026-01-15,ST015,MED019,SUP03,24
PO002570,2026-01-12,2026-01-15,2026-01-15,ST015,MED028,SUP04,48
PO002571,2026-01-12,2026-01-15,2026-01-15,ST016,MED012,SUP04,60
PO002572,2026-01-12,2026-01-15,2026-01-15,ST016,MED014,SUP02,48
PO002573,2026-01-12,2026-01-16,2026-01-16,ST016,MED017,SUP01,60
PO002574,2026-01-12,2026-01-17,2026-01-17,ST016,MED029,SUP01,72
PO002575,2026-01-12,2026-01-14,2026-01-14,ST017,MED009,SUP01,60
PO002576,2026-01-12,2026-01-17,2026-01-17,ST017,MED016,SUP04,48
PO002577,2026-01-12,2026-01-14,2026-01-14,ST017,MED025,SUP01,36
PO002578,2026-01-12,2026-01-17,2026-01-17,ST018,MED005,SUP01,60
PO002579,2026-01-12,2026-01-16,2026-01-18,ST018,MED013,SUP01,48
PO002580,2026-01-12,2026-01-15,2026-01-15,ST018,MED023,SUP03,72
PO002581,2026-01-12,2026-01-16,2026-01-16,ST018,MED027,SUP03,84
PO002582,2026-01-12,2026-01-17,2026-01-17,ST018,MED030,SUP02,30
PO002583,2026-01-12,2026-01-16,2026-01-16,ST019,MED004,SUP04,48
PO002584,2026-01-12,2026-01-14,2026-01-14,ST019,MED006,SUP02,72
PO002585,2026-01-12,2026-01-15,2026-01-15,ST019,MED018,SUP02,48
PO002586,2026-01-12,2026-01-16,2026-01-16,ST019,MED019,SUP03,24
PO002587,2026-01-12,2026-01-16,2026-01-16,ST019,MED020,SUP04,48
PO002588,2026-01-12,2026-01-17,2026-01-17,ST019,MED027,SUP03,72
PO002589,2026-01-12,2026-01-15,2026-01-16,ST020,MED004,SUP04,48
PO002590,2026-01-12,2026-01-17,2026-01-17,ST020,MED013,SUP01,48
PO002591,2026-01-12,2026-01-16,2026-01-16,ST020,MED016,SUP04,48
PO002592,2026-01-12,2026-01-14,2026-01-14,ST020,MED018,SUP02,48
PO002593,2026-01-12,2026-01-17,2026-01-17,ST020,MED026,SUP02,72
PO002594,2026-01-12,2026-01-14,2026-01-17,ST021,MED013,SUP01,48
PO002595,2026-01-12,2026-01-17,2026-01-17,ST021,MED018,SUP02,48
PO002596,2026-01-12,2026-01-14,2026-01-14,ST021,MED029,SUP01,72
PO002597,2026-01-12,2026-01-16,2026-01-16,ST022,MED002,SUP02,66
PO002598,2026-01-12,2026-01-15,2026-01-15,ST022,MED015,SUP03,72
PO002599,2026-01-12,2026-01-16,2026-01-19,ST022,MED017,SUP01,84
PO002600,2026-01-12,2026-01-15,2026-01-15,ST022,MED018,SUP02,48
PO002601,2026-01-12,2026-01-14,2026-01-14,ST022,MED022,SUP02,42
PO002602,2026-01-12,2026-01-14,2026-01-14,ST022,MED026,SUP02,72
PO002603,2026-01-12,2026-01-17,2026-01-19,ST022,MED029,SUP01,72
PO002604,2026-01-12,2026-01-16,2026-01-16,ST024,MED012,SUP04,60
PO002605,2026-01-12,2026-01-14,2026-01-14,ST025,MED006,SUP02,60
PO002606,2026-01-12,2026-01-14,2026-01-14,ST025,MED023,SUP03,72
PO002607,2026-01-12,2026-01-15,2026-01-15,ST026,MED002,SUP02,60
PO002608,2026-01-12,2026-01-16,2026-01-16,ST026,MED005,SUP01,60
PO002609,2026-01-12,2026-01-17,2026-01-17,ST026,MED016,SUP04,48
PO002610,2026-01-12,2026-01-17,2026-01-17,ST026,MED027,SUP03,84
PO002611,2026-01-12,2026-01-16,2026-01-16,ST027,MED004,SUP04,48
PO002612,2026-01-12,2026-01-17,2026-01-17,ST027,MED008,SUP04,24
PO002613,2026-01-12,2026-01-16,2026-01-16,ST027,MED013,SUP01,48
PO002614,2026-01-12,2026-01-14,2026-01-14,ST027,MED030,SUP02,30
PO002615,2026-01-12,2026-01-17,2026-01-17,ST028,MED018,SUP02,48
PO002616,2026-01-12,2026-01-16,2026-01-16,ST028,MED030,SUP02,30
PO002617,2026-01-12,2026-01-15,2026-01-15,ST029,MED008,SUP04,24
PO002618,2026-01-12,2026-01-15,2026-01-15,ST029,MED010,SUP02,24
PO002619,2026-01-12,2026-01-16,2026-01-19,ST029,MED017,SUP01,72
PO002620,2026-01-12,2026-01-17,2026-01-17,ST029,MED022,SUP02,42
PO002621,2026-01-12,2026-01-16,2026-01-16,ST029,MED029,SUP01,72
PO002622,2026-01-12,2026-01-15,2026-01-15,ST030,MED012,SUP04,60
PO002623,2026-01-12,2026-01-14,2026-01-14,ST030,MED014,SUP02,48
PO002624,2026-01-12,2026-01-17,2026-01-17,ST030,MED018,SUP02,48
PO002625,2026-01-12,2026-01-14,2026-01-14,ST030,MED028,SUP04,48
PO002626,2026-01-12,2026-01-15,2026-01-15,ST031,MED002,SUP02,72
PO002627,2026-01-12,2026-01-16,2026-01-16,ST031,MED006,SUP02,60
PO002628,2026-01-12,2026-01-14,2026-01-14,ST031,MED010,SUP02,24
PO002629,2026-01-12,2026-01-15,2026-01-15,ST031,MED011,SUP03,66
PO002630,2026-01-12,2026-01-16,2026-01-16,ST031,MED025,SUP01,36
PO002631,2026-01-12,2026-01-16,2026-01-16,ST031,MED027,SUP03,72
PO002632,2026-01-12,2026-01-16,2026-01-16,ST031,MED028,SUP04,48
PO002633,2026-01-12,2026-01-15,2026-01-15,ST032,MED006,SUP02,60
PO002634,2026-01-12,2026-01-17,2026-01-17,ST032,MED011,SUP03,60
PO002635,2026-01-12,2026-01-17,2026-01-17,ST032,MED012,SUP04,72
PO002636,2026-01-12,2026-01-17,2026-01-20,ST033,MED004,SUP04,48
PO002637,2026-01-12,2026-01-17,2026-01-17,ST033,MED021,SUP01,60
PO002638,2026-01-12,2026-01-17,2026-01-17,ST033,MED024,SUP04,84
PO002639,2026-01-12,2026-01-14,2026-01-14,ST033,MED027,SUP03,72
PO002640,2026-01-12,2026-01-15,2026-01-15,ST034,MED001,SUP01,72
PO002641,2026-01-12,2026-01-15,2026-01-15,ST034,MED009,SUP01,60
PO002642,2026-01-12,2026-01-15,2026-01-15,ST034,MED011,SUP03,66
PO002643,2026-01-12,2026-01-16,2026-01-16,ST034,MED019,SUP03,24
PO002644,2026-01-12,2026-01-16,2026-01-16,ST034,MED021,SUP01,72
PO002645,2026-01-12,2026-01-16,2026-01-18,ST034,MED022,SUP02,48
PO002646,2026-01-12,2026-01-15,2026-01-15,ST035,MED010,SUP02,24
PO002647,2026-01-12,2026-01-16,2026-01-16,ST035,MED017,SUP01,72
PO002648,2026-01-12,2026-01-15,2026-01-15,ST035,MED018,SUP02,48
PO002649,2026-01-12,2026-01-14,2026-01-14,ST035,MED026,SUP02,72
PO002650,2026-01-12,2026-01-14,2026-01-14,ST035,MED029,SUP01,72
PO002651,2026-01-12,2026-01-16,2026-01-16,ST036,MED002,SUP02,66
PO002652,2026-01-12,2026-01-16,2026-01-16,ST036,MED017,SUP01,72
PO002653,2026-01-12,2026-01-14,2026-01-14,ST036,MED019,SUP03,24
PO002654,2026-01-12,2026-01-16,2026-01-16,ST036,MED026,SUP02,72
PO002655,2026-01-12,2026-01-16,2026-01-16,ST036,MED027,SUP03,72
PO002656,2026-01-12,2026-01-16,2026-01-16,ST036,MED030,SUP02,30
PO002657,2026-01-12,2026-01-17,2026-01-17,ST037,MED006,SUP02,60
PO002658,2026-01-12,2026-01-15,2026-01-15,ST037,MED012,SUP04,60
PO002659,2026-01-12,2026-01-16,2026-01-16,ST038,MED005,SUP01,72
PO002660,2026-01-12,2026-01-15,2026-01-15,ST038,MED011,SUP03,60
PO002661,2026-01-12,2026-01-15,2026-01-15,ST039,MED005,SUP01,72
PO002662,2026-01-12,2026-01-17,2026-01-18,ST039,MED007,SUP03,24
PO002663,2026-01-12,2026-01-17,2026-01-17,ST039,MED009,SUP01,60
PO002664,2026-01-12,2026-01-17,2026-01-19,ST039,MED030,SUP02,30
PO002665,2026-01-12,2026-01-15,2026-01-15,ST040,MED007,SUP03,24
PO002666,2026-01-12,2026-01-16,2026-01-16,ST040,MED011,SUP03,72
PO002667,2026-01-13,2026-01-17,2026-01-17,ST001,MED002,SUP02,66
PO002668,2026-01-13,2026-01-16,2026-01-16,ST001,MED012,SUP04,60
PO002669,2026-01-13,2026-01-18,2026-01-18,ST001,MED014,SUP02,48
PO002670,2026-01-13,2026-01-15,2026-01-15,ST001,MED021,SUP01,60
PO002671,2026-01-13,2026-01-15,2026-01-15,ST002,MED006,SUP02,60
PO002672,2026-01-13,2026-01-16,2026-01-16,ST002,MED011,SUP03,60
PO002673,2026-01-13,2026-01-16,2026-01-16,ST003,MED007,SUP03,24
PO002674,2026-01-13,2026-01-15,2026-01-15,ST003,MED008,SUP04,24
PO002675,2026-01-13,2026-01-18,2026-01-18,ST003,MED009,SUP01,60
PO002676,2026-01-13,2026-01-15,2026-01-15,ST003,MED010,SUP02,24
PO002677,2026-01-13,2026-01-17,2026-01-17,ST003,MED017,SUP01,72
PO002678,2026-01-13,2026-01-18,2026-01-21,ST003,MED020,SUP04,48
PO002679,2026-01-13,2026-01-17,2026-01-18,ST003,MED025,SUP01,36
PO002680,2026-01-13,2026-01-16,2026-01-17,ST003,MED030,SUP02,30
PO002681,2026-01-13,2026-01-16,2026-01-16,ST004,MED004,SUP04,48
PO002682,2026-01-13,2026-01-18,2026-01-21,ST004,MED010,SUP02,24
PO002683,2026-01-13,2026-01-16,2026-01-16,ST004,MED015,SUP03,72
PO002684,2026-01-13,2026-01-18,2026-01-18,ST004,MED023,SUP03,72
PO002685,2026-01-13,2026-01-18,2026-01-18,ST005,MED004,SUP04,60
PO002686,2026-01-13,2026-01-16,2026-01-16,ST005,MED009,SUP01,60
PO002687,2026-01-13,2026-01-18,2026-01-19,ST005,MED010,SUP02,24
PO002688,2026-01-13,2026-01-16,2026-01-16,ST005,MED018,SUP02,48
PO002689,2026-01-13,2026-01-16,2026-01-16,ST005,MED019,SUP03,24
PO002690,2026-01-13,2026-01-15,2026-01-15,ST005,MED022,SUP02,42
PO002691,2026-01-13,2026-01-15,2026-01-15,ST005,MED027,SUP03,72
PO002692,2026-01-13,2026-01-15,2026-01-15,ST005,MED029,SUP01,72
PO002693,2026-01-13,2026-01-16,2026-01-16,ST006,MED010,SUP02,24
PO002694,2026-01-13,2026-01-15,2026-01-15,ST006,MED013,SUP01,36
PO002695,2026-01-13,2026-01-17,2026-01-17,ST006,MED017,SUP01,72
PO002696,2026-01-13,2026-01-16,2026-01-16,ST006,MED025,SUP01,36
PO002697,2026-01-13,2026-01-15,2026-01-15,ST006,MED026,SUP02,72
PO002698,2026-01-13,2026-01-16,2026-01-16,ST007,MED001,SUP01,72
PO002699,2026-01-13,2026-01-16,2026-01-16,ST007,MED002,SUP02,66
PO002700,2026-01-13,2026-01-16,2026-01-16,ST008,MED014,SUP02,48
PO002701,2026-01-13,2026-01-16,2026-01-16,ST009,MED004,SUP04,48
PO002702,2026-01-13,2026-01-18,2026-01-18,ST009,MED013,SUP01,48
PO002703,2026-01-13,2026-01-16,2026-01-18,ST009,MED014,SUP02,48
PO002704,2026-01-13,2026-01-17,2026-01-17,ST009,MED023,SUP03,60
PO002705,2026-01-13,2026-01-17,2026-01-17,ST009,MED027,SUP03,72
PO002706,2026-01-13,2026-01-18,2026-01-18,ST010,MED002,SUP02,60
PO002707,2026-01-13,2026-01-17,2026-01-17,ST010,MED005,SUP01,72
PO002708,2026-01-13,2026-01-16,2026-01-17,ST010,MED011,SUP03,72
PO002709,2026-01-13,2026-01-16,2026-01-16,ST010,MED012,SUP04,60
PO002710,2026-01-13,2026-01-15,2026-01-15,ST011,MED005,SUP01,72
PO002711,2026-01-13,2026-01-17,2026-01-17,ST011,MED007,SUP03,24
PO002712,2026-01-13,2026-01-17,2026-01-17,ST011,MED013,SUP01,48
PO002713,2026-01-13,2026-01-18,2026-01-18,ST011,MED017,SUP01,60
PO002714,2026-01-13,2026-01-16,2026-01-19,ST011,MED021,SUP01,60
PO002715,2026-01-13,2026-01-15,2026-01-15,ST011,MED024,SUP04,72
PO002716,2026-01-13,2026-01-16,2026-01-16,ST011,MED025,SUP01,36
PO002717,2026-01-13,2026-01-18,2026-01-18,ST011,MED026,SUP02,72
PO002718,2026-01-13,2026-01-18,2026-01-18,ST012,MED021,SUP01,66
PO002719,2026-01-13,2026-01-17,2026-01-18,ST012,MED024,SUP04,72
PO002720,2026-01-13,2026-01-16,2026-01-16,ST012,MED025,SUP01,36
PO002721,2026-01-13,2026-01-17,2026-01-17,ST012,MED030,SUP02,30
PO002722,2026-01-13,2026-01-17,2026-01-17,ST013,MED007,SUP03,24
PO002723,2026-01-13,2026-01-16,2026-01-16,ST013,MED010,SUP02,24
PO002724,2026-01-13,2026-01-18,2026-01-18,ST013,MED012,SUP04,60
PO002725,2026-01-13,2026-01-15,2026-01-15,ST013,MED013,SUP01,48
PO002726,2026-01-13,2026-01-16,2026-01-16,ST013,MED016,SUP04,48
PO002727,2026-01-13,2026-01-16,2026-01-18,ST013,MED022,SUP02,42
PO002728,2026-01-13,2026-01-17,2026-01-17,ST013,MED025,SUP01,36
PO002729,2026-01-13,2026-01-16,2026-01-16,ST013,MED029,SUP01,72
PO002730,2026-01-13,2026-01-15,2026-01-15,ST013,MED030,SUP02,36
PO002731,2026-01-13,2026-01-15,2026-01-18,ST014,MED022,SUP02,48
PO002732,2026-01-13,2026-01-15,2026-01-16,ST015,MED006,SUP02,60
PO002733,2026-01-13,2026-01-15,2026-01-15,ST016,MED023,SUP03,60
PO002734,2026-01-13,2026-01-15,2026-01-15,ST017,MED004,SUP04,48
PO002735,2026-01-13,2026-01-17,2026-01-17,ST017,MED007,SUP03,24
PO002736,2026-01-13,2026-01-15,2026-01-15,ST017,MED010,SUP02,24
PO002737,2026-01-13,2026-01-18,2026-01-18,ST017,MED024,SUP04,72
PO002738,2026-01-13,2026-01-15,2026-01-16,ST018,MED003,SUP03,24
PO002739,2026-01-13,2026-01-17,2026-01-18,ST018,MED004,SUP04,48
PO002740,2026-01-13,2026-01-17,2026-01-18,ST018,MED011,SUP03,66
PO002741,2026-01-13,2026-01-15,2026-01-15,ST018,MED015,SUP03,72
PO002742,2026-01-13,2026-01-18,2026-01-19,ST018,MED021,SUP01,60
PO002743,2026-01-13,2026-01-15,2026-01-15,ST018,MED022,SUP02,48
PO002744,2026-01-13,2026-01-15,2026-01-18,ST018,MED026,SUP02,72
PO002745,2026-01-13,2026-01-17,2026-01-17,ST019,MED001,SUP01,72
PO002746,2026-01-13,2026-01-16,2026-01-16,ST019,MED002,SUP02,72
PO002747,2026-01-13,2026-01-18,2026-01-18,ST020,MED005,SUP01,72
PO002748,2026-01-13,2026-01-17,2026-01-17,ST020,MED015,SUP03,96
PO002749,2026-01-13,2026-01-16,2026-01-16,ST020,MED023,SUP03,72
PO002750,2026-01-13,2026-01-15,2026-01-15,ST020,MED029,SUP01,48
PO002751,2026-01-13,2026-01-16,2026-01-16,ST021,MED022,SUP02,42
PO002752,2026-01-13,2026-01-15,2026-01-15,ST021,MED028,SUP04,48
PO002753,2026-01-13,2026-01-18,2026-01-18,ST022,MED003,SUP03,24
PO002754,2026-01-13,2026-01-16,2026-01-17,ST022,MED012,SUP04,60
PO002755,2026-01-13,2026-01-18,2026-01-18,ST022,MED021,SUP01,60
PO002756,2026-01-13,2026-01-17,2026-01-17,ST023,MED008,SUP04,24
PO002757,2026-01-13,2026-01-17,2026-01-17,ST023,MED010,SUP02,24
PO002758,2026-01-13,2026-01-18,2026-01-18,ST023,MED016,SUP04,48
PO002759,2026-01-13,2026-01-16,2026-01-17,ST023,MED019,SUP03,24
PO002760,2026-01-13,2026-01-15,2026-01-15,ST024,MED006,SUP02,60
PO002761,2026-01-13,2026-01-18,2026-01-18,ST024,MED009,SUP01,60
PO002762,2026-01-13,2026-01-17,2026-01-17,ST024,MED011,SUP03,60
PO002763,2026-01-13,2026-01-18,2026-01-18,ST024,MED023,SUP03,60
PO002764,2026-01-13,2026-01-17,2026-01-18,ST024,MED025,SUP01,48
PO002765,2026-01-13,2026-01-17,2026-01-17,ST025,MED002,SUP02,72
PO002766,2026-01-13,2026-01-15,2026-01-15,ST025,MED005,SUP01,72
PO002767,2026-01-13,2026-01-18,2026-01-18,ST025,MED009,SUP01,60
PO002768,2026-01-13,2026-01-18,2026-01-18,ST025,MED010,SUP02,24
PO002769,2026-01-13,2026-01-16,2026-01-19,ST025,MED016,SUP04,48
PO002770,2026-01-13,2026-01-16,2026-01-16,ST025,MED021,SUP01,60
PO002771,2026-01-13,2026-01-16,2026-01-19,ST025,MED025,SUP01,36
PO002772,2026-01-13,2026-01-16,2026-01-16,ST025,MED026,SUP02,72
PO002773,2026-01-13,2026-01-15,2026-01-15,ST025,MED030,SUP02,36
PO002774,2026-01-13,2026-01-16,2026-01-18,ST026,MED013,SUP01,48
PO002775,2026-01-13,2026-01-16,2026-01-16,ST026,MED015,SUP03,72
PO002776,2026-01-13,2026-01-17,2026-01-17,ST026,MED021,SUP01,66
PO002777,2026-01-13,2026-01-18,2026-01-18,ST026,MED023,SUP03,60
PO002778,2026-01-13,2026-01-16,2026-01-16,ST026,MED025,SUP01,48
PO002779,2026-01-13,2026-01-18,2026-01-21,ST027,MED006,SUP02,72
PO002780,2026-01-13,2026-01-15,2026-01-15,ST027,MED012,SUP04,60
PO002781,2026-01-13,2026-01-18,2026-01-18,ST027,MED016,SUP04,48
PO002782,2026-01-13,2026-01-15,2026-01-15,ST027,MED022,SUP02,42
PO002783,2026-01-13,2026-01-17,2026-01-17,ST027,MED023,SUP03,60
PO002784,2026-01-13,2026-01-15,2026-01-18,ST027,MED024,SUP04,72
PO002785,2026-01-13,2026-01-18,2026-01-18,ST027,MED027,SUP03,72
PO002786,2026-01-13,2026-01-15,2026-01-15,ST027,MED028,SUP04,48
PO002787,2026-01-13,2026-01-15,2026-01-15,ST028,MED002,SUP02,60
PO002788,2026-01-13,2026-01-18,2026-01-19,ST028,MED012,SUP04,72
PO002789,2026-01-13,2026-01-16,2026-01-16,ST028,MED022,SUP02,42
PO002790,2026-01-13,2026-01-17,2026-01-19,ST028,MED026,SUP02,72
PO002791,2026-01-13,2026-01-16,2026-01-16,ST029,MED002,SUP02,66
PO002792,2026-01-13,2026-01-16,2026-01-16,ST029,MED012,SUP04,60
PO002793,2026-01-13,2026-01-16,2026-01-17,ST029,MED019,SUP03,24
PO002794,2026-01-13,2026-01-17,2026-01-17,ST029,MED027,SUP03,72
PO002795,2026-01-13,2026-01-17,2026-01-17,ST030,MED006,SUP02,60
PO002796,2026-01-13,2026-01-16,2026-01-16,ST031,MED005,SUP01,72
PO002797,2026-01-13,2026-01-16,2026-01-19,ST031,MED014,SUP02,48
PO002798,2026-01-13,2026-01-18,2026-01-18,ST031,MED015,SUP03,72
PO002799,2026-01-13,2026-01-16,2026-01-16,ST032,MED005,SUP01,72
PO002800,2026-01-13,2026-01-16,2026-01-16,ST032,MED008,SUP04,24
PO002801,2026-01-13,2026-01-16,2026-01-16,ST032,MED010,SUP02,36
PO002802,2026-01-13,2026-01-17,2026-01-17,ST032,MED015,SUP03,96
PO002803,2026-01-13,2026-01-16,2026-01-16,ST032,MED017,SUP01,60
PO002804,2026-01-13,2026-01-15,2026-01-15,ST032,MED018,SUP02,48
PO002805,2026-01-13,2026-01-17,2026-01-17,ST032,MED021,SUP01,54
PO002806,2026-01-13,2026-01-16,2026-01-16,ST033,MED001,SUP01,72
PO002807,2026-01-13,2026-01-17,2026-01-17,ST033,MED002,SUP02,60
PO002808,2026-01-13,2026-01-18,2026-01-18,ST033,MED003,SUP03,24
PO002809,2026-01-13,2026-01-15,2026-01-15,ST033,MED018,SUP02,48
PO002810,2026-01-13,2026-01-17,2026-01-17,ST034,MED002,SUP02,72
PO002811,2026-01-13,2026-01-16,2026-01-16,ST034,MED004,SUP04,60
PO002812,2026-01-13,2026-01-15,2026-01-15,ST034,MED013,SUP01,48
PO002813,2026-01-13,2026-01-16,2026-01-16,ST034,MED020,SUP04,48
PO002814,2026-01-13,2026-01-15,2026-01-15,ST034,MED026,SUP02,72
PO002815,2026-01-13,2026-01-18,2026-01-18,ST035,MED011,SUP03,60
PO002816,2026-01-13,2026-01-17,2026-01-17,ST036,MED013,SUP01,48
PO002817,2026-01-13,2026-01-17,2026-01-17,ST036,MED014,SUP02,48
PO002818,2026-01-13,2026-01-17,2026-01-17,ST037,MED010,SUP02,24
PO002819,2026-01-13,2026-01-16,2026-01-16,ST037,MED019,SUP03,24
PO002820,2026-01-13,2026-01-15,2026-01-18,ST037,MED021,SUP01,60
PO002821,2026-01-13,2026-01-18,2026-01-18,ST038,MED004,SUP04,60
PO002822,2026-01-13,2026-01-16,2026-01-16,ST038,MED007,SUP03,24
PO002823,2026-01-13,2026-01-15,2026-01-15,ST038,MED010,SUP02,24
PO002824,2026-01-13,2026-01-16,2026-01-16,ST038,MED012,SUP04,60
PO002825,2026-01-13,2026-01-17,2026-01-20,ST038,MED020,SUP04,48
PO002826,2026-01-13,2026-01-15,2026-01-15,ST038,MED025,SUP01,36
PO002827,2026-01-13,2026-01-18,2026-01-19,ST038,MED027,SUP03,72
PO002828,2026-01-13,2026-01-16,2026-01-19,ST039,MED002,SUP02,60
PO002829,2026-01-13,2026-01-15,2026-01-15,ST039,MED006,SUP02,60
PO002830,2026-01-13,2026-01-18,2026-01-18,ST039,MED013,SUP01,48
PO002831,2026-01-13,2026-01-18,2026-01-18,ST039,MED021,SUP01,60
PO002832,2026-01-13,2026-01-16,2026-01-16,ST039,MED027,SUP03,72
PO002833,2026-01-13,2026-01-17,2026-01-17,ST040,MED001,SUP01,72
PO002834,2026-01-13,2026-01-18,2026-01-18,ST040,MED005,SUP01,60
PO002835,2026-01-13,2026-01-17,2026-01-17,ST040,MED016,SUP04,48
PO002836,2026-01-13,2026-01-17,2026-01-17,ST040,MED021,SUP01,66
PO002837,2026-01-13,2026-01-17,2026-01-18,ST040,MED022,SUP02,48
PO002838,2026-01-14,2026-01-16,2026-01-16,ST001,MED022,SUP02,42
PO002839,2026-01-14,2026-01-17,2026-01-17,ST001,MED027,SUP03,72
PO002840,2026-01-14,2026-01-18,2026-01-18,ST002,MED004,SUP04,48
PO002841,2026-01-14,2026-01-18,2026-01-18,ST002,MED009,SUP01,60
PO002842,2026-01-14,2026-01-19,2026-01-19,ST002,MED015,SUP03,72
PO002843,2026-01-14,2026-01-16,2026-01-16,ST002,MED022,SUP02,36
PO002844,2026-01-14,2026-01-17,2026-01-17,ST003,MED011,SUP03,66
PO002845,2026-01-14,2026-01-18,2026-01-18,ST003,MED012,SUP04,60
PO002846,2026-01-14,2026-01-19,2026-01-19,ST003,MED013,SUP01,48
PO002847,2026-01-14,2026-01-18,2026-01-18,ST003,MED021,SUP01,66
PO002848,2026-01-14,2026-01-19,2026-01-19,ST003,MED024,SUP04,72
PO002849,2026-01-14,2026-01-18,2026-01-18,ST004,MED001,SUP01,72
PO002850,2026-01-14,2026-01-16,2026-01-16,ST004,MED002,SUP02,60
PO002851,2026-01-14,2026-01-18,2026-01-18,ST004,MED009,SUP01,60
PO002852,2026-01-14,2026-01-19,2026-01-19,ST004,MED013,SUP01,48
PO002853,2026-01-14,2026-01-17,2026-01-17,ST004,MED022,SUP02,42
PO002854,2026-01-14,2026-01-18,2026-01-18,ST004,MED024,SUP04,72
PO002855,2026-01-14,2026-01-18,2026-01-20,ST005,MED003,SUP03,24
PO002856,2026-01-14,2026-01-19,2026-01-19,ST005,MED028,SUP04,48
PO002857,2026-01-14,2026-01-16,2026-01-16,ST006,MED002,SUP02,66
PO002858,2026-01-14,2026-01-16,2026-01-16,ST006,MED008,SUP04,24
PO002859,2026-01-14,2026-01-17,2026-01-17,ST006,MED016,SUP04,48
PO002860,2026-01-14,2026-01-19,2026-01-19,ST006,MED019,SUP03,24
PO002861,2026-01-14,2026-01-17,2026-01-17,ST006,MED028,SUP04,48
PO002862,2026-01-14,2026-01-17,2026-01-17,ST007,MED010,SUP02,36
PO002863,2026-01-14,2026-01-16,2026-01-16,ST007,MED022,SUP02,48
PO002864,2026-01-14,2026-01-16,2026-01-19,ST007,MED025,SUP01,36
PO002865,2026-01-14,2026-01-19,2026-01-19,ST007,MED029,SUP01,48
PO002866,2026-01-14,2026-01-16,2026-01-16,ST008,MED010,SUP02,24
PO002867,2026-01-14,2026-01-18,2026-01-18,ST008,MED029,SUP01,72
PO002868,2026-01-14,2026-01-17,2026-01-17,ST009,MED003,SUP03,24
PO002869,2026-01-14,2026-01-18,2026-01-18,ST009,MED006,SUP02,60
PO002870,2026-01-14,2026-01-19,2026-01-21,ST009,MED011,SUP03,66
PO002871,2026-01-14,2026-01-16,2026-01-16,ST009,MED015,SUP03,72
PO002872,2026-01-14,2026-01-17,2026-01-20,ST010,MED013,SUP01,48
PO002873,2026-01-14,2026-01-18,2026-01-18,ST010,MED015,SUP03,72
PO002874,2026-01-14,2026-01-17,2026-01-17,ST010,MED021,SUP01,54
PO002875,2026-01-14,2026-01-17,2026-01-17,ST010,MED026,SUP02,72
PO002876,2026-01-14,2026-01-16,2026-01-16,ST011,MED001,SUP01,72
PO002877,2026-01-14,2026-01-18,2026-01-18,ST011,MED015,SUP03,72
PO002878,2026-01-14,2026-01-17,2026-01-17,ST011,MED016,SUP04,48
PO002879,2026-01-14,2026-01-18,2026-01-20,ST011,MED020,SUP04,48
PO002880,2026-01-14,2026-01-16,2026-01-16,ST011,MED022,SUP02,42
PO002881,2026-01-14,2026-01-16,2026-01-16,ST011,MED023,SUP03,72
PO002882,2026-01-14,2026-01-17,2026-01-17,ST011,MED027,SUP03,84
PO002883,2026-01-14,2026-01-16,2026-01-16,ST011,MED029,SUP01,72
PO002884,2026-01-14,2026-01-17,2026-01-18,ST011,MED030,SUP02,30
PO002885,2026-01-14,2026-01-16,2026-01-16,ST012,MED005,SUP01,72
PO002886,2026-01-14,2026-01-17,2026-01-17,ST012,MED006,SUP02,60
PO002887,2026-01-14,2026-01-19,2026-01-19,ST012,MED009,SUP01,72
PO002888,2026-01-14,2026-01-19,2026-01-19,ST012,MED013,SUP01,48
PO002889,2026-01-14,2026-01-16,2026-01-16,ST012,MED018,SUP02,48
PO002890,2026-01-14,2026-01-19,2026-01-19,ST012,MED020,SUP04,48
PO002891,2026-01-14,2026-01-16,2026-01-16,ST012,MED027,SUP03,84
PO002892,2026-01-14,2026-01-17,2026-01-17,ST013,MED002,SUP02,60
PO002893,2026-01-14,2026-01-17,2026-01-18,ST013,MED009,SUP01,72
PO002894,2026-01-14,2026-01-19,2026-01-19,ST013,MED019,SUP03,24
PO002895,2026-01-14,2026-01-18,2026-01-18,ST013,MED023,SUP03,60
PO002896,2026-01-14,2026-01-17,2026-01-17,ST014,MED002,SUP02,60
PO002897,2026-01-14,2026-01-17,2026-01-18,ST014,MED010,SUP02,24
PO002898,2026-01-14,2026-01-19,2026-01-19,ST014,MED012,SUP04,60
PO002899,2026-01-14,2026-01-17,2026-01-17,ST014,MED017,SUP01,72
PO002900,2026-01-14,2026-01-17,2026-01-17,ST014,MED027,SUP03,72
PO002901,2026-01-14,2026-01-16,2026-01-16,ST015,MED010,SUP02,24
PO002902,2026-01-14,2026-01-17,2026-01-17,ST015,MED021,SUP01,54
PO002903,2026-01-14,2026-01-18,2026-01-18,ST016,MED001,SUP01,72
PO002904,2026-01-14,2026-01-19,2026-01-20,ST016,MED004,SUP04,48
PO002905,2026-01-14,2026-01-19,2026-01-22,ST016,MED007,SUP03,24
PO002906,2026-01-14,2026-01-18,2026-01-18,ST016,MED011,SUP03,66
PO002907,2026-01-14,2026-01-18,2026-01-18,ST016,MED025,SUP01,36
PO002908,2026-01-14,2026-01-19,2026-01-21,ST017,MED001,SUP01,72
PO002909,2026-01-14,2026-01-19,2026-01-19,ST017,MED005,SUP01,60
PO002910,2026-01-14,2026-01-19,2026-01-19,ST017,MED011,SUP03,60
PO002911,2026-01-14,2026-01-16,2026-01-16,ST017,MED027,SUP03,72
PO002912,2026-01-14,2026-01-18,2026-01-18,ST017,MED028,SUP04,48
PO002913,2026-01-14,2026-01-18,2026-01-18,ST018,MED006,SUP02,60
PO002914,2026-01-14,2026-01-17,2026-01-17,ST018,MED025,SUP01,36
PO002915,2026-01-14,2026-01-17,2026-01-17,ST019,MED022,SUP02,42
PO002916,2026-01-14,2026-01-19,2026-01-19,ST020,MED008,SUP04,24
PO002917,2026-01-14,2026-01-18,2026-01-18,ST020,MED011,SUP03,60
PO002918,2026-01-14,2026-01-18,2026-01-18,ST020,MED019,SUP03,24
PO002919,2026-01-14,2026-01-18,2026-01-18,ST020,MED020,SUP04,48
PO002920,2026-01-14,2026-01-19,2026-01-19,ST020,MED021,SUP01,60
PO002921,2026-01-14,2026-01-17,2026-01-17,ST020,MED022,SUP02,48
PO002922,2026-01-14,2026-01-16,2026-01-16,ST020,MED027,SUP03,84
PO002923,2026-01-14,2026-01-18,2026-01-18,ST020,MED028,SUP04,48
PO002924,2026-01-14,2026-01-16,2026-01-16,ST021,MED003,SUP03,24
PO002925,2026-01-14,2026-01-17,2026-01-17,ST021,MED019,SUP03,24
PO002926,2026-01-14,2026-01-17,2026-01-17,ST021,MED027,SUP03,72
PO002927,2026-01-14,2026-01-17,2026-01-17,ST022,MED011,SUP03,66
PO002928,2026-01-14,2026-01-16,2026-01-16,ST022,MED023,SUP03,60
PO002929,2026-01-14,2026-01-18,2026-01-19,ST023,MED002,SUP02,60
PO002930,2026-01-14,2026-01-17,2026-01-17,ST023,MED005,SUP01,60
PO002931,2026-01-14,2026-01-18,2026-01-18,ST023,MED017,SUP01,60
PO002932,2026-01-14,2026-01-18,2026-01-18,ST023,MED024,SUP04,72
PO002933,2026-01-14,2026-01-16,2026-01-18,ST024,MED001,SUP01,72
PO002934,2026-01-14,2026-01-17,2026-01-17,ST024,MED007,SUP03,24
PO002935,2026-01-14,2026-01-17,2026-01-17,ST024,MED013,SUP01,48
PO002936,2026-01-14,2026-01-18,2026-01-21,ST024,MED017,SUP01,72
PO002937,2026-01-14,2026-01-17,2026-01-19,ST024,MED020,SUP04,48
PO002938,2026-01-14,2026-01-18,2026-01-18,ST024,MED022,SUP02,42
PO002939,2026-01-14,2026-01-19,2026-01-19,ST024,MED024,SUP04,72
PO002940,2026-01-14,2026-01-16,2026-01-16,ST024,MED028,SUP04,48
PO002941,2026-01-14,2026-01-17,2026-01-17,ST025,MED001,SUP01,72
PO002942,2026-01-14,2026-01-17,2026-01-17,ST025,MED004,SUP04,48
PO002943,2026-01-14,2026-01-16,2026-01-16,ST025,MED015,SUP03,72
PO002944,2026-01-14,2026-01-16,2026-01-16,ST025,MED024,SUP04,84
PO002945,2026-01-14,2026-01-17,2026-01-17,ST026,MED001,SUP01,72
PO002946,2026-01-14,2026-01-17,2026-01-17,ST026,MED003,SUP03,24
PO002947,2026-01-14,2026-01-18,2026-01-19,ST026,MED019,SUP03,24
PO002948,2026-01-14,2026-01-16,2026-01-16,ST026,MED022,SUP02,42
PO002949,2026-01-14,2026-01-16,2026-01-16,ST026,MED026,SUP02,72
PO002950,2026-01-14,2026-01-19,2026-01-19,ST026,MED028,SUP04,48
PO002951,2026-01-14,2026-01-19,2026-01-19,ST026,MED030,SUP02,30
PO002952,2026-01-14,2026-01-17,2026-01-17,ST027,MED017,SUP01,60
PO002953,2026-01-14,2026-01-19,2026-01-19,ST028,MED013,SUP01,48
PO002954,2026-01-14,2026-01-18,2026-01-19,ST029,MED009,SUP01,60
PO002955,2026-01-14,2026-01-17,2026-01-17,ST029,MED014,SUP02,48
PO002956,2026-01-14,2026-01-19,2026-01-19,ST029,MED024,SUP04,72
PO002957,2026-01-14,2026-01-19,2026-01-22,ST030,MED008,SUP04,24
PO002958,2026-01-14,2026-01-16,2026-01-16,ST030,MED011,SUP03,66
PO002959,2026-01-14,2026-01-18,2026-01-18,ST030,MED015,SUP03,72
PO002960,2026-01-14,2026-01-19,2026-01-20,ST030,MED024,SUP04,72
PO002961,2026-01-14,2026-01-18,2026-01-18,ST030,MED025,SUP01,36
PO002962,2026-01-14,2026-01-18,2026-01-18,ST030,MED030,SUP02,30
PO002963,2026-01-14,2026-01-19,2026-01-19,ST031,MED001,SUP01,72
PO002964,2026-01-14,2026-01-17,2026-01-17,ST031,MED007,SUP03,24
PO002965,2026-01-14,2026-01-17,2026-01-17,ST031,MED012,SUP04,72
PO002966,2026-01-14,2026-01-17,2026-01-17,ST031,MED016,SUP04,48
PO002967,2026-01-14,2026-01-16,2026-01-16,ST031,MED020,SUP04,48
PO002968,2026-01-14,2026-01-19,2026-01-19,ST031,MED022,SUP02,42
PO002969,2026-01-14,2026-01-17,2026-01-17,ST032,MED001,SUP01,72
PO002970,2026-01-14,2026-01-18,2026-01-18,ST032,MED013,SUP01,48
PO002971,2026-01-14,2026-01-16,2026-01-16,ST032,MED023,SUP03,72
PO002972,2026-01-14,2026-01-17,2026-01-20,ST032,MED024,SUP04,72
PO002973,2026-01-14,2026-01-18,2026-01-18,ST032,MED030,SUP02,36
PO002974,2026-01-14,2026-01-16,2026-01-16,ST033,MED005,SUP01,72
PO002975,2026-01-14,2026-01-16,2026-01-16,ST033,MED013,SUP01,48
PO002976,2026-01-14,2026-01-19,2026-01-19,ST033,MED015,SUP03,72
PO002977,2026-01-14,2026-01-17,2026-01-17,ST033,MED020,SUP04,48
PO002978,2026-01-14,2026-01-18,2026-01-18,ST033,MED022,SUP02,42
PO002979,2026-01-14,2026-01-19,2026-01-19,ST033,MED025,SUP01,48
PO002980,2026-01-14,2026-01-18,2026-01-18,ST034,MED012,SUP04,72
PO002981,2026-01-14,2026-01-17,2026-01-17,ST034,MED016,SUP04,48
PO002982,2026-01-14,2026-01-17,2026-01-17,ST034,MED027,SUP03,84
PO002983,2026-01-14,2026-01-19,2026-01-19,ST035,MED006,SUP02,60
PO002984,2026-01-14,2026-01-17,2026-01-17,ST035,MED019,SUP03,24
PO002985,2026-01-14,2026-01-17,2026-01-19,ST035,MED027,SUP03,72
PO002986,2026-01-14,2026-01-17,2026-01-17,ST035,MED030,SUP02,30
PO002987,2026-01-14,2026-01-18,2026-01-18,ST036,MED003,SUP03,24
PO002988,2026-01-14,2026-01-16,2026-01-16,ST036,MED022,SUP02,36
PO002989,2026-01-14,2026-01-19,2026-01-19,ST036,MED028,SUP04,48
PO002990,2026-01-14,2026-01-19,2026-01-19,ST037,MED004,SUP04,48
PO002991,2026-01-14,2026-01-19,2026-01-19,ST037,MED009,SUP01,60
PO002992,2026-01-14,2026-01-18,2026-01-18,ST037,MED011,SUP03,66
PO002993,2026-01-14,2026-01-17,2026-01-17,ST037,MED014,SUP02,48
PO002994,2026-01-14,2026-01-19,2026-01-19,ST037,MED016,SUP04,48
PO002995,2026-01-14,2026-01-17,2026-01-17,ST037,MED018,SUP02,48
PO002996,2026-01-14,2026-01-17,2026-01-17,ST037,MED022,SUP02,42
PO002997,2026-01-14,2026-01-19,2026-01-19,ST037,MED024,SUP04,84
PO002998,2026-01-14,2026-01-19,2026-01-22,ST038,MED006,SUP02,60
PO002999,2026-01-14,2026-01-17,2026-01-18,ST038,MED008,SUP04,24
PO003000,2026-01-14,2026-01-17,2026-01-17,ST038,MED023,SUP03,72
PO003001,2026-01-14,2026-01-17,2026-01-17,ST038,MED024,SUP04,72
PO003002,2026-01-14,2026-01-17,2026-01-17,ST038,MED029,SUP01,48
PO003003,2026-01-14,2026-01-19,2026-01-19,ST038,MED030,SUP02,30
PO003004,2026-01-14,2026-01-18,2026-01-18,ST039,MED011,SUP03,60
PO003005,2026-01-14,2026-01-17,2026-01-17,ST039,MED017,SUP01,60
PO003006,2026-01-14,2026-01-19,2026-01-19,ST039,MED023,SUP03,72
PO003007,2026-01-14,2026-01-17,2026-01-19,ST039,MED024,SUP04,72
PO003008,2026-01-14,2026-01-18,2026-01-20,ST040,MED013,SUP01,48
PO003009,2026-01-14,2026-01-18,2026-01-21,ST040,MED018,SUP02,48
PO003010,2026-01-15,2026-01-20,2026-01-22,ST001,MED004,SUP04,48
PO003011,2026-01-15,2026-01-19,2026-01-19,ST001,MED005,SUP01,60
PO003012,2026-01-15,2026-01-18,2026-01-18,ST001,MED017,SUP01,60
PO003013,2026-01-15,2026-01-18,2026-01-18,ST001,MED025,SUP01,48
PO003014,2026-01-15,2026-01-17,2026-01-19,ST002,MED013,SUP01,48
PO003015,2026-01-15,2026-01-17,2026-01-17,ST002,MED014,SUP02,48
PO003016,2026-01-15,2026-01-17,2026-01-17,ST002,MED017,SUP01,72
PO003017,2026-01-15,2026-01-20,2026-01-20,ST002,MED020,SUP04,48
PO003018,2026-01-15,2026-01-18,2026-01-18,ST002,MED021,SUP01,60
PO003019,2026-01-15,2026-01-20,2026-01-20,ST002,MED023,SUP03,72
PO003020,2026-01-15,2026-01-18,2026-01-18,ST002,MED024,SUP04,84
PO003021,2026-01-15,2026-01-18,2026-01-18,ST002,MED025,SUP01,36
PO003022,2026-01-15,2026-01-18,2026-01-20,ST002,MED030,SUP02,30
PO003023,2026-01-15,2026-01-17,2026-01-17,ST003,MED001,SUP01,72
PO003024,2026-01-15,2026-01-20,2026-01-20,ST003,MED005,SUP01,60
PO003025,2026-01-15,2026-01-17,2026-01-17,ST003,MED006,SUP02,60
PO003026,2026-01-15,2026-01-20,2026-01-20,ST003,MED023,SUP03,60
PO003027,2026-01-15,2026-01-20,2026-01-20,ST004,MED003,SUP03,24
PO003028,2026-01-15,2026-01-20,2026-01-20,ST004,MED012,SUP04,60
PO003029,2026-01-15,2026-01-19,2026-01-19,ST004,MED019,SUP03,24
PO003030,2026-01-15,2026-01-18,2026-01-21,ST004,MED020,SUP04,48
PO003031,2026-01-15,2026-01-17,2026-01-17,ST005,MED005,SUP01,72
PO003032,2026-01-15,2026-01-19,2026-01-19,ST005,MED017,SUP01,60
PO003033,2026-01-15,2026-01-17,2026-01-17,ST006,MED004,SUP04,48
PO003034,2026-01-15,2026-01-18,2026-01-18,ST006,MED023,SUP03,72
PO003035,2026-01-15,2026-01-19,2026-01-20,ST006,MED030,SUP02,36
PO003036,2026-01-15,2026-01-20,2026-01-20,ST007,MED017,SUP01,72
PO003037,2026-01-15,2026-01-17,2026-01-18,ST008,MED005,SUP01,60
PO003038,2026-01-15,2026-01-20,2026-01-20,ST008,MED006,SUP02,60
PO003039,2026-01-15,2026-01-18,2026-01-18,ST008,MED017,SUP01,72
PO003040,2026-01-15,2026-01-17,2026-01-19,ST008,MED021,SUP01,60
PO003041,2026-01-15,2026-01-17,2026-01-20,ST008,MED023,SUP03,60
PO003042,2026-01-15,2026-01-20,2026-01-20,ST008,MED025,SUP01,36
PO003043,2026-01-15,2026-01-19,2026-01-19,ST009,MED010,SUP02,36
PO003044,2026-01-15,2026-01-19,2026-01-19,ST009,MED022,SUP02,36
PO003045,2026-01-15,2026-01-18,2026-01-18,ST009,MED025,SUP01,36
PO003046,2026-01-15,2026-01-17,2026-01-17,ST010,MED001,SUP01,72
PO003047,2026-01-15,2026-01-17,2026-01-17,ST010,MED020,SUP04,48
PO003048,2026-01-15,2026-01-19,2026-01-19,ST010,MED024,SUP04,72
PO003049,2026-01-15,2026-01-17,2026-01-17,ST010,MED025,SUP01,36
PO003050,2026-01-15,2026-01-18,2026-01-18,ST010,MED030,SUP02,30
PO003051,2026-01-15,2026-01-20,2026-01-20,ST011,MED002,SUP02,60
PO003052,2026-01-15,2026-01-19,2026-01-19,ST011,MED010,SUP02,24
PO003053,2026-01-15,2026-01-17,2026-01-17,ST012,MED011,SUP03,72
PO003054,2026-01-15,2026-01-18,2026-01-18,ST012,MED019,SUP03,24
PO003055,2026-01-15,2026-01-17,2026-01-17,ST012,MED023,SUP03,72
PO003056,2026-01-15,2026-01-17,2026-01-19,ST013,MED003,SUP03,24
PO003057,2026-01-15,2026-01-19,2026-01-19,ST013,MED005,SUP01,72
PO003058,2026-01-15,2026-01-20,2026-01-22,ST013,MED011,SUP03,66
PO003059,2026-01-15,2026-01-18,2026-01-18,ST013,MED024,SUP04,72
PO003060,2026-01-15,2026-01-20,2026-01-20,ST013,MED027,SUP03,84
PO003061,2026-01-15,2026-01-19,2026-01-19,ST014,MED007,SUP03,24
PO003062,2026-01-15,2026-01-18,2026-01-18,ST015,MED014,SUP02,48
PO003063,2026-01-15,2026-01-17,2026-01-17,ST015,MED022,SUP02,42
PO003064,2026-01-15,2026-01-19,2026-01-19,ST015,MED023,SUP03,72
PO003065,2026-01-15,2026-01-17,2026-01-17,ST015,MED027,SUP03,84
PO003066,2026-01-15,2026-01-18,2026-01-18,ST016,MED002,SUP02,60
PO003067,2026-01-15,2026-01-17,2026-01-17,ST016,MED016,SUP04,48
PO003068,2026-01-15,2026-01-20,2026-01-20,ST016,MED020,SUP04,48
PO003069,2026-01-15,2026-01-18,2026-01-21,ST016,MED024,SUP04,72
PO003070,2026-01-15,2026-01-17,2026-01-19,ST016,MED026,SUP02,72
PO003071,2026-01-15,2026-01-17,2026-01-17,ST016,MED030,SUP02,30
PO003072,2026-01-15,2026-01-17,2026-01-17,ST017,MED020,SUP04,48
PO003073,2026-01-15,2026-01-17,2026-01-17,ST017,MED021,SUP01,60
PO003074,2026-01-15,2026-01-20,2026-01-20,ST017,MED023,SUP03,72
PO003075,2026-01-15,2026-01-18,2026-01-18,ST018,MED001,SUP01,72
PO003076,2026-01-15,2026-01-17,2026-01-17,ST018,MED010,SUP02,36
PO003077,2026-01-15,2026-01-19,2026-01-19,ST018,MED018,SUP02,48
PO003078,2026-01-15,2026-01-20,2026-01-20,ST018,MED028,SUP04,48
PO003079,2026-01-15,2026-01-20,2026-01-21,ST019,MED029,SUP01,72
PO003080,2026-01-15,2026-01-17,2026-01-17,ST020,MED002,SUP02,72
PO003081,2026-01-15,2026-01-18,2026-01-18,ST020,MED003,SUP03,24
PO003082,2026-01-15,2026-01-20,2026-01-20,ST020,MED012,SUP04,60
PO003083,2026-01-15,2026-01-18,2026-01-19,ST020,MED024,SUP04,72
PO003084,2026-01-15,2026-01-17,2026-01-17,ST020,MED030,SUP02,30
PO003085,2026-01-15,2026-01-20,2026-01-20,ST022,MED005,SUP01,72
PO003086,2026-01-15,2026-01-17,2026-01-17,ST023,MED009,SUP01,60
PO003087,2026-01-15,2026-01-18,2026-01-18,ST023,MED021,SUP01,66
PO003088,2026-01-15,2026-01-17,2026-01-17,ST023,MED023,SUP03,60
PO003089,2026-01-15,2026-01-19,2026-01-21,ST023,MED026,SUP02,72
PO003090,2026-01-15,2026-01-17,2026-01-17,ST023,MED029,SUP01,72
PO003091,2026-01-15,2026-01-19,2026-01-19,ST023,MED030,SUP02,36
PO003092,2026-01-15,2026-01-18,2026-01-18,ST024,MED010,SUP02,24
PO003093,2026-01-15,2026-01-17,2026-01-17,ST024,MED016,SUP04,48
PO003094,2026-01-15,2026-01-17,2026-01-17,ST024,MED027,SUP03,72
PO003095,2026-01-15,2026-01-20,2026-01-20,ST024,MED029,SUP01,48
PO003096,2026-01-15,2026-01-17,2026-01-17,ST025,MED007,SUP03,24
PO003097,2026-01-15,2026-01-19,2026-01-19,ST025,MED011,SUP03,66
PO003098,2026-01-15,2026-01-17,2026-01-17,ST025,MED013,SUP01,48
PO003099,2026-01-15,2026-01-18,2026-01-19,ST026,MED008,SUP04,24
PO003100,2026-01-15,2026-01-19,2026-01-19,ST026,MED017,SUP01,72
PO003101,2026-01-15,2026-01-20,2026-01-20,ST026,MED018,SUP02,48
PO003102,2026-01-15,2026-01-17,2026-01-17,ST027,MED002,SUP02,72
PO003103,2026-01-15,2026-01-20,2026-01-22,ST027,MED005,SUP01,72
PO003104,2026-01-15,2026-01-17,2026-01-17,ST027,MED010,SUP02,24
PO003105,2026-01-15,2026-01-19,2026-01-19,ST027,MED011,SUP03,60
PO003106,2026-01-15,2026-01-19,2026-01-19,ST027,MED018,SUP02,48
PO003107,2026-01-15,2026-01-18,2026-01-18,ST028,MED017,SUP01,72
PO003108,2026-01-15,2026-01-20,2026-01-20,ST029,MED011,SUP03,60
PO003109,2026-01-15,2026-01-19,2026-01-19,ST029,MED016,SUP04,48
PO003110,2026-01-15,2026-01-17,2026-01-17,ST029,MED023,SUP03,60
PO003111,2026-01-15,2026-01-18,2026-01-18,ST030,MED004,SUP04,48
PO003112,2026-01-15,2026-01-17,2026-01-19,ST030,MED009,SUP01,60
PO003113,2026-01-15,2026-01-19,2026-01-19,ST030,MED021,SUP01,60
PO003114,2026-01-15,2026-01-17,2026-01-17,ST030,MED029,SUP01,48
PO003115,2026-01-15,2026-01-17,2026-01-17,ST031,MED013,SUP01,48
PO003116,2026-01-15,2026-01-19,2026-01-21,ST031,MED017,SUP01,72
PO003117,2026-01-15,2026-01-20,2026-01-20,ST031,MED023,SUP03,60
PO003118,2026-01-15,2026-01-18,2026-01-18,ST032,MED002,SUP02,72
PO003119,2026-01-15,2026-01-17,2026-01-17,ST032,MED016,SUP04,48
PO003120,2026-01-15,2026-01-20,2026-01-20,ST033,MED011,SUP03,72
PO003121,2026-01-15,2026-01-17,2026-01-17,ST033,MED017,SUP01,72
PO003122,2026-01-15,2026-01-17,2026-01-17,ST033,MED023,SUP03,72
PO003123,2026-01-15,2026-01-20,2026-01-20,ST033,MED028,SUP04,48
PO003124,2026-01-15,2026-01-20,2026-01-21,ST034,MED007,SUP03,24
PO003125,2026-01-15,2026-01-17,2026-01-17,ST034,MED008,SUP04,24
PO003126,2026-01-15,2026-01-17,2026-01-19,ST034,MED015,SUP03,72
PO003127,2026-01-15,2026-01-20,2026-01-20,ST035,MED008,SUP04,24
PO003128,2026-01-15,2026-01-18,2026-01-21,ST035,MED012,SUP04,60
PO003129,2026-01-15,2026-01-19,2026-01-19,ST035,MED015,SUP03,72
PO003130,2026-01-15,2026-01-17,2026-01-17,ST035,MED022,SUP02,42
PO003131,2026-01-15,2026-01-19,2026-01-19,ST036,MED001,SUP01,72
PO003132,2026-01-15,2026-01-18,2026-01-18,ST036,MED005,SUP01,60
PO003133,2026-01-15,2026-01-20,2026-01-20,ST036,MED010,SUP02,24
PO003134,2026-01-15,2026-01-18,2026-01-20,ST036,MED011,SUP03,60
PO003135,2026-01-15,2026-01-20,2026-01-20,ST036,MED012,SUP04,60
PO003136,2026-01-15,2026-01-20,2026-01-20,ST036,MED025,SUP01,36
PO003137,2026-01-15,2026-01-18,2026-01-18,ST037,MED001,SUP01,72
PO003138,2026-01-15,2026-01-20,2026-01-20,ST037,MED002,SUP02,60
PO003139,2026-01-15,2026-01-18,2026-01-18,ST037,MED007,SUP03,24
PO003140,2026-01-15,2026-01-18,2026-01-18,ST037,MED015,SUP03,72
PO003141,2026-01-15,2026-01-17,2026-01-20,ST037,MED017,SUP01,60
PO003142,2026-01-15,2026-01-17,2026-01-17,ST037,MED020,SUP04,48
PO003143,2026-01-15,2026-01-19,2026-01-19,ST037,MED023,SUP03,72
PO003144,2026-01-15,2026-01-19,2026-01-19,ST037,MED029,SUP01,72
PO003145,2026-01-15,2026-01-18,2026-01-18,ST037,MED030,SUP02,36
PO003146,2026-01-15,2026-01-20,2026-01-20,ST038,MED013,SUP01,48
PO003147,2026-01-15,2026-01-19,2026-01-19,ST038,MED015,SUP03,72
PO003148,2026-01-15,2026-01-17,2026-01-17,ST038,MED016,SUP04,48
PO003149,2026-01-15,2026-01-19,2026-01-19,ST038,MED026,SUP02,72
PO003150,2026-01-15,2026-01-20,2026-01-23,ST039,MED001,SUP01,72
PO003151,2026-01-15,2026-01-19,2026-01-19,ST039,MED003,SUP03,24
PO003152,2026-01-15,2026-01-18,2026-01-18,ST039,MED004,SUP04,48
PO003153,2026-01-15,2026-01-19,2026-01-19,ST039,MED016,SUP04,48
PO003154,2026-01-15,2026-01-20,2026-01-20,ST039,MED018,SUP02,48
PO003155,2026-01-15,2026-01-20,2026-01-23,ST039,MED019,SUP03,24
PO003156,2026-01-15,2026-01-18,2026-01-21,ST039,MED020,SUP04,48
PO003157,2026-01-15,2026-01-17,2026-01-17,ST039,MED022,SUP02,42
PO003158,2026-01-15,2026-01-19,2026-01-19,ST040,MED004,SUP04,48
PO003159,2026-01-15,2026-01-20,2026-01-20,ST040,MED006,SUP02,72
PO003160,2026-01-15,2026-01-17,2026-01-17,ST040,MED012,SUP04,84
PO003161,2026-01-15,2026-01-20,2026-01-21,ST040,MED015,SUP03,72
PO003162,2026-01-15,2026-01-20,2026-01-20,ST040,MED020,SUP04,48
PO003163,2026-01-15,2026-01-17,2026-01-17,ST040,MED026,SUP02,72
PO003164,2026-01-16,2026-01-18,2026-01-18,ST001,MED006,SUP02,60
PO003165,2026-01-16,2026-01-20,2026-01-20,ST001,MED009,SUP01,60
PO003166,2026-01-16,2026-01-20,2026-01-20,ST001,MED011,SUP03,66
PO003167,2026-01-16,2026-01-19,2026-01-20,ST001,MED023,SUP03,72
PO003168,2026-01-16,2026-01-18,2026-01-18,ST002,MED005,SUP01,60
PO003169,2026-01-16,2026-01-21,2026-01-23,ST002,MED007,SUP03,24
PO003170,2026-01-16,2026-01-21,2026-01-21,ST002,MED010,SUP02,24
PO003171,2026-01-16,2026-01-18,2026-01-18,ST002,MED019,SUP03,24
PO003172,2026-01-16,2026-01-20,2026-01-21,ST003,MED002,SUP02,66
PO003173,2026-01-16,2026-01-21,2026-01-21,ST003,MED004,SUP04,48
PO003174,2026-01-16,2026-01-21,2026-01-21,ST003,MED026,SUP02,72
PO003175,2026-01-16,2026-01-18,2026-01-18,ST004,MED011,SUP03,66
PO003176,2026-01-16,2026-01-19,2026-01-19,ST004,MED017,SUP01,72
PO003177,2026-01-16,2026-01-18,2026-01-18,ST004,MED026,SUP02,72
PO003178,2026-01-16,2026-01-19,2026-01-19,ST004,MED027,SUP03,72
PO003179,2026-01-16,2026-01-18,2026-01-18,ST004,MED029,SUP01,72
PO003180,2026-01-16,2026-01-19,2026-01-19,ST004,MED030,SUP02,36
PO003181,2026-01-16,2026-01-21,2026-01-21,ST005,MED002,SUP02,60
PO003182,2026-01-16,2026-01-20,2026-01-22,ST005,MED007,SUP03,24
PO003183,2026-01-16,2026-01-19,2026-01-19,ST005,MED008,SUP04,24
PO003184,2026-01-16,2026-01-21,2026-01-24,ST005,MED012,SUP04,60
PO003185,2026-01-16,2026-01-21,2026-01-21,ST005,MED013,SUP01,48
PO003186,2026-01-16,2026-01-21,2026-01-21,ST005,MED015,SUP03,72
PO003187,2026-01-16,2026-01-20,2026-01-20,ST005,MED021,SUP01,66
PO003188,2026-01-16,2026-01-21,2026-01-24,ST006,MED003,SUP03,24
PO003189,2026-01-16,2026-01-21,2026-01-23,ST006,MED005,SUP01,72
PO003190,2026-01-16,2026-01-19,2026-01-19,ST006,MED011,SUP03,66
PO003191,2026-01-16,2026-01-18,2026-01-18,ST006,MED020,SUP04,48
PO003192,2026-01-16,2026-01-19,2026-01-19,ST006,MED024,SUP04,72
PO003193,2026-01-16,2026-01-21,2026-01-21,ST007,MED005,SUP01,60
PO003194,2026-01-16,2026-01-18,2026-01-20,ST008,MED009,SUP01,60
PO003195,2026-01-16,2026-01-21,2026-01-21,ST008,MED011,SUP03,66
PO003196,2026-01-16,2026-01-21,2026-01-21,ST008,MED015,SUP03,72
PO003197,2026-01-16,2026-01-18,2026-01-19,ST008,MED024,SUP04,72
PO003198,2026-01-16,2026-01-18,2026-01-18,ST008,MED026,SUP02,72
PO003199,2026-01-16,2026-01-19,2026-01-19,ST009,MED001,SUP01,72
PO003200,2026-01-16,2026-01-18,2026-01-21,ST009,MED002,SUP02,60
PO003201,2026-01-16,2026-01-18,2026-01-18,ST009,MED005,SUP01,60
PO003202,2026-01-16,2026-01-18,2026-01-18,ST009,MED008,SUP04,24
PO003203,2026-01-16,2026-01-18,2026-01-18,ST009,MED019,SUP03,24
PO003204,2026-01-16,2026-01-20,2026-01-22,ST009,MED020,SUP04,48
PO003205,2026-01-16,2026-01-20,2026-01-20,ST009,MED024,SUP04,72
PO003206,2026-01-16,2026-01-18,2026-01-18,ST010,MED004,SUP04,48
PO003207,2026-01-16,2026-01-21,2026-01-21,ST010,MED007,SUP03,24
PO003208,2026-01-16,2026-01-20,2026-01-20,ST010,MED023,SUP03,60
PO003209,2026-01-16,2026-01-19,2026-01-19,ST010,MED027,SUP03,72
PO003210,2026-01-16,2026-01-19,2026-01-19,ST011,MED008,SUP04,24
PO003211,2026-01-16,2026-01-20,2026-01-20,ST011,MED011,SUP03,72
PO003212,2026-01-16,2026-01-21,2026-01-21,ST011,MED014,SUP02,48
PO003213,2026-01-16,2026-01-18,2026-01-18,ST011,MED018,SUP02,48
PO003214,2026-01-16,2026-01-19,2026-01-19,ST012,MED002,SUP02,66
PO003215,2026-01-16,2026-01-19,2026-01-19,ST012,MED007,SUP03,24
PO003216,2026-01-16,2026-01-19,2026-01-22,ST012,MED008,SUP04,24
PO003217,2026-01-16,2026-01-20,2026-01-23,ST012,MED010,SUP02,36
PO003218,2026-01-16,2026-01-20,2026-01-21,ST012,MED012,SUP04,60
PO003219,2026-01-16,2026-01-19,2026-01-19,ST012,MED014,SUP02,48
PO003220,2026-01-16,2026-01-18,2026-01-18,ST012,MED015,SUP03,72
PO003221,2026-01-16,2026-01-19,2026-01-21,ST012,MED029,SUP01,72
PO003222,2026-01-16,2026-01-21,2026-01-21,ST013,MED004,SUP04,60
PO003223,2026-01-16,2026-01-18,2026-01-18,ST013,MED018,SUP02,48
PO003224,2026-01-16,2026-01-20,2026-01-20,ST013,MED020,SUP04,48
PO003225,2026-01-16,2026-01-18,2026-01-19,ST013,MED026,SUP02,72
PO003226,2026-01-16,2026-01-20,2026-01-20,ST013,MED028,SUP04,48
PO003227,2026-01-16,2026-01-21,2026-01-21,ST014,MED008,SUP04,24
PO003228,2026-01-16,2026-01-21,2026-01-21,ST014,MED011,SUP03,66
PO003229,2026-01-16,2026-01-18,2026-01-18,ST014,MED021,SUP01,54
PO003230,2026-01-16,2026-01-18,2026-01-18,ST015,MED009,SUP01,60
PO003231,2026-01-16,2026-01-21,2026-01-21,ST015,MED012,SUP04,60
PO003232,2026-01-16,2026-01-18,2026-01-18,ST015,MED017,SUP01,72
PO003233,2026-01-16,2026-01-19,2026-01-19,ST015,MED026,SUP02,72
PO003234,2026-01-16,2026-01-18,2026-01-19,ST015,MED030,SUP02,30
PO003235,2026-01-16,2026-01-18,2026-01-18,ST016,MED003,SUP03,24
PO003236,2026-01-16,2026-01-19,2026-01-19,ST016,MED005,SUP01,60
PO003237,2026-01-16,2026-01-18,2026-01-18,ST016,MED006,SUP02,60
PO003238,2026-01-16,2026-01-18,2026-01-18,ST016,MED009,SUP01,60
PO003239,2026-01-16,2026-01-19,2026-01-19,ST016,MED015,SUP03,72
PO003240,2026-01-16,2026-01-18,2026-01-18,ST016,MED022,SUP02,48
PO003241,2026-01-16,2026-01-21,2026-01-23,ST016,MED027,SUP03,72
PO003242,2026-01-16,2026-01-20,2026-01-20,ST017,MED003,SUP03,24
PO003243,2026-01-16,2026-01-19,2026-01-19,ST017,MED012,SUP04,60
PO003244,2026-01-16,2026-01-19,2026-01-19,ST017,MED013,SUP01,36
PO003245,2026-01-16,2026-01-20,2026-01-21,ST017,MED022,SUP02,42
PO003246,2026-01-16,2026-01-21,2026-01-23,ST018,MED007,SUP03,24
PO003247,2026-01-16,2026-01-20,2026-01-20,ST018,MED016,SUP04,48
PO003248,2026-01-16,2026-01-21,2026-01-21,ST018,MED017,SUP01,72
PO003249,2026-01-16,2026-01-18,2026-01-20,ST019,MED010,SUP02,24
PO003250,2026-01-16,2026-01-21,2026-01-21,ST019,MED013,SUP01,48
PO003251,2026-01-16,2026-01-18,2026-01-18,ST019,MED016,SUP04,48
PO003252,2026-01-16,2026-01-20,2026-01-20,ST019,MED017,SUP01,72
PO003253,2026-01-16,2026-01-19,2026-01-19,ST019,MED021,SUP01,66
PO003254,2026-01-16,2026-01-20,2026-01-20,ST019,MED023,SUP03,60
PO003255,2026-01-16,2026-01-20,2026-01-21,ST019,MED024,SUP04,84
PO003256,2026-01-16,2026-01-18,2026-01-20,ST019,MED026,SUP02,72
PO003257,2026-01-16,2026-01-19,2026-01-19,ST019,MED028,SUP04,48
PO003258,2026-01-16,2026-01-20,2026-01-20,ST020,MED006,SUP02,60
PO003259,2026-01-16,2026-01-19,2026-01-19,ST020,MED009,SUP01,60
PO003260,2026-01-16,2026-01-18,2026-01-19,ST020,MED010,SUP02,36
PO003261,2026-01-16,2026-01-20,2026-01-20,ST020,MED014,SUP02,48
PO003262,2026-01-16,2026-01-19,2026-01-19,ST020,MED017,SUP01,72
PO003263,2026-01-16,2026-01-19,2026-01-19,ST021,MED002,SUP02,60
PO003264,2026-01-16,2026-01-18,2026-01-18,ST021,MED008,SUP04,24
PO003265,2026-01-16,2026-01-19,2026-01-19,ST021,MED012,SUP04,72
PO003266,2026-01-16,2026-01-18,2026-01-18,ST021,MED014,SUP02,48
PO003267,2026-01-16,2026-01-19,2026-01-19,ST021,MED015,SUP03,72
PO003268,2026-01-16,2026-01-20,2026-01-20,ST021,MED021,SUP01,54
PO003269,2026-01-16,2026-01-20,2026-01-20,ST022,MED004,SUP04,48
PO003270,2026-01-16,2026-01-19,2026-01-19,ST022,MED006,SUP02,72
PO003271,2026-01-16,2026-01-19,2026-01-19,ST022,MED009,SUP01,60
PO003272,2026-01-16,2026-01-20,2026-01-20,ST022,MED013,SUP01,48
PO003273,2026-01-16,2026-01-21,2026-01-21,ST022,MED022,SUP02,36
PO003274,2026-01-16,2026-01-21,2026-01-22,ST022,MED024,SUP04,84
PO003275,2026-01-16,2026-01-21,2026-01-24,ST023,MED006,SUP02,60
PO003276,2026-01-16,2026-01-18,2026-01-18,ST023,MED007,SUP03,24
PO003277,2026-01-16,2026-01-20,2026-01-20,ST023,MED011,SUP03,60
PO003278,2026-01-16,2026-01-19,2026-01-19,ST023,MED012,SUP04,60
PO003279,2026-01-16,2026-01-18,2026-01-20,ST023,MED015,SUP03,72
PO003280,2026-01-16,2026-01-18,2026-01-19,ST023,MED020,SUP04,48
PO003281,2026-01-16,2026-01-18,2026-01-18,ST023,MED025,SUP01,36
PO003282,2026-01-16,2026-01-18,2026-01-18,ST024,MED002,SUP02,66
PO003283,2026-01-16,2026-01-18,2026-01-18,ST024,MED003,SUP03,24
PO003284,2026-01-16,2026-01-18,2026-01-19,ST024,MED004,SUP04,48
PO003285,2026-01-16,2026-01-19,2026-01-19,ST024,MED015,SUP03,72
PO003286,2026-01-16,2026-01-18,2026-01-18,ST024,MED021,SUP01,60
PO003287,2026-01-16,2026-01-18,2026-01-18,ST025,MED018,SUP02,48
PO003288,2026-01-16,2026-01-21,2026-01-21,ST025,MED022,SUP02,42
PO003289,2026-01-16,2026-01-20,2026-01-20,ST025,MED027,SUP03,72
PO003290,2026-01-16,2026-01-20,2026-01-20,ST025,MED028,SUP04,48
PO003291,2026-01-16,2026-01-19,2026-01-19,ST025,MED029,SUP01,72
PO003292,2026-01-16,2026-01-19,2026-01-19,ST026,MED002,SUP02,72
PO003293,2026-01-16,2026-01-19,2026-01-19,ST026,MED011,SUP03,66
PO003294,2026-01-16,2026-01-18,2026-01-18,ST026,MED012,SUP04,72
PO003295,2026-01-16,2026-01-20,2026-01-22,ST026,MED020,SUP04,48
PO003296,2026-01-16,2026-01-20,2026-01-23,ST026,MED024,SUP04,72
PO003297,2026-01-16,2026-01-19,2026-01-19,ST026,MED029,SUP01,72
PO003298,2026-01-16,2026-01-20,2026-01-22,ST027,MED001,SUP01,72
PO003299,2026-01-16,2026-01-18,2026-01-18,ST027,MED003,SUP03,24
PO003300,2026-01-16,2026-01-20,2026-01-20,ST027,MED009,SUP01,60
PO003301,2026-01-16,2026-01-20,2026-01-20,ST027,MED014,SUP02,48
PO003302,2026-01-16,2026-01-18,2026-01-18,ST027,MED015,SUP03,72
PO003303,2026-01-16,2026-01-18,2026-01-18,ST027,MED022,SUP02,42
PO003304,2026-01-16,2026-01-19,2026-01-19,ST027,MED025,SUP01,36
PO003305,2026-01-16,2026-01-20,2026-01-22,ST027,MED029,SUP01,72
PO003306,2026-01-16,2026-01-21,2026-01-21,ST027,MED030,SUP02,30
PO003307,2026-01-16,2026-01-20,2026-01-20,ST028,MED003,SUP03,24
PO003308,2026-01-16,2026-01-21,2026-01-23,ST028,MED005,SUP01,72
PO003309,2026-01-16,2026-01-20,2026-01-20,ST028,MED027,SUP03,72
PO003310,2026-01-16,2026-01-21,2026-01-21,ST028,MED028,SUP04,48
PO003311,2026-01-16,2026-01-20,2026-01-20,ST029,MED003,SUP03,24
PO003312,2026-01-16,2026-01-20,2026-01-20,ST029,MED005,SUP01,60
PO003313,2026-01-16,2026-01-21,2026-01-21,ST029,MED007,SUP03,24
PO003314,2026-01-16,2026-01-21,2026-01-21,ST029,MED025,SUP01,36
PO003315,2026-01-16,2026-01-19,2026-01-19,ST029,MED026,SUP02,72
PO003316,2026-01-16,2026-01-21,2026-01-21,ST030,MED001,SUP01,72
PO003317,2026-01-16,2026-01-18,2026-01-18,ST030,MED013,SUP01,48
PO003318,2026-01-16,2026-01-18,2026-01-18,ST030,MED016,SUP04,48
PO003319,2026-01-16,2026-01-19,2026-01-19,ST030,MED017,SUP01,72
PO003320,2026-01-16,2026-01-18,2026-01-18,ST030,MED020,SUP04,48
PO003321,2026-01-16,2026-01-18,2026-01-18,ST030,MED022,SUP02,42
PO003322,2026-01-16,2026-01-20,2026-01-22,ST030,MED023,SUP03,60
PO003323,2026-01-16,2026-01-18,2026-01-18,ST030,MED026,SUP02,72
PO003324,2026-01-16,2026-01-20,2026-01-20,ST031,MED002,SUP02,60
PO003325,2026-01-16,2026-01-20,2026-01-22,ST031,MED004,SUP04,48
PO003326,2026-01-16,2026-01-19,2026-01-19,ST031,MED009,SUP01,60
PO003327,2026-01-16,2026-01-21,2026-01-21,ST031,MED021,SUP01,66
PO003328,2026-01-16,2026-01-18,2026-01-18,ST031,MED029,SUP01,48
PO003329,2026-01-16,2026-01-21,2026-01-21,ST032,MED004,SUP04,48
PO003330,2026-01-16,2026-01-18,2026-01-18,ST032,MED028,SUP04,48
PO003331,2026-01-16,2026-01-21,2026-01-21,ST032,MED029,SUP01,72
PO003332,2026-01-16,2026-01-18,2026-01-18,ST033,MED012,SUP04,72
PO003333,2026-01-16,2026-01-20,2026-01-21,ST033,MED019,SUP03,24
PO003334,2026-01-16,2026-01-20,2026-01-20,ST033,MED026,SUP02,72
PO003335,2026-01-16,2026-01-18,2026-01-19,ST033,MED027,SUP03,72
PO003336,2026-01-16,2026-01-18,2026-01-18,ST033,MED029,SUP01,72
PO003337,2026-01-16,2026-01-21,2026-01-21,ST033,MED030,SUP02,30
PO003338,2026-01-16,2026-01-19,2026-01-19,ST034,MED003,SUP03,24
PO003339,2026-01-16,2026-01-18,2026-01-18,ST034,MED005,SUP01,60
PO003340,2026-01-16,2026-01-18,2026-01-18,ST034,MED006,SUP02,60
PO003341,2026-01-16,2026-01-19,2026-01-19,ST034,MED011,SUP03,60
PO003342,2026-01-16,2026-01-20,2026-01-21,ST034,MED018,SUP02,48
PO003343,2026-01-16,2026-01-21,2026-01-21,ST034,MED023,SUP03,72
PO003344,2026-01-16,2026-01-19,2026-01-19,ST034,MED024,SUP04,84
PO003345,2026-01-16,2026-01-21,2026-01-21,ST034,MED030,SUP02,36
PO003346,2026-01-16,2026-01-21,2026-01-21,ST036,MED006,SUP02,60
PO003347,2026-01-16,2026-01-21,2026-01-21,ST036,MED015,SUP03,96
PO003348,2026-01-16,2026-01-18,2026-01-18,ST036,MED024,SUP04,72
PO003349,2026-01-16,2026-01-20,2026-01-20,ST036,MED029,SUP01,72
PO003350,2026-01-16,2026-01-18,2026-01-18,ST037,MED005,SUP01,72
PO003351,2026-01-16,2026-01-19,2026-01-19,ST037,MED012,SUP04,60
PO003352,2026-01-16,2026-01-21,2026-01-21,ST037,MED026,SUP02,72
PO003353,2026-01-16,2026-01-20,2026-01-20,ST037,MED028,SUP04,48
PO003354,2026-01-16,2026-01-19,2026-01-19,ST038,MED002,SUP02,66
PO003355,2026-01-16,2026-01-19,2026-01-19,ST038,MED003,SUP03,24
PO003356,2026-01-16,2026-01-18,2026-01-18,ST038,MED017,SUP01,72
PO003357,2026-01-16,2026-01-18,2026-01-18,ST038,MED018,SUP02,48
PO003358,2026-01-16,2026-01-19,2026-01-19,ST039,MED010,SUP02,24
PO003359,2026-01-16,2026-01-19,2026-01-19,ST039,MED012,SUP04,60
PO003360,2026-01-16,2026-01-20,2026-01-20,ST039,MED015,SUP03,72
PO003361,2026-01-16,2026-01-19,2026-01-19,ST040,MED002,SUP02,60
PO003362,2026-01-16,2026-01-20,2026-01-20,ST040,MED003,SUP03,24
PO003363,2026-01-16,2026-01-18,2026-01-18,ST040,MED008,SUP04,24
PO003364,2026-01-16,2026-01-18,2026-01-18,ST040,MED010,SUP02,24
PO003365,2026-01-16,2026-01-20,2026-01-23,ST040,MED017,SUP01,60
PO003366,2026-01-16,2026-01-21,2026-01-21,ST040,MED028,SUP04,48
PO003367,2026-01-16,2026-01-21,2026-01-24,ST040,MED030,SUP02,30
PO003368,2026-01-17,2026-01-22,2026-01-22,ST001,MED001,SUP01,72
PO003369,2026-01-17,2026-01-21,2026-01-21,ST001,MED003,SUP03,24
PO003370,2026-01-17,2026-01-22,2026-01-22,ST001,MED007,SUP03,24
PO003371,2026-01-17,2026-01-19,2026-01-19,ST001,MED018,SUP02,48
PO003372,2026-01-17,2026-01-22,2026-01-22,ST001,MED026,SUP02,72
PO003373,2026-01-17,2026-01-21,2026-01-21,ST001,MED030,SUP02,36
PO003374,2026-01-17,2026-01-20,2026-01-20,ST002,MED001,SUP01,72
PO003375,2026-01-17,2026-01-20,2026-01-21,ST002,MED002,SUP02,66
PO003376,2026-01-17,2026-01-19,2026-01-19,ST002,MED003,SUP03,24
PO003377,2026-01-17,2026-01-19,2026-01-19,ST002,MED008,SUP04,24
PO003378,2026-01-17,2026-01-21,2026-01-21,ST002,MED012,SUP04,60
PO003379,2026-01-17,2026-01-20,2026-01-22,ST002,MED026,SUP02,72
PO003380,2026-01-17,2026-01-19,2026-01-21,ST002,MED027,SUP03,72
PO003381,2026-01-17,2026-01-19,2026-01-19,ST003,MED015,SUP03,96
PO003382,2026-01-17,2026-01-21,2026-01-21,ST003,MED022,SUP02,42
PO003383,2026-01-17,2026-01-20,2026-01-20,ST003,MED027,SUP03,72
PO003384,2026-01-17,2026-01-20,2026-01-20,ST003,MED029,SUP01,72
PO003385,2026-01-17,2026-01-22,2026-01-22,ST004,MED005,SUP01,60
PO003386,2026-01-17,2026-01-21,2026-01-21,ST004,MED018,SUP02,48
PO003387,2026-01-17,2026-01-22,2026-01-22,ST004,MED025,SUP01,36
PO003388,2026-01-17,2026-01-19,2026-01-19,ST004,MED028,SUP04,48
PO003389,2026-01-17,2026-01-22,2026-01-22,ST005,MED001,SUP01,72
PO003390,2026-01-17,2026-01-22,2026-01-22,ST005,MED006,SUP02,60
PO003391,2026-01-17,2026-01-19,2026-01-19,ST005,MED014,SUP02,48
PO003392,2026-01-17,2026-01-19,2026-01-19,ST005,MED016,SUP04,48
PO003393,2026-01-17,2026-01-21,2026-01-21,ST005,MED020,SUP04,48
PO003394,2026-01-17,2026-01-19,2026-01-19,ST005,MED022,SUP02,42
PO003395,2026-01-17,2026-01-22,2026-01-22,ST005,MED023,SUP03,60
PO003396,2026-01-17,2026-01-20,2026-01-20,ST005,MED026,SUP02,72
PO003397,2026-01-17,2026-01-19,2026-01-19,ST005,MED027,SUP03,72
PO003398,2026-01-17,2026-01-22,2026-01-22,ST006,MED006,SUP02,72
PO003399,2026-01-17,2026-01-22,2026-01-22,ST006,MED013,SUP01,48
PO003400,2026-01-17,2026-01-21,2026-01-21,ST006,MED015,SUP03,72
PO003401,2026-01-17,2026-01-21,2026-01-21,ST006,MED021,SUP01,66
PO003402,2026-01-17,2026-01-22,2026-01-22,ST006,MED022,SUP02,48
PO003403,2026-01-17,2026-01-20,2026-01-21,ST007,MED006,SUP02,60
PO003404,2026-01-17,2026-01-22,2026-01-22,ST007,MED009,SUP01,60
PO003405,2026-01-17,2026-01-20,2026-01-20,ST007,MED015,SUP03,72
PO003406,2026-01-17,2026-01-19,2026-01-19,ST007,MED020,SUP04,48
PO003407,2026-01-17,2026-01-21,2026-01-21,ST007,MED021,SUP01,54
PO003408,2026-01-17,2026-01-20,2026-01-20,ST007,MED023,SUP03,60
PO003409,2026-01-17,2026-01-21,2026-01-21,ST007,MED024,SUP04,72
PO003410,2026-01-17,2026-01-19,2026-01-19,ST007,MED027,SUP03,72
PO003411,2026-01-17,2026-01-20,2026-01-20,ST007,MED030,SUP02,30
PO003412,2026-01-17,2026-01-19,2026-01-19,ST008,MED001,SUP01,72
PO003413,2026-01-17,2026-01-19,2026-01-19,ST008,MED004,SUP04,48
PO003414,2026-01-17,2026-01-22,2026-01-22,ST008,MED019,SUP03,24
PO003415,2026-01-17,2026-01-21,2026-01-21,ST008,MED020,SUP04,48
PO003416,2026-01-17,2026-01-22,2026-01-22,ST009,MED007,SUP03,24
PO003417,2026-01-17,2026-01-19,2026-01-19,ST009,MED012,SUP04,60
PO003418,2026-01-17,2026-01-20,2026-01-20,ST009,MED030,SUP02,30
PO003419,2026-01-17,2026-01-20,2026-01-20,ST010,MED012,SUP04,60
PO003420,2026-01-17,2026-01-20,2026-01-23,ST010,MED016,SUP04,48
PO003421,2026-01-17,2026-01-21,2026-01-22,ST010,MED017,SUP01,72
PO003422,2026-01-17,2026-01-19,2026-01-19,ST010,MED022,SUP02,36
PO003423,2026-01-17,2026-01-22,2026-01-22,ST011,MED009,SUP01,60
PO003424,2026-01-17,2026-01-20,2026-01-20,ST011,MED012,SUP04,72
PO003425,2026-01-17,2026-01-19,2026-01-19,ST011,MED019,SUP03,24
PO003426,2026-01-17,2026-01-21,2026-01-21,ST012,MED001,SUP01,72
PO003427,2026-01-17,2026-01-20,2026-01-20,ST012,MED004,SUP04,48
PO003428,2026-01-17,2026-01-21,2026-01-21,ST012,MED017,SUP01,96
PO003429,2026-01-17,2026-01-21,2026-01-21,ST012,MED022,SUP02,42
PO003430,2026-01-17,2026-01-20,2026-01-20,ST013,MED006,SUP02,60
PO003431,2026-01-17,2026-01-19,2026-01-19,ST013,MED008,SUP04,24
PO003432,2026-01-17,2026-01-20,2026-01-20,ST013,MED010,SUP02,24
PO003433,2026-01-17,2026-01-22,2026-01-22,ST013,MED015,SUP03,72
PO003434,2026-01-17,2026-01-21,2026-01-21,ST013,MED021,SUP01,54
PO003435,2026-01-17,2026-01-21,2026-01-23,ST014,MED014,SUP02,48
PO003436,2026-01-17,2026-01-19,2026-01-19,ST014,MED023,SUP03,72
PO003437,2026-01-17,2026-01-20,2026-01-20,ST014,MED026,SUP02,72
PO003438,2026-01-17,2026-01-19,2026-01-19,ST014,MED030,SUP02,30
PO003439,2026-01-17,2026-01-22,2026-01-25,ST015,MED001,SUP01,72
PO003440,2026-01-17,2026-01-19,2026-01-19,ST015,MED004,SUP04,48
PO003441,2026-01-17,2026-01-21,2026-01-21,ST015,MED005,SUP01,72
PO003442,2026-01-17,2026-01-21,2026-01-24,ST015,MED011,SUP03,66
PO003443,2026-01-17,2026-01-20,2026-01-20,ST015,MED013,SUP01,48
PO003444,2026-01-17,2026-01-21,2026-01-21,ST015,MED015,SUP03,72
PO003445,2026-01-17,2026-01-22,2026-01-22,ST015,MED020,SUP04,48
PO003446,2026-01-17,2026-01-19,2026-01-19,ST015,MED024,SUP04,72
PO003447,2026-01-17,2026-01-19,2026-01-19,ST015,MED025,SUP01,36
PO003448,2026-01-17,2026-01-19,2026-01-19,ST016,MED010,SUP02,24
PO003449,2026-01-17,2026-01-19,2026-01-19,ST016,MED012,SUP04,60
PO003450,2026-01-17,2026-01-21,2026-01-21,ST016,MED017,SUP01,72
PO003451,2026-01-17,2026-01-19,2026-01-19,ST016,MED021,SUP01,60
PO003452,2026-01-17,2026-01-20,2026-01-20,ST017,MED002,SUP02,66
PO003453,2026-01-17,2026-01-21,2026-01-21,ST017,MED015,SUP03,72
PO003454,2026-01-17,2026-01-21,2026-01-21,ST017,MED017,SUP01,60
PO003455,2026-01-17,2026-01-21,2026-01-21,ST017,MED018,SUP02,48
PO003456,2026-01-17,2026-01-19,2026-01-19,ST017,MED025,SUP01,36
PO003457,2026-01-17,2026-01-21,2026-01-21,ST017,MED029,SUP01,72
PO003458,2026-01-17,2026-01-21,2026-01-21,ST017,MED030,SUP02,30
PO003459,2026-01-17,2026-01-22,2026-01-22,ST018,MED002,SUP02,72
PO003460,2026-01-17,2026-01-21,2026-01-21,ST018,MED009,SUP01,60
PO003461,2026-01-17,2026-01-21,2026-01-21,ST018,MED012,SUP04,60
PO003462,2026-01-17,2026-01-20,2026-01-20,ST018,MED019,SUP03,24
PO003463,2026-01-17,2026-01-21,2026-01-23,ST018,MED022,SUP02,42
PO003464,2026-01-17,2026-01-19,2026-01-19,ST018,MED023,SUP03,60
PO003465,2026-01-17,2026-01-21,2026-01-21,ST018,MED024,SUP04,84
PO003466,2026-01-17,2026-01-22,2026-01-22,ST018,MED027,SUP03,72
PO003467,2026-01-17,2026-01-21,2026-01-21,ST018,MED029,SUP01,72
PO003468,2026-01-17,2026-01-22,2026-01-25,ST019,MED002,SUP02,66
PO003469,2026-01-17,2026-01-20,2026-01-20,ST019,MED003,SUP03,24
PO003470,2026-01-17,2026-01-19,2026-01-19,ST019,MED004,SUP04,48
PO003471,2026-01-17,2026-01-22,2026-01-24,ST019,MED005,SUP01,72
PO003472,2026-01-17,2026-01-21,2026-01-21,ST019,MED009,SUP01,72
PO003473,2026-01-17,2026-01-21,2026-01-21,ST019,MED015,SUP03,96
PO003474,2026-01-17,2026-01-20,2026-01-20,ST019,MED019,SUP03,24
PO003475,2026-01-17,2026-01-20,2026-01-20,ST019,MED025,SUP01,48
PO003476,2026-01-17,2026-01-21,2026-01-21,ST019,MED030,SUP02,30
PO003477,2026-01-17,2026-01-19,2026-01-19,ST020,MED001,SUP01,72
PO003478,2026-01-17,2026-01-22,2026-01-22,ST020,MED004,SUP04,48
PO003479,2026-01-17,2026-01-22,2026-01-22,ST020,MED007,SUP03,24
PO003480,2026-01-17,2026-01-19,2026-01-19,ST020,MED029,SUP01,72
PO003481,2026-01-17,2026-01-19,2026-01-19,ST021,MED011,SUP03,60
PO003482,2026-01-17,2026-01-22,2026-01-22,ST021,MED023,SUP03,72
PO003483,2026-01-17,2026-01-19,2026-01-19,ST021,MED030,SUP02,30
PO003484,2026-01-17,2026-01-22,2026-01-22,ST022,MED001,SUP01,72
PO003485,2026-01-17,2026-01-22,2026-01-22,ST022,MED002,SUP02,66
PO003486,2026-01-17,2026-01-19,2026-01-19,ST022,MED007,SUP03,24
PO003487,2026-01-17,2026-01-20,2026-01-20,ST022,MED016,SUP04,48
PO003488,2026-01-17,2026-01-19,2026-01-19,ST022,MED020,SUP04,48
PO003489,2026-01-17,2026-01-20,2026-01-20,ST022,MED027,SUP03,84
PO003490,2026-01-17,2026-01-20,2026-01-20,ST023,MED013,SUP01,48
PO003491,2026-01-17,2026-01-20,2026-01-20,ST023,MED022,SUP02,42
PO003492,2026-01-17,2026-01-20,2026-01-20,ST024,MED005,SUP01,72
PO003493,2026-01-17,2026-01-22,2026-01-22,ST024,MED012,SUP04,60
PO003494,2026-01-17,2026-01-20,2026-01-21,ST024,MED018,SUP02,48
PO003495,2026-01-17,2026-01-21,2026-01-23,ST024,MED019,SUP03,24
PO003496,2026-01-17,2026-01-21,2026-01-21,ST024,MED026,SUP02,72
PO003497,2026-01-17,2026-01-21,2026-01-21,ST025,MED003,SUP03,24
PO003498,2026-01-17,2026-01-20,2026-01-20,ST025,MED006,SUP02,60
PO003499,2026-01-17,2026-01-21,2026-01-21,ST025,MED017,SUP01,72
PO003500,2026-01-17,2026-01-22,2026-01-22,ST025,MED019,SUP03,24
PO003501,2026-01-17,2026-01-21,2026-01-21,ST026,MED005,SUP01,72
PO003502,2026-01-17,2026-01-20,2026-01-20,ST026,MED006,SUP02,72
PO003503,2026-01-17,2026-01-20,2026-01-22,ST026,MED009,SUP01,60
PO003504,2026-01-17,2026-01-19,2026-01-19,ST026,MED010,SUP02,36
PO003505,2026-01-17,2026-01-22,2026-01-22,ST026,MED022,SUP02,36
PO003506,2026-01-17,2026-01-20,2026-01-22,ST027,MED004,SUP04,48
PO003507,2026-01-17,2026-01-21,2026-01-21,ST027,MED007,SUP03,24
PO003508,2026-01-17,2026-01-22,2026-01-22,ST027,MED012,SUP04,60
PO003509,2026-01-17,2026-01-22,2026-01-24,ST027,MED017,SUP01,60
PO003510,2026-01-17,2026-01-20,2026-01-20,ST027,MED020,SUP04,48
PO003511,2026-01-17,2026-01-22,2026-01-22,ST027,MED026,SUP02,72
PO003512,2026-01-17,2026-01-22,2026-01-23,ST028,MED011,SUP03,60
PO003513,2026-01-17,2026-01-21,2026-01-21,ST028,MED015,SUP03,72
PO003514,2026-01-17,2026-01-20,2026-01-20,ST028,MED021,SUP01,54
PO003515,2026-01-17,2026-01-22,2026-01-24,ST028,MED023,SUP03,60
PO003516,2026-01-17,2026-01-22,2026-01-22,ST028,MED024,SUP04,72
PO003517,2026-01-17,2026-01-21,2026-01-21,ST029,MED001,SUP01,72
PO003518,2026-01-17,2026-01-22,2026-01-25,ST029,MED006,SUP02,60
PO003519,2026-01-17,2026-01-21,2026-01-21,ST029,MED015,SUP03,72
PO003520,2026-01-17,2026-01-21,2026-01-23,ST029,MED020,SUP04,48
PO003521,2026-01-17,2026-01-22,2026-01-22,ST029,MED021,SUP01,66
PO003522,2026-01-17,2026-01-21,2026-01-21,ST030,MED002,SUP02,66
PO003523,2026-01-17,2026-01-22,2026-01-22,ST030,MED003,SUP03,24
PO003524,2026-01-17,2026-01-20,2026-01-20,ST030,MED005,SUP01,72
PO003525,2026-01-17,2026-01-21,2026-01-21,ST030,MED010,SUP02,24
PO003526,2026-01-17,2026-01-21,2026-01-21,ST030,MED012,SUP04,72
PO003527,2026-01-17,2026-01-22,2026-01-22,ST031,MED006,SUP02,60
PO003528,2026-01-17,2026-01-21,2026-01-21,ST031,MED008,SUP04,24
PO003529,2026-01-17,2026-01-22,2026-01-22,ST031,MED018,SUP02,48
PO003530,2026-01-17,2026-01-22,2026-01-22,ST031,MED019,SUP03,24
PO003531,2026-01-17,2026-01-19,2026-01-19,ST031,MED024,SUP04,72
PO003532,2026-01-17,2026-01-21,2026-01-21,ST031,MED027,SUP03,72
PO003533,2026-01-17,2026-01-21,2026-01-21,ST032,MED006,SUP02,60
PO003534,2026-01-17,2026-01-21,2026-01-21,ST032,MED009,SUP01,60
PO003535,2026-01-17,2026-01-20,2026-01-20,ST032,MED017,SUP01,72
PO003536,2026-01-17,2026-01-21,2026-01-22,ST032,MED019,SUP03,24
PO003537,2026-01-17,2026-01-20,2026-01-20,ST032,MED020,SUP04,48
PO003538,2026-01-17,2026-01-21,2026-01-21,ST032,MED025,SUP01,48
PO003539,2026-01-17,2026-01-21,2026-01-21,ST032,MED026,SUP02,72
PO003540,2026-01-17,2026-01-20,2026-01-20,ST032,MED027,SUP03,84
PO003541,2026-01-17,2026-01-20,2026-01-20,ST033,MED001,SUP01,72
PO003542,2026-01-17,2026-01-21,2026-01-21,ST033,MED002,SUP02,60
PO003543,2026-01-17,2026-01-20,2026-01-20,ST033,MED006,SUP02,60
PO003544,2026-01-17,2026-01-20,2026-01-20,ST033,MED007,SUP03,24
PO003545,2026-01-17,2026-01-20,2026-01-20,ST033,MED009,SUP01,60
PO003546,2026-01-17,2026-01-22,2026-01-22,ST033,MED010,SUP02,36
PO003547,2026-01-17,2026-01-22,2026-01-22,ST034,MED001,SUP01,72
PO003548,2026-01-17,2026-01-20,2026-01-20,ST034,MED009,SUP01,72
PO003549,2026-01-17,2026-01-22,2026-01-22,ST034,MED019,SUP03,24
PO003550,2026-01-17,2026-01-20,2026-01-20,ST034,MED026,SUP02,72
PO003551,2026-01-17,2026-01-22,2026-01-22,ST034,MED029,SUP01,72
PO003552,2026-01-17,2026-01-22,2026-01-22,ST035,MED002,SUP02,66
PO003553,2026-01-17,2026-01-19,2026-01-19,ST035,MED004,SUP04,48
PO003554,2026-01-17,2026-01-20,2026-01-20,ST035,MED005,SUP01,72
PO003555,2026-01-17,2026-01-22,2026-01-22,ST035,MED009,SUP01,60
PO003556,2026-01-17,2026-01-20,2026-01-20,ST035,MED014,SUP02,48
PO003557,2026-01-17,2026-01-21,2026-01-21,ST035,MED021,SUP01,60
PO003558,2026-01-17,2026-01-19,2026-01-21,ST035,MED024,SUP04,72
PO003559,2026-01-17,2026-01-20,2026-01-20,ST035,MED025,SUP01,48
PO003560,2026-01-17,2026-01-19,2026-01-19,ST036,MED002,SUP02,60
PO003561,2026-01-17,2026-01-20,2026-01-20,ST036,MED004,SUP04,48
PO003562,2026-01-17,2026-01-19,2026-01-19,ST036,MED009,SUP01,60
PO003563,2026-01-17,2026-01-19,2026-01-19,ST036,MED020,SUP04,48
PO003564,2026-01-17,2026-01-20,2026-01-20,ST036,MED027,SUP03,72
PO003565,2026-01-17,2026-01-19,2026-01-19,ST037,MED003,SUP03,24
PO003566,2026-01-17,2026-01-21,2026-01-21,ST037,MED013,SUP01,48
PO003567,2026-01-17,2026-01-22,2026-01-22,ST037,MED025,SUP01,36
PO003568,2026-01-17,2026-01-20,2026-01-20,ST037,MED027,SUP03,72
PO003569,2026-01-17,2026-01-19,2026-01-19,ST038,MED001,SUP01,72
PO003570,2026-01-17,2026-01-19,2026-01-19,ST038,MED007,SUP03,24
PO003571,2026-01-17,2026-01-22,2026-01-22,ST038,MED009,SUP01,60
PO003572,2026-01-17,2026-01-20,2026-01-20,ST038,MED011,SUP03,66
PO003573,2026-01-17,2026-01-21,2026-01-21,ST038,MED021,SUP01,66
PO003574,2026-01-17,2026-01-22,2026-01-22,ST038,MED022,SUP02,42
PO003575,2026-01-17,2026-01-19,2026-01-19,ST038,MED028,SUP04,48
PO003576,2026-01-17,2026-01-21,2026-01-21,ST039,MED008,SUP04,24
PO003577,2026-01-17,2026-01-22,2026-01-22,ST039,MED025,SUP01,36
PO003578,2026-01-17,2026-01-22,2026-01-22,ST039,MED027,SUP03,72
PO003579,2026-01-17,2026-01-22,2026-01-22,ST039,MED029,SUP01,72
PO003580,2026-01-17,2026-01-21,2026-01-22,ST040,MED007,SUP03,24
PO003581,2026-01-17,2026-01-19,2026-01-19,ST040,MED019,SUP03,24
PO003582,2026-01-17,2026-01-19,2026-01-19,ST040,MED023,SUP03,60
PO003583,2026-01-17,2026-01-20,2026-01-20,ST040,MED024,SUP04,84
PO003584,2026-01-17,2026-01-20,2026-01-20,ST040,MED025,SUP01,36
PO003585,2026-01-17,2026-01-20,2026-01-20,ST040,MED029,SUP01,72
PO003586,2026-01-18,2026-01-23,2026-01-26,ST001,MED002,SUP02,66
PO003587,2026-01-18,2026-01-20,2026-01-20,ST001,MED012,SUP04,60
PO003588,2026-01-18,2026-01-22,2026-01-24,ST001,MED013,SUP01,48
PO003589,2026-01-18,2026-01-21,2026-01-21,ST001,MED015,SUP03,72
PO003590,2026-01-18,2026-01-21,2026-01-21,ST001,MED024,SUP04,72
PO003591,2026-01-18,2026-01-23,2026-01-23,ST001,MED028,SUP04,48
PO003592,2026-01-18,2026-01-22,2026-01-22,ST001,MED029,SUP01,48
PO003593,2026-01-18,2026-01-21,2026-01-21,ST002,MED016,SUP04,48
PO003594,2026-01-18,2026-01-21,2026-01-24,ST002,MED022,SUP02,42
PO003595,2026-01-18,2026-01-21,2026-01-21,ST003,MED017,SUP01,72
PO003596,2026-01-18,2026-01-22,2026-01-22,ST003,MED028,SUP04,48
PO003597,2026-01-18,2026-01-23,2026-01-23,ST003,MED030,SUP02,30
PO003598,2026-01-18,2026-01-23,2026-01-23,ST004,MED002,SUP02,66
PO003599,2026-01-18,2026-01-20,2026-01-20,ST004,MED004,SUP04,48
PO003600,2026-01-18,2026-01-23,2026-01-23,ST004,MED006,SUP02,60
PO003601,2026-01-18,2026-01-22,2026-01-22,ST004,MED007,SUP03,24
PO003602,2026-01-18,2026-01-20,2026-01-20,ST004,MED015,SUP03,72
PO003603,2026-01-18,2026-01-20,2026-01-20,ST004,MED016,SUP04,48
PO003604,2026-01-18,2026-01-21,2026-01-21,ST004,MED021,SUP01,60
PO003605,2026-01-18,2026-01-21,2026-01-21,ST004,MED022,SUP02,42
PO003606,2026-01-18,2026-01-23,2026-01-23,ST005,MED009,SUP01,72
PO003607,2026-01-18,2026-01-20,2026-01-21,ST005,MED024,SUP04,84
PO003608,2026-01-18,2026-01-23,2026-01-24,ST005,MED030,SUP02,30
PO003609,2026-01-18,2026-01-22,2026-01-22,ST006,MED001,SUP01,72
PO003610,2026-01-18,2026-01-21,2026-01-21,ST006,MED002,SUP02,90
PO003611,2026-01-18,2026-01-22,2026-01-22,ST006,MED007,SUP03,24
PO003612,2026-01-18,2026-01-22,2026-01-22,ST006,MED008,SUP04,24
PO003613,2026-01-18,2026-01-23,2026-01-23,ST006,MED009,SUP01,60
PO003614,2026-01-18,2026-01-22,2026-01-22,ST006,MED012,SUP04,72
PO003615,2026-01-18,2026-01-20,2026-01-20,ST006,MED017,SUP01,72
PO003616,2026-01-18,2026-01-23,2026-01-23,ST006,MED025,SUP01,48
PO003617,2026-01-18,2026-01-21,2026-01-23,ST006,MED026,SUP02,96
PO003618,2026-01-18,2026-01-21,2026-01-24,ST006,MED027,SUP03,84
PO003619,2026-01-18,2026-01-23,2026-01-23,ST007,MED011,SUP03,60
PO003620,2026-01-18,2026-01-20,2026-01-20,ST007,MED014,SUP02,48
PO003621,2026-01-18,2026-01-22,2026-01-22,ST007,MED022,SUP02,42
PO003622,2026-01-18,2026-01-22,2026-01-22,ST007,MED026,SUP02,72
PO003623,2026-01-18,2026-01-21,2026-01-23,ST008,MED002,SUP02,66
PO003624,2026-01-18,2026-01-21,2026-01-21,ST008,MED007,SUP03,24
PO003625,2026-01-18,2026-01-22,2026-01-22,ST008,MED012,SUP04,72
PO003626,2026-01-18,2026-01-23,2026-01-23,ST008,MED013,SUP01,48
PO003627,2026-01-18,2026-01-22,2026-01-24,ST008,MED016,SUP04,48
PO003628,2026-01-18,2026-01-21,2026-01-21,ST008,MED022,SUP02,48
PO003629,2026-01-18,2026-01-23,2026-01-23,ST008,MED027,SUP03,72
PO003630,2026-01-18,2026-01-23,2026-01-26,ST008,MED030,SUP02,30
PO003631,2026-01-18,2026-01-21,2026-01-21,ST009,MED009,SUP01,60
PO003632,2026-01-18,2026-01-22,2026-01-22,ST009,MED016,SUP04,48
PO003633,2026-01-18,2026-01-20,2026-01-20,ST009,MED017,SUP01,72
PO003634,2026-01-18,2026-01-22,2026-01-22,ST009,MED021,SUP01,60
PO003635,2026-01-18,2026-01-22,2026-01-22,ST009,MED026,SUP02,72
PO003636,2026-01-18,2026-01-22,2026-01-22,ST009,MED027,SUP03,72
PO003637,2026-01-18,2026-01-20,2026-01-21,ST010,MED002,SUP02,60
PO003638,2026-01-18,2026-01-23,2026-01-23,ST010,MED006,SUP02,60
PO003639,2026-01-18,2026-01-21,2026-01-21,ST010,MED008,SUP04,24
PO003640,2026-01-18,2026-01-23,2026-01-26,ST010,MED009,SUP01,60
PO003641,2026-01-18,2026-01-21,2026-01-21,ST010,MED011,SUP03,60
PO003642,2026-01-18,2026-01-23,2026-01-23,ST010,MED019,SUP03,24
PO003643,2026-01-18,2026-01-20,2026-01-20,ST010,MED029,SUP01,72
PO003644,2026-01-18,2026-01-20,2026-01-20,ST011,MED004,SUP04,48
PO003645,2026-01-18,2026-01-21,2026-01-21,ST011,MED005,SUP01,72
PO003646,2026-01-18,2026-01-22,2026-01-22,ST011,MED006,SUP02,60
PO003647,2026-01-18,2026-01-20,2026-01-20,ST011,MED017,SUP01,60
PO003648,2026-01-18,2026-01-23,2026-01-23,ST011,MED022,SUP02,48
PO003649,2026-01-18,2026-01-22,2026-01-22,ST011,MED024,SUP04,72
PO003650,2026-01-18,2026-01-20,2026-01-20,ST011,MED025,SUP01,36
PO003651,2026-01-18,2026-01-20,2026-01-20,ST011,MED027,SUP03,72
PO003652,2026-01-18,2026-01-20,2026-01-20,ST011,MED028,SUP04,48
PO003653,2026-01-18,2026-01-22,2026-01-22,ST012,MED003,SUP03,24
PO003654,2026-01-18,2026-01-20,2026-01-20,ST012,MED025,SUP01,36
PO003655,2026-01-18,2026-01-20,2026-01-20,ST012,MED026,SUP02,72
PO003656,2026-01-18,2026-01-22,2026-01-22,ST012,MED027,SUP03,84
PO003657,2026-01-18,2026-01-22,2026-01-22,ST012,MED030,SUP02,30
PO003658,2026-01-18,2026-01-21,2026-01-21,ST013,MED001,SUP01,96
PO003659,2026-01-18,2026-01-22,2026-01-22,ST013,MED002,SUP02,84
PO003660,2026-01-18,2026-01-23,2026-01-23,ST013,MED016,SUP04,48
PO003661,2026-01-18,2026-01-21,2026-01-21,ST013,MED017,SUP01,72
PO003662,2026-01-18,2026-01-21,2026-01-21,ST013,MED025,SUP01,36
PO003663,2026-01-18,2026-01-23,2026-01-23,ST013,MED030,SUP02,36
PO003664,2026-01-18,2026-01-22,2026-01-22,ST014,MED001,SUP01,72
PO003665,2026-01-18,2026-01-21,2026-01-21,ST014,MED004,SUP04,48
PO003666,2026-01-18,2026-01-22,2026-01-22,ST014,MED009,SUP01,60
PO003667,2026-01-18,2026-01-22,2026-01-23,ST014,MED029,SUP01,48
PO003668,2026-01-18,2026-01-20,2026-01-20,ST015,MED002,SUP02,66
PO003669,2026-01-18,2026-01-20,2026-01-20,ST015,MED016,SUP04,48
PO003670,2026-01-18,2026-01-23,2026-01-25,ST015,MED029,SUP01,48
PO003671,2026-01-18,2026-01-20,2026-01-22,ST016,MED023,SUP03,60
PO003672,2026-01-18,2026-01-20,2026-01-20,ST016,MED028,SUP04,48
PO003673,2026-01-18,2026-01-22,2026-01-23,ST017,MED006,SUP02,60
PO003674,2026-01-18,2026-01-23,2026-01-26,ST017,MED007,SUP03,24
PO003675,2026-01-18,2026-01-23,2026-01-23,ST017,MED009,SUP01,60
PO003676,2026-01-18,2026-01-23,2026-01-23,ST017,MED010,SUP02,24
PO003677,2026-01-18,2026-01-23,2026-01-23,ST017,MED016,SUP04,48
PO003678,2026-01-18,2026-01-21,2026-01-21,ST017,MED027,SUP03,72
PO003679,2026-01-18,2026-01-22,2026-01-22,ST018,MED005,SUP01,72
PO003680,2026-01-18,2026-01-20,2026-01-20,ST018,MED015,SUP03,72
PO003681,2026-01-18,2026-01-22,2026-01-22,ST018,MED020,SUP04,48
PO003682,2026-01-18,2026-01-23,2026-01-23,ST018,MED025,SUP01,36
PO003683,2026-01-18,2026-01-21,2026-01-21,ST018,MED030,SUP02,30
PO003684,2026-01-18,2026-01-20,2026-01-21,ST019,MED001,SUP01,72
PO003685,2026-01-18,2026-01-21,2026-01-21,ST019,MED006,SUP02,72
PO003686,2026-01-18,2026-01-22,2026-01-22,ST019,MED008,SUP04,24
PO003687,2026-01-18,2026-01-22,2026-01-22,ST019,MED011,SUP03,78
PO003688,2026-01-18,2026-01-20,2026-01-20,ST019,MED012,SUP04,72
PO003689,2026-01-18,2026-01-20,2026-01-20,ST019,MED018,SUP02,48
PO003690,2026-01-18,2026-01-20,2026-01-21,ST019,MED020,SUP04,48
PO003691,2026-01-18,2026-01-23,2026-01-23,ST019,MED022,SUP02,48
PO003692,2026-01-18,2026-01-22,2026-01-22,ST019,MED027,SUP03,84
PO003693,2026-01-18,2026-01-22,2026-01-22,ST020,MED011,SUP03,60
PO003694,2026-01-18,2026-01-20,2026-01-20,ST020,MED016,SUP04,48
PO003695,2026-01-18,2026-01-20,2026-01-23,ST020,MED022,SUP02,42
PO003696,2026-01-18,2026-01-23,2026-01-23,ST020,MED023,SUP03,60
PO003697,2026-01-18,2026-01-20,2026-01-20,ST020,MED025,SUP01,36
PO003698,2026-01-18,2026-01-22,2026-01-23,ST020,MED026,SUP02,72
PO003699,2026-01-18,2026-01-22,2026-01-22,ST020,MED027,SUP03,84
PO003700,2026-01-18,2026-01-22,2026-01-23,ST021,MED005,SUP01,72
PO003701,2026-01-18,2026-01-21,2026-01-21,ST021,MED006,SUP02,60
PO003702,2026-01-18,2026-01-23,2026-01-23,ST021,MED007,SUP03,24
PO003703,2026-01-18,2026-01-20,2026-01-22,ST021,MED017,SUP01,72
PO003704,2026-01-18,2026-01-22,2026-01-22,ST021,MED024,SUP04,72
PO003705,2026-01-18,2026-01-21,2026-01-22,ST021,MED025,SUP01,36
PO003706,2026-01-18,2026-01-21,2026-01-22,ST022,MED012,SUP04,60
PO003707,2026-01-18,2026-01-23,2026-01-26,ST022,MED028,SUP04,48
PO003708,2026-01-18,2026-01-20,2026-01-20,ST023,MED001,SUP01,72
PO003709,2026-01-18,2026-01-23,2026-01-23,ST023,MED008,SUP04,24
PO003710,2026-01-18,2026-01-21,2026-01-21,ST023,MED027,SUP03,72
PO003711,2026-01-18,2026-01-21,2026-01-21,ST023,MED028,SUP04,48
PO003712,2026-01-18,2026-01-22,2026-01-22,ST024,MED006,SUP02,60
PO003713,2026-01-18,2026-01-21,2026-01-21,ST024,MED011,SUP03,60
PO003714,2026-01-18,2026-01-20,2026-01-20,ST024,MED014,SUP02,48
PO003715,2026-01-18,2026-01-22,2026-01-22,ST025,MED005,SUP01,60
PO003716,2026-01-18,2026-01-23,2026-01-23,ST025,MED012,SUP04,60
PO003717,2026-01-18,2026-01-21,2026-01-23,ST025,MED020,SUP04,48
PO003718,2026-01-18,2026-01-21,2026-01-21,ST025,MED021,SUP01,54
PO003719,2026-01-18,2026-01-23,2026-01-23,ST025,MED023,SUP03,72
PO003720,2026-01-18,2026-01-22,2026-01-22,ST025,MED030,SUP02,30
PO003721,2026-01-18,2026-01-21,2026-01-23,ST026,MED007,SUP03,24
PO003722,2026-01-18,2026-01-21,2026-01-22,ST026,MED015,SUP03,72
PO003723,2026-01-18,2026-01-22,2026-01-22,ST026,MED023,SUP03,60
PO003724,2026-01-18,2026-01-23,2026-01-23,ST027,MED002,SUP02,60
PO003725,2026-01-18,2026-01-23,2026-01-23,ST027,MED013,SUP01,48
PO003726,2026-01-18,2026-01-20,2026-01-23,ST027,MED019,SUP03,24
PO003727,2026-01-18,2026-01-20,2026-01-21,ST027,MED023,SUP03,72
PO003728,2026-01-18,2026-01-21,2026-01-21,ST027,MED028,SUP04,48
PO003729,2026-01-18,2026-01-20,2026-01-20,ST028,MED006,SUP02,60
PO003730,2026-01-18,2026-01-22,2026-01-22,ST028,MED009,SUP01,60
PO003731,2026-01-18,2026-01-20,2026-01-20,ST028,MED016,SUP04,48
PO003732,2026-01-18,2026-01-21,2026-01-23,ST028,MED020,SUP04,48
PO003733,2026-01-18,2026-01-21,2026-01-21,ST028,MED025,SUP01,36
PO003734,2026-01-18,2026-01-20,2026-01-20,ST029,MED004,SUP04,48
PO003735,2026-01-18,2026-01-21,2026-01-21,ST029,MED022,SUP02,48
PO003736,2026-01-18,2026-01-23,2026-01-23,ST029,MED027,SUP03,72
PO003737,2026-01-18,2026-01-20,2026-01-20,ST029,MED028,SUP04,48
PO003738,2026-01-18,2026-01-20,2026-01-20,ST029,MED030,SUP02,30
PO003739,2026-01-18,2026-01-21,2026-01-21,ST030,MED007,SUP03,24
PO003740,2026-01-18,2026-01-22,2026-01-22,ST030,MED027,SUP03,84
PO003741,2026-01-18,2026-01-21,2026-01-21,ST031,MED010,SUP02,24
PO003742,2026-01-18,2026-01-23,2026-01-23,ST031,MED011,SUP03,66
PO003743,2026-01-18,2026-01-23,2026-01-23,ST031,MED025,SUP01,36
PO003744,2026-01-18,2026-01-23,2026-01-26,ST031,MED030,SUP02,30
PO003745,2026-01-18,2026-01-23,2026-01-23,ST032,MED005,SUP01,60
PO003746,2026-01-18,2026-01-22,2026-01-25,ST032,MED007,SUP03,24
PO003747,2026-01-18,2026-01-23,2026-01-23,ST032,MED011,SUP03,66
PO003748,2026-01-18,2026-01-23,2026-01-23,ST032,MED012,SUP04,60
PO003749,2026-01-18,2026-01-21,2026-01-21,ST033,MED008,SUP04,24
PO003750,2026-01-18,2026-01-20,2026-01-20,ST033,MED016,SUP04,48
PO003751,2026-01-18,2026-01-21,2026-01-23,ST033,MED018,SUP02,48
PO003752,2026-01-18,2026-01-21,2026-01-21,ST033,MED021,SUP01,60
PO003753,2026-01-18,2026-01-22,2026-01-22,ST034,MED002,SUP02,78
PO003754,2026-01-18,2026-01-20,2026-01-20,ST034,MED004,SUP04,48
PO003755,2026-01-18,2026-01-21,2026-01-21,ST034,MED013,SUP01,48
PO003756,2026-01-18,2026-01-23,2026-01-23,ST034,MED017,SUP01,72
PO003757,2026-01-18,2026-01-23,2026-01-24,ST034,MED020,SUP04,48
PO003758,2026-01-18,2026-01-23,2026-01-23,ST034,MED021,SUP01,66
PO003759,2026-01-18,2026-01-22,2026-01-22,ST034,MED027,SUP03,84
PO003760,2026-01-18,2026-01-20,2026-01-20,ST034,MED028,SUP04,48
PO003761,2026-01-18,2026-01-20,2026-01-20,ST035,MED017,SUP01,72
PO003762,2026-01-18,2026-01-23,2026-01-23,ST036,MED008,SUP04,24
PO003763,2026-01-18,2026-01-22,2026-01-22,ST036,MED017,SUP01,72
PO003764,2026-01-18,2026-01-21,2026-01-21,ST036,MED018,SUP02,48
PO003765,2026-01-18,2026-01-23,2026-01-23,ST036,MED019,SUP03,24
PO003766,2026-01-18,2026-01-20,2026-01-20,ST036,MED021,SUP01,66
PO003767,2026-01-18,2026-01-21,2026-01-21,ST036,MED023,SUP03,60
PO003768,2026-01-18,2026-01-23,2026-01-23,ST036,MED026,SUP02,72
PO003769,2026-01-18,2026-01-22,2026-01-22,ST037,MED006,SUP02,60
PO003770,2026-01-18,2026-01-22,2026-01-22,ST037,MED008,SUP04,24
PO003771,2026-01-18,2026-01-20,2026-01-23,ST038,MED005,SUP01,60
PO003772,2026-01-18,2026-01-23,2026-01-23,ST038,MED010,SUP02,36
PO003773,2026-01-18,2026-01-21,2026-01-21,ST038,MED012,SUP04,60
PO003774,2026-01-18,2026-01-21,2026-01-23,ST038,MED014,SUP02,48
PO003775,2026-01-18,2026-01-23,2026-01-23,ST039,MED005,SUP01,60
PO003776,2026-01-18,2026-01-20,2026-01-20,ST039,MED009,SUP01,60
PO003777,2026-01-18,2026-01-21,2026-01-23,ST039,MED017,SUP01,72
PO003778,2026-01-18,2026-01-20,2026-01-20,ST039,MED022,SUP02,42
PO003779,2026-01-18,2026-01-22,2026-01-22,ST039,MED026,SUP02,72
PO003780,2026-01-18,2026-01-23,2026-01-23,ST040,MED009,SUP01,72
PO003781,2026-01-18,2026-01-21,2026-01-21,ST040,MED011,SUP03,72
PO003782,2026-01-18,2026-01-23,2026-01-23,ST040,MED014,SUP02,48
PO003783,2026-01-18,2026-01-21,2026-01-22,ST040,MED016,SUP04,48
PO003784,2026-01-19,2026-01-22,2026-01-22,ST001,MED016,SUP04,48
PO003785,2026-01-19,2026-01-21,2026-01-21,ST001,MED020,SUP04,48
PO003786,2026-01-19,2026-01-24,2026-01-24,ST001,MED022,SUP02,42
PO003787,2026-01-19,2026-01-23,2026-01-23,ST001,MED027,SUP03,72
PO003788,2026-01-19,2026-01-22,2026-01-22,ST002,MED011,SUP03,66
PO003789,2026-01-19,2026-01-21,2026-01-21,ST003,MED007,SUP03,24
PO003790,2026-01-19,2026-01-22,2026-01-22,ST003,MED009,SUP01,60
PO003791,2026-01-19,2026-01-23,2026-01-23,ST003,MED010,SUP02,24
PO003792,2026-01-19,2026-01-22,2026-01-22,ST003,MED011,SUP03,66
PO003793,2026-01-19,2026-01-22,2026-01-22,ST003,MED012,SUP04,60
PO003794,2026-01-19,2026-01-22,2026-01-22,ST003,MED016,SUP04,48
PO003795,2026-01-19,2026-01-21,2026-01-21,ST003,MED019,SUP03,24
PO003796,2026-01-19,2026-01-24,2026-01-27,ST004,MED009,SUP01,60
PO003797,2026-01-19,2026-01-23,2026-01-23,ST004,MED014,SUP02,48
PO003798,2026-01-19,2026-01-24,2026-01-27,ST005,MED017,SUP01,60
PO003799,2026-01-19,2026-01-24,2026-01-24,ST005,MED018,SUP02,48
PO003800,2026-01-19,2026-01-21,2026-01-21,ST005,MED025,SUP01,48
PO003801,2026-01-19,2026-01-21,2026-01-21,ST005,MED029,SUP01,72
PO003802,2026-01-19,2026-01-23,2026-01-23,ST006,MED028,SUP04,48
PO003803,2026-01-19,2026-01-22,2026-01-22,ST007,MED002,SUP02,66
PO003804,2026-01-19,2026-01-22,2026-01-22,ST007,MED012,SUP04,60
PO003805,2026-01-19,2026-01-21,2026-01-22,ST007,MED013,SUP01,48
PO003806,2026-01-19,2026-01-22,2026-01-22,ST007,MED016,SUP04,48
PO003807,2026-01-19,2026-01-24,2026-01-24,ST009,MED004,SUP04,48
PO003808,2026-01-19,2026-01-24,2026-01-24,ST009,MED023,SUP03,72
PO003809,2026-01-19,2026-01-21,2026-01-21,ST009,MED029,SUP01,48
PO003810,2026-01-19,2026-01-24,2026-01-24,ST010,MED005,SUP01,72
PO003811,2026-01-19,2026-01-22,2026-01-22,ST010,MED010,SUP02,24
PO003812,2026-01-19,2026-01-24,2026-01-27,ST011,MED003,SUP03,24
PO003813,2026-01-19,2026-01-23,2026-01-23,ST011,MED007,SUP03,24
PO003814,2026-01-19,2026-01-22,2026-01-22,ST011,MED013,SUP01,48
PO003815,2026-01-19,2026-01-24,2026-01-24,ST011,MED023,SUP03,72
PO003816,2026-01-19,2026-01-23,2026-01-23,ST011,MED030,SUP02,30
PO003817,2026-01-19,2026-01-23,2026-01-23,ST012,MED005,SUP01,72
PO003818,2026-01-19,2026-01-22,2026-01-22,ST012,MED011,SUP03,60
PO003819,2026-01-19,2026-01-22,2026-01-25,ST012,MED019,SUP03,24
PO003820,2026-01-19,2026-01-22,2026-01-25,ST012,MED024,SUP04,84
PO003821,2026-01-19,2026-01-24,2026-01-24,ST013,MED007,SUP03,24
PO003822,2026-01-19,2026-01-22,2026-01-23,ST013,MED012,SUP04,72
PO003823,2026-01-19,2026-01-24,2026-01-24,ST013,MED013,SUP01,48
PO003824,2026-01-19,2026-01-21,2026-01-21,ST013,MED014,SUP02,48
PO003825,2026-01-19,2026-01-24,2026-01-25,ST013,MED022,SUP02,42
PO003826,2026-01-19,2026-01-22,2026-01-24,ST013,MED023,SUP03,72
PO003827,2026-01-19,2026-01-22,2026-01-22,ST013,MED029,SUP01,48
PO003828,2026-01-19,2026-01-21,2026-01-21,ST014,MED003,SUP03,24
PO003829,2026-01-19,2026-01-21,2026-01-21,ST014,MED005,SUP01,60
PO003830,2026-01-19,2026-01-22,2026-01-22,ST014,MED006,SUP02,60
PO003831,2026-01-19,2026-01-21,2026-01-21,ST014,MED019,SUP03,24
PO003832,2026-01-19,2026-01-23,2026-01-23,ST014,MED024,SUP04,72
PO003833,2026-01-19,2026-01-22,2026-01-22,ST014,MED025,SUP01,36
PO003834,2026-01-19,2026-01-21,2026-01-21,ST014,MED027,SUP03,72
PO003835,2026-01-19,2026-01-24,2026-01-24,ST015,MED007,SUP03,24
PO003836,2026-01-19,2026-01-21,2026-01-21,ST016,MED008,SUP04,24
PO003837,2026-01-19,2026-01-23,2026-01-23,ST016,MED014,SUP02,48
PO003838,2026-01-19,2026-01-21,2026-01-21,ST017,MED004,SUP04,48
PO003839,2026-01-19,2026-01-24,2026-01-24,ST017,MED026,SUP02,72
PO003840,2026-01-19,2026-01-23,2026-01-26,ST018,MED006,SUP02,60
PO003841,2026-01-19,2026-01-22,2026-01-22,ST018,MED011,SUP03,60
PO003842,2026-01-19,2026-01-23,2026-01-23,ST018,MED014,SUP02,48
PO003843,2026-01-19,2026-01-23,2026-01-23,ST020,MED002,SUP02,84
PO003844,2026-01-19,2026-01-24,2026-01-24,ST020,MED013,SUP01,48
PO003845,2026-01-19,2026-01-24,2026-01-24,ST020,MED015,SUP03,72
PO003846,2026-01-19,2026-01-22,2026-01-22,ST020,MED018,SUP02,48
PO003847,2026-01-19,2026-01-23,2026-01-26,ST020,MED020,SUP04,48
PO003848,2026-01-19,2026-01-22,2026-01-22,ST021,MED001,SUP01,72
PO003849,2026-01-19,2026-01-22,2026-01-22,ST021,MED022,SUP02,48
PO003850,2026-01-19,2026-01-24,2026-01-24,ST021,MED026,SUP02,72
PO003851,2026-01-19,2026-01-22,2026-01-22,ST022,MED010,SUP02,24
PO003852,2026-01-19,2026-01-24,2026-01-24,ST022,MED015,SUP03,72
PO003853,2026-01-19,2026-01-22,2026-01-22,ST022,MED021,SUP01,54
PO003854,2026-01-19,2026-01-21,2026-01-21,ST022,MED025,SUP01,48
PO003855,2026-01-19,2026-01-21,2026-01-21,ST022,MED026,SUP02,72
PO003856,2026-01-19,2026-01-21,2026-01-21,ST023,MED002,SUP02,60
PO003857,2026-01-19,2026-01-24,2026-01-24,ST023,MED005,SUP01,72
PO003858,2026-01-19,2026-01-23,2026-01-25,ST023,MED017,SUP01,72
PO003859,2026-01-19,2026-01-23,2026-01-23,ST023,MED018,SUP02,48
PO003860,2026-01-19,2026-01-23,2026-01-23,ST024,MED008,SUP04,24
PO003861,2026-01-19,2026-01-21,2026-01-21,ST024,MED009,SUP01,60
PO003862,2026-01-19,2026-01-22,2026-01-22,ST024,MED022,SUP02,48
PO003863,2026-01-19,2026-01-23,2026-01-23,ST024,MED023,SUP03,72
PO003864,2026-01-19,2026-01-24,2026-01-26,ST024,MED027,SUP03,72
PO003865,2026-01-19,2026-01-21,2026-01-21,ST024,MED030,SUP02,30
PO003866,2026-01-19,2026-01-22,2026-01-25,ST025,MED001,SUP01,72
PO003867,2026-01-19,2026-01-23,2026-01-23,ST025,MED002,SUP02,72
PO003868,2026-01-19,2026-01-24,2026-01-25,ST025,MED009,SUP01,60
PO003869,2026-01-19,2026-01-21,2026-01-21,ST025,MED015,SUP03,72
PO003870,2026-01-19,2026-01-22,2026-01-22,ST025,MED024,SUP04,72
PO003871,2026-01-19,2026-01-21,2026-01-21,ST025,MED026,SUP02,72
PO003872,2026-01-19,2026-01-22,2026-01-22,ST026,MED001,SUP01,72
PO003873,2026-01-19,2026-01-23,2026-01-23,ST026,MED004,SUP04,60
PO003874,2026-01-19,2026-01-22,2026-01-25,ST026,MED013,SUP01,48
PO003875,2026-01-19,2026-01-22,2026-01-22,ST026,MED014,SUP02,48
PO003876,2026-01-19,2026-01-21,2026-01-21,ST026,MED016,SUP04,48
PO003877,2026-01-19,2026-01-24,2026-01-24,ST026,MED021,SUP01,66
PO003878,2026-01-19,2026-01-24,2026-01-24,ST026,MED025,SUP01,36
PO003879,2026-01-19,2026-01-22,2026-01-22,ST026,MED027,SUP03,84
PO003880,2026-01-19,2026-01-23,2026-01-23,ST027,MED008,SUP04,24
PO003881,2026-01-19,2026-01-24,2026-01-24,ST027,MED021,SUP01,60
PO003882,2026-01-19,2026-01-21,2026-01-22,ST027,MED022,SUP02,48
PO003883,2026-01-19,2026-01-21,2026-01-21,ST027,MED024,SUP04,84
PO003884,2026-01-19,2026-01-24,2026-01-24,ST027,MED027,SUP03,84
PO003885,2026-01-19,2026-01-23,2026-01-23,ST028,MED001,SUP01,72
PO003886,2026-01-19,2026-01-23,2026-01-23,ST028,MED002,SUP02,66
PO003887,2026-01-19,2026-01-23,2026-01-23,ST028,MED007,SUP03,24
PO003888,2026-01-19,2026-01-24,2026-01-24,ST028,MED022,SUP02,42
PO003889,2026-01-19,2026-01-24,2026-01-24,ST029,MED002,SUP02,60
PO003890,2026-01-19,2026-01-23,2026-01-23,ST029,MED012,SUP04,60
PO003891,2026-01-19,2026-01-21,2026-01-21,ST030,MED015,SUP03,72
PO003892,2026-01-19,2026-01-23,2026-01-23,ST030,MED019,SUP03,24
PO003893,2026-01-19,2026-01-22,2026-01-22,ST030,MED025,SUP01,36
PO003894,2026-01-19,2026-01-23,2026-01-26,ST030,MED028,SUP04,48
PO003895,2026-01-19,2026-01-22,2026-01-25,ST030,MED030,SUP02,30
PO003896,2026-01-19,2026-01-24,2026-01-24,ST031,MED003,SUP03,24
PO003897,2026-01-19,2026-01-21,2026-01-21,ST031,MED005,SUP01,60
PO003898,2026-01-19,2026-01-22,2026-01-22,ST031,MED007,SUP03,24
PO003899,2026-01-19,2026-01-21,2026-01-21,ST031,MED012,SUP04,60
PO003900,2026-01-19,2026-01-24,2026-01-24,ST031,MED015,SUP03,72
PO003901,2026-01-19,2026-01-23,2026-01-23,ST031,MED026,SUP02,72
PO003902,2026-01-19,2026-01-24,2026-01-24,ST032,MED001,SUP01,72
PO003903,2026-01-19,2026-01-24,2026-01-24,ST032,MED002,SUP02,60
PO003904,2026-01-19,2026-01-23,2026-01-23,ST032,MED021,SUP01,60
PO003905,2026-01-19,2026-01-24,2026-01-24,ST032,MED023,SUP03,60
PO003906,2026-01-19,2026-01-22,2026-01-22,ST033,MED005,SUP01,72
PO003907,2026-01-19,2026-01-23,2026-01-23,ST033,MED017,SUP01,84
PO003908,2026-01-19,2026-01-24,2026-01-24,ST033,MED022,SUP02,48
PO003909,2026-01-19,2026-01-21,2026-01-21,ST033,MED023,SUP03,60
PO003910,2026-01-19,2026-01-24,2026-01-24,ST033,MED024,SUP04,72
PO003911,2026-01-19,2026-01-23,2026-01-26,ST034,MED010,SUP02,24
PO003912,2026-01-19,2026-01-21,2026-01-21,ST034,MED012,SUP04,60
PO003913,2026-01-19,2026-01-22,2026-01-24,ST034,MED016,SUP04,48
PO003914,2026-01-19,2026-01-22,2026-01-22,ST034,MED022,SUP02,42
PO003915,2026-01-19,2026-01-23,2026-01-23,ST035,MED001,SUP01,72
PO003916,2026-01-19,2026-01-24,2026-01-24,ST035,MED003,SUP03,24
PO003917,2026-01-19,2026-01-23,2026-01-23,ST035,MED013,SUP01,48
PO003918,2026-01-19,2026-01-22,2026-01-22,ST035,MED020,SUP04,48
PO003919,2026-01-19,2026-01-24,2026-01-24,ST035,MED023,SUP03,72
PO003920,2026-01-19,2026-01-24,2026-01-24,ST036,MED016,SUP04,48
PO003921,2026-01-19,2026-01-24,2026-01-24,ST036,MED030,SUP02,30
PO003922,2026-01-19,2026-01-21,2026-01-21,ST037,MED010,SUP02,24
PO003923,2026-01-19,2026-01-22,2026-01-22,ST037,MED019,SUP03,24
PO003924,2026-01-19,2026-01-24,2026-01-24,ST037,MED022,SUP02,42
PO003925,2026-01-19,2026-01-23,2026-01-26,ST039,MED002,SUP02,60
PO003926,2026-01-19,2026-01-23,2026-01-24,ST039,MED006,SUP02,60
PO003927,2026-01-19,2026-01-23,2026-01-23,ST039,MED011,SUP03,66
PO003928,2026-01-19,2026-01-24,2026-01-24,ST039,MED021,SUP01,60
PO003929,2026-01-19,2026-01-22,2026-01-22,ST040,MED001,SUP01,72
PO003930,2026-01-19,2026-01-23,2026-01-26,ST040,MED005,SUP01,72
PO003931,2026-01-19,2026-01-23,2026-01-26,ST040,MED012,SUP04,60
PO003932,2026-01-19,2026-01-21,2026-01-21,ST040,MED021,SUP01,60
PO003933,2026-01-19,2026-01-23,2026-01-23,ST040,MED022,SUP02,48
PO003934,2026-01-19,2026-01-21,2026-01-21,ST040,MED027,SUP03,72
PO003935,2026-01-20,2026-01-25,2026-01-25,ST001,MED021,SUP01,60
PO003936,2026-01-20,2026-01-24,2026-01-24,ST002,MED004,SUP04,48
PO003937,2026-01-20,2026-01-24,2026-01-24,ST002,MED005,SUP01,60
PO003938,2026-01-20,2026-01-23,2026-01-23,ST002,MED006,SUP02,60
PO003939,2026-01-20,2026-01-24,2026-01-24,ST002,MED009,SUP01,60
PO003940,2026-01-20,2026-01-23,2026-01-24,ST002,MED017,SUP01,72
PO003941,2026-01-20,2026-01-23,2026-01-23,ST002,MED018,SUP02,48
PO003942,2026-01-20,2026-01-25,2026-01-25,ST002,MED025,SUP01,36
PO003943,2026-01-20,2026-01-24,2026-01-25,ST002,MED028,SUP04,48
PO003944,2026-01-20,2026-01-22,2026-01-22,ST002,MED029,SUP01,72
PO003945,2026-01-20,2026-01-24,2026-01-24,ST003,MED003,SUP03,24
PO003946,2026-01-20,2026-01-25,2026-01-25,ST003,MED021,SUP01,66
PO003947,2026-01-20,2026-01-24,2026-01-24,ST003,MED025,SUP01,36
PO003948,2026-01-20,2026-01-22,2026-01-23,ST004,MED001,SUP01,72
PO003949,2026-01-20,2026-01-25,2026-01-25,ST004,MED013,SUP01,36
PO003950,2026-01-20,2026-01-23,2026-01-26,ST004,MED023,SUP03,72
PO003951,2026-01-20,2026-01-24,2026-01-24,ST004,MED024,SUP04,72
PO003952,2026-01-20,2026-01-25,2026-01-25,ST004,MED027,SUP03,84
PO003953,2026-01-20,2026-01-23,2026-01-25,ST005,MED004,SUP04,48
PO003954,2026-01-20,2026-01-22,2026-01-22,ST005,MED005,SUP01,60
PO003955,2026-01-20,2026-01-22,2026-01-22,ST005,MED010,SUP02,24
PO003956,2026-01-20,2026-01-23,2026-01-24,ST005,MED019,SUP03,24
PO003957,2026-01-20,2026-01-22,2026-01-22,ST006,MED004,SUP04,60
PO003958,2026-01-20,2026-01-24,2026-01-24,ST006,MED010,SUP02,24
PO003959,2026-01-20,2026-01-25,2026-01-25,ST006,MED011,SUP03,60
PO003960,2026-01-20,2026-01-23,2026-01-23,ST006,MED014,SUP02,48
PO003961,2026-01-20,2026-01-23,2026-01-23,ST006,MED016,SUP04,48
PO003962,2026-01-20,2026-01-23,2026-01-23,ST006,MED023,SUP03,72
PO003963,2026-01-20,2026-01-25,2026-01-25,ST006,MED024,SUP04,72
PO003964,2026-01-20,2026-01-23,2026-01-23,ST006,MED029,SUP01,72
PO003965,2026-01-20,2026-01-22,2026-01-25,ST007,MED003,SUP03,24
PO003966,2026-01-20,2026-01-22,2026-01-22,ST007,MED004,SUP04,60
PO003967,2026-01-20,2026-01-23,2026-01-23,ST007,MED008,SUP04,24
PO003968,2026-01-20,2026-01-23,2026-01-23,ST008,MED008,SUP04,24
PO003969,2026-01-20,2026-01-24,2026-01-27,ST008,MED010,SUP02,24
PO003970,2026-01-20,2026-01-25,2026-01-25,ST008,MED028,SUP04,48
PO003971,2026-01-20,2026-01-24,2026-01-24,ST009,MED006,SUP02,60
PO003972,2026-01-20,2026-01-25,2026-01-26,ST009,MED013,SUP01,48
PO003973,2026-01-20,2026-01-23,2026-01-23,ST009,MED015,SUP03,72
PO003974,2026-01-20,2026-01-23,2026-01-23,ST009,MED022,SUP02,48
PO003975,2026-01-20,2026-01-25,2026-01-25,ST010,MED014,SUP02,48
PO003976,2026-01-20,2026-01-23,2026-01-23,ST010,MED015,SUP03,72
PO003977,2026-01-20,2026-01-23,2026-01-23,ST010,MED018,SUP02,48
PO003978,2026-01-20,2026-01-22,2026-01-22,ST010,MED020,SUP04,48
PO003979,2026-01-20,2026-01-24,2026-01-24,ST010,MED021,SUP01,60
PO003980,2026-01-20,2026-01-22,2026-01-22,ST010,MED025,SUP01,36
PO003981,2026-01-20,2026-01-24,2026-01-24,ST010,MED027,SUP03,72
PO003982,2026-01-20,2026-01-24,2026-01-26,ST011,MED001,SUP01,72
PO003983,2026-01-20,2026-01-25,2026-01-25,ST011,MED010,SUP02,24
PO003984,2026-01-20,2026-01-23,2026-01-23,ST011,MED015,SUP03,96
PO003985,2026-01-20,2026-01-25,2026-01-25,ST011,MED021,SUP01,54
PO003986,2026-01-20,2026-01-24,2026-01-24,ST011,MED026,SUP02,72
PO003987,2026-01-20,2026-01-24,2026-01-24,ST012,MED002,SUP02,72
PO003988,2026-01-20,2026-01-25,2026-01-25,ST012,MED006,SUP02,72
PO003989,2026-01-20,2026-01-24,2026-01-24,ST012,MED020,SUP04,48
PO003990,2026-01-20,2026-01-23,2026-01-23,ST012,MED021,SUP01,60
PO003991,2026-01-20,2026-01-25,2026-01-25,ST012,MED028,SUP04,48
PO003992,2026-01-20,2026-01-25,2026-01-25,ST013,MED009,SUP01,60
PO003993,2026-01-20,2026-01-22,2026-01-22,ST013,MED024,SUP04,84
PO003994,2026-01-20,2026-01-25,2026-01-26,ST014,MED002,SUP02,72
PO003995,2026-01-20,2026-01-24,2026-01-24,ST014,MED013,SUP01,48
PO003996,2026-01-20,2026-01-22,2026-01-22,ST014,MED015,SUP03,72
PO003997,2026-01-20,2026-01-23,2026-01-23,ST014,MED017,SUP01,72
PO003998,2026-01-20,2026-01-25,2026-01-25,ST014,MED020,SUP04,48
PO003999,2026-01-20,2026-01-23,2026-01-25,ST014,MED022,SUP02,42
PO004000,2026-01-20,2026-01-23,2026-01-23,ST014,MED028,SUP04,48
PO004001,2026-01-20,2026-01-22,2026-01-22,ST015,MED003,SUP03,24
PO004002,2026-01-20,2026-01-24,2026-01-26,ST015,MED022,SUP02,42
PO004003,2026-01-20,2026-01-22,2026-01-22,ST015,MED027,SUP03,72
PO004004,2026-01-20,2026-01-23,2026-01-23,ST016,MED002,SUP02,66
PO004005,2026-01-20,2026-01-24,2026-01-25,ST016,MED011,SUP03,66
PO004006,2026-01-20,2026-01-22,2026-01-22,ST016,MED018,SUP02,48
PO004007,2026-01-20,2026-01-25,2026-01-25,ST016,MED025,SUP01,36
PO004008,2026-01-20,2026-01-23,2026-01-23,ST017,MED005,SUP01,60
PO004009,2026-01-20,2026-01-25,2026-01-28,ST017,MED011,SUP03,60
PO004010,2026-01-20,2026-01-24,2026-01-24,ST017,MED012,SUP04,60
PO004011,2026-01-20,2026-01-24,2026-01-24,ST017,MED013,SUP01,48
PO004012,2026-01-20,2026-01-22,2026-01-22,ST017,MED014,SUP02,48
PO004013,2026-01-20,2026-01-23,2026-01-23,ST017,MED021,SUP01,54
PO004014,2026-01-20,2026-01-24,2026-01-24,ST017,MED024,SUP04,72
PO004015,2026-01-20,2026-01-25,2026-01-25,ST018,MED001,SUP01,72
PO004016,2026-01-20,2026-01-24,2026-01-24,ST018,MED003,SUP03,24
PO004017,2026-01-20,2026-01-24,2026-01-24,ST018,MED004,SUP04,60
PO004018,2026-01-20,2026-01-22,2026-01-22,ST018,MED013,SUP01,48
PO004019,2026-01-20,2026-01-24,2026-01-24,ST018,MED021,SUP01,60
PO004020,2026-01-20,2026-01-25,2026-01-25,ST018,MED026,SUP02,72
PO004021,2026-01-20,2026-01-25,2026-01-25,ST020,MED003,SUP03,24
PO004022,2026-01-20,2026-01-22,2026-01-22,ST020,MED005,SUP01,72
PO004023,2026-01-20,2026-01-22,2026-01-22,ST020,MED009,SUP01,60
PO004024,2026-01-20,2026-01-24,2026-01-24,ST020,MED017,SUP01,72
PO004025,2026-01-20,2026-01-24,2026-01-24,ST020,MED021,SUP01,60
PO004026,2026-01-20,2026-01-23,2026-01-23,ST020,MED024,SUP04,72
PO004027,2026-01-20,2026-01-23,2026-01-23,ST020,MED028,SUP04,48
PO004028,2026-01-20,2026-01-22,2026-01-22,ST021,MED004,SUP04,48
PO004029,2026-01-20,2026-01-24,2026-01-24,ST021,MED010,SUP02,24
PO004030,2026-01-20,2026-01-23,2026-01-25,ST021,MED016,SUP04,48
PO004031,2026-01-20,2026-01-25,2026-01-25,ST021,MED027,SUP03,72
PO004032,2026-01-20,2026-01-25,2026-01-25,ST022,MED008,SUP04,24
PO004033,2026-01-20,2026-01-23,2026-01-23,ST022,MED023,SUP03,60
PO004034,2026-01-20,2026-01-23,2026-01-23,ST022,MED030,SUP02,30
PO004035,2026-01-20,2026-01-25,2026-01-25,ST023,MED004,SUP04,48
PO004036,2026-01-20,2026-01-23,2026-01-23,ST023,MED010,SUP02,24
PO004037,2026-01-20,2026-01-22,2026-01-22,ST023,MED024,SUP04,72
PO004038,2026-01-20,2026-01-23,2026-01-23,ST024,MED001,SUP01,72
PO004039,2026-01-20,2026-01-23,2026-01-23,ST024,MED007,SUP03,24
PO004040,2026-01-20,2026-01-23,2026-01-23,ST024,MED013,SUP01,48
PO004041,2026-01-20,2026-01-24,2026-01-24,ST024,MED024,SUP04,72
PO004042,2026-01-20,2026-01-22,2026-01-22,ST024,MED028,SUP04,48
PO004043,2026-01-20,2026-01-22,2026-01-24,ST025,MED004,SUP04,48
PO004044,2026-01-20,2026-01-24,2026-01-24,ST025,MED010,SUP02,24
PO004045,2026-01-20,2026-01-24,2026-01-24,ST025,MED011,SUP03,60
PO004046,2026-01-20,2026-01-22,2026-01-24,ST025,MED013,SUP01,48
PO004047,2026-01-20,2026-01-25,2026-01-27,ST025,MED014,SUP02,48
PO004048,2026-01-20,2026-01-24,2026-01-24,ST026,MED002,SUP02,60
PO004049,2026-01-20,2026-01-23,2026-01-23,ST026,MED003,SUP03,24
PO004050,2026-01-20,2026-01-24,2026-01-24,ST026,MED011,SUP03,60
PO004051,2026-01-20,2026-01-22,2026-01-24,ST026,MED012,SUP04,72
PO004052,2026-01-20,2026-01-25,2026-01-25,ST026,MED017,SUP01,72
PO004053,2026-01-20,2026-01-22,2026-01-22,ST026,MED026,SUP02,72
PO004054,2026-01-20,2026-01-23,2026-01-23,ST027,MED010,SUP02,36
PO004055,2026-01-20,2026-01-22,2026-01-25,ST027,MED011,SUP03,66
PO004056,2026-01-20,2026-01-24,2026-01-24,ST027,MED015,SUP03,72
PO004057,2026-01-20,2026-01-25,2026-01-25,ST027,MED016,SUP04,48
PO004058,2026-01-20,2026-01-23,2026-01-23,ST027,MED025,SUP01,36
PO004059,2026-01-20,2026-01-25,2026-01-25,ST028,MED004,SUP04,48
PO004060,2026-01-20,2026-01-25,2026-01-25,ST028,MED010,SUP02,24
PO004061,2026-01-20,2026-01-24,2026-01-24,ST028,MED029,SUP01,72
PO004062,2026-01-20,2026-01-24,2026-01-24,ST029,MED010,SUP02,24
PO004063,2026-01-20,2026-01-22,2026-01-22,ST029,MED013,SUP01,48
PO004064,2026-01-20,2026-01-22,2026-01-22,ST029,MED018,SUP02,48
PO004065,2026-01-20,2026-01-24,2026-01-24,ST029,MED019,SUP03,24
PO004066,2026-01-20,2026-01-24,2026-01-24,ST029,MED023,SUP03,72
PO004067,2026-01-20,2026-01-22,2026-01-22,ST029,MED029,SUP01,48
PO004068,2026-01-20,2026-01-22,2026-01-22,ST030,MED018,SUP02,48
PO004069,2026-01-20,2026-01-22,2026-01-22,ST031,MED016,SUP04,48
PO004070,2026-01-20,2026-01-23,2026-01-23,ST031,MED022,SUP02,42
PO004071,2026-01-20,2026-01-25,2026-01-25,ST031,MED028,SUP04,48
PO004072,2026-01-20,2026-01-24,2026-01-27,ST032,MED003,SUP03,24
PO004073,2026-01-20,2026-01-22,2026-01-24,ST032,MED013,SUP01,48
PO004074,2026-01-20,2026-01-24,2026-01-24,ST032,MED015,SUP03,72
PO004075,2026-01-20,2026-01-25,2026-01-25,ST032,MED018,SUP02,48
PO004076,2026-01-20,2026-01-23,2026-01-23,ST032,MED022,SUP02,48
PO004077,2026-01-20,2026-01-22,2026-01-22,ST032,MED030,SUP02,30
PO004078,2026-01-20,2026-01-23,2026-01-23,ST033,MED012,SUP04,60
PO004079,2026-01-20,2026-01-22,2026-01-24,ST033,MED013,SUP01,36
PO004080,2026-01-20,2026-01-24,2026-01-24,ST033,MED014,SUP02,48
PO004081,2026-01-20,2026-01-23,2026-01-23,ST033,MED015,SUP03,72
PO004082,2026-01-20,2026-01-23,2026-01-23,ST033,MED020,SUP04,48
PO004083,2026-01-20,2026-01-22,2026-01-22,ST033,MED027,SUP03,72
PO004084,2026-01-20,2026-01-22,2026-01-22,ST034,MED008,SUP04,24
PO004085,2026-01-20,2026-01-23,2026-01-23,ST034,MED011,SUP03,66
PO004086,2026-01-20,2026-01-25,2026-01-25,ST034,MED015,SUP03,72
PO004087,2026-01-20,2026-01-25,2026-01-25,ST034,MED025,SUP01,36
PO004088,2026-01-20,2026-01-22,2026-01-22,ST035,MED007,SUP03,24
PO004089,2026-01-20,2026-01-25,2026-01-25,ST035,MED010,SUP02,24
PO004090,2026-01-20,2026-01-25,2026-01-25,ST035,MED011,SUP03,60
PO004091,2026-01-20,2026-01-24,2026-01-24,ST035,MED016,SUP04,48
PO004092,2026-01-20,2026-01-24,2026-01-24,ST035,MED022,SUP02,42
PO004093,2026-01-20,2026-01-25,2026-01-25,ST035,MED026,SUP02,72
PO004094,2026-01-20,2026-01-23,2026-01-23,ST035,MED027,SUP03,72
PO004095,2026-01-20,2026-01-22,2026-01-22,ST036,MED013,SUP01,48
PO004096,2026-01-20,2026-01-23,2026-01-23,ST036,MED022,SUP02,42
PO004097,2026-01-20,2026-01-22,2026-01-22,ST037,MED018,SUP02,48
PO004098,2026-01-20,2026-01-24,2026-01-24,ST037,MED021,SUP01,54
PO004099,2026-01-20,2026-01-22,2026-01-22,ST038,MED002,SUP02,60
PO004100,2026-01-20,2026-01-24,2026-01-24,ST038,MED008,SUP04,24
PO004101,2026-01-20,2026-01-24,2026-01-24,ST038,MED017,SUP01,60
PO004102,2026-01-20,2026-01-22,2026-01-22,ST038,MED023,SUP03,72
PO004103,2026-01-20,2026-01-22,2026-01-22,ST038,MED024,SUP04,72
PO004104,2026-01-20,2026-01-25,2026-01-25,ST038,MED025,SUP01,36
PO004105,2026-01-20,2026-01-22,2026-01-22,ST038,MED027,SUP03,72
PO004106,2026-01-20,2026-01-23,2026-01-23,ST038,MED029,SUP01,72
PO004107,2026-01-20,2026-01-24,2026-01-24,ST039,MED004,SUP04,48
PO004108,2026-01-20,2026-01-23,2026-01-23,ST039,MED007,SUP03,24
PO004109,2026-01-20,2026-01-22,2026-01-22,ST039,MED010,SUP02,24
PO004110,2026-01-20,2026-01-23,2026-01-24,ST039,MED012,SUP04,60
PO004111,2026-01-20,2026-01-25,2026-01-25,ST039,MED014,SUP02,48
PO004112,2026-01-20,2026-01-24,2026-01-24,ST039,MED024,SUP04,72
PO004113,2026-01-20,2026-01-22,2026-01-22,ST039,MED028,SUP04,48
PO004114,2026-01-20,2026-01-22,2026-01-22,ST039,MED030,SUP02,30
PO004115,2026-01-20,2026-01-23,2026-01-25,ST040,MED002,SUP02,72
PO004116,2026-01-20,2026-01-23,2026-01-23,ST040,MED004,SUP04,48
PO004117,2026-01-20,2026-01-24,2026-01-24,ST040,MED026,SUP02,72
PO004118,2026-01-21,2026-01-24,2026-01-24,ST002,MED015,SUP03,96
PO004119,2026-01-21,2026-01-24,2026-01-24,ST002,MED024,SUP04,72
PO004120,2026-01-21,2026-01-24,2026-01-27,ST003,MED005,SUP01,72
PO004121,2026-01-21,2026-01-25,2026-01-25,ST003,MED006,SUP02,60
PO004122,2026-01-21,2026-01-24,2026-01-24,ST003,MED013,SUP01,48
PO004123,2026-01-21,2026-01-24,2026-01-24,ST003,MED014,SUP02,48
PO004124,2026-01-21,2026-01-25,2026-01-27,ST003,MED018,SUP02,48
PO004125,2026-01-21,2026-01-24,2026-01-24,ST003,MED023,SUP03,72
PO004126,2026-01-21,2026-01-25,2026-01-25,ST003,MED024,SUP04,72
PO004127,2026-01-21,2026-01-25,2026-01-25,ST003,MED027,SUP03,72
PO004128,2026-01-21,2026-01-25,2026-01-25,ST004,MED008,SUP04,24
PO004129,2026-01-21,2026-01-25,2026-01-25,ST004,MED011,SUP03,66
PO004130,2026-01-21,2026-01-24,2026-01-24,ST004,MED012,SUP04,60
PO004131,2026-01-21,2026-01-25,2026-01-25,ST004,MED017,SUP01,72
PO004132,2026-01-21,2026-01-26,2026-01-26,ST004,MED026,SUP02,72
PO004133,2026-01-21,2026-01-23,2026-01-23,ST005,MED011,SUP03,66
PO004134,2026-01-21,2026-01-26,2026-01-28,ST005,MED022,SUP02,42
PO004135,2026-01-21,2026-01-25,2026-01-25,ST005,MED027,SUP03,72
PO004136,2026-01-21,2026-01-23,2026-01-23,ST006,MED018,SUP02,48
PO004137,2026-01-21,2026-01-24,2026-01-24,ST006,MED020,SUP04,48
PO004138,2026-01-21,2026-01-25,2026-01-26,ST007,MED001,SUP01,72
PO004139,2026-01-21,2026-01-24,2026-01-24,ST007,MED019,SUP03,24
PO004140,2026-01-21,2026-01-23,2026-01-23,ST007,MED025,SUP01,36
PO004141,2026-01-21,2026-01-26,2026-01-26,ST008,MED017,SUP01,72
PO004142,2026-01-21,2026-01-23,2026-01-23,ST008,MED018,SUP02,48
PO004143,2026-01-21,2026-01-25,2026-01-28,ST008,MED023,SUP03,60
PO004144,2026-01-21,2026-01-23,2026-01-23,ST009,MED005,SUP01,60
PO004145,2026-01-21,2026-01-23,2026-01-23,ST009,MED012,SUP04,60
PO004146,2026-01-21,2026-01-26,2026-01-26,ST009,MED025,SUP01,36
PO004147,2026-01-21,2026-01-26,2026-01-27,ST010,MED001,SUP01,72
PO004148,2026-01-21,2026-01-24,2026-01-24,ST010,MED012,SUP04,60
PO004149,2026-01-21,2026-01-24,2026-01-24,ST010,MED022,SUP02,36
PO004150,2026-01-21,2026-01-24,2026-01-27,ST010,MED024,SUP04,72
PO004151,2026-01-21,2026-01-25,2026-01-25,ST010,MED026,SUP02,72
PO004152,2026-01-21,2026-01-23,2026-01-23,ST010,MED028,SUP04,48
PO004153,2026-01-21,2026-01-23,2026-01-26,ST010,MED030,SUP02,30
PO004154,2026-01-21,2026-01-26,2026-01-26,ST011,MED002,SUP02,72
PO004155,2026-01-21,2026-01-23,2026-01-23,ST011,MED011,SUP03,60
PO004156,2026-01-21,2026-01-24,2026-01-24,ST011,MED012,SUP04,60
PO004157,2026-01-21,2026-01-24,2026-01-26,ST011,MED016,SUP04,48
PO004158,2026-01-21,2026-01-25,2026-01-25,ST011,MED029,SUP01,72
PO004159,2026-01-21,2026-01-26,2026-01-26,ST012,MED004,SUP04,48
PO004160,2026-01-21,2026-01-24,2026-01-24,ST012,MED007,SUP03,24
PO004161,2026-01-21,2026-01-25,2026-01-25,ST012,MED013,SUP01,36
PO004162,2026-01-21,2026-01-23,2026-01-24,ST012,MED015,SUP03,72
PO004163,2026-01-21,2026-01-25,2026-01-25,ST012,MED016,SUP04,48
PO004164,2026-01-21,2026-01-24,2026-01-24,ST012,MED018,SUP02,48
PO004165,2026-01-21,2026-01-26,2026-01-26,ST012,MED023,SUP03,72
PO004166,2026-01-21,2026-01-26,2026-01-26,ST013,MED005,SUP01,72
PO004167,2026-01-21,2026-01-23,2026-01-23,ST013,MED017,SUP01,60
PO004168,2026-01-21,2026-01-25,2026-01-25,ST013,MED018,SUP02,48
PO004169,2026-01-21,2026-01-23,2026-01-23,ST014,MED012,SUP04,60
PO004170,2026-01-21,2026-01-24,2026-01-24,ST014,MED018,SUP02,48
PO004171,2026-01-21,2026-01-25,2026-01-25,ST015,MED006,SUP02,60
PO004172,2026-01-21,2026-01-24,2026-01-24,ST015,MED010,SUP02,24
PO004173,2026-01-21,2026-01-23,2026-01-23,ST015,MED017,SUP01,60
PO004174,2026-01-21,2026-01-25,2026-01-25,ST015,MED021,SUP01,60
PO004175,2026-01-21,2026-01-24,2026-01-24,ST016,MED013,SUP01,48
PO004176,2026-01-21,2026-01-25,2026-01-26,ST016,MED022,SUP02,42
PO004177,2026-01-21,2026-01-24,2026-01-26,ST016,MED030,SUP02,36
PO004178,2026-01-21,2026-01-24,2026-01-25,ST017,MED002,SUP02,66
PO004179,2026-01-21,2026-01-25,2026-01-25,ST017,MED020,SUP04,48
PO004180,2026-01-21,2026-01-23,2026-01-24,ST017,MED028,SUP04,48
PO004181,2026-01-21,2026-01-26,2026-01-26,ST019,MED007,SUP03,24
PO004182,2026-01-21,2026-01-25,2026-01-25,ST019,MED010,SUP02,24
PO004183,2026-01-21,2026-01-24,2026-01-24,ST019,MED016,SUP04,48
PO004184,2026-01-21,2026-01-23,2026-01-23,ST019,MED017,SUP01,72
PO004185,2026-01-21,2026-01-24,2026-01-25,ST019,MED021,SUP01,60
PO004186,2026-01-21,2026-01-24,2026-01-24,ST019,MED023,SUP03,60
PO004187,2026-01-21,2026-01-25,2026-01-25,ST020,MED001,SUP01,72
PO004188,2026-01-21,2026-01-24,2026-01-24,ST020,MED006,SUP02,60
PO004189,2026-01-21,2026-01-25,2026-01-25,ST020,MED012,SUP04,72
PO004190,2026-01-21,2026-01-23,2026-01-23,ST020,MED019,SUP03,24
PO004191,2026-01-21,2026-01-24,2026-01-24,ST020,MED030,SUP02,30
PO004192,2026-01-21,2026-01-25,2026-01-25,ST021,MED002,SUP02,60
PO004193,2026-01-21,2026-01-23,2026-01-23,ST021,MED013,SUP01,48
PO004194,2026-01-21,2026-01-25,2026-01-25,ST021,MED018,SUP02,48
PO004195,2026-01-21,2026-01-23,2026-01-23,ST021,MED019,SUP03,24
PO004196,2026-01-21,2026-01-24,2026-01-24,ST021,MED028,SUP04,48
PO004197,2026-01-21,2026-01-24,2026-01-24,ST022,MED011,SUP03,66
PO004198,2026-01-21,2026-01-24,2026-01-24,ST022,MED022,SUP02,42
PO004199,2026-01-21,2026-01-24,2026-01-26,ST023,MED003,SUP03,24
PO004200,2026-01-21,2026-01-26,2026-01-26,ST023,MED012,SUP04,60
PO004201,2026-01-21,2026-01-24,2026-01-24,ST023,MED014,SUP02,48
PO004202,2026-01-21,2026-01-25,2026-01-25,ST023,MED016,SUP04,48
PO004203,2026-01-21,2026-01-25,2026-01-25,ST023,MED019,SUP03,24
PO004204,2026-01-21,2026-01-26,2026-01-26,ST023,MED021,SUP01,60
PO004205,2026-01-21,2026-01-26,2026-01-26,ST024,MED002,SUP02,66
PO004206,2026-01-21,2026-01-26,2026-01-26,ST024,MED010,SUP02,24
PO004207,2026-01-21,2026-01-25,2026-01-25,ST024,MED015,SUP03,72
PO004208,2026-01-21,2026-01-25,2026-01-28,ST024,MED021,SUP01,60
PO004209,2026-01-21,2026-01-24,2026-01-24,ST024,MED029,SUP01,72
PO004210,2026-01-21,2026-01-24,2026-01-26,ST025,MED007,SUP03,24
PO004211,2026-01-21,2026-01-24,2026-01-25,ST025,MED016,SUP04,48
PO004212,2026-01-21,2026-01-25,2026-01-25,ST025,MED022,SUP02,42
PO004213,2026-01-21,2026-01-26,2026-01-26,ST025,MED025,SUP01,36
PO004214,2026-01-21,2026-01-26,2026-01-26,ST025,MED027,SUP03,84
PO004215,2026-01-21,2026-01-26,2026-01-26,ST026,MED028,SUP04,48
PO004216,2026-01-21,2026-01-23,2026-01-23,ST026,MED030,SUP02,30
PO004217,2026-01-21,2026-01-24,2026-01-24,ST027,MED009,SUP01,60
PO004218,2026-01-21,2026-01-24,2026-01-24,ST028,MED017,SUP01,60
PO004219,2026-01-21,2026-01-23,2026-01-25,ST028,MED019,SUP03,24
PO004220,2026-01-21,2026-01-23,2026-01-23,ST028,MED030,SUP02,30
PO004221,2026-01-21,2026-01-24,2026-01-24,ST029,MED008,SUP04,24
PO004222,2026-01-21,2026-01-25,2026-01-25,ST029,MED009,SUP01,60
PO004223,2026-01-21,2026-01-25,2026-01-25,ST029,MED011,SUP03,60
PO004224,2026-01-21,2026-01-24,2026-01-24,ST029,MED017,SUP01,60
PO004225,2026-01-21,2026-01-25,2026-01-25,ST029,MED024,SUP04,72
PO004226,2026-01-21,2026-01-23,2026-01-23,ST030,MED006,SUP02,72
PO004227,2026-01-21,2026-01-25,2026-01-25,ST030,MED009,SUP01,60
PO004228,2026-01-21,2026-01-26,2026-01-26,ST030,MED011,SUP03,66
PO004229,2026-01-21,2026-01-23,2026-01-23,ST030,MED014,SUP02,48
PO004230,2026-01-21,2026-01-25,2026-01-25,ST030,MED017,SUP01,72
PO004231,2026-01-21,2026-01-25,2026-01-25,ST030,MED021,SUP01,60
PO004232,2026-01-21,2026-01-25,2026-01-26,ST030,MED022,SUP02,42
PO004233,2026-01-21,2026-01-25,2026-01-25,ST030,MED029,SUP01,72
PO004234,2026-01-21,2026-01-26,2026-01-28,ST031,MED001,SUP01,72
PO004235,2026-01-21,2026-01-23,2026-01-23,ST031,MED002,SUP02,66
PO004236,2026-01-21,2026-01-25,2026-01-25,ST031,MED013,SUP01,36
PO004237,2026-01-21,2026-01-26,2026-01-26,ST031,MED023,SUP03,72
PO004238,2026-01-21,2026-01-24,2026-01-24,ST031,MED029,SUP01,72
PO004239,2026-01-21,2026-01-23,2026-01-23,ST032,MED010,SUP02,24
PO004240,2026-01-21,2026-01-26,2026-01-26,ST032,MED016,SUP04,48
PO004241,2026-01-21,2026-01-25,2026-01-25,ST032,MED017,SUP01,60
PO004242,2026-01-21,2026-01-24,2026-01-24,ST032,MED024,SUP04,72
PO004243,2026-01-21,2026-01-24,2026-01-24,ST033,MED002,SUP02,60
PO004244,2026-01-21,2026-01-25,2026-01-25,ST033,MED004,SUP04,48
PO004245,2026-01-21,2026-01-26,2026-01-26,ST034,MED005,SUP01,72
PO004246,2026-01-21,2026-01-23,2026-01-23,ST034,MED006,SUP02,60
PO004247,2026-01-21,2026-01-23,2026-01-23,ST034,MED014,SUP02,48
PO004248,2026-01-21,2026-01-23,2026-01-23,ST034,MED024,SUP04,84
PO004249,2026-01-21,2026-01-24,2026-01-24,ST035,MED028,SUP04,48
PO004250,2026-01-21,2026-01-24,2026-01-24,ST036,MED002,SUP02,60
PO004251,2026-01-21,2026-01-25,2026-01-26,ST036,MED003,SUP03,24
PO004252,2026-01-21,2026-01-26,2026-01-29,ST036,MED007,SUP03,24
PO004253,2026-01-21,2026-01-23,2026-01-23,ST036,MED011,SUP03,60
PO004254,2026-01-21,2026-01-26,2026-01-26,ST037,MED002,SUP02,66
PO004255,2026-01-21,2026-01-25,2026-01-25,ST037,MED004,SUP04,48
PO004256,2026-01-21,2026-01-26,2026-01-26,ST037,MED009,SUP01,72
PO004257,2026-01-21,2026-01-26,2026-01-26,ST037,MED011,SUP03,66
PO004258,2026-01-21,2026-01-26,2026-01-26,ST037,MED012,SUP04,60
PO004259,2026-01-21,2026-01-23,2026-01-23,ST037,MED015,SUP03,72
PO004260,2026-01-21,2026-01-23,2026-01-23,ST037,MED017,SUP01,72
PO004261,2026-01-21,2026-01-26,2026-01-26,ST038,MED004,SUP04,60
PO004262,2026-01-21,2026-01-26,2026-01-26,ST038,MED012,SUP04,60
PO004263,2026-01-21,2026-01-25,2026-01-25,ST038,MED015,SUP03,72
PO004264,2026-01-21,2026-01-26,2026-01-29,ST038,MED026,SUP02,72
PO004265,2026-01-21,2026-01-26,2026-01-26,ST038,MED030,SUP02,30
PO004266,2026-01-21,2026-01-23,2026-01-23,ST039,MED013,SUP01,48
PO004267,2026-01-21,2026-01-25,2026-01-25,ST039,MED015,SUP03,72
PO004268,2026-01-21,2026-01-25,2026-01-28,ST039,MED023,SUP03,72
PO004269,2026-01-22,2026-01-27,2026-01-27,ST001,MED005,SUP01,72
PO004270,2026-01-22,2026-01-24,2026-01-24,ST001,MED006,SUP02,60
PO004271,2026-01-22,2026-01-26,2026-01-26,ST001,MED009,SUP01,60
PO004272,2026-01-22,2026-01-27,2026-01-27,ST001,MED010,SUP02,36
PO004273,2026-01-22,2026-01-24,2026-01-24,ST001,MED017,SUP01,72
PO004274,2026-01-22,2026-01-25,2026-01-27,ST002,MED002,SUP02,66
PO004275,2026-01-22,2026-01-27,2026-01-27,ST002,MED013,SUP01,36
PO004276,2026-01-22,2026-01-26,2026-01-28,ST002,MED021,SUP01,60
PO004277,2026-01-22,2026-01-26,2026-01-26,ST002,MED023,SUP03,60
PO004278,2026-01-22,2026-01-27,2026-01-27,ST002,MED027,SUP03,72
PO004279,2026-01-22,2026-01-24,2026-01-24,ST002,MED030,SUP02,30
PO004280,2026-01-22,2026-01-24,2026-01-24,ST003,MED002,SUP02,66
PO004281,2026-01-22,2026-01-27,2026-01-27,ST003,MED008,SUP04,24
PO004282,2026-01-22,2026-01-26,2026-01-26,ST003,MED022,SUP02,42
PO004283,2026-01-22,2026-01-26,2026-01-26,ST004,MED010,SUP02,36
PO004284,2026-01-22,2026-01-25,2026-01-25,ST004,MED019,SUP03,24
PO004285,2026-01-22,2026-01-26,2026-01-26,ST004,MED022,SUP02,42
PO004286,2026-01-22,2026-01-27,2026-01-27,ST005,MED002,SUP02,72
PO004287,2026-01-22,2026-01-26,2026-01-27,ST005,MED003,SUP03,24
PO004288,2026-01-22,2026-01-25,2026-01-25,ST005,MED008,SUP04,24
PO004289,2026-01-22,2026-01-27,2026-01-27,ST005,MED015,SUP03,72
PO004290,2026-01-22,2026-01-26,2026-01-27,ST005,MED016,SUP04,48
PO004291,2026-01-22,2026-01-27,2026-01-27,ST005,MED021,SUP01,60
PO004292,2026-01-22,2026-01-26,2026-01-26,ST005,MED026,SUP02,72
PO004293,2026-01-22,2026-01-25,2026-01-25,ST005,MED028,SUP04,48
PO004294,2026-01-22,2026-01-26,2026-01-26,ST006,MED015,SUP03,72
PO004295,2026-01-22,2026-01-24,2026-01-24,ST006,MED017,SUP01,72
PO004296,2026-01-22,2026-01-24,2026-01-27,ST006,MED021,SUP01,54
PO004297,2026-01-22,2026-01-26,2026-01-28,ST006,MED030,SUP02,30
PO004298,2026-01-22,2026-01-25,2026-01-25,ST007,MED005,SUP01,60
PO004299,2026-01-22,2026-01-26,2026-01-26,ST007,MED007,SUP03,24
PO004300,2026-01-22,2026-01-26,2026-01-26,ST007,MED010,SUP02,24
PO004301,2026-01-22,2026-01-27,2026-01-27,ST007,MED017,SUP01,72
PO004302,2026-01-22,2026-01-24,2026-01-24,ST007,MED018,SUP02,48
PO004303,2026-01-22,2026-01-26,2026-01-26,ST007,MED029,SUP01,72
PO004304,2026-01-22,2026-01-27,2026-01-27,ST008,MED005,SUP01,72
PO004305,2026-01-22,2026-01-26,2026-01-26,ST008,MED006,SUP02,60
PO004306,2026-01-22,2026-01-24,2026-01-24,ST008,MED009,SUP01,60
PO004307,2026-01-22,2026-01-26,2026-01-26,ST008,MED014,SUP02,48
PO004308,2026-01-22,2026-01-25,2026-01-25,ST008,MED021,SUP01,60
PO004309,2026-01-22,2026-01-24,2026-01-24,ST008,MED025,SUP01,36
PO004310,2026-01-22,2026-01-24,2026-01-24,ST008,MED029,SUP01,48
PO004311,2026-01-22,2026-01-24,2026-01-24,ST009,MED002,SUP02,66
PO004312,2026-01-22,2026-01-26,2026-01-26,ST009,MED028,SUP04,48
PO004313,2026-01-22,2026-01-24,2026-01-24,ST010,MED002,SUP02,60
PO004314,2026-01-22,2026-01-25,2026-01-25,ST010,MED004,SUP04,48
PO004315,2026-01-22,2026-01-24,2026-01-24,ST010,MED007,SUP03,24
PO004316,2026-01-22,2026-01-25,2026-01-25,ST010,MED013,SUP01,48
PO004317,2026-01-22,2026-01-24,2026-01-24,ST010,MED023,SUP03,72
PO004318,2026-01-22,2026-01-24,2026-01-24,ST011,MED017,SUP01,72
PO004319,2026-01-22,2026-01-24,2026-01-24,ST011,MED018,SUP02,48
PO004320,2026-01-22,2026-01-24,2026-01-24,ST011,MED020,SUP04,48
PO004321,2026-01-22,2026-01-25,2026-01-25,ST012,MED009,SUP01,60
PO004322,2026-01-22,2026-01-24,2026-01-24,ST012,MED012,SUP04,72
PO004323,2026-01-22,2026-01-27,2026-01-27,ST012,MED022,SUP02,48
PO004324,2026-01-22,2026-01-26,2026-01-26,ST013,MED003,SUP03,24
PO004325,2026-01-22,2026-01-26,2026-01-26,ST013,MED006,SUP02,72
PO004326,2026-01-22,2026-01-26,2026-01-29,ST013,MED010,SUP02,36
PO004327,2026-01-22,2026-01-24,2026-01-24,ST013,MED020,SUP04,48
PO004328,2026-01-22,2026-01-25,2026-01-25,ST013,MED021,SUP01,66
PO004329,2026-01-22,2026-01-27,2026-01-27,ST013,MED025,SUP01,36
PO004330,2026-01-22,2026-01-26,2026-01-26,ST013,MED026,SUP02,72
PO004331,2026-01-22,2026-01-25,2026-01-25,ST013,MED027,SUP03,84
PO004332,2026-01-22,2026-01-25,2026-01-27,ST014,MED007,SUP03,24
PO004333,2026-01-22,2026-01-25,2026-01-25,ST015,MED008,SUP04,24
PO004334,2026-01-22,2026-01-24,2026-01-24,ST015,MED012,SUP04,60
PO004335,2026-01-22,2026-01-25,2026-01-28,ST015,MED023,SUP03,60
PO004336,2026-01-22,2026-01-25,2026-01-25,ST016,MED001,SUP01,72
PO004337,2026-01-22,2026-01-27,2026-01-27,ST016,MED004,SUP04,48
PO004338,2026-01-22,2026-01-27,2026-01-28,ST016,MED005,SUP01,60
PO004339,2026-01-22,2026-01-24,2026-01-24,ST016,MED009,SUP01,60
PO004340,2026-01-22,2026-01-24,2026-01-24,ST016,MED012,SUP04,60
PO004341,2026-01-22,2026-01-24,2026-01-24,ST016,MED015,SUP03,72
PO004342,2026-01-22,2026-01-26,2026-01-26,ST016,MED016,SUP04,48
PO004343,2026-01-22,2026-01-27,2026-01-27,ST016,MED019,SUP03,24
PO004344,2026-01-22,2026-01-25,2026-01-25,ST016,MED021,SUP01,54
PO004345,2026-01-22,2026-01-24,2026-01-24,ST016,MED026,SUP02,72
PO004346,2026-01-22,2026-01-24,2026-01-24,ST016,MED029,SUP01,72
PO004347,2026-01-22,2026-01-25,2026-01-25,ST017,MED008,SUP04,24
PO004348,2026-01-22,2026-01-25,2026-01-25,ST017,MED017,SUP01,72
PO004349,2026-01-22,2026-01-26,2026-01-26,ST017,MED022,SUP02,42
PO004350,2026-01-22,2026-01-26,2026-01-26,ST017,MED023,SUP03,60
PO004351,2026-01-22,2026-01-27,2026-01-27,ST017,MED025,SUP01,36
PO004352,2026-01-22,2026-01-26,2026-01-26,ST017,MED030,SUP02,30
PO004353,2026-01-22,2026-01-24,2026-01-24,ST018,MED008,SUP04,24
PO004354,2026-01-22,2026-01-25,2026-01-25,ST018,MED010,SUP02,24
PO004355,2026-01-22,2026-01-27,2026-01-27,ST018,MED012,SUP04,60
PO004356,2026-01-22,2026-01-26,2026-01-26,ST018,MED016,SUP04,48
PO004357,2026-01-22,2026-01-27,2026-01-27,ST018,MED017,SUP01,60
PO004358,2026-01-22,2026-01-24,2026-01-26,ST018,MED023,SUP03,72
PO004359,2026-01-22,2026-01-26,2026-01-26,ST019,MED004,SUP04,48
PO004360,2026-01-22,2026-01-27,2026-01-27,ST019,MED012,SUP04,60
PO004361,2026-01-22,2026-01-24,2026-01-24,ST019,MED014,SUP02,48
PO004362,2026-01-22,2026-01-25,2026-01-25,ST019,MED019,SUP03,24
PO004363,2026-01-22,2026-01-26,2026-01-28,ST019,MED020,SUP04,48
PO004364,2026-01-22,2026-01-27,2026-01-27,ST019,MED026,SUP02,72
PO004365,2026-01-22,2026-01-27,2026-01-27,ST019,MED030,SUP02,30
PO004366,2026-01-22,2026-01-24,2026-01-25,ST020,MED008,SUP04,24
PO004367,2026-01-22,2026-01-25,2026-01-25,ST020,MED029,SUP01,48
PO004368,2026-01-22,2026-01-24,2026-01-24,ST021,MED003,SUP03,24
PO004369,2026-01-22,2026-01-25,2026-01-25,ST021,MED009,SUP01,60
PO004370,2026-01-22,2026-01-25,2026-01-25,ST021,MED012,SUP04,60
PO004371,2026-01-22,2026-01-27,2026-01-27,ST021,MED020,SUP04,48
PO004372,2026-01-22,2026-01-27,2026-01-27,ST021,MED021,SUP01,54
PO004373,2026-01-22,2026-01-24,2026-01-24,ST021,MED029,SUP01,48
PO004374,2026-01-22,2026-01-25,2026-01-25,ST022,MED004,SUP04,48
PO004375,2026-01-22,2026-01-27,2026-01-28,ST022,MED005,SUP01,60
PO004376,2026-01-22,2026-01-26,2026-01-26,ST022,MED017,SUP01,72
PO004377,2026-01-22,2026-01-27,2026-01-27,ST022,MED018,SUP02,48
PO004378,2026-01-22,2026-01-27,2026-01-27,ST022,MED019,SUP03,24
PO004379,2026-01-22,2026-01-24,2026-01-25,ST023,MED009,SUP01,60
PO004380,2026-01-22,2026-01-27,2026-01-27,ST023,MED011,SUP03,72
PO004381,2026-01-22,2026-01-24,2026-01-24,ST023,MED015,SUP03,72
PO004382,2026-01-22,2026-01-26,2026-01-26,ST023,MED022,SUP02,42
PO004383,2026-01-22,2026-01-24,2026-01-24,ST023,MED023,SUP03,60
PO004384,2026-01-22,2026-01-25,2026-01-25,ST023,MED025,SUP01,36
PO004385,2026-01-22,2026-01-27,2026-01-27,ST023,MED030,SUP02,30
PO004386,2026-01-22,2026-01-25,2026-01-25,ST024,MED004,SUP04,48
PO004387,2026-01-22,2026-01-25,2026-01-25,ST024,MED005,SUP01,72
PO004388,2026-01-22,2026-01-26,2026-01-26,ST024,MED016,SUP04,48
PO004389,2026-01-22,2026-01-25,2026-01-25,ST024,MED017,SUP01,60
PO004390,2026-01-22,2026-01-27,2026-01-27,ST024,MED020,SUP04,48
PO004391,2026-01-22,2026-01-25,2026-01-25,ST024,MED026,SUP02,72
PO004392,2026-01-22,2026-01-25,2026-01-25,ST025,MED006,SUP02,60
PO004393,2026-01-22,2026-01-26,2026-01-26,ST025,MED008,SUP04,24
PO004394,2026-01-22,2026-01-27,2026-01-27,ST025,MED017,SUP01,72
PO004395,2026-01-22,2026-01-26,2026-01-26,ST026,MED006,SUP02,60
PO004396,2026-01-22,2026-01-25,2026-01-25,ST026,MED008,SUP04,24
PO004397,2026-01-22,2026-01-27,2026-01-27,ST026,MED022,SUP02,36
PO004398,2026-01-22,2026-01-25,2026-01-25,ST026,MED029,SUP01,72
PO004399,2026-01-22,2026-01-26,2026-01-26,ST027,MED018,SUP02,48
PO004400,2026-01-22,2026-01-25,2026-01-25,ST027,MED020,SUP04,48
PO004401,2026-01-22,2026-01-25,2026-01-27,ST028,MED008,SUP04,24
PO004402,2026-01-22,2026-01-27,2026-01-27,ST028,MED012,SUP04,60
PO004403,2026-01-22,2026-01-25,2026-01-25,ST028,MED013,SUP01,36
PO004404,2026-01-22,2026-01-24,2026-01-24,ST028,MED018,SUP02,48
PO004405,2026-01-22,2026-01-27,2026-01-27,ST028,MED026,SUP02,72
PO004406,2026-01-22,2026-01-27,2026-01-27,ST028,MED027,SUP03,72
PO004407,2026-01-22,2026-01-27,2026-01-27,ST029,MED005,SUP01,72
PO004408,2026-01-22,2026-01-27,2026-01-27,ST029,MED022,SUP02,36
PO004409,2026-01-22,2026-01-24,2026-01-26,ST029,MED025,SUP01,36
PO004410,2026-01-22,2026-01-27,2026-01-30,ST030,MED002,SUP02,72
PO004411,2026-01-22,2026-01-24,2026-01-24,ST030,MED004,SUP04,48
PO004412,2026-01-22,2026-01-24,2026-01-24,ST030,MED016,SUP04,48
PO004413,2026-01-22,2026-01-24,2026-01-24,ST030,MED024,SUP04,72
PO004414,2026-01-22,2026-01-24,2026-01-24,ST030,MED026,SUP02,72
PO004415,2026-01-22,2026-01-26,2026-01-26,ST031,MED009,SUP01,60
PO004416,2026-01-22,2026-01-25,2026-01-25,ST031,MED020,SUP04,48
PO004417,2026-01-22,2026-01-27,2026-01-27,ST031,MED027,SUP03,84
PO004418,2026-01-22,2026-01-26,2026-01-27,ST032,MED004,SUP04,48
PO004419,2026-01-22,2026-01-25,2026-01-25,ST032,MED009,SUP01,60
PO004420,2026-01-22,2026-01-26,2026-01-26,ST032,MED027,SUP03,84
PO004421,2026-01-22,2026-01-27,2026-01-27,ST033,MED006,SUP02,72
PO004422,2026-01-22,2026-01-26,2026-01-26,ST033,MED009,SUP01,60
PO004423,2026-01-22,2026-01-25,2026-01-25,ST033,MED011,SUP03,66
PO004424,2026-01-22,2026-01-27,2026-01-27,ST033,MED016,SUP04,48
PO004425,2026-01-22,2026-01-24,2026-01-24,ST033,MED021,SUP01,54
PO004426,2026-01-22,2026-01-26,2026-01-28,ST033,MED025,SUP01,36
PO004427,2026-01-22,2026-01-27,2026-01-27,ST033,MED026,SUP02,72
PO004428,2026-01-22,2026-01-26,2026-01-27,ST033,MED030,SUP02,30
PO004429,2026-01-22,2026-01-26,2026-01-26,ST034,MED003,SUP03,24
PO004430,2026-01-22,2026-01-24,2026-01-24,ST034,MED004,SUP04,48
PO004431,2026-01-22,2026-01-26,2026-01-29,ST034,MED009,SUP01,60
PO004432,2026-01-22,2026-01-25,2026-01-25,ST034,MED023,SUP03,60
PO004433,2026-01-22,2026-01-25,2026-01-25,ST034,MED026,SUP02,72
PO004434,2026-01-22,2026-01-27,2026-01-27,ST035,MED008,SUP04,24
PO004435,2026-01-22,2026-01-26,2026-01-26,ST035,MED012,SUP04,60
PO004436,2026-01-22,2026-01-27,2026-01-27,ST035,MED030,SUP02,36
PO004437,2026-01-22,2026-01-26,2026-01-26,ST036,MED005,SUP01,72
PO004438,2026-01-22,2026-01-25,2026-01-25,ST036,MED006,SUP02,60
PO004439,2026-01-22,2026-01-27,2026-01-27,ST036,MED010,SUP02,24
PO004440,2026-01-22,2026-01-27,2026-01-27,ST036,MED012,SUP04,60
PO004441,2026-01-22,2026-01-24,2026-01-24,ST036,MED024,SUP04,72
PO004442,2026-01-22,2026-01-25,2026-01-25,ST036,MED025,SUP01,36
PO004443,2026-01-22,2026-01-27,2026-01-27,ST037,MED016,SUP04,48
PO004444,2026-01-22,2026-01-24,2026-01-24,ST037,MED023,SUP03,60
PO004445,2026-01-22,2026-01-26,2026-01-29,ST037,MED024,SUP04,72
PO004446,2026-01-22,2026-01-26,2026-01-26,ST037,MED027,SUP03,72
PO004447,2026-01-22,2026-01-27,2026-01-27,ST038,MED007,SUP03,24
PO004448,2026-01-22,2026-01-26,2026-01-28,ST038,MED011,SUP03,60
PO004449,2026-01-22,2026-01-27,2026-01-27,ST038,MED013,SUP01,48
PO004450,2026-01-22,2026-01-24,2026-01-24,ST038,MED016,SUP04,48
PO004451,2026-01-22,2026-01-24,2026-01-24,ST038,MED019,SUP03,24
PO004452,2026-01-22,2026-01-24,2026-01-24,ST038,MED020,SUP04,48
PO004453,2026-01-22,2026-01-25,2026-01-25,ST039,MED016,SUP04,48
PO004454,2026-01-22,2026-01-24,2026-01-24,ST039,MED018,SUP02,48
PO004455,2026-01-22,2026-01-27,2026-01-30,ST039,MED022,SUP02,42
PO004456,2026-01-22,2026-01-24,2026-01-24,ST040,MED006,SUP02,60
PO004457,2026-01-22,2026-01-26,2026-01-26,ST040,MED010,SUP02,24
PO004458,2026-01-22,2026-01-25,2026-01-26,ST040,MED015,SUP03,72
PO004459,2026-01-22,2026-01-25,2026-01-27,ST040,MED020,SUP04,48
PO004460,2026-01-22,2026-01-26,2026-01-26,ST040,MED023,SUP03,60
PO004461,2026-01-22,2026-01-26,2026-01-26,ST040,MED024,SUP04,72
PO004462,2026-01-23,2026-01-25,2026-01-25,ST001,MED014,SUP02,48
PO004463,2026-01-23,2026-01-28,2026-01-28,ST001,MED023,SUP03,72
PO004464,2026-01-23,2026-01-25,2026-01-25,ST002,MED012,SUP04,60
PO004465,2026-01-23,2026-01-25,2026-01-27,ST003,MED001,SUP01,72
PO004466,2026-01-23,2026-01-28,2026-01-28,ST003,MED004,SUP04,60
PO004467,2026-01-23,2026-01-28,2026-01-28,ST003,MED012,SUP04,60
PO004468,2026-01-23,2026-01-26,2026-01-26,ST003,MED017,SUP01,60
PO004469,2026-01-23,2026-01-27,2026-01-27,ST003,MED026,SUP02,72
PO004470,2026-01-23,2026-01-25,2026-01-25,ST004,MED004,SUP04,48
PO004471,2026-01-23,2026-01-27,2026-01-27,ST004,MED005,SUP01,72
PO004472,2026-01-23,2026-01-26,2026-01-26,ST004,MED015,SUP03,72
PO004473,2026-01-23,2026-01-28,2026-01-29,ST004,MED016,SUP04,48
PO004474,2026-01-23,2026-01-25,2026-01-25,ST004,MED020,SUP04,48
PO004475,2026-01-23,2026-01-25,2026-01-25,ST004,MED028,SUP04,48
PO004476,2026-01-23,2026-01-26,2026-01-26,ST004,MED029,SUP01,72
PO004477,2026-01-23,2026-01-25,2026-01-25,ST004,MED030,SUP02,30
PO004478,2026-01-23,2026-01-25,2026-01-25,ST005,MED006,SUP02,60
PO004479,2026-01-23,2026-01-26,2026-01-26,ST005,MED020,SUP04,48
PO004480,2026-01-23,2026-01-28,2026-01-28,ST005,MED023,SUP03,72
PO004481,2026-01-23,2026-01-25,2026-01-28,ST006,MED002,SUP02,72
PO004482,2026-01-23,2026-01-28,2026-01-28,ST006,MED007,SUP03,24
PO004483,2026-01-23,2026-01-26,2026-01-26,ST006,MED012,SUP04,60
PO004484,2026-01-23,2026-01-25,2026-01-25,ST006,MED019,SUP03,24
PO004485,2026-01-23,2026-01-25,2026-01-26,ST006,MED022,SUP02,42
PO004486,2026-01-23,2026-01-26,2026-01-26,ST007,MED022,SUP02,42
PO004487,2026-01-23,2026-01-28,2026-01-28,ST007,MED027,SUP03,72
PO004488,2026-01-23,2026-01-25,2026-01-27,ST007,MED028,SUP04,48
PO004489,2026-01-23,2026-01-25,2026-01-25,ST008,MED003,SUP03,24
PO004490,2026-01-23,2026-01-26,2026-01-26,ST008,MED011,SUP03,66
PO004491,2026-01-23,2026-01-28,2026-01-28,ST008,MED015,SUP03,72
PO004492,2026-01-23,2026-01-26,2026-01-26,ST008,MED022,SUP02,42
PO004493,2026-01-23,2026-01-27,2026-01-27,ST008,MED024,SUP04,72
PO004494,2026-01-23,2026-01-26,2026-01-28,ST009,MED001,SUP01,72
PO004495,2026-01-23,2026-01-28,2026-01-28,ST009,MED003,SUP03,24
PO004496,2026-01-23,2026-01-28,2026-01-28,ST009,MED011,SUP03,66
PO004497,2026-01-23,2026-01-27,2026-01-27,ST009,MED017,SUP01,72
PO004498,2026-01-23,2026-01-27,2026-01-29,ST009,MED018,SUP02,48
PO004499,2026-01-23,2026-01-28,2026-01-28,ST009,MED024,SUP04,72
PO004500,2026-01-23,2026-01-27,2026-01-27,ST009,MED027,SUP03,72
PO004501,2026-01-23,2026-01-25,2026-01-25,ST011,MED008,SUP04,24
PO004502,2026-01-23,2026-01-25,2026-01-25,ST011,MED009,SUP01,60
PO004503,2026-01-23,2026-01-25,2026-01-25,ST011,MED027,SUP03,84
PO004504,2026-01-23,2026-01-26,2026-01-26,ST012,MED001,SUP01,72
PO004505,2026-01-23,2026-01-26,2026-01-26,ST012,MED025,SUP01,36
PO004506,2026-01-23,2026-01-26,2026-01-26,ST012,MED026,SUP02,72
PO004507,2026-01-23,2026-01-25,2026-01-25,ST012,MED027,SUP03,72
PO004508,2026-01-23,2026-01-27,2026-01-27,ST012,MED030,SUP02,30
PO004509,2026-01-23,2026-01-26,2026-01-26,ST013,MED004,SUP04,48
PO004510,2026-01-23,2026-01-26,2026-01-26,ST013,MED011,SUP03,72
PO004511,2026-01-23,2026-01-28,2026-01-29,ST013,MED015,SUP03,72
PO004512,2026-01-23,2026-01-26,2026-01-26,ST013,MED019,SUP03,24
PO004513,2026-01-23,2026-01-28,2026-01-28,ST013,MED028,SUP04,48
PO004514,2026-01-23,2026-01-28,2026-01-28,ST013,MED029,SUP01,72
PO004515,2026-01-23,2026-01-27,2026-01-27,ST014,MED010,SUP02,24
PO004516,2026-01-23,2026-01-27,2026-01-30,ST014,MED011,SUP03,60
PO004517,2026-01-23,2026-01-27,2026-01-27,ST014,MED016,SUP04,48
PO004518,2026-01-23,2026-01-26,2026-01-26,ST015,MED002,SUP02,66
PO004519,2026-01-23,2026-01-25,2026-01-25,ST015,MED004,SUP04,48
PO004520,2026-01-23,2026-01-28,2026-01-28,ST015,MED015,SUP03,72
PO004521,2026-01-23,2026-01-28,2026-01-30,ST015,MED018,SUP02,48
PO004522,2026-01-23,2026-01-27,2026-01-27,ST015,MED019,SUP03,24
PO004523,2026-01-23,2026-01-27,2026-01-27,ST015,MED025,SUP01,36
PO004524,2026-01-23,2026-01-27,2026-01-27,ST015,MED030,SUP02,30
PO004525,2026-01-23,2026-01-25,2026-01-25,ST016,MED006,SUP02,60
PO004526,2026-01-23,2026-01-25,2026-01-25,ST016,MED017,SUP01,72
PO004527,2026-01-23,2026-01-26,2026-01-26,ST016,MED024,SUP04,72
PO004528,2026-01-23,2026-01-28,2026-01-28,ST017,MED015,SUP03,72
PO004529,2026-01-23,2026-01-28,2026-01-28,ST017,MED019,SUP03,24
PO004530,2026-01-23,2026-01-28,2026-01-28,ST017,MED027,SUP03,84
PO004531,2026-01-23,2026-01-27,2026-01-27,ST018,MED002,SUP02,60
PO004532,2026-01-23,2026-01-25,2026-01-25,ST018,MED009,SUP01,60
PO004533,2026-01-23,2026-01-27,2026-01-27,ST018,MED011,SUP03,60
PO004534,2026-01-23,2026-01-26,2026-01-28,ST018,MED015,SUP03,72
PO004535,2026-01-23,2026-01-26,2026-01-26,ST018,MED018,SUP02,48
PO004536,2026-01-23,2026-01-28,2026-01-28,ST018,MED024,SUP04,72
PO004537,2026-01-23,2026-01-28,2026-01-28,ST018,MED027,SUP03,72
PO004538,2026-01-23,2026-01-27,2026-01-27,ST018,MED030,SUP02,36
PO004539,2026-01-23,2026-01-28,2026-01-28,ST019,MED006,SUP02,60
PO004540,2026-01-23,2026-01-25,2026-01-25,ST019,MED009,SUP01,60
PO004541,2026-01-23,2026-01-28,2026-01-28,ST019,MED024,SUP04,72
PO004542,2026-01-23,2026-01-25,2026-01-27,ST019,MED025,SUP01,36
PO004543,2026-01-23,2026-01-26,2026-01-26,ST019,MED028,SUP04,48
PO004544,2026-01-23,2026-01-25,2026-01-25,ST020,MED007,SUP03,24
PO004545,2026-01-23,2026-01-25,2026-01-27,ST020,MED010,SUP02,24
PO004546,2026-01-23,2026-01-28,2026-01-28,ST020,MED011,SUP03,66
PO004547,2026-01-23,2026-01-25,2026-01-25,ST020,MED016,SUP04,48
PO004548,2026-01-23,2026-01-26,2026-01-26,ST020,MED025,SUP01,36
PO004549,2026-01-23,2026-01-27,2026-01-30,ST020,MED027,SUP03,72
PO004550,2026-01-23,2026-01-26,2026-01-28,ST021,MED008,SUP04,24
PO004551,2026-01-23,2026-01-28,2026-01-28,ST021,MED030,SUP02,30
PO004552,2026-01-23,2026-01-27,2026-01-27,ST022,MED002,SUP02,60
PO004553,2026-01-23,2026-01-27,2026-01-27,ST022,MED009,SUP01,60
PO004554,2026-01-23,2026-01-25,2026-01-25,ST022,MED012,SUP04,60
PO004555,2026-01-23,2026-01-27,2026-01-27,ST022,MED027,SUP03,72
PO004556,2026-01-23,2026-01-25,2026-01-25,ST022,MED029,SUP01,48
PO004557,2026-01-23,2026-01-25,2026-01-25,ST023,MED020,SUP04,48
PO004558,2026-01-23,2026-01-28,2026-01-28,ST023,MED026,SUP02,72
PO004559,2026-01-23,2026-01-25,2026-01-25,ST023,MED027,SUP03,72
PO004560,2026-01-23,2026-01-26,2026-01-26,ST023,MED029,SUP01,48
PO004561,2026-01-23,2026-01-26,2026-01-26,ST024,MED011,SUP03,60
PO004562,2026-01-23,2026-01-28,2026-01-28,ST024,MED012,SUP04,60
PO004563,2026-01-23,2026-01-25,2026-01-25,ST024,MED025,SUP01,36
PO004564,2026-01-23,2026-01-27,2026-01-30,ST025,MED018,SUP02,48
PO004565,2026-01-23,2026-01-28,2026-01-28,ST025,MED021,SUP01,60
PO004566,2026-01-23,2026-01-25,2026-01-27,ST025,MED028,SUP04,48
PO004567,2026-01-23,2026-01-28,2026-01-28,ST025,MED030,SUP02,30
PO004568,2026-01-23,2026-01-25,2026-01-25,ST026,MED005,SUP01,72
PO004569,2026-01-23,2026-01-26,2026-01-26,ST026,MED009,SUP01,60
PO004570,2026-01-23,2026-01-25,2026-01-25,ST026,MED015,SUP03,72
PO004571,2026-01-23,2026-01-28,2026-01-28,ST026,MED016,SUP04,48
PO004572,2026-01-23,2026-01-26,2026-01-26,ST026,MED018,SUP02,48
PO004573,2026-01-23,2026-01-28,2026-01-28,ST026,MED019,SUP03,24
PO004574,2026-01-23,2026-01-25,2026-01-26,ST026,MED020,SUP04,48
PO004575,2026-01-23,2026-01-27,2026-01-27,ST026,MED023,SUP03,72
PO004576,2026-01-23,2026-01-27,2026-01-27,ST026,MED027,SUP03,72
PO004577,2026-01-23,2026-01-27,2026-01-27,ST027,MED001,SUP01,72
PO004578,2026-01-23,2026-01-28,2026-01-28,ST027,MED002,SUP02,60
PO004579,2026-01-23,2026-01-28,2026-01-28,ST027,MED003,SUP03,24
PO004580,2026-01-23,2026-01-28,2026-01-28,ST027,MED004,SUP04,48
PO004581,2026-01-23,2026-01-27,2026-01-27,ST027,MED006,SUP02,60
PO004582,2026-01-23,2026-01-26,2026-01-26,ST027,MED007,SUP03,24
PO004583,2026-01-23,2026-01-25,2026-01-25,ST027,MED012,SUP04,72
PO004584,2026-01-23,2026-01-26,2026-01-26,ST027,MED022,SUP02,42
PO004585,2026-01-23,2026-01-28,2026-01-28,ST027,MED023,SUP03,72
PO004586,2026-01-23,2026-01-27,2026-01-27,ST027,MED026,SUP02,72
PO004587,2026-01-23,2026-01-27,2026-01-28,ST027,MED030,SUP02,30
PO004588,2026-01-23,2026-01-28,2026-01-28,ST029,MED007,SUP03,24
PO004589,2026-01-23,2026-01-27,2026-01-27,ST029,MED016,SUP04,48
PO004590,2026-01-23,2026-01-27,2026-01-27,ST029,MED026,SUP02,72
PO004591,2026-01-23,2026-01-27,2026-01-27,ST030,MED001,SUP01,72
PO004592,2026-01-23,2026-01-25,2026-01-25,ST030,MED005,SUP01,72
PO004593,2026-01-23,2026-01-26,2026-01-26,ST030,MED007,SUP03,24
PO004594,2026-01-23,2026-01-26,2026-01-27,ST030,MED012,SUP04,72
PO004595,2026-01-23,2026-01-28,2026-01-28,ST030,MED023,SUP03,60
PO004596,2026-01-23,2026-01-25,2026-01-28,ST031,MED004,SUP04,48
PO004597,2026-01-23,2026-01-27,2026-01-27,ST031,MED014,SUP02,48
PO004598,2026-01-23,2026-01-25,2026-01-25,ST031,MED017,SUP01,72
PO004599,2026-01-23,2026-01-27,2026-01-27,ST031,MED021,SUP01,54
PO004600,2026-01-23,2026-01-25,2026-01-25,ST031,MED024,SUP04,72
PO004601,2026-01-23,2026-01-25,2026-01-25,ST032,MED006,SUP02,60
PO004602,2026-01-23,2026-01-26,2026-01-26,ST032,MED014,SUP02,48
PO004603,2026-01-23,2026-01-25,2026-01-25,ST032,MED020,SUP04,48
PO004604,2026-01-23,2026-01-27,2026-01-27,ST032,MED026,SUP02,72
PO004605,2026-01-23,2026-01-25,2026-01-26,ST032,MED028,SUP04,48
PO004606,2026-01-23,2026-01-27,2026-01-29,ST033,MED001,SUP01,72
PO004607,2026-01-23,2026-01-27,2026-01-27,ST033,MED003,SUP03,24
PO004608,2026-01-23,2026-01-28,2026-01-28,ST033,MED007,SUP03,24
PO004609,2026-01-23,2026-01-25,2026-01-25,ST033,MED019,SUP03,24
PO004610,2026-01-23,2026-01-27,2026-01-27,ST033,MED028,SUP04,48
PO004611,2026-01-23,2026-01-27,2026-01-27,ST033,MED029,SUP01,72
PO004612,2026-01-23,2026-01-28,2026-01-28,ST034,MED001,SUP01,72
PO004613,2026-01-23,2026-01-28,2026-01-28,ST034,MED002,SUP02,60
PO004614,2026-01-23,2026-01-27,2026-01-27,ST034,MED007,SUP03,24
PO004615,2026-01-23,2026-01-26,2026-01-26,ST034,MED012,SUP04,72
PO004616,2026-01-23,2026-01-25,2026-01-25,ST034,MED022,SUP02,48
PO004617,2026-01-23,2026-01-27,2026-01-27,ST034,MED027,SUP03,72
PO004618,2026-01-23,2026-01-26,2026-01-26,ST035,MED002,SUP02,60
PO004619,2026-01-23,2026-01-28,2026-01-28,ST035,MED018,SUP02,48
PO004620,2026-01-23,2026-01-25,2026-01-25,ST035,MED019,SUP03,24
PO004621,2026-01-23,2026-01-25,2026-01-26,ST035,MED029,SUP01,72
PO004622,2026-01-23,2026-01-27,2026-01-27,ST036,MED001,SUP01,72
PO004623,2026-01-23,2026-01-25,2026-01-25,ST037,MED001,SUP01,72
PO004624,2026-01-23,2026-01-27,2026-01-27,ST037,MED007,SUP03,24
PO004625,2026-01-23,2026-01-25,2026-01-25,ST037,MED014,SUP02,48
PO004626,2026-01-23,2026-01-25,2026-01-25,ST037,MED020,SUP04,48
PO004627,2026-01-23,2026-01-28,2026-01-28,ST037,MED025,SUP01,36
PO004628,2026-01-23,2026-01-27,2026-01-27,ST037,MED029,SUP01,72
PO004629,2026-01-23,2026-01-25,2026-01-25,ST037,MED030,SUP02,30
PO004630,2026-01-23,2026-01-26,2026-01-26,ST038,MED009,SUP01,60
PO004631,2026-01-23,2026-01-26,2026-01-26,ST038,MED018,SUP02,48
PO004632,2026-01-23,2026-01-25,2026-01-25,ST038,MED021,SUP01,60
PO004633,2026-01-23,2026-01-26,2026-01-26,ST039,MED003,SUP03,24
PO004634,2026-01-23,2026-01-26,2026-01-26,ST039,MED020,SUP04,48
PO004635,2026-01-23,2026-01-25,2026-01-25,ST039,MED025,SUP01,36
PO004636,2026-01-23,2026-01-26,2026-01-26,ST039,MED027,SUP03,72
PO004637,2026-01-23,2026-01-26,2026-01-26,ST040,MED011,SUP03,60
PO004638,2026-01-23,2026-01-25,2026-01-25,ST040,MED013,SUP01,48
PO004639,2026-01-23,2026-01-25,2026-01-28,ST040,MED021,SUP01,54
PO004640,2026-01-23,2026-01-26,2026-01-26,ST040,MED025,SUP01,36
PO004641,2026-01-23,2026-01-26,2026-01-26,ST040,MED027,SUP03,72
PO004642,2026-01-23,2026-01-25,2026-01-25,ST040,MED028,SUP04,48
PO004643,2026-01-23,2026-01-26,2026-01-26,ST040,MED029,SUP01,72
PO004644,2026-01-24,2026-01-28,2026-01-28,ST001,MED003,SUP03,24
PO004645,2026-01-24,2026-01-29,2026-01-30,ST001,MED004,SUP04,60
PO004646,2026-01-24,2026-01-28,2026-01-28,ST001,MED011,SUP03,66
PO004647,2026-01-24,2026-01-26,2026-01-26,ST001,MED012,SUP04,60
PO004648,2026-01-24,2026-01-27,2026-01-27,ST001,MED019,SUP03,24
PO004649,2026-01-24,2026-01-26,2026-01-26,ST001,MED025,SUP01,36
PO004650,2026-01-24,2026-01-29,2026-02-01,ST001,MED026,SUP02,72
PO004651,2026-01-24,2026-01-27,2026-01-27,ST001,MED029,SUP01,72
PO004652,2026-01-24,2026-01-28,2026-01-28,ST001,MED030,SUP02,30
PO004653,2026-01-24,2026-01-27,2026-01-27,ST002,MED001,SUP01,72
PO004654,2026-01-24,2026-01-29,2026-01-29,ST002,MED008,SUP04,24
PO004655,2026-01-24,2026-01-29,2026-01-29,ST002,MED010,SUP02,36
PO004656,2026-01-24,2026-01-29,2026-01-29,ST002,MED019,SUP03,24
PO004657,2026-01-24,2026-01-29,2026-01-29,ST002,MED020,SUP04,48
PO004658,2026-01-24,2026-01-26,2026-01-26,ST003,MED007,SUP03,24
PO004659,2026-01-24,2026-01-26,2026-01-26,ST003,MED009,SUP01,60
PO004660,2026-01-24,2026-01-29,2026-01-31,ST003,MED010,SUP02,24
PO004661,2026-01-24,2026-01-29,2026-01-29,ST003,MED020,SUP04,48
PO004662,2026-01-24,2026-01-28,2026-01-28,ST004,MED002,SUP02,72
PO004663,2026-01-24,2026-01-28,2026-01-28,ST004,MED003,SUP03,24
PO004664,2026-01-24,2026-01-29,2026-01-29,ST004,MED006,SUP02,60
PO004665,2026-01-24,2026-01-28,2026-01-28,ST004,MED018,SUP02,48
PO004666,2026-01-24,2026-01-27,2026-01-29,ST004,MED021,SUP01,60
PO004667,2026-01-24,2026-01-26,2026-01-26,ST004,MED025,SUP01,48
PO004668,2026-01-24,2026-01-28,2026-01-28,ST005,MED001,SUP01,72
PO004669,2026-01-24,2026-01-26,2026-01-28,ST005,MED005,SUP01,60
PO004670,2026-01-24,2026-01-28,2026-01-28,ST005,MED007,SUP03,24
PO004671,2026-01-24,2026-01-29,2026-01-29,ST005,MED013,SUP01,48
PO004672,2026-01-24,2026-01-27,2026-01-27,ST005,MED024,SUP04,84
PO004673,2026-01-24,2026-01-26,2026-01-26,ST006,MED001,SUP01,96
PO004674,2026-01-24,2026-01-27,2026-01-27,ST006,MED005,SUP01,60
PO004675,2026-01-24,2026-01-29,2026-01-29,ST006,MED006,SUP02,60
PO004676,2026-01-24,2026-01-27,2026-01-27,ST006,MED009,SUP01,72
PO004677,2026-01-24,2026-01-26,2026-01-26,ST006,MED013,SUP01,48
PO004678,2026-01-24,2026-01-28,2026-01-28,ST006,MED023,SUP03,60
PO004679,2026-01-24,2026-01-26,2026-01-26,ST007,MED006,SUP02,60
PO004680,2026-01-24,2026-01-27,2026-01-29,ST007,MED012,SUP04,60
PO004681,2026-01-24,2026-01-26,2026-01-26,ST007,MED020,SUP04,48
PO004682,2026-01-24,2026-01-29,2026-01-29,ST007,MED023,SUP03,60
PO004683,2026-01-24,2026-01-27,2026-01-29,ST008,MED002,SUP02,60
PO004684,2026-01-24,2026-01-28,2026-01-28,ST008,MED004,SUP04,48
PO004685,2026-01-24,2026-01-28,2026-01-31,ST008,MED020,SUP04,48
PO004686,2026-01-24,2026-01-28,2026-01-28,ST008,MED026,SUP02,72
PO004687,2026-01-24,2026-01-29,2026-01-29,ST008,MED027,SUP03,72
PO004688,2026-01-24,2026-01-27,2026-01-29,ST009,MED008,SUP04,24
PO004689,2026-01-24,2026-01-27,2026-01-27,ST009,MED009,SUP01,60
PO004690,2026-01-24,2026-01-26,2026-01-26,ST009,MED010,SUP02,24
PO004691,2026-01-24,2026-01-26,2026-01-28,ST009,MED014,SUP02,48
PO004692,2026-01-24,2026-01-28,2026-01-31,ST009,MED016,SUP04,48
PO004693,2026-01-24,2026-01-29,2026-02-01,ST009,MED019,SUP03,24
PO004694,2026-01-24,2026-01-27,2026-01-27,ST009,MED021,SUP01,60
PO004695,2026-01-24,2026-01-28,2026-01-28,ST009,MED030,SUP02,36
PO004696,2026-01-24,2026-01-28,2026-01-29,ST010,MED011,SUP03,66
PO004697,2026-01-24,2026-01-26,2026-01-26,ST010,MED017,SUP01,72
PO004698,2026-01-24,2026-01-26,2026-01-26,ST010,MED020,SUP04,48
PO004699,2026-01-24,2026-01-26,2026-01-26,ST010,MED029,SUP01,72
PO004700,2026-01-24,2026-01-27,2026-01-27,ST011,MED004,SUP04,60
PO004701,2026-01-24,2026-01-27,2026-01-27,ST011,MED005,SUP01,72
PO004702,2026-01-24,2026-01-27,2026-01-27,ST011,MED006,SUP02,60
PO004703,2026-01-24,2026-01-28,2026-01-28,ST011,MED024,SUP04,84
PO004704,2026-01-24,2026-01-26,2026-01-26,ST011,MED025,SUP01,36
PO004705,2026-01-24,2026-01-26,2026-01-26,ST011,MED028,SUP04,48
PO004706,2026-01-24,2026-01-28,2026-01-28,ST011,MED030,SUP02,30
PO004707,2026-01-24,2026-01-26,2026-01-26,ST012,MED011,SUP03,66
PO004708,2026-01-24,2026-01-26,2026-01-26,ST012,MED014,SUP02,48
PO004709,2026-01-24,2026-01-26,2026-01-27,ST012,MED017,SUP01,72
PO004710,2026-01-24,2026-01-28,2026-01-28,ST013,MED001,SUP01,72
PO004711,2026-01-24,2026-01-27,2026-01-27,ST013,MED002,SUP02,72
PO004712,2026-01-24,2026-01-28,2026-01-28,ST013,MED008,SUP04,24
PO004713,2026-01-24,2026-01-27,2026-01-27,ST013,MED012,SUP04,60
PO004714,2026-01-24,2026-01-29,2026-01-31,ST013,MED017,SUP01,60
PO004715,2026-01-24,2026-01-27,2026-01-27,ST014,MED021,SUP01,66
PO004716,2026-01-24,2026-01-28,2026-01-28,ST014,MED023,SUP03,72
PO004717,2026-01-24,2026-01-29,2026-01-29,ST014,MED025,SUP01,36
PO004718,2026-01-24,2026-01-29,2026-01-29,ST015,MED009,SUP01,60
PO004719,2026-01-24,2026-01-28,2026-01-28,ST015,MED016,SUP04,48
PO004720,2026-01-24,2026-01-28,2026-01-30,ST015,MED024,SUP04,72
PO004721,2026-01-24,2026-01-29,2026-01-29,ST015,MED026,SUP02,72
PO004722,2026-01-24,2026-01-27,2026-01-27,ST015,MED028,SUP04,48
PO004723,2026-01-24,2026-01-27,2026-01-27,ST016,MED007,SUP03,24
PO004724,2026-01-24,2026-01-29,2026-01-29,ST016,MED010,SUP02,36
PO004725,2026-01-24,2026-01-28,2026-01-28,ST016,MED020,SUP04,48
PO004726,2026-01-24,2026-01-28,2026-01-29,ST016,MED027,SUP03,72
PO004727,2026-01-24,2026-01-29,2026-01-29,ST016,MED028,SUP04,48
PO004728,2026-01-24,2026-01-28,2026-01-28,ST017,MED001,SUP01,72
PO004729,2026-01-24,2026-01-29,2026-01-29,ST017,MED003,SUP03,24
PO004730,2026-01-24,2026-01-28,2026-01-28,ST017,MED004,SUP04,60
PO004731,2026-01-24,2026-01-28,2026-01-28,ST017,MED009,SUP01,60
PO004732,2026-01-24,2026-01-27,2026-01-27,ST017,MED010,SUP02,36
PO004733,2026-01-24,2026-01-27,2026-01-27,ST018,MED005,SUP01,72
PO004734,2026-01-24,2026-01-27,2026-01-27,ST018,MED007,SUP03,24
PO004735,2026-01-24,2026-01-28,2026-01-28,ST018,MED022,SUP02,48
PO004736,2026-01-24,2026-01-27,2026-01-28,ST018,MED028,SUP04,48
PO004737,2026-01-24,2026-01-27,2026-01-27,ST018,MED029,SUP01,48
PO004738,2026-01-24,2026-01-26,2026-01-26,ST019,MED001,SUP01,72
PO004739,2026-01-24,2026-01-28,2026-01-28,ST019,MED003,SUP03,24
PO004740,2026-01-24,2026-01-28,2026-01-28,ST019,MED011,SUP03,66
PO004741,2026-01-24,2026-01-28,2026-01-28,ST019,MED013,SUP01,48
PO004742,2026-01-24,2026-01-27,2026-01-30,ST019,MED015,SUP03,72
PO004743,2026-01-24,2026-01-29,2026-01-29,ST019,MED017,SUP01,60
PO004744,2026-01-24,2026-01-26,2026-01-26,ST019,MED022,SUP02,42
PO004745,2026-01-24,2026-01-28,2026-01-28,ST019,MED027,SUP03,84
PO004746,2026-01-24,2026-01-28,2026-01-28,ST019,MED029,SUP01,72
PO004747,2026-01-24,2026-01-26,2026-01-26,ST020,MED004,SUP04,60
PO004748,2026-01-24,2026-01-27,2026-01-27,ST020,MED005,SUP01,60
PO004749,2026-01-24,2026-01-29,2026-01-29,ST020,MED009,SUP01,60
PO004750,2026-01-24,2026-01-27,2026-01-27,ST020,MED014,SUP02,48
PO004751,2026-01-24,2026-01-26,2026-01-26,ST020,MED022,SUP02,48
PO004752,2026-01-24,2026-01-29,2026-01-29,ST020,MED023,SUP03,72
PO004753,2026-01-24,2026-01-29,2026-01-29,ST020,MED026,SUP02,72
PO004754,2026-01-24,2026-01-28,2026-01-28,ST021,MED015,SUP03,72
PO004755,2026-01-24,2026-01-27,2026-01-30,ST021,MED025,SUP01,36
PO004756,2026-01-24,2026-01-27,2026-01-27,ST022,MED003,SUP03,24
PO004757,2026-01-24,2026-01-28,2026-01-30,ST022,MED007,SUP03,24
PO004758,2026-01-24,2026-01-28,2026-01-28,ST022,MED010,SUP02,24
PO004759,2026-01-24,2026-01-29,2026-02-01,ST022,MED013,SUP01,48
PO004760,2026-01-24,2026-01-27,2026-01-27,ST022,MED016,SUP04,48
PO004761,2026-01-24,2026-01-26,2026-01-26,ST022,MED020,SUP04,48
PO004762,2026-01-24,2026-01-26,2026-01-29,ST023,MED001,SUP01,72
PO004763,2026-01-24,2026-01-27,2026-01-29,ST023,MED002,SUP02,60
PO004764,2026-01-24,2026-01-28,2026-01-28,ST024,MED006,SUP02,60
PO004765,2026-01-24,2026-01-26,2026-01-26,ST024,MED022,SUP02,48
PO004766,2026-01-24,2026-01-29,2026-01-29,ST025,MED002,SUP02,60
PO004767,2026-01-24,2026-01-26,2026-01-26,ST025,MED005,SUP01,72
PO004768,2026-01-24,2026-01-27,2026-01-27,ST025,MED012,SUP04,72
PO004769,2026-01-24,2026-01-26,2026-01-26,ST025,MED015,SUP03,72
PO004770,2026-01-24,2026-01-28,2026-01-29,ST025,MED019,SUP03,24
PO004771,2026-01-24,2026-01-27,2026-01-27,ST025,MED024,SUP04,72
PO004772,2026-01-24,2026-01-27,2026-01-28,ST025,MED029,SUP01,72
PO004773,2026-01-24,2026-01-28,2026-01-28,ST026,MED001,SUP01,72
PO004774,2026-01-24,2026-01-26,2026-01-26,ST026,MED002,SUP02,60
PO004775,2026-01-24,2026-01-26,2026-01-28,ST026,MED010,SUP02,36
PO004776,2026-01-24,2026-01-27,2026-01-27,ST026,MED024,SUP04,72
PO004777,2026-01-24,2026-01-28,2026-01-28,ST027,MED005,SUP01,72
PO004778,2026-01-24,2026-01-29,2026-01-29,ST027,MED013,SUP01,36
PO004779,2026-01-24,2026-01-26,2026-01-26,ST027,MED017,SUP01,60
PO004780,2026-01-24,2026-01-27,2026-01-27,ST027,MED024,SUP04,72
PO004781,2026-01-24,2026-01-28,2026-01-28,ST027,MED029,SUP01,48
PO004782,2026-01-24,2026-01-29,2026-02-01,ST028,MED002,SUP02,60
PO004783,2026-01-24,2026-01-29,2026-01-29,ST028,MED006,SUP02,60
PO004784,2026-01-24,2026-01-28,2026-01-28,ST028,MED014,SUP02,48
PO004785,2026-01-24,2026-01-29,2026-01-29,ST028,MED021,SUP01,54
PO004786,2026-01-24,2026-01-28,2026-01-28,ST029,MED015,SUP03,72
PO004787,2026-01-24,2026-01-26,2026-01-26,ST029,MED027,SUP03,72
PO004788,2026-01-24,2026-01-28,2026-01-28,ST030,MED013,SUP01,48
PO004789,2026-01-24,2026-01-26,2026-01-26,ST030,MED020,SUP04,48
PO004790,2026-01-24,2026-01-29,2026-01-29,ST030,MED025,SUP01,36
PO004791,2026-01-24,2026-01-27,2026-01-27,ST030,MED027,SUP03,84
PO004792,2026-01-24,2026-01-27,2026-01-27,ST031,MED006,SUP02,60
PO004793,2026-01-24,2026-01-26,2026-01-26,ST031,MED010,SUP02,36
PO004794,2026-01-24,2026-01-27,2026-01-27,ST031,MED011,SUP03,60
PO004795,2026-01-24,2026-01-28,2026-01-28,ST031,MED012,SUP04,72
PO004796,2026-01-24,2026-01-29,2026-01-29,ST031,MED022,SUP02,36
PO004797,2026-01-24,2026-01-26,2026-01-26,ST032,MED002,SUP02,60
PO004798,2026-01-24,2026-01-26,2026-01-26,ST032,MED005,SUP01,72
PO004799,2026-01-24,2026-01-26,2026-01-26,ST032,MED008,SUP04,24
PO004800,2026-01-24,2026-01-26,2026-01-26,ST032,MED011,SUP03,72
PO004801,2026-01-24,2026-01-27,2026-01-27,ST032,MED012,SUP04,72
PO004802,2026-01-24,2026-01-29,2026-01-29,ST032,MED021,SUP01,54
PO004803,2026-01-24,2026-01-29,2026-01-29,ST032,MED022,SUP02,42
PO004804,2026-01-24,2026-01-27,2026-01-27,ST032,MED025,SUP01,36
PO004805,2026-01-24,2026-01-27,2026-01-27,ST032,MED029,SUP01,72
PO004806,2026-01-24,2026-01-29,2026-01-29,ST033,MED005,SUP01,72
PO004807,2026-01-24,2026-01-29,2026-01-29,ST033,MED008,SUP04,24
PO004808,2026-01-24,2026-01-26,2026-01-26,ST033,MED012,SUP04,60
PO004809,2026-01-24,2026-01-29,2026-01-29,ST033,MED023,SUP03,72
PO004810,2026-01-24,2026-01-26,2026-01-26,ST033,MED027,SUP03,84
PO004811,2026-01-24,2026-01-29,2026-01-29,ST034,MED013,SUP01,60
PO004812,2026-01-24,2026-01-29,2026-01-29,ST034,MED017,SUP01,72
PO004813,2026-01-24,2026-01-26,2026-01-26,ST034,MED018,SUP02,48
PO004814,2026-01-24,2026-01-29,2026-02-01,ST034,MED021,SUP01,54
PO004815,2026-01-24,2026-01-28,2026-01-30,ST034,MED029,SUP01,72
PO004816,2026-01-24,2026-01-29,2026-01-29,ST034,MED030,SUP02,36
PO004817,2026-01-24,2026-01-29,2026-01-29,ST035,MED006,SUP02,60
PO004818,2026-01-24,2026-01-29,2026-01-29,ST035,MED009,SUP01,60
PO004819,2026-01-24,2026-01-26,2026-01-26,ST035,MED015,SUP03,72
PO004820,2026-01-24,2026-01-26,2026-01-26,ST035,MED017,SUP01,72
PO004821,2026-01-24,2026-01-29,2026-01-29,ST035,MED021,SUP01,54
PO004822,2026-01-24,2026-01-26,2026-01-27,ST035,MED024,SUP04,72
PO004823,2026-01-24,2026-01-29,2026-01-29,ST036,MED004,SUP04,48
PO004824,2026-01-24,2026-01-28,2026-01-31,ST036,MED017,SUP01,60
PO004825,2026-01-24,2026-01-28,2026-01-29,ST036,MED020,SUP04,48
PO004826,2026-01-24,2026-01-27,2026-01-27,ST036,MED027,SUP03,84
PO004827,2026-01-24,2026-01-28,2026-01-28,ST036,MED028,SUP04,48
PO004828,2026-01-24,2026-01-29,2026-01-29,ST037,MED005,SUP01,72
PO004829,2026-01-24,2026-01-27,2026-01-29,ST037,MED006,SUP02,60
PO004830,2026-01-24,2026-01-28,2026-01-28,ST037,MED026,SUP02,72
PO004831,2026-01-24,2026-01-26,2026-01-26,ST038,MED001,SUP01,72
PO004832,2026-01-24,2026-01-28,2026-01-28,ST038,MED002,SUP02,72
PO004833,2026-01-24,2026-01-27,2026-01-27,ST038,MED003,SUP03,24
PO004834,2026-01-24,2026-01-28,2026-01-28,ST038,MED005,SUP01,72
PO004835,2026-01-24,2026-01-29,2026-01-29,ST038,MED006,SUP02,72
PO004836,2026-01-24,2026-01-29,2026-01-29,ST038,MED022,SUP02,48
PO004837,2026-01-24,2026-01-26,2026-01-26,ST038,MED027,SUP03,72
PO004838,2026-01-24,2026-01-27,2026-01-27,ST039,MED005,SUP01,72
PO004839,2026-01-24,2026-01-27,2026-01-27,ST039,MED009,SUP01,60
PO004840,2026-01-24,2026-01-26,2026-01-29,ST039,MED010,SUP02,24
PO004841,2026-01-24,2026-01-29,2026-01-29,ST039,MED011,SUP03,60
PO004842,2026-01-24,2026-01-26,2026-01-26,ST039,MED017,SUP01,72
PO004843,2026-01-24,2026-01-26,2026-01-26,ST039,MED026,SUP02,72
PO004844,2026-01-24,2026-01-27,2026-01-27,ST039,MED029,SUP01,48
PO004845,2026-01-24,2026-01-29,2026-01-29,ST040,MED003,SUP03,24
PO004846,2026-01-24,2026-01-29,2026-01-29,ST040,MED008,SUP04,24
PO004847,2026-01-24,2026-01-27,2026-01-28,ST040,MED016,SUP04,48
PO004848,2026-01-24,2026-01-29,2026-01-29,ST040,MED017,SUP01,84
PO004849,2026-01-25,2026-01-28,2026-01-28,ST001,MED001,SUP01,72
PO004850,2026-01-25,2026-01-28,2026-01-28,ST001,MED008,SUP04,24
PO004851,2026-01-25,2026-01-29,2026-01-29,ST001,MED015,SUP03,72
PO004852,2026-01-25,2026-01-27,2026-01-27,ST001,MED022,SUP02,48
PO004853,2026-01-25,2026-01-29,2026-01-29,ST001,MED024,SUP04,84
PO004854,2026-01-25,2026-01-27,2026-01-27,ST001,MED027,SUP03,84
PO004855,2026-01-25,2026-01-29,2026-01-29,ST002,MED003,SUP03,24
PO004856,2026-01-25,2026-01-29,2026-02-01,ST002,MED011,SUP03,60
PO004857,2026-01-25,2026-01-28,2026-01-28,ST002,MED014,SUP02,48
PO004858,2026-01-25,2026-01-29,2026-01-29,ST002,MED022,SUP02,48
PO004859,2026-01-25,2026-01-30,2026-01-30,ST002,MED026,SUP02,72
PO004860,2026-01-25,2026-01-30,2026-01-30,ST003,MED011,SUP03,78
PO004861,2026-01-25,2026-01-29,2026-01-30,ST003,MED015,SUP03,96
PO004862,2026-01-25,2026-01-29,2026-01-29,ST003,MED019,SUP03,24
PO004863,2026-01-25,2026-01-27,2026-01-30,ST003,MED029,SUP01,72
PO004864,2026-01-25,2026-01-29,2026-01-29,ST003,MED030,SUP02,30
PO004865,2026-01-25,2026-01-28,2026-01-28,ST004,MED007,SUP03,24
PO004866,2026-01-25,2026-01-30,2026-01-30,ST004,MED013,SUP01,48
PO004867,2026-01-25,2026-01-28,2026-01-28,ST004,MED024,SUP04,72
PO004868,2026-01-25,2026-01-28,2026-01-28,ST005,MED009,SUP01,60
PO004869,2026-01-25,2026-01-30,2026-02-02,ST005,MED012,SUP04,72
PO004870,2026-01-25,2026-01-28,2026-01-28,ST005,MED014,SUP02,48
PO004871,2026-01-25,2026-01-29,2026-01-29,ST005,MED025,SUP01,36
PO004872,2026-01-25,2026-01-28,2026-01-28,ST005,MED029,SUP01,72
PO004873,2026-01-25,2026-01-27,2026-01-28,ST005,MED030,SUP02,30
PO004874,2026-01-25,2026-01-30,2026-01-30,ST006,MED010,SUP02,24
PO004875,2026-01-25,2026-01-30,2026-01-30,ST006,MED016,SUP04,48
PO004876,2026-01-25,2026-01-29,2026-01-29,ST006,MED017,SUP01,72
PO004877,2026-01-25,2026-01-30,2026-01-30,ST006,MED025,SUP01,48
PO004878,2026-01-25,2026-01-29,2026-01-29,ST006,MED027,SUP03,72
PO004879,2026-01-25,2026-01-27,2026-01-27,ST006,MED029,SUP01,48
PO004880,2026-01-25,2026-01-28,2026-01-28,ST007,MED002,SUP02,66
PO004881,2026-01-25,2026-01-27,2026-01-27,ST007,MED009,SUP01,60
PO004882,2026-01-25,2026-01-28,2026-01-28,ST007,MED015,SUP03,72
PO004883,2026-01-25,2026-01-29,2026-01-29,ST007,MED021,SUP01,54
PO004884,2026-01-25,2026-01-29,2026-01-29,ST007,MED024,SUP04,72
PO004885,2026-01-25,2026-01-30,2026-01-30,ST008,MED001,SUP01,72
PO004886,2026-01-25,2026-01-29,2026-01-31,ST008,MED007,SUP03,24
PO004887,2026-01-25,2026-01-29,2026-01-29,ST008,MED012,SUP04,72
PO004888,2026-01-25,2026-01-29,2026-01-29,ST008,MED013,SUP01,48
PO004889,2026-01-25,2026-01-30,2026-01-30,ST009,MED004,SUP04,48
PO004890,2026-01-25,2026-01-27,2026-01-27,ST009,MED020,SUP04,48
PO004891,2026-01-25,2026-01-28,2026-01-28,ST009,MED022,SUP02,48
PO004892,2026-01-25,2026-01-27,2026-01-27,ST009,MED026,SUP02,72
PO004893,2026-01-25,2026-01-29,2026-01-29,ST009,MED029,SUP01,72
PO004894,2026-01-25,2026-01-30,2026-01-30,ST010,MED006,SUP02,72
PO004895,2026-01-25,2026-01-28,2026-01-28,ST010,MED010,SUP02,24
PO004896,2026-01-25,2026-01-27,2026-01-28,ST010,MED022,SUP02,42
PO004897,2026-01-25,2026-01-30,2026-01-31,ST010,MED027,SUP03,96
PO004898,2026-01-25,2026-01-27,2026-01-29,ST011,MED007,SUP03,24
PO004899,2026-01-25,2026-01-30,2026-01-30,ST011,MED012,SUP04,60
PO004900,2026-01-25,2026-01-27,2026-01-27,ST011,MED013,SUP01,48
PO004901,2026-01-25,2026-01-30,2026-01-30,ST011,MED015,SUP03,72
PO004902,2026-01-25,2026-01-27,2026-01-27,ST011,MED019,SUP03,24
PO004903,2026-01-25,2026-01-30,2026-01-30,ST011,MED022,SUP02,42
PO004904,2026-01-25,2026-01-27,2026-01-30,ST011,MED023,SUP03,60
PO004905,2026-01-25,2026-01-29,2026-01-29,ST012,MED002,SUP02,66
PO004906,2026-01-25,2026-01-27,2026-01-27,ST012,MED005,SUP01,72
PO004907,2026-01-25,2026-01-27,2026-01-27,ST012,MED007,SUP03,24
PO004908,2026-01-25,2026-01-29,2026-01-29,ST012,MED008,SUP04,24
PO004909,2026-01-25,2026-01-29,2026-02-01,ST012,MED013,SUP01,36
PO004910,2026-01-25,2026-01-30,2026-01-30,ST012,MED020,SUP04,48
PO004911,2026-01-25,2026-01-28,2026-01-28,ST012,MED021,SUP01,60
PO004912,2026-01-25,2026-01-29,2026-01-31,ST012,MED029,SUP01,72
PO004913,2026-01-25,2026-01-29,2026-01-29,ST013,MED013,SUP01,36
PO004914,2026-01-25,2026-01-27,2026-01-27,ST013,MED014,SUP02,48
PO004915,2026-01-25,2026-01-30,2026-01-30,ST013,MED016,SUP04,48
PO004916,2026-01-25,2026-01-28,2026-01-28,ST013,MED024,SUP04,84
PO004917,2026-01-25,2026-01-29,2026-01-30,ST013,MED030,SUP02,36
PO004918,2026-01-25,2026-01-29,2026-01-29,ST014,MED008,SUP04,24
PO004919,2026-01-25,2026-01-28,2026-01-28,ST014,MED009,SUP01,72
PO004920,2026-01-25,2026-01-27,2026-01-27,ST014,MED026,SUP02,72
PO004921,2026-01-25,2026-01-29,2026-01-31,ST014,MED029,SUP01,72
PO004922,2026-01-25,2026-01-28,2026-01-28,ST014,MED030,SUP02,30
PO004923,2026-01-25,2026-01-29,2026-01-29,ST015,MED005,SUP01,72
PO004924,2026-01-25,2026-01-30,2026-01-30,ST015,MED013,SUP01,48
PO004925,2026-01-25,2026-01-29,2026-01-29,ST015,MED020,SUP04,48
PO004926,2026-01-25,2026-01-28,2026-01-28,ST015,MED027,SUP03,72
PO004927,2026-01-25,2026-01-30,2026-01-30,ST016,MED002,SUP02,66
PO004928,2026-01-25,2026-01-29,2026-01-29,ST016,MED003,SUP03,24
PO004929,2026-01-25,2026-01-29,2026-01-29,ST016,MED023,SUP03,72
PO004930,2026-01-25,2026-01-27,2026-01-27,ST017,MED005,SUP01,60
PO004931,2026-01-25,2026-01-30,2026-01-30,ST017,MED006,SUP02,72
PO004932,2026-01-25,2026-01-28,2026-01-28,ST017,MED012,SUP04,72
PO004933,2026-01-25,2026-01-27,2026-01-27,ST017,MED016,SUP04,48
PO004934,2026-01-25,2026-01-27,2026-01-27,ST017,MED018,SUP02,48
PO004935,2026-01-25,2026-01-30,2026-01-30,ST017,MED021,SUP01,54
PO004936,2026-01-25,2026-01-27,2026-01-27,ST017,MED024,SUP04,72
PO004937,2026-01-25,2026-01-27,2026-01-28,ST017,MED029,SUP01,72
PO004938,2026-01-25,2026-01-27,2026-01-27,ST018,MED019,SUP03,24
PO004939,2026-01-25,2026-01-28,2026-01-28,ST018,MED020,SUP04,48
PO004940,2026-01-25,2026-01-27,2026-01-27,ST018,MED021,SUP01,54
PO004941,2026-01-25,2026-01-30,2026-01-30,ST018,MED025,SUP01,36
PO004942,2026-01-25,2026-01-29,2026-01-29,ST019,MED005,SUP01,60
PO004943,2026-01-25,2026-01-27,2026-01-29,ST019,MED008,SUP04,24
PO004944,2026-01-25,2026-01-28,2026-01-28,ST019,MED018,SUP02,48
PO004945,2026-01-25,2026-01-29,2026-01-29,ST020,MED002,SUP02,78
PO004946,2026-01-25,2026-01-30,2026-01-30,ST020,MED006,SUP02,60
PO004947,2026-01-25,2026-01-27,2026-01-27,ST020,MED015,SUP03,72
PO004948,2026-01-25,2026-01-27,2026-01-27,ST020,MED017,SUP01,72
PO004949,2026-01-25,2026-01-30,2026-01-30,ST020,MED021,SUP01,60
PO004950,2026-01-25,2026-01-30,2026-01-30,ST020,MED024,SUP04,72
PO004951,2026-01-25,2026-01-30,2026-01-30,ST020,MED030,SUP02,30
PO004952,2026-01-25,2026-01-29,2026-01-29,ST021,MED011,SUP03,66
PO004953,2026-01-25,2026-01-29,2026-01-29,ST021,MED017,SUP01,60
PO004954,2026-01-25,2026-01-30,2026-01-30,ST021,MED023,SUP03,60
PO004955,2026-01-25,2026-01-27,2026-01-27,ST022,MED001,SUP01,72
PO004956,2026-01-25,2026-01-30,2026-01-30,ST022,MED006,SUP02,60
PO004957,2026-01-25,2026-01-27,2026-01-27,ST022,MED014,SUP02,48
PO004958,2026-01-25,2026-01-30,2026-02-01,ST022,MED024,SUP04,72
PO004959,2026-01-25,2026-01-30,2026-02-01,ST023,MED006,SUP02,60
PO004960,2026-01-25,2026-01-30,2026-01-30,ST023,MED007,SUP03,24
PO004961,2026-01-25,2026-01-27,2026-01-27,ST023,MED010,SUP02,24
PO004962,2026-01-25,2026-01-29,2026-01-29,ST024,MED003,SUP03,24
PO004963,2026-01-25,2026-01-29,2026-01-29,ST024,MED007,SUP03,24
PO004964,2026-01-25,2026-01-27,2026-01-27,ST024,MED009,SUP01,60
PO004965,2026-01-25,2026-01-30,2026-01-30,ST024,MED018,SUP02,48
PO004966,2026-01-25,2026-01-30,2026-01-30,ST024,MED023,SUP03,72
PO004967,2026-01-25,2026-01-29,2026-01-29,ST024,MED030,SUP02,36
PO004968,2026-01-25,2026-01-30,2026-01-30,ST025,MED004,SUP04,48
PO004969,2026-01-25,2026-01-29,2026-01-29,ST025,MED011,SUP03,60
PO004970,2026-01-25,2026-01-29,2026-01-29,ST025,MED020,SUP04,48
PO004971,2026-01-25,2026-01-30,2026-01-30,ST025,MED023,SUP03,72
PO004972,2026-01-25,2026-01-30,2026-01-30,ST025,MED026,SUP02,72
PO004973,2026-01-25,2026-01-28,2026-01-28,ST026,MED004,SUP04,48
PO004974,2026-01-25,2026-01-29,2026-01-29,ST026,MED007,SUP03,24
PO004975,2026-01-25,2026-01-28,2026-01-28,ST026,MED011,SUP03,72
PO004976,2026-01-25,2026-01-30,2026-01-30,ST026,MED021,SUP01,54
PO004977,2026-01-25,2026-01-30,2026-01-30,ST026,MED025,SUP01,36
PO004978,2026-01-25,2026-01-27,2026-01-27,ST026,MED026,SUP02,72
PO004979,2026-01-25,2026-01-28,2026-01-28,ST026,MED030,SUP02,36
PO004980,2026-01-25,2026-01-30,2026-01-30,ST027,MED009,SUP01,60
PO004981,2026-01-25,2026-01-27,2026-01-27,ST027,MED014,SUP02,48
PO004982,2026-01-25,2026-01-27,2026-01-27,ST027,MED015,SUP03,96
PO004983,2026-01-25,2026-01-29,2026-01-29,ST027,MED021,SUP01,60
PO004984,2026-01-25,2026-01-28,2026-01-28,ST027,MED025,SUP01,48
PO004985,2026-01-25,2026-01-30,2026-01-30,ST027,MED027,SUP03,84
PO004986,2026-01-25,2026-01-27,2026-01-27,ST028,MED003,SUP03,24
PO004987,2026-01-25,2026-01-28,2026-01-28,ST028,MED005,SUP01,60
PO004988,2026-01-25,2026-01-30,2026-01-30,ST028,MED007,SUP03,24
PO004989,2026-01-25,2026-01-27,2026-01-27,ST028,MED011,SUP03,60
PO004990,2026-01-25,2026-01-27,2026-01-27,ST028,MED015,SUP03,72
PO004991,2026-01-25,2026-01-30,2026-01-30,ST028,MED023,SUP03,60
PO004992,2026-01-25,2026-01-29,2026-01-29,ST028,MED024,SUP04,72
PO004993,2026-01-25,2026-01-30,2026-01-30,ST029,MED001,SUP01,72
PO004994,2026-01-25,2026-01-29,2026-01-29,ST029,MED002,SUP02,66
PO004995,2026-01-25,2026-01-27,2026-01-27,ST029,MED004,SUP04,48
PO004996,2026-01-25,2026-01-28,2026-01-28,ST029,MED012,SUP04,72
PO004997,2026-01-25,2026-01-29,2026-01-30,ST029,MED014,SUP02,48
PO004998,2026-01-25,2026-01-27,2026-01-29,ST029,MED021,SUP01,60
PO004999,2026-01-25,2026-01-29,2026-02-01,ST029,MED030,SUP02,30
PO005000,2026-01-25,2026-01-30,2026-01-30,ST030,MED003,SUP03,24
PO005001,2026-01-25,2026-01-29,2026-01-29,ST030,MED015,SUP03,72
PO005002,2026-01-25,2026-01-29,2026-01-29,ST031,MED002,SUP02,60
PO005003,2026-01-25,2026-01-27,2026-01-27,ST031,MED005,SUP01,72
PO005004,2026-01-25,2026-01-27,2026-01-27,ST031,MED007,SUP03,24
PO005005,2026-01-25,2026-01-30,2026-01-30,ST031,MED015,SUP03,72
PO005006,2026-01-25,2026-01-29,2026-01-29,ST031,MED025,SUP01,36
PO005007,2026-01-25,2026-01-27,2026-01-27,ST031,MED026,SUP02,72
PO005008,2026-01-25,2026-01-30,2026-01-30,ST032,MED010,SUP02,24
PO005009,2026-01-25,2026-01-29,2026-01-31,ST032,MED017,SUP01,60
PO005010,2026-01-25,2026-01-28,2026-01-28,ST032,MED023,SUP03,72
PO005011,2026-01-25,2026-01-29,2026-01-29,ST033,MED002,SUP02,72
PO005012,2026-01-25,2026-01-27,2026-01-27,ST033,MED013,SUP01,48
PO005013,2026-01-25,2026-01-28,2026-01-28,ST033,MED015,SUP03,72
PO005014,2026-01-25,2026-01-29,2026-02-01,ST033,MED017,SUP01,84
PO005015,2026-01-25,2026-01-29,2026-01-29,ST033,MED020,SUP04,48
PO005016,2026-01-25,2026-01-28,2026-01-28,ST033,MED022,SUP02,42
PO005017,2026-01-25,2026-01-29,2026-01-29,ST033,MED024,SUP04,72
PO005018,2026-01-25,2026-01-28,2026-01-28,ST034,MED006,SUP02,60
PO005019,2026-01-25,2026-01-30,2026-01-30,ST034,MED011,SUP03,72
PO005020,2026-01-25,2026-01-28,2026-01-28,ST034,MED016,SUP04,48
PO005021,2026-01-25,2026-01-28,2026-01-28,ST034,MED019,SUP03,24
PO005022,2026-01-25,2026-01-28,2026-01-28,ST034,MED020,SUP04,48
PO005023,2026-01-25,2026-01-29,2026-01-29,ST034,MED028,SUP04,48
PO005024,2026-01-25,2026-01-30,2026-01-30,ST035,MED005,SUP01,60
PO005025,2026-01-25,2026-01-27,2026-01-27,ST036,MED009,SUP01,72
PO005026,2026-01-25,2026-01-28,2026-01-31,ST036,MED014,SUP02,48
PO005027,2026-01-25,2026-01-30,2026-01-30,ST036,MED021,SUP01,54
PO005028,2026-01-25,2026-01-29,2026-01-29,ST036,MED022,SUP02,36
PO005029,2026-01-25,2026-01-27,2026-01-27,ST036,MED023,SUP03,72
PO005030,2026-01-25,2026-01-30,2026-01-30,ST037,MED003,SUP03,24
PO005031,2026-01-25,2026-01-28,2026-01-28,ST037,MED013,SUP01,48
PO005032,2026-01-25,2026-01-29,2026-02-01,ST037,MED022,SUP02,42
PO005033,2026-01-25,2026-01-30,2026-01-30,ST038,MED017,SUP01,72
PO005034,2026-01-25,2026-01-28,2026-01-28,ST038,MED024,SUP04,72
PO005035,2026-01-25,2026-01-30,2026-02-02,ST038,MED028,SUP04,48
PO005036,2026-01-25,2026-01-29,2026-01-29,ST039,MED001,SUP01,72
PO005037,2026-01-25,2026-01-29,2026-02-01,ST039,MED006,SUP02,60
PO005038,2026-01-25,2026-01-28,2026-01-28,ST039,MED012,SUP04,72
PO005039,2026-01-25,2026-01-30,2026-01-30,ST039,MED019,SUP03,24
PO005040,2026-01-25,2026-01-29,2026-01-29,ST039,MED021,SUP01,54
PO005041,2026-01-25,2026-01-30,2026-01-30,ST039,MED024,SUP04,72
PO005042,2026-01-25,2026-01-28,2026-01-31,ST039,MED030,SUP02,30
PO005043,2026-01-25,2026-01-30,2026-01-30,ST040,MED001,SUP01,72
PO005044,2026-01-25,2026-01-27,2026-01-28,ST040,MED004,SUP04,48
PO005045,2026-01-25,2026-01-30,2026-01-30,ST040,MED009,SUP01,60
PO005046,2026-01-25,2026-01-28,2026-01-28,ST040,MED018,SUP02,48
PO005047,2026-01-25,2026-01-27,2026-01-27,ST040,MED019,SUP03,24
PO005048,2026-01-25,2026-01-28,2026-01-29,ST040,MED022,SUP02,54
PO005049,2026-01-25,2026-01-29,2026-02-01,ST040,MED026,SUP02,72
PO005050,2026-01-25,2026-01-30,2026-01-30,ST040,MED030,SUP02,30
PO005051,2026-01-26,2026-01-29,2026-01-29,ST001,MED007,SUP03,24
PO005052,2026-01-26,2026-01-28,2026-01-28,ST001,MED013,SUP01,48
PO005053,2026-01-26,2026-01-30,2026-01-31,ST001,MED018,SUP02,48
PO005054,2026-01-26,2026-01-30,2026-01-30,ST001,MED021,SUP01,54
PO005055,2026-01-26,2026-01-31,2026-01-31,ST001,MED028,SUP04,48
PO005056,2026-01-26,2026-01-28,2026-01-28,ST002,MED004,SUP04,48
PO005057,2026-01-26,2026-01-30,2026-01-30,ST002,MED006,SUP02,60
PO005058,2026-01-26,2026-01-29,2026-01-29,ST002,MED009,SUP01,60
PO005059,2026-01-26,2026-01-28,2026-01-28,ST002,MED017,SUP01,72
PO005060,2026-01-26,2026-01-31,2026-01-31,ST003,MED002,SUP02,60
PO005061,2026-01-26,2026-01-29,2026-01-29,ST003,MED006,SUP02,60
PO005062,2026-01-26,2026-01-30,2026-02-02,ST003,MED023,SUP03,60
PO005063,2026-01-26,2026-01-29,2026-01-29,ST003,MED025,SUP01,36
PO005064,2026-01-26,2026-01-28,2026-01-28,ST003,MED027,SUP03,72
PO005065,2026-01-26,2026-01-31,2026-01-31,ST003,MED028,SUP04,48
PO005066,2026-01-26,2026-01-30,2026-01-30,ST004,MED001,SUP01,72
PO005067,2026-01-26,2026-01-30,2026-02-01,ST004,MED012,SUP04,72
PO005068,2026-01-26,2026-01-31,2026-02-02,ST004,MED017,SUP01,60
PO005069,2026-01-26,2026-01-31,2026-01-31,ST005,MED004,SUP04,48
PO005070,2026-01-26,2026-01-29,2026-01-29,ST005,MED010,SUP02,36
PO005071,2026-01-26,2026-01-29,2026-01-29,ST005,MED011,SUP03,72
PO005072,2026-01-26,2026-01-28,2026-01-28,ST005,MED019,SUP03,24
PO005073,2026-01-26,2026-01-29,2026-01-29,ST005,MED027,SUP03,72
PO005074,2026-01-26,2026-01-31,2026-01-31,ST006,MED003,SUP03,24
PO005075,2026-01-26,2026-01-30,2026-01-30,ST006,MED004,SUP04,60
PO005076,2026-01-26,2026-01-31,2026-01-31,ST006,MED008,SUP04,24
PO005077,2026-01-26,2026-01-30,2026-01-30,ST006,MED011,SUP03,66
PO005078,2026-01-26,2026-01-28,2026-01-28,ST006,MED018,SUP02,48
PO005079,2026-01-26,2026-01-28,2026-01-28,ST006,MED020,SUP04,48
PO005080,2026-01-26,2026-01-31,2026-01-31,ST006,MED024,SUP04,72
PO005081,2026-01-26,2026-01-30,2026-01-30,ST006,MED026,SUP02,72
PO005082,2026-01-26,2026-01-30,2026-01-30,ST006,MED028,SUP04,48
PO005083,2026-01-26,2026-01-30,2026-01-30,ST007,MED011,SUP03,66
PO005084,2026-01-26,2026-01-31,2026-01-31,ST009,MED007,SUP03,24
PO005085,2026-01-26,2026-01-31,2026-01-31,ST009,MED012,SUP04,60
PO005086,2026-01-26,2026-01-31,2026-01-31,ST009,MED015,SUP03,72
PO005087,2026-01-26,2026-01-30,2026-01-30,ST009,MED023,SUP03,72
PO005088,2026-01-26,2026-01-31,2026-01-31,ST010,MED003,SUP03,24
PO005089,2026-01-26,2026-01-30,2026-01-30,ST010,MED005,SUP01,72
PO005090,2026-01-26,2026-01-30,2026-01-30,ST010,MED012,SUP04,60
PO005091,2026-01-26,2026-01-28,2026-01-28,ST010,MED015,SUP03,72
PO005092,2026-01-26,2026-01-30,2026-02-01,ST010,MED016,SUP04,48
PO005093,2026-01-26,2026-01-31,2026-01-31,ST010,MED021,SUP01,66
PO005094,2026-01-26,2026-01-31,2026-02-03,ST010,MED025,SUP01,36
PO005095,2026-01-26,2026-01-31,2026-02-01,ST011,MED010,SUP02,24
PO005096,2026-01-26,2026-01-29,2026-02-01,ST011,MED011,SUP03,60
PO005097,2026-01-26,2026-01-28,2026-01-28,ST011,MED014,SUP02,48
PO005098,2026-01-26,2026-01-28,2026-01-28,ST011,MED021,SUP01,60
PO005099,2026-01-26,2026-01-29,2026-01-29,ST011,MED026,SUP02,72
PO005100,2026-01-26,2026-01-31,2026-01-31,ST012,MED010,SUP02,24
PO005101,2026-01-26,2026-01-30,2026-01-30,ST012,MED015,SUP03,96
PO005102,2026-01-26,2026-01-28,2026-01-28,ST013,MED007,SUP03,24
PO005103,2026-01-26,2026-01-30,2026-01-30,ST013,MED009,SUP01,60
PO005104,2026-01-26,2026-01-31,2026-01-31,ST013,MED020,SUP04,48
PO005105,2026-01-26,2026-01-30,2026-01-30,ST013,MED021,SUP01,54
PO005106,2026-01-26,2026-01-30,2026-01-30,ST013,MED022,SUP02,48
PO005107,2026-01-26,2026-01-28,2026-01-28,ST013,MED023,SUP03,72
PO005108,2026-01-26,2026-01-31,2026-01-31,ST013,MED027,SUP03,72
PO005109,2026-01-26,2026-01-31,2026-01-31,ST014,MED001,SUP01,72
PO005110,2026-01-26,2026-01-29,2026-01-29,ST014,MED006,SUP02,60
PO005111,2026-01-26,2026-01-28,2026-01-28,ST014,MED017,SUP01,60
PO005112,2026-01-26,2026-01-30,2026-01-30,ST014,MED027,SUP03,72
PO005113,2026-01-26,2026-01-28,2026-01-28,ST015,MED011,SUP03,60
PO005114,2026-01-26,2026-01-29,2026-01-29,ST015,MED017,SUP01,60
PO005115,2026-01-26,2026-01-30,2026-01-30,ST015,MED029,SUP01,72
PO005116,2026-01-26,2026-01-28,2026-01-28,ST017,MED002,SUP02,60
PO005117,2026-01-26,2026-01-31,2026-01-31,ST017,MED013,SUP01,48
PO005118,2026-01-26,2026-01-31,2026-01-31,ST017,MED026,SUP02,72
PO005119,2026-01-26,2026-01-30,2026-01-31,ST018,MED001,SUP01,72
PO005120,2026-01-26,2026-01-28,2026-01-28,ST018,MED004,SUP04,48
PO005121,2026-01-26,2026-01-31,2026-01-31,ST018,MED008,SUP04,24
PO005122,2026-01-26,2026-01-29,2026-01-29,ST018,MED013,SUP01,48
PO005123,2026-01-26,2026-01-28,2026-01-28,ST019,MED002,SUP02,72
PO005124,2026-01-26,2026-01-31,2026-01-31,ST019,MED016,SUP04,48
PO005125,2026-01-26,2026-01-30,2026-02-02,ST019,MED021,SUP01,54
PO005126,2026-01-26,2026-01-30,2026-01-30,ST019,MED023,SUP03,72
PO005127,2026-01-26,2026-01-30,2026-01-30,ST020,MED001,SUP01,72
PO005128,2026-01-26,2026-01-29,2026-01-30,ST020,MED012,SUP04,60
PO005129,2026-01-26,2026-01-30,2026-01-30,ST020,MED013,SUP01,48
PO005130,2026-01-26,2026-01-28,2026-01-28,ST020,MED018,SUP02,48
PO005131,2026-01-26,2026-01-30,2026-01-30,ST020,MED028,SUP04,48
PO005132,2026-01-26,2026-01-31,2026-01-31,ST020,MED029,SUP01,48
PO005133,2026-01-26,2026-01-31,2026-01-31,ST021,MED005,SUP01,60
PO005134,2026-01-26,2026-01-28,2026-01-28,ST021,MED024,SUP04,72
PO005135,2026-01-26,2026-01-28,2026-01-28,ST022,MED015,SUP03,72
PO005136,2026-01-26,2026-01-28,2026-01-28,ST022,MED021,SUP01,54
PO005137,2026-01-26,2026-01-29,2026-01-29,ST022,MED023,SUP03,60
PO005138,2026-01-26,2026-01-29,2026-01-29,ST022,MED030,SUP02,30
PO005139,2026-01-26,2026-01-31,2026-01-31,ST023,MED004,SUP04,48
PO005140,2026-01-26,2026-01-30,2026-01-30,ST023,MED005,SUP01,72
PO005141,2026-01-26,2026-01-30,2026-01-30,ST023,MED008,SUP04,24
PO005142,2026-01-26,2026-01-31,2026-01-31,ST023,MED013,SUP01,48
PO005143,2026-01-26,2026-01-28,2026-01-28,ST023,MED024,SUP04,72
PO005144,2026-01-26,2026-01-28,2026-01-28,ST024,MED019,SUP03,24
PO005145,2026-01-26,2026-01-30,2026-02-01,ST024,MED024,SUP04,72
PO005146,2026-01-26,2026-01-28,2026-01-28,ST025,MED003,SUP03,24
PO005147,2026-01-26,2026-01-30,2026-01-30,ST025,MED006,SUP02,60
PO005148,2026-01-26,2026-01-29,2026-01-29,ST025,MED010,SUP02,36
PO005149,2026-01-26,2026-01-29,2026-01-31,ST025,MED013,SUP01,48
PO005150,2026-01-26,2026-01-28,2026-01-30,ST025,MED022,SUP02,42
PO005151,2026-01-26,2026-01-28,2026-01-28,ST026,MED003,SUP03,24
PO005152,2026-01-26,2026-01-30,2026-01-30,ST026,MED012,SUP04,72
PO005153,2026-01-26,2026-01-30,2026-01-30,ST026,MED013,SUP01,48
PO005154,2026-01-26,2026-01-29,2026-01-29,ST026,MED014,SUP02,48
PO005155,2026-01-26,2026-01-30,2026-02-02,ST026,MED017,SUP01,72
PO005156,2026-01-26,2026-01-29,2026-01-29,ST027,MED010,SUP02,36
PO005157,2026-01-26,2026-01-30,2026-01-30,ST027,MED011,SUP03,66
PO005158,2026-01-26,2026-01-31,2026-01-31,ST027,MED016,SUP04,48
PO005159,2026-01-26,2026-01-30,2026-01-30,ST027,MED028,SUP04,48
PO005160,2026-01-26,2026-01-28,2026-01-28,ST028,MED009,SUP01,60
PO005161,2026-01-26,2026-01-30,2026-02-02,ST028,MED020,SUP04,48
PO005162,2026-01-26,2026-01-28,2026-01-28,ST028,MED028,SUP04,48
PO005163,2026-01-26,2026-01-30,2026-01-30,ST029,MED003,SUP03,24
PO005164,2026-01-26,2026-01-30,2026-02-01,ST029,MED017,SUP01,72
PO005165,2026-01-26,2026-01-29,2026-01-29,ST029,MED020,SUP04,48
PO005166,2026-01-26,2026-01-28,2026-01-31,ST031,MED008,SUP04,24
PO005167,2026-01-26,2026-01-30,2026-01-30,ST031,MED016,SUP04,48
PO005168,2026-01-26,2026-01-31,2026-01-31,ST031,MED019,SUP03,24
PO005169,2026-01-26,2026-01-31,2026-01-31,ST031,MED030,SUP02,30
PO005170,2026-01-26,2026-01-28,2026-01-28,ST032,MED001,SUP01,72
PO005171,2026-01-26,2026-01-28,2026-01-28,ST032,MED015,SUP03,96
PO005172,2026-01-26,2026-01-31,2026-01-31,ST032,MED019,SUP03,24
PO005173,2026-01-26,2026-01-30,2026-01-30,ST032,MED024,SUP04,72
PO005174,2026-01-26,2026-01-30,2026-01-30,ST032,MED030,SUP02,30
PO005175,2026-01-26,2026-01-28,2026-01-28,ST033,MED004,SUP04,48
PO005176,2026-01-26,2026-01-31,2026-02-03,ST033,MED010,SUP02,24
PO005177,2026-01-26,2026-01-31,2026-01-31,ST033,MED018,SUP02,48
PO005178,2026-01-26,2026-01-31,2026-01-31,ST034,MED015,SUP03,72
PO005179,2026-01-26,2026-01-29,2026-01-29,ST034,MED022,SUP02,42
PO005180,2026-01-26,2026-01-31,2026-01-31,ST034,MED024,SUP04,72
PO005181,2026-01-26,2026-01-29,2026-01-30,ST034,MED025,SUP01,36
PO005182,2026-01-26,2026-01-29,2026-01-29,ST034,MED026,SUP02,72
PO005183,2026-01-26,2026-01-29,2026-01-30,ST035,MED004,SUP04,48
PO005184,2026-01-26,2026-01-31,2026-01-31,ST035,MED007,SUP03,24
PO005185,2026-01-26,2026-01-28,2026-01-28,ST035,MED027,SUP03,72
PO005186,2026-01-26,2026-01-29,2026-01-29,ST036,MED015,SUP03,72
PO005187,2026-01-26,2026-01-29,2026-01-29,ST036,MED016,SUP04,48
PO005188,2026-01-26,2026-01-28,2026-01-28,ST036,MED019,SUP03,24
PO005189,2026-01-26,2026-01-29,2026-01-29,ST036,MED026,SUP02,72
PO005190,2026-01-26,2026-01-30,2026-01-31,ST036,MED029,SUP01,72
PO005191,2026-01-26,2026-01-28,2026-01-28,ST036,MED030,SUP02,30
PO005192,2026-01-26,2026-01-30,2026-01-30,ST037,MED008,SUP04,24
PO005193,2026-01-26,2026-01-28,2026-01-28,ST037,MED019,SUP03,24
PO005194,2026-01-26,2026-01-28,2026-01-28,ST037,MED028,SUP04,48
PO005195,2026-01-26,2026-01-30,2026-01-30,ST038,MED008,SUP04,24
PO005196,2026-01-26,2026-01-29,2026-02-01,ST038,MED015,SUP03,72
PO005197,2026-01-26,2026-01-30,2026-01-30,ST039,MED004,SUP04,48
PO005198,2026-01-26,2026-01-30,2026-01-30,ST039,MED007,SUP03,24
PO005199,2026-01-26,2026-01-28,2026-01-28,ST039,MED028,SUP04,48
PO005200,2026-01-26,2026-01-29,2026-02-01,ST040,MED002,SUP02,66
PO005201,2026-01-26,2026-01-29,2026-01-29,ST040,MED007,SUP03,24
PO005202,2026-01-27,2026-02-01,2026-02-01,ST001,MED020,SUP04,48
PO005203,2026-01-27,2026-02-01,2026-02-01,ST002,MED005,SUP01,72
PO005204,2026-01-27,2026-01-31,2026-01-31,ST002,MED007,SUP03,24
PO005205,2026-01-27,2026-01-31,2026-02-02,ST002,MED016,SUP04,48
PO005206,2026-01-27,2026-01-31,2026-01-31,ST003,MED003,SUP03,24
PO005207,2026-01-27,2026-02-01,2026-02-04,ST003,MED013,SUP01,48
PO005208,2026-01-27,2026-01-31,2026-02-02,ST003,MED016,SUP04,48
PO005209,2026-01-27,2026-02-01,2026-02-01,ST003,MED017,SUP01,60
PO005210,2026-01-27,2026-01-30,2026-01-30,ST003,MED021,SUP01,60
PO005211,2026-01-27,2026-01-31,2026-01-31,ST003,MED022,SUP02,42
PO005212,2026-01-27,2026-01-31,2026-02-02,ST003,MED024,SUP04,72
PO005213,2026-01-27,2026-02-01,2026-02-01,ST004,MED011,SUP03,72
PO005214,2026-01-27,2026-02-01,2026-02-01,ST004,MED022,SUP02,36
PO005215,2026-01-27,2026-01-29,2026-01-30,ST005,MED006,SUP02,60
PO005216,2026-01-27,2026-01-30,2026-01-30,ST005,MED008,SUP04,24
PO005217,2026-01-27,2026-02-01,2026-02-01,ST005,MED018,SUP02,48
PO005218,2026-01-27,2026-01-30,2026-01-30,ST006,MED012,SUP04,60
PO005219,2026-01-27,2026-01-29,2026-01-29,ST006,MED015,SUP03,72
PO005220,2026-01-27,2026-01-29,2026-01-29,ST006,MED022,SUP02,42
PO005221,2026-01-27,2026-01-31,2026-02-02,ST007,MED026,SUP02,72
PO005222,2026-01-27,2026-02-01,2026-02-01,ST007,MED030,SUP02,30
PO005223,2026-01-27,2026-01-31,2026-01-31,ST008,MED016,SUP04,48
PO005224,2026-01-27,2026-02-01,2026-02-01,ST008,MED019,SUP03,24
PO005225,2026-01-27,2026-01-29,2026-01-31,ST009,MED002,SUP02,60
PO005226,2026-01-27,2026-01-30,2026-01-30,ST009,MED005,SUP01,72
PO005227,2026-01-27,2026-01-30,2026-01-30,ST009,MED006,SUP02,60
PO005228,2026-01-27,2026-01-29,2026-01-29,ST010,MED002,SUP02,66
PO005229,2026-01-27,2026-01-29,2026-01-29,ST010,MED007,SUP03,24
PO005230,2026-01-27,2026-01-31,2026-01-31,ST010,MED018,SUP02,48
PO005231,2026-01-27,2026-01-29,2026-01-29,ST010,MED026,SUP02,72
PO005232,2026-01-27,2026-01-31,2026-01-31,ST011,MED016,SUP04,48
PO005233,2026-01-27,2026-02-01,2026-02-01,ST011,MED017,SUP01,60
PO005234,2026-01-27,2026-02-01,2026-02-01,ST012,MED004,SUP04,48
PO005235,2026-01-27,2026-01-30,2026-01-30,ST012,MED006,SUP02,60
PO005236,2026-01-27,2026-02-01,2026-02-04,ST012,MED009,SUP01,60
PO005237,2026-01-27,2026-01-30,2026-01-30,ST012,MED012,SUP04,72
PO005238,2026-01-27,2026-02-01,2026-02-01,ST012,MED018,SUP02,48
PO005239,2026-01-27,2026-01-31,2026-01-31,ST012,MED019,SUP03,24
PO005240,2026-01-27,2026-01-30,2026-01-30,ST012,MED024,SUP04,72
PO005241,2026-01-27,2026-02-01,2026-02-01,ST012,MED027,SUP03,72
PO005242,2026-01-27,2026-02-01,2026-02-01,ST012,MED028,SUP04,48
PO005243,2026-01-27,2026-01-29,2026-02-01,ST013,MED004,SUP04,48
PO005244,2026-01-27,2026-01-29,2026-01-29,ST013,MED005,SUP01,60
PO005245,2026-01-27,2026-02-01,2026-02-01,ST013,MED011,SUP03,60
PO005246,2026-01-27,2026-01-31,2026-02-02,ST014,MED004,SUP04,48
PO005247,2026-01-27,2026-01-31,2026-01-31,ST014,MED005,SUP01,72
PO005248,2026-01-27,2026-01-31,2026-02-01,ST014,MED015,SUP03,72
PO005249,2026-01-27,2026-02-01,2026-02-02,ST014,MED022,SUP02,42
PO005250,2026-01-27,2026-02-01,2026-02-01,ST015,MED001,SUP01,72
PO005251,2026-01-27,2026-02-01,2026-02-01,ST015,MED006,SUP02,60
PO005252,2026-01-27,2026-01-29,2026-01-29,ST015,MED007,SUP03,24
PO005253,2026-01-27,2026-01-30,2026-01-30,ST015,MED012,SUP04,60
PO005254,2026-01-27,2026-01-29,2026-01-29,ST016,MED011,SUP03,72
PO005255,2026-01-27,2026-01-31,2026-01-31,ST016,MED012,SUP04,60
PO005256,2026-01-27,2026-01-30,2026-01-31,ST016,MED025,SUP01,48
PO005257,2026-01-27,2026-02-01,2026-02-01,ST017,MED017,SUP01,60
PO005258,2026-01-27,2026-01-30,2026-01-30,ST017,MED022,SUP02,36
PO005259,2026-01-27,2026-01-30,2026-01-30,ST018,MED006,SUP02,60
PO005260,2026-01-27,2026-01-29,2026-01-29,ST018,MED014,SUP02,48
PO005261,2026-01-27,2026-01-30,2026-02-01,ST018,MED026,SUP02,72
PO005262,2026-01-27,2026-02-01,2026-02-02,ST019,MED004,SUP04,48
PO005263,2026-01-27,2026-02-01,2026-02-03,ST019,MED010,SUP02,36
PO005264,2026-01-27,2026-01-30,2026-01-30,ST020,MED025,SUP01,36
PO005265,2026-01-27,2026-01-31,2026-01-31,ST021,MED001,SUP01,72
PO005266,2026-01-27,2026-01-31,2026-01-31,ST021,MED004,SUP04,48
PO005267,2026-01-27,2026-01-30,2026-02-01,ST021,MED007,SUP03,24
PO005268,2026-01-27,2026-02-01,2026-02-01,ST021,MED026,SUP02,72
PO005269,2026-01-27,2026-01-31,2026-01-31,ST021,MED027,SUP03,72
PO005270,2026-01-27,2026-01-29,2026-01-29,ST022,MED011,SUP03,60
PO005271,2026-01-27,2026-01-29,2026-01-29,ST022,MED026,SUP02,72
PO005272,2026-01-27,2026-01-30,2026-01-30,ST023,MED017,SUP01,60
PO005273,2026-01-27,2026-01-29,2026-01-29,ST023,MED018,SUP02,48
PO005274,2026-01-27,2026-01-30,2026-01-30,ST023,MED025,SUP01,36
PO005275,2026-01-27,2026-02-01,2026-02-01,ST024,MED001,SUP01,72
PO005276,2026-01-27,2026-01-29,2026-01-29,ST024,MED004,SUP04,48
PO005277,2026-01-27,2026-01-31,2026-01-31,ST024,MED005,SUP01,60
PO005278,2026-01-27,2026-01-29,2026-01-29,ST024,MED008,SUP04,24
PO005279,2026-01-27,2026-02-01,2026-02-01,ST024,MED015,SUP03,72
PO005280,2026-01-27,2026-02-01,2026-02-01,ST024,MED017,SUP01,72
PO005281,2026-01-27,2026-02-01,2026-02-01,ST024,MED027,SUP03,72
PO005282,2026-01-27,2026-02-01,2026-02-01,ST025,MED001,SUP01,72
PO005283,2026-01-27,2026-02-01,2026-02-01,ST025,MED009,SUP01,72
PO005284,2026-01-27,2026-01-29,2026-01-31,ST025,MED016,SUP04,48
PO005285,2026-01-27,2026-01-30,2026-01-30,ST025,MED025,SUP01,36
PO005286,2026-01-27,2026-01-30,2026-01-30,ST026,MED006,SUP02,60
PO005287,2026-01-27,2026-02-01,2026-02-01,ST027,MED008,SUP04,24
PO005288,2026-01-27,2026-02-01,2026-02-01,ST027,MED020,SUP04,48
PO005289,2026-01-27,2026-02-01,2026-02-01,ST027,MED022,SUP02,36
PO005290,2026-01-27,2026-01-31,2026-01-31,ST028,MED013,SUP01,48
PO005291,2026-01-27,2026-01-31,2026-02-03,ST028,MED022,SUP02,42
PO005292,2026-01-27,2026-01-31,2026-01-31,ST028,MED025,SUP01,36
PO005293,2026-01-27,2026-01-31,2026-01-31,ST029,MED006,SUP02,60
PO005294,2026-01-27,2026-01-31,2026-01-31,ST029,MED009,SUP01,60
PO005295,2026-01-27,2026-02-01,2026-02-01,ST029,MED011,SUP03,66
PO005296,2026-01-27,2026-02-01,2026-02-03,ST029,MED025,SUP01,36
PO005297,2026-01-27,2026-01-29,2026-01-29,ST029,MED029,SUP01,72
PO005298,2026-01-27,2026-02-01,2026-02-01,ST030,MED004,SUP04,48
PO005299,2026-01-27,2026-02-01,2026-02-02,ST030,MED009,SUP01,60
PO005300,2026-01-27,2026-01-30,2026-01-30,ST030,MED010,SUP02,24
PO005301,2026-01-27,2026-01-31,2026-02-01,ST030,MED011,SUP03,66
PO005302,2026-01-27,2026-02-01,2026-02-01,ST030,MED017,SUP01,60
PO005303,2026-01-27,2026-01-31,2026-01-31,ST030,MED022,SUP02,42
PO005304,2026-01-27,2026-01-29,2026-01-29,ST030,MED030,SUP02,30
PO005305,2026-01-27,2026-01-30,2026-01-30,ST031,MED013,SUP01,48
PO005306,2026-01-27,2026-01-31,2026-01-31,ST031,MED018,SUP02,48
PO005307,2026-01-27,2026-01-30,2026-01-30,ST031,MED029,SUP01,72
PO005308,2026-01-27,2026-01-29,2026-01-29,ST032,MED007,SUP03,24
PO005309,2026-01-27,2026-02-01,2026-02-01,ST032,MED013,SUP01,48
PO005310,2026-01-27,2026-01-29,2026-01-29,ST033,MED009,SUP01,60
PO005311,2026-01-27,2026-01-31,2026-01-31,ST033,MED011,SUP03,72
PO005312,2026-01-27,2026-01-31,2026-01-31,ST033,MED021,SUP01,60
PO005313,2026-01-27,2026-02-01,2026-02-01,ST034,MED004,SUP04,48
PO005314,2026-01-27,2026-01-31,2026-01-31,ST034,MED008,SUP04,24
PO005315,2026-01-27,2026-02-01,2026-02-01,ST034,MED010,SUP02,36
PO005316,2026-01-27,2026-01-29,2026-01-29,ST034,MED023,SUP03,72
PO005317,2026-01-27,2026-01-31,2026-01-31,ST035,MED001,SUP01,72
PO005318,2026-01-27,2026-02-01,2026-02-01,ST035,MED011,SUP03,66
PO005319,2026-01-27,2026-01-31,2026-01-31,ST035,MED013,SUP01,48
PO005320,2026-01-27,2026-02-01,2026-02-01,ST035,MED023,SUP03,72
PO005321,2026-01-27,2026-01-30,2026-01-30,ST035,MED025,SUP01,36
PO005322,2026-01-27,2026-01-29,2026-01-29,ST036,MED002,SUP02,60
PO005323,2026-01-27,2026-02-01,2026-02-01,ST036,MED011,SUP03,60
PO005324,2026-01-27,2026-01-30,2026-01-30,ST037,MED004,SUP04,48
PO005325,2026-01-27,2026-01-30,2026-01-30,ST037,MED010,SUP02,24
PO005326,2026-01-27,2026-01-30,2026-01-30,ST037,MED012,SUP04,60
PO005327,2026-01-27,2026-02-01,2026-02-01,ST037,MED015,SUP03,72
PO005328,2026-01-27,2026-01-31,2026-01-31,ST037,MED017,SUP01,72
PO005329,2026-01-27,2026-02-01,2026-02-01,ST037,MED018,SUP02,48
PO005330,2026-01-27,2026-02-01,2026-02-02,ST037,MED021,SUP01,60
PO005331,2026-01-27,2026-01-31,2026-01-31,ST038,MED010,SUP02,24
PO005332,2026-01-27,2026-01-31,2026-01-31,ST038,MED014,SUP02,48
PO005333,2026-01-27,2026-01-30,2026-01-30,ST038,MED023,SUP03,72
PO005334,2026-01-27,2026-01-30,2026-02-02,ST038,MED025,SUP01,36
PO005335,2026-01-27,2026-01-31,2026-01-31,ST039,MED002,SUP02,66
PO005336,2026-01-27,2026-01-29,2026-01-29,ST039,MED008,SUP04,24
PO005337,2026-01-27,2026-01-29,2026-02-01,ST039,MED013,SUP01,48
PO005338,2026-01-27,2026-01-30,2026-01-30,ST039,MED015,SUP03,96
PO005339,2026-01-27,2026-02-01,2026-02-01,ST040,MED010,SUP02,36
PO005340,2026-01-27,2026-01-29,2026-01-29,ST040,MED011,SUP03,60
PO005341,2026-01-27,2026-01-29,2026-01-29,ST040,MED012,SUP04,60
PO005342,2026-01-27,2026-01-29,2026-01-29,ST040,MED014,SUP02,48
PO005343,2026-01-27,2026-01-29,2026-01-31,ST040,MED015,SUP03,72
PO005344,2026-01-27,2026-01-30,2026-01-30,ST040,MED023,SUP03,72
PO005345,2026-01-27,2026-01-30,2026-01-31,ST040,MED027,SUP03,72
PO005346,2026-01-28,2026-02-02,2026-02-02,ST001,MED002,SUP02,60
PO005347,2026-01-28,2026-01-30,2026-01-30,ST001,MED016,SUP04,48
PO005348,2026-01-28,2026-02-01,2026-02-01,ST002,MED002,SUP02,60
PO005349,2026-01-28,2026-02-02,2026-02-02,ST002,MED012,SUP04,72
PO005350,2026-01-28,2026-01-31,2026-02-02,ST002,MED013,SUP01,48
PO005351,2026-01-28,2026-01-30,2026-01-30,ST002,MED018,SUP02,48
PO005352,2026-01-28,2026-01-31,2026-01-31,ST002,MED024,SUP04,72
PO005353,2026-01-28,2026-01-30,2026-01-30,ST002,MED025,SUP01,36
PO005354,2026-01-28,2026-01-30,2026-01-30,ST002,MED030,SUP02,30
PO005355,2026-01-28,2026-01-31,2026-01-31,ST004,MED008,SUP04,24
PO005356,2026-01-28,2026-02-02,2026-02-02,ST004,MED009,SUP01,60
PO005357,2026-01-28,2026-02-02,2026-02-02,ST004,MED015,SUP03,72
PO005358,2026-01-28,2026-02-01,2026-02-01,ST004,MED023,SUP03,60
PO005359,2026-01-28,2026-02-02,2026-02-04,ST004,MED026,SUP02,72
PO005360,2026-01-28,2026-01-30,2026-02-01,ST004,MED027,SUP03,84
PO005361,2026-01-28,2026-01-30,2026-01-30,ST004,MED030,SUP02,30
PO005362,2026-01-28,2026-02-01,2026-02-01,ST005,MED015,SUP03,72
PO005363,2026-01-28,2026-01-31,2026-01-31,ST005,MED017,SUP01,72
PO005364,2026-01-28,2026-01-30,2026-01-30,ST005,MED020,SUP04,48
PO005365,2026-01-28,2026-02-01,2026-02-01,ST005,MED021,SUP01,54
PO005366,2026-01-28,2026-01-30,2026-01-30,ST005,MED026,SUP02,72
PO005367,2026-01-28,2026-01-30,2026-01-30,ST005,MED028,SUP04,48
PO005368,2026-01-28,2026-02-02,2026-02-02,ST006,MED014,SUP02,48
PO005369,2026-01-28,2026-01-30,2026-01-30,ST006,MED021,SUP01,66
PO005370,2026-01-28,2026-01-31,2026-01-31,ST006,MED023,SUP03,60
PO005371,2026-01-28,2026-01-30,2026-01-30,ST007,MED008,SUP04,24
PO005372,2026-01-28,2026-01-30,2026-01-30,ST007,MED010,SUP02,24
PO005373,2026-01-28,2026-02-01,2026-02-01,ST007,MED013,SUP01,36
PO005374,2026-01-28,2026-02-01,2026-02-01,ST007,MED016,SUP04,48
PO005375,2026-01-28,2026-01-31,2026-01-31,ST008,MED006,SUP02,60
PO005376,2026-01-28,2026-02-01,2026-02-01,ST008,MED030,SUP02,30
PO005377,2026-01-28,2026-02-02,2026-02-02,ST010,MED004,SUP04,48
PO005378,2026-01-28,2026-01-30,2026-01-30,ST010,MED009,SUP01,60
PO005379,2026-01-28,2026-01-31,2026-01-31,ST010,MED013,SUP01,36
PO005380,2026-01-28,2026-02-02,2026-02-02,ST010,MED019,SUP03,24
PO005381,2026-01-28,2026-01-31,2026-01-31,ST010,MED023,SUP03,60
PO005382,2026-01-28,2026-02-02,2026-02-02,ST011,MED001,SUP01,72
PO005383,2026-01-28,2026-02-01,2026-02-01,ST011,MED002,SUP02,66
PO005384,2026-01-28,2026-02-01,2026-02-01,ST011,MED009,SUP01,60
PO005385,2026-01-28,2026-02-02,2026-02-02,ST011,MED018,SUP02,48
PO005386,2026-01-28,2026-01-30,2026-01-30,ST011,MED020,SUP04,48
PO005387,2026-01-28,2026-02-02,2026-02-02,ST011,MED027,SUP03,72
PO005388,2026-01-28,2026-01-30,2026-01-30,ST011,MED029,SUP01,72
PO005389,2026-01-28,2026-02-01,2026-02-01,ST012,MED001,SUP01,72
PO005390,2026-01-28,2026-01-30,2026-01-30,ST012,MED003,SUP03,24
PO005391,2026-01-28,2026-02-01,2026-02-01,ST012,MED016,SUP04,48
PO005392,2026-01-28,2026-01-30,2026-01-30,ST012,MED022,SUP02,42
PO005393,2026-01-28,2026-02-01,2026-02-04,ST012,MED023,SUP03,72
PO005394,2026-01-28,2026-01-30,2026-01-30,ST012,MED025,SUP01,36
PO005395,2026-01-28,2026-01-31,2026-01-31,ST012,MED030,SUP02,30
PO005396,2026-01-28,2026-01-30,2026-01-30,ST013,MED003,SUP03,24
PO005397,2026-01-28,2026-01-30,2026-01-30,ST013,MED006,SUP02,60
PO005398,2026-01-28,2026-02-02,2026-02-05,ST013,MED018,SUP02,48
PO005399,2026-01-28,2026-01-31,2026-01-31,ST013,MED025,SUP01,48
PO005400,2026-01-28,2026-01-30,2026-01-30,ST013,MED026,SUP02,72
PO005401,2026-01-28,2026-01-31,2026-01-31,ST014,MED012,SUP04,60
PO005402,2026-01-28,2026-02-01,2026-02-01,ST014,MED024,SUP04,72
PO005403,2026-01-28,2026-01-30,2026-01-30,ST015,MED014,SUP02,48
PO005404,2026-01-28,2026-02-01,2026-02-01,ST015,MED021,SUP01,60
PO005405,2026-01-28,2026-01-30,2026-02-02,ST015,MED022,SUP02,42
PO005406,2026-01-28,2026-01-30,2026-02-01,ST016,MED004,SUP04,48
PO005407,2026-01-28,2026-01-30,2026-01-30,ST016,MED008,SUP04,24
PO005408,2026-01-28,2026-02-01,2026-02-04,ST016,MED009,SUP01,60
PO005409,2026-01-28,2026-01-31,2026-01-31,ST016,MED021,SUP01,60
PO005410,2026-01-28,2026-01-31,2026-01-31,ST016,MED022,SUP02,42
PO005411,2026-01-28,2026-02-02,2026-02-04,ST016,MED024,SUP04,72
PO005412,2026-01-28,2026-02-01,2026-02-01,ST016,MED030,SUP02,30
PO005413,2026-01-28,2026-02-01,2026-02-01,ST017,MED008,SUP04,24
PO005414,2026-01-28,2026-01-31,2026-01-31,ST017,MED020,SUP04,48
PO005415,2026-01-28,2026-02-02,2026-02-02,ST017,MED023,SUP03,72
PO005416,2026-01-28,2026-01-31,2026-01-31,ST017,MED030,SUP02,30
PO005417,2026-01-28,2026-01-30,2026-01-30,ST018,MED002,SUP02,66
PO005418,2026-01-28,2026-02-01,2026-02-01,ST018,MED007,SUP03,24
PO005419,2026-01-28,2026-01-31,2026-01-31,ST018,MED009,SUP01,60
PO005420,2026-01-28,2026-01-30,2026-01-30,ST018,MED010,SUP02,36
PO005421,2026-01-28,2026-02-01,2026-02-01,ST018,MED011,SUP03,66
PO005422,2026-01-28,2026-02-01,2026-02-03,ST018,MED016,SUP04,48
PO005423,2026-01-28,2026-02-02,2026-02-02,ST018,MED017,SUP01,72
PO005424,2026-01-28,2026-01-30,2026-01-30,ST018,MED023,SUP03,60
PO005425,2026-01-28,2026-01-31,2026-01-31,ST018,MED027,SUP03,72
PO005426,2026-01-28,2026-02-02,2026-02-02,ST019,MED007,SUP03,24
PO005427,2026-01-28,2026-01-30,2026-01-30,ST019,MED009,SUP01,60
PO005428,2026-01-28,2026-01-30,2026-01-30,ST019,MED012,SUP04,60
PO005429,2026-01-28,2026-01-31,2026-01-31,ST019,MED014,SUP02,48
PO005430,2026-01-28,2026-02-01,2026-02-01,ST019,MED019,SUP03,24
PO005431,2026-01-28,2026-02-02,2026-02-02,ST019,MED022,SUP02,42
PO005432,2026-01-28,2026-02-01,2026-02-01,ST019,MED030,SUP02,30
PO005433,2026-01-28,2026-02-01,2026-02-04,ST020,MED016,SUP04,48
PO005434,2026-01-28,2026-01-30,2026-01-30,ST020,MED020,SUP04,48
PO005435,2026-01-28,2026-02-02,2026-02-02,ST020,MED022,SUP02,48
PO005436,2026-01-28,2026-01-30,2026-01-30,ST021,MED002,SUP02,60
PO005437,2026-01-28,2026-01-30,2026-02-02,ST021,MED006,SUP02,60
PO005438,2026-01-28,2026-01-31,2026-01-31,ST021,MED010,SUP02,24
PO005439,2026-01-28,2026-02-01,2026-02-01,ST021,MED012,SUP04,60
PO005440,2026-01-28,2026-01-31,2026-01-31,ST021,MED014,SUP02,48
PO005441,2026-01-28,2026-02-02,2026-02-02,ST021,MED022,SUP02,48
PO005442,2026-01-28,2026-02-02,2026-02-02,ST022,MED008,SUP04,24
PO005443,2026-01-28,2026-01-31,2026-01-31,ST022,MED017,SUP01,60
PO005444,2026-01-28,2026-02-01,2026-02-04,ST022,MED022,SUP02,42
PO005445,2026-01-28,2026-01-30,2026-01-30,ST022,MED029,SUP01,48
PO005446,2026-01-28,2026-02-01,2026-02-01,ST023,MED003,SUP03,24
PO005447,2026-01-28,2026-02-01,2026-02-01,ST023,MED009,SUP01,60
PO005448,2026-01-28,2026-02-01,2026-02-01,ST023,MED012,SUP04,60
PO005449,2026-01-28,2026-02-01,2026-02-01,ST023,MED019,SUP03,24
PO005450,2026-01-28,2026-01-30,2026-01-30,ST023,MED021,SUP01,60
PO005451,2026-01-28,2026-01-31,2026-01-31,ST023,MED022,SUP02,42
PO005452,2026-01-28,2026-01-30,2026-01-30,ST023,MED023,SUP03,72
PO005453,2026-01-28,2026-01-31,2026-01-31,ST023,MED027,SUP03,72
PO005454,2026-01-28,2026-01-31,2026-01-31,ST023,MED030,SUP02,30
PO005455,2026-01-28,2026-01-30,2026-01-30,ST024,MED002,SUP02,66
PO005456,2026-01-28,2026-01-31,2026-01-31,ST024,MED011,SUP03,66
PO005457,2026-01-28,2026-01-30,2026-01-30,ST024,MED014,SUP02,48
PO005458,2026-01-28,2026-02-02,2026-02-02,ST024,MED026,SUP02,72
PO005459,2026-01-28,2026-02-01,2026-02-01,ST024,MED028,SUP04,48
PO005460,2026-01-28,2026-01-31,2026-01-31,ST024,MED029,SUP01,48
PO005461,2026-01-28,2026-01-30,2026-01-30,ST025,MED007,SUP03,24
PO005462,2026-01-28,2026-01-30,2026-01-30,ST025,MED027,SUP03,72
PO005463,2026-01-28,2026-01-30,2026-01-30,ST026,MED002,SUP02,60
PO005464,2026-01-28,2026-01-31,2026-01-31,ST026,MED005,SUP01,72
PO005465,2026-01-28,2026-02-01,2026-02-01,ST026,MED008,SUP04,24
PO005466,2026-01-28,2026-01-30,2026-01-30,ST026,MED015,SUP03,72
PO005467,2026-01-28,2026-02-02,2026-02-02,ST026,MED018,SUP02,48
PO005468,2026-01-28,2026-02-02,2026-02-02,ST026,MED020,SUP04,48
PO005469,2026-01-28,2026-02-02,2026-02-02,ST026,MED022,SUP02,48
PO005470,2026-01-28,2026-01-31,2026-01-31,ST026,MED027,SUP03,72
PO005471,2026-01-28,2026-01-30,2026-01-30,ST027,MED006,SUP02,60
PO005472,2026-01-28,2026-02-02,2026-02-02,ST027,MED012,SUP04,72
PO005473,2026-01-28,2026-02-01,2026-02-01,ST027,MED017,SUP01,60
PO005474,2026-01-28,2026-02-01,2026-02-01,ST027,MED024,SUP04,72
PO005475,2026-01-28,2026-02-02,2026-02-02,ST028,MED001,SUP01,72
PO005476,2026-01-28,2026-01-31,2026-01-31,ST028,MED004,SUP04,48
PO005477,2026-01-28,2026-02-02,2026-02-02,ST028,MED010,SUP02,24
PO005478,2026-01-28,2026-02-02,2026-02-02,ST029,MED010,SUP02,24
PO005479,2026-01-28,2026-01-31,2026-02-01,ST029,MED013,SUP01,48
PO005480,2026-01-28,2026-01-30,2026-01-30,ST029,MED022,SUP02,42
PO005481,2026-01-28,2026-02-02,2026-02-02,ST029,MED023,SUP03,60
PO005482,2026-01-28,2026-02-02,2026-02-02,ST029,MED024,SUP04,84
PO005483,2026-01-28,2026-01-31,2026-01-31,ST030,MED006,SUP02,60
PO005484,2026-01-28,2026-02-01,2026-02-01,ST030,MED021,SUP01,60
PO005485,2026-01-28,2026-01-30,2026-01-30,ST030,MED024,SUP04,72
PO005486,2026-01-28,2026-02-02,2026-02-02,ST030,MED026,SUP02,72
PO005487,2026-01-28,2026-01-31,2026-01-31,ST031,MED003,SUP03,24
PO005488,2026-01-28,2026-02-02,2026-02-05,ST031,MED009,SUP01,60
PO005489,2026-01-28,2026-02-02,2026-02-02,ST031,MED017,SUP01,60
PO005490,2026-01-28,2026-01-31,2026-01-31,ST031,MED020,SUP04,48
PO005491,2026-01-28,2026-02-01,2026-02-03,ST031,MED023,SUP03,72
PO005492,2026-01-28,2026-02-01,2026-02-01,ST031,MED024,SUP04,72
PO005493,2026-01-28,2026-02-01,2026-02-01,ST031,MED028,SUP04,48
PO005494,2026-01-28,2026-02-02,2026-02-04,ST032,MED004,SUP04,48
PO005495,2026-01-28,2026-01-30,2026-01-30,ST032,MED006,SUP02,60
PO005496,2026-01-28,2026-01-31,2026-02-01,ST032,MED009,SUP01,60
PO005497,2026-01-28,2026-02-01,2026-02-01,ST032,MED016,SUP04,48
PO005498,2026-01-28,2026-02-01,2026-02-01,ST032,MED018,SUP02,48
PO005499,2026-01-28,2026-02-02,2026-02-03,ST032,MED027,SUP03,72
PO005500,2026-01-28,2026-01-30,2026-01-30,ST033,MED012,SUP04,60
PO005501,2026-01-28,2026-02-01,2026-02-01,ST033,MED030,SUP02,30
PO005502,2026-01-28,2026-01-30,2026-01-30,ST034,MED003,SUP03,24
PO005503,2026-01-28,2026-02-01,2026-02-01,ST034,MED005,SUP01,72
PO005504,2026-01-28,2026-01-31,2026-01-31,ST034,MED014,SUP02,48
PO005505,2026-01-28,2026-01-31,2026-01-31,ST034,MED027,SUP03,72
PO005506,2026-01-28,2026-01-30,2026-01-30,ST035,MED010,SUP02,24
PO005507,2026-01-28,2026-01-30,2026-01-30,ST035,MED012,SUP04,60
PO005508,2026-01-28,2026-02-01,2026-02-01,ST035,MED014,SUP02,48
PO005509,2026-01-28,2026-02-02,2026-02-02,ST035,MED022,SUP02,36
PO005510,2026-01-28,2026-01-30,2026-02-02,ST035,MED026,SUP02,72
PO005511,2026-01-28,2026-02-02,2026-02-02,ST036,MED006,SUP02,60
PO005512,2026-01-28,2026-01-31,2026-01-31,ST036,MED008,SUP04,24
PO005513,2026-01-28,2026-02-02,2026-02-02,ST036,MED012,SUP04,60
PO005514,2026-01-28,2026-01-31,2026-01-31,ST036,MED013,SUP01,48
PO005515,2026-01-28,2026-02-02,2026-02-02,ST036,MED025,SUP01,36
PO005516,2026-01-28,2026-01-30,2026-01-30,ST037,MED002,SUP02,60
PO005517,2026-01-28,2026-02-02,2026-02-02,ST037,MED011,SUP03,66
PO005518,2026-01-28,2026-02-01,2026-02-01,ST037,MED023,SUP03,72
PO005519,2026-01-28,2026-02-01,2026-02-01,ST037,MED027,SUP03,72
PO005520,2026-01-28,2026-01-30,2026-01-30,ST038,MED007,SUP03,24
PO005521,2026-01-28,2026-02-01,2026-02-03,ST038,MED009,SUP01,60
PO005522,2026-01-28,2026-02-01,2026-02-01,ST038,MED012,SUP04,60
PO005523,2026-01-28,2026-02-02,2026-02-02,ST038,MED016,SUP04,48
PO005524,2026-01-28,2026-02-01,2026-02-01,ST038,MED020,SUP04,48
PO005525,2026-01-28,2026-01-31,2026-01-31,ST038,MED021,SUP01,66
PO005526,2026-01-28,2026-02-02,2026-02-02,ST039,MED016,SUP04,48
PO005527,2026-01-28,2026-01-31,2026-01-31,ST039,MED025,SUP01,36
PO005528,2026-01-28,2026-01-30,2026-01-30,ST039,MED027,SUP03,84
PO005529,2026-01-28,2026-02-01,2026-02-01,ST040,MED005,SUP01,72
PO005530,2026-01-28,2026-02-02,2026-02-02,ST040,MED006,SUP02,60
PO005531,2026-01-28,2026-02-02,2026-02-02,ST040,MED020,SUP04,48
PO005532,2026-01-28,2026-01-30,2026-01-30,ST040,MED024,SUP04,84
PO005533,2026-01-28,2026-02-02,2026-02-02,ST040,MED025,SUP01,36
PO005534,2026-01-29,2026-02-02,2026-02-02,ST001,MED006,SUP02,60
PO005535,2026-01-29,2026-02-02,2026-02-02,ST001,MED017,SUP01,72
PO005536,2026-01-29,2026-02-03,2026-02-06,ST002,MED015,SUP03,72
PO005537,2026-01-29,2026-01-31,2026-01-31,ST002,MED023,SUP03,72
PO005538,2026-01-29,2026-02-03,2026-02-03,ST002,MED027,SUP03,72
PO005539,2026-01-29,2026-02-01,2026-02-01,ST002,MED028,SUP04,48
PO005540,2026-01-29,2026-02-01,2026-02-01,ST002,MED029,SUP01,72
PO005541,2026-01-29,2026-01-31,2026-02-02,ST003,MED001,SUP01,72
PO005542,2026-01-29,2026-01-31,2026-01-31,ST003,MED005,SUP01,60
PO005543,2026-01-29,2026-02-03,2026-02-03,ST004,MED005,SUP01,60
PO005544,2026-01-29,2026-02-01,2026-02-01,ST004,MED020,SUP04,48
PO005545,2026-01-29,2026-01-31,2026-01-31,ST005,MED001,SUP01,72
PO005546,2026-01-29,2026-01-31,2026-01-31,ST005,MED002,SUP02,66
PO005547,2026-01-29,2026-02-03,2026-02-03,ST005,MED005,SUP01,60
PO005548,2026-01-29,2026-02-01,2026-02-03,ST005,MED016,SUP04,48
PO005549,2026-01-29,2026-02-01,2026-02-01,ST005,MED019,SUP03,24
PO005550,2026-01-29,2026-01-31,2026-01-31,ST005,MED022,SUP02,48
PO005551,2026-01-29,2026-02-02,2026-02-02,ST005,MED023,SUP03,60
PO005552,2026-01-29,2026-02-01,2026-02-04,ST005,MED024,SUP04,84
PO005553,2026-01-29,2026-02-02,2026-02-05,ST005,MED030,SUP02,30
PO005554,2026-01-29,2026-02-03,2026-02-03,ST006,MED002,SUP02,60
PO005555,2026-01-29,2026-02-02,2026-02-03,ST006,MED005,SUP01,72
PO005556,2026-01-29,2026-02-01,2026-02-01,ST006,MED009,SUP01,60
PO005557,2026-01-29,2026-02-02,2026-02-02,ST006,MED013,SUP01,48
PO005558,2026-01-29,2026-02-03,2026-02-06,ST006,MED030,SUP02,30
PO005559,2026-01-29,2026-02-02,2026-02-02,ST007,MED005,SUP01,60
PO005560,2026-01-29,2026-02-01,2026-02-01,ST008,MED009,SUP01,60
PO005561,2026-01-29,2026-02-01,2026-02-01,ST008,MED010,SUP02,36
PO005562,2026-01-29,2026-02-01,2026-02-01,ST008,MED017,SUP01,72
PO005563,2026-01-29,2026-02-02,2026-02-03,ST008,MED021,SUP01,60
PO005564,2026-01-29,2026-02-02,2026-02-02,ST008,MED022,SUP02,36
PO005565,2026-01-29,2026-02-03,2026-02-03,ST008,MED023,SUP03,60
PO005566,2026-01-29,2026-01-31,2026-01-31,ST008,MED025,SUP01,36
PO005567,2026-01-29,2026-02-03,2026-02-03,ST008,MED029,SUP01,72
PO005568,2026-01-29,2026-02-03,2026-02-03,ST009,MED011,SUP03,60
PO005569,2026-01-29,2026-02-03,2026-02-03,ST009,MED013,SUP01,48
PO005570,2026-01-29,2026-01-31,2026-01-31,ST009,MED025,SUP01,36
PO005571,2026-01-29,2026-02-01,2026-02-01,ST009,MED027,SUP03,72
PO005572,2026-01-29,2026-02-01,2026-02-01,ST009,MED028,SUP04,48
PO005573,2026-01-29,2026-02-03,2026-02-03,ST010,MED001,SUP01,72
PO005574,2026-01-29,2026-02-01,2026-02-01,ST010,MED008,SUP04,24
PO005575,2026-01-29,2026-02-03,2026-02-04,ST010,MED014,SUP02,48
PO005576,2026-01-29,2026-01-31,2026-01-31,ST010,MED024,SUP04,72
PO005577,2026-01-29,2026-02-01,2026-02-01,ST010,MED028,SUP04,48
PO005578,2026-01-29,2026-02-01,2026-02-01,ST010,MED030,SUP02,30
PO005579,2026-01-29,2026-02-01,2026-02-01,ST011,MED003,SUP03,24
PO005580,2026-01-29,2026-01-31,2026-01-31,ST011,MED005,SUP01,72
PO005581,2026-01-29,2026-02-03,2026-02-03,ST011,MED006,SUP02,72
PO005582,2026-01-29,2026-02-03,2026-02-03,ST011,MED025,SUP01,36
PO005583,2026-01-29,2026-02-02,2026-02-02,ST011,MED030,SUP02,30
PO005584,2026-01-29,2026-02-01,2026-02-01,ST012,MED011,SUP03,66
PO005585,2026-01-29,2026-02-01,2026-02-01,ST012,MED017,SUP01,72
PO005586,2026-01-29,2026-01-31,2026-01-31,ST012,MED021,SUP01,54
PO005587,2026-01-29,2026-02-02,2026-02-02,ST012,MED026,SUP02,72
PO005588,2026-01-29,2026-02-03,2026-02-03,ST013,MED002,SUP02,72
PO005589,2026-01-29,2026-02-03,2026-02-03,ST013,MED012,SUP04,60
PO005590,2026-01-29,2026-02-01,2026-02-01,ST013,MED013,SUP01,48
PO005591,2026-01-29,2026-02-03,2026-02-03,ST013,MED019,SUP03,24
PO005592,2026-01-29,2026-02-02,2026-02-02,ST014,MED002,SUP02,60
PO005593,2026-01-29,2026-01-31,2026-01-31,ST014,MED003,SUP03,24
PO005594,2026-01-29,2026-01-31,2026-02-02,ST014,MED020,SUP04,48
PO005595,2026-01-29,2026-02-02,2026-02-02,ST015,MED003,SUP03,24
PO005596,2026-01-29,2026-02-02,2026-02-02,ST015,MED004,SUP04,48
PO005597,2026-01-29,2026-01-31,2026-02-02,ST015,MED010,SUP02,24
PO005598,2026-01-29,2026-01-31,2026-01-31,ST016,MED001,SUP01,72
PO005599,2026-01-29,2026-02-03,2026-02-03,ST016,MED005,SUP01,72
PO005600,2026-01-29,2026-02-03,2026-02-03,ST016,MED006,SUP02,60
PO005601,2026-01-29,2026-02-02,2026-02-02,ST016,MED013,SUP01,36
PO005602,2026-01-29,2026-02-02,2026-02-02,ST016,MED014,SUP02,48
PO005603,2026-01-29,2026-01-31,2026-01-31,ST016,MED015,SUP03,72
PO005604,2026-01-29,2026-02-01,2026-02-01,ST016,MED016,SUP04,48
PO005605,2026-01-29,2026-02-02,2026-02-03,ST016,MED017,SUP01,72
PO005606,2026-01-29,2026-01-31,2026-01-31,ST016,MED026,SUP02,72
PO005607,2026-01-29,2026-02-03,2026-02-03,ST017,MED011,SUP03,66
PO005608,2026-01-29,2026-02-01,2026-02-01,ST017,MED014,SUP02,48
PO005609,2026-01-29,2026-02-01,2026-02-01,ST017,MED025,SUP01,36
PO005610,2026-01-29,2026-02-01,2026-02-03,ST018,MED003,SUP03,24
PO005611,2026-01-29,2026-02-03,2026-02-03,ST018,MED012,SUP04,60
PO005612,2026-01-29,2026-01-31,2026-01-31,ST018,MED015,SUP03,72
PO005613,2026-01-29,2026-02-02,2026-02-02,ST018,MED018,SUP02,48
PO005614,2026-01-29,2026-01-31,2026-01-31,ST018,MED024,SUP04,72
PO005615,2026-01-29,2026-02-01,2026-02-01,ST019,MED001,SUP01,72
PO005616,2026-01-29,2026-02-01,2026-02-01,ST019,MED006,SUP02,60
PO005617,2026-01-29,2026-02-02,2026-02-02,ST019,MED011,SUP03,60
PO005618,2026-01-29,2026-02-03,2026-02-03,ST019,MED024,SUP04,72
PO005619,2026-01-29,2026-02-03,2026-02-03,ST019,MED025,SUP01,36
PO005620,2026-01-29,2026-02-03,2026-02-03,ST019,MED026,SUP02,72
PO005621,2026-01-29,2026-02-03,2026-02-03,ST020,MED003,SUP03,24
PO005622,2026-01-29,2026-01-31,2026-01-31,ST020,MED005,SUP01,72
PO005623,2026-01-29,2026-01-31,2026-01-31,ST020,MED010,SUP02,24
PO005624,2026-01-29,2026-01-31,2026-01-31,ST020,MED011,SUP03,66
PO005625,2026-01-29,2026-02-03,2026-02-03,ST020,MED019,SUP03,24
PO005626,2026-01-29,2026-02-02,2026-02-04,ST021,MED009,SUP01,60
PO005627,2026-01-29,2026-01-31,2026-01-31,ST021,MED016,SUP04,48
PO005628,2026-01-29,2026-02-01,2026-02-01,ST021,MED019,SUP03,24
PO005629,2026-01-29,2026-01-31,2026-01-31,ST021,MED021,SUP01,54
PO005630,2026-01-29,2026-02-02,2026-02-03,ST021,MED028,SUP04,48
PO005631,2026-01-29,2026-01-31,2026-02-02,ST022,MED002,SUP02,60
PO005632,2026-01-29,2026-02-03,2026-02-03,ST022,MED004,SUP04,48
PO005633,2026-01-29,2026-02-03,2026-02-03,ST022,MED025,SUP01,36
PO005634,2026-01-29,2026-02-01,2026-02-01,ST022,MED027,SUP03,72
PO005635,2026-01-29,2026-01-31,2026-01-31,ST023,MED015,SUP03,96
PO005636,2026-01-29,2026-02-02,2026-02-02,ST023,MED016,SUP04,48
PO005637,2026-01-29,2026-02-03,2026-02-04,ST023,MED029,SUP01,72
PO005638,2026-01-29,2026-01-31,2026-01-31,ST024,MED006,SUP02,60
PO005639,2026-01-29,2026-02-01,2026-02-01,ST024,MED010,SUP02,24
PO005640,2026-01-29,2026-02-03,2026-02-03,ST024,MED013,SUP01,48
PO005641,2026-01-29,2026-02-02,2026-02-05,ST024,MED016,SUP04,48
PO005642,2026-01-29,2026-02-03,2026-02-03,ST024,MED021,SUP01,60
PO005643,2026-01-29,2026-01-31,2026-01-31,ST024,MED025,SUP01,36
PO005644,2026-01-29,2026-02-01,2026-02-01,ST025,MED015,SUP03,72
PO005645,2026-01-29,2026-02-03,2026-02-03,ST025,MED017,SUP01,72
PO005646,2026-01-29,2026-02-02,2026-02-02,ST025,MED021,SUP01,54
PO005647,2026-01-29,2026-01-31,2026-01-31,ST025,MED024,SUP04,72
PO005648,2026-01-29,2026-02-01,2026-02-02,ST026,MED009,SUP01,72
PO005649,2026-01-29,2026-02-01,2026-02-01,ST026,MED023,SUP03,72
PO005650,2026-01-29,2026-02-02,2026-02-02,ST026,MED024,SUP04,72
PO005651,2026-01-29,2026-02-02,2026-02-02,ST026,MED028,SUP04,48
PO005652,2026-01-29,2026-02-01,2026-02-01,ST026,MED029,SUP01,72
PO005653,2026-01-29,2026-02-03,2026-02-03,ST027,MED001,SUP01,72
PO005654,2026-01-29,2026-02-02,2026-02-02,ST027,MED002,SUP02,66
PO005655,2026-01-29,2026-02-03,2026-02-05,ST027,MED003,SUP03,24
PO005656,2026-01-29,2026-02-03,2026-02-03,ST027,MED019,SUP03,24
PO005657,2026-01-29,2026-02-01,2026-02-01,ST027,MED023,SUP03,60
PO005658,2026-01-29,2026-02-01,2026-02-03,ST027,MED026,SUP02,72
PO005659,2026-01-29,2026-01-31,2026-01-31,ST027,MED029,SUP01,48
PO005660,2026-01-29,2026-01-31,2026-01-31,ST027,MED030,SUP02,30
PO005661,2026-01-29,2026-02-02,2026-02-02,ST028,MED012,SUP04,60
PO005662,2026-01-29,2026-01-31,2026-01-31,ST028,MED016,SUP04,48
PO005663,2026-01-29,2026-02-01,2026-02-01,ST028,MED017,SUP01,72
PO005664,2026-01-29,2026-02-03,2026-02-03,ST028,MED027,SUP03,72
PO005665,2026-01-29,2026-02-01,2026-02-01,ST028,MED030,SUP02,30
PO005666,2026-01-29,2026-02-02,2026-02-02,ST029,MED018,SUP02,48
PO005667,2026-01-29,2026-02-01,2026-02-01,ST029,MED019,SUP03,24
PO005668,2026-01-29,2026-02-03,2026-02-05,ST029,MED028,SUP04,48
PO005669,2026-01-29,2026-01-31,2026-01-31,ST030,MED005,SUP01,60
PO005670,2026-01-29,2026-02-01,2026-02-01,ST030,MED018,SUP02,48
PO005671,2026-01-29,2026-02-03,2026-02-03,ST030,MED019,SUP03,24
PO005672,2026-01-29,2026-02-03,2026-02-03,ST030,MED023,SUP03,72
PO005673,2026-01-29,2026-02-01,2026-02-01,ST030,MED028,SUP04,48
PO005674,2026-01-29,2026-01-31,2026-01-31,ST031,MED022,SUP02,42
PO005675,2026-01-29,2026-01-31,2026-02-02,ST032,MED002,SUP02,66
PO005676,2026-01-29,2026-02-03,2026-02-03,ST032,MED005,SUP01,60
PO005677,2026-01-29,2026-02-01,2026-02-01,ST032,MED025,SUP01,48
PO005678,2026-01-29,2026-02-03,2026-02-03,ST032,MED026,SUP02,72
PO005679,2026-01-29,2026-02-01,2026-02-01,ST032,MED028,SUP04,48
PO005680,2026-01-29,2026-02-03,2026-02-03,ST033,MED006,SUP02,60
PO005681,2026-01-29,2026-02-03,2026-02-03,ST033,MED014,SUP02,48
PO005682,2026-01-29,2026-02-01,2026-02-01,ST033,MED016,SUP04,48
PO005683,2026-01-29,2026-02-03,2026-02-05,ST033,MED025,SUP01,48
PO005684,2026-01-29,2026-02-01,2026-02-01,ST033,MED026,SUP02,72
PO005685,2026-01-29,2026-02-03,2026-02-03,ST033,MED027,SUP03,72
PO005686,2026-01-29,2026-02-03,2026-02-03,ST034,MED002,SUP02,72
PO005687,2026-01-29,2026-01-31,2026-02-01,ST034,MED012,SUP04,60
PO005688,2026-01-29,2026-02-02,2026-02-02,ST034,MED018,SUP02,48
PO005689,2026-01-29,2026-01-31,2026-01-31,ST035,MED002,SUP02,60
PO005690,2026-01-29,2026-01-31,2026-01-31,ST035,MED020,SUP04,48
PO005691,2026-01-29,2026-02-01,2026-02-01,ST035,MED030,SUP02,30
PO005692,2026-01-29,2026-02-03,2026-02-03,ST036,MED024,SUP04,72
PO005693,2026-01-29,2026-02-02,2026-02-02,ST037,MED025,SUP01,36
PO005694,2026-01-29,2026-02-02,2026-02-02,ST038,MED003,SUP03,24
PO005695,2026-01-29,2026-02-03,2026-02-06,ST038,MED011,SUP03,72
PO005696,2026-01-29,2026-02-03,2026-02-04,ST038,MED013,SUP01,48
PO005697,2026-01-29,2026-02-02,2026-02-02,ST038,MED027,SUP03,72
PO005698,2026-01-29,2026-01-31,2026-02-02,ST038,MED029,SUP01,72
PO005699,2026-01-29,2026-02-03,2026-02-03,ST039,MED003,SUP03,24
PO005700,2026-01-29,2026-02-03,2026-02-06,ST039,MED005,SUP01,72
PO005701,2026-01-29,2026-02-02,2026-02-02,ST039,MED009,SUP01,60
PO005702,2026-01-29,2026-02-01,2026-02-01,ST039,MED017,SUP01,60
PO005703,2026-01-29,2026-02-01,2026-02-01,ST039,MED020,SUP04,48
PO005704,2026-01-29,2026-02-03,2026-02-03,ST039,MED026,SUP02,72
PO005705,2026-01-29,2026-02-01,2026-02-01,ST039,MED029,SUP01,72
PO005706,2026-01-29,2026-01-31,2026-01-31,ST040,MED004,SUP04,60
PO005707,2026-01-29,2026-01-31,2026-01-31,ST040,MED013,SUP01,48
PO005708,2026-01-29,2026-02-03,2026-02-03,ST040,MED021,SUP01,60
PO005709,2026-01-30,2026-02-02,2026-02-02,ST001,MED005,SUP01,60
PO005710,2026-01-30,2026-02-04,2026-02-04,ST001,MED009,SUP01,60
PO005711,2026-01-30,2026-02-03,2026-02-03,ST002,MED021,SUP01,60
PO005712,2026-01-30,2026-02-02,2026-02-02,ST003,MED007,SUP03,24
PO005713,2026-01-30,2026-02-01,2026-02-01,ST003,MED009,SUP01,60
PO005714,2026-01-30,2026-02-02,2026-02-04,ST003,MED012,SUP04,60
PO005715,2026-01-30,2026-02-02,2026-02-02,ST003,MED026,SUP02,72
PO005716,2026-01-30,2026-02-04,2026-02-07,ST004,MED002,SUP02,60
PO005717,2026-01-30,2026-02-01,2026-02-03,ST004,MED003,SUP03,24
PO005718,2026-01-30,2026-02-02,2026-02-02,ST004,MED004,SUP04,48
PO005719,2026-01-30,2026-02-02,2026-02-02,ST004,MED006,SUP02,60
PO005720,2026-01-30,2026-02-03,2026-02-03,ST004,MED014,SUP02,48
PO005721,2026-01-30,2026-02-02,2026-02-02,ST004,MED019,SUP03,24
PO005722,2026-01-30,2026-02-04,2026-02-04,ST004,MED021,SUP01,54
PO005723,2026-01-30,2026-02-02,2026-02-05,ST004,MED028,SUP04,48
PO005724,2026-01-30,2026-02-04,2026-02-04,ST004,MED029,SUP01,72
PO005725,2026-01-30,2026-02-01,2026-02-01,ST005,MED003,SUP03,24
PO005726,2026-01-30,2026-02-03,2026-02-03,ST005,MED009,SUP01,72
PO005727,2026-01-30,2026-02-03,2026-02-03,ST005,MED025,SUP01,48
PO005728,2026-01-30,2026-02-03,2026-02-04,ST006,MED001,SUP01,72
PO005729,2026-01-30,2026-02-01,2026-02-01,ST006,MED006,SUP02,60
PO005730,2026-01-30,2026-02-02,2026-02-02,ST006,MED007,SUP03,24
PO005731,2026-01-30,2026-02-03,2026-02-05,ST006,MED027,SUP03,72
PO005732,2026-01-30,2026-02-04,2026-02-04,ST006,MED029,SUP01,72
PO005733,2026-01-30,2026-02-01,2026-02-01,ST007,MED004,SUP04,48
PO005734,2026-01-30,2026-02-03,2026-02-03,ST007,MED018,SUP02,48
PO005735,2026-01-30,2026-02-03,2026-02-03,ST007,MED025,SUP01,36
PO005736,2026-01-30,2026-02-01,2026-02-01,ST008,MED002,SUP02,60
PO005737,2026-01-30,2026-02-04,2026-02-04,ST008,MED008,SUP04,24
PO005738,2026-01-30,2026-02-02,2026-02-02,ST008,MED024,SUP04,72
PO005739,2026-01-30,2026-02-02,2026-02-02,ST008,MED028,SUP04,48
PO005740,2026-01-30,2026-02-01,2026-02-01,ST009,MED001,SUP01,72
PO005741,2026-01-30,2026-02-02,2026-02-02,ST009,MED017,SUP01,72
PO005742,2026-01-30,2026-02-01,2026-02-01,ST009,MED021,SUP01,60
PO005743,2026-01-30,2026-02-02,2026-02-02,ST009,MED024,SUP04,72
PO005744,2026-01-30,2026-02-04,2026-02-04,ST009,MED030,SUP02,30
PO005745,2026-01-30,2026-02-03,2026-02-03,ST010,MED010,SUP02,24
PO005746,2026-01-30,2026-02-02,2026-02-03,ST010,MED011,SUP03,60
PO005747,2026-01-30,2026-02-02,2026-02-02,ST010,MED017,SUP01,72
PO005748,2026-01-30,2026-02-02,2026-02-02,ST010,MED029,SUP01,72
PO005749,2026-01-30,2026-02-04,2026-02-04,ST011,MED008,SUP04,24
PO005750,2026-01-30,2026-02-03,2026-02-03,ST011,MED024,SUP04,72
PO005751,2026-01-30,2026-02-01,2026-02-01,ST012,MED002,SUP02,66
PO005752,2026-01-30,2026-02-01,2026-02-01,ST013,MED001,SUP01,72
PO005753,2026-01-30,2026-02-02,2026-02-02,ST013,MED008,SUP04,24
PO005754,2026-01-30,2026-02-04,2026-02-06,ST013,MED015,SUP03,72
PO005755,2026-01-30,2026-02-04,2026-02-04,ST013,MED021,SUP01,54
PO005756,2026-01-30,2026-02-03,2026-02-03,ST013,MED024,SUP04,72
PO005757,2026-01-30,2026-02-02,2026-02-02,ST013,MED029,SUP01,72
PO005758,2026-01-30,2026-02-02,2026-02-02,ST014,MED010,SUP02,24
PO005759,2026-01-30,2026-02-02,2026-02-02,ST014,MED014,SUP02,48
PO005760,2026-01-30,2026-02-02,2026-02-02,ST014,MED019,SUP03,24
PO005761,2026-01-30,2026-02-04,2026-02-04,ST015,MED002,SUP02,60
PO005762,2026-01-30,2026-02-02,2026-02-02,ST015,MED015,SUP03,72
PO005763,2026-01-30,2026-02-04,2026-02-04,ST015,MED023,SUP03,72
PO005764,2026-01-30,2026-02-02,2026-02-02,ST015,MED025,SUP01,36
PO005765,2026-01-30,2026-02-03,2026-02-03,ST017,MED001,SUP01,72
PO005766,2026-01-30,2026-02-01,2026-02-01,ST017,MED005,SUP01,72
PO005767,2026-01-30,2026-02-02,2026-02-04,ST017,MED007,SUP03,24
PO005768,2026-01-30,2026-02-02,2026-02-02,ST017,MED009,SUP01,60
PO005769,2026-01-30,2026-02-02,2026-02-02,ST017,MED015,SUP03,96
PO005770,2026-01-30,2026-02-01,2026-02-01,ST017,MED028,SUP04,48
PO005771,2026-01-30,2026-02-02,2026-02-02,ST018,MED005,SUP01,72
PO005772,2026-01-30,2026-02-04,2026-02-04,ST018,MED019,SUP03,24
PO005773,2026-01-30,2026-02-01,2026-02-03,ST018,MED021,SUP01,60
PO005774,2026-01-30,2026-02-01,2026-02-01,ST018,MED022,SUP02,42
PO005775,2026-01-30,2026-02-01,2026-02-01,ST018,MED029,SUP01,72
PO005776,2026-01-30,2026-02-02,2026-02-02,ST019,MED005,SUP01,72
PO005777,2026-01-30,2026-02-01,2026-02-01,ST019,MED013,SUP01,48
PO005778,2026-01-30,2026-02-03,2026-02-03,ST019,MED017,SUP01,72
PO005779,2026-01-30,2026-02-01,2026-02-01,ST019,MED027,SUP03,72
PO005780,2026-01-30,2026-02-03,2026-02-03,ST019,MED028,SUP04,48
PO005781,2026-01-30,2026-02-01,2026-02-01,ST020,MED004,SUP04,48
PO005782,2026-01-30,2026-02-01,2026-02-01,ST020,MED007,SUP03,24
PO005783,2026-01-30,2026-02-03,2026-02-03,ST020,MED008,SUP04,24
PO005784,2026-01-30,2026-02-03,2026-02-03,ST020,MED009,SUP01,60
PO005785,2026-01-30,2026-02-02,2026-02-02,ST020,MED015,SUP03,96
PO005786,2026-01-30,2026-02-01,2026-02-01,ST020,MED017,SUP01,72
PO005787,2026-01-30,2026-02-02,2026-02-02,ST020,MED023,SUP03,60
PO005788,2026-01-30,2026-02-02,2026-02-02,ST020,MED026,SUP02,72
PO005789,2026-01-30,2026-02-02,2026-02-02,ST021,MED013,SUP01,48
PO005790,2026-01-30,2026-02-01,2026-02-01,ST021,MED015,SUP03,72
PO005791,2026-01-30,2026-02-03,2026-02-03,ST021,MED018,SUP02,48
PO005792,2026-01-30,2026-02-02,2026-02-02,ST021,MED020,SUP04,48
PO005793,2026-01-30,2026-02-03,2026-02-03,ST021,MED029,SUP01,72
PO005794,2026-01-30,2026-02-02,2026-02-02,ST022,MED005,SUP01,60
PO005795,2026-01-30,2026-02-01,2026-02-01,ST022,MED010,SUP02,24
PO005796,2026-01-30,2026-02-02,2026-02-02,ST022,MED018,SUP02,48
PO005797,2026-01-30,2026-02-03,2026-02-03,ST022,MED028,SUP04,48
PO005798,2026-01-30,2026-02-04,2026-02-04,ST023,MED002,SUP02,66
PO005799,2026-01-30,2026-02-01,2026-02-01,ST023,MED011,SUP03,66
PO005800,2026-01-30,2026-02-02,2026-02-02,ST023,MED026,SUP02,72
PO005801,2026-01-30,2026-02-01,2026-02-03,ST023,MED028,SUP04,48
PO005802,2026-01-30,2026-02-02,2026-02-05,ST024,MED012,SUP04,72
PO005803,2026-01-30,2026-02-02,2026-02-02,ST024,MED020,SUP04,48
PO005804,2026-01-30,2026-02-01,2026-02-03,ST024,MED022,SUP02,42
PO005805,2026-01-30,2026-02-01,2026-02-03,ST025,MED002,SUP02,60
PO005806,2026-01-30,2026-02-02,2026-02-02,ST025,MED005,SUP01,72
PO005807,2026-01-30,2026-02-03,2026-02-03,ST025,MED008,SUP04,24
PO005808,2026-01-30,2026-02-02,2026-02-04,ST025,MED012,SUP04,60
PO005809,2026-01-30,2026-02-01,2026-02-02,ST025,MED028,SUP04,48
PO005810,2026-01-30,2026-02-03,2026-02-06,ST025,MED030,SUP02,36
PO005811,2026-01-30,2026-02-04,2026-02-04,ST026,MED001,SUP01,72
PO005812,2026-01-30,2026-02-02,2026-02-02,ST026,MED004,SUP04,48
PO005813,2026-01-30,2026-02-02,2026-02-02,ST026,MED007,SUP03,24
PO005814,2026-01-30,2026-02-01,2026-02-01,ST026,MED011,SUP03,66
PO005815,2026-01-30,2026-02-04,2026-02-04,ST026,MED016,SUP04,48
PO005816,2026-01-30,2026-02-04,2026-02-04,ST026,MED026,SUP02,72
PO005817,2026-01-30,2026-02-02,2026-02-02,ST027,MED004,SUP04,60
PO005818,2026-01-30,2026-02-02,2026-02-02,ST027,MED005,SUP01,60
PO005819,2026-01-30,2026-02-04,2026-02-04,ST027,MED013,SUP01,48
PO005820,2026-01-30,2026-02-03,2026-02-03,ST027,MED018,SUP02,48
PO005821,2026-01-30,2026-02-01,2026-02-01,ST027,MED021,SUP01,54
PO005822,2026-01-30,2026-02-04,2026-02-04,ST028,MED019,SUP03,24
PO005823,2026-01-30,2026-02-04,2026-02-04,ST028,MED026,SUP02,72
PO005824,2026-01-30,2026-02-01,2026-02-01,ST029,MED005,SUP01,60
PO005825,2026-01-30,2026-02-02,2026-02-03,ST029,MED015,SUP03,72
PO005826,2026-01-30,2026-02-03,2026-02-03,ST029,MED026,SUP02,72
PO005827,2026-01-30,2026-02-02,2026-02-05,ST030,MED001,SUP01,72
PO005828,2026-01-30,2026-02-04,2026-02-04,ST030,MED007,SUP03,24
PO005829,2026-01-30,2026-02-01,2026-02-01,ST030,MED008,SUP04,24
PO005830,2026-01-30,2026-02-03,2026-02-03,ST030,MED012,SUP04,72
PO005831,2026-01-30,2026-02-03,2026-02-03,ST030,MED016,SUP04,48
PO005832,2026-01-30,2026-02-02,2026-02-03,ST030,MED027,SUP03,72
PO005833,2026-01-30,2026-02-01,2026-02-01,ST030,MED029,SUP01,72
PO005834,2026-01-30,2026-02-01,2026-02-04,ST031,MED001,SUP01,72
PO005835,2026-01-30,2026-02-02,2026-02-04,ST031,MED002,SUP02,60
PO005836,2026-01-30,2026-02-02,2026-02-02,ST031,MED004,SUP04,48
PO005837,2026-01-30,2026-02-01,2026-02-01,ST031,MED006,SUP02,60
PO005838,2026-01-30,2026-02-03,2026-02-03,ST031,MED011,SUP03,66
PO005839,2026-01-30,2026-02-02,2026-02-02,ST031,MED012,SUP04,60
PO005840,2026-01-30,2026-02-04,2026-02-07,ST031,MED021,SUP01,60
PO005841,2026-01-30,2026-02-01,2026-02-01,ST031,MED027,SUP03,72
PO005842,2026-01-30,2026-02-02,2026-02-02,ST032,MED008,SUP04,24
PO005843,2026-01-30,2026-02-02,2026-02-02,ST032,MED011,SUP03,66
PO005844,2026-01-30,2026-02-01,2026-02-01,ST032,MED012,SUP04,72
PO005845,2026-01-30,2026-02-01,2026-02-04,ST032,MED020,SUP04,48
PO005846,2026-01-30,2026-02-04,2026-02-04,ST032,MED021,SUP01,60
PO005847,2026-01-30,2026-02-02,2026-02-02,ST032,MED022,SUP02,42
PO005848,2026-01-30,2026-02-03,2026-02-03,ST032,MED029,SUP01,48
PO005849,2026-01-30,2026-02-03,2026-02-03,ST033,MED003,SUP03,24
PO005850,2026-01-30,2026-02-04,2026-02-04,ST033,MED005,SUP01,60
PO005851,2026-01-30,2026-02-03,2026-02-03,ST033,MED013,SUP01,48
PO005852,2026-01-30,2026-02-01,2026-02-02,ST033,MED022,SUP02,48
PO005853,2026-01-30,2026-02-01,2026-02-01,ST033,MED024,SUP04,72
PO005854,2026-01-30,2026-02-01,2026-02-01,ST033,MED029,SUP01,72
PO005855,2026-01-30,2026-02-01,2026-02-01,ST034,MED001,SUP01,72
PO005856,2026-01-30,2026-02-02,2026-02-02,ST034,MED006,SUP02,72
PO005857,2026-01-30,2026-02-04,2026-02-04,ST034,MED009,SUP01,60
PO005858,2026-01-30,2026-02-04,2026-02-04,ST034,MED017,SUP01,60
PO005859,2026-01-30,2026-02-01,2026-02-01,ST034,MED022,SUP02,48
PO005860,2026-01-30,2026-02-03,2026-02-04,ST036,MED005,SUP01,60
PO005861,2026-01-30,2026-02-01,2026-02-01,ST036,MED010,SUP02,24
PO005862,2026-01-30,2026-02-03,2026-02-03,ST037,MED001,SUP01,72
PO005863,2026-01-30,2026-02-04,2026-02-04,ST037,MED009,SUP01,72
PO005864,2026-01-30,2026-02-02,2026-02-02,ST037,MED016,SUP04,48
PO005865,2026-01-30,2026-02-04,2026-02-04,ST037,MED020,SUP04,48
PO005866,2026-01-30,2026-02-01,2026-02-01,ST038,MED001,SUP01,72
PO005867,2026-01-30,2026-02-03,2026-02-05,ST038,MED002,SUP02,66
PO005868,2026-01-30,2026-02-03,2026-02-03,ST038,MED004,SUP04,48
PO005869,2026-01-30,2026-02-01,2026-02-01,ST038,MED005,SUP01,72
PO005870,2026-01-30,2026-02-01,2026-02-01,ST038,MED030,SUP02,30
PO005871,2026-01-30,2026-02-03,2026-02-05,ST039,MED010,SUP02,24
PO005872,2026-01-30,2026-02-04,2026-02-04,ST039,MED011,SUP03,66
PO005873,2026-01-30,2026-02-03,2026-02-03,ST039,MED014,SUP02,48
PO005874,2026-01-30,2026-02-01,2026-02-01,ST039,MED023,SUP03,72
PO005875,2026-01-30,2026-02-04,2026-02-05,ST039,MED024,SUP04,72
PO005876,2026-01-30,2026-02-03,2026-02-03,ST040,MED016,SUP04,48
PO005877,2026-01-30,2026-02-03,2026-02-03,ST040,MED019,SUP03,24
PO005878,2026-01-30,2026-02-04,2026-02-04,ST040,MED028,SUP04,48
PO005879,2026-01-30,2026-02-04,2026-02-04,ST040,MED029,SUP01,72
PO005880,2026-01-31,2026-02-02,2026-02-02,ST001,MED011,SUP03,66
PO005881,2026-01-31,2026-02-03,2026-02-03,ST001,MED012,SUP04,60
PO005882,2026-01-31,2026-02-05,2026-02-05,ST001,MED023,SUP03,72
PO005883,2026-01-31,2026-02-02,2026-02-04,ST002,MED001,SUP01,72
PO005884,2026-01-31,2026-02-03,2026-02-05,ST002,MED003,SUP03,24
PO005885,2026-01-31,2026-02-04,2026-02-04,ST003,MED004,SUP04,48
PO005886,2026-01-31,2026-02-04,2026-02-04,ST003,MED018,SUP02,48
PO005887,2026-01-31,2026-02-02,2026-02-04,ST004,MED016,SUP04,48
PO005888,2026-01-31,2026-02-04,2026-02-04,ST004,MED024,SUP04,84
PO005889,2026-01-31,2026-02-03,2026-02-03,ST004,MED025,SUP01,36
PO005890,2026-01-31,2026-02-05,2026-02-05,ST005,MED007,SUP03,24
PO005891,2026-01-31,2026-02-04,2026-02-07,ST005,MED010,SUP02,24
PO005892,2026-01-31,2026-02-05,2026-02-05,ST005,MED011,SUP03,66
PO005893,2026-01-31,2026-02-03,2026-02-03,ST005,MED013,SUP01,48
PO005894,2026-01-31,2026-02-05,2026-02-05,ST005,MED027,SUP03,72
PO005895,2026-01-31,2026-02-04,2026-02-06,ST005,MED029,SUP01,72
PO005896,2026-01-31,2026-02-03,2026-02-03,ST006,MED010,SUP02,24
PO005897,2026-01-31,2026-02-03,2026-02-04,ST006,MED011,SUP03,66
PO005898,2026-01-31,2026-02-05,2026-02-05,ST006,MED017,SUP01,72
PO005899,2026-01-31,2026-02-04,2026-02-04,ST006,MED020,SUP04,48
PO005900,2026-01-31,2026-02-02,2026-02-05,ST006,MED026,SUP02,72
PO005901,2026-01-31,2026-02-02,2026-02-02,ST007,MED001,SUP01,72
PO005902,2026-01-31,2026-02-04,2026-02-05,ST007,MED003,SUP03,24
PO005903,2026-01-31,2026-02-04,2026-02-04,ST007,MED014,SUP02,48
PO005904,2026-01-31,2026-02-03,2026-02-03,ST007,MED017,SUP01,72
PO005905,2026-01-31,2026-02-03,2026-02-03,ST007,MED023,SUP03,72
PO005906,2026-01-31,2026-02-05,2026-02-08,ST007,MED027,SUP03,72
PO005907,2026-01-31,2026-02-02,2026-02-02,ST007,MED028,SUP04,48
PO005908,2026-01-31,2026-02-05,2026-02-05,ST007,MED029,SUP01,48
PO005909,2026-01-31,2026-02-05,2026-02-05,ST008,MED005,SUP01,72
PO005910,2026-01-31,2026-02-05,2026-02-05,ST008,MED011,SUP03,60
PO005911,2026-01-31,2026-02-05,2026-02-05,ST008,MED015,SUP03,72
PO005912,2026-01-31,2026-02-04,2026-02-04,ST008,MED018,SUP02,48
PO005913,2026-01-31,2026-02-02,2026-02-04,ST008,MED027,SUP03,72
PO005914,2026-01-31,2026-02-02,2026-02-02,ST009,MED009,SUP01,60
PO005915,2026-01-31,2026-02-04,2026-02-06,ST009,MED010,SUP02,24
PO005916,2026-01-31,2026-02-02,2026-02-02,ST009,MED020,SUP04,48
PO005917,2026-01-31,2026-02-04,2026-02-04,ST009,MED022,SUP02,42
PO005918,2026-01-31,2026-02-02,2026-02-02,ST009,MED026,SUP02,72
PO005919,2026-01-31,2026-02-03,2026-02-04,ST010,MED012,SUP04,60
PO005920,2026-01-31,2026-02-04,2026-02-04,ST010,MED020,SUP04,48
PO005921,2026-01-31,2026-02-04,2026-02-04,ST010,MED022,SUP02,48
PO005922,2026-01-31,2026-02-03,2026-02-03,ST011,MED004,SUP04,48
PO005923,2026-01-31,2026-02-05,2026-02-05,ST011,MED012,SUP04,60
PO005924,2026-01-31,2026-02-02,2026-02-02,ST011,MED015,SUP03,72
PO005925,2026-01-31,2026-02-05,2026-02-05,ST011,MED019,SUP03,24
PO005926,2026-01-31,2026-02-05,2026-02-07,ST011,MED021,SUP01,66
PO005927,2026-01-31,2026-02-03,2026-02-04,ST011,MED023,SUP03,72
PO005928,2026-01-31,2026-02-05,2026-02-05,ST011,MED026,SUP02,72
PO005929,2026-01-31,2026-02-03,2026-02-03,ST011,MED028,SUP04,48
PO005930,2026-01-31,2026-02-05,2026-02-05,ST012,MED005,SUP01,72
PO005931,2026-01-31,2026-02-03,2026-02-03,ST012,MED007,SUP03,24
PO005932,2026-01-31,2026-02-03,2026-02-03,ST012,MED014,SUP02,48
PO005933,2026-01-31,2026-02-03,2026-02-03,ST013,MED005,SUP01,72
PO005934,2026-01-31,2026-02-03,2026-02-03,ST013,MED009,SUP01,72
PO005935,2026-01-31,2026-02-02,2026-02-02,ST013,MED010,SUP02,24
PO005936,2026-01-31,2026-02-04,2026-02-05,ST013,MED016,SUP04,48
PO005937,2026-01-31,2026-02-05,2026-02-08,ST013,MED022,SUP02,42
PO005938,2026-01-31,2026-02-02,2026-02-02,ST013,MED023,SUP03,72
PO005939,2026-01-31,2026-02-05,2026-02-05,ST014,MED011,SUP03,60
PO005940,2026-01-31,2026-02-05,2026-02-08,ST014,MED021,SUP01,60
PO005941,2026-01-31,2026-02-03,2026-02-03,ST014,MED023,SUP03,84
PO005942,2026-01-31,2026-02-02,2026-02-02,ST014,MED030,SUP02,36
PO005943,2026-01-31,2026-02-04,2026-02-04,ST015,MED009,SUP01,60
PO005944,2026-01-31,2026-02-02,2026-02-02,ST015,MED026,SUP02,72
PO005945,2026-01-31,2026-02-04,2026-02-04,ST015,MED030,SUP02,30
PO005946,2026-01-31,2026-02-02,2026-02-02,ST016,MED002,SUP02,66
PO005947,2026-01-31,2026-02-03,2026-02-03,ST016,MED007,SUP03,24
PO005948,2026-01-31,2026-02-04,2026-02-04,ST016,MED018,SUP02,48
PO005949,2026-01-31,2026-02-02,2026-02-02,ST016,MED027,SUP03,72
PO005950,2026-01-31,2026-02-03,2026-02-03,ST016,MED029,SUP01,48
PO005951,2026-01-31,2026-02-02,2026-02-05,ST017,MED002,SUP02,66
PO005952,2026-01-31,2026-02-03,2026-02-03,ST017,MED003,SUP03,24
PO005953,2026-01-31,2026-02-04,2026-02-04,ST017,MED012,SUP04,72
PO005954,2026-01-31,2026-02-02,2026-02-02,ST017,MED016,SUP04,48
PO005955,2026-01-31,2026-02-04,2026-02-04,ST017,MED021,SUP01,60
PO005956,2026-01-31,2026-02-02,2026-02-02,ST017,MED024,SUP04,72
PO005957,2026-01-31,2026-02-02,2026-02-02,ST017,MED027,SUP03,72
PO005958,2026-01-31,2026-02-02,2026-02-02,ST017,MED029,SUP01,48
PO005959,2026-01-31,2026-02-04,2026-02-04,ST018,MED004,SUP04,60
PO005960,2026-01-31,2026-02-04,2026-02-04,ST018,MED020,SUP04,48
PO005961,2026-01-31,2026-02-03,2026-02-03,ST018,MED025,SUP01,36
PO005962,2026-01-31,2026-02-04,2026-02-04,ST018,MED028,SUP04,48
PO005963,2026-01-31,2026-02-03,2026-02-03,ST018,MED030,SUP02,30
PO005964,2026-01-31,2026-02-02,2026-02-03,ST019,MED002,SUP02,66
PO005965,2026-01-31,2026-02-03,2026-02-03,ST019,MED003,SUP03,24
PO005966,2026-01-31,2026-02-04,2026-02-04,ST019,MED008,SUP04,24
PO005967,2026-01-31,2026-02-03,2026-02-05,ST019,MED015,SUP03,72
PO005968,2026-01-31,2026-02-02,2026-02-02,ST019,MED018,SUP02,48
PO005969,2026-01-31,2026-02-03,2026-02-03,ST019,MED020,SUP04,48
PO005970,2026-01-31,2026-02-02,2026-02-02,ST019,MED023,SUP03,60
PO005971,2026-01-31,2026-02-04,2026-02-04,ST019,MED029,SUP01,72
PO005972,2026-01-31,2026-02-05,2026-02-05,ST020,MED002,SUP02,66
PO005973,2026-01-31,2026-02-02,2026-02-02,ST020,MED006,SUP02,60
PO005974,2026-01-31,2026-02-02,2026-02-02,ST020,MED012,SUP04,60
PO005975,2026-01-31,2026-02-05,2026-02-05,ST020,MED013,SUP01,48
PO005976,2026-01-31,2026-02-04,2026-02-04,ST020,MED018,SUP02,48
PO005977,2026-01-31,2026-02-04,2026-02-06,ST020,MED021,SUP01,54
PO005978,2026-01-31,2026-02-02,2026-02-02,ST020,MED024,SUP04,84
PO005979,2026-01-31,2026-02-05,2026-02-05,ST020,MED025,SUP01,48
PO005980,2026-01-31,2026-02-05,2026-02-05,ST020,MED027,SUP03,84
PO005981,2026-01-31,2026-02-04,2026-02-07,ST020,MED029,SUP01,48
PO005982,2026-01-31,2026-02-05,2026-02-05,ST020,MED030,SUP02,30
PO005983,2026-01-31,2026-02-02,2026-02-02,ST021,MED011,SUP03,66
PO005984,2026-01-31,2026-02-03,2026-02-03,ST021,MED023,SUP03,60
PO005985,2026-01-31,2026-02-04,2026-02-04,ST021,MED030,SUP02,30
PO005986,2026-01-31,2026-02-03,2026-02-03,ST022,MED003,SUP03,24
PO005987,2026-01-31,2026-02-02,2026-02-02,ST022,MED009,SUP01,60
PO005988,2026-01-31,2026-02-05,2026-02-05,ST022,MED012,SUP04,60
PO005989,2026-01-31,2026-02-03,2026-02-03,ST022,MED016,SUP04,48
PO005990,2026-01-31,2026-02-02,2026-02-02,ST022,MED030,SUP02,30
PO005991,2026-01-31,2026-02-05,2026-02-05,ST023,MED010,SUP02,24
PO005992,2026-01-31,2026-02-05,2026-02-05,ST023,MED014,SUP02,48
PO005993,2026-01-31,2026-02-03,2026-02-03,ST023,MED020,SUP04,48
PO005994,2026-01-31,2026-02-03,2026-02-06,ST023,MED024,SUP04,72
PO005995,2026-01-31,2026-02-02,2026-02-02,ST024,MED009,SUP01,60
PO005996,2026-01-31,2026-02-02,2026-02-02,ST024,MED023,SUP03,60
PO005997,2026-01-31,2026-02-04,2026-02-04,ST025,MED004,SUP04,48
PO005998,2026-01-31,2026-02-04,2026-02-04,ST025,MED011,SUP03,66
PO005999,2026-01-31,2026-02-05,2026-02-08,ST025,MED014,SUP02,48
PO006000,2026-01-31,2026-02-04,2026-02-04,ST025,MED019,SUP03,24
PO006001,2026-01-31,2026-02-04,2026-02-04,ST025,MED020,SUP04,48
PO006002,2026-01-31,2026-02-02,2026-02-02,ST025,MED023,SUP03,72
PO006003,2026-01-31,2026-02-02,2026-02-02,ST025,MED029,SUP01,72
PO006004,2026-01-31,2026-02-04,2026-02-04,ST026,MED010,SUP02,24
PO006005,2026-01-31,2026-02-04,2026-02-04,ST026,MED013,SUP01,36
PO006006,2026-01-31,2026-02-04,2026-02-04,ST026,MED021,SUP01,66
PO006007,2026-01-31,2026-02-05,2026-02-05,ST026,MED025,SUP01,36
PO006008,2026-01-31,2026-02-04,2026-02-04,ST026,MED030,SUP02,30
PO006009,2026-01-31,2026-02-03,2026-02-03,ST027,MED007,SUP03,24
PO006010,2026-01-31,2026-02-04,2026-02-04,ST027,MED009,SUP01,60
PO006011,2026-01-31,2026-02-04,2026-02-04,ST027,MED011,SUP03,66
PO006012,2026-01-31,2026-02-02,2026-02-02,ST027,MED014,SUP02,48
PO006013,2026-01-31,2026-02-03,2026-02-03,ST027,MED015,SUP03,96
PO006014,2026-01-31,2026-02-04,2026-02-04,ST027,MED025,SUP01,36
PO006015,2026-01-31,2026-02-03,2026-02-03,ST028,MED003,SUP03,24
PO006016,2026-01-31,2026-02-03,2026-02-03,ST028,MED011,SUP03,60
PO006017,2026-01-31,2026-02-02,2026-02-02,ST028,MED018,SUP02,48
PO006018,2026-01-31,2026-02-05,2026-02-05,ST028,MED021,SUP01,54
PO006019,2026-01-31,2026-02-02,2026-02-02,ST028,MED029,SUP01,72
PO006020,2026-01-31,2026-02-05,2026-02-05,ST029,MED002,SUP02,60
PO006021,2026-01-31,2026-02-03,2026-02-03,ST029,MED008,SUP04,24
PO006022,2026-01-31,2026-02-03,2026-02-03,ST029,MED016,SUP04,48
PO006023,2026-01-31,2026-02-02,2026-02-02,ST029,MED027,SUP03,72
PO006024,2026-01-31,2026-02-04,2026-02-04,ST030,MED013,SUP01,48
PO006025,2026-01-31,2026-02-04,2026-02-04,ST030,MED014,SUP02,48
PO006026,2026-01-31,2026-02-05,2026-02-07,ST030,MED015,SUP03,72
PO006027,2026-01-31,2026-02-05,2026-02-05,ST030,MED020,SUP04,48
PO006028,2026-01-31,2026-02-02,2026-02-02,ST030,MED025,SUP01,36
PO006029,2026-01-31,2026-02-04,2026-02-04,ST031,MED005,SUP01,72
PO006030,2026-01-31,2026-02-03,2026-02-03,ST031,MED007,SUP03,24
PO006031,2026-01-31,2026-02-02,2026-02-02,ST031,MED025,SUP01,48
PO006032,2026-01-31,2026-02-05,2026-02-07,ST031,MED026,SUP02,72
PO006033,2026-01-31,2026-02-05,2026-02-07,ST031,MED030,SUP02,30
PO006034,2026-01-31,2026-02-03,2026-02-03,ST032,MED001,SUP01,72
PO006035,2026-01-31,2026-02-02,2026-02-02,ST032,MED010,SUP02,24
PO006036,2026-01-31,2026-02-05,2026-02-08,ST032,MED017,SUP01,60
PO006037,2026-01-31,2026-02-04,2026-02-04,ST032,MED023,SUP03,72
PO006038,2026-01-31,2026-02-02,2026-02-02,ST032,MED024,SUP04,72
PO006039,2026-01-31,2026-02-03,2026-02-03,ST032,MED030,SUP02,30
PO006040,2026-01-31,2026-02-05,2026-02-05,ST033,MED001,SUP01,72
PO006041,2026-01-31,2026-02-04,2026-02-04,ST033,MED002,SUP02,72
PO006042,2026-01-31,2026-02-04,2026-02-06,ST033,MED004,SUP04,48
PO006043,2026-01-31,2026-02-05,2026-02-05,ST033,MED015,SUP03,96
PO006044,2026-01-31,2026-02-04,2026-02-04,ST033,MED019,SUP03,24
PO006045,2026-01-31,2026-02-05,2026-02-05,ST033,MED020,SUP04,48
PO006046,2026-01-31,2026-02-02,2026-02-02,ST033,MED023,SUP03,72
PO006047,2026-01-31,2026-02-04,2026-02-04,ST033,MED028,SUP04,48
PO006048,2026-01-31,2026-02-05,2026-02-05,ST034,MED007,SUP03,24
PO006049,2026-01-31,2026-02-03,2026-02-03,ST034,MED011,SUP03,66
PO006050,2026-01-31,2026-02-03,2026-02-03,ST034,MED016,SUP04,48
PO006051,2026-01-31,2026-02-04,2026-02-04,ST034,MED020,SUP04,48
PO006052,2026-01-31,2026-02-04,2026-02-07,ST034,MED025,SUP01,48
PO006053,2026-01-31,2026-02-03,2026-02-03,ST034,MED026,SUP02,72
PO006054,2026-01-31,2026-02-05,2026-02-05,ST034,MED030,SUP02,36
PO006055,2026-01-31,2026-02-03,2026-02-03,ST035,MED006,SUP02,60
PO006056,2026-01-31,2026-02-05,2026-02-05,ST035,MED008,SUP04,24
PO006057,2026-01-31,2026-02-04,2026-02-04,ST035,MED019,SUP03,24
PO006058,2026-01-31,2026-02-02,2026-02-02,ST036,MED001,SUP01,72
PO006059,2026-01-31,2026-02-02,2026-02-02,ST036,MED004,SUP04,48
PO006060,2026-01-31,2026-02-04,2026-02-04,ST036,MED018,SUP02,48
PO006061,2026-01-31,2026-02-05,2026-02-05,ST036,MED027,SUP03,72
PO006062,2026-01-31,2026-02-05,2026-02-05,ST037,MED005,SUP01,72
PO006063,2026-01-31,2026-02-05,2026-02-05,ST037,MED006,SUP02,60
PO006064,2026-01-31,2026-02-02,2026-02-02,ST037,MED007,SUP03,24
PO006065,2026-01-31,2026-02-03,2026-02-03,ST037,MED024,SUP04,72
PO006066,2026-01-31,2026-02-05,2026-02-05,ST037,MED026,SUP02,72
PO006067,2026-01-31,2026-02-02,2026-02-02,ST037,MED030,SUP02,30
PO006068,2026-01-31,2026-02-02,2026-02-02,ST038,MED018,SUP02,48
PO006069,2026-01-31,2026-02-04,2026-02-04,ST038,MED019,SUP03,24
PO006070,2026-01-31,2026-02-05,2026-02-05,ST038,MED022,SUP02,42
PO006071,2026-01-31,2026-02-05,2026-02-05,ST038,MED024,SUP04,72
PO006072,2026-01-31,2026-02-05,2026-02-05,ST038,MED026,SUP02,72
PO006073,2026-01-31,2026-02-02,2026-02-05,ST039,MED001,SUP01,72
PO006074,2026-01-31,2026-02-04,2026-02-07,ST039,MED004,SUP04,48
PO006075,2026-01-31,2026-02-04,2026-02-04,ST039,MED008,SUP04,24
PO006076,2026-01-31,2026-02-04,2026-02-04,ST039,MED012,SUP04,60
PO006077,2026-01-31,2026-02-05,2026-02-05,ST039,MED018,SUP02,48
PO006078,2026-01-31,2026-02-02,2026-02-02,ST039,MED021,SUP01,66
PO006079,2026-01-31,2026-02-05,2026-02-05,ST039,MED022,SUP02,42
PO006080,2026-01-31,2026-02-03,2026-02-03,ST040,MED009,SUP01,60
PO006081,2026-01-31,2026-02-02,2026-02-02,ST040,MED017,SUP01,72
PO006082,2026-01-31,2026-02-02,2026-02-02,ST040,MED030,SUP02,30
PO006083,2026-02-01,2026-02-03,2026-02-03,ST001,MED013,SUP01,36
PO006084,2026-02-01,2026-02-05,2026-02-05,ST001,MED015,SUP03,72
PO006085,2026-02-01,2026-02-04,2026-02-04,ST001,MED021,SUP01,60
PO006086,2026-02-01,2026-02-04,2026-02-04,ST001,MED022,SUP02,42
PO006087,2026-02-01,2026-02-03,2026-02-03,ST001,MED024,SUP04,72
PO006088,2026-02-01,2026-02-05,2026-02-05,ST001,MED025,SUP01,36
PO006089,2026-02-01,2026-02-05,2026-02-06,ST001,MED027,SUP03,72
PO006090,2026-02-01,2026-02-03,2026-02-03,ST001,MED029,SUP01,48
PO006091,2026-02-01,2026-02-03,2026-02-03,ST001,MED030,SUP02,30
PO006092,2026-02-01,2026-02-05,2026-02-05,ST002,MED004,SUP04,48
PO006093,2026-02-01,2026-02-05,2026-02-05,ST002,MED008,SUP04,24
PO006094,2026-02-01,2026-02-03,2026-02-04,ST002,MED009,SUP01,60
PO006095,2026-02-01,2026-02-05,2026-02-05,ST002,MED014,SUP02,48
PO006096,2026-02-01,2026-02-03,2026-02-03,ST002,MED017,SUP01,60
PO006097,2026-02-01,2026-02-03,2026-02-05,ST002,MED019,SUP03,24
PO006098,2026-02-01,2026-02-04,2026-02-04,ST002,MED020,SUP04,48
PO006099,2026-02-01,2026-02-03,2026-02-03,ST002,MED022,SUP02,48
PO006100,2026-02-01,2026-02-04,2026-02-04,ST002,MED026,SUP02,72
PO006101,2026-02-01,2026-02-04,2026-02-07,ST003,MED002,SUP02,66
PO006102,2026-02-01,2026-02-05,2026-02-05,ST003,MED008,SUP04,24
PO006103,2026-02-01,2026-02-03,2026-02-03,ST003,MED011,SUP03,60
PO006104,2026-02-01,2026-02-04,2026-02-04,ST003,MED014,SUP02,48
PO006105,2026-02-01,2026-02-05,2026-02-05,ST003,MED020,SUP04,48
PO006106,2026-02-01,2026-02-03,2026-02-03,ST003,MED021,SUP01,54
PO006107,2026-02-01,2026-02-03,2026-02-03,ST003,MED025,SUP01,36
PO006108,2026-02-01,2026-02-03,2026-02-03,ST003,MED027,SUP03,72
PO006109,2026-02-01,2026-02-06,2026-02-07,ST003,MED030,SUP02,30
PO006110,2026-02-01,2026-02-05,2026-02-05,ST004,MED001,SUP01,72
PO006111,2026-02-01,2026-02-04,2026-02-07,ST004,MED007,SUP03,24
PO006112,2026-02-01,2026-02-05,2026-02-05,ST004,MED018,SUP02,48
PO006113,2026-02-01,2026-02-06,2026-02-06,ST004,MED022,SUP02,48
PO006114,2026-02-01,2026-02-05,2026-02-05,ST005,MED004,SUP04,48
PO006115,2026-02-01,2026-02-03,2026-02-03,ST005,MED008,SUP04,24
PO006116,2026-02-01,2026-02-04,2026-02-04,ST006,MED012,SUP04,72
PO006117,2026-02-01,2026-02-04,2026-02-04,ST006,MED015,SUP03,96
PO006118,2026-02-01,2026-02-03,2026-02-03,ST006,MED016,SUP04,48
PO006119,2026-02-01,2026-02-03,2026-02-03,ST006,MED018,SUP02,48
PO006120,2026-02-01,2026-02-06,2026-02-06,ST006,MED019,SUP03,24
PO006121,2026-02-01,2026-02-06,2026-02-06,ST006,MED021,SUP01,54
PO006122,2026-02-01,2026-02-05,2026-02-05,ST006,MED022,SUP02,48
PO006123,2026-02-01,2026-02-04,2026-02-04,ST006,MED023,SUP03,60
PO006124,2026-02-01,2026-02-03,2026-02-05,ST006,MED024,SUP04,72
PO006125,2026-02-01,2026-02-03,2026-02-03,ST006,MED025,SUP01,36
PO006126,2026-02-01,2026-02-05,2026-02-05,ST007,MED009,SUP01,60
PO006127,2026-02-01,2026-02-04,2026-02-05,ST007,MED012,SUP04,60
PO006128,2026-02-01,2026-02-05,2026-02-05,ST007,MED020,SUP04,48
PO006129,2026-02-01,2026-02-06,2026-02-06,ST008,MED001,SUP01,72
PO006130,2026-02-01,2026-02-03,2026-02-06,ST008,MED004,SUP04,48
PO006131,2026-02-01,2026-02-06,2026-02-06,ST008,MED026,SUP02,96
PO006132,2026-02-01,2026-02-04,2026-02-04,ST009,MED003,SUP03,24
PO006133,2026-02-01,2026-02-03,2026-02-03,ST009,MED004,SUP04,48
PO006134,2026-02-01,2026-02-03,2026-02-06,ST009,MED012,SUP04,60
PO006135,2026-02-01,2026-02-03,2026-02-03,ST010,MED002,SUP02,66
PO006136,2026-02-01,2026-02-03,2026-02-03,ST010,MED005,SUP01,60
PO006137,2026-02-01,2026-02-06,2026-02-06,ST010,MED006,SUP02,60
PO006138,2026-02-01,2026-02-04,2026-02-04,ST010,MED009,SUP01,60
PO006139,2026-02-01,2026-02-06,2026-02-06,ST010,MED015,SUP03,72
PO006140,2026-02-01,2026-02-06,2026-02-06,ST011,MED013,SUP01,48
PO006141,2026-02-01,2026-02-04,2026-02-04,ST011,MED022,SUP02,48
PO006142,2026-02-01,2026-02-06,2026-02-06,ST012,MED006,SUP02,60
PO006143,2026-02-01,2026-02-04,2026-02-04,ST012,MED008,SUP04,24
PO006144,2026-02-01,2026-02-06,2026-02-06,ST012,MED012,SUP04,60
PO006145,2026-02-01,2026-02-04,2026-02-05,ST012,MED015,SUP03,72
PO006146,2026-02-01,2026-02-06,2026-02-06,ST012,MED030,SUP02,30
PO006147,2026-02-01,2026-02-06,2026-02-06,ST013,MED006,SUP02,60
PO006148,2026-02-01,2026-02-03,2026-02-03,ST013,MED011,SUP03,60
PO006149,2026-02-01,2026-02-05,2026-02-05,ST013,MED014,SUP02,48
PO006150,2026-02-01,2026-02-03,2026-02-03,ST013,MED017,SUP01,72
PO006151,2026-02-01,2026-02-05,2026-02-05,ST013,MED020,SUP04,48
PO006152,2026-02-01,2026-02-06,2026-02-06,ST013,MED027,SUP03,72
PO006153,2026-02-01,2026-02-04,2026-02-04,ST013,MED028,SUP04,48
PO006154,2026-02-01,2026-02-06,2026-02-06,ST014,MED016,SUP04,48
PO006155,2026-02-01,2026-02-05,2026-02-05,ST014,MED017,SUP01,60
PO006156,2026-02-01,2026-02-03,2026-02-03,ST014,MED018,SUP02,48
PO006157,2026-02-01,2026-02-06,2026-02-06,ST014,MED025,SUP01,36
PO006158,2026-02-01,2026-02-03,2026-02-04,ST015,MED005,SUP01,60
PO006159,2026-02-01,2026-02-06,2026-02-06,ST015,MED016,SUP04,48
PO006160,2026-02-01,2026-02-04,2026-02-05,ST015,MED019,SUP03,24
PO006161,2026-02-01,2026-02-05,2026-02-06,ST015,MED024,SUP04,72
PO006162,2026-02-01,2026-02-06,2026-02-06,ST016,MED020,SUP04,48
PO006163,2026-02-01,2026-02-04,2026-02-04,ST016,MED023,SUP03,72
PO006164,2026-02-01,2026-02-05,2026-02-05,ST017,MED004,SUP04,48
PO006165,2026-02-01,2026-02-03,2026-02-05,ST017,MED006,SUP02,60
PO006166,2026-02-01,2026-02-04,2026-02-04,ST017,MED010,SUP02,36
PO006167,2026-02-01,2026-02-05,2026-02-07,ST017,MED018,SUP02,48
PO006168,2026-02-01,2026-02-05,2026-02-08,ST017,MED026,SUP02,72
PO006169,2026-02-01,2026-02-03,2026-02-03,ST018,MED002,SUP02,72
PO006170,2026-02-01,2026-02-06,2026-02-08,ST018,MED006,SUP02,60
PO006171,2026-02-01,2026-02-04,2026-02-04,ST018,MED011,SUP03,60
PO006172,2026-02-01,2026-02-03,2026-02-03,ST019,MED009,SUP01,60
PO006173,2026-02-01,2026-02-06,2026-02-06,ST020,MED001,SUP01,72
PO006174,2026-02-01,2026-02-04,2026-02-04,ST020,MED014,SUP02,48
PO006175,2026-02-01,2026-02-06,2026-02-06,ST021,MED003,SUP03,24
PO006176,2026-02-01,2026-02-03,2026-02-03,ST021,MED025,SUP01,36
PO006177,2026-02-01,2026-02-05,2026-02-05,ST022,MED006,SUP02,60
PO006178,2026-02-01,2026-02-05,2026-02-05,ST022,MED015,SUP03,72
PO006179,2026-02-01,2026-02-03,2026-02-03,ST022,MED019,SUP03,24
PO006180,2026-02-01,2026-02-03,2026-02-04,ST022,MED021,SUP01,54
PO006181,2026-02-01,2026-02-05,2026-02-05,ST022,MED029,SUP01,48
PO006182,2026-02-01,2026-02-06,2026-02-06,ST023,MED001,SUP01,72
PO006183,2026-02-01,2026-02-03,2026-02-03,ST023,MED004,SUP04,48
PO006184,2026-02-01,2026-02-06,2026-02-06,ST024,MED004,SUP04,48
PO006185,2026-02-01,2026-02-04,2026-02-04,ST024,MED005,SUP01,72
PO006186,2026-02-01,2026-02-05,2026-02-05,ST024,MED007,SUP03,24
PO006187,2026-02-01,2026-02-04,2026-02-07,ST024,MED029,SUP01,72
PO006188,2026-02-01,2026-02-06,2026-02-06,ST024,MED030,SUP02,36
PO006189,2026-02-01,2026-02-03,2026-02-03,ST025,MED006,SUP02,60
PO006190,2026-02-01,2026-02-05,2026-02-07,ST025,MED022,SUP02,42
PO006191,2026-02-01,2026-02-04,2026-02-07,ST025,MED026,SUP02,72
PO006192,2026-02-01,2026-02-05,2026-02-05,ST026,MED006,SUP02,60
PO006193,2026-02-01,2026-02-03,2026-02-03,ST026,MED012,SUP04,60
PO006194,2026-02-01,2026-02-04,2026-02-04,ST026,MED019,SUP03,24
PO006195,2026-02-01,2026-02-03,2026-02-03,ST027,MED006,SUP02,60
PO006196,2026-02-01,2026-02-04,2026-02-04,ST027,MED022,SUP02,42
PO006197,2026-02-01,2026-02-06,2026-02-06,ST027,MED027,SUP03,84
PO006198,2026-02-01,2026-02-04,2026-02-04,ST027,MED028,SUP04,48
PO006199,2026-02-01,2026-02-06,2026-02-06,ST028,MED006,SUP02,60
PO006200,2026-02-01,2026-02-05,2026-02-05,ST028,MED008,SUP04,24
PO006201,2026-02-01,2026-02-06,2026-02-06,ST028,MED023,SUP03,60
PO006202,2026-02-01,2026-02-03,2026-02-04,ST029,MED001,SUP01,72
PO006203,2026-02-01,2026-02-06,2026-02-06,ST029,MED004,SUP04,48
PO006204,2026-02-01,2026-02-05,2026-02-05,ST029,MED012,SUP04,60
PO006205,2026-02-01,2026-02-06,2026-02-06,ST029,MED021,SUP01,60
PO006206,2026-02-01,2026-02-06,2026-02-06,ST030,MED002,SUP02,66
PO006207,2026-02-01,2026-02-03,2026-02-03,ST030,MED003,SUP03,24
PO006208,2026-02-01,2026-02-05,2026-02-05,ST031,MED010,SUP02,24
PO006209,2026-02-01,2026-02-05,2026-02-05,ST031,MED014,SUP02,48
PO006210,2026-02-01,2026-02-06,2026-02-08,ST031,MED015,SUP03,72
PO006211,2026-02-01,2026-02-03,2026-02-03,ST031,MED016,SUP04,48
PO006212,2026-02-01,2026-02-03,2026-02-03,ST032,MED003,SUP03,24
PO006213,2026-02-01,2026-02-05,2026-02-08,ST032,MED014,SUP02,48
PO006214,2026-02-01,2026-02-06,2026-02-06,ST032,MED015,SUP03,72
PO006215,2026-02-01,2026-02-05,2026-02-05,ST033,MED009,SUP01,72
PO006216,2026-02-01,2026-02-05,2026-02-05,ST033,MED011,SUP03,60
PO006217,2026-02-01,2026-02-04,2026-02-06,ST033,MED021,SUP01,72
PO006218,2026-02-01,2026-02-06,2026-02-06,ST034,MED013,SUP01,48
PO006219,2026-02-01,2026-02-06,2026-02-06,ST034,MED015,SUP03,72
PO006220,2026-02-01,2026-02-03,2026-02-03,ST034,MED023,SUP03,72
PO006221,2026-02-01,2026-02-04,2026-02-04,ST034,MED024,SUP04,72
PO006222,2026-02-01,2026-02-05,2026-02-06,ST034,MED027,SUP03,72
PO006223,2026-02-01,2026-02-06,2026-02-06,ST034,MED028,SUP04,48
PO006224,2026-02-01,2026-02-05,2026-02-05,ST034,MED029,SUP01,72
PO006225,2026-02-01,2026-02-05,2026-02-07,ST035,MED003,SUP03,24
PO006226,2026-02-01,2026-02-06,2026-02-06,ST035,MED005,SUP01,60
PO006227,2026-02-01,2026-02-04,2026-02-04,ST035,MED009,SUP01,60
PO006228,2026-02-01,2026-02-03,2026-02-03,ST035,MED015,SUP03,72
PO006229,2026-02-01,2026-02-03,2026-02-03,ST035,MED016,SUP04,48
PO006230,2026-02-01,2026-02-06,2026-02-06,ST035,MED017,SUP01,60
PO006231,2026-02-01,2026-02-05,2026-02-05,ST035,MED021,SUP01,54
PO006232,2026-02-01,2026-02-05,2026-02-05,ST035,MED024,SUP04,72
PO006233,2026-02-01,2026-02-03,2026-02-03,ST035,MED028,SUP04,48
PO006234,2026-02-01,2026-02-04,2026-02-04,ST035,MED029,SUP01,48
PO006235,2026-02-01,2026-02-04,2026-02-05,ST036,MED009,SUP01,60
PO006236,2026-02-01,2026-02-05,2026-02-05,ST036,MED015,SUP03,72
PO006237,2026-02-01,2026-02-06,2026-02-06,ST036,MED017,SUP01,60
PO006238,2026-02-01,2026-02-04,2026-02-04,ST036,MED020,SUP04,48
PO006239,2026-02-01,2026-02-05,2026-02-05,ST036,MED021,SUP01,54
PO006240,2026-02-01,2026-02-05,2026-02-05,ST036,MED022,SUP02,42
PO006241,2026-02-01,2026-02-06,2026-02-06,ST036,MED030,SUP02,30
PO006242,2026-02-01,2026-02-05,2026-02-05,ST037,MED004,SUP04,48
PO006243,2026-02-01,2026-02-05,2026-02-05,ST037,MED010,SUP02,24
PO006244,2026-02-01,2026-02-03,2026-02-03,ST037,MED013,SUP01,48
PO006245,2026-02-01,2026-02-06,2026-02-09,ST037,MED019,SUP03,24
PO006246,2026-02-01,2026-02-03,2026-02-03,ST037,MED029,SUP01,72
PO006247,2026-02-01,2026-02-03,2026-02-03,ST038,MED006,SUP02,60
PO006248,2026-02-01,2026-02-05,2026-02-08,ST038,MED008,SUP04,24
PO006249,2026-02-01,2026-02-03,2026-02-03,ST038,MED017,SUP01,72
PO006250,2026-02-01,2026-02-04,2026-02-05,ST039,MED002,SUP02,72
PO006251,2026-02-01,2026-02-05,2026-02-05,ST039,MED030,SUP02,36
PO006252,2026-02-01,2026-02-03,2026-02-03,ST040,MED001,SUP01,72
PO006253,2026-02-01,2026-02-05,2026-02-05,ST040,MED003,SUP03,24
PO006254,2026-02-01,2026-02-06,2026-02-06,ST040,MED007,SUP03,24
PO006255,2026-02-01,2026-02-03,2026-02-03,ST040,MED008,SUP04,24
PO006256,2026-02-01,2026-02-06,2026-02-06,ST040,MED011,SUP03,66
PO006257,2026-02-01,2026-02-03,2026-02-03,ST040,MED012,SUP04,60
PO006258,2026-02-01,2026-02-05,2026-02-05,ST040,MED015,SUP03,72
PO006259,2026-02-01,2026-02-06,2026-02-06,ST040,MED018,SUP02,48
PO006260,2026-02-01,2026-02-06,2026-02-06,ST040,MED022,SUP02,42
PO006261,2026-02-01,2026-02-03,2026-02-03,ST040,MED023,SUP03,72
PO006262,2026-02-01,2026-02-03,2026-02-03,ST040,MED027,SUP03,72
PO006263,2026-02-02,2026-02-07,2026-02-07,ST001,MED001,SUP01,72
PO006264,2026-02-02,2026-02-06,2026-02-06,ST001,MED008,SUP04,24
PO006265,2026-02-02,2026-02-06,2026-02-06,ST001,MED019,SUP03,24
PO006266,2026-02-02,2026-02-05,2026-02-05,ST002,MED006,SUP02,60
PO006267,2026-02-02,2026-02-07,2026-02-07,ST002,MED007,SUP03,24
PO006268,2026-02-02,2026-02-07,2026-02-07,ST002,MED011,SUP03,60
PO006269,2026-02-02,2026-02-06,2026-02-06,ST003,MED006,SUP02,60
PO006270,2026-02-02,2026-02-06,2026-02-06,ST003,MED010,SUP02,24
PO006271,2026-02-02,2026-02-06,2026-02-06,ST003,MED015,SUP03,72
PO006272,2026-02-02,2026-02-07,2026-02-07,ST003,MED017,SUP01,60
PO006273,2026-02-02,2026-02-04,2026-02-04,ST003,MED019,SUP03,24
PO006274,2026-02-02,2026-02-07,2026-02-07,ST003,MED022,SUP02,42
PO006275,2026-02-02,2026-02-06,2026-02-07,ST003,MED029,SUP01,48
PO006276,2026-02-02,2026-02-04,2026-02-04,ST004,MED010,SUP02,24
PO006277,2026-02-02,2026-02-05,2026-02-05,ST004,MED013,SUP01,48
PO006278,2026-02-02,2026-02-07,2026-02-07,ST004,MED023,SUP03,60
PO006279,2026-02-02,2026-02-04,2026-02-04,ST004,MED030,SUP02,30
PO006280,2026-02-02,2026-02-05,2026-02-05,ST005,MED001,SUP01,72
PO006281,2026-02-02,2026-02-06,2026-02-06,ST005,MED006,SUP02,60
PO006282,2026-02-02,2026-02-07,2026-02-07,ST005,MED014,SUP02,48
PO006283,2026-02-02,2026-02-06,2026-02-06,ST005,MED015,SUP03,72
PO006284,2026-02-02,2026-02-06,2026-02-06,ST005,MED017,SUP01,72
PO006285,2026-02-02,2026-02-07,2026-02-07,ST005,MED020,SUP04,48
PO006286,2026-02-02,2026-02-05,2026-02-05,ST005,MED021,SUP01,66
PO006287,2026-02-02,2026-02-06,2026-02-06,ST005,MED022,SUP02,42
PO006288,2026-02-02,2026-02-05,2026-02-05,ST005,MED026,SUP02,72
PO006289,2026-02-02,2026-02-05,2026-02-05,ST006,MED003,SUP03,24
PO006290,2026-02-02,2026-02-06,2026-02-06,ST006,MED004,SUP04,48
PO006291,2026-02-02,2026-02-06,2026-02-06,ST006,MED028,SUP04,48
PO006292,2026-02-02,2026-02-06,2026-02-06,ST007,MED002,SUP02,66
PO006293,2026-02-02,2026-02-07,2026-02-07,ST007,MED006,SUP02,60
PO006294,2026-02-02,2026-02-06,2026-02-06,ST007,MED011,SUP03,60
PO006295,2026-02-02,2026-02-07,2026-02-07,ST007,MED021,SUP01,54
PO006296,2026-02-02,2026-02-07,2026-02-07,ST007,MED022,SUP02,42
PO006297,2026-02-02,2026-02-06,2026-02-06,ST007,MED024,SUP04,72
PO006298,2026-02-02,2026-02-05,2026-02-05,ST008,MED003,SUP03,24
PO006299,2026-02-02,2026-02-05,2026-02-06,ST008,MED012,SUP04,60
PO006300,2026-02-02,2026-02-06,2026-02-06,ST008,MED013,SUP01,48
PO006301,2026-02-02,2026-02-07,2026-02-08,ST008,MED020,SUP04,48
PO006302,2026-02-02,2026-02-04,2026-02-04,ST009,MED002,SUP02,66
PO006303,2026-02-02,2026-02-07,2026-02-07,ST009,MED006,SUP02,60
PO006304,2026-02-02,2026-02-05,2026-02-05,ST009,MED008,SUP04,24
PO006305,2026-02-02,2026-02-06,2026-02-06,ST009,MED015,SUP03,72
PO006306,2026-02-02,2026-02-05,2026-02-05,ST009,MED018,SUP02,48
PO006307,2026-02-02,2026-02-05,2026-02-05,ST009,MED023,SUP03,72
PO006308,2026-02-02,2026-02-06,2026-02-06,ST009,MED029,SUP01,48
PO006309,2026-02-02,2026-02-05,2026-02-05,ST010,MED003,SUP03,24
PO006310,2026-02-02,2026-02-06,2026-02-06,ST010,MED007,SUP03,24
PO006311,2026-02-02,2026-02-04,2026-02-04,ST010,MED021,SUP01,60
PO006312,2026-02-02,2026-02-06,2026-02-06,ST010,MED026,SUP02,72
PO006313,2026-02-02,2026-02-05,2026-02-05,ST011,MED002,SUP02,66
PO006314,2026-02-02,2026-02-05,2026-02-06,ST011,MED003,SUP03,24
PO006315,2026-02-02,2026-02-05,2026-02-05,ST011,MED009,SUP01,60
PO006316,2026-02-02,2026-02-05,2026-02-05,ST011,MED010,SUP02,24
PO006317,2026-02-02,2026-02-07,2026-02-07,ST011,MED011,SUP03,72
PO006318,2026-02-02,2026-02-04,2026-02-04,ST011,MED016,SUP04,48
PO006319,2026-02-02,2026-02-05,2026-02-05,ST011,MED017,SUP01,72
PO006320,2026-02-02,2026-02-05,2026-02-07,ST012,MED004,SUP04,48
PO006321,2026-02-02,2026-02-04,2026-02-04,ST012,MED010,SUP02,36
PO006322,2026-02-02,2026-02-06,2026-02-06,ST012,MED013,SUP01,48
PO006323,2026-02-02,2026-02-06,2026-02-06,ST012,MED016,SUP04,48
PO006324,2026-02-02,2026-02-05,2026-02-05,ST012,MED017,SUP01,60
PO006325,2026-02-02,2026-02-06,2026-02-06,ST012,MED019,SUP03,24
PO006326,2026-02-02,2026-02-05,2026-02-08,ST012,MED020,SUP04,48
PO006327,2026-02-02,2026-02-06,2026-02-06,ST012,MED022,SUP02,48
PO006328,2026-02-02,2026-02-05,2026-02-05,ST012,MED024,SUP04,72
PO006329,2026-02-02,2026-02-06,2026-02-06,ST012,MED025,SUP01,48
PO006330,2026-02-02,2026-02-04,2026-02-04,ST012,MED027,SUP03,72
PO006331,2026-02-02,2026-02-07,2026-02-07,ST012,MED029,SUP01,48
PO006332,2026-02-02,2026-02-07,2026-02-07,ST013,MED004,SUP04,48
PO006333,2026-02-02,2026-02-07,2026-02-07,ST013,MED025,SUP01,48
PO006334,2026-02-02,2026-02-05,2026-02-05,ST013,MED026,SUP02,72
PO006335,2026-02-02,2026-02-07,2026-02-07,ST013,MED030,SUP02,36
PO006336,2026-02-02,2026-02-04,2026-02-04,ST014,MED006,SUP02,60
PO006337,2026-02-02,2026-02-04,2026-02-04,ST014,MED013,SUP01,48
PO006338,2026-02-02,2026-02-05,2026-02-05,ST014,MED028,SUP04,48
PO006339,2026-02-02,2026-02-07,2026-02-07,ST015,MED008,SUP04,24
PO006340,2026-02-02,2026-02-04,2026-02-04,ST015,MED011,SUP03,66
PO006341,2026-02-02,2026-02-07,2026-02-07,ST015,MED017,SUP01,72
PO006342,2026-02-02,2026-02-04,2026-02-04,ST015,MED020,SUP04,48
PO006343,2026-02-02,2026-02-04,2026-02-04,ST015,MED027,SUP03,72
PO006344,2026-02-02,2026-02-07,2026-02-07,ST015,MED028,SUP04,48
PO006345,2026-02-02,2026-02-07,2026-02-07,ST016,MED011,SUP03,60
PO006346,2026-02-02,2026-02-05,2026-02-06,ST016,MED012,SUP04,60
PO006347,2026-02-02,2026-02-04,2026-02-04,ST017,MED013,SUP01,48
PO006348,2026-02-02,2026-02-06,2026-02-06,ST017,MED017,SUP01,72
PO006349,2026-02-02,2026-02-04,2026-02-05,ST017,MED019,SUP03,24
PO006350,2026-02-02,2026-02-04,2026-02-04,ST017,MED022,SUP02,42
PO006351,2026-02-02,2026-02-04,2026-02-04,ST018,MED001,SUP01,72
PO006352,2026-02-02,2026-02-06,2026-02-06,ST018,MED009,SUP01,60
PO006353,2026-02-02,2026-02-06,2026-02-06,ST018,MED013,SUP01,48
PO006354,2026-02-02,2026-02-05,2026-02-05,ST018,MED014,SUP02,48
PO006355,2026-02-02,2026-02-07,2026-02-07,ST018,MED023,SUP03,72
PO006356,2026-02-02,2026-02-06,2026-02-08,ST018,MED026,SUP02,72
PO006357,2026-02-02,2026-02-07,2026-02-07,ST018,MED027,SUP03,72
PO006358,2026-02-02,2026-02-07,2026-02-07,ST019,MED012,SUP04,60
PO006359,2026-02-02,2026-02-07,2026-02-10,ST019,MED016,SUP04,48
PO006360,2026-02-02,2026-02-07,2026-02-07,ST019,MED030,SUP02,30
PO006361,2026-02-02,2026-02-07,2026-02-07,ST020,MED005,SUP01,60
PO006362,2026-02-02,2026-02-05,2026-02-05,ST020,MED011,SUP03,60
PO006363,2026-02-02,2026-02-06,2026-02-06,ST020,MED028,SUP04,48
PO006364,2026-02-02,2026-02-04,2026-02-05,ST021,MED008,SUP04,24
PO006365,2026-02-02,2026-02-07,2026-02-10,ST021,MED017,SUP01,60
PO006366,2026-02-02,2026-02-07,2026-02-07,ST021,MED024,SUP04,72
PO006367,2026-02-02,2026-02-04,2026-02-04,ST022,MED001,SUP01,72
PO006368,2026-02-02,2026-02-05,2026-02-05,ST022,MED020,SUP04,48
PO006369,2026-02-02,2026-02-07,2026-02-07,ST022,MED023,SUP03,72
PO006370,2026-02-02,2026-02-04,2026-02-04,ST022,MED024,SUP04,72
PO006371,2026-02-02,2026-02-06,2026-02-06,ST023,MED005,SUP01,60
PO006372,2026-02-02,2026-02-04,2026-02-04,ST023,MED006,SUP02,60
PO006373,2026-02-02,2026-02-06,2026-02-06,ST023,MED017,SUP01,60
PO006374,2026-02-02,2026-02-06,2026-02-06,ST023,MED021,SUP01,54
PO006375,2026-02-02,2026-02-07,2026-02-07,ST024,MED001,SUP01,72
PO006376,2026-02-02,2026-02-04,2026-02-04,ST024,MED003,SUP03,24
PO006377,2026-02-02,2026-02-04,2026-02-04,ST024,MED015,SUP03,72
PO006378,2026-02-02,2026-02-07,2026-02-07,ST025,MED010,SUP02,24
PO006379,2026-02-02,2026-02-04,2026-02-04,ST025,MED013,SUP01,48
PO006380,2026-02-02,2026-02-05,2026-02-05,ST025,MED016,SUP04,48
PO006381,2026-02-02,2026-02-04,2026-02-04,ST025,MED018,SUP02,48
PO006382,2026-02-02,2026-02-04,2026-02-04,ST025,MED027,SUP03,72
PO006383,2026-02-02,2026-02-04,2026-02-04,ST026,MED002,SUP02,66
PO006384,2026-02-02,2026-02-05,2026-02-05,ST026,MED003,SUP03,24
PO006385,2026-02-02,2026-02-04,2026-02-04,ST026,MED005,SUP01,72
PO006386,2026-02-02,2026-02-05,2026-02-05,ST026,MED014,SUP02,48
PO006387,2026-02-02,2026-02-07,2026-02-07,ST026,MED015,SUP03,96
PO006388,2026-02-02,2026-02-05,2026-02-05,ST026,MED027,SUP03,72
PO006389,2026-02-02,2026-02-06,2026-02-07,ST027,MED010,SUP02,24
PO006390,2026-02-02,2026-02-07,2026-02-07,ST027,MED016,SUP04,48
PO006391,2026-02-02,2026-02-06,2026-02-06,ST027,MED017,SUP01,72
PO006392,2026-02-02,2026-02-06,2026-02-06,ST027,MED020,SUP04,48
PO006393,2026-02-02,2026-02-06,2026-02-06,ST027,MED023,SUP03,72
PO006394,2026-02-02,2026-02-04,2026-02-04,ST027,MED024,SUP04,72
PO006395,2026-02-02,2026-02-05,2026-02-05,ST027,MED029,SUP01,72
PO006396,2026-02-02,2026-02-04,2026-02-04,ST027,MED030,SUP02,30
PO006397,2026-02-02,2026-02-07,2026-02-07,ST028,MED002,SUP02,66
PO006398,2026-02-02,2026-02-06,2026-02-06,ST028,MED005,SUP01,60
PO006399,2026-02-02,2026-02-05,2026-02-07,ST028,MED007,SUP03,24
PO006400,2026-02-02,2026-02-05,2026-02-08,ST028,MED009,SUP01,60
PO006401,2026-02-02,2026-02-06,2026-02-09,ST028,MED015,SUP03,72
PO006402,2026-02-02,2026-02-07,2026-02-10,ST028,MED024,SUP04,72
PO006403,2026-02-02,2026-02-05,2026-02-05,ST028,MED025,SUP01,36
PO006404,2026-02-02,2026-02-04,2026-02-04,ST028,MED030,SUP02,30
PO006405,2026-02-02,2026-02-04,2026-02-04,ST029,MED006,SUP02,60
PO006406,2026-02-02,2026-02-07,2026-02-07,ST030,MED011,SUP03,66
PO006407,2026-02-02,2026-02-04,2026-02-04,ST030,MED017,SUP01,72
PO006408,2026-02-02,2026-02-07,2026-02-09,ST031,MED008,SUP04,24
PO006409,2026-02-02,2026-02-05,2026-02-05,ST031,MED019,SUP03,24
PO006410,2026-02-02,2026-02-07,2026-02-07,ST032,MED007,SUP03,24
PO006411,2026-02-02,2026-02-04,2026-02-04,ST032,MED009,SUP01,60
PO006412,2026-02-02,2026-02-07,2026-02-07,ST033,MED007,SUP03,24
PO006413,2026-02-02,2026-02-06,2026-02-06,ST033,MED008,SUP04,24
PO006414,2026-02-02,2026-02-05,2026-02-05,ST033,MED012,SUP04,60
PO006415,2026-02-02,2026-02-05,2026-02-05,ST033,MED030,SUP02,30
PO006416,2026-02-02,2026-02-04,2026-02-04,ST034,MED004,SUP04,48
PO006417,2026-02-02,2026-02-05,2026-02-05,ST034,MED008,SUP04,24
PO006418,2026-02-02,2026-02-05,2026-02-05,ST034,MED012,SUP04,60
PO006419,2026-02-02,2026-02-07,2026-02-10,ST034,MED019,SUP03,24
PO006420,2026-02-02,2026-02-04,2026-02-04,ST034,MED021,SUP01,66
PO006421,2026-02-02,2026-02-06,2026-02-06,ST035,MED027,SUP03,72
PO006422,2026-02-02,2026-02-07,2026-02-07,ST036,MED002,SUP02,60
PO006423,2026-02-02,2026-02-06,2026-02-06,ST036,MED007,SUP03,24
PO006424,2026-02-02,2026-02-05,2026-02-05,ST036,MED011,SUP03,60
PO006425,2026-02-02,2026-02-07,2026-02-10,ST036,MED023,SUP03,72
PO006426,2026-02-02,2026-02-05,2026-02-05,ST036,MED026,SUP02,72
PO006427,2026-02-02,2026-02-07,2026-02-09,ST036,MED028,SUP04,48
PO006428,2026-02-02,2026-02-07,2026-02-07,ST037,MED012,SUP04,60
PO006429,2026-02-02,2026-02-06,2026-02-06,ST037,MED014,SUP02,48
PO006430,2026-02-02,2026-02-05,2026-02-05,ST037,MED015,SUP03,72
PO006431,2026-02-02,2026-02-07,2026-02-07,ST037,MED017,SUP01,72
PO006432,2026-02-02,2026-02-07,2026-02-08,ST038,MED010,SUP02,24
PO006433,2026-02-02,2026-02-06,2026-02-09,ST038,MED015,SUP03,72
PO006434,2026-02-02,2026-02-05,2026-02-05,ST038,MED023,SUP03,72
PO006435,2026-02-02,2026-02-05,2026-02-05,ST039,MED006,SUP02,60
PO006436,2026-02-02,2026-02-07,2026-02-07,ST039,MED019,SUP03,24
PO006437,2026-02-02,2026-02-05,2026-02-08,ST039,MED025,SUP01,36
PO006438,2026-02-02,2026-02-06,2026-02-06,ST039,MED027,SUP03,72
PO006439,2026-02-02,2026-02-06,2026-02-06,ST040,MED002,SUP02,66
PO006440,2026-02-02,2026-02-07,2026-02-07,ST040,MED004,SUP04,48
PO006441,2026-02-02,2026-02-04,2026-02-04,ST040,MED005,SUP01,60
PO006442,2026-02-02,2026-02-07,2026-02-07,ST040,MED013,SUP01,48
PO006443,2026-02-02,2026-02-06,2026-02-06,ST040,MED014,SUP02,48
PO006444,2026-02-03,2026-02-05,2026-02-05,ST001,MED004,SUP04,48
PO006445,2026-02-03,2026-02-06,2026-02-07,ST001,MED010,SUP02,36
PO006446,2026-02-03,2026-02-07,2026-02-07,ST001,MED014,SUP02,48
PO006447,2026-02-03,2026-02-07,2026-02-07,ST001,MED018,SUP02,48
PO006448,2026-02-03,2026-02-05,2026-02-05,ST001,MED020,SUP04,48
PO006449,2026-02-03,2026-02-06,2026-02-06,ST002,MED005,SUP01,60
PO006450,2026-02-03,2026-02-08,2026-02-11,ST002,MED023,SUP03,60
PO006451,2026-02-03,2026-02-05,2026-02-05,ST002,MED024,SUP04,72
PO006452,2026-02-03,2026-02-06,2026-02-06,ST002,MED025,SUP01,36
PO006453,2026-02-03,2026-02-06,2026-02-06,ST002,MED030,SUP02,30
PO006454,2026-02-03,2026-02-06,2026-02-06,ST003,MED005,SUP01,72
PO006455,2026-02-03,2026-02-06,2026-02-06,ST003,MED024,SUP04,72
PO006456,2026-02-03,2026-02-08,2026-02-08,ST003,MED028,SUP04,48
PO006457,2026-02-03,2026-02-07,2026-02-07,ST004,MED009,SUP01,72
PO006458,2026-02-03,2026-02-08,2026-02-08,ST004,MED011,SUP03,66
PO006459,2026-02-03,2026-02-07,2026-02-07,ST004,MED015,SUP03,72
PO006460,2026-02-03,2026-02-06,2026-02-08,ST004,MED017,SUP01,72
PO006461,2026-02-03,2026-02-05,2026-02-05,ST004,MED027,SUP03,84
PO006462,2026-02-03,2026-02-07,2026-02-07,ST005,MED002,SUP02,72
PO006463,2026-02-03,2026-02-08,2026-02-08,ST005,MED023,SUP03,72
PO006464,2026-02-03,2026-02-06,2026-02-06,ST006,MED009,SUP01,72
PO006465,2026-02-03,2026-02-05,2026-02-05,ST007,MED007,SUP03,24
PO006466,2026-02-03,2026-02-07,2026-02-07,ST007,MED013,SUP01,48
PO006467,2026-02-03,2026-02-08,2026-02-08,ST007,MED015,SUP03,72
PO006468,2026-02-03,2026-02-07,2026-02-07,ST008,MED007,SUP03,24
PO006469,2026-02-03,2026-02-08,2026-02-08,ST008,MED014,SUP02,48
PO006470,2026-02-03,2026-02-07,2026-02-07,ST008,MED016,SUP04,48
PO006471,2026-02-03,2026-02-06,2026-02-06,ST009,MED005,SUP01,60
PO006472,2026-02-03,2026-02-08,2026-02-08,ST009,MED016,SUP04,48
PO006473,2026-02-03,2026-02-08,2026-02-08,ST010,MED004,SUP04,48
PO006474,2026-02-03,2026-02-06,2026-02-06,ST010,MED013,SUP01,48
PO006475,2026-02-03,2026-02-08,2026-02-08,ST010,MED016,SUP04,48
PO006476,2026-02-03,2026-02-08,2026-02-08,ST010,MED018,SUP02,48
PO006477,2026-02-03,2026-02-08,2026-02-08,ST010,MED023,SUP03,72
PO006478,2026-02-03,2026-02-08,2026-02-08,ST010,MED027,SUP03,72
PO006479,2026-02-03,2026-02-05,2026-02-05,ST011,MED005,SUP01,60
PO006480,2026-02-03,2026-02-08,2026-02-08,ST011,MED007,SUP03,24
PO006481,2026-02-03,2026-02-06,2026-02-06,ST011,MED020,SUP04,48
PO006482,2026-02-03,2026-02-08,2026-02-08,ST011,MED027,SUP03,72
PO006483,2026-02-03,2026-02-05,2026-02-05,ST011,MED029,SUP01,72
PO006484,2026-02-03,2026-02-07,2026-02-07,ST011,MED030,SUP02,30
PO006485,2026-02-03,2026-02-05,2026-02-05,ST012,MED001,SUP01,72
PO006486,2026-02-03,2026-02-08,2026-02-08,ST012,MED003,SUP03,24
PO006487,2026-02-03,2026-02-05,2026-02-05,ST012,MED011,SUP03,72
PO006488,2026-02-03,2026-02-07,2026-02-07,ST012,MED021,SUP01,54
PO006489,2026-02-03,2026-02-08,2026-02-08,ST012,MED026,SUP02,72
PO006490,2026-02-03,2026-02-08,2026-02-08,ST012,MED028,SUP04,48
PO006491,2026-02-03,2026-02-06,2026-02-06,ST013,MED013,SUP01,48
PO006492,2026-02-03,2026-02-08,2026-02-08,ST014,MED001,SUP01,72
PO006493,2026-02-03,2026-02-07,2026-02-08,ST014,MED007,SUP03,24
PO006494,2026-02-03,2026-02-06,2026-02-09,ST014,MED008,SUP04,24
PO006495,2026-02-03,2026-02-08,2026-02-08,ST014,MED009,SUP01,60
PO006496,2026-02-03,2026-02-07,2026-02-07,ST014,MED015,SUP03,72
PO006497,2026-02-03,2026-02-05,2026-02-08,ST014,MED027,SUP03,72
PO006498,2026-02-03,2026-02-05,2026-02-05,ST015,MED001,SUP01,72
PO006499,2026-02-03,2026-02-08,2026-02-08,ST015,MED006,SUP02,60
PO006500,2026-02-03,2026-02-05,2026-02-05,ST015,MED013,SUP01,48
PO006501,2026-02-03,2026-02-07,2026-02-07,ST015,MED018,SUP02,48
PO006502,2026-02-03,2026-02-06,2026-02-06,ST016,MED013,SUP01,48
PO006503,2026-02-03,2026-02-08,2026-02-08,ST016,MED021,SUP01,54
PO006504,2026-02-03,2026-02-06,2026-02-06,ST016,MED028,SUP04,48
PO006505,2026-02-03,2026-02-05,2026-02-05,ST016,MED030,SUP02,30
PO006506,2026-02-03,2026-02-07,2026-02-07,ST017,MED025,SUP01,36
PO006507,2026-02-03,2026-02-07,2026-02-07,ST018,MED007,SUP03,24
PO006508,2026-02-03,2026-02-05,2026-02-05,ST018,MED008,SUP04,24
PO006509,2026-02-03,2026-02-08,2026-02-09,ST018,MED015,SUP03,72
PO006510,2026-02-03,2026-02-05,2026-02-05,ST019,MED001,SUP01,72
PO006511,2026-02-03,2026-02-06,2026-02-06,ST019,MED004,SUP04,48
PO006512,2026-02-03,2026-02-08,2026-02-08,ST019,MED011,SUP03,66
PO006513,2026-02-03,2026-02-05,2026-02-05,ST019,MED013,SUP01,48
PO006514,2026-02-03,2026-02-07,2026-02-07,ST019,MED021,SUP01,60
PO006515,2026-02-03,2026-02-07,2026-02-07,ST019,MED022,SUP02,42
PO006516,2026-02-03,2026-02-05,2026-02-06,ST020,MED010,SUP02,36
PO006517,2026-02-03,2026-02-05,2026-02-07,ST020,MED020,SUP04,48
PO006518,2026-02-03,2026-02-08,2026-02-08,ST020,MED023,SUP03,60
PO006519,2026-02-03,2026-02-06,2026-02-06,ST021,MED005,SUP01,60
PO006520,2026-02-03,2026-02-08,2026-02-08,ST021,MED027,SUP03,72
PO006521,2026-02-03,2026-02-08,2026-02-08,ST022,MED007,SUP03,24
PO006522,2026-02-03,2026-02-08,2026-02-08,ST022,MED011,SUP03,60
PO006523,2026-02-03,2026-02-08,2026-02-08,ST023,MED007,SUP03,24
PO006524,2026-02-03,2026-02-05,2026-02-05,ST023,MED008,SUP04,24
PO006525,2026-02-03,2026-02-08,2026-02-08,ST023,MED009,SUP01,60
PO006526,2026-02-03,2026-02-06,2026-02-06,ST023,MED012,SUP04,60
PO006527,2026-02-03,2026-02-08,2026-02-08,ST023,MED018,SUP02,48
PO006528,2026-02-03,2026-02-06,2026-02-06,ST023,MED022,SUP02,42
PO006529,2026-02-03,2026-02-07,2026-02-07,ST023,MED027,SUP03,72
PO006530,2026-02-03,2026-02-06,2026-02-09,ST024,MED002,SUP02,66
PO006531,2026-02-03,2026-02-08,2026-02-09,ST024,MED010,SUP02,36
PO006532,2026-02-03,2026-02-08,2026-02-08,ST024,MED011,SUP03,66
PO006533,2026-02-03,2026-02-08,2026-02-08,ST024,MED017,SUP01,72
PO006534,2026-02-03,2026-02-07,2026-02-07,ST024,MED018,SUP02,48
PO006535,2026-02-03,2026-02-08,2026-02-08,ST024,MED024,SUP04,72
PO006536,2026-02-03,2026-02-07,2026-02-07,ST024,MED027,SUP03,72
PO006537,2026-02-03,2026-02-07,2026-02-08,ST025,MED001,SUP01,72
PO006538,2026-02-03,2026-02-06,2026-02-06,ST025,MED015,SUP03,72
PO006539,2026-02-03,2026-02-07,2026-02-10,ST025,MED021,SUP01,60
PO006540,2026-02-03,2026-02-05,2026-02-05,ST025,MED024,SUP04,72
PO006541,2026-02-03,2026-02-07,2026-02-07,ST025,MED025,SUP01,48
PO006542,2026-02-03,2026-02-07,2026-02-07,ST026,MED008,SUP04,24
PO006543,2026-02-03,2026-02-05,2026-02-05,ST026,MED023,SUP03,72
PO006544,2026-02-03,2026-02-08,2026-02-08,ST027,MED002,SUP02,66
PO006545,2026-02-03,2026-02-07,2026-02-07,ST027,MED008,SUP04,24
PO006546,2026-02-03,2026-02-07,2026-02-07,ST027,MED021,SUP01,60
PO006547,2026-02-03,2026-02-07,2026-02-07,ST028,MED004,SUP04,48
PO006548,2026-02-03,2026-02-08,2026-02-08,ST028,MED010,SUP02,24
PO006549,2026-02-03,2026-02-05,2026-02-08,ST028,MED014,SUP02,48
PO006550,2026-02-03,2026-02-06,2026-02-08,ST028,MED028,SUP04,48
PO006551,2026-02-03,2026-02-05,2026-02-06,ST029,MED003,SUP03,24
PO006552,2026-02-03,2026-02-06,2026-02-06,ST029,MED029,SUP01,72
PO006553,2026-02-03,2026-02-05,2026-02-05,ST029,MED030,SUP02,30
PO006554,2026-02-03,2026-02-08,2026-02-08,ST030,MED004,SUP04,48
PO006555,2026-02-03,2026-02-08,2026-02-10,ST030,MED010,SUP02,24
PO006556,2026-02-03,2026-02-08,2026-02-08,ST030,MED021,SUP01,54
PO006557,2026-02-03,2026-02-08,2026-02-08,ST030,MED022,SUP02,42
PO006558,2026-02-03,2026-02-06,2026-02-08,ST030,MED024,SUP04,72
PO006559,2026-02-03,2026-02-06,2026-02-09,ST030,MED030,SUP02,36
PO006560,2026-02-03,2026-02-07,2026-02-07,ST031,MED013,SUP01,48
PO006561,2026-02-03,2026-02-07,2026-02-07,ST031,MED017,SUP01,72
PO006562,2026-02-03,2026-02-06,2026-02-06,ST031,MED024,SUP04,72
PO006563,2026-02-03,2026-02-07,2026-02-07,ST031,MED028,SUP04,48
PO006564,2026-02-03,2026-02-08,2026-02-08,ST032,MED006,SUP02,60
PO006565,2026-02-03,2026-02-08,2026-02-08,ST032,MED011,SUP03,60
PO006566,2026-02-03,2026-02-08,2026-02-10,ST032,MED016,SUP04,48
PO006567,2026-02-03,2026-02-05,2026-02-05,ST032,MED019,SUP03,24
PO006568,2026-02-03,2026-02-06,2026-02-06,ST033,MED016,SUP04,48
PO006569,2026-02-03,2026-02-06,2026-02-07,ST033,MED018,SUP02,48
PO006570,2026-02-03,2026-02-06,2026-02-09,ST033,MED026,SUP02,72
PO006571,2026-02-03,2026-02-05,2026-02-05,ST034,MED001,SUP01,72
PO006572,2026-02-03,2026-02-08,2026-02-08,ST034,MED005,SUP01,72
PO006573,2026-02-03,2026-02-06,2026-02-06,ST035,MED004,SUP04,48
PO006574,2026-02-03,2026-02-08,2026-02-11,ST035,MED011,SUP03,60
PO006575,2026-02-03,2026-02-07,2026-02-07,ST035,MED012,SUP04,60
PO006576,2026-02-03,2026-02-05,2026-02-05,ST035,MED013,SUP01,36
PO006577,2026-02-03,2026-02-06,2026-02-06,ST035,MED018,SUP02,48
PO006578,2026-02-03,2026-02-07,2026-02-07,ST036,MED008,SUP04,24
PO006579,2026-02-03,2026-02-08,2026-02-08,ST036,MED016,SUP04,48
PO006580,2026-02-03,2026-02-05,2026-02-05,ST036,MED025,SUP01,36
PO006581,2026-02-03,2026-02-08,2026-02-08,ST037,MED002,SUP02,60
PO006582,2026-02-03,2026-02-05,2026-02-05,ST037,MED011,SUP03,60
PO006583,2026-02-03,2026-02-05,2026-02-05,ST037,MED022,SUP02,42
PO006584,2026-02-03,2026-02-05,2026-02-06,ST037,MED023,SUP03,60
PO006585,2026-02-03,2026-02-08,2026-02-08,ST037,MED027,SUP03,72
PO006586,2026-02-03,2026-02-06,2026-02-06,ST037,MED028,SUP04,48
PO006587,2026-02-03,2026-02-08,2026-02-08,ST038,MED001,SUP01,72
PO006588,2026-02-03,2026-02-07,2026-02-07,ST038,MED012,SUP04,72
PO006589,2026-02-03,2026-02-07,2026-02-07,ST038,MED021,SUP01,60
PO006590,2026-02-03,2026-02-08,2026-02-08,ST039,MED007,SUP03,24
PO006591,2026-02-03,2026-02-06,2026-02-06,ST039,MED009,SUP01,60
PO006592,2026-02-03,2026-02-06,2026-02-06,ST039,MED013,SUP01,48
PO006593,2026-02-03,2026-02-05,2026-02-05,ST039,MED015,SUP03,72
PO006594,2026-02-03,2026-02-08,2026-02-08,ST039,MED017,SUP01,60
PO006595,2026-02-03,2026-02-07,2026-02-07,ST039,MED028,SUP04,48
PO006596,2026-02-03,2026-02-07,2026-02-07,ST040,MED006,SUP02,60
PO006597,2026-02-03,2026-02-08,2026-02-08,ST040,MED024,SUP04,84
PO006598,2026-02-03,2026-02-05,2026-02-05,ST040,MED026,SUP02,72
PO006599,2026-02-04,2026-02-06,2026-02-06,ST001,MED002,SUP02,66
PO006600,2026-02-04,2026-02-06,2026-02-06,ST001,MED026,SUP02,72
PO006601,2026-02-04,2026-02-08,2026-02-08,ST002,MED002,SUP02,66
PO006602,2026-02-04,2026-02-06,2026-02-08,ST002,MED010,SUP02,36
PO006603,2026-02-04,2026-02-08,2026-02-08,ST002,MED013,SUP01,48
PO006604,2026-02-04,2026-02-08,2026-02-08,ST002,MED016,SUP04,48
PO006605,2026-02-04,2026-02-08,2026-02-08,ST002,MED021,SUP01,54
PO006606,2026-02-04,2026-02-09,2026-02-09,ST003,MED001,SUP01,72
PO006607,2026-02-04,2026-02-09,2026-02-09,ST003,MED003,SUP03,24
PO006608,2026-02-04,2026-02-09,2026-02-09,ST003,MED009,SUP01,60
PO006609,2026-02-04,2026-02-08,2026-02-08,ST003,MED023,SUP03,72
PO006610,2026-02-04,2026-02-08,2026-02-08,ST004,MED004,SUP04,48
PO006611,2026-02-04,2026-02-06,2026-02-07,ST004,MED005,SUP01,72
PO006612,2026-02-04,2026-02-06,2026-02-09,ST004,MED006,SUP02,60
PO006613,2026-02-04,2026-02-09,2026-02-12,ST004,MED008,SUP04,24
PO006614,2026-02-04,2026-02-09,2026-02-09,ST004,MED012,SUP04,60
PO006615,2026-02-04,2026-02-06,2026-02-06,ST004,MED020,SUP04,48
PO006616,2026-02-04,2026-02-09,2026-02-09,ST005,MED005,SUP01,72
PO006617,2026-02-04,2026-02-07,2026-02-07,ST005,MED012,SUP04,60
PO006618,2026-02-04,2026-02-09,2026-02-09,ST005,MED018,SUP02,48
PO006619,2026-02-04,2026-02-09,2026-02-09,ST005,MED019,SUP03,24
PO006620,2026-02-04,2026-02-06,2026-02-06,ST006,MED002,SUP02,72
PO006621,2026-02-04,2026-02-07,2026-02-07,ST006,MED006,SUP02,60
PO006622,2026-02-04,2026-02-08,2026-02-08,ST006,MED008,SUP04,24
PO006623,2026-02-04,2026-02-06,2026-02-06,ST006,MED013,SUP01,36
PO006624,2026-02-04,2026-02-07,2026-02-07,ST007,MED019,SUP03,24
PO006625,2026-02-04,2026-02-07,2026-02-07,ST007,MED026,SUP02,72
PO006626,2026-02-04,2026-02-06,2026-02-06,ST007,MED030,SUP02,30
PO006627,2026-02-04,2026-02-07,2026-02-08,ST008,MED002,SUP02,60
PO006628,2026-02-04,2026-02-08,2026-02-08,ST008,MED009,SUP01,60
PO006629,2026-02-04,2026-02-07,2026-02-07,ST008,MED023,SUP03,60
PO006630,2026-02-04,2026-02-08,2026-02-08,ST009,MED007,SUP03,24
PO006631,2026-02-04,2026-02-07,2026-02-07,ST009,MED011,SUP03,60
PO006632,2026-02-04,2026-02-07,2026-02-07,ST009,MED027,SUP03,72
PO006633,2026-02-04,2026-02-08,2026-02-08,ST010,MED011,SUP03,60
PO006634,2026-02-04,2026-02-06,2026-02-06,ST010,MED024,SUP04,72
PO006635,2026-02-04,2026-02-07,2026-02-08,ST010,MED030,SUP02,30
PO006636,2026-02-04,2026-02-06,2026-02-06,ST011,MED001,SUP01,72
PO006637,2026-02-04,2026-02-09,2026-02-11,ST011,MED014,SUP02,48
PO006638,2026-02-04,2026-02-09,2026-02-09,ST011,MED024,SUP04,72
PO006639,2026-02-04,2026-02-08,2026-02-08,ST011,MED025,SUP01,36
PO006640,2026-02-04,2026-02-07,2026-02-07,ST012,MED002,SUP02,72
PO006641,2026-02-04,2026-02-08,2026-02-11,ST012,MED018,SUP02,48
PO006642,2026-02-04,2026-02-06,2026-02-06,ST013,MED001,SUP01,72
PO006643,2026-02-04,2026-02-08,2026-02-08,ST013,MED003,SUP03,24
PO006644,2026-02-04,2026-02-06,2026-02-06,ST013,MED007,SUP03,24
PO006645,2026-02-04,2026-02-08,2026-02-08,ST013,MED008,SUP04,24
PO006646,2026-02-04,2026-02-06,2026-02-06,ST013,MED012,SUP04,60
PO006647,2026-02-04,2026-02-07,2026-02-10,ST013,MED024,SUP04,72
PO006648,2026-02-04,2026-02-06,2026-02-07,ST014,MED002,SUP02,60
PO006649,2026-02-04,2026-02-08,2026-02-08,ST014,MED004,SUP04,48
PO006650,2026-02-04,2026-02-07,2026-02-07,ST014,MED005,SUP01,60
PO006651,2026-02-04,2026-02-06,2026-02-06,ST014,MED010,SUP02,24
PO006652,2026-02-04,2026-02-08,2026-02-08,ST014,MED012,SUP04,60
PO006653,2026-02-04,2026-02-07,2026-02-07,ST014,MED022,SUP02,42
PO006654,2026-02-04,2026-02-09,2026-02-09,ST014,MED026,SUP02,72
PO006655,2026-02-04,2026-02-06,2026-02-06,ST014,MED029,SUP01,72
PO006656,2026-02-04,2026-02-07,2026-02-08,ST015,MED012,SUP04,60
PO006657,2026-02-04,2026-02-08,2026-02-08,ST015,MED021,SUP01,60
PO006658,2026-02-04,2026-02-09,2026-02-09,ST015,MED022,SUP02,42
PO006659,2026-02-04,2026-02-06,2026-02-06,ST015,MED029,SUP01,72
PO006660,2026-02-04,2026-02-08,2026-02-08,ST016,MED003,SUP03,24
PO006661,2026-02-04,2026-02-07,2026-02-07,ST016,MED004,SUP04,48
PO006662,2026-02-04,2026-02-09,2026-02-09,ST016,MED008,SUP04,24
PO006663,2026-02-04,2026-02-08,2026-02-08,ST016,MED010,SUP02,36
PO006664,2026-02-04,2026-02-08,2026-02-08,ST016,MED015,SUP03,72
PO006665,2026-02-04,2026-02-07,2026-02-07,ST016,MED022,SUP02,42
PO006666,2026-02-04,2026-02-09,2026-02-09,ST016,MED025,SUP01,48
PO006667,2026-02-04,2026-02-06,2026-02-06,ST017,MED008,SUP04,24
PO006668,2026-02-04,2026-02-09,2026-02-09,ST017,MED009,SUP01,60
PO006669,2026-02-04,2026-02-07,2026-02-07,ST017,MED020,SUP04,48
PO006670,2026-02-04,2026-02-08,2026-02-09,ST017,MED023,SUP03,72
PO006671,2026-02-04,2026-02-07,2026-02-07,ST017,MED030,SUP02,30
PO006672,2026-02-04,2026-02-07,2026-02-07,ST018,MED010,SUP02,24
PO006673,2026-02-04,2026-02-08,2026-02-11,ST018,MED012,SUP04,60
PO006674,2026-02-04,2026-02-06,2026-02-06,ST018,MED017,SUP01,72
PO006675,2026-02-04,2026-02-07,2026-02-07,ST018,MED021,SUP01,54
PO006676,2026-02-04,2026-02-08,2026-02-08,ST018,MED022,SUP02,36
PO006677,2026-02-04,2026-02-06,2026-02-06,ST018,MED024,SUP04,72
PO006678,2026-02-04,2026-02-06,2026-02-06,ST018,MED030,SUP02,30
PO006679,2026-02-04,2026-02-07,2026-02-08,ST019,MED002,SUP02,60
PO006680,2026-02-04,2026-02-09,2026-02-12,ST019,MED005,SUP01,60
PO006681,2026-02-04,2026-02-08,2026-02-08,ST019,MED006,SUP02,72
PO006682,2026-02-04,2026-02-09,2026-02-11,ST019,MED024,SUP04,72
PO006683,2026-02-04,2026-02-08,2026-02-08,ST019,MED026,SUP02,72
PO006684,2026-02-04,2026-02-07,2026-02-07,ST019,MED027,SUP03,72
PO006685,2026-02-04,2026-02-08,2026-02-08,ST020,MED006,SUP02,60
PO006686,2026-02-04,2026-02-08,2026-02-08,ST020,MED009,SUP01,60
PO006687,2026-02-04,2026-02-08,2026-02-09,ST020,MED017,SUP01,72
PO006688,2026-02-04,2026-02-06,2026-02-06,ST020,MED022,SUP02,42
PO006689,2026-02-04,2026-02-09,2026-02-09,ST020,MED026,SUP02,72
PO006690,2026-02-04,2026-02-06,2026-02-06,ST022,MED014,SUP02,48
PO006691,2026-02-04,2026-02-07,2026-02-07,ST022,MED026,SUP02,72
PO006692,2026-02-04,2026-02-08,2026-02-08,ST023,MED011,SUP03,60
PO006693,2026-02-04,2026-02-09,2026-02-09,ST023,MED013,SUP01,48
PO006694,2026-02-04,2026-02-08,2026-02-08,ST023,MED023,SUP03,60
PO006695,2026-02-04,2026-02-06,2026-02-06,ST023,MED030,SUP02,30
PO006696,2026-02-04,2026-02-07,2026-02-07,ST024,MED006,SUP02,72
PO006697,2026-02-04,2026-02-08,2026-02-08,ST024,MED008,SUP04,24
PO006698,2026-02-04,2026-02-07,2026-02-07,ST024,MED019,SUP03,24
PO006699,2026-02-04,2026-02-06,2026-02-06,ST024,MED022,SUP02,42
PO006700,2026-02-04,2026-02-08,2026-02-08,ST024,MED025,SUP01,36
PO006701,2026-02-04,2026-02-09,2026-02-09,ST024,MED026,SUP02,72
PO006702,2026-02-04,2026-02-06,2026-02-06,ST025,MED002,SUP02,60
PO006703,2026-02-04,2026-02-09,2026-02-09,ST025,MED003,SUP03,24
PO006704,2026-02-04,2026-02-08,2026-02-08,ST025,MED009,SUP01,72
PO006705,2026-02-04,2026-02-08,2026-02-10,ST026,MED004,SUP04,60
PO006706,2026-02-04,2026-02-08,2026-02-08,ST026,MED009,SUP01,60
PO006707,2026-02-04,2026-02-06,2026-02-06,ST026,MED011,SUP03,72
PO006708,2026-02-04,2026-02-08,2026-02-10,ST026,MED017,SUP01,72
PO006709,2026-02-04,2026-02-09,2026-02-09,ST026,MED020,SUP04,48
PO006710,2026-02-04,2026-02-08,2026-02-08,ST026,MED022,SUP02,42
PO006711,2026-02-04,2026-02-08,2026-02-08,ST026,MED024,SUP04,84
PO006712,2026-02-04,2026-02-08,2026-02-11,ST026,MED029,SUP01,72
PO006713,2026-02-04,2026-02-06,2026-02-06,ST027,MED001,SUP01,72
PO006714,2026-02-04,2026-02-08,2026-02-08,ST027,MED004,SUP04,48
PO006715,2026-02-04,2026-02-07,2026-02-07,ST027,MED005,SUP01,72
PO006716,2026-02-04,2026-02-09,2026-02-09,ST027,MED012,SUP04,60
PO006717,2026-02-04,2026-02-07,2026-02-07,ST027,MED026,SUP02,72
PO006718,2026-02-04,2026-02-06,2026-02-06,ST029,MED007,SUP03,24
PO006719,2026-02-04,2026-02-06,2026-02-06,ST029,MED011,SUP03,66
PO006720,2026-02-04,2026-02-06,2026-02-09,ST029,MED013,SUP01,48
PO006721,2026-02-04,2026-02-08,2026-02-08,ST029,MED017,SUP01,72
PO006722,2026-02-04,2026-02-09,2026-02-09,ST029,MED022,SUP02,42
PO006723,2026-02-04,2026-02-07,2026-02-08,ST029,MED023,SUP03,60
PO006724,2026-02-04,2026-02-08,2026-02-08,ST029,MED024,SUP04,72
PO006725,2026-02-04,2026-02-07,2026-02-09,ST030,MED005,SUP01,72
PO006726,2026-02-04,2026-02-08,2026-02-08,ST030,MED006,SUP02,60
PO006727,2026-02-04,2026-02-08,2026-02-08,ST030,MED009,SUP01,60
PO006728,2026-02-04,2026-02-08,2026-02-08,ST030,MED026,SUP02,72
PO006729,2026-02-04,2026-02-07,2026-02-07,ST031,MED006,SUP02,60
PO006730,2026-02-04,2026-02-08,2026-02-08,ST031,MED020,SUP04,48
PO006731,2026-02-04,2026-02-09,2026-02-09,ST031,MED027,SUP03,72
PO006732,2026-02-04,2026-02-07,2026-02-07,ST032,MED002,SUP02,72
PO006733,2026-02-04,2026-02-07,2026-02-07,ST032,MED005,SUP01,60
PO006734,2026-02-04,2026-02-08,2026-02-08,ST032,MED012,SUP04,60
PO006735,2026-02-04,2026-02-08,2026-02-08,ST032,MED013,SUP01,48
PO006736,2026-02-04,2026-02-08,2026-02-08,ST032,MED018,SUP02,48
PO006737,2026-02-04,2026-02-07,2026-02-07,ST032,MED022,SUP02,42
PO006738,2026-02-04,2026-02-09,2026-02-10,ST032,MED025,SUP01,36
PO006739,2026-02-04,2026-02-06,2026-02-06,ST032,MED027,SUP03,72
PO006740,2026-02-04,2026-02-09,2026-02-09,ST032,MED029,SUP01,48
PO006741,2026-02-04,2026-02-06,2026-02-06,ST032,MED030,SUP02,36
PO006742,2026-02-04,2026-02-07,2026-02-07,ST033,MED006,SUP02,60
PO006743,2026-02-04,2026-02-07,2026-02-07,ST033,MED010,SUP02,24
PO006744,2026-02-04,2026-02-07,2026-02-07,ST033,MED013,SUP01,48
PO006745,2026-02-04,2026-02-08,2026-02-08,ST033,MED017,SUP01,72
PO006746,2026-02-04,2026-02-07,2026-02-07,ST033,MED022,SUP02,48
PO006747,2026-02-04,2026-02-07,2026-02-07,ST033,MED024,SUP04,72
PO006748,2026-02-04,2026-02-08,2026-02-08,ST033,MED027,SUP03,72
PO006749,2026-02-04,2026-02-07,2026-02-08,ST033,MED029,SUP01,48
PO006750,2026-02-04,2026-02-06,2026-02-06,ST034,MED003,SUP03,24
PO006751,2026-02-04,2026-02-08,2026-02-08,ST034,MED006,SUP02,72
PO006752,2026-02-04,2026-02-07,2026-02-07,ST034,MED011,SUP03,66
PO006753,2026-02-04,2026-02-08,2026-02-08,ST034,MED018,SUP02,48
PO006754,2026-02-04,2026-02-07,2026-02-10,ST034,MED022,SUP02,42
PO006755,2026-02-04,2026-02-07,2026-02-07,ST035,MED001,SUP01,72
PO006756,2026-02-04,2026-02-06,2026-02-06,ST035,MED007,SUP03,24
PO006757,2026-02-04,2026-02-06,2026-02-06,ST035,MED022,SUP02,42
PO006758,2026-02-04,2026-02-07,2026-02-07,ST036,MED006,SUP02,60
PO006759,2026-02-04,2026-02-08,2026-02-08,ST036,MED012,SUP04,60
PO006760,2026-02-04,2026-02-09,2026-02-09,ST037,MED021,SUP01,60
PO006761,2026-02-04,2026-02-06,2026-02-06,ST037,MED025,SUP01,36
PO006762,2026-02-04,2026-02-07,2026-02-07,ST038,MED009,SUP01,60
PO006763,2026-02-04,2026-02-09,2026-02-09,ST038,MED020,SUP04,48
PO006764,2026-02-04,2026-02-06,2026-02-06,ST038,MED025,SUP01,36
PO006765,2026-02-04,2026-02-07,2026-02-07,ST038,MED027,SUP03,72
PO006766,2026-02-04,2026-02-06,2026-02-09,ST038,MED030,SUP02,30
PO006767,2026-02-04,2026-02-06,2026-02-06,ST039,MED016,SUP04,48
PO006768,2026-02-04,2026-02-06,2026-02-06,ST039,MED020,SUP04,48
PO006769,2026-02-04,2026-02-09,2026-02-09,ST039,MED023,SUP03,60
PO006770,2026-02-04,2026-02-09,2026-02-09,ST040,MED010,SUP02,24
PO006771,2026-02-04,2026-02-09,2026-02-09,ST040,MED016,SUP04,48
PO006772,2026-02-04,2026-02-06,2026-02-06,ST040,MED020,SUP04,48
PO006773,2026-02-04,2026-02-09,2026-02-09,ST040,MED021,SUP01,60
PO006774,2026-02-04,2026-02-09,2026-02-09,ST040,MED025,SUP01,48
PO006775,2026-02-05,2026-02-10,2026-02-10,ST001,MED003,SUP03,24
PO006776,2026-02-05,2026-02-07,2026-02-09,ST001,MED006,SUP02,60
PO006777,2026-02-05,2026-02-09,2026-02-09,ST001,MED016,SUP04,48
PO006778,2026-02-05,2026-02-09,2026-02-09,ST002,MED012,SUP04,60
PO006779,2026-02-05,2026-02-10,2026-02-10,ST002,MED027,SUP03,84
PO006780,2026-02-05,2026-02-10,2026-02-10,ST002,MED029,SUP01,48
PO006781,2026-02-05,2026-02-07,2026-02-07,ST003,MED004,SUP04,48
PO006782,2026-02-05,2026-02-08,2026-02-08,ST003,MED007,SUP03,24
PO006783,2026-02-05,2026-02-10,2026-02-10,ST003,MED016,SUP04,48
PO006784,2026-02-05,2026-02-09,2026-02-11,ST004,MED021,SUP01,60
PO006785,2026-02-05,2026-02-09,2026-02-09,ST004,MED024,SUP04,72
PO006786,2026-02-05,2026-02-10,2026-02-10,ST005,MED009,SUP01,60
PO006787,2026-02-05,2026-02-09,2026-02-09,ST005,MED013,SUP01,48
PO006788,2026-02-05,2026-02-07,2026-02-09,ST005,MED016,SUP04,48
PO006789,2026-02-05,2026-02-07,2026-02-07,ST005,MED025,SUP01,36
PO006790,2026-02-05,2026-02-08,2026-02-08,ST005,MED028,SUP04,48
PO006791,2026-02-05,2026-02-09,2026-02-09,ST006,MED005,SUP01,72
PO006792,2026-02-05,2026-02-07,2026-02-07,ST006,MED007,SUP03,24
PO006793,2026-02-05,2026-02-10,2026-02-10,ST006,MED010,SUP02,24
PO006794,2026-02-05,2026-02-07,2026-02-07,ST006,MED011,SUP03,66
PO006795,2026-02-05,2026-02-10,2026-02-10,ST007,MED016,SUP04,48
PO006796,2026-02-05,2026-02-09,2026-02-09,ST008,MED006,SUP02,60
PO006797,2026-02-05,2026-02-08,2026-02-08,ST008,MED010,SUP02,24
PO006798,2026-02-05,2026-02-08,2026-02-08,ST008,MED017,SUP01,72
PO006799,2026-02-05,2026-02-10,2026-02-10,ST008,MED022,SUP02,42
PO006800,2026-02-05,2026-02-09,2026-02-09,ST008,MED025,SUP01,36
PO006801,2026-02-05,2026-02-07,2026-02-10,ST009,MED013,SUP01,48
PO006802,2026-02-05,2026-02-09,2026-02-09,ST009,MED014,SUP02,48
PO006803,2026-02-05,2026-02-10,2026-02-10,ST009,MED017,SUP01,60
PO006804,2026-02-05,2026-02-10,2026-02-12,ST009,MED021,SUP01,54
PO006805,2026-02-05,2026-02-08,2026-02-08,ST009,MED022,SUP02,36
PO006806,2026-02-05,2026-02-10,2026-02-10,ST009,MED024,SUP04,84
PO006807,2026-02-05,2026-02-10,2026-02-10,ST009,MED025,SUP01,36
PO006808,2026-02-05,2026-02-09,2026-02-11,ST009,MED030,SUP02,30
PO006809,2026-02-05,2026-02-09,2026-02-10,ST010,MED001,SUP01,72
PO006810,2026-02-05,2026-02-07,2026-02-08,ST010,MED010,SUP02,24
PO006811,2026-02-05,2026-02-09,2026-02-09,ST010,MED025,SUP01,36
PO006812,2026-02-05,2026-02-07,2026-02-07,ST011,MED006,SUP02,60
PO006813,2026-02-05,2026-02-10,2026-02-10,ST011,MED015,SUP03,72
PO006814,2026-02-05,2026-02-09,2026-02-09,ST011,MED018,SUP02,48
PO006815,2026-02-05,2026-02-10,2026-02-10,ST012,MED009,SUP01,60
PO006816,2026-02-05,2026-02-07,2026-02-07,ST012,MED023,SUP03,60
PO006817,2026-02-05,2026-02-09,2026-02-09,ST013,MED002,SUP02,72
PO006818,2026-02-05,2026-02-08,2026-02-08,ST013,MED005,SUP01,72
PO006819,2026-02-05,2026-02-10,2026-02-11,ST013,MED009,SUP01,60
PO006820,2026-02-05,2026-02-08,2026-02-11,ST013,MED010,SUP02,36
PO006821,2026-02-05,2026-02-10,2026-02-10,ST013,MED019,SUP03,24
PO006822,2026-02-05,2026-02-08,2026-02-08,ST013,MED021,SUP01,60
PO006823,2026-02-05,2026-02-10,2026-02-10,ST013,MED023,SUP03,72
PO006824,2026-02-05,2026-02-09,2026-02-10,ST013,MED029,SUP01,72
PO006825,2026-02-05,2026-02-07,2026-02-07,ST014,MED003,SUP03,24
PO006826,2026-02-05,2026-02-07,2026-02-07,ST014,MED024,SUP04,72
PO006827,2026-02-05,2026-02-10,2026-02-10,ST015,MED002,SUP02,60
PO006828,2026-02-05,2026-02-07,2026-02-07,ST015,MED007,SUP03,24
PO006829,2026-02-05,2026-02-07,2026-02-07,ST015,MED015,SUP03,72
PO006830,2026-02-05,2026-02-09,2026-02-09,ST016,MED001,SUP01,72
PO006831,2026-02-05,2026-02-09,2026-02-09,ST016,MED005,SUP01,60
PO006832,2026-02-05,2026-02-07,2026-02-07,ST016,MED006,SUP02,60
PO006833,2026-02-05,2026-02-07,2026-02-07,ST016,MED016,SUP04,48
PO006834,2026-02-05,2026-02-08,2026-02-08,ST016,MED019,SUP03,24
PO006835,2026-02-05,2026-02-10,2026-02-13,ST016,MED026,SUP02,72
PO006836,2026-02-05,2026-02-10,2026-02-10,ST017,MED001,SUP01,72
PO006837,2026-02-05,2026-02-08,2026-02-08,ST017,MED005,SUP01,72
PO006838,2026-02-05,2026-02-08,2026-02-08,ST017,MED011,SUP03,66
PO006839,2026-02-05,2026-02-08,2026-02-08,ST017,MED027,SUP03,72
PO006840,2026-02-05,2026-02-10,2026-02-10,ST018,MED005,SUP01,72
PO006841,2026-02-05,2026-02-07,2026-02-07,ST018,MED025,SUP01,36
PO006842,2026-02-05,2026-02-09,2026-02-09,ST019,MED007,SUP03,24
PO006843,2026-02-05,2026-02-10,2026-02-10,ST019,MED017,SUP01,72
PO006844,2026-02-05,2026-02-10,2026-02-10,ST019,MED019,SUP03,24
PO006845,2026-02-05,2026-02-08,2026-02-08,ST019,MED020,SUP04,48
PO006846,2026-02-05,2026-02-09,2026-02-09,ST019,MED023,SUP03,60
PO006847,2026-02-05,2026-02-10,2026-02-10,ST019,MED025,SUP01,48
PO006848,2026-02-05,2026-02-10,2026-02-11,ST020,MED004,SUP04,48
PO006849,2026-02-05,2026-02-08,2026-02-08,ST020,MED007,SUP03,24
PO006850,2026-02-05,2026-02-10,2026-02-10,ST020,MED012,SUP04,60
PO006851,2026-02-05,2026-02-07,2026-02-07,ST020,MED015,SUP03,72
PO006852,2026-02-05,2026-02-09,2026-02-09,ST020,MED016,SUP04,48
PO006853,2026-02-05,2026-02-10,2026-02-10,ST020,MED024,SUP04,72
PO006854,2026-02-05,2026-02-10,2026-02-10,ST021,MED001,SUP01,72
PO006855,2026-02-05,2026-02-07,2026-02-07,ST021,MED002,SUP02,60
PO006856,2026-02-05,2026-02-10,2026-02-11,ST021,MED004,SUP04,48
PO006857,2026-02-05,2026-02-08,2026-02-08,ST021,MED006,SUP02,60
PO006858,2026-02-05,2026-02-07,2026-02-07,ST021,MED012,SUP04,60
PO006859,2026-02-05,2026-02-07,2026-02-07,ST021,MED021,SUP01,54
PO006860,2026-02-05,2026-02-10,2026-02-10,ST021,MED026,SUP02,72
PO006861,2026-02-05,2026-02-08,2026-02-08,ST022,MED002,SUP02,66
PO006862,2026-02-05,2026-02-09,2026-02-09,ST022,MED004,SUP04,48
PO006863,2026-02-05,2026-02-09,2026-02-10,ST022,MED005,SUP01,72
PO006864,2026-02-05,2026-02-09,2026-02-09,ST022,MED013,SUP01,48
PO006865,2026-02-05,2026-02-09,2026-02-09,ST022,MED025,SUP01,36
PO006866,2026-02-05,2026-02-09,2026-02-09,ST022,MED027,SUP03,72
PO006867,2026-02-05,2026-02-07,2026-02-07,ST023,MED003,SUP03,24
PO006868,2026-02-05,2026-02-09,2026-02-09,ST023,MED015,SUP03,72
PO006869,2026-02-05,2026-02-09,2026-02-09,ST023,MED016,SUP04,48
PO006870,2026-02-05,2026-02-09,2026-02-09,ST023,MED025,SUP01,36
PO006871,2026-02-05,2026-02-07,2026-02-07,ST024,MED014,SUP02,48
PO006872,2026-02-05,2026-02-10,2026-02-13,ST024,MED020,SUP04,48
PO006873,2026-02-05,2026-02-09,2026-02-09,ST024,MED021,SUP01,54
PO006874,2026-02-05,2026-02-07,2026-02-07,ST024,MED023,SUP03,60
PO006875,2026-02-05,2026-02-09,2026-02-09,ST025,MED004,SUP04,48
PO006876,2026-02-05,2026-02-10,2026-02-10,ST025,MED005,SUP01,84
PO006877,2026-02-05,2026-02-08,2026-02-08,ST025,MED008,SUP04,24
PO006878,2026-02-05,2026-02-10,2026-02-10,ST025,MED011,SUP03,60
PO006879,2026-02-05,2026-02-10,2026-02-10,ST025,MED017,SUP01,72
PO006880,2026-02-05,2026-02-08,2026-02-08,ST025,MED028,SUP04,48
PO006881,2026-02-05,2026-02-09,2026-02-09,ST026,MED010,SUP02,24
PO006882,2026-02-05,2026-02-09,2026-02-09,ST026,MED013,SUP01,48
PO006883,2026-02-05,2026-02-08,2026-02-08,ST026,MED016,SUP04,48
PO006884,2026-02-05,2026-02-09,2026-02-09,ST026,MED018,SUP02,48
PO006885,2026-02-05,2026-02-09,2026-02-09,ST026,MED028,SUP04,48
PO006886,2026-02-05,2026-02-08,2026-02-08,ST027,MED007,SUP03,24
PO006887,2026-02-05,2026-02-07,2026-02-07,ST027,MED009,SUP01,60
PO006888,2026-02-05,2026-02-08,2026-02-08,ST027,MED011,SUP03,66
PO006889,2026-02-05,2026-02-08,2026-02-08,ST027,MED025,SUP01,36
PO006890,2026-02-05,2026-02-10,2026-02-10,ST028,MED013,SUP01,48
PO006891,2026-02-05,2026-02-07,2026-02-07,ST029,MED009,SUP01,60
PO006892,2026-02-05,2026-02-10,2026-02-10,ST029,MED020,SUP04,48
PO006893,2026-02-05,2026-02-10,2026-02-12,ST029,MED025,SUP01,36
PO006894,2026-02-05,2026-02-08,2026-02-08,ST030,MED028,SUP04,48
PO006895,2026-02-05,2026-02-07,2026-02-07,ST031,MED002,SUP02,66
PO006896,2026-02-05,2026-02-09,2026-02-09,ST031,MED004,SUP04,60
PO006897,2026-02-05,2026-02-10,2026-02-10,ST031,MED007,SUP03,24
PO006898,2026-02-05,2026-02-09,2026-02-09,ST031,MED011,SUP03,60
PO006899,2026-02-05,2026-02-10,2026-02-10,ST031,MED012,SUP04,60
PO006900,2026-02-05,2026-02-10,2026-02-13,ST031,MED018,SUP02,48
PO006901,2026-02-05,2026-02-10,2026-02-10,ST031,MED022,SUP02,42
PO006902,2026-02-05,2026-02-08,2026-02-08,ST031,MED023,SUP03,72
PO006903,2026-02-05,2026-02-09,2026-02-09,ST031,MED029,SUP01,72
PO006904,2026-02-05,2026-02-08,2026-02-08,ST032,MED024,SUP04,72
PO006905,2026-02-05,2026-02-10,2026-02-13,ST032,MED026,SUP02,72
PO006906,2026-02-05,2026-02-07,2026-02-07,ST033,MED005,SUP01,72
PO006907,2026-02-05,2026-02-09,2026-02-09,ST033,MED023,SUP03,60
PO006908,2026-02-05,2026-02-09,2026-02-09,ST034,MED002,SUP02,72
PO006909,2026-02-05,2026-02-09,2026-02-09,ST034,MED009,SUP01,72
PO006910,2026-02-05,2026-02-09,2026-02-09,ST034,MED010,SUP02,36
PO006911,2026-02-05,2026-02-10,2026-02-10,ST034,MED014,SUP02,48
PO006912,2026-02-05,2026-02-10,2026-02-10,ST034,MED017,SUP01,72
PO006913,2026-02-05,2026-02-09,2026-02-09,ST034,MED023,SUP03,72
PO006914,2026-02-05,2026-02-09,2026-02-10,ST034,MED026,SUP02,72
PO006915,2026-02-05,2026-02-10,2026-02-10,ST035,MED020,SUP04,48
PO006916,2026-02-05,2026-02-08,2026-02-08,ST035,MED023,SUP03,72
PO006917,2026-02-05,2026-02-09,2026-02-09,ST035,MED025,SUP01,36
PO006918,2026-02-05,2026-02-10,2026-02-10,ST035,MED026,SUP02,72
PO006919,2026-02-05,2026-02-09,2026-02-10,ST036,MED004,SUP04,48
PO006920,2026-02-05,2026-02-07,2026-02-10,ST036,MED010,SUP02,24
PO006921,2026-02-05,2026-02-08,2026-02-08,ST036,MED024,SUP04,72
PO006922,2026-02-05,2026-02-08,2026-02-08,ST036,MED029,SUP01,48
PO006923,2026-02-05,2026-02-09,2026-02-10,ST037,MED001,SUP01,72
PO006924,2026-02-05,2026-02-09,2026-02-09,ST037,MED003,SUP03,24
PO006925,2026-02-05,2026-02-08,2026-02-08,ST037,MED008,SUP04,24
PO006926,2026-02-05,2026-02-09,2026-02-09,ST037,MED018,SUP02,48
PO006927,2026-02-05,2026-02-08,2026-02-08,ST038,MED004,SUP04,48
PO006928,2026-02-05,2026-02-09,2026-02-09,ST038,MED005,SUP01,60
PO006929,2026-02-05,2026-02-08,2026-02-09,ST038,MED014,SUP02,48
PO006930,2026-02-05,2026-02-08,2026-02-08,ST038,MED016,SUP04,48
PO006931,2026-02-05,2026-02-07,2026-02-07,ST038,MED029,SUP01,48
PO006932,2026-02-05,2026-02-08,2026-02-08,ST039,MED021,SUP01,60
PO006933,2026-02-05,2026-02-10,2026-02-10,ST039,MED026,SUP02,72
PO006934,2026-02-05,2026-02-07,2026-02-07,ST039,MED029,SUP01,48
PO006935,2026-02-05,2026-02-07,2026-02-07,ST040,MED009,SUP01,72
PO006936,2026-02-05,2026-02-10,2026-02-10,ST040,MED017,SUP01,60
PO006937,2026-02-05,2026-02-10,2026-02-10,ST040,MED019,SUP03,24
PO006938,2026-02-05,2026-02-10,2026-02-10,ST040,MED023,SUP03,60
PO006939,2026-02-05,2026-02-09,2026-02-09,ST040,MED030,SUP02,36
PO006940,2026-02-06,2026-02-09,2026-02-09,ST001,MED005,SUP01,60
PO006941,2026-02-06,2026-02-10,2026-02-10,ST001,MED009,SUP01,60
PO006942,2026-02-06,2026-02-11,2026-02-11,ST001,MED011,SUP03,66
PO006943,2026-02-06,2026-02-11,2026-02-11,ST001,MED012,SUP04,60
PO006944,2026-02-06,2026-02-11,2026-02-11,ST001,MED017,SUP01,72
PO006945,2026-02-06,2026-02-11,2026-02-13,ST002,MED018,SUP02,48
PO006946,2026-02-06,2026-02-08,2026-02-08,ST003,MED011,SUP03,60
PO006947,2026-02-06,2026-02-11,2026-02-11,ST003,MED012,SUP04,60
PO006948,2026-02-06,2026-02-08,2026-02-08,ST003,MED013,SUP01,48
PO006949,2026-02-06,2026-02-09,2026-02-09,ST003,MED026,SUP02,72
PO006950,2026-02-06,2026-02-09,2026-02-09,ST004,MED026,SUP02,72
PO006951,2026-02-06,2026-02-08,2026-02-08,ST005,MED004,SUP04,48
PO006952,2026-02-06,2026-02-10,2026-02-10,ST005,MED008,SUP04,24
PO006953,2026-02-06,2026-02-11,2026-02-11,ST005,MED011,SUP03,66
PO006954,2026-02-06,2026-02-11,2026-02-11,ST005,MED024,SUP04,72
PO006955,2026-02-06,2026-02-08,2026-02-08,ST005,MED027,SUP03,72
PO006956,2026-02-06,2026-02-11,2026-02-11,ST005,MED030,SUP02,30
PO006957,2026-02-06,2026-02-10,2026-02-10,ST006,MED001,SUP01,72
PO006958,2026-02-06,2026-02-09,2026-02-09,ST006,MED012,SUP04,60
PO006959,2026-02-06,2026-02-08,2026-02-08,ST006,MED014,SUP02,48
PO006960,2026-02-06,2026-02-08,2026-02-08,ST006,MED015,SUP03,96
PO006961,2026-02-06,2026-02-09,2026-02-09,ST006,MED017,SUP01,60
PO006962,2026-02-06,2026-02-08,2026-02-09,ST006,MED020,SUP04,48
PO006963,2026-02-06,2026-02-08,2026-02-11,ST006,MED022,SUP02,36
PO006964,2026-02-06,2026-02-10,2026-02-10,ST006,MED023,SUP03,72
PO006965,2026-02-06,2026-02-09,2026-02-09,ST006,MED024,SUP04,72
PO006966,2026-02-06,2026-02-08,2026-02-08,ST006,MED025,SUP01,48
PO006967,2026-02-06,2026-02-11,2026-02-11,ST006,MED026,SUP02,72
PO006968,2026-02-06,2026-02-08,2026-02-08,ST006,MED027,SUP03,72
PO006969,2026-02-06,2026-02-09,2026-02-09,ST006,MED029,SUP01,48
PO006970,2026-02-06,2026-02-10,2026-02-10,ST007,MED010,SUP02,24
PO006971,2026-02-06,2026-02-11,2026-02-11,ST007,MED017,SUP01,60
PO006972,2026-02-06,2026-02-09,2026-02-09,ST008,MED008,SUP04,24
PO006973,2026-02-06,2026-02-11,2026-02-13,ST008,MED011,SUP03,60
PO006974,2026-02-06,2026-02-08,2026-02-08,ST008,MED015,SUP03,72
PO006975,2026-02-06,2026-02-11,2026-02-11,ST008,MED019,SUP03,24
PO006976,2026-02-06,2026-02-11,2026-02-12,ST008,MED024,SUP04,72
PO006977,2026-02-06,2026-02-09,2026-02-09,ST008,MED030,SUP02,36
PO006978,2026-02-06,2026-02-09,2026-02-09,ST009,MED001,SUP01,72
PO006979,2026-02-06,2026-02-11,2026-02-11,ST010,MED012,SUP04,60
PO006980,2026-02-06,2026-02-11,2026-02-11,ST010,MED017,SUP01,72
PO006981,2026-02-06,2026-02-08,2026-02-08,ST010,MED019,SUP03,24
PO006982,2026-02-06,2026-02-10,2026-02-10,ST010,MED020,SUP04,48
PO006983,2026-02-06,2026-02-08,2026-02-08,ST010,MED028,SUP04,48
PO006984,2026-02-06,2026-02-10,2026-02-11,ST011,MED008,SUP04,24
PO006985,2026-02-06,2026-02-08,2026-02-08,ST011,MED010,SUP02,24
PO006986,2026-02-06,2026-02-10,2026-02-10,ST011,MED012,SUP04,60
PO006987,2026-02-06,2026-02-08,2026-02-08,ST011,MED023,SUP03,72
PO006988,2026-02-06,2026-02-08,2026-02-09,ST012,MED015,SUP03,72
PO006989,2026-02-06,2026-02-08,2026-02-10,ST013,MED011,SUP03,66
PO006990,2026-02-06,2026-02-11,2026-02-11,ST013,MED016,SUP04,48
PO006991,2026-02-06,2026-02-09,2026-02-09,ST013,MED017,SUP01,72
PO006992,2026-02-06,2026-02-08,2026-02-08,ST013,MED020,SUP04,48
PO006993,2026-02-06,2026-02-08,2026-02-10,ST015,MED004,SUP04,48
PO006994,2026-02-06,2026-02-10,2026-02-10,ST015,MED023,SUP03,60
PO006995,2026-02-06,2026-02-11,2026-02-11,ST016,MED002,SUP02,60
PO006996,2026-02-06,2026-02-09,2026-02-09,ST016,MED009,SUP01,60
PO006997,2026-02-06,2026-02-09,2026-02-09,ST016,MED017,SUP01,72
PO006998,2026-02-06,2026-02-09,2026-02-10,ST016,MED024,SUP04,72
PO006999,2026-02-06,2026-02-08,2026-02-08,ST016,MED027,SUP03,72
PO007000,2026-02-06,2026-02-08,2026-02-08,ST017,MED002,SUP02,60
PO007001,2026-02-06,2026-02-11,2026-02-13,ST017,MED012,SUP04,60
PO007002,2026-02-06,2026-02-08,2026-02-08,ST017,MED014,SUP02,48
PO007003,2026-02-06,2026-02-09,2026-02-09,ST017,MED015,SUP03,96
PO007004,2026-02-06,2026-02-08,2026-02-08,ST017,MED016,SUP04,48
PO007005,2026-02-06,2026-02-10,2026-02-10,ST017,MED021,SUP01,60
PO007006,2026-02-06,2026-02-11,2026-02-11,ST017,MED024,SUP04,72
PO007007,2026-02-06,2026-02-08,2026-02-08,ST017,MED029,SUP01,48
PO007008,2026-02-06,2026-02-08,2026-02-08,ST018,MED002,SUP02,72
PO007009,2026-02-06,2026-02-10,2026-02-10,ST018,MED004,SUP04,48
PO007010,2026-02-06,2026-02-11,2026-02-11,ST018,MED016,SUP04,48
PO007011,2026-02-06,2026-02-08,2026-02-08,ST018,MED018,SUP02,48
PO007012,2026-02-06,2026-02-11,2026-02-11,ST018,MED019,SUP03,24
PO007013,2026-02-06,2026-02-09,2026-02-09,ST019,MED003,SUP03,24
PO007014,2026-02-06,2026-02-09,2026-02-09,ST019,MED010,SUP02,24
PO007015,2026-02-06,2026-02-09,2026-02-09,ST019,MED014,SUP02,48
PO007016,2026-02-06,2026-02-11,2026-02-11,ST019,MED015,SUP03,72
PO007017,2026-02-06,2026-02-09,2026-02-09,ST019,MED028,SUP04,48
PO007018,2026-02-06,2026-02-10,2026-02-10,ST020,MED002,SUP02,60
PO007019,2026-02-06,2026-02-11,2026-02-11,ST020,MED011,SUP03,60
PO007020,2026-02-06,2026-02-11,2026-02-11,ST020,MED013,SUP01,36
PO007021,2026-02-06,2026-02-09,2026-02-09,ST020,MED019,SUP03,24
PO007022,2026-02-06,2026-02-10,2026-02-10,ST020,MED021,SUP01,54
PO007023,2026-02-06,2026-02-09,2026-02-09,ST021,MED009,SUP01,60
PO007024,2026-02-06,2026-02-10,2026-02-10,ST021,MED010,SUP02,24
PO007025,2026-02-06,2026-02-08,2026-02-09,ST021,MED015,SUP03,72
PO007026,2026-02-06,2026-02-09,2026-02-09,ST021,MED022,SUP02,42
PO007027,2026-02-06,2026-02-08,2026-02-08,ST021,MED030,SUP02,30
PO007028,2026-02-06,2026-02-11,2026-02-11,ST022,MED017,SUP01,72
PO007029,2026-02-06,2026-02-11,2026-02-11,ST022,MED029,SUP01,48
PO007030,2026-02-06,2026-02-08,2026-02-08,ST023,MED002,SUP02,66
PO007031,2026-02-06,2026-02-10,2026-02-10,ST023,MED019,SUP03,24
PO007032,2026-02-06,2026-02-09,2026-02-09,ST023,MED026,SUP02,72
PO007033,2026-02-06,2026-02-08,2026-02-08,ST024,MED009,SUP01,60
PO007034,2026-02-06,2026-02-09,2026-02-09,ST024,MED028,SUP04,48
PO007035,2026-02-06,2026-02-08,2026-02-08,ST025,MED007,SUP03,24
PO007036,2026-02-06,2026-02-10,2026-02-10,ST025,MED012,SUP04,60
PO007037,2026-02-06,2026-02-11,2026-02-11,ST025,MED020,SUP04,48
PO007038,2026-02-06,2026-02-09,2026-02-09,ST025,MED023,SUP03,60
PO007039,2026-02-06,2026-02-08,2026-02-08,ST025,MED029,SUP01,72
PO007040,2026-02-06,2026-02-08,2026-02-08,ST026,MED001,SUP01,72
PO007041,2026-02-06,2026-02-08,2026-02-08,ST026,MED006,SUP02,60
PO007042,2026-02-06,2026-02-10,2026-02-10,ST026,MED012,SUP04,60
PO007043,2026-02-06,2026-02-11,2026-02-14,ST026,MED021,SUP01,60
PO007044,2026-02-06,2026-02-11,2026-02-11,ST026,MED025,SUP01,36
PO007045,2026-02-06,2026-02-08,2026-02-09,ST026,MED026,SUP02,72
PO007046,2026-02-06,2026-02-08,2026-02-08,ST026,MED030,SUP02,36
PO007047,2026-02-06,2026-02-09,2026-02-09,ST027,MED006,SUP02,60
PO007048,2026-02-06,2026-02-08,2026-02-08,ST027,MED013,SUP01,48
PO007049,2026-02-06,2026-02-09,2026-02-09,ST027,MED015,SUP03,72
PO007050,2026-02-06,2026-02-09,2026-02-09,ST027,MED018,SUP02,48
PO007051,2026-02-06,2026-02-10,2026-02-11,ST027,MED019,SUP03,24
PO007052,2026-02-06,2026-02-09,2026-02-09,ST027,MED022,SUP02,42
PO007053,2026-02-06,2026-02-11,2026-02-11,ST028,MED017,SUP01,72
PO007054,2026-02-06,2026-02-11,2026-02-11,ST028,MED020,SUP04,48
PO007055,2026-02-06,2026-02-10,2026-02-10,ST028,MED022,SUP02,42
PO007056,2026-02-06,2026-02-09,2026-02-09,ST028,MED027,SUP03,72
PO007057,2026-02-06,2026-02-09,2026-02-12,ST029,MED002,SUP02,66
PO007058,2026-02-06,2026-02-08,2026-02-08,ST029,MED005,SUP01,72
PO007059,2026-02-06,2026-02-09,2026-02-09,ST029,MED010,SUP02,36
PO007060,2026-02-06,2026-02-10,2026-02-11,ST029,MED015,SUP03,72
PO007061,2026-02-06,2026-02-08,2026-02-08,ST029,MED027,SUP03,72
PO007062,2026-02-06,2026-02-11,2026-02-11,ST030,MED012,SUP04,60
PO007063,2026-02-06,2026-02-08,2026-02-08,ST030,MED016,SUP04,48
PO007064,2026-02-06,2026-02-08,2026-02-08,ST030,MED023,SUP03,72
PO007065,2026-02-06,2026-02-08,2026-02-08,ST031,MED001,SUP01,72
PO007066,2026-02-06,2026-02-10,2026-02-13,ST031,MED003,SUP03,24
PO007067,2026-02-06,2026-02-09,2026-02-09,ST031,MED005,SUP01,60
PO007068,2026-02-06,2026-02-10,2026-02-10,ST031,MED009,SUP01,60
PO007069,2026-02-06,2026-02-10,2026-02-10,ST032,MED001,SUP01,72
PO007070,2026-02-06,2026-02-11,2026-02-11,ST032,MED004,SUP04,60
PO007071,2026-02-06,2026-02-10,2026-02-13,ST032,MED010,SUP02,24
PO007072,2026-02-06,2026-02-11,2026-02-11,ST032,MED021,SUP01,60
PO007073,2026-02-06,2026-02-09,2026-02-09,ST032,MED023,SUP03,72
PO007074,2026-02-06,2026-02-09,2026-02-09,ST032,MED028,SUP04,48
PO007075,2026-02-06,2026-02-10,2026-02-10,ST033,MED002,SUP02,72
PO007076,2026-02-06,2026-02-09,2026-02-09,ST033,MED011,SUP03,60
PO007077,2026-02-06,2026-02-09,2026-02-09,ST034,MED004,SUP04,48
PO007078,2026-02-06,2026-02-10,2026-02-10,ST034,MED016,SUP04,48
PO007079,2026-02-06,2026-02-08,2026-02-08,ST034,MED020,SUP04,48
PO007080,2026-02-06,2026-02-11,2026-02-11,ST034,MED030,SUP02,30
PO007081,2026-02-06,2026-02-08,2026-02-08,ST035,MED006,SUP02,60
PO007082,2026-02-06,2026-02-08,2026-02-08,ST036,MED001,SUP01,72
PO007083,2026-02-06,2026-02-09,2026-02-12,ST036,MED003,SUP03,24
PO007084,2026-02-06,2026-02-11,2026-02-11,ST036,MED005,SUP01,72
PO007085,2026-02-06,2026-02-10,2026-02-13,ST036,MED013,SUP01,48
PO007086,2026-02-06,2026-02-09,2026-02-09,ST036,MED014,SUP02,48
PO007087,2026-02-06,2026-02-09,2026-02-09,ST036,MED019,SUP03,24
PO007088,2026-02-06,2026-02-08,2026-02-08,ST037,MED024,SUP04,72
PO007089,2026-02-06,2026-02-08,2026-02-08,ST037,MED030,SUP02,30
PO007090,2026-02-06,2026-02-11,2026-02-14,ST038,MED022,SUP02,42
PO007091,2026-02-06,2026-02-10,2026-02-10,ST039,MED006,SUP02,60
PO007092,2026-02-06,2026-02-09,2026-02-09,ST039,MED008,SUP04,24
PO007093,2026-02-06,2026-02-10,2026-02-10,ST039,MED010,SUP02,24
PO007094,2026-02-06,2026-02-09,2026-02-09,ST039,MED011,SUP03,66
PO007095,2026-02-06,2026-02-08,2026-02-08,ST039,MED012,SUP04,60
PO007096,2026-02-06,2026-02-09,2026-02-09,ST039,MED022,SUP02,42
PO007097,2026-02-06,2026-02-08,2026-02-08,ST039,MED024,SUP04,72
PO007098,2026-02-06,2026-02-08,2026-02-08,ST040,MED001,SUP01,72
PO007099,2026-02-06,2026-02-08,2026-02-08,ST040,MED012,SUP04,60
PO007100,2026-02-06,2026-02-08,2026-02-09,ST040,MED015,SUP03,72
PO007101,2026-02-06,2026-02-10,2026-02-13,ST040,MED027,SUP03,72
PO007102,2026-02-06,2026-02-08,2026-02-08,ST040,MED029,SUP01,48
PO007103,2026-02-07,2026-02-10,2026-02-10,ST001,MED007,SUP03,24
PO007104,2026-02-07,2026-02-09,2026-02-09,ST001,MED013,SUP01,48
PO007105,2026-02-07,2026-02-12,2026-02-12,ST001,MED022,SUP02,42
PO007106,2026-02-07,2026-02-11,2026-02-11,ST001,MED025,SUP01,36
PO007107,2026-02-07,2026-02-11,2026-02-12,ST001,MED028,SUP04,48
PO007108,2026-02-07,2026-02-10,2026-02-10,ST001,MED029,SUP01,72
PO007109,2026-02-07,2026-02-12,2026-02-12,ST001,MED030,SUP02,30
PO007110,2026-02-07,2026-02-12,2026-02-12,ST002,MED001,SUP01,72
PO007111,2026-02-07,2026-02-12,2026-02-12,ST002,MED004,SUP04,48
PO007112,2026-02-07,2026-02-11,2026-02-11,ST002,MED006,SUP02,60
PO007113,2026-02-07,2026-02-09,2026-02-09,ST002,MED009,SUP01,60
PO007114,2026-02-07,2026-02-09,2026-02-09,ST002,MED017,SUP01,72
PO007115,2026-02-07,2026-02-12,2026-02-12,ST002,MED028,SUP04,48
PO007116,2026-02-07,2026-02-11,2026-02-14,ST003,MED006,SUP02,60
PO007117,2026-02-07,2026-02-12,2026-02-12,ST003,MED010,SUP02,24
PO007118,2026-02-07,2026-02-11,2026-02-11,ST003,MED015,SUP03,72
PO007119,2026-02-07,2026-02-11,2026-02-11,ST003,MED021,SUP01,66
PO007120,2026-02-07,2026-02-12,2026-02-12,ST003,MED025,SUP01,36
PO007121,2026-02-07,2026-02-12,2026-02-12,ST003,MED027,SUP03,72
PO007122,2026-02-07,2026-02-11,2026-02-11,ST004,MED001,SUP01,72
PO007123,2026-02-07,2026-02-11,2026-02-11,ST004,MED016,SUP04,48
PO007124,2026-02-07,2026-02-09,2026-02-09,ST004,MED019,SUP03,24
PO007125,2026-02-07,2026-02-09,2026-02-09,ST004,MED025,SUP01,48
PO007126,2026-02-07,2026-02-09,2026-02-09,ST004,MED028,SUP04,48
PO007127,2026-02-07,2026-02-11,2026-02-11,ST004,MED029,SUP01,72
PO007128,2026-02-07,2026-02-12,2026-02-12,ST005,MED003,SUP03,24
PO007129,2026-02-07,2026-02-11,2026-02-14,ST005,MED006,SUP02,60
PO007130,2026-02-07,2026-02-09,2026-02-12,ST005,MED015,SUP03,72
PO007131,2026-02-07,2026-02-12,2026-02-12,ST005,MED021,SUP01,66
PO007132,2026-02-07,2026-02-09,2026-02-09,ST005,MED022,SUP02,42
PO007133,2026-02-07,2026-02-11,2026-02-11,ST005,MED026,SUP02,72
PO007134,2026-02-07,2026-02-11,2026-02-11,ST006,MED003,SUP03,24
PO007135,2026-02-07,2026-02-09,2026-02-09,ST006,MED004,SUP04,48
PO007136,2026-02-07,2026-02-09,2026-02-09,ST006,MED013,SUP01,36
PO007137,2026-02-07,2026-02-12,2026-02-12,ST006,MED016,SUP04,48
PO007138,2026-02-07,2026-02-09,2026-02-09,ST006,MED021,SUP01,60
PO007139,2026-02-07,2026-02-09,2026-02-09,ST007,MED005,SUP01,72
PO007140,2026-02-07,2026-02-11,2026-02-11,ST007,MED009,SUP01,60
PO007141,2026-02-07,2026-02-12,2026-02-12,ST007,MED025,SUP01,36
PO007142,2026-02-07,2026-02-10,2026-02-10,ST008,MED005,SUP01,60
PO007143,2026-02-07,2026-02-10,2026-02-10,ST008,MED021,SUP01,60
PO007144,2026-02-07,2026-02-09,2026-02-10,ST008,MED027,SUP03,72
PO007145,2026-02-07,2026-02-10,2026-02-10,ST009,MED009,SUP01,60
PO007146,2026-02-07,2026-02-09,2026-02-09,ST009,MED019,SUP03,24
PO007147,2026-02-07,2026-02-11,2026-02-14,ST009,MED026,SUP02,72
PO007148,2026-02-07,2026-02-12,2026-02-12,ST010,MED002,SUP02,60
PO007149,2026-02-07,2026-02-12,2026-02-13,ST010,MED005,SUP01,72
PO007150,2026-02-07,2026-02-12,2026-02-13,ST010,MED006,SUP02,60
PO007151,2026-02-07,2026-02-09,2026-02-09,ST010,MED009,SUP01,60
PO007152,2026-02-07,2026-02-12,2026-02-12,ST010,MED015,SUP03,72
PO007153,2026-02-07,2026-02-09,2026-02-11,ST010,MED022,SUP02,54
PO007154,2026-02-07,2026-02-11,2026-02-11,ST010,MED029,SUP01,72
PO007155,2026-02-07,2026-02-09,2026-02-09,ST011,MED002,SUP02,66
PO007156,2026-02-07,2026-02-11,2026-02-13,ST011,MED004,SUP04,60
PO007157,2026-02-07,2026-02-10,2026-02-12,ST011,MED009,SUP01,60
PO007158,2026-02-07,2026-02-10,2026-02-10,ST011,MED017,SUP01,72
PO007159,2026-02-07,2026-02-11,2026-02-11,ST011,MED019,SUP03,24
PO007160,2026-02-07,2026-02-10,2026-02-10,ST011,MED026,SUP02,72
PO007161,2026-02-07,2026-02-11,2026-02-11,ST012,MED005,SUP01,84
PO007162,2026-02-07,2026-02-11,2026-02-11,ST012,MED008,SUP04,24
PO007163,2026-02-07,2026-02-11,2026-02-11,ST012,MED012,SUP04,72
PO007164,2026-02-07,2026-02-09,2026-02-09,ST012,MED014,SUP02,48
PO007165,2026-02-07,2026-02-09,2026-02-10,ST012,MED016,SUP04,48
PO007166,2026-02-07,2026-02-12,2026-02-12,ST012,MED017,SUP01,72
PO007167,2026-02-07,2026-02-11,2026-02-11,ST012,MED024,SUP04,84
PO007168,2026-02-07,2026-02-12,2026-02-12,ST012,MED029,SUP01,48
PO007169,2026-02-07,2026-02-11,2026-02-11,ST012,MED030,SUP02,30
PO007170,2026-02-07,2026-02-10,2026-02-10,ST013,MED006,SUP02,60
PO007171,2026-02-07,2026-02-12,2026-02-15,ST013,MED013,SUP01,48
PO007172,2026-02-07,2026-02-11,2026-02-11,ST013,MED015,SUP03,96
PO007173,2026-02-07,2026-02-09,2026-02-09,ST013,MED026,SUP02,72
PO007174,2026-02-07,2026-02-10,2026-02-10,ST013,MED027,SUP03,72
PO007175,2026-02-07,2026-02-11,2026-02-11,ST013,MED028,SUP04,48
PO007176,2026-02-07,2026-02-10,2026-02-10,ST014,MED011,SUP03,66
PO007177,2026-02-07,2026-02-10,2026-02-10,ST014,MED019,SUP03,24
PO007178,2026-02-07,2026-02-11,2026-02-11,ST015,MED003,SUP03,24
PO007179,2026-02-07,2026-02-09,2026-02-09,ST015,MED009,SUP01,60
PO007180,2026-02-07,2026-02-11,2026-02-11,ST015,MED025,SUP01,36
PO007181,2026-02-07,2026-02-12,2026-02-14,ST015,MED030,SUP02,30
PO007182,2026-02-07,2026-02-12,2026-02-12,ST016,MED007,SUP03,24
PO007183,2026-02-07,2026-02-11,2026-02-11,ST016,MED023,SUP03,60
PO007184,2026-02-07,2026-02-09,2026-02-09,ST016,MED029,SUP01,72
PO007185,2026-02-07,2026-02-11,2026-02-11,ST017,MED007,SUP03,24
PO007186,2026-02-07,2026-02-10,2026-02-11,ST017,MED028,SUP04,48
PO007187,2026-02-07,2026-02-10,2026-02-10,ST018,MED011,SUP03,72
PO007188,2026-02-07,2026-02-11,2026-02-11,ST018,MED020,SUP04,48
PO007189,2026-02-07,2026-02-12,2026-02-12,ST018,MED028,SUP04,48
PO007190,2026-02-07,2026-02-12,2026-02-12,ST018,MED029,SUP01,72
PO007191,2026-02-07,2026-02-10,2026-02-10,ST019,MED008,SUP04,24
PO007192,2026-02-07,2026-02-09,2026-02-09,ST019,MED009,SUP01,72
PO007193,2026-02-07,2026-02-12,2026-02-12,ST019,MED018,SUP02,48
PO007194,2026-02-07,2026-02-12,2026-02-12,ST019,MED029,SUP01,72
PO007195,2026-02-07,2026-02-09,2026-02-09,ST020,MED003,SUP03,24
PO007196,2026-02-07,2026-02-12,2026-02-12,ST020,MED008,SUP04,24
PO007197,2026-02-07,2026-02-12,2026-02-15,ST020,MED018,SUP02,48
PO007198,2026-02-07,2026-02-09,2026-02-09,ST020,MED025,SUP01,36
PO007199,2026-02-07,2026-02-10,2026-02-10,ST020,MED027,SUP03,72
PO007200,2026-02-07,2026-02-10,2026-02-10,ST020,MED029,SUP01,48
PO007201,2026-02-07,2026-02-12,2026-02-12,ST020,MED030,SUP02,36
PO007202,2026-02-07,2026-02-09,2026-02-09,ST021,MED011,SUP03,66
PO007203,2026-02-07,2026-02-11,2026-02-11,ST021,MED019,SUP03,24
PO007204,2026-02-07,2026-02-11,2026-02-11,ST022,MED009,SUP01,60
PO007205,2026-02-07,2026-02-10,2026-02-11,ST022,MED012,SUP04,60
PO007206,2026-02-07,2026-02-11,2026-02-11,ST022,MED021,SUP01,54
PO007207,2026-02-07,2026-02-10,2026-02-10,ST022,MED030,SUP02,30
PO007208,2026-02-07,2026-02-12,2026-02-12,ST023,MED010,SUP02,24
PO007209,2026-02-07,2026-02-11,2026-02-13,ST023,MED020,SUP04,48
PO007210,2026-02-07,2026-02-09,2026-02-09,ST023,MED024,SUP04,72
PO007211,2026-02-07,2026-02-10,2026-02-13,ST023,MED028,SUP04,48
PO007212,2026-02-07,2026-02-12,2026-02-14,ST023,MED029,SUP01,48
PO007213,2026-02-07,2026-02-11,2026-02-11,ST024,MED004,SUP04,48
PO007214,2026-02-07,2026-02-12,2026-02-12,ST024,MED013,SUP01,48
PO007215,2026-02-07,2026-02-11,2026-02-11,ST025,MED006,SUP02,60
PO007216,2026-02-07,2026-02-12,2026-02-12,ST025,MED016,SUP04,48
PO007217,2026-02-07,2026-02-09,2026-02-09,ST025,MED019,SUP03,24
PO007218,2026-02-07,2026-02-10,2026-02-10,ST026,MED002,SUP02,72
PO007219,2026-02-07,2026-02-11,2026-02-11,ST026,MED005,SUP01,72
PO007220,2026-02-07,2026-02-11,2026-02-12,ST026,MED007,SUP03,24
PO007221,2026-02-07,2026-02-10,2026-02-10,ST026,MED027,SUP03,72
PO007222,2026-02-07,2026-02-11,2026-02-11,ST027,MED003,SUP03,24
PO007223,2026-02-07,2026-02-11,2026-02-14,ST027,MED017,SUP01,60
PO007224,2026-02-07,2026-02-10,2026-02-10,ST027,MED023,SUP03,60
PO007225,2026-02-07,2026-02-10,2026-02-10,ST027,MED024,SUP04,84
PO007226,2026-02-07,2026-02-10,2026-02-11,ST027,MED028,SUP04,48
PO007227,2026-02-07,2026-02-12,2026-02-12,ST027,MED030,SUP02,36
PO007228,2026-02-07,2026-02-12,2026-02-14,ST028,MED001,SUP01,72
PO007229,2026-02-07,2026-02-12,2026-02-12,ST028,MED012,SUP04,60
PO007230,2026-02-07,2026-02-09,2026-02-09,ST028,MED016,SUP04,48
PO007231,2026-02-07,2026-02-11,2026-02-11,ST029,MED018,SUP02,48
PO007232,2026-02-07,2026-02-12,2026-02-15,ST029,MED019,SUP03,24
PO007233,2026-02-07,2026-02-11,2026-02-11,ST029,MED021,SUP01,54
PO007234,2026-02-07,2026-02-10,2026-02-10,ST029,MED026,SUP02,72
PO007235,2026-02-07,2026-02-09,2026-02-09,ST030,MED001,SUP01,72
PO007236,2026-02-07,2026-02-09,2026-02-09,ST030,MED002,SUP02,60
PO007237,2026-02-07,2026-02-11,2026-02-11,ST030,MED013,SUP01,48
PO007238,2026-02-07,2026-02-11,2026-02-11,ST030,MED018,SUP02,48
PO007239,2026-02-07,2026-02-09,2026-02-09,ST030,MED020,SUP04,48
PO007240,2026-02-07,2026-02-11,2026-02-11,ST030,MED025,SUP01,36
PO007241,2026-02-07,2026-02-12,2026-02-12,ST030,MED027,SUP03,72
PO007242,2026-02-07,2026-02-09,2026-02-09,ST031,MED010,SUP02,36
PO007243,2026-02-07,2026-02-10,2026-02-10,ST031,MED016,SUP04,48
PO007244,2026-02-07,2026-02-11,2026-02-11,ST031,MED025,SUP01,48
PO007245,2026-02-07,2026-02-10,2026-02-10,ST032,MED008,SUP04,24
PO007246,2026-02-07,2026-02-09,2026-02-11,ST032,MED009,SUP01,60
PO007247,2026-02-07,2026-02-11,2026-02-11,ST032,MED015,SUP03,96
PO007248,2026-02-07,2026-02-12,2026-02-12,ST032,MED020,SUP04,48
PO007249,2026-02-07,2026-02-10,2026-02-13,ST033,MED001,SUP01,72
PO007250,2026-02-07,2026-02-11,2026-02-11,ST033,MED004,SUP04,48
PO007251,2026-02-07,2026-02-11,2026-02-11,ST033,MED009,SUP01,60
PO007252,2026-02-07,2026-02-10,2026-02-10,ST033,MED012,SUP04,72
PO007253,2026-02-07,2026-02-10,2026-02-10,ST033,MED014,SUP02,48
PO007254,2026-02-07,2026-02-11,2026-02-11,ST033,MED020,SUP04,48
PO007255,2026-02-07,2026-02-09,2026-02-09,ST033,MED028,SUP04,48
PO007256,2026-02-07,2026-02-11,2026-02-11,ST034,MED012,SUP04,72
PO007257,2026-02-07,2026-02-11,2026-02-11,ST034,MED013,SUP01,36
PO007258,2026-02-07,2026-02-10,2026-02-10,ST034,MED015,SUP03,72
PO007259,2026-02-07,2026-02-12,2026-02-12,ST034,MED021,SUP01,72
PO007260,2026-02-07,2026-02-10,2026-02-10,ST034,MED024,SUP04,84
PO007261,2026-02-07,2026-02-11,2026-02-11,ST034,MED027,SUP03,72
PO007262,2026-02-07,2026-02-12,2026-02-12,ST035,MED002,SUP02,60
PO007263,2026-02-07,2026-02-12,2026-02-12,ST035,MED024,SUP04,72
PO007264,2026-02-07,2026-02-10,2026-02-12,ST035,MED030,SUP02,30
PO007265,2026-02-07,2026-02-09,2026-02-09,ST036,MED017,SUP01,72
PO007266,2026-02-07,2026-02-11,2026-02-11,ST036,MED021,SUP01,54
PO007267,2026-02-07,2026-02-10,2026-02-10,ST036,MED027,SUP03,72
PO007268,2026-02-07,2026-02-11,2026-02-11,ST037,MED005,SUP01,60
PO007269,2026-02-07,2026-02-11,2026-02-11,ST037,MED006,SUP02,60
PO007270,2026-02-07,2026-02-09,2026-02-09,ST037,MED009,SUP01,72
PO007271,2026-02-07,2026-02-10,2026-02-10,ST037,MED016,SUP04,48
PO007272,2026-02-07,2026-02-10,2026-02-10,ST037,MED020,SUP04,48
PO007273,2026-02-07,2026-02-11,2026-02-11,ST037,MED026,SUP02,72
PO007274,2026-02-07,2026-02-09,2026-02-09,ST038,MED002,SUP02,66
PO007275,2026-02-07,2026-02-12,2026-02-12,ST038,MED003,SUP03,24
PO007276,2026-02-07,2026-02-09,2026-02-09,ST038,MED006,SUP02,60
PO007277,2026-02-07,2026-02-11,2026-02-11,ST038,MED013,SUP01,48
PO007278,2026-02-07,2026-02-12,2026-02-14,ST038,MED017,SUP01,72
PO007279,2026-02-07,2026-02-11,2026-02-11,ST038,MED024,SUP04,84
PO007280,2026-02-07,2026-02-10,2026-02-10,ST038,MED026,SUP02,72
PO007281,2026-02-07,2026-02-11,2026-02-11,ST038,MED028,SUP04,48
PO007282,2026-02-07,2026-02-11,2026-02-14,ST039,MED001,SUP01,72
PO007283,2026-02-07,2026-02-09,2026-02-09,ST039,MED002,SUP02,66
PO007284,2026-02-07,2026-02-11,2026-02-11,ST039,MED014,SUP02,48
PO007285,2026-02-07,2026-02-09,2026-02-09,ST039,MED018,SUP02,48
PO007286,2026-02-07,2026-02-09,2026-02-09,ST039,MED027,SUP03,72
PO007287,2026-02-07,2026-02-12,2026-02-12,ST040,MED002,SUP02,60
PO007288,2026-02-07,2026-02-10,2026-02-10,ST040,MED005,SUP01,72
PO007289,2026-02-07,2026-02-09,2026-02-09,ST040,MED011,SUP03,66
PO007290,2026-02-07,2026-02-11,2026-02-11,ST040,MED028,SUP04,48
PO007291,2026-02-08,2026-02-10,2026-02-10,ST001,MED015,SUP03,72
PO007292,2026-02-08,2026-02-10,2026-02-13,ST001,MED021,SUP01,60
PO007293,2026-02-08,2026-02-11,2026-02-14,ST001,MED023,SUP03,72
PO007294,2026-02-08,2026-02-10,2026-02-10,ST001,MED024,SUP04,72
PO007295,2026-02-08,2026-02-12,2026-02-15,ST001,MED027,SUP03,72
PO007296,2026-02-08,2026-02-13,2026-02-13,ST002,MED005,SUP01,72
PO007297,2026-02-08,2026-02-11,2026-02-11,ST002,MED011,SUP03,60
PO007298,2026-02-08,2026-02-10,2026-02-10,ST002,MED015,SUP03,96
PO007299,2026-02-08,2026-02-10,2026-02-10,ST002,MED022,SUP02,42
PO007300,2026-02-08,2026-02-11,2026-02-11,ST002,MED026,SUP02,72
PO007301,2026-02-08,2026-02-10,2026-02-10,ST003,MED002,SUP02,66
PO007302,2026-02-08,2026-02-13,2026-02-13,ST003,MED008,SUP04,24
PO007303,2026-02-08,2026-02-10,2026-02-12,ST003,MED017,SUP01,72
PO007304,2026-02-08,2026-02-13,2026-02-13,ST003,MED020,SUP04,48
PO007305,2026-02-08,2026-02-10,2026-02-10,ST003,MED024,SUP04,72
PO007306,2026-02-08,2026-02-13,2026-02-16,ST003,MED029,SUP01,72
PO007307,2026-02-08,2026-02-11,2026-02-11,ST003,MED030,SUP02,30
PO007308,2026-02-08,2026-02-11,2026-02-13,ST004,MED002,SUP02,66
PO007309,2026-02-08,2026-02-13,2026-02-13,ST004,MED003,SUP03,24
PO007310,2026-02-08,2026-02-12,2026-02-12,ST004,MED010,SUP02,24
PO007311,2026-02-08,2026-02-12,2026-02-12,ST004,MED013,SUP01,48
PO007312,2026-02-08,2026-02-13,2026-02-13,ST004,MED014,SUP02,48
PO007313,2026-02-08,2026-02-10,2026-02-10,ST004,MED015,SUP03,72
PO007314,2026-02-08,2026-02-12,2026-02-12,ST004,MED022,SUP02,42
PO007315,2026-02-08,2026-02-13,2026-02-13,ST004,MED023,SUP03,72
PO007316,2026-02-08,2026-02-10,2026-02-10,ST004,MED030,SUP02,36
PO007317,2026-02-08,2026-02-10,2026-02-10,ST005,MED001,SUP01,72
PO007318,2026-02-08,2026-02-13,2026-02-13,ST005,MED007,SUP03,24
PO007319,2026-02-08,2026-02-12,2026-02-14,ST005,MED010,SUP02,24
PO007320,2026-02-08,2026-02-10,2026-02-10,ST005,MED017,SUP01,72
PO007321,2026-02-08,2026-02-10,2026-02-10,ST005,MED020,SUP04,48
PO007322,2026-02-08,2026-02-13,2026-02-13,ST005,MED029,SUP01,48
PO007323,2026-02-08,2026-02-10,2026-02-10,ST006,MED002,SUP02,66
PO007324,2026-02-08,2026-02-11,2026-02-11,ST006,MED006,SUP02,60
PO007325,2026-02-08,2026-02-13,2026-02-13,ST006,MED009,SUP01,60
PO007326,2026-02-08,2026-02-12,2026-02-12,ST006,MED030,SUP02,36
PO007327,2026-02-08,2026-02-10,2026-02-10,ST007,MED001,SUP01,72
PO007328,2026-02-08,2026-02-11,2026-02-11,ST007,MED004,SUP04,48
PO007329,2026-02-08,2026-02-11,2026-02-11,ST007,MED012,SUP04,60
PO007330,2026-02-08,2026-02-13,2026-02-13,ST007,MED023,SUP03,72
PO007331,2026-02-08,2026-02-10,2026-02-10,ST007,MED029,SUP01,72
PO007332,2026-02-08,2026-02-10,2026-02-12,ST008,MED004,SUP04,48
PO007333,2026-02-08,2026-02-10,2026-02-10,ST008,MED012,SUP04,60
PO007334,2026-02-08,2026-02-10,2026-02-10,ST008,MED029,SUP01,48
PO007335,2026-02-08,2026-02-12,2026-02-12,ST009,MED002,SUP02,66
PO007336,2026-02-08,2026-02-11,2026-02-11,ST009,MED004,SUP04,60
PO007337,2026-02-08,2026-02-12,2026-02-12,ST009,MED012,SUP04,72
PO007338,2026-02-08,2026-02-12,2026-02-12,ST009,MED015,SUP03,72
PO007339,2026-02-08,2026-02-10,2026-02-10,ST009,MED020,SUP04,48
PO007340,2026-02-08,2026-02-10,2026-02-10,ST009,MED023,SUP03,72
PO007341,2026-02-08,2026-02-11,2026-02-11,ST009,MED028,SUP04,48
PO007342,2026-02-08,2026-02-12,2026-02-12,ST009,MED029,SUP01,72
PO007343,2026-02-08,2026-02-11,2026-02-11,ST010,MED008,SUP04,24
PO007344,2026-02-08,2026-02-11,2026-02-11,ST010,MED013,SUP01,48
PO007345,2026-02-08,2026-02-13,2026-02-16,ST010,MED014,SUP02,48
PO007346,2026-02-08,2026-02-12,2026-02-12,ST010,MED021,SUP01,60
PO007347,2026-02-08,2026-02-11,2026-02-11,ST010,MED026,SUP02,72
PO007348,2026-02-08,2026-02-13,2026-02-13,ST011,MED005,SUP01,72
PO007349,2026-02-08,2026-02-13,2026-02-13,ST011,MED013,SUP01,48
PO007350,2026-02-08,2026-02-12,2026-02-12,ST011,MED022,SUP02,48
PO007351,2026-02-08,2026-02-11,2026-02-13,ST011,MED028,SUP04,48
PO007352,2026-02-08,2026-02-10,2026-02-10,ST011,MED030,SUP02,30
PO007353,2026-02-08,2026-02-11,2026-02-11,ST012,MED001,SUP01,72
PO007354,2026-02-08,2026-02-12,2026-02-12,ST012,MED004,SUP04,48
PO007355,2026-02-08,2026-02-10,2026-02-10,ST012,MED006,SUP02,72
PO007356,2026-02-08,2026-02-10,2026-02-10,ST012,MED007,SUP03,24
PO007357,2026-02-08,2026-02-12,2026-02-12,ST012,MED010,SUP02,24
PO007358,2026-02-08,2026-02-12,2026-02-12,ST012,MED011,SUP03,66
PO007359,2026-02-08,2026-02-12,2026-02-12,ST012,MED013,SUP01,48
PO007360,2026-02-08,2026-02-11,2026-02-14,ST012,MED021,SUP01,60
PO007361,2026-02-08,2026-02-11,2026-02-11,ST012,MED022,SUP02,42
PO007362,2026-02-08,2026-02-11,2026-02-11,ST012,MED027,SUP03,72
PO007363,2026-02-08,2026-02-10,2026-02-10,ST013,MED001,SUP01,72
PO007364,2026-02-08,2026-02-10,2026-02-10,ST013,MED004,SUP04,60
PO007365,2026-02-08,2026-02-11,2026-02-11,ST013,MED007,SUP03,24
PO007366,2026-02-08,2026-02-11,2026-02-11,ST013,MED014,SUP02,48
PO007367,2026-02-08,2026-02-12,2026-02-12,ST013,MED018,SUP02,48
PO007368,2026-02-08,2026-02-13,2026-02-13,ST014,MED016,SUP04,48
PO007369,2026-02-08,2026-02-10,2026-02-10,ST014,MED017,SUP01,60
PO007370,2026-02-08,2026-02-12,2026-02-12,ST014,MED020,SUP04,48
PO007371,2026-02-08,2026-02-10,2026-02-10,ST014,MED023,SUP03,60
PO007372,2026-02-08,2026-02-12,2026-02-12,ST014,MED030,SUP02,30
PO007373,2026-02-08,2026-02-10,2026-02-13,ST015,MED010,SUP02,24
PO007374,2026-02-08,2026-02-13,2026-02-13,ST015,MED011,SUP03,60
PO007375,2026-02-08,2026-02-10,2026-02-10,ST015,MED014,SUP02,48
PO007376,2026-02-08,2026-02-10,2026-02-10,ST015,MED016,SUP04,48
PO007377,2026-02-08,2026-02-12,2026-02-12,ST015,MED024,SUP04,72
PO007378,2026-02-08,2026-02-11,2026-02-11,ST015,MED026,SUP02,72
PO007379,2026-02-08,2026-02-13,2026-02-13,ST015,MED027,SUP03,72
PO007380,2026-02-08,2026-02-13,2026-02-13,ST016,MED011,SUP03,66
PO007381,2026-02-08,2026-02-12,2026-02-12,ST016,MED012,SUP04,60
PO007382,2026-02-08,2026-02-11,2026-02-11,ST016,MED014,SUP02,48
PO007383,2026-02-08,2026-02-13,2026-02-13,ST016,MED018,SUP02,48
PO007384,2026-02-08,2026-02-11,2026-02-11,ST016,MED020,SUP04,48
PO007385,2026-02-08,2026-02-10,2026-02-10,ST017,MED003,SUP03,24
PO007386,2026-02-08,2026-02-12,2026-02-15,ST017,MED004,SUP04,48
PO007387,2026-02-08,2026-02-12,2026-02-12,ST017,MED006,SUP02,60
PO007388,2026-02-08,2026-02-10,2026-02-10,ST017,MED010,SUP02,24
PO007389,2026-02-08,2026-02-12,2026-02-12,ST017,MED025,SUP01,36
PO007390,2026-02-08,2026-02-12,2026-02-12,ST018,MED001,SUP01,72
PO007391,2026-02-08,2026-02-11,2026-02-11,ST018,MED009,SUP01,60
PO007392,2026-02-08,2026-02-11,2026-02-12,ST018,MED013,SUP01,36
PO007393,2026-02-08,2026-02-11,2026-02-11,ST018,MED023,SUP03,72
PO007394,2026-02-08,2026-02-12,2026-02-12,ST018,MED027,SUP03,72
PO007395,2026-02-08,2026-02-13,2026-02-16,ST019,MED001,SUP01,72
PO007396,2026-02-08,2026-02-12,2026-02-12,ST019,MED004,SUP04,48
PO007397,2026-02-08,2026-02-12,2026-02-12,ST019,MED012,SUP04,60
PO007398,2026-02-08,2026-02-13,2026-02-13,ST019,MED021,SUP01,60
PO007399,2026-02-08,2026-02-11,2026-02-11,ST019,MED022,SUP02,42
PO007400,2026-02-08,2026-02-13,2026-02-15,ST019,MED030,SUP02,30
PO007401,2026-02-08,2026-02-11,2026-02-11,ST020,MED001,SUP01,72
PO007402,2026-02-08,2026-02-10,2026-02-10,ST020,MED005,SUP01,72
PO007403,2026-02-08,2026-02-11,2026-02-12,ST020,MED014,SUP02,48
PO007404,2026-02-08,2026-02-10,2026-02-13,ST020,MED022,SUP02,48
PO007405,2026-02-08,2026-02-12,2026-02-12,ST020,MED023,SUP03,60
PO007406,2026-02-08,2026-02-13,2026-02-13,ST021,MED008,SUP04,24
PO007407,2026-02-08,2026-02-13,2026-02-13,ST021,MED013,SUP01,48
PO007408,2026-02-08,2026-02-13,2026-02-13,ST021,MED014,SUP02,48
PO007409,2026-02-08,2026-02-11,2026-02-13,ST021,MED016,SUP04,48
PO007410,2026-02-08,2026-02-10,2026-02-10,ST021,MED020,SUP04,48
PO007411,2026-02-08,2026-02-13,2026-02-13,ST021,MED023,SUP03,60
PO007412,2026-02-08,2026-02-13,2026-02-13,ST021,MED029,SUP01,72
PO007413,2026-02-08,2026-02-13,2026-02-13,ST022,MED003,SUP03,24
PO007414,2026-02-08,2026-02-10,2026-02-10,ST022,MED006,SUP02,60
PO007415,2026-02-08,2026-02-11,2026-02-11,ST022,MED010,SUP02,24
PO007416,2026-02-08,2026-02-13,2026-02-14,ST022,MED015,SUP03,72
PO007417,2026-02-08,2026-02-11,2026-02-11,ST022,MED016,SUP04,48
PO007418,2026-02-08,2026-02-13,2026-02-13,ST022,MED022,SUP02,42
PO007419,2026-02-08,2026-02-13,2026-02-13,ST022,MED024,SUP04,72
PO007420,2026-02-08,2026-02-13,2026-02-13,ST023,MED001,SUP01,72
PO007421,2026-02-08,2026-02-11,2026-02-11,ST023,MED004,SUP04,48
PO007422,2026-02-08,2026-02-10,2026-02-10,ST023,MED005,SUP01,72
PO007423,2026-02-08,2026-02-10,2026-02-10,ST023,MED006,SUP02,60
PO007424,2026-02-08,2026-02-10,2026-02-10,ST023,MED017,SUP01,60
PO007425,2026-02-08,2026-02-13,2026-02-13,ST023,MED021,SUP01,60
PO007426,2026-02-08,2026-02-13,2026-02-13,ST023,MED022,SUP02,42
PO007427,2026-02-08,2026-02-12,2026-02-12,ST024,MED005,SUP01,72
PO007428,2026-02-08,2026-02-12,2026-02-12,ST024,MED012,SUP04,60
PO007429,2026-02-08,2026-02-10,2026-02-10,ST024,MED015,SUP03,72
PO007430,2026-02-08,2026-02-10,2026-02-10,ST024,MED016,SUP04,48
PO007431,2026-02-08,2026-02-13,2026-02-13,ST024,MED027,SUP03,72
PO007432,2026-02-08,2026-02-11,2026-02-11,ST025,MED013,SUP01,48
PO007433,2026-02-08,2026-02-11,2026-02-11,ST025,MED015,SUP03,72
PO007434,2026-02-08,2026-02-11,2026-02-11,ST025,MED018,SUP02,48
PO007435,2026-02-08,2026-02-10,2026-02-10,ST025,MED022,SUP02,42
PO007436,2026-02-08,2026-02-11,2026-02-11,ST025,MED024,SUP04,72
PO007437,2026-02-08,2026-02-10,2026-02-10,ST025,MED027,SUP03,72
PO007438,2026-02-08,2026-02-13,2026-02-13,ST026,MED019,SUP03,24
PO007439,2026-02-08,2026-02-10,2026-02-10,ST027,MED010,SUP02,36
PO007440,2026-02-08,2026-02-13,2026-02-13,ST027,MED020,SUP04,48
PO007441,2026-02-08,2026-02-13,2026-02-13,ST027,MED021,SUP01,66
PO007442,2026-02-08,2026-02-13,2026-02-13,ST027,MED027,SUP03,84
PO007443,2026-02-08,2026-02-12,2026-02-12,ST027,MED029,SUP01,72
PO007444,2026-02-08,2026-02-10,2026-02-10,ST028,MED005,SUP01,60
PO007445,2026-02-08,2026-02-10,2026-02-10,ST028,MED006,SUP02,60
PO007446,2026-02-08,2026-02-11,2026-02-11,ST028,MED011,SUP03,60
PO007447,2026-02-08,2026-02-12,2026-02-12,ST028,MED021,SUP01,54
PO007448,2026-02-08,2026-02-11,2026-02-11,ST029,MED001,SUP01,72
PO007449,2026-02-08,2026-02-11,2026-02-11,ST029,MED004,SUP04,48
PO007450,2026-02-08,2026-02-12,2026-02-12,ST029,MED014,SUP02,48
PO007451,2026-02-08,2026-02-10,2026-02-13,ST029,MED016,SUP04,48
PO007452,2026-02-08,2026-02-12,2026-02-12,ST030,MED007,SUP03,24
PO007453,2026-02-08,2026-02-13,2026-02-13,ST030,MED011,SUP03,60
PO007454,2026-02-08,2026-02-12,2026-02-12,ST030,MED019,SUP03,24
PO007455,2026-02-08,2026-02-10,2026-02-10,ST030,MED029,SUP01,72
PO007456,2026-02-08,2026-02-11,2026-02-11,ST031,MED021,SUP01,54
PO007457,2026-02-08,2026-02-13,2026-02-13,ST031,MED030,SUP02,36
PO007458,2026-02-08,2026-02-10,2026-02-10,ST032,MED003,SUP03,24
PO007459,2026-02-08,2026-02-12,2026-02-12,ST033,MED003,SUP03,24
PO007460,2026-02-08,2026-02-13,2026-02-13,ST033,MED006,SUP02,60
PO007461,2026-02-08,2026-02-11,2026-02-11,ST033,MED015,SUP03,72
PO007462,2026-02-08,2026-02-12,2026-02-12,ST033,MED016,SUP04,48
PO007463,2026-02-08,2026-02-11,2026-02-11,ST033,MED025,SUP01,36
PO007464,2026-02-08,2026-02-13,2026-02-13,ST033,MED030,SUP02,30
PO007465,2026-02-08,2026-02-11,2026-02-11,ST034,MED007,SUP03,24
PO007466,2026-02-08,2026-02-12,2026-02-12,ST034,MED029,SUP01,72
PO007467,2026-02-08,2026-02-11,2026-02-11,ST035,MED005,SUP01,60
PO007468,2026-02-08,2026-02-12,2026-02-12,ST035,MED009,SUP01,60
PO007469,2026-02-08,2026-02-10,2026-02-10,ST035,MED010,SUP02,24
PO007470,2026-02-08,2026-02-10,2026-02-10,ST035,MED016,SUP04,48
PO007471,2026-02-08,2026-02-10,2026-02-13,ST035,MED017,SUP01,60
PO007472,2026-02-08,2026-02-11,2026-02-11,ST035,MED021,SUP01,54
PO007473,2026-02-08,2026-02-11,2026-02-11,ST036,MED002,SUP02,60
PO007474,2026-02-08,2026-02-10,2026-02-11,ST036,MED018,SUP02,48
PO007475,2026-02-08,2026-02-11,2026-02-11,ST036,MED022,SUP02,42
PO007476,2026-02-08,2026-02-10,2026-02-10,ST036,MED030,SUP02,30
PO007477,2026-02-08,2026-02-10,2026-02-12,ST037,MED004,SUP04,48
PO007478,2026-02-08,2026-02-11,2026-02-11,ST037,MED010,SUP02,24
PO007479,2026-02-08,2026-02-11,2026-02-11,ST037,MED012,SUP04,60
PO007480,2026-02-08,2026-02-13,2026-02-13,ST037,MED013,SUP01,36
PO007481,2026-02-08,2026-02-13,2026-02-14,ST037,MED015,SUP03,72
PO007482,2026-02-08,2026-02-10,2026-02-10,ST038,MED007,SUP03,24
PO007483,2026-02-08,2026-02-12,2026-02-12,ST038,MED011,SUP03,66
PO007484,2026-02-08,2026-02-12,2026-02-12,ST038,MED018,SUP02,48
PO007485,2026-02-08,2026-02-13,2026-02-13,ST038,MED021,SUP01,54
PO007486,2026-02-08,2026-02-12,2026-02-12,ST038,MED023,SUP03,72
PO007487,2026-02-08,2026-02-13,2026-02-13,ST038,MED025,SUP01,48
PO007488,2026-02-08,2026-02-13,2026-02-13,ST039,MED003,SUP03,24
PO007489,2026-02-08,2026-02-13,2026-02-16,ST039,MED004,SUP04,48
PO007490,2026-02-08,2026-02-12,2026-02-12,ST039,MED005,SUP01,72
PO007491,2026-02-08,2026-02-10,2026-02-10,ST039,MED009,SUP01,60
PO007492,2026-02-08,2026-02-10,2026-02-10,ST039,MED015,SUP03,72
PO007493,2026-02-08,2026-02-11,2026-02-11,ST039,MED030,SUP02,30
PO007494,2026-02-08,2026-02-10,2026-02-10,ST040,MED003,SUP03,24
PO007495,2026-02-08,2026-02-12,2026-02-12,ST040,MED004,SUP04,48
PO007496,2026-02-08,2026-02-12,2026-02-12,ST040,MED006,SUP02,60
PO007497,2026-02-08,2026-02-13,2026-02-16,ST040,MED008,SUP04,24
PO007498,2026-02-08,2026-02-10,2026-02-12,ST040,MED013,SUP01,36
PO007499,2026-02-08,2026-02-10,2026-02-10,ST040,MED022,SUP02,48
PO007500,2026-02-08,2026-02-13,2026-02-13,ST040,MED026,SUP02,72
PO007501,2026-02-09,2026-02-13,2026-02-13,ST001,MED001,SUP01,72
PO007502,2026-02-09,2026-02-13,2026-02-13,ST001,MED019,SUP03,24
PO007503,2026-02-09,2026-02-14,2026-02-14,ST002,MED003,SUP03,24
PO007504,2026-02-09,2026-02-14,2026-02-14,ST002,MED008,SUP04,24
PO007505,2026-02-09,2026-02-12,2026-02-12,ST002,MED020,SUP04,48
PO007506,2026-02-09,2026-02-13,2026-02-13,ST002,MED024,SUP04,72
PO007507,2026-02-09,2026-02-14,2026-02-14,ST002,MED025,SUP01,36
PO007508,2026-02-09,2026-02-14,2026-02-14,ST003,MED005,SUP01,72
PO007509,2026-02-09,2026-02-14,2026-02-14,ST003,MED018,SUP02,48
PO007510,2026-02-09,2026-02-12,2026-02-12,ST003,MED019,SUP03,24
PO007511,2026-02-09,2026-02-13,2026-02-13,ST003,MED022,SUP02,48
PO007512,2026-02-09,2026-02-12,2026-02-12,ST004,MED005,SUP01,60
PO007513,2026-02-09,2026-02-14,2026-02-14,ST004,MED009,SUP01,60
PO007514,2026-02-09,2026-02-13,2026-02-13,ST004,MED011,SUP03,66
PO007515,2026-02-09,2026-02-13,2026-02-13,ST004,MED018,SUP02,48
PO007516,2026-02-09,2026-02-12,2026-02-14,ST004,MED027,SUP03,72
PO007517,2026-02-09,2026-02-11,2026-02-11,ST005,MED002,SUP02,72
PO007518,2026-02-09,2026-02-13,2026-02-13,ST006,MED018,SUP02,48
PO007519,2026-02-09,2026-02-13,2026-02-13,ST006,MED028,SUP04,48
PO007520,2026-02-09,2026-02-11,2026-02-11,ST007,MED003,SUP03,24
PO007521,2026-02-09,2026-02-13,2026-02-13,ST007,MED008,SUP04,24
PO007522,2026-02-09,2026-02-14,2026-02-14,ST007,MED011,SUP03,66
PO007523,2026-02-09,2026-02-12,2026-02-12,ST007,MED021,SUP01,54
PO007524,2026-02-09,2026-02-14,2026-02-17,ST007,MED024,SUP04,72
PO007525,2026-02-09,2026-02-13,2026-02-13,ST008,MED001,SUP01,72
PO007526,2026-02-09,2026-02-11,2026-02-12,ST008,MED013,SUP01,48
PO007527,2026-02-09,2026-02-12,2026-02-15,ST008,MED018,SUP02,48
PO007528,2026-02-09,2026-02-11,2026-02-11,ST008,MED028,SUP04,48
PO007529,2026-02-09,2026-02-12,2026-02-12,ST009,MED005,SUP01,72
PO007530,2026-02-09,2026-02-11,2026-02-11,ST009,MED006,SUP02,60
PO007531,2026-02-09,2026-02-12,2026-02-12,ST009,MED018,SUP02,48
PO007532,2026-02-09,2026-02-14,2026-02-14,ST009,MED027,SUP03,72
PO007533,2026-02-09,2026-02-13,2026-02-13,ST010,MED003,SUP03,24
PO007534,2026-02-09,2026-02-11,2026-02-11,ST010,MED007,SUP03,24
PO007535,2026-02-09,2026-02-12,2026-02-12,ST010,MED011,SUP03,66
PO007536,2026-02-09,2026-02-11,2026-02-11,ST010,MED027,SUP03,72
PO007537,2026-02-09,2026-02-14,2026-02-14,ST010,MED030,SUP02,30
PO007538,2026-02-09,2026-02-13,2026-02-13,ST011,MED011,SUP03,72
PO007539,2026-02-09,2026-02-11,2026-02-11,ST011,MED016,SUP04,48
PO007540,2026-02-09,2026-02-12,2026-02-12,ST011,MED021,SUP01,60
PO007541,2026-02-09,2026-02-14,2026-02-14,ST011,MED027,SUP03,72
PO007542,2026-02-09,2026-02-13,2026-02-16,ST012,MED002,SUP02,66
PO007543,2026-02-09,2026-02-11,2026-02-11,ST012,MED019,SUP03,24
PO007544,2026-02-09,2026-02-14,2026-02-14,ST012,MED025,SUP01,36
PO007545,2026-02-09,2026-02-14,2026-02-14,ST012,MED026,SUP02,72
PO007546,2026-02-09,2026-02-12,2026-02-12,ST013,MED005,SUP01,72
PO007547,2026-02-09,2026-02-14,2026-02-14,ST013,MED012,SUP04,60
PO007548,2026-02-09,2026-02-12,2026-02-12,ST013,MED021,SUP01,60
PO007549,2026-02-09,2026-02-13,2026-02-13,ST013,MED022,SUP02,42
PO007550,2026-02-09,2026-02-13,2026-02-13,ST013,MED025,SUP01,36
PO007551,2026-02-09,2026-02-12,2026-02-12,ST013,MED030,SUP02,30
PO007552,2026-02-09,2026-02-12,2026-02-12,ST014,MED006,SUP02,72
PO007553,2026-02-09,2026-02-11,2026-02-11,ST014,MED025,SUP01,36
PO007554,2026-02-09,2026-02-12,2026-02-12,ST015,MED005,SUP01,72
PO007555,2026-02-09,2026-02-12,2026-02-12,ST015,MED020,SUP04,48
PO007556,2026-02-09,2026-02-12,2026-02-12,ST016,MED015,SUP03,72
PO007557,2026-02-09,2026-02-11,2026-02-11,ST016,MED021,SUP01,60
PO007558,2026-02-09,2026-02-14,2026-02-16,ST016,MED022,SUP02,42
PO007559,2026-02-09,2026-02-13,2026-02-13,ST016,MED030,SUP02,36
PO007560,2026-02-09,2026-02-13,2026-02-13,ST017,MED013,SUP01,48
PO007561,2026-02-09,2026-02-13,2026-02-13,ST017,MED017,SUP01,72
PO007562,2026-02-09,2026-02-14,2026-02-14,ST017,MED022,SUP02,48
PO007563,2026-02-09,2026-02-14,2026-02-14,ST017,MED026,SUP02,72
PO007564,2026-02-09,2026-02-14,2026-02-17,ST018,MED003,SUP03,24
PO007565,2026-02-09,2026-02-12,2026-02-12,ST018,MED006,SUP02,60
PO007566,2026-02-09,2026-02-14,2026-02-14,ST018,MED008,SUP04,24
PO007567,2026-02-09,2026-02-14,2026-02-14,ST018,MED010,SUP02,24
PO007568,2026-02-09,2026-02-12,2026-02-12,ST018,MED014,SUP02,48
PO007569,2026-02-09,2026-02-13,2026-02-13,ST018,MED021,SUP01,66
PO007570,2026-02-09,2026-02-12,2026-02-12,ST018,MED022,SUP02,42
PO007571,2026-02-09,2026-02-14,2026-02-14,ST018,MED024,SUP04,72
PO007572,2026-02-09,2026-02-11,2026-02-13,ST018,MED026,SUP02,72
PO007573,2026-02-09,2026-02-11,2026-02-11,ST018,MED030,SUP02,30
PO007574,2026-02-09,2026-02-11,2026-02-11,ST019,MED002,SUP02,66
PO007575,2026-02-09,2026-02-14,2026-02-14,ST019,MED011,SUP03,66
PO007576,2026-02-09,2026-02-12,2026-02-12,ST019,MED013,SUP01,36
PO007577,2026-02-09,2026-02-12,2026-02-12,ST019,MED026,SUP02,72
PO007578,2026-02-09,2026-02-13,2026-02-13,ST020,MED006,SUP02,60
PO007579,2026-02-09,2026-02-12,2026-02-12,ST020,MED009,SUP01,60
PO007580,2026-02-09,2026-02-11,2026-02-11,ST020,MED020,SUP04,48
PO007581,2026-02-09,2026-02-13,2026-02-13,ST020,MED028,SUP04,48
PO007582,2026-02-09,2026-02-14,2026-02-14,ST021,MED007,SUP03,24
PO007583,2026-02-09,2026-02-11,2026-02-11,ST021,MED018,SUP02,48
PO007584,2026-02-09,2026-02-11,2026-02-11,ST021,MED028,SUP04,48
PO007585,2026-02-09,2026-02-12,2026-02-12,ST022,MED001,SUP01,72
PO007586,2026-02-09,2026-02-14,2026-02-14,ST022,MED011,SUP03,60
PO007587,2026-02-09,2026-02-12,2026-02-12,ST022,MED018,SUP02,48
PO007588,2026-02-09,2026-02-11,2026-02-11,ST022,MED020,SUP04,48
PO007589,2026-02-09,2026-02-14,2026-02-14,ST022,MED023,SUP03,60
PO007590,2026-02-09,2026-02-12,2026-02-13,ST022,MED028,SUP04,48
PO007591,2026-02-09,2026-02-11,2026-02-11,ST023,MED027,SUP03,72
PO007592,2026-02-09,2026-02-12,2026-02-12,ST024,MED001,SUP01,72
PO007593,2026-02-09,2026-02-14,2026-02-14,ST024,MED011,SUP03,60
PO007594,2026-02-09,2026-02-11,2026-02-11,ST024,MED022,SUP02,42
PO007595,2026-02-09,2026-02-14,2026-02-14,ST024,MED024,SUP04,72
PO007596,2026-02-09,2026-02-13,2026-02-13,ST024,MED029,SUP01,48
PO007597,2026-02-09,2026-02-11,2026-02-11,ST024,MED030,SUP02,30
PO007598,2026-02-09,2026-02-13,2026-02-13,ST025,MED002,SUP02,72
PO007599,2026-02-09,2026-02-11,2026-02-12,ST025,MED025,SUP01,36
PO007600,2026-02-09,2026-02-11,2026-02-11,ST025,MED026,SUP02,72
PO007601,2026-02-09,2026-02-14,2026-02-14,ST025,MED030,SUP02,30
PO007602,2026-02-09,2026-02-12,2026-02-12,ST026,MED003,SUP03,24
PO007603,2026-02-09,2026-02-14,2026-02-14,ST026,MED009,SUP01,60
PO007604,2026-02-09,2026-02-12,2026-02-12,ST026,MED011,SUP03,60
PO007605,2026-02-09,2026-02-12,2026-02-12,ST026,MED022,SUP02,48
PO007606,2026-02-09,2026-02-12,2026-02-12,ST026,MED023,SUP03,72
PO007607,2026-02-09,2026-02-11,2026-02-11,ST027,MED001,SUP01,72
PO007608,2026-02-09,2026-02-14,2026-02-14,ST027,MED002,SUP02,72
PO007609,2026-02-09,2026-02-12,2026-02-12,ST027,MED004,SUP04,48
PO007610,2026-02-09,2026-02-12,2026-02-12,ST027,MED005,SUP01,60
PO007611,2026-02-09,2026-02-13,2026-02-13,ST027,MED008,SUP04,24
PO007612,2026-02-09,2026-02-13,2026-02-13,ST027,MED011,SUP03,60
PO007613,2026-02-09,2026-02-11,2026-02-11,ST027,MED014,SUP02,48
PO007614,2026-02-09,2026-02-13,2026-02-15,ST027,MED016,SUP04,48
PO007615,2026-02-09,2026-02-12,2026-02-12,ST027,MED026,SUP02,72
PO007616,2026-02-09,2026-02-11,2026-02-11,ST028,MED002,SUP02,66
PO007617,2026-02-09,2026-02-12,2026-02-12,ST028,MED023,SUP03,60
PO007618,2026-02-09,2026-02-11,2026-02-13,ST028,MED026,SUP02,72
PO007619,2026-02-09,2026-02-11,2026-02-11,ST028,MED029,SUP01,72
PO007620,2026-02-09,2026-02-11,2026-02-12,ST028,MED030,SUP02,30
PO007621,2026-02-09,2026-02-14,2026-02-14,ST029,MED006,SUP02,60
PO007622,2026-02-09,2026-02-13,2026-02-13,ST029,MED012,SUP04,60
PO007623,2026-02-09,2026-02-13,2026-02-13,ST029,MED028,SUP04,48
PO007624,2026-02-09,2026-02-13,2026-02-13,ST030,MED008,SUP04,24
PO007625,2026-02-09,2026-02-13,2026-02-14,ST030,MED014,SUP02,48
PO007626,2026-02-09,2026-02-12,2026-02-12,ST030,MED015,SUP03,72
PO007627,2026-02-09,2026-02-12,2026-02-12,ST030,MED017,SUP01,60
PO007628,2026-02-09,2026-02-11,2026-02-13,ST030,MED021,SUP01,60
PO007629,2026-02-09,2026-02-13,2026-02-13,ST030,MED022,SUP02,36
PO007630,2026-02-09,2026-02-14,2026-02-17,ST031,MED015,SUP03,72
PO007631,2026-02-09,2026-02-11,2026-02-11,ST031,MED017,SUP01,60
PO007632,2026-02-09,2026-02-13,2026-02-13,ST031,MED024,SUP04,72
PO007633,2026-02-09,2026-02-11,2026-02-12,ST031,MED026,SUP02,72
PO007634,2026-02-09,2026-02-11,2026-02-11,ST032,MED002,SUP02,60
PO007635,2026-02-09,2026-02-11,2026-02-11,ST032,MED006,SUP02,60
PO007636,2026-02-09,2026-02-13,2026-02-13,ST032,MED011,SUP03,60
PO007637,2026-02-09,2026-02-13,2026-02-13,ST032,MED017,SUP01,72
PO007638,2026-02-09,2026-02-14,2026-02-14,ST032,MED022,SUP02,48
PO007639,2026-02-09,2026-02-13,2026-02-13,ST033,MED008,SUP04,24
PO007640,2026-02-09,2026-02-14,2026-02-14,ST033,MED017,SUP01,60
PO007641,2026-02-09,2026-02-12,2026-02-12,ST033,MED018,SUP02,48
PO007642,2026-02-09,2026-02-14,2026-02-14,ST033,MED019,SUP03,24
PO007643,2026-02-09,2026-02-12,2026-02-12,ST033,MED021,SUP01,66
PO007644,2026-02-09,2026-02-11,2026-02-11,ST033,MED022,SUP02,42
PO007645,2026-02-09,2026-02-14,2026-02-14,ST033,MED024,SUP04,72
PO007646,2026-02-09,2026-02-14,2026-02-14,ST033,MED027,SUP03,72
PO007647,2026-02-09,2026-02-14,2026-02-14,ST033,MED029,SUP01,72
PO007648,2026-02-09,2026-02-12,2026-02-12,ST034,MED001,SUP01,72
PO007649,2026-02-09,2026-02-12,2026-02-12,ST034,MED003,SUP03,24
PO007650,2026-02-09,2026-02-11,2026-02-13,ST034,MED008,SUP04,24
PO007651,2026-02-09,2026-02-14,2026-02-14,ST034,MED011,SUP03,72
PO007652,2026-02-09,2026-02-11,2026-02-11,ST034,MED025,SUP01,36
PO007653,2026-02-09,2026-02-11,2026-02-11,ST034,MED028,SUP04,48
PO007654,2026-02-09,2026-02-13,2026-02-13,ST035,MED015,SUP03,72
PO007655,2026-02-09,2026-02-12,2026-02-14,ST035,MED029,SUP01,72
PO007656,2026-02-09,2026-02-11,2026-02-13,ST036,MED009,SUP01,60
PO007657,2026-02-09,2026-02-12,2026-02-12,ST036,MED011,SUP03,66
PO007658,2026-02-09,2026-02-13,2026-02-13,ST036,MED015,SUP03,72
PO007659,2026-02-09,2026-02-13,2026-02-13,ST036,MED020,SUP04,48
PO007660,2026-02-09,2026-02-14,2026-02-17,ST036,MED026,SUP02,72
PO007661,2026-02-09,2026-02-14,2026-02-14,ST037,MED002,SUP02,60
PO007662,2026-02-09,2026-02-12,2026-02-12,ST037,MED007,SUP03,24
PO007663,2026-02-09,2026-02-13,2026-02-13,ST037,MED011,SUP03,66
PO007664,2026-02-09,2026-02-12,2026-02-14,ST037,MED023,SUP03,72
PO007665,2026-02-09,2026-02-13,2026-02-14,ST037,MED025,SUP01,36
PO007666,2026-02-09,2026-02-14,2026-02-14,ST037,MED029,SUP01,72
PO007667,2026-02-09,2026-02-14,2026-02-14,ST038,MED010,SUP02,24
PO007668,2026-02-09,2026-02-11,2026-02-11,ST038,MED027,SUP03,72
PO007669,2026-02-09,2026-02-11,2026-02-11,ST039,MED013,SUP01,48
PO007670,2026-02-09,2026-02-11,2026-02-11,ST039,MED017,SUP01,72
PO007671,2026-02-09,2026-02-14,2026-02-14,ST039,MED025,SUP01,36
PO007672,2026-02-09,2026-02-11,2026-02-11,ST039,MED029,SUP01,48
PO007673,2026-02-09,2026-02-14,2026-02-14,ST040,MED014,SUP02,48
PO007674,2026-02-10,2026-02-12,2026-02-12,ST001,MED004,SUP04,48
PO007675,2026-02-10,2026-02-12,2026-02-13,ST002,MED014,SUP02,48
PO007676,2026-02-10,2026-02-14,2026-02-14,ST002,MED016,SUP04,48
PO007677,2026-02-10,2026-02-15,2026-02-15,ST002,MED021,SUP01,66
PO007678,2026-02-10,2026-02-12,2026-02-12,ST002,MED030,SUP02,30
PO007679,2026-02-10,2026-02-13,2026-02-13,ST003,MED009,SUP01,60
PO007680,2026-02-10,2026-02-13,2026-02-15,ST003,MED023,SUP03,72
PO007681,2026-02-10,2026-02-15,2026-02-15,ST004,MED004,SUP04,48
PO007682,2026-02-10,2026-02-15,2026-02-15,ST004,MED006,SUP02,60
PO007683,2026-02-10,2026-02-14,2026-02-14,ST004,MED007,SUP03,24
PO007684,2026-02-10,2026-02-14,2026-02-14,ST004,MED017,SUP01,60
PO007685,2026-02-10,2026-02-12,2026-02-12,ST005,MED009,SUP01,60
PO007686,2026-02-10,2026-02-12,2026-02-12,ST005,MED012,SUP04,72
PO007687,2026-02-10,2026-02-12,2026-02-14,ST005,MED023,SUP03,72
PO007688,2026-02-10,2026-02-13,2026-02-16,ST005,MED025,SUP01,36
PO007689,2026-02-10,2026-02-12,2026-02-12,ST006,MED007,SUP03,24
PO007690,2026-02-10,2026-02-13,2026-02-13,ST006,MED008,SUP04,24
PO007691,2026-02-10,2026-02-15,2026-02-15,ST006,MED011,SUP03,66
PO007692,2026-02-10,2026-02-14,2026-02-14,ST006,MED027,SUP03,72
PO007693,2026-02-10,2026-02-15,2026-02-18,ST006,MED029,SUP01,48
PO007694,2026-02-10,2026-02-13,2026-02-13,ST007,MED006,SUP02,60
PO007695,2026-02-10,2026-02-12,2026-02-12,ST007,MED014,SUP02,48
PO007696,2026-02-10,2026-02-14,2026-02-14,ST007,MED018,SUP02,48
PO007697,2026-02-10,2026-02-15,2026-02-18,ST007,MED022,SUP02,42
PO007698,2026-02-10,2026-02-14,2026-02-14,ST007,MED027,SUP03,72
PO007699,2026-02-10,2026-02-13,2026-02-13,ST007,MED028,SUP04,48
PO007700,2026-02-10,2026-02-12,2026-02-12,ST008,MED002,SUP02,60
PO007701,2026-02-10,2026-02-13,2026-02-16,ST008,MED016,SUP04,48
PO007702,2026-02-10,2026-02-13,2026-02-13,ST008,MED020,SUP04,48
PO007703,2026-02-10,2026-02-12,2026-02-12,ST008,MED023,SUP03,72
PO007704,2026-02-10,2026-02-14,2026-02-14,ST009,MED003,SUP03,24
PO007705,2026-02-10,2026-02-12,2026-02-12,ST009,MED010,SUP02,24
PO007706,2026-02-10,2026-02-13,2026-02-15,ST009,MED011,SUP03,66
PO007707,2026-02-10,2026-02-14,2026-02-16,ST009,MED016,SUP04,48
PO007708,2026-02-10,2026-02-15,2026-02-15,ST009,MED017,SUP01,60
PO007709,2026-02-10,2026-02-12,2026-02-12,ST010,MED004,SUP04,48
PO007710,2026-02-10,2026-02-14,2026-02-14,ST010,MED016,SUP04,48
PO007711,2026-02-10,2026-02-14,2026-02-14,ST010,MED023,SUP03,60
PO007712,2026-02-10,2026-02-13,2026-02-13,ST010,MED024,SUP04,72
PO007713,2026-02-10,2026-02-13,2026-02-13,ST011,MED001,SUP01,72
PO007714,2026-02-10,2026-02-15,2026-02-15,ST011,MED006,SUP02,60
PO007715,2026-02-10,2026-02-14,2026-02-14,ST011,MED020,SUP04,48
PO007716,2026-02-10,2026-02-15,2026-02-15,ST011,MED029,SUP01,72
PO007717,2026-02-10,2026-02-12,2026-02-13,ST012,MED020,SUP04,48
PO007718,2026-02-10,2026-02-13,2026-02-14,ST012,MED023,SUP03,60
PO007719,2026-02-10,2026-02-12,2026-02-12,ST013,MED003,SUP03,24
PO007720,2026-02-10,2026-02-13,2026-02-13,ST014,MED021,SUP01,60
PO007721,2026-02-10,2026-02-15,2026-02-15,ST014,MED027,SUP03,72
PO007722,2026-02-10,2026-02-13,2026-02-15,ST015,MED001,SUP01,72
PO007723,2026-02-10,2026-02-14,2026-02-14,ST015,MED006,SUP02,60
PO007724,2026-02-10,2026-02-14,2026-02-16,ST015,MED012,SUP04,60
PO007725,2026-02-10,2026-02-15,2026-02-15,ST015,MED017,SUP01,72
PO007726,2026-02-10,2026-02-12,2026-02-12,ST015,MED021,SUP01,54
PO007727,2026-02-10,2026-02-12,2026-02-12,ST015,MED028,SUP04,48
PO007728,2026-02-10,2026-02-15,2026-02-15,ST016,MED004,SUP04,48
PO007729,2026-02-10,2026-02-13,2026-02-13,ST016,MED005,SUP01,60
PO007730,2026-02-10,2026-02-15,2026-02-17,ST016,MED013,SUP01,48
PO007731,2026-02-10,2026-02-12,2026-02-12,ST017,MED005,SUP01,60
PO007732,2026-02-10,2026-02-15,2026-02-15,ST017,MED008,SUP04,24
PO007733,2026-02-10,2026-02-12,2026-02-12,ST017,MED009,SUP01,60
PO007734,2026-02-10,2026-02-15,2026-02-15,ST017,MED011,SUP03,60
PO007735,2026-02-10,2026-02-13,2026-02-13,ST017,MED018,SUP02,48
PO007736,2026-02-10,2026-02-15,2026-02-15,ST017,MED020,SUP04,48
PO007737,2026-02-10,2026-02-12,2026-02-12,ST017,MED027,SUP03,72
PO007738,2026-02-10,2026-02-13,2026-02-13,ST017,MED030,SUP02,36
PO007739,2026-02-10,2026-02-15,2026-02-15,ST018,MED015,SUP03,72
PO007740,2026-02-10,2026-02-15,2026-02-15,ST019,MED006,SUP02,60
PO007741,2026-02-10,2026-02-13,2026-02-13,ST019,MED023,SUP03,72
PO007742,2026-02-10,2026-02-13,2026-02-14,ST019,MED027,SUP03,84
PO007743,2026-02-10,2026-02-15,2026-02-15,ST020,MED007,SUP03,24
PO007744,2026-02-10,2026-02-12,2026-02-12,ST020,MED010,SUP02,36
PO007745,2026-02-10,2026-02-12,2026-02-15,ST020,MED015,SUP03,72
PO007746,2026-02-10,2026-02-15,2026-02-15,ST020,MED017,SUP01,60
PO007747,2026-02-10,2026-02-14,2026-02-14,ST020,MED026,SUP02,72
PO007748,2026-02-10,2026-02-13,2026-02-13,ST021,MED003,SUP03,24
PO007749,2026-02-10,2026-02-14,2026-02-14,ST021,MED024,SUP04,72
PO007750,2026-02-10,2026-02-14,2026-02-14,ST021,MED025,SUP01,36
PO007751,2026-02-10,2026-02-14,2026-02-14,ST021,MED027,SUP03,72
PO007752,2026-02-10,2026-02-13,2026-02-16,ST022,MED004,SUP04,48
PO007753,2026-02-10,2026-02-15,2026-02-15,ST022,MED007,SUP03,24
PO007754,2026-02-10,2026-02-15,2026-02-15,ST022,MED025,SUP01,36
PO007755,2026-02-10,2026-02-15,2026-02-15,ST023,MED009,SUP01,60
PO007756,2026-02-10,2026-02-15,2026-02-15,ST023,MED011,SUP03,66
PO007757,2026-02-10,2026-02-14,2026-02-14,ST023,MED012,SUP04,60
PO007758,2026-02-10,2026-02-12,2026-02-14,ST023,MED023,SUP03,72
PO007759,2026-02-10,2026-02-13,2026-02-13,ST023,MED030,SUP02,36
PO007760,2026-02-10,2026-02-13,2026-02-13,ST024,MED003,SUP03,24
PO007761,2026-02-10,2026-02-13,2026-02-13,ST024,MED006,SUP02,60
PO007762,2026-02-10,2026-02-12,2026-02-12,ST024,MED008,SUP04,24
PO007763,2026-02-10,2026-02-12,2026-02-12,ST024,MED017,SUP01,72
PO007764,2026-02-10,2026-02-14,2026-02-14,ST024,MED019,SUP03,24
PO007765,2026-02-10,2026-02-15,2026-02-15,ST024,MED023,SUP03,84
PO007766,2026-02-10,2026-02-14,2026-02-14,ST024,MED025,SUP01,36
PO007767,2026-02-10,2026-02-14,2026-02-14,ST025,MED001,SUP01,72
PO007768,2026-02-10,2026-02-13,2026-02-13,ST025,MED007,SUP03,24
PO007769,2026-02-10,2026-02-12,2026-02-12,ST025,MED008,SUP04,24
PO007770,2026-02-10,2026-02-14,2026-02-14,ST025,MED010,SUP02,24
PO007771,2026-02-10,2026-02-14,2026-02-14,ST026,MED013,SUP01,48
PO007772,2026-02-10,2026-02-13,2026-02-13,ST026,MED014,SUP02,48
PO007773,2026-02-10,2026-02-12,2026-02-12,ST026,MED015,SUP03,96
PO007774,2026-02-10,2026-02-14,2026-02-14,ST026,MED024,SUP04,72
PO007775,2026-02-10,2026-02-15,2026-02-15,ST027,MED006,SUP02,60
PO007776,2026-02-10,2026-02-13,2026-02-15,ST027,MED007,SUP03,24
PO007777,2026-02-10,2026-02-14,2026-02-14,ST027,MED009,SUP01,72
PO007778,2026-02-10,2026-02-12,2026-02-12,ST027,MED015,SUP03,72
PO007779,2026-02-10,2026-02-15,2026-02-15,ST027,MED025,SUP01,48
PO007780,2026-02-10,2026-02-14,2026-02-14,ST028,MED003,SUP03,24
PO007781,2026-02-10,2026-02-15,2026-02-15,ST028,MED018,SUP02,48
PO007782,2026-02-10,2026-02-14,2026-02-14,ST029,MED008,SUP04,24
PO007783,2026-02-10,2026-02-13,2026-02-14,ST029,MED011,SUP03,60
PO007784,2026-02-10,2026-02-14,2026-02-15,ST029,MED029,SUP01,72
PO007785,2026-02-10,2026-02-12,2026-02-12,ST029,MED030,SUP02,30
PO007786,2026-02-10,2026-02-13,2026-02-13,ST030,MED003,SUP03,24
PO007787,2026-02-10,2026-02-14,2026-02-14,ST030,MED004,SUP04,48
PO007788,2026-02-10,2026-02-12,2026-02-12,ST030,MED006,SUP02,60
PO007789,2026-02-10,2026-02-15,2026-02-15,ST031,MED006,SUP02,60
PO007790,2026-02-10,2026-02-12,2026-02-12,ST031,MED013,SUP01,48
PO007791,2026-02-10,2026-02-13,2026-02-13,ST031,MED020,SUP04,48
PO007792,2026-02-10,2026-02-14,2026-02-14,ST032,MED005,SUP01,72
PO007793,2026-02-10,2026-02-12,2026-02-12,ST032,MED012,SUP04,60
PO007794,2026-02-10,2026-02-14,2026-02-14,ST032,MED013,SUP01,48
PO007795,2026-02-10,2026-02-15,2026-02-15,ST032,MED027,SUP03,72
PO007796,2026-02-10,2026-02-14,2026-02-14,ST032,MED029,SUP01,72
PO007797,2026-02-10,2026-02-12,2026-02-12,ST032,MED030,SUP02,30
PO007798,2026-02-10,2026-02-13,2026-02-13,ST033,MED007,SUP03,24
PO007799,2026-02-10,2026-02-15,2026-02-15,ST033,MED013,SUP01,48
PO007800,2026-02-10,2026-02-13,2026-02-16,ST033,MED023,SUP03,72
PO007801,2026-02-10,2026-02-13,2026-02-13,ST033,MED026,SUP02,72
PO007802,2026-02-10,2026-02-13,2026-02-13,ST034,MED004,SUP04,48
PO007803,2026-02-10,2026-02-15,2026-02-15,ST034,MED005,SUP01,72
PO007804,2026-02-10,2026-02-12,2026-02-12,ST034,MED006,SUP02,60
PO007805,2026-02-10,2026-02-13,2026-02-13,ST034,MED018,SUP02,48
PO007806,2026-02-10,2026-02-13,2026-02-13,ST034,MED023,SUP03,60
PO007807,2026-02-10,2026-02-14,2026-02-14,ST035,MED012,SUP04,60
PO007808,2026-02-10,2026-02-14,2026-02-14,ST035,MED013,SUP01,48
PO007809,2026-02-10,2026-02-15,2026-02-15,ST035,MED019,SUP03,24
PO007810,2026-02-10,2026-02-12,2026-02-12,ST037,MED017,SUP01,72
PO007811,2026-02-10,2026-02-12,2026-02-12,ST037,MED022,SUP02,42
PO007812,2026-02-10,2026-02-13,2026-02-13,ST037,MED027,SUP03,72
PO007813,2026-02-10,2026-02-15,2026-02-15,ST038,MED001,SUP01,72
PO007814,2026-02-10,2026-02-14,2026-02-16,ST038,MED004,SUP04,48
PO007815,2026-02-10,2026-02-12,2026-02-12,ST038,MED005,SUP01,60
PO007816,2026-02-10,2026-02-13,2026-02-13,ST038,MED009,SUP01,72
PO007817,2026-02-10,2026-02-12,2026-02-15,ST038,MED012,SUP04,60
PO007818,2026-02-10,2026-02-15,2026-02-15,ST038,MED015,SUP03,72
PO007819,2026-02-10,2026-02-14,2026-02-14,ST038,MED019,SUP03,24
PO007820,2026-02-10,2026-02-12,2026-02-12,ST039,MED016,SUP04,48
PO007821,2026-02-10,2026-02-12,2026-02-12,ST039,MED019,SUP03,24
PO007822,2026-02-10,2026-02-14,2026-02-14,ST039,MED020,SUP04,48
PO007823,2026-02-10,2026-02-14,2026-02-16,ST039,MED021,SUP01,60
PO007824,2026-02-10,2026-02-13,2026-02-13,ST039,MED023,SUP03,60
PO007825,2026-02-10,2026-02-12,2026-02-13,ST040,MED007,SUP03,24
PO007826,2026-02-10,2026-02-13,2026-02-13,ST040,MED009,SUP01,60
PO007827,2026-02-10,2026-02-14,2026-02-14,ST040,MED010,SUP02,36
PO007828,2026-02-10,2026-02-14,2026-02-16,ST040,MED015,SUP03,72
PO007829,2026-02-10,2026-02-14,2026-02-14,ST040,MED018,SUP02,48
PO007830,2026-02-10,2026-02-15,2026-02-15,ST040,MED020,SUP04,48
PO007831,2026-02-10,2026-02-12,2026-02-12,ST040,MED021,SUP01,54
PO007832,2026-02-10,2026-02-14,2026-02-14,ST040,MED024,SUP04,84
PO007833,2026-02-11,2026-02-13,2026-02-13,ST001,MED002,SUP02,60
PO007834,2026-02-11,2026-02-16,2026-02-16,ST001,MED006,SUP02,60
PO007835,2026-02-11,2026-02-16,2026-02-16,ST001,MED020,SUP04,48
PO007836,2026-02-11,2026-02-13,2026-02-13,ST001,MED026,SUP02,72
PO007837,2026-02-11,2026-02-14,2026-02-14,ST002,MED002,SUP02,66
PO007838,2026-02-11,2026-02-16,2026-02-16,ST002,MED012,SUP04,60
PO007839,2026-02-11,2026-02-16,2026-02-16,ST002,MED029,SUP01,48
PO007840,2026-02-11,2026-02-15,2026-02-15,ST003,MED004,SUP04,48
PO007841,2026-02-11,2026-02-14,2026-02-14,ST003,MED011,SUP03,60
PO007842,2026-02-11,2026-02-16,2026-02-18,ST004,MED012,SUP04,60
PO007843,2026-02-11,2026-02-15,2026-02-15,ST004,MED020,SUP04,48
PO007844,2026-02-11,2026-02-13,2026-02-13,ST004,MED024,SUP04,72
PO007845,2026-02-11,2026-02-14,2026-02-14,ST004,MED026,SUP02,72
PO007846,2026-02-11,2026-02-16,2026-02-19,ST005,MED004,SUP04,48
PO007847,2026-02-11,2026-02-14,2026-02-14,ST005,MED005,SUP01,72
PO007848,2026-02-11,2026-02-13,2026-02-13,ST005,MED014,SUP02,48
PO007849,2026-02-11,2026-02-15,2026-02-15,ST005,MED016,SUP04,48
PO007850,2026-02-11,2026-02-16,2026-02-16,ST005,MED019,SUP03,24
PO007851,2026-02-11,2026-02-14,2026-02-14,ST005,MED027,SUP03,72
PO007852,2026-02-11,2026-02-16,2026-02-17,ST005,MED028,SUP04,48
PO007853,2026-02-11,2026-02-16,2026-02-16,ST006,MED004,SUP04,48
PO007854,2026-02-11,2026-02-16,2026-02-16,ST006,MED005,SUP01,72
PO007855,2026-02-11,2026-02-15,2026-02-15,ST006,MED010,SUP02,24
PO007856,2026-02-11,2026-02-15,2026-02-16,ST006,MED012,SUP04,60
PO007857,2026-02-11,2026-02-15,2026-02-15,ST006,MED013,SUP01,48
PO007858,2026-02-11,2026-02-16,2026-02-16,ST006,MED015,SUP03,72
PO007859,2026-02-11,2026-02-15,2026-02-15,ST006,MED017,SUP01,72
PO007860,2026-02-11,2026-02-14,2026-02-15,ST006,MED019,SUP03,24
PO007861,2026-02-11,2026-02-15,2026-02-15,ST006,MED020,SUP04,48
PO007862,2026-02-11,2026-02-13,2026-02-13,ST006,MED021,SUP01,54
PO007863,2026-02-11,2026-02-16,2026-02-16,ST006,MED022,SUP02,42
PO007864,2026-02-11,2026-02-15,2026-02-15,ST006,MED024,SUP04,72
PO007865,2026-02-11,2026-02-13,2026-02-13,ST006,MED025,SUP01,36
PO007866,2026-02-11,2026-02-15,2026-02-15,ST007,MED002,SUP02,66
PO007867,2026-02-11,2026-02-15,2026-02-15,ST007,MED030,SUP02,30
PO007868,2026-02-11,2026-02-15,2026-02-15,ST008,MED006,SUP02,60
PO007869,2026-02-11,2026-02-14,2026-02-14,ST008,MED007,SUP03,24
PO007870,2026-02-11,2026-02-16,2026-02-16,ST008,MED009,SUP01,60
PO007871,2026-02-11,2026-02-15,2026-02-15,ST008,MED026,SUP02,72
PO007872,2026-02-11,2026-02-13,2026-02-13,ST010,MED018,SUP02,48
PO007873,2026-02-11,2026-02-15,2026-02-15,ST011,MED002,SUP02,60
PO007874,2026-02-11,2026-02-13,2026-02-13,ST011,MED003,SUP03,24
PO007875,2026-02-11,2026-02-15,2026-02-15,ST011,MED010,SUP02,24
PO007876,2026-02-11,2026-02-14,2026-02-14,ST011,MED012,SUP04,60
PO007877,2026-02-11,2026-02-15,2026-02-15,ST011,MED015,SUP03,72
PO007878,2026-02-11,2026-02-14,2026-02-14,ST011,MED024,SUP04,84
PO007879,2026-02-11,2026-02-13,2026-02-13,ST011,MED025,SUP01,36
PO007880,2026-02-11,2026-02-15,2026-02-15,ST012,MED009,SUP01,60
PO007881,2026-02-11,2026-02-16,2026-02-16,ST012,MED015,SUP03,72
PO007882,2026-02-11,2026-02-13,2026-02-13,ST012,MED028,SUP04,48
PO007883,2026-02-11,2026-02-16,2026-02-16,ST013,MED002,SUP02,72
PO007884,2026-02-11,2026-02-16,2026-02-16,ST013,MED006,SUP02,60
PO007885,2026-02-11,2026-02-14,2026-02-15,ST013,MED011,SUP03,60
PO007886,2026-02-11,2026-02-13,2026-02-13,ST013,MED017,SUP01,72
PO007887,2026-02-11,2026-02-16,2026-02-16,ST013,MED020,SUP04,48
PO007888,2026-02-11,2026-02-13,2026-02-16,ST013,MED023,SUP03,60
PO007889,2026-02-11,2026-02-13,2026-02-13,ST013,MED024,SUP04,72
PO007890,2026-02-11,2026-02-16,2026-02-16,ST013,MED027,SUP03,72
PO007891,2026-02-11,2026-02-15,2026-02-15,ST014,MED001,SUP01,72
PO007892,2026-02-11,2026-02-13,2026-02-16,ST014,MED002,SUP02,60
PO007893,2026-02-11,2026-02-16,2026-02-16,ST014,MED005,SUP01,72
PO007894,2026-02-11,2026-02-13,2026-02-13,ST014,MED009,SUP01,60
PO007895,2026-02-11,2026-02-15,2026-02-15,ST014,MED013,SUP01,48
PO007896,2026-02-11,2026-02-14,2026-02-14,ST015,MED002,SUP02,60
PO007897,2026-02-11,2026-02-13,2026-02-13,ST015,MED008,SUP04,24
PO007898,2026-02-11,2026-02-14,2026-02-14,ST015,MED015,SUP03,72
PO007899,2026-02-11,2026-02-15,2026-02-15,ST015,MED019,SUP03,24
PO007900,2026-02-11,2026-02-13,2026-02-14,ST015,MED022,SUP02,42
PO007901,2026-02-11,2026-02-14,2026-02-14,ST016,MED003,SUP03,24
PO007902,2026-02-11,2026-02-13,2026-02-16,ST016,MED006,SUP02,60
PO007903,2026-02-11,2026-02-15,2026-02-15,ST016,MED019,SUP03,24
PO007904,2026-02-11,2026-02-16,2026-02-16,ST017,MED002,SUP02,60
PO007905,2026-02-11,2026-02-15,2026-02-15,ST017,MED021,SUP01,60
PO007906,2026-02-11,2026-02-14,2026-02-14,ST017,MED023,SUP03,60
PO007907,2026-02-11,2026-02-16,2026-02-18,ST018,MED002,SUP02,60
PO007908,2026-02-11,2026-02-14,2026-02-14,ST018,MED004,SUP04,48
PO007909,2026-02-11,2026-02-15,2026-02-18,ST018,MED007,SUP03,24
PO007910,2026-02-11,2026-02-13,2026-02-13,ST018,MED017,SUP01,72
PO007911,2026-02-11,2026-02-13,2026-02-13,ST018,MED025,SUP01,36
PO007912,2026-02-11,2026-02-14,2026-02-14,ST019,MED010,SUP02,36
PO007913,2026-02-11,2026-02-14,2026-02-14,ST019,MED020,SUP04,48
PO007914,2026-02-11,2026-02-15,2026-02-15,ST020,MED002,SUP02,72
PO007915,2026-02-11,2026-02-16,2026-02-16,ST020,MED012,SUP04,60
PO007916,2026-02-11,2026-02-15,2026-02-15,ST020,MED013,SUP01,48
PO007917,2026-02-11,2026-02-15,2026-02-15,ST020,MED016,SUP04,48
PO007918,2026-02-11,2026-02-15,2026-02-15,ST020,MED019,SUP03,24
PO007919,2026-02-11,2026-02-13,2026-02-13,ST020,MED021,SUP01,66
PO007920,2026-02-11,2026-02-16,2026-02-16,ST020,MED024,SUP04,72
PO007921,2026-02-11,2026-02-14,2026-02-14,ST020,MED027,SUP03,72
PO007922,2026-02-11,2026-02-14,2026-02-14,ST021,MED005,SUP01,72
PO007923,2026-02-11,2026-02-14,2026-02-14,ST021,MED012,SUP04,60
PO007924,2026-02-11,2026-02-14,2026-02-14,ST021,MED017,SUP01,60
PO007925,2026-02-11,2026-02-15,2026-02-15,ST022,MED008,SUP04,24
PO007926,2026-02-11,2026-02-16,2026-02-16,ST022,MED019,SUP03,24
PO007927,2026-02-11,2026-02-15,2026-02-15,ST023,MED007,SUP03,24
PO007928,2026-02-11,2026-02-15,2026-02-15,ST023,MED014,SUP02,48
PO007929,2026-02-11,2026-02-13,2026-02-13,ST023,MED015,SUP03,72
PO007930,2026-02-11,2026-02-15,2026-02-15,ST023,MED018,SUP02,48
PO007931,2026-02-11,2026-02-14,2026-02-17,ST023,MED025,SUP01,48
PO007932,2026-02-11,2026-02-14,2026-02-14,ST023,MED026,SUP02,72
PO007933,2026-02-11,2026-02-14,2026-02-14,ST024,MED002,SUP02,72
PO007934,2026-02-11,2026-02-14,2026-02-14,ST024,MED007,SUP03,24
PO007935,2026-02-11,2026-02-13,2026-02-13,ST024,MED018,SUP02,48
PO007936,2026-02-11,2026-02-14,2026-02-16,ST024,MED021,SUP01,60
PO007937,2026-02-11,2026-02-16,2026-02-16,ST025,MED004,SUP04,48
PO007938,2026-02-11,2026-02-15,2026-02-15,ST025,MED009,SUP01,60
PO007939,2026-02-11,2026-02-16,2026-02-16,ST025,MED011,SUP03,66
PO007940,2026-02-11,2026-02-13,2026-02-13,ST025,MED014,SUP02,48
PO007941,2026-02-11,2026-02-14,2026-02-14,ST025,MED017,SUP01,60
PO007942,2026-02-11,2026-02-16,2026-02-16,ST025,MED021,SUP01,54
PO007943,2026-02-11,2026-02-13,2026-02-13,ST025,MED023,SUP03,72
PO007944,2026-02-11,2026-02-14,2026-02-14,ST026,MED001,SUP01,72
PO007945,2026-02-11,2026-02-14,2026-02-17,ST026,MED008,SUP04,24
PO007946,2026-02-11,2026-02-13,2026-02-16,ST026,MED010,SUP02,24
PO007947,2026-02-11,2026-02-16,2026-02-18,ST026,MED012,SUP04,72
PO007948,2026-02-11,2026-02-15,2026-02-15,ST026,MED020,SUP04,48
PO007949,2026-02-11,2026-02-13,2026-02-13,ST026,MED026,SUP02,72
PO007950,2026-02-11,2026-02-14,2026-02-14,ST026,MED028,SUP04,48
PO007951,2026-02-11,2026-02-14,2026-02-15,ST026,MED030,SUP02,30
PO007952,2026-02-11,2026-02-16,2026-02-16,ST027,MED012,SUP04,72
PO007953,2026-02-11,2026-02-15,2026-02-15,ST027,MED013,SUP01,48
PO007954,2026-02-11,2026-02-13,2026-02-13,ST027,MED022,SUP02,42
PO007955,2026-02-11,2026-02-15,2026-02-15,ST028,MED009,SUP01,60
PO007956,2026-02-11,2026-02-14,2026-02-14,ST028,MED010,SUP02,24
PO007957,2026-02-11,2026-02-16,2026-02-16,ST028,MED015,SUP03,72
PO007958,2026-02-11,2026-02-13,2026-02-13,ST028,MED025,SUP01,36
PO007959,2026-02-11,2026-02-14,2026-02-14,ST028,MED028,SUP04,48
PO007960,2026-02-11,2026-02-13,2026-02-13,ST029,MED009,SUP01,60
PO007961,2026-02-11,2026-02-13,2026-02-13,ST029,MED013,SUP01,48
PO007962,2026-02-11,2026-02-14,2026-02-14,ST029,MED017,SUP01,60
PO007963,2026-02-11,2026-02-16,2026-02-16,ST029,MED022,SUP02,42
PO007964,2026-02-11,2026-02-14,2026-02-14,ST030,MED009,SUP01,60
PO007965,2026-02-11,2026-02-15,2026-02-15,ST030,MED024,SUP04,72
PO007966,2026-02-11,2026-02-16,2026-02-16,ST031,MED002,SUP02,72
PO007967,2026-02-11,2026-02-14,2026-02-14,ST031,MED014,SUP02,48
PO007968,2026-02-11,2026-02-16,2026-02-16,ST031,MED019,SUP03,24
PO007969,2026-02-11,2026-02-15,2026-02-15,ST031,MED027,SUP03,72
PO007970,2026-02-11,2026-02-14,2026-02-15,ST031,MED028,SUP04,48
PO007971,2026-02-11,2026-02-15,2026-02-15,ST032,MED007,SUP03,24
PO007972,2026-02-11,2026-02-13,2026-02-13,ST032,MED019,SUP03,24
PO007973,2026-02-11,2026-02-16,2026-02-16,ST032,MED024,SUP04,72
PO007974,2026-02-11,2026-02-13,2026-02-13,ST032,MED025,SUP01,36
PO007975,2026-02-11,2026-02-13,2026-02-13,ST033,MED005,SUP01,72
PO007976,2026-02-11,2026-02-14,2026-02-14,ST033,MED010,SUP02,36
PO007977,2026-02-11,2026-02-15,2026-02-15,ST033,MED011,SUP03,66
PO007978,2026-02-11,2026-02-14,2026-02-14,ST034,MED002,SUP02,66
PO007979,2026-02-11,2026-02-14,2026-02-14,ST034,MED009,SUP01,60
PO007980,2026-02-11,2026-02-15,2026-02-16,ST034,MED017,SUP01,60
PO007981,2026-02-11,2026-02-14,2026-02-14,ST034,MED020,SUP04,48
PO007982,2026-02-11,2026-02-14,2026-02-14,ST035,MED001,SUP01,72
PO007983,2026-02-11,2026-02-15,2026-02-15,ST035,MED004,SUP04,48
PO007984,2026-02-11,2026-02-16,2026-02-19,ST035,MED014,SUP02,48
PO007985,2026-02-11,2026-02-13,2026-02-13,ST035,MED022,SUP02,42
PO007986,2026-02-11,2026-02-14,2026-02-14,ST035,MED027,SUP03,72
PO007987,2026-02-11,2026-02-16,2026-02-16,ST036,MED006,SUP02,60
PO007988,2026-02-11,2026-02-15,2026-02-15,ST036,MED007,SUP03,24
PO007989,2026-02-11,2026-02-15,2026-02-17,ST036,MED010,SUP02,24
PO007990,2026-02-11,2026-02-14,2026-02-14,ST036,MED012,SUP04,60
PO007991,2026-02-11,2026-02-13,2026-02-13,ST036,MED016,SUP04,48
PO007992,2026-02-11,2026-02-16,2026-02-16,ST036,MED025,SUP01,36
PO007993,2026-02-11,2026-02-16,2026-02-16,ST037,MED003,SUP03,24
PO007994,2026-02-11,2026-02-14,2026-02-14,ST037,MED019,SUP03,24
PO007995,2026-02-11,2026-02-16,2026-02-16,ST037,MED021,SUP01,66
PO007996,2026-02-11,2026-02-14,2026-02-14,ST037,MED028,SUP04,48
PO007997,2026-02-11,2026-02-15,2026-02-18,ST038,MED020,SUP04,48
PO007998,2026-02-11,2026-02-16,2026-02-19,ST038,MED029,SUP01,72
PO007999,2026-02-11,2026-02-15,2026-02-15,ST038,MED030,SUP02,30
PO008000,2026-02-11,2026-02-13,2026-02-13,ST039,MED011,SUP03,72
PO008001,2026-02-11,2026-02-16,2026-02-16,ST039,MED012,SUP04,72
PO008002,2026-02-11,2026-02-13,2026-02-13,ST039,MED022,SUP02,42
PO008003,2026-02-11,2026-02-13,2026-02-13,ST039,MED024,SUP04,72
PO008004,2026-02-11,2026-02-15,2026-02-15,ST039,MED027,SUP03,72
PO008005,2026-02-11,2026-02-16,2026-02-16,ST039,MED028,SUP04,48
PO008006,2026-02-11,2026-02-15,2026-02-15,ST040,MED001,SUP01,72
PO008007,2026-02-11,2026-02-14,2026-02-14,ST040,MED011,SUP03,60
PO008008,2026-02-11,2026-02-14,2026-02-14,ST040,MED012,SUP04,60
PO008009,2026-02-11,2026-02-15,2026-02-15,ST040,MED016,SUP04,48
PO008010,2026-02-11,2026-02-15,2026-02-15,ST040,MED017,SUP01,72
PO008011,2026-02-11,2026-02-13,2026-02-13,ST040,MED023,SUP03,72
PO008012,2026-02-11,2026-02-14,2026-02-14,ST040,MED025,SUP01,36
PO008013,2026-02-11,2026-02-14,2026-02-14,ST040,MED029,SUP01,72
PO008014,2026-02-11,2026-02-15,2026-02-15,ST040,MED030,SUP02,30
PO008015,2026-02-12,2026-02-16,2026-02-16,ST001,MED005,SUP01,72
PO008016,2026-02-12,2026-02-15,2026-02-15,ST001,MED008,SUP04,24
PO008017,2026-02-12,2026-02-14,2026-02-14,ST001,MED010,SUP02,24
PO008018,2026-02-12,2026-02-15,2026-02-15,ST001,MED016,SUP04,48
PO008019,2026-02-12,2026-02-14,2026-02-14,ST001,MED018,SUP02,48
PO008020,2026-02-12,2026-02-17,2026-02-17,ST002,MED007,SUP03,24
PO008021,2026-02-12,2026-02-14,2026-02-14,ST002,MED013,SUP01,48
PO008022,2026-02-12,2026-02-17,2026-02-20,ST002,MED019,SUP03,24
PO008023,2026-02-12,2026-02-15,2026-02-15,ST002,MED023,SUP03,60
PO008024,2026-02-12,2026-02-17,2026-02-17,ST002,MED027,SUP03,72
PO008025,2026-02-12,2026-02-17,2026-02-17,ST003,MED001,SUP01,72
PO008026,2026-02-12,2026-02-16,2026-02-16,ST003,MED007,SUP03,24
PO008027,2026-02-12,2026-02-14,2026-02-14,ST003,MED012,SUP04,60
PO008028,2026-02-12,2026-02-15,2026-02-15,ST003,MED014,SUP02,48
PO008029,2026-02-12,2026-02-16,2026-02-16,ST003,MED016,SUP04,48
PO008030,2026-02-12,2026-02-16,2026-02-16,ST003,MED026,SUP02,72
PO008031,2026-02-12,2026-02-14,2026-02-14,ST005,MED013,SUP01,48
PO008032,2026-02-12,2026-02-16,2026-02-16,ST005,MED018,SUP02,48
PO008033,2026-02-12,2026-02-14,2026-02-17,ST005,MED022,SUP02,48
PO008034,2026-02-12,2026-02-14,2026-02-14,ST005,MED024,SUP04,72
PO008035,2026-02-12,2026-02-17,2026-02-17,ST006,MED001,SUP01,72
PO008036,2026-02-12,2026-02-14,2026-02-14,ST006,MED002,SUP02,60
PO008037,2026-02-12,2026-02-15,2026-02-15,ST006,MED023,SUP03,72
PO008038,2026-02-12,2026-02-17,2026-02-17,ST006,MED026,SUP02,72
PO008039,2026-02-12,2026-02-17,2026-02-17,ST007,MED007,SUP03,24
PO008040,2026-02-12,2026-02-15,2026-02-15,ST007,MED015,SUP03,72
PO008041,2026-02-12,2026-02-15,2026-02-15,ST007,MED019,SUP03,24
PO008042,2026-02-12,2026-02-17,2026-02-20,ST008,MED008,SUP04,24
PO008043,2026-02-12,2026-02-16,2026-02-16,ST008,MED010,SUP02,24
PO008044,2026-02-12,2026-02-16,2026-02-16,ST008,MED014,SUP02,48
PO008045,2026-02-12,2026-02-17,2026-02-17,ST008,MED017,SUP01,72
PO008046,2026-02-12,2026-02-16,2026-02-17,ST008,MED021,SUP01,54
PO008047,2026-02-12,2026-02-16,2026-02-16,ST009,MED001,SUP01,72
PO008048,2026-02-12,2026-02-14,2026-02-17,ST009,MED007,SUP03,24
PO008049,2026-02-12,2026-02-14,2026-02-14,ST009,MED008,SUP04,24
PO008050,2026-02-12,2026-02-17,2026-02-17,ST009,MED013,SUP01,48
PO008051,2026-02-12,2026-02-16,2026-02-16,ST009,MED022,SUP02,42
PO008052,2026-02-12,2026-02-14,2026-02-14,ST009,MED025,SUP01,36
PO008053,2026-02-12,2026-02-16,2026-02-16,ST010,MED001,SUP01,72
PO008054,2026-02-12,2026-02-15,2026-02-15,ST010,MED020,SUP04,48
PO008055,2026-02-12,2026-02-14,2026-02-14,ST010,MED025,SUP01,36
PO008056,2026-02-12,2026-02-14,2026-02-17,ST011,MED018,SUP02,48
PO008057,2026-02-12,2026-02-17,2026-02-17,ST011,MED023,SUP03,72
PO008058,2026-02-12,2026-02-15,2026-02-17,ST011,MED026,SUP02,72
PO008059,2026-02-12,2026-02-17,2026-02-17,ST012,MED016,SUP04,48
PO008060,2026-02-12,2026-02-15,2026-02-15,ST012,MED030,SUP02,30
PO008061,2026-02-12,2026-02-16,2026-02-16,ST013,MED009,SUP01,60
PO008062,2026-02-12,2026-02-15,2026-02-15,ST013,MED019,SUP03,24
PO008063,2026-02-12,2026-02-14,2026-02-14,ST013,MED026,SUP02,72
PO008064,2026-02-12,2026-02-17,2026-02-17,ST013,MED029,SUP01,48
PO008065,2026-02-12,2026-02-17,2026-02-19,ST014,MED004,SUP04,48
PO008066,2026-02-12,2026-02-17,2026-02-18,ST014,MED010,SUP02,24
PO008067,2026-02-12,2026-02-16,2026-02-16,ST014,MED012,SUP04,60
PO008068,2026-02-12,2026-02-14,2026-02-14,ST014,MED015,SUP03,72
PO008069,2026-02-12,2026-02-15,2026-02-15,ST014,MED018,SUP02,48
PO008070,2026-02-12,2026-02-17,2026-02-17,ST014,MED022,SUP02,42
PO008071,2026-02-12,2026-02-17,2026-02-19,ST014,MED026,SUP02,72
PO008072,2026-02-12,2026-02-14,2026-02-14,ST014,MED028,SUP04,48
PO008073,2026-02-12,2026-02-16,2026-02-16,ST015,MED004,SUP04,48
PO008074,2026-02-12,2026-02-14,2026-02-14,ST015,MED013,SUP01,48
PO008075,2026-02-12,2026-02-15,2026-02-15,ST016,MED001,SUP01,72
PO008076,2026-02-12,2026-02-17,2026-02-17,ST016,MED009,SUP01,60
PO008077,2026-02-12,2026-02-14,2026-02-14,ST016,MED016,SUP04,48
PO008078,2026-02-12,2026-02-16,2026-02-16,ST016,MED017,SUP01,60
PO008079,2026-02-12,2026-02-16,2026-02-16,ST016,MED024,SUP04,72
PO008080,2026-02-12,2026-02-15,2026-02-15,ST016,MED025,SUP01,48
PO008081,2026-02-12,2026-02-15,2026-02-15,ST016,MED027,SUP03,72
PO008082,2026-02-12,2026-02-17,2026-02-17,ST016,MED028,SUP04,48
PO008083,2026-02-12,2026-02-15,2026-02-15,ST017,MED001,SUP01,72
PO008084,2026-02-12,2026-02-14,2026-02-14,ST017,MED024,SUP04,72
PO008085,2026-02-12,2026-02-14,2026-02-14,ST017,MED029,SUP01,72
PO008086,2026-02-12,2026-02-17,2026-02-17,ST018,MED005,SUP01,72
PO008087,2026-02-12,2026-02-16,2026-02-16,ST018,MED011,SUP03,72
PO008088,2026-02-12,2026-02-16,2026-02-17,ST018,MED012,SUP04,60
PO008089,2026-02-12,2026-02-16,2026-02-16,ST018,MED018,SUP02,48
PO008090,2026-02-12,2026-02-16,2026-02-16,ST019,MED003,SUP03,24
PO008091,2026-02-12,2026-02-16,2026-02-17,ST019,MED009,SUP01,60
PO008092,2026-02-12,2026-02-15,2026-02-15,ST019,MED015,SUP03,72
PO008093,2026-02-12,2026-02-16,2026-02-16,ST019,MED016,SUP04,48
PO008094,2026-02-12,2026-02-17,2026-02-17,ST019,MED017,SUP01,72
PO008095,2026-02-12,2026-02-17,2026-02-19,ST019,MED022,SUP02,42
PO008096,2026-02-12,2026-02-17,2026-02-17,ST019,MED024,SUP04,72
PO008097,2026-02-12,2026-02-14,2026-02-17,ST019,MED028,SUP04,48
PO008098,2026-02-12,2026-02-14,2026-02-14,ST020,MED001,SUP01,72
PO008099,2026-02-12,2026-02-16,2026-02-16,ST020,MED004,SUP04,48
PO008100,2026-02-12,2026-02-17,2026-02-17,ST020,MED011,SUP03,72
PO008101,2026-02-12,2026-02-17,2026-02-17,ST020,MED025,SUP01,48
PO008102,2026-02-12,2026-02-15,2026-02-15,ST020,MED029,SUP01,72
PO008103,2026-02-12,2026-02-16,2026-02-16,ST021,MED006,SUP02,60
PO008104,2026-02-12,2026-02-15,2026-02-15,ST021,MED010,SUP02,24
PO008105,2026-02-12,2026-02-14,2026-02-14,ST022,MED002,SUP02,60
PO008106,2026-02-12,2026-02-16,2026-02-16,ST022,MED026,SUP02,72
PO008107,2026-02-12,2026-02-14,2026-02-14,ST022,MED027,SUP03,72
PO008108,2026-02-12,2026-02-15,2026-02-15,ST022,MED029,SUP01,72
PO008109,2026-02-12,2026-02-14,2026-02-16,ST023,MED002,SUP02,66
PO008110,2026-02-12,2026-02-16,2026-02-17,ST023,MED013,SUP01,48
PO008111,2026-02-12,2026-02-16,2026-02-16,ST023,MED016,SUP04,48
PO008112,2026-02-12,2026-02-15,2026-02-15,ST024,MED004,SUP04,48
PO008113,2026-02-12,2026-02-15,2026-02-18,ST024,MED009,SUP01,72
PO008114,2026-02-12,2026-02-16,2026-02-16,ST024,MED026,SUP02,72
PO008115,2026-02-12,2026-02-15,2026-02-15,ST025,MED003,SUP03,24
PO008116,2026-02-12,2026-02-14,2026-02-14,ST025,MED005,SUP01,60
PO008117,2026-02-12,2026-02-17,2026-02-17,ST025,MED006,SUP02,60
PO008118,2026-02-12,2026-02-14,2026-02-14,ST025,MED012,SUP04,60
PO008119,2026-02-12,2026-02-14,2026-02-17,ST025,MED022,SUP02,42
PO008120,2026-02-12,2026-02-16,2026-02-16,ST026,MED002,SUP02,66
PO008121,2026-02-12,2026-02-16,2026-02-16,ST026,MED004,SUP04,48
PO008122,2026-02-12,2026-02-16,2026-02-16,ST026,MED006,SUP02,60
PO008123,2026-02-12,2026-02-15,2026-02-15,ST026,MED016,SUP04,48
PO008124,2026-02-12,2026-02-17,2026-02-19,ST026,MED017,SUP01,72
PO008125,2026-02-12,2026-02-15,2026-02-15,ST026,MED018,SUP02,48
PO008126,2026-02-12,2026-02-16,2026-02-16,ST026,MED027,SUP03,72
PO008127,2026-02-12,2026-02-16,2026-02-16,ST027,MED023,SUP03,72
PO008128,2026-02-12,2026-02-15,2026-02-15,ST027,MED024,SUP04,72
PO008129,2026-02-12,2026-02-14,2026-02-16,ST028,MED004,SUP04,48
PO008130,2026-02-12,2026-02-15,2026-02-15,ST028,MED024,SUP04,72
PO008131,2026-02-12,2026-02-17,2026-02-19,ST029,MED023,SUP03,72
PO008132,2026-02-12,2026-02-16,2026-02-16,ST029,MED024,SUP04,72
PO008133,2026-02-12,2026-02-17,2026-02-17,ST030,MED002,SUP02,60
PO008134,2026-02-12,2026-02-16,2026-02-16,ST030,MED005,SUP01,72
PO008135,2026-02-12,2026-02-15,2026-02-15,ST030,MED010,SUP02,36
PO008136,2026-02-12,2026-02-17,2026-02-19,ST030,MED012,SUP04,60
PO008137,2026-02-12,2026-02-16,2026-02-16,ST030,MED016,SUP04,48
PO008138,2026-02-12,2026-02-14,2026-02-14,ST030,MED023,SUP03,60
PO008139,2026-02-12,2026-02-14,2026-02-14,ST030,MED026,SUP02,72
PO008140,2026-02-12,2026-02-14,2026-02-14,ST030,MED030,SUP02,30
PO008141,2026-02-12,2026-02-15,2026-02-15,ST031,MED004,SUP04,48
PO008142,2026-02-12,2026-02-14,2026-02-14,ST031,MED005,SUP01,72
PO008143,2026-02-12,2026-02-17,2026-02-17,ST031,MED007,SUP03,24
PO008144,2026-02-12,2026-02-15,2026-02-15,ST031,MED009,SUP01,72
PO008145,2026-02-12,2026-02-16,2026-02-16,ST031,MED011,SUP03,66
PO008146,2026-02-12,2026-02-16,2026-02-16,ST031,MED012,SUP04,60
PO008147,2026-02-12,2026-02-14,2026-02-14,ST031,MED022,SUP02,42
PO008148,2026-02-12,2026-02-17,2026-02-17,ST031,MED023,SUP03,72
PO008149,2026-02-12,2026-02-14,2026-02-14,ST031,MED029,SUP01,48
PO008150,2026-02-12,2026-02-15,2026-02-15,ST032,MED001,SUP01,72
PO008151,2026-02-12,2026-02-15,2026-02-17,ST032,MED016,SUP04,48
PO008152,2026-02-12,2026-02-15,2026-02-15,ST032,MED021,SUP01,60
PO008153,2026-02-12,2026-02-14,2026-02-15,ST032,MED028,SUP04,48
PO008154,2026-02-12,2026-02-15,2026-02-17,ST033,MED002,SUP02,72
PO008155,2026-02-12,2026-02-15,2026-02-18,ST033,MED004,SUP04,48
PO008156,2026-02-12,2026-02-15,2026-02-15,ST033,MED009,SUP01,60
PO008157,2026-02-12,2026-02-14,2026-02-15,ST033,MED012,SUP04,60
PO008158,2026-02-12,2026-02-16,2026-02-16,ST034,MED013,SUP01,48
PO008159,2026-02-12,2026-02-14,2026-02-14,ST034,MED015,SUP03,96
PO008160,2026-02-12,2026-02-17,2026-02-17,ST034,MED022,SUP02,48
PO008161,2026-02-12,2026-02-15,2026-02-15,ST034,MED024,SUP04,72
PO008162,2026-02-12,2026-02-17,2026-02-17,ST034,MED025,SUP01,36
PO008163,2026-02-12,2026-02-16,2026-02-16,ST034,MED026,SUP02,72
PO008164,2026-02-12,2026-02-14,2026-02-14,ST034,MED027,SUP03,72
PO008165,2026-02-12,2026-02-17,2026-02-17,ST034,MED030,SUP02,30
PO008166,2026-02-12,2026-02-16,2026-02-16,ST035,MED003,SUP03,24
PO008167,2026-02-12,2026-02-17,2026-02-17,ST035,MED011,SUP03,60
PO008168,2026-02-12,2026-02-14,2026-02-14,ST035,MED020,SUP04,48
PO008169,2026-02-12,2026-02-15,2026-02-15,ST035,MED023,SUP03,72
PO008170,2026-02-12,2026-02-16,2026-02-16,ST036,MED004,SUP04,48
PO008171,2026-02-12,2026-02-17,2026-02-17,ST036,MED019,SUP03,24
PO008172,2026-02-12,2026-02-16,2026-02-16,ST036,MED021,SUP01,54
PO008173,2026-02-12,2026-02-14,2026-02-14,ST036,MED024,SUP04,72
PO008174,2026-02-12,2026-02-14,2026-02-17,ST036,MED029,SUP01,72
PO008175,2026-02-12,2026-02-14,2026-02-17,ST037,MED001,SUP01,72
PO008176,2026-02-12,2026-02-15,2026-02-15,ST037,MED006,SUP02,60
PO008177,2026-02-12,2026-02-14,2026-02-14,ST037,MED014,SUP02,48
PO008178,2026-02-12,2026-02-16,2026-02-16,ST037,MED018,SUP02,48
PO008179,2026-02-12,2026-02-16,2026-02-16,ST037,MED024,SUP04,72
PO008180,2026-02-12,2026-02-15,2026-02-17,ST038,MED006,SUP02,60
PO008181,2026-02-12,2026-02-14,2026-02-14,ST038,MED008,SUP04,24
PO008182,2026-02-12,2026-02-16,2026-02-16,ST038,MED016,SUP04,48
PO008183,2026-02-12,2026-02-14,2026-02-14,ST039,MED002,SUP02,60
PO008184,2026-02-12,2026-02-16,2026-02-19,ST039,MED006,SUP02,60
PO008185,2026-02-12,2026-02-16,2026-02-16,ST039,MED007,SUP03,24
PO008186,2026-02-12,2026-02-16,2026-02-17,ST039,MED008,SUP04,24
PO008187,2026-02-12,2026-02-14,2026-02-14,ST039,MED010,SUP02,24
PO008188,2026-02-12,2026-02-14,2026-02-14,ST039,MED026,SUP02,72
PO008189,2026-02-12,2026-02-16,2026-02-16,ST040,MED005,SUP01,72
PO008190,2026-02-13,2026-02-18,2026-02-18,ST001,MED011,SUP03,66
PO008191,2026-02-13,2026-02-17,2026-02-17,ST002,MED009,SUP01,60
PO008192,2026-02-13,2026-02-17,2026-02-17,ST002,MED017,SUP01,72
PO008193,2026-02-13,2026-02-17,2026-02-17,ST002,MED022,SUP02,42
PO008194,2026-02-13,2026-02-15,2026-02-15,ST003,MED002,SUP02,60
PO008195,2026-02-13,2026-02-15,2026-02-15,ST003,MED013,SUP01,48
PO008196,2026-02-13,2026-02-16,2026-02-16,ST003,MED015,SUP03,72
PO008197,2026-02-13,2026-02-16,2026-02-19,ST003,MED025,SUP01,36
PO008198,2026-02-13,2026-02-15,2026-02-15,ST003,MED027,SUP03,72
PO008199,2026-02-13,2026-02-18,2026-02-18,ST003,MED028,SUP04,48
PO008200,2026-02-13,2026-02-17,2026-02-17,ST004,MED001,SUP01,72
PO008201,2026-02-13,2026-02-15,2026-02-15,ST004,MED015,SUP03,72
PO008202,2026-02-13,2026-02-16,2026-02-16,ST004,MED016,SUP04,48
PO008203,2026-02-13,2026-02-18,2026-02-18,ST004,MED021,SUP01,66
PO008204,2026-02-13,2026-02-18,2026-02-18,ST004,MED022,SUP02,36
PO008205,2026-02-13,2026-02-17,2026-02-17,ST004,MED025,SUP01,48
PO008206,2026-02-13,2026-02-17,2026-02-17,ST005,MED001,SUP01,72
PO008207,2026-02-13,2026-02-15,2026-02-15,ST005,MED011,SUP03,72
PO008208,2026-02-13,2026-02-17,2026-02-19,ST005,MED015,SUP03,72
PO008209,2026-02-13,2026-02-16,2026-02-16,ST005,MED017,SUP01,72
PO008210,2026-02-13,2026-02-17,2026-02-17,ST005,MED021,SUP01,54
PO008211,2026-02-13,2026-02-15,2026-02-17,ST005,MED026,SUP02,72
PO008212,2026-02-13,2026-02-18,2026-02-18,ST005,MED030,SUP02,30
PO008213,2026-02-13,2026-02-16,2026-02-16,ST006,MED006,SUP02,72
PO008214,2026-02-13,2026-02-16,2026-02-16,ST006,MED014,SUP02,48
PO008215,2026-02-13,2026-02-18,2026-02-18,ST006,MED016,SUP04,48
PO008216,2026-02-13,2026-02-17,2026-02-17,ST007,MED013,SUP01,48
PO008217,2026-02-13,2026-02-15,2026-02-15,ST007,MED020,SUP04,48
PO008218,2026-02-13,2026-02-18,2026-02-18,ST007,MED026,SUP02,72
PO008219,2026-02-13,2026-02-15,2026-02-15,ST008,MED015,SUP03,72
PO008220,2026-02-13,2026-02-18,2026-02-18,ST008,MED024,SUP04,72
PO008221,2026-02-13,2026-02-18,2026-02-18,ST008,MED025,SUP01,36
PO008222,2026-02-13,2026-02-18,2026-02-18,ST009,MED015,SUP03,72
PO008223,2026-02-13,2026-02-15,2026-02-15,ST009,MED021,SUP01,54
PO008224,2026-02-13,2026-02-18,2026-02-18,ST009,MED024,SUP04,72
PO008225,2026-02-13,2026-02-15,2026-02-16,ST009,MED030,SUP02,30
PO008226,2026-02-13,2026-02-17,2026-02-17,ST010,MED002,SUP02,66
PO008227,2026-02-13,2026-02-17,2026-02-17,ST010,MED010,SUP02,36
PO008228,2026-02-13,2026-02-18,2026-02-18,ST010,MED012,SUP04,72
PO008229,2026-02-13,2026-02-18,2026-02-18,ST010,MED015,SUP03,72
PO008230,2026-02-13,2026-02-17,2026-02-17,ST010,MED022,SUP02,36
PO008231,2026-02-13,2026-02-18,2026-02-18,ST011,MED007,SUP03,24
PO008232,2026-02-13,2026-02-15,2026-02-15,ST011,MED009,SUP01,60
PO008233,2026-02-13,2026-02-15,2026-02-15,ST011,MED017,SUP01,72
PO008234,2026-02-13,2026-02-18,2026-02-18,ST011,MED019,SUP03,24
PO008235,2026-02-13,2026-02-15,2026-02-15,ST012,MED004,SUP04,48
PO008236,2026-02-13,2026-02-16,2026-02-19,ST012,MED011,SUP03,66
PO008237,2026-02-13,2026-02-15,2026-02-15,ST012,MED012,SUP04,60
PO008238,2026-02-13,2026-02-17,2026-02-17,ST012,MED013,SUP01,36
PO008239,2026-02-13,2026-02-18,2026-02-20,ST012,MED024,SUP04,72
PO008240,2026-02-13,2026-02-15,2026-02-16,ST012,MED027,SUP03,72
PO008241,2026-02-13,2026-02-15,2026-02-15,ST012,MED029,SUP01,72
PO008242,2026-02-13,2026-02-16,2026-02-18,ST013,MED001,SUP01,72
PO008243,2026-02-13,2026-02-18,2026-02-19,ST013,MED008,SUP04,24
PO008244,2026-02-13,2026-02-16,2026-02-16,ST013,MED016,SUP04,48
PO008245,2026-02-13,2026-02-15,2026-02-15,ST013,MED028,SUP04,48
PO008246,2026-02-13,2026-02-17,2026-02-17,ST013,MED030,SUP02,30
PO008247,2026-02-13,2026-02-17,2026-02-17,ST014,MED008,SUP04,24
PO008248,2026-02-13,2026-02-17,2026-02-17,ST014,MED019,SUP03,24
PO008249,2026-02-13,2026-02-18,2026-02-18,ST014,MED029,SUP01,72
PO008250,2026-02-13,2026-02-15,2026-02-15,ST015,MED018,SUP02,48
PO008251,2026-02-13,2026-02-18,2026-02-18,ST015,MED025,SUP01,36
PO008252,2026-02-13,2026-02-18,2026-02-18,ST016,MED002,SUP02,66
PO008253,2026-02-13,2026-02-15,2026-02-15,ST016,MED008,SUP04,24
PO008254,2026-02-13,2026-02-18,2026-02-18,ST016,MED010,SUP02,24
PO008255,2026-02-13,2026-02-16,2026-02-16,ST016,MED023,SUP03,72
PO008256,2026-02-13,2026-02-16,2026-02-16,ST017,MED010,SUP02,24
PO008257,2026-02-13,2026-02-16,2026-02-16,ST017,MED015,SUP03,96
PO008258,2026-02-13,2026-02-18,2026-02-18,ST017,MED016,SUP04,48
PO008259,2026-02-13,2026-02-18,2026-02-18,ST018,MED009,SUP01,60
PO008260,2026-02-13,2026-02-17,2026-02-17,ST018,MED013,SUP01,48
PO008261,2026-02-13,2026-02-18,2026-02-18,ST018,MED020,SUP04,48
PO008262,2026-02-13,2026-02-16,2026-02-16,ST019,MED004,SUP04,48
PO008263,2026-02-13,2026-02-16,2026-02-16,ST019,MED005,SUP01,72
PO008264,2026-02-13,2026-02-18,2026-02-18,ST019,MED007,SUP03,24
PO008265,2026-02-13,2026-02-15,2026-02-15,ST019,MED008,SUP04,24
PO008266,2026-02-13,2026-02-16,2026-02-16,ST019,MED012,SUP04,60
PO008267,2026-02-13,2026-02-16,2026-02-16,ST019,MED019,SUP03,24
PO008268,2026-02-13,2026-02-18,2026-02-18,ST019,MED025,SUP01,36
PO008269,2026-02-13,2026-02-15,2026-02-15,ST020,MED003,SUP03,24
PO008270,2026-02-13,2026-02-15,2026-02-15,ST020,MED005,SUP01,60
PO008271,2026-02-13,2026-02-18,2026-02-18,ST020,MED009,SUP01,60
PO008272,2026-02-13,2026-02-18,2026-02-18,ST020,MED023,SUP03,72
PO008273,2026-02-13,2026-02-16,2026-02-16,ST021,MED002,SUP02,66
PO008274,2026-02-13,2026-02-18,2026-02-18,ST021,MED026,SUP02,72
PO008275,2026-02-13,2026-02-18,2026-02-18,ST022,MED005,SUP01,72
PO008276,2026-02-13,2026-02-16,2026-02-16,ST022,MED009,SUP01,60
PO008277,2026-02-13,2026-02-16,2026-02-16,ST022,MED013,SUP01,48
PO008278,2026-02-13,2026-02-18,2026-02-18,ST022,MED014,SUP02,48
PO008279,2026-02-13,2026-02-15,2026-02-15,ST022,MED021,SUP01,54
PO008280,2026-02-13,2026-02-15,2026-02-15,ST022,MED024,SUP04,72
PO008281,2026-02-13,2026-02-15,2026-02-15,ST023,MED008,SUP04,24
PO008282,2026-02-13,2026-02-16,2026-02-16,ST023,MED024,SUP04,72
PO008283,2026-02-13,2026-02-17,2026-02-18,ST024,MED010,SUP02,24
PO008284,2026-02-13,2026-02-18,2026-02-18,ST025,MED015,SUP03,72
PO008285,2026-02-13,2026-02-15,2026-02-15,ST025,MED020,SUP04,48
PO008286,2026-02-13,2026-02-15,2026-02-15,ST025,MED024,SUP04,72
PO008287,2026-02-13,2026-02-18,2026-02-18,ST026,MED005,SUP01,72
PO008288,2026-02-13,2026-02-17,2026-02-17,ST026,MED025,SUP01,48
PO008289,2026-02-13,2026-02-15,2026-02-15,ST027,MED005,SUP01,72
PO008290,2026-02-13,2026-02-18,2026-02-18,ST027,MED028,SUP04,48
PO008291,2026-02-13,2026-02-17,2026-02-17,ST028,MED008,SUP04,24
PO008292,2026-02-13,2026-02-17,2026-02-17,ST028,MED013,SUP01,36
PO008293,2026-02-13,2026-02-18,2026-02-18,ST028,MED027,SUP03,72
PO008294,2026-02-13,2026-02-17,2026-02-17,ST029,MED005,SUP01,72
PO008295,2026-02-13,2026-02-18,2026-02-18,ST029,MED015,SUP03,72
PO008296,2026-02-13,2026-02-15,2026-02-15,ST029,MED027,SUP03,72
PO008297,2026-02-13,2026-02-18,2026-02-18,ST030,MED028,SUP04,48
PO008298,2026-02-13,2026-02-15,2026-02-15,ST031,MED001,SUP01,72
PO008299,2026-02-13,2026-02-15,2026-02-15,ST031,MED008,SUP04,24
PO008300,2026-02-13,2026-02-16,2026-02-16,ST032,MED003,SUP03,24
PO008301,2026-02-13,2026-02-15,2026-02-15,ST032,MED004,SUP04,48
PO008302,2026-02-13,2026-02-15,2026-02-17,ST032,MED009,SUP01,72
PO008303,2026-02-13,2026-02-18,2026-02-18,ST032,MED014,SUP02,48
PO008304,2026-02-13,2026-02-15,2026-02-15,ST032,MED023,SUP03,72
PO008305,2026-02-13,2026-02-18,2026-02-18,ST033,MED015,SUP03,72
PO008306,2026-02-13,2026-02-17,2026-02-20,ST033,MED028,SUP04,48
PO008307,2026-02-13,2026-02-17,2026-02-17,ST034,MED001,SUP01,72
PO008308,2026-02-13,2026-02-17,2026-02-17,ST034,MED007,SUP03,24
PO008309,2026-02-13,2026-02-15,2026-02-16,ST034,MED010,SUP02,36
PO008310,2026-02-13,2026-02-15,2026-02-18,ST034,MED012,SUP04,72
PO008311,2026-02-13,2026-02-17,2026-02-17,ST034,MED014,SUP02,48
PO008312,2026-02-13,2026-02-16,2026-02-17,ST034,MED016,SUP04,48
PO008313,2026-02-13,2026-02-15,2026-02-15,ST035,MED007,SUP03,24
PO008314,2026-02-13,2026-02-17,2026-02-17,ST036,MED001,SUP01,72
PO008315,2026-02-13,2026-02-15,2026-02-15,ST036,MED017,SUP01,60
PO008316,2026-02-13,2026-02-17,2026-02-17,ST036,MED023,SUP03,72
PO008317,2026-02-13,2026-02-15,2026-02-15,ST037,MED005,SUP01,72
PO008318,2026-02-13,2026-02-15,2026-02-15,ST037,MED008,SUP04,24
PO008319,2026-02-13,2026-02-15,2026-02-17,ST037,MED016,SUP04,48
PO008320,2026-02-13,2026-02-18,2026-02-18,ST037,MED020,SUP04,48
PO008321,2026-02-13,2026-02-18,2026-02-18,ST037,MED030,SUP02,30
PO008322,2026-02-13,2026-02-18,2026-02-18,ST038,MED002,SUP02,66
PO008323,2026-02-13,2026-02-15,2026-02-15,ST038,MED024,SUP04,72
PO008324,2026-02-13,2026-02-18,2026-02-18,ST038,MED026,SUP02,72
PO008325,2026-02-13,2026-02-16,2026-02-16,ST039,MED009,SUP01,60
PO008326,2026-02-13,2026-02-18,2026-02-18,ST039,MED015,SUP03,72
PO008327,2026-02-13,2026-02-16,2026-02-18,ST039,MED030,SUP02,30
PO008328,2026-02-13,2026-02-15,2026-02-17,ST040,MED002,SUP02,66
PO008329,2026-02-13,2026-02-15,2026-02-15,ST040,MED006,SUP02,60
PO008330,2026-02-13,2026-02-16,2026-02-16,ST040,MED013,SUP01,48
PO008331,2026-02-13,2026-02-16,2026-02-16,ST040,MED019,SUP03,24
PO008332,2026-02-14,2026-02-19,2026-02-19,ST001,MED003,SUP03,24
PO008333,2026-02-14,2026-02-17,2026-02-20,ST001,MED009,SUP01,60
PO008334,2026-02-14,2026-02-16,2026-02-16,ST001,MED012,SUP04,60
PO008335,2026-02-14,2026-02-16,2026-02-16,ST001,MED013,SUP01,36
PO008336,2026-02-14,2026-02-17,2026-02-17,ST001,MED014,SUP02,48
PO008337,2026-02-14,2026-02-18,2026-02-18,ST001,MED017,SUP01,72
PO008338,2026-02-14,2026-02-18,2026-02-18,ST002,MED001,SUP01,72
PO008339,2026-02-14,2026-02-17,2026-02-17,ST002,MED004,SUP04,48
PO008340,2026-02-14,2026-02-19,2026-02-19,ST002,MED006,SUP02,60
PO008341,2026-02-14,2026-02-16,2026-02-16,ST002,MED010,SUP02,36
PO008342,2026-02-14,2026-02-19,2026-02-19,ST002,MED011,SUP03,72
PO008343,2026-02-14,2026-02-16,2026-02-16,ST002,MED026,SUP02,72
PO008344,2026-02-14,2026-02-19,2026-02-19,ST003,MED010,SUP02,36
PO008345,2026-02-14,2026-02-17,2026-02-17,ST003,MED021,SUP01,54
PO008346,2026-02-14,2026-02-16,2026-02-16,ST003,MED024,SUP04,72
PO008347,2026-02-14,2026-02-16,2026-02-18,ST003,MED030,SUP02,30
PO008348,2026-02-14,2026-02-19,2026-02-19,ST004,MED005,SUP01,60
PO008349,2026-02-14,2026-02-17,2026-02-17,ST004,MED010,SUP02,24
PO008350,2026-02-14,2026-02-19,2026-02-19,ST004,MED011,SUP03,66
PO008351,2026-02-14,2026-02-18,2026-02-18,ST004,MED013,SUP01,48
PO008352,2026-02-14,2026-02-19,2026-02-19,ST004,MED019,SUP03,24
PO008353,2026-02-14,2026-02-19,2026-02-19,ST004,MED028,SUP04,48
PO008354,2026-02-14,2026-02-16,2026-02-16,ST004,MED029,SUP01,72
PO008355,2026-02-14,2026-02-18,2026-02-18,ST004,MED030,SUP02,30
PO008356,2026-02-14,2026-02-19,2026-02-19,ST005,MED002,SUP02,66
PO008357,2026-02-14,2026-02-17,2026-02-17,ST005,MED008,SUP04,24
PO008358,2026-02-14,2026-02-19,2026-02-19,ST005,MED020,SUP04,48
PO008359,2026-02-14,2026-02-17,2026-02-17,ST005,MED029,SUP01,72
PO008360,2026-02-14,2026-02-18,2026-02-18,ST006,MED007,SUP03,24
PO008361,2026-02-14,2026-02-18,2026-02-21,ST006,MED009,SUP01,72
PO008362,2026-02-14,2026-02-17,2026-02-17,ST006,MED030,SUP02,30
PO008363,2026-02-14,2026-02-16,2026-02-18,ST007,MED010,SUP02,24
PO008364,2026-02-14,2026-02-16,2026-02-16,ST007,MED016,SUP04,48
PO008365,2026-02-14,2026-02-19,2026-02-19,ST008,MED003,SUP03,24
PO008366,2026-02-14,2026-02-18,2026-02-18,ST008,MED005,SUP01,72
PO008367,2026-02-14,2026-02-16,2026-02-18,ST008,MED011,SUP03,66
PO008368,2026-02-14,2026-02-18,2026-02-18,ST008,MED019,SUP03,24
PO008369,2026-02-14,2026-02-16,2026-02-16,ST008,MED029,SUP01,72
PO008370,2026-02-14,2026-02-16,2026-02-16,ST009,MED002,SUP02,60
PO008371,2026-02-14,2026-02-19,2026-02-21,ST009,MED005,SUP01,60
PO008372,2026-02-14,2026-02-16,2026-02-16,ST009,MED009,SUP01,60
PO008373,2026-02-14,2026-02-17,2026-02-17,ST009,MED019,SUP03,24
PO008374,2026-02-14,2026-02-19,2026-02-19,ST009,MED020,SUP04,48
PO008375,2026-02-14,2026-02-19,2026-02-19,ST009,MED023,SUP03,60
PO008376,2026-02-14,2026-02-17,2026-02-17,ST010,MED006,SUP02,60
PO008377,2026-02-14,2026-02-18,2026-02-21,ST010,MED007,SUP03,24
PO008378,2026-02-14,2026-02-19,2026-02-19,ST010,MED009,SUP01,60
PO008379,2026-02-14,2026-02-16,2026-02-16,ST010,MED011,SUP03,60
PO008380,2026-02-14,2026-02-18,2026-02-18,ST010,MED013,SUP01,36
PO008381,2026-02-14,2026-02-17,2026-02-17,ST010,MED017,SUP01,72
PO008382,2026-02-14,2026-02-16,2026-02-16,ST010,MED021,SUP01,66
PO008383,2026-02-14,2026-02-19,2026-02-19,ST010,MED026,SUP02,72
PO008384,2026-02-14,2026-02-17,2026-02-17,ST010,MED029,SUP01,72
PO008385,2026-02-14,2026-02-17,2026-02-19,ST011,MED008,SUP04,24
PO008386,2026-02-14,2026-02-19,2026-02-19,ST011,MED022,SUP02,36
PO008387,2026-02-14,2026-02-18,2026-02-18,ST011,MED030,SUP02,36
PO008388,2026-02-14,2026-02-19,2026-02-19,ST012,MED001,SUP01,72
PO008389,2026-02-14,2026-02-16,2026-02-16,ST012,MED003,SUP03,24
PO008390,2026-02-14,2026-02-17,2026-02-18,ST012,MED005,SUP01,84
PO008391,2026-02-14,2026-02-19,2026-02-19,ST012,MED006,SUP02,72
PO008392,2026-02-14,2026-02-19,2026-02-19,ST012,MED007,SUP03,24
PO008393,2026-02-14,2026-02-19,2026-02-19,ST012,MED008,SUP04,24
PO008394,2026-02-14,2026-02-19,2026-02-19,ST012,MED010,SUP02,24
PO008395,2026-02-14,2026-02-18,2026-02-18,ST012,MED014,SUP02,48
PO008396,2026-02-14,2026-02-18,2026-02-18,ST012,MED017,SUP01,72
PO008397,2026-02-14,2026-02-19,2026-02-19,ST012,MED018,SUP02,48
PO008398,2026-02-14,2026-02-19,2026-02-19,ST012,MED019,SUP03,24
PO008399,2026-02-14,2026-02-16,2026-02-16,ST012,MED022,SUP02,48
PO008400,2026-02-14,2026-02-18,2026-02-18,ST013,MED004,SUP04,60
PO008401,2026-02-14,2026-02-16,2026-02-16,ST013,MED005,SUP01,72
PO008402,2026-02-14,2026-02-19,2026-02-22,ST013,MED015,SUP03,96
PO008403,2026-02-14,2026-02-17,2026-02-17,ST013,MED021,SUP01,66
PO008404,2026-02-14,2026-02-18,2026-02-19,ST013,MED022,SUP02,42
PO008405,2026-02-14,2026-02-19,2026-02-19,ST013,MED025,SUP01,48
PO008406,2026-02-14,2026-02-16,2026-02-16,ST014,MED007,SUP03,24
PO008407,2026-02-14,2026-02-18,2026-02-18,ST014,MED011,SUP03,72
PO008408,2026-02-14,2026-02-17,2026-02-17,ST014,MED024,SUP04,72
PO008409,2026-02-14,2026-02-17,2026-02-17,ST014,MED030,SUP02,30
PO008410,2026-02-14,2026-02-16,2026-02-16,ST015,MED009,SUP01,60
PO008411,2026-02-14,2026-02-19,2026-02-19,ST015,MED023,SUP03,72
PO008412,2026-02-14,2026-02-19,2026-02-19,ST015,MED029,SUP01,72
PO008413,2026-02-14,2026-02-16,2026-02-16,ST016,MED012,SUP04,60
PO008414,2026-02-14,2026-02-16,2026-02-16,ST016,MED021,SUP01,60
PO008415,2026-02-14,2026-02-18,2026-02-18,ST017,MED006,SUP02,72
PO008416,2026-02-14,2026-02-16,2026-02-16,ST017,MED012,SUP04,60
PO008417,2026-02-14,2026-02-16,2026-02-16,ST017,MED019,SUP03,24
PO008418,2026-02-14,2026-02-17,2026-02-17,ST018,MED001,SUP01,72
PO008419,2026-02-14,2026-02-16,2026-02-16,ST018,MED006,SUP02,60
PO008420,2026-02-14,2026-02-19,2026-02-19,ST018,MED016,SUP04,48
PO008421,2026-02-14,2026-02-16,2026-02-16,ST018,MED019,SUP03,24
PO008422,2026-02-14,2026-02-16,2026-02-18,ST018,MED022,SUP02,42
PO008423,2026-02-14,2026-02-16,2026-02-16,ST018,MED023,SUP03,72
PO008424,2026-02-14,2026-02-16,2026-02-16,ST018,MED027,SUP03,72
PO008425,2026-02-14,2026-02-16,2026-02-16,ST018,MED030,SUP02,30
PO008426,2026-02-14,2026-02-17,2026-02-17,ST019,MED002,SUP02,72
PO008427,2026-02-14,2026-02-16,2026-02-16,ST019,MED013,SUP01,48
PO008428,2026-02-14,2026-02-19,2026-02-19,ST019,MED014,SUP02,48
PO008429,2026-02-14,2026-02-17,2026-02-17,ST019,MED018,SUP02,48
PO008430,2026-02-14,2026-02-18,2026-02-19,ST019,MED021,SUP01,60
PO008431,2026-02-14,2026-02-16,2026-02-16,ST019,MED026,SUP02,72
PO008432,2026-02-14,2026-02-17,2026-02-17,ST020,MED008,SUP04,24
PO008433,2026-02-14,2026-02-16,2026-02-16,ST020,MED020,SUP04,48
PO008434,2026-02-14,2026-02-16,2026-02-16,ST020,MED030,SUP02,30
PO008435,2026-02-14,2026-02-16,2026-02-16,ST021,MED001,SUP01,72
PO008436,2026-02-14,2026-02-18,2026-02-18,ST021,MED004,SUP04,48
PO008437,2026-02-14,2026-02-17,2026-02-17,ST021,MED009,SUP01,60
PO008438,2026-02-14,2026-02-19,2026-02-19,ST021,MED011,SUP03,60
PO008439,2026-02-14,2026-02-19,2026-02-19,ST021,MED021,SUP01,60
PO008440,2026-02-14,2026-02-19,2026-02-19,ST021,MED022,SUP02,42
PO008441,2026-02-14,2026-02-18,2026-02-18,ST021,MED023,SUP03,60
PO008442,2026-02-14,2026-02-16,2026-02-18,ST022,MED012,SUP04,60
PO008443,2026-02-14,2026-02-19,2026-02-22,ST022,MED017,SUP01,72
PO008444,2026-02-14,2026-02-18,2026-02-21,ST023,MED003,SUP03,24
PO008445,2026-02-14,2026-02-16,2026-02-16,ST023,MED006,SUP02,60
PO008446,2026-02-14,2026-02-17,2026-02-17,ST023,MED010,SUP02,24
PO008447,2026-02-14,2026-02-19,2026-02-20,ST023,MED017,SUP01,72
PO008448,2026-02-14,2026-02-16,2026-02-16,ST023,MED019,SUP03,24
PO008449,2026-02-14,2026-02-19,2026-02-19,ST023,MED021,SUP01,54
PO008450,2026-02-14,2026-02-16,2026-02-16,ST024,MED005,SUP01,72
PO008451,2026-02-14,2026-02-16,2026-02-16,ST024,MED012,SUP04,60
PO008452,2026-02-14,2026-02-18,2026-02-18,ST024,MED013,SUP01,48
PO008453,2026-02-14,2026-02-17,2026-02-17,ST024,MED014,SUP02,48
PO008454,2026-02-14,2026-02-19,2026-02-19,ST024,MED015,SUP03,72
PO008455,2026-02-14,2026-02-19,2026-02-19,ST024,MED028,SUP04,48
PO008456,2026-02-14,2026-02-18,2026-02-18,ST024,MED029,SUP01,72
PO008457,2026-02-14,2026-02-19,2026-02-19,ST025,MED002,SUP02,60
PO008458,2026-02-14,2026-02-19,2026-02-19,ST025,MED013,SUP01,48
PO008459,2026-02-14,2026-02-19,2026-02-19,ST025,MED016,SUP04,48
PO008460,2026-02-14,2026-02-16,2026-02-16,ST025,MED018,SUP02,48
PO008461,2026-02-14,2026-02-17,2026-02-17,ST025,MED026,SUP02,72
PO008462,2026-02-14,2026-02-19,2026-02-19,ST025,MED027,SUP03,72
PO008463,2026-02-14,2026-02-18,2026-02-18,ST025,MED028,SUP04,48
PO008464,2026-02-14,2026-02-17,2026-02-17,ST025,MED029,SUP01,72
PO008465,2026-02-14,2026-02-18,2026-02-18,ST026,MED007,SUP03,24
PO008466,2026-02-14,2026-02-16,2026-02-16,ST026,MED011,SUP03,66
PO008467,2026-02-14,2026-02-17,2026-02-17,ST026,MED022,SUP02,42
PO008468,2026-02-14,2026-02-17,2026-02-17,ST026,MED023,SUP03,60
PO008469,2026-02-14,2026-02-19,2026-02-21,ST026,MED029,SUP01,72
PO008470,2026-02-14,2026-02-19,2026-02-19,ST027,MED001,SUP01,72
PO008471,2026-02-14,2026-02-16,2026-02-16,ST027,MED003,SUP03,24
PO008472,2026-02-14,2026-02-17,2026-02-17,ST027,MED004,SUP04,48
PO008473,2026-02-14,2026-02-17,2026-02-17,ST027,MED011,SUP03,72
PO008474,2026-02-14,2026-02-19,2026-02-19,ST027,MED018,SUP02,48
PO008475,2026-02-14,2026-02-18,2026-02-18,ST027,MED019,SUP03,24
PO008476,2026-02-14,2026-02-16,2026-02-16,ST027,MED020,SUP04,48
PO008477,2026-02-14,2026-02-16,2026-02-16,ST027,MED021,SUP01,54
PO008478,2026-02-14,2026-02-18,2026-02-18,ST027,MED026,SUP02,72
PO008479,2026-02-14,2026-02-16,2026-02-16,ST027,MED030,SUP02,30
PO008480,2026-02-14,2026-02-16,2026-02-17,ST028,MED012,SUP04,60
PO008481,2026-02-14,2026-02-16,2026-02-19,ST028,MED017,SUP01,72
PO008482,2026-02-14,2026-02-17,2026-02-17,ST028,MED020,SUP04,48
PO008483,2026-02-14,2026-02-18,2026-02-18,ST028,MED022,SUP02,42
PO008484,2026-02-14,2026-02-19,2026-02-19,ST029,MED007,SUP03,24
PO008485,2026-02-14,2026-02-18,2026-02-18,ST029,MED020,SUP04,48
PO008486,2026-02-14,2026-02-16,2026-02-17,ST029,MED021,SUP01,54
PO008487,2026-02-14,2026-02-16,2026-02-16,ST030,MED001,SUP01,72
PO008488,2026-02-14,2026-02-16,2026-02-16,ST030,MED020,SUP04,48
PO008489,2026-02-14,2026-02-19,2026-02-19,ST030,MED025,SUP01,36
PO008490,2026-02-14,2026-02-16,2026-02-16,ST030,MED027,SUP03,72
PO008491,2026-02-14,2026-02-18,2026-02-18,ST031,MED010,SUP02,24
PO008492,2026-02-14,2026-02-17,2026-02-17,ST031,MED016,SUP04,48
PO008493,2026-02-14,2026-02-18,2026-02-18,ST031,MED017,SUP01,60
PO008494,2026-02-14,2026-02-19,2026-02-19,ST031,MED021,SUP01,60
PO008495,2026-02-14,2026-02-17,2026-02-17,ST032,MED011,SUP03,66
PO008496,2026-02-14,2026-02-17,2026-02-17,ST032,MED015,SUP03,72
PO008497,2026-02-14,2026-02-19,2026-02-19,ST032,MED018,SUP02,48
PO008498,2026-02-14,2026-02-18,2026-02-18,ST032,MED020,SUP04,48
PO008499,2026-02-14,2026-02-19,2026-02-22,ST033,MED006,SUP02,60
PO008500,2026-02-14,2026-02-19,2026-02-19,ST033,MED014,SUP02,48
PO008501,2026-02-14,2026-02-18,2026-02-21,ST033,MED016,SUP04,48
PO008502,2026-02-14,2026-02-18,2026-02-18,ST033,MED020,SUP04,48
PO008503,2026-02-14,2026-02-18,2026-02-18,ST033,MED021,SUP01,60
PO008504,2026-02-14,2026-02-16,2026-02-16,ST033,MED025,SUP01,36
PO008505,2026-02-14,2026-02-16,2026-02-16,ST034,MED006,SUP02,60
PO008506,2026-02-14,2026-02-16,2026-02-16,ST034,MED019,SUP03,24
PO008507,2026-02-14,2026-02-16,2026-02-16,ST034,MED021,SUP01,60
PO008508,2026-02-14,2026-02-18,2026-02-18,ST034,MED023,SUP03,72
PO008509,2026-02-14,2026-02-19,2026-02-19,ST034,MED028,SUP04,48
PO008510,2026-02-14,2026-02-17,2026-02-17,ST034,MED029,SUP01,48
PO008511,2026-02-14,2026-02-17,2026-02-17,ST035,MED002,SUP02,66
PO008512,2026-02-14,2026-02-17,2026-02-17,ST035,MED006,SUP02,60
PO008513,2026-02-14,2026-02-18,2026-02-18,ST035,MED008,SUP04,24
PO008514,2026-02-14,2026-02-19,2026-02-19,ST035,MED021,SUP01,54
PO008515,2026-02-14,2026-02-17,2026-02-17,ST035,MED025,SUP01,36
PO008516,2026-02-14,2026-02-19,2026-02-19,ST035,MED028,SUP04,48
PO008517,2026-02-14,2026-02-17,2026-02-17,ST036,MED005,SUP01,72
PO008518,2026-02-14,2026-02-17,2026-02-17,ST036,MED014,SUP02,48
PO008519,2026-02-14,2026-02-17,2026-02-17,ST036,MED027,SUP03,72
PO008520,2026-02-14,2026-02-18,2026-02-19,ST036,MED028,SUP04,48
PO008521,2026-02-14,2026-02-16,2026-02-16,ST036,MED030,SUP02,36
PO008522,2026-02-14,2026-02-17,2026-02-17,ST037,MED004,SUP04,48
PO008523,2026-02-14,2026-02-16,2026-02-16,ST037,MED009,SUP01,60
PO008524,2026-02-14,2026-02-16,2026-02-16,ST037,MED010,SUP02,24
PO008525,2026-02-14,2026-02-18,2026-02-18,ST037,MED026,SUP02,72
PO008526,2026-02-14,2026-02-17,2026-02-17,ST038,MED005,SUP01,72
PO008527,2026-02-14,2026-02-18,2026-02-18,ST038,MED007,SUP03,24
PO008528,2026-02-14,2026-02-19,2026-02-19,ST038,MED011,SUP03,66
PO008529,2026-02-14,2026-02-16,2026-02-16,ST038,MED013,SUP01,48
PO008530,2026-02-14,2026-02-19,2026-02-19,ST038,MED014,SUP02,48
PO008531,2026-02-14,2026-02-19,2026-02-19,ST038,MED021,SUP01,54
PO008532,2026-02-14,2026-02-19,2026-02-19,ST038,MED023,SUP03,72
PO008533,2026-02-14,2026-02-19,2026-02-19,ST039,MED005,SUP01,60
PO008534,2026-02-14,2026-02-18,2026-02-18,ST039,MED013,SUP01,36
PO008535,2026-02-14,2026-02-19,2026-02-19,ST039,MED017,SUP01,60
PO008536,2026-02-14,2026-02-17,2026-02-17,ST039,MED018,SUP02,48
PO008537,2026-02-14,2026-02-19,2026-02-21,ST039,MED029,SUP01,72
PO008538,2026-02-14,2026-02-17,2026-02-18,ST040,MED004,SUP04,48
PO008539,2026-02-14,2026-02-19,2026-02-19,ST040,MED021,SUP01,54
PO008540,2026-02-14,2026-02-17,2026-02-17,ST040,MED022,SUP02,48
PO008541,2026-02-14,2026-02-19,2026-02-19,ST040,MED027,SUP03,72
PO008542,2026-02-14,2026-02-18,2026-02-18,ST040,MED028,SUP04,48
PO008543,2026-02-15,2026-02-20,2026-02-20,ST001,MED015,SUP03,72
PO008544,2026-02-15,2026-02-19,2026-02-19,ST001,MED019,SUP03,24
PO008545,2026-02-15,2026-02-17,2026-02-19,ST001,MED021,SUP01,54
PO008546,2026-02-15,2026-02-19,2026-02-19,ST001,MED024,SUP04,72
PO008547,2026-02-15,2026-02-18,2026-02-18,ST001,MED025,SUP01,36
PO008548,2026-02-15,2026-02-18,2026-02-18,ST001,MED028,SUP04,48
PO008549,2026-02-15,2026-02-18,2026-02-18,ST001,MED030,SUP02,30
PO008550,2026-02-15,2026-02-17,2026-02-19,ST002,MED005,SUP01,72
PO008551,2026-02-15,2026-02-19,2026-02-19,ST002,MED015,SUP03,72
PO008552,2026-02-15,2026-02-17,2026-02-17,ST002,MED024,SUP04,72
PO008553,2026-02-15,2026-02-20,2026-02-22,ST002,MED028,SUP04,48
PO008554,2026-02-15,2026-02-18,2026-02-18,ST003,MED003,SUP03,24
PO008555,2026-02-15,2026-02-20,2026-02-20,ST003,MED006,SUP02,60
PO008556,2026-02-15,2026-02-18,2026-02-18,ST003,MED017,SUP01,72
PO008557,2026-02-15,2026-02-17,2026-02-17,ST003,MED019,SUP03,24
PO008558,2026-02-15,2026-02-18,2026-02-18,ST003,MED022,SUP02,42
PO008559,2026-02-15,2026-02-20,2026-02-20,ST004,MED002,SUP02,72
PO008560,2026-02-15,2026-02-17,2026-02-17,ST004,MED008,SUP04,24
PO008561,2026-02-15,2026-02-19,2026-02-19,ST004,MED009,SUP01,60
PO008562,2026-02-15,2026-02-17,2026-02-17,ST004,MED017,SUP01,72
PO008563,2026-02-15,2026-02-19,2026-02-20,ST004,MED023,SUP03,72
PO008564,2026-02-15,2026-02-19,2026-02-19,ST004,MED024,SUP04,84
PO008565,2026-02-15,2026-02-17,2026-02-17,ST004,MED027,SUP03,72
PO008566,2026-02-15,2026-02-18,2026-02-18,ST005,MED003,SUP03,24
PO008567,2026-02-15,2026-02-20,2026-02-20,ST005,MED006,SUP02,60
PO008568,2026-02-15,2026-02-17,2026-02-17,ST005,MED007,SUP03,24
PO008569,2026-02-15,2026-02-18,2026-02-18,ST005,MED009,SUP01,60
PO008570,2026-02-15,2026-02-20,2026-02-21,ST005,MED010,SUP02,24
PO008571,2026-02-15,2026-02-19,2026-02-20,ST006,MED003,SUP03,24
PO008572,2026-02-15,2026-02-19,2026-02-19,ST006,MED008,SUP04,24
PO008573,2026-02-15,2026-02-17,2026-02-17,ST006,MED018,SUP02,48
PO008574,2026-02-15,2026-02-18,2026-02-18,ST006,MED021,SUP01,66
PO008575,2026-02-15,2026-02-19,2026-02-19,ST006,MED027,SUP03,84
PO008576,2026-02-15,2026-02-18,2026-02-18,ST006,MED028,SUP04,48
PO008577,2026-02-15,2026-02-19,2026-02-19,ST007,MED005,SUP01,60
PO008578,2026-02-15,2026-02-17,2026-02-17,ST007,MED009,SUP01,60
PO008579,2026-02-15,2026-02-18,2026-02-18,ST007,MED017,SUP01,72
PO008580,2026-02-15,2026-02-18,2026-02-21,ST007,MED021,SUP01,60
PO008581,2026-02-15,2026-02-18,2026-02-18,ST007,MED025,SUP01,36
PO008582,2026-02-15,2026-02-18,2026-02-19,ST008,MED004,SUP04,48
PO008583,2026-02-15,2026-02-18,2026-02-18,ST008,MED012,SUP04,60
PO008584,2026-02-15,2026-02-17,2026-02-17,ST008,MED022,SUP02,36
PO008585,2026-02-15,2026-02-17,2026-02-17,ST008,MED027,SUP03,72
PO008586,2026-02-15,2026-02-20,2026-02-20,ST008,MED030,SUP02,30
PO008587,2026-02-15,2026-02-19,2026-02-19,ST009,MED006,SUP02,60
PO008588,2026-02-15,2026-02-20,2026-02-20,ST009,MED012,SUP04,60
PO008589,2026-02-15,2026-02-18,2026-02-18,ST009,MED014,SUP02,48
PO008590,2026-02-15,2026-02-19,2026-02-19,ST009,MED027,SUP03,72
PO008591,2026-02-15,2026-02-17,2026-02-19,ST009,MED028,SUP04,48
PO008592,2026-02-15,2026-02-19,2026-02-19,ST010,MED005,SUP01,72
PO008593,2026-02-15,2026-02-17,2026-02-17,ST010,MED023,SUP03,60
PO008594,2026-02-15,2026-02-20,2026-02-20,ST010,MED024,SUP04,72
PO008595,2026-02-15,2026-02-18,2026-02-18,ST010,MED027,SUP03,72
PO008596,2026-02-15,2026-02-17,2026-02-19,ST010,MED028,SUP04,48
PO008597,2026-02-15,2026-02-20,2026-02-20,ST010,MED030,SUP02,30
PO008598,2026-02-15,2026-02-17,2026-02-17,ST011,MED003,SUP03,24
PO008599,2026-02-15,2026-02-20,2026-02-20,ST011,MED005,SUP01,72
PO008600,2026-02-15,2026-02-20,2026-02-20,ST011,MED011,SUP03,72
PO008601,2026-02-15,2026-02-17,2026-02-17,ST011,MED013,SUP01,48
PO008602,2026-02-15,2026-02-17,2026-02-17,ST011,MED014,SUP02,48
PO008603,2026-02-15,2026-02-20,2026-02-20,ST011,MED016,SUP04,48
PO008604,2026-02-15,2026-02-17,2026-02-17,ST011,MED021,SUP01,60
PO008605,2026-02-15,2026-02-17,2026-02-17,ST011,MED025,SUP01,36
PO008606,2026-02-15,2026-02-20,2026-02-20,ST011,MED027,SUP03,72
PO008607,2026-02-15,2026-02-18,2026-02-18,ST012,MED020,SUP04,48
PO008608,2026-02-15,2026-02-20,2026-02-22,ST012,MED021,SUP01,60
PO008609,2026-02-15,2026-02-18,2026-02-18,ST012,MED023,SUP03,72
PO008610,2026-02-15,2026-02-20,2026-02-20,ST012,MED025,SUP01,36
PO008611,2026-02-15,2026-02-20,2026-02-21,ST012,MED026,SUP02,72
PO008612,2026-02-15,2026-02-19,2026-02-19,ST013,MED007,SUP03,24
PO008613,2026-02-15,2026-02-18,2026-02-20,ST013,MED010,SUP02,36
PO008614,2026-02-15,2026-02-17,2026-02-17,ST013,MED012,SUP04,72
PO008615,2026-02-15,2026-02-18,2026-02-18,ST013,MED014,SUP02,48
PO008616,2026-02-15,2026-02-20,2026-02-20,ST013,MED018,SUP02,48
PO008617,2026-02-15,2026-02-18,2026-02-18,ST013,MED024,SUP04,72
PO008618,2026-02-15,2026-02-18,2026-02-18,ST014,MED023,SUP03,72
PO008619,2026-02-15,2026-02-19,2026-02-19,ST015,MED011,SUP03,66
PO008620,2026-02-15,2026-02-18,2026-02-18,ST015,MED024,SUP04,72
PO008621,2026-02-15,2026-02-19,2026-02-19,ST015,MED027,SUP03,72
PO008622,2026-02-15,2026-02-20,2026-02-20,ST016,MED011,SUP03,66
PO008623,2026-02-15,2026-02-18,2026-02-18,ST016,MED015,SUP03,72
PO008624,2026-02-15,2026-02-17,2026-02-17,ST016,MED026,SUP02,72
PO008625,2026-02-15,2026-02-18,2026-02-18,ST016,MED029,SUP01,72
PO008626,2026-02-15,2026-02-18,2026-02-18,ST017,MED003,SUP03,24
PO008627,2026-02-15,2026-02-17,2026-02-17,ST017,MED014,SUP02,48
PO008628,2026-02-15,2026-02-17,2026-02-17,ST017,MED017,SUP01,72
PO008629,2026-02-15,2026-02-17,2026-02-17,ST017,MED025,SUP01,48
PO008630,2026-02-15,2026-02-20,2026-02-23,ST017,MED028,SUP04,48
PO008631,2026-02-15,2026-02-19,2026-02-19,ST018,MED004,SUP04,48
PO008632,2026-02-15,2026-02-20,2026-02-20,ST018,MED010,SUP02,24
PO008633,2026-02-15,2026-02-17,2026-02-17,ST018,MED014,SUP02,48
PO008634,2026-02-15,2026-02-20,2026-02-21,ST018,MED015,SUP03,72
PO008635,2026-02-15,2026-02-18,2026-02-19,ST018,MED021,SUP01,66
PO008636,2026-02-15,2026-02-18,2026-02-18,ST018,MED024,SUP04,72
PO008637,2026-02-15,2026-02-19,2026-02-19,ST018,MED026,SUP02,72
PO008638,2026-02-15,2026-02-17,2026-02-17,ST018,MED028,SUP04,48
PO008639,2026-02-15,2026-02-19,2026-02-19,ST018,MED029,SUP01,72
PO008640,2026-02-15,2026-02-17,2026-02-18,ST019,MED011,SUP03,66
PO008641,2026-02-15,2026-02-17,2026-02-18,ST019,MED023,SUP03,72
PO008642,2026-02-15,2026-02-19,2026-02-19,ST019,MED029,SUP01,72
PO008643,2026-02-15,2026-02-19,2026-02-19,ST020,MED006,SUP02,72
PO008644,2026-02-15,2026-02-18,2026-02-18,ST020,MED014,SUP02,48
PO008645,2026-02-15,2026-02-18,2026-02-18,ST020,MED022,SUP02,48
PO008646,2026-02-15,2026-02-20,2026-02-20,ST020,MED026,SUP02,72
PO008647,2026-02-15,2026-02-19,2026-02-19,ST020,MED027,SUP03,72
PO008648,2026-02-15,2026-02-17,2026-02-17,ST021,MED015,SUP03,72
PO008649,2026-02-15,2026-02-17,2026-02-17,ST021,MED030,SUP02,30
PO008650,2026-02-15,2026-02-17,2026-02-17,ST022,MED006,SUP02,60
PO008651,2026-02-15,2026-02-20,2026-02-20,ST022,MED011,SUP03,60
PO008652,2026-02-15,2026-02-18,2026-02-18,ST022,MED015,SUP03,72
PO008653,2026-02-15,2026-02-17,2026-02-17,ST022,MED022,SUP02,42
PO008654,2026-02-15,2026-02-18,2026-02-18,ST023,MED001,SUP01,72
PO008655,2026-02-15,2026-02-19,2026-02-19,ST023,MED004,SUP04,48
PO008656,2026-02-15,2026-02-19,2026-02-19,ST023,MED005,SUP01,72
PO008657,2026-02-15,2026-02-19,2026-02-19,ST023,MED022,SUP02,48
PO008658,2026-02-15,2026-02-18,2026-02-19,ST023,MED027,SUP03,72
PO008659,2026-02-15,2026-02-20,2026-02-20,ST023,MED029,SUP01,48
PO008660,2026-02-15,2026-02-17,2026-02-17,ST024,MED006,SUP02,72
PO008661,2026-02-15,2026-02-19,2026-02-19,ST024,MED011,SUP03,66
PO008662,2026-02-15,2026-02-19,2026-02-19,ST024,MED016,SUP04,48
PO008663,2026-02-15,2026-02-18,2026-02-20,ST024,MED020,SUP04,48
PO008664,2026-02-15,2026-02-18,2026-02-18,ST024,MED022,SUP02,42
PO008665,2026-02-15,2026-02-17,2026-02-17,ST024,MED024,SUP04,72
PO008666,2026-02-15,2026-02-18,2026-02-18,ST024,MED027,SUP03,72
PO008667,2026-02-15,2026-02-18,2026-02-18,ST024,MED030,SUP02,30
PO008668,2026-02-15,2026-02-17,2026-02-17,ST025,MED019,SUP03,24
PO008669,2026-02-15,2026-02-20,2026-02-20,ST025,MED025,SUP01,36
PO008670,2026-02-15,2026-02-20,2026-02-20,ST025,MED030,SUP02,30
PO008671,2026-02-15,2026-02-20,2026-02-22,ST026,MED003,SUP03,24
PO008672,2026-02-15,2026-02-20,2026-02-20,ST026,MED009,SUP01,60
PO008673,2026-02-15,2026-02-19,2026-02-19,ST026,MED013,SUP01,48
PO008674,2026-02-15,2026-02-17,2026-02-17,ST026,MED021,SUP01,60
PO008675,2026-02-15,2026-02-20,2026-02-20,ST026,MED024,SUP04,72
PO008676,2026-02-15,2026-02-19,2026-02-19,ST027,MED002,SUP02,60
PO008677,2026-02-15,2026-02-20,2026-02-21,ST027,MED015,SUP03,72
PO008678,2026-02-15,2026-02-19,2026-02-19,ST027,MED017,SUP01,72
PO008679,2026-02-15,2026-02-17,2026-02-17,ST027,MED022,SUP02,48
PO008680,2026-02-15,2026-02-17,2026-02-17,ST027,MED027,SUP03,84
PO008681,2026-02-15,2026-02-18,2026-02-21,ST027,MED029,SUP01,72
PO008682,2026-02-15,2026-02-19,2026-02-19,ST028,MED005,SUP01,60
PO008683,2026-02-15,2026-02-17,2026-02-17,ST028,MED006,SUP02,60
PO008684,2026-02-15,2026-02-18,2026-02-18,ST028,MED007,SUP03,24
PO008685,2026-02-15,2026-02-18,2026-02-18,ST028,MED014,SUP02,48
PO008686,2026-02-15,2026-02-20,2026-02-20,ST028,MED019,SUP03,24
PO008687,2026-02-15,2026-02-18,2026-02-18,ST028,MED021,SUP01,54
PO008688,2026-02-15,2026-02-20,2026-02-20,ST028,MED026,SUP02,72
PO008689,2026-02-15,2026-02-20,2026-02-20,ST029,MED002,SUP02,72
PO008690,2026-02-15,2026-02-17,2026-02-17,ST029,MED003,SUP03,24
PO008691,2026-02-15,2026-02-19,2026-02-19,ST029,MED004,SUP04,48
PO008692,2026-02-15,2026-02-17,2026-02-20,ST029,MED025,SUP01,36
PO008693,2026-02-15,2026-02-18,2026-02-18,ST029,MED026,SUP02,72
PO008694,2026-02-15,2026-02-17,2026-02-19,ST030,MED011,SUP03,72
PO008695,2026-02-15,2026-02-19,2026-02-19,ST030,MED013,SUP01,48
PO008696,2026-02-15,2026-02-20,2026-02-20,ST030,MED015,SUP03,72
PO008697,2026-02-15,2026-02-18,2026-02-18,ST030,MED017,SUP01,72
PO008698,2026-02-15,2026-02-19,2026-02-19,ST030,MED021,SUP01,60
PO008699,2026-02-15,2026-02-19,2026-02-19,ST030,MED022,SUP02,42
PO008700,2026-02-15,2026-02-18,2026-02-18,ST031,MED020,SUP04,48
PO008701,2026-02-15,2026-02-20,2026-02-20,ST031,MED024,SUP04,72
PO008702,2026-02-15,2026-02-18,2026-02-18,ST031,MED026,SUP02,96
PO008703,2026-02-15,2026-02-19,2026-02-21,ST032,MED002,SUP02,66
PO008704,2026-02-15,2026-02-17,2026-02-19,ST032,MED006,SUP02,72
PO008705,2026-02-15,2026-02-19,2026-02-19,ST032,MED010,SUP02,36
PO008706,2026-02-15,2026-02-17,2026-02-17,ST032,MED012,SUP04,60
PO008707,2026-02-15,2026-02-20,2026-02-20,ST032,MED017,SUP01,72
PO008708,2026-02-15,2026-02-18,2026-02-18,ST032,MED025,SUP01,36
PO008709,2026-02-15,2026-02-19,2026-02-19,ST032,MED026,SUP02,72
PO008710,2026-02-15,2026-02-17,2026-02-17,ST033,MED001,SUP01,72
PO008711,2026-02-15,2026-02-18,2026-02-18,ST033,MED003,SUP03,24
PO008712,2026-02-15,2026-02-17,2026-02-17,ST033,MED017,SUP01,72
PO008713,2026-02-15,2026-02-18,2026-02-18,ST033,MED022,SUP02,48
PO008714,2026-02-15,2026-02-20,2026-02-20,ST033,MED024,SUP04,72
PO008715,2026-02-15,2026-02-20,2026-02-20,ST033,MED026,SUP02,72
PO008716,2026-02-15,2026-02-18,2026-02-18,ST033,MED027,SUP03,72
PO008717,2026-02-15,2026-02-17,2026-02-20,ST033,MED030,SUP02,30
PO008718,2026-02-15,2026-02-17,2026-02-17,ST034,MED002,SUP02,60
PO008719,2026-02-15,2026-02-20,2026-02-20,ST034,MED003,SUP03,24
PO008720,2026-02-15,2026-02-18,2026-02-18,ST034,MED004,SUP04,48
PO008721,2026-02-15,2026-02-17,2026-02-17,ST034,MED009,SUP01,60
PO008722,2026-02-15,2026-02-18,2026-02-18,ST034,MED011,SUP03,60
PO008723,2026-02-15,2026-02-18,2026-02-18,ST035,MED005,SUP01,60
PO008724,2026-02-15,2026-02-19,2026-02-19,ST035,MED010,SUP02,24
PO008725,2026-02-15,2026-02-17,2026-02-17,ST035,MED024,SUP04,72
PO008726,2026-02-15,2026-02-19,2026-02-19,ST035,MED026,SUP02,72
PO008727,2026-02-15,2026-02-18,2026-02-18,ST036,MED002,SUP02,66
PO008728,2026-02-15,2026-02-18,2026-02-19,ST036,MED011,SUP03,66
PO008729,2026-02-15,2026-02-18,2026-02-18,ST036,MED022,SUP02,42
PO008730,2026-02-15,2026-02-19,2026-02-19,ST037,MED002,SUP02,60
PO008731,2026-02-15,2026-02-18,2026-02-18,ST037,MED007,SUP03,24
PO008732,2026-02-15,2026-02-17,2026-02-17,ST037,MED011,SUP03,60
PO008733,2026-02-15,2026-02-18,2026-02-18,ST037,MED012,SUP04,60
PO008734,2026-02-15,2026-02-20,2026-02-20,ST037,MED013,SUP01,48
PO008735,2026-02-15,2026-02-18,2026-02-18,ST037,MED027,SUP03,72
PO008736,2026-02-15,2026-02-17,2026-02-17,ST038,MED003,SUP03,24
PO008737,2026-02-15,2026-02-19,2026-02-19,ST038,MED027,SUP03,84
PO008738,2026-02-15,2026-02-18,2026-02-18,ST038,MED028,SUP04,48
PO008739,2026-02-15,2026-02-18,2026-02-18,ST039,MED001,SUP01,72
PO008740,2026-02-15,2026-02-17,2026-02-17,ST039,MED010,SUP02,24
PO008741,2026-02-15,2026-02-20,2026-02-20,ST039,MED014,SUP02,48
PO008742,2026-02-15,2026-02-19,2026-02-21,ST039,MED016,SUP04,48
PO008743,2026-02-15,2026-02-18,2026-02-18,ST039,MED025,SUP01,36
PO008744,2026-02-15,2026-02-17,2026-02-17,ST040,MED009,SUP01,60
PO008745,2026-02-15,2026-02-17,2026-02-17,ST040,MED012,SUP04,60
PO008746,2026-02-15,2026-02-19,2026-02-20,ST040,MED025,SUP01,36
PO008747,2026-02-15,2026-02-18,2026-02-20,ST040,MED026,SUP02,72
PO008748,2026-02-16,2026-02-20,2026-02-20,ST001,MED022,SUP02,48
PO008749,2026-02-16,2026-02-19,2026-02-19,ST001,MED029,SUP01,72
PO008750,2026-02-16,2026-02-20,2026-02-20,ST002,MED025,SUP01,48
PO008751,2026-02-16,2026-02-20,2026-02-20,ST002,MED030,SUP02,30
PO008752,2026-02-16,2026-02-18,2026-02-18,ST003,MED005,SUP01,72
PO008753,2026-02-16,2026-02-21,2026-02-21,ST003,MED009,SUP01,60
PO008754,2026-02-16,2026-02-20,2026-02-21,ST003,MED023,SUP03,60
PO008755,2026-02-16,2026-02-20,2026-02-20,ST004,MED004,SUP04,48
PO008756,2026-02-16,2026-02-18,2026-02-21,ST004,MED018,SUP02,48
PO008757,2026-02-16,2026-02-18,2026-02-18,ST005,MED005,SUP01,72
PO008758,2026-02-16,2026-02-18,2026-02-18,ST005,MED012,SUP04,72
PO008759,2026-02-16,2026-02-21,2026-02-21,ST005,MED016,SUP04,48
PO008760,2026-02-16,2026-02-18,2026-02-20,ST005,MED023,SUP03,72
PO008761,2026-02-16,2026-02-21,2026-02-21,ST005,MED027,SUP03,72
PO008762,2026-02-16,2026-02-18,2026-02-18,ST006,MED002,SUP02,60
PO008763,2026-02-16,2026-02-19,2026-02-19,ST006,MED011,SUP03,66
PO008764,2026-02-16,2026-02-21,2026-02-21,ST006,MED013,SUP01,36
PO008765,2026-02-16,2026-02-21,2026-02-21,ST006,MED017,SUP01,60
PO008766,2026-02-16,2026-02-20,2026-02-20,ST006,MED020,SUP04,48
PO008767,2026-02-16,2026-02-20,2026-02-20,ST006,MED023,SUP03,72
PO008768,2026-02-16,2026-02-18,2026-02-18,ST006,MED024,SUP04,72
PO008769,2026-02-16,2026-02-18,2026-02-18,ST006,MED025,SUP01,48
PO008770,2026-02-16,2026-02-21,2026-02-21,ST007,MED004,SUP04,48
PO008771,2026-02-16,2026-02-21,2026-02-21,ST007,MED011,SUP03,60
PO008772,2026-02-16,2026-02-20,2026-02-20,ST007,MED012,SUP04,60
PO008773,2026-02-16,2026-02-21,2026-02-21,ST008,MED001,SUP01,72
PO008774,2026-02-16,2026-02-18,2026-02-18,ST008,MED002,SUP02,66
PO008775,2026-02-16,2026-02-18,2026-02-21,ST009,MED004,SUP04,48
PO008776,2026-02-16,2026-02-18,2026-02-18,ST009,MED010,SUP02,24
PO008777,2026-02-16,2026-02-20,2026-02-20,ST009,MED011,SUP03,60
PO008778,2026-02-16,2026-02-21,2026-02-22,ST009,MED017,SUP01,60
PO008779,2026-02-16,2026-02-21,2026-02-21,ST010,MED003,SUP03,24
PO008780,2026-02-16,2026-02-21,2026-02-21,ST010,MED019,SUP03,24
PO008781,2026-02-16,2026-02-19,2026-02-19,ST010,MED025,SUP01,36
PO008782,2026-02-16,2026-02-20,2026-02-20,ST011,MED001,SUP01,72
PO008783,2026-02-16,2026-02-21,2026-02-21,ST011,MED002,SUP02,66
PO008784,2026-02-16,2026-02-21,2026-02-23,ST011,MED004,SUP04,48
PO008785,2026-02-16,2026-02-20,2026-02-20,ST011,MED006,SUP02,60
PO008786,2026-02-16,2026-02-21,2026-02-21,ST011,MED010,SUP02,24
PO008787,2026-02-16,2026-02-19,2026-02-19,ST011,MED012,SUP04,60
PO008788,2026-02-16,2026-02-20,2026-02-20,ST011,MED028,SUP04,48
PO008789,2026-02-16,2026-02-18,2026-02-18,ST012,MED009,SUP01,60
PO008790,2026-02-16,2026-02-18,2026-02-18,ST013,MED003,SUP03,24
PO008791,2026-02-16,2026-02-18,2026-02-20,ST013,MED011,SUP03,72
PO008792,2026-02-16,2026-02-21,2026-02-21,ST013,MED017,SUP01,72
PO008793,2026-02-16,2026-02-19,2026-02-19,ST014,MED006,SUP02,60
PO008794,2026-02-16,2026-02-19,2026-02-19,ST014,MED014,SUP02,48
PO008795,2026-02-16,2026-02-19,2026-02-19,ST014,MED017,SUP01,60
PO008796,2026-02-16,2026-02-20,2026-02-20,ST015,MED003,SUP03,24
PO008797,2026-02-16,2026-02-21,2026-02-21,ST015,MED016,SUP04,48
PO008798,2026-02-16,2026-02-19,2026-02-19,ST015,MED021,SUP01,54
PO008799,2026-02-16,2026-02-18,2026-02-19,ST015,MED026,SUP02,72
PO008800,2026-02-16,2026-02-19,2026-02-19,ST016,MED004,SUP04,48
PO008801,2026-02-16,2026-02-18,2026-02-18,ST016,MED014,SUP02,48
PO008802,2026-02-16,2026-02-18,2026-02-19,ST016,MED020,SUP04,48
PO008803,2026-02-16,2026-02-20,2026-02-20,ST016,MED030,SUP02,36
PO008804,2026-02-16,2026-02-21,2026-02-21,ST017,MED004,SUP04,48
PO008805,2026-02-16,2026-02-19,2026-02-22,ST017,MED005,SUP01,72
PO008806,2026-02-16,2026-02-20,2026-02-20,ST017,MED009,SUP01,60
PO008807,2026-02-16,2026-02-18,2026-02-18,ST017,MED011,SUP03,72
PO008808,2026-02-16,2026-02-19,2026-02-19,ST017,MED013,SUP01,48
PO008809,2026-02-16,2026-02-18,2026-02-21,ST017,MED021,SUP01,54
PO008810,2026-02-16,2026-02-18,2026-02-18,ST017,MED026,SUP02,72
PO008811,2026-02-16,2026-02-18,2026-02-18,ST017,MED027,SUP03,72
PO008812,2026-02-16,2026-02-19,2026-02-19,ST018,MED017,SUP01,60
PO008813,2026-02-16,2026-02-20,2026-02-20,ST019,MED006,SUP02,72
PO008814,2026-02-16,2026-02-18,2026-02-18,ST019,MED027,SUP03,84
PO008815,2026-02-16,2026-02-21,2026-02-21,ST019,MED030,SUP02,30
PO008816,2026-02-16,2026-02-19,2026-02-19,ST020,MED002,SUP02,60
PO008817,2026-02-16,2026-02-18,2026-02-18,ST020,MED010,SUP02,24
PO008818,2026-02-16,2026-02-21,2026-02-21,ST020,MED013,SUP01,48
PO008819,2026-02-16,2026-02-18,2026-02-18,ST020,MED015,SUP03,72
PO008820,2026-02-16,2026-02-21,2026-02-21,ST020,MED017,SUP01,72
PO008821,2026-02-16,2026-02-19,2026-02-20,ST020,MED021,SUP01,66
PO008822,2026-02-16,2026-02-20,2026-02-20,ST020,MED028,SUP04,48
PO008823,2026-02-16,2026-02-19,2026-02-19,ST022,MED001,SUP01,72
PO008824,2026-02-16,2026-02-18,2026-02-18,ST022,MED003,SUP03,24
PO008825,2026-02-16,2026-02-19,2026-02-19,ST022,MED016,SUP04,48
PO008826,2026-02-16,2026-02-21,2026-02-21,ST022,MED020,SUP04,48
PO008827,2026-02-16,2026-02-21,2026-02-21,ST022,MED023,SUP03,72
PO008828,2026-02-16,2026-02-20,2026-02-20,ST023,MED009,SUP01,60
PO008829,2026-02-16,2026-02-21,2026-02-21,ST023,MED011,SUP03,60
PO008830,2026-02-16,2026-02-19,2026-02-19,ST023,MED012,SUP04,60
PO008831,2026-02-16,2026-02-19,2026-02-19,ST023,MED023,SUP03,72
PO008832,2026-02-16,2026-02-18,2026-02-18,ST023,MED028,SUP04,48
PO008833,2026-02-16,2026-02-21,2026-02-21,ST023,MED030,SUP02,30
PO008834,2026-02-16,2026-02-21,2026-02-21,ST024,MED001,SUP01,72
PO008835,2026-02-16,2026-02-20,2026-02-20,ST024,MED002,SUP02,60
PO008836,2026-02-16,2026-02-20,2026-02-20,ST025,MED001,SUP01,72
PO008837,2026-02-16,2026-02-21,2026-02-21,ST025,MED005,SUP01,60
PO008838,2026-02-16,2026-02-21,2026-02-21,ST025,MED009,SUP01,60
PO008839,2026-02-16,2026-02-21,2026-02-21,ST025,MED010,SUP02,24
PO008840,2026-02-16,2026-02-21,2026-02-21,ST025,MED017,SUP01,60
PO008841,2026-02-16,2026-02-18,2026-02-18,ST026,MED001,SUP01,72
PO008842,2026-02-16,2026-02-21,2026-02-21,ST026,MED014,SUP02,48
PO008843,2026-02-16,2026-02-18,2026-02-18,ST026,MED015,SUP03,96
PO008844,2026-02-16,2026-02-18,2026-02-19,ST026,MED020,SUP04,48
PO008845,2026-02-16,2026-02-20,2026-02-20,ST026,MED026,SUP02,72
PO008846,2026-02-16,2026-02-19,2026-02-19,ST027,MED006,SUP02,60
PO008847,2026-02-16,2026-02-20,2026-02-20,ST027,MED007,SUP03,24
PO008848,2026-02-16,2026-02-19,2026-02-19,ST027,MED009,SUP01,60
PO008849,2026-02-16,2026-02-18,2026-02-18,ST027,MED010,SUP02,36
PO008850,2026-02-16,2026-02-19,2026-02-19,ST027,MED016,SUP04,48
PO008851,2026-02-16,2026-02-18,2026-02-18,ST027,MED024,SUP04,72
PO008852,2026-02-16,2026-02-19,2026-02-22,ST028,MED001,SUP01,72
PO008853,2026-02-16,2026-02-20,2026-02-20,ST028,MED002,SUP02,66
PO008854,2026-02-16,2026-02-20,2026-02-20,ST028,MED011,SUP03,66
PO008855,2026-02-16,2026-02-21,2026-02-21,ST028,MED023,SUP03,72
PO008856,2026-02-16,2026-02-21,2026-02-21,ST028,MED025,SUP01,36
PO008857,2026-02-16,2026-02-19,2026-02-19,ST028,MED030,SUP02,30
PO008858,2026-02-16,2026-02-18,2026-02-18,ST029,MED001,SUP01,72
PO008859,2026-02-16,2026-02-19,2026-02-19,ST029,MED006,SUP02,60
PO008860,2026-02-16,2026-02-18,2026-02-18,ST029,MED011,SUP03,60
PO008861,2026-02-16,2026-02-18,2026-02-18,ST029,MED018,SUP02,48
PO008862,2026-02-16,2026-02-20,2026-02-20,ST029,MED030,SUP02,30
PO008863,2026-02-16,2026-02-21,2026-02-21,ST030,MED006,SUP02,60
PO008864,2026-02-16,2026-02-21,2026-02-21,ST030,MED007,SUP03,24
PO008865,2026-02-16,2026-02-20,2026-02-20,ST030,MED008,SUP04,24
PO008866,2026-02-16,2026-02-18,2026-02-18,ST030,MED018,SUP02,48
PO008867,2026-02-16,2026-02-20,2026-02-20,ST030,MED019,SUP03,24
PO008868,2026-02-16,2026-02-20,2026-02-20,ST031,MED006,SUP02,60
PO008869,2026-02-16,2026-02-20,2026-02-21,ST031,MED013,SUP01,48
PO008870,2026-02-16,2026-02-20,2026-02-20,ST031,MED018,SUP02,48
PO008871,2026-02-16,2026-02-19,2026-02-19,ST031,MED025,SUP01,36
PO008872,2026-02-16,2026-02-21,2026-02-23,ST032,MED005,SUP01,72
PO008873,2026-02-16,2026-02-20,2026-02-20,ST032,MED013,SUP01,48
PO008874,2026-02-16,2026-02-18,2026-02-18,ST032,MED022,SUP02,42
PO008875,2026-02-16,2026-02-20,2026-02-20,ST032,MED027,SUP03,72
PO008876,2026-02-16,2026-02-18,2026-02-18,ST033,MED005,SUP01,72
PO008877,2026-02-16,2026-02-18,2026-02-18,ST033,MED008,SUP04,24
PO008878,2026-02-16,2026-02-21,2026-02-21,ST033,MED009,SUP01,60
PO008879,2026-02-16,2026-02-21,2026-02-21,ST033,MED011,SUP03,60
PO008880,2026-02-16,2026-02-21,2026-02-21,ST033,MED018,SUP02,48
PO008881,2026-02-16,2026-02-20,2026-02-20,ST034,MED020,SUP04,48
PO008882,2026-02-16,2026-02-20,2026-02-23,ST034,MED024,SUP04,72
PO008883,2026-02-16,2026-02-18,2026-02-18,ST035,MED009,SUP01,60
PO008884,2026-02-16,2026-02-21,2026-02-21,ST035,MED012,SUP04,60
PO008885,2026-02-16,2026-02-18,2026-02-19,ST035,MED017,SUP01,60
PO008886,2026-02-16,2026-02-18,2026-02-18,ST035,MED030,SUP02,30
PO008887,2026-02-16,2026-02-21,2026-02-21,ST036,MED003,SUP03,24
PO008888,2026-02-16,2026-02-20,2026-02-20,ST036,MED009,SUP01,60
PO008889,2026-02-16,2026-02-18,2026-02-18,ST036,MED013,SUP01,48
PO008890,2026-02-16,2026-02-20,2026-02-22,ST036,MED015,SUP03,72
PO008891,2026-02-16,2026-02-18,2026-02-18,ST036,MED020,SUP04,48
PO008892,2026-02-16,2026-02-20,2026-02-20,ST037,MED015,SUP03,72
PO008893,2026-02-16,2026-02-20,2026-02-20,ST037,MED022,SUP02,42
PO008894,2026-02-16,2026-02-19,2026-02-19,ST037,MED023,SUP03,72
PO008895,2026-02-16,2026-02-21,2026-02-21,ST037,MED025,SUP01,48
PO008896,2026-02-16,2026-02-20,2026-02-20,ST038,MED009,SUP01,60
PO008897,2026-02-16,2026-02-18,2026-02-18,ST038,MED010,SUP02,24
PO008898,2026-02-16,2026-02-18,2026-02-18,ST038,MED012,SUP04,60
PO008899,2026-02-16,2026-02-18,2026-02-18,ST038,MED015,SUP03,72
PO008900,2026-02-16,2026-02-19,2026-02-19,ST038,MED017,SUP01,72
PO008901,2026-02-16,2026-02-21,2026-02-23,ST038,MED018,SUP02,48
PO008902,2026-02-16,2026-02-21,2026-02-21,ST038,MED022,SUP02,48
PO008903,2026-02-16,2026-02-20,2026-02-23,ST038,MED025,SUP01,36
PO008904,2026-02-16,2026-02-19,2026-02-19,ST039,MED003,SUP03,24
PO008905,2026-02-16,2026-02-20,2026-02-21,ST039,MED020,SUP04,48
PO008906,2026-02-16,2026-02-19,2026-02-19,ST039,MED023,SUP03,72
PO008907,2026-02-16,2026-02-18,2026-02-20,ST039,MED024,SUP04,72
PO008908,2026-02-16,2026-02-20,2026-02-20,ST040,MED003,SUP03,24
PO008909,2026-02-16,2026-02-18,2026-02-18,ST040,MED007,SUP03,24
PO008910,2026-02-16,2026-02-21,2026-02-21,ST040,MED011,SUP03,72
PO008911,2026-02-16,2026-02-20,2026-02-20,ST040,MED023,SUP03,60
PO008912,2026-02-16,2026-02-19,2026-02-19,ST040,MED024,SUP04,84
PO008913,2026-02-16,2026-02-20,2026-02-20,ST040,MED029,SUP01,72
PO008914,2026-02-16,2026-02-21,2026-02-21,ST040,MED030,SUP02,30
PO008915,2026-02-17,2026-02-19,2026-02-19,ST001,MED001,SUP01,72
PO008916,2026-02-17,2026-02-22,2026-02-22,ST001,MED004,SUP04,48
PO008917,2026-02-17,2026-02-22,2026-02-22,ST001,MED023,SUP03,72
PO008918,2026-02-17,2026-02-21,2026-02-21,ST001,MED026,SUP02,72
PO008919,2026-02-17,2026-02-19,2026-02-19,ST001,MED027,SUP03,72
PO008920,2026-02-17,2026-02-19,2026-02-19,ST002,MED002,SUP02,66
PO008921,2026-02-17,2026-02-19,2026-02-19,ST002,MED003,SUP03,24
PO008922,2026-02-17,2026-02-19,2026-02-19,ST002,MED018,SUP02,48
PO008923,2026-02-17,2026-02-19,2026-02-19,ST002,MED020,SUP04,48
PO008924,2026-02-17,2026-02-21,2026-02-21,ST002,MED029,SUP01,72
PO008925,2026-02-17,2026-02-20,2026-02-20,ST003,MED011,SUP03,72
PO008926,2026-02-17,2026-02-19,2026-02-22,ST003,MED018,SUP02,48
PO008927,2026-02-17,2026-02-20,2026-02-20,ST003,MED020,SUP04,48
PO008928,2026-02-17,2026-02-22,2026-02-22,ST004,MED006,SUP02,60
PO008929,2026-02-17,2026-02-21,2026-02-24,ST004,MED007,SUP03,24
PO008930,2026-02-17,2026-02-19,2026-02-19,ST004,MED020,SUP04,48
PO008931,2026-02-17,2026-02-19,2026-02-19,ST004,MED026,SUP02,72
PO008932,2026-02-17,2026-02-19,2026-02-22,ST005,MED013,SUP01,48
PO008933,2026-02-17,2026-02-19,2026-02-19,ST005,MED021,SUP01,54
PO008934,2026-02-17,2026-02-20,2026-02-20,ST005,MED024,SUP04,72
PO008935,2026-02-17,2026-02-19,2026-02-19,ST006,MED004,SUP04,48
PO008936,2026-02-17,2026-02-19,2026-02-19,ST006,MED010,SUP02,24
PO008937,2026-02-17,2026-02-20,2026-02-20,ST006,MED012,SUP04,60
PO008938,2026-02-17,2026-02-21,2026-02-21,ST006,MED015,SUP03,72
PO008939,2026-02-17,2026-02-19,2026-02-19,ST006,MED019,SUP03,24
PO008940,2026-02-17,2026-02-21,2026-02-21,ST007,MED001,SUP01,72
PO008941,2026-02-17,2026-02-22,2026-02-22,ST007,MED023,SUP03,72
PO008942,2026-02-17,2026-02-21,2026-02-21,ST007,MED029,SUP01,48
PO008943,2026-02-17,2026-02-20,2026-02-20,ST008,MED023,SUP03,60
PO008944,2026-02-17,2026-02-21,2026-02-21,ST009,MED025,SUP01,36
PO008945,2026-02-17,2026-02-20,2026-02-20,ST009,MED026,SUP02,72
PO008946,2026-02-17,2026-02-22,2026-02-22,ST009,MED029,SUP01,72
PO008947,2026-02-17,2026-02-20,2026-02-20,ST010,MED004,SUP04,48
PO008948,2026-02-17,2026-02-20,2026-02-20,ST010,MED008,SUP04,24
PO008949,2026-02-17,2026-02-19,2026-02-19,ST010,MED020,SUP04,48
PO008950,2026-02-17,2026-02-20,2026-02-20,ST010,MED022,SUP02,36
PO008951,2026-02-17,2026-02-20,2026-02-20,ST011,MED015,SUP03,96
PO008952,2026-02-17,2026-02-19,2026-02-19,ST011,MED020,SUP04,48
PO008953,2026-02-17,2026-02-22,2026-02-22,ST011,MED024,SUP04,72
PO008954,2026-02-17,2026-02-19,2026-02-19,ST012,MED002,SUP02,60
PO008955,2026-02-17,2026-02-22,2026-02-22,ST012,MED015,SUP03,72
PO008956,2026-02-17,2026-02-20,2026-02-20,ST012,MED027,SUP03,72
PO008957,2026-02-17,2026-02-20,2026-02-20,ST013,MED002,SUP02,60
PO008958,2026-02-17,2026-02-20,2026-02-20,ST013,MED006,SUP02,60
PO008959,2026-02-17,2026-02-22,2026-02-22,ST013,MED009,SUP01,60
PO008960,2026-02-17,2026-02-21,2026-02-21,ST013,MED013,SUP01,48
PO008961,2026-02-17,2026-02-21,2026-02-21,ST013,MED023,SUP03,72
PO008962,2026-02-17,2026-02-19,2026-02-19,ST013,MED026,SUP02,72
PO008963,2026-02-17,2026-02-19,2026-02-19,ST013,MED027,SUP03,72
PO008964,2026-02-17,2026-02-21,2026-02-24,ST014,MED016,SUP04,48
PO008965,2026-02-17,2026-02-21,2026-02-21,ST014,MED020,SUP04,48
PO008966,2026-02-17,2026-02-22,2026-02-24,ST014,MED021,SUP01,60
PO008967,2026-02-17,2026-02-20,2026-02-20,ST014,MED025,SUP01,48
PO008968,2026-02-17,2026-02-22,2026-02-22,ST014,MED027,SUP03,72
PO008969,2026-02-17,2026-02-22,2026-02-22,ST015,MED005,SUP01,72
PO008970,2026-02-17,2026-02-21,2026-02-21,ST015,MED010,SUP02,24
PO008971,2026-02-17,2026-02-20,2026-02-20,ST015,MED015,SUP03,72
PO008972,2026-02-17,2026-02-20,2026-02-20,ST015,MED017,SUP01,60
PO008973,2026-02-17,2026-02-21,2026-02-21,ST015,MED020,SUP04,48
PO008974,2026-02-17,2026-02-19,2026-02-19,ST015,MED022,SUP02,42
PO008975,2026-02-17,2026-02-21,2026-02-21,ST015,MED030,SUP02,30
PO008976,2026-02-17,2026-02-20,2026-02-23,ST016,MED005,SUP01,72
PO008977,2026-02-17,2026-02-22,2026-02-22,ST016,MED007,SUP03,24
PO008978,2026-02-17,2026-02-21,2026-02-21,ST017,MED002,SUP02,66
PO008979,2026-02-17,2026-02-19,2026-02-19,ST017,MED007,SUP03,24
PO008980,2026-02-17,2026-02-20,2026-02-20,ST017,MED022,SUP02,36
PO008981,2026-02-17,2026-02-20,2026-02-20,ST017,MED023,SUP03,72
PO008982,2026-02-17,2026-02-19,2026-02-19,ST017,MED024,SUP04,72
PO008983,2026-02-17,2026-02-21,2026-02-21,ST017,MED030,SUP02,30
PO008984,2026-02-17,2026-02-20,2026-02-20,ST018,MED025,SUP01,48
PO008985,2026-02-17,2026-02-20,2026-02-20,ST019,MED004,SUP04,48
PO008986,2026-02-17,2026-02-20,2026-02-23,ST019,MED005,SUP01,60
PO008987,2026-02-17,2026-02-20,2026-02-20,ST019,MED015,SUP03,72
PO008988,2026-02-17,2026-02-22,2026-02-22,ST019,MED020,SUP04,48
PO008989,2026-02-17,2026-02-20,2026-02-20,ST020,MED001,SUP01,72
PO008990,2026-02-17,2026-02-22,2026-02-23,ST020,MED004,SUP04,48
PO008991,2026-02-17,2026-02-22,2026-02-22,ST020,MED005,SUP01,72
PO008992,2026-02-17,2026-02-19,2026-02-19,ST020,MED012,SUP04,60
PO008993,2026-02-17,2026-02-22,2026-02-25,ST020,MED016,SUP04,48
PO008994,2026-02-17,2026-02-19,2026-02-19,ST020,MED024,SUP04,72
PO008995,2026-02-17,2026-02-19,2026-02-19,ST021,MED008,SUP04,24
PO008996,2026-02-17,2026-02-21,2026-02-21,ST021,MED013,SUP01,48
PO008997,2026-02-17,2026-02-19,2026-02-19,ST021,MED016,SUP04,48
PO008998,2026-02-17,2026-02-22,2026-02-22,ST021,MED019,SUP03,24
PO008999,2026-02-17,2026-02-21,2026-02-21,ST021,MED020,SUP04,48
PO009000,2026-02-17,2026-02-21,2026-02-24,ST021,MED024,SUP04,72
PO009001,2026-02-17,2026-02-20,2026-02-20,ST021,MED029,SUP01,72
PO009002,2026-02-17,2026-02-20,2026-02-20,ST022,MED007,SUP03,24
PO009003,2026-02-17,2026-02-22,2026-02-22,ST022,MED010,SUP02,24
PO009004,2026-02-17,2026-02-19,2026-02-19,ST022,MED025,SUP01,36
PO009005,2026-02-17,2026-02-20,2026-02-20,ST023,MED020,SUP04,48
PO009006,2026-02-17,2026-02-21,2026-02-21,ST024,MED007,SUP03,24
PO009007,2026-02-17,2026-02-22,2026-02-22,ST024,MED017,SUP01,72
PO009008,2026-02-17,2026-02-20,2026-02-20,ST024,MED018,SUP02,48
PO009009,2026-02-17,2026-02-20,2026-02-23,ST024,MED019,SUP03,24
PO009010,2026-02-17,2026-02-22,2026-02-22,ST024,MED021,SUP01,60
PO009011,2026-02-17,2026-02-19,2026-02-19,ST024,MED025,SUP01,36
PO009012,2026-02-17,2026-02-20,2026-02-20,ST025,MED008,SUP04,24
PO009013,2026-02-17,2026-02-21,2026-02-21,ST025,MED011,SUP03,60
PO009014,2026-02-17,2026-02-21,2026-02-21,ST025,MED012,SUP04,60
PO009015,2026-02-17,2026-02-21,2026-02-21,ST025,MED021,SUP01,60
PO009016,2026-02-17,2026-02-22,2026-02-22,ST025,MED023,SUP03,72
PO009017,2026-02-17,2026-02-21,2026-02-21,ST026,MED002,SUP02,60
PO009018,2026-02-17,2026-02-22,2026-02-22,ST026,MED004,SUP04,48
PO009019,2026-02-17,2026-02-21,2026-02-21,ST026,MED006,SUP02,60
PO009020,2026-02-17,2026-02-22,2026-02-22,ST026,MED010,SUP02,24
PO009021,2026-02-17,2026-02-22,2026-02-22,ST026,MED019,SUP03,24
PO009022,2026-02-17,2026-02-21,2026-02-21,ST026,MED027,SUP03,72
PO009023,2026-02-17,2026-02-20,2026-02-20,ST026,MED030,SUP02,30
PO009024,2026-02-17,2026-02-19,2026-02-19,ST027,MED008,SUP04,24
PO009025,2026-02-17,2026-02-19,2026-02-19,ST027,MED013,SUP01,48
PO009026,2026-02-17,2026-02-20,2026-02-20,ST027,MED014,SUP02,48
PO009027,2026-02-17,2026-02-21,2026-02-21,ST028,MED010,SUP02,24
PO009028,2026-02-17,2026-02-21,2026-02-21,ST029,MED008,SUP04,24
PO009029,2026-02-17,2026-02-21,2026-02-21,ST029,MED010,SUP02,24
PO009030,2026-02-17,2026-02-21,2026-02-21,ST029,MED012,SUP04,60
PO009031,2026-02-17,2026-02-19,2026-02-19,ST029,MED014,SUP02,48
PO009032,2026-02-17,2026-02-21,2026-02-21,ST029,MED016,SUP04,48
PO009033,2026-02-17,2026-02-19,2026-02-19,ST030,MED004,SUP04,48
PO009034,2026-02-17,2026-02-20,2026-02-20,ST030,MED009,SUP01,60
PO009035,2026-02-17,2026-02-20,2026-02-20,ST030,MED024,SUP04,72
PO009036,2026-02-17,2026-02-21,2026-02-21,ST030,MED030,SUP02,30
PO009037,2026-02-17,2026-02-20,2026-02-20,ST031,MED003,SUP03,24
PO009038,2026-02-17,2026-02-21,2026-02-22,ST031,MED022,SUP02,42
PO009039,2026-02-17,2026-02-20,2026-02-20,ST031,MED027,SUP03,72
PO009040,2026-02-17,2026-02-21,2026-02-24,ST031,MED029,SUP01,72
PO009041,2026-02-17,2026-02-21,2026-02-21,ST031,MED030,SUP02,30
PO009042,2026-02-17,2026-02-22,2026-02-22,ST032,MED001,SUP01,72
PO009043,2026-02-17,2026-02-22,2026-02-22,ST032,MED007,SUP03,24
PO009044,2026-02-17,2026-02-22,2026-02-25,ST032,MED021,SUP01,60
PO009045,2026-02-17,2026-02-19,2026-02-19,ST032,MED029,SUP01,72
PO009046,2026-02-17,2026-02-20,2026-02-20,ST032,MED030,SUP02,30
PO009047,2026-02-17,2026-02-21,2026-02-21,ST033,MED007,SUP03,24
PO009048,2026-02-17,2026-02-19,2026-02-19,ST033,MED010,SUP02,24
PO009049,2026-02-17,2026-02-21,2026-02-21,ST033,MED012,SUP04,60
PO009050,2026-02-17,2026-02-21,2026-02-21,ST033,MED013,SUP01,48
PO009051,2026-02-17,2026-02-20,2026-02-20,ST033,MED019,SUP03,24
PO009052,2026-02-17,2026-02-21,2026-02-21,ST033,MED023,SUP03,60
PO009053,2026-02-17,2026-02-22,2026-02-22,ST033,MED029,SUP01,72
PO009054,2026-02-17,2026-02-21,2026-02-21,ST034,MED005,SUP01,72
PO009055,2026-02-17,2026-02-19,2026-02-21,ST034,MED008,SUP04,24
PO009056,2026-02-17,2026-02-19,2026-02-19,ST034,MED015,SUP03,72
PO009057,2026-02-17,2026-02-22,2026-02-25,ST034,MED017,SUP01,72
PO009058,2026-02-17,2026-02-20,2026-02-21,ST034,MED018,SUP02,48
PO009059,2026-02-17,2026-02-20,2026-02-23,ST034,MED026,SUP02,72
PO009060,2026-02-17,2026-02-22,2026-02-22,ST034,MED027,SUP03,84
PO009061,2026-02-17,2026-02-20,2026-02-20,ST035,MED015,SUP03,72
PO009062,2026-02-17,2026-02-20,2026-02-22,ST035,MED016,SUP04,48
PO009063,2026-02-17,2026-02-19,2026-02-19,ST036,MED008,SUP04,24
PO009064,2026-02-17,2026-02-19,2026-02-19,ST037,MED017,SUP01,72
PO009065,2026-02-17,2026-02-22,2026-02-22,ST037,MED024,SUP04,72
PO009066,2026-02-17,2026-02-21,2026-02-24,ST038,MED001,SUP01,72
PO009067,2026-02-17,2026-02-22,2026-02-22,ST038,MED019,SUP03,24
PO009068,2026-02-17,2026-02-20,2026-02-21,ST039,MED002,SUP02,66
PO009069,2026-02-17,2026-02-21,2026-02-21,ST039,MED011,SUP03,60
PO009070,2026-02-17,2026-02-19,2026-02-19,ST039,MED021,SUP01,54
PO009071,2026-02-17,2026-02-20,2026-02-20,ST039,MED022,SUP02,42
PO009072,2026-02-17,2026-02-20,2026-02-20,ST039,MED027,SUP03,72
PO009073,2026-02-17,2026-02-20,2026-02-20,ST040,MED001,SUP01,72
PO009074,2026-02-17,2026-02-20,2026-02-20,ST040,MED015,SUP03,72
PO009075,2026-02-17,2026-02-20,2026-02-20,ST040,MED016,SUP04,48
PO009076,2026-02-17,2026-02-21,2026-02-21,ST040,MED017,SUP01,72
PO009077,2026-02-17,2026-02-20,2026-02-21,ST040,MED018,SUP02,48
PO009078,2026-02-17,2026-02-19,2026-02-19,ST040,MED020,SUP04,48
PO009079,2026-02-18,2026-02-23,2026-02-26,ST001,MED002,SUP02,66
PO009080,2026-02-18,2026-02-21,2026-02-21,ST001,MED006,SUP02,72
PO009081,2026-02-18,2026-02-23,2026-02-23,ST001,MED007,SUP03,24
PO009082,2026-02-18,2026-02-23,2026-02-23,ST001,MED010,SUP02,24
PO009083,2026-02-18,2026-02-20,2026-02-20,ST001,MED016,SUP04,48
PO009084,2026-02-18,2026-02-21,2026-02-21,ST002,MED007,SUP03,24
PO009085,2026-02-18,2026-02-20,2026-02-20,ST002,MED012,SUP04,60
PO009086,2026-02-18,2026-02-22,2026-02-24,ST002,MED016,SUP04,48
PO009087,2026-02-18,2026-02-21,2026-02-21,ST002,MED021,SUP01,60
PO009088,2026-02-18,2026-02-23,2026-02-23,ST002,MED023,SUP03,72
PO009089,2026-02-18,2026-02-22,2026-02-22,ST003,MED001,SUP01,72
PO009090,2026-02-18,2026-02-20,2026-02-20,ST003,MED002,SUP02,60
PO009091,2026-02-18,2026-02-22,2026-02-22,ST003,MED004,SUP04,60
PO009092,2026-02-18,2026-02-20,2026-02-20,ST003,MED012,SUP04,60
PO009093,2026-02-18,2026-02-23,2026-02-23,ST003,MED016,SUP04,48
PO009094,2026-02-18,2026-02-21,2026-02-21,ST003,MED026,SUP02,72
PO009095,2026-02-18,2026-02-23,2026-02-23,ST003,MED027,SUP03,72
PO009096,2026-02-18,2026-02-21,2026-02-21,ST004,MED014,SUP02,48
PO009097,2026-02-18,2026-02-23,2026-02-23,ST004,MED015,SUP03,72
PO009098,2026-02-18,2026-02-20,2026-02-23,ST004,MED022,SUP02,42
PO009099,2026-02-18,2026-02-21,2026-02-21,ST005,MED011,SUP03,66
PO009100,2026-02-18,2026-02-21,2026-02-24,ST005,MED017,SUP01,72
PO009101,2026-02-18,2026-02-22,2026-02-25,ST005,MED025,SUP01,48
PO009102,2026-02-18,2026-02-23,2026-02-23,ST005,MED026,SUP02,72
PO009103,2026-02-18,2026-02-22,2026-02-24,ST006,MED001,SUP01,72
PO009104,2026-02-18,2026-02-22,2026-02-22,ST006,MED005,SUP01,72
PO009105,2026-02-18,2026-02-23,2026-02-23,ST006,MED006,SUP02,60
PO009106,2026-02-18,2026-02-20,2026-02-20,ST006,MED022,SUP02,42
PO009107,2026-02-18,2026-02-22,2026-02-22,ST007,MED002,SUP02,60
PO009108,2026-02-18,2026-02-23,2026-02-23,ST007,MED030,SUP02,30
PO009109,2026-02-18,2026-02-20,2026-02-20,ST008,MED006,SUP02,60
PO009110,2026-02-18,2026-02-22,2026-02-22,ST008,MED009,SUP01,60
PO009111,2026-02-18,2026-02-23,2026-02-23,ST008,MED013,SUP01,48
PO009112,2026-02-18,2026-02-23,2026-02-23,ST008,MED020,SUP04,48
PO009113,2026-02-18,2026-02-22,2026-02-22,ST008,MED026,SUP02,72
PO009114,2026-02-18,2026-02-20,2026-02-20,ST009,MED003,SUP03,24
PO009115,2026-02-18,2026-02-22,2026-02-24,ST009,MED008,SUP04,24
PO009116,2026-02-18,2026-02-20,2026-02-20,ST009,MED016,SUP04,48
PO009117,2026-02-18,2026-02-22,2026-02-22,ST009,MED018,SUP02,48
PO009118,2026-02-18,2026-02-23,2026-02-23,ST009,MED021,SUP01,54
PO009119,2026-02-18,2026-02-23,2026-02-23,ST009,MED022,SUP02,42
PO009120,2026-02-18,2026-02-20,2026-02-20,ST009,MED030,SUP02,30
PO009121,2026-02-18,2026-02-23,2026-02-24,ST010,MED001,SUP01,72
PO009122,2026-02-18,2026-02-21,2026-02-21,ST010,MED018,SUP02,48
PO009123,2026-02-18,2026-02-21,2026-02-21,ST011,MED009,SUP01,60
PO009124,2026-02-18,2026-02-21,2026-02-21,ST011,MED017,SUP01,72
PO009125,2026-02-18,2026-02-21,2026-02-21,ST011,MED029,SUP01,72
PO009126,2026-02-18,2026-02-21,2026-02-21,ST012,MED004,SUP04,48
PO009127,2026-02-18,2026-02-22,2026-02-22,ST012,MED012,SUP04,60
PO009128,2026-02-18,2026-02-21,2026-02-21,ST012,MED013,SUP01,48
PO009129,2026-02-18,2026-02-20,2026-02-22,ST012,MED028,SUP04,48
PO009130,2026-02-18,2026-02-23,2026-02-25,ST012,MED030,SUP02,36
PO009131,2026-02-18,2026-02-23,2026-02-23,ST013,MED005,SUP01,60
PO009132,2026-02-18,2026-02-22,2026-02-23,ST013,MED020,SUP04,48
PO009133,2026-02-18,2026-02-23,2026-02-23,ST013,MED021,SUP01,54
PO009134,2026-02-18,2026-02-20,2026-02-20,ST013,MED029,SUP01,72
PO009135,2026-02-18,2026-02-22,2026-02-23,ST013,MED030,SUP02,36
PO009136,2026-02-18,2026-02-20,2026-02-20,ST014,MED009,SUP01,60
PO009137,2026-02-18,2026-02-23,2026-02-23,ST015,MED001,SUP01,72
PO009138,2026-02-18,2026-02-21,2026-02-23,ST015,MED002,SUP02,60
PO009139,2026-02-18,2026-02-21,2026-02-21,ST015,MED004,SUP04,48
PO009140,2026-02-18,2026-02-21,2026-02-21,ST015,MED007,SUP03,24
PO009141,2026-02-18,2026-02-21,2026-02-21,ST015,MED028,SUP04,48
PO009142,2026-02-18,2026-02-20,2026-02-20,ST016,MED001,SUP01,72
PO009143,2026-02-18,2026-02-22,2026-02-24,ST016,MED003,SUP03,24
PO009144,2026-02-18,2026-02-23,2026-02-23,ST016,MED006,SUP02,60
PO009145,2026-02-18,2026-02-22,2026-02-22,ST016,MED018,SUP02,48
PO009146,2026-02-18,2026-02-20,2026-02-20,ST016,MED022,SUP02,42
PO009147,2026-02-18,2026-02-21,2026-02-21,ST016,MED024,SUP04,72
PO009148,2026-02-18,2026-02-20,2026-02-20,ST017,MED001,SUP01,72
PO009149,2026-02-18,2026-02-23,2026-02-23,ST017,MED020,SUP04,48
PO009150,2026-02-18,2026-02-20,2026-02-20,ST018,MED005,SUP01,60
PO009151,2026-02-18,2026-02-23,2026-02-23,ST019,MED001,SUP01,72
PO009152,2026-02-18,2026-02-22,2026-02-22,ST019,MED009,SUP01,60
PO009153,2026-02-18,2026-02-23,2026-02-23,ST019,MED010,SUP02,24
PO009154,2026-02-18,2026-02-22,2026-02-25,ST019,MED012,SUP04,60
PO009155,2026-02-18,2026-02-20,2026-02-20,ST019,MED016,SUP04,48
PO009156,2026-02-18,2026-02-20,2026-02-20,ST020,MED003,SUP03,24
PO009157,2026-02-18,2026-02-22,2026-02-22,ST020,MED011,SUP03,66
PO009158,2026-02-18,2026-02-23,2026-02-23,ST020,MED018,SUP02,48
PO009159,2026-02-18,2026-02-20,2026-02-21,ST020,MED029,SUP01,72
PO009160,2026-02-18,2026-02-23,2026-02-25,ST020,MED030,SUP02,30
PO009161,2026-02-18,2026-02-22,2026-02-22,ST021,MED006,SUP02,60
PO009162,2026-02-18,2026-02-21,2026-02-21,ST021,MED010,SUP02,24
PO009163,2026-02-18,2026-02-23,2026-02-23,ST021,MED017,SUP01,72
PO009164,2026-02-18,2026-02-22,2026-02-22,ST021,MED018,SUP02,48
PO009165,2026-02-18,2026-02-23,2026-02-23,ST021,MED025,SUP01,36
PO009166,2026-02-18,2026-02-22,2026-02-22,ST022,MED004,SUP04,48
PO009167,2026-02-18,2026-02-22,2026-02-23,ST022,MED026,SUP02,72
PO009168,2026-02-18,2026-02-22,2026-02-22,ST022,MED027,SUP03,72
PO009169,2026-02-18,2026-02-22,2026-02-22,ST022,MED030,SUP02,30
PO009170,2026-02-18,2026-02-21,2026-02-21,ST023,MED002,SUP02,66
PO009171,2026-02-18,2026-02-23,2026-02-25,ST023,MED008,SUP04,24
PO009172,2026-02-18,2026-02-20,2026-02-20,ST023,MED015,SUP03,72
PO009173,2026-02-18,2026-02-21,2026-02-21,ST023,MED026,SUP02,72
PO009174,2026-02-18,2026-02-22,2026-02-22,ST024,MED003,SUP03,24
PO009175,2026-02-18,2026-02-21,2026-02-21,ST024,MED008,SUP04,24
PO009176,2026-02-18,2026-02-21,2026-02-24,ST024,MED023,SUP03,72
PO009177,2026-02-18,2026-02-22,2026-02-22,ST024,MED026,SUP02,72
PO009178,2026-02-18,2026-02-23,2026-02-23,ST025,MED004,SUP04,48
PO009179,2026-02-18,2026-02-23,2026-02-26,ST025,MED006,SUP02,60
PO009180,2026-02-18,2026-02-21,2026-02-21,ST025,MED007,SUP03,24
PO009181,2026-02-18,2026-02-20,2026-02-20,ST025,MED022,SUP02,48
PO009182,2026-02-18,2026-02-21,2026-02-23,ST025,MED024,SUP04,72
PO009183,2026-02-18,2026-02-20,2026-02-20,ST026,MED011,SUP03,66
PO009184,2026-02-18,2026-02-21,2026-02-22,ST026,MED016,SUP04,48
PO009185,2026-02-18,2026-02-21,2026-02-21,ST026,MED028,SUP04,48
PO009186,2026-02-18,2026-02-23,2026-02-23,ST027,MED005,SUP01,72
PO009187,2026-02-18,2026-02-20,2026-02-20,ST027,MED011,SUP03,60
PO009188,2026-02-18,2026-02-20,2026-02-20,ST027,MED012,SUP04,60
PO009189,2026-02-18,2026-02-22,2026-02-22,ST027,MED021,SUP01,60
PO009190,2026-02-18,2026-02-22,2026-02-22,ST027,MED023,SUP03,72
PO009191,2026-02-18,2026-02-23,2026-02-23,ST027,MED025,SUP01,36
PO009192,2026-02-18,2026-02-23,2026-02-23,ST027,MED030,SUP02,30
PO009193,2026-02-18,2026-02-22,2026-02-24,ST028,MED013,SUP01,36
PO009194,2026-02-18,2026-02-23,2026-02-23,ST028,MED016,SUP04,48
PO009195,2026-02-18,2026-02-23,2026-02-24,ST029,MED009,SUP01,60
PO009196,2026-02-18,2026-02-23,2026-02-23,ST029,MED024,SUP04,72
PO009197,2026-02-18,2026-02-23,2026-02-23,ST029,MED028,SUP04,48
PO009198,2026-02-18,2026-02-23,2026-02-23,ST030,MED002,SUP02,60
PO009199,2026-02-18,2026-02-21,2026-02-21,ST030,MED003,SUP03,24
PO009200,2026-02-18,2026-02-23,2026-02-23,ST030,MED023,SUP03,72
PO009201,2026-02-18,2026-02-23,2026-02-23,ST030,MED029,SUP01,72
PO009202,2026-02-18,2026-02-20,2026-02-23,ST031,MED002,SUP02,66
PO009203,2026-02-18,2026-02-20,2026-02-20,ST031,MED004,SUP04,48
PO009204,2026-02-18,2026-02-20,2026-02-20,ST031,MED005,SUP01,72
PO009205,2026-02-18,2026-02-21,2026-02-21,ST031,MED009,SUP01,60
PO009206,2026-02-18,2026-02-23,2026-02-23,ST031,MED011,SUP03,72
PO009207,2026-02-18,2026-02-20,2026-02-23,ST031,MED012,SUP04,60
PO009208,2026-02-18,2026-02-21,2026-02-21,ST031,MED015,SUP03,72
PO009209,2026-02-18,2026-02-20,2026-02-23,ST032,MED004,SUP04,48
PO009210,2026-02-18,2026-02-21,2026-02-21,ST032,MED024,SUP04,72
PO009211,2026-02-18,2026-02-21,2026-02-21,ST034,MED006,SUP02,60
PO009212,2026-02-18,2026-02-22,2026-02-22,ST034,MED013,SUP01,60
PO009213,2026-02-18,2026-02-23,2026-02-26,ST034,MED016,SUP04,48
PO009214,2026-02-18,2026-02-23,2026-02-23,ST034,MED025,SUP01,48
PO009215,2026-02-18,2026-02-22,2026-02-22,ST034,MED029,SUP01,72
PO009216,2026-02-18,2026-02-23,2026-02-23,ST034,MED030,SUP02,30
PO009217,2026-02-18,2026-02-22,2026-02-22,ST035,MED001,SUP01,72
PO009218,2026-02-18,2026-02-21,2026-02-21,ST035,MED004,SUP04,48
PO009219,2026-02-18,2026-02-21,2026-02-21,ST035,MED011,SUP03,66
PO009220,2026-02-18,2026-02-21,2026-02-21,ST035,MED018,SUP02,48
PO009221,2026-02-18,2026-02-21,2026-02-21,ST036,MED004,SUP04,48
PO009222,2026-02-18,2026-02-21,2026-02-21,ST036,MED006,SUP02,60
PO009223,2026-02-18,2026-02-21,2026-02-21,ST036,MED016,SUP04,48
PO009224,2026-02-18,2026-02-23,2026-02-23,ST036,MED018,SUP02,48
PO009225,2026-02-18,2026-02-20,2026-02-21,ST037,MED028,SUP04,48
PO009226,2026-02-18,2026-02-22,2026-02-22,ST037,MED029,SUP01,72
PO009227,2026-02-18,2026-02-22,2026-02-22,ST038,MED004,SUP04,48
PO009228,2026-02-18,2026-02-23,2026-02-23,ST038,MED006,SUP02,60
PO009229,2026-02-18,2026-02-21,2026-02-22,ST039,MED004,SUP04,48
PO009230,2026-02-18,2026-02-22,2026-02-22,ST039,MED012,SUP04,60
PO009231,2026-02-18,2026-02-21,2026-02-21,ST039,MED019,SUP03,24
PO009232,2026-02-18,2026-02-20,2026-02-22,ST039,MED026,SUP02,72
PO009233,2026-02-18,2026-02-23,2026-02-23,ST040,MED002,SUP02,66
PO009234,2026-02-18,2026-02-21,2026-02-21,ST040,MED005,SUP01,72
PO009235,2026-02-18,2026-02-21,2026-02-24,ST040,MED006,SUP02,60
PO009236,2026-02-18,2026-02-21,2026-02-21,ST040,MED008,SUP04,24
PO009237,2026-02-18,2026-02-20,2026-02-20,ST040,MED013,SUP01,48
PO009238,2026-02-18,2026-02-20,2026-02-20,ST040,MED014,SUP02,48
PO009239,2026-02-19,2026-02-21,2026-02-21,ST001,MED005,SUP01,72
PO009240,2026-02-19,2026-02-24,2026-02-24,ST001,MED008,SUP04,24
PO009241,2026-02-19,2026-02-23,2026-02-23,ST002,MED008,SUP04,24
PO009242,2026-02-19,2026-02-22,2026-02-22,ST002,MED009,SUP01,60
PO009243,2026-02-19,2026-02-24,2026-02-24,ST002,MED014,SUP02,48
PO009244,2026-02-19,2026-02-24,2026-02-24,ST002,MED022,SUP02,36
PO009245,2026-02-19,2026-02-24,2026-02-24,ST002,MED027,SUP03,72
PO009246,2026-02-19,2026-02-22,2026-02-22,ST003,MED008,SUP04,24
PO009247,2026-02-19,2026-02-24,2026-02-24,ST003,MED013,SUP01,48
PO009248,2026-02-19,2026-02-22,2026-02-22,ST003,MED014,SUP02,48
PO009249,2026-02-19,2026-02-23,2026-02-23,ST003,MED015,SUP03,72
PO009250,2026-02-19,2026-02-24,2026-02-24,ST003,MED021,SUP01,60
PO009251,2026-02-19,2026-02-22,2026-02-22,ST003,MED030,SUP02,30
PO009252,2026-02-19,2026-02-21,2026-02-21,ST004,MED001,SUP01,72
PO009253,2026-02-19,2026-02-21,2026-02-21,ST004,MED003,SUP03,24
PO009254,2026-02-19,2026-02-23,2026-02-23,ST004,MED012,SUP04,60
PO009255,2026-02-19,2026-02-22,2026-02-22,ST004,MED016,SUP04,48
PO009256,2026-02-19,2026-02-24,2026-02-25,ST004,MED030,SUP02,30
PO009257,2026-02-19,2026-02-24,2026-02-24,ST005,MED001,SUP01,72
PO009258,2026-02-19,2026-02-23,2026-02-23,ST005,MED014,SUP02,48
PO009259,2026-02-19,2026-02-23,2026-02-24,ST005,MED019,SUP03,24
PO009260,2026-02-19,2026-02-22,2026-02-22,ST005,MED022,SUP02,42
PO009261,2026-02-19,2026-02-23,2026-02-23,ST005,MED028,SUP04,48
PO009262,2026-02-19,2026-02-21,2026-02-21,ST005,MED029,SUP01,72
PO009263,2026-02-19,2026-02-23,2026-02-23,ST005,MED030,SUP02,36
PO009264,2026-02-19,2026-02-22,2026-02-22,ST006,MED014,SUP02,48
PO009265,2026-02-19,2026-02-22,2026-02-22,ST006,MED021,SUP01,54
PO009266,2026-02-19,2026-02-22,2026-02-22,ST006,MED026,SUP02,72
PO009267,2026-02-19,2026-02-23,2026-02-26,ST006,MED029,SUP01,72
PO009268,2026-02-19,2026-02-22,2026-02-22,ST006,MED030,SUP02,36
PO009269,2026-02-19,2026-02-22,2026-02-23,ST007,MED006,SUP02,60
PO009270,2026-02-19,2026-02-21,2026-02-21,ST007,MED008,SUP04,24
PO009271,2026-02-19,2026-02-22,2026-02-22,ST007,MED015,SUP03,72
PO009272,2026-02-19,2026-02-24,2026-02-24,ST007,MED018,SUP02,48
PO009273,2026-02-19,2026-02-22,2026-02-25,ST007,MED024,SUP04,72
PO009274,2026-02-19,2026-02-24,2026-02-24,ST008,MED015,SUP03,72
PO009275,2026-02-19,2026-02-21,2026-02-21,ST008,MED016,SUP04,48
PO009276,2026-02-19,2026-02-23,2026-02-25,ST008,MED028,SUP04,48
PO009277,2026-02-19,2026-02-22,2026-02-23,ST009,MED001,SUP01,72
PO009278,2026-02-19,2026-02-24,2026-02-24,ST009,MED007,SUP03,24
PO009279,2026-02-19,2026-02-24,2026-02-27,ST009,MED015,SUP03,72
PO009280,2026-02-19,2026-02-23,2026-02-23,ST010,MED002,SUP02,66
PO009281,2026-02-19,2026-02-21,2026-02-21,ST010,MED013,SUP01,48
PO009282,2026-02-19,2026-02-22,2026-02-22,ST010,MED015,SUP03,72
PO009283,2026-02-19,2026-02-23,2026-02-23,ST010,MED016,SUP04,48
PO009284,2026-02-19,2026-02-23,2026-02-25,ST010,MED017,SUP01,60
PO009285,2026-02-19,2026-02-23,2026-02-23,ST010,MED021,SUP01,60
PO009286,2026-02-19,2026-02-24,2026-02-24,ST011,MED018,SUP02,48
PO009287,2026-02-19,2026-02-24,2026-02-24,ST011,MED023,SUP03,72
PO009288,2026-02-19,2026-02-23,2026-02-23,ST011,MED026,SUP02,72
PO009289,2026-02-19,2026-02-22,2026-02-22,ST012,MED016,SUP04,48
PO009290,2026-02-19,2026-02-22,2026-02-22,ST012,MED017,SUP01,60
PO009291,2026-02-19,2026-02-23,2026-02-23,ST012,MED022,SUP02,42
PO009292,2026-02-19,2026-02-23,2026-02-23,ST012,MED029,SUP01,72
PO009293,2026-02-19,2026-02-23,2026-02-23,ST013,MED001,SUP01,72
PO009294,2026-02-19,2026-02-22,2026-02-22,ST013,MED012,SUP04,60
PO009295,2026-02-19,2026-02-21,2026-02-21,ST013,MED016,SUP04,48
PO009296,2026-02-19,2026-02-23,2026-02-23,ST013,MED028,SUP04,48
PO009297,2026-02-19,2026-02-22,2026-02-22,ST014,MED002,SUP02,66
PO009298,2026-02-19,2026-02-21,2026-02-21,ST014,MED005,SUP01,60
PO009299,2026-02-19,2026-02-22,2026-02-22,ST014,MED013,SUP01,48
PO009300,2026-02-19,2026-02-23,2026-02-23,ST014,MED030,SUP02,30
PO009301,2026-02-19,2026-02-21,2026-02-22,ST015,MED006,SUP02,60
PO009302,2026-02-19,2026-02-24,2026-02-24,ST015,MED012,SUP04,60
PO009303,2026-02-19,2026-02-23,2026-02-23,ST016,MED009,SUP01,60
PO009304,2026-02-19,2026-02-21,2026-02-21,ST016,MED010,SUP02,24
PO009305,2026-02-19,2026-02-24,2026-02-24,ST016,MED016,SUP04,48
PO009306,2026-02-19,2026-02-22,2026-02-22,ST016,MED017,SUP01,72
PO009307,2026-02-19,2026-02-21,2026-02-21,ST016,MED019,SUP03,24
PO009308,2026-02-19,2026-02-22,2026-02-22,ST016,MED023,SUP03,72
PO009309,2026-02-19,2026-02-21,2026-02-21,ST016,MED025,SUP01,36
PO009310,2026-02-19,2026-02-21,2026-02-22,ST016,MED027,SUP03,72
PO009311,2026-02-19,2026-02-23,2026-02-23,ST017,MED008,SUP04,24
PO009312,2026-02-19,2026-02-23,2026-02-23,ST018,MED002,SUP02,72
PO009313,2026-02-19,2026-02-24,2026-02-24,ST018,MED003,SUP03,24
PO009314,2026-02-19,2026-02-22,2026-02-22,ST018,MED007,SUP03,24
PO009315,2026-02-19,2026-02-24,2026-02-24,ST018,MED008,SUP04,24
PO009316,2026-02-19,2026-02-22,2026-02-22,ST018,MED009,SUP01,60
PO009317,2026-02-19,2026-02-21,2026-02-21,ST018,MED011,SUP03,72
PO009318,2026-02-19,2026-02-22,2026-02-22,ST018,MED012,SUP04,60
PO009319,2026-02-19,2026-02-21,2026-02-21,ST018,MED013,SUP01,36
PO009320,2026-02-19,2026-02-24,2026-02-24,ST018,MED022,SUP02,36
PO009321,2026-02-19,2026-02-22,2026-02-22,ST018,MED023,SUP03,72
PO009322,2026-02-19,2026-02-22,2026-02-22,ST018,MED027,SUP03,72
PO009323,2026-02-19,2026-02-21,2026-02-21,ST018,MED030,SUP02,30
PO009324,2026-02-19,2026-02-21,2026-02-21,ST019,MED002,SUP02,60
PO009325,2026-02-19,2026-02-23,2026-02-24,ST019,MED003,SUP03,24
PO009326,2026-02-19,2026-02-22,2026-02-22,ST019,MED007,SUP03,24
PO009327,2026-02-19,2026-02-24,2026-02-24,ST019,MED008,SUP04,24
PO009328,2026-02-19,2026-02-23,2026-02-23,ST019,MED013,SUP01,48
PO009329,2026-02-19,2026-02-22,2026-02-22,ST019,MED017,SUP01,72
PO009330,2026-02-19,2026-02-24,2026-02-24,ST019,MED024,SUP04,72
PO009331,2026-02-19,2026-02-24,2026-02-26,ST019,MED025,SUP01,36
PO009332,2026-02-19,2026-02-24,2026-02-24,ST019,MED028,SUP04,48
PO009333,2026-02-19,2026-02-22,2026-02-23,ST020,MED007,SUP03,24
PO009334,2026-02-19,2026-02-22,2026-02-22,ST020,MED009,SUP01,60
PO009335,2026-02-19,2026-02-23,2026-02-23,ST020,MED019,SUP03,24
PO009336,2026-02-19,2026-02-24,2026-02-24,ST020,MED020,SUP04,48
PO009337,2026-02-19,2026-02-21,2026-02-21,ST020,MED022,SUP02,42
PO009338,2026-02-19,2026-02-24,2026-02-25,ST020,MED023,SUP03,60
PO009339,2026-02-19,2026-02-23,2026-02-23,ST021,MED012,SUP04,60
PO009340,2026-02-19,2026-02-21,2026-02-21,ST021,MED027,SUP03,72
PO009341,2026-02-19,2026-02-24,2026-02-24,ST022,MED008,SUP04,24
PO009342,2026-02-19,2026-02-22,2026-02-22,ST022,MED009,SUP01,60
PO009343,2026-02-19,2026-02-24,2026-02-24,ST022,MED018,SUP02,48
PO009344,2026-02-19,2026-02-21,2026-02-21,ST022,MED019,SUP03,24
PO009345,2026-02-19,2026-02-22,2026-02-22,ST022,MED021,SUP01,54
PO009346,2026-02-19,2026-02-23,2026-02-25,ST023,MED010,SUP02,24
PO009347,2026-02-19,2026-02-22,2026-02-25,ST023,MED014,SUP02,48
PO009348,2026-02-19,2026-02-23,2026-02-25,ST023,MED016,SUP04,48
PO009349,2026-02-19,2026-02-21,2026-02-21,ST023,MED018,SUP02,48
PO009350,2026-02-19,2026-02-21,2026-02-21,ST023,MED024,SUP04,72
PO009351,2026-02-19,2026-02-23,2026-02-23,ST024,MED004,SUP04,48
PO009352,2026-02-19,2026-02-22,2026-02-22,ST024,MED010,SUP02,36
PO009353,2026-02-19,2026-02-22,2026-02-22,ST024,MED012,SUP04,60
PO009354,2026-02-19,2026-02-24,2026-02-24,ST025,MED002,SUP02,60
PO009355,2026-02-19,2026-02-21,2026-02-21,ST025,MED015,SUP03,72
PO009356,2026-02-19,2026-02-22,2026-02-22,ST026,MED005,SUP01,60
PO009357,2026-02-19,2026-02-24,2026-02-25,ST026,MED008,SUP04,24
PO009358,2026-02-19,2026-02-21,2026-02-21,ST026,MED018,SUP02,48
PO009359,2026-02-19,2026-02-21,2026-02-21,ST026,MED022,SUP02,42
PO009360,2026-02-19,2026-02-22,2026-02-22,ST027,MED003,SUP03,24
PO009361,2026-02-19,2026-02-21,2026-02-21,ST027,MED004,SUP04,60
PO009362,2026-02-19,2026-02-21,2026-02-21,ST027,MED020,SUP04,48
PO009363,2026-02-19,2026-02-23,2026-02-23,ST028,MED004,SUP04,48
PO009364,2026-02-19,2026-02-22,2026-02-22,ST028,MED009,SUP01,60
PO009365,2026-02-19,2026-02-21,2026-02-22,ST028,MED028,SUP04,48
PO009366,2026-02-19,2026-02-22,2026-02-22,ST029,MED017,SUP01,72
PO009367,2026-02-19,2026-02-21,2026-02-21,ST029,MED022,SUP02,42
PO009368,2026-02-19,2026-02-21,2026-02-21,ST029,MED029,SUP01,72
PO009369,2026-02-19,2026-02-23,2026-02-23,ST030,MED005,SUP01,72
PO009370,2026-02-19,2026-02-21,2026-02-22,ST030,MED010,SUP02,24
PO009371,2026-02-19,2026-02-21,2026-02-21,ST030,MED016,SUP04,48
PO009372,2026-02-19,2026-02-21,2026-02-23,ST030,MED026,SUP02,72
PO009373,2026-02-19,2026-02-21,2026-02-21,ST031,MED023,SUP03,60
PO009374,2026-02-19,2026-02-22,2026-02-24,ST031,MED028,SUP04,48
PO009375,2026-02-19,2026-02-22,2026-02-22,ST032,MED003,SUP03,24
PO009376,2026-02-19,2026-02-24,2026-02-24,ST032,MED008,SUP04,24
PO009377,2026-02-19,2026-02-21,2026-02-21,ST032,MED011,SUP03,60
PO009378,2026-02-19,2026-02-24,2026-02-24,ST032,MED015,SUP03,72
PO009379,2026-02-19,2026-02-21,2026-02-21,ST032,MED016,SUP04,48
PO009380,2026-02-19,2026-02-22,2026-02-22,ST032,MED023,SUP03,72
PO009381,2026-02-19,2026-02-21,2026-02-22,ST032,MED028,SUP04,48
PO009382,2026-02-19,2026-02-24,2026-02-24,ST033,MED002,SUP02,66
PO009383,2026-02-19,2026-02-24,2026-02-24,ST033,MED004,SUP04,48
PO009384,2026-02-19,2026-02-22,2026-02-22,ST033,MED015,SUP03,72
PO009385,2026-02-19,2026-02-22,2026-02-22,ST034,MED001,SUP01,72
PO009386,2026-02-19,2026-02-23,2026-02-23,ST034,MED009,SUP01,60
PO009387,2026-02-19,2026-02-22,2026-02-22,ST034,MED010,SUP02,24
PO009388,2026-02-19,2026-02-21,2026-02-21,ST034,MED011,SUP03,60
PO009389,2026-02-19,2026-02-23,2026-02-24,ST034,MED019,SUP03,24
PO009390,2026-02-19,2026-02-22,2026-02-22,ST034,MED021,SUP01,60
PO009391,2026-02-19,2026-02-23,2026-02-23,ST034,MED022,SUP02,48
PO009392,2026-02-19,2026-02-23,2026-02-26,ST034,MED023,SUP03,60
PO009393,2026-02-19,2026-02-24,2026-02-24,ST035,MED023,SUP03,60
PO009394,2026-02-19,2026-02-23,2026-02-23,ST035,MED029,SUP01,72
PO009395,2026-02-19,2026-02-22,2026-02-22,ST036,MED012,SUP04,60
PO009396,2026-02-19,2026-02-21,2026-02-21,ST036,MED024,SUP04,72
PO009397,2026-02-19,2026-02-24,2026-02-24,ST037,MED001,SUP01,72
PO009398,2026-02-19,2026-02-24,2026-02-24,ST037,MED005,SUP01,60
PO009399,2026-02-19,2026-02-21,2026-02-21,ST037,MED009,SUP01,60
PO009400,2026-02-19,2026-02-22,2026-02-22,ST037,MED016,SUP04,48
PO009401,2026-02-19,2026-02-21,2026-02-21,ST037,MED018,SUP02,48
PO009402,2026-02-19,2026-02-23,2026-02-23,ST037,MED021,SUP01,60
PO009403,2026-02-19,2026-02-23,2026-02-23,ST038,MED002,SUP02,60
PO009404,2026-02-19,2026-02-23,2026-02-23,ST038,MED016,SUP04,48
PO009405,2026-02-19,2026-02-23,2026-02-23,ST038,MED020,SUP04,48
PO009406,2026-02-19,2026-02-22,2026-02-22,ST038,MED024,SUP04,72
PO009407,2026-02-19,2026-02-24,2026-02-27,ST039,MED005,SUP01,60
PO009408,2026-02-19,2026-02-23,2026-02-23,ST039,MED007,SUP03,24
PO009409,2026-02-19,2026-02-23,2026-02-23,ST039,MED009,SUP01,60
PO009410,2026-02-19,2026-02-23,2026-02-23,ST039,MED013,SUP01,48
PO009411,2026-02-19,2026-02-23,2026-02-23,ST039,MED028,SUP04,48
PO009412,2026-02-19,2026-02-24,2026-02-24,ST039,MED030,SUP02,30
PO009413,2026-02-19,2026-02-24,2026-02-24,ST040,MED004,SUP04,48
PO009414,2026-02-19,2026-02-21,2026-02-21,ST040,MED019,SUP03,24
PO009415,2026-02-19,2026-02-23,2026-02-23,ST040,MED021,SUP01,54
PO009416,2026-02-20,2026-02-23,2026-02-23,ST001,MED011,SUP03,66
PO009417,2026-02-20,2026-02-25,2026-02-25,ST001,MED012,SUP04,60
PO009418,2026-02-20,2026-02-23,2026-02-23,ST001,MED020,SUP04,48
PO009419,2026-02-20,2026-02-22,2026-02-22,ST001,MED030,SUP02,30
PO009420,2026-02-20,2026-02-24,2026-02-24,ST002,MED001,SUP01,72
PO009421,2026-02-20,2026-02-25,2026-02-25,ST002,MED013,SUP01,48
PO009422,2026-02-20,2026-02-22,2026-02-22,ST002,MED017,SUP01,72
PO009423,2026-02-20,2026-02-25,2026-02-25,ST002,MED026,SUP02,72
PO009424,2026-02-20,2026-02-23,2026-02-23,ST003,MED024,SUP04,84
PO009425,2026-02-20,2026-02-24,2026-02-27,ST003,MED029,SUP01,48
PO009426,2026-02-20,2026-02-24,2026-02-24,ST004,MED005,SUP01,72
PO009427,2026-02-20,2026-02-25,2026-02-25,ST004,MED009,SUP01,60
PO009428,2026-02-20,2026-02-25,2026-02-25,ST004,MED010,SUP02,24
PO009429,2026-02-20,2026-02-22,2026-02-22,ST004,MED011,SUP03,60
PO009430,2026-02-20,2026-02-25,2026-02-25,ST004,MED013,SUP01,48
PO009431,2026-02-20,2026-02-23,2026-02-23,ST004,MED021,SUP01,60
PO009432,2026-02-20,2026-02-24,2026-02-24,ST004,MED027,SUP03,72
PO009433,2026-02-20,2026-02-25,2026-02-25,ST004,MED029,SUP01,72
PO009434,2026-02-20,2026-02-22,2026-02-22,ST005,MED002,SUP02,60
PO009435,2026-02-20,2026-02-23,2026-02-23,ST005,MED009,SUP01,60
PO009436,2026-02-20,2026-02-24,2026-02-24,ST005,MED015,SUP03,72
PO009437,2026-02-20,2026-02-25,2026-02-25,ST005,MED020,SUP04,48
PO009438,2026-02-20,2026-02-25,2026-02-25,ST007,MED013,SUP01,48
PO009439,2026-02-20,2026-02-23,2026-02-23,ST007,MED019,SUP03,24
PO009440,2026-02-20,2026-02-23,2026-02-26,ST007,MED027,SUP03,72
PO009441,2026-02-20,2026-02-22,2026-02-22,ST007,MED028,SUP04,48
PO009442,2026-02-20,2026-02-23,2026-02-25,ST008,MED007,SUP03,24
PO009443,2026-02-20,2026-02-22,2026-02-22,ST008,MED010,SUP02,24
PO009444,2026-02-20,2026-02-23,2026-02-25,ST008,MED011,SUP03,60
PO009445,2026-02-20,2026-02-22,2026-02-22,ST008,MED017,SUP01,60
PO009446,2026-02-20,2026-02-24,2026-02-24,ST008,MED021,SUP01,60
PO009447,2026-02-20,2026-02-22,2026-02-23,ST008,MED025,SUP01,36
PO009448,2026-02-20,2026-02-23,2026-02-23,ST009,MED002,SUP02,66
PO009449,2026-02-20,2026-02-24,2026-02-24,ST009,MED013,SUP01,48
PO009450,2026-02-20,2026-02-22,2026-02-22,ST009,MED024,SUP04,72
PO009451,2026-02-20,2026-02-25,2026-02-25,ST010,MED006,SUP02,60
PO009452,2026-02-20,2026-02-22,2026-02-22,ST010,MED009,SUP01,60
PO009453,2026-02-20,2026-02-24,2026-02-24,ST010,MED010,SUP02,24
PO009454,2026-02-20,2026-02-22,2026-02-22,ST010,MED011,SUP03,60
PO009455,2026-02-20,2026-02-22,2026-02-22,ST010,MED014,SUP02,48
PO009456,2026-02-20,2026-02-24,2026-02-24,ST010,MED023,SUP03,72
PO009457,2026-02-20,2026-02-25,2026-02-27,ST011,MED003,SUP03,24
PO009458,2026-02-20,2026-02-25,2026-02-25,ST011,MED013,SUP01,48
PO009459,2026-02-20,2026-02-23,2026-02-23,ST011,MED021,SUP01,54
PO009460,2026-02-20,2026-02-25,2026-02-25,ST011,MED022,SUP02,42
PO009461,2026-02-20,2026-02-24,2026-02-24,ST012,MED009,SUP01,60
PO009462,2026-02-20,2026-02-25,2026-02-25,ST012,MED010,SUP02,24
PO009463,2026-02-20,2026-02-25,2026-02-27,ST012,MED020,SUP04,48
PO009464,2026-02-20,2026-02-23,2026-02-23,ST012,MED023,SUP03,60
PO009465,2026-02-20,2026-02-22,2026-02-22,ST013,MED004,SUP04,48
PO009466,2026-02-20,2026-02-25,2026-02-25,ST013,MED019,SUP03,24
PO009467,2026-02-20,2026-02-25,2026-02-25,ST013,MED022,SUP02,42
PO009468,2026-02-20,2026-02-22,2026-02-22,ST013,MED024,SUP04,84
PO009469,2026-02-20,2026-02-23,2026-02-23,ST014,MED003,SUP03,24
PO009470,2026-02-20,2026-02-25,2026-02-25,ST014,MED004,SUP04,48
PO009471,2026-02-20,2026-02-25,2026-02-28,ST014,MED015,SUP03,72
PO009472,2026-02-20,2026-02-22,2026-02-23,ST014,MED022,SUP02,42
PO009473,2026-02-20,2026-02-25,2026-02-25,ST015,MED008,SUP04,24
PO009474,2026-02-20,2026-02-23,2026-02-23,ST015,MED014,SUP02,48
PO009475,2026-02-20,2026-02-25,2026-02-25,ST016,MED002,SUP02,60
PO009476,2026-02-20,2026-02-24,2026-02-24,ST016,MED021,SUP01,60
PO009477,2026-02-20,2026-02-25,2026-02-28,ST016,MED028,SUP04,48
PO009478,2026-02-20,2026-02-24,2026-02-26,ST017,MED010,SUP02,24
PO009479,2026-02-20,2026-02-25,2026-02-25,ST017,MED012,SUP04,60
PO009480,2026-02-20,2026-02-25,2026-02-25,ST017,MED015,SUP03,96
PO009481,2026-02-20,2026-02-22,2026-02-22,ST017,MED018,SUP02,48
PO009482,2026-02-20,2026-02-25,2026-02-27,ST017,MED019,SUP03,24
PO009483,2026-02-20,2026-02-22,2026-02-24,ST017,MED029,SUP01,48
PO009484,2026-02-20,2026-02-25,2026-02-28,ST018,MED001,SUP01,72
PO009485,2026-02-20,2026-02-25,2026-02-25,ST018,MED006,SUP02,60
PO009486,2026-02-20,2026-02-23,2026-02-23,ST018,MED018,SUP02,48
PO009487,2026-02-20,2026-02-23,2026-02-23,ST018,MED020,SUP04,48
PO009488,2026-02-20,2026-02-24,2026-02-25,ST018,MED021,SUP01,54
PO009489,2026-02-20,2026-02-25,2026-02-25,ST019,MED011,SUP03,72
PO009490,2026-02-20,2026-02-25,2026-02-25,ST019,MED019,SUP03,24
PO009491,2026-02-20,2026-02-22,2026-02-22,ST019,MED021,SUP01,60
PO009492,2026-02-20,2026-02-25,2026-02-27,ST019,MED026,SUP02,72
PO009493,2026-02-20,2026-02-23,2026-02-23,ST020,MED002,SUP02,60
PO009494,2026-02-20,2026-02-24,2026-02-24,ST020,MED025,SUP01,48
PO009495,2026-02-20,2026-02-24,2026-02-24,ST020,MED027,SUP03,72
PO009496,2026-02-20,2026-02-22,2026-02-22,ST021,MED002,SUP02,60
PO009497,2026-02-20,2026-02-22,2026-02-22,ST021,MED005,SUP01,72
PO009498,2026-02-20,2026-02-23,2026-02-23,ST021,MED007,SUP03,24
PO009499,2026-02-20,2026-02-23,2026-02-26,ST021,MED023,SUP03,60
PO009500,2026-02-20,2026-02-25,2026-02-25,ST021,MED028,SUP04,48
PO009501,2026-02-20,2026-02-25,2026-02-28,ST022,MED002,SUP02,66
PO009502,2026-02-20,2026-02-23,2026-02-23,ST023,MED004,SUP04,48
PO009503,2026-02-20,2026-02-24,2026-02-24,ST023,MED007,SUP03,24
PO009504,2026-02-20,2026-02-24,2026-02-24,ST023,MED021,SUP01,54
PO009505,2026-02-20,2026-02-22,2026-02-22,ST024,MED005,SUP01,72
PO009506,2026-02-20,2026-02-22,2026-02-24,ST024,MED009,SUP01,60
PO009507,2026-02-20,2026-02-25,2026-02-25,ST024,MED014,SUP02,48
PO009508,2026-02-20,2026-02-25,2026-02-27,ST024,MED015,SUP03,72
PO009509,2026-02-20,2026-02-24,2026-02-24,ST024,MED022,SUP02,36
PO009510,2026-02-20,2026-02-25,2026-02-25,ST024,MED030,SUP02,30
PO009511,2026-02-20,2026-02-24,2026-02-24,ST025,MED014,SUP02,48
PO009512,2026-02-20,2026-02-23,2026-02-23,ST025,MED019,SUP03,24
PO009513,2026-02-20,2026-02-22,2026-02-25,ST025,MED026,SUP02,72
PO009514,2026-02-20,2026-02-23,2026-02-26,ST025,MED027,SUP03,72
PO009515,2026-02-20,2026-02-22,2026-02-22,ST025,MED029,SUP01,48
PO009516,2026-02-20,2026-02-23,2026-02-24,ST026,MED012,SUP04,60
PO009517,2026-02-20,2026-02-24,2026-02-24,ST026,MED021,SUP01,60
PO009518,2026-02-20,2026-02-25,2026-02-25,ST026,MED023,SUP03,72
PO009519,2026-02-20,2026-02-24,2026-02-24,ST026,MED025,SUP01,36
PO009520,2026-02-20,2026-02-23,2026-02-23,ST027,MED002,SUP02,66
PO009521,2026-02-20,2026-02-23,2026-02-23,ST027,MED009,SUP01,60
PO009522,2026-02-20,2026-02-23,2026-02-23,ST027,MED022,SUP02,42
PO009523,2026-02-20,2026-02-25,2026-02-25,ST027,MED026,SUP02,72
PO009524,2026-02-20,2026-02-24,2026-02-24,ST027,MED027,SUP03,72
PO009525,2026-02-20,2026-02-24,2026-02-24,ST027,MED028,SUP04,48
PO009526,2026-02-20,2026-02-25,2026-02-25,ST028,MED015,SUP03,72
PO009527,2026-02-20,2026-02-25,2026-02-25,ST028,MED018,SUP02,48
PO009528,2026-02-20,2026-02-24,2026-02-24,ST028,MED027,SUP03,72
PO009529,2026-02-20,2026-02-22,2026-02-22,ST029,MED005,SUP01,60
PO009530,2026-02-20,2026-02-23,2026-02-23,ST029,MED013,SUP01,48
PO009531,2026-02-20,2026-02-24,2026-02-24,ST029,MED015,SUP03,72
PO009532,2026-02-20,2026-02-23,2026-02-23,ST029,MED021,SUP01,54
PO009533,2026-02-20,2026-02-23,2026-02-23,ST030,MED001,SUP01,72
PO009534,2026-02-20,2026-02-22,2026-02-22,ST030,MED020,SUP04,48
PO009535,2026-02-20,2026-02-23,2026-02-23,ST031,MED001,SUP01,72
PO009536,2026-02-20,2026-02-25,2026-02-25,ST031,MED008,SUP04,24
PO009537,2026-02-20,2026-02-23,2026-02-24,ST031,MED017,SUP01,72
PO009538,2026-02-20,2026-02-24,2026-02-24,ST031,MED019,SUP03,24
PO009539,2026-02-20,2026-02-25,2026-02-25,ST031,MED021,SUP01,54
PO009540,2026-02-20,2026-02-25,2026-02-27,ST032,MED009,SUP01,60
PO009541,2026-02-20,2026-02-24,2026-02-24,ST032,MED025,SUP01,48
PO009542,2026-02-20,2026-02-23,2026-02-23,ST033,MED020,SUP04,48
PO009543,2026-02-20,2026-02-22,2026-02-22,ST033,MED021,SUP01,60
PO009544,2026-02-20,2026-02-25,2026-02-25,ST033,MED025,SUP01,48
PO009545,2026-02-20,2026-02-25,2026-02-25,ST034,MED002,SUP02,66
PO009546,2026-02-20,2026-02-22,2026-02-22,ST034,MED004,SUP04,48
PO009547,2026-02-20,2026-02-24,2026-02-24,ST034,MED007,SUP03,24
PO009548,2026-02-20,2026-02-23,2026-02-24,ST035,MED022,SUP02,42
PO009549,2026-02-20,2026-02-25,2026-02-25,ST035,MED027,SUP03,84
PO009550,2026-02-20,2026-02-25,2026-02-25,ST036,MED010,SUP02,36
PO009551,2026-02-20,2026-02-24,2026-02-24,ST036,MED017,SUP01,72
PO009552,2026-02-20,2026-02-22,2026-02-22,ST036,MED021,SUP01,60
PO009553,2026-02-20,2026-02-25,2026-02-26,ST036,MED022,SUP02,42
PO009554,2026-02-20,2026-02-25,2026-02-25,ST036,MED025,SUP01,36
PO009555,2026-02-20,2026-02-24,2026-02-24,ST036,MED026,SUP02,72
PO009556,2026-02-20,2026-02-23,2026-02-23,ST037,MED004,SUP04,48
PO009557,2026-02-20,2026-02-22,2026-02-22,ST037,MED006,SUP02,60
PO009558,2026-02-20,2026-02-24,2026-02-24,ST037,MED026,SUP02,72
PO009559,2026-02-20,2026-02-23,2026-02-24,ST038,MED005,SUP01,60
PO009560,2026-02-20,2026-02-23,2026-02-23,ST038,MED008,SUP04,24
PO009561,2026-02-20,2026-02-23,2026-02-23,ST038,MED011,SUP03,60
PO009562,2026-02-20,2026-02-25,2026-02-25,ST038,MED021,SUP01,60
PO009563,2026-02-20,2026-02-25,2026-02-28,ST038,MED026,SUP02,72
PO009564,2026-02-20,2026-02-24,2026-02-24,ST038,MED030,SUP02,36
PO009565,2026-02-20,2026-02-24,2026-02-24,ST039,MED001,SUP01,72
PO009566,2026-02-20,2026-02-23,2026-02-23,ST039,MED006,SUP02,60
PO009567,2026-02-20,2026-02-25,2026-02-25,ST039,MED008,SUP04,24
PO009568,2026-02-20,2026-02-25,2026-02-25,ST039,MED010,SUP02,24
PO009569,2026-02-20,2026-02-22,2026-02-22,ST039,MED015,SUP03,96
PO009570,2026-02-20,2026-02-24,2026-02-24,ST039,MED017,SUP01,72
PO009571,2026-02-20,2026-02-25,2026-02-28,ST039,MED025,SUP01,36
PO009572,2026-02-20,2026-02-23,2026-02-23,ST040,MED009,SUP01,60
PO009573,2026-02-20,2026-02-23,2026-02-23,ST040,MED010,SUP02,24
PO009574,2026-02-20,2026-02-25,2026-02-25,ST040,MED012,SUP04,72
PO009575,2026-02-20,2026-02-25,2026-02-25,ST040,MED027,SUP03,72
PO009576,2026-02-21,2026-02-23,2026-02-23,ST001,MED013,SUP01,48
PO009577,2026-02-21,2026-02-23,2026-02-23,ST001,MED025,SUP01,36
PO009578,2026-02-21,2026-02-25,2026-02-25,ST002,MED004,SUP04,60
PO009579,2026-02-21,2026-02-24,2026-02-24,ST002,MED005,SUP01,60
PO009580,2026-02-21,2026-02-23,2026-02-23,ST002,MED006,SUP02,60
PO009581,2026-02-21,2026-02-25,2026-02-25,ST002,MED011,SUP03,60
PO009582,2026-02-21,2026-02-23,2026-02-23,ST002,MED024,SUP04,72
PO009583,2026-02-21,2026-02-24,2026-02-24,ST003,MED006,SUP02,60
PO009584,2026-02-21,2026-02-26,2026-02-26,ST003,MED017,SUP01,72
PO009585,2026-02-21,2026-02-24,2026-02-24,ST003,MED019,SUP03,24
PO009586,2026-02-21,2026-02-24,2026-02-24,ST003,MED022,SUP02,42
PO009587,2026-02-21,2026-02-25,2026-02-28,ST003,MED025,SUP01,36
PO009588,2026-02-21,2026-02-24,2026-02-24,ST003,MED028,SUP04,48
PO009589,2026-02-21,2026-02-26,2026-02-26,ST004,MED004,SUP04,48
PO009590,2026-02-21,2026-02-23,2026-02-23,ST004,MED017,SUP01,60
PO009591,2026-02-21,2026-02-26,2026-02-26,ST004,MED024,SUP04,72
PO009592,2026-02-21,2026-02-25,2026-02-25,ST004,MED025,SUP01,36
PO009593,2026-02-21,2026-02-24,2026-02-26,ST005,MED004,SUP04,60
PO009594,2026-02-21,2026-02-23,2026-02-24,ST005,MED005,SUP01,72
PO009595,2026-02-21,2026-02-24,2026-02-24,ST005,MED006,SUP02,60
PO009596,2026-02-21,2026-02-25,2026-02-25,ST005,MED008,SUP04,24
PO009597,2026-02-21,2026-02-26,2026-02-26,ST005,MED012,SUP04,60
PO009598,2026-02-21,2026-02-25,2026-02-25,ST005,MED018,SUP02,48
PO009599,2026-02-21,2026-02-23,2026-02-23,ST005,MED024,SUP04,72
PO009600,2026-02-21,2026-02-23,2026-02-23,ST006,MED002,SUP02,72
PO009601,2026-02-21,2026-02-23,2026-02-23,ST006,MED004,SUP04,48
PO009602,2026-02-21,2026-02-23,2026-02-23,ST006,MED007,SUP03,24
PO009603,2026-02-21,2026-02-26,2026-02-26,ST006,MED011,SUP03,78
PO009604,2026-02-21,2026-02-24,2026-02-24,ST006,MED012,SUP04,60
PO009605,2026-02-21,2026-02-23,2026-02-23,ST006,MED013,SUP01,36
PO009606,2026-02-21,2026-02-24,2026-02-24,ST006,MED016,SUP04,48
PO009607,2026-02-21,2026-02-23,2026-02-23,ST006,MED023,SUP03,60
PO009608,2026-02-21,2026-02-24,2026-02-24,ST006,MED024,SUP04,72
PO009609,2026-02-21,2026-02-26,2026-03-01,ST006,MED027,SUP03,72
PO009610,2026-02-21,2026-02-23,2026-02-23,ST006,MED028,SUP04,48
PO009611,2026-02-21,2026-02-25,2026-02-25,ST007,MED003,SUP03,24
PO009612,2026-02-21,2026-02-25,2026-02-25,ST007,MED022,SUP02,42
PO009613,2026-02-21,2026-02-26,2026-02-26,ST007,MED025,SUP01,36
PO009614,2026-02-21,2026-02-24,2026-02-27,ST008,MED014,SUP02,48
PO009615,2026-02-21,2026-02-25,2026-02-25,ST008,MED018,SUP02,48
PO009616,2026-02-21,2026-02-25,2026-02-25,ST008,MED019,SUP03,24
PO009617,2026-02-21,2026-02-26,2026-02-26,ST008,MED022,SUP02,42
PO009618,2026-02-21,2026-02-25,2026-02-25,ST008,MED024,SUP04,72
PO009619,2026-02-21,2026-02-25,2026-02-25,ST008,MED029,SUP01,48
PO009620,2026-02-21,2026-02-24,2026-02-24,ST009,MED006,SUP02,60
PO009621,2026-02-21,2026-02-25,2026-02-25,ST009,MED009,SUP01,60
PO009622,2026-02-21,2026-02-25,2026-02-25,ST009,MED010,SUP02,24
PO009623,2026-02-21,2026-02-25,2026-02-25,ST009,MED020,SUP04,48
PO009624,2026-02-21,2026-02-26,2026-02-26,ST009,MED023,SUP03,72
PO009625,2026-02-21,2026-02-25,2026-02-26,ST009,MED027,SUP03,72
PO009626,2026-02-21,2026-02-23,2026-02-23,ST010,MED012,SUP04,60
PO009627,2026-02-21,2026-02-24,2026-02-24,ST010,MED024,SUP04,84
PO009628,2026-02-21,2026-02-23,2026-02-23,ST010,MED025,SUP01,36
PO009629,2026-02-21,2026-02-23,2026-02-23,ST010,MED026,SUP02,72
PO009630,2026-02-21,2026-02-23,2026-02-23,ST010,MED027,SUP03,72
PO009631,2026-02-21,2026-02-24,2026-02-24,ST010,MED029,SUP01,72
PO009632,2026-02-21,2026-02-26,2026-02-26,ST011,MED001,SUP01,72
PO009633,2026-02-21,2026-02-23,2026-02-23,ST011,MED005,SUP01,60
PO009634,2026-02-21,2026-02-24,2026-02-24,ST011,MED006,SUP02,60
PO009635,2026-02-21,2026-02-24,2026-02-26,ST011,MED007,SUP03,24
PO009636,2026-02-21,2026-02-26,2026-02-26,ST011,MED012,SUP04,72
PO009637,2026-02-21,2026-02-24,2026-02-24,ST011,MED019,SUP03,24
PO009638,2026-02-21,2026-02-25,2026-02-25,ST011,MED027,SUP03,72
PO009639,2026-02-21,2026-02-23,2026-02-23,ST011,MED030,SUP02,36
PO009640,2026-02-21,2026-02-25,2026-02-28,ST012,MED001,SUP01,72
PO009641,2026-02-21,2026-02-24,2026-02-24,ST012,MED003,SUP03,24
PO009642,2026-02-21,2026-02-24,2026-02-24,ST012,MED005,SUP01,72
PO009643,2026-02-21,2026-02-25,2026-02-25,ST012,MED006,SUP02,72
PO009644,2026-02-21,2026-02-23,2026-02-23,ST012,MED011,SUP03,72
PO009645,2026-02-21,2026-02-23,2026-02-26,ST012,MED019,SUP03,24
PO009646,2026-02-21,2026-02-23,2026-02-23,ST012,MED024,SUP04,72
PO009647,2026-02-21,2026-02-24,2026-02-26,ST012,MED025,SUP01,36
PO009648,2026-02-21,2026-02-26,2026-02-26,ST012,MED027,SUP03,72
PO009649,2026-02-21,2026-02-25,2026-02-25,ST013,MED002,SUP02,66
PO009650,2026-02-21,2026-02-23,2026-02-23,ST013,MED008,SUP04,24
PO009651,2026-02-21,2026-02-25,2026-02-25,ST013,MED011,SUP03,60
PO009652,2026-02-21,2026-02-23,2026-02-23,ST013,MED025,SUP01,36
PO009653,2026-02-21,2026-02-25,2026-02-25,ST013,MED026,SUP02,72
PO009654,2026-02-21,2026-02-26,2026-02-26,ST014,MED001,SUP01,72
PO009655,2026-02-21,2026-02-25,2026-02-25,ST014,MED008,SUP04,24
PO009656,2026-02-21,2026-02-26,2026-02-26,ST014,MED010,SUP02,24
PO009657,2026-02-21,2026-02-23,2026-02-23,ST014,MED012,SUP04,60
PO009658,2026-02-21,2026-02-26,2026-02-26,ST014,MED024,SUP04,72
PO009659,2026-02-21,2026-02-23,2026-02-23,ST014,MED026,SUP02,72
PO009660,2026-02-21,2026-02-26,2026-02-26,ST015,MED011,SUP03,60
PO009661,2026-02-21,2026-02-26,2026-02-26,ST015,MED018,SUP02,48
PO009662,2026-02-21,2026-02-24,2026-02-24,ST015,MED021,SUP01,54
PO009663,2026-02-21,2026-02-24,2026-02-24,ST015,MED025,SUP01,36
PO009664,2026-02-21,2026-02-24,2026-02-24,ST016,MED011,SUP03,60
PO009665,2026-02-21,2026-02-24,2026-02-24,ST016,MED012,SUP04,72
PO009666,2026-02-21,2026-02-24,2026-02-24,ST016,MED013,SUP01,48
PO009667,2026-02-21,2026-02-23,2026-02-26,ST016,MED015,SUP03,72
PO009668,2026-02-21,2026-02-25,2026-02-25,ST016,MED026,SUP02,72
PO009669,2026-02-21,2026-02-23,2026-02-23,ST017,MED006,SUP02,72
PO009670,2026-02-21,2026-02-25,2026-02-25,ST017,MED011,SUP03,66
PO009671,2026-02-21,2026-02-23,2026-02-23,ST017,MED016,SUP04,48
PO009672,2026-02-21,2026-02-26,2026-02-28,ST017,MED030,SUP02,30
PO009673,2026-02-21,2026-02-23,2026-02-23,ST018,MED004,SUP04,48
PO009674,2026-02-21,2026-02-26,2026-02-26,ST018,MED010,SUP02,36
PO009675,2026-02-21,2026-02-25,2026-02-26,ST018,MED016,SUP04,48
PO009676,2026-02-21,2026-02-24,2026-02-24,ST018,MED017,SUP01,60
PO009677,2026-02-21,2026-02-24,2026-02-24,ST018,MED019,SUP03,24
PO009678,2026-02-21,2026-02-24,2026-02-24,ST018,MED024,SUP04,72
PO009679,2026-02-21,2026-02-25,2026-02-28,ST018,MED026,SUP02,72
PO009680,2026-02-21,2026-02-24,2026-02-24,ST018,MED028,SUP04,48
PO009681,2026-02-21,2026-02-23,2026-02-23,ST019,MED004,SUP04,48
PO009682,2026-02-21,2026-02-25,2026-02-25,ST019,MED018,SUP02,48
PO009683,2026-02-21,2026-02-25,2026-02-25,ST019,MED022,SUP02,48
PO009684,2026-02-21,2026-02-24,2026-02-24,ST019,MED023,SUP03,72
PO009685,2026-02-21,2026-02-26,2026-02-27,ST019,MED027,SUP03,72
PO009686,2026-02-21,2026-02-26,2026-02-26,ST020,MED006,SUP02,60
PO009687,2026-02-21,2026-02-26,2026-02-26,ST020,MED010,SUP02,24
PO009688,2026-02-21,2026-02-24,2026-02-27,ST020,MED012,SUP04,60
PO009689,2026-02-21,2026-02-26,2026-02-27,ST020,MED015,SUP03,96
PO009690,2026-02-21,2026-02-24,2026-02-24,ST020,MED024,SUP04,72
PO009691,2026-02-21,2026-02-23,2026-02-24,ST021,MED003,SUP03,24
PO009692,2026-02-21,2026-02-23,2026-02-23,ST021,MED009,SUP01,60
PO009693,2026-02-21,2026-02-24,2026-02-24,ST021,MED011,SUP03,72
PO009694,2026-02-21,2026-02-24,2026-02-24,ST021,MED014,SUP02,48
PO009695,2026-02-21,2026-02-26,2026-02-26,ST021,MED026,SUP02,72
PO009696,2026-02-21,2026-02-26,2026-02-28,ST021,MED030,SUP02,30
PO009697,2026-02-21,2026-02-24,2026-02-24,ST022,MED005,SUP01,72
PO009698,2026-02-21,2026-02-23,2026-02-23,ST022,MED011,SUP03,60
PO009699,2026-02-21,2026-02-25,2026-02-25,ST022,MED012,SUP04,60
PO009700,2026-02-21,2026-02-23,2026-02-23,ST022,MED024,SUP04,72
PO009701,2026-02-21,2026-02-26,2026-02-26,ST022,MED028,SUP04,48
PO009702,2026-02-21,2026-02-25,2026-02-25,ST023,MED001,SUP01,72
PO009703,2026-02-21,2026-02-23,2026-02-24,ST023,MED005,SUP01,60
PO009704,2026-02-21,2026-02-24,2026-02-24,ST023,MED006,SUP02,60
PO009705,2026-02-21,2026-02-23,2026-02-23,ST023,MED013,SUP01,48
PO009706,2026-02-21,2026-02-25,2026-02-25,ST023,MED025,SUP01,36
PO009707,2026-02-21,2026-02-26,2026-02-28,ST023,MED027,SUP03,72
PO009708,2026-02-21,2026-02-24,2026-02-24,ST024,MED006,SUP02,60
PO009709,2026-02-21,2026-02-25,2026-02-25,ST024,MED011,SUP03,66
PO009710,2026-02-21,2026-02-25,2026-02-25,ST024,MED013,SUP01,48
PO009711,2026-02-21,2026-02-25,2026-02-25,ST024,MED016,SUP04,48
PO009712,2026-02-21,2026-02-24,2026-02-24,ST024,MED024,SUP04,72
PO009713,2026-02-21,2026-02-25,2026-02-25,ST024,MED025,SUP01,36
PO009714,2026-02-21,2026-02-24,2026-02-26,ST024,MED027,SUP03,72
PO009715,2026-02-21,2026-02-24,2026-02-24,ST024,MED029,SUP01,72
PO009716,2026-02-21,2026-02-23,2026-02-23,ST025,MED013,SUP01,48
PO009717,2026-02-21,2026-02-25,2026-02-25,ST025,MED016,SUP04,48
PO009718,2026-02-21,2026-02-26,2026-02-26,ST025,MED020,SUP04,48
PO009719,2026-02-21,2026-02-23,2026-02-23,ST025,MED025,SUP01,36
PO009720,2026-02-21,2026-02-23,2026-02-23,ST025,MED028,SUP04,48
PO009721,2026-02-21,2026-02-23,2026-02-23,ST025,MED030,SUP02,36
PO009722,2026-02-21,2026-02-26,2026-03-01,ST026,MED001,SUP01,72
PO009723,2026-02-21,2026-02-26,2026-02-26,ST026,MED009,SUP01,60
PO009724,2026-02-21,2026-02-24,2026-02-24,ST026,MED013,SUP01,48
PO009725,2026-02-21,2026-02-25,2026-02-25,ST026,MED017,SUP01,72
PO009726,2026-02-21,2026-02-26,2026-02-27,ST026,MED024,SUP04,72
PO009727,2026-02-21,2026-02-25,2026-02-25,ST026,MED026,SUP02,72
PO009728,2026-02-21,2026-02-25,2026-02-25,ST027,MED001,SUP01,96
PO009729,2026-02-21,2026-02-24,2026-02-24,ST027,MED006,SUP02,72
PO009730,2026-02-21,2026-02-26,2026-02-26,ST027,MED017,SUP01,72
PO009731,2026-02-21,2026-02-24,2026-02-24,ST027,MED019,SUP03,24
PO009732,2026-02-21,2026-02-26,2026-02-26,ST027,MED024,SUP04,84
PO009733,2026-02-21,2026-02-25,2026-02-25,ST028,MED003,SUP03,24
PO009734,2026-02-21,2026-02-23,2026-02-23,ST028,MED007,SUP03,24
PO009735,2026-02-21,2026-02-24,2026-02-24,ST028,MED024,SUP04,72
PO009736,2026-02-21,2026-02-24,2026-02-24,ST028,MED029,SUP01,48
PO009737,2026-02-21,2026-02-26,2026-03-01,ST029,MED003,SUP03,24
PO009738,2026-02-21,2026-02-23,2026-02-26,ST029,MED004,SUP04,60
PO009739,2026-02-21,2026-02-23,2026-02-23,ST029,MED019,SUP03,24
PO009740,2026-02-21,2026-02-26,2026-02-26,ST029,MED023,SUP03,60
PO009741,2026-02-21,2026-02-26,2026-02-26,ST029,MED026,SUP02,72
PO009742,2026-02-21,2026-02-23,2026-02-23,ST029,MED027,SUP03,72
PO009743,2026-02-21,2026-02-26,2026-02-26,ST030,MED011,SUP03,60
PO009744,2026-02-21,2026-02-23,2026-02-23,ST030,MED012,SUP04,60
PO009745,2026-02-21,2026-02-23,2026-02-24,ST030,MED014,SUP02,48
PO009746,2026-02-21,2026-02-26,2026-02-26,ST030,MED017,SUP01,60
PO009747,2026-02-21,2026-02-26,2026-03-01,ST030,MED021,SUP01,60
PO009748,2026-02-21,2026-02-24,2026-02-24,ST030,MED022,SUP02,42
PO009749,2026-02-21,2026-02-26,2026-02-26,ST030,MED027,SUP03,72
PO009750,2026-02-21,2026-02-25,2026-02-25,ST030,MED028,SUP04,48
PO009751,2026-02-21,2026-02-25,2026-02-25,ST031,MED007,SUP03,24
PO009752,2026-02-21,2026-02-24,2026-02-24,ST031,MED014,SUP02,48
PO009753,2026-02-21,2026-02-24,2026-02-24,ST031,MED016,SUP04,48
PO009754,2026-02-21,2026-02-24,2026-02-24,ST032,MED012,SUP04,60
PO009755,2026-02-21,2026-02-26,2026-02-26,ST032,MED019,SUP03,24
PO009756,2026-02-21,2026-02-24,2026-02-24,ST032,MED020,SUP04,48
PO009757,2026-02-21,2026-02-25,2026-02-25,ST032,MED026,SUP02,72
PO009758,2026-02-21,2026-02-23,2026-02-23,ST032,MED030,SUP02,36
PO009759,2026-02-21,2026-02-23,2026-02-23,ST033,MED001,SUP01,72
PO009760,2026-02-21,2026-02-25,2026-02-27,ST033,MED017,SUP01,72
PO009761,2026-02-21,2026-02-23,2026-02-23,ST033,MED022,SUP02,48
PO009762,2026-02-21,2026-02-26,2026-02-26,ST033,MED024,SUP04,72
PO009763,2026-02-21,2026-02-23,2026-02-23,ST033,MED026,SUP02,72
PO009764,2026-02-21,2026-02-23,2026-02-23,ST033,MED027,SUP03,84
PO009765,2026-02-21,2026-02-24,2026-02-24,ST033,MED030,SUP02,30
PO009766,2026-02-21,2026-02-24,2026-02-24,ST034,MED012,SUP04,72
PO009767,2026-02-21,2026-02-25,2026-02-25,ST034,MED014,SUP02,48
PO009768,2026-02-21,2026-02-25,2026-02-25,ST034,MED028,SUP04,48
PO009769,2026-02-21,2026-02-23,2026-02-23,ST035,MED007,SUP03,24
PO009770,2026-02-21,2026-02-25,2026-02-26,ST035,MED013,SUP01,48
PO009771,2026-02-21,2026-02-23,2026-02-26,ST035,MED020,SUP04,48
PO009772,2026-02-21,2026-02-23,2026-02-23,ST035,MED021,SUP01,60
PO009773,2026-02-21,2026-02-24,2026-02-24,ST035,MED025,SUP01,36
PO009774,2026-02-21,2026-02-23,2026-02-23,ST036,MED001,SUP01,72
PO009775,2026-02-21,2026-02-23,2026-02-23,ST036,MED005,SUP01,60
PO009776,2026-02-21,2026-02-26,2026-02-26,ST036,MED023,SUP03,72
PO009777,2026-02-21,2026-02-25,2026-02-25,ST036,MED027,SUP03,72
PO009778,2026-02-21,2026-02-25,2026-02-25,ST036,MED030,SUP02,30
PO009779,2026-02-21,2026-02-24,2026-02-24,ST037,MED002,SUP02,66
PO009780,2026-02-21,2026-02-26,2026-02-26,ST037,MED011,SUP03,72
PO009781,2026-02-21,2026-02-26,2026-02-26,ST037,MED012,SUP04,60
PO009782,2026-02-21,2026-02-26,2026-02-26,ST037,MED019,SUP03,24
PO009783,2026-02-21,2026-02-26,2026-02-26,ST037,MED020,SUP04,48
PO009784,2026-02-21,2026-02-23,2026-02-23,ST037,MED030,SUP02,30
PO009785,2026-02-21,2026-02-26,2026-02-26,ST038,MED007,SUP03,24
PO009786,2026-02-21,2026-02-23,2026-02-23,ST038,MED013,SUP01,48
PO009787,2026-02-21,2026-02-23,2026-02-23,ST038,MED023,SUP03,72
PO009788,2026-02-21,2026-02-24,2026-02-24,ST038,MED029,SUP01,72
PO009789,2026-02-21,2026-02-25,2026-02-25,ST039,MED018,SUP02,48
PO009790,2026-02-21,2026-02-26,2026-03-01,ST039,MED023,SUP03,60
PO009791,2026-02-21,2026-02-23,2026-02-23,ST040,MED022,SUP02,42
PO009792,2026-02-21,2026-02-25,2026-02-25,ST040,MED023,SUP03,72
PO009793,2026-02-21,2026-02-23,2026-02-23,ST040,MED024,SUP04,72
PO009794,2026-02-21,2026-02-24,2026-02-24,ST040,MED025,SUP01,48
PO009795,2026-02-21,2026-02-23,2026-02-23,ST040,MED026,SUP02,72
PO009796,2026-02-21,2026-02-24,2026-02-24,ST040,MED028,SUP04,48
PO009797,2026-02-22,2026-02-24,2026-02-24,ST001,MED009,SUP01,60
PO009798,2026-02-22,2026-02-25,2026-02-25,ST001,MED017,SUP01,72
PO009799,2026-02-22,2026-02-24,2026-02-27,ST001,MED018,SUP02,48
PO009800,2026-02-22,2026-02-25,2026-02-25,ST001,MED021,SUP01,54
PO009801,2026-02-22,2026-02-27,2026-02-27,ST001,MED024,SUP04,72
PO009802,2026-02-22,2026-02-26,2026-02-26,ST002,MED010,SUP02,36
PO009803,2026-02-22,2026-02-26,2026-02-26,ST002,MED015,SUP03,72
PO009804,2026-02-22,2026-02-24,2026-02-24,ST002,MED030,SUP02,30
PO009805,2026-02-22,2026-02-24,2026-02-24,ST003,MED005,SUP01,72
PO009806,2026-02-22,2026-02-25,2026-02-25,ST003,MED007,SUP03,24
PO009807,2026-02-22,2026-02-25,2026-02-25,ST003,MED009,SUP01,60
PO009808,2026-02-22,2026-02-27,2026-02-27,ST003,MED023,SUP03,72
PO009809,2026-02-22,2026-02-25,2026-02-25,ST004,MED002,SUP02,66
PO009810,2026-02-22,2026-02-26,2026-02-26,ST004,MED008,SUP04,24
PO009811,2026-02-22,2026-02-24,2026-02-24,ST004,MED019,SUP03,24
PO009812,2026-02-22,2026-02-24,2026-02-24,ST004,MED023,SUP03,72
PO009813,2026-02-22,2026-02-24,2026-02-24,ST004,MED026,SUP02,72
PO009814,2026-02-22,2026-02-24,2026-02-24,ST004,MED028,SUP04,48
PO009815,2026-02-22,2026-02-24,2026-02-25,ST005,MED003,SUP03,24
PO009816,2026-02-22,2026-02-26,2026-02-26,ST005,MED007,SUP03,24
PO009817,2026-02-22,2026-02-25,2026-02-25,ST005,MED023,SUP03,72
PO009818,2026-02-22,2026-02-26,2026-02-26,ST005,MED027,SUP03,72
PO009819,2026-02-22,2026-02-24,2026-02-25,ST006,MED003,SUP03,24
PO009820,2026-02-22,2026-02-24,2026-02-24,ST006,MED008,SUP04,24
PO009821,2026-02-22,2026-02-27,2026-02-27,ST006,MED010,SUP02,24
PO009822,2026-02-22,2026-02-26,2026-02-26,ST006,MED015,SUP03,72
PO009823,2026-02-22,2026-02-27,2026-02-27,ST006,MED017,SUP01,72
PO009824,2026-02-22,2026-02-24,2026-02-24,ST006,MED020,SUP04,48
PO009825,2026-02-22,2026-02-24,2026-02-24,ST006,MED025,SUP01,48
PO009826,2026-02-22,2026-02-25,2026-02-25,ST007,MED009,SUP01,60
PO009827,2026-02-22,2026-02-25,2026-02-28,ST007,MED014,SUP02,48
PO009828,2026-02-22,2026-02-27,2026-02-27,ST007,MED017,SUP01,60
PO009829,2026-02-22,2026-02-26,2026-02-26,ST007,MED020,SUP04,48
PO009830,2026-02-22,2026-02-27,2026-02-27,ST007,MED026,SUP02,72
PO009831,2026-02-22,2026-02-24,2026-02-24,ST008,MED001,SUP01,72
PO009832,2026-02-22,2026-02-24,2026-02-24,ST008,MED002,SUP02,66
PO009833,2026-02-22,2026-02-25,2026-02-25,ST008,MED005,SUP01,72
PO009834,2026-02-22,2026-02-26,2026-02-26,ST008,MED012,SUP04,60
PO009835,2026-02-22,2026-02-25,2026-02-25,ST008,MED027,SUP03,72
PO009836,2026-02-22,2026-02-27,2026-02-28,ST008,MED030,SUP02,36
PO009837,2026-02-22,2026-02-27,2026-03-02,ST009,MED004,SUP04,48
PO009838,2026-02-22,2026-02-27,2026-02-27,ST009,MED005,SUP01,72
PO009839,2026-02-22,2026-02-24,2026-02-27,ST009,MED011,SUP03,66
PO009840,2026-02-22,2026-02-26,2026-02-26,ST009,MED012,SUP04,72
PO009841,2026-02-22,2026-02-27,2026-02-27,ST009,MED019,SUP03,24
PO009842,2026-02-22,2026-02-27,2026-02-27,ST009,MED028,SUP04,48
PO009843,2026-02-22,2026-02-26,2026-02-28,ST010,MED005,SUP01,60
PO009844,2026-02-22,2026-02-27,2026-02-27,ST010,MED022,SUP02,48
PO009845,2026-02-22,2026-02-24,2026-02-24,ST010,MED030,SUP02,30
PO009846,2026-02-22,2026-02-25,2026-02-25,ST011,MED002,SUP02,66
PO009847,2026-02-22,2026-02-27,2026-02-27,ST011,MED011,SUP03,66
PO009848,2026-02-22,2026-02-27,2026-02-27,ST011,MED016,SUP04,48
PO009849,2026-02-22,2026-02-25,2026-02-25,ST011,MED020,SUP04,48
PO009850,2026-02-22,2026-02-27,2026-02-27,ST011,MED025,SUP01,36
PO009851,2026-02-22,2026-02-24,2026-02-24,ST011,MED028,SUP04,48
PO009852,2026-02-22,2026-02-25,2026-02-25,ST012,MED002,SUP02,66
PO009853,2026-02-22,2026-02-24,2026-02-24,ST012,MED013,SUP01,36
PO009854,2026-02-22,2026-02-27,2026-02-27,ST012,MED026,SUP02,72
PO009855,2026-02-22,2026-02-25,2026-02-25,ST013,MED006,SUP02,72
PO009856,2026-02-22,2026-02-24,2026-02-24,ST013,MED007,SUP03,24
PO009857,2026-02-22,2026-02-25,2026-02-25,ST013,MED013,SUP01,48
PO009858,2026-02-22,2026-02-27,2026-02-28,ST013,MED014,SUP02,48
PO009859,2026-02-22,2026-02-24,2026-02-24,ST013,MED017,SUP01,60
PO009860,2026-02-22,2026-02-26,2026-02-26,ST013,MED023,SUP03,60
PO009861,2026-02-22,2026-02-25,2026-02-25,ST013,MED027,SUP03,84
PO009862,2026-02-22,2026-02-25,2026-02-25,ST014,MED011,SUP03,60
PO009863,2026-02-22,2026-02-25,2026-02-25,ST014,MED028,SUP04,48
PO009864,2026-02-22,2026-02-24,2026-02-24,ST015,MED013,SUP01,48
PO009865,2026-02-22,2026-02-25,2026-02-25,ST015,MED023,SUP03,72
PO009866,2026-02-22,2026-02-27,2026-02-27,ST015,MED024,SUP04,72
PO009867,2026-02-22,2026-02-27,2026-02-27,ST015,MED027,SUP03,72
PO009868,2026-02-22,2026-02-27,2026-02-27,ST016,MED004,SUP04,48
PO009869,2026-02-22,2026-02-26,2026-02-26,ST016,MED008,SUP04,24
PO009870,2026-02-22,2026-02-26,2026-02-28,ST016,MED020,SUP04,48
PO009871,2026-02-22,2026-02-27,2026-02-27,ST017,MED004,SUP04,48
PO009872,2026-02-22,2026-02-27,2026-02-27,ST017,MED009,SUP01,60
PO009873,2026-02-22,2026-02-24,2026-02-24,ST017,MED014,SUP02,48
PO009874,2026-02-22,2026-02-26,2026-02-26,ST017,MED017,SUP01,72
PO009875,2026-02-22,2026-02-26,2026-02-26,ST017,MED021,SUP01,60
PO009876,2026-02-22,2026-02-24,2026-02-24,ST017,MED022,SUP02,42
PO009877,2026-02-22,2026-02-24,2026-02-24,ST017,MED025,SUP01,48
PO009878,2026-02-22,2026-02-24,2026-02-24,ST017,MED027,SUP03,84
PO009879,2026-02-22,2026-02-25,2026-02-25,ST018,MED014,SUP02,48
PO009880,2026-02-22,2026-02-27,2026-02-27,ST018,MED015,SUP03,72
PO009881,2026-02-22,2026-02-26,2026-02-26,ST018,MED029,SUP01,72
PO009882,2026-02-22,2026-02-25,2026-02-25,ST019,MED006,SUP02,60
PO009883,2026-02-22,2026-02-24,2026-02-24,ST019,MED015,SUP03,96
PO009884,2026-02-22,2026-02-25,2026-02-25,ST019,MED029,SUP01,72
PO009885,2026-02-22,2026-02-25,2026-02-25,ST019,MED030,SUP02,30
PO009886,2026-02-22,2026-02-26,2026-02-26,ST020,MED001,SUP01,72
PO009887,2026-02-22,2026-02-26,2026-02-28,ST020,MED008,SUP04,24
PO009888,2026-02-22,2026-02-26,2026-02-26,ST020,MED013,SUP01,48
PO009889,2026-02-22,2026-02-24,2026-02-24,ST020,MED014,SUP02,48
PO009890,2026-02-22,2026-02-24,2026-02-24,ST020,MED017,SUP01,60
PO009891,2026-02-22,2026-02-27,2026-02-28,ST020,MED021,SUP01,66
PO009892,2026-02-22,2026-02-25,2026-02-25,ST020,MED026,SUP02,96
PO009893,2026-02-22,2026-02-27,2026-02-27,ST021,MED001,SUP01,72
PO009894,2026-02-22,2026-02-27,2026-02-27,ST021,MED021,SUP01,60
PO009895,2026-02-22,2026-02-27,2026-02-27,ST021,MED022,SUP02,36
PO009896,2026-02-22,2026-02-27,2026-02-27,ST022,MED006,SUP02,60
PO009897,2026-02-22,2026-02-24,2026-02-24,ST022,MED013,SUP01,48
PO009898,2026-02-22,2026-02-26,2026-02-26,ST022,MED015,SUP03,72
PO009899,2026-02-22,2026-02-24,2026-02-26,ST022,MED029,SUP01,72
PO009900,2026-02-22,2026-02-27,2026-02-27,ST023,MED009,SUP01,60
PO009901,2026-02-22,2026-02-25,2026-02-25,ST023,MED012,SUP04,60
PO009902,2026-02-22,2026-02-24,2026-02-24,ST023,MED017,SUP01,72
PO009903,2026-02-22,2026-02-25,2026-02-25,ST023,MED022,SUP02,42
PO009904,2026-02-22,2026-02-26,2026-02-26,ST023,MED023,SUP03,60
PO009905,2026-02-22,2026-02-27,2026-02-27,ST023,MED029,SUP01,72
PO009906,2026-02-22,2026-02-27,2026-02-27,ST023,MED030,SUP02,30
PO009907,2026-02-22,2026-02-27,2026-02-27,ST024,MED002,SUP02,66
PO009908,2026-02-22,2026-02-24,2026-02-24,ST025,MED001,SUP01,72
PO009909,2026-02-22,2026-02-27,2026-02-27,ST025,MED003,SUP03,24
PO009910,2026-02-22,2026-02-25,2026-02-25,ST025,MED005,SUP01,72
PO009911,2026-02-22,2026-02-27,2026-02-27,ST025,MED009,SUP01,60
PO009912,2026-02-22,2026-02-25,2026-02-26,ST025,MED017,SUP01,72
PO009913,2026-02-22,2026-02-26,2026-02-26,ST025,MED018,SUP02,48
PO009914,2026-02-22,2026-02-25,2026-02-25,ST025,MED021,SUP01,54
PO009915,2026-02-22,2026-02-24,2026-02-24,ST026,MED002,SUP02,72
PO009916,2026-02-22,2026-02-24,2026-02-24,ST026,MED006,SUP02,60
PO009917,2026-02-22,2026-02-26,2026-02-26,ST026,MED010,SUP02,24
PO009918,2026-02-22,2026-02-26,2026-02-26,ST026,MED015,SUP03,72
PO009919,2026-02-22,2026-02-26,2026-02-28,ST026,MED027,SUP03,72
PO009920,2026-02-22,2026-02-26,2026-02-26,ST027,MED007,SUP03,24
PO009921,2026-02-22,2026-02-25,2026-02-25,ST027,MED010,SUP02,24
PO009922,2026-02-22,2026-02-26,2026-03-01,ST027,MED011,SUP03,66
PO009923,2026-02-22,2026-02-26,2026-02-26,ST027,MED012,SUP04,60
PO009924,2026-02-22,2026-02-26,2026-02-26,ST027,MED015,SUP03,96
PO009925,2026-02-22,2026-02-27,2026-02-27,ST027,MED016,SUP04,48
PO009926,2026-02-22,2026-02-24,2026-02-24,ST027,MED018,SUP02,48
PO009927,2026-02-22,2026-02-26,2026-02-26,ST028,MED006,SUP02,60
PO009928,2026-02-22,2026-02-24,2026-02-24,ST028,MED017,SUP01,60
PO009929,2026-02-22,2026-02-25,2026-02-25,ST028,MED021,SUP01,66
PO009930,2026-02-22,2026-02-24,2026-02-24,ST028,MED025,SUP01,36
PO009931,2026-02-22,2026-02-25,2026-02-25,ST029,MED002,SUP02,60
PO009932,2026-02-22,2026-02-27,2026-02-27,ST029,MED006,SUP02,60
PO009933,2026-02-22,2026-02-26,2026-02-26,ST029,MED007,SUP03,24
PO009934,2026-02-22,2026-02-26,2026-02-26,ST029,MED010,SUP02,24
PO009935,2026-02-22,2026-02-24,2026-02-24,ST029,MED011,SUP03,66
PO009936,2026-02-22,2026-02-25,2026-02-25,ST029,MED020,SUP04,48
PO009937,2026-02-22,2026-02-25,2026-02-25,ST029,MED025,SUP01,36
PO009938,2026-02-22,2026-02-24,2026-02-24,ST030,MED006,SUP02,60
PO009939,2026-02-22,2026-02-24,2026-02-24,ST030,MED015,SUP03,72
PO009940,2026-02-22,2026-02-26,2026-02-26,ST030,MED024,SUP04,72
PO009941,2026-02-22,2026-02-27,2026-02-27,ST030,MED025,SUP01,36
PO009942,2026-02-22,2026-02-26,2026-02-26,ST031,MED006,SUP02,60
PO009943,2026-02-22,2026-02-27,2026-02-27,ST031,MED013,SUP01,48
PO009944,2026-02-22,2026-02-26,2026-02-26,ST031,MED020,SUP04,48
PO009945,2026-02-22,2026-02-26,2026-02-26,ST031,MED024,SUP04,84
PO009946,2026-02-22,2026-02-24,2026-02-24,ST031,MED025,SUP01,36
PO009947,2026-02-22,2026-02-27,2026-02-27,ST031,MED026,SUP02,72
PO009948,2026-02-22,2026-02-26,2026-02-26,ST031,MED030,SUP02,30
PO009949,2026-02-22,2026-02-26,2026-02-26,ST032,MED002,SUP02,60
PO009950,2026-02-22,2026-02-25,2026-02-25,ST032,MED006,SUP02,60
PO009951,2026-02-22,2026-02-26,2026-02-28,ST032,MED013,SUP01,48
PO009952,2026-02-22,2026-02-25,2026-02-25,ST032,MED017,SUP01,72
PO009953,2026-02-22,2026-02-25,2026-02-25,ST032,MED018,SUP02,48
PO009954,2026-02-22,2026-02-27,2026-02-27,ST032,MED022,SUP02,54
PO009955,2026-02-22,2026-02-24,2026-02-24,ST032,MED027,SUP03,72
PO009956,2026-02-22,2026-02-24,2026-02-24,ST033,MED003,SUP03,24
PO009957,2026-02-22,2026-02-26,2026-02-26,ST033,MED005,SUP01,84
PO009958,2026-02-22,2026-02-26,2026-02-26,ST033,MED008,SUP04,24
PO009959,2026-02-22,2026-02-27,2026-02-27,ST033,MED009,SUP01,60
PO009960,2026-02-22,2026-02-26,2026-02-27,ST033,MED010,SUP02,24
PO009961,2026-02-22,2026-02-26,2026-02-26,ST033,MED011,SUP03,72
PO009962,2026-02-22,2026-02-24,2026-02-24,ST033,MED012,SUP04,60
PO009963,2026-02-22,2026-02-27,2026-02-27,ST033,MED019,SUP03,24
PO009964,2026-02-22,2026-02-26,2026-02-26,ST033,MED023,SUP03,72
PO009965,2026-02-22,2026-02-25,2026-02-25,ST033,MED028,SUP04,48
PO009966,2026-02-22,2026-02-26,2026-02-26,ST034,MED003,SUP03,24
PO009967,2026-02-22,2026-02-26,2026-02-26,ST034,MED005,SUP01,60
PO009968,2026-02-22,2026-02-26,2026-02-26,ST034,MED006,SUP02,60
PO009969,2026-02-22,2026-02-25,2026-02-25,ST034,MED015,SUP03,72
PO009970,2026-02-22,2026-02-25,2026-02-25,ST034,MED020,SUP04,48
PO009971,2026-02-22,2026-02-25,2026-02-25,ST035,MED002,SUP02,66
PO009972,2026-02-22,2026-02-24,2026-02-24,ST035,MED005,SUP01,60
PO009973,2026-02-22,2026-02-26,2026-02-26,ST035,MED006,SUP02,60
PO009974,2026-02-22,2026-02-26,2026-02-26,ST035,MED008,SUP04,24
PO009975,2026-02-22,2026-02-24,2026-02-26,ST035,MED026,SUP02,72
PO009976,2026-02-22,2026-02-26,2026-02-26,ST036,MED002,SUP02,66
PO009977,2026-02-22,2026-02-25,2026-02-25,ST036,MED009,SUP01,60
PO009978,2026-02-22,2026-02-25,2026-02-25,ST036,MED011,SUP03,66
PO009979,2026-02-22,2026-02-26,2026-02-26,ST036,MED029,SUP01,48
PO009980,2026-02-22,2026-02-25,2026-02-25,ST037,MED007,SUP03,24
PO009981,2026-02-22,2026-02-27,2026-03-02,ST037,MED010,SUP02,36
PO009982,2026-02-22,2026-02-27,2026-02-27,ST037,MED013,SUP01,36
PO009983,2026-02-22,2026-02-26,2026-02-26,ST037,MED022,SUP02,42
PO009984,2026-02-22,2026-02-27,2026-02-27,ST037,MED027,SUP03,72
PO009985,2026-02-22,2026-02-27,2026-02-27,ST038,MED009,SUP01,60
PO009986,2026-02-22,2026-02-25,2026-02-25,ST038,MED015,SUP03,72
PO009987,2026-02-22,2026-02-25,2026-02-25,ST038,MED017,SUP01,72
PO009988,2026-02-22,2026-02-25,2026-02-25,ST038,MED027,SUP03,84
PO009989,2026-02-22,2026-02-25,2026-02-25,ST039,MED002,SUP02,66
PO009990,2026-02-22,2026-02-25,2026-02-25,ST039,MED003,SUP03,24
PO009991,2026-02-22,2026-02-26,2026-02-26,ST039,MED011,SUP03,66
PO009992,2026-02-22,2026-02-26,2026-02-26,ST039,MED021,SUP01,60
PO009993,2026-02-22,2026-02-25,2026-02-25,ST039,MED024,SUP04,72
PO009994,2026-02-22,2026-02-26,2026-02-26,ST039,MED027,SUP03,72
PO009995,2026-02-22,2026-02-26,2026-02-27,ST040,MED001,SUP01,72
PO009996,2026-02-22,2026-02-25,2026-02-25,ST040,MED003,SUP03,24
PO009997,2026-02-22,2026-02-24,2026-02-24,ST040,MED007,SUP03,24
PO009998,2026-02-22,2026-02-27,2026-03-01,ST040,MED011,SUP03,60
PO009999,2026-02-22,2026-02-25,2026-02-26,ST040,MED013,SUP01,36
PO010000,2026-02-22,2026-02-26,2026-02-26,ST040,MED015,SUP03,72
PO010001,2026-02-22,2026-02-24,2026-02-24,ST040,MED016,SUP04,48
PO010002,2026-02-22,2026-02-25,2026-02-27,ST040,MED020,SUP04,48
PO010003,2026-02-22,2026-02-24,2026-02-24,ST040,MED030,SUP02,30
PO010004,2026-02-23,2026-02-25,2026-02-25,ST001,MED015,SUP03,72
PO010005,2026-02-23,2026-02-27,2026-02-27,ST001,MED019,SUP03,24
PO010006,2026-02-23,2026-02-26,2026-03-01,ST001,MED027,SUP03,72
PO010007,2026-02-23,2026-02-27,2026-02-27,ST002,MED002,SUP02,66
PO010008,2026-02-23,2026-02-26,2026-03-01,ST002,MED019,SUP03,24
PO010009,2026-02-23,2026-02-27,2026-02-27,ST003,MED011,SUP03,66
PO010010,2026-02-23,2026-02-26,2026-02-26,ST003,MED012,SUP04,60
PO010011,2026-02-23,2026-02-25,2026-02-25,ST003,MED020,SUP04,48
PO010012,2026-02-23,2026-02-28,2026-02-28,ST004,MED006,SUP02,60
PO010013,2026-02-23,2026-02-26,2026-02-26,ST004,MED020,SUP04,48
PO010014,2026-02-23,2026-02-28,2026-02-28,ST005,MED010,SUP02,36
PO010015,2026-02-23,2026-02-26,2026-02-26,ST005,MED011,SUP03,66
PO010016,2026-02-23,2026-02-28,2026-02-28,ST005,MED016,SUP04,48
PO010017,2026-02-23,2026-02-28,2026-02-28,ST005,MED021,SUP01,60
PO010018,2026-02-23,2026-02-25,2026-02-25,ST005,MED022,SUP02,42
PO010019,2026-02-23,2026-02-28,2026-03-02,ST006,MED005,SUP01,60
PO010020,2026-02-23,2026-02-28,2026-03-02,ST006,MED009,SUP01,72
PO010021,2026-02-23,2026-02-28,2026-02-28,ST006,MED018,SUP02,48
PO010022,2026-02-23,2026-02-28,2026-02-28,ST006,MED019,SUP03,24
PO010023,2026-02-23,2026-02-25,2026-02-25,ST006,MED021,SUP01,60
PO010024,2026-02-23,2026-02-27,2026-02-27,ST006,MED022,SUP02,48
PO010025,2026-02-23,2026-02-25,2026-02-25,ST006,MED026,SUP02,72
PO010026,2026-02-23,2026-02-26,2026-02-26,ST007,MED005,SUP01,72
PO010027,2026-02-23,2026-02-26,2026-02-26,ST007,MED007,SUP03,24
PO010028,2026-02-23,2026-02-25,2026-02-26,ST007,MED010,SUP02,36
PO010029,2026-02-23,2026-02-25,2026-02-27,ST007,MED011,SUP03,66
PO010030,2026-02-23,2026-02-25,2026-02-25,ST007,MED021,SUP01,54
PO010031,2026-02-23,2026-02-25,2026-02-25,ST008,MED004,SUP04,48
PO010032,2026-02-23,2026-02-25,2026-02-25,ST009,MED003,SUP03,24
PO010033,2026-02-23,2026-02-26,2026-02-26,ST009,MED014,SUP02,48
PO010034,2026-02-23,2026-02-28,2026-03-01,ST009,MED017,SUP01,72
PO010035,2026-02-23,2026-02-28,2026-02-28,ST009,MED026,SUP02,72
PO010036,2026-02-23,2026-02-25,2026-02-25,ST010,MED003,SUP03,24
PO010037,2026-02-23,2026-02-26,2026-02-26,ST010,MED004,SUP04,48
PO010038,2026-02-23,2026-02-26,2026-02-26,ST010,MED007,SUP03,24
PO010039,2026-02-23,2026-02-26,2026-02-26,ST010,MED020,SUP04,48
PO010040,2026-02-23,2026-02-26,2026-02-27,ST010,MED028,SUP04,48
PO010041,2026-02-23,2026-02-27,2026-02-27,ST011,MED008,SUP04,24
PO010042,2026-02-23,2026-02-28,2026-03-02,ST011,MED010,SUP02,24
PO010043,2026-02-23,2026-02-28,2026-02-28,ST011,MED024,SUP04,72
PO010044,2026-02-23,2026-02-27,2026-02-27,ST012,MED004,SUP04,48
PO010045,2026-02-23,2026-02-28,2026-02-28,ST012,MED007,SUP03,24
PO010046,2026-02-23,2026-02-27,2026-02-27,ST012,MED012,SUP04,60
PO010047,2026-02-23,2026-02-25,2026-02-25,ST012,MED014,SUP02,48
PO010048,2026-02-23,2026-02-26,2026-02-26,ST012,MED015,SUP03,72
PO010049,2026-02-23,2026-02-25,2026-02-28,ST012,MED018,SUP02,48
PO010050,2026-02-23,2026-02-28,2026-03-03,ST012,MED021,SUP01,60
PO010051,2026-02-23,2026-02-28,2026-02-28,ST013,MED003,SUP03,24
PO010052,2026-02-23,2026-02-26,2026-02-26,ST013,MED005,SUP01,60
PO010053,2026-02-23,2026-02-27,2026-02-27,ST013,MED009,SUP01,60
PO010054,2026-02-23,2026-02-28,2026-03-02,ST013,MED016,SUP04,48
PO010055,2026-02-23,2026-02-26,2026-02-26,ST013,MED018,SUP02,48
PO010056,2026-02-23,2026-02-25,2026-02-26,ST014,MED006,SUP02,60
PO010057,2026-02-23,2026-02-27,2026-02-27,ST014,MED007,SUP03,24
PO010058,2026-02-23,2026-02-26,2026-02-26,ST014,MED017,SUP01,60
PO010059,2026-02-23,2026-02-27,2026-02-27,ST014,MED018,SUP02,48
PO010060,2026-02-23,2026-02-25,2026-02-25,ST014,MED023,SUP03,72
PO010061,2026-02-23,2026-02-28,2026-02-28,ST014,MED029,SUP01,72
PO010062,2026-02-23,2026-02-25,2026-02-25,ST015,MED009,SUP01,60
PO010063,2026-02-23,2026-02-28,2026-02-28,ST015,MED016,SUP04,48
PO010064,2026-02-23,2026-02-28,2026-02-28,ST015,MED017,SUP01,72
PO010065,2026-02-23,2026-02-26,2026-02-26,ST015,MED019,SUP03,24
PO010066,2026-02-23,2026-02-25,2026-02-26,ST015,MED030,SUP02,30
PO010067,2026-02-23,2026-02-25,2026-02-25,ST017,MED002,SUP02,66
PO010068,2026-02-23,2026-02-25,2026-02-25,ST017,MED023,SUP03,72
PO010069,2026-02-23,2026-02-25,2026-02-25,ST017,MED024,SUP04,72
PO010070,2026-02-23,2026-02-28,2026-02-28,ST017,MED026,SUP02,72
PO010071,2026-02-23,2026-02-26,2026-02-26,ST018,MED005,SUP01,60
PO010072,2026-02-23,2026-02-27,2026-02-27,ST018,MED013,SUP01,36
PO010073,2026-02-23,2026-02-25,2026-02-25,ST018,MED023,SUP03,60
PO010074,2026-02-23,2026-02-25,2026-02-28,ST019,MED002,SUP02,66
PO010075,2026-02-23,2026-02-26,2026-02-26,ST019,MED009,SUP01,60
PO010076,2026-02-23,2026-02-26,2026-02-26,ST020,MED005,SUP01,72
PO010077,2026-02-23,2026-02-28,2026-02-28,ST020,MED009,SUP01,60
PO010078,2026-02-23,2026-02-27,2026-02-27,ST020,MED011,SUP03,66
PO010079,2026-02-23,2026-02-26,2026-02-26,ST020,MED028,SUP04,48
PO010080,2026-02-23,2026-02-28,2026-02-28,ST021,MED004,SUP04,48
PO010081,2026-02-23,2026-02-25,2026-02-28,ST022,MED001,SUP01,72
PO010082,2026-02-23,2026-02-25,2026-02-25,ST022,MED016,SUP04,48
PO010083,2026-02-23,2026-02-28,2026-02-28,ST022,MED022,SUP02,48
PO010084,2026-02-23,2026-02-26,2026-03-01,ST022,MED023,SUP03,72
PO010085,2026-02-23,2026-02-25,2026-02-25,ST023,MED011,SUP03,72
PO010086,2026-02-23,2026-02-28,2026-02-28,ST023,MED019,SUP03,24
PO010087,2026-02-23,2026-02-27,2026-02-27,ST023,MED020,SUP04,48
PO010088,2026-02-23,2026-02-25,2026-02-25,ST024,MED001,SUP01,72
PO010089,2026-02-23,2026-02-25,2026-02-25,ST024,MED020,SUP04,48
PO010090,2026-02-23,2026-02-28,2026-02-28,ST024,MED021,SUP01,54
PO010091,2026-02-23,2026-02-28,2026-02-28,ST025,MED011,SUP03,72
PO010092,2026-02-23,2026-02-25,2026-02-25,ST025,MED012,SUP04,60
PO010093,2026-02-23,2026-02-28,2026-02-28,ST025,MED022,SUP02,42
PO010094,2026-02-23,2026-02-26,2026-02-26,ST026,MED004,SUP04,48
PO010095,2026-02-23,2026-02-25,2026-02-25,ST026,MED011,SUP03,60
PO010096,2026-02-23,2026-02-27,2026-02-27,ST026,MED020,SUP04,48
PO010097,2026-02-23,2026-02-27,2026-02-27,ST026,MED030,SUP02,36
PO010098,2026-02-23,2026-02-26,2026-02-26,ST027,MED013,SUP01,48
PO010099,2026-02-23,2026-02-28,2026-02-28,ST027,MED021,SUP01,66
PO010100,2026-02-23,2026-02-25,2026-02-25,ST027,MED023,SUP03,60
PO010101,2026-02-23,2026-02-26,2026-02-26,ST027,MED029,SUP01,72
PO010102,2026-02-23,2026-02-26,2026-02-26,ST028,MED002,SUP02,60
PO010103,2026-02-23,2026-02-27,2026-02-27,ST028,MED005,SUP01,60
PO010104,2026-02-23,2026-02-28,2026-02-28,ST028,MED008,SUP04,24
PO010105,2026-02-23,2026-02-26,2026-02-26,ST028,MED011,SUP03,66
PO010106,2026-02-23,2026-02-27,2026-03-01,ST028,MED012,SUP04,60
PO010107,2026-02-23,2026-02-28,2026-02-28,ST028,MED020,SUP04,48
PO010108,2026-02-23,2026-02-26,2026-02-28,ST029,MED030,SUP02,30
PO010109,2026-02-23,2026-02-28,2026-03-02,ST030,MED009,SUP01,60
PO010110,2026-02-23,2026-02-28,2026-02-28,ST030,MED013,SUP01,36
PO010111,2026-02-23,2026-02-28,2026-02-28,ST031,MED004,SUP04,48
PO010112,2026-02-23,2026-02-27,2026-02-27,ST031,MED009,SUP01,60
PO010113,2026-02-23,2026-02-25,2026-02-25,ST031,MED027,SUP03,72
PO010114,2026-02-23,2026-02-25,2026-02-27,ST032,MED024,SUP04,72
PO010115,2026-02-23,2026-02-26,2026-02-26,ST033,MED006,SUP02,60
PO010116,2026-02-23,2026-02-28,2026-02-28,ST033,MED007,SUP03,24
PO010117,2026-02-23,2026-02-27,2026-03-02,ST033,MED013,SUP01,48
PO010118,2026-02-23,2026-02-26,2026-02-26,ST033,MED016,SUP04,48
PO010119,2026-02-23,2026-02-28,2026-02-28,ST033,MED018,SUP02,48
PO010120,2026-02-23,2026-02-26,2026-02-26,ST034,MED011,SUP03,60
PO010121,2026-02-23,2026-02-27,2026-02-27,ST034,MED018,SUP02,48
PO010122,2026-02-23,2026-02-25,2026-02-25,ST034,MED021,SUP01,66
PO010123,2026-02-23,2026-02-27,2026-02-27,ST035,MED003,SUP03,24
PO010124,2026-02-23,2026-02-25,2026-02-27,ST035,MED009,SUP01,60
PO010125,2026-02-23,2026-02-25,2026-02-25,ST035,MED019,SUP03,24
PO010126,2026-02-23,2026-02-27,2026-02-27,ST035,MED024,SUP04,72
PO010127,2026-02-23,2026-02-25,2026-02-25,ST036,MED004,SUP04,48
PO010128,2026-02-23,2026-02-28,2026-02-28,ST036,MED013,SUP01,36
PO010129,2026-02-23,2026-02-25,2026-02-25,ST037,MED008,SUP04,24
PO010130,2026-02-23,2026-02-28,2026-03-02,ST037,MED014,SUP02,48
PO010131,2026-02-23,2026-02-25,2026-02-25,ST037,MED015,SUP03,72
PO010132,2026-02-23,2026-02-26,2026-02-26,ST037,MED023,SUP03,72
PO010133,2026-02-23,2026-02-25,2026-02-25,ST038,MED003,SUP03,24
PO010134,2026-02-23,2026-02-27,2026-02-27,ST038,MED012,SUP04,60
PO010135,2026-02-23,2026-02-28,2026-02-28,ST038,MED014,SUP02,48
PO010136,2026-02-23,2026-02-25,2026-02-25,ST039,MED004,SUP04,48
PO010137,2026-02-23,2026-02-26,2026-02-26,ST039,MED012,SUP04,60
PO010138,2026-02-23,2026-02-26,2026-02-26,ST039,MED016,SUP04,48
PO010139,2026-02-23,2026-02-27,2026-02-27,ST039,MED020,SUP04,48
PO010140,2026-02-23,2026-02-26,2026-02-26,ST039,MED029,SUP01,48
PO010141,2026-02-23,2026-02-28,2026-02-28,ST040,MED005,SUP01,72
PO010142,2026-02-23,2026-02-27,2026-02-27,ST040,MED017,SUP01,72
PO010143,2026-02-23,2026-02-25,2026-02-27,ST040,MED029,SUP01,72
PO010144,2026-02-24,2026-02-28,2026-02-28,ST001,MED001,SUP01,72
PO010145,2026-02-24,2026-02-28,2026-02-28,ST001,MED004,SUP04,48
PO010146,2026-02-24,2026-02-27,2026-02-27,ST001,MED022,SUP02,42
PO010147,2026-02-24,2026-03-01,2026-03-01,ST001,MED026,SUP02,72
PO010148,2026-02-24,2026-03-01,2026-03-01,ST001,MED028,SUP04,48
PO010149,2026-02-24,2026-02-27,2026-02-27,ST002,MED007,SUP03,24
PO010150,2026-02-24,2026-03-01,2026-03-01,ST002,MED012,SUP04,60
PO010151,2026-02-24,2026-02-28,2026-02-28,ST002,MED020,SUP04,48
PO010152,2026-02-24,2026-02-27,2026-02-27,ST002,MED025,SUP01,36
PO010153,2026-02-24,2026-03-01,2026-03-01,ST003,MED001,SUP01,72
PO010154,2026-02-24,2026-02-27,2026-02-27,ST003,MED002,SUP02,66
PO010155,2026-02-24,2026-03-01,2026-03-01,ST003,MED010,SUP02,24
PO010156,2026-02-24,2026-02-28,2026-02-28,ST003,MED015,SUP03,72
PO010157,2026-02-24,2026-02-27,2026-02-27,ST003,MED026,SUP02,72
PO010158,2026-02-24,2026-02-26,2026-02-26,ST004,MED022,SUP02,42
PO010159,2026-02-24,2026-02-27,2026-02-27,ST005,MED002,SUP02,60
PO010160,2026-02-24,2026-02-27,2026-03-01,ST005,MED013,SUP01,48
PO010161,2026-02-24,2026-02-27,2026-02-27,ST006,MED006,SUP02,60
PO010162,2026-02-24,2026-02-26,2026-02-26,ST006,MED030,SUP02,30
PO010163,2026-02-24,2026-02-26,2026-02-26,ST007,MED004,SUP04,48
PO010164,2026-02-24,2026-02-26,2026-02-26,ST007,MED012,SUP04,60
PO010165,2026-02-24,2026-03-01,2026-03-01,ST007,MED016,SUP04,48
PO010166,2026-02-24,2026-02-26,2026-02-26,ST008,MED023,SUP03,60
PO010167,2026-02-24,2026-02-26,2026-02-27,ST009,MED016,SUP04,48
PO010168,2026-02-24,2026-02-28,2026-02-28,ST009,MED021,SUP01,54
PO010169,2026-02-24,2026-02-26,2026-03-01,ST009,MED022,SUP02,36
PO010170,2026-02-24,2026-02-28,2026-02-28,ST009,MED025,SUP01,36
PO010171,2026-02-24,2026-02-26,2026-02-26,ST009,MED030,SUP02,30
PO010172,2026-02-24,2026-02-28,2026-02-28,ST010,MED002,SUP02,60
PO010173,2026-02-24,2026-02-27,2026-02-28,ST010,MED008,SUP04,24
PO010174,2026-02-24,2026-02-27,2026-02-27,ST011,MED004,SUP04,48
PO010175,2026-02-24,2026-02-28,2026-02-28,ST011,MED009,SUP01,60
PO010176,2026-02-24,2026-02-27,2026-03-02,ST011,MED015,SUP03,72
PO010177,2026-02-24,2026-03-01,2026-03-01,ST011,MED017,SUP01,60
PO010178,2026-02-24,2026-02-28,2026-02-28,ST012,MED016,SUP04,48
PO010179,2026-02-24,2026-02-26,2026-02-27,ST012,MED017,SUP01,72
PO010180,2026-02-24,2026-03-01,2026-03-01,ST012,MED022,SUP02,42
PO010181,2026-02-24,2026-02-26,2026-02-28,ST012,MED023,SUP03,60
PO010182,2026-02-24,2026-02-26,2026-02-26,ST013,MED001,SUP01,72
PO010183,2026-02-24,2026-02-28,2026-02-28,ST013,MED004,SUP04,48
PO010184,2026-02-24,2026-02-28,2026-02-28,ST013,MED010,SUP02,24
PO010185,2026-02-24,2026-02-28,2026-02-28,ST013,MED012,SUP04,60
PO010186,2026-02-24,2026-02-28,2026-02-28,ST013,MED015,SUP03,72
PO010187,2026-02-24,2026-03-01,2026-03-01,ST013,MED021,SUP01,66
PO010188,2026-02-24,2026-02-28,2026-02-28,ST013,MED024,SUP04,72
PO010189,2026-02-24,2026-03-01,2026-03-01,ST013,MED029,SUP01,72
PO010190,2026-02-24,2026-02-28,2026-02-28,ST015,MED004,SUP04,48
PO010191,2026-02-24,2026-03-01,2026-03-01,ST015,MED007,SUP03,24
PO010192,2026-02-24,2026-02-28,2026-02-28,ST015,MED022,SUP02,42
PO010193,2026-02-24,2026-02-27,2026-02-27,ST015,MED029,SUP01,72
PO010194,2026-02-24,2026-02-26,2026-02-26,ST016,MED022,SUP02,42
PO010195,2026-02-24,2026-03-01,2026-03-03,ST016,MED024,SUP04,72
PO010196,2026-02-24,2026-02-28,2026-03-01,ST016,MED029,SUP01,72
PO010197,2026-02-24,2026-02-27,2026-03-01,ST016,MED030,SUP02,30
PO010198,2026-02-24,2026-02-28,2026-02-28,ST017,MED003,SUP03,24
PO010199,2026-02-24,2026-03-01,2026-03-01,ST017,MED005,SUP01,84
PO010200,2026-02-24,2026-02-27,2026-02-27,ST017,MED013,SUP01,48
PO010201,2026-02-24,2026-03-01,2026-03-01,ST018,MED011,SUP03,72
PO010202,2026-02-24,2026-02-28,2026-02-28,ST018,MED012,SUP04,60
PO010203,2026-02-24,2026-02-26,2026-02-28,ST018,MED025,SUP01,36
PO010204,2026-02-24,2026-03-01,2026-03-01,ST018,MED027,SUP03,72
PO010205,2026-02-24,2026-02-26,2026-02-26,ST018,MED030,SUP02,36
PO010206,2026-02-24,2026-02-28,2026-02-28,ST019,MED001,SUP01,72
PO010207,2026-02-24,2026-02-26,2026-02-26,ST019,MED005,SUP01,72
PO010208,2026-02-24,2026-02-26,2026-02-26,ST019,MED007,SUP03,24
PO010209,2026-02-24,2026-02-26,2026-02-26,ST019,MED014,SUP02,48
PO010210,2026-02-24,2026-02-26,2026-03-01,ST019,MED016,SUP04,48
PO010211,2026-02-24,2026-02-26,2026-02-26,ST019,MED017,SUP01,72
PO010212,2026-02-24,2026-02-26,2026-02-26,ST020,MED002,SUP02,60
PO010213,2026-02-24,2026-03-01,2026-03-02,ST020,MED003,SUP03,24
PO010214,2026-02-24,2026-03-01,2026-03-01,ST020,MED004,SUP04,48
PO010215,2026-02-24,2026-03-01,2026-03-04,ST020,MED022,SUP02,48
PO010216,2026-02-24,2026-02-28,2026-02-28,ST020,MED029,SUP01,72
PO010217,2026-02-24,2026-02-28,2026-02-28,ST021,MED015,SUP03,72
PO010218,2026-02-24,2026-02-27,2026-02-28,ST021,MED020,SUP04,48
PO010219,2026-02-24,2026-02-26,2026-03-01,ST022,MED007,SUP03,24
PO010220,2026-02-24,2026-02-26,2026-02-26,ST022,MED010,SUP02,24
PO010221,2026-02-24,2026-02-26,2026-03-01,ST022,MED020,SUP04,48
PO010222,2026-02-24,2026-02-26,2026-02-26,ST022,MED027,SUP03,72
PO010223,2026-02-24,2026-03-01,2026-03-01,ST023,MED002,SUP02,66
PO010224,2026-02-24,2026-02-28,2026-02-28,ST023,MED015,SUP03,72
PO010225,2026-02-24,2026-03-01,2026-03-01,ST023,MED028,SUP04,48
PO010226,2026-02-24,2026-02-28,2026-02-28,ST024,MED003,SUP03,24
PO010227,2026-02-24,2026-03-01,2026-03-01,ST024,MED017,SUP01,72
PO010228,2026-02-24,2026-02-26,2026-02-26,ST024,MED018,SUP02,48
PO010229,2026-02-24,2026-02-26,2026-02-26,ST024,MED026,SUP02,72
PO010230,2026-02-24,2026-02-26,2026-03-01,ST024,MED028,SUP04,48
PO010231,2026-02-24,2026-02-27,2026-02-27,ST025,MED004,SUP04,48
PO010232,2026-02-24,2026-02-27,2026-02-27,ST025,MED007,SUP03,24
PO010233,2026-02-24,2026-02-26,2026-03-01,ST025,MED008,SUP04,24
PO010234,2026-02-24,2026-02-27,2026-02-27,ST025,MED010,SUP02,36
PO010235,2026-02-24,2026-02-26,2026-02-28,ST025,MED015,SUP03,72
PO010236,2026-02-24,2026-02-26,2026-02-28,ST025,MED023,SUP03,72
PO010237,2026-02-24,2026-02-27,2026-02-27,ST026,MED003,SUP03,24
PO010238,2026-02-24,2026-02-26,2026-02-26,ST026,MED005,SUP01,72
PO010239,2026-02-24,2026-02-26,2026-02-26,ST026,MED007,SUP03,24
PO010240,2026-02-24,2026-03-01,2026-03-01,ST026,MED016,SUP04,48
PO010241,2026-02-24,2026-02-27,2026-03-01,ST026,MED022,SUP02,42
PO010242,2026-02-24,2026-02-28,2026-02-28,ST026,MED029,SUP01,72
PO010243,2026-02-24,2026-02-26,2026-02-26,ST027,MED002,SUP02,60
PO010244,2026-02-24,2026-02-27,2026-02-27,ST027,MED004,SUP04,60
PO010245,2026-02-24,2026-03-01,2026-03-01,ST027,MED009,SUP01,60
PO010246,2026-02-24,2026-03-01,2026-03-01,ST027,MED020,SUP04,48
PO010247,2026-02-24,2026-03-01,2026-03-01,ST027,MED025,SUP01,36
PO010248,2026-02-24,2026-02-27,2026-02-27,ST027,MED030,SUP02,36
PO010249,2026-02-24,2026-03-01,2026-03-01,ST028,MED001,SUP01,72
PO010250,2026-02-24,2026-02-27,2026-02-27,ST028,MED022,SUP02,42
PO010251,2026-02-24,2026-02-28,2026-02-28,ST028,MED030,SUP02,30
PO010252,2026-02-24,2026-03-01,2026-03-02,ST029,MED018,SUP02,48
PO010253,2026-02-24,2026-02-27,2026-02-27,ST029,MED022,SUP02,36
PO010254,2026-02-24,2026-02-28,2026-02-28,ST030,MED002,SUP02,60
PO010255,2026-02-24,2026-02-28,2026-02-28,ST030,MED004,SUP04,48
PO010256,2026-02-24,2026-02-26,2026-02-26,ST030,MED008,SUP04,24
PO010257,2026-02-24,2026-03-01,2026-03-01,ST030,MED018,SUP02,48
PO010258,2026-02-24,2026-02-28,2026-02-28,ST030,MED019,SUP03,24
PO010259,2026-02-24,2026-02-28,2026-02-28,ST030,MED030,SUP02,30
PO010260,2026-02-24,2026-02-26,2026-02-26,ST031,MED002,SUP02,60
PO010261,2026-02-24,2026-03-01,2026-03-01,ST031,MED005,SUP01,72
PO010262,2026-02-24,2026-03-01,2026-03-01,ST031,MED010,SUP02,24
PO010263,2026-02-24,2026-03-01,2026-03-02,ST031,MED012,SUP04,60
PO010264,2026-02-24,2026-03-01,2026-03-01,ST031,MED015,SUP03,72
PO010265,2026-02-24,2026-02-28,2026-02-28,ST031,MED018,SUP02,48
PO010266,2026-02-24,2026-03-01,2026-03-01,ST031,MED022,SUP02,48
PO010267,2026-02-24,2026-03-01,2026-03-02,ST031,MED023,SUP03,72
PO010268,2026-02-24,2026-02-27,2026-02-27,ST032,MED001,SUP01,72
PO010269,2026-02-24,2026-02-26,2026-03-01,ST032,MED004,SUP04,48
PO010270,2026-02-24,2026-02-27,2026-02-27,ST032,MED007,SUP03,24
PO010271,2026-02-24,2026-03-01,2026-03-01,ST032,MED010,SUP02,24
PO010272,2026-02-24,2026-02-26,2026-02-28,ST032,MED011,SUP03,60
PO010273,2026-02-24,2026-02-27,2026-02-28,ST032,MED023,SUP03,72
PO010274,2026-02-24,2026-03-01,2026-03-04,ST032,MED029,SUP01,72
PO010275,2026-02-24,2026-02-27,2026-02-27,ST033,MED014,SUP02,48
PO010276,2026-02-24,2026-02-27,2026-02-27,ST033,MED015,SUP03,72
PO010277,2026-02-24,2026-02-28,2026-02-28,ST033,MED021,SUP01,54
PO010278,2026-02-24,2026-02-28,2026-02-28,ST034,MED001,SUP01,72
PO010279,2026-02-24,2026-02-28,2026-02-28,ST034,MED004,SUP04,48
PO010280,2026-02-24,2026-03-01,2026-03-01,ST034,MED008,SUP04,24
PO010281,2026-02-24,2026-02-26,2026-02-26,ST034,MED009,SUP01,60
PO010282,2026-02-24,2026-02-27,2026-02-27,ST034,MED024,SUP04,72
PO010283,2026-02-24,2026-02-27,2026-02-27,ST034,MED026,SUP02,72
PO010284,2026-02-24,2026-02-26,2026-02-26,ST034,MED027,SUP03,72
PO010285,2026-02-24,2026-02-26,2026-03-01,ST034,MED030,SUP02,36
PO010286,2026-02-24,2026-02-26,2026-02-26,ST035,MED010,SUP02,36
PO010287,2026-02-24,2026-02-26,2026-02-26,ST035,MED011,SUP03,60
PO010288,2026-02-24,2026-02-26,2026-02-26,ST035,MED012,SUP04,60
PO010289,2026-02-24,2026-03-01,2026-03-04,ST035,MED015,SUP03,72
PO010290,2026-02-24,2026-02-27,2026-02-27,ST035,MED017,SUP01,72
PO010291,2026-02-24,2026-02-27,2026-02-27,ST036,MED007,SUP03,24
PO010292,2026-02-24,2026-02-26,2026-02-26,ST036,MED014,SUP02,48
PO010293,2026-02-24,2026-03-01,2026-03-01,ST036,MED015,SUP03,72
PO010294,2026-02-24,2026-03-01,2026-03-01,ST036,MED016,SUP04,48
PO010295,2026-02-24,2026-02-28,2026-02-28,ST037,MED017,SUP01,60
PO010296,2026-02-24,2026-02-26,2026-02-26,ST037,MED024,SUP04,72
PO010297,2026-02-24,2026-02-27,2026-02-27,ST038,MED004,SUP04,48
PO010298,2026-02-24,2026-03-01,2026-03-01,ST038,MED010,SUP02,36
PO010299,2026-02-24,2026-02-28,2026-02-28,ST038,MED016,SUP04,48
PO010300,2026-02-24,2026-02-28,2026-03-03,ST038,MED022,SUP02,42
PO010301,2026-02-24,2026-02-26,2026-02-26,ST038,MED028,SUP04,48
PO010302,2026-02-24,2026-02-27,2026-03-01,ST039,MED009,SUP01,60
PO010303,2026-02-24,2026-02-26,2026-02-26,ST039,MED013,SUP01,36
PO010304,2026-02-24,2026-02-26,2026-02-26,ST039,MED019,SUP03,24
PO010305,2026-02-24,2026-03-01,2026-03-01,ST039,MED022,SUP02,48
PO010306,2026-02-24,2026-02-27,2026-02-27,ST039,MED026,SUP02,72
PO010307,2026-02-24,2026-02-26,2026-02-26,ST040,MED002,SUP02,66
PO010308,2026-02-24,2026-03-01,2026-03-01,ST040,MED014,SUP02,48
PO010309,2026-02-24,2026-03-01,2026-03-01,ST040,MED018,SUP02,48
PO010310,2026-02-24,2026-02-27,2026-02-27,ST040,MED021,SUP01,60
PO010311,2026-02-25,2026-02-27,2026-02-27,ST001,MED003,SUP03,24
PO010312,2026-02-25,2026-02-28,2026-03-02,ST001,MED006,SUP02,60
PO010313,2026-02-25,2026-03-01,2026-03-01,ST001,MED010,SUP02,24
PO010314,2026-02-25,2026-03-02,2026-03-02,ST001,MED023,SUP03,72
PO010315,2026-02-25,2026-03-02,2026-03-02,ST002,MED003,SUP03,24
PO010316,2026-02-25,2026-02-28,2026-02-28,ST002,MED009,SUP01,60
PO010317,2026-02-25,2026-02-28,2026-02-28,ST002,MED021,SUP01,60
PO010318,2026-02-25,2026-03-02,2026-03-02,ST002,MED022,SUP02,48
PO010319,2026-02-25,2026-02-28,2026-02-28,ST002,MED023,SUP03,60
PO010320,2026-02-25,2026-02-28,2026-02-28,ST002,MED028,SUP04,48
PO010321,2026-02-25,2026-02-28,2026-02-28,ST003,MED004,SUP04,48
PO010322,2026-02-25,2026-02-27,2026-02-27,ST003,MED021,SUP01,60
PO010323,2026-02-25,2026-03-01,2026-03-01,ST003,MED027,SUP03,72
PO010324,2026-02-25,2026-03-01,2026-03-01,ST004,MED001,SUP01,72
PO010325,2026-02-25,2026-02-27,2026-02-27,ST004,MED003,SUP03,24
PO010326,2026-02-25,2026-03-01,2026-03-01,ST004,MED011,SUP03,66
PO010327,2026-02-25,2026-02-27,2026-02-27,ST004,MED012,SUP04,72
PO010328,2026-02-25,2026-03-01,2026-03-01,ST004,MED015,SUP03,72
PO010329,2026-02-25,2026-02-28,2026-02-28,ST004,MED018,SUP02,48
PO010330,2026-02-25,2026-02-27,2026-02-27,ST004,MED021,SUP01,60
PO010331,2026-02-25,2026-02-27,2026-02-27,ST004,MED027,SUP03,72
PO010332,2026-02-25,2026-02-27,2026-02-27,ST005,MED001,SUP01,72
PO010333,2026-02-25,2026-03-02,2026-03-02,ST005,MED009,SUP01,60
PO010334,2026-02-25,2026-02-28,2026-02-28,ST005,MED015,SUP03,72
PO010335,2026-02-25,2026-02-27,2026-02-27,ST005,MED026,SUP02,72
PO010336,2026-02-25,2026-03-01,2026-03-03,ST005,MED029,SUP01,48
PO010337,2026-02-25,2026-03-02,2026-03-02,ST005,MED030,SUP02,30
PO010338,2026-02-25,2026-03-01,2026-03-02,ST006,MED001,SUP01,72
PO010339,2026-02-25,2026-02-27,2026-03-01,ST006,MED002,SUP02,60
PO010340,2026-02-25,2026-03-02,2026-03-02,ST006,MED004,SUP04,48
PO010341,2026-02-25,2026-03-02,2026-03-02,ST006,MED013,SUP01,48
PO010342,2026-02-25,2026-02-27,2026-02-27,ST006,MED014,SUP02,48
PO010343,2026-02-25,2026-03-02,2026-03-03,ST006,MED024,SUP04,72
PO010344,2026-02-25,2026-03-02,2026-03-02,ST007,MED002,SUP02,66
PO010345,2026-02-25,2026-03-01,2026-03-01,ST007,MED006,SUP02,60
PO010346,2026-02-25,2026-02-27,2026-02-27,ST007,MED029,SUP01,72
PO010347,2026-02-25,2026-03-02,2026-03-02,ST008,MED006,SUP02,60
PO010348,2026-02-25,2026-02-28,2026-02-28,ST008,MED010,SUP02,24
PO010349,2026-02-25,2026-03-01,2026-03-01,ST009,MED001,SUP01,72
PO010350,2026-02-25,2026-03-02,2026-03-02,ST010,MED001,SUP01,72
PO010351,2026-02-25,2026-03-02,2026-03-02,ST010,MED009,SUP01,60
PO010352,2026-02-25,2026-02-28,2026-02-28,ST010,MED015,SUP03,72
PO010353,2026-02-25,2026-03-02,2026-03-02,ST010,MED016,SUP04,48
PO010354,2026-02-25,2026-03-01,2026-03-04,ST010,MED021,SUP01,66
PO010355,2026-02-25,2026-02-27,2026-02-27,ST011,MED014,SUP02,48
PO010356,2026-02-25,2026-02-28,2026-02-28,ST011,MED021,SUP01,60
PO010357,2026-02-25,2026-02-27,2026-02-27,ST011,MED026,SUP02,72
PO010358,2026-02-25,2026-03-01,2026-03-01,ST012,MED008,SUP04,24
PO010359,2026-02-25,2026-02-27,2026-02-27,ST012,MED009,SUP01,60
PO010360,2026-02-25,2026-02-28,2026-02-28,ST012,MED011,SUP03,72
PO010361,2026-02-25,2026-02-27,2026-02-27,ST012,MED028,SUP04,48
PO010362,2026-02-25,2026-02-28,2026-02-28,ST013,MED020,SUP04,48
PO010363,2026-02-25,2026-03-01,2026-03-01,ST013,MED025,SUP01,36
PO010364,2026-02-25,2026-02-28,2026-03-02,ST013,MED030,SUP02,30
PO010365,2026-02-25,2026-03-01,2026-03-01,ST014,MED020,SUP04,48
PO010366,2026-02-25,2026-03-02,2026-03-02,ST015,MED001,SUP01,72
PO010367,2026-02-25,2026-03-01,2026-03-04,ST015,MED002,SUP02,72
PO010368,2026-02-25,2026-03-01,2026-03-01,ST015,MED005,SUP01,60
PO010369,2026-02-25,2026-03-01,2026-03-01,ST015,MED010,SUP02,24
PO010370,2026-02-25,2026-03-01,2026-03-01,ST015,MED015,SUP03,72
PO010371,2026-02-25,2026-02-28,2026-02-28,ST015,MED020,SUP04,48
PO010372,2026-02-25,2026-02-27,2026-02-27,ST015,MED026,SUP02,72
PO010373,2026-02-25,2026-02-28,2026-02-28,ST016,MED001,SUP01,72
PO010374,2026-02-25,2026-02-27,2026-02-27,ST016,MED005,SUP01,72
PO010375,2026-02-25,2026-02-28,2026-02-28,ST016,MED006,SUP02,60
PO010376,2026-02-25,2026-03-01,2026-03-03,ST016,MED007,SUP03,24
PO010377,2026-02-25,2026-02-27,2026-02-28,ST016,MED009,SUP01,60
PO010378,2026-02-25,2026-02-27,2026-02-27,ST016,MED014,SUP02,48
PO010379,2026-02-25,2026-02-28,2026-02-28,ST016,MED025,SUP01,48
PO010380,2026-02-25,2026-02-27,2026-02-27,ST016,MED027,SUP03,72
PO010381,2026-02-25,2026-02-28,2026-02-28,ST017,MED001,SUP01,72
PO010382,2026-02-25,2026-03-01,2026-03-01,ST017,MED020,SUP04,48
PO010383,2026-02-25,2026-03-02,2026-03-02,ST018,MED002,SUP02,60
PO010384,2026-02-25,2026-02-28,2026-03-01,ST018,MED009,SUP01,60
PO010385,2026-02-25,2026-03-01,2026-03-01,ST018,MED020,SUP04,48
PO010386,2026-02-25,2026-03-01,2026-03-01,ST018,MED022,SUP02,42
PO010387,2026-02-25,2026-02-27,2026-02-27,ST019,MED010,SUP02,24
PO010388,2026-02-25,2026-02-27,2026-02-27,ST019,MED013,SUP01,48
PO010389,2026-02-25,2026-03-02,2026-03-02,ST019,MED020,SUP04,48
PO010390,2026-02-25,2026-02-27,2026-02-27,ST019,MED021,SUP01,60
PO010391,2026-02-25,2026-03-01,2026-03-01,ST019,MED024,SUP04,72
PO010392,2026-02-25,2026-02-27,2026-02-27,ST020,MED007,SUP03,24
PO010393,2026-02-25,2026-03-01,2026-03-01,ST020,MED027,SUP03,72
PO010394,2026-02-25,2026-02-28,2026-03-02,ST021,MED006,SUP02,60
PO010395,2026-02-25,2026-03-02,2026-03-02,ST021,MED016,SUP04,48
PO010396,2026-02-25,2026-03-01,2026-03-01,ST021,MED025,SUP01,36
PO010397,2026-02-25,2026-03-01,2026-03-02,ST022,MED003,SUP03,24
PO010398,2026-02-25,2026-02-27,2026-02-27,ST022,MED004,SUP04,48
PO010399,2026-02-25,2026-02-28,2026-02-28,ST022,MED017,SUP01,72
PO010400,2026-02-25,2026-03-02,2026-03-04,ST022,MED025,SUP01,36
PO010401,2026-02-25,2026-02-28,2026-03-01,ST022,MED030,SUP02,30
PO010402,2026-02-25,2026-02-28,2026-03-03,ST023,MED003,SUP03,24
PO010403,2026-02-25,2026-03-02,2026-03-02,ST023,MED026,SUP02,72
PO010404,2026-02-25,2026-03-02,2026-03-02,ST024,MED004,SUP04,60
PO010405,2026-02-25,2026-02-27,2026-02-27,ST024,MED007,SUP03,24
PO010406,2026-02-25,2026-02-28,2026-02-28,ST024,MED008,SUP04,24
PO010407,2026-02-25,2026-03-02,2026-03-02,ST024,MED012,SUP04,60
PO010408,2026-02-25,2026-02-27,2026-02-27,ST024,MED022,SUP02,48
PO010409,2026-02-25,2026-02-27,2026-02-27,ST025,MED002,SUP02,66
PO010410,2026-02-25,2026-02-27,2026-02-27,ST025,MED019,SUP03,24
PO010411,2026-02-25,2026-02-28,2026-02-28,ST025,MED024,SUP04,84
PO010412,2026-02-25,2026-02-27,2026-02-27,ST025,MED029,SUP01,48
PO010413,2026-02-25,2026-02-27,2026-02-27,ST026,MED012,SUP04,60
PO010414,2026-02-25,2026-02-27,2026-02-27,ST026,MED018,SUP02,48
PO010415,2026-02-25,2026-02-28,2026-02-28,ST026,MED019,SUP03,24
PO010416,2026-02-25,2026-03-02,2026-03-05,ST026,MED021,SUP01,54
PO010417,2026-02-25,2026-03-01,2026-03-01,ST026,MED028,SUP04,48
PO010418,2026-02-25,2026-03-02,2026-03-02,ST027,MED003,SUP03,24
PO010419,2026-02-25,2026-03-02,2026-03-02,ST027,MED005,SUP01,72
PO010420,2026-02-25,2026-02-27,2026-02-27,ST027,MED006,SUP02,60
PO010421,2026-02-25,2026-03-01,2026-03-01,ST027,MED008,SUP04,24
PO010422,2026-02-25,2026-03-01,2026-03-02,ST027,MED014,SUP02,48
PO010423,2026-02-25,2026-02-27,2026-02-27,ST027,MED022,SUP02,48
PO010424,2026-02-25,2026-02-28,2026-02-28,ST027,MED027,SUP03,72
PO010425,2026-02-25,2026-02-27,2026-02-27,ST028,MED010,SUP02,24
PO010426,2026-02-25,2026-03-01,2026-03-01,ST028,MED023,SUP03,60
PO010427,2026-02-25,2026-02-27,2026-02-27,ST028,MED026,SUP02,72
PO010428,2026-02-25,2026-03-02,2026-03-02,ST029,MED001,SUP01,72
PO010429,2026-02-25,2026-02-28,2026-02-28,ST029,MED012,SUP04,60
PO010430,2026-02-25,2026-03-01,2026-03-01,ST029,MED016,SUP04,48
PO010431,2026-02-25,2026-02-27,2026-02-27,ST029,MED024,SUP04,72
PO010432,2026-02-25,2026-02-27,2026-02-27,ST030,MED007,SUP03,24
PO010433,2026-02-25,2026-02-27,2026-02-27,ST030,MED010,SUP02,24
PO010434,2026-02-25,2026-03-01,2026-03-01,ST030,MED026,SUP02,72
PO010435,2026-02-25,2026-02-28,2026-02-28,ST031,MED003,SUP03,24
PO010436,2026-02-25,2026-02-27,2026-02-27,ST031,MED011,SUP03,60
PO010437,2026-02-25,2026-03-01,2026-03-01,ST032,MED005,SUP01,60
PO010438,2026-02-25,2026-03-02,2026-03-02,ST032,MED014,SUP02,48
PO010439,2026-02-25,2026-03-02,2026-03-02,ST032,MED015,SUP03,72
PO010440,2026-02-25,2026-03-01,2026-03-01,ST033,MED002,SUP02,66
PO010441,2026-02-25,2026-03-01,2026-03-03,ST033,MED004,SUP04,48
PO010442,2026-02-25,2026-03-01,2026-03-01,ST033,MED020,SUP04,48
PO010443,2026-02-25,2026-03-01,2026-03-01,ST033,MED029,SUP01,48
PO010444,2026-02-25,2026-02-28,2026-02-28,ST034,MED010,SUP02,24
PO010445,2026-02-25,2026-03-02,2026-03-02,ST034,MED013,SUP01,48
PO010446,2026-02-25,2026-03-02,2026-03-02,ST034,MED022,SUP02,48
PO010447,2026-02-25,2026-03-02,2026-03-02,ST034,MED025,SUP01,36
PO010448,2026-02-25,2026-03-01,2026-03-01,ST034,MED029,SUP01,72
PO010449,2026-02-25,2026-03-02,2026-03-04,ST035,MED016,SUP04,48
PO010450,2026-02-25,2026-03-02,2026-03-02,ST036,MED006,SUP02,60
PO010451,2026-02-25,2026-02-27,2026-02-27,ST036,MED019,SUP03,24
PO010452,2026-02-25,2026-02-28,2026-02-28,ST036,MED020,SUP04,48
PO010453,2026-02-25,2026-02-28,2026-02-28,ST036,MED028,SUP04,48
PO010454,2026-02-25,2026-02-28,2026-02-28,ST037,MED003,SUP03,24
PO010455,2026-02-25,2026-02-28,2026-02-28,ST037,MED005,SUP01,60
PO010456,2026-02-25,2026-03-02,2026-03-02,ST037,MED009,SUP01,60
PO010457,2026-02-25,2026-03-02,2026-03-02,ST037,MED016,SUP04,48
PO010458,2026-02-25,2026-02-28,2026-02-28,ST037,MED021,SUP01,54
PO010459,2026-02-25,2026-02-28,2026-02-28,ST037,MED025,SUP01,48
PO010460,2026-02-25,2026-03-02,2026-03-02,ST037,MED029,SUP01,48
PO010461,2026-02-25,2026-03-01,2026-03-02,ST038,MED002,SUP02,60
PO010462,2026-02-25,2026-03-01,2026-03-01,ST038,MED005,SUP01,60
PO010463,2026-02-25,2026-03-02,2026-03-03,ST038,MED006,SUP02,72
PO010464,2026-02-25,2026-02-28,2026-02-28,ST038,MED024,SUP04,72
PO010465,2026-02-25,2026-02-27,2026-02-27,ST038,MED025,SUP01,36
PO010466,2026-02-25,2026-03-01,2026-03-01,ST039,MED006,SUP02,60
PO010467,2026-02-25,2026-02-28,2026-03-03,ST039,MED017,SUP01,60
PO010468,2026-02-25,2026-02-28,2026-02-28,ST039,MED028,SUP04,48
PO010469,2026-02-25,2026-03-02,2026-03-02,ST040,MED004,SUP04,48
PO010470,2026-02-25,2026-02-28,2026-03-01,ST040,MED006,SUP02,60
PO010471,2026-02-25,2026-03-02,2026-03-02,ST040,MED009,SUP01,60
PO010472,2026-02-25,2026-03-02,2026-03-02,ST040,MED010,SUP02,24
PO010473,2026-02-26,2026-03-01,2026-03-01,ST001,MED005,SUP01,60
PO010474,2026-02-26,2026-03-03,2026-03-05,ST001,MED011,SUP03,60
PO010475,2026-02-26,2026-03-02,2026-03-02,ST001,MED014,SUP02,48
PO010476,2026-02-26,2026-03-03,2026-03-05,ST001,MED030,SUP02,30
PO010477,2026-02-26,2026-03-03,2026-03-03,ST002,MED017,SUP01,60
PO010478,2026-02-26,2026-03-03,2026-03-03,ST002,MED027,SUP03,72
PO010479,2026-02-26,2026-02-28,2026-02-28,ST002,MED029,SUP01,72
PO010480,2026-02-26,2026-03-03,2026-03-04,ST003,MED007,SUP03,24
PO010481,2026-02-26,2026-03-03,2026-03-03,ST003,MED008,SUP04,24
PO010482,2026-02-26,2026-03-01,2026-03-01,ST003,MED016,SUP04,48
PO010483,2026-02-26,2026-02-28,2026-02-28,ST003,MED018,SUP02,48
PO010484,2026-02-26,2026-03-02,2026-03-02,ST003,MED022,SUP02,42
PO010485,2026-02-26,2026-03-03,2026-03-03,ST003,MED024,SUP04,72
PO010486,2026-02-26,2026-03-01,2026-03-01,ST004,MED005,SUP01,72
PO010487,2026-02-26,2026-02-28,2026-02-28,ST004,MED010,SUP02,36
PO010488,2026-02-26,2026-02-28,2026-02-28,ST004,MED016,SUP04,48
PO010489,2026-02-26,2026-03-01,2026-03-01,ST004,MED017,SUP01,72
PO010490,2026-02-26,2026-03-02,2026-03-02,ST004,MED019,SUP03,24
PO010491,2026-02-26,2026-03-02,2026-03-02,ST005,MED005,SUP01,72
PO010492,2026-02-26,2026-02-28,2026-03-02,ST005,MED006,SUP02,60
PO010493,2026-02-26,2026-03-02,2026-03-02,ST005,MED017,SUP01,72
PO010494,2026-02-26,2026-03-03,2026-03-03,ST005,MED019,SUP03,24
PO010495,2026-02-26,2026-03-02,2026-03-04,ST005,MED020,SUP04,48
PO010496,2026-02-26,2026-03-02,2026-03-02,ST005,MED028,SUP04,48
PO010497,2026-02-26,2026-02-28,2026-02-28,ST006,MED012,SUP04,60
PO010498,2026-02-26,2026-02-28,2026-02-28,ST006,MED016,SUP04,48
PO010499,2026-02-26,2026-03-03,2026-03-03,ST006,MED020,SUP04,48
PO010500,2026-02-26,2026-03-02,2026-03-02,ST006,MED023,SUP03,72
PO010501,2026-02-26,2026-03-02,2026-03-02,ST007,MED001,SUP01,72
PO010502,2026-02-26,2026-03-02,2026-03-02,ST007,MED015,SUP03,72
PO010503,2026-02-26,2026-02-28,2026-02-28,ST007,MED023,SUP03,60
PO010504,2026-02-26,2026-02-28,2026-02-28,ST007,MED030,SUP02,30
PO010505,2026-02-26,2026-02-28,2026-02-28,ST008,MED009,SUP01,60
PO010506,2026-02-26,2026-03-01,2026-03-01,ST008,MED013,SUP01,36
PO010507,2026-02-26,2026-02-28,2026-02-28,ST008,MED015,SUP03,72
PO010508,2026-02-26,2026-03-01,2026-03-01,ST008,MED017,SUP01,60
PO010509,2026-02-26,2026-02-28,2026-02-28,ST008,MED020,SUP04,48
PO010510,2026-02-26,2026-03-02,2026-03-02,ST008,MED021,SUP01,54
PO010511,2026-02-26,2026-03-03,2026-03-06,ST008,MED026,SUP02,72
PO010512,2026-02-26,2026-03-01,2026-03-01,ST008,MED029,SUP01,72
PO010513,2026-02-26,2026-03-03,2026-03-05,ST009,MED024,SUP04,72
PO010514,2026-02-26,2026-03-03,2026-03-05,ST009,MED029,SUP01,72
PO010515,2026-02-26,2026-03-02,2026-03-04,ST010,MED006,SUP02,60
PO010516,2026-02-26,2026-02-28,2026-02-28,ST010,MED010,SUP02,24
PO010517,2026-02-26,2026-03-03,2026-03-03,ST010,MED011,SUP03,72
PO010518,2026-02-26,2026-02-28,2026-02-28,ST010,MED012,SUP04,60
PO010519,2026-02-26,2026-03-03,2026-03-03,ST010,MED013,SUP01,48
PO010520,2026-02-26,2026-03-01,2026-03-01,ST010,MED017,SUP01,72
PO010521,2026-02-26,2026-03-03,2026-03-03,ST010,MED018,SUP02,48
PO010522,2026-02-26,2026-03-03,2026-03-03,ST010,MED025,SUP01,36
PO010523,2026-02-26,2026-03-03,2026-03-04,ST011,MED005,SUP01,72
PO010524,2026-02-26,2026-03-03,2026-03-03,ST011,MED022,SUP02,42
PO010525,2026-02-26,2026-03-01,2026-03-01,ST011,MED023,SUP03,72
PO010526,2026-02-26,2026-03-02,2026-03-02,ST011,MED027,SUP03,72
PO010527,2026-02-26,2026-02-28,2026-02-28,ST011,MED030,SUP02,30
PO010528,2026-02-26,2026-03-03,2026-03-03,ST012,MED002,SUP02,60
PO010529,2026-02-26,2026-03-01,2026-03-01,ST012,MED010,SUP02,24
PO010530,2026-02-26,2026-03-01,2026-03-01,ST012,MED024,SUP04,72
PO010531,2026-02-26,2026-02-28,2026-03-03,ST012,MED029,SUP01,72
PO010532,2026-02-26,2026-03-02,2026-03-02,ST013,MED002,SUP02,66
PO010533,2026-02-26,2026-02-28,2026-02-28,ST013,MED011,SUP03,60
PO010534,2026-02-26,2026-03-02,2026-03-02,ST013,MED022,SUP02,36
PO010535,2026-02-26,2026-03-01,2026-03-01,ST013,MED026,SUP02,72
PO010536,2026-02-26,2026-02-28,2026-02-28,ST013,MED028,SUP04,48
PO010537,2026-02-26,2026-03-02,2026-03-02,ST014,MED002,SUP02,60
PO010538,2026-02-26,2026-03-02,2026-03-02,ST014,MED005,SUP01,60
PO010539,2026-02-26,2026-02-28,2026-02-28,ST014,MED009,SUP01,60
PO010540,2026-02-26,2026-02-28,2026-03-03,ST014,MED014,SUP02,48
PO010541,2026-02-26,2026-03-03,2026-03-03,ST014,MED019,SUP03,24
PO010542,2026-02-26,2026-03-01,2026-03-02,ST014,MED021,SUP01,54
PO010543,2026-02-26,2026-03-01,2026-03-01,ST014,MED025,SUP01,36
PO010544,2026-02-26,2026-03-02,2026-03-02,ST014,MED027,SUP03,72
PO010545,2026-02-26,2026-03-01,2026-03-01,ST014,MED030,SUP02,30
PO010546,2026-02-26,2026-03-03,2026-03-05,ST015,MED012,SUP04,60
PO010547,2026-02-26,2026-03-01,2026-03-01,ST016,MED002,SUP02,66
PO010548,2026-02-26,2026-03-01,2026-03-01,ST016,MED016,SUP04,48
PO010549,2026-02-26,2026-03-01,2026-03-01,ST016,MED017,SUP01,72
PO010550,2026-02-26,2026-03-03,2026-03-06,ST016,MED018,SUP02,48
PO010551,2026-02-26,2026-03-02,2026-03-02,ST016,MED021,SUP01,60
PO010552,2026-02-26,2026-03-01,2026-03-01,ST016,MED023,SUP03,60
PO010553,2026-02-26,2026-02-28,2026-02-28,ST017,MED007,SUP03,24
PO010554,2026-02-26,2026-03-03,2026-03-03,ST017,MED008,SUP04,24
PO010555,2026-02-26,2026-03-01,2026-03-01,ST017,MED012,SUP04,60
PO010556,2026-02-26,2026-03-03,2026-03-03,ST017,MED018,SUP02,48
PO010557,2026-02-26,2026-03-03,2026-03-04,ST017,MED028,SUP04,48
PO010558,2026-02-26,2026-03-01,2026-03-01,ST018,MED003,SUP03,24
PO010559,2026-02-26,2026-03-03,2026-03-04,ST018,MED004,SUP04,48
PO010560,2026-02-26,2026-02-28,2026-02-28,ST018,MED006,SUP02,60
PO010561,2026-02-26,2026-03-03,2026-03-06,ST018,MED007,SUP03,24
PO010562,2026-02-26,2026-02-28,2026-02-28,ST018,MED017,SUP01,72
PO010563,2026-02-26,2026-03-01,2026-03-01,ST018,MED018,SUP02,48
PO010564,2026-02-26,2026-03-02,2026-03-02,ST018,MED021,SUP01,60
PO010565,2026-02-26,2026-03-02,2026-03-02,ST018,MED024,SUP04,72
PO010566,2026-02-26,2026-03-03,2026-03-03,ST019,MED004,SUP04,48
PO010567,2026-02-26,2026-03-02,2026-03-02,ST019,MED012,SUP04,60
PO010568,2026-02-26,2026-03-02,2026-03-02,ST019,MED023,SUP03,72
PO010569,2026-02-26,2026-03-01,2026-03-01,ST020,MED017,SUP01,72
PO010570,2026-02-26,2026-02-28,2026-02-28,ST020,MED018,SUP02,48
PO010571,2026-02-26,2026-03-01,2026-03-01,ST020,MED019,SUP03,24
PO010572,2026-02-26,2026-03-03,2026-03-04,ST020,MED020,SUP04,48
PO010573,2026-02-26,2026-03-03,2026-03-03,ST020,MED023,SUP03,72
PO010574,2026-02-26,2026-02-28,2026-03-03,ST020,MED024,SUP04,72
PO010575,2026-02-26,2026-02-28,2026-02-28,ST020,MED025,SUP01,36
PO010576,2026-02-26,2026-03-03,2026-03-03,ST021,MED010,SUP02,36
PO010577,2026-02-26,2026-03-01,2026-03-01,ST021,MED012,SUP04,60
PO010578,2026-02-26,2026-02-28,2026-02-28,ST021,MED013,SUP01,36
PO010579,2026-02-26,2026-03-01,2026-03-01,ST021,MED024,SUP04,72
PO010580,2026-02-26,2026-03-01,2026-03-03,ST022,MED009,SUP01,60
PO010581,2026-02-26,2026-03-01,2026-03-01,ST022,MED021,SUP01,54
PO010582,2026-02-26,2026-02-28,2026-03-01,ST022,MED026,SUP02,72
PO010583,2026-02-26,2026-03-02,2026-03-02,ST023,MED004,SUP04,48
PO010584,2026-02-26,2026-02-28,2026-02-28,ST023,MED010,SUP02,24
PO010585,2026-02-26,2026-03-02,2026-03-02,ST023,MED024,SUP04,72
PO010586,2026-02-26,2026-03-02,2026-03-02,ST024,MED005,SUP01,72
PO010587,2026-02-26,2026-03-01,2026-03-01,ST024,MED006,SUP02,60
PO010588,2026-02-26,2026-02-28,2026-02-28,ST024,MED023,SUP03,72
PO010589,2026-02-26,2026-03-03,2026-03-03,ST024,MED030,SUP02,30
PO010590,2026-02-26,2026-02-28,2026-02-28,ST025,MED030,SUP02,36
PO010591,2026-02-26,2026-02-28,2026-02-28,ST026,MED013,SUP01,48
PO010592,2026-02-26,2026-03-03,2026-03-04,ST026,MED025,SUP01,36
PO010593,2026-02-26,2026-03-03,2026-03-03,ST027,MED026,SUP02,72
PO010594,2026-02-26,2026-03-02,2026-03-02,ST028,MED004,SUP04,48
PO010595,2026-02-26,2026-03-02,2026-03-02,ST028,MED013,SUP01,48
PO010596,2026-02-26,2026-03-02,2026-03-02,ST029,MED009,SUP01,60
PO010597,2026-02-26,2026-03-02,2026-03-02,ST029,MED017,SUP01,72
PO010598,2026-02-26,2026-03-02,2026-03-02,ST030,MED001,SUP01,72
PO010599,2026-02-26,2026-03-03,2026-03-03,ST030,MED003,SUP03,24
PO010600,2026-02-26,2026-02-28,2026-02-28,ST030,MED005,SUP01,72
PO010601,2026-02-26,2026-03-03,2026-03-03,ST030,MED016,SUP04,48
PO010602,2026-02-26,2026-03-03,2026-03-03,ST030,MED022,SUP02,42
PO010603,2026-02-26,2026-03-01,2026-03-01,ST030,MED023,SUP03,72
PO010604,2026-02-26,2026-02-28,2026-02-28,ST031,MED001,SUP01,72
PO010605,2026-02-26,2026-02-28,2026-02-28,ST031,MED017,SUP01,60
PO010606,2026-02-26,2026-03-01,2026-03-01,ST031,MED021,SUP01,60
PO010607,2026-02-26,2026-03-01,2026-03-01,ST032,MED003,SUP03,24
PO010608,2026-02-26,2026-03-02,2026-03-02,ST032,MED012,SUP04,60
PO010609,2026-02-26,2026-03-01,2026-03-01,ST032,MED016,SUP04,48
PO010610,2026-02-26,2026-02-28,2026-02-28,ST032,MED030,SUP02,30
PO010611,2026-02-26,2026-03-02,2026-03-02,ST033,MED001,SUP01,72
PO010612,2026-02-26,2026-03-03,2026-03-03,ST033,MED012,SUP04,60
PO010613,2026-02-26,2026-03-03,2026-03-04,ST033,MED022,SUP02,48
PO010614,2026-02-26,2026-03-02,2026-03-02,ST033,MED026,SUP02,72
PO010615,2026-02-26,2026-02-28,2026-02-28,ST033,MED027,SUP03,72
PO010616,2026-02-26,2026-03-01,2026-03-03,ST034,MED002,SUP02,60
PO010617,2026-02-26,2026-03-03,2026-03-03,ST034,MED012,SUP04,60
PO010618,2026-02-26,2026-02-28,2026-02-28,ST034,MED017,SUP01,60
PO010619,2026-02-26,2026-03-03,2026-03-03,ST035,MED001,SUP01,72
PO010620,2026-02-26,2026-02-28,2026-02-28,ST035,MED014,SUP02,48
PO010621,2026-02-26,2026-03-03,2026-03-03,ST035,MED023,SUP03,60
PO010622,2026-02-26,2026-03-02,2026-03-02,ST035,MED030,SUP02,30
PO010623,2026-02-26,2026-03-01,2026-03-01,ST036,MED003,SUP03,24
PO010624,2026-02-26,2026-02-28,2026-02-28,ST036,MED012,SUP04,60
PO010625,2026-02-26,2026-03-01,2026-03-01,ST036,MED018,SUP02,48
PO010626,2026-02-26,2026-02-28,2026-03-03,ST036,MED024,SUP04,72
PO010627,2026-02-26,2026-03-01,2026-03-01,ST036,MED026,SUP02,72
PO010628,2026-02-26,2026-02-28,2026-03-01,ST037,MED002,SUP02,60
PO010629,2026-02-26,2026-03-02,2026-03-02,ST037,MED004,SUP04,48
PO010630,2026-02-26,2026-02-28,2026-02-28,ST037,MED006,SUP02,60
PO010631,2026-02-26,2026-02-28,2026-02-28,ST037,MED030,SUP02,30
PO010632,2026-02-26,2026-03-01,2026-03-01,ST038,MED001,SUP01,72
PO010633,2026-02-26,2026-03-01,2026-03-01,ST038,MED011,SUP03,60
PO010634,2026-02-26,2026-02-28,2026-02-28,ST038,MED013,SUP01,48
PO010635,2026-02-26,2026-03-02,2026-03-02,ST039,MED001,SUP01,72
PO010636,2026-02-26,2026-03-02,2026-03-02,ST039,MED002,SUP02,60
PO010637,2026-02-26,2026-03-02,2026-03-02,ST039,MED007,SUP03,24
PO010638,2026-02-26,2026-02-28,2026-02-28,ST039,MED014,SUP02,48
PO010639,2026-02-26,2026-03-03,2026-03-03,ST039,MED015,SUP03,72
PO010640,2026-02-26,2026-03-03,2026-03-03,ST039,MED030,SUP02,36
PO010641,2026-02-26,2026-03-03,2026-03-03,ST040,MED008,SUP04,24
PO010642,2026-02-26,2026-03-03,2026-03-06,ST040,MED013,SUP01,36
PO010643,2026-02-26,2026-03-03,2026-03-03,ST040,MED022,SUP02,42
PO010644,2026-02-26,2026-03-03,2026-03-04,ST040,MED024,SUP04,72
PO010645,2026-02-26,2026-03-01,2026-03-01,ST040,MED027,SUP03,72
PO010646,2026-02-27,2026-03-02,2026-03-05,ST001,MED007,SUP03,24
PO010647,2026-02-27,2026-03-04,2026-03-04,ST001,MED012,SUP04,60
PO010648,2026-02-27,2026-03-02,2026-03-02,ST001,MED016,SUP04,48
PO010649,2026-02-27,2026-03-01,2026-03-01,ST001,MED025,SUP01,36
PO010650,2026-02-27,2026-03-02,2026-03-02,ST001,MED029,SUP01,48
PO010651,2026-02-27,2026-03-01,2026-03-01,ST002,MED001,SUP01,72
PO010652,2026-02-27,2026-03-03,2026-03-03,ST002,MED005,SUP01,72
PO010653,2026-02-27,2026-03-01,2026-03-01,ST002,MED006,SUP02,60
PO010654,2026-02-27,2026-03-01,2026-03-01,ST002,MED011,SUP03,66
PO010655,2026-02-27,2026-03-01,2026-03-01,ST002,MED013,SUP01,36
PO010656,2026-02-27,2026-03-01,2026-03-01,ST002,MED016,SUP04,48
PO010657,2026-02-27,2026-03-03,2026-03-04,ST002,MED024,SUP04,72
PO010658,2026-02-27,2026-03-04,2026-03-04,ST002,MED026,SUP02,72
PO010659,2026-02-27,2026-03-02,2026-03-02,ST003,MED003,SUP03,24
PO010660,2026-02-27,2026-03-04,2026-03-07,ST003,MED006,SUP02,60
PO010661,2026-02-27,2026-03-01,2026-03-01,ST003,MED013,SUP01,48
PO010662,2026-02-27,2026-03-03,2026-03-03,ST003,MED017,SUP01,60
PO010663,2026-02-27,2026-03-04,2026-03-04,ST004,MED002,SUP02,66
PO010664,2026-02-27,2026-03-02,2026-03-02,ST004,MED004,SUP04,48
PO010665,2026-02-27,2026-03-04,2026-03-05,ST004,MED007,SUP03,24
PO010666,2026-02-27,2026-03-02,2026-03-02,ST004,MED009,SUP01,72
PO010667,2026-02-27,2026-03-02,2026-03-02,ST004,MED013,SUP01,36
PO010668,2026-02-27,2026-03-01,2026-03-01,ST004,MED024,SUP04,72
PO010669,2026-02-27,2026-03-02,2026-03-02,ST004,MED025,SUP01,36
PO010670,2026-02-27,2026-03-03,2026-03-03,ST004,MED029,SUP01,48
PO010671,2026-02-27,2026-03-01,2026-03-04,ST004,MED030,SUP02,30
PO010672,2026-02-27,2026-03-01,2026-03-01,ST005,MED012,SUP04,60
PO010673,2026-02-27,2026-03-01,2026-03-01,ST005,MED024,SUP04,72
PO010674,2026-02-27,2026-03-01,2026-03-01,ST005,MED025,SUP01,36
PO010675,2026-02-27,2026-03-04,2026-03-04,ST005,MED027,SUP03,72
PO010676,2026-02-27,2026-03-02,2026-03-02,ST006,MED003,SUP03,24
PO010677,2026-02-27,2026-03-02,2026-03-02,ST006,MED008,SUP04,24
PO010678,2026-02-27,2026-03-01,2026-03-01,ST006,MED015,SUP03,72
PO010679,2026-02-27,2026-03-02,2026-03-03,ST006,MED028,SUP04,48
PO010680,2026-02-27,2026-03-02,2026-03-02,ST007,MED008,SUP04,24
PO010681,2026-02-27,2026-03-01,2026-03-01,ST007,MED024,SUP04,72
PO010682,2026-02-27,2026-03-04,2026-03-04,ST008,MED003,SUP03,24
PO010683,2026-02-27,2026-03-01,2026-03-01,ST008,MED008,SUP04,24
PO010684,2026-02-27,2026-03-04,2026-03-04,ST008,MED011,SUP03,72
PO010685,2026-02-27,2026-03-02,2026-03-03,ST008,MED022,SUP02,36
PO010686,2026-02-27,2026-03-02,2026-03-02,ST008,MED025,SUP01,36
PO010687,2026-02-27,2026-03-02,2026-03-02,ST009,MED002,SUP02,66
PO010688,2026-02-27,2026-03-03,2026-03-03,ST009,MED006,SUP02,60
PO010689,2026-02-27,2026-03-01,2026-03-01,ST009,MED007,SUP03,24
PO010690,2026-02-27,2026-03-04,2026-03-04,ST009,MED009,SUP01,60
PO010691,2026-02-27,2026-03-04,2026-03-04,ST010,MED023,SUP03,72
PO010692,2026-02-27,2026-03-01,2026-03-01,ST010,MED024,SUP04,72
PO010693,2026-02-27,2026-03-04,2026-03-04,ST010,MED026,SUP02,72
PO010694,2026-02-27,2026-03-01,2026-03-01,ST010,MED027,SUP03,72
PO010695,2026-02-27,2026-03-03,2026-03-03,ST011,MED002,SUP02,60
PO010696,2026-02-27,2026-03-03,2026-03-04,ST011,MED006,SUP02,60
PO010697,2026-02-27,2026-03-03,2026-03-03,ST011,MED013,SUP01,48
PO010698,2026-02-27,2026-03-02,2026-03-02,ST011,MED018,SUP02,48
PO010699,2026-02-27,2026-03-04,2026-03-04,ST011,MED019,SUP03,24
PO010700,2026-02-27,2026-03-02,2026-03-02,ST011,MED029,SUP01,72
PO010701,2026-02-27,2026-03-03,2026-03-03,ST012,MED003,SUP03,24
PO010702,2026-02-27,2026-03-01,2026-03-01,ST012,MED005,SUP01,72
PO010703,2026-02-27,2026-03-02,2026-03-02,ST012,MED006,SUP02,60
PO010704,2026-02-27,2026-03-04,2026-03-04,ST012,MED013,SUP01,48
PO010705,2026-02-27,2026-03-01,2026-03-01,ST012,MED027,SUP03,72
PO010706,2026-02-27,2026-03-02,2026-03-02,ST012,MED030,SUP02,36
PO010707,2026-02-27,2026-03-04,2026-03-04,ST013,MED006,SUP02,60
PO010708,2026-02-27,2026-03-03,2026-03-03,ST013,MED017,SUP01,72
PO010709,2026-02-27,2026-03-02,2026-03-02,ST013,MED019,SUP03,24
PO010710,2026-02-27,2026-03-01,2026-03-04,ST013,MED023,SUP03,72
PO010711,2026-02-27,2026-03-01,2026-03-01,ST013,MED027,SUP03,72
PO010712,2026-02-27,2026-03-02,2026-03-04,ST015,MED006,SUP02,60
PO010713,2026-02-27,2026-03-03,2026-03-03,ST015,MED021,SUP01,66
PO010714,2026-02-27,2026-03-04,2026-03-04,ST015,MED025,SUP01,36
PO010715,2026-02-27,2026-03-01,2026-03-03,ST016,MED010,SUP02,24
PO010716,2026-02-27,2026-03-03,2026-03-03,ST016,MED012,SUP04,60
PO010717,2026-02-27,2026-03-01,2026-03-01,ST016,MED015,SUP03,72
PO010718,2026-02-27,2026-03-01,2026-03-01,ST017,MED006,SUP02,60
PO010719,2026-02-27,2026-03-01,2026-03-01,ST017,MED011,SUP03,66
PO010720,2026-02-27,2026-03-04,2026-03-04,ST017,MED016,SUP04,48
PO010721,2026-02-27,2026-03-01,2026-03-03,ST017,MED029,SUP01,72
PO010722,2026-02-27,2026-03-04,2026-03-04,ST018,MED008,SUP04,24
PO010723,2026-02-27,2026-03-03,2026-03-03,ST019,MED003,SUP03,24
PO010724,2026-02-27,2026-03-01,2026-03-01,ST019,MED008,SUP04,24
PO010725,2026-02-27,2026-03-02,2026-03-05,ST019,MED009,SUP01,60
PO010726,2026-02-27,2026-03-04,2026-03-06,ST019,MED011,SUP03,66
PO010727,2026-02-27,2026-03-01,2026-03-01,ST019,MED022,SUP02,42
PO010728,2026-02-27,2026-03-04,2026-03-04,ST019,MED028,SUP04,48
PO010729,2026-02-27,2026-03-04,2026-03-04,ST019,MED029,SUP01,48
PO010730,2026-02-27,2026-03-02,2026-03-02,ST019,MED030,SUP02,30
PO010731,2026-02-27,2026-03-02,2026-03-02,ST020,MED006,SUP02,60
PO010732,2026-02-27,2026-03-02,2026-03-02,ST020,MED010,SUP02,24
PO010733,2026-02-27,2026-03-02,2026-03-03,ST020,MED016,SUP04,48
PO010734,2026-02-27,2026-03-02,2026-03-04,ST020,MED030,SUP02,36
PO010735,2026-02-27,2026-03-04,2026-03-05,ST021,MED002,SUP02,60
PO010736,2026-02-27,2026-03-03,2026-03-04,ST021,MED008,SUP04,24
PO010737,2026-02-27,2026-03-01,2026-03-01,ST021,MED017,SUP01,72
PO010738,2026-02-27,2026-03-03,2026-03-03,ST021,MED023,SUP03,60
PO010739,2026-02-27,2026-03-03,2026-03-03,ST021,MED027,SUP03,72
PO010740,2026-02-27,2026-03-01,2026-03-01,ST021,MED029,SUP01,48
PO010741,2026-02-27,2026-03-02,2026-03-02,ST022,MED012,SUP04,60
PO010742,2026-02-27,2026-03-02,2026-03-02,ST022,MED024,SUP04,72
PO010743,2026-02-27,2026-03-04,2026-03-04,ST023,MED005,SUP01,72
PO010744,2026-02-27,2026-03-02,2026-03-02,ST023,MED018,SUP02,48
PO010745,2026-02-27,2026-03-02,2026-03-04,ST023,MED021,SUP01,54
PO010746,2026-02-27,2026-03-03,2026-03-04,ST024,MED009,SUP01,60
PO010747,2026-02-27,2026-03-01,2026-03-01,ST024,MED010,SUP02,24
PO010748,2026-02-27,2026-03-01,2026-03-01,ST024,MED011,SUP03,66
PO010749,2026-02-27,2026-03-01,2026-03-01,ST024,MED019,SUP03,24
PO010750,2026-02-27,2026-03-04,2026-03-04,ST024,MED024,SUP04,72
PO010751,2026-02-27,2026-03-03,2026-03-03,ST024,MED025,SUP01,36
PO010752,2026-02-27,2026-03-02,2026-03-02,ST024,MED027,SUP03,72
PO010753,2026-02-27,2026-03-04,2026-03-04,ST024,MED029,SUP01,48
PO010754,2026-02-27,2026-03-02,2026-03-02,ST025,MED001,SUP01,72
PO010755,2026-02-27,2026-03-01,2026-03-02,ST025,MED006,SUP02,60
PO010756,2026-02-27,2026-03-03,2026-03-03,ST025,MED013,SUP01,48
PO010757,2026-02-27,2026-03-01,2026-03-01,ST025,MED016,SUP04,48
PO010758,2026-02-27,2026-03-03,2026-03-03,ST025,MED021,SUP01,54
PO010759,2026-02-27,2026-03-04,2026-03-04,ST025,MED026,SUP02,72
PO010760,2026-02-27,2026-03-04,2026-03-04,ST025,MED027,SUP03,72
PO010761,2026-02-27,2026-03-04,2026-03-04,ST026,MED002,SUP02,66
PO010762,2026-02-27,2026-03-02,2026-03-02,ST026,MED006,SUP02,60
PO010763,2026-02-27,2026-03-01,2026-03-01,ST026,MED009,SUP01,60
PO010764,2026-02-27,2026-03-04,2026-03-04,ST026,MED010,SUP02,24
PO010765,2026-02-27,2026-03-04,2026-03-04,ST026,MED011,SUP03,60
PO010766,2026-02-27,2026-03-01,2026-03-04,ST026,MED014,SUP02,48
PO010767,2026-02-27,2026-03-02,2026-03-03,ST026,MED015,SUP03,72
PO010768,2026-02-27,2026-03-02,2026-03-02,ST026,MED017,SUP01,72
PO010769,2026-02-27,2026-03-02,2026-03-02,ST026,MED023,SUP03,72
PO010770,2026-02-27,2026-03-01,2026-03-01,ST026,MED026,SUP02,72
PO010771,2026-02-27,2026-03-03,2026-03-03,ST027,MED010,SUP02,36
PO010772,2026-02-27,2026-03-01,2026-03-01,ST027,MED012,SUP04,60
PO010773,2026-02-27,2026-03-01,2026-03-01,ST027,MED028,SUP04,48
PO010774,2026-02-27,2026-03-04,2026-03-04,ST028,MED009,SUP01,60
PO010775,2026-02-27,2026-03-03,2026-03-03,ST028,MED014,SUP02,48
PO010776,2026-02-27,2026-03-02,2026-03-02,ST028,MED015,SUP03,72
PO010777,2026-02-27,2026-03-03,2026-03-03,ST028,MED016,SUP04,48
PO010778,2026-02-27,2026-03-03,2026-03-03,ST028,MED027,SUP03,72
PO010779,2026-02-27,2026-03-03,2026-03-03,ST029,MED005,SUP01,72
PO010780,2026-02-27,2026-03-04,2026-03-04,ST029,MED014,SUP02,48
PO010781,2026-02-27,2026-03-02,2026-03-02,ST029,MED015,SUP03,72
PO010782,2026-02-27,2026-03-02,2026-03-02,ST029,MED021,SUP01,60
PO010783,2026-02-27,2026-03-02,2026-03-02,ST029,MED023,SUP03,60
PO010784,2026-02-27,2026-03-04,2026-03-04,ST029,MED027,SUP03,72
PO010785,2026-02-27,2026-03-02,2026-03-02,ST030,MED012,SUP04,60
PO010786,2026-02-27,2026-03-02,2026-03-02,ST030,MED028,SUP04,48
PO010787,2026-02-27,2026-03-01,2026-03-01,ST030,MED029,SUP01,72
PO010788,2026-02-27,2026-03-03,2026-03-05,ST031,MED008,SUP04,24
PO010789,2026-02-27,2026-03-04,2026-03-04,ST031,MED029,SUP01,48
PO010790,2026-02-27,2026-03-01,2026-03-01,ST031,MED030,SUP02,30
PO010791,2026-02-27,2026-03-04,2026-03-05,ST032,MED002,SUP02,66
PO010792,2026-02-27,2026-03-01,2026-03-01,ST032,MED006,SUP02,60
PO010793,2026-02-27,2026-03-02,2026-03-02,ST032,MED008,SUP04,24
PO010794,2026-02-27,2026-03-02,2026-03-02,ST032,MED021,SUP01,60
PO010795,2026-02-27,2026-03-02,2026-03-02,ST032,MED025,SUP01,36
PO010796,2026-02-27,2026-03-03,2026-03-04,ST032,MED027,SUP03,72
PO010797,2026-02-27,2026-03-02,2026-03-02,ST032,MED028,SUP04,48
PO010798,2026-02-27,2026-03-02,2026-03-02,ST033,MED024,SUP04,72
PO010799,2026-02-27,2026-03-01,2026-03-01,ST033,MED025,SUP01,36
PO010800,2026-02-27,2026-03-01,2026-03-01,ST033,MED030,SUP02,30
PO010801,2026-02-27,2026-03-04,2026-03-04,ST034,MED005,SUP01,72
PO010802,2026-02-27,2026-03-02,2026-03-02,ST034,MED006,SUP02,60
PO010803,2026-02-27,2026-03-03,2026-03-03,ST034,MED007,SUP03,24
PO010804,2026-02-27,2026-03-03,2026-03-06,ST034,MED011,SUP03,60
PO010805,2026-02-27,2026-03-03,2026-03-03,ST034,MED015,SUP03,72
PO010806,2026-02-27,2026-03-03,2026-03-03,ST034,MED019,SUP03,24
PO010807,2026-02-27,2026-03-01,2026-03-01,ST034,MED021,SUP01,54
PO010808,2026-02-27,2026-03-04,2026-03-07,ST034,MED023,SUP03,72
PO010809,2026-02-27,2026-03-02,2026-03-04,ST034,MED028,SUP04,48
PO010810,2026-02-27,2026-03-01,2026-03-01,ST035,MED028,SUP04,48
PO010811,2026-02-27,2026-03-01,2026-03-01,ST036,MED017,SUP01,72
PO010812,2026-02-27,2026-03-01,2026-03-01,ST036,MED022,SUP02,36
PO010813,2026-02-27,2026-03-01,2026-03-01,ST036,MED025,SUP01,36
PO010814,2026-02-27,2026-03-02,2026-03-05,ST037,MED001,SUP01,72
PO010815,2026-02-27,2026-03-03,2026-03-03,ST038,MED017,SUP01,60
PO010816,2026-02-27,2026-03-01,2026-03-02,ST038,MED018,SUP02,48
PO010817,2026-02-27,2026-03-04,2026-03-04,ST038,MED020,SUP04,48
PO010818,2026-02-27,2026-03-04,2026-03-04,ST038,MED021,SUP01,54
PO010819,2026-02-27,2026-03-02,2026-03-02,ST038,MED023,SUP03,72
PO010820,2026-02-27,2026-03-03,2026-03-03,ST038,MED027,SUP03,72
PO010821,2026-02-27,2026-03-01,2026-03-01,ST039,MED003,SUP03,24
PO010822,2026-02-27,2026-03-03,2026-03-03,ST039,MED024,SUP04,72
PO010823,2026-02-27,2026-03-03,2026-03-03,ST039,MED027,SUP03,72
PO010824,2026-02-27,2026-03-01,2026-03-01,ST039,MED029,SUP01,48
PO010825,2026-02-27,2026-03-02,2026-03-02,ST040,MED012,SUP04,60
PO010826,2026-02-27,2026-03-01,2026-03-01,ST040,MED015,SUP03,72
PO010827,2026-02-27,2026-03-04,2026-03-04,ST040,MED023,SUP03,72
PO010828,2026-02-27,2026-03-03,2026-03-03,ST040,MED025,SUP01,36
PO010829,2026-02-27,2026-03-01,2026-03-01,ST040,MED026,SUP02,72
PO010830,2026-02-27,2026-03-04,2026-03-04,ST040,MED028,SUP04,48
PO010831,2026-02-28,2026-03-05,2026-03-05,ST001,MED002,SUP02,66
PO010832,2026-02-28,2026-03-03,2026-03-03,ST001,MED009,SUP01,60
PO010833,2026-02-28,2026-03-02,2026-03-02,ST001,MED017,SUP01,60
PO010834,2026-02-28,2026-03-02,2026-03-03,ST001,MED021,SUP01,54
PO010835,2026-02-28,2026-03-05,2026-03-05,ST001,MED024,SUP04,72
PO010836,2026-02-28,2026-03-05,2026-03-05,ST002,MED015,SUP03,72
PO010837,2026-02-28,2026-03-05,2026-03-06,ST002,MED018,SUP02,48
PO010838,2026-02-28,2026-03-02,2026-03-02,ST003,MED009,SUP01,60
PO010839,2026-02-28,2026-03-03,2026-03-03,ST003,MED011,SUP03,66
PO010840,2026-02-28,2026-03-02,2026-03-02,ST003,MED012,SUP04,60
PO010841,2026-02-28,2026-03-02,2026-03-02,ST003,MED020,SUP04,48
PO010842,2026-02-28,2026-03-04,2026-03-04,ST003,MED029,SUP01,72
PO010843,2026-02-28,2026-03-04,2026-03-04,ST003,MED030,SUP02,30
PO010844,2026-02-28,2026-03-02,2026-03-02,ST004,MED014,SUP02,48
PO010845,2026-02-28,2026-03-05,2026-03-05,ST004,MED023,SUP03,72
PO010846,2026-02-28,2026-03-02,2026-03-02,ST004,MED026,SUP02,72
PO010847,2026-02-28,2026-03-05,2026-03-05,ST005,MED004,SUP04,48
PO010848,2026-02-28,2026-03-04,2026-03-04,ST005,MED011,SUP03,72
PO010849,2026-02-28,2026-03-02,2026-03-02,ST005,MED018,SUP02,48
PO010850,2026-02-28,2026-03-05,2026-03-05,ST005,MED022,SUP02,42
PO010851,2026-02-28,2026-03-05,2026-03-05,ST005,MED023,SUP03,84
PO010852,2026-02-28,2026-03-04,2026-03-04,ST006,MED006,SUP02,60
PO010853,2026-02-28,2026-03-04,2026-03-04,ST006,MED010,SUP02,24
PO010854,2026-02-28,2026-03-05,2026-03-05,ST006,MED011,SUP03,66
PO010855,2026-02-28,2026-03-02,2026-03-02,ST006,MED017,SUP01,72
PO010856,2026-02-28,2026-03-02,2026-03-02,ST006,MED021,SUP01,66
PO010857,2026-02-28,2026-03-03,2026-03-06,ST006,MED025,SUP01,36
PO010858,2026-02-28,2026-03-03,2026-03-03,ST006,MED026,SUP02,72
PO010859,2026-02-28,2026-03-04,2026-03-04,ST007,MED017,SUP01,60
PO010860,2026-02-28,2026-03-03,2026-03-04,ST007,MED019,SUP03,24
PO010861,2026-02-28,2026-03-03,2026-03-03,ST007,MED027,SUP03,84
PO010862,2026-02-28,2026-03-04,2026-03-04,ST008,MED002,SUP02,60
PO010863,2026-02-28,2026-03-03,2026-03-03,ST008,MED012,SUP04,60
PO010864,2026-02-28,2026-03-05,2026-03-05,ST008,MED016,SUP04,48
PO010865,2026-02-28,2026-03-03,2026-03-06,ST008,MED024,SUP04,72
PO010866,2026-02-28,2026-03-05,2026-03-05,ST009,MED008,SUP04,24
PO010867,2026-02-28,2026-03-03,2026-03-04,ST009,MED011,SUP03,60
PO010868,2026-02-28,2026-03-05,2026-03-05,ST009,MED013,SUP01,48
PO010869,2026-02-28,2026-03-04,2026-03-04,ST009,MED018,SUP02,48
PO010870,2026-02-28,2026-03-05,2026-03-05,ST009,MED020,SUP04,48
PO010871,2026-02-28,2026-03-04,2026-03-07,ST009,MED023,SUP03,60
PO010872,2026-02-28,2026-03-02,2026-03-02,ST009,MED027,SUP03,72
PO010873,2026-02-28,2026-03-04,2026-03-04,ST010,MED004,SUP04,48
PO010874,2026-02-28,2026-03-04,2026-03-04,ST010,MED007,SUP03,24
PO010875,2026-02-28,2026-03-02,2026-03-02,ST010,MED019,SUP03,24
PO010876,2026-02-28,2026-03-02,2026-03-02,ST010,MED030,SUP02,30
PO010877,2026-02-28,2026-03-03,2026-03-03,ST011,MED001,SUP01,72
PO010878,2026-02-28,2026-03-02,2026-03-02,ST011,MED012,SUP04,60
PO010879,2026-02-28,2026-03-03,2026-03-03,ST012,MED004,SUP04,48
PO010880,2026-02-28,2026-03-03,2026-03-06,ST012,MED012,SUP04,60
PO010881,2026-02-28,2026-03-04,2026-03-05,ST012,MED015,SUP03,96
PO010882,2026-02-28,2026-03-04,2026-03-04,ST012,MED023,SUP03,72
PO010883,2026-02-28,2026-03-03,2026-03-03,ST012,MED025,SUP01,48
PO010884,2026-02-28,2026-03-05,2026-03-05,ST013,MED005,SUP01,72
PO010885,2026-02-28,2026-03-04,2026-03-05,ST013,MED007,SUP03,24
PO010886,2026-02-28,2026-03-05,2026-03-05,ST013,MED009,SUP01,60
PO010887,2026-02-28,2026-03-05,2026-03-05,ST013,MED013,SUP01,48
PO010888,2026-02-28,2026-03-03,2026-03-03,ST014,MED003,SUP03,24
PO010889,2026-02-28,2026-03-02,2026-03-02,ST014,MED010,SUP02,24
PO010890,2026-02-28,2026-03-05,2026-03-05,ST014,MED011,SUP03,60
PO010891,2026-02-28,2026-03-03,2026-03-03,ST014,MED016,SUP04,48
PO010892,2026-02-28,2026-03-02,2026-03-05,ST014,MED024,SUP04,72
PO010893,2026-02-28,2026-03-05,2026-03-08,ST015,MED003,SUP03,24
PO010894,2026-02-28,2026-03-03,2026-03-03,ST015,MED011,SUP03,66
PO010895,2026-02-28,2026-03-03,2026-03-03,ST016,MED003,SUP03,24
PO010896,2026-02-28,2026-03-05,2026-03-05,ST016,MED008,SUP04,24
PO010897,2026-02-28,2026-03-04,2026-03-04,ST016,MED011,SUP03,66
PO010898,2026-02-28,2026-03-03,2026-03-03,ST016,MED026,SUP02,72
PO010899,2026-02-28,2026-03-05,2026-03-05,ST017,MED002,SUP02,60
PO010900,2026-02-28,2026-03-04,2026-03-04,ST017,MED010,SUP02,24
PO010901,2026-02-28,2026-03-03,2026-03-03,ST017,MED017,SUP01,72
PO010902,2026-02-28,2026-03-05,2026-03-05,ST017,MED021,SUP01,66
PO010903,2026-02-28,2026-03-02,2026-03-02,ST017,MED022,SUP02,42
PO010904,2026-02-28,2026-03-03,2026-03-03,ST017,MED024,SUP04,72
PO010905,2026-02-28,2026-03-02,2026-03-02,ST018,MED005,SUP01,60
PO010906,2026-02-28,2026-03-02,2026-03-02,ST018,MED010,SUP02,24
PO010907,2026-02-28,2026-03-02,2026-03-02,ST018,MED014,SUP02,48
PO010908,2026-02-28,2026-03-04,2026-03-04,ST018,MED015,SUP03,72
PO010909,2026-02-28,2026-03-04,2026-03-04,ST018,MED023,SUP03,60
PO010910,2026-02-28,2026-03-04,2026-03-04,ST019,MED006,SUP02,72
PO010911,2026-02-28,2026-03-02,2026-03-02,ST019,MED015,SUP03,72
PO010912,2026-02-28,2026-03-03,2026-03-03,ST019,MED018,SUP02,48
PO010913,2026-02-28,2026-03-02,2026-03-05,ST019,MED025,SUP01,36
PO010914,2026-02-28,2026-03-02,2026-03-02,ST019,MED026,SUP02,72
PO010915,2026-02-28,2026-03-02,2026-03-02,ST019,MED027,SUP03,72
PO010916,2026-02-28,2026-03-04,2026-03-04,ST020,MED001,SUP01,72
PO010917,2026-02-28,2026-03-04,2026-03-04,ST020,MED005,SUP01,72
PO010918,2026-02-28,2026-03-05,2026-03-05,ST020,MED011,SUP03,66
PO010919,2026-02-28,2026-03-03,2026-03-03,ST020,MED012,SUP04,60
PO010920,2026-02-28,2026-03-02,2026-03-02,ST020,MED013,SUP01,48
PO010921,2026-02-28,2026-03-02,2026-03-02,ST020,MED014,SUP02,48
PO010922,2026-02-28,2026-03-04,2026-03-04,ST020,MED026,SUP02,72
PO010923,2026-02-28,2026-03-05,2026-03-05,ST020,MED028,SUP04,48
PO010924,2026-02-28,2026-03-02,2026-03-02,ST021,MED005,SUP01,60
PO010925,2026-02-28,2026-03-04,2026-03-04,ST021,MED009,SUP01,60
PO010926,2026-02-28,2026-03-02,2026-03-02,ST021,MED018,SUP02,48
PO010927,2026-02-28,2026-03-03,2026-03-03,ST021,MED019,SUP03,24
PO010928,2026-02-28,2026-03-03,2026-03-03,ST022,MED005,SUP01,60
PO010929,2026-02-28,2026-03-02,2026-03-02,ST022,MED008,SUP04,24
PO010930,2026-02-28,2026-03-02,2026-03-05,ST022,MED011,SUP03,66
PO010931,2026-02-28,2026-03-04,2026-03-04,ST022,MED018,SUP02,48
PO010932,2026-02-28,2026-03-05,2026-03-05,ST023,MED001,SUP01,72
PO010933,2026-02-28,2026-03-02,2026-03-02,ST023,MED009,SUP01,60
PO010934,2026-02-28,2026-03-03,2026-03-03,ST023,MED011,SUP03,60
PO010935,2026-02-28,2026-03-02,2026-03-05,ST023,MED013,SUP01,36
PO010936,2026-02-28,2026-03-05,2026-03-05,ST023,MED016,SUP04,48
PO010937,2026-02-28,2026-03-04,2026-03-04,ST023,MED022,SUP02,42
PO010938,2026-02-28,2026-03-03,2026-03-03,ST023,MED023,SUP03,60
PO010939,2026-02-28,2026-03-02,2026-03-02,ST023,MED030,SUP02,36
PO010940,2026-02-28,2026-03-03,2026-03-03,ST024,MED002,SUP02,60
PO010941,2026-02-28,2026-03-02,2026-03-02,ST024,MED013,SUP01,48
PO010942,2026-02-28,2026-03-05,2026-03-05,ST024,MED014,SUP02,48
PO010943,2026-02-28,2026-03-02,2026-03-02,ST024,MED015,SUP03,72
PO010944,2026-02-28,2026-03-02,2026-03-02,ST024,MED016,SUP04,48
PO010945,2026-02-28,2026-03-03,2026-03-03,ST024,MED020,SUP04,48
PO010946,2026-02-28,2026-03-03,2026-03-03,ST025,MED005,SUP01,72
PO010947,2026-02-28,2026-03-05,2026-03-07,ST025,MED009,SUP01,60
PO010948,2026-02-28,2026-03-05,2026-03-07,ST025,MED012,SUP04,60
PO010949,2026-02-28,2026-03-03,2026-03-03,ST025,MED017,SUP01,72
PO010950,2026-02-28,2026-03-03,2026-03-03,ST025,MED020,SUP04,48
PO010951,2026-02-28,2026-03-03,2026-03-05,ST025,MED025,SUP01,48
PO010952,2026-02-28,2026-03-02,2026-03-02,ST026,MED004,SUP04,48
PO010953,2026-02-28,2026-03-05,2026-03-05,ST026,MED005,SUP01,60
PO010954,2026-02-28,2026-03-02,2026-03-02,ST026,MED008,SUP04,24
PO010955,2026-02-28,2026-03-02,2026-03-02,ST026,MED024,SUP04,72
PO010956,2026-02-28,2026-03-02,2026-03-02,ST027,MED001,SUP01,72
PO010957,2026-02-28,2026-03-02,2026-03-02,ST027,MED002,SUP02,66
PO010958,2026-02-28,2026-03-05,2026-03-05,ST027,MED004,SUP04,48
PO010959,2026-02-28,2026-03-05,2026-03-05,ST027,MED013,SUP01,48
PO010960,2026-02-28,2026-03-04,2026-03-04,ST027,MED017,SUP01,72
PO010961,2026-02-28,2026-03-04,2026-03-04,ST027,MED018,SUP02,48
PO010962,2026-02-28,2026-03-04,2026-03-04,ST027,MED023,SUP03,60
PO010963,2026-02-28,2026-03-05,2026-03-05,ST027,MED024,SUP04,84
PO010964,2026-02-28,2026-03-02,2026-03-02,ST028,MED006,SUP02,60
PO010965,2026-02-28,2026-03-05,2026-03-05,ST028,MED024,SUP04,72
PO010966,2026-02-28,2026-03-03,2026-03-03,ST028,MED029,SUP01,72
PO010967,2026-02-28,2026-03-03,2026-03-03,ST029,MED008,SUP04,24
PO010968,2026-02-28,2026-03-02,2026-03-05,ST029,MED010,SUP02,24
PO010969,2026-02-28,2026-03-04,2026-03-04,ST029,MED011,SUP03,66
PO010970,2026-02-28,2026-03-03,2026-03-03,ST029,MED013,SUP01,48
PO010971,2026-02-28,2026-03-05,2026-03-05,ST029,MED025,SUP01,36
PO010972,2026-02-28,2026-03-05,2026-03-05,ST029,MED028,SUP04,48
PO010973,2026-02-28,2026-03-04,2026-03-04,ST030,MED010,SUP02,24
PO010974,2026-02-28,2026-03-03,2026-03-03,ST030,MED011,SUP03,66
PO010975,2026-02-28,2026-03-02,2026-03-02,ST030,MED015,SUP03,96
PO010976,2026-02-28,2026-03-05,2026-03-05,ST030,MED017,SUP01,60
PO010977,2026-02-28,2026-03-03,2026-03-03,ST030,MED020,SUP04,48
PO010978,2026-02-28,2026-03-03,2026-03-03,ST030,MED027,SUP03,72
PO010979,2026-02-28,2026-03-02,2026-03-02,ST031,MED006,SUP02,60
PO010980,2026-02-28,2026-03-05,2026-03-06,ST031,MED016,SUP04,48
PO010981,2026-02-28,2026-03-04,2026-03-06,ST031,MED025,SUP01,36
PO010982,2026-02-28,2026-03-03,2026-03-03,ST032,MED017,SUP01,72
PO010983,2026-02-28,2026-03-05,2026-03-05,ST032,MED019,SUP03,24
PO010984,2026-02-28,2026-03-04,2026-03-05,ST032,MED020,SUP04,48
PO010985,2026-02-28,2026-03-04,2026-03-04,ST032,MED026,SUP02,72
PO010986,2026-02-28,2026-03-05,2026-03-05,ST033,MED003,SUP03,24
PO010987,2026-02-28,2026-03-05,2026-03-05,ST033,MED006,SUP02,60
PO010988,2026-02-28,2026-03-04,2026-03-04,ST033,MED008,SUP04,24
PO010989,2026-02-28,2026-03-04,2026-03-04,ST033,MED009,SUP01,60
PO010990,2026-02-28,2026-03-05,2026-03-05,ST033,MED010,SUP02,24
PO010991,2026-02-28,2026-03-02,2026-03-02,ST033,MED011,SUP03,66
PO010992,2026-02-28,2026-03-05,2026-03-05,ST033,MED023,SUP03,72
PO010993,2026-02-28,2026-03-03,2026-03-03,ST033,MED028,SUP04,48
PO010994,2026-02-28,2026-03-02,2026-03-02,ST034,MED009,SUP01,60
PO010995,2026-02-28,2026-03-04,2026-03-07,ST034,MED016,SUP04,48
PO010996,2026-02-28,2026-03-03,2026-03-03,ST034,MED020,SUP04,48
PO010997,2026-02-28,2026-03-02,2026-03-02,ST034,MED027,SUP03,72
PO010998,2026-02-28,2026-03-02,2026-03-02,ST035,MED004,SUP04,48
PO010999,2026-02-28,2026-03-03,2026-03-03,ST035,MED018,SUP02,48
PO011000,2026-02-28,2026-03-02,2026-03-02,ST035,MED021,SUP01,60
PO011001,2026-02-28,2026-03-04,2026-03-04,ST035,MED025,SUP01,36
PO011002,2026-02-28,2026-03-04,2026-03-04,ST035,MED027,SUP03,72
PO011003,2026-02-28,2026-03-03,2026-03-06,ST036,MED001,SUP01,72
PO011004,2026-02-28,2026-03-05,2026-03-05,ST036,MED002,SUP02,60
PO011005,2026-02-28,2026-03-03,2026-03-03,ST036,MED005,SUP01,60
PO011006,2026-02-28,2026-03-02,2026-03-02,ST036,MED008,SUP04,24
PO011007,2026-02-28,2026-03-03,2026-03-03,ST036,MED009,SUP01,60
PO011008,2026-02-28,2026-03-03,2026-03-03,ST036,MED010,SUP02,24
PO011009,2026-02-28,2026-03-05,2026-03-05,ST036,MED011,SUP03,66
PO011010,2026-02-28,2026-03-02,2026-03-03,ST036,MED021,SUP01,60
PO011011,2026-02-28,2026-03-02,2026-03-02,ST036,MED023,SUP03,60
PO011012,2026-02-28,2026-03-03,2026-03-03,ST036,MED027,SUP03,72
PO011013,2026-02-28,2026-03-04,2026-03-04,ST036,MED029,SUP01,72
PO011014,2026-02-28,2026-03-04,2026-03-04,ST037,MED011,SUP03,60
PO011015,2026-02-28,2026-03-05,2026-03-05,ST037,MED012,SUP04,60
PO011016,2026-02-28,2026-03-05,2026-03-05,ST037,MED018,SUP02,48
PO011017,2026-02-28,2026-03-02,2026-03-03,ST037,MED026,SUP02,72
PO011018,2026-02-28,2026-03-05,2026-03-05,ST037,MED028,SUP04,48
PO011019,2026-02-28,2026-03-02,2026-03-02,ST038,MED008,SUP04,24
PO011020,2026-02-28,2026-03-03,2026-03-06,ST038,MED015,SUP03,72
PO011021,2026-02-28,2026-03-04,2026-03-04,ST038,MED029,SUP01,72
PO011022,2026-02-28,2026-03-03,2026-03-03,ST038,MED030,SUP02,36
PO011023,2026-02-28,2026-03-02,2026-03-04,ST039,MED004,SUP04,48
PO011024,2026-02-28,2026-03-04,2026-03-04,ST039,MED005,SUP01,72
PO011025,2026-02-28,2026-03-04,2026-03-06,ST039,MED010,SUP02,36
PO011026,2026-02-28,2026-03-04,2026-03-04,ST039,MED011,SUP03,72
PO011027,2026-02-28,2026-03-05,2026-03-05,ST039,MED012,SUP04,72
PO011028,2026-02-28,2026-03-05,2026-03-05,ST039,MED016,SUP04,48
PO011029,2026-02-28,2026-03-04,2026-03-04,ST039,MED018,SUP02,48
PO011030,2026-02-28,2026-03-04,2026-03-04,ST039,MED021,SUP01,72
PO011031,2026-02-28,2026-03-03,2026-03-03,ST040,MED003,SUP03,24
PO011032,2026-02-28,2026-03-03,2026-03-03,ST040,MED016,SUP04,48
PO011033,2026-02-28,2026-03-02,2026-03-04,ST040,MED017,SUP01,60
PO011034,2026-03-01,2026-03-05,2026-03-05,ST001,MED020,SUP04,48
PO011035,2026-03-01,2026-03-04,2026-03-04,ST002,MED002,SUP02,66
PO011036,2026-03-01,2026-03-03,2026-03-03,ST002,MED004,SUP04,48
PO011037,2026-03-01,2026-03-03,2026-03-03,ST002,MED030,SUP02,30
PO011038,2026-03-01,2026-03-05,2026-03-07,ST003,MED002,SUP02,66
PO011039,2026-03-01,2026-03-03,2026-03-03,ST003,MED005,SUP01,72
PO011040,2026-03-01,2026-03-06,2026-03-06,ST003,MED014,SUP02,48
PO011041,2026-03-01,2026-03-03,2026-03-03,ST003,MED015,SUP03,72
PO011042,2026-03-01,2026-03-04,2026-03-04,ST003,MED019,SUP03,24
PO011043,2026-03-01,2026-03-03,2026-03-03,ST003,MED025,SUP01,48
PO011044,2026-03-01,2026-03-04,2026-03-04,ST004,MED006,SUP02,60
PO011045,2026-03-01,2026-03-03,2026-03-06,ST004,MED008,SUP04,24
PO011046,2026-03-01,2026-03-05,2026-03-05,ST004,MED020,SUP04,48
PO011047,2026-03-01,2026-03-04,2026-03-04,ST004,MED021,SUP01,60
PO011048,2026-03-01,2026-03-03,2026-03-03,ST004,MED028,SUP04,48
PO011049,2026-03-01,2026-03-03,2026-03-03,ST005,MED002,SUP02,72
PO011050,2026-03-01,2026-03-06,2026-03-06,ST005,MED007,SUP03,24
PO011051,2026-03-01,2026-03-05,2026-03-05,ST005,MED008,SUP04,24
PO011052,2026-03-01,2026-03-05,2026-03-05,ST006,MED007,SUP03,24
PO011053,2026-03-01,2026-03-05,2026-03-05,ST006,MED022,SUP02,48
PO011054,2026-03-01,2026-03-04,2026-03-04,ST006,MED029,SUP01,72
PO011055,2026-03-01,2026-03-04,2026-03-06,ST006,MED030,SUP02,30
PO011056,2026-03-01,2026-03-05,2026-03-05,ST007,MED005,SUP01,72
PO011057,2026-03-01,2026-03-06,2026-03-08,ST007,MED009,SUP01,60
PO011058,2026-03-01,2026-03-06,2026-03-06,ST007,MED012,SUP04,60
PO011059,2026-03-01,2026-03-04,2026-03-07,ST007,MED018,SUP02,48
PO011060,2026-03-01,2026-03-04,2026-03-04,ST007,MED021,SUP01,54
PO011061,2026-03-01,2026-03-05,2026-03-05,ST007,MED022,SUP02,42
PO011062,2026-03-01,2026-03-04,2026-03-04,ST007,MED025,SUP01,36
PO011063,2026-03-01,2026-03-03,2026-03-05,ST008,MED001,SUP01,72
PO011064,2026-03-01,2026-03-04,2026-03-04,ST008,MED007,SUP03,24
PO011065,2026-03-01,2026-03-06,2026-03-06,ST008,MED018,SUP02,48
PO011066,2026-03-01,2026-03-06,2026-03-06,ST008,MED027,SUP03,72
PO011067,2026-03-01,2026-03-03,2026-03-03,ST008,MED028,SUP04,48
PO011068,2026-03-01,2026-03-04,2026-03-04,ST009,MED005,SUP01,72
PO011069,2026-03-01,2026-03-04,2026-03-04,ST009,MED010,SUP02,24
PO011070,2026-03-01,2026-03-06,2026-03-06,ST009,MED012,SUP04,60
PO011071,2026-03-01,2026-03-06,2026-03-06,ST009,MED015,SUP03,72
PO011072,2026-03-01,2026-03-03,2026-03-03,ST009,MED019,SUP03,24
PO011073,2026-03-01,2026-03-04,2026-03-04,ST010,MED002,SUP02,66
PO011074,2026-03-01,2026-03-04,2026-03-04,ST010,MED003,SUP03,24
PO011075,2026-03-01,2026-03-04,2026-03-07,ST010,MED005,SUP01,72
PO011076,2026-03-01,2026-03-04,2026-03-06,ST010,MED014,SUP02,48
PO011077,2026-03-01,2026-03-06,2026-03-06,ST010,MED020,SUP04,48
PO011078,2026-03-01,2026-03-06,2026-03-06,ST010,MED022,SUP02,42
PO011079,2026-03-01,2026-03-04,2026-03-04,ST010,MED029,SUP01,72
PO011080,2026-03-01,2026-03-06,2026-03-06,ST011,MED004,SUP04,48
PO011081,2026-03-01,2026-03-06,2026-03-06,ST011,MED009,SUP01,60
PO011082,2026-03-01,2026-03-05,2026-03-05,ST011,MED011,SUP03,66
PO011083,2026-03-01,2026-03-04,2026-03-04,ST011,MED016,SUP04,48
PO011084,2026-03-01,2026-03-06,2026-03-06,ST011,MED020,SUP04,48
PO011085,2026-03-01,2026-03-03,2026-03-03,ST011,MED024,SUP04,72
PO011086,2026-03-01,2026-03-04,2026-03-04,ST011,MED025,SUP01,36
PO011087,2026-03-01,2026-03-06,2026-03-06,ST011,MED028,SUP04,48
PO011088,2026-03-01,2026-03-04,2026-03-04,ST012,MED017,SUP01,72
PO011089,2026-03-01,2026-03-04,2026-03-04,ST012,MED019,SUP03,24
PO011090,2026-03-01,2026-03-03,2026-03-03,ST012,MED020,SUP04,48
PO011091,2026-03-01,2026-03-04,2026-03-05,ST012,MED026,SUP02,72
PO011092,2026-03-01,2026-03-03,2026-03-03,ST013,MED001,SUP01,72
PO011093,2026-03-01,2026-03-06,2026-03-06,ST013,MED004,SUP04,60
PO011094,2026-03-01,2026-03-04,2026-03-04,ST013,MED008,SUP04,24
PO011095,2026-03-01,2026-03-05,2026-03-05,ST013,MED012,SUP04,72
PO011096,2026-03-01,2026-03-03,2026-03-03,ST013,MED015,SUP03,72
PO011097,2026-03-01,2026-03-06,2026-03-06,ST013,MED018,SUP02,48
PO011098,2026-03-01,2026-03-05,2026-03-05,ST013,MED020,SUP04,48
PO011099,2026-03-01,2026-03-03,2026-03-03,ST013,MED024,SUP04,84
PO011100,2026-03-01,2026-03-03,2026-03-03,ST014,MED004,SUP04,48
PO011101,2026-03-01,2026-03-03,2026-03-03,ST014,MED012,SUP04,60
PO011102,2026-03-01,2026-03-03,2026-03-03,ST014,MED013,SUP01,48
PO011103,2026-03-01,2026-03-05,2026-03-05,ST015,MED024,SUP04,84
PO011104,2026-03-01,2026-03-05,2026-03-05,ST015,MED027,SUP03,72
PO011105,2026-03-01,2026-03-03,2026-03-03,ST015,MED028,SUP04,48
PO011106,2026-03-01,2026-03-04,2026-03-04,ST015,MED030,SUP02,30
PO011107,2026-03-01,2026-03-03,2026-03-03,ST016,MED004,SUP04,48
PO011108,2026-03-01,2026-03-03,2026-03-03,ST016,MED013,SUP01,48
PO011109,2026-03-01,2026-03-03,2026-03-03,ST016,MED019,SUP03,24
PO011110,2026-03-01,2026-03-04,2026-03-04,ST017,MED004,SUP04,48
PO011111,2026-03-01,2026-03-06,2026-03-06,ST017,MED009,SUP01,60
PO011112,2026-03-01,2026-03-03,2026-03-03,ST017,MED015,SUP03,96
PO011113,2026-03-01,2026-03-06,2026-03-06,ST017,MED023,SUP03,72
PO011114,2026-03-01,2026-03-06,2026-03-08,ST017,MED025,SUP01,36
PO011115,2026-03-01,2026-03-06,2026-03-06,ST017,MED026,SUP02,72
PO011116,2026-03-01,2026-03-05,2026-03-05,ST017,MED027,SUP03,84
PO011117,2026-03-01,2026-03-05,2026-03-05,ST018,MED001,SUP01,72
PO011118,2026-03-01,2026-03-05,2026-03-05,ST018,MED016,SUP04,48
PO011119,2026-03-01,2026-03-06,2026-03-09,ST018,MED019,SUP03,24
PO011120,2026-03-01,2026-03-03,2026-03-03,ST018,MED025,SUP01,36
PO011121,2026-03-01,2026-03-06,2026-03-06,ST018,MED028,SUP04,48
PO011122,2026-03-01,2026-03-05,2026-03-05,ST018,MED029,SUP01,72
PO011123,2026-03-01,2026-03-03,2026-03-03,ST019,MED001,SUP01,72
PO011124,2026-03-01,2026-03-04,2026-03-04,ST019,MED002,SUP02,72
PO011125,2026-03-01,2026-03-05,2026-03-05,ST019,MED005,SUP01,60
PO011126,2026-03-01,2026-03-05,2026-03-05,ST019,MED017,SUP01,60
PO011127,2026-03-01,2026-03-03,2026-03-03,ST019,MED019,SUP03,24
PO011128,2026-03-01,2026-03-05,2026-03-08,ST019,MED021,SUP01,60
PO011129,2026-03-01,2026-03-04,2026-03-04,ST020,MED002,SUP02,72
PO011130,2026-03-01,2026-03-05,2026-03-05,ST020,MED009,SUP01,60
PO011131,2026-03-01,2026-03-04,2026-03-04,ST020,MED021,SUP01,60
PO011132,2026-03-01,2026-03-04,2026-03-04,ST021,MED003,SUP03,24
PO011133,2026-03-01,2026-03-04,2026-03-05,ST021,MED011,SUP03,66
PO011134,2026-03-01,2026-03-06,2026-03-06,ST021,MED021,SUP01,54
PO011135,2026-03-01,2026-03-04,2026-03-04,ST021,MED022,SUP02,42
PO011136,2026-03-01,2026-03-06,2026-03-06,ST021,MED026,SUP02,72
PO011137,2026-03-01,2026-03-03,2026-03-03,ST022,MED006,SUP02,60
PO011138,2026-03-01,2026-03-05,2026-03-05,ST022,MED013,SUP01,36
PO011139,2026-03-01,2026-03-06,2026-03-06,ST022,MED014,SUP02,48
PO011140,2026-03-01,2026-03-06,2026-03-06,ST022,MED015,SUP03,72
PO011141,2026-03-01,2026-03-06,2026-03-06,ST022,MED029,SUP01,48
PO011142,2026-03-01,2026-03-05,2026-03-05,ST023,MED006,SUP02,60
PO011143,2026-03-01,2026-03-06,2026-03-06,ST023,MED012,SUP04,72
PO011144,2026-03-01,2026-03-04,2026-03-04,ST023,MED017,SUP01,60
PO011145,2026-03-01,2026-03-06,2026-03-09,ST023,MED019,SUP03,24
PO011146,2026-03-01,2026-03-04,2026-03-04,ST023,MED025,SUP01,48
PO011147,2026-03-01,2026-03-04,2026-03-04,ST023,MED027,SUP03,72
PO011148,2026-03-01,2026-03-03,2026-03-03,ST024,MED001,SUP01,72
PO011149,2026-03-01,2026-03-06,2026-03-06,ST024,MED021,SUP01,66
PO011150,2026-03-01,2026-03-05,2026-03-05,ST025,MED004,SUP04,60
PO011151,2026-03-01,2026-03-05,2026-03-07,ST025,MED018,SUP02,48
PO011152,2026-03-01,2026-03-04,2026-03-04,ST025,MED022,SUP02,42
PO011153,2026-03-01,2026-03-05,2026-03-05,ST025,MED028,SUP04,48
PO011154,2026-03-01,2026-03-06,2026-03-06,ST025,MED029,SUP01,48
PO011155,2026-03-01,2026-03-03,2026-03-03,ST026,MED003,SUP03,24
PO011156,2026-03-01,2026-03-06,2026-03-06,ST026,MED007,SUP03,24
PO011157,2026-03-01,2026-03-06,2026-03-06,ST026,MED020,SUP04,48
PO011158,2026-03-01,2026-03-03,2026-03-03,ST026,MED027,SUP03,72
PO011159,2026-03-01,2026-03-04,2026-03-04,ST027,MED007,SUP03,24
PO011160,2026-03-01,2026-03-03,2026-03-03,ST027,MED015,SUP03,96
PO011161,2026-03-01,2026-03-05,2026-03-05,ST027,MED016,SUP04,72
PO011162,2026-03-01,2026-03-04,2026-03-04,ST027,MED021,SUP01,54
PO011163,2026-03-01,2026-03-04,2026-03-06,ST027,MED029,SUP01,72
PO011164,2026-03-01,2026-03-06,2026-03-06,ST028,MED003,SUP03,24
PO011165,2026-03-01,2026-03-06,2026-03-06,ST028,MED017,SUP01,72
PO011166,2026-03-01,2026-03-06,2026-03-06,ST029,MED002,SUP02,60
PO011167,2026-03-01,2026-03-04,2026-03-04,ST029,MED004,SUP04,48
PO011168,2026-03-01,2026-03-06,2026-03-06,ST029,MED006,SUP02,60
PO011169,2026-03-01,2026-03-04,2026-03-04,ST029,MED007,SUP03,24
PO011170,2026-03-01,2026-03-03,2026-03-03,ST029,MED020,SUP04,48
PO011171,2026-03-01,2026-03-03,2026-03-03,ST029,MED026,SUP02,72
PO011172,2026-03-01,2026-03-05,2026-03-05,ST029,MED029,SUP01,72
PO011173,2026-03-01,2026-03-04,2026-03-05,ST030,MED006,SUP02,60
PO011174,2026-03-01,2026-03-06,2026-03-06,ST030,MED008,SUP04,24
PO011175,2026-03-01,2026-03-04,2026-03-04,ST030,MED013,SUP01,48
PO011176,2026-03-01,2026-03-03,2026-03-03,ST030,MED024,SUP04,72
PO011177,2026-03-01,2026-03-03,2026-03-03,ST030,MED025,SUP01,48
PO011178,2026-03-01,2026-03-05,2026-03-05,ST030,MED030,SUP02,30
PO011179,2026-03-01,2026-03-03,2026-03-03,ST031,MED002,SUP02,60
PO011180,2026-03-01,2026-03-06,2026-03-06,ST031,MED004,SUP04,48
PO011181,2026-03-01,2026-03-04,2026-03-04,ST031,MED007,SUP03,24
PO011182,2026-03-01,2026-03-06,2026-03-06,ST031,MED009,SUP01,72
PO011183,2026-03-01,2026-03-06,2026-03-06,ST031,MED013,SUP01,48
PO011184,2026-03-01,2026-03-06,2026-03-06,ST031,MED019,SUP03,24
PO011185,2026-03-01,2026-03-04,2026-03-04,ST031,MED020,SUP04,48
PO011186,2026-03-01,2026-03-04,2026-03-04,ST031,MED024,SUP04,72
PO011187,2026-03-01,2026-03-03,2026-03-03,ST031,MED026,SUP02,72
PO011188,2026-03-01,2026-03-04,2026-03-04,ST031,MED027,SUP03,72
PO011189,2026-03-01,2026-03-06,2026-03-06,ST031,MED028,SUP04,48
PO011190,2026-03-01,2026-03-06,2026-03-06,ST032,MED007,SUP03,24
PO011191,2026-03-01,2026-03-04,2026-03-07,ST032,MED009,SUP01,72
PO011192,2026-03-01,2026-03-05,2026-03-05,ST032,MED011,SUP03,66
PO011193,2026-03-01,2026-03-06,2026-03-06,ST032,MED023,SUP03,60
PO011194,2026-03-01,2026-03-03,2026-03-03,ST032,MED024,SUP04,72
PO011195,2026-03-01,2026-03-03,2026-03-03,ST033,MED005,SUP01,72
PO011196,2026-03-01,2026-03-05,2026-03-06,ST033,MED015,SUP03,72
PO011197,2026-03-01,2026-03-04,2026-03-04,ST033,MED016,SUP04,48
PO011198,2026-03-01,2026-03-04,2026-03-04,ST033,MED017,SUP01,84
PO011199,2026-03-01,2026-03-04,2026-03-04,ST033,MED019,SUP03,24
PO011200,2026-03-01,2026-03-05,2026-03-05,ST033,MED021,SUP01,60
PO011201,2026-03-01,2026-03-06,2026-03-06,ST034,MED001,SUP01,72
PO011202,2026-03-01,2026-03-06,2026-03-06,ST034,MED004,SUP04,60
PO011203,2026-03-01,2026-03-06,2026-03-06,ST034,MED014,SUP02,48
PO011204,2026-03-01,2026-03-05,2026-03-06,ST034,MED024,SUP04,72
PO011205,2026-03-01,2026-03-05,2026-03-05,ST034,MED026,SUP02,72
PO011206,2026-03-01,2026-03-05,2026-03-05,ST035,MED002,SUP02,60
PO011207,2026-03-01,2026-03-05,2026-03-05,ST035,MED020,SUP04,48
PO011208,2026-03-01,2026-03-03,2026-03-03,ST035,MED022,SUP02,42
PO011209,2026-03-01,2026-03-04,2026-03-04,ST035,MED029,SUP01,48
PO011210,2026-03-01,2026-03-04,2026-03-04,ST036,MED013,SUP01,48
PO011211,2026-03-01,2026-03-05,2026-03-05,ST036,MED030,SUP02,30
PO011212,2026-03-01,2026-03-06,2026-03-06,ST037,MED013,SUP01,36
PO011213,2026-03-01,2026-03-06,2026-03-08,ST037,MED015,SUP03,72
PO011214,2026-03-01,2026-03-05,2026-03-05,ST037,MED019,SUP03,24
PO011215,2026-03-01,2026-03-05,2026-03-07,ST037,MED020,SUP04,48
PO011216,2026-03-01,2026-03-05,2026-03-05,ST037,MED022,SUP02,42
PO011217,2026-03-01,2026-03-05,2026-03-06,ST037,MED027,SUP03,84
PO011218,2026-03-01,2026-03-06,2026-03-06,ST038,MED004,SUP04,48
PO011219,2026-03-01,2026-03-03,2026-03-03,ST038,MED009,SUP01,60
PO011220,2026-03-01,2026-03-04,2026-03-04,ST038,MED012,SUP04,60
PO011221,2026-03-01,2026-03-04,2026-03-04,ST038,MED019,SUP03,24
PO011222,2026-03-01,2026-03-03,2026-03-03,ST038,MED026,SUP02,72
PO011223,2026-03-01,2026-03-05,2026-03-05,ST039,MED013,SUP01,36
PO011224,2026-03-01,2026-03-06,2026-03-06,ST039,MED020,SUP04,48
PO011225,2026-03-01,2026-03-03,2026-03-03,ST039,MED023,SUP03,60
PO011226,2026-03-01,2026-03-06,2026-03-06,ST039,MED025,SUP01,48
PO011227,2026-03-01,2026-03-06,2026-03-06,ST040,MED001,SUP01,72
PO011228,2026-03-01,2026-03-04,2026-03-04,ST040,MED002,SUP02,72
PO011229,2026-03-01,2026-03-05,2026-03-05,ST040,MED007,SUP03,24
PO011230,2026-03-01,2026-03-03,2026-03-03,ST040,MED011,SUP03,60
PO011231,2026-03-01,2026-03-03,2026-03-03,ST040,MED019,SUP03,24
PO011232,2026-03-01,2026-03-04,2026-03-04,ST040,MED020,SUP04,48
PO011233,2026-03-01,2026-03-05,2026-03-05,ST040,MED021,SUP01,66
PO011234,2026-03-01,2026-03-05,2026-03-05,ST040,MED030,SUP02,30
