forecast_date,store_id,sku,forecast_units,actual_requested_units,absolute_error_units
2026-02-15,ST001,MED001,9.57,11,1.43
2026-02-15,ST001,MED002,8.86,13,4.14
2026-02-15,ST001,MED003,2.71,4,1.29
2026-02-15,ST001,MED004,6.86,7,0.14
2026-02-15,ST001,MED005,9.71,10,0.29
2026-02-15,ST001,MED006,8.79,6,2.79
2026-02-15,ST001,MED007,1.71,6,4.29
2026-02-15,ST001,MED008,2.5,3,0.5
2026-02-15,ST001,MED009,8.21,9,0.79
2026-02-15,ST001,MED010,3.57,3,0.57
2026-02-15,ST001,MED011,9.79,10,0.21
2026-02-15,ST001,MED012,8.93,11,2.07
2026-02-15,ST001,MED013,6.57,4,2.57
2026-02-15,ST001,MED014,4.57,1,3.57
2026-02-15,ST001,MED015,9.93,10,0.07
2026-02-15,ST001,MED016,6.64,6,0.64
2026-02-15,ST001,MED017,8.86,16,7.14
2026-02-15,ST001,MED018,5.71,4,1.71
2026-02-15,ST001,MED019,3.86,7,3.14
2026-02-15,ST001,MED020,6.43,2,4.43
2026-02-15,ST001,MED021,8.93,9,0.07
2026-02-15,ST001,MED022,6.0,3,3.0
2026-02-15,ST001,MED023,9.07,11,1.93
2026-02-15,ST001,MED024,10.21,12,1.79
2026-02-15,ST001,MED025,5.0,7,2.0
2026-02-15,ST001,MED026,10.29,11,0.71
2026-02-15,ST001,MED027,10.5,7,3.5
2026-02-15,ST001,MED028,5.43,8,2.57
2026-02-15,ST001,MED029,8.14,9,0.86
2026-02-15,ST001,MED030,4.14,3,1.14
2026-02-15,ST002,MED001,10.5,9,1.5
2026-02-15,ST002,MED002,9.43,12,2.57
2026-02-15,ST002,MED003,3.36,1,2.36
2026-02-15,ST002,MED004,8.29,8,0.29
2026-02-15,ST002,MED005,11.36,12,0.64
2026-02-15,ST002,MED006,9.86,19,9.14
2026-02-15,ST002,MED007,3.07,1,2.07
2026-02-15,ST002,MED008,3.36,4,0.64
2026-02-15,ST002,MED009,10.07,12,1.93
2026-02-15,ST002,MED010,3.71,4,0.29
2026-02-15,ST002,MED011,10.93,11,0.07
2026-02-15,ST002,MED012,9.71,13,3.29
2026-02-15,ST002,MED013,7.0,4,3.0
2026-02-15,ST002,MED014,5.5,6,0.5
2026-02-15,ST002,MED015,11.07,25,13.93
2026-02-15,ST002,MED016,8.0,3,5.0
2026-02-15,ST002,MED017,11.21,12,0.79
2026-02-15,ST002,MED018,5.07,8,2.93
2026-02-15,ST002,MED019,2.71,4,1.29
2026-02-15,ST002,MED020,6.21,7,0.79
2026-02-15,ST002,MED021,10.36,8,2.36
2026-02-15,ST002,MED022,7.57,4,3.57
2026-02-15,ST002,MED023,10.93,11,0.07
2026-02-15,ST002,MED024,12.0,13,1.0
2026-02-15,ST002,MED025,5.93,7,1.07
2026-02-15,ST002,MED026,11.07,12,0.93
2026-02-15,ST002,MED027,11.79,11,0.79
2026-02-15,ST002,MED028,6.29,7,0.71
2026-02-15,ST002,MED029,8.64,10,1.36
2026-02-15,ST002,MED030,4.86,3,1.86
2026-02-15,ST003,MED001,11.71,13,1.29
2026-02-15,ST003,MED002,11.86,12,0.14
2026-02-15,ST003,MED003,2.36,4,1.64
2026-02-15,ST003,MED004,8.29,10,1.71
2026-02-15,ST003,MED005,12.5,12,0.5
2026-02-15,ST003,MED006,10.79,11,0.21
2026-02-15,ST003,MED007,3.36,1,2.36
2026-02-15,ST003,MED008,3.07,6,2.93
2026-02-15,ST003,MED009,10.86,13,2.14
2026-02-15,ST003,MED010,4.5,3,1.5
2026-02-15,ST003,MED011,11.93,10,1.93
2026-02-15,ST003,MED012,9.86,11,1.14
2026-02-15,ST003,MED013,7.71,13,5.29
2026-02-15,ST003,MED014,4.71,6,1.29
2026-02-15,ST003,MED015,13.43,13,0.43
2026-02-15,ST003,MED016,7.29,8,0.71
2026-02-15,ST003,MED017,10.93,11,0.07
2026-02-15,ST003,MED018,5.71,10,4.29
2026-02-15,ST003,MED019,3.43,3,0.43
2026-02-15,ST003,MED020,6.71,8,1.29
2026-02-15,ST003,MED021,9.71,12,2.29
2026-02-15,ST003,MED022,7.29,9,1.71
2026-02-15,ST003,MED023,11.21,15,3.79
2026-02-15,ST003,MED024,13.5,17,3.5
2026-02-15,ST003,MED025,6.71,12,5.29
2026-02-15,ST003,MED026,12.07,16,3.93
2026-02-15,ST003,MED027,12.57,13,0.43
2026-02-15,ST003,MED028,5.64,4,1.64
2026-02-15,ST003,MED029,9.36,15,5.64
2026-02-15,ST003,MED030,5.14,7,1.86
2026-02-15,ST004,MED001,12.14,16,3.86
2026-02-15,ST004,MED002,11.64,14,2.36
2026-02-15,ST004,MED003,2.5,2,0.5
2026-02-15,ST004,MED004,9.14,13,3.86
2026-02-15,ST004,MED005,12.79,19,6.21
2026-02-15,ST004,MED006,10.5,9,1.5
2026-02-15,ST004,MED007,3.79,5,1.21
2026-02-15,ST004,MED008,4.43,6,1.57
2026-02-15,ST004,MED009,13.86,11,2.86
2026-02-15,ST004,MED010,3.79,3,0.79
2026-02-15,ST004,MED011,12.07,14,1.93
2026-02-15,ST004,MED012,11.07,10,1.07
2026-02-15,ST004,MED013,7.86,10,2.14
2026-02-15,ST004,MED014,5.64,3,2.64
2026-02-15,ST004,MED015,15.07,17,1.93
2026-02-15,ST004,MED016,7.79,9,1.21
2026-02-15,ST004,MED017,12.0,14,2.0
2026-02-15,ST004,MED018,7.43,9,1.57
2026-02-15,ST004,MED019,3.57,4,0.43
2026-02-15,ST004,MED020,7.93,9,1.07
2026-02-15,ST004,MED021,11.57,15,3.43
2026-02-15,ST004,MED022,9.0,5,4.0
2026-02-15,ST004,MED023,12.71,16,3.29
2026-02-15,ST004,MED024,14.29,30,15.71
2026-02-15,ST004,MED025,6.43,9,2.57
2026-02-15,ST004,MED026,13.0,11,2.0
2026-02-15,ST004,MED027,14.36,16,1.64
2026-02-15,ST004,MED028,8.0,8,0.0
2026-02-15,ST004,MED029,10.71,12,1.29
2026-02-15,ST004,MED030,5.93,8,2.07
2026-02-15,ST005,MED001,13.43,14,0.57
2026-02-15,ST005,MED002,14.43,17,2.57
2026-02-15,ST005,MED003,3.0,5,2.0
2026-02-15,ST005,MED004,10.21,15,4.79
2026-02-15,ST005,MED005,13.93,17,3.07
2026-02-15,ST005,MED006,12.07,12,0.07
2026-02-15,ST005,MED007,3.57,5,1.43
2026-02-15,ST005,MED008,4.07,4,0.07
2026-02-15,ST005,MED009,13.0,16,3.0
2026-02-15,ST005,MED010,5.5,6,0.5
2026-02-15,ST005,MED011,13.71,13,0.71
2026-02-15,ST005,MED012,11.64,11,0.64
2026-02-15,ST005,MED013,9.07,9,0.07
2026-02-15,ST005,MED014,6.21,6,0.21
2026-02-15,ST005,MED015,16.5,20,3.5
2026-02-15,ST005,MED016,8.43,11,2.57
2026-02-15,ST005,MED017,13.57,18,4.43
2026-02-15,ST005,MED018,6.64,5,1.64
2026-02-15,ST005,MED019,3.86,4,0.14
2026-02-15,ST005,MED020,8.79,11,2.21
2026-02-15,ST005,MED021,12.71,13,0.29
2026-02-15,ST005,MED022,9.29,10,0.71
2026-02-15,ST005,MED023,13.5,12,1.5
2026-02-15,ST005,MED024,15.07,15,0.07
2026-02-15,ST005,MED025,7.29,7,0.29
2026-02-15,ST005,MED026,14.14,15,0.86
2026-02-15,ST005,MED027,14.29,13,1.29
2026-02-15,ST005,MED028,7.71,6,1.71
2026-02-15,ST005,MED029,10.86,16,5.14
2026-02-15,ST005,MED030,5.93,15,9.07
2026-02-15,ST006,MED001,14.29,18,3.71
2026-02-15,ST006,MED002,15.71,16,0.29
2026-02-15,ST006,MED003,4.14,4,0.14
2026-02-15,ST006,MED004,10.29,10,0.29
2026-02-15,ST006,MED005,13.93,13,0.93
2026-02-15,ST006,MED006,13.57,11,2.57
2026-02-15,ST006,MED007,4.93,5,0.07
2026-02-15,ST006,MED008,4.21,4,0.21
2026-02-15,ST006,MED009,14.21,15,0.79
2026-02-15,ST006,MED010,5.29,5,0.29
2026-02-15,ST006,MED011,15.64,19,3.36
2026-02-15,ST006,MED012,13.21,15,1.79
2026-02-15,ST006,MED013,10.64,11,0.36
2026-02-15,ST006,MED014,7.0,8,1.0
2026-02-15,ST006,MED015,18.07,18,0.07
2026-02-15,ST006,MED016,9.29,10,0.71
2026-02-15,ST006,MED017,13.79,19,5.21
2026-02-15,ST006,MED018,7.71,6,1.71
2026-02-15,ST006,MED019,2.86,2,0.86
2026-02-15,ST006,MED020,8.71,14,5.29
2026-02-15,ST006,MED021,13.07,25,11.93
2026-02-15,ST006,MED022,10.07,12,1.93
2026-02-15,ST006,MED023,14.07,22,7.93
2026-02-15,ST006,MED024,15.43,17,1.57
2026-02-15,ST006,MED025,8.43,6,2.43
2026-02-15,ST006,MED026,16.14,16,0.14
2026-02-15,ST006,MED027,15.43,22,6.57
2026-02-15,ST006,MED028,8.43,12,3.57
2026-02-15,ST006,MED029,12.07,13,0.93
2026-02-15,ST006,MED030,6.57,7,0.43
2026-02-15,ST007,MED001,8.14,7,1.14
2026-02-15,ST007,MED002,7.93,8,0.07
2026-02-15,ST007,MED003,2.29,2,0.29
2026-02-15,ST007,MED004,5.86,7,1.14
2026-02-15,ST007,MED005,7.43,12,4.57
2026-02-15,ST007,MED006,7.07,10,2.93
2026-02-15,ST007,MED007,3.07,2,1.07
2026-02-15,ST007,MED008,2.0,1,1.0
2026-02-15,ST007,MED009,8.57,9,0.43
2026-02-15,ST007,MED010,3.29,3,0.29
2026-02-15,ST007,MED011,8.86,11,2.14
2026-02-15,ST007,MED012,7.79,8,0.21
2026-02-15,ST007,MED013,5.79,6,0.21
2026-02-15,ST007,MED014,5.07,3,2.07
2026-02-15,ST007,MED015,9.07,8,1.07
2026-02-15,ST007,MED016,5.79,5,0.79
2026-02-15,ST007,MED017,8.71,10,1.29
2026-02-15,ST007,MED018,5.5,4,1.5
2026-02-15,ST007,MED019,2.71,1,1.71
2026-02-15,ST007,MED020,4.36,7,2.64
2026-02-15,ST007,MED021,8.43,12,3.57
2026-02-15,ST007,MED022,6.21,5,1.21
2026-02-15,ST007,MED023,8.29,9,0.71
2026-02-15,ST007,MED024,10.07,13,2.93
2026-02-15,ST007,MED025,4.64,5,0.36
2026-02-15,ST007,MED026,8.57,10,1.43
2026-02-15,ST007,MED027,8.21,10,1.79
2026-02-15,ST007,MED028,4.93,6,1.07
2026-02-15,ST007,MED029,6.86,6,0.86
2026-02-15,ST007,MED030,4.07,1,3.07
2026-02-15,ST008,MED001,9.64,9,0.64
2026-02-15,ST008,MED002,10.86,13,2.14
2026-02-15,ST008,MED003,2.21,0,2.21
2026-02-15,ST008,MED004,6.93,7,0.07
2026-02-15,ST008,MED005,9.29,7,2.29
2026-02-15,ST008,MED006,8.36,12,3.64
2026-02-15,ST008,MED007,3.21,2,1.21
2026-02-15,ST008,MED008,3.86,0,3.86
2026-02-15,ST008,MED009,9.0,7,2.0
2026-02-15,ST008,MED010,4.0,1,3.0
2026-02-15,ST008,MED011,9.93,11,1.07
2026-02-15,ST008,MED012,9.14,9,0.14
2026-02-15,ST008,MED013,6.64,2,4.64
2026-02-15,ST008,MED014,5.64,6,0.36
2026-02-15,ST008,MED015,10.64,11,0.36
2026-02-15,ST008,MED016,6.86,6,0.86
2026-02-15,ST008,MED017,11.36,9,2.36
2026-02-15,ST008,MED018,4.29,6,1.71
2026-02-15,ST008,MED019,3.07,5,1.93
2026-02-15,ST008,MED020,7.43,7,0.43
2026-02-15,ST008,MED021,8.57,8,0.57
2026-02-15,ST008,MED022,4.21,4,0.21
2026-02-15,ST008,MED023,11.29,8,3.29
2026-02-15,ST008,MED024,10.36,11,0.64
2026-02-15,ST008,MED025,4.36,9,4.64
2026-02-15,ST008,MED026,11.21,10,1.21
2026-02-15,ST008,MED027,9.79,8,1.79
2026-02-15,ST008,MED028,4.79,1,3.79
2026-02-15,ST008,MED029,7.71,11,3.29
2026-02-15,ST008,MED030,3.36,7,3.64
2026-02-15,ST009,MED001,10.93,12,1.07
2026-02-15,ST009,MED002,10.79,14,3.21
2026-02-15,ST009,MED003,2.64,4,1.36
2026-02-15,ST009,MED004,7.5,7,0.5
2026-02-15,ST009,MED005,11.79,10,1.79
2026-02-15,ST009,MED006,9.79,13,3.21
2026-02-15,ST009,MED007,2.86,3,0.14
2026-02-15,ST009,MED008,2.79,3,0.21
2026-02-15,ST009,MED009,8.64,11,2.36
2026-02-15,ST009,MED010,3.07,1,2.07
2026-02-15,ST009,MED011,11.43,11,0.43
2026-02-15,ST009,MED012,9.29,11,1.71
2026-02-15,ST009,MED013,7.36,10,2.64
2026-02-15,ST009,MED014,4.64,8,3.36
2026-02-15,ST009,MED015,12.14,15,2.86
2026-02-15,ST009,MED016,7.71,2,5.71
2026-02-15,ST009,MED017,11.07,13,1.93
2026-02-15,ST009,MED018,6.21,4,2.21
2026-02-15,ST009,MED019,2.64,3,0.36
2026-02-15,ST009,MED020,7.07,7,0.07
2026-02-15,ST009,MED021,9.29,11,1.71
2026-02-15,ST009,MED022,6.71,6,0.71
2026-02-15,ST009,MED023,11.14,9,2.14
2026-02-15,ST009,MED024,11.57,15,3.43
2026-02-15,ST009,MED025,6.29,5,1.29
2026-02-15,ST009,MED026,11.21,11,0.21
2026-02-15,ST009,MED027,11.93,16,4.07
2026-02-15,ST009,MED028,6.07,6,0.07
2026-02-15,ST009,MED029,8.79,8,0.79
2026-02-15,ST009,MED030,5.29,9,3.71
2026-02-15,ST010,MED001,11.64,10,1.64
2026-02-15,ST010,MED002,11.14,12,0.86
2026-02-15,ST010,MED003,3.86,3,0.86
2026-02-15,ST010,MED004,7.57,10,2.43
2026-02-15,ST010,MED005,10.71,12,1.29
2026-02-15,ST010,MED006,10.86,9,1.86
2026-02-15,ST010,MED007,4.93,1,3.93
2026-02-15,ST010,MED008,2.21,0,2.21
2026-02-15,ST010,MED009,9.86,12,2.14
2026-02-15,ST010,MED010,3.71,11,7.29
2026-02-15,ST010,MED011,12.14,12,0.14
2026-02-15,ST010,MED012,11.21,10,1.21
2026-02-15,ST010,MED013,7.79,6,1.79
2026-02-15,ST010,MED014,4.93,6,1.07
2026-02-15,ST010,MED015,14.29,15,0.71
2026-02-15,ST010,MED016,6.36,4,2.36
2026-02-15,ST010,MED017,10.93,15,4.07
2026-02-15,ST010,MED018,6.5,6,0.5
2026-02-15,ST010,MED019,2.57,2,0.57
2026-02-15,ST010,MED020,8.79,10,1.21
2026-02-15,ST010,MED021,10.64,13,2.36
2026-02-15,ST010,MED022,8.43,12,3.57
2026-02-15,ST010,MED023,10.93,13,2.07
2026-02-15,ST010,MED024,12.14,17,4.86
2026-02-15,ST010,MED025,5.64,10,4.36
2026-02-15,ST010,MED026,12.14,12,0.14
2026-02-15,ST010,MED027,12.21,14,1.79
2026-02-15,ST010,MED028,5.36,4,1.36
2026-02-15,ST010,MED029,9.86,6,3.86
2026-02-15,ST010,MED030,5.93,4,1.93
2026-02-15,ST011,MED001,12.29,11,1.29
2026-02-15,ST011,MED002,14.14,14,0.14
2026-02-15,ST011,MED003,4.36,4,0.36
2026-02-15,ST011,MED004,7.07,7,0.07
2026-02-15,ST011,MED005,13.29,17,3.71
2026-02-15,ST011,MED006,11.21,12,0.79
2026-02-15,ST011,MED007,2.5,7,4.5
2026-02-15,ST011,MED008,4.36,10,5.64
2026-02-15,ST011,MED009,12.14,9,3.14
2026-02-15,ST011,MED010,5.21,6,0.79
2026-02-15,ST011,MED011,12.93,13,0.07
2026-02-15,ST011,MED012,12.29,11,1.29
2026-02-15,ST011,MED013,7.57,10,2.43
2026-02-15,ST011,MED014,5.43,7,1.57
2026-02-15,ST011,MED015,13.79,14,0.21
2026-02-15,ST011,MED016,7.64,8,0.36
2026-02-15,ST011,MED017,13.14,12,1.14
2026-02-15,ST011,MED018,6.5,8,1.5
2026-02-15,ST011,MED019,5.07,5,0.07
2026-02-15,ST011,MED020,6.71,9,2.29
2026-02-15,ST011,MED021,11.0,14,3.0
2026-02-15,ST011,MED022,7.5,11,3.5
2026-02-15,ST011,MED023,12.5,16,3.5
2026-02-15,ST011,MED024,13.64,13,0.64
2026-02-15,ST011,MED025,6.29,10,3.71
2026-02-15,ST011,MED026,13.0,13,0.0
2026-02-15,ST011,MED027,13.43,15,1.57
2026-02-15,ST011,MED028,7.36,8,0.64
2026-02-15,ST011,MED029,11.07,16,4.93
2026-02-15,ST011,MED030,5.93,3,2.93
2026-02-15,ST012,MED001,12.93,16,3.07
2026-02-15,ST012,MED002,13.93,15,1.07
2026-02-15,ST012,MED003,3.07,5,1.93
2026-02-15,ST012,MED004,9.57,9,0.57
2026-02-15,ST012,MED005,14.57,13,1.57
2026-02-15,ST012,MED006,11.36,16,4.64
2026-02-15,ST012,MED007,3.43,5,1.57
2026-02-15,ST012,MED008,3.79,5,1.21
2026-02-15,ST012,MED009,13.43,15,1.57
2026-02-15,ST012,MED010,5.14,6,0.86
2026-02-15,ST012,MED011,14.0,14,0.0
2026-02-15,ST012,MED012,13.21,16,2.79
2026-02-15,ST012,MED013,8.57,9,0.43
2026-02-15,ST012,MED014,6.71,6,0.71
2026-02-15,ST012,MED015,14.86,16,1.14
2026-02-15,ST012,MED016,9.93,6,3.93
2026-02-15,ST012,MED017,15.07,12,3.07
2026-02-15,ST012,MED018,9.0,5,4.0
2026-02-15,ST012,MED019,4.21,5,0.79
2026-02-15,ST012,MED020,8.21,13,4.79
2026-02-15,ST012,MED021,12.43,11,1.43
2026-02-15,ST012,MED022,8.07,12,3.93
2026-02-15,ST012,MED023,13.43,14,0.57
2026-02-15,ST012,MED024,14.79,17,2.21
2026-02-15,ST012,MED025,7.36,8,0.64
2026-02-15,ST012,MED026,14.64,18,3.36
2026-02-15,ST012,MED027,13.86,17,3.14
2026-02-15,ST012,MED028,6.93,5,1.93
2026-02-15,ST012,MED029,12.29,12,0.29
2026-02-15,ST012,MED030,6.43,7,0.57
2026-02-15,ST013,MED001,15.64,15,0.64
2026-02-15,ST013,MED002,15.29,17,1.71
2026-02-15,ST013,MED003,4.14,4,0.14
2026-02-15,ST013,MED004,11.0,14,3.0
2026-02-15,ST013,MED005,15.93,16,0.07
2026-02-15,ST013,MED006,14.29,12,2.29
2026-02-15,ST013,MED007,4.0,10,6.0
2026-02-15,ST013,MED008,4.14,0,4.14
2026-02-15,ST013,MED009,12.93,13,0.07
2026-02-15,ST013,MED010,4.57,7,2.43
2026-02-15,ST013,MED011,14.93,14,0.93
2026-02-15,ST013,MED012,14.21,18,3.79
2026-02-15,ST013,MED013,10.43,8,2.43
2026-02-15,ST013,MED014,7.5,7,0.5
2026-02-15,ST013,MED015,16.57,19,2.43
2026-02-15,ST013,MED016,9.36,11,1.64
2026-02-15,ST013,MED017,14.79,13,1.79
2026-02-15,ST013,MED018,8.0,8,0.0
2026-02-15,ST013,MED019,3.64,3,0.64
2026-02-15,ST013,MED020,10.93,10,0.93
2026-02-15,ST013,MED021,13.86,16,2.14
2026-02-15,ST013,MED022,9.29,11,1.71
2026-02-15,ST013,MED023,15.14,16,0.86
2026-02-15,ST013,MED024,17.71,19,1.29
2026-02-15,ST013,MED025,9.5,7,2.5
2026-02-15,ST013,MED026,14.29,16,1.71
2026-02-15,ST013,MED027,17.14,19,1.86
2026-02-15,ST013,MED028,8.86,7,1.86
2026-02-15,ST013,MED029,12.07,11,1.07
2026-02-15,ST013,MED030,7.0,9,2.0
2026-02-15,ST014,MED001,8.5,7,1.5
2026-02-15,ST014,MED002,9.29,7,2.29
2026-02-15,ST014,MED003,1.79,1,0.79
2026-02-15,ST014,MED004,6.21,10,3.79
2026-02-15,ST014,MED005,9.29,12,2.71
2026-02-15,ST014,MED006,9.79,10,0.21
2026-02-15,ST014,MED007,2.0,3,1.0
2026-02-15,ST014,MED008,3.71,5,1.29
2026-02-15,ST014,MED009,7.64,5,2.64
2026-02-15,ST014,MED010,3.86,3,0.86
2026-02-15,ST014,MED011,9.93,8,1.93
2026-02-15,ST014,MED012,6.86,7,0.14
2026-02-15,ST014,MED013,5.07,10,4.93
2026-02-15,ST014,MED014,2.43,5,2.57
2026-02-15,ST014,MED015,9.07,8,1.07
2026-02-15,ST014,MED016,5.93,6,0.07
2026-02-15,ST014,MED017,8.71,5,3.71
2026-02-15,ST014,MED018,4.43,8,3.57
2026-02-15,ST014,MED019,3.43,1,2.43
2026-02-15,ST014,MED020,5.29,3,2.29
2026-02-15,ST014,MED021,8.14,9,0.86
2026-02-15,ST014,MED022,5.43,6,0.57
2026-02-15,ST014,MED023,8.5,11,2.5
2026-02-15,ST014,MED024,8.07,10,1.93
2026-02-15,ST014,MED025,4.86,1,3.86
2026-02-15,ST014,MED026,8.14,8,0.14
2026-02-15,ST014,MED027,9.93,11,1.07
2026-02-15,ST014,MED028,4.64,5,0.36
2026-02-15,ST014,MED029,8.14,12,3.86
2026-02-15,ST014,MED030,4.43,6,1.57
2026-02-15,ST015,MED001,9.93,12,2.07
2026-02-15,ST015,MED002,10.79,8,2.79
2026-02-15,ST015,MED003,3.14,1,2.14
2026-02-15,ST015,MED004,7.29,9,1.71
2026-02-15,ST015,MED005,8.36,10,1.64
2026-02-15,ST015,MED006,8.21,7,1.21
2026-02-15,ST015,MED007,2.21,2,0.21
2026-02-15,ST015,MED008,2.79,0,2.79
2026-02-15,ST015,MED009,8.29,9,0.71
2026-02-15,ST015,MED010,2.93,2,0.93
2026-02-15,ST015,MED011,10.0,11,1.0
2026-02-15,ST015,MED012,9.64,9,0.64
2026-02-15,ST015,MED013,5.29,5,0.29
2026-02-15,ST015,MED014,3.93,6,2.07
2026-02-15,ST015,MED015,11.86,14,2.14
2026-02-15,ST015,MED016,6.57,12,5.43
2026-02-15,ST015,MED017,9.0,15,6.0
2026-02-15,ST015,MED018,4.5,4,0.5
2026-02-15,ST015,MED019,2.29,5,2.71
2026-02-15,ST015,MED020,6.07,7,0.93
2026-02-15,ST015,MED021,8.86,8,0.86
2026-02-15,ST015,MED022,6.86,11,4.14
2026-02-15,ST015,MED023,9.86,11,1.14
2026-02-15,ST015,MED024,10.57,8,2.57
2026-02-15,ST015,MED025,5.29,5,0.29
2026-02-15,ST015,MED026,8.71,9,0.29
2026-02-15,ST015,MED027,10.86,13,2.14
2026-02-15,ST015,MED028,6.36,11,4.64
2026-02-15,ST015,MED029,7.79,7,0.79
2026-02-15,ST015,MED030,4.07,5,0.93
2026-02-15,ST016,MED001,10.86,13,2.14
2026-02-15,ST016,MED002,10.0,11,1.0
2026-02-15,ST016,MED003,3.79,6,2.21
2026-02-15,ST016,MED004,7.43,9,1.57
2026-02-15,ST016,MED005,10.43,8,2.43
2026-02-15,ST016,MED006,9.64,11,1.36
2026-02-15,ST016,MED007,2.43,4,1.57
2026-02-15,ST016,MED008,3.5,3,0.5
2026-02-15,ST016,MED009,9.71,8,1.71
2026-02-15,ST016,MED010,4.14,2,2.14
2026-02-15,ST016,MED011,10.71,11,0.29
2026-02-15,ST016,MED012,10.0,8,2.0
2026-02-15,ST016,MED013,7.0,4,3.0
2026-02-15,ST016,MED014,5.43,1,4.43
2026-02-15,ST016,MED015,13.07,11,2.07
2026-02-15,ST016,MED016,6.79,6,0.79
2026-02-15,ST016,MED017,9.79,13,3.21
2026-02-15,ST016,MED018,6.14,8,1.86
2026-02-15,ST016,MED019,3.36,2,1.36
2026-02-15,ST016,MED020,7.71,5,2.71
2026-02-15,ST016,MED021,10.07,10,0.07
2026-02-15,ST016,MED022,6.93,5,1.93
2026-02-15,ST016,MED023,10.93,10,0.93
2026-02-15,ST016,MED024,11.64,9,2.64
2026-02-15,ST016,MED025,6.36,9,2.64
2026-02-15,ST016,MED026,10.43,13,2.57
2026-02-15,ST016,MED027,11.86,9,2.86
2026-02-15,ST016,MED028,6.21,7,0.79
2026-02-15,ST016,MED029,8.29,7,1.29
2026-02-15,ST016,MED030,6.0,5,1.0
2026-02-15,ST017,MED001,11.93,14,2.07
2026-02-15,ST017,MED002,11.57,11,0.57
2026-02-15,ST017,MED003,3.0,6,3.0
2026-02-15,ST017,MED004,8.0,11,3.0
2026-02-15,ST017,MED005,11.71,15,3.29
2026-02-15,ST017,MED006,10.64,12,1.36
2026-02-15,ST017,MED007,2.43,6,3.57
2026-02-15,ST017,MED008,4.29,3,1.29
2026-02-15,ST017,MED009,11.36,10,1.36
2026-02-15,ST017,MED010,4.64,4,0.64
2026-02-15,ST017,MED011,12.14,11,1.14
2026-02-15,ST017,MED012,10.93,10,0.93
2026-02-15,ST017,MED013,6.86,9,2.14
2026-02-15,ST017,MED014,5.5,6,0.5
2026-02-15,ST017,MED015,13.71,14,0.29
2026-02-15,ST017,MED016,6.79,6,0.79
2026-02-15,ST017,MED017,11.14,14,2.86
2026-02-15,ST017,MED018,5.43,0,5.43
2026-02-15,ST017,MED019,2.36,2,0.36
2026-02-15,ST017,MED020,7.0,9,2.0
2026-02-15,ST017,MED021,12.14,10,2.14
2026-02-15,ST017,MED022,6.57,4,2.57
2026-02-15,ST017,MED023,11.36,9,2.36
2026-02-15,ST017,MED024,12.57,18,5.43
2026-02-15,ST017,MED025,6.29,7,0.71
2026-02-15,ST017,MED026,12.36,10,2.36
2026-02-15,ST017,MED027,13.0,15,2.0
2026-02-15,ST017,MED028,5.86,15,9.14
2026-02-15,ST017,MED029,8.43,10,1.57
2026-02-15,ST017,MED030,5.14,5,0.14
2026-02-15,ST018,MED001,12.79,14,1.21
2026-02-15,ST018,MED002,13.71,13,0.71
2026-02-15,ST018,MED003,3.5,3,0.5
2026-02-15,ST018,MED004,9.29,17,7.71
2026-02-15,ST018,MED005,13.43,16,2.57
2026-02-15,ST018,MED006,12.57,10,2.57
2026-02-15,ST018,MED007,4.07,4,0.07
2026-02-15,ST018,MED008,3.43,0,3.43
2026-02-15,ST018,MED009,12.29,16,3.71
2026-02-15,ST018,MED010,4.43,6,1.57
2026-02-15,ST018,MED011,14.0,22,8.0
2026-02-15,ST018,MED012,11.93,9,2.93
2026-02-15,ST018,MED013,7.93,7,0.93
2026-02-15,ST018,MED014,7.29,12,4.71
2026-02-15,ST018,MED015,14.5,26,11.5
2026-02-15,ST018,MED016,7.36,8,0.64
2026-02-15,ST018,MED017,11.21,12,0.79
2026-02-15,ST018,MED018,6.36,9,2.64
2026-02-15,ST018,MED019,4.36,0,4.36
2026-02-15,ST018,MED020,7.57,9,1.43
2026-02-15,ST018,MED021,11.43,14,2.57
2026-02-15,ST018,MED022,8.14,8,0.14
2026-02-15,ST018,MED023,13.36,14,0.64
2026-02-15,ST018,MED024,13.64,10,3.64
2026-02-15,ST018,MED025,6.29,8,1.71
2026-02-15,ST018,MED026,13.43,15,1.57
2026-02-15,ST018,MED027,12.86,13,0.14
2026-02-15,ST018,MED028,7.36,9,1.64
2026-02-15,ST018,MED029,9.79,10,0.21
2026-02-15,ST018,MED030,6.5,6,0.5
2026-02-15,ST019,MED001,12.79,16,3.21
2026-02-15,ST019,MED002,14.36,15,0.64
2026-02-15,ST019,MED003,5.0,5,0.0
2026-02-15,ST019,MED004,9.79,11,1.21
2026-02-15,ST019,MED005,14.86,16,1.14
2026-02-15,ST019,MED006,13.21,17,3.79
2026-02-15,ST019,MED007,3.79,1,2.79
2026-02-15,ST019,MED008,4.29,1,3.29
2026-02-15,ST019,MED009,12.79,14,1.21
2026-02-15,ST019,MED010,5.36,3,2.36
2026-02-15,ST019,MED011,14.79,18,3.21
2026-02-15,ST019,MED012,12.21,10,2.21
2026-02-15,ST019,MED013,8.43,11,2.57
2026-02-15,ST019,MED014,5.5,8,2.5
2026-02-15,ST019,MED015,14.71,20,5.29
2026-02-15,ST019,MED016,8.29,9,0.71
2026-02-15,ST019,MED017,13.93,15,1.07
2026-02-15,ST019,MED018,7.79,10,2.21
2026-02-15,ST019,MED019,3.93,3,0.93
2026-02-15,ST019,MED020,8.64,9,0.36
2026-02-15,ST019,MED021,11.14,13,1.86
2026-02-15,ST019,MED022,9.07,11,1.93
2026-02-15,ST019,MED023,13.5,11,2.5
2026-02-15,ST019,MED024,16.21,17,0.79
2026-02-15,ST019,MED025,7.43,7,0.43
2026-02-15,ST019,MED026,14.79,12,2.79
2026-02-15,ST019,MED027,14.29,19,4.71
2026-02-15,ST019,MED028,7.29,5,2.29
2026-02-15,ST019,MED029,10.93,14,3.07
2026-02-15,ST019,MED030,6.64,8,1.36
2026-02-15,ST020,MED001,14.93,16,1.07
2026-02-15,ST020,MED002,13.93,18,4.07
2026-02-15,ST020,MED003,3.71,6,2.29
2026-02-15,ST020,MED004,9.79,11,1.21
2026-02-15,ST020,MED005,14.29,23,8.71
2026-02-15,ST020,MED006,12.57,12,0.57
2026-02-15,ST020,MED007,4.07,1,3.07
2026-02-15,ST020,MED008,4.36,2,2.36
2026-02-15,ST020,MED009,13.43,19,5.57
2026-02-15,ST020,MED010,5.29,4,1.29
2026-02-15,ST020,MED011,14.43,14,0.43
2026-02-15,ST020,MED012,13.36,16,2.64
2026-02-15,ST020,MED013,9.93,13,3.07
2026-02-15,ST020,MED014,7.14,9,1.86
2026-02-15,ST020,MED015,15.5,14,1.5
2026-02-15,ST020,MED016,9.86,7,2.86
2026-02-15,ST020,MED017,15.57,13,2.57
2026-02-15,ST020,MED018,8.14,3,5.14
2026-02-15,ST020,MED019,5.0,0,5.0
2026-02-15,ST020,MED020,8.64,13,4.36
2026-02-15,ST020,MED021,14.71,10,4.71
2026-02-15,ST020,MED022,9.79,11,1.21
2026-02-15,ST020,MED023,14.64,14,0.64
2026-02-15,ST020,MED024,16.36,17,0.64
2026-02-15,ST020,MED025,7.43,9,1.57
2026-02-15,ST020,MED026,14.29,17,2.71
2026-02-15,ST020,MED027,17.14,20,2.86
2026-02-15,ST020,MED028,7.79,7,0.79
2026-02-15,ST020,MED029,11.5,17,5.5
2026-02-15,ST020,MED030,6.36,10,3.64
2026-02-15,ST021,MED001,8.5,10,1.5
2026-02-15,ST021,MED002,7.93,10,2.07
2026-02-15,ST021,MED003,2.57,0,2.57
2026-02-15,ST021,MED004,5.64,4,1.64
2026-02-15,ST021,MED005,8.07,3,5.07
2026-02-15,ST021,MED006,8.36,9,0.64
2026-02-15,ST021,MED007,2.29,1,1.29
2026-02-15,ST021,MED008,3.29,3,0.29
2026-02-15,ST021,MED009,8.21,10,1.79
2026-02-15,ST021,MED010,3.36,3,0.36
2026-02-15,ST021,MED011,9.0,12,3.0
2026-02-15,ST021,MED012,8.21,9,0.79
2026-02-15,ST021,MED013,5.57,5,0.57
2026-02-15,ST021,MED014,5.07,5,0.07
2026-02-15,ST021,MED015,9.0,9,0.0
2026-02-15,ST021,MED016,5.71,4,1.71
2026-02-15,ST021,MED017,8.0,11,3.0
2026-02-15,ST021,MED018,5.5,5,0.5
2026-02-15,ST021,MED019,2.57,1,1.57
2026-02-15,ST021,MED020,5.0,7,2.0
2026-02-15,ST021,MED021,7.0,10,3.0
2026-02-15,ST021,MED022,5.21,8,2.79
2026-02-15,ST021,MED023,8.79,10,1.21
2026-02-15,ST021,MED024,9.21,11,1.79
2026-02-15,ST021,MED025,3.86,7,3.14
2026-02-15,ST021,MED026,8.36,9,0.64
2026-02-15,ST021,MED027,9.71,11,1.29
2026-02-15,ST021,MED028,4.21,6,1.79
2026-02-15,ST021,MED029,8.07,8,0.07
2026-02-15,ST021,MED030,3.64,7,3.36
2026-02-15,ST022,MED001,10.57,8,2.57
2026-02-15,ST022,MED002,8.57,4,4.57
2026-02-15,ST022,MED003,3.0,4,1.0
2026-02-15,ST022,MED004,7.71,8,0.29
2026-02-15,ST022,MED005,10.14,13,2.86
2026-02-15,ST022,MED006,8.21,9,0.79
2026-02-15,ST022,MED007,3.21,4,0.79
2026-02-15,ST022,MED008,2.36,5,2.64
2026-02-15,ST022,MED009,9.43,12,2.57
2026-02-15,ST022,MED010,2.79,4,1.21
2026-02-15,ST022,MED011,10.29,10,0.29
2026-02-15,ST022,MED012,8.64,10,1.36
2026-02-15,ST022,MED013,5.57,5,0.57
2026-02-15,ST022,MED014,5.5,4,1.5
2026-02-15,ST022,MED015,10.07,13,2.93
2026-02-15,ST022,MED016,5.71,9,3.29
2026-02-15,ST022,MED017,8.5,8,0.5
2026-02-15,ST022,MED018,4.86,8,3.14
2026-02-15,ST022,MED019,2.79,2,0.79
2026-02-15,ST022,MED020,6.93,7,0.07
2026-02-15,ST022,MED021,9.21,7,2.21
2026-02-15,ST022,MED022,5.79,6,0.21
2026-02-15,ST022,MED023,9.43,12,2.57
2026-02-15,ST022,MED024,13.07,8,5.07
2026-02-15,ST022,MED025,5.79,6,0.21
2026-02-15,ST022,MED026,9.21,11,1.79
2026-02-15,ST022,MED027,11.14,10,1.14
2026-02-15,ST022,MED028,4.64,5,0.36
2026-02-15,ST022,MED029,8.93,11,2.07
2026-02-15,ST022,MED030,3.29,1,2.29
2026-02-15,ST023,MED001,10.64,11,0.36
2026-02-15,ST023,MED002,10.21,12,1.79
2026-02-15,ST023,MED003,2.79,3,0.21
2026-02-15,ST023,MED004,7.29,8,0.71
2026-02-15,ST023,MED005,10.71,12,1.29
2026-02-15,ST023,MED006,10.07,12,1.93
2026-02-15,ST023,MED007,3.14,3,0.14
2026-02-15,ST023,MED008,2.93,7,4.07
2026-02-15,ST023,MED009,9.07,14,4.93
2026-02-15,ST023,MED010,3.86,5,1.14
2026-02-15,ST023,MED011,10.86,16,5.14
2026-02-15,ST023,MED012,8.57,14,5.43
2026-02-15,ST023,MED013,6.21,5,1.21
2026-02-15,ST023,MED014,5.07,9,3.93
2026-02-15,ST023,MED015,11.71,13,1.29
2026-02-15,ST023,MED016,7.64,6,1.64
2026-02-15,ST023,MED017,10.36,11,0.64
2026-02-15,ST023,MED018,6.64,7,0.36
2026-02-15,ST023,MED019,3.07,3,0.07
2026-02-15,ST023,MED020,5.64,8,2.36
2026-02-15,ST023,MED021,10.14,8,2.14
2026-02-15,ST023,MED022,7.29,12,4.71
2026-02-15,ST023,MED023,10.43,11,0.57
2026-02-15,ST023,MED024,12.14,10,2.14
2026-02-15,ST023,MED025,6.0,6,0.0
2026-02-15,ST023,MED026,12.14,11,1.14
2026-02-15,ST023,MED027,12.64,11,1.64
2026-02-15,ST023,MED028,5.79,4,1.79
2026-02-15,ST023,MED029,9.07,5,4.07
2026-02-15,ST023,MED030,5.14,7,1.86
2026-02-15,ST024,MED001,11.36,11,0.36
2026-02-15,ST024,MED002,11.64,11,0.64
2026-02-15,ST024,MED003,2.71,7,4.29
2026-02-15,ST024,MED004,8.71,12,3.29
2026-02-15,ST024,MED005,11.29,13,1.71
2026-02-15,ST024,MED006,11.93,16,4.07
2026-02-15,ST024,MED007,2.57,4,1.43
2026-02-15,ST024,MED008,3.36,5,1.64
2026-02-15,ST024,MED009,10.21,13,2.79
2026-02-15,ST024,MED010,5.07,2,3.07
2026-02-15,ST024,MED011,12.21,13,0.79
2026-02-15,ST024,MED012,10.29,13,2.71
2026-02-15,ST024,MED013,7.5,5,2.5
2026-02-15,ST024,MED014,5.79,5,0.79
2026-02-15,ST024,MED015,12.86,13,0.14
2026-02-15,ST024,MED016,7.21,10,2.79
2026-02-15,ST024,MED017,11.86,12,0.14
2026-02-15,ST024,MED018,6.86,6,0.86
2026-02-15,ST024,MED019,3.86,2,1.86
2026-02-15,ST024,MED020,7.29,7,0.29
2026-02-15,ST024,MED021,9.71,17,7.29
2026-02-15,ST024,MED022,8.21,8,0.21
2026-02-15,ST024,MED023,13.21,15,1.79
2026-02-15,ST024,MED024,11.5,14,2.5
2026-02-15,ST024,MED025,6.0,5,1.0
2026-02-15,ST024,MED026,12.07,16,3.93
2026-02-15,ST024,MED027,12.5,11,1.5
2026-02-15,ST024,MED028,5.93,8,2.07
2026-02-15,ST024,MED029,11.43,9,2.43
2026-02-15,ST024,MED030,5.5,6,0.5
2026-02-15,ST025,MED001,12.57,13,0.43
2026-02-15,ST025,MED002,12.93,11,1.93
2026-02-15,ST025,MED003,3.0,4,1.0
2026-02-15,ST025,MED004,9.29,14,4.71
2026-02-15,ST025,MED005,12.79,24,11.21
2026-02-15,ST025,MED006,10.43,12,1.57
2026-02-15,ST025,MED007,3.71,3,0.71
2026-02-15,ST025,MED008,4.43,4,0.43
2026-02-15,ST025,MED009,10.5,14,3.5
2026-02-15,ST025,MED010,4.57,1,3.57
2026-02-15,ST025,MED011,12.93,12,0.93
2026-02-15,ST025,MED012,10.29,12,1.71
2026-02-15,ST025,MED013,8.36,11,2.64
2026-02-15,ST025,MED014,6.36,10,3.64
2026-02-15,ST025,MED015,14.21,16,1.79
2026-02-15,ST025,MED016,8.93,10,1.07
2026-02-15,ST025,MED017,13.07,16,2.93
2026-02-15,ST025,MED018,7.57,7,0.57
2026-02-15,ST025,MED019,3.43,8,4.57
2026-02-15,ST025,MED020,8.0,9,1.0
2026-02-15,ST025,MED021,11.5,14,2.5
2026-02-15,ST025,MED022,9.93,10,0.07
2026-02-15,ST025,MED023,12.57,12,0.57
2026-02-15,ST025,MED024,14.5,13,1.5
2026-02-15,ST025,MED025,7.21,6,1.21
2026-02-15,ST025,MED026,13.21,17,3.79
2026-02-15,ST025,MED027,11.93,15,3.07
2026-02-15,ST025,MED028,6.21,6,0.21
2026-02-15,ST025,MED029,11.14,10,1.14
2026-02-15,ST025,MED030,5.07,8,2.93
2026-02-15,ST026,MED001,13.5,19,5.5
2026-02-15,ST026,MED002,13.5,12,1.5
2026-02-15,ST026,MED003,3.71,5,1.29
2026-02-15,ST026,MED004,10.64,10,0.64
2026-02-15,ST026,MED005,13.64,15,1.36
2026-02-15,ST026,MED006,11.86,11,0.86
2026-02-15,ST026,MED007,3.93,4,0.07
2026-02-15,ST026,MED008,4.14,7,2.86
2026-02-15,ST026,MED009,13.14,10,3.14
2026-02-15,ST026,MED010,4.86,5,0.14
2026-02-15,ST026,MED011,13.36,13,0.36
2026-02-15,ST026,MED012,12.64,13,0.36
2026-02-15,ST026,MED013,8.86,15,6.14
2026-02-15,ST026,MED014,6.79,7,0.21
2026-02-15,ST026,MED015,16.07,16,0.07
2026-02-15,ST026,MED016,8.29,8,0.29
2026-02-15,ST026,MED017,13.57,20,6.43
2026-02-15,ST026,MED018,6.93,9,2.07
2026-02-15,ST026,MED019,3.43,3,0.43
2026-02-15,ST026,MED020,8.79,14,5.21
2026-02-15,ST026,MED021,12.5,14,1.5
2026-02-15,ST026,MED022,9.14,9,0.14
2026-02-15,ST026,MED023,13.0,14,1.0
2026-02-15,ST026,MED024,16.07,16,0.07
2026-02-15,ST026,MED025,8.21,10,1.79
2026-02-15,ST026,MED026,13.86,14,0.14
2026-02-15,ST026,MED027,14.29,14,0.29
2026-02-15,ST026,MED028,8.14,7,1.14
2026-02-15,ST026,MED029,12.0,15,3.0
2026-02-15,ST026,MED030,6.5,3,3.5
2026-02-15,ST027,MED001,14.86,16,1.14
2026-02-15,ST027,MED002,15.64,15,0.64
2026-02-15,ST027,MED003,4.79,5,0.21
2026-02-15,ST027,MED004,10.21,13,2.79
2026-02-15,ST027,MED005,14.29,15,0.71
2026-02-15,ST027,MED006,13.64,12,1.64
2026-02-15,ST027,MED007,4.86,7,2.14
2026-02-15,ST027,MED008,4.36,1,3.36
2026-02-15,ST027,MED009,13.29,15,1.71
2026-02-15,ST027,MED010,5.36,4,1.36
2026-02-15,ST027,MED011,15.14,18,2.86
2026-02-15,ST027,MED012,13.36,15,1.64
2026-02-15,ST027,MED013,9.0,8,1.0
2026-02-15,ST027,MED014,5.43,10,4.57
2026-02-15,ST027,MED015,15.71,16,0.29
2026-02-15,ST027,MED016,10.64,9,1.64
2026-02-15,ST027,MED017,14.79,17,2.21
2026-02-15,ST027,MED018,7.21,10,2.79
2026-02-15,ST027,MED019,3.57,5,1.43
2026-02-15,ST027,MED020,9.64,9,0.64
2026-02-15,ST027,MED021,13.43,13,0.43
2026-02-15,ST027,MED022,9.29,14,4.71
2026-02-15,ST027,MED023,14.64,17,2.36
2026-02-15,ST027,MED024,16.57,22,5.43
2026-02-15,ST027,MED025,8.64,9,0.36
2026-02-15,ST027,MED026,14.64,17,2.36
2026-02-15,ST027,MED027,16.29,17,0.71
2026-02-15,ST027,MED028,8.64,9,0.36
2026-02-15,ST027,MED029,11.93,13,1.07
2026-02-15,ST027,MED030,7.0,10,3.0
2026-02-15,ST028,MED001,9.14,14,4.86
2026-02-15,ST028,MED002,9.71,11,1.29
2026-02-15,ST028,MED003,2.14,2,0.14
2026-02-15,ST028,MED004,6.57,2,4.57
2026-02-15,ST028,MED005,8.43,10,1.57
2026-02-15,ST028,MED006,9.07,7,2.07
2026-02-15,ST028,MED007,2.14,5,2.86
2026-02-15,ST028,MED008,2.43,3,0.57
2026-02-15,ST028,MED009,7.93,8,0.07
2026-02-15,ST028,MED010,3.86,4,0.14
2026-02-15,ST028,MED011,8.07,6,2.07
2026-02-15,ST028,MED012,7.36,7,0.36
2026-02-15,ST028,MED013,5.79,7,1.21
2026-02-15,ST028,MED014,4.79,7,2.21
2026-02-15,ST028,MED015,9.36,10,0.64
2026-02-15,ST028,MED016,5.0,2,3.0
2026-02-15,ST028,MED017,9.14,7,2.14
2026-02-15,ST028,MED018,5.0,1,4.0
2026-02-15,ST028,MED019,1.36,5,3.64
2026-02-15,ST028,MED020,5.36,7,1.64
2026-02-15,ST028,MED021,7.29,8,0.71
2026-02-15,ST028,MED022,5.07,7,1.93
2026-02-15,ST028,MED023,8.0,12,4.0
2026-02-15,ST028,MED024,8.21,10,1.79
2026-02-15,ST028,MED025,5.07,8,2.93
2026-02-15,ST028,MED026,9.0,11,2.0
2026-02-15,ST028,MED027,9.14,11,1.86
2026-02-15,ST028,MED028,6.14,3,3.14
2026-02-15,ST028,MED029,7.14,9,1.86
2026-02-15,ST028,MED030,4.57,5,0.43
2026-02-15,ST029,MED001,9.5,8,1.5
2026-02-15,ST029,MED002,10.14,13,2.86
2026-02-15,ST029,MED003,2.43,6,3.57
2026-02-15,ST029,MED004,7.57,5,2.57
2026-02-15,ST029,MED005,9.57,9,0.57
2026-02-15,ST029,MED006,8.79,10,1.21
2026-02-15,ST029,MED007,2.79,1,1.79
2026-02-15,ST029,MED008,2.64,2,0.64
2026-02-15,ST029,MED009,8.14,11,2.86
2026-02-15,ST029,MED010,2.86,3,0.14
2026-02-15,ST029,MED011,9.5,11,1.5
2026-02-15,ST029,MED012,7.29,9,1.71
2026-02-15,ST029,MED013,6.5,2,4.5
2026-02-15,ST029,MED014,3.86,5,1.14
2026-02-15,ST029,MED015,11.07,10,1.07
2026-02-15,ST029,MED016,4.93,4,0.93
2026-02-15,ST029,MED017,8.93,5,3.93
2026-02-15,ST029,MED018,4.86,9,4.14
2026-02-15,ST029,MED019,3.5,4,0.5
2026-02-15,ST029,MED020,5.64,5,0.64
2026-02-15,ST029,MED021,9.43,10,0.57
2026-02-15,ST029,MED022,6.29,6,0.29
2026-02-15,ST029,MED023,8.64,12,3.36
2026-02-15,ST029,MED024,11.14,11,0.14
2026-02-15,ST029,MED025,4.21,8,3.79
2026-02-15,ST029,MED026,9.36,11,1.64
2026-02-15,ST029,MED027,10.93,11,0.07
2026-02-15,ST029,MED028,5.57,3,2.57
2026-02-15,ST029,MED029,8.86,8,0.86
2026-02-15,ST029,MED030,4.64,5,0.36
2026-02-15,ST030,MED001,10.64,13,2.36
2026-02-15,ST030,MED002,10.93,10,0.93
2026-02-15,ST030,MED003,2.71,2,0.71
2026-02-15,ST030,MED004,8.57,8,0.57
2026-02-15,ST030,MED005,10.29,8,2.29
2026-02-15,ST030,MED006,9.5,13,3.5
2026-02-15,ST030,MED007,2.93,0,2.93
2026-02-15,ST030,MED008,2.64,6,3.36
2026-02-15,ST030,MED009,8.93,10,1.07
2026-02-15,ST030,MED010,4.07,7,2.93
2026-02-15,ST030,MED011,11.43,15,3.57
2026-02-15,ST030,MED012,10.36,11,0.64
2026-02-15,ST030,MED013,6.5,6,0.5
2026-02-15,ST030,MED014,5.57,1,4.57
2026-02-15,ST030,MED015,11.14,8,3.14
2026-02-15,ST030,MED016,7.71,10,2.29
2026-02-15,ST030,MED017,10.29,15,4.71
2026-02-15,ST030,MED018,5.5,4,1.5
2026-02-15,ST030,MED019,3.43,2,1.43
2026-02-15,ST030,MED020,6.71,5,1.71
2026-02-15,ST030,MED021,9.71,11,1.29
2026-02-15,ST030,MED022,6.43,9,2.57
2026-02-15,ST030,MED023,10.07,12,1.93
2026-02-15,ST030,MED024,11.14,11,0.14
2026-02-15,ST030,MED025,5.07,9,3.93
2026-02-15,ST030,MED026,10.36,12,1.64
2026-02-15,ST030,MED027,11.07,11,0.07
2026-02-15,ST030,MED028,6.21,10,3.79
2026-02-15,ST030,MED029,7.43,7,0.43
2026-02-15,ST030,MED030,5.5,10,4.5
2026-02-15,ST031,MED001,10.64,12,1.36
2026-02-15,ST031,MED002,11.21,15,3.79
2026-02-15,ST031,MED003,3.43,6,2.57
2026-02-15,ST031,MED004,9.14,8,1.14
2026-02-15,ST031,MED005,11.29,9,2.29
2026-02-15,ST031,MED006,10.86,13,2.14
2026-02-15,ST031,MED007,4.86,5,0.14
2026-02-15,ST031,MED008,3.0,5,2.0
2026-02-15,ST031,MED009,11.5,12,0.5
2026-02-15,ST031,MED010,4.79,0,4.79
2026-02-15,ST031,MED011,10.0,15,5.0
2026-02-15,ST031,MED012,10.29,10,0.29
2026-02-15,ST031,MED013,7.57,5,2.57
2026-02-15,ST031,MED014,4.86,5,0.14
2026-02-15,ST031,MED015,13.21,10,3.21
2026-02-15,ST031,MED016,7.14,10,2.86
2026-02-15,ST031,MED017,11.29,13,1.71
2026-02-15,ST031,MED018,7.14,4,3.14
2026-02-15,ST031,MED019,3.71,1,2.71
2026-02-15,ST031,MED020,8.07,8,0.07
2026-02-15,ST031,MED021,10.0,14,4.0
2026-02-15,ST031,MED022,6.21,8,1.79
2026-02-15,ST031,MED023,11.86,17,5.14
2026-02-15,ST031,MED024,12.36,10,2.36
2026-02-15,ST031,MED025,5.79,7,1.21
2026-02-15,ST031,MED026,11.36,24,12.64
2026-02-15,ST031,MED027,11.93,12,0.07
2026-02-15,ST031,MED028,6.64,6,0.64
2026-02-15,ST031,MED029,9.14,15,5.86
2026-02-15,ST031,MED030,4.86,6,1.14
2026-02-15,ST032,MED001,11.86,13,1.14
2026-02-15,ST032,MED002,12.14,11,1.14
2026-02-15,ST032,MED003,4.07,4,0.07
2026-02-15,ST032,MED004,8.93,12,3.07
2026-02-15,ST032,MED005,11.07,15,3.93
2026-02-15,ST032,MED006,11.36,18,6.64
2026-02-15,ST032,MED007,3.43,5,1.57
2026-02-15,ST032,MED008,2.57,0,2.57
2026-02-15,ST032,MED009,12.36,17,4.64
2026-02-15,ST032,MED010,5.36,5,0.36
2026-02-15,ST032,MED011,13.07,12,1.07
2026-02-15,ST032,MED012,11.29,10,1.29
2026-02-15,ST032,MED013,8.5,5,3.5
2026-02-15,ST032,MED014,6.36,3,3.36
2026-02-15,ST032,MED015,14.0,17,3.0
2026-02-15,ST032,MED016,8.71,9,0.29
2026-02-15,ST032,MED017,11.79,14,2.21
2026-02-15,ST032,MED018,5.71,8,2.29
2026-02-15,ST032,MED019,3.36,4,0.64
2026-02-15,ST032,MED020,7.64,10,2.36
2026-02-15,ST032,MED021,11.5,13,1.5
2026-02-15,ST032,MED022,8.93,13,4.07
2026-02-15,ST032,MED023,11.07,14,2.93
2026-02-15,ST032,MED024,14.5,19,4.5
2026-02-15,ST032,MED025,7.57,7,0.57
2026-02-15,ST032,MED026,14.79,12,2.79
2026-02-15,ST032,MED027,12.57,15,2.43
2026-02-15,ST032,MED028,7.64,5,2.64
2026-02-15,ST032,MED029,10.71,12,1.29
2026-02-15,ST032,MED030,5.79,6,0.21
2026-02-15,ST033,MED001,13.57,14,0.43
2026-02-15,ST033,MED002,13.57,14,0.43
2026-02-15,ST033,MED003,3.29,6,2.71
2026-02-15,ST033,MED004,10.43,11,0.57
2026-02-15,ST033,MED005,12.93,15,2.07
2026-02-15,ST033,MED006,12.21,12,0.21
2026-02-15,ST033,MED007,3.93,0,3.93
2026-02-15,ST033,MED008,4.0,2,2.0
2026-02-15,ST033,MED009,12.93,15,2.07
2026-02-15,ST033,MED010,4.36,9,4.64
2026-02-15,ST033,MED011,12.93,12,0.93
2026-02-15,ST033,MED012,13.57,14,0.43
2026-02-15,ST033,MED013,8.93,9,0.07
2026-02-15,ST033,MED014,6.36,6,0.36
2026-02-15,ST033,MED015,14.93,15,0.07
2026-02-15,ST033,MED016,8.86,9,0.14
2026-02-15,ST033,MED017,13.71,13,0.71
2026-02-15,ST033,MED018,7.5,9,1.5
2026-02-15,ST033,MED019,3.64,6,2.36
2026-02-15,ST033,MED020,8.71,9,0.29
2026-02-15,ST033,MED021,13.0,17,4.0
2026-02-15,ST033,MED022,8.64,9,0.36
2026-02-15,ST033,MED023,13.79,14,0.21
2026-02-15,ST033,MED024,15.29,16,0.71
2026-02-15,ST033,MED025,6.36,9,2.64
2026-02-15,ST033,MED026,13.36,21,7.64
2026-02-15,ST033,MED027,14.0,17,3.0
2026-02-15,ST033,MED028,8.14,8,0.14
2026-02-15,ST033,MED029,11.86,12,0.14
2026-02-15,ST033,MED030,5.57,3,2.57
2026-02-15,ST034,MED001,14.71,19,4.29
2026-02-15,ST034,MED002,14.86,13,1.86
2026-02-15,ST034,MED003,4.5,7,2.5
2026-02-15,ST034,MED004,11.14,11,0.14
2026-02-15,ST034,MED005,14.0,15,1.0
2026-02-15,ST034,MED006,14.36,18,3.64
2026-02-15,ST034,MED007,4.36,2,2.36
2026-02-15,ST034,MED008,3.64,0,3.64
2026-02-15,ST034,MED009,14.07,18,3.93
2026-02-15,ST034,MED010,5.21,5,0.21
2026-02-15,ST034,MED011,14.86,16,1.14
2026-02-15,ST034,MED012,13.64,13,0.64
2026-02-15,ST034,MED013,8.86,8,0.86
2026-02-15,ST034,MED014,7.36,4,3.36
2026-02-15,ST034,MED015,16.07,20,3.93
2026-02-15,ST034,MED016,7.93,11,3.07
2026-02-15,ST034,MED017,16.0,13,3.0
2026-02-15,ST034,MED018,8.0,9,1.0
2026-02-15,ST034,MED019,3.93,5,1.07
2026-02-15,ST034,MED020,8.86,14,5.14
2026-02-15,ST034,MED021,12.93,12,0.93
2026-02-15,ST034,MED022,8.86,11,2.14
2026-02-15,ST034,MED023,16.71,15,1.71
2026-02-15,ST034,MED024,15.14,17,1.86
2026-02-15,ST034,MED025,9.5,7,2.5
2026-02-15,ST034,MED026,14.5,14,0.5
2026-02-15,ST034,MED027,16.0,20,4.0
2026-02-15,ST034,MED028,9.0,6,3.0
2026-02-15,ST034,MED029,11.71,11,0.71
2026-02-15,ST034,MED030,7.0,7,0.0
2026-02-15,ST035,MED001,10.14,13,2.86
2026-02-15,ST035,MED002,8.14,7,1.14
2026-02-15,ST035,MED003,2.36,1,1.36
2026-02-15,ST035,MED004,6.5,5,1.5
2026-02-15,ST035,MED005,8.5,9,0.5
2026-02-15,ST035,MED006,8.64,12,3.36
2026-02-15,ST035,MED007,2.43,4,1.57
2026-02-15,ST035,MED008,1.71,2,0.29
2026-02-15,ST035,MED009,8.0,8,0.0
2026-02-15,ST035,MED010,2.86,6,3.14
2026-02-15,ST035,MED011,8.86,10,1.14
2026-02-15,ST035,MED012,8.64,13,4.36
2026-02-15,ST035,MED013,5.0,5,0.0
2026-02-15,ST035,MED014,4.29,4,0.29
2026-02-15,ST035,MED015,9.29,13,3.71
2026-02-15,ST035,MED016,6.14,3,3.14
2026-02-15,ST035,MED017,8.64,2,6.64
2026-02-15,ST035,MED018,3.0,3,0.0
2026-02-15,ST035,MED019,2.21,0,2.21
2026-02-15,ST035,MED020,7.29,7,0.29
2026-02-15,ST035,MED021,8.36,10,1.64
2026-02-15,ST035,MED022,5.21,4,1.21
2026-02-15,ST035,MED023,9.57,11,1.43
2026-02-15,ST035,MED024,10.0,9,1.0
2026-02-15,ST035,MED025,4.14,6,1.86
2026-02-15,ST035,MED026,8.5,10,1.5
2026-02-15,ST035,MED027,8.5,8,0.5
2026-02-15,ST035,MED028,4.0,4,0.0
2026-02-15,ST035,MED029,7.07,7,0.07
2026-02-15,ST035,MED030,3.29,5,1.71
2026-02-15,ST036,MED001,11.14,12,0.86
2026-02-15,ST036,MED002,9.79,11,1.21
2026-02-15,ST036,MED003,2.14,3,0.86
2026-02-15,ST036,MED004,8.14,10,1.86
2026-02-15,ST036,MED005,8.93,11,2.07
2026-02-15,ST036,MED006,8.79,9,0.21
2026-02-15,ST036,MED007,2.71,2,0.71
2026-02-15,ST036,MED008,2.71,0,2.71
2026-02-15,ST036,MED009,8.43,7,1.43
2026-02-15,ST036,MED010,4.0,4,0.0
2026-02-15,ST036,MED011,9.43,16,6.57
2026-02-15,ST036,MED012,8.5,8,0.5
2026-02-15,ST036,MED013,5.36,11,5.64
2026-02-15,ST036,MED014,5.57,6,0.43
2026-02-15,ST036,MED015,10.36,11,0.64
2026-02-15,ST036,MED016,6.29,10,3.71
2026-02-15,ST036,MED017,10.64,7,3.64
2026-02-15,ST036,MED018,5.79,3,2.79
2026-02-15,ST036,MED019,3.0,0,3.0
2026-02-15,ST036,MED020,6.36,4,2.36
2026-02-15,ST036,MED021,9.21,10,0.79
2026-02-15,ST036,MED022,6.0,8,2.0
2026-02-15,ST036,MED023,9.64,8,1.64
2026-02-15,ST036,MED024,10.64,9,1.64
2026-02-15,ST036,MED025,4.86,4,0.86
2026-02-15,ST036,MED026,8.93,11,2.07
2026-02-15,ST036,MED027,10.14,10,0.14
2026-02-15,ST036,MED028,5.36,7,1.64
2026-02-15,ST036,MED029,7.07,8,0.93
2026-02-15,ST036,MED030,5.14,4,1.14
2026-02-15,ST037,MED001,11.0,10,1.0
2026-02-15,ST037,MED002,10.43,11,0.57
2026-02-15,ST037,MED003,3.43,2,1.43
2026-02-15,ST037,MED004,7.64,10,2.36
2026-02-15,ST037,MED005,11.07,13,1.93
2026-02-15,ST037,MED006,10.07,6,4.07
2026-02-15,ST037,MED007,3.0,8,5.0
2026-02-15,ST037,MED008,2.86,3,0.14
2026-02-15,ST037,MED009,10.43,15,4.57
2026-02-15,ST037,MED010,3.64,6,2.36
2026-02-15,ST037,MED011,11.07,7,4.07
2026-02-15,ST037,MED012,10.0,8,2.0
2026-02-15,ST037,MED013,6.21,13,6.79
2026-02-15,ST037,MED014,5.14,3,2.14
2026-02-15,ST037,MED015,11.43,13,1.57
2026-02-15,ST037,MED016,7.0,9,2.0
2026-02-15,ST037,MED017,10.29,12,1.71
2026-02-15,ST037,MED018,6.14,5,1.14
2026-02-15,ST037,MED019,4.0,1,3.0
2026-02-15,ST037,MED020,7.07,9,1.93
2026-02-15,ST037,MED021,10.0,12,2.0
2026-02-15,ST037,MED022,6.5,6,0.5
2026-02-15,ST037,MED023,10.5,11,0.5
2026-02-15,ST037,MED024,12.14,11,1.14
2026-02-15,ST037,MED025,6.07,7,0.93
2026-02-15,ST037,MED026,11.0,10,1.0
2026-02-15,ST037,MED027,13.07,14,0.93
2026-02-15,ST037,MED028,5.86,5,0.86
2026-02-15,ST037,MED029,8.71,9,0.29
2026-02-15,ST037,MED030,4.79,8,3.21
2026-02-15,ST038,MED001,11.86,16,4.14
2026-02-15,ST038,MED002,10.86,13,2.14
2026-02-15,ST038,MED003,3.29,3,0.29
2026-02-15,ST038,MED004,8.93,11,2.07
2026-02-15,ST038,MED005,13.14,13,0.14
2026-02-15,ST038,MED006,11.07,15,3.93
2026-02-15,ST038,MED007,3.43,5,1.57
2026-02-15,ST038,MED008,3.0,1,2.0
2026-02-15,ST038,MED009,11.5,12,0.5
2026-02-15,ST038,MED010,4.71,0,4.71
2026-02-15,ST038,MED011,11.64,12,0.36
2026-02-15,ST038,MED012,11.29,12,0.71
2026-02-15,ST038,MED013,7.14,6,1.14
2026-02-15,ST038,MED014,5.43,8,2.57
2026-02-15,ST038,MED015,13.86,14,0.14
2026-02-15,ST038,MED016,6.71,10,3.29
2026-02-15,ST038,MED017,11.0,20,9.0
2026-02-15,ST038,MED018,6.64,9,2.36
2026-02-15,ST038,MED019,3.29,2,1.29
2026-02-15,ST038,MED020,7.36,11,3.64
2026-02-15,ST038,MED021,10.0,14,4.0
2026-02-15,ST038,MED022,7.5,8,0.5
2026-02-15,ST038,MED023,11.64,15,3.36
2026-02-15,ST038,MED024,12.43,13,0.57
2026-02-15,ST038,MED025,7.64,6,1.64
2026-02-15,ST038,MED026,11.79,12,0.21
2026-02-15,ST038,MED027,12.79,15,2.21
2026-02-15,ST038,MED028,5.21,8,2.79
2026-02-15,ST038,MED029,10.0,10,0.0
2026-02-15,ST038,MED030,4.64,2,2.64
2026-02-15,ST039,MED001,13.14,15,1.86
2026-02-15,ST039,MED002,12.57,11,1.57
2026-02-15,ST039,MED003,4.0,0,4.0
2026-02-15,ST039,MED004,10.21,11,0.79
2026-02-15,ST039,MED005,12.64,13,0.36
2026-02-15,ST039,MED006,13.07,9,4.07
2026-02-15,ST039,MED007,4.36,3,1.36
2026-02-15,ST039,MED008,4.07,7,2.93
2026-02-15,ST039,MED009,11.71,13,1.29
2026-02-15,ST039,MED010,5.36,4,1.36
2026-02-15,ST039,MED011,12.29,10,2.29
2026-02-15,ST039,MED012,12.0,10,2.0
2026-02-15,ST039,MED013,8.36,6,2.36
2026-02-15,ST039,MED014,6.93,5,1.93
2026-02-15,ST039,MED015,13.79,15,1.21
2026-02-15,ST039,MED016,8.0,14,6.0
2026-02-15,ST039,MED017,12.86,16,3.14
2026-02-15,ST039,MED018,7.57,8,0.43
2026-02-15,ST039,MED019,3.36,4,0.64
2026-02-15,ST039,MED020,7.79,8,0.21
2026-02-15,ST039,MED021,11.79,14,2.21
2026-02-15,ST039,MED022,7.21,8,0.79
2026-02-15,ST039,MED023,12.57,12,0.57
2026-02-15,ST039,MED024,14.07,14,0.07
2026-02-15,ST039,MED025,7.14,6,1.14
2026-02-15,ST039,MED026,12.36,12,0.36
2026-02-15,ST039,MED027,14.64,14,0.64
2026-02-15,ST039,MED028,6.64,6,0.64
2026-02-15,ST039,MED029,10.29,10,0.29
2026-02-15,ST039,MED030,5.93,6,0.07
2026-02-15,ST040,MED001,13.71,16,2.29
2026-02-15,ST040,MED002,13.0,14,1.0
2026-02-15,ST040,MED003,3.43,3,0.43
2026-02-15,ST040,MED004,10.29,9,1.29
2026-02-15,ST040,MED005,14.29,16,1.71
2026-02-15,ST040,MED006,12.0,13,1.0
2026-02-15,ST040,MED007,3.86,5,1.14
2026-02-15,ST040,MED008,3.36,2,1.36
2026-02-15,ST040,MED009,12.93,15,2.07
2026-02-15,ST040,MED010,5.29,3,2.29
2026-02-15,ST040,MED011,13.36,17,3.64
2026-02-15,ST040,MED012,12.57,14,1.43
2026-02-15,ST040,MED013,8.64,10,1.36
2026-02-15,ST040,MED014,7.93,3,4.93
2026-02-15,ST040,MED015,16.71,17,0.29
2026-02-15,ST040,MED016,8.57,8,0.57
2026-02-15,ST040,MED017,13.0,12,1.0
2026-02-15,ST040,MED018,7.07,13,5.93
2026-02-15,ST040,MED019,3.79,2,1.79
2026-02-15,ST040,MED020,8.14,7,1.14
2026-02-15,ST040,MED021,12.21,15,2.79
2026-02-15,ST040,MED022,7.36,6,1.36
2026-02-15,ST040,MED023,13.36,14,0.64
2026-02-15,ST040,MED024,15.64,15,0.64
2026-02-15,ST040,MED025,7.93,9,1.07
2026-02-15,ST040,MED026,13.21,15,1.79
2026-02-15,ST040,MED027,15.0,16,1.0
2026-02-15,ST040,MED028,7.36,9,1.64
2026-02-15,ST040,MED029,11.57,15,3.43
2026-02-15,ST040,MED030,6.29,5,1.29
2026-02-16,ST001,MED001,9.57,9,0.57
2026-02-16,ST001,MED002,8.86,6,2.86
2026-02-16,ST001,MED003,2.71,6,3.29
2026-02-16,ST001,MED004,6.86,8,1.14
2026-02-16,ST001,MED005,9.71,7,2.71
2026-02-16,ST001,MED006,8.79,6,2.79
2026-02-16,ST001,MED007,1.71,1,0.71
2026-02-16,ST001,MED008,2.5,1,1.5
2026-02-16,ST001,MED009,8.21,9,0.79
2026-02-16,ST001,MED010,3.57,3,0.57
2026-02-16,ST001,MED011,9.79,9,0.79
2026-02-16,ST001,MED012,8.93,10,1.07
2026-02-16,ST001,MED013,6.57,5,1.57
2026-02-16,ST001,MED014,4.57,3,1.57
2026-02-16,ST001,MED015,9.93,13,3.07
2026-02-16,ST001,MED016,6.64,9,2.36
2026-02-16,ST001,MED017,8.86,7,1.86
2026-02-16,ST001,MED018,5.71,4,1.71
2026-02-16,ST001,MED019,3.86,4,0.14
2026-02-16,ST001,MED020,6.43,6,0.43
2026-02-16,ST001,MED021,8.93,5,3.93
2026-02-16,ST001,MED022,6.0,8,2.0
2026-02-16,ST001,MED023,9.07,8,1.07
2026-02-16,ST001,MED024,10.21,10,0.21
2026-02-16,ST001,MED025,5.0,8,3.0
2026-02-16,ST001,MED026,10.29,9,1.29
2026-02-16,ST001,MED027,10.5,14,3.5
2026-02-16,ST001,MED028,5.43,3,2.43
2026-02-16,ST001,MED029,8.14,10,1.86
2026-02-16,ST001,MED030,4.14,5,0.86
2026-02-16,ST002,MED001,10.5,14,3.5
2026-02-16,ST002,MED002,9.43,10,0.57
2026-02-16,ST002,MED003,3.36,3,0.36
2026-02-16,ST002,MED004,8.29,4,4.29
2026-02-16,ST002,MED005,11.36,13,1.64
2026-02-16,ST002,MED006,9.86,9,0.86
2026-02-16,ST002,MED007,3.07,2,1.07
2026-02-16,ST002,MED008,3.36,0,3.36
2026-02-16,ST002,MED009,10.07,12,1.93
2026-02-16,ST002,MED010,3.71,7,3.29
2026-02-16,ST002,MED011,10.93,8,2.93
2026-02-16,ST002,MED012,9.71,7,2.71
2026-02-16,ST002,MED013,7.0,6,1.0
2026-02-16,ST002,MED014,5.5,4,1.5
2026-02-16,ST002,MED015,11.07,8,3.07
2026-02-16,ST002,MED016,8.0,5,3.0
2026-02-16,ST002,MED017,11.21,11,0.21
2026-02-16,ST002,MED018,5.07,1,4.07
2026-02-16,ST002,MED019,2.71,5,2.29
2026-02-16,ST002,MED020,6.21,5,1.21
2026-02-16,ST002,MED021,10.36,6,4.36
2026-02-16,ST002,MED022,7.57,9,1.43
2026-02-16,ST002,MED023,10.93,11,0.07
2026-02-16,ST002,MED024,12.0,11,1.0
2026-02-16,ST002,MED025,5.93,9,3.07
2026-02-16,ST002,MED026,11.07,15,3.93
2026-02-16,ST002,MED027,11.79,13,1.21
2026-02-16,ST002,MED028,6.29,2,4.29
2026-02-16,ST002,MED029,8.64,8,0.64
2026-02-16,ST002,MED030,4.86,3,1.86
2026-02-16,ST003,MED001,11.71,11,0.71
2026-02-16,ST003,MED002,11.86,10,1.86
2026-02-16,ST003,MED003,2.36,5,2.64
2026-02-16,ST003,MED004,8.29,7,1.29
2026-02-16,ST003,MED005,12.5,8,4.5
2026-02-16,ST003,MED006,10.79,13,2.21
2026-02-16,ST003,MED007,3.36,3,0.36
2026-02-16,ST003,MED008,3.07,0,3.07
2026-02-16,ST003,MED009,10.86,13,2.14
2026-02-16,ST003,MED010,4.5,1,3.5
2026-02-16,ST003,MED011,11.93,13,1.07
2026-02-16,ST003,MED012,9.86,9,0.86
2026-02-16,ST003,MED013,7.71,6,1.71
2026-02-16,ST003,MED014,4.71,4,0.71
2026-02-16,ST003,MED015,13.43,12,1.43
2026-02-16,ST003,MED016,7.29,8,0.71
2026-02-16,ST003,MED017,10.93,10,0.93
2026-02-16,ST003,MED018,5.71,8,2.29
2026-02-16,ST003,MED019,3.43,3,0.43
2026-02-16,ST003,MED020,6.71,5,1.71
2026-02-16,ST003,MED021,9.71,12,2.29
2026-02-16,ST003,MED022,7.29,7,0.29
2026-02-16,ST003,MED023,11.21,14,2.79
2026-02-16,ST003,MED024,13.5,12,1.5
2026-02-16,ST003,MED025,6.71,4,2.71
2026-02-16,ST003,MED026,12.07,11,1.07
2026-02-16,ST003,MED027,12.57,14,1.43
2026-02-16,ST003,MED028,5.64,6,0.36
2026-02-16,ST003,MED029,9.36,2,7.36
2026-02-16,ST003,MED030,5.14,6,0.86
2026-02-16,ST004,MED001,12.14,11,1.14
2026-02-16,ST004,MED002,11.64,16,4.36
2026-02-16,ST004,MED003,2.5,5,2.5
2026-02-16,ST004,MED004,9.14,9,0.14
2026-02-16,ST004,MED005,12.79,12,0.79
2026-02-16,ST004,MED006,10.5,10,0.5
2026-02-16,ST004,MED007,3.79,0,3.79
2026-02-16,ST004,MED008,4.43,4,0.43
2026-02-16,ST004,MED009,13.86,13,0.86
2026-02-16,ST004,MED010,3.79,3,0.79
2026-02-16,ST004,MED011,12.07,12,0.07
2026-02-16,ST004,MED012,11.07,14,2.93
2026-02-16,ST004,MED013,7.86,9,1.14
2026-02-16,ST004,MED014,5.64,6,0.36
2026-02-16,ST004,MED015,15.07,12,3.07
2026-02-16,ST004,MED016,7.79,6,1.79
2026-02-16,ST004,MED017,12.0,9,3.0
2026-02-16,ST004,MED018,7.43,6,1.43
2026-02-16,ST004,MED019,3.57,3,0.57
2026-02-16,ST004,MED020,7.93,6,1.93
2026-02-16,ST004,MED021,11.57,10,1.57
2026-02-16,ST004,MED022,9.0,7,2.0
2026-02-16,ST004,MED023,12.71,9,3.71
2026-02-16,ST004,MED024,14.29,11,3.29
2026-02-16,ST004,MED025,6.43,6,0.43
2026-02-16,ST004,MED026,13.0,16,3.0
2026-02-16,ST004,MED027,14.36,17,2.64
2026-02-16,ST004,MED028,8.0,7,1.0
2026-02-16,ST004,MED029,10.71,14,3.29
2026-02-16,ST004,MED030,5.93,4,1.93
2026-02-16,ST005,MED001,13.43,12,1.43
2026-02-16,ST005,MED002,14.43,11,3.43
2026-02-16,ST005,MED003,3.0,2,1.0
2026-02-16,ST005,MED004,10.21,11,0.79
2026-02-16,ST005,MED005,13.93,11,2.93
2026-02-16,ST005,MED006,12.07,13,0.93
2026-02-16,ST005,MED007,3.57,0,3.57
2026-02-16,ST005,MED008,4.07,2,2.07
2026-02-16,ST005,MED009,13.0,10,3.0
2026-02-16,ST005,MED010,5.5,1,4.5
2026-02-16,ST005,MED011,13.71,13,0.71
2026-02-16,ST005,MED012,11.64,13,1.36
2026-02-16,ST005,MED013,9.07,9,0.07
2026-02-16,ST005,MED014,6.21,9,2.79
2026-02-16,ST005,MED015,16.5,17,0.5
2026-02-16,ST005,MED016,8.43,10,1.57
2026-02-16,ST005,MED017,13.57,15,1.43
2026-02-16,ST005,MED018,6.64,3,3.64
2026-02-16,ST005,MED019,3.86,5,1.14
2026-02-16,ST005,MED020,8.79,9,0.21
2026-02-16,ST005,MED021,12.71,23,10.29
2026-02-16,ST005,MED022,9.29,12,2.71
2026-02-16,ST005,MED023,13.5,13,0.5
2026-02-16,ST005,MED024,15.07,16,0.93
2026-02-16,ST005,MED025,7.29,5,2.29
2026-02-16,ST005,MED026,14.14,13,1.14
2026-02-16,ST005,MED027,14.29,12,2.29
2026-02-16,ST005,MED028,7.71,4,3.71
2026-02-16,ST005,MED029,10.86,10,0.86
2026-02-16,ST005,MED030,5.93,4,1.93
2026-02-16,ST006,MED001,14.29,12,2.29
2026-02-16,ST006,MED002,15.71,11,4.71
2026-02-16,ST006,MED003,4.14,3,1.14
2026-02-16,ST006,MED004,10.29,8,2.29
2026-02-16,ST006,MED005,13.93,12,1.93
2026-02-16,ST006,MED006,13.57,11,2.57
2026-02-16,ST006,MED007,4.93,6,1.07
2026-02-16,ST006,MED008,4.21,3,1.21
2026-02-16,ST006,MED009,14.21,10,4.21
2026-02-16,ST006,MED010,5.29,1,4.29
2026-02-16,ST006,MED011,15.64,12,3.64
2026-02-16,ST006,MED012,13.21,14,0.79
2026-02-16,ST006,MED013,10.64,10,0.64
2026-02-16,ST006,MED014,7.0,9,2.0
2026-02-16,ST006,MED015,18.07,17,1.07
2026-02-16,ST006,MED016,9.29,10,0.71
2026-02-16,ST006,MED017,13.79,13,0.79
2026-02-16,ST006,MED018,7.71,6,1.71
2026-02-16,ST006,MED019,2.86,8,5.14
2026-02-16,ST006,MED020,8.71,14,5.29
2026-02-16,ST006,MED021,13.07,13,0.07
2026-02-16,ST006,MED022,10.07,8,2.07
2026-02-16,ST006,MED023,14.07,16,1.93
2026-02-16,ST006,MED024,15.43,16,0.57
2026-02-16,ST006,MED025,8.43,10,1.57
2026-02-16,ST006,MED026,16.14,15,1.14
2026-02-16,ST006,MED027,15.43,15,0.43
2026-02-16,ST006,MED028,8.43,7,1.43
2026-02-16,ST006,MED029,12.07,13,0.93
2026-02-16,ST006,MED030,6.57,6,0.57
2026-02-16,ST007,MED001,8.14,11,2.86
2026-02-16,ST007,MED002,7.93,7,0.93
2026-02-16,ST007,MED003,2.29,7,4.71
2026-02-16,ST007,MED004,5.86,5,0.86
2026-02-16,ST007,MED005,7.43,7,0.43
2026-02-16,ST007,MED006,7.07,11,3.93
2026-02-16,ST007,MED007,3.07,2,1.07
2026-02-16,ST007,MED008,2.0,3,1.0
2026-02-16,ST007,MED009,8.57,11,2.43
2026-02-16,ST007,MED010,3.29,0,3.29
2026-02-16,ST007,MED011,8.86,8,0.86
2026-02-16,ST007,MED012,7.79,8,0.21
2026-02-16,ST007,MED013,5.79,7,1.21
2026-02-16,ST007,MED014,5.07,2,3.07
2026-02-16,ST007,MED015,9.07,8,1.07
2026-02-16,ST007,MED016,5.79,6,0.21
2026-02-16,ST007,MED017,8.71,7,1.71
2026-02-16,ST007,MED018,5.5,4,1.5
2026-02-16,ST007,MED019,2.71,2,0.71
2026-02-16,ST007,MED020,4.36,3,1.36
2026-02-16,ST007,MED021,8.43,6,2.43
2026-02-16,ST007,MED022,6.21,4,2.21
2026-02-16,ST007,MED023,8.29,9,0.71
2026-02-16,ST007,MED024,10.07,11,0.93
2026-02-16,ST007,MED025,4.64,6,1.36
2026-02-16,ST007,MED026,8.57,7,1.57
2026-02-16,ST007,MED027,8.21,6,2.21
2026-02-16,ST007,MED028,4.93,4,0.93
2026-02-16,ST007,MED029,6.86,9,2.14
2026-02-16,ST007,MED030,4.07,4,0.07
2026-02-16,ST008,MED001,9.64,11,1.36
2026-02-16,ST008,MED002,10.86,13,2.14
2026-02-16,ST008,MED003,2.21,0,2.21
2026-02-16,ST008,MED004,6.93,6,0.93
2026-02-16,ST008,MED005,9.29,8,1.29
2026-02-16,ST008,MED006,8.36,4,4.36
2026-02-16,ST008,MED007,3.21,3,0.21
2026-02-16,ST008,MED008,3.86,4,0.14
2026-02-16,ST008,MED009,9.0,10,1.0
2026-02-16,ST008,MED010,4.0,4,0.0
2026-02-16,ST008,MED011,9.93,11,1.07
2026-02-16,ST008,MED012,9.14,10,0.86
2026-02-16,ST008,MED013,6.64,7,0.36
2026-02-16,ST008,MED014,5.64,4,1.64
2026-02-16,ST008,MED015,10.64,10,0.64
2026-02-16,ST008,MED016,6.86,4,2.86
2026-02-16,ST008,MED017,11.36,8,3.36
2026-02-16,ST008,MED018,4.29,6,1.71
2026-02-16,ST008,MED019,3.07,1,2.07
2026-02-16,ST008,MED020,7.43,6,1.43
2026-02-16,ST008,MED021,8.57,6,2.57
2026-02-16,ST008,MED022,4.21,6,1.79
2026-02-16,ST008,MED023,11.29,8,3.29
2026-02-16,ST008,MED024,10.36,8,2.36
2026-02-16,ST008,MED025,4.36,9,4.64
2026-02-16,ST008,MED026,11.21,7,4.21
2026-02-16,ST008,MED027,9.79,8,1.79
2026-02-16,ST008,MED028,4.79,5,0.21
2026-02-16,ST008,MED029,7.71,11,3.29
2026-02-16,ST008,MED030,3.36,2,1.36
2026-02-16,ST009,MED001,10.93,10,0.93
2026-02-16,ST009,MED002,10.79,12,1.21
2026-02-16,ST009,MED003,2.64,5,2.36
2026-02-16,ST009,MED004,7.5,10,2.5
2026-02-16,ST009,MED005,11.79,13,1.21
2026-02-16,ST009,MED006,9.79,8,1.79
2026-02-16,ST009,MED007,2.86,1,1.86
2026-02-16,ST009,MED008,2.79,2,0.79
2026-02-16,ST009,MED009,8.64,8,0.64
2026-02-16,ST009,MED010,3.07,4,0.93
2026-02-16,ST009,MED011,11.43,12,0.57
2026-02-16,ST009,MED012,9.29,12,2.71
2026-02-16,ST009,MED013,7.36,7,0.36
2026-02-16,ST009,MED014,4.64,2,2.64
2026-02-16,ST009,MED015,12.14,9,3.14
2026-02-16,ST009,MED016,7.71,8,0.29
2026-02-16,ST009,MED017,11.07,9,2.07
2026-02-16,ST009,MED018,6.21,6,0.21
2026-02-16,ST009,MED019,2.64,3,0.36
2026-02-16,ST009,MED020,7.07,5,2.07
2026-02-16,ST009,MED021,9.29,14,4.71
2026-02-16,ST009,MED022,6.71,5,1.71
2026-02-16,ST009,MED023,11.14,8,3.14
2026-02-16,ST009,MED024,11.57,11,0.57
2026-02-16,ST009,MED025,6.29,7,0.71
2026-02-16,ST009,MED026,11.21,7,4.21
2026-02-16,ST009,MED027,11.93,8,3.93
2026-02-16,ST009,MED028,6.07,11,4.93
2026-02-16,ST009,MED029,8.79,6,2.79
2026-02-16,ST009,MED030,5.29,8,2.71
2026-02-16,ST010,MED001,11.64,12,0.36
2026-02-16,ST010,MED002,11.14,10,1.14
2026-02-16,ST010,MED003,3.86,4,0.14
2026-02-16,ST010,MED004,7.57,6,1.57
2026-02-16,ST010,MED005,10.71,7,3.71
2026-02-16,ST010,MED006,10.86,7,3.86
2026-02-16,ST010,MED007,4.93,4,0.93
2026-02-16,ST010,MED008,2.21,3,0.79
2026-02-16,ST010,MED009,9.86,12,2.14
2026-02-16,ST010,MED010,3.71,4,0.29
2026-02-16,ST010,MED011,12.14,12,0.14
2026-02-16,ST010,MED012,11.21,10,1.21
2026-02-16,ST010,MED013,7.79,7,0.79
2026-02-16,ST010,MED014,4.93,7,2.07
2026-02-16,ST010,MED015,14.29,12,2.29
2026-02-16,ST010,MED016,6.36,7,0.64
2026-02-16,ST010,MED017,10.93,10,0.93
2026-02-16,ST010,MED018,6.5,8,1.5
2026-02-16,ST010,MED019,2.57,4,1.43
2026-02-16,ST010,MED020,8.79,8,0.79
2026-02-16,ST010,MED021,10.64,10,0.64
2026-02-16,ST010,MED022,8.43,6,2.43
2026-02-16,ST010,MED023,10.93,13,2.07
2026-02-16,ST010,MED024,12.14,14,1.86
2026-02-16,ST010,MED025,5.64,9,3.36
2026-02-16,ST010,MED026,12.14,8,4.14
2026-02-16,ST010,MED027,12.21,9,3.21
2026-02-16,ST010,MED028,5.36,4,1.36
2026-02-16,ST010,MED029,9.86,9,0.86
2026-02-16,ST010,MED030,5.93,3,2.93
2026-02-16,ST011,MED001,12.29,14,1.71
2026-02-16,ST011,MED002,14.14,9,5.14
2026-02-16,ST011,MED003,4.36,4,0.36
2026-02-16,ST011,MED004,7.07,12,4.93
2026-02-16,ST011,MED005,13.29,12,1.29
2026-02-16,ST011,MED006,11.21,12,0.79
2026-02-16,ST011,MED007,2.5,2,0.5
2026-02-16,ST011,MED008,4.36,2,2.36
2026-02-16,ST011,MED009,12.14,21,8.86
2026-02-16,ST011,MED010,5.21,5,0.21
2026-02-16,ST011,MED011,12.93,11,1.93
2026-02-16,ST011,MED012,12.29,13,0.71
2026-02-16,ST011,MED013,7.57,11,3.43
2026-02-16,ST011,MED014,5.43,5,0.43
2026-02-16,ST011,MED015,13.79,14,0.21
2026-02-16,ST011,MED016,7.64,16,8.36
2026-02-16,ST011,MED017,13.14,14,0.86
2026-02-16,ST011,MED018,6.5,7,0.5
2026-02-16,ST011,MED019,5.07,3,2.07
2026-02-16,ST011,MED020,6.71,7,0.29
2026-02-16,ST011,MED021,11.0,11,0.0
2026-02-16,ST011,MED022,7.5,3,4.5
2026-02-16,ST011,MED023,12.5,12,0.5
2026-02-16,ST011,MED024,13.64,14,0.36
2026-02-16,ST011,MED025,6.29,7,0.71
2026-02-16,ST011,MED026,13.0,10,3.0
2026-02-16,ST011,MED027,13.43,14,0.57
2026-02-16,ST011,MED028,7.36,7,0.36
2026-02-16,ST011,MED029,11.07,8,3.07
2026-02-16,ST011,MED030,5.93,7,1.07
2026-02-16,ST012,MED001,12.93,11,1.93
2026-02-16,ST012,MED002,13.93,14,0.07
2026-02-16,ST012,MED003,3.07,3,0.07
2026-02-16,ST012,MED004,9.57,13,3.43
2026-02-16,ST012,MED005,14.57,15,0.43
2026-02-16,ST012,MED006,11.36,11,0.36
2026-02-16,ST012,MED007,3.43,5,1.57
2026-02-16,ST012,MED008,3.79,4,0.21
2026-02-16,ST012,MED009,13.43,14,0.57
2026-02-16,ST012,MED010,5.14,5,0.14
2026-02-16,ST012,MED011,14.0,16,2.0
2026-02-16,ST012,MED012,13.21,12,1.21
2026-02-16,ST012,MED013,8.57,9,0.43
2026-02-16,ST012,MED014,6.71,6,0.71
2026-02-16,ST012,MED015,14.86,14,0.86
2026-02-16,ST012,MED016,9.93,6,3.93
2026-02-16,ST012,MED017,15.07,10,5.07
2026-02-16,ST012,MED018,9.0,4,5.0
2026-02-16,ST012,MED019,4.21,5,0.79
2026-02-16,ST012,MED020,8.21,10,1.79
2026-02-16,ST012,MED021,12.43,13,0.57
2026-02-16,ST012,MED022,8.07,10,1.93
2026-02-16,ST012,MED023,13.43,13,0.43
2026-02-16,ST012,MED024,14.79,15,0.21
2026-02-16,ST012,MED025,7.36,8,0.64
2026-02-16,ST012,MED026,14.64,9,5.64
2026-02-16,ST012,MED027,13.86,17,3.14
2026-02-16,ST012,MED028,6.93,11,4.07
2026-02-16,ST012,MED029,12.29,10,2.29
2026-02-16,ST012,MED030,6.43,5,1.43
2026-02-16,ST013,MED001,15.64,15,0.64
2026-02-16,ST013,MED002,15.29,16,0.71
2026-02-16,ST013,MED003,4.14,6,1.86
2026-02-16,ST013,MED004,11.0,14,3.0
2026-02-16,ST013,MED005,15.93,13,2.93
2026-02-16,ST013,MED006,14.29,11,3.29
2026-02-16,ST013,MED007,4.0,2,2.0
2026-02-16,ST013,MED008,4.14,9,4.86
2026-02-16,ST013,MED009,12.93,13,0.07
2026-02-16,ST013,MED010,4.57,3,1.57
2026-02-16,ST013,MED011,14.93,15,0.07
2026-02-16,ST013,MED012,14.21,13,1.21
2026-02-16,ST013,MED013,10.43,9,1.43
2026-02-16,ST013,MED014,7.5,8,0.5
2026-02-16,ST013,MED015,16.57,14,2.57
2026-02-16,ST013,MED016,9.36,12,2.64
2026-02-16,ST013,MED017,14.79,16,1.21
2026-02-16,ST013,MED018,8.0,6,2.0
2026-02-16,ST013,MED019,3.64,2,1.64
2026-02-16,ST013,MED020,10.93,10,0.93
2026-02-16,ST013,MED021,13.86,15,1.14
2026-02-16,ST013,MED022,9.29,11,1.71
2026-02-16,ST013,MED023,15.14,13,2.14
2026-02-16,ST013,MED024,17.71,15,2.71
2026-02-16,ST013,MED025,9.5,6,3.5
2026-02-16,ST013,MED026,14.29,14,0.29
2026-02-16,ST013,MED027,17.14,15,2.14
2026-02-16,ST013,MED028,8.86,6,2.86
2026-02-16,ST013,MED029,12.07,9,3.07
2026-02-16,ST013,MED030,7.0,8,1.0
2026-02-16,ST014,MED001,8.5,8,0.5
2026-02-16,ST014,MED002,9.29,9,0.29
2026-02-16,ST014,MED003,1.79,4,2.21
2026-02-16,ST014,MED004,6.21,3,3.21
2026-02-16,ST014,MED005,9.29,4,5.29
2026-02-16,ST014,MED006,9.79,6,3.79
2026-02-16,ST014,MED007,2.0,4,2.0
2026-02-16,ST014,MED008,3.71,4,0.29
2026-02-16,ST014,MED009,7.64,9,1.36
2026-02-16,ST014,MED010,3.86,4,0.14
2026-02-16,ST014,MED011,9.93,7,2.93
2026-02-16,ST014,MED012,6.86,7,0.14
2026-02-16,ST014,MED013,5.07,6,0.93
2026-02-16,ST014,MED014,2.43,4,1.57
2026-02-16,ST014,MED015,9.07,7,2.07
2026-02-16,ST014,MED016,5.93,7,1.07
2026-02-16,ST014,MED017,8.71,6,2.71
2026-02-16,ST014,MED018,4.43,1,3.43
2026-02-16,ST014,MED019,3.43,2,1.43
2026-02-16,ST014,MED020,5.29,0,5.29
2026-02-16,ST014,MED021,8.14,7,1.14
2026-02-16,ST014,MED022,5.43,2,3.43
2026-02-16,ST014,MED023,8.5,11,2.5
2026-02-16,ST014,MED024,8.07,15,6.93
2026-02-16,ST014,MED025,4.86,2,2.86
2026-02-16,ST014,MED026,8.14,5,3.14
2026-02-16,ST014,MED027,9.93,5,4.93
2026-02-16,ST014,MED028,4.64,1,3.64
2026-02-16,ST014,MED029,8.14,7,1.14
2026-02-16,ST014,MED030,4.43,6,1.57
2026-02-16,ST015,MED001,9.93,8,1.93
2026-02-16,ST015,MED002,10.79,8,2.79
2026-02-16,ST015,MED003,3.14,4,0.86
2026-02-16,ST015,MED004,7.29,11,3.71
2026-02-16,ST015,MED005,8.36,8,0.36
2026-02-16,ST015,MED006,8.21,8,0.21
2026-02-16,ST015,MED007,2.21,1,1.21
2026-02-16,ST015,MED008,2.79,1,1.79
2026-02-16,ST015,MED009,8.29,7,1.29
2026-02-16,ST015,MED010,2.93,0,2.93
2026-02-16,ST015,MED011,10.0,10,0.0
2026-02-16,ST015,MED012,9.64,9,0.64
2026-02-16,ST015,MED013,5.29,4,1.29
2026-02-16,ST015,MED014,3.93,4,0.07
2026-02-16,ST015,MED015,11.86,12,0.14
2026-02-16,ST015,MED016,6.57,9,2.43
2026-02-16,ST015,MED017,9.0,6,3.0
2026-02-16,ST015,MED018,4.5,7,2.5
2026-02-16,ST015,MED019,2.29,1,1.29
2026-02-16,ST015,MED020,6.07,4,2.07
2026-02-16,ST015,MED021,8.86,10,1.14
2026-02-16,ST015,MED022,6.86,4,2.86
2026-02-16,ST015,MED023,9.86,10,0.14
2026-02-16,ST015,MED024,10.57,11,0.43
2026-02-16,ST015,MED025,5.29,5,0.29
2026-02-16,ST015,MED026,8.71,11,2.29
2026-02-16,ST015,MED027,10.86,9,1.86
2026-02-16,ST015,MED028,6.36,6,0.36
2026-02-16,ST015,MED029,7.79,6,1.79
2026-02-16,ST015,MED030,4.07,2,2.07
2026-02-16,ST016,MED001,10.86,12,1.14
2026-02-16,ST016,MED002,10.0,13,3.0
2026-02-16,ST016,MED003,3.79,2,1.79
2026-02-16,ST016,MED004,7.43,12,4.57
2026-02-16,ST016,MED005,10.43,9,1.43
2026-02-16,ST016,MED006,9.64,9,0.64
2026-02-16,ST016,MED007,2.43,2,0.43
2026-02-16,ST016,MED008,3.5,1,2.5
2026-02-16,ST016,MED009,9.71,6,3.71
2026-02-16,ST016,MED010,4.14,6,1.86
2026-02-16,ST016,MED011,10.71,12,1.29
2026-02-16,ST016,MED012,10.0,8,2.0
2026-02-16,ST016,MED013,7.0,9,2.0
2026-02-16,ST016,MED014,5.43,6,0.57
2026-02-16,ST016,MED015,13.07,6,7.07
2026-02-16,ST016,MED016,6.79,4,2.79
2026-02-16,ST016,MED017,9.79,9,0.79
2026-02-16,ST016,MED018,6.14,4,2.14
2026-02-16,ST016,MED019,3.36,6,2.64
2026-02-16,ST016,MED020,7.71,8,0.29
2026-02-16,ST016,MED021,10.07,9,1.07
2026-02-16,ST016,MED022,6.93,8,1.07
2026-02-16,ST016,MED023,10.93,11,0.07
2026-02-16,ST016,MED024,11.64,11,0.64
2026-02-16,ST016,MED025,6.36,5,1.36
2026-02-16,ST016,MED026,10.43,11,0.57
2026-02-16,ST016,MED027,11.86,8,3.86
2026-02-16,ST016,MED028,6.21,2,4.21
2026-02-16,ST016,MED029,8.29,6,2.29
2026-02-16,ST016,MED030,6.0,7,1.0
2026-02-16,ST017,MED001,11.93,13,1.07
2026-02-16,ST017,MED002,11.57,12,0.43
2026-02-16,ST017,MED003,3.0,0,3.0
2026-02-16,ST017,MED004,8.0,11,3.0
2026-02-16,ST017,MED005,11.71,10,1.71
2026-02-16,ST017,MED006,10.64,11,0.36
2026-02-16,ST017,MED007,2.43,0,2.43
2026-02-16,ST017,MED008,4.29,0,4.29
2026-02-16,ST017,MED009,11.36,8,3.36
2026-02-16,ST017,MED010,4.64,2,2.64
2026-02-16,ST017,MED011,12.14,18,5.86
2026-02-16,ST017,MED012,10.93,8,2.93
2026-02-16,ST017,MED013,6.86,9,2.14
2026-02-16,ST017,MED014,5.5,7,1.5
2026-02-16,ST017,MED015,13.71,13,0.71
2026-02-16,ST017,MED016,6.79,7,0.21
2026-02-16,ST017,MED017,11.14,8,3.14
2026-02-16,ST017,MED018,5.43,5,0.43
2026-02-16,ST017,MED019,2.36,6,3.64
2026-02-16,ST017,MED020,7.0,6,1.0
2026-02-16,ST017,MED021,12.14,12,0.14
2026-02-16,ST017,MED022,6.57,4,2.57
2026-02-16,ST017,MED023,11.36,7,4.36
2026-02-16,ST017,MED024,12.57,13,0.43
2026-02-16,ST017,MED025,6.29,7,0.71
2026-02-16,ST017,MED026,12.36,10,2.36
2026-02-16,ST017,MED027,13.0,11,2.0
2026-02-16,ST017,MED028,5.86,4,1.86
2026-02-16,ST017,MED029,8.43,8,0.43
2026-02-16,ST017,MED030,5.14,4,1.14
2026-02-16,ST018,MED001,12.79,9,3.79
2026-02-16,ST018,MED002,13.71,15,1.29
2026-02-16,ST018,MED003,3.5,5,1.5
2026-02-16,ST018,MED004,9.29,10,0.71
2026-02-16,ST018,MED005,13.43,11,2.43
2026-02-16,ST018,MED006,12.57,10,2.57
2026-02-16,ST018,MED007,4.07,4,0.07
2026-02-16,ST018,MED008,3.43,3,0.43
2026-02-16,ST018,MED009,12.29,9,3.29
2026-02-16,ST018,MED010,4.43,7,2.57
2026-02-16,ST018,MED011,14.0,11,3.0
2026-02-16,ST018,MED012,11.93,13,1.07
2026-02-16,ST018,MED013,7.93,11,3.07
2026-02-16,ST018,MED014,7.29,6,1.29
2026-02-16,ST018,MED015,14.5,11,3.5
2026-02-16,ST018,MED016,7.36,9,1.64
2026-02-16,ST018,MED017,11.21,14,2.79
2026-02-16,ST018,MED018,6.36,6,0.36
2026-02-16,ST018,MED019,4.36,6,1.64
2026-02-16,ST018,MED020,7.57,7,0.57
2026-02-16,ST018,MED021,11.43,10,1.43
2026-02-16,ST018,MED022,8.14,9,0.86
2026-02-16,ST018,MED023,13.36,17,3.64
2026-02-16,ST018,MED024,13.64,13,0.64
2026-02-16,ST018,MED025,6.29,6,0.29
2026-02-16,ST018,MED026,13.43,9,4.43
2026-02-16,ST018,MED027,12.86,16,3.14
2026-02-16,ST018,MED028,7.36,8,0.64
2026-02-16,ST018,MED029,9.79,9,0.79
2026-02-16,ST018,MED030,6.5,2,4.5
2026-02-16,ST019,MED001,12.79,13,0.21
2026-02-16,ST019,MED002,14.36,13,1.36
2026-02-16,ST019,MED003,5.0,0,5.0
2026-02-16,ST019,MED004,9.79,10,0.21
2026-02-16,ST019,MED005,14.86,14,0.86
2026-02-16,ST019,MED006,13.21,20,6.79
2026-02-16,ST019,MED007,3.79,3,0.79
2026-02-16,ST019,MED008,4.29,6,1.71
2026-02-16,ST019,MED009,12.79,14,1.21
2026-02-16,ST019,MED010,5.36,5,0.36
2026-02-16,ST019,MED011,14.79,14,0.79
2026-02-16,ST019,MED012,12.21,11,1.21
2026-02-16,ST019,MED013,8.43,5,3.43
2026-02-16,ST019,MED014,5.5,2,3.5
2026-02-16,ST019,MED015,14.71,11,3.71
2026-02-16,ST019,MED016,8.29,11,2.71
2026-02-16,ST019,MED017,13.93,10,3.93
2026-02-16,ST019,MED018,7.79,8,0.21
2026-02-16,ST019,MED019,3.93,4,0.07
2026-02-16,ST019,MED020,8.64,9,0.36
2026-02-16,ST019,MED021,11.14,11,0.14
2026-02-16,ST019,MED022,9.07,10,0.93
2026-02-16,ST019,MED023,13.5,13,0.5
2026-02-16,ST019,MED024,16.21,11,5.21
2026-02-16,ST019,MED025,7.43,3,4.43
2026-02-16,ST019,MED026,14.79,10,4.79
2026-02-16,ST019,MED027,14.29,16,1.71
2026-02-16,ST019,MED028,7.29,9,1.71
2026-02-16,ST019,MED029,10.93,14,3.07
2026-02-16,ST019,MED030,6.64,6,0.64
2026-02-16,ST020,MED001,14.93,16,1.07
2026-02-16,ST020,MED002,13.93,14,0.07
2026-02-16,ST020,MED003,3.71,4,0.29
2026-02-16,ST020,MED004,9.79,11,1.21
2026-02-16,ST020,MED005,14.29,16,1.71
2026-02-16,ST020,MED006,12.57,14,1.43
2026-02-16,ST020,MED007,4.07,4,0.07
2026-02-16,ST020,MED008,4.36,2,2.36
2026-02-16,ST020,MED009,13.43,12,1.43
2026-02-16,ST020,MED010,5.29,5,0.29
2026-02-16,ST020,MED011,14.43,17,2.57
2026-02-16,ST020,MED012,13.36,17,3.64
2026-02-16,ST020,MED013,9.93,10,0.07
2026-02-16,ST020,MED014,7.14,7,0.14
2026-02-16,ST020,MED015,15.5,14,1.5
2026-02-16,ST020,MED016,9.86,11,1.14
2026-02-16,ST020,MED017,15.57,10,5.57
2026-02-16,ST020,MED018,8.14,9,0.86
2026-02-16,ST020,MED019,5.0,5,0.0
2026-02-16,ST020,MED020,8.64,10,1.36
2026-02-16,ST020,MED021,14.71,12,2.71
2026-02-16,ST020,MED022,9.79,6,3.79
2026-02-16,ST020,MED023,14.64,18,3.36
2026-02-16,ST020,MED024,16.36,16,0.36
2026-02-16,ST020,MED025,7.43,5,2.43
2026-02-16,ST020,MED026,14.29,10,4.29
2026-02-16,ST020,MED027,17.14,17,0.14
2026-02-16,ST020,MED028,7.79,6,1.79
2026-02-16,ST020,MED029,11.5,10,1.5
2026-02-16,ST020,MED030,6.36,8,1.64
2026-02-16,ST021,MED001,8.5,8,0.5
2026-02-16,ST021,MED002,7.93,8,0.07
2026-02-16,ST021,MED003,2.57,3,0.43
2026-02-16,ST021,MED004,5.64,3,2.64
2026-02-16,ST021,MED005,8.07,10,1.93
2026-02-16,ST021,MED006,8.36,11,2.64
2026-02-16,ST021,MED007,2.29,2,0.29
2026-02-16,ST021,MED008,3.29,4,0.71
2026-02-16,ST021,MED009,8.21,7,1.21
2026-02-16,ST021,MED010,3.36,5,1.64
2026-02-16,ST021,MED011,9.0,10,1.0
2026-02-16,ST021,MED012,8.21,7,1.21
2026-02-16,ST021,MED013,5.57,4,1.57
2026-02-16,ST021,MED014,5.07,0,5.07
2026-02-16,ST021,MED015,9.0,8,1.0
2026-02-16,ST021,MED016,5.71,4,1.71
2026-02-16,ST021,MED017,8.0,10,2.0
2026-02-16,ST021,MED018,5.5,4,1.5
2026-02-16,ST021,MED019,2.57,0,2.57
2026-02-16,ST021,MED020,5.0,7,2.0
2026-02-16,ST021,MED021,7.0,7,0.0
2026-02-16,ST021,MED022,5.21,6,0.79
2026-02-16,ST021,MED023,8.79,12,3.21
2026-02-16,ST021,MED024,9.21,12,2.79
2026-02-16,ST021,MED025,3.86,2,1.86
2026-02-16,ST021,MED026,8.36,8,0.36
2026-02-16,ST021,MED027,9.71,5,4.71
2026-02-16,ST021,MED028,4.21,6,1.79
2026-02-16,ST021,MED029,8.07,7,1.07
2026-02-16,ST021,MED030,3.64,4,0.36
2026-02-16,ST022,MED001,10.57,9,1.57
2026-02-16,ST022,MED002,8.57,7,1.57
2026-02-16,ST022,MED003,3.0,4,1.0
2026-02-16,ST022,MED004,7.71,8,0.29
2026-02-16,ST022,MED005,10.14,11,0.86
2026-02-16,ST022,MED006,8.21,9,0.79
2026-02-16,ST022,MED007,3.21,6,2.79
2026-02-16,ST022,MED008,2.36,4,1.64
2026-02-16,ST022,MED009,9.43,8,1.43
2026-02-16,ST022,MED010,2.79,1,1.79
2026-02-16,ST022,MED011,10.29,13,2.71
2026-02-16,ST022,MED012,8.64,7,1.64
2026-02-16,ST022,MED013,5.57,4,1.57
2026-02-16,ST022,MED014,5.5,0,5.5
2026-02-16,ST022,MED015,10.07,11,0.93
2026-02-16,ST022,MED016,5.71,7,1.29
2026-02-16,ST022,MED017,8.5,9,0.5
2026-02-16,ST022,MED018,4.86,2,2.86
2026-02-16,ST022,MED019,2.79,3,0.21
2026-02-16,ST022,MED020,6.93,8,1.07
2026-02-16,ST022,MED021,9.21,10,0.79
2026-02-16,ST022,MED022,5.79,3,2.79
2026-02-16,ST022,MED023,9.43,15,5.57
2026-02-16,ST022,MED024,13.07,11,2.07
2026-02-16,ST022,MED025,5.79,5,0.79
2026-02-16,ST022,MED026,9.21,11,1.79
2026-02-16,ST022,MED027,11.14,11,0.14
2026-02-16,ST022,MED028,4.64,4,0.64
2026-02-16,ST022,MED029,8.93,5,3.93
2026-02-16,ST022,MED030,3.29,6,2.71
2026-02-16,ST023,MED001,10.64,10,0.64
2026-02-16,ST023,MED002,10.21,8,2.21
2026-02-16,ST023,MED003,2.79,8,5.21
2026-02-16,ST023,MED004,7.29,5,2.29
2026-02-16,ST023,MED005,10.71,9,1.71
2026-02-16,ST023,MED006,10.07,7,3.07
2026-02-16,ST023,MED007,3.14,2,1.14
2026-02-16,ST023,MED008,2.93,2,0.93
2026-02-16,ST023,MED009,9.07,9,0.07
2026-02-16,ST023,MED010,3.86,4,0.14
2026-02-16,ST023,MED011,10.86,8,2.86
2026-02-16,ST023,MED012,8.57,13,4.43
2026-02-16,ST023,MED013,6.21,8,1.79
2026-02-16,ST023,MED014,5.07,6,0.93
2026-02-16,ST023,MED015,11.71,7,4.71
2026-02-16,ST023,MED016,7.64,5,2.64
2026-02-16,ST023,MED017,10.36,12,1.64
2026-02-16,ST023,MED018,6.64,7,0.36
2026-02-16,ST023,MED019,3.07,1,2.07
2026-02-16,ST023,MED020,5.64,4,1.64
2026-02-16,ST023,MED021,10.14,7,3.14
2026-02-16,ST023,MED022,7.29,8,0.71
2026-02-16,ST023,MED023,10.43,17,6.57
2026-02-16,ST023,MED024,12.14,14,1.86
2026-02-16,ST023,MED025,6.0,1,5.0
2026-02-16,ST023,MED026,12.14,8,4.14
2026-02-16,ST023,MED027,12.64,12,0.64
2026-02-16,ST023,MED028,5.79,9,3.21
2026-02-16,ST023,MED029,9.07,12,2.93
2026-02-16,ST023,MED030,5.14,8,2.86
2026-02-16,ST024,MED001,11.36,8,3.36
2026-02-16,ST024,MED002,11.64,9,2.64
2026-02-16,ST024,MED003,2.71,5,2.29
2026-02-16,ST024,MED004,8.71,7,1.71
2026-02-16,ST024,MED005,11.29,14,2.71
2026-02-16,ST024,MED006,11.93,7,4.93
2026-02-16,ST024,MED007,2.57,5,2.43
2026-02-16,ST024,MED008,3.36,5,1.64
2026-02-16,ST024,MED009,10.21,9,1.21
2026-02-16,ST024,MED010,5.07,1,4.07
2026-02-16,ST024,MED011,12.21,8,4.21
2026-02-16,ST024,MED012,10.29,13,2.71
2026-02-16,ST024,MED013,7.5,5,2.5
2026-02-16,ST024,MED014,5.79,6,0.21
2026-02-16,ST024,MED015,12.86,12,0.86
2026-02-16,ST024,MED016,7.21,5,2.21
2026-02-16,ST024,MED017,11.86,8,3.86
2026-02-16,ST024,MED018,6.86,7,0.14
2026-02-16,ST024,MED019,3.86,5,1.14
2026-02-16,ST024,MED020,7.29,9,1.71
2026-02-16,ST024,MED021,9.71,13,3.29
2026-02-16,ST024,MED022,8.21,5,3.21
2026-02-16,ST024,MED023,13.21,10,3.21
2026-02-16,ST024,MED024,11.5,11,0.5
2026-02-16,ST024,MED025,6.0,6,0.0
2026-02-16,ST024,MED026,12.07,12,0.07
2026-02-16,ST024,MED027,12.5,16,3.5
2026-02-16,ST024,MED028,5.93,4,1.93
2026-02-16,ST024,MED029,11.43,8,3.43
2026-02-16,ST024,MED030,5.5,7,1.5
2026-02-16,ST025,MED001,12.57,15,2.43
2026-02-16,ST025,MED002,12.93,13,0.07
2026-02-16,ST025,MED003,3.0,3,0.0
2026-02-16,ST025,MED004,9.29,10,0.71
2026-02-16,ST025,MED005,12.79,10,2.79
2026-02-16,ST025,MED006,10.43,11,0.57
2026-02-16,ST025,MED007,3.71,3,0.71
2026-02-16,ST025,MED008,4.43,2,2.43
2026-02-16,ST025,MED009,10.5,14,3.5
2026-02-16,ST025,MED010,4.57,4,0.57
2026-02-16,ST025,MED011,12.93,12,0.93
2026-02-16,ST025,MED012,10.29,12,1.71
2026-02-16,ST025,MED013,8.36,4,4.36
2026-02-16,ST025,MED014,6.36,9,2.64
2026-02-16,ST025,MED015,14.21,10,4.21
2026-02-16,ST025,MED016,8.93,6,2.93
2026-02-16,ST025,MED017,13.07,13,0.07
2026-02-16,ST025,MED018,7.57,5,2.57
2026-02-16,ST025,MED019,3.43,7,3.57
2026-02-16,ST025,MED020,8.0,7,1.0
2026-02-16,ST025,MED021,11.5,7,4.5
2026-02-16,ST025,MED022,9.93,6,3.93
2026-02-16,ST025,MED023,12.57,10,2.57
2026-02-16,ST025,MED024,14.5,15,0.5
2026-02-16,ST025,MED025,7.21,5,2.21
2026-02-16,ST025,MED026,13.21,8,5.21
2026-02-16,ST025,MED027,11.93,13,1.07
2026-02-16,ST025,MED028,6.21,4,2.21
2026-02-16,ST025,MED029,11.14,7,4.14
2026-02-16,ST025,MED030,5.07,13,7.93
2026-02-16,ST026,MED001,13.5,15,1.5
2026-02-16,ST026,MED002,13.5,10,3.5
2026-02-16,ST026,MED003,3.71,7,3.29
2026-02-16,ST026,MED004,10.64,12,1.36
2026-02-16,ST026,MED005,13.64,16,2.36
2026-02-16,ST026,MED006,11.86,11,0.86
2026-02-16,ST026,MED007,3.93,5,1.07
2026-02-16,ST026,MED008,4.14,4,0.14
2026-02-16,ST026,MED009,13.14,12,1.14
2026-02-16,ST026,MED010,4.86,8,3.14
2026-02-16,ST026,MED011,13.36,23,9.64
2026-02-16,ST026,MED012,12.64,9,3.64
2026-02-16,ST026,MED013,8.86,13,4.14
2026-02-16,ST026,MED014,6.79,7,0.21
2026-02-16,ST026,MED015,16.07,15,1.07
2026-02-16,ST026,MED016,8.29,6,2.29
2026-02-16,ST026,MED017,13.57,12,1.57
2026-02-16,ST026,MED018,6.93,9,2.07
2026-02-16,ST026,MED019,3.43,1,2.43
2026-02-16,ST026,MED020,8.79,10,1.21
2026-02-16,ST026,MED021,12.5,9,3.5
2026-02-16,ST026,MED022,9.14,6,3.14
2026-02-16,ST026,MED023,13.0,10,3.0
2026-02-16,ST026,MED024,16.07,13,3.07
2026-02-16,ST026,MED025,8.21,5,3.21
2026-02-16,ST026,MED026,13.86,17,3.14
2026-02-16,ST026,MED027,14.29,14,0.29
2026-02-16,ST026,MED028,8.14,5,3.14
2026-02-16,ST026,MED029,12.0,9,3.0
2026-02-16,ST026,MED030,6.5,4,2.5
2026-02-16,ST027,MED001,14.86,15,0.14
2026-02-16,ST027,MED002,15.64,14,1.64
2026-02-16,ST027,MED003,4.79,6,1.21
2026-02-16,ST027,MED004,10.21,8,2.21
2026-02-16,ST027,MED005,14.29,17,2.71
2026-02-16,ST027,MED006,13.64,10,3.64
2026-02-16,ST027,MED007,4.86,7,2.14
2026-02-16,ST027,MED008,4.36,2,2.36
2026-02-16,ST027,MED009,13.29,15,1.71
2026-02-16,ST027,MED010,5.36,6,0.64
2026-02-16,ST027,MED011,15.14,13,2.14
2026-02-16,ST027,MED012,13.36,12,1.36
2026-02-16,ST027,MED013,9.0,10,1.0
2026-02-16,ST027,MED014,5.43,4,1.43
2026-02-16,ST027,MED015,15.71,16,0.29
2026-02-16,ST027,MED016,10.64,14,3.36
2026-02-16,ST027,MED017,14.79,14,0.79
2026-02-16,ST027,MED018,7.21,8,0.79
2026-02-16,ST027,MED019,3.57,7,3.43
2026-02-16,ST027,MED020,9.64,13,3.36
2026-02-16,ST027,MED021,13.43,14,0.57
2026-02-16,ST027,MED022,9.29,4,5.29
2026-02-16,ST027,MED023,14.64,10,4.64
2026-02-16,ST027,MED024,16.57,14,2.57
2026-02-16,ST027,MED025,8.64,7,1.64
2026-02-16,ST027,MED026,14.64,11,3.64
2026-02-16,ST027,MED027,16.29,17,0.71
2026-02-16,ST027,MED028,8.64,8,0.64
2026-02-16,ST027,MED029,11.93,11,0.93
2026-02-16,ST027,MED030,7.0,8,1.0
2026-02-16,ST028,MED001,9.14,5,4.14
2026-02-16,ST028,MED002,9.71,10,0.29
2026-02-16,ST028,MED003,2.14,3,0.86
2026-02-16,ST028,MED004,6.57,6,0.57
2026-02-16,ST028,MED005,8.43,9,0.57
2026-02-16,ST028,MED006,9.07,7,2.07
2026-02-16,ST028,MED007,2.14,2,0.14
2026-02-16,ST028,MED008,2.43,5,2.57
2026-02-16,ST028,MED009,7.93,5,2.93
2026-02-16,ST028,MED010,3.86,1,2.86
2026-02-16,ST028,MED011,8.07,9,0.93
2026-02-16,ST028,MED012,7.36,5,2.36
2026-02-16,ST028,MED013,5.79,8,2.21
2026-02-16,ST028,MED014,4.79,3,1.79
2026-02-16,ST028,MED015,9.36,8,1.36
2026-02-16,ST028,MED016,5.0,4,1.0
2026-02-16,ST028,MED017,9.14,6,3.14
2026-02-16,ST028,MED018,5.0,3,2.0
2026-02-16,ST028,MED019,1.36,0,1.36
2026-02-16,ST028,MED020,5.36,7,1.64
2026-02-16,ST028,MED021,7.29,9,1.71
2026-02-16,ST028,MED022,5.07,6,0.93
2026-02-16,ST028,MED023,8.0,9,1.0
2026-02-16,ST028,MED024,8.21,8,0.21
2026-02-16,ST028,MED025,5.07,5,0.07
2026-02-16,ST028,MED026,9.0,8,1.0
2026-02-16,ST028,MED027,9.14,12,2.86
2026-02-16,ST028,MED028,6.14,8,1.86
2026-02-16,ST028,MED029,7.14,5,2.14
2026-02-16,ST028,MED030,4.57,6,1.43
2026-02-16,ST029,MED001,9.5,10,0.5
2026-02-16,ST029,MED002,10.14,7,3.14
2026-02-16,ST029,MED003,2.43,0,2.43
2026-02-16,ST029,MED004,7.57,9,1.43
2026-02-16,ST029,MED005,9.57,12,2.43
2026-02-16,ST029,MED006,8.79,6,2.79
2026-02-16,ST029,MED007,2.79,1,1.79
2026-02-16,ST029,MED008,2.64,6,3.36
2026-02-16,ST029,MED009,8.14,9,0.86
2026-02-16,ST029,MED010,2.86,2,0.86
2026-02-16,ST029,MED011,9.5,9,0.5
2026-02-16,ST029,MED012,7.29,2,5.29
2026-02-16,ST029,MED013,6.5,6,0.5
2026-02-16,ST029,MED014,3.86,5,1.14
2026-02-16,ST029,MED015,11.07,12,0.93
2026-02-16,ST029,MED016,4.93,10,5.07
2026-02-16,ST029,MED017,8.93,9,0.07
2026-02-16,ST029,MED018,4.86,10,5.14
2026-02-16,ST029,MED019,3.5,0,3.5
2026-02-16,ST029,MED020,5.64,4,1.64
2026-02-16,ST029,MED021,9.43,11,1.57
2026-02-16,ST029,MED022,6.29,5,1.29
2026-02-16,ST029,MED023,8.64,7,1.64
2026-02-16,ST029,MED024,11.14,9,2.14
2026-02-16,ST029,MED025,4.21,5,0.79
2026-02-16,ST029,MED026,9.36,12,2.64
2026-02-16,ST029,MED027,10.93,12,1.07
2026-02-16,ST029,MED028,5.57,6,0.43
2026-02-16,ST029,MED029,8.86,5,3.86
2026-02-16,ST029,MED030,4.64,4,0.64
2026-02-16,ST030,MED001,10.64,11,0.36
2026-02-16,ST030,MED002,10.93,17,6.07
2026-02-16,ST030,MED003,2.71,5,2.29
2026-02-16,ST030,MED004,8.57,8,0.57
2026-02-16,ST030,MED005,10.29,8,2.29
2026-02-16,ST030,MED006,9.5,10,0.5
2026-02-16,ST030,MED007,2.93,3,0.07
2026-02-16,ST030,MED008,2.64,4,1.36
2026-02-16,ST030,MED009,8.93,7,1.93
2026-02-16,ST030,MED010,4.07,1,3.07
2026-02-16,ST030,MED011,11.43,7,4.43
2026-02-16,ST030,MED012,10.36,9,1.36
2026-02-16,ST030,MED013,6.5,6,0.5
2026-02-16,ST030,MED014,5.57,2,3.57
2026-02-16,ST030,MED015,11.14,11,0.14
2026-02-16,ST030,MED016,7.71,8,0.29
2026-02-16,ST030,MED017,10.29,12,1.71
2026-02-16,ST030,MED018,5.5,5,0.5
2026-02-16,ST030,MED019,3.43,3,0.43
2026-02-16,ST030,MED020,6.71,6,0.71
2026-02-16,ST030,MED021,9.71,12,2.29
2026-02-16,ST030,MED022,6.43,7,0.57
2026-02-16,ST030,MED023,10.07,11,0.93
2026-02-16,ST030,MED024,11.14,13,1.86
2026-02-16,ST030,MED025,5.07,6,0.93
2026-02-16,ST030,MED026,10.36,9,1.36
2026-02-16,ST030,MED027,11.07,13,1.93
2026-02-16,ST030,MED028,6.21,7,0.79
2026-02-16,ST030,MED029,7.43,6,1.43
2026-02-16,ST030,MED030,5.5,8,2.5
2026-02-16,ST031,MED001,10.64,11,0.36
2026-02-16,ST031,MED002,11.21,14,2.79
2026-02-16,ST031,MED003,3.43,0,3.43
2026-02-16,ST031,MED004,9.14,6,3.14
2026-02-16,ST031,MED005,11.29,13,1.71
2026-02-16,ST031,MED006,10.86,8,2.86
2026-02-16,ST031,MED007,4.86,2,2.86
2026-02-16,ST031,MED008,3.0,3,0.0
2026-02-16,ST031,MED009,11.5,14,2.5
2026-02-16,ST031,MED010,4.79,3,1.79
2026-02-16,ST031,MED011,10.0,8,2.0
2026-02-16,ST031,MED012,10.29,10,0.29
2026-02-16,ST031,MED013,7.57,8,0.43
2026-02-16,ST031,MED014,4.86,3,1.86
2026-02-16,ST031,MED015,13.21,15,1.79
2026-02-16,ST031,MED016,7.14,5,2.14
2026-02-16,ST031,MED017,11.29,13,1.71
2026-02-16,ST031,MED018,7.14,8,0.86
2026-02-16,ST031,MED019,3.71,4,0.29
2026-02-16,ST031,MED020,8.07,6,2.07
2026-02-16,ST031,MED021,10.0,12,2.0
2026-02-16,ST031,MED022,6.21,8,1.79
2026-02-16,ST031,MED023,11.86,10,1.86
2026-02-16,ST031,MED024,12.36,11,1.36
2026-02-16,ST031,MED025,5.79,5,0.79
2026-02-16,ST031,MED026,11.36,11,0.36
2026-02-16,ST031,MED027,11.93,10,1.93
2026-02-16,ST031,MED028,6.64,6,0.64
2026-02-16,ST031,MED029,9.14,11,1.86
2026-02-16,ST031,MED030,4.86,2,2.86
2026-02-16,ST032,MED001,11.86,22,10.14
2026-02-16,ST032,MED002,12.14,11,1.14
2026-02-16,ST032,MED003,4.07,4,0.07
2026-02-16,ST032,MED004,8.93,9,0.07
2026-02-16,ST032,MED005,11.07,12,0.93
2026-02-16,ST032,MED006,11.36,10,1.36
2026-02-16,ST032,MED007,3.43,4,0.57
2026-02-16,ST032,MED008,2.57,4,1.43
2026-02-16,ST032,MED009,12.36,9,3.36
2026-02-16,ST032,MED010,5.36,6,0.64
2026-02-16,ST032,MED011,13.07,12,1.07
2026-02-16,ST032,MED012,11.29,13,1.71
2026-02-16,ST032,MED013,8.5,8,0.5
2026-02-16,ST032,MED014,6.36,6,0.36
2026-02-16,ST032,MED015,14.0,15,1.0
2026-02-16,ST032,MED016,8.71,8,0.71
2026-02-16,ST032,MED017,11.79,15,3.21
2026-02-16,ST032,MED018,5.71,6,0.29
2026-02-16,ST032,MED019,3.36,4,0.64
2026-02-16,ST032,MED020,7.64,6,1.64
2026-02-16,ST032,MED021,11.5,10,1.5
2026-02-16,ST032,MED022,8.93,7,1.93
2026-02-16,ST032,MED023,11.07,14,2.93
2026-02-16,ST032,MED024,14.5,12,2.5
2026-02-16,ST032,MED025,7.57,10,2.43
2026-02-16,ST032,MED026,14.79,15,0.21
2026-02-16,ST032,MED027,12.57,16,3.43
2026-02-16,ST032,MED028,7.64,3,4.64
2026-02-16,ST032,MED029,10.71,6,4.71
2026-02-16,ST032,MED030,5.79,3,2.79
2026-02-16,ST033,MED001,13.57,12,1.57
2026-02-16,ST033,MED002,13.57,16,2.43
2026-02-16,ST033,MED003,3.29,3,0.29
2026-02-16,ST033,MED004,10.43,11,0.57
2026-02-16,ST033,MED005,12.93,10,2.93
2026-02-16,ST033,MED006,12.21,8,4.21
2026-02-16,ST033,MED007,3.93,1,2.93
2026-02-16,ST033,MED008,4.0,5,1.0
2026-02-16,ST033,MED009,12.93,14,1.07
2026-02-16,ST033,MED010,4.36,5,0.64
2026-02-16,ST033,MED011,12.93,14,1.07
2026-02-16,ST033,MED012,13.57,9,4.57
2026-02-16,ST033,MED013,8.93,9,0.07
2026-02-16,ST033,MED014,6.36,4,2.36
2026-02-16,ST033,MED015,14.93,8,6.93
2026-02-16,ST033,MED016,8.86,13,4.14
2026-02-16,ST033,MED017,13.71,13,0.71
2026-02-16,ST033,MED018,7.5,9,1.5
2026-02-16,ST033,MED019,3.64,3,0.64
2026-02-16,ST033,MED020,8.71,13,4.29
2026-02-16,ST033,MED021,13.0,10,3.0
2026-02-16,ST033,MED022,8.64,7,1.64
2026-02-16,ST033,MED023,13.79,15,1.21
2026-02-16,ST033,MED024,15.29,14,1.29
2026-02-16,ST033,MED025,6.36,3,3.36
2026-02-16,ST033,MED026,13.36,10,3.36
2026-02-16,ST033,MED027,14.0,14,0.0
2026-02-16,ST033,MED028,8.14,7,1.14
2026-02-16,ST033,MED029,11.86,8,3.86
2026-02-16,ST033,MED030,5.57,5,0.57
2026-02-16,ST034,MED001,14.71,15,0.29
2026-02-16,ST034,MED002,14.86,16,1.14
2026-02-16,ST034,MED003,4.5,0,4.5
2026-02-16,ST034,MED004,11.14,10,1.14
2026-02-16,ST034,MED005,14.0,11,3.0
2026-02-16,ST034,MED006,14.36,11,3.36
2026-02-16,ST034,MED007,4.36,5,0.64
2026-02-16,ST034,MED008,3.64,3,0.64
2026-02-16,ST034,MED009,14.07,14,0.07
2026-02-16,ST034,MED010,5.21,5,0.21
2026-02-16,ST034,MED011,14.86,15,0.14
2026-02-16,ST034,MED012,13.64,15,1.36
2026-02-16,ST034,MED013,8.86,9,0.14
2026-02-16,ST034,MED014,7.36,7,0.36
2026-02-16,ST034,MED015,16.07,13,3.07
2026-02-16,ST034,MED016,7.93,9,1.07
2026-02-16,ST034,MED017,16.0,15,1.0
2026-02-16,ST034,MED018,8.0,10,2.0
2026-02-16,ST034,MED019,3.93,4,0.07
2026-02-16,ST034,MED020,8.86,6,2.86
2026-02-16,ST034,MED021,12.93,11,1.93
2026-02-16,ST034,MED022,8.86,16,7.14
2026-02-16,ST034,MED023,16.71,11,5.71
2026-02-16,ST034,MED024,15.14,13,2.14
2026-02-16,ST034,MED025,9.5,9,0.5
2026-02-16,ST034,MED026,14.5,17,2.5
2026-02-16,ST034,MED027,16.0,14,2.0
2026-02-16,ST034,MED028,9.0,8,1.0
2026-02-16,ST034,MED029,11.71,14,2.29
2026-02-16,ST034,MED030,7.0,5,2.0
2026-02-16,ST035,MED001,10.14,9,1.14
2026-02-16,ST035,MED002,8.14,7,1.14
2026-02-16,ST035,MED003,2.36,0,2.36
2026-02-16,ST035,MED004,6.5,8,1.5
2026-02-16,ST035,MED005,8.5,10,1.5
2026-02-16,ST035,MED006,8.64,6,2.64
2026-02-16,ST035,MED007,2.43,1,1.43
2026-02-16,ST035,MED008,1.71,6,4.29
2026-02-16,ST035,MED009,8.0,9,1.0
2026-02-16,ST035,MED010,2.86,0,2.86
2026-02-16,ST035,MED011,8.86,10,1.14
2026-02-16,ST035,MED012,8.64,8,0.64
2026-02-16,ST035,MED013,5.0,2,3.0
2026-02-16,ST035,MED014,4.29,4,0.29
2026-02-16,ST035,MED015,9.29,8,1.29
2026-02-16,ST035,MED016,6.14,8,1.86
2026-02-16,ST035,MED017,8.64,6,2.64
2026-02-16,ST035,MED018,3.0,0,3.0
2026-02-16,ST035,MED019,2.21,0,2.21
2026-02-16,ST035,MED020,7.29,1,6.29
2026-02-16,ST035,MED021,8.36,7,1.36
2026-02-16,ST035,MED022,5.21,7,1.79
2026-02-16,ST035,MED023,9.57,7,2.57
2026-02-16,ST035,MED024,10.0,10,0.0
2026-02-16,ST035,MED025,4.14,6,1.86
2026-02-16,ST035,MED026,8.5,11,2.5
2026-02-16,ST035,MED027,8.5,5,3.5
2026-02-16,ST035,MED028,4.0,2,2.0
2026-02-16,ST035,MED029,7.07,5,2.07
2026-02-16,ST035,MED030,3.29,7,3.71
2026-02-16,ST036,MED001,11.14,8,3.14
2026-02-16,ST036,MED002,9.79,11,1.21
2026-02-16,ST036,MED003,2.14,4,1.86
2026-02-16,ST036,MED004,8.14,9,0.86
2026-02-16,ST036,MED005,8.93,9,0.07
2026-02-16,ST036,MED006,8.79,12,3.21
2026-02-16,ST036,MED007,2.71,2,0.71
2026-02-16,ST036,MED008,2.71,0,2.71
2026-02-16,ST036,MED009,8.43,4,4.43
2026-02-16,ST036,MED010,4.0,1,3.0
2026-02-16,ST036,MED011,9.43,9,0.43
2026-02-16,ST036,MED012,8.5,8,0.5
2026-02-16,ST036,MED013,5.36,6,0.64
2026-02-16,ST036,MED014,5.57,4,1.57
2026-02-16,ST036,MED015,10.36,8,2.36
2026-02-16,ST036,MED016,6.29,6,0.29
2026-02-16,ST036,MED017,10.64,7,3.64
2026-02-16,ST036,MED018,5.79,0,5.79
2026-02-16,ST036,MED019,3.0,0,3.0
2026-02-16,ST036,MED020,6.36,10,3.64
2026-02-16,ST036,MED021,9.21,6,3.21
2026-02-16,ST036,MED022,6.0,4,2.0
2026-02-16,ST036,MED023,9.64,11,1.36
2026-02-16,ST036,MED024,10.64,8,2.64
2026-02-16,ST036,MED025,4.86,1,3.86
2026-02-16,ST036,MED026,8.93,9,0.07
2026-02-16,ST036,MED027,10.14,12,1.86
2026-02-16,ST036,MED028,5.36,7,1.64
2026-02-16,ST036,MED029,7.07,11,3.93
2026-02-16,ST036,MED030,5.14,5,0.14
2026-02-16,ST037,MED001,11.0,7,4.0
2026-02-16,ST037,MED002,10.43,7,3.43
2026-02-16,ST037,MED003,3.43,0,3.43
2026-02-16,ST037,MED004,7.64,3,4.64
2026-02-16,ST037,MED005,11.07,12,0.93
2026-02-16,ST037,MED006,10.07,7,3.07
2026-02-16,ST037,MED007,3.0,3,0.0
2026-02-16,ST037,MED008,2.86,0,2.86
2026-02-16,ST037,MED009,10.43,10,0.43
2026-02-16,ST037,MED010,3.64,2,1.64
2026-02-16,ST037,MED011,11.07,9,2.07
2026-02-16,ST037,MED012,10.0,8,2.0
2026-02-16,ST037,MED013,6.21,5,1.21
2026-02-16,ST037,MED014,5.14,4,1.14
2026-02-16,ST037,MED015,11.43,8,3.43
2026-02-16,ST037,MED016,7.0,9,2.0
2026-02-16,ST037,MED017,10.29,8,2.29
2026-02-16,ST037,MED018,6.14,5,1.14
2026-02-16,ST037,MED019,4.0,1,3.0
2026-02-16,ST037,MED020,7.07,8,0.93
2026-02-16,ST037,MED021,10.0,6,4.0
2026-02-16,ST037,MED022,6.5,7,0.5
2026-02-16,ST037,MED023,10.5,12,1.5
2026-02-16,ST037,MED024,12.14,14,1.86
2026-02-16,ST037,MED025,6.07,13,6.93
2026-02-16,ST037,MED026,11.0,11,0.0
2026-02-16,ST037,MED027,13.07,9,4.07
2026-02-16,ST037,MED028,5.86,11,5.14
2026-02-16,ST037,MED029,8.71,7,1.71
2026-02-16,ST037,MED030,4.79,6,1.21
2026-02-16,ST038,MED001,11.86,11,0.86
2026-02-16,ST038,MED002,10.86,8,2.86
2026-02-16,ST038,MED003,3.29,1,2.29
2026-02-16,ST038,MED004,8.93,6,2.93
2026-02-16,ST038,MED005,13.14,10,3.14
2026-02-16,ST038,MED006,11.07,12,0.93
2026-02-16,ST038,MED007,3.43,3,0.43
2026-02-16,ST038,MED008,3.0,4,1.0
2026-02-16,ST038,MED009,11.5,8,3.5
2026-02-16,ST038,MED010,4.71,7,2.29
2026-02-16,ST038,MED011,11.64,12,0.36
2026-02-16,ST038,MED012,11.29,9,2.29
2026-02-16,ST038,MED013,7.14,6,1.14
2026-02-16,ST038,MED014,5.43,8,2.57
2026-02-16,ST038,MED015,13.86,12,1.86
2026-02-16,ST038,MED016,6.71,7,0.29
2026-02-16,ST038,MED017,11.0,13,2.0
2026-02-16,ST038,MED018,6.64,6,0.64
2026-02-16,ST038,MED019,3.29,0,3.29
2026-02-16,ST038,MED020,7.36,5,2.36
2026-02-16,ST038,MED021,10.0,10,0.0
2026-02-16,ST038,MED022,7.5,9,1.5
2026-02-16,ST038,MED023,11.64,10,1.64
2026-02-16,ST038,MED024,12.43,13,0.57
2026-02-16,ST038,MED025,7.64,3,4.64
2026-02-16,ST038,MED026,11.79,12,0.21
2026-02-16,ST038,MED027,12.79,11,1.79
2026-02-16,ST038,MED028,5.21,8,2.79
2026-02-16,ST038,MED029,10.0,10,0.0
2026-02-16,ST038,MED030,4.64,3,1.64
2026-02-16,ST039,MED001,13.14,14,0.86
2026-02-16,ST039,MED002,12.57,12,0.57
2026-02-16,ST039,MED003,4.0,3,1.0
2026-02-16,ST039,MED004,10.21,9,1.21
2026-02-16,ST039,MED005,12.64,13,0.36
2026-02-16,ST039,MED006,13.07,13,0.07
2026-02-16,ST039,MED007,4.36,4,0.36
2026-02-16,ST039,MED008,4.07,4,0.07
2026-02-16,ST039,MED009,11.71,10,1.71
2026-02-16,ST039,MED010,5.36,6,0.64
2026-02-16,ST039,MED011,12.29,8,4.29
2026-02-16,ST039,MED012,12.0,13,1.0
2026-02-16,ST039,MED013,8.36,6,2.36
2026-02-16,ST039,MED014,6.93,10,3.07
2026-02-16,ST039,MED015,13.79,13,0.79
2026-02-16,ST039,MED016,8.0,8,0.0
2026-02-16,ST039,MED017,12.86,11,1.86
2026-02-16,ST039,MED018,7.57,5,2.57
2026-02-16,ST039,MED019,3.36,4,0.64
2026-02-16,ST039,MED020,7.79,8,0.21
2026-02-16,ST039,MED021,11.79,12,0.21
2026-02-16,ST039,MED022,7.21,10,2.79
2026-02-16,ST039,MED023,12.57,13,0.43
2026-02-16,ST039,MED024,14.07,11,3.07
2026-02-16,ST039,MED025,7.14,9,1.86
2026-02-16,ST039,MED026,12.36,10,2.36
2026-02-16,ST039,MED027,14.64,16,1.36
2026-02-16,ST039,MED028,6.64,10,3.36
2026-02-16,ST039,MED029,10.29,7,3.29
2026-02-16,ST039,MED030,5.93,15,9.07
2026-02-16,ST040,MED001,13.71,12,1.71
2026-02-16,ST040,MED002,13.0,11,2.0
2026-02-16,ST040,MED003,3.43,4,0.57
2026-02-16,ST040,MED004,10.29,8,2.29
2026-02-16,ST040,MED005,14.29,11,3.29
2026-02-16,ST040,MED006,12.0,13,1.0
2026-02-16,ST040,MED007,3.86,4,0.14
2026-02-16,ST040,MED008,3.36,2,1.36
2026-02-16,ST040,MED009,12.93,11,1.93
2026-02-16,ST040,MED010,5.29,5,0.29
2026-02-16,ST040,MED011,13.36,17,3.64
2026-02-16,ST040,MED012,12.57,15,2.43
2026-02-16,ST040,MED013,8.64,9,0.36
2026-02-16,ST040,MED014,7.93,10,2.07
2026-02-16,ST040,MED015,16.71,12,4.71
2026-02-16,ST040,MED016,8.57,6,2.57
2026-02-16,ST040,MED017,13.0,8,5.0
2026-02-16,ST040,MED018,7.07,6,1.07
2026-02-16,ST040,MED019,3.79,4,0.21
2026-02-16,ST040,MED020,8.14,11,2.86
2026-02-16,ST040,MED021,12.21,13,0.79
2026-02-16,ST040,MED022,7.36,4,3.36
2026-02-16,ST040,MED023,13.36,16,2.64
2026-02-16,ST040,MED024,15.64,16,0.36
2026-02-16,ST040,MED025,7.93,10,2.07
2026-02-16,ST040,MED026,13.21,12,1.21
2026-02-16,ST040,MED027,15.0,13,2.0
2026-02-16,ST040,MED028,7.36,6,1.36
2026-02-16,ST040,MED029,11.57,15,3.43
2026-02-16,ST040,MED030,6.29,7,0.71
2026-02-17,ST001,MED001,9.57,11,1.43
2026-02-17,ST001,MED002,8.86,8,0.86
2026-02-17,ST001,MED003,2.71,2,0.71
2026-02-17,ST001,MED004,6.86,6,0.86
2026-02-17,ST001,MED005,9.71,12,2.29
2026-02-17,ST001,MED006,8.79,12,3.21
2026-02-17,ST001,MED007,1.71,2,0.29
2026-02-17,ST001,MED008,2.5,7,4.5
2026-02-17,ST001,MED009,8.21,8,0.21
2026-02-17,ST001,MED010,3.57,6,2.43
2026-02-17,ST001,MED011,9.79,9,0.79
2026-02-17,ST001,MED012,8.93,8,0.93
2026-02-17,ST001,MED013,6.57,6,0.57
2026-02-17,ST001,MED014,4.57,8,3.43
2026-02-17,ST001,MED015,9.93,8,1.93
2026-02-17,ST001,MED016,6.64,7,0.36
2026-02-17,ST001,MED017,8.86,7,1.86
2026-02-17,ST001,MED018,5.71,2,3.71
2026-02-17,ST001,MED019,3.86,3,0.86
2026-02-17,ST001,MED020,6.43,5,1.43
2026-02-17,ST001,MED021,8.93,7,1.93
2026-02-17,ST001,MED022,6.0,3,3.0
2026-02-17,ST001,MED023,9.07,9,0.07
2026-02-17,ST001,MED024,10.21,9,1.21
2026-02-17,ST001,MED025,5.0,4,1.0
2026-02-17,ST001,MED026,10.29,9,1.29
2026-02-17,ST001,MED027,10.5,12,1.5
2026-02-17,ST001,MED028,5.43,9,3.57
2026-02-17,ST001,MED029,8.14,5,3.14
2026-02-17,ST001,MED030,4.14,10,5.86
2026-02-17,ST002,MED001,10.5,12,1.5
2026-02-17,ST002,MED002,9.43,13,3.57
2026-02-17,ST002,MED003,3.36,6,2.64
2026-02-17,ST002,MED004,8.29,6,2.29
2026-02-17,ST002,MED005,11.36,11,0.36
2026-02-17,ST002,MED006,9.86,10,0.14
2026-02-17,ST002,MED007,3.07,6,2.93
2026-02-17,ST002,MED008,3.36,0,3.36
2026-02-17,ST002,MED009,10.07,8,2.07
2026-02-17,ST002,MED010,3.71,4,0.29
2026-02-17,ST002,MED011,10.93,13,2.07
2026-02-17,ST002,MED012,9.71,10,0.29
2026-02-17,ST002,MED013,7.0,4,3.0
2026-02-17,ST002,MED014,5.5,5,0.5
2026-02-17,ST002,MED015,11.07,12,0.93
2026-02-17,ST002,MED016,8.0,4,4.0
2026-02-17,ST002,MED017,11.21,13,1.79
2026-02-17,ST002,MED018,5.07,6,0.93
2026-02-17,ST002,MED019,2.71,1,1.71
2026-02-17,ST002,MED020,6.21,11,4.79
2026-02-17,ST002,MED021,10.36,10,0.36
2026-02-17,ST002,MED022,7.57,2,5.57
2026-02-17,ST002,MED023,10.93,8,2.93
2026-02-17,ST002,MED024,12.0,9,3.0
2026-02-17,ST002,MED025,5.93,6,0.07
2026-02-17,ST002,MED026,11.07,9,2.07
2026-02-17,ST002,MED027,11.79,10,1.79
2026-02-17,ST002,MED028,6.29,8,1.71
2026-02-17,ST002,MED029,8.64,10,1.36
2026-02-17,ST002,MED030,4.86,8,3.14
2026-02-17,ST003,MED001,11.71,11,0.71
2026-02-17,ST003,MED002,11.86,10,1.86
2026-02-17,ST003,MED003,2.36,1,1.36
2026-02-17,ST003,MED004,8.29,4,4.29
2026-02-17,ST003,MED005,12.5,15,2.5
2026-02-17,ST003,MED006,10.79,10,0.79
2026-02-17,ST003,MED007,3.36,4,0.64
2026-02-17,ST003,MED008,3.07,1,2.07
2026-02-17,ST003,MED009,10.86,8,2.86
2026-02-17,ST003,MED010,4.5,1,3.5
2026-02-17,ST003,MED011,11.93,14,2.07
2026-02-17,ST003,MED012,9.86,7,2.86
2026-02-17,ST003,MED013,7.71,7,0.71
2026-02-17,ST003,MED014,4.71,4,0.71
2026-02-17,ST003,MED015,13.43,10,3.43
2026-02-17,ST003,MED016,7.29,8,0.71
2026-02-17,ST003,MED017,10.93,10,0.93
2026-02-17,ST003,MED018,5.71,9,3.29
2026-02-17,ST003,MED019,3.43,3,0.43
2026-02-17,ST003,MED020,6.71,11,4.29
2026-02-17,ST003,MED021,9.71,7,2.71
2026-02-17,ST003,MED022,7.29,5,2.29
2026-02-17,ST003,MED023,11.21,12,0.79
2026-02-17,ST003,MED024,13.5,10,3.5
2026-02-17,ST003,MED025,6.71,6,0.71
2026-02-17,ST003,MED026,12.07,11,1.07
2026-02-17,ST003,MED027,12.57,12,0.57
2026-02-17,ST003,MED028,5.64,5,0.64
2026-02-17,ST003,MED029,9.36,7,2.36
2026-02-17,ST003,MED030,5.14,0,5.14
2026-02-17,ST004,MED001,12.14,10,2.14
2026-02-17,ST004,MED002,11.64,11,0.64
2026-02-17,ST004,MED003,2.5,1,1.5
2026-02-17,ST004,MED004,9.14,7,2.14
2026-02-17,ST004,MED005,12.79,13,0.21
2026-02-17,ST004,MED006,10.5,7,3.5
2026-02-17,ST004,MED007,3.79,6,2.21
2026-02-17,ST004,MED008,4.43,5,0.57
2026-02-17,ST004,MED009,13.86,15,1.14
2026-02-17,ST004,MED010,3.79,7,3.21
2026-02-17,ST004,MED011,12.07,10,2.07
2026-02-17,ST004,MED012,11.07,10,1.07
2026-02-17,ST004,MED013,7.86,8,0.14
2026-02-17,ST004,MED014,5.64,6,0.36
2026-02-17,ST004,MED015,15.07,13,2.07
2026-02-17,ST004,MED016,7.79,5,2.79
2026-02-17,ST004,MED017,12.0,12,0.0
2026-02-17,ST004,MED018,7.43,4,3.43
2026-02-17,ST004,MED019,3.57,1,2.57
2026-02-17,ST004,MED020,7.93,10,2.07
2026-02-17,ST004,MED021,11.57,10,1.57
2026-02-17,ST004,MED022,9.0,8,1.0
2026-02-17,ST004,MED023,12.71,11,1.71
2026-02-17,ST004,MED024,14.29,15,0.71
2026-02-17,ST004,MED025,6.43,9,2.57
2026-02-17,ST004,MED026,13.0,15,2.0
2026-02-17,ST004,MED027,14.36,15,0.64
2026-02-17,ST004,MED028,8.0,7,1.0
2026-02-17,ST004,MED029,10.71,9,1.71
2026-02-17,ST004,MED030,5.93,8,2.07
2026-02-17,ST005,MED001,13.43,17,3.57
2026-02-17,ST005,MED002,14.43,13,1.43
2026-02-17,ST005,MED003,3.0,5,2.0
2026-02-17,ST005,MED004,10.21,10,0.21
2026-02-17,ST005,MED005,13.93,11,2.93
2026-02-17,ST005,MED006,12.07,12,0.07
2026-02-17,ST005,MED007,3.57,4,0.43
2026-02-17,ST005,MED008,4.07,3,1.07
2026-02-17,ST005,MED009,13.0,14,1.0
2026-02-17,ST005,MED010,5.5,4,1.5
2026-02-17,ST005,MED011,13.71,12,1.71
2026-02-17,ST005,MED012,11.64,10,1.64
2026-02-17,ST005,MED013,9.07,11,1.93
2026-02-17,ST005,MED014,6.21,3,3.21
2026-02-17,ST005,MED015,16.5,13,3.5
2026-02-17,ST005,MED016,8.43,10,1.57
2026-02-17,ST005,MED017,13.57,12,1.57
2026-02-17,ST005,MED018,6.64,8,1.36
2026-02-17,ST005,MED019,3.86,5,1.14
2026-02-17,ST005,MED020,8.79,8,0.79
2026-02-17,ST005,MED021,12.71,15,2.29
2026-02-17,ST005,MED022,9.29,10,0.71
2026-02-17,ST005,MED023,13.5,11,2.5
2026-02-17,ST005,MED024,15.07,14,1.07
2026-02-17,ST005,MED025,7.29,7,0.29
2026-02-17,ST005,MED026,14.14,15,0.86
2026-02-17,ST005,MED027,14.29,15,0.71
2026-02-17,ST005,MED028,7.71,7,0.71
2026-02-17,ST005,MED029,10.86,21,10.14
2026-02-17,ST005,MED030,5.93,7,1.07
2026-02-17,ST006,MED001,14.29,26,11.71
2026-02-17,ST006,MED002,15.71,15,0.71
2026-02-17,ST006,MED003,4.14,2,2.14
2026-02-17,ST006,MED004,10.29,11,0.71
2026-02-17,ST006,MED005,13.93,14,0.07
2026-02-17,ST006,MED006,13.57,12,1.57
2026-02-17,ST006,MED007,4.93,2,2.93
2026-02-17,ST006,MED008,4.21,4,0.21
2026-02-17,ST006,MED009,14.21,13,1.21
2026-02-17,ST006,MED010,5.29,5,0.29
2026-02-17,ST006,MED011,15.64,17,1.36
2026-02-17,ST006,MED012,13.21,14,0.79
2026-02-17,ST006,MED013,10.64,9,1.64
2026-02-17,ST006,MED014,7.0,5,2.0
2026-02-17,ST006,MED015,18.07,14,4.07
2026-02-17,ST006,MED016,9.29,5,4.29
2026-02-17,ST006,MED017,13.79,13,0.79
2026-02-17,ST006,MED018,7.71,5,2.71
2026-02-17,ST006,MED019,2.86,5,2.14
2026-02-17,ST006,MED020,8.71,9,0.29
2026-02-17,ST006,MED021,13.07,17,3.93
2026-02-17,ST006,MED022,10.07,4,6.07
2026-02-17,ST006,MED023,14.07,12,2.07
2026-02-17,ST006,MED024,15.43,14,1.43
2026-02-17,ST006,MED025,8.43,10,1.57
2026-02-17,ST006,MED026,16.14,16,0.14
2026-02-17,ST006,MED027,15.43,16,0.57
2026-02-17,ST006,MED028,8.43,11,2.57
2026-02-17,ST006,MED029,12.07,12,0.07
2026-02-17,ST006,MED030,6.57,6,0.57
2026-02-17,ST007,MED001,8.14,6,2.14
2026-02-17,ST007,MED002,7.93,5,2.93
2026-02-17,ST007,MED003,2.29,4,1.71
2026-02-17,ST007,MED004,5.86,5,0.86
2026-02-17,ST007,MED005,7.43,10,2.57
2026-02-17,ST007,MED006,7.07,6,1.07
2026-02-17,ST007,MED007,3.07,1,2.07
2026-02-17,ST007,MED008,2.0,4,2.0
2026-02-17,ST007,MED009,8.57,4,4.57
2026-02-17,ST007,MED010,3.29,1,2.29
2026-02-17,ST007,MED011,8.86,10,1.14
2026-02-17,ST007,MED012,7.79,9,1.21
2026-02-17,ST007,MED013,5.79,6,0.21
2026-02-17,ST007,MED014,5.07,3,2.07
2026-02-17,ST007,MED015,9.07,8,1.07
2026-02-17,ST007,MED016,5.79,2,3.79
2026-02-17,ST007,MED017,8.71,8,0.71
2026-02-17,ST007,MED018,5.5,6,0.5
2026-02-17,ST007,MED019,2.71,2,0.71
2026-02-17,ST007,MED020,4.36,2,2.36
2026-02-17,ST007,MED021,8.43,8,0.43
2026-02-17,ST007,MED022,6.21,4,2.21
2026-02-17,ST007,MED023,8.29,8,0.29
2026-02-17,ST007,MED024,10.07,11,0.93
2026-02-17,ST007,MED025,4.64,7,2.36
2026-02-17,ST007,MED026,8.57,11,2.43
2026-02-17,ST007,MED027,8.21,4,4.21
2026-02-17,ST007,MED028,4.93,4,0.93
2026-02-17,ST007,MED029,6.86,8,1.14
2026-02-17,ST007,MED030,4.07,1,3.07
2026-02-17,ST008,MED001,9.64,10,0.36
2026-02-17,ST008,MED002,10.86,10,0.86
2026-02-17,ST008,MED003,2.21,0,2.21
2026-02-17,ST008,MED004,6.93,6,0.93
2026-02-17,ST008,MED005,9.29,13,3.71
2026-02-17,ST008,MED006,8.36,10,1.64
2026-02-17,ST008,MED007,3.21,2,1.21
2026-02-17,ST008,MED008,3.86,0,3.86
2026-02-17,ST008,MED009,9.0,7,2.0
2026-02-17,ST008,MED010,4.0,3,1.0
2026-02-17,ST008,MED011,9.93,10,0.07
2026-02-17,ST008,MED012,9.14,7,2.14
2026-02-17,ST008,MED013,6.64,3,3.64
2026-02-17,ST008,MED014,5.64,7,1.36
2026-02-17,ST008,MED015,10.64,10,0.64
2026-02-17,ST008,MED016,6.86,9,2.14
2026-02-17,ST008,MED017,11.36,8,3.36
2026-02-17,ST008,MED018,4.29,7,2.71
2026-02-17,ST008,MED019,3.07,3,0.07
2026-02-17,ST008,MED020,7.43,4,3.43
2026-02-17,ST008,MED021,8.57,7,1.57
2026-02-17,ST008,MED022,4.21,7,2.79
2026-02-17,ST008,MED023,11.29,5,6.29
2026-02-17,ST008,MED024,10.36,9,1.36
2026-02-17,ST008,MED025,4.36,7,2.64
2026-02-17,ST008,MED026,11.21,7,4.21
2026-02-17,ST008,MED027,9.79,15,5.21
2026-02-17,ST008,MED028,4.79,4,0.79
2026-02-17,ST008,MED029,7.71,10,2.29
2026-02-17,ST008,MED030,3.36,6,2.64
2026-02-17,ST009,MED001,10.93,9,1.93
2026-02-17,ST009,MED002,10.79,9,1.79
2026-02-17,ST009,MED003,2.64,4,1.36
2026-02-17,ST009,MED004,7.5,9,1.5
2026-02-17,ST009,MED005,11.79,11,0.79
2026-02-17,ST009,MED006,9.79,9,0.79
2026-02-17,ST009,MED007,2.86,7,4.14
2026-02-17,ST009,MED008,2.79,4,1.21
2026-02-17,ST009,MED009,8.64,7,1.64
2026-02-17,ST009,MED010,3.07,10,6.93
2026-02-17,ST009,MED011,11.43,12,0.57
2026-02-17,ST009,MED012,9.29,10,0.71
2026-02-17,ST009,MED013,7.36,3,4.36
2026-02-17,ST009,MED014,4.64,6,1.36
2026-02-17,ST009,MED015,12.14,13,0.86
2026-02-17,ST009,MED016,7.71,8,0.29
2026-02-17,ST009,MED017,11.07,11,0.07
2026-02-17,ST009,MED018,6.21,0,6.21
2026-02-17,ST009,MED019,2.64,4,1.36
2026-02-17,ST009,MED020,7.07,5,2.07
2026-02-17,ST009,MED021,9.29,9,0.29
2026-02-17,ST009,MED022,6.71,7,0.29
2026-02-17,ST009,MED023,11.14,5,6.14
2026-02-17,ST009,MED024,11.57,12,0.43
2026-02-17,ST009,MED025,6.29,4,2.29
2026-02-17,ST009,MED026,11.21,10,1.21
2026-02-17,ST009,MED027,11.93,12,0.07
2026-02-17,ST009,MED028,6.07,5,1.07
2026-02-17,ST009,MED029,8.79,6,2.79
2026-02-17,ST009,MED030,5.29,2,3.29
2026-02-17,ST010,MED001,11.64,12,0.36
2026-02-17,ST010,MED002,11.14,11,0.14
2026-02-17,ST010,MED003,3.86,0,3.86
2026-02-17,ST010,MED004,7.57,8,0.43
2026-02-17,ST010,MED005,10.71,11,0.29
2026-02-17,ST010,MED006,10.86,9,1.86
2026-02-17,ST010,MED007,4.93,4,0.93
2026-02-17,ST010,MED008,2.21,4,1.79
2026-02-17,ST010,MED009,9.86,10,0.14
2026-02-17,ST010,MED010,3.71,7,3.29
2026-02-17,ST010,MED011,12.14,13,0.86
2026-02-17,ST010,MED012,11.21,10,1.21
2026-02-17,ST010,MED013,7.79,10,2.21
2026-02-17,ST010,MED014,4.93,4,0.93
2026-02-17,ST010,MED015,14.29,21,6.71
2026-02-17,ST010,MED016,6.36,11,4.64
2026-02-17,ST010,MED017,10.93,12,1.07
2026-02-17,ST010,MED018,6.5,7,0.5
2026-02-17,ST010,MED019,2.57,2,0.57
2026-02-17,ST010,MED020,8.79,10,1.21
2026-02-17,ST010,MED021,10.64,13,2.36
2026-02-17,ST010,MED022,8.43,9,0.57
2026-02-17,ST010,MED023,10.93,14,3.07
2026-02-17,ST010,MED024,12.14,12,0.14
2026-02-17,ST010,MED025,5.64,7,1.36
2026-02-17,ST010,MED026,12.14,11,1.14
2026-02-17,ST010,MED027,12.21,6,6.21
2026-02-17,ST010,MED028,5.36,5,0.36
2026-02-17,ST010,MED029,9.86,9,0.86
2026-02-17,ST010,MED030,5.93,6,0.07
2026-02-17,ST011,MED001,12.29,10,2.29
2026-02-17,ST011,MED002,14.14,14,0.14
2026-02-17,ST011,MED003,4.36,4,0.36
2026-02-17,ST011,MED004,7.07,11,3.93
2026-02-17,ST011,MED005,13.29,11,2.29
2026-02-17,ST011,MED006,11.21,12,0.79
2026-02-17,ST011,MED007,2.5,6,3.5
2026-02-17,ST011,MED008,4.36,0,4.36
2026-02-17,ST011,MED009,12.14,7,5.14
2026-02-17,ST011,MED010,5.21,5,0.21
2026-02-17,ST011,MED011,12.93,11,1.93
2026-02-17,ST011,MED012,12.29,8,4.29
2026-02-17,ST011,MED013,7.57,11,3.43
2026-02-17,ST011,MED014,5.43,4,1.43
2026-02-17,ST011,MED015,13.79,13,0.79
2026-02-17,ST011,MED016,7.64,10,2.36
2026-02-17,ST011,MED017,13.14,18,4.86
2026-02-17,ST011,MED018,6.5,8,1.5
2026-02-17,ST011,MED019,5.07,4,1.07
2026-02-17,ST011,MED020,6.71,10,3.29
2026-02-17,ST011,MED021,11.0,13,2.0
2026-02-17,ST011,MED022,7.5,9,1.5
2026-02-17,ST011,MED023,12.5,10,2.5
2026-02-17,ST011,MED024,13.64,12,1.64
2026-02-17,ST011,MED025,6.29,7,0.71
2026-02-17,ST011,MED026,13.0,11,2.0
2026-02-17,ST011,MED027,13.43,16,2.57
2026-02-17,ST011,MED028,7.36,5,2.36
2026-02-17,ST011,MED029,11.07,9,2.07
2026-02-17,ST011,MED030,5.93,5,0.93
2026-02-17,ST012,MED001,12.93,12,0.93
2026-02-17,ST012,MED002,13.93,11,2.93
2026-02-17,ST012,MED003,3.07,4,0.93
2026-02-17,ST012,MED004,9.57,11,1.43
2026-02-17,ST012,MED005,14.57,10,4.57
2026-02-17,ST012,MED006,11.36,16,4.64
2026-02-17,ST012,MED007,3.43,7,3.57
2026-02-17,ST012,MED008,3.79,5,1.21
2026-02-17,ST012,MED009,13.43,11,2.43
2026-02-17,ST012,MED010,5.14,5,0.14
2026-02-17,ST012,MED011,14.0,11,3.0
2026-02-17,ST012,MED012,13.21,9,4.21
2026-02-17,ST012,MED013,8.57,10,1.43
2026-02-17,ST012,MED014,6.71,4,2.71
2026-02-17,ST012,MED015,14.86,11,3.86
2026-02-17,ST012,MED016,9.93,9,0.93
2026-02-17,ST012,MED017,15.07,15,0.07
2026-02-17,ST012,MED018,9.0,11,2.0
2026-02-17,ST012,MED019,4.21,5,0.79
2026-02-17,ST012,MED020,8.21,10,1.79
2026-02-17,ST012,MED021,12.43,15,2.57
2026-02-17,ST012,MED022,8.07,9,0.93
2026-02-17,ST012,MED023,13.43,16,2.57
2026-02-17,ST012,MED024,14.79,11,3.79
2026-02-17,ST012,MED025,7.36,9,1.64
2026-02-17,ST012,MED026,14.64,10,4.64
2026-02-17,ST012,MED027,13.86,14,0.14
2026-02-17,ST012,MED028,6.93,5,1.93
2026-02-17,ST012,MED029,12.29,13,0.71
2026-02-17,ST012,MED030,6.43,8,1.57
2026-02-17,ST013,MED001,15.64,15,0.64
2026-02-17,ST013,MED002,15.29,15,0.29
2026-02-17,ST013,MED003,4.14,3,1.14
2026-02-17,ST013,MED004,11.0,11,0.0
2026-02-17,ST013,MED005,15.93,18,2.07
2026-02-17,ST013,MED006,14.29,11,3.29
2026-02-17,ST013,MED007,4.0,7,3.0
2026-02-17,ST013,MED008,4.14,3,1.14
2026-02-17,ST013,MED009,12.93,16,3.07
2026-02-17,ST013,MED010,4.57,8,3.43
2026-02-17,ST013,MED011,14.93,14,0.93
2026-02-17,ST013,MED012,14.21,14,0.21
2026-02-17,ST013,MED013,10.43,13,2.57
2026-02-17,ST013,MED014,7.5,5,2.5
2026-02-17,ST013,MED015,16.57,14,2.57
2026-02-17,ST013,MED016,9.36,9,0.36
2026-02-17,ST013,MED017,14.79,15,0.21
2026-02-17,ST013,MED018,8.0,9,1.0
2026-02-17,ST013,MED019,3.64,6,2.36
2026-02-17,ST013,MED020,10.93,9,1.93
2026-02-17,ST013,MED021,13.86,13,0.86
2026-02-17,ST013,MED022,9.29,6,3.29
2026-02-17,ST013,MED023,15.14,13,2.14
2026-02-17,ST013,MED024,17.71,16,1.71
2026-02-17,ST013,MED025,9.5,7,2.5
2026-02-17,ST013,MED026,14.29,17,2.71
2026-02-17,ST013,MED027,17.14,17,0.14
2026-02-17,ST013,MED028,8.86,9,0.14
2026-02-17,ST013,MED029,12.07,12,0.07
2026-02-17,ST013,MED030,7.0,6,1.0
2026-02-17,ST014,MED001,8.5,5,3.5
2026-02-17,ST014,MED002,9.29,4,5.29
2026-02-17,ST014,MED003,1.79,0,1.79
2026-02-17,ST014,MED004,6.21,3,3.21
2026-02-17,ST014,MED005,9.29,5,4.29
2026-02-17,ST014,MED006,9.79,5,4.79
2026-02-17,ST014,MED007,2.0,2,0.0
2026-02-17,ST014,MED008,3.71,3,0.71
2026-02-17,ST014,MED009,7.64,9,1.36
2026-02-17,ST014,MED010,3.86,2,1.86
2026-02-17,ST014,MED011,9.93,4,5.93
2026-02-17,ST014,MED012,6.86,7,0.14
2026-02-17,ST014,MED013,5.07,4,1.07
2026-02-17,ST014,MED014,2.43,4,1.57
2026-02-17,ST014,MED015,9.07,12,2.93
2026-02-17,ST014,MED016,5.93,10,4.07
2026-02-17,ST014,MED017,8.71,6,2.71
2026-02-17,ST014,MED018,4.43,3,1.43
2026-02-17,ST014,MED019,3.43,1,2.43
2026-02-17,ST014,MED020,5.29,6,0.71
2026-02-17,ST014,MED021,8.14,11,2.86
2026-02-17,ST014,MED022,5.43,6,0.57
2026-02-17,ST014,MED023,8.5,6,2.5
2026-02-17,ST014,MED024,8.07,8,0.07
2026-02-17,ST014,MED025,4.86,9,4.14
2026-02-17,ST014,MED026,8.14,12,3.86
2026-02-17,ST014,MED027,9.93,10,0.07
2026-02-17,ST014,MED028,4.64,3,1.64
2026-02-17,ST014,MED029,8.14,6,2.14
2026-02-17,ST014,MED030,4.43,6,1.57
2026-02-17,ST015,MED001,9.93,10,0.07
2026-02-17,ST015,MED002,10.79,9,1.79
2026-02-17,ST015,MED003,3.14,1,2.14
2026-02-17,ST015,MED004,7.29,6,1.29
2026-02-17,ST015,MED005,8.36,8,0.36
2026-02-17,ST015,MED006,8.21,4,4.21
2026-02-17,ST015,MED007,2.21,2,0.21
2026-02-17,ST015,MED008,2.79,3,0.21
2026-02-17,ST015,MED009,8.29,5,3.29
2026-02-17,ST015,MED010,2.93,2,0.93
2026-02-17,ST015,MED011,10.0,8,2.0
2026-02-17,ST015,MED012,9.64,7,2.64
2026-02-17,ST015,MED013,5.29,4,1.29
2026-02-17,ST015,MED014,3.93,6,2.07
2026-02-17,ST015,MED015,11.86,11,0.86
2026-02-17,ST015,MED016,6.57,3,3.57
2026-02-17,ST015,MED017,9.0,11,2.0
2026-02-17,ST015,MED018,4.5,7,2.5
2026-02-17,ST015,MED019,2.29,4,1.71
2026-02-17,ST015,MED020,6.07,9,2.93
2026-02-17,ST015,MED021,8.86,10,1.14
2026-02-17,ST015,MED022,6.86,8,1.14
2026-02-17,ST015,MED023,9.86,6,3.86
2026-02-17,ST015,MED024,10.57,10,0.57
2026-02-17,ST015,MED025,5.29,5,0.29
2026-02-17,ST015,MED026,8.71,4,4.71
2026-02-17,ST015,MED027,10.86,10,0.86
2026-02-17,ST015,MED028,6.36,4,2.36
2026-02-17,ST015,MED029,7.79,5,2.79
2026-02-17,ST015,MED030,4.07,5,0.93
2026-02-17,ST016,MED001,10.86,12,1.14
2026-02-17,ST016,MED002,10.0,12,2.0
2026-02-17,ST016,MED003,3.79,1,2.79
2026-02-17,ST016,MED004,7.43,6,1.43
2026-02-17,ST016,MED005,10.43,13,2.57
2026-02-17,ST016,MED006,9.64,5,4.64
2026-02-17,ST016,MED007,2.43,5,2.57
2026-02-17,ST016,MED008,3.5,1,2.5
2026-02-17,ST016,MED009,9.71,13,3.29
2026-02-17,ST016,MED010,4.14,2,2.14
2026-02-17,ST016,MED011,10.71,9,1.71
2026-02-17,ST016,MED012,10.0,8,2.0
2026-02-17,ST016,MED013,7.0,5,2.0
2026-02-17,ST016,MED014,5.43,8,2.57
2026-02-17,ST016,MED015,13.07,10,3.07
2026-02-17,ST016,MED016,6.79,11,4.21
2026-02-17,ST016,MED017,9.79,7,2.79
2026-02-17,ST016,MED018,6.14,3,3.14
2026-02-17,ST016,MED019,3.36,1,2.36
2026-02-17,ST016,MED020,7.71,7,0.71
2026-02-17,ST016,MED021,10.07,5,5.07
2026-02-17,ST016,MED022,6.93,4,2.93
2026-02-17,ST016,MED023,10.93,12,1.07
2026-02-17,ST016,MED024,11.64,12,0.36
2026-02-17,ST016,MED025,6.36,5,1.36
2026-02-17,ST016,MED026,10.43,13,2.57
2026-02-17,ST016,MED027,11.86,14,2.14
2026-02-17,ST016,MED028,6.21,8,1.79
2026-02-17,ST016,MED029,8.29,6,2.29
2026-02-17,ST016,MED030,6.0,3,3.0
2026-02-17,ST017,MED001,11.93,11,0.93
2026-02-17,ST017,MED002,11.57,15,3.43
2026-02-17,ST017,MED003,3.0,3,0.0
2026-02-17,ST017,MED004,8.0,12,4.0
2026-02-17,ST017,MED005,11.71,10,1.71
2026-02-17,ST017,MED006,10.64,7,3.64
2026-02-17,ST017,MED007,2.43,3,0.57
2026-02-17,ST017,MED008,4.29,4,0.29
2026-02-17,ST017,MED009,11.36,11,0.36
2026-02-17,ST017,MED010,4.64,2,2.64
2026-02-17,ST017,MED011,12.14,17,4.86
2026-02-17,ST017,MED012,10.93,13,2.07
2026-02-17,ST017,MED013,6.86,3,3.86
2026-02-17,ST017,MED014,5.5,6,0.5
2026-02-17,ST017,MED015,13.71,14,0.29
2026-02-17,ST017,MED016,6.79,8,1.21
2026-02-17,ST017,MED017,11.14,10,1.14
2026-02-17,ST017,MED018,5.43,5,0.43
2026-02-17,ST017,MED019,2.36,6,3.64
2026-02-17,ST017,MED020,7.0,5,2.0
2026-02-17,ST017,MED021,12.14,8,4.14
2026-02-17,ST017,MED022,6.57,5,1.57
2026-02-17,ST017,MED023,11.36,16,4.64
2026-02-17,ST017,MED024,12.57,15,2.43
2026-02-17,ST017,MED025,6.29,8,1.71
2026-02-17,ST017,MED026,12.36,11,1.36
2026-02-17,ST017,MED027,13.0,12,1.0
2026-02-17,ST017,MED028,5.86,6,0.14
2026-02-17,ST017,MED029,8.43,9,0.57
2026-02-17,ST017,MED030,5.14,4,1.14
2026-02-17,ST018,MED001,12.79,11,1.79
2026-02-17,ST018,MED002,13.71,13,0.71
2026-02-17,ST018,MED003,3.5,3,0.5
2026-02-17,ST018,MED004,9.29,7,2.29
2026-02-17,ST018,MED005,13.43,16,2.57
2026-02-17,ST018,MED006,12.57,12,0.57
2026-02-17,ST018,MED007,4.07,5,0.93
2026-02-17,ST018,MED008,3.43,1,2.43
2026-02-17,ST018,MED009,12.29,9,3.29
2026-02-17,ST018,MED010,4.43,9,4.57
2026-02-17,ST018,MED011,14.0,11,3.0
2026-02-17,ST018,MED012,11.93,12,0.07
2026-02-17,ST018,MED013,7.93,8,0.07
2026-02-17,ST018,MED014,7.29,6,1.29
2026-02-17,ST018,MED015,14.5,11,3.5
2026-02-17,ST018,MED016,7.36,3,4.36
2026-02-17,ST018,MED017,11.21,13,1.79
2026-02-17,ST018,MED018,6.36,6,0.36
2026-02-17,ST018,MED019,4.36,4,0.36
2026-02-17,ST018,MED020,7.57,11,3.43
2026-02-17,ST018,MED021,11.43,8,3.43
2026-02-17,ST018,MED022,8.14,8,0.14
2026-02-17,ST018,MED023,13.36,10,3.36
2026-02-17,ST018,MED024,13.64,13,0.64
2026-02-17,ST018,MED025,6.29,10,3.71
2026-02-17,ST018,MED026,13.43,14,0.57
2026-02-17,ST018,MED027,12.86,16,3.14
2026-02-17,ST018,MED028,7.36,7,0.36
2026-02-17,ST018,MED029,9.79,10,0.21
2026-02-17,ST018,MED030,6.5,7,0.5
2026-02-17,ST019,MED001,12.79,10,2.79
2026-02-17,ST019,MED002,14.36,14,0.36
2026-02-17,ST019,MED003,5.0,3,2.0
2026-02-17,ST019,MED004,9.79,14,4.21
2026-02-17,ST019,MED005,14.86,16,1.14
2026-02-17,ST019,MED006,13.21,12,1.21
2026-02-17,ST019,MED007,3.79,4,0.21
2026-02-17,ST019,MED008,4.29,5,0.71
2026-02-17,ST019,MED009,12.79,13,0.21
2026-02-17,ST019,MED010,5.36,6,0.64
2026-02-17,ST019,MED011,14.79,14,0.79
2026-02-17,ST019,MED012,12.21,11,1.21
2026-02-17,ST019,MED013,8.43,14,5.57
2026-02-17,ST019,MED014,5.5,6,0.5
2026-02-17,ST019,MED015,14.71,13,1.71
2026-02-17,ST019,MED016,8.29,8,0.29
2026-02-17,ST019,MED017,13.93,12,1.93
2026-02-17,ST019,MED018,7.79,6,1.79
2026-02-17,ST019,MED019,3.93,1,2.93
2026-02-17,ST019,MED020,8.64,11,2.36
2026-02-17,ST019,MED021,11.14,15,3.86
2026-02-17,ST019,MED022,9.07,9,0.07
2026-02-17,ST019,MED023,13.5,13,0.5
2026-02-17,ST019,MED024,16.21,9,7.21
2026-02-17,ST019,MED025,7.43,3,4.43
2026-02-17,ST019,MED026,14.79,11,3.79
2026-02-17,ST019,MED027,14.29,15,0.71
2026-02-17,ST019,MED028,7.29,7,0.29
2026-02-17,ST019,MED029,10.93,10,0.93
2026-02-17,ST019,MED030,6.64,10,3.36
2026-02-17,ST020,MED001,14.93,15,0.07
2026-02-17,ST020,MED002,13.93,16,2.07
2026-02-17,ST020,MED003,3.71,1,2.71
2026-02-17,ST020,MED004,9.79,8,1.79
2026-02-17,ST020,MED005,14.29,14,0.29
2026-02-17,ST020,MED006,12.57,13,0.43
2026-02-17,ST020,MED007,4.07,0,4.07
2026-02-17,ST020,MED008,4.36,4,0.36
2026-02-17,ST020,MED009,13.43,14,0.57
2026-02-17,ST020,MED010,5.29,5,0.29
2026-02-17,ST020,MED011,14.43,14,0.43
2026-02-17,ST020,MED012,13.36,10,3.36
2026-02-17,ST020,MED013,9.93,6,3.93
2026-02-17,ST020,MED014,7.14,8,0.86
2026-02-17,ST020,MED015,15.5,18,2.5
2026-02-17,ST020,MED016,9.86,10,0.14
2026-02-17,ST020,MED017,15.57,13,2.57
2026-02-17,ST020,MED018,8.14,9,0.86
2026-02-17,ST020,MED019,5.0,5,0.0
2026-02-17,ST020,MED020,8.64,8,0.64
2026-02-17,ST020,MED021,14.71,12,2.71
2026-02-17,ST020,MED022,9.79,10,0.21
2026-02-17,ST020,MED023,14.64,18,3.36
2026-02-17,ST020,MED024,16.36,16,0.36
2026-02-17,ST020,MED025,7.43,11,3.57
2026-02-17,ST020,MED026,14.29,19,4.71
2026-02-17,ST020,MED027,17.14,17,0.14
2026-02-17,ST020,MED028,7.79,12,4.21
2026-02-17,ST020,MED029,11.5,8,3.5
2026-02-17,ST020,MED030,6.36,8,1.64
2026-02-17,ST021,MED001,8.5,11,2.5
2026-02-17,ST021,MED002,7.93,9,1.07
2026-02-17,ST021,MED003,2.57,1,1.57
2026-02-17,ST021,MED004,5.64,9,3.36
2026-02-17,ST021,MED005,8.07,10,1.93
2026-02-17,ST021,MED006,8.36,9,0.64
2026-02-17,ST021,MED007,2.29,0,2.29
2026-02-17,ST021,MED008,3.29,5,1.71
2026-02-17,ST021,MED009,8.21,10,1.79
2026-02-17,ST021,MED010,3.36,7,3.64
2026-02-17,ST021,MED011,9.0,12,3.0
2026-02-17,ST021,MED012,8.21,11,2.79
2026-02-17,ST021,MED013,5.57,6,0.43
2026-02-17,ST021,MED014,5.07,1,4.07
2026-02-17,ST021,MED015,9.0,8,1.0
2026-02-17,ST021,MED016,5.71,5,0.71
2026-02-17,ST021,MED017,8.0,9,1.0
2026-02-17,ST021,MED018,5.5,4,1.5
2026-02-17,ST021,MED019,2.57,4,1.43
2026-02-17,ST021,MED020,5.0,4,1.0
2026-02-17,ST021,MED021,7.0,6,1.0
2026-02-17,ST021,MED022,5.21,8,2.79
2026-02-17,ST021,MED023,8.79,10,1.21
2026-02-17,ST021,MED024,9.21,11,1.79
2026-02-17,ST021,MED025,3.86,8,4.14
2026-02-17,ST021,MED026,8.36,7,1.36
2026-02-17,ST021,MED027,9.71,5,4.71
2026-02-17,ST021,MED028,4.21,2,2.21
2026-02-17,ST021,MED029,8.07,10,1.93
2026-02-17,ST021,MED030,3.64,7,3.36
2026-02-17,ST022,MED001,10.57,10,0.57
2026-02-17,ST022,MED002,8.57,11,2.43
2026-02-17,ST022,MED003,3.0,2,1.0
2026-02-17,ST022,MED004,7.71,7,0.71
2026-02-17,ST022,MED005,10.14,9,1.14
2026-02-17,ST022,MED006,8.21,7,1.21
2026-02-17,ST022,MED007,3.21,7,3.79
2026-02-17,ST022,MED008,2.36,0,2.36
2026-02-17,ST022,MED009,9.43,12,2.57
2026-02-17,ST022,MED010,2.79,2,0.79
2026-02-17,ST022,MED011,10.29,14,3.71
2026-02-17,ST022,MED012,8.64,8,0.64
2026-02-17,ST022,MED013,5.57,6,0.43
2026-02-17,ST022,MED014,5.5,3,2.5
2026-02-17,ST022,MED015,10.07,10,0.07
2026-02-17,ST022,MED016,5.71,6,0.29
2026-02-17,ST022,MED017,8.5,10,1.5
2026-02-17,ST022,MED018,4.86,5,0.14
2026-02-17,ST022,MED019,2.79,3,0.21
2026-02-17,ST022,MED020,6.93,5,1.93
2026-02-17,ST022,MED021,9.21,8,1.21
2026-02-17,ST022,MED022,5.79,6,0.21
2026-02-17,ST022,MED023,9.43,11,1.57
2026-02-17,ST022,MED024,13.07,8,5.07
2026-02-17,ST022,MED025,5.79,6,0.21
2026-02-17,ST022,MED026,9.21,13,3.79
2026-02-17,ST022,MED027,11.14,11,0.14
2026-02-17,ST022,MED028,4.64,0,4.64
2026-02-17,ST022,MED029,8.93,6,2.93
2026-02-17,ST022,MED030,3.29,2,1.29
2026-02-17,ST023,MED001,10.64,11,0.36
2026-02-17,ST023,MED002,10.21,7,3.21
2026-02-17,ST023,MED003,2.79,5,2.21
2026-02-17,ST023,MED004,7.29,10,2.71
2026-02-17,ST023,MED005,10.71,8,2.71
2026-02-17,ST023,MED006,10.07,5,5.07
2026-02-17,ST023,MED007,3.14,6,2.86
2026-02-17,ST023,MED008,2.93,3,0.07
2026-02-17,ST023,MED009,9.07,9,0.07
2026-02-17,ST023,MED010,3.86,10,6.14
2026-02-17,ST023,MED011,10.86,7,3.86
2026-02-17,ST023,MED012,8.57,9,0.43
2026-02-17,ST023,MED013,6.21,2,4.21
2026-02-17,ST023,MED014,5.07,3,2.07
2026-02-17,ST023,MED015,11.71,13,1.29
2026-02-17,ST023,MED016,7.64,4,3.64
2026-02-17,ST023,MED017,10.36,9,1.36
2026-02-17,ST023,MED018,6.64,6,0.64
2026-02-17,ST023,MED019,3.07,0,3.07
2026-02-17,ST023,MED020,5.64,8,2.36
2026-02-17,ST023,MED021,10.14,7,3.14
2026-02-17,ST023,MED022,7.29,5,2.29
2026-02-17,ST023,MED023,10.43,13,2.57
2026-02-17,ST023,MED024,12.14,13,0.86
2026-02-17,ST023,MED025,6.0,5,1.0
2026-02-17,ST023,MED026,12.14,10,2.14
2026-02-17,ST023,MED027,12.64,11,1.64
2026-02-17,ST023,MED028,5.79,9,3.21
2026-02-17,ST023,MED029,9.07,11,1.93
2026-02-17,ST023,MED030,5.14,5,0.14
2026-02-17,ST024,MED001,11.36,14,2.64
2026-02-17,ST024,MED002,11.64,13,1.36
2026-02-17,ST024,MED003,2.71,3,0.29
2026-02-17,ST024,MED004,8.71,6,2.71
2026-02-17,ST024,MED005,11.29,9,2.29
2026-02-17,ST024,MED006,11.93,14,2.07
2026-02-17,ST024,MED007,2.57,5,2.43
2026-02-17,ST024,MED008,3.36,0,3.36
2026-02-17,ST024,MED009,10.21,8,2.21
2026-02-17,ST024,MED010,5.07,5,0.07
2026-02-17,ST024,MED011,12.21,14,1.79
2026-02-17,ST024,MED012,10.29,7,3.29
2026-02-17,ST024,MED013,7.5,6,1.5
2026-02-17,ST024,MED014,5.79,2,3.79
2026-02-17,ST024,MED015,12.86,11,1.86
2026-02-17,ST024,MED016,7.21,4,3.21
2026-02-17,ST024,MED017,11.86,11,0.86
2026-02-17,ST024,MED018,6.86,6,0.86
2026-02-17,ST024,MED019,3.86,3,0.86
2026-02-17,ST024,MED020,7.29,10,2.71
2026-02-17,ST024,MED021,9.71,13,3.29
2026-02-17,ST024,MED022,8.21,9,0.79
2026-02-17,ST024,MED023,13.21,11,2.21
2026-02-17,ST024,MED024,11.5,11,0.5
2026-02-17,ST024,MED025,6.0,7,1.0
2026-02-17,ST024,MED026,12.07,12,0.07
2026-02-17,ST024,MED027,12.5,12,0.5
2026-02-17,ST024,MED028,5.93,11,5.07
2026-02-17,ST024,MED029,11.43,10,1.43
2026-02-17,ST024,MED030,5.5,7,1.5
2026-02-17,ST025,MED001,12.57,8,4.57
2026-02-17,ST025,MED002,12.93,12,0.93
2026-02-17,ST025,MED003,3.0,5,2.0
2026-02-17,ST025,MED004,9.29,5,4.29
2026-02-17,ST025,MED005,12.79,8,4.79
2026-02-17,ST025,MED006,10.43,12,1.57
2026-02-17,ST025,MED007,3.71,0,3.71
2026-02-17,ST025,MED008,4.43,4,0.43
2026-02-17,ST025,MED009,10.5,10,0.5
2026-02-17,ST025,MED010,4.57,0,4.57
2026-02-17,ST025,MED011,12.93,15,2.07
2026-02-17,ST025,MED012,10.29,14,3.71
2026-02-17,ST025,MED013,8.36,10,1.64
2026-02-17,ST025,MED014,6.36,4,2.36
2026-02-17,ST025,MED015,14.21,13,1.21
2026-02-17,ST025,MED016,8.93,9,0.07
2026-02-17,ST025,MED017,13.07,15,1.93
2026-02-17,ST025,MED018,7.57,5,2.57
2026-02-17,ST025,MED019,3.43,3,0.43
2026-02-17,ST025,MED020,8.0,6,2.0
2026-02-17,ST025,MED021,11.5,15,3.5
2026-02-17,ST025,MED022,9.93,11,1.07
2026-02-17,ST025,MED023,12.57,10,2.57
2026-02-17,ST025,MED024,14.5,15,0.5
2026-02-17,ST025,MED025,7.21,5,2.21
2026-02-17,ST025,MED026,13.21,12,1.21
2026-02-17,ST025,MED027,11.93,16,4.07
2026-02-17,ST025,MED028,6.21,10,3.79
2026-02-17,ST025,MED029,11.14,6,5.14
2026-02-17,ST025,MED030,5.07,7,1.93
2026-02-17,ST026,MED001,13.5,14,0.5
2026-02-17,ST026,MED002,13.5,14,0.5
2026-02-17,ST026,MED003,3.71,2,1.71
2026-02-17,ST026,MED004,10.64,10,0.64
2026-02-17,ST026,MED005,13.64,9,4.64
2026-02-17,ST026,MED006,11.86,10,1.86
2026-02-17,ST026,MED007,3.93,3,0.93
2026-02-17,ST026,MED008,4.14,6,1.86
2026-02-17,ST026,MED009,13.14,11,2.14
2026-02-17,ST026,MED010,4.86,3,1.86
2026-02-17,ST026,MED011,13.36,14,0.64
2026-02-17,ST026,MED012,12.64,12,0.64
2026-02-17,ST026,MED013,8.86,13,4.14
2026-02-17,ST026,MED014,6.79,6,0.79
2026-02-17,ST026,MED015,16.07,21,4.93
2026-02-17,ST026,MED016,8.29,8,0.29
2026-02-17,ST026,MED017,13.57,12,1.57
2026-02-17,ST026,MED018,6.93,6,0.93
2026-02-17,ST026,MED019,3.43,4,0.57
2026-02-17,ST026,MED020,8.79,3,5.79
2026-02-17,ST026,MED021,12.5,12,0.5
2026-02-17,ST026,MED022,9.14,7,2.14
2026-02-17,ST026,MED023,13.0,15,2.0
2026-02-17,ST026,MED024,16.07,18,1.93
2026-02-17,ST026,MED025,8.21,7,1.21
2026-02-17,ST026,MED026,13.86,16,2.14
2026-02-17,ST026,MED027,14.29,17,2.71
2026-02-17,ST026,MED028,8.14,6,2.14
2026-02-17,ST026,MED029,12.0,10,2.0
2026-02-17,ST026,MED030,6.5,8,1.5
2026-02-17,ST027,MED001,14.86,14,0.86
2026-02-17,ST027,MED002,15.64,18,2.36
2026-02-17,ST027,MED003,4.79,3,1.79
2026-02-17,ST027,MED004,10.21,10,0.21
2026-02-17,ST027,MED005,14.29,11,3.29
2026-02-17,ST027,MED006,13.64,13,0.64
2026-02-17,ST027,MED007,4.86,7,2.14
2026-02-17,ST027,MED008,4.36,3,1.36
2026-02-17,ST027,MED009,13.29,14,0.71
2026-02-17,ST027,MED010,5.36,5,0.36
2026-02-17,ST027,MED011,15.14,15,0.14
2026-02-17,ST027,MED012,13.36,11,2.36
2026-02-17,ST027,MED013,9.0,10,1.0
2026-02-17,ST027,MED014,5.43,7,1.57
2026-02-17,ST027,MED015,15.71,13,2.71
2026-02-17,ST027,MED016,10.64,7,3.64
2026-02-17,ST027,MED017,14.79,15,0.21
2026-02-17,ST027,MED018,7.21,9,1.79
2026-02-17,ST027,MED019,3.57,5,1.43
2026-02-17,ST027,MED020,9.64,9,0.64
2026-02-17,ST027,MED021,13.43,16,2.57
2026-02-17,ST027,MED022,9.29,9,0.29
2026-02-17,ST027,MED023,14.64,12,2.64
2026-02-17,ST027,MED024,16.57,16,0.57
2026-02-17,ST027,MED025,8.64,4,4.64
2026-02-17,ST027,MED026,14.64,16,1.36
2026-02-17,ST027,MED027,16.29,14,2.29
2026-02-17,ST027,MED028,8.64,7,1.64
2026-02-17,ST027,MED029,11.93,11,0.93
2026-02-17,ST027,MED030,7.0,4,3.0
2026-02-17,ST028,MED001,9.14,9,0.14
2026-02-17,ST028,MED002,9.71,7,2.71
2026-02-17,ST028,MED003,2.14,2,0.14
2026-02-17,ST028,MED004,6.57,8,1.43
2026-02-17,ST028,MED005,8.43,4,4.43
2026-02-17,ST028,MED006,9.07,9,0.07
2026-02-17,ST028,MED007,2.14,2,0.14
2026-02-17,ST028,MED008,2.43,0,2.43
2026-02-17,ST028,MED009,7.93,5,2.93
2026-02-17,ST028,MED010,3.86,6,2.14
2026-02-17,ST028,MED011,8.07,11,2.93
2026-02-17,ST028,MED012,7.36,9,1.64
2026-02-17,ST028,MED013,5.79,5,0.79
2026-02-17,ST028,MED014,4.79,0,4.79
2026-02-17,ST028,MED015,9.36,10,0.64
2026-02-17,ST028,MED016,5.0,5,0.0
2026-02-17,ST028,MED017,9.14,11,1.86
2026-02-17,ST028,MED018,5.0,7,2.0
2026-02-17,ST028,MED019,1.36,3,1.64
2026-02-17,ST028,MED020,5.36,4,1.36
2026-02-17,ST028,MED021,7.29,10,2.71
2026-02-17,ST028,MED022,5.07,2,3.07
2026-02-17,ST028,MED023,8.0,9,1.0
2026-02-17,ST028,MED024,8.21,7,1.21
2026-02-17,ST028,MED025,5.07,3,2.07
2026-02-17,ST028,MED026,9.0,6,3.0
2026-02-17,ST028,MED027,9.14,7,2.14
2026-02-17,ST028,MED028,6.14,7,0.86
2026-02-17,ST028,MED029,7.14,5,2.14
2026-02-17,ST028,MED030,4.57,6,1.43
2026-02-17,ST029,MED001,9.5,12,2.5
2026-02-17,ST029,MED002,10.14,10,0.14
2026-02-17,ST029,MED003,2.43,8,5.57
2026-02-17,ST029,MED004,7.57,6,1.57
2026-02-17,ST029,MED005,9.57,9,0.57
2026-02-17,ST029,MED006,8.79,13,4.21
2026-02-17,ST029,MED007,2.79,1,1.79
2026-02-17,ST029,MED008,2.64,3,0.36
2026-02-17,ST029,MED009,8.14,9,0.86
2026-02-17,ST029,MED010,2.86,5,2.14
2026-02-17,ST029,MED011,9.5,9,0.5
2026-02-17,ST029,MED012,7.29,12,4.71
2026-02-17,ST029,MED013,6.5,4,2.5
2026-02-17,ST029,MED014,3.86,6,2.14
2026-02-17,ST029,MED015,11.07,10,1.07
2026-02-17,ST029,MED016,4.93,5,0.07
2026-02-17,ST029,MED017,8.93,12,3.07
2026-02-17,ST029,MED018,4.86,1,3.86
2026-02-17,ST029,MED019,3.5,0,3.5
2026-02-17,ST029,MED020,5.64,4,1.64
2026-02-17,ST029,MED021,9.43,7,2.43
2026-02-17,ST029,MED022,6.29,6,0.29
2026-02-17,ST029,MED023,8.64,9,0.36
2026-02-17,ST029,MED024,11.14,12,0.86
2026-02-17,ST029,MED025,4.21,7,2.79
2026-02-17,ST029,MED026,9.36,12,2.64
2026-02-17,ST029,MED027,10.93,8,2.93
2026-02-17,ST029,MED028,5.57,4,1.57
2026-02-17,ST029,MED029,8.86,7,1.86
2026-02-17,ST029,MED030,4.64,2,2.64
2026-02-17,ST030,MED001,10.64,13,2.36
2026-02-17,ST030,MED002,10.93,9,1.93
2026-02-17,ST030,MED003,2.71,3,0.29
2026-02-17,ST030,MED004,8.57,4,4.57
2026-02-17,ST030,MED005,10.29,9,1.29
2026-02-17,ST030,MED006,9.5,11,1.5
2026-02-17,ST030,MED007,2.93,0,2.93
2026-02-17,ST030,MED008,2.64,2,0.64
2026-02-17,ST030,MED009,8.93,9,0.07
2026-02-17,ST030,MED010,4.07,7,2.93
2026-02-17,ST030,MED011,11.43,10,1.43
2026-02-17,ST030,MED012,10.36,5,5.36
2026-02-17,ST030,MED013,6.5,4,2.5
2026-02-17,ST030,MED014,5.57,6,0.43
2026-02-17,ST030,MED015,11.14,12,0.86
2026-02-17,ST030,MED016,7.71,6,1.71
2026-02-17,ST030,MED017,10.29,7,3.29
2026-02-17,ST030,MED018,5.5,7,1.5
2026-02-17,ST030,MED019,3.43,2,1.43
2026-02-17,ST030,MED020,6.71,10,3.29
2026-02-17,ST030,MED021,9.71,9,0.71
2026-02-17,ST030,MED022,6.43,10,3.57
2026-02-17,ST030,MED023,10.07,10,0.07
2026-02-17,ST030,MED024,11.14,10,1.14
2026-02-17,ST030,MED025,5.07,3,2.07
2026-02-17,ST030,MED026,10.36,7,3.36
2026-02-17,ST030,MED027,11.07,10,1.07
2026-02-17,ST030,MED028,6.21,9,2.79
2026-02-17,ST030,MED029,7.43,8,0.57
2026-02-17,ST030,MED030,5.5,6,0.5
2026-02-17,ST031,MED001,10.64,11,0.36
2026-02-17,ST031,MED002,11.21,13,1.79
2026-02-17,ST031,MED003,3.43,6,2.57
2026-02-17,ST031,MED004,9.14,5,4.14
2026-02-17,ST031,MED005,11.29,13,1.71
2026-02-17,ST031,MED006,10.86,8,2.86
2026-02-17,ST031,MED007,4.86,4,0.86
2026-02-17,ST031,MED008,3.0,4,1.0
2026-02-17,ST031,MED009,11.5,13,1.5
2026-02-17,ST031,MED010,4.79,5,0.21
2026-02-17,ST031,MED011,10.0,12,2.0
2026-02-17,ST031,MED012,10.29,13,2.71
2026-02-17,ST031,MED013,7.57,7,0.57
2026-02-17,ST031,MED014,4.86,3,1.86
2026-02-17,ST031,MED015,13.21,13,0.21
2026-02-17,ST031,MED016,7.14,6,1.14
2026-02-17,ST031,MED017,11.29,11,0.29
2026-02-17,ST031,MED018,7.14,10,2.86
2026-02-17,ST031,MED019,3.71,1,2.71
2026-02-17,ST031,MED020,8.07,5,3.07
2026-02-17,ST031,MED021,10.0,13,3.0
2026-02-17,ST031,MED022,6.21,8,1.79
2026-02-17,ST031,MED023,11.86,9,2.86
2026-02-17,ST031,MED024,12.36,12,0.36
2026-02-17,ST031,MED025,5.79,5,0.79
2026-02-17,ST031,MED026,11.36,12,0.64
2026-02-17,ST031,MED027,11.93,11,0.93
2026-02-17,ST031,MED028,6.64,6,0.64
2026-02-17,ST031,MED029,9.14,13,3.86
2026-02-17,ST031,MED030,4.86,4,0.86
2026-02-17,ST032,MED001,11.86,16,4.14
2026-02-17,ST032,MED002,12.14,13,0.86
2026-02-17,ST032,MED003,4.07,4,0.07
2026-02-17,ST032,MED004,8.93,13,4.07
2026-02-17,ST032,MED005,11.07,10,1.07
2026-02-17,ST032,MED006,11.36,13,1.64
2026-02-17,ST032,MED007,3.43,4,0.57
2026-02-17,ST032,MED008,2.57,5,2.43
2026-02-17,ST032,MED009,12.36,12,0.36
2026-02-17,ST032,MED010,5.36,6,0.64
2026-02-17,ST032,MED011,13.07,11,2.07
2026-02-17,ST032,MED012,11.29,11,0.29
2026-02-17,ST032,MED013,8.5,9,0.5
2026-02-17,ST032,MED014,6.36,6,0.36
2026-02-17,ST032,MED015,14.0,14,0.0
2026-02-17,ST032,MED016,8.71,8,0.71
2026-02-17,ST032,MED017,11.79,12,0.21
2026-02-17,ST032,MED018,5.71,7,1.29
2026-02-17,ST032,MED019,3.36,0,3.36
2026-02-17,ST032,MED020,7.64,4,3.64
2026-02-17,ST032,MED021,11.5,12,0.5
2026-02-17,ST032,MED022,8.93,6,2.93
2026-02-17,ST032,MED023,11.07,10,1.07
2026-02-17,ST032,MED024,14.5,10,4.5
2026-02-17,ST032,MED025,7.57,6,1.57
2026-02-17,ST032,MED026,14.79,21,6.21
2026-02-17,ST032,MED027,12.57,14,1.43
2026-02-17,ST032,MED028,7.64,6,1.64
2026-02-17,ST032,MED029,10.71,15,4.29
2026-02-17,ST032,MED030,5.79,9,3.21
2026-02-17,ST033,MED001,13.57,15,1.43
2026-02-17,ST033,MED002,13.57,14,0.43
2026-02-17,ST033,MED003,3.29,4,0.71
2026-02-17,ST033,MED004,10.43,6,4.43
2026-02-17,ST033,MED005,12.93,12,0.93
2026-02-17,ST033,MED006,12.21,12,0.21
2026-02-17,ST033,MED007,3.93,5,1.07
2026-02-17,ST033,MED008,4.0,5,1.0
2026-02-17,ST033,MED009,12.93,10,2.93
2026-02-17,ST033,MED010,4.36,4,0.36
2026-02-17,ST033,MED011,12.93,16,3.07
2026-02-17,ST033,MED012,13.57,10,3.57
2026-02-17,ST033,MED013,8.93,9,0.07
2026-02-17,ST033,MED014,6.36,5,1.36
2026-02-17,ST033,MED015,14.93,16,1.07
2026-02-17,ST033,MED016,8.86,9,0.14
2026-02-17,ST033,MED017,13.71,16,2.29
2026-02-17,ST033,MED018,7.5,6,1.5
2026-02-17,ST033,MED019,3.64,7,3.36
2026-02-17,ST033,MED020,8.71,9,0.29
2026-02-17,ST033,MED021,13.0,9,4.0
2026-02-17,ST033,MED022,8.64,9,0.36
2026-02-17,ST033,MED023,13.79,18,4.21
2026-02-17,ST033,MED024,15.29,11,4.29
2026-02-17,ST033,MED025,6.36,7,0.64
2026-02-17,ST033,MED026,13.36,19,5.64
2026-02-17,ST033,MED027,14.0,11,3.0
2026-02-17,ST033,MED028,8.14,7,1.14
2026-02-17,ST033,MED029,11.86,13,1.14
2026-02-17,ST033,MED030,5.57,8,2.43
2026-02-17,ST034,MED001,14.71,15,0.29
2026-02-17,ST034,MED002,14.86,12,2.86
2026-02-17,ST034,MED003,4.5,5,0.5
2026-02-17,ST034,MED004,11.14,6,5.14
2026-02-17,ST034,MED005,14.0,15,1.0
2026-02-17,ST034,MED006,14.36,14,0.36
2026-02-17,ST034,MED007,4.36,3,1.36
2026-02-17,ST034,MED008,3.64,4,0.36
2026-02-17,ST034,MED009,14.07,16,1.93
2026-02-17,ST034,MED010,5.21,7,1.79
2026-02-17,ST034,MED011,14.86,13,1.86
2026-02-17,ST034,MED012,13.64,11,2.64
2026-02-17,ST034,MED013,8.86,11,2.14
2026-02-17,ST034,MED014,7.36,7,0.36
2026-02-17,ST034,MED015,16.07,20,3.93
2026-02-17,ST034,MED016,7.93,10,2.07
2026-02-17,ST034,MED017,16.0,18,2.0
2026-02-17,ST034,MED018,8.0,9,1.0
2026-02-17,ST034,MED019,3.93,2,1.93
2026-02-17,ST034,MED020,8.86,10,1.14
2026-02-17,ST034,MED021,12.93,13,0.07
2026-02-17,ST034,MED022,8.86,7,1.86
2026-02-17,ST034,MED023,16.71,17,0.29
2026-02-17,ST034,MED024,15.14,17,1.86
2026-02-17,ST034,MED025,9.5,8,1.5
2026-02-17,ST034,MED026,14.5,13,1.5
2026-02-17,ST034,MED027,16.0,14,2.0
2026-02-17,ST034,MED028,9.0,9,0.0
2026-02-17,ST034,MED029,11.71,14,2.29
2026-02-17,ST034,MED030,7.0,6,1.0
2026-02-17,ST035,MED001,10.14,8,2.14
2026-02-17,ST035,MED002,8.14,7,1.14
2026-02-17,ST035,MED003,2.36,2,0.36
2026-02-17,ST035,MED004,6.5,7,0.5
2026-02-17,ST035,MED005,8.5,9,0.5
2026-02-17,ST035,MED006,8.64,5,3.64
2026-02-17,ST035,MED007,2.43,0,2.43
2026-02-17,ST035,MED008,1.71,4,2.29
2026-02-17,ST035,MED009,8.0,7,1.0
2026-02-17,ST035,MED010,2.86,2,0.86
2026-02-17,ST035,MED011,8.86,9,0.14
2026-02-17,ST035,MED012,8.64,6,2.64
2026-02-17,ST035,MED013,5.0,3,2.0
2026-02-17,ST035,MED014,4.29,2,2.29
2026-02-17,ST035,MED015,9.29,10,0.71
2026-02-17,ST035,MED016,6.14,7,0.86
2026-02-17,ST035,MED017,8.64,9,0.36
2026-02-17,ST035,MED018,3.0,9,6.0
2026-02-17,ST035,MED019,2.21,5,2.79
2026-02-17,ST035,MED020,7.29,8,0.71
2026-02-17,ST035,MED021,8.36,6,2.36
2026-02-17,ST035,MED022,5.21,5,0.21
2026-02-17,ST035,MED023,9.57,10,0.43
2026-02-17,ST035,MED024,10.0,9,1.0
2026-02-17,ST035,MED025,4.14,3,1.14
2026-02-17,ST035,MED026,8.5,8,0.5
2026-02-17,ST035,MED027,8.5,13,4.5
2026-02-17,ST035,MED028,4.0,1,3.0
2026-02-17,ST035,MED029,7.07,1,6.07
2026-02-17,ST035,MED030,3.29,4,0.71
2026-02-17,ST036,MED001,11.14,5,6.14
2026-02-17,ST036,MED002,9.79,7,2.79
2026-02-17,ST036,MED003,2.14,0,2.14
2026-02-17,ST036,MED004,8.14,7,1.14
2026-02-17,ST036,MED005,8.93,11,2.07
2026-02-17,ST036,MED006,8.79,8,0.79
2026-02-17,ST036,MED007,2.71,2,0.71
2026-02-17,ST036,MED008,2.71,4,1.29
2026-02-17,ST036,MED009,8.43,12,3.57
2026-02-17,ST036,MED010,4.0,3,1.0
2026-02-17,ST036,MED011,9.43,11,1.57
2026-02-17,ST036,MED012,8.5,9,0.5
2026-02-17,ST036,MED013,5.36,7,1.64
2026-02-17,ST036,MED014,5.57,2,3.57
2026-02-17,ST036,MED015,10.36,10,0.36
2026-02-17,ST036,MED016,6.29,7,0.71
2026-02-17,ST036,MED017,10.64,13,2.36
2026-02-17,ST036,MED018,5.79,4,1.79
2026-02-17,ST036,MED019,3.0,7,4.0
2026-02-17,ST036,MED020,6.36,1,5.36
2026-02-17,ST036,MED021,9.21,6,3.21
2026-02-17,ST036,MED022,6.0,10,4.0
2026-02-17,ST036,MED023,9.64,11,1.36
2026-02-17,ST036,MED024,10.64,12,1.36
2026-02-17,ST036,MED025,4.86,5,0.14
2026-02-17,ST036,MED026,8.93,6,2.93
2026-02-17,ST036,MED027,10.14,10,0.14
2026-02-17,ST036,MED028,5.36,4,1.36
2026-02-17,ST036,MED029,7.07,5,2.07
2026-02-17,ST036,MED030,5.14,5,0.14
2026-02-17,ST037,MED001,11.0,8,3.0
2026-02-17,ST037,MED002,10.43,10,0.43
2026-02-17,ST037,MED003,3.43,0,3.43
2026-02-17,ST037,MED004,7.64,5,2.64
2026-02-17,ST037,MED005,11.07,11,0.07
2026-02-17,ST037,MED006,10.07,7,3.07
2026-02-17,ST037,MED007,3.0,5,2.0
2026-02-17,ST037,MED008,2.86,1,1.86
2026-02-17,ST037,MED009,10.43,16,5.57
2026-02-17,ST037,MED010,3.64,0,3.64
2026-02-17,ST037,MED011,11.07,11,0.07
2026-02-17,ST037,MED012,10.0,11,1.0
2026-02-17,ST037,MED013,6.21,6,0.21
2026-02-17,ST037,MED014,5.14,3,2.14
2026-02-17,ST037,MED015,11.43,11,0.43
2026-02-17,ST037,MED016,7.0,7,0.0
2026-02-17,ST037,MED017,10.29,10,0.29
2026-02-17,ST037,MED018,6.14,12,5.86
2026-02-17,ST037,MED019,4.0,0,4.0
2026-02-17,ST037,MED020,7.07,7,0.07
2026-02-17,ST037,MED021,10.0,9,1.0
2026-02-17,ST037,MED022,6.5,5,1.5
2026-02-17,ST037,MED023,10.5,7,3.5
2026-02-17,ST037,MED024,12.14,16,3.86
2026-02-17,ST037,MED025,6.07,8,1.93
2026-02-17,ST037,MED026,11.0,14,3.0
2026-02-17,ST037,MED027,13.07,11,2.07
2026-02-17,ST037,MED028,5.86,12,6.14
2026-02-17,ST037,MED029,8.71,8,0.71
2026-02-17,ST037,MED030,4.79,0,4.79
2026-02-17,ST038,MED001,11.86,11,0.86
2026-02-17,ST038,MED002,10.86,12,1.14
2026-02-17,ST038,MED003,3.29,2,1.29
2026-02-17,ST038,MED004,8.93,8,0.93
2026-02-17,ST038,MED005,13.14,13,0.14
2026-02-17,ST038,MED006,11.07,12,0.93
2026-02-17,ST038,MED007,3.43,1,2.43
2026-02-17,ST038,MED008,3.0,1,2.0
2026-02-17,ST038,MED009,11.5,7,4.5
2026-02-17,ST038,MED010,4.71,2,2.71
2026-02-17,ST038,MED011,11.64,7,4.64
2026-02-17,ST038,MED012,11.29,9,2.29
2026-02-17,ST038,MED013,7.14,12,4.86
2026-02-17,ST038,MED014,5.43,8,2.57
2026-02-17,ST038,MED015,13.86,10,3.86
2026-02-17,ST038,MED016,6.71,6,0.71
2026-02-17,ST038,MED017,11.0,12,1.0
2026-02-17,ST038,MED018,6.64,2,4.64
2026-02-17,ST038,MED019,3.29,4,0.71
2026-02-17,ST038,MED020,7.36,6,1.36
2026-02-17,ST038,MED021,10.0,11,1.0
2026-02-17,ST038,MED022,7.5,3,4.5
2026-02-17,ST038,MED023,11.64,11,0.64
2026-02-17,ST038,MED024,12.43,12,0.43
2026-02-17,ST038,MED025,7.64,7,0.64
2026-02-17,ST038,MED026,11.79,12,0.21
2026-02-17,ST038,MED027,12.79,14,1.21
2026-02-17,ST038,MED028,5.21,10,4.79
2026-02-17,ST038,MED029,10.0,13,3.0
2026-02-17,ST038,MED030,4.64,3,1.64
2026-02-17,ST039,MED001,13.14,14,0.86
2026-02-17,ST039,MED002,12.57,10,2.57
2026-02-17,ST039,MED003,4.0,4,0.0
2026-02-17,ST039,MED004,10.21,3,7.21
2026-02-17,ST039,MED005,12.64,16,3.36
2026-02-17,ST039,MED006,13.07,10,3.07
2026-02-17,ST039,MED007,4.36,4,0.36
2026-02-17,ST039,MED008,4.07,0,4.07
2026-02-17,ST039,MED009,11.71,13,1.29
2026-02-17,ST039,MED010,5.36,7,1.64
2026-02-17,ST039,MED011,12.29,12,0.29
2026-02-17,ST039,MED012,12.0,13,1.0
2026-02-17,ST039,MED013,8.36,10,1.64
2026-02-17,ST039,MED014,6.93,3,3.93
2026-02-17,ST039,MED015,13.79,12,1.79
2026-02-17,ST039,MED016,8.0,11,3.0
2026-02-17,ST039,MED017,12.86,11,1.86
2026-02-17,ST039,MED018,7.57,2,5.57
2026-02-17,ST039,MED019,3.36,2,1.36
2026-02-17,ST039,MED020,7.79,4,3.79
2026-02-17,ST039,MED021,11.79,11,0.79
2026-02-17,ST039,MED022,7.21,6,1.21
2026-02-17,ST039,MED023,12.57,11,1.57
2026-02-17,ST039,MED024,14.07,12,2.07
2026-02-17,ST039,MED025,7.14,7,0.14
2026-02-17,ST039,MED026,12.36,11,1.36
2026-02-17,ST039,MED027,14.64,14,0.64
2026-02-17,ST039,MED028,6.64,7,0.36
2026-02-17,ST039,MED029,10.29,9,1.29
2026-02-17,ST039,MED030,5.93,6,0.07
2026-02-17,ST040,MED001,13.71,14,0.29
2026-02-17,ST040,MED002,13.0,17,4.0
2026-02-17,ST040,MED003,3.43,2,1.43
2026-02-17,ST040,MED004,10.29,11,0.71
2026-02-17,ST040,MED005,14.29,13,1.29
2026-02-17,ST040,MED006,12.0,15,3.0
2026-02-17,ST040,MED007,3.86,4,0.14
2026-02-17,ST040,MED008,3.36,3,0.36
2026-02-17,ST040,MED009,12.93,14,1.07
2026-02-17,ST040,MED010,5.29,4,1.29
2026-02-17,ST040,MED011,13.36,15,1.64
2026-02-17,ST040,MED012,12.57,11,1.57
2026-02-17,ST040,MED013,8.64,11,2.36
2026-02-17,ST040,MED014,7.93,5,2.93
2026-02-17,ST040,MED015,16.71,14,2.71
2026-02-17,ST040,MED016,8.57,12,3.43
2026-02-17,ST040,MED017,13.0,14,1.0
2026-02-17,ST040,MED018,7.07,7,0.07
2026-02-17,ST040,MED019,3.79,8,4.21
2026-02-17,ST040,MED020,8.14,12,3.86
2026-02-17,ST040,MED021,12.21,11,1.21
2026-02-17,ST040,MED022,7.36,6,1.36
2026-02-17,ST040,MED023,13.36,15,1.64
2026-02-17,ST040,MED024,15.64,15,0.64
2026-02-17,ST040,MED025,7.93,6,1.93
2026-02-17,ST040,MED026,13.21,14,0.79
2026-02-17,ST040,MED027,15.0,14,1.0
2026-02-17,ST040,MED028,7.36,6,1.36
2026-02-17,ST040,MED029,11.57,8,3.57
2026-02-17,ST040,MED030,6.29,6,0.29
2026-02-18,ST001,MED001,9.57,9,0.57
2026-02-18,ST001,MED002,8.86,9,0.14
2026-02-18,ST001,MED003,2.71,2,0.71
2026-02-18,ST001,MED004,6.86,8,1.14
2026-02-18,ST001,MED005,9.71,9,0.71
2026-02-18,ST001,MED006,8.79,15,6.21
2026-02-18,ST001,MED007,1.71,3,1.29
2026-02-18,ST001,MED008,2.5,5,2.5
2026-02-18,ST001,MED009,8.21,7,1.21
2026-02-18,ST001,MED010,3.57,3,0.57
2026-02-18,ST001,MED011,9.79,10,0.21
2026-02-18,ST001,MED012,8.93,7,1.93
2026-02-18,ST001,MED013,6.57,7,0.43
2026-02-18,ST001,MED014,4.57,2,2.57
2026-02-18,ST001,MED015,9.93,7,2.93
2026-02-18,ST001,MED016,6.64,7,0.36
2026-02-18,ST001,MED017,8.86,5,3.86
2026-02-18,ST001,MED018,5.71,7,1.29
2026-02-18,ST001,MED019,3.86,4,0.14
2026-02-18,ST001,MED020,6.43,5,1.43
2026-02-18,ST001,MED021,8.93,8,0.93
2026-02-18,ST001,MED022,6.0,5,1.0
2026-02-18,ST001,MED023,9.07,10,0.93
2026-02-18,ST001,MED024,10.21,11,0.79
2026-02-18,ST001,MED025,5.0,5,0.0
2026-02-18,ST001,MED026,10.29,10,0.29
2026-02-18,ST001,MED027,10.5,14,3.5
2026-02-18,ST001,MED028,5.43,5,0.43
2026-02-18,ST001,MED029,8.14,5,3.14
2026-02-18,ST001,MED030,4.14,4,0.14
2026-02-18,ST002,MED001,10.5,12,1.5
2026-02-18,ST002,MED002,9.43,11,1.57
2026-02-18,ST002,MED003,3.36,0,3.36
2026-02-18,ST002,MED004,8.29,8,0.29
2026-02-18,ST002,MED005,11.36,8,3.36
2026-02-18,ST002,MED006,9.86,12,2.14
2026-02-18,ST002,MED007,3.07,7,3.93
2026-02-18,ST002,MED008,3.36,1,2.36
2026-02-18,ST002,MED009,10.07,11,0.93
2026-02-18,ST002,MED010,3.71,4,0.29
2026-02-18,ST002,MED011,10.93,13,2.07
2026-02-18,ST002,MED012,9.71,10,0.29
2026-02-18,ST002,MED013,7.0,7,0.0
2026-02-18,ST002,MED014,5.5,6,0.5
2026-02-18,ST002,MED015,11.07,7,4.07
2026-02-18,ST002,MED016,8.0,5,3.0
2026-02-18,ST002,MED017,11.21,11,0.21
2026-02-18,ST002,MED018,5.07,5,0.07
2026-02-18,ST002,MED019,2.71,3,0.29
2026-02-18,ST002,MED020,6.21,6,0.21
2026-02-18,ST002,MED021,10.36,9,1.36
2026-02-18,ST002,MED022,7.57,7,0.57
2026-02-18,ST002,MED023,10.93,13,2.07
2026-02-18,ST002,MED024,12.0,13,1.0
2026-02-18,ST002,MED025,5.93,4,1.93
2026-02-18,ST002,MED026,11.07,14,2.93
2026-02-18,ST002,MED027,11.79,14,2.21
2026-02-18,ST002,MED028,6.29,7,0.71
2026-02-18,ST002,MED029,8.64,7,1.64
2026-02-18,ST002,MED030,4.86,5,0.14
2026-02-18,ST003,MED001,11.71,22,10.29
2026-02-18,ST003,MED002,11.86,16,4.14
2026-02-18,ST003,MED003,2.36,2,0.36
2026-02-18,ST003,MED004,8.29,9,0.71
2026-02-18,ST003,MED005,12.5,9,3.5
2026-02-18,ST003,MED006,10.79,13,2.21
2026-02-18,ST003,MED007,3.36,3,0.36
2026-02-18,ST003,MED008,3.07,1,2.07
2026-02-18,ST003,MED009,10.86,9,1.86
2026-02-18,ST003,MED010,4.5,7,2.5
2026-02-18,ST003,MED011,11.93,8,3.93
2026-02-18,ST003,MED012,9.86,13,3.14
2026-02-18,ST003,MED013,7.71,7,0.71
2026-02-18,ST003,MED014,4.71,9,4.29
2026-02-18,ST003,MED015,13.43,11,2.43
2026-02-18,ST003,MED016,7.29,6,1.29
2026-02-18,ST003,MED017,10.93,12,1.07
2026-02-18,ST003,MED018,5.71,5,0.71
2026-02-18,ST003,MED019,3.43,0,3.43
2026-02-18,ST003,MED020,6.71,6,0.71
2026-02-18,ST003,MED021,9.71,13,3.29
2026-02-18,ST003,MED022,7.29,8,0.71
2026-02-18,ST003,MED023,11.21,13,1.79
2026-02-18,ST003,MED024,13.5,10,3.5
2026-02-18,ST003,MED025,6.71,6,0.71
2026-02-18,ST003,MED026,12.07,13,0.93
2026-02-18,ST003,MED027,12.57,13,0.43
2026-02-18,ST003,MED028,5.64,7,1.36
2026-02-18,ST003,MED029,9.36,9,0.36
2026-02-18,ST003,MED030,5.14,10,4.86
2026-02-18,ST004,MED001,12.14,12,0.14
2026-02-18,ST004,MED002,11.64,13,1.36
2026-02-18,ST004,MED003,2.5,0,2.5
2026-02-18,ST004,MED004,9.14,10,0.86
2026-02-18,ST004,MED005,12.79,12,0.79
2026-02-18,ST004,MED006,10.5,9,1.5
2026-02-18,ST004,MED007,3.79,4,0.21
2026-02-18,ST004,MED008,4.43,2,2.43
2026-02-18,ST004,MED009,13.86,7,6.86
2026-02-18,ST004,MED010,3.79,5,1.21
2026-02-18,ST004,MED011,12.07,13,0.93
2026-02-18,ST004,MED012,11.07,13,1.93
2026-02-18,ST004,MED013,7.86,5,2.86
2026-02-18,ST004,MED014,5.64,3,2.64
2026-02-18,ST004,MED015,15.07,13,2.07
2026-02-18,ST004,MED016,7.79,9,1.21
2026-02-18,ST004,MED017,12.0,10,2.0
2026-02-18,ST004,MED018,7.43,7,0.43
2026-02-18,ST004,MED019,3.57,2,1.57
2026-02-18,ST004,MED020,7.93,7,0.93
2026-02-18,ST004,MED021,11.57,11,0.57
2026-02-18,ST004,MED022,9.0,10,1.0
2026-02-18,ST004,MED023,12.71,10,2.71
2026-02-18,ST004,MED024,14.29,17,2.71
2026-02-18,ST004,MED025,6.43,5,1.43
2026-02-18,ST004,MED026,13.0,17,4.0
2026-02-18,ST004,MED027,14.36,14,0.36
2026-02-18,ST004,MED028,8.0,4,4.0
2026-02-18,ST004,MED029,10.71,13,2.29
2026-02-18,ST004,MED030,5.93,7,1.07
2026-02-18,ST005,MED001,13.43,13,0.43
2026-02-18,ST005,MED002,14.43,13,1.43
2026-02-18,ST005,MED003,3.0,5,2.0
2026-02-18,ST005,MED004,10.21,14,3.79
2026-02-18,ST005,MED005,13.93,25,11.07
2026-02-18,ST005,MED006,12.07,12,0.07
2026-02-18,ST005,MED007,3.57,4,0.43
2026-02-18,ST005,MED008,4.07,3,1.07
2026-02-18,ST005,MED009,13.0,13,0.0
2026-02-18,ST005,MED010,5.5,2,3.5
2026-02-18,ST005,MED011,13.71,14,0.29
2026-02-18,ST005,MED012,11.64,13,1.36
2026-02-18,ST005,MED013,9.07,6,3.07
2026-02-18,ST005,MED014,6.21,7,0.79
2026-02-18,ST005,MED015,16.5,15,1.5
2026-02-18,ST005,MED016,8.43,8,0.43
2026-02-18,ST005,MED017,13.57,12,1.57
2026-02-18,ST005,MED018,6.64,4,2.64
2026-02-18,ST005,MED019,3.86,0,3.86
2026-02-18,ST005,MED020,8.79,6,2.79
2026-02-18,ST005,MED021,12.71,10,2.71
2026-02-18,ST005,MED022,9.29,6,3.29
2026-02-18,ST005,MED023,13.5,17,3.5
2026-02-18,ST005,MED024,15.07,15,0.07
2026-02-18,ST005,MED025,7.29,7,0.29
2026-02-18,ST005,MED026,14.14,16,1.86
2026-02-18,ST005,MED027,14.29,13,1.29
2026-02-18,ST005,MED028,7.71,11,3.29
2026-02-18,ST005,MED029,10.86,11,0.14
2026-02-18,ST005,MED030,5.93,9,3.07
2026-02-18,ST006,MED001,14.29,12,2.29
2026-02-18,ST006,MED002,15.71,11,4.71
2026-02-18,ST006,MED003,4.14,3,1.14
2026-02-18,ST006,MED004,10.29,11,0.71
2026-02-18,ST006,MED005,13.93,15,1.07
2026-02-18,ST006,MED006,13.57,13,0.57
2026-02-18,ST006,MED007,4.93,2,2.93
2026-02-18,ST006,MED008,4.21,9,4.79
2026-02-18,ST006,MED009,14.21,16,1.79
2026-02-18,ST006,MED010,5.29,6,0.71
2026-02-18,ST006,MED011,15.64,11,4.64
2026-02-18,ST006,MED012,13.21,13,0.21
2026-02-18,ST006,MED013,10.64,11,0.36
2026-02-18,ST006,MED014,7.0,12,5.0
2026-02-18,ST006,MED015,18.07,13,5.07
2026-02-18,ST006,MED016,9.29,9,0.29
2026-02-18,ST006,MED017,13.79,14,0.21
2026-02-18,ST006,MED018,7.71,7,0.71
2026-02-18,ST006,MED019,2.86,3,0.14
2026-02-18,ST006,MED020,8.71,12,3.29
2026-02-18,ST006,MED021,13.07,15,1.93
2026-02-18,ST006,MED022,10.07,8,2.07
2026-02-18,ST006,MED023,14.07,14,0.07
2026-02-18,ST006,MED024,15.43,15,0.43
2026-02-18,ST006,MED025,8.43,8,0.43
2026-02-18,ST006,MED026,16.14,9,7.14
2026-02-18,ST006,MED027,15.43,18,2.57
2026-02-18,ST006,MED028,8.43,7,1.43
2026-02-18,ST006,MED029,12.07,10,2.07
2026-02-18,ST006,MED030,6.57,7,0.43
2026-02-18,ST007,MED001,8.14,8,0.14
2026-02-18,ST007,MED002,7.93,10,2.07
2026-02-18,ST007,MED003,2.29,0,2.29
2026-02-18,ST007,MED004,5.86,5,0.86
2026-02-18,ST007,MED005,7.43,6,1.43
2026-02-18,ST007,MED006,7.07,4,3.07
2026-02-18,ST007,MED007,3.07,0,3.07
2026-02-18,ST007,MED008,2.0,3,1.0
2026-02-18,ST007,MED009,8.57,5,3.57
2026-02-18,ST007,MED010,3.29,4,0.71
2026-02-18,ST007,MED011,8.86,9,0.14
2026-02-18,ST007,MED012,7.79,13,5.21
2026-02-18,ST007,MED013,5.79,6,0.21
2026-02-18,ST007,MED014,5.07,1,4.07
2026-02-18,ST007,MED015,9.07,10,0.93
2026-02-18,ST007,MED016,5.79,4,1.79
2026-02-18,ST007,MED017,8.71,8,0.71
2026-02-18,ST007,MED018,5.5,2,3.5
2026-02-18,ST007,MED019,2.71,3,0.29
2026-02-18,ST007,MED020,4.36,4,0.36
2026-02-18,ST007,MED021,8.43,6,2.43
2026-02-18,ST007,MED022,6.21,0,6.21
2026-02-18,ST007,MED023,8.29,10,1.71
2026-02-18,ST007,MED024,10.07,9,1.07
2026-02-18,ST007,MED025,4.64,6,1.36
2026-02-18,ST007,MED026,8.57,9,0.43
2026-02-18,ST007,MED027,8.21,10,1.79
2026-02-18,ST007,MED028,4.93,1,3.93
2026-02-18,ST007,MED029,6.86,5,1.86
2026-02-18,ST007,MED030,4.07,11,6.93
2026-02-18,ST008,MED001,9.64,9,0.64
2026-02-18,ST008,MED002,10.86,8,2.86
2026-02-18,ST008,MED003,2.21,3,0.79
2026-02-18,ST008,MED004,6.93,7,0.07
2026-02-18,ST008,MED005,9.29,6,3.29
2026-02-18,ST008,MED006,8.36,11,2.64
2026-02-18,ST008,MED007,3.21,3,0.21
2026-02-18,ST008,MED008,3.86,4,0.14
2026-02-18,ST008,MED009,9.0,8,1.0
2026-02-18,ST008,MED010,4.0,2,2.0
2026-02-18,ST008,MED011,9.93,10,0.07
2026-02-18,ST008,MED012,9.14,9,0.14
2026-02-18,ST008,MED013,6.64,4,2.64
2026-02-18,ST008,MED014,5.64,6,0.36
2026-02-18,ST008,MED015,10.64,9,1.64
2026-02-18,ST008,MED016,6.86,5,1.86
2026-02-18,ST008,MED017,11.36,4,7.36
2026-02-18,ST008,MED018,4.29,4,0.29
2026-02-18,ST008,MED019,3.07,2,1.07
2026-02-18,ST008,MED020,7.43,6,1.43
2026-02-18,ST008,MED021,8.57,6,2.57
2026-02-18,ST008,MED022,4.21,7,2.79
2026-02-18,ST008,MED023,11.29,13,1.71
2026-02-18,ST008,MED024,10.36,8,2.36
2026-02-18,ST008,MED025,4.36,7,2.64
2026-02-18,ST008,MED026,11.21,12,0.79
2026-02-18,ST008,MED027,9.79,8,1.79
2026-02-18,ST008,MED028,4.79,8,3.21
2026-02-18,ST008,MED029,7.71,4,3.71
2026-02-18,ST008,MED030,3.36,5,1.64
2026-02-18,ST009,MED001,10.93,5,5.93
2026-02-18,ST009,MED002,10.79,8,2.79
2026-02-18,ST009,MED003,2.64,5,2.36
2026-02-18,ST009,MED004,7.5,9,1.5
2026-02-18,ST009,MED005,11.79,9,2.79
2026-02-18,ST009,MED006,9.79,8,1.79
2026-02-18,ST009,MED007,2.86,6,3.14
2026-02-18,ST009,MED008,2.79,6,3.21
2026-02-18,ST009,MED009,8.64,5,3.64
2026-02-18,ST009,MED010,3.07,3,0.07
2026-02-18,ST009,MED011,11.43,12,0.57
2026-02-18,ST009,MED012,9.29,10,0.71
2026-02-18,ST009,MED013,7.36,7,0.36
2026-02-18,ST009,MED014,4.64,4,0.64
2026-02-18,ST009,MED015,12.14,13,0.86
2026-02-18,ST009,MED016,7.71,10,2.29
2026-02-18,ST009,MED017,11.07,9,2.07
2026-02-18,ST009,MED018,6.21,4,2.21
2026-02-18,ST009,MED019,2.64,0,2.64
2026-02-18,ST009,MED020,7.07,4,3.07
2026-02-18,ST009,MED021,9.29,11,1.71
2026-02-18,ST009,MED022,6.71,8,1.29
2026-02-18,ST009,MED023,11.14,10,1.14
2026-02-18,ST009,MED024,11.57,10,1.57
2026-02-18,ST009,MED025,6.29,3,3.29
2026-02-18,ST009,MED026,11.21,11,0.21
2026-02-18,ST009,MED027,11.93,14,2.07
2026-02-18,ST009,MED028,6.07,8,1.93
2026-02-18,ST009,MED029,8.79,6,2.79
2026-02-18,ST009,MED030,5.29,6,0.71
2026-02-18,ST010,MED001,11.64,15,3.36
2026-02-18,ST010,MED002,11.14,11,0.14
2026-02-18,ST010,MED003,3.86,2,1.86
2026-02-18,ST010,MED004,7.57,9,1.43
2026-02-18,ST010,MED005,10.71,9,1.71
2026-02-18,ST010,MED006,10.86,24,13.14
2026-02-18,ST010,MED007,4.93,3,1.93
2026-02-18,ST010,MED008,2.21,4,1.79
2026-02-18,ST010,MED009,9.86,12,2.14
2026-02-18,ST010,MED010,3.71,9,5.29
2026-02-18,ST010,MED011,12.14,7,5.14
2026-02-18,ST010,MED012,11.21,10,1.21
2026-02-18,ST010,MED013,7.79,9,1.21
2026-02-18,ST010,MED014,4.93,6,1.07
2026-02-18,ST010,MED015,14.29,10,4.29
2026-02-18,ST010,MED016,6.36,5,1.36
2026-02-18,ST010,MED017,10.93,11,0.07
2026-02-18,ST010,MED018,6.5,6,0.5
2026-02-18,ST010,MED019,2.57,3,0.43
2026-02-18,ST010,MED020,8.79,4,4.79
2026-02-18,ST010,MED021,10.64,14,3.36
2026-02-18,ST010,MED022,8.43,7,1.43
2026-02-18,ST010,MED023,10.93,9,1.93
2026-02-18,ST010,MED024,12.14,15,2.86
2026-02-18,ST010,MED025,5.64,9,3.36
2026-02-18,ST010,MED026,12.14,11,1.14
2026-02-18,ST010,MED027,12.21,14,1.79
2026-02-18,ST010,MED028,5.36,9,3.64
2026-02-18,ST010,MED029,9.86,11,1.14
2026-02-18,ST010,MED030,5.93,1,4.93
2026-02-18,ST011,MED001,12.29,13,0.71
2026-02-18,ST011,MED002,14.14,10,4.14
2026-02-18,ST011,MED003,4.36,6,1.64
2026-02-18,ST011,MED004,7.07,4,3.07
2026-02-18,ST011,MED005,13.29,12,1.29
2026-02-18,ST011,MED006,11.21,10,1.21
2026-02-18,ST011,MED007,2.5,4,1.5
2026-02-18,ST011,MED008,4.36,3,1.36
2026-02-18,ST011,MED009,12.14,10,2.14
2026-02-18,ST011,MED010,5.21,6,0.79
2026-02-18,ST011,MED011,12.93,14,1.07
2026-02-18,ST011,MED012,12.29,13,0.71
2026-02-18,ST011,MED013,7.57,11,3.43
2026-02-18,ST011,MED014,5.43,5,0.43
2026-02-18,ST011,MED015,13.79,11,2.79
2026-02-18,ST011,MED016,7.64,8,0.36
2026-02-18,ST011,MED017,13.14,12,1.14
2026-02-18,ST011,MED018,6.5,7,0.5
2026-02-18,ST011,MED019,5.07,3,2.07
2026-02-18,ST011,MED020,6.71,9,2.29
2026-02-18,ST011,MED021,11.0,13,2.0
2026-02-18,ST011,MED022,7.5,7,0.5
2026-02-18,ST011,MED023,12.5,14,1.5
2026-02-18,ST011,MED024,13.64,14,0.36
2026-02-18,ST011,MED025,6.29,6,0.29
2026-02-18,ST011,MED026,13.0,10,3.0
2026-02-18,ST011,MED027,13.43,7,6.43
2026-02-18,ST011,MED028,7.36,6,1.36
2026-02-18,ST011,MED029,11.07,11,0.07
2026-02-18,ST011,MED030,5.93,7,1.07
2026-02-18,ST012,MED001,12.93,14,1.07
2026-02-18,ST012,MED002,13.93,16,2.07
2026-02-18,ST012,MED003,3.07,3,0.07
2026-02-18,ST012,MED004,9.57,8,1.57
2026-02-18,ST012,MED005,14.57,9,5.57
2026-02-18,ST012,MED006,11.36,16,4.64
2026-02-18,ST012,MED007,3.43,4,0.57
2026-02-18,ST012,MED008,3.79,4,0.21
2026-02-18,ST012,MED009,13.43,14,0.57
2026-02-18,ST012,MED010,5.14,5,0.14
2026-02-18,ST012,MED011,14.0,10,4.0
2026-02-18,ST012,MED012,13.21,10,3.21
2026-02-18,ST012,MED013,8.57,9,0.43
2026-02-18,ST012,MED014,6.71,4,2.71
2026-02-18,ST012,MED015,14.86,15,0.14
2026-02-18,ST012,MED016,9.93,9,0.93
2026-02-18,ST012,MED017,15.07,18,2.93
2026-02-18,ST012,MED018,9.0,8,1.0
2026-02-18,ST012,MED019,4.21,8,3.79
2026-02-18,ST012,MED020,8.21,7,1.21
2026-02-18,ST012,MED021,12.43,15,2.57
2026-02-18,ST012,MED022,8.07,7,1.07
2026-02-18,ST012,MED023,13.43,11,2.43
2026-02-18,ST012,MED024,14.79,14,0.79
2026-02-18,ST012,MED025,7.36,9,1.64
2026-02-18,ST012,MED026,14.64,15,0.36
2026-02-18,ST012,MED027,13.86,14,0.14
2026-02-18,ST012,MED028,6.93,9,2.07
2026-02-18,ST012,MED029,12.29,9,3.29
2026-02-18,ST012,MED030,6.43,6,0.43
2026-02-18,ST013,MED001,15.64,17,1.36
2026-02-18,ST013,MED002,15.29,15,0.29
2026-02-18,ST013,MED003,4.14,5,0.86
2026-02-18,ST013,MED004,11.0,10,1.0
2026-02-18,ST013,MED005,15.93,12,3.93
2026-02-18,ST013,MED006,14.29,11,3.29
2026-02-18,ST013,MED007,4.0,3,1.0
2026-02-18,ST013,MED008,4.14,6,1.86
2026-02-18,ST013,MED009,12.93,12,0.93
2026-02-18,ST013,MED010,4.57,4,0.57
2026-02-18,ST013,MED011,14.93,11,3.93
2026-02-18,ST013,MED012,14.21,16,1.79
2026-02-18,ST013,MED013,10.43,9,1.43
2026-02-18,ST013,MED014,7.5,4,3.5
2026-02-18,ST013,MED015,16.57,16,0.57
2026-02-18,ST013,MED016,9.36,7,2.36
2026-02-18,ST013,MED017,14.79,15,0.21
2026-02-18,ST013,MED018,8.0,10,2.0
2026-02-18,ST013,MED019,3.64,4,0.36
2026-02-18,ST013,MED020,10.93,7,3.93
2026-02-18,ST013,MED021,13.86,14,0.14
2026-02-18,ST013,MED022,9.29,8,1.29
2026-02-18,ST013,MED023,15.14,12,3.14
2026-02-18,ST013,MED024,17.71,15,2.71
2026-02-18,ST013,MED025,9.5,4,5.5
2026-02-18,ST013,MED026,14.29,27,12.71
2026-02-18,ST013,MED027,17.14,16,1.14
2026-02-18,ST013,MED028,8.86,11,2.14
2026-02-18,ST013,MED029,12.07,11,1.07
2026-02-18,ST013,MED030,7.0,12,5.0
2026-02-18,ST014,MED001,8.5,10,1.5
2026-02-18,ST014,MED002,9.29,8,1.29
2026-02-18,ST014,MED003,1.79,3,1.21
2026-02-18,ST014,MED004,6.21,5,1.21
2026-02-18,ST014,MED005,9.29,12,2.71
2026-02-18,ST014,MED006,9.79,6,3.79
2026-02-18,ST014,MED007,2.0,2,0.0
2026-02-18,ST014,MED008,3.71,2,1.71
2026-02-18,ST014,MED009,7.64,12,4.36
2026-02-18,ST014,MED010,3.86,2,1.86
2026-02-18,ST014,MED011,9.93,9,0.93
2026-02-18,ST014,MED012,6.86,9,2.14
2026-02-18,ST014,MED013,5.07,7,1.93
2026-02-18,ST014,MED014,2.43,4,1.57
2026-02-18,ST014,MED015,9.07,9,0.07
2026-02-18,ST014,MED016,5.93,4,1.93
2026-02-18,ST014,MED017,8.71,5,3.71
2026-02-18,ST014,MED018,4.43,7,2.57
2026-02-18,ST014,MED019,3.43,3,0.43
2026-02-18,ST014,MED020,5.29,8,2.71
2026-02-18,ST014,MED021,8.14,6,2.14
2026-02-18,ST014,MED022,5.43,6,0.57
2026-02-18,ST014,MED023,8.5,5,3.5
2026-02-18,ST014,MED024,8.07,11,2.93
2026-02-18,ST014,MED025,4.86,2,2.86
2026-02-18,ST014,MED026,8.14,13,4.86
2026-02-18,ST014,MED027,9.93,10,0.07
2026-02-18,ST014,MED028,4.64,2,2.64
2026-02-18,ST014,MED029,8.14,6,2.14
2026-02-18,ST014,MED030,4.43,6,1.57
2026-02-18,ST015,MED001,9.93,10,0.07
2026-02-18,ST015,MED002,10.79,8,2.79
2026-02-18,ST015,MED003,3.14,3,0.14
2026-02-18,ST015,MED004,7.29,6,1.29
2026-02-18,ST015,MED005,8.36,9,0.64
2026-02-18,ST015,MED006,8.21,8,0.21
2026-02-18,ST015,MED007,2.21,6,3.79
2026-02-18,ST015,MED008,2.79,6,3.21
2026-02-18,ST015,MED009,8.29,8,0.29
2026-02-18,ST015,MED010,2.93,5,2.07
2026-02-18,ST015,MED011,10.0,8,2.0
2026-02-18,ST015,MED012,9.64,2,7.64
2026-02-18,ST015,MED013,5.29,4,1.29
2026-02-18,ST015,MED014,3.93,3,0.93
2026-02-18,ST015,MED015,11.86,8,3.86
2026-02-18,ST015,MED016,6.57,5,1.57
2026-02-18,ST015,MED017,9.0,8,1.0
2026-02-18,ST015,MED018,4.5,6,1.5
2026-02-18,ST015,MED019,2.29,0,2.29
2026-02-18,ST015,MED020,6.07,6,0.07
2026-02-18,ST015,MED021,8.86,13,4.14
2026-02-18,ST015,MED022,6.86,7,0.14
2026-02-18,ST015,MED023,9.86,4,5.86
2026-02-18,ST015,MED024,10.57,12,1.43
2026-02-18,ST015,MED025,5.29,7,1.71
2026-02-18,ST015,MED026,8.71,7,1.71
2026-02-18,ST015,MED027,10.86,9,1.86
2026-02-18,ST015,MED028,6.36,3,3.36
2026-02-18,ST015,MED029,7.79,5,2.79
2026-02-18,ST015,MED030,4.07,1,3.07
2026-02-18,ST016,MED001,10.86,14,3.14
2026-02-18,ST016,MED002,10.0,10,0.0
2026-02-18,ST016,MED003,3.79,2,1.79
2026-02-18,ST016,MED004,7.43,10,2.57
2026-02-18,ST016,MED005,10.43,12,1.57
2026-02-18,ST016,MED006,9.64,8,1.64
2026-02-18,ST016,MED007,2.43,4,1.57
2026-02-18,ST016,MED008,3.5,0,3.5
2026-02-18,ST016,MED009,9.71,12,2.29
2026-02-18,ST016,MED010,4.14,4,0.14
2026-02-18,ST016,MED011,10.71,12,1.29
2026-02-18,ST016,MED012,10.0,10,0.0
2026-02-18,ST016,MED013,7.0,4,3.0
2026-02-18,ST016,MED014,5.43,2,3.43
2026-02-18,ST016,MED015,13.07,14,0.93
2026-02-18,ST016,MED016,6.79,5,1.79
2026-02-18,ST016,MED017,9.79,10,0.21
2026-02-18,ST016,MED018,6.14,6,0.14
2026-02-18,ST016,MED019,3.36,3,0.36
2026-02-18,ST016,MED020,7.71,9,1.29
2026-02-18,ST016,MED021,10.07,10,0.07
2026-02-18,ST016,MED022,6.93,5,1.93
2026-02-18,ST016,MED023,10.93,14,3.07
2026-02-18,ST016,MED024,11.64,12,0.36
2026-02-18,ST016,MED025,6.36,5,1.36
2026-02-18,ST016,MED026,10.43,10,0.43
2026-02-18,ST016,MED027,11.86,13,1.14
2026-02-18,ST016,MED028,6.21,5,1.21
2026-02-18,ST016,MED029,8.29,12,3.71
2026-02-18,ST016,MED030,6.0,3,3.0
2026-02-18,ST017,MED001,11.93,12,0.07
2026-02-18,ST017,MED002,11.57,12,0.43
2026-02-18,ST017,MED003,3.0,4,1.0
2026-02-18,ST017,MED004,8.0,7,1.0
2026-02-18,ST017,MED005,11.71,5,6.71
2026-02-18,ST017,MED006,10.64,11,0.36
2026-02-18,ST017,MED007,2.43,5,2.57
2026-02-18,ST017,MED008,4.29,3,1.29
2026-02-18,ST017,MED009,11.36,10,1.36
2026-02-18,ST017,MED010,4.64,4,0.64
2026-02-18,ST017,MED011,12.14,11,1.14
2026-02-18,ST017,MED012,10.93,9,1.93
2026-02-18,ST017,MED013,6.86,6,0.86
2026-02-18,ST017,MED014,5.5,7,1.5
2026-02-18,ST017,MED015,13.71,13,0.71
2026-02-18,ST017,MED016,6.79,7,0.21
2026-02-18,ST017,MED017,11.14,9,2.14
2026-02-18,ST017,MED018,5.43,6,0.57
2026-02-18,ST017,MED019,2.36,3,0.64
2026-02-18,ST017,MED020,7.0,6,1.0
2026-02-18,ST017,MED021,12.14,13,0.86
2026-02-18,ST017,MED022,6.57,9,2.43
2026-02-18,ST017,MED023,11.36,12,0.64
2026-02-18,ST017,MED024,12.57,14,1.43
2026-02-18,ST017,MED025,6.29,9,2.71
2026-02-18,ST017,MED026,12.36,11,1.36
2026-02-18,ST017,MED027,13.0,14,1.0
2026-02-18,ST017,MED028,5.86,7,1.14
2026-02-18,ST017,MED029,8.43,10,1.57
2026-02-18,ST017,MED030,5.14,5,0.14
2026-02-18,ST018,MED001,12.79,9,3.79
2026-02-18,ST018,MED002,13.71,14,0.29
2026-02-18,ST018,MED003,3.5,5,1.5
2026-02-18,ST018,MED004,9.29,6,3.29
2026-02-18,ST018,MED005,13.43,13,0.43
2026-02-18,ST018,MED006,12.57,7,5.57
2026-02-18,ST018,MED007,4.07,5,0.93
2026-02-18,ST018,MED008,3.43,2,1.43
2026-02-18,ST018,MED009,12.29,10,2.29
2026-02-18,ST018,MED010,4.43,1,3.43
2026-02-18,ST018,MED011,14.0,6,8.0
2026-02-18,ST018,MED012,11.93,6,5.93
2026-02-18,ST018,MED013,7.93,7,0.93
2026-02-18,ST018,MED014,7.29,9,1.71
2026-02-18,ST018,MED015,14.5,16,1.5
2026-02-18,ST018,MED016,7.36,8,0.64
2026-02-18,ST018,MED017,11.21,11,0.21
2026-02-18,ST018,MED018,6.36,9,2.64
2026-02-18,ST018,MED019,4.36,0,4.36
2026-02-18,ST018,MED020,7.57,10,2.43
2026-02-18,ST018,MED021,11.43,11,0.43
2026-02-18,ST018,MED022,8.14,10,1.86
2026-02-18,ST018,MED023,13.36,12,1.36
2026-02-18,ST018,MED024,13.64,14,0.36
2026-02-18,ST018,MED025,6.29,6,0.29
2026-02-18,ST018,MED026,13.43,12,1.43
2026-02-18,ST018,MED027,12.86,13,0.14
2026-02-18,ST018,MED028,7.36,3,4.36
2026-02-18,ST018,MED029,9.79,9,0.79
2026-02-18,ST018,MED030,6.5,5,1.5
2026-02-18,ST019,MED001,12.79,12,0.79
2026-02-18,ST019,MED002,14.36,10,4.36
2026-02-18,ST019,MED003,5.0,6,1.0
2026-02-18,ST019,MED004,9.79,12,2.21
2026-02-18,ST019,MED005,14.86,12,2.86
2026-02-18,ST019,MED006,13.21,14,0.79
2026-02-18,ST019,MED007,3.79,4,0.21
2026-02-18,ST019,MED008,4.29,7,2.71
2026-02-18,ST019,MED009,12.79,14,1.21
2026-02-18,ST019,MED010,5.36,4,1.36
2026-02-18,ST019,MED011,14.79,12,2.79
2026-02-18,ST019,MED012,12.21,13,0.79
2026-02-18,ST019,MED013,8.43,11,2.57
2026-02-18,ST019,MED014,5.5,7,1.5
2026-02-18,ST019,MED015,14.71,13,1.71
2026-02-18,ST019,MED016,8.29,7,1.29
2026-02-18,ST019,MED017,13.93,14,0.07
2026-02-18,ST019,MED018,7.79,7,0.79
2026-02-18,ST019,MED019,3.93,4,0.07
2026-02-18,ST019,MED020,8.64,8,0.64
2026-02-18,ST019,MED021,11.14,14,2.86
2026-02-18,ST019,MED022,9.07,7,2.07
2026-02-18,ST019,MED023,13.5,11,2.5
2026-02-18,ST019,MED024,16.21,15,1.21
2026-02-18,ST019,MED025,7.43,7,0.43
2026-02-18,ST019,MED026,14.79,12,2.79
2026-02-18,ST019,MED027,14.29,12,2.29
2026-02-18,ST019,MED028,7.29,14,6.71
2026-02-18,ST019,MED029,10.93,6,4.93
2026-02-18,ST019,MED030,6.64,7,0.36
2026-02-18,ST020,MED001,14.93,13,1.93
2026-02-18,ST020,MED002,13.93,14,0.07
2026-02-18,ST020,MED003,3.71,3,0.71
2026-02-18,ST020,MED004,9.79,11,1.21
2026-02-18,ST020,MED005,14.29,14,0.29
2026-02-18,ST020,MED006,12.57,14,1.43
2026-02-18,ST020,MED007,4.07,6,1.93
2026-02-18,ST020,MED008,4.36,1,3.36
2026-02-18,ST020,MED009,13.43,13,0.43
2026-02-18,ST020,MED010,5.29,4,1.29
2026-02-18,ST020,MED011,14.43,24,9.57
2026-02-18,ST020,MED012,13.36,13,0.36
2026-02-18,ST020,MED013,9.93,7,2.93
2026-02-18,ST020,MED014,7.14,7,0.14
2026-02-18,ST020,MED015,15.5,13,2.5
2026-02-18,ST020,MED016,9.86,10,0.14
2026-02-18,ST020,MED017,15.57,9,6.57
2026-02-18,ST020,MED018,8.14,10,1.86
2026-02-18,ST020,MED019,5.0,2,3.0
2026-02-18,ST020,MED020,8.64,10,1.36
2026-02-18,ST020,MED021,14.71,13,1.71
2026-02-18,ST020,MED022,9.79,13,3.21
2026-02-18,ST020,MED023,14.64,16,1.36
2026-02-18,ST020,MED024,16.36,17,0.64
2026-02-18,ST020,MED025,7.43,7,0.43
2026-02-18,ST020,MED026,14.29,16,1.71
2026-02-18,ST020,MED027,17.14,13,4.14
2026-02-18,ST020,MED028,7.79,9,1.21
2026-02-18,ST020,MED029,11.5,12,0.5
2026-02-18,ST020,MED030,6.36,3,3.36
2026-02-18,ST021,MED001,8.5,5,3.5
2026-02-18,ST021,MED002,7.93,10,2.07
2026-02-18,ST021,MED003,2.57,0,2.57
2026-02-18,ST021,MED004,5.64,5,0.64
2026-02-18,ST021,MED005,8.07,9,0.93
2026-02-18,ST021,MED006,8.36,8,0.36
2026-02-18,ST021,MED007,2.29,0,2.29
2026-02-18,ST021,MED008,3.29,5,1.71
2026-02-18,ST021,MED009,8.21,10,1.79
2026-02-18,ST021,MED010,3.36,1,2.36
2026-02-18,ST021,MED011,9.0,7,2.0
2026-02-18,ST021,MED012,8.21,10,1.79
2026-02-18,ST021,MED013,5.57,0,5.57
2026-02-18,ST021,MED014,5.07,3,2.07
2026-02-18,ST021,MED015,9.0,8,1.0
2026-02-18,ST021,MED016,5.71,4,1.71
2026-02-18,ST021,MED017,8.0,7,1.0
2026-02-18,ST021,MED018,5.5,4,1.5
2026-02-18,ST021,MED019,2.57,1,1.57
2026-02-18,ST021,MED020,5.0,7,2.0
2026-02-18,ST021,MED021,7.0,9,2.0
2026-02-18,ST021,MED022,5.21,5,0.21
2026-02-18,ST021,MED023,8.79,10,1.21
2026-02-18,ST021,MED024,9.21,10,0.79
2026-02-18,ST021,MED025,3.86,6,2.14
2026-02-18,ST021,MED026,8.36,10,1.64
2026-02-18,ST021,MED027,9.71,6,3.71
2026-02-18,ST021,MED028,4.21,2,2.21
2026-02-18,ST021,MED029,8.07,6,2.07
2026-02-18,ST021,MED030,3.64,4,0.36
2026-02-18,ST022,MED001,10.57,7,3.57
2026-02-18,ST022,MED002,8.57,7,1.57
2026-02-18,ST022,MED003,3.0,3,0.0
2026-02-18,ST022,MED004,7.71,7,0.71
2026-02-18,ST022,MED005,10.14,9,1.14
2026-02-18,ST022,MED006,8.21,6,2.21
2026-02-18,ST022,MED007,3.21,0,3.21
2026-02-18,ST022,MED008,2.36,3,0.64
2026-02-18,ST022,MED009,9.43,7,2.43
2026-02-18,ST022,MED010,2.79,8,5.21
2026-02-18,ST022,MED011,10.29,10,0.29
2026-02-18,ST022,MED012,8.64,9,0.36
2026-02-18,ST022,MED013,5.57,3,2.57
2026-02-18,ST022,MED014,5.5,3,2.5
2026-02-18,ST022,MED015,10.07,11,0.93
2026-02-18,ST022,MED016,5.71,7,1.29
2026-02-18,ST022,MED017,8.5,7,1.5
2026-02-18,ST022,MED018,4.86,4,0.86
2026-02-18,ST022,MED019,2.79,3,0.21
2026-02-18,ST022,MED020,6.93,8,1.07
2026-02-18,ST022,MED021,9.21,12,2.79
2026-02-18,ST022,MED022,5.79,3,2.79
2026-02-18,ST022,MED023,9.43,7,2.43
2026-02-18,ST022,MED024,13.07,11,2.07
2026-02-18,ST022,MED025,5.79,2,3.79
2026-02-18,ST022,MED026,9.21,12,2.79
2026-02-18,ST022,MED027,11.14,12,0.86
2026-02-18,ST022,MED028,4.64,4,0.64
2026-02-18,ST022,MED029,8.93,9,0.07
2026-02-18,ST022,MED030,3.29,3,0.29
2026-02-18,ST023,MED001,10.64,14,3.36
2026-02-18,ST023,MED002,10.21,16,5.79
2026-02-18,ST023,MED003,2.79,0,2.79
2026-02-18,ST023,MED004,7.29,8,0.71
2026-02-18,ST023,MED005,10.71,10,0.71
2026-02-18,ST023,MED006,10.07,8,2.07
2026-02-18,ST023,MED007,3.14,1,2.14
2026-02-18,ST023,MED008,2.93,5,2.07
2026-02-18,ST023,MED009,9.07,9,0.07
2026-02-18,ST023,MED010,3.86,4,0.14
2026-02-18,ST023,MED011,10.86,13,2.14
2026-02-18,ST023,MED012,8.57,9,0.43
2026-02-18,ST023,MED013,6.21,6,0.21
2026-02-18,ST023,MED014,5.07,6,0.93
2026-02-18,ST023,MED015,11.71,10,1.71
2026-02-18,ST023,MED016,7.64,10,2.36
2026-02-18,ST023,MED017,10.36,10,0.36
2026-02-18,ST023,MED018,6.64,5,1.64
2026-02-18,ST023,MED019,3.07,4,0.93
2026-02-18,ST023,MED020,5.64,7,1.36
2026-02-18,ST023,MED021,10.14,11,0.86
2026-02-18,ST023,MED022,7.29,8,0.71
2026-02-18,ST023,MED023,10.43,20,9.57
2026-02-18,ST023,MED024,12.14,9,3.14
2026-02-18,ST023,MED025,6.0,2,4.0
2026-02-18,ST023,MED026,12.14,9,3.14
2026-02-18,ST023,MED027,12.64,9,3.64
2026-02-18,ST023,MED028,5.79,4,1.79
2026-02-18,ST023,MED029,9.07,11,1.93
2026-02-18,ST023,MED030,5.14,3,2.14
2026-02-18,ST024,MED001,11.36,9,2.36
2026-02-18,ST024,MED002,11.64,9,2.64
2026-02-18,ST024,MED003,2.71,3,0.29
2026-02-18,ST024,MED004,8.71,8,0.71
2026-02-18,ST024,MED005,11.29,13,1.71
2026-02-18,ST024,MED006,11.93,7,4.93
2026-02-18,ST024,MED007,2.57,4,1.43
2026-02-18,ST024,MED008,3.36,4,0.64
2026-02-18,ST024,MED009,10.21,10,0.21
2026-02-18,ST024,MED010,5.07,8,2.93
2026-02-18,ST024,MED011,12.21,22,9.79
2026-02-18,ST024,MED012,10.29,9,1.29
2026-02-18,ST024,MED013,7.5,6,1.5
2026-02-18,ST024,MED014,5.79,11,5.21
2026-02-18,ST024,MED015,12.86,16,3.14
2026-02-18,ST024,MED016,7.21,6,1.21
2026-02-18,ST024,MED017,11.86,10,1.86
2026-02-18,ST024,MED018,6.86,5,1.86
2026-02-18,ST024,MED019,3.86,1,2.86
2026-02-18,ST024,MED020,7.29,9,1.71
2026-02-18,ST024,MED021,9.71,10,0.29
2026-02-18,ST024,MED022,8.21,8,0.21
2026-02-18,ST024,MED023,13.21,11,2.21
2026-02-18,ST024,MED024,11.5,10,1.5
2026-02-18,ST024,MED025,6.0,8,2.0
2026-02-18,ST024,MED026,12.07,12,0.07
2026-02-18,ST024,MED027,12.5,12,0.5
2026-02-18,ST024,MED028,5.93,3,2.93
2026-02-18,ST024,MED029,11.43,11,0.43
2026-02-18,ST024,MED030,5.5,5,0.5
2026-02-18,ST025,MED001,12.57,12,0.57
2026-02-18,ST025,MED002,12.93,13,0.07
2026-02-18,ST025,MED003,3.0,1,2.0
2026-02-18,ST025,MED004,9.29,6,3.29
2026-02-18,ST025,MED005,12.79,13,0.21
2026-02-18,ST025,MED006,10.43,11,0.57
2026-02-18,ST025,MED007,3.71,6,2.29
2026-02-18,ST025,MED008,4.43,4,0.43
2026-02-18,ST025,MED009,10.5,12,1.5
2026-02-18,ST025,MED010,4.57,2,2.57
2026-02-18,ST025,MED011,12.93,13,0.07
2026-02-18,ST025,MED012,10.29,9,1.29
2026-02-18,ST025,MED013,8.36,9,0.64
2026-02-18,ST025,MED014,6.36,4,2.36
2026-02-18,ST025,MED015,14.21,13,1.21
2026-02-18,ST025,MED016,8.93,8,0.93
2026-02-18,ST025,MED017,13.07,13,0.07
2026-02-18,ST025,MED018,7.57,8,0.43
2026-02-18,ST025,MED019,3.43,6,2.57
2026-02-18,ST025,MED020,8.0,7,1.0
2026-02-18,ST025,MED021,11.5,15,3.5
2026-02-18,ST025,MED022,9.93,16,6.07
2026-02-18,ST025,MED023,12.57,18,5.43
2026-02-18,ST025,MED024,14.5,12,2.5
2026-02-18,ST025,MED025,7.21,5,2.21
2026-02-18,ST025,MED026,13.21,9,4.21
2026-02-18,ST025,MED027,11.93,15,3.07
2026-02-18,ST025,MED028,6.21,7,0.79
2026-02-18,ST025,MED029,11.14,13,1.86
2026-02-18,ST025,MED030,5.07,4,1.07
2026-02-18,ST026,MED001,13.5,13,0.5
2026-02-18,ST026,MED002,13.5,14,0.5
2026-02-18,ST026,MED003,3.71,2,1.71
2026-02-18,ST026,MED004,10.64,7,3.64
2026-02-18,ST026,MED005,13.64,15,1.36
2026-02-18,ST026,MED006,11.86,14,2.14
2026-02-18,ST026,MED007,3.93,0,3.93
2026-02-18,ST026,MED008,4.14,5,0.86
2026-02-18,ST026,MED009,13.14,14,0.86
2026-02-18,ST026,MED010,4.86,3,1.86
2026-02-18,ST026,MED011,13.36,12,1.36
2026-02-18,ST026,MED012,12.64,17,4.36
2026-02-18,ST026,MED013,8.86,4,4.86
2026-02-18,ST026,MED014,6.79,4,2.79
2026-02-18,ST026,MED015,16.07,18,1.93
2026-02-18,ST026,MED016,8.29,11,2.71
2026-02-18,ST026,MED017,13.57,15,1.43
2026-02-18,ST026,MED018,6.93,5,1.93
2026-02-18,ST026,MED019,3.43,2,1.43
2026-02-18,ST026,MED020,8.79,8,0.79
2026-02-18,ST026,MED021,12.5,15,2.5
2026-02-18,ST026,MED022,9.14,11,1.86
2026-02-18,ST026,MED023,13.0,12,1.0
2026-02-18,ST026,MED024,16.07,13,3.07
2026-02-18,ST026,MED025,8.21,5,3.21
2026-02-18,ST026,MED026,13.86,10,3.86
2026-02-18,ST026,MED027,14.29,12,2.29
2026-02-18,ST026,MED028,8.14,11,2.86
2026-02-18,ST026,MED029,12.0,10,2.0
2026-02-18,ST026,MED030,6.5,1,5.5
2026-02-18,ST027,MED001,14.86,13,1.86
2026-02-18,ST027,MED002,15.64,15,0.64
2026-02-18,ST027,MED003,4.79,4,0.79
2026-02-18,ST027,MED004,10.21,10,0.21
2026-02-18,ST027,MED005,14.29,14,0.29
2026-02-18,ST027,MED006,13.64,11,2.64
2026-02-18,ST027,MED007,4.86,7,2.14
2026-02-18,ST027,MED008,4.36,1,3.36
2026-02-18,ST027,MED009,13.29,18,4.71
2026-02-18,ST027,MED010,5.36,8,2.64
2026-02-18,ST027,MED011,15.14,15,0.14
2026-02-18,ST027,MED012,13.36,15,1.64
2026-02-18,ST027,MED013,9.0,9,0.0
2026-02-18,ST027,MED014,5.43,7,1.57
2026-02-18,ST027,MED015,15.71,15,0.71
2026-02-18,ST027,MED016,10.64,9,1.64
2026-02-18,ST027,MED017,14.79,12,2.79
2026-02-18,ST027,MED018,7.21,6,1.21
2026-02-18,ST027,MED019,3.57,5,1.43
2026-02-18,ST027,MED020,9.64,6,3.64
2026-02-18,ST027,MED021,13.43,17,3.57
2026-02-18,ST027,MED022,9.29,10,0.71
2026-02-18,ST027,MED023,14.64,18,3.36
2026-02-18,ST027,MED024,16.57,14,2.57
2026-02-18,ST027,MED025,8.64,7,1.64
2026-02-18,ST027,MED026,14.64,16,1.36
2026-02-18,ST027,MED027,16.29,15,1.29
2026-02-18,ST027,MED028,8.64,10,1.36
2026-02-18,ST027,MED029,11.93,15,3.07
2026-02-18,ST027,MED030,7.0,11,4.0
2026-02-18,ST028,MED001,9.14,17,7.86
2026-02-18,ST028,MED002,9.71,5,4.71
2026-02-18,ST028,MED003,2.14,6,3.86
2026-02-18,ST028,MED004,6.57,5,1.57
2026-02-18,ST028,MED005,8.43,8,0.43
2026-02-18,ST028,MED006,9.07,10,0.93
2026-02-18,ST028,MED007,2.14,5,2.86
2026-02-18,ST028,MED008,2.43,3,0.57
2026-02-18,ST028,MED009,7.93,8,0.07
2026-02-18,ST028,MED010,3.86,0,3.86
2026-02-18,ST028,MED011,8.07,10,1.93
2026-02-18,ST028,MED012,7.36,8,0.64
2026-02-18,ST028,MED013,5.79,10,4.21
2026-02-18,ST028,MED014,4.79,0,4.79
2026-02-18,ST028,MED015,9.36,6,3.36
2026-02-18,ST028,MED016,5.0,4,1.0
2026-02-18,ST028,MED017,9.14,11,1.86
2026-02-18,ST028,MED018,5.0,0,5.0
2026-02-18,ST028,MED019,1.36,3,1.64
2026-02-18,ST028,MED020,5.36,5,0.36
2026-02-18,ST028,MED021,7.29,4,3.29
2026-02-18,ST028,MED022,5.07,6,0.93
2026-02-18,ST028,MED023,8.0,8,0.0
2026-02-18,ST028,MED024,8.21,8,0.21
2026-02-18,ST028,MED025,5.07,8,2.93
2026-02-18,ST028,MED026,9.0,6,3.0
2026-02-18,ST028,MED027,9.14,8,1.14
2026-02-18,ST028,MED028,6.14,4,2.14
2026-02-18,ST028,MED029,7.14,9,1.86
2026-02-18,ST028,MED030,4.57,2,2.57
2026-02-18,ST029,MED001,9.5,9,0.5
2026-02-18,ST029,MED002,10.14,12,1.86
2026-02-18,ST029,MED003,2.43,2,0.43
2026-02-18,ST029,MED004,7.57,9,1.43
2026-02-18,ST029,MED005,9.57,14,4.43
2026-02-18,ST029,MED006,8.79,11,2.21
2026-02-18,ST029,MED007,2.79,3,0.21
2026-02-18,ST029,MED008,2.64,3,0.36
2026-02-18,ST029,MED009,8.14,10,1.86
2026-02-18,ST029,MED010,2.86,8,5.14
2026-02-18,ST029,MED011,9.5,13,3.5
2026-02-18,ST029,MED012,7.29,10,2.71
2026-02-18,ST029,MED013,6.5,5,1.5
2026-02-18,ST029,MED014,3.86,2,1.86
2026-02-18,ST029,MED015,11.07,12,0.93
2026-02-18,ST029,MED016,4.93,5,0.07
2026-02-18,ST029,MED017,8.93,8,0.93
2026-02-18,ST029,MED018,4.86,6,1.14
2026-02-18,ST029,MED019,3.5,1,2.5
2026-02-18,ST029,MED020,5.64,9,3.36
2026-02-18,ST029,MED021,9.43,8,1.43
2026-02-18,ST029,MED022,6.29,3,3.29
2026-02-18,ST029,MED023,8.64,9,0.36
2026-02-18,ST029,MED024,11.14,10,1.14
2026-02-18,ST029,MED025,4.21,4,0.21
2026-02-18,ST029,MED026,9.36,16,6.64
2026-02-18,ST029,MED027,10.93,9,1.93
2026-02-18,ST029,MED028,5.57,4,1.57
2026-02-18,ST029,MED029,8.86,16,7.14
2026-02-18,ST029,MED030,4.64,5,0.36
2026-02-18,ST030,MED001,10.64,10,0.64
2026-02-18,ST030,MED002,10.93,8,2.93
2026-02-18,ST030,MED003,2.71,4,1.29
2026-02-18,ST030,MED004,8.57,8,0.57
2026-02-18,ST030,MED005,10.29,9,1.29
2026-02-18,ST030,MED006,9.5,9,0.5
2026-02-18,ST030,MED007,2.93,4,1.07
2026-02-18,ST030,MED008,2.64,6,3.36
2026-02-18,ST030,MED009,8.93,9,0.07
2026-02-18,ST030,MED010,4.07,4,0.07
2026-02-18,ST030,MED011,11.43,15,3.57
2026-02-18,ST030,MED012,10.36,9,1.36
2026-02-18,ST030,MED013,6.5,6,0.5
2026-02-18,ST030,MED014,5.57,8,2.43
2026-02-18,ST030,MED015,11.14,12,0.86
2026-02-18,ST030,MED016,7.71,5,2.71
2026-02-18,ST030,MED017,10.29,8,2.29
2026-02-18,ST030,MED018,5.5,10,4.5
2026-02-18,ST030,MED019,3.43,3,0.43
2026-02-18,ST030,MED020,6.71,9,2.29
2026-02-18,ST030,MED021,9.71,10,0.29
2026-02-18,ST030,MED022,6.43,8,1.57
2026-02-18,ST030,MED023,10.07,9,1.07
2026-02-18,ST030,MED024,11.14,14,2.86
2026-02-18,ST030,MED025,5.07,5,0.07
2026-02-18,ST030,MED026,10.36,11,0.64
2026-02-18,ST030,MED027,11.07,11,0.07
2026-02-18,ST030,MED028,6.21,10,3.79
2026-02-18,ST030,MED029,7.43,10,2.57
2026-02-18,ST030,MED030,5.5,9,3.5
2026-02-18,ST031,MED001,10.64,11,0.36
2026-02-18,ST031,MED002,11.21,7,4.21
2026-02-18,ST031,MED003,3.43,9,5.57
2026-02-18,ST031,MED004,9.14,9,0.14
2026-02-18,ST031,MED005,11.29,12,0.71
2026-02-18,ST031,MED006,10.86,9,1.86
2026-02-18,ST031,MED007,4.86,3,1.86
2026-02-18,ST031,MED008,3.0,3,0.0
2026-02-18,ST031,MED009,11.5,9,2.5
2026-02-18,ST031,MED010,4.79,1,3.79
2026-02-18,ST031,MED011,10.0,14,4.0
2026-02-18,ST031,MED012,10.29,14,3.71
2026-02-18,ST031,MED013,7.57,6,1.57
2026-02-18,ST031,MED014,4.86,4,0.86
2026-02-18,ST031,MED015,13.21,12,1.21
2026-02-18,ST031,MED016,7.14,5,2.14
2026-02-18,ST031,MED017,11.29,9,2.29
2026-02-18,ST031,MED018,7.14,5,2.14
2026-02-18,ST031,MED019,3.71,4,0.29
2026-02-18,ST031,MED020,8.07,12,3.93
2026-02-18,ST031,MED021,10.0,5,5.0
2026-02-18,ST031,MED022,6.21,9,2.79
2026-02-18,ST031,MED023,11.86,14,2.14
2026-02-18,ST031,MED024,12.36,12,0.36
2026-02-18,ST031,MED025,5.79,11,5.21
2026-02-18,ST031,MED026,11.36,10,1.36
2026-02-18,ST031,MED027,11.93,10,1.93
2026-02-18,ST031,MED028,6.64,2,4.64
2026-02-18,ST031,MED029,9.14,9,0.14
2026-02-18,ST031,MED030,4.86,5,0.14
2026-02-18,ST032,MED001,11.86,13,1.14
2026-02-18,ST032,MED002,12.14,12,0.14
2026-02-18,ST032,MED003,4.07,1,3.07
2026-02-18,ST032,MED004,8.93,7,1.93
2026-02-18,ST032,MED005,11.07,14,2.93
2026-02-18,ST032,MED006,11.36,10,1.36
2026-02-18,ST032,MED007,3.43,11,7.57
2026-02-18,ST032,MED008,2.57,1,1.57
2026-02-18,ST032,MED009,12.36,9,3.36
2026-02-18,ST032,MED010,5.36,3,2.36
2026-02-18,ST032,MED011,13.07,12,1.07
2026-02-18,ST032,MED012,11.29,7,4.29
2026-02-18,ST032,MED013,8.5,10,1.5
2026-02-18,ST032,MED014,6.36,1,5.36
2026-02-18,ST032,MED015,14.0,12,2.0
2026-02-18,ST032,MED016,8.71,8,0.71
2026-02-18,ST032,MED017,11.79,11,0.79
2026-02-18,ST032,MED018,5.71,4,1.71
2026-02-18,ST032,MED019,3.36,1,2.36
2026-02-18,ST032,MED020,7.64,11,3.36
2026-02-18,ST032,MED021,11.5,12,0.5
2026-02-18,ST032,MED022,8.93,8,0.93
2026-02-18,ST032,MED023,11.07,9,2.07
2026-02-18,ST032,MED024,14.5,12,2.5
2026-02-18,ST032,MED025,7.57,10,2.43
2026-02-18,ST032,MED026,14.79,10,4.79
2026-02-18,ST032,MED027,12.57,8,4.57
2026-02-18,ST032,MED028,7.64,6,1.64
2026-02-18,ST032,MED029,10.71,10,0.71
2026-02-18,ST032,MED030,5.79,8,2.21
2026-02-18,ST033,MED001,13.57,12,1.57
2026-02-18,ST033,MED002,13.57,11,2.57
2026-02-18,ST033,MED003,3.29,8,4.71
2026-02-18,ST033,MED004,10.43,8,2.43
2026-02-18,ST033,MED005,12.93,12,0.93
2026-02-18,ST033,MED006,12.21,10,2.21
2026-02-18,ST033,MED007,3.93,6,2.07
2026-02-18,ST033,MED008,4.0,4,0.0
2026-02-18,ST033,MED009,12.93,11,1.93
2026-02-18,ST033,MED010,4.36,5,0.64
2026-02-18,ST033,MED011,12.93,13,0.07
2026-02-18,ST033,MED012,13.57,9,4.57
2026-02-18,ST033,MED013,8.93,7,1.93
2026-02-18,ST033,MED014,6.36,3,3.36
2026-02-18,ST033,MED015,14.93,15,0.07
2026-02-18,ST033,MED016,8.86,6,2.86
2026-02-18,ST033,MED017,13.71,14,0.29
2026-02-18,ST033,MED018,7.5,7,0.5
2026-02-18,ST033,MED019,3.64,2,1.64
2026-02-18,ST033,MED020,8.71,7,1.71
2026-02-18,ST033,MED021,13.0,7,6.0
2026-02-18,ST033,MED022,8.64,7,1.64
2026-02-18,ST033,MED023,13.79,13,0.79
2026-02-18,ST033,MED024,15.29,9,6.29
2026-02-18,ST033,MED025,6.36,10,3.64
2026-02-18,ST033,MED026,13.36,14,0.64
2026-02-18,ST033,MED027,14.0,9,5.0
2026-02-18,ST033,MED028,8.14,5,3.14
2026-02-18,ST033,MED029,11.86,9,2.86
2026-02-18,ST033,MED030,5.57,5,0.57
2026-02-18,ST034,MED001,14.71,11,3.71
2026-02-18,ST034,MED002,14.86,15,0.14
2026-02-18,ST034,MED003,4.5,6,1.5
2026-02-18,ST034,MED004,11.14,9,2.14
2026-02-18,ST034,MED005,14.0,9,5.0
2026-02-18,ST034,MED006,14.36,10,4.36
2026-02-18,ST034,MED007,4.36,1,3.36
2026-02-18,ST034,MED008,3.64,4,0.36
2026-02-18,ST034,MED009,14.07,13,1.07
2026-02-18,ST034,MED010,5.21,4,1.21
2026-02-18,ST034,MED011,14.86,16,1.14
2026-02-18,ST034,MED012,13.64,12,1.64
2026-02-18,ST034,MED013,8.86,15,6.14
2026-02-18,ST034,MED014,7.36,7,0.36
2026-02-18,ST034,MED015,16.07,16,0.07
2026-02-18,ST034,MED016,7.93,11,3.07
2026-02-18,ST034,MED017,16.0,11,5.0
2026-02-18,ST034,MED018,8.0,7,1.0
2026-02-18,ST034,MED019,3.93,6,2.07
2026-02-18,ST034,MED020,8.86,9,0.14
2026-02-18,ST034,MED021,12.93,11,1.93
2026-02-18,ST034,MED022,8.86,9,0.14
2026-02-18,ST034,MED023,16.71,15,1.71
2026-02-18,ST034,MED024,15.14,16,0.86
2026-02-18,ST034,MED025,9.5,14,4.5
2026-02-18,ST034,MED026,14.5,16,1.5
2026-02-18,ST034,MED027,16.0,15,1.0
2026-02-18,ST034,MED028,9.0,8,1.0
2026-02-18,ST034,MED029,11.71,14,2.29
2026-02-18,ST034,MED030,7.0,5,2.0
2026-02-18,ST035,MED001,10.14,9,1.14
2026-02-18,ST035,MED002,8.14,7,1.14
2026-02-18,ST035,MED003,2.36,3,0.64
2026-02-18,ST035,MED004,6.5,9,2.5
2026-02-18,ST035,MED005,8.5,7,1.5
2026-02-18,ST035,MED006,8.64,5,3.64
2026-02-18,ST035,MED007,2.43,4,1.57
2026-02-18,ST035,MED008,1.71,3,1.29
2026-02-18,ST035,MED009,8.0,6,2.0
2026-02-18,ST035,MED010,2.86,5,2.14
2026-02-18,ST035,MED011,8.86,14,5.14
2026-02-18,ST035,MED012,8.64,12,3.36
2026-02-18,ST035,MED013,5.0,4,1.0
2026-02-18,ST035,MED014,4.29,3,1.29
2026-02-18,ST035,MED015,9.29,8,1.29
2026-02-18,ST035,MED016,6.14,6,0.14
2026-02-18,ST035,MED017,8.64,7,1.64
2026-02-18,ST035,MED018,3.0,4,1.0
2026-02-18,ST035,MED019,2.21,1,1.21
2026-02-18,ST035,MED020,7.29,6,1.29
2026-02-18,ST035,MED021,8.36,10,1.64
2026-02-18,ST035,MED022,5.21,5,0.21
2026-02-18,ST035,MED023,9.57,13,3.43
2026-02-18,ST035,MED024,10.0,7,3.0
2026-02-18,ST035,MED025,4.14,6,1.86
2026-02-18,ST035,MED026,8.5,9,0.5
2026-02-18,ST035,MED027,8.5,7,1.5
2026-02-18,ST035,MED028,4.0,4,0.0
2026-02-18,ST035,MED029,7.07,10,2.93
2026-02-18,ST035,MED030,3.29,2,1.29
2026-02-18,ST036,MED001,11.14,12,0.86
2026-02-18,ST036,MED002,9.79,9,0.79
2026-02-18,ST036,MED003,2.14,0,2.14
2026-02-18,ST036,MED004,8.14,7,1.14
2026-02-18,ST036,MED005,8.93,10,1.07
2026-02-18,ST036,MED006,8.79,10,1.21
2026-02-18,ST036,MED007,2.71,1,1.71
2026-02-18,ST036,MED008,2.71,5,2.29
2026-02-18,ST036,MED009,8.43,13,4.57
2026-02-18,ST036,MED010,4.0,0,4.0
2026-02-18,ST036,MED011,9.43,10,0.57
2026-02-18,ST036,MED012,8.5,5,3.5
2026-02-18,ST036,MED013,5.36,7,1.64
2026-02-18,ST036,MED014,5.57,3,2.57
2026-02-18,ST036,MED015,10.36,11,0.64
2026-02-18,ST036,MED016,6.29,7,0.71
2026-02-18,ST036,MED017,10.64,11,0.36
2026-02-18,ST036,MED018,5.79,7,1.21
2026-02-18,ST036,MED019,3.0,2,1.0
2026-02-18,ST036,MED020,6.36,5,1.36
2026-02-18,ST036,MED021,9.21,7,2.21
2026-02-18,ST036,MED022,6.0,10,4.0
2026-02-18,ST036,MED023,9.64,8,1.64
2026-02-18,ST036,MED024,10.64,9,1.64
2026-02-18,ST036,MED025,4.86,5,0.14
2026-02-18,ST036,MED026,8.93,9,0.07
2026-02-18,ST036,MED027,10.14,13,2.86
2026-02-18,ST036,MED028,5.36,7,1.64
2026-02-18,ST036,MED029,7.07,5,2.07
2026-02-18,ST036,MED030,5.14,5,0.14
2026-02-18,ST037,MED001,11.0,10,1.0
2026-02-18,ST037,MED002,10.43,17,6.57
2026-02-18,ST037,MED003,3.43,1,2.43
2026-02-18,ST037,MED004,7.64,7,0.64
2026-02-18,ST037,MED005,11.07,8,3.07
2026-02-18,ST037,MED006,10.07,9,1.07
2026-02-18,ST037,MED007,3.0,0,3.0
2026-02-18,ST037,MED008,2.86,4,1.14
2026-02-18,ST037,MED009,10.43,8,2.43
2026-02-18,ST037,MED010,3.64,0,3.64
2026-02-18,ST037,MED011,11.07,14,2.93
2026-02-18,ST037,MED012,10.0,11,1.0
2026-02-18,ST037,MED013,6.21,8,1.79
2026-02-18,ST037,MED014,5.14,3,2.14
2026-02-18,ST037,MED015,11.43,7,4.43
2026-02-18,ST037,MED016,7.0,6,1.0
2026-02-18,ST037,MED017,10.29,11,0.71
2026-02-18,ST037,MED018,6.14,8,1.86
2026-02-18,ST037,MED019,4.0,0,4.0
2026-02-18,ST037,MED020,7.07,7,0.07
2026-02-18,ST037,MED021,10.0,7,3.0
2026-02-18,ST037,MED022,6.5,5,1.5
2026-02-18,ST037,MED023,10.5,14,3.5
2026-02-18,ST037,MED024,12.14,11,1.14
2026-02-18,ST037,MED025,6.07,2,4.07
2026-02-18,ST037,MED026,11.0,8,3.0
2026-02-18,ST037,MED027,13.07,12,1.07
2026-02-18,ST037,MED028,5.86,4,1.86
2026-02-18,ST037,MED029,8.71,8,0.71
2026-02-18,ST037,MED030,4.79,1,3.79
2026-02-18,ST038,MED001,11.86,15,3.14
2026-02-18,ST038,MED002,10.86,12,1.14
2026-02-18,ST038,MED003,3.29,4,0.71
2026-02-18,ST038,MED004,8.93,6,2.93
2026-02-18,ST038,MED005,13.14,13,0.14
2026-02-18,ST038,MED006,11.07,10,1.07
2026-02-18,ST038,MED007,3.43,6,2.57
2026-02-18,ST038,MED008,3.0,3,0.0
2026-02-18,ST038,MED009,11.5,9,2.5
2026-02-18,ST038,MED010,4.71,4,0.71
2026-02-18,ST038,MED011,11.64,11,0.64
2026-02-18,ST038,MED012,11.29,8,3.29
2026-02-18,ST038,MED013,7.14,6,1.14
2026-02-18,ST038,MED014,5.43,3,2.43
2026-02-18,ST038,MED015,13.86,10,3.86
2026-02-18,ST038,MED016,6.71,4,2.71
2026-02-18,ST038,MED017,11.0,12,1.0
2026-02-18,ST038,MED018,6.64,7,0.36
2026-02-18,ST038,MED019,3.29,2,1.29
2026-02-18,ST038,MED020,7.36,13,5.64
2026-02-18,ST038,MED021,10.0,11,1.0
2026-02-18,ST038,MED022,7.5,12,4.5
2026-02-18,ST038,MED023,11.64,13,1.36
2026-02-18,ST038,MED024,12.43,15,2.57
2026-02-18,ST038,MED025,7.64,7,0.64
2026-02-18,ST038,MED026,11.79,12,0.21
2026-02-18,ST038,MED027,12.79,24,11.21
2026-02-18,ST038,MED028,5.21,4,1.21
2026-02-18,ST038,MED029,10.0,10,0.0
2026-02-18,ST038,MED030,4.64,4,0.64
2026-02-18,ST039,MED001,13.14,18,4.86
2026-02-18,ST039,MED002,12.57,14,1.43
2026-02-18,ST039,MED003,4.0,3,1.0
2026-02-18,ST039,MED004,10.21,10,0.21
2026-02-18,ST039,MED005,12.64,11,1.64
2026-02-18,ST039,MED006,13.07,11,2.07
2026-02-18,ST039,MED007,4.36,3,1.36
2026-02-18,ST039,MED008,4.07,7,2.93
2026-02-18,ST039,MED009,11.71,8,3.71
2026-02-18,ST039,MED010,5.36,8,2.64
2026-02-18,ST039,MED011,12.29,13,0.71
2026-02-18,ST039,MED012,12.0,10,2.0
2026-02-18,ST039,MED013,8.36,10,1.64
2026-02-18,ST039,MED014,6.93,7,0.07
2026-02-18,ST039,MED015,13.79,8,5.79
2026-02-18,ST039,MED016,8.0,10,2.0
2026-02-18,ST039,MED017,12.86,11,1.86
2026-02-18,ST039,MED018,7.57,9,1.43
2026-02-18,ST039,MED019,3.36,4,0.64
2026-02-18,ST039,MED020,7.79,10,2.21
2026-02-18,ST039,MED021,11.79,6,5.79
2026-02-18,ST039,MED022,7.21,7,0.21
2026-02-18,ST039,MED023,12.57,13,0.43
2026-02-18,ST039,MED024,14.07,12,2.07
2026-02-18,ST039,MED025,7.14,8,0.86
2026-02-18,ST039,MED026,12.36,11,1.36
2026-02-18,ST039,MED027,14.64,14,0.64
2026-02-18,ST039,MED028,6.64,3,3.64
2026-02-18,ST039,MED029,10.29,12,1.71
2026-02-18,ST039,MED030,5.93,5,0.93
2026-02-18,ST040,MED001,13.71,8,5.71
2026-02-18,ST040,MED002,13.0,12,1.0
2026-02-18,ST040,MED003,3.43,3,0.43
2026-02-18,ST040,MED004,10.29,8,2.29
2026-02-18,ST040,MED005,14.29,13,1.29
2026-02-18,ST040,MED006,12.0,12,0.0
2026-02-18,ST040,MED007,3.86,1,2.86
2026-02-18,ST040,MED008,3.36,8,4.64
2026-02-18,ST040,MED009,12.93,8,4.93
2026-02-18,ST040,MED010,5.29,2,3.29
2026-02-18,ST040,MED011,13.36,13,0.36
2026-02-18,ST040,MED012,12.57,16,3.43
2026-02-18,ST040,MED013,8.64,11,2.36
2026-02-18,ST040,MED014,7.93,10,2.07
2026-02-18,ST040,MED015,16.71,14,2.71
2026-02-18,ST040,MED016,8.57,7,1.57
2026-02-18,ST040,MED017,13.0,17,4.0
2026-02-18,ST040,MED018,7.07,10,2.93
2026-02-18,ST040,MED019,3.79,2,1.79
2026-02-18,ST040,MED020,8.14,10,1.86
2026-02-18,ST040,MED021,12.21,14,1.79
2026-02-18,ST040,MED022,7.36,6,1.36
2026-02-18,ST040,MED023,13.36,14,0.64
2026-02-18,ST040,MED024,15.64,14,1.64
2026-02-18,ST040,MED025,7.93,4,3.93
2026-02-18,ST040,MED026,13.21,15,1.79
2026-02-18,ST040,MED027,15.0,15,0.0
2026-02-18,ST040,MED028,7.36,7,0.36
2026-02-18,ST040,MED029,11.57,12,0.43
2026-02-18,ST040,MED030,6.29,2,4.29
2026-02-19,ST001,MED001,9.57,7,2.57
2026-02-19,ST001,MED002,8.86,10,1.14
2026-02-19,ST001,MED003,2.71,1,1.71
2026-02-19,ST001,MED004,6.86,6,0.86
2026-02-19,ST001,MED005,9.71,12,2.29
2026-02-19,ST001,MED006,8.79,11,2.21
2026-02-19,ST001,MED007,1.71,4,2.29
2026-02-19,ST001,MED008,2.5,5,2.5
2026-02-19,ST001,MED009,8.21,8,0.21
2026-02-19,ST001,MED010,3.57,2,1.57
2026-02-19,ST001,MED011,9.79,13,3.21
2026-02-19,ST001,MED012,8.93,9,0.07
2026-02-19,ST001,MED013,6.57,2,4.57
2026-02-19,ST001,MED014,4.57,7,2.43
2026-02-19,ST001,MED015,9.93,9,0.93
2026-02-19,ST001,MED016,6.64,4,2.64
2026-02-19,ST001,MED017,8.86,10,1.14
2026-02-19,ST001,MED018,5.71,4,1.71
2026-02-19,ST001,MED019,3.86,4,0.14
2026-02-19,ST001,MED020,6.43,2,4.43
2026-02-19,ST001,MED021,8.93,9,0.07
2026-02-19,ST001,MED022,6.0,8,2.0
2026-02-19,ST001,MED023,9.07,11,1.93
2026-02-19,ST001,MED024,10.21,8,2.21
2026-02-19,ST001,MED025,5.0,4,1.0
2026-02-19,ST001,MED026,10.29,14,3.71
2026-02-19,ST001,MED027,10.5,10,0.5
2026-02-19,ST001,MED028,5.43,7,1.57
2026-02-19,ST001,MED029,8.14,7,1.14
2026-02-19,ST001,MED030,4.14,7,2.86
2026-02-19,ST002,MED001,10.5,12,1.5
2026-02-19,ST002,MED002,9.43,10,0.57
2026-02-19,ST002,MED003,3.36,1,2.36
2026-02-19,ST002,MED004,8.29,10,1.71
2026-02-19,ST002,MED005,11.36,14,2.64
2026-02-19,ST002,MED006,9.86,11,1.14
2026-02-19,ST002,MED007,3.07,3,0.07
2026-02-19,ST002,MED008,3.36,3,0.36
2026-02-19,ST002,MED009,10.07,8,2.07
2026-02-19,ST002,MED010,3.71,2,1.71
2026-02-19,ST002,MED011,10.93,7,3.93
2026-02-19,ST002,MED012,9.71,8,1.71
2026-02-19,ST002,MED013,7.0,7,0.0
2026-02-19,ST002,MED014,5.5,4,1.5
2026-02-19,ST002,MED015,11.07,10,1.07
2026-02-19,ST002,MED016,8.0,5,3.0
2026-02-19,ST002,MED017,11.21,6,5.21
2026-02-19,ST002,MED018,5.07,5,0.07
2026-02-19,ST002,MED019,2.71,3,0.29
2026-02-19,ST002,MED020,6.21,8,1.79
2026-02-19,ST002,MED021,10.36,11,0.64
2026-02-19,ST002,MED022,7.57,6,1.57
2026-02-19,ST002,MED023,10.93,13,2.07
2026-02-19,ST002,MED024,12.0,11,1.0
2026-02-19,ST002,MED025,5.93,8,2.07
2026-02-19,ST002,MED026,11.07,8,3.07
2026-02-19,ST002,MED027,11.79,15,3.21
2026-02-19,ST002,MED028,6.29,8,1.71
2026-02-19,ST002,MED029,8.64,10,1.36
2026-02-19,ST002,MED030,4.86,4,0.86
2026-02-19,ST003,MED001,11.71,22,10.29
2026-02-19,ST003,MED002,11.86,10,1.86
2026-02-19,ST003,MED003,2.36,5,2.64
2026-02-19,ST003,MED004,8.29,8,0.29
2026-02-19,ST003,MED005,12.5,14,1.5
2026-02-19,ST003,MED006,10.79,8,2.79
2026-02-19,ST003,MED007,3.36,3,0.36
2026-02-19,ST003,MED008,3.07,7,3.93
2026-02-19,ST003,MED009,10.86,8,2.86
2026-02-19,ST003,MED010,4.5,1,3.5
2026-02-19,ST003,MED011,11.93,10,1.93
2026-02-19,ST003,MED012,9.86,10,0.14
2026-02-19,ST003,MED013,7.71,8,0.29
2026-02-19,ST003,MED014,4.71,9,4.29
2026-02-19,ST003,MED015,13.43,9,4.43
2026-02-19,ST003,MED016,7.29,6,1.29
2026-02-19,ST003,MED017,10.93,12,1.07
2026-02-19,ST003,MED018,5.71,9,3.29
2026-02-19,ST003,MED019,3.43,6,2.57
2026-02-19,ST003,MED020,6.71,4,2.71
2026-02-19,ST003,MED021,9.71,13,3.29
2026-02-19,ST003,MED022,7.29,9,1.71
2026-02-19,ST003,MED023,11.21,11,0.21
2026-02-19,ST003,MED024,13.5,14,0.5
2026-02-19,ST003,MED025,6.71,3,3.71
2026-02-19,ST003,MED026,12.07,8,4.07
2026-02-19,ST003,MED027,12.57,14,1.43
2026-02-19,ST003,MED028,5.64,11,5.36
2026-02-19,ST003,MED029,9.36,2,7.36
2026-02-19,ST003,MED030,5.14,7,1.86
2026-02-19,ST004,MED001,12.14,11,1.14
2026-02-19,ST004,MED002,11.64,12,0.36
2026-02-19,ST004,MED003,2.5,5,2.5
2026-02-19,ST004,MED004,9.14,9,0.14
2026-02-19,ST004,MED005,12.79,10,2.79
2026-02-19,ST004,MED006,10.5,8,2.5
2026-02-19,ST004,MED007,3.79,2,1.79
2026-02-19,ST004,MED008,4.43,1,3.43
2026-02-19,ST004,MED009,13.86,12,1.86
2026-02-19,ST004,MED010,3.79,1,2.79
2026-02-19,ST004,MED011,12.07,18,5.93
2026-02-19,ST004,MED012,11.07,10,1.07
2026-02-19,ST004,MED013,7.86,5,2.86
2026-02-19,ST004,MED014,5.64,3,2.64
2026-02-19,ST004,MED015,15.07,21,5.93
2026-02-19,ST004,MED016,7.79,11,3.21
2026-02-19,ST004,MED017,12.0,11,1.0
2026-02-19,ST004,MED018,7.43,4,3.43
2026-02-19,ST004,MED019,3.57,6,2.43
2026-02-19,ST004,MED020,7.93,6,1.93
2026-02-19,ST004,MED021,11.57,11,0.57
2026-02-19,ST004,MED022,9.0,9,0.0
2026-02-19,ST004,MED023,12.71,25,12.29
2026-02-19,ST004,MED024,14.29,10,4.29
2026-02-19,ST004,MED025,6.43,5,1.43
2026-02-19,ST004,MED026,13.0,15,2.0
2026-02-19,ST004,MED027,14.36,7,7.36
2026-02-19,ST004,MED028,8.0,9,1.0
2026-02-19,ST004,MED029,10.71,10,0.71
2026-02-19,ST004,MED030,5.93,7,1.07
2026-02-19,ST005,MED001,13.43,10,3.43
2026-02-19,ST005,MED002,14.43,14,0.43
2026-02-19,ST005,MED003,3.0,2,1.0
2026-02-19,ST005,MED004,10.21,10,0.21
2026-02-19,ST005,MED005,13.93,15,1.07
2026-02-19,ST005,MED006,12.07,15,2.93
2026-02-19,ST005,MED007,3.57,6,2.43
2026-02-19,ST005,MED008,4.07,1,3.07
2026-02-19,ST005,MED009,13.0,15,2.0
2026-02-19,ST005,MED010,5.5,3,2.5
2026-02-19,ST005,MED011,13.71,16,2.29
2026-02-19,ST005,MED012,11.64,15,3.36
2026-02-19,ST005,MED013,9.07,9,0.07
2026-02-19,ST005,MED014,6.21,6,0.21
2026-02-19,ST005,MED015,16.5,16,0.5
2026-02-19,ST005,MED016,8.43,10,1.57
2026-02-19,ST005,MED017,13.57,14,0.43
2026-02-19,ST005,MED018,6.64,9,2.36
2026-02-19,ST005,MED019,3.86,4,0.14
2026-02-19,ST005,MED020,8.79,10,1.21
2026-02-19,ST005,MED021,12.71,11,1.71
2026-02-19,ST005,MED022,9.29,6,3.29
2026-02-19,ST005,MED023,13.5,14,0.5
2026-02-19,ST005,MED024,15.07,15,0.07
2026-02-19,ST005,MED025,7.29,4,3.29
2026-02-19,ST005,MED026,14.14,12,2.14
2026-02-19,ST005,MED027,14.29,13,1.29
2026-02-19,ST005,MED028,7.71,7,0.71
2026-02-19,ST005,MED029,10.86,10,0.86
2026-02-19,ST005,MED030,5.93,7,1.07
2026-02-19,ST006,MED001,14.29,10,4.29
2026-02-19,ST006,MED002,15.71,15,0.71
2026-02-19,ST006,MED003,4.14,6,1.86
2026-02-19,ST006,MED004,10.29,14,3.71
2026-02-19,ST006,MED005,13.93,16,2.07
2026-02-19,ST006,MED006,13.57,11,2.57
2026-02-19,ST006,MED007,4.93,9,4.07
2026-02-19,ST006,MED008,4.21,4,0.21
2026-02-19,ST006,MED009,14.21,12,2.21
2026-02-19,ST006,MED010,5.29,3,2.29
2026-02-19,ST006,MED011,15.64,12,3.64
2026-02-19,ST006,MED012,13.21,14,0.79
2026-02-19,ST006,MED013,10.64,11,0.36
2026-02-19,ST006,MED014,7.0,10,3.0
2026-02-19,ST006,MED015,18.07,16,2.07
2026-02-19,ST006,MED016,9.29,6,3.29
2026-02-19,ST006,MED017,13.79,16,2.21
2026-02-19,ST006,MED018,7.71,6,1.71
2026-02-19,ST006,MED019,2.86,2,0.86
2026-02-19,ST006,MED020,8.71,9,0.29
2026-02-19,ST006,MED021,13.07,15,1.93
2026-02-19,ST006,MED022,10.07,12,1.93
2026-02-19,ST006,MED023,14.07,11,3.07
2026-02-19,ST006,MED024,15.43,16,0.57
2026-02-19,ST006,MED025,8.43,8,0.43
2026-02-19,ST006,MED026,16.14,11,5.14
2026-02-19,ST006,MED027,15.43,17,1.57
2026-02-19,ST006,MED028,8.43,6,2.43
2026-02-19,ST006,MED029,12.07,13,0.93
2026-02-19,ST006,MED030,6.57,6,0.57
2026-02-19,ST007,MED001,8.14,11,2.86
2026-02-19,ST007,MED002,7.93,8,0.07
2026-02-19,ST007,MED003,2.29,1,1.29
2026-02-19,ST007,MED004,5.86,3,2.86
2026-02-19,ST007,MED005,7.43,5,2.43
2026-02-19,ST007,MED006,7.07,10,2.93
2026-02-19,ST007,MED007,3.07,1,2.07
2026-02-19,ST007,MED008,2.0,7,5.0
2026-02-19,ST007,MED009,8.57,11,2.43
2026-02-19,ST007,MED010,3.29,1,2.29
2026-02-19,ST007,MED011,8.86,7,1.86
2026-02-19,ST007,MED012,7.79,6,1.79
2026-02-19,ST007,MED013,5.79,6,0.21
2026-02-19,ST007,MED014,5.07,4,1.07
2026-02-19,ST007,MED015,9.07,7,2.07
2026-02-19,ST007,MED016,5.79,7,1.21
2026-02-19,ST007,MED017,8.71,11,2.29
2026-02-19,ST007,MED018,5.5,7,1.5
2026-02-19,ST007,MED019,2.71,3,0.29
2026-02-19,ST007,MED020,4.36,5,0.64
2026-02-19,ST007,MED021,8.43,9,0.57
2026-02-19,ST007,MED022,6.21,5,1.21
2026-02-19,ST007,MED023,8.29,11,2.71
2026-02-19,ST007,MED024,10.07,8,2.07
2026-02-19,ST007,MED025,4.64,5,0.36
2026-02-19,ST007,MED026,8.57,6,2.57
2026-02-19,ST007,MED027,8.21,11,2.79
2026-02-19,ST007,MED028,4.93,7,2.07
2026-02-19,ST007,MED029,6.86,6,0.86
2026-02-19,ST007,MED030,4.07,3,1.07
2026-02-19,ST008,MED001,9.64,11,1.36
2026-02-19,ST008,MED002,10.86,7,3.86
2026-02-19,ST008,MED003,2.21,2,0.21
2026-02-19,ST008,MED004,6.93,5,1.93
2026-02-19,ST008,MED005,9.29,11,1.71
2026-02-19,ST008,MED006,8.36,8,0.36
2026-02-19,ST008,MED007,3.21,3,0.21
2026-02-19,ST008,MED008,3.86,6,2.14
2026-02-19,ST008,MED009,9.0,9,0.0
2026-02-19,ST008,MED010,4.0,4,0.0
2026-02-19,ST008,MED011,9.93,11,1.07
2026-02-19,ST008,MED012,9.14,7,2.14
2026-02-19,ST008,MED013,6.64,9,2.36
2026-02-19,ST008,MED014,5.64,3,2.64
2026-02-19,ST008,MED015,10.64,19,8.36
2026-02-19,ST008,MED016,6.86,5,1.86
2026-02-19,ST008,MED017,11.36,10,1.36
2026-02-19,ST008,MED018,4.29,0,4.29
2026-02-19,ST008,MED019,3.07,3,0.07
2026-02-19,ST008,MED020,7.43,5,2.43
2026-02-19,ST008,MED021,8.57,7,1.57
2026-02-19,ST008,MED022,4.21,6,1.79
2026-02-19,ST008,MED023,11.29,7,4.29
2026-02-19,ST008,MED024,10.36,10,0.36
2026-02-19,ST008,MED025,4.36,4,0.36
2026-02-19,ST008,MED026,11.21,3,8.21
2026-02-19,ST008,MED027,9.79,12,2.21
2026-02-19,ST008,MED028,4.79,4,0.79
2026-02-19,ST008,MED029,7.71,9,1.29
2026-02-19,ST008,MED030,3.36,7,3.64
2026-02-19,ST009,MED001,10.93,15,4.07
2026-02-19,ST009,MED002,10.79,11,0.21
2026-02-19,ST009,MED003,2.64,5,2.36
2026-02-19,ST009,MED004,7.5,8,0.5
2026-02-19,ST009,MED005,11.79,11,0.79
2026-02-19,ST009,MED006,9.79,11,1.21
2026-02-19,ST009,MED007,2.86,3,0.14
2026-02-19,ST009,MED008,2.79,5,2.21
2026-02-19,ST009,MED009,8.64,8,0.64
2026-02-19,ST009,MED010,3.07,3,0.07
2026-02-19,ST009,MED011,11.43,8,3.43
2026-02-19,ST009,MED012,9.29,16,6.71
2026-02-19,ST009,MED013,7.36,8,0.64
2026-02-19,ST009,MED014,4.64,6,1.36
2026-02-19,ST009,MED015,12.14,14,1.86
2026-02-19,ST009,MED016,7.71,8,0.29
2026-02-19,ST009,MED017,11.07,13,1.93
2026-02-19,ST009,MED018,6.21,5,1.21
2026-02-19,ST009,MED019,2.64,6,3.36
2026-02-19,ST009,MED020,7.07,11,3.93
2026-02-19,ST009,MED021,9.29,7,2.29
2026-02-19,ST009,MED022,6.71,8,1.29
2026-02-19,ST009,MED023,11.14,8,3.14
2026-02-19,ST009,MED024,11.57,13,1.43
2026-02-19,ST009,MED025,6.29,5,1.29
2026-02-19,ST009,MED026,11.21,10,1.21
2026-02-19,ST009,MED027,11.93,10,1.93
2026-02-19,ST009,MED028,6.07,3,3.07
2026-02-19,ST009,MED029,8.79,10,1.21
2026-02-19,ST009,MED030,5.29,9,3.71
2026-02-19,ST010,MED001,11.64,9,2.64
2026-02-19,ST010,MED002,11.14,13,1.86
2026-02-19,ST010,MED003,3.86,5,1.14
2026-02-19,ST010,MED004,7.57,9,1.43
2026-02-19,ST010,MED005,10.71,11,0.29
2026-02-19,ST010,MED006,10.86,8,2.86
2026-02-19,ST010,MED007,4.93,1,3.93
2026-02-19,ST010,MED008,2.21,3,0.79
2026-02-19,ST010,MED009,9.86,12,2.14
2026-02-19,ST010,MED010,3.71,2,1.71
2026-02-19,ST010,MED011,12.14,12,0.14
2026-02-19,ST010,MED012,11.21,10,1.21
2026-02-19,ST010,MED013,7.79,6,1.79
2026-02-19,ST010,MED014,4.93,6,1.07
2026-02-19,ST010,MED015,14.29,15,0.71
2026-02-19,ST010,MED016,6.36,9,2.64
2026-02-19,ST010,MED017,10.93,15,4.07
2026-02-19,ST010,MED018,6.5,9,2.5
2026-02-19,ST010,MED019,2.57,1,1.57
2026-02-19,ST010,MED020,8.79,9,0.21
2026-02-19,ST010,MED021,10.64,10,0.64
2026-02-19,ST010,MED022,8.43,8,0.43
2026-02-19,ST010,MED023,10.93,15,4.07
2026-02-19,ST010,MED024,12.14,11,1.14
2026-02-19,ST010,MED025,5.64,8,2.36
2026-02-19,ST010,MED026,12.14,13,0.86
2026-02-19,ST010,MED027,12.21,10,2.21
2026-02-19,ST010,MED028,5.36,4,1.36
2026-02-19,ST010,MED029,9.86,12,2.14
2026-02-19,ST010,MED030,5.93,4,1.93
2026-02-19,ST011,MED001,12.29,16,3.71
2026-02-19,ST011,MED002,14.14,13,1.14
2026-02-19,ST011,MED003,4.36,3,1.36
2026-02-19,ST011,MED004,7.07,9,1.93
2026-02-19,ST011,MED005,13.29,8,5.29
2026-02-19,ST011,MED006,11.21,11,0.21
2026-02-19,ST011,MED007,2.5,4,1.5
2026-02-19,ST011,MED008,4.36,2,2.36
2026-02-19,ST011,MED009,12.14,8,4.14
2026-02-19,ST011,MED010,5.21,8,2.79
2026-02-19,ST011,MED011,12.93,11,1.93
2026-02-19,ST011,MED012,12.29,14,1.71
2026-02-19,ST011,MED013,7.57,8,0.43
2026-02-19,ST011,MED014,5.43,4,1.43
2026-02-19,ST011,MED015,13.79,13,0.79
2026-02-19,ST011,MED016,7.64,5,2.64
2026-02-19,ST011,MED017,13.14,11,2.14
2026-02-19,ST011,MED018,6.5,12,5.5
2026-02-19,ST011,MED019,5.07,5,0.07
2026-02-19,ST011,MED020,6.71,8,1.29
2026-02-19,ST011,MED021,11.0,7,4.0
2026-02-19,ST011,MED022,7.5,6,1.5
2026-02-19,ST011,MED023,12.5,10,2.5
2026-02-19,ST011,MED024,13.64,13,0.64
2026-02-19,ST011,MED025,6.29,1,5.29
2026-02-19,ST011,MED026,13.0,13,0.0
2026-02-19,ST011,MED027,13.43,12,1.43
2026-02-19,ST011,MED028,7.36,10,2.64
2026-02-19,ST011,MED029,11.07,7,4.07
2026-02-19,ST011,MED030,5.93,6,0.07
2026-02-19,ST012,MED001,12.93,11,1.93
2026-02-19,ST012,MED002,13.93,10,3.93
2026-02-19,ST012,MED003,3.07,4,0.93
2026-02-19,ST012,MED004,9.57,11,1.43
2026-02-19,ST012,MED005,14.57,12,2.57
2026-02-19,ST012,MED006,11.36,18,6.64
2026-02-19,ST012,MED007,3.43,1,2.43
2026-02-19,ST012,MED008,3.79,4,0.21
2026-02-19,ST012,MED009,13.43,13,0.43
2026-02-19,ST012,MED010,5.14,4,1.14
2026-02-19,ST012,MED011,14.0,10,4.0
2026-02-19,ST012,MED012,13.21,11,2.21
2026-02-19,ST012,MED013,8.57,10,1.43
2026-02-19,ST012,MED014,6.71,6,0.71
2026-02-19,ST012,MED015,14.86,13,1.86
2026-02-19,ST012,MED016,9.93,7,2.93
2026-02-19,ST012,MED017,15.07,15,0.07
2026-02-19,ST012,MED018,9.0,7,2.0
2026-02-19,ST012,MED019,4.21,4,0.21
2026-02-19,ST012,MED020,8.21,5,3.21
2026-02-19,ST012,MED021,12.43,12,0.43
2026-02-19,ST012,MED022,8.07,9,0.93
2026-02-19,ST012,MED023,13.43,13,0.43
2026-02-19,ST012,MED024,14.79,15,0.21
2026-02-19,ST012,MED025,7.36,6,1.36
2026-02-19,ST012,MED026,14.64,12,2.64
2026-02-19,ST012,MED027,13.86,17,3.14
2026-02-19,ST012,MED028,6.93,6,0.93
2026-02-19,ST012,MED029,12.29,7,5.29
2026-02-19,ST012,MED030,6.43,7,0.57
2026-02-19,ST013,MED001,15.64,14,1.64
2026-02-19,ST013,MED002,15.29,17,1.71
2026-02-19,ST013,MED003,4.14,2,2.14
2026-02-19,ST013,MED004,11.0,10,1.0
2026-02-19,ST013,MED005,15.93,15,0.93
2026-02-19,ST013,MED006,14.29,13,1.29
2026-02-19,ST013,MED007,4.0,3,1.0
2026-02-19,ST013,MED008,4.14,3,1.14
2026-02-19,ST013,MED009,12.93,15,2.07
2026-02-19,ST013,MED010,4.57,3,1.57
2026-02-19,ST013,MED011,14.93,17,2.07
2026-02-19,ST013,MED012,14.21,16,1.79
2026-02-19,ST013,MED013,10.43,7,3.43
2026-02-19,ST013,MED014,7.5,8,0.5
2026-02-19,ST013,MED015,16.57,32,15.43
2026-02-19,ST013,MED016,9.36,12,2.64
2026-02-19,ST013,MED017,14.79,16,1.21
2026-02-19,ST013,MED018,8.0,17,9.0
2026-02-19,ST013,MED019,3.64,0,3.64
2026-02-19,ST013,MED020,10.93,10,0.93
2026-02-19,ST013,MED021,13.86,10,3.86
2026-02-19,ST013,MED022,9.29,9,0.29
2026-02-19,ST013,MED023,15.14,13,2.14
2026-02-19,ST013,MED024,17.71,17,0.71
2026-02-19,ST013,MED025,9.5,8,1.5
2026-02-19,ST013,MED026,14.29,14,0.29
2026-02-19,ST013,MED027,17.14,16,1.14
2026-02-19,ST013,MED028,8.86,5,3.86
2026-02-19,ST013,MED029,12.07,12,0.07
2026-02-19,ST013,MED030,7.0,8,1.0
2026-02-19,ST014,MED001,8.5,11,2.5
2026-02-19,ST014,MED002,9.29,10,0.71
2026-02-19,ST014,MED003,1.79,5,3.21
2026-02-19,ST014,MED004,6.21,11,4.79
2026-02-19,ST014,MED005,9.29,10,0.71
2026-02-19,ST014,MED006,9.79,10,0.21
2026-02-19,ST014,MED007,2.0,1,1.0
2026-02-19,ST014,MED008,3.71,2,1.71
2026-02-19,ST014,MED009,7.64,7,0.64
2026-02-19,ST014,MED010,3.86,2,1.86
2026-02-19,ST014,MED011,9.93,5,4.93
2026-02-19,ST014,MED012,6.86,4,2.86
2026-02-19,ST014,MED013,5.07,8,2.93
2026-02-19,ST014,MED014,2.43,2,0.43
2026-02-19,ST014,MED015,9.07,7,2.07
2026-02-19,ST014,MED016,5.93,4,1.93
2026-02-19,ST014,MED017,8.71,11,2.29
2026-02-19,ST014,MED018,4.43,7,2.57
2026-02-19,ST014,MED019,3.43,2,1.43
2026-02-19,ST014,MED020,5.29,5,0.29
2026-02-19,ST014,MED021,8.14,9,0.86
2026-02-19,ST014,MED022,5.43,1,4.43
2026-02-19,ST014,MED023,8.5,13,4.5
2026-02-19,ST014,MED024,8.07,8,0.07
2026-02-19,ST014,MED025,4.86,7,2.14
2026-02-19,ST014,MED026,8.14,12,3.86
2026-02-19,ST014,MED027,9.93,7,2.93
2026-02-19,ST014,MED028,4.64,4,0.64
2026-02-19,ST014,MED029,8.14,4,4.14
2026-02-19,ST014,MED030,4.43,5,0.57
2026-02-19,ST015,MED001,9.93,8,1.93
2026-02-19,ST015,MED002,10.79,14,3.21
2026-02-19,ST015,MED003,3.14,3,0.14
2026-02-19,ST015,MED004,7.29,7,0.29
2026-02-19,ST015,MED005,8.36,11,2.64
2026-02-19,ST015,MED006,8.21,7,1.21
2026-02-19,ST015,MED007,2.21,1,1.21
2026-02-19,ST015,MED008,2.79,4,1.21
2026-02-19,ST015,MED009,8.29,6,2.29
2026-02-19,ST015,MED010,2.93,3,0.07
2026-02-19,ST015,MED011,10.0,13,3.0
2026-02-19,ST015,MED012,9.64,9,0.64
2026-02-19,ST015,MED013,5.29,5,0.29
2026-02-19,ST015,MED014,3.93,4,0.07
2026-02-19,ST015,MED015,11.86,7,4.86
2026-02-19,ST015,MED016,6.57,10,3.43
2026-02-19,ST015,MED017,9.0,10,1.0
2026-02-19,ST015,MED018,4.5,9,4.5
2026-02-19,ST015,MED019,2.29,2,0.29
2026-02-19,ST015,MED020,6.07,10,3.93
2026-02-19,ST015,MED021,8.86,11,2.14
2026-02-19,ST015,MED022,6.86,7,0.14
2026-02-19,ST015,MED023,9.86,10,0.14
2026-02-19,ST015,MED024,10.57,12,1.43
2026-02-19,ST015,MED025,5.29,2,3.29
2026-02-19,ST015,MED026,8.71,7,1.71
2026-02-19,ST015,MED027,10.86,11,0.14
2026-02-19,ST015,MED028,6.36,3,3.36
2026-02-19,ST015,MED029,7.79,9,1.21
2026-02-19,ST015,MED030,4.07,5,0.93
2026-02-19,ST016,MED001,10.86,9,1.86
2026-02-19,ST016,MED002,10.0,8,2.0
2026-02-19,ST016,MED003,3.79,3,0.79
2026-02-19,ST016,MED004,7.43,5,2.43
2026-02-19,ST016,MED005,10.43,12,1.57
2026-02-19,ST016,MED006,9.64,8,1.64
2026-02-19,ST016,MED007,2.43,2,0.43
2026-02-19,ST016,MED008,3.5,6,2.5
2026-02-19,ST016,MED009,9.71,11,1.29
2026-02-19,ST016,MED010,4.14,6,1.86
2026-02-19,ST016,MED011,10.71,9,1.71
2026-02-19,ST016,MED012,10.0,10,0.0
2026-02-19,ST016,MED013,7.0,6,1.0
2026-02-19,ST016,MED014,5.43,7,1.57
2026-02-19,ST016,MED015,13.07,13,0.07
2026-02-19,ST016,MED016,6.79,9,2.21
2026-02-19,ST016,MED017,9.79,11,1.21
2026-02-19,ST016,MED018,6.14,9,2.86
2026-02-19,ST016,MED019,3.36,4,0.64
2026-02-19,ST016,MED020,7.71,5,2.71
2026-02-19,ST016,MED021,10.07,9,1.07
2026-02-19,ST016,MED022,6.93,8,1.07
2026-02-19,ST016,MED023,10.93,10,0.93
2026-02-19,ST016,MED024,11.64,12,0.36
2026-02-19,ST016,MED025,6.36,8,1.64
2026-02-19,ST016,MED026,10.43,12,1.57
2026-02-19,ST016,MED027,11.86,10,1.86
2026-02-19,ST016,MED028,6.21,10,3.79
2026-02-19,ST016,MED029,8.29,8,0.29
2026-02-19,ST016,MED030,6.0,6,0.0
2026-02-19,ST017,MED001,11.93,11,0.93
2026-02-19,ST017,MED002,11.57,8,3.57
2026-02-19,ST017,MED003,3.0,1,2.0
2026-02-19,ST017,MED004,8.0,11,3.0
2026-02-19,ST017,MED005,11.71,11,0.71
2026-02-19,ST017,MED006,10.64,11,0.36
2026-02-19,ST017,MED007,2.43,6,3.57
2026-02-19,ST017,MED008,4.29,5,0.71
2026-02-19,ST017,MED009,11.36,7,4.36
2026-02-19,ST017,MED010,4.64,4,0.64
2026-02-19,ST017,MED011,12.14,12,0.14
2026-02-19,ST017,MED012,10.93,11,0.07
2026-02-19,ST017,MED013,6.86,8,1.14
2026-02-19,ST017,MED014,5.5,9,3.5
2026-02-19,ST017,MED015,13.71,12,1.71
2026-02-19,ST017,MED016,6.79,7,0.21
2026-02-19,ST017,MED017,11.14,10,1.14
2026-02-19,ST017,MED018,5.43,8,2.57
2026-02-19,ST017,MED019,2.36,2,0.36
2026-02-19,ST017,MED020,7.0,7,0.0
2026-02-19,ST017,MED021,12.14,9,3.14
2026-02-19,ST017,MED022,6.57,9,2.43
2026-02-19,ST017,MED023,11.36,13,1.64
2026-02-19,ST017,MED024,12.57,12,0.57
2026-02-19,ST017,MED025,6.29,2,4.29
2026-02-19,ST017,MED026,12.36,11,1.36
2026-02-19,ST017,MED027,13.0,13,0.0
2026-02-19,ST017,MED028,5.86,5,0.86
2026-02-19,ST017,MED029,8.43,9,0.57
2026-02-19,ST017,MED030,5.14,9,3.86
2026-02-19,ST018,MED001,12.79,12,0.79
2026-02-19,ST018,MED002,13.71,14,0.29
2026-02-19,ST018,MED003,3.5,5,1.5
2026-02-19,ST018,MED004,9.29,10,0.71
2026-02-19,ST018,MED005,13.43,9,4.43
2026-02-19,ST018,MED006,12.57,8,4.57
2026-02-19,ST018,MED007,4.07,8,3.93
2026-02-19,ST018,MED008,3.43,3,0.43
2026-02-19,ST018,MED009,12.29,12,0.29
2026-02-19,ST018,MED010,4.43,1,3.43
2026-02-19,ST018,MED011,14.0,17,3.0
2026-02-19,ST018,MED012,11.93,9,2.93
2026-02-19,ST018,MED013,7.93,6,1.93
2026-02-19,ST018,MED014,7.29,4,3.29
2026-02-19,ST018,MED015,14.5,14,0.5
2026-02-19,ST018,MED016,7.36,8,0.64
2026-02-19,ST018,MED017,11.21,13,1.79
2026-02-19,ST018,MED018,6.36,5,1.36
2026-02-19,ST018,MED019,4.36,5,0.64
2026-02-19,ST018,MED020,7.57,5,2.57
2026-02-19,ST018,MED021,11.43,11,0.43
2026-02-19,ST018,MED022,8.14,5,3.14
2026-02-19,ST018,MED023,13.36,14,0.64
2026-02-19,ST018,MED024,13.64,16,2.36
2026-02-19,ST018,MED025,6.29,6,0.29
2026-02-19,ST018,MED026,13.43,12,1.43
2026-02-19,ST018,MED027,12.86,13,0.14
2026-02-19,ST018,MED028,7.36,7,0.36
2026-02-19,ST018,MED029,9.79,10,0.21
2026-02-19,ST018,MED030,6.5,6,0.5
2026-02-19,ST019,MED001,12.79,14,1.21
2026-02-19,ST019,MED002,14.36,12,2.36
2026-02-19,ST019,MED003,5.0,6,1.0
2026-02-19,ST019,MED004,9.79,11,1.21
2026-02-19,ST019,MED005,14.86,11,3.86
2026-02-19,ST019,MED006,13.21,12,1.21
2026-02-19,ST019,MED007,3.79,9,5.21
2026-02-19,ST019,MED008,4.29,4,0.29
2026-02-19,ST019,MED009,12.79,14,1.21
2026-02-19,ST019,MED010,5.36,1,4.36
2026-02-19,ST019,MED011,14.79,15,0.21
2026-02-19,ST019,MED012,12.21,12,0.21
2026-02-19,ST019,MED013,8.43,5,3.43
2026-02-19,ST019,MED014,5.5,3,2.5
2026-02-19,ST019,MED015,14.71,16,1.29
2026-02-19,ST019,MED016,8.29,7,1.29
2026-02-19,ST019,MED017,13.93,16,2.07
2026-02-19,ST019,MED018,7.79,6,1.79
2026-02-19,ST019,MED019,3.93,2,1.93
2026-02-19,ST019,MED020,8.64,10,1.36
2026-02-19,ST019,MED021,11.14,12,0.86
2026-02-19,ST019,MED022,9.07,5,4.07
2026-02-19,ST019,MED023,13.5,11,2.5
2026-02-19,ST019,MED024,16.21,12,4.21
2026-02-19,ST019,MED025,7.43,10,2.57
2026-02-19,ST019,MED026,14.79,13,1.79
2026-02-19,ST019,MED027,14.29,13,1.29
2026-02-19,ST019,MED028,7.29,8,0.71
2026-02-19,ST019,MED029,10.93,9,1.93
2026-02-19,ST019,MED030,6.64,6,0.64
2026-02-19,ST020,MED001,14.93,15,0.07
2026-02-19,ST020,MED002,13.93,16,2.07
2026-02-19,ST020,MED003,3.71,7,3.29
2026-02-19,ST020,MED004,9.79,8,1.79
2026-02-19,ST020,MED005,14.29,16,1.71
2026-02-19,ST020,MED006,12.57,11,1.57
2026-02-19,ST020,MED007,4.07,6,1.93
2026-02-19,ST020,MED008,4.36,4,0.36
2026-02-19,ST020,MED009,13.43,14,0.57
2026-02-19,ST020,MED010,5.29,4,1.29
2026-02-19,ST020,MED011,14.43,17,2.57
2026-02-19,ST020,MED012,13.36,10,3.36
2026-02-19,ST020,MED013,9.93,11,1.07
2026-02-19,ST020,MED014,7.14,6,1.14
2026-02-19,ST020,MED015,15.5,16,0.5
2026-02-19,ST020,MED016,9.86,7,2.86
2026-02-19,ST020,MED017,15.57,16,0.43
2026-02-19,ST020,MED018,8.14,7,1.14
2026-02-19,ST020,MED019,5.0,5,0.0
2026-02-19,ST020,MED020,8.64,10,1.36
2026-02-19,ST020,MED021,14.71,11,3.71
2026-02-19,ST020,MED022,9.79,11,1.21
2026-02-19,ST020,MED023,14.64,16,1.36
2026-02-19,ST020,MED024,16.36,17,0.64
2026-02-19,ST020,MED025,7.43,6,1.43
2026-02-19,ST020,MED026,14.29,13,1.29
2026-02-19,ST020,MED027,17.14,14,3.14
2026-02-19,ST020,MED028,7.79,6,1.79
2026-02-19,ST020,MED029,11.5,8,3.5
2026-02-19,ST020,MED030,6.36,6,0.36
2026-02-19,ST021,MED001,8.5,7,1.5
2026-02-19,ST021,MED002,7.93,10,2.07
2026-02-19,ST021,MED003,2.57,2,0.57
2026-02-19,ST021,MED004,5.64,2,3.64
2026-02-19,ST021,MED005,8.07,4,4.07
2026-02-19,ST021,MED006,8.36,8,0.36
2026-02-19,ST021,MED007,2.29,1,1.29
2026-02-19,ST021,MED008,3.29,2,1.29
2026-02-19,ST021,MED009,8.21,8,0.21
2026-02-19,ST021,MED010,3.36,7,3.64
2026-02-19,ST021,MED011,9.0,10,1.0
2026-02-19,ST021,MED012,8.21,9,0.79
2026-02-19,ST021,MED013,5.57,5,0.57
2026-02-19,ST021,MED014,5.07,2,3.07
2026-02-19,ST021,MED015,9.0,9,0.0
2026-02-19,ST021,MED016,5.71,6,0.29
2026-02-19,ST021,MED017,8.0,4,4.0
2026-02-19,ST021,MED018,5.5,3,2.5
2026-02-19,ST021,MED019,2.57,1,1.57
2026-02-19,ST021,MED020,5.0,7,2.0
2026-02-19,ST021,MED021,7.0,5,2.0
2026-02-19,ST021,MED022,5.21,3,2.21
2026-02-19,ST021,MED023,8.79,10,1.21
2026-02-19,ST021,MED024,9.21,7,2.21
2026-02-19,ST021,MED025,3.86,6,2.14
2026-02-19,ST021,MED026,8.36,8,0.36
2026-02-19,ST021,MED027,9.71,9,0.71
2026-02-19,ST021,MED028,4.21,7,2.79
2026-02-19,ST021,MED029,8.07,10,1.93
2026-02-19,ST021,MED030,3.64,6,2.36
2026-02-19,ST022,MED001,10.57,9,1.57
2026-02-19,ST022,MED002,8.57,8,0.57
2026-02-19,ST022,MED003,3.0,4,1.0
2026-02-19,ST022,MED004,7.71,7,0.71
2026-02-19,ST022,MED005,10.14,11,0.86
2026-02-19,ST022,MED006,8.21,9,0.79
2026-02-19,ST022,MED007,3.21,5,1.79
2026-02-19,ST022,MED008,2.36,2,0.36
2026-02-19,ST022,MED009,9.43,8,1.43
2026-02-19,ST022,MED010,2.79,8,5.21
2026-02-19,ST022,MED011,10.29,6,4.29
2026-02-19,ST022,MED012,8.64,7,1.64
2026-02-19,ST022,MED013,5.57,9,3.43
2026-02-19,ST022,MED014,5.5,1,4.5
2026-02-19,ST022,MED015,10.07,6,4.07
2026-02-19,ST022,MED016,5.71,6,0.29
2026-02-19,ST022,MED017,8.5,9,0.5
2026-02-19,ST022,MED018,4.86,9,4.14
2026-02-19,ST022,MED019,2.79,4,1.21
2026-02-19,ST022,MED020,6.93,6,0.93
2026-02-19,ST022,MED021,9.21,6,3.21
2026-02-19,ST022,MED022,5.79,3,2.79
2026-02-19,ST022,MED023,9.43,6,3.43
2026-02-19,ST022,MED024,13.07,11,2.07
2026-02-19,ST022,MED025,5.79,4,1.79
2026-02-19,ST022,MED026,9.21,10,0.79
2026-02-19,ST022,MED027,11.14,13,1.86
2026-02-19,ST022,MED028,4.64,6,1.36
2026-02-19,ST022,MED029,8.93,10,1.07
2026-02-19,ST022,MED030,3.29,3,0.29
2026-02-19,ST023,MED001,10.64,12,1.36
2026-02-19,ST023,MED002,10.21,10,0.21
2026-02-19,ST023,MED003,2.79,4,1.21
2026-02-19,ST023,MED004,7.29,8,0.71
2026-02-19,ST023,MED005,10.71,13,2.29
2026-02-19,ST023,MED006,10.07,9,1.07
2026-02-19,ST023,MED007,3.14,0,3.14
2026-02-19,ST023,MED008,2.93,3,0.07
2026-02-19,ST023,MED009,9.07,13,3.93
2026-02-19,ST023,MED010,3.86,2,1.86
2026-02-19,ST023,MED011,10.86,8,2.86
2026-02-19,ST023,MED012,8.57,10,1.43
2026-02-19,ST023,MED013,6.21,6,0.21
2026-02-19,ST023,MED014,5.07,8,2.93
2026-02-19,ST023,MED015,11.71,13,1.29
2026-02-19,ST023,MED016,7.64,6,1.64
2026-02-19,ST023,MED017,10.36,7,3.36
2026-02-19,ST023,MED018,6.64,4,2.64
2026-02-19,ST023,MED019,3.07,2,1.07
2026-02-19,ST023,MED020,5.64,4,1.64
2026-02-19,ST023,MED021,10.14,7,3.14
2026-02-19,ST023,MED022,7.29,3,4.29
2026-02-19,ST023,MED023,10.43,8,2.43
2026-02-19,ST023,MED024,12.14,16,3.86
2026-02-19,ST023,MED025,6.0,7,1.0
2026-02-19,ST023,MED026,12.14,10,2.14
2026-02-19,ST023,MED027,12.64,8,4.64
2026-02-19,ST023,MED028,5.79,1,4.79
2026-02-19,ST023,MED029,9.07,5,4.07
2026-02-19,ST023,MED030,5.14,3,2.14
2026-02-19,ST024,MED001,11.36,11,0.36
2026-02-19,ST024,MED002,11.64,13,1.36
2026-02-19,ST024,MED003,2.71,7,4.29
2026-02-19,ST024,MED004,8.71,5,3.71
2026-02-19,ST024,MED005,11.29,10,1.29
2026-02-19,ST024,MED006,11.93,9,2.93
2026-02-19,ST024,MED007,2.57,1,1.57
2026-02-19,ST024,MED008,3.36,3,0.36
2026-02-19,ST024,MED009,10.21,10,0.21
2026-02-19,ST024,MED010,5.07,8,2.93
2026-02-19,ST024,MED011,12.21,11,1.21
2026-02-19,ST024,MED012,10.29,11,0.71
2026-02-19,ST024,MED013,7.5,6,1.5
2026-02-19,ST024,MED014,5.79,9,3.21
2026-02-19,ST024,MED015,12.86,14,1.14
2026-02-19,ST024,MED016,7.21,8,0.79
2026-02-19,ST024,MED017,11.86,13,1.14
2026-02-19,ST024,MED018,6.86,6,0.86
2026-02-19,ST024,MED019,3.86,3,0.86
2026-02-19,ST024,MED020,7.29,8,0.71
2026-02-19,ST024,MED021,9.71,11,1.29
2026-02-19,ST024,MED022,8.21,4,4.21
2026-02-19,ST024,MED023,13.21,14,0.79
2026-02-19,ST024,MED024,11.5,8,3.5
2026-02-19,ST024,MED025,6.0,9,3.0
2026-02-19,ST024,MED026,12.07,15,2.93
2026-02-19,ST024,MED027,12.5,11,1.5
2026-02-19,ST024,MED028,5.93,3,2.93
2026-02-19,ST024,MED029,11.43,11,0.43
2026-02-19,ST024,MED030,5.5,5,0.5
2026-02-19,ST025,MED001,12.57,11,1.57
2026-02-19,ST025,MED002,12.93,17,4.07
2026-02-19,ST025,MED003,3.0,2,1.0
2026-02-19,ST025,MED004,9.29,9,0.29
2026-02-19,ST025,MED005,12.79,9,3.79
2026-02-19,ST025,MED006,10.43,11,0.57
2026-02-19,ST025,MED007,3.71,3,0.71
2026-02-19,ST025,MED008,4.43,3,1.43
2026-02-19,ST025,MED009,10.5,10,0.5
2026-02-19,ST025,MED010,4.57,5,0.43
2026-02-19,ST025,MED011,12.93,7,5.93
2026-02-19,ST025,MED012,10.29,7,3.29
2026-02-19,ST025,MED013,8.36,7,1.36
2026-02-19,ST025,MED014,6.36,3,3.36
2026-02-19,ST025,MED015,14.21,13,1.21
2026-02-19,ST025,MED016,8.93,7,1.93
2026-02-19,ST025,MED017,13.07,14,0.93
2026-02-19,ST025,MED018,7.57,3,4.57
2026-02-19,ST025,MED019,3.43,1,2.43
2026-02-19,ST025,MED020,8.0,6,2.0
2026-02-19,ST025,MED021,11.5,12,0.5
2026-02-19,ST025,MED022,9.93,8,1.93
2026-02-19,ST025,MED023,12.57,10,2.57
2026-02-19,ST025,MED024,14.5,13,1.5
2026-02-19,ST025,MED025,7.21,5,2.21
2026-02-19,ST025,MED026,13.21,14,0.79
2026-02-19,ST025,MED027,11.93,14,2.07
2026-02-19,ST025,MED028,6.21,7,0.79
2026-02-19,ST025,MED029,11.14,9,2.14
2026-02-19,ST025,MED030,5.07,5,0.07
2026-02-19,ST026,MED001,13.5,11,2.5
2026-02-19,ST026,MED002,13.5,15,1.5
2026-02-19,ST026,MED003,3.71,0,3.71
2026-02-19,ST026,MED004,10.64,8,2.64
2026-02-19,ST026,MED005,13.64,15,1.36
2026-02-19,ST026,MED006,11.86,13,1.14
2026-02-19,ST026,MED007,3.93,0,3.93
2026-02-19,ST026,MED008,4.14,6,1.86
2026-02-19,ST026,MED009,13.14,10,3.14
2026-02-19,ST026,MED010,4.86,1,3.86
2026-02-19,ST026,MED011,13.36,15,1.64
2026-02-19,ST026,MED012,12.64,12,0.64
2026-02-19,ST026,MED013,8.86,10,1.14
2026-02-19,ST026,MED014,6.79,6,0.79
2026-02-19,ST026,MED015,16.07,15,1.07
2026-02-19,ST026,MED016,8.29,13,4.71
2026-02-19,ST026,MED017,13.57,11,2.57
2026-02-19,ST026,MED018,6.93,11,4.07
2026-02-19,ST026,MED019,3.43,5,1.57
2026-02-19,ST026,MED020,8.79,8,0.79
2026-02-19,ST026,MED021,12.5,11,1.5
2026-02-19,ST026,MED022,9.14,9,0.14
2026-02-19,ST026,MED023,13.0,8,5.0
2026-02-19,ST026,MED024,16.07,14,2.07
2026-02-19,ST026,MED025,8.21,5,3.21
2026-02-19,ST026,MED026,13.86,11,2.86
2026-02-19,ST026,MED027,14.29,15,0.71
2026-02-19,ST026,MED028,8.14,8,0.14
2026-02-19,ST026,MED029,12.0,7,5.0
2026-02-19,ST026,MED030,6.5,11,4.5
2026-02-19,ST027,MED001,14.86,16,1.14
2026-02-19,ST027,MED002,15.64,12,3.64
2026-02-19,ST027,MED003,4.79,5,0.21
2026-02-19,ST027,MED004,10.21,15,4.79
2026-02-19,ST027,MED005,14.29,15,0.71
2026-02-19,ST027,MED006,13.64,14,0.36
2026-02-19,ST027,MED007,4.86,4,0.86
2026-02-19,ST027,MED008,4.36,3,1.36
2026-02-19,ST027,MED009,13.29,16,2.71
2026-02-19,ST027,MED010,5.36,8,2.64
2026-02-19,ST027,MED011,15.14,18,2.86
2026-02-19,ST027,MED012,13.36,14,0.64
2026-02-19,ST027,MED013,9.0,7,2.0
2026-02-19,ST027,MED014,5.43,7,1.57
2026-02-19,ST027,MED015,15.71,16,0.29
2026-02-19,ST027,MED016,10.64,6,4.64
2026-02-19,ST027,MED017,14.79,14,0.79
2026-02-19,ST027,MED018,7.21,8,0.79
2026-02-19,ST027,MED019,3.57,5,1.43
2026-02-19,ST027,MED020,9.64,11,1.36
2026-02-19,ST027,MED021,13.43,12,1.43
2026-02-19,ST027,MED022,9.29,9,0.29
2026-02-19,ST027,MED023,14.64,19,4.36
2026-02-19,ST027,MED024,16.57,14,2.57
2026-02-19,ST027,MED025,8.64,7,1.64
2026-02-19,ST027,MED026,14.64,12,2.64
2026-02-19,ST027,MED027,16.29,16,0.29
2026-02-19,ST027,MED028,8.64,9,0.36
2026-02-19,ST027,MED029,11.93,10,1.93
2026-02-19,ST027,MED030,7.0,9,2.0
2026-02-19,ST028,MED001,9.14,6,3.14
2026-02-19,ST028,MED002,9.71,9,0.71
2026-02-19,ST028,MED003,2.14,4,1.86
2026-02-19,ST028,MED004,6.57,7,0.43
2026-02-19,ST028,MED005,8.43,10,1.57
2026-02-19,ST028,MED006,9.07,10,0.93
2026-02-19,ST028,MED007,2.14,1,1.14
2026-02-19,ST028,MED008,2.43,1,1.43
2026-02-19,ST028,MED009,7.93,6,1.93
2026-02-19,ST028,MED010,3.86,0,3.86
2026-02-19,ST028,MED011,8.07,7,1.07
2026-02-19,ST028,MED012,7.36,5,2.36
2026-02-19,ST028,MED013,5.79,3,2.79
2026-02-19,ST028,MED014,4.79,5,0.21
2026-02-19,ST028,MED015,9.36,6,3.36
2026-02-19,ST028,MED016,5.0,7,2.0
2026-02-19,ST028,MED017,9.14,9,0.14
2026-02-19,ST028,MED018,5.0,10,5.0
2026-02-19,ST028,MED019,1.36,4,2.64
2026-02-19,ST028,MED020,5.36,3,2.36
2026-02-19,ST028,MED021,7.29,7,0.29
2026-02-19,ST028,MED022,5.07,1,4.07
2026-02-19,ST028,MED023,8.0,7,1.0
2026-02-19,ST028,MED024,8.21,10,1.79
2026-02-19,ST028,MED025,5.07,8,2.93
2026-02-19,ST028,MED026,9.0,9,0.0
2026-02-19,ST028,MED027,9.14,11,1.86
2026-02-19,ST028,MED028,6.14,6,0.14
2026-02-19,ST028,MED029,7.14,4,3.14
2026-02-19,ST028,MED030,4.57,3,1.57
2026-02-19,ST029,MED001,9.5,10,0.5
2026-02-19,ST029,MED002,10.14,13,2.86
2026-02-19,ST029,MED003,2.43,4,1.57
2026-02-19,ST029,MED004,7.57,8,0.43
2026-02-19,ST029,MED005,9.57,7,2.57
2026-02-19,ST029,MED006,8.79,3,5.79
2026-02-19,ST029,MED007,2.79,3,0.21
2026-02-19,ST029,MED008,2.64,3,0.36
2026-02-19,ST029,MED009,8.14,6,2.14
2026-02-19,ST029,MED010,2.86,8,5.14
2026-02-19,ST029,MED011,9.5,10,0.5
2026-02-19,ST029,MED012,7.29,9,1.71
2026-02-19,ST029,MED013,6.5,6,0.5
2026-02-19,ST029,MED014,3.86,8,4.14
2026-02-19,ST029,MED015,11.07,7,4.07
2026-02-19,ST029,MED016,4.93,3,1.93
2026-02-19,ST029,MED017,8.93,8,0.93
2026-02-19,ST029,MED018,4.86,7,2.14
2026-02-19,ST029,MED019,3.5,5,1.5
2026-02-19,ST029,MED020,5.64,7,1.36
2026-02-19,ST029,MED021,9.43,10,0.57
2026-02-19,ST029,MED022,6.29,6,0.29
2026-02-19,ST029,MED023,8.64,10,1.36
2026-02-19,ST029,MED024,11.14,8,3.14
2026-02-19,ST029,MED025,4.21,8,3.79
2026-02-19,ST029,MED026,9.36,10,0.64
2026-02-19,ST029,MED027,10.93,10,0.93
2026-02-19,ST029,MED028,5.57,2,3.57
2026-02-19,ST029,MED029,8.86,8,0.86
2026-02-19,ST029,MED030,4.64,3,1.64
2026-02-19,ST030,MED001,10.64,16,5.36
2026-02-19,ST030,MED002,10.93,10,0.93
2026-02-19,ST030,MED003,2.71,5,2.29
2026-02-19,ST030,MED004,8.57,7,1.57
2026-02-19,ST030,MED005,10.29,15,4.71
2026-02-19,ST030,MED006,9.5,10,0.5
2026-02-19,ST030,MED007,2.93,3,0.07
2026-02-19,ST030,MED008,2.64,4,1.36
2026-02-19,ST030,MED009,8.93,10,1.07
2026-02-19,ST030,MED010,4.07,3,1.07
2026-02-19,ST030,MED011,11.43,9,2.43
2026-02-19,ST030,MED012,10.36,8,2.36
2026-02-19,ST030,MED013,6.5,0,6.5
2026-02-19,ST030,MED014,5.57,3,2.57
2026-02-19,ST030,MED015,11.14,9,2.14
2026-02-19,ST030,MED016,7.71,5,2.71
2026-02-19,ST030,MED017,10.29,11,0.71
2026-02-19,ST030,MED018,5.5,8,2.5
2026-02-19,ST030,MED019,3.43,3,0.43
2026-02-19,ST030,MED020,6.71,8,1.29
2026-02-19,ST030,MED021,9.71,12,2.29
2026-02-19,ST030,MED022,6.43,5,1.43
2026-02-19,ST030,MED023,10.07,11,0.93
2026-02-19,ST030,MED024,11.14,13,1.86
2026-02-19,ST030,MED025,5.07,5,0.07
2026-02-19,ST030,MED026,10.36,10,0.36
2026-02-19,ST030,MED027,11.07,8,3.07
2026-02-19,ST030,MED028,6.21,6,0.21
2026-02-19,ST030,MED029,7.43,12,4.57
2026-02-19,ST030,MED030,5.5,3,2.5
2026-02-19,ST031,MED001,10.64,7,3.64
2026-02-19,ST031,MED002,11.21,12,0.79
2026-02-19,ST031,MED003,3.43,4,0.57
2026-02-19,ST031,MED004,9.14,9,0.14
2026-02-19,ST031,MED005,11.29,9,2.29
2026-02-19,ST031,MED006,10.86,9,1.86
2026-02-19,ST031,MED007,4.86,2,2.86
2026-02-19,ST031,MED008,3.0,3,0.0
2026-02-19,ST031,MED009,11.5,13,1.5
2026-02-19,ST031,MED010,4.79,2,2.79
2026-02-19,ST031,MED011,10.0,12,2.0
2026-02-19,ST031,MED012,10.29,8,2.29
2026-02-19,ST031,MED013,7.57,5,2.57
2026-02-19,ST031,MED014,4.86,7,2.14
2026-02-19,ST031,MED015,13.21,18,4.79
2026-02-19,ST031,MED016,7.14,12,4.86
2026-02-19,ST031,MED017,11.29,12,0.71
2026-02-19,ST031,MED018,7.14,2,5.14
2026-02-19,ST031,MED019,3.71,3,0.71
2026-02-19,ST031,MED020,8.07,6,2.07
2026-02-19,ST031,MED021,10.0,10,0.0
2026-02-19,ST031,MED022,6.21,9,2.79
2026-02-19,ST031,MED023,11.86,10,1.86
2026-02-19,ST031,MED024,12.36,8,4.36
2026-02-19,ST031,MED025,5.79,2,3.79
2026-02-19,ST031,MED026,11.36,6,5.36
2026-02-19,ST031,MED027,11.93,11,0.93
2026-02-19,ST031,MED028,6.64,10,3.36
2026-02-19,ST031,MED029,9.14,10,0.86
2026-02-19,ST031,MED030,4.86,7,2.14
2026-02-19,ST032,MED001,11.86,16,4.14
2026-02-19,ST032,MED002,12.14,14,1.86
2026-02-19,ST032,MED003,4.07,6,1.93
2026-02-19,ST032,MED004,8.93,11,2.07
2026-02-19,ST032,MED005,11.07,25,13.93
2026-02-19,ST032,MED006,11.36,10,1.36
2026-02-19,ST032,MED007,3.43,0,3.43
2026-02-19,ST032,MED008,2.57,5,2.43
2026-02-19,ST032,MED009,12.36,10,2.36
2026-02-19,ST032,MED010,5.36,4,1.36
2026-02-19,ST032,MED011,13.07,13,0.07
2026-02-19,ST032,MED012,11.29,9,2.29
2026-02-19,ST032,MED013,8.5,9,0.5
2026-02-19,ST032,MED014,6.36,9,2.64
2026-02-19,ST032,MED015,14.0,12,2.0
2026-02-19,ST032,MED016,8.71,5,3.71
2026-02-19,ST032,MED017,11.79,10,1.79
2026-02-19,ST032,MED018,5.71,5,0.71
2026-02-19,ST032,MED019,3.36,2,1.36
2026-02-19,ST032,MED020,7.64,7,0.64
2026-02-19,ST032,MED021,11.5,9,2.5
2026-02-19,ST032,MED022,8.93,6,2.93
2026-02-19,ST032,MED023,11.07,11,0.07
2026-02-19,ST032,MED024,14.5,9,5.5
2026-02-19,ST032,MED025,7.57,8,0.43
2026-02-19,ST032,MED026,14.79,13,1.79
2026-02-19,ST032,MED027,12.57,11,1.57
2026-02-19,ST032,MED028,7.64,7,0.64
2026-02-19,ST032,MED029,10.71,9,1.71
2026-02-19,ST032,MED030,5.79,10,4.21
2026-02-19,ST033,MED001,13.57,14,0.43
2026-02-19,ST033,MED002,13.57,10,3.57
2026-02-19,ST033,MED003,3.29,0,3.29
2026-02-19,ST033,MED004,10.43,12,1.57
2026-02-19,ST033,MED005,12.93,11,1.93
2026-02-19,ST033,MED006,12.21,12,0.21
2026-02-19,ST033,MED007,3.93,2,1.93
2026-02-19,ST033,MED008,4.0,1,3.0
2026-02-19,ST033,MED009,12.93,15,2.07
2026-02-19,ST033,MED010,4.36,6,1.64
2026-02-19,ST033,MED011,12.93,15,2.07
2026-02-19,ST033,MED012,13.57,12,1.57
2026-02-19,ST033,MED013,8.93,5,3.93
2026-02-19,ST033,MED014,6.36,4,2.36
2026-02-19,ST033,MED015,14.93,14,0.93
2026-02-19,ST033,MED016,8.86,5,3.86
2026-02-19,ST033,MED017,13.71,7,6.71
2026-02-19,ST033,MED018,7.5,7,0.5
2026-02-19,ST033,MED019,3.64,7,3.36
2026-02-19,ST033,MED020,8.71,9,0.29
2026-02-19,ST033,MED021,13.0,11,2.0
2026-02-19,ST033,MED022,8.64,8,0.64
2026-02-19,ST033,MED023,13.79,11,2.79
2026-02-19,ST033,MED024,15.29,14,1.29
2026-02-19,ST033,MED025,6.36,3,3.36
2026-02-19,ST033,MED026,13.36,16,2.64
2026-02-19,ST033,MED027,14.0,10,4.0
2026-02-19,ST033,MED028,8.14,10,1.86
2026-02-19,ST033,MED029,11.86,11,0.86
2026-02-19,ST033,MED030,5.57,7,1.43
2026-02-19,ST034,MED001,14.71,14,0.71
2026-02-19,ST034,MED002,14.86,12,2.86
2026-02-19,ST034,MED003,4.5,7,2.5
2026-02-19,ST034,MED004,11.14,11,0.14
2026-02-19,ST034,MED005,14.0,14,0.0
2026-02-19,ST034,MED006,14.36,12,2.36
2026-02-19,ST034,MED007,4.36,5,0.64
2026-02-19,ST034,MED008,3.64,3,0.64
2026-02-19,ST034,MED009,14.07,12,2.07
2026-02-19,ST034,MED010,5.21,5,0.21
2026-02-19,ST034,MED011,14.86,17,2.14
2026-02-19,ST034,MED012,13.64,9,4.64
2026-02-19,ST034,MED013,8.86,11,2.14
2026-02-19,ST034,MED014,7.36,10,2.64
2026-02-19,ST034,MED015,16.07,17,0.93
2026-02-19,ST034,MED016,7.93,6,1.93
2026-02-19,ST034,MED017,16.0,14,2.0
2026-02-19,ST034,MED018,8.0,5,3.0
2026-02-19,ST034,MED019,3.93,5,1.07
2026-02-19,ST034,MED020,8.86,10,1.14
2026-02-19,ST034,MED021,12.93,14,1.07
2026-02-19,ST034,MED022,8.86,12,3.14
2026-02-19,ST034,MED023,16.71,17,0.29
2026-02-19,ST034,MED024,15.14,32,16.86
2026-02-19,ST034,MED025,9.5,8,1.5
2026-02-19,ST034,MED026,14.5,17,2.5
2026-02-19,ST034,MED027,16.0,16,0.0
2026-02-19,ST034,MED028,9.0,10,1.0
2026-02-19,ST034,MED029,11.71,11,0.71
2026-02-19,ST034,MED030,7.0,4,3.0
2026-02-19,ST035,MED001,10.14,9,1.14
2026-02-19,ST035,MED002,8.14,9,0.86
2026-02-19,ST035,MED003,2.36,3,0.64
2026-02-19,ST035,MED004,6.5,4,2.5
2026-02-19,ST035,MED005,8.5,7,1.5
2026-02-19,ST035,MED006,8.64,3,5.64
2026-02-19,ST035,MED007,2.43,4,1.57
2026-02-19,ST035,MED008,1.71,5,3.29
2026-02-19,ST035,MED009,8.0,10,2.0
2026-02-19,ST035,MED010,2.86,4,1.14
2026-02-19,ST035,MED011,8.86,9,0.14
2026-02-19,ST035,MED012,8.64,7,1.64
2026-02-19,ST035,MED013,5.0,10,5.0
2026-02-19,ST035,MED014,4.29,2,2.29
2026-02-19,ST035,MED015,9.29,9,0.29
2026-02-19,ST035,MED016,6.14,8,1.86
2026-02-19,ST035,MED017,8.64,7,1.64
2026-02-19,ST035,MED018,3.0,7,4.0
2026-02-19,ST035,MED019,2.21,0,2.21
2026-02-19,ST035,MED020,7.29,5,2.29
2026-02-19,ST035,MED021,8.36,8,0.36
2026-02-19,ST035,MED022,5.21,5,0.21
2026-02-19,ST035,MED023,9.57,9,0.57
2026-02-19,ST035,MED024,10.0,8,2.0
2026-02-19,ST035,MED025,4.14,6,1.86
2026-02-19,ST035,MED026,8.5,14,5.5
2026-02-19,ST035,MED027,8.5,8,0.5
2026-02-19,ST035,MED028,4.0,5,1.0
2026-02-19,ST035,MED029,7.07,6,1.07
2026-02-19,ST035,MED030,3.29,2,1.29
2026-02-19,ST036,MED001,11.14,8,3.14
2026-02-19,ST036,MED002,9.79,10,0.21
2026-02-19,ST036,MED003,2.14,4,1.86
2026-02-19,ST036,MED004,8.14,10,1.86
2026-02-19,ST036,MED005,8.93,7,1.93
2026-02-19,ST036,MED006,8.79,6,2.79
2026-02-19,ST036,MED007,2.71,0,2.71
2026-02-19,ST036,MED008,2.71,2,0.71
2026-02-19,ST036,MED009,8.43,7,1.43
2026-02-19,ST036,MED010,4.0,5,1.0
2026-02-19,ST036,MED011,9.43,7,2.43
2026-02-19,ST036,MED012,8.5,8,0.5
2026-02-19,ST036,MED013,5.36,7,1.64
2026-02-19,ST036,MED014,5.57,2,3.57
2026-02-19,ST036,MED015,10.36,14,3.64
2026-02-19,ST036,MED016,6.29,6,0.29
2026-02-19,ST036,MED017,10.64,7,3.64
2026-02-19,ST036,MED018,5.79,5,0.79
2026-02-19,ST036,MED019,3.0,2,1.0
2026-02-19,ST036,MED020,6.36,3,3.36
2026-02-19,ST036,MED021,9.21,7,2.21
2026-02-19,ST036,MED022,6.0,10,4.0
2026-02-19,ST036,MED023,9.64,9,0.64
2026-02-19,ST036,MED024,10.64,10,0.64
2026-02-19,ST036,MED025,4.86,4,0.86
2026-02-19,ST036,MED026,8.93,12,3.07
2026-02-19,ST036,MED027,10.14,4,6.14
2026-02-19,ST036,MED028,5.36,3,2.36
2026-02-19,ST036,MED029,7.07,7,0.07
2026-02-19,ST036,MED030,5.14,4,1.14
2026-02-19,ST037,MED001,11.0,11,0.0
2026-02-19,ST037,MED002,10.43,10,0.43
2026-02-19,ST037,MED003,3.43,1,2.43
2026-02-19,ST037,MED004,7.64,13,5.36
2026-02-19,ST037,MED005,11.07,6,5.07
2026-02-19,ST037,MED006,10.07,9,1.07
2026-02-19,ST037,MED007,3.0,2,1.0
2026-02-19,ST037,MED008,2.86,3,0.14
2026-02-19,ST037,MED009,10.43,12,1.57
2026-02-19,ST037,MED010,3.64,3,0.64
2026-02-19,ST037,MED011,11.07,12,0.93
2026-02-19,ST037,MED012,10.0,9,1.0
2026-02-19,ST037,MED013,6.21,6,0.21
2026-02-19,ST037,MED014,5.14,6,0.86
2026-02-19,ST037,MED015,11.43,13,1.57
2026-02-19,ST037,MED016,7.0,9,2.0
2026-02-19,ST037,MED017,10.29,9,1.29
2026-02-19,ST037,MED018,6.14,6,0.14
2026-02-19,ST037,MED019,4.0,5,1.0
2026-02-19,ST037,MED020,7.07,2,5.07
2026-02-19,ST037,MED021,10.0,12,2.0
2026-02-19,ST037,MED022,6.5,7,0.5
2026-02-19,ST037,MED023,10.5,14,3.5
2026-02-19,ST037,MED024,12.14,11,1.14
2026-02-19,ST037,MED025,6.07,6,0.07
2026-02-19,ST037,MED026,11.0,11,0.0
2026-02-19,ST037,MED027,13.07,11,2.07
2026-02-19,ST037,MED028,5.86,3,2.86
2026-02-19,ST037,MED029,8.71,6,2.71
2026-02-19,ST037,MED030,4.79,5,0.21
2026-02-19,ST038,MED001,11.86,10,1.86
2026-02-19,ST038,MED002,10.86,13,2.14
2026-02-19,ST038,MED003,3.29,2,1.29
2026-02-19,ST038,MED004,8.93,10,1.07
2026-02-19,ST038,MED005,13.14,9,4.14
2026-02-19,ST038,MED006,11.07,9,2.07
2026-02-19,ST038,MED007,3.43,3,0.43
2026-02-19,ST038,MED008,3.0,3,0.0
2026-02-19,ST038,MED009,11.5,9,2.5
2026-02-19,ST038,MED010,4.71,6,1.29
2026-02-19,ST038,MED011,11.64,10,1.64
2026-02-19,ST038,MED012,11.29,8,3.29
2026-02-19,ST038,MED013,7.14,3,4.14
2026-02-19,ST038,MED014,5.43,4,1.43
2026-02-19,ST038,MED015,13.86,13,0.86
2026-02-19,ST038,MED016,6.71,8,1.29
2026-02-19,ST038,MED017,11.0,12,1.0
2026-02-19,ST038,MED018,6.64,8,1.36
2026-02-19,ST038,MED019,3.29,5,1.71
2026-02-19,ST038,MED020,7.36,8,0.64
2026-02-19,ST038,MED021,10.0,12,2.0
2026-02-19,ST038,MED022,7.5,10,2.5
2026-02-19,ST038,MED023,11.64,9,2.64
2026-02-19,ST038,MED024,12.43,13,0.57
2026-02-19,ST038,MED025,7.64,4,3.64
2026-02-19,ST038,MED026,11.79,12,0.21
2026-02-19,ST038,MED027,12.79,13,0.21
2026-02-19,ST038,MED028,5.21,3,2.21
2026-02-19,ST038,MED029,10.0,11,1.0
2026-02-19,ST038,MED030,4.64,2,2.64
2026-02-19,ST039,MED001,13.14,11,2.14
2026-02-19,ST039,MED002,12.57,10,2.57
2026-02-19,ST039,MED003,4.0,4,0.0
2026-02-19,ST039,MED004,10.21,8,2.21
2026-02-19,ST039,MED005,12.64,18,5.36
2026-02-19,ST039,MED006,13.07,14,0.93
2026-02-19,ST039,MED007,4.36,5,0.64
2026-02-19,ST039,MED008,4.07,5,0.93
2026-02-19,ST039,MED009,11.71,13,1.29
2026-02-19,ST039,MED010,5.36,0,5.36
2026-02-19,ST039,MED011,12.29,15,2.71
2026-02-19,ST039,MED012,12.0,12,0.0
2026-02-19,ST039,MED013,8.36,10,1.64
2026-02-19,ST039,MED014,6.93,6,0.93
2026-02-19,ST039,MED015,13.79,14,0.21
2026-02-19,ST039,MED016,8.0,3,5.0
2026-02-19,ST039,MED017,12.86,9,3.86
2026-02-19,ST039,MED018,7.57,10,2.43
2026-02-19,ST039,MED019,3.36,3,0.36
2026-02-19,ST039,MED020,7.79,10,2.21
2026-02-19,ST039,MED021,11.79,11,0.79
2026-02-19,ST039,MED022,7.21,4,3.21
2026-02-19,ST039,MED023,12.57,11,1.57
2026-02-19,ST039,MED024,14.07,13,1.07
2026-02-19,ST039,MED025,7.14,4,3.14
2026-02-19,ST039,MED026,12.36,8,4.36
2026-02-19,ST039,MED027,14.64,18,3.36
2026-02-19,ST039,MED028,6.64,5,1.64
2026-02-19,ST039,MED029,10.29,8,2.29
2026-02-19,ST039,MED030,5.93,8,2.07
2026-02-19,ST040,MED001,13.71,12,1.71
2026-02-19,ST040,MED002,13.0,14,1.0
2026-02-19,ST040,MED003,3.43,5,1.57
2026-02-19,ST040,MED004,10.29,11,0.71
2026-02-19,ST040,MED005,14.29,16,1.71
2026-02-19,ST040,MED006,12.0,11,1.0
2026-02-19,ST040,MED007,3.86,5,1.14
2026-02-19,ST040,MED008,3.36,1,2.36
2026-02-19,ST040,MED009,12.93,13,0.07
2026-02-19,ST040,MED010,5.29,4,1.29
2026-02-19,ST040,MED011,13.36,15,1.64
2026-02-19,ST040,MED012,12.57,13,0.43
2026-02-19,ST040,MED013,8.64,8,0.64
2026-02-19,ST040,MED014,7.93,4,3.93
2026-02-19,ST040,MED015,16.71,20,3.29
2026-02-19,ST040,MED016,8.57,7,1.57
2026-02-19,ST040,MED017,13.0,15,2.0
2026-02-19,ST040,MED018,7.07,7,0.07
2026-02-19,ST040,MED019,3.79,2,1.79
2026-02-19,ST040,MED020,8.14,6,2.14
2026-02-19,ST040,MED021,12.21,15,2.79
2026-02-19,ST040,MED022,7.36,9,1.64
2026-02-19,ST040,MED023,13.36,12,1.36
2026-02-19,ST040,MED024,15.64,17,1.36
2026-02-19,ST040,MED025,7.93,5,2.93
2026-02-19,ST040,MED026,13.21,15,1.79
2026-02-19,ST040,MED027,15.0,16,1.0
2026-02-19,ST040,MED028,7.36,7,0.36
2026-02-19,ST040,MED029,11.57,13,1.43
2026-02-19,ST040,MED030,6.29,5,1.29
2026-02-20,ST001,MED001,9.57,12,2.43
2026-02-20,ST001,MED002,8.86,10,1.14
2026-02-20,ST001,MED003,2.71,3,0.29
2026-02-20,ST001,MED004,6.86,10,3.14
2026-02-20,ST001,MED005,9.71,8,1.71
2026-02-20,ST001,MED006,8.79,8,0.79
2026-02-20,ST001,MED007,1.71,5,3.29
2026-02-20,ST001,MED008,2.5,3,0.5
2026-02-20,ST001,MED009,8.21,9,0.79
2026-02-20,ST001,MED010,3.57,10,6.43
2026-02-20,ST001,MED011,9.79,10,0.21
2026-02-20,ST001,MED012,8.93,14,5.07
2026-02-20,ST001,MED013,6.57,8,1.43
2026-02-20,ST001,MED014,4.57,6,1.43
2026-02-20,ST001,MED015,9.93,10,0.07
2026-02-20,ST001,MED016,6.64,4,2.64
2026-02-20,ST001,MED017,8.86,9,0.14
2026-02-20,ST001,MED018,5.71,4,1.71
2026-02-20,ST001,MED019,3.86,2,1.86
2026-02-20,ST001,MED020,6.43,7,0.57
2026-02-20,ST001,MED021,8.93,5,3.93
2026-02-20,ST001,MED022,6.0,5,1.0
2026-02-20,ST001,MED023,9.07,10,0.93
2026-02-20,ST001,MED024,10.21,11,0.79
2026-02-20,ST001,MED025,5.0,6,1.0
2026-02-20,ST001,MED026,10.29,10,0.29
2026-02-20,ST001,MED027,10.5,12,1.5
2026-02-20,ST001,MED028,5.43,4,1.43
2026-02-20,ST001,MED029,8.14,7,1.14
2026-02-20,ST001,MED030,4.14,7,2.86
2026-02-20,ST002,MED001,10.5,10,0.5
2026-02-20,ST002,MED002,9.43,7,2.43
2026-02-20,ST002,MED003,3.36,6,2.64
2026-02-20,ST002,MED004,8.29,6,2.29
2026-02-20,ST002,MED005,11.36,11,0.36
2026-02-20,ST002,MED006,9.86,9,0.86
2026-02-20,ST002,MED007,3.07,3,0.07
2026-02-20,ST002,MED008,3.36,5,1.64
2026-02-20,ST002,MED009,10.07,10,0.07
2026-02-20,ST002,MED010,3.71,7,3.29
2026-02-20,ST002,MED011,10.93,13,2.07
2026-02-20,ST002,MED012,9.71,10,0.29
2026-02-20,ST002,MED013,7.0,7,0.0
2026-02-20,ST002,MED014,5.5,8,2.5
2026-02-20,ST002,MED015,11.07,12,0.93
2026-02-20,ST002,MED016,8.0,7,1.0
2026-02-20,ST002,MED017,11.21,11,0.21
2026-02-20,ST002,MED018,5.07,6,0.93
2026-02-20,ST002,MED019,2.71,3,0.29
2026-02-20,ST002,MED020,6.21,6,0.21
2026-02-20,ST002,MED021,10.36,7,3.36
2026-02-20,ST002,MED022,7.57,9,1.43
2026-02-20,ST002,MED023,10.93,11,0.07
2026-02-20,ST002,MED024,12.0,16,4.0
2026-02-20,ST002,MED025,5.93,5,0.93
2026-02-20,ST002,MED026,11.07,12,0.93
2026-02-20,ST002,MED027,11.79,12,0.21
2026-02-20,ST002,MED028,6.29,4,2.29
2026-02-20,ST002,MED029,8.64,9,0.36
2026-02-20,ST002,MED030,4.86,5,0.14
2026-02-20,ST003,MED001,11.71,14,2.29
2026-02-20,ST003,MED002,11.86,9,2.86
2026-02-20,ST003,MED003,2.36,0,2.36
2026-02-20,ST003,MED004,8.29,8,0.29
2026-02-20,ST003,MED005,12.5,14,1.5
2026-02-20,ST003,MED006,10.79,13,2.21
2026-02-20,ST003,MED007,3.36,3,0.36
2026-02-20,ST003,MED008,3.07,6,2.93
2026-02-20,ST003,MED009,10.86,10,0.86
2026-02-20,ST003,MED010,4.5,5,0.5
2026-02-20,ST003,MED011,11.93,13,1.07
2026-02-20,ST003,MED012,9.86,8,1.86
2026-02-20,ST003,MED013,7.71,2,5.71
2026-02-20,ST003,MED014,4.71,2,2.71
2026-02-20,ST003,MED015,13.43,12,1.43
2026-02-20,ST003,MED016,7.29,3,4.29
2026-02-20,ST003,MED017,10.93,15,4.07
2026-02-20,ST003,MED018,5.71,6,0.29
2026-02-20,ST003,MED019,3.43,5,1.57
2026-02-20,ST003,MED020,6.71,7,0.29
2026-02-20,ST003,MED021,9.71,6,3.71
2026-02-20,ST003,MED022,7.29,9,1.71
2026-02-20,ST003,MED023,11.21,11,0.21
2026-02-20,ST003,MED024,13.5,14,0.5
2026-02-20,ST003,MED025,6.71,7,0.29
2026-02-20,ST003,MED026,12.07,10,2.07
2026-02-20,ST003,MED027,12.57,12,0.57
2026-02-20,ST003,MED028,5.64,5,0.64
2026-02-20,ST003,MED029,9.36,19,9.64
2026-02-20,ST003,MED030,5.14,4,1.14
2026-02-20,ST004,MED001,12.14,12,0.14
2026-02-20,ST004,MED002,11.64,9,2.64
2026-02-20,ST004,MED003,2.5,4,1.5
2026-02-20,ST004,MED004,9.14,9,0.14
2026-02-20,ST004,MED005,12.79,14,1.21
2026-02-20,ST004,MED006,10.5,13,2.5
2026-02-20,ST004,MED007,3.79,3,0.79
2026-02-20,ST004,MED008,4.43,7,2.57
2026-02-20,ST004,MED009,13.86,12,1.86
2026-02-20,ST004,MED010,3.79,6,2.21
2026-02-20,ST004,MED011,12.07,9,3.07
2026-02-20,ST004,MED012,11.07,15,3.93
2026-02-20,ST004,MED013,7.86,13,5.14
2026-02-20,ST004,MED014,5.64,2,3.64
2026-02-20,ST004,MED015,15.07,11,4.07
2026-02-20,ST004,MED016,7.79,7,0.79
2026-02-20,ST004,MED017,12.0,14,2.0
2026-02-20,ST004,MED018,7.43,6,1.43
2026-02-20,ST004,MED019,3.57,3,0.57
2026-02-20,ST004,MED020,7.93,8,0.07
2026-02-20,ST004,MED021,11.57,14,2.43
2026-02-20,ST004,MED022,9.0,11,2.0
2026-02-20,ST004,MED023,12.71,11,1.71
2026-02-20,ST004,MED024,14.29,11,3.29
2026-02-20,ST004,MED025,6.43,1,5.43
2026-02-20,ST004,MED026,13.0,13,0.0
2026-02-20,ST004,MED027,14.36,12,2.36
2026-02-20,ST004,MED028,8.0,6,2.0
2026-02-20,ST004,MED029,10.71,11,0.29
2026-02-20,ST004,MED030,5.93,4,1.93
2026-02-20,ST005,MED001,13.43,16,2.57
2026-02-20,ST005,MED002,14.43,12,2.43
2026-02-20,ST005,MED003,3.0,1,2.0
2026-02-20,ST005,MED004,10.21,6,4.21
2026-02-20,ST005,MED005,13.93,15,1.07
2026-02-20,ST005,MED006,12.07,11,1.07
2026-02-20,ST005,MED007,3.57,3,0.57
2026-02-20,ST005,MED008,4.07,3,1.07
2026-02-20,ST005,MED009,13.0,11,2.0
2026-02-20,ST005,MED010,5.5,7,1.5
2026-02-20,ST005,MED011,13.71,14,0.29
2026-02-20,ST005,MED012,11.64,15,3.36
2026-02-20,ST005,MED013,9.07,8,1.07
2026-02-20,ST005,MED014,6.21,4,2.21
2026-02-20,ST005,MED015,16.5,18,1.5
2026-02-20,ST005,MED016,8.43,9,0.57
2026-02-20,ST005,MED017,13.57,12,1.57
2026-02-20,ST005,MED018,6.64,8,1.36
2026-02-20,ST005,MED019,3.86,4,0.14
2026-02-20,ST005,MED020,8.79,11,2.21
2026-02-20,ST005,MED021,12.71,7,5.71
2026-02-20,ST005,MED022,9.29,12,2.71
2026-02-20,ST005,MED023,13.5,12,1.5
2026-02-20,ST005,MED024,15.07,15,0.07
2026-02-20,ST005,MED025,7.29,8,0.71
2026-02-20,ST005,MED026,14.14,15,0.86
2026-02-20,ST005,MED027,14.29,17,2.71
2026-02-20,ST005,MED028,7.71,7,0.71
2026-02-20,ST005,MED029,10.86,12,1.14
2026-02-20,ST005,MED030,5.93,5,0.93
2026-02-20,ST006,MED001,14.29,15,0.71
2026-02-20,ST006,MED002,15.71,14,1.71
2026-02-20,ST006,MED003,4.14,6,1.86
2026-02-20,ST006,MED004,10.29,13,2.71
2026-02-20,ST006,MED005,13.93,12,1.93
2026-02-20,ST006,MED006,13.57,12,1.57
2026-02-20,ST006,MED007,4.93,1,3.93
2026-02-20,ST006,MED008,4.21,0,4.21
2026-02-20,ST006,MED009,14.21,12,2.21
2026-02-20,ST006,MED010,5.29,5,0.29
2026-02-20,ST006,MED011,15.64,15,0.64
2026-02-20,ST006,MED012,13.21,12,1.21
2026-02-20,ST006,MED013,10.64,5,5.64
2026-02-20,ST006,MED014,7.0,8,1.0
2026-02-20,ST006,MED015,18.07,20,1.93
2026-02-20,ST006,MED016,9.29,2,7.29
2026-02-20,ST006,MED017,13.79,10,3.79
2026-02-20,ST006,MED018,7.71,7,0.71
2026-02-20,ST006,MED019,2.86,4,1.14
2026-02-20,ST006,MED020,8.71,9,0.29
2026-02-20,ST006,MED021,13.07,9,4.07
2026-02-20,ST006,MED022,10.07,7,3.07
2026-02-20,ST006,MED023,14.07,15,0.93
2026-02-20,ST006,MED024,15.43,11,4.43
2026-02-20,ST006,MED025,8.43,6,2.43
2026-02-20,ST006,MED026,16.14,14,2.14
2026-02-20,ST006,MED027,15.43,13,2.43
2026-02-20,ST006,MED028,8.43,6,2.43
2026-02-20,ST006,MED029,12.07,9,3.07
2026-02-20,ST006,MED030,6.57,7,0.43
2026-02-20,ST007,MED001,8.14,10,1.86
2026-02-20,ST007,MED002,7.93,12,4.07
2026-02-20,ST007,MED003,2.29,2,0.29
2026-02-20,ST007,MED004,5.86,6,0.14
2026-02-20,ST007,MED005,7.43,10,2.57
2026-02-20,ST007,MED006,7.07,19,11.93
2026-02-20,ST007,MED007,3.07,0,3.07
2026-02-20,ST007,MED008,2.0,3,1.0
2026-02-20,ST007,MED009,8.57,11,2.43
2026-02-20,ST007,MED010,3.29,2,1.29
2026-02-20,ST007,MED011,8.86,8,0.86
2026-02-20,ST007,MED012,7.79,6,1.79
2026-02-20,ST007,MED013,5.79,5,0.79
2026-02-20,ST007,MED014,5.07,5,0.07
2026-02-20,ST007,MED015,9.07,10,0.93
2026-02-20,ST007,MED016,5.79,6,0.21
2026-02-20,ST007,MED017,8.71,10,1.29
2026-02-20,ST007,MED018,5.5,5,0.5
2026-02-20,ST007,MED019,2.71,8,5.29
2026-02-20,ST007,MED020,4.36,4,0.36
2026-02-20,ST007,MED021,8.43,7,1.43
2026-02-20,ST007,MED022,6.21,7,0.79
2026-02-20,ST007,MED023,8.29,11,2.71
2026-02-20,ST007,MED024,10.07,7,3.07
2026-02-20,ST007,MED025,4.64,4,0.64
2026-02-20,ST007,MED026,8.57,8,0.57
2026-02-20,ST007,MED027,8.21,12,3.79
2026-02-20,ST007,MED028,4.93,4,0.93
2026-02-20,ST007,MED029,6.86,9,2.14
2026-02-20,ST007,MED030,4.07,1,3.07
2026-02-20,ST008,MED001,9.64,7,2.64
2026-02-20,ST008,MED002,10.86,17,6.14
2026-02-20,ST008,MED003,2.21,3,0.79
2026-02-20,ST008,MED004,6.93,6,0.93
2026-02-20,ST008,MED005,9.29,10,0.71
2026-02-20,ST008,MED006,8.36,3,5.36
2026-02-20,ST008,MED007,3.21,1,2.21
2026-02-20,ST008,MED008,3.86,0,3.86
2026-02-20,ST008,MED009,9.0,9,0.0
2026-02-20,ST008,MED010,4.0,3,1.0
2026-02-20,ST008,MED011,9.93,9,0.93
2026-02-20,ST008,MED012,9.14,10,0.86
2026-02-20,ST008,MED013,6.64,6,0.64
2026-02-20,ST008,MED014,5.64,4,1.64
2026-02-20,ST008,MED015,10.64,10,0.64
2026-02-20,ST008,MED016,6.86,5,1.86
2026-02-20,ST008,MED017,11.36,10,1.36
2026-02-20,ST008,MED018,4.29,6,1.71
2026-02-20,ST008,MED019,3.07,4,0.93
2026-02-20,ST008,MED020,7.43,9,1.57
2026-02-20,ST008,MED021,8.57,10,1.43
2026-02-20,ST008,MED022,4.21,5,0.79
2026-02-20,ST008,MED023,11.29,8,3.29
2026-02-20,ST008,MED024,10.36,11,0.64
2026-02-20,ST008,MED025,4.36,5,0.64
2026-02-20,ST008,MED026,11.21,10,1.21
2026-02-20,ST008,MED027,9.79,10,0.21
2026-02-20,ST008,MED028,4.79,7,2.21
2026-02-20,ST008,MED029,7.71,10,2.29
2026-02-20,ST008,MED030,3.36,2,1.36
2026-02-20,ST009,MED001,10.93,13,2.07
2026-02-20,ST009,MED002,10.79,10,0.79
2026-02-20,ST009,MED003,2.64,7,4.36
2026-02-20,ST009,MED004,7.5,7,0.5
2026-02-20,ST009,MED005,11.79,9,2.79
2026-02-20,ST009,MED006,9.79,6,3.79
2026-02-20,ST009,MED007,2.86,5,2.14
2026-02-20,ST009,MED008,2.79,0,2.79
2026-02-20,ST009,MED009,8.64,9,0.36
2026-02-20,ST009,MED010,3.07,2,1.07
2026-02-20,ST009,MED011,11.43,13,1.57
2026-02-20,ST009,MED012,9.29,8,1.29
2026-02-20,ST009,MED013,7.36,6,1.36
2026-02-20,ST009,MED014,4.64,9,4.36
2026-02-20,ST009,MED015,12.14,11,1.14
2026-02-20,ST009,MED016,7.71,4,3.71
2026-02-20,ST009,MED017,11.07,12,0.93
2026-02-20,ST009,MED018,6.21,8,1.79
2026-02-20,ST009,MED019,2.64,0,2.64
2026-02-20,ST009,MED020,7.07,6,1.07
2026-02-20,ST009,MED021,9.29,12,2.71
2026-02-20,ST009,MED022,6.71,2,4.71
2026-02-20,ST009,MED023,11.14,11,0.14
2026-02-20,ST009,MED024,11.57,10,1.57
2026-02-20,ST009,MED025,6.29,5,1.29
2026-02-20,ST009,MED026,11.21,9,2.21
2026-02-20,ST009,MED027,11.93,12,0.07
2026-02-20,ST009,MED028,6.07,9,2.93
2026-02-20,ST009,MED029,8.79,9,0.21
2026-02-20,ST009,MED030,5.29,5,0.29
2026-02-20,ST010,MED001,11.64,14,2.36
2026-02-20,ST010,MED002,11.14,11,0.14
2026-02-20,ST010,MED003,3.86,5,1.14
2026-02-20,ST010,MED004,7.57,6,1.57
2026-02-20,ST010,MED005,10.71,8,2.71
2026-02-20,ST010,MED006,10.86,9,1.86
2026-02-20,ST010,MED007,4.93,4,0.93
2026-02-20,ST010,MED008,2.21,8,5.79
2026-02-20,ST010,MED009,9.86,10,0.14
2026-02-20,ST010,MED010,3.71,6,2.29
2026-02-20,ST010,MED011,12.14,6,6.14
2026-02-20,ST010,MED012,11.21,9,2.21
2026-02-20,ST010,MED013,7.79,10,2.21
2026-02-20,ST010,MED014,4.93,6,1.07
2026-02-20,ST010,MED015,14.29,11,3.29
2026-02-20,ST010,MED016,6.36,8,1.64
2026-02-20,ST010,MED017,10.93,8,2.93
2026-02-20,ST010,MED018,6.5,3,3.5
2026-02-20,ST010,MED019,2.57,0,2.57
2026-02-20,ST010,MED020,8.79,9,0.21
2026-02-20,ST010,MED021,10.64,10,0.64
2026-02-20,ST010,MED022,8.43,6,2.43
2026-02-20,ST010,MED023,10.93,12,1.07
2026-02-20,ST010,MED024,12.14,20,7.86
2026-02-20,ST010,MED025,5.64,3,2.64
2026-02-20,ST010,MED026,12.14,11,1.14
2026-02-20,ST010,MED027,12.21,15,2.79
2026-02-20,ST010,MED028,5.36,4,1.36
2026-02-20,ST010,MED029,9.86,12,2.14
2026-02-20,ST010,MED030,5.93,7,1.07
2026-02-20,ST011,MED001,12.29,17,4.71
2026-02-20,ST011,MED002,14.14,13,1.14
2026-02-20,ST011,MED003,4.36,4,0.36
2026-02-20,ST011,MED004,7.07,7,0.07
2026-02-20,ST011,MED005,13.29,13,0.29
2026-02-20,ST011,MED006,11.21,11,0.21
2026-02-20,ST011,MED007,2.5,4,1.5
2026-02-20,ST011,MED008,4.36,5,0.64
2026-02-20,ST011,MED009,12.14,10,2.14
2026-02-20,ST011,MED010,5.21,2,3.21
2026-02-20,ST011,MED011,12.93,14,1.07
2026-02-20,ST011,MED012,12.29,15,2.71
2026-02-20,ST011,MED013,7.57,8,0.43
2026-02-20,ST011,MED014,5.43,4,1.43
2026-02-20,ST011,MED015,13.79,10,3.79
2026-02-20,ST011,MED016,7.64,8,0.36
2026-02-20,ST011,MED017,13.14,12,1.14
2026-02-20,ST011,MED018,6.5,7,0.5
2026-02-20,ST011,MED019,5.07,3,2.07
2026-02-20,ST011,MED020,6.71,9,2.29
2026-02-20,ST011,MED021,11.0,12,1.0
2026-02-20,ST011,MED022,7.5,6,1.5
2026-02-20,ST011,MED023,12.5,9,3.5
2026-02-20,ST011,MED024,13.64,12,1.64
2026-02-20,ST011,MED025,6.29,3,3.29
2026-02-20,ST011,MED026,13.0,12,1.0
2026-02-20,ST011,MED027,13.43,11,2.43
2026-02-20,ST011,MED028,7.36,12,4.64
2026-02-20,ST011,MED029,11.07,8,3.07
2026-02-20,ST011,MED030,5.93,3,2.93
2026-02-20,ST012,MED001,12.93,11,1.93
2026-02-20,ST012,MED002,13.93,16,2.07
2026-02-20,ST012,MED003,3.07,3,0.07
2026-02-20,ST012,MED004,9.57,9,0.57
2026-02-20,ST012,MED005,14.57,11,3.57
2026-02-20,ST012,MED006,11.36,12,0.64
2026-02-20,ST012,MED007,3.43,4,0.57
2026-02-20,ST012,MED008,3.79,2,1.79
2026-02-20,ST012,MED009,13.43,16,2.57
2026-02-20,ST012,MED010,5.14,7,1.86
2026-02-20,ST012,MED011,14.0,10,4.0
2026-02-20,ST012,MED012,13.21,11,2.21
2026-02-20,ST012,MED013,8.57,9,0.43
2026-02-20,ST012,MED014,6.71,9,2.29
2026-02-20,ST012,MED015,14.86,14,0.86
2026-02-20,ST012,MED016,9.93,11,1.07
2026-02-20,ST012,MED017,15.07,13,2.07
2026-02-20,ST012,MED018,9.0,4,5.0
2026-02-20,ST012,MED019,4.21,3,1.21
2026-02-20,ST012,MED020,8.21,11,2.79
2026-02-20,ST012,MED021,12.43,9,3.43
2026-02-20,ST012,MED022,8.07,8,0.07
2026-02-20,ST012,MED023,13.43,13,0.43
2026-02-20,ST012,MED024,14.79,13,1.79
2026-02-20,ST012,MED025,7.36,6,1.36
2026-02-20,ST012,MED026,14.64,15,0.36
2026-02-20,ST012,MED027,13.86,16,2.14
2026-02-20,ST012,MED028,6.93,9,2.07
2026-02-20,ST012,MED029,12.29,13,0.71
2026-02-20,ST012,MED030,6.43,4,2.43
2026-02-20,ST013,MED001,15.64,10,5.64
2026-02-20,ST013,MED002,15.29,14,1.29
2026-02-20,ST013,MED003,4.14,2,2.14
2026-02-20,ST013,MED004,11.0,12,1.0
2026-02-20,ST013,MED005,15.93,10,5.93
2026-02-20,ST013,MED006,14.29,17,2.71
2026-02-20,ST013,MED007,4.0,7,3.0
2026-02-20,ST013,MED008,4.14,3,1.14
2026-02-20,ST013,MED009,12.93,9,3.93
2026-02-20,ST013,MED010,4.57,5,0.43
2026-02-20,ST013,MED011,14.93,13,1.93
2026-02-20,ST013,MED012,14.21,13,1.21
2026-02-20,ST013,MED013,10.43,9,1.43
2026-02-20,ST013,MED014,7.5,8,0.5
2026-02-20,ST013,MED015,16.57,18,1.43
2026-02-20,ST013,MED016,9.36,11,1.64
2026-02-20,ST013,MED017,14.79,15,0.21
2026-02-20,ST013,MED018,8.0,6,2.0
2026-02-20,ST013,MED019,3.64,3,0.64
2026-02-20,ST013,MED020,10.93,12,1.07
2026-02-20,ST013,MED021,13.86,14,0.14
2026-02-20,ST013,MED022,9.29,7,2.29
2026-02-20,ST013,MED023,15.14,14,1.14
2026-02-20,ST013,MED024,17.71,16,1.71
2026-02-20,ST013,MED025,9.5,5,4.5
2026-02-20,ST013,MED026,14.29,14,0.29
2026-02-20,ST013,MED027,17.14,13,4.14
2026-02-20,ST013,MED028,8.86,6,2.86
2026-02-20,ST013,MED029,12.07,11,1.07
2026-02-20,ST013,MED030,7.0,6,1.0
2026-02-20,ST014,MED001,8.5,5,3.5
2026-02-20,ST014,MED002,9.29,8,1.29
2026-02-20,ST014,MED003,1.79,6,4.21
2026-02-20,ST014,MED004,6.21,6,0.21
2026-02-20,ST014,MED005,9.29,5,4.29
2026-02-20,ST014,MED006,9.79,9,0.79
2026-02-20,ST014,MED007,2.0,3,1.0
2026-02-20,ST014,MED008,3.71,2,1.71
2026-02-20,ST014,MED009,7.64,9,1.36
2026-02-20,ST014,MED010,3.86,2,1.86
2026-02-20,ST014,MED011,9.93,8,1.93
2026-02-20,ST014,MED012,6.86,5,1.86
2026-02-20,ST014,MED013,5.07,1,4.07
2026-02-20,ST014,MED014,2.43,4,1.57
2026-02-20,ST014,MED015,9.07,11,1.93
2026-02-20,ST014,MED016,5.93,5,0.93
2026-02-20,ST014,MED017,8.71,9,0.29
2026-02-20,ST014,MED018,4.43,4,0.43
2026-02-20,ST014,MED019,3.43,0,3.43
2026-02-20,ST014,MED020,5.29,8,2.71
2026-02-20,ST014,MED021,8.14,14,5.86
2026-02-20,ST014,MED022,5.43,8,2.57
2026-02-20,ST014,MED023,8.5,8,0.5
2026-02-20,ST014,MED024,8.07,7,1.07
2026-02-20,ST014,MED025,4.86,3,1.86
2026-02-20,ST014,MED026,8.14,7,1.14
2026-02-20,ST014,MED027,9.93,10,0.07
2026-02-20,ST014,MED028,4.64,5,0.36
2026-02-20,ST014,MED029,8.14,8,0.14
2026-02-20,ST014,MED030,4.43,4,0.43
2026-02-20,ST015,MED001,9.93,12,2.07
2026-02-20,ST015,MED002,10.79,4,6.79
2026-02-20,ST015,MED003,3.14,4,0.86
2026-02-20,ST015,MED004,7.29,7,0.29
2026-02-20,ST015,MED005,8.36,9,0.64
2026-02-20,ST015,MED006,8.21,10,1.79
2026-02-20,ST015,MED007,2.21,1,1.21
2026-02-20,ST015,MED008,2.79,6,3.21
2026-02-20,ST015,MED009,8.29,10,1.71
2026-02-20,ST015,MED010,2.93,0,2.93
2026-02-20,ST015,MED011,10.0,10,0.0
2026-02-20,ST015,MED012,9.64,12,2.36
2026-02-20,ST015,MED013,5.29,7,1.71
2026-02-20,ST015,MED014,3.93,3,0.93
2026-02-20,ST015,MED015,11.86,7,4.86
2026-02-20,ST015,MED016,6.57,3,3.57
2026-02-20,ST015,MED017,9.0,10,1.0
2026-02-20,ST015,MED018,4.5,3,1.5
2026-02-20,ST015,MED019,2.29,4,1.71
2026-02-20,ST015,MED020,6.07,7,0.93
2026-02-20,ST015,MED021,8.86,7,1.86
2026-02-20,ST015,MED022,6.86,6,0.86
2026-02-20,ST015,MED023,9.86,11,1.14
2026-02-20,ST015,MED024,10.57,9,1.57
2026-02-20,ST015,MED025,5.29,2,3.29
2026-02-20,ST015,MED026,8.71,10,1.29
2026-02-20,ST015,MED027,10.86,10,0.86
2026-02-20,ST015,MED028,6.36,4,2.36
2026-02-20,ST015,MED029,7.79,6,1.79
2026-02-20,ST015,MED030,4.07,6,1.93
2026-02-20,ST016,MED001,10.86,10,0.86
2026-02-20,ST016,MED002,10.0,7,3.0
2026-02-20,ST016,MED003,3.79,2,1.79
2026-02-20,ST016,MED004,7.43,9,1.57
2026-02-20,ST016,MED005,10.43,13,2.57
2026-02-20,ST016,MED006,9.64,14,4.36
2026-02-20,ST016,MED007,2.43,3,0.57
2026-02-20,ST016,MED008,3.5,2,1.5
2026-02-20,ST016,MED009,9.71,6,3.71
2026-02-20,ST016,MED010,4.14,0,4.14
2026-02-20,ST016,MED011,10.71,13,2.29
2026-02-20,ST016,MED012,10.0,10,0.0
2026-02-20,ST016,MED013,7.0,5,2.0
2026-02-20,ST016,MED014,5.43,1,4.43
2026-02-20,ST016,MED015,13.07,10,3.07
2026-02-20,ST016,MED016,6.79,4,2.79
2026-02-20,ST016,MED017,9.79,6,3.79
2026-02-20,ST016,MED018,6.14,9,2.86
2026-02-20,ST016,MED019,3.36,3,0.36
2026-02-20,ST016,MED020,7.71,12,4.29
2026-02-20,ST016,MED021,10.07,13,2.93
2026-02-20,ST016,MED022,6.93,5,1.93
2026-02-20,ST016,MED023,10.93,12,1.07
2026-02-20,ST016,MED024,11.64,9,2.64
2026-02-20,ST016,MED025,6.36,7,0.64
2026-02-20,ST016,MED026,10.43,7,3.43
2026-02-20,ST016,MED027,11.86,14,2.14
2026-02-20,ST016,MED028,6.21,5,1.21
2026-02-20,ST016,MED029,8.29,6,2.29
2026-02-20,ST016,MED030,6.0,2,4.0
2026-02-20,ST017,MED001,11.93,11,0.93
2026-02-20,ST017,MED002,11.57,10,1.57
2026-02-20,ST017,MED003,3.0,4,1.0
2026-02-20,ST017,MED004,8.0,9,1.0
2026-02-20,ST017,MED005,11.71,14,2.29
2026-02-20,ST017,MED006,10.64,10,0.64
2026-02-20,ST017,MED007,2.43,3,0.57
2026-02-20,ST017,MED008,4.29,1,3.29
2026-02-20,ST017,MED009,11.36,10,1.36
2026-02-20,ST017,MED010,4.64,4,0.64
2026-02-20,ST017,MED011,12.14,12,0.14
2026-02-20,ST017,MED012,10.93,12,1.07
2026-02-20,ST017,MED013,6.86,3,3.86
2026-02-20,ST017,MED014,5.5,7,1.5
2026-02-20,ST017,MED015,13.71,17,3.29
2026-02-20,ST017,MED016,6.79,6,0.79
2026-02-20,ST017,MED017,11.14,11,0.14
2026-02-20,ST017,MED018,5.43,7,1.57
2026-02-20,ST017,MED019,2.36,2,0.36
2026-02-20,ST017,MED020,7.0,9,2.0
2026-02-20,ST017,MED021,12.14,13,0.86
2026-02-20,ST017,MED022,6.57,8,1.43
2026-02-20,ST017,MED023,11.36,10,1.36
2026-02-20,ST017,MED024,12.57,11,1.57
2026-02-20,ST017,MED025,6.29,8,1.71
2026-02-20,ST017,MED026,12.36,9,3.36
2026-02-20,ST017,MED027,13.0,12,1.0
2026-02-20,ST017,MED028,5.86,9,3.14
2026-02-20,ST017,MED029,8.43,6,2.43
2026-02-20,ST017,MED030,5.14,5,0.14
2026-02-20,ST018,MED001,12.79,13,0.21
2026-02-20,ST018,MED002,13.71,12,1.71
2026-02-20,ST018,MED003,3.5,0,3.5
2026-02-20,ST018,MED004,9.29,6,3.29
2026-02-20,ST018,MED005,13.43,15,1.57
2026-02-20,ST018,MED006,12.57,16,3.43
2026-02-20,ST018,MED007,4.07,4,0.07
2026-02-20,ST018,MED008,3.43,4,0.57
2026-02-20,ST018,MED009,12.29,10,2.29
2026-02-20,ST018,MED010,4.43,5,0.57
2026-02-20,ST018,MED011,14.0,12,2.0
2026-02-20,ST018,MED012,11.93,10,1.93
2026-02-20,ST018,MED013,7.93,10,2.07
2026-02-20,ST018,MED014,7.29,6,1.29
2026-02-20,ST018,MED015,14.5,13,1.5
2026-02-20,ST018,MED016,7.36,7,0.36
2026-02-20,ST018,MED017,11.21,12,0.79
2026-02-20,ST018,MED018,6.36,9,2.64
2026-02-20,ST018,MED019,4.36,4,0.36
2026-02-20,ST018,MED020,7.57,6,1.57
2026-02-20,ST018,MED021,11.43,19,7.57
2026-02-20,ST018,MED022,8.14,7,1.14
2026-02-20,ST018,MED023,13.36,10,3.36
2026-02-20,ST018,MED024,13.64,11,2.64
2026-02-20,ST018,MED025,6.29,5,1.29
2026-02-20,ST018,MED026,13.43,11,2.43
2026-02-20,ST018,MED027,12.86,12,0.86
2026-02-20,ST018,MED028,7.36,7,0.36
2026-02-20,ST018,MED029,9.79,9,0.79
2026-02-20,ST018,MED030,6.5,4,2.5
2026-02-20,ST019,MED001,12.79,10,2.79
2026-02-20,ST019,MED002,14.36,14,0.36
2026-02-20,ST019,MED003,5.0,2,3.0
2026-02-20,ST019,MED004,9.79,12,2.21
2026-02-20,ST019,MED005,14.86,14,0.86
2026-02-20,ST019,MED006,13.21,10,3.21
2026-02-20,ST019,MED007,3.79,5,1.21
2026-02-20,ST019,MED008,4.29,7,2.71
2026-02-20,ST019,MED009,12.79,9,3.79
2026-02-20,ST019,MED010,5.36,4,1.36
2026-02-20,ST019,MED011,14.79,14,0.79
2026-02-20,ST019,MED012,12.21,13,0.79
2026-02-20,ST019,MED013,8.43,7,1.43
2026-02-20,ST019,MED014,5.5,5,0.5
2026-02-20,ST019,MED015,14.71,14,0.71
2026-02-20,ST019,MED016,8.29,10,1.71
2026-02-20,ST019,MED017,13.93,13,0.93
2026-02-20,ST019,MED018,7.79,5,2.79
2026-02-20,ST019,MED019,3.93,6,2.07
2026-02-20,ST019,MED020,8.64,7,1.64
2026-02-20,ST019,MED021,11.14,13,1.86
2026-02-20,ST019,MED022,9.07,7,2.07
2026-02-20,ST019,MED023,13.5,11,2.5
2026-02-20,ST019,MED024,16.21,16,0.21
2026-02-20,ST019,MED025,7.43,8,0.57
2026-02-20,ST019,MED026,14.79,16,1.21
2026-02-20,ST019,MED027,14.29,15,0.71
2026-02-20,ST019,MED028,7.29,6,1.29
2026-02-20,ST019,MED029,10.93,10,0.93
2026-02-20,ST019,MED030,6.64,4,2.64
2026-02-20,ST020,MED001,14.93,13,1.93
2026-02-20,ST020,MED002,13.93,11,2.93
2026-02-20,ST020,MED003,3.71,1,2.71
2026-02-20,ST020,MED004,9.79,11,1.21
2026-02-20,ST020,MED005,14.29,14,0.29
2026-02-20,ST020,MED006,12.57,13,0.43
2026-02-20,ST020,MED007,4.07,6,1.93
2026-02-20,ST020,MED008,4.36,2,2.36
2026-02-20,ST020,MED009,13.43,13,0.43
2026-02-20,ST020,MED010,5.29,4,1.29
2026-02-20,ST020,MED011,14.43,11,3.43
2026-02-20,ST020,MED012,13.36,14,0.64
2026-02-20,ST020,MED013,9.93,10,0.07
2026-02-20,ST020,MED014,7.14,5,2.14
2026-02-20,ST020,MED015,15.5,18,2.5
2026-02-20,ST020,MED016,9.86,10,0.14
2026-02-20,ST020,MED017,15.57,16,0.43
2026-02-20,ST020,MED018,8.14,6,2.14
2026-02-20,ST020,MED019,5.0,3,2.0
2026-02-20,ST020,MED020,8.64,11,2.36
2026-02-20,ST020,MED021,14.71,10,4.71
2026-02-20,ST020,MED022,9.79,12,2.21
2026-02-20,ST020,MED023,14.64,15,0.36
2026-02-20,ST020,MED024,16.36,15,1.36
2026-02-20,ST020,MED025,7.43,9,1.57
2026-02-20,ST020,MED026,14.29,13,1.29
2026-02-20,ST020,MED027,17.14,19,1.86
2026-02-20,ST020,MED028,7.79,7,0.79
2026-02-20,ST020,MED029,11.5,15,3.5
2026-02-20,ST020,MED030,6.36,11,4.64
2026-02-20,ST021,MED001,8.5,8,0.5
2026-02-20,ST021,MED002,7.93,6,1.93
2026-02-20,ST021,MED003,2.57,5,2.43
2026-02-20,ST021,MED004,5.64,5,0.64
2026-02-20,ST021,MED005,8.07,9,0.93
2026-02-20,ST021,MED006,8.36,4,4.36
2026-02-20,ST021,MED007,2.29,3,0.71
2026-02-20,ST021,MED008,3.29,0,3.29
2026-02-20,ST021,MED009,8.21,8,0.21
2026-02-20,ST021,MED010,3.36,1,2.36
2026-02-20,ST021,MED011,9.0,6,3.0
2026-02-20,ST021,MED012,8.21,6,2.21
2026-02-20,ST021,MED013,5.57,5,0.57
2026-02-20,ST021,MED014,5.07,0,5.07
2026-02-20,ST021,MED015,9.0,5,4.0
2026-02-20,ST021,MED016,5.71,5,0.71
2026-02-20,ST021,MED017,8.0,14,6.0
2026-02-20,ST021,MED018,5.5,3,2.5
2026-02-20,ST021,MED019,2.57,2,0.57
2026-02-20,ST021,MED020,5.0,6,1.0
2026-02-20,ST021,MED021,7.0,8,1.0
2026-02-20,ST021,MED022,5.21,3,2.21
2026-02-20,ST021,MED023,8.79,5,3.79
2026-02-20,ST021,MED024,9.21,11,1.79
2026-02-20,ST021,MED025,3.86,6,2.14
2026-02-20,ST021,MED026,8.36,9,0.64
2026-02-20,ST021,MED027,9.71,11,1.29
2026-02-20,ST021,MED028,4.21,5,0.79
2026-02-20,ST021,MED029,8.07,6,2.07
2026-02-20,ST021,MED030,3.64,6,2.36
2026-02-20,ST022,MED001,10.57,11,0.43
2026-02-20,ST022,MED002,8.57,10,1.43
2026-02-20,ST022,MED003,3.0,4,1.0
2026-02-20,ST022,MED004,7.71,9,1.29
2026-02-20,ST022,MED005,10.14,6,4.14
2026-02-20,ST022,MED006,8.21,7,1.21
2026-02-20,ST022,MED007,3.21,5,1.79
2026-02-20,ST022,MED008,2.36,2,0.36
2026-02-20,ST022,MED009,9.43,7,2.43
2026-02-20,ST022,MED010,2.79,3,0.21
2026-02-20,ST022,MED011,10.29,11,0.71
2026-02-20,ST022,MED012,8.64,11,2.36
2026-02-20,ST022,MED013,5.57,7,1.43
2026-02-20,ST022,MED014,5.5,9,3.5
2026-02-20,ST022,MED015,10.07,11,0.93
2026-02-20,ST022,MED016,5.71,6,0.29
2026-02-20,ST022,MED017,8.5,10,1.5
2026-02-20,ST022,MED018,4.86,4,0.86
2026-02-20,ST022,MED019,2.79,2,0.79
2026-02-20,ST022,MED020,6.93,13,6.07
2026-02-20,ST022,MED021,9.21,7,2.21
2026-02-20,ST022,MED022,5.79,3,2.79
2026-02-20,ST022,MED023,9.43,14,4.57
2026-02-20,ST022,MED024,13.07,11,2.07
2026-02-20,ST022,MED025,5.79,4,1.79
2026-02-20,ST022,MED026,9.21,10,0.79
2026-02-20,ST022,MED027,11.14,10,1.14
2026-02-20,ST022,MED028,4.64,4,0.64
2026-02-20,ST022,MED029,8.93,6,2.93
2026-02-20,ST022,MED030,3.29,0,3.29
2026-02-20,ST023,MED001,10.64,9,1.64
2026-02-20,ST023,MED002,10.21,10,0.21
2026-02-20,ST023,MED003,2.79,1,1.79
2026-02-20,ST023,MED004,7.29,11,3.71
2026-02-20,ST023,MED005,10.71,13,2.29
2026-02-20,ST023,MED006,10.07,9,1.07
2026-02-20,ST023,MED007,3.14,2,1.14
2026-02-20,ST023,MED008,2.93,2,0.93
2026-02-20,ST023,MED009,9.07,10,0.93
2026-02-20,ST023,MED010,3.86,6,2.14
2026-02-20,ST023,MED011,10.86,10,0.86
2026-02-20,ST023,MED012,8.57,6,2.57
2026-02-20,ST023,MED013,6.21,6,0.21
2026-02-20,ST023,MED014,5.07,4,1.07
2026-02-20,ST023,MED015,11.71,14,2.29
2026-02-20,ST023,MED016,7.64,10,2.36
2026-02-20,ST023,MED017,10.36,10,0.36
2026-02-20,ST023,MED018,6.64,7,0.36
2026-02-20,ST023,MED019,3.07,3,0.07
2026-02-20,ST023,MED020,5.64,7,1.36
2026-02-20,ST023,MED021,10.14,12,1.86
2026-02-20,ST023,MED022,7.29,7,0.29
2026-02-20,ST023,MED023,10.43,5,5.43
2026-02-20,ST023,MED024,12.14,7,5.14
2026-02-20,ST023,MED025,6.0,7,1.0
2026-02-20,ST023,MED026,12.14,10,2.14
2026-02-20,ST023,MED027,12.64,10,2.64
2026-02-20,ST023,MED028,5.79,10,4.21
2026-02-20,ST023,MED029,9.07,5,4.07
2026-02-20,ST023,MED030,5.14,4,1.14
2026-02-20,ST024,MED001,11.36,14,2.64
2026-02-20,ST024,MED002,11.64,8,3.64
2026-02-20,ST024,MED003,2.71,7,4.29
2026-02-20,ST024,MED004,8.71,9,0.29
2026-02-20,ST024,MED005,11.29,12,0.71
2026-02-20,ST024,MED006,11.93,12,0.07
2026-02-20,ST024,MED007,2.57,5,2.43
2026-02-20,ST024,MED008,3.36,4,0.64
2026-02-20,ST024,MED009,10.21,13,2.79
2026-02-20,ST024,MED010,5.07,5,0.07
2026-02-20,ST024,MED011,12.21,9,3.21
2026-02-20,ST024,MED012,10.29,10,0.29
2026-02-20,ST024,MED013,7.5,12,4.5
2026-02-20,ST024,MED014,5.79,8,2.21
2026-02-20,ST024,MED015,12.86,13,0.14
2026-02-20,ST024,MED016,7.21,8,0.79
2026-02-20,ST024,MED017,11.86,11,0.86
2026-02-20,ST024,MED018,6.86,7,0.14
2026-02-20,ST024,MED019,3.86,0,3.86
2026-02-20,ST024,MED020,7.29,6,1.29
2026-02-20,ST024,MED021,9.71,7,2.71
2026-02-20,ST024,MED022,8.21,11,2.79
2026-02-20,ST024,MED023,13.21,10,3.21
2026-02-20,ST024,MED024,11.5,16,4.5
2026-02-20,ST024,MED025,6.0,9,3.0
2026-02-20,ST024,MED026,12.07,11,1.07
2026-02-20,ST024,MED027,12.5,10,2.5
2026-02-20,ST024,MED028,5.93,5,0.93
2026-02-20,ST024,MED029,11.43,13,1.57
2026-02-20,ST024,MED030,5.5,4,1.5
2026-02-20,ST025,MED001,12.57,12,0.57
2026-02-20,ST025,MED002,12.93,13,0.07
2026-02-20,ST025,MED003,3.0,1,2.0
2026-02-20,ST025,MED004,9.29,10,0.71
2026-02-20,ST025,MED005,12.79,13,0.21
2026-02-20,ST025,MED006,10.43,11,0.57
2026-02-20,ST025,MED007,3.71,3,0.71
2026-02-20,ST025,MED008,4.43,2,2.43
2026-02-20,ST025,MED009,10.5,12,1.5
2026-02-20,ST025,MED010,4.57,4,0.57
2026-02-20,ST025,MED011,12.93,8,4.93
2026-02-20,ST025,MED012,10.29,11,0.71
2026-02-20,ST025,MED013,8.36,5,3.36
2026-02-20,ST025,MED014,6.36,6,0.36
2026-02-20,ST025,MED015,14.21,17,2.79
2026-02-20,ST025,MED016,8.93,8,0.93
2026-02-20,ST025,MED017,13.07,13,0.07
2026-02-20,ST025,MED018,7.57,8,0.43
2026-02-20,ST025,MED019,3.43,8,4.57
2026-02-20,ST025,MED020,8.0,7,1.0
2026-02-20,ST025,MED021,11.5,12,0.5
2026-02-20,ST025,MED022,9.93,5,4.93
2026-02-20,ST025,MED023,12.57,13,0.43
2026-02-20,ST025,MED024,14.5,11,3.5
2026-02-20,ST025,MED025,7.21,5,2.21
2026-02-20,ST025,MED026,13.21,9,4.21
2026-02-20,ST025,MED027,11.93,12,0.07
2026-02-20,ST025,MED028,6.21,6,0.21
2026-02-20,ST025,MED029,11.14,12,0.86
2026-02-20,ST025,MED030,5.07,6,0.93
2026-02-20,ST026,MED001,13.5,17,3.5
2026-02-20,ST026,MED002,13.5,13,0.5
2026-02-20,ST026,MED003,3.71,1,2.71
2026-02-20,ST026,MED004,10.64,8,2.64
2026-02-20,ST026,MED005,13.64,13,0.64
2026-02-20,ST026,MED006,11.86,16,4.14
2026-02-20,ST026,MED007,3.93,5,1.07
2026-02-20,ST026,MED008,4.14,4,0.14
2026-02-20,ST026,MED009,13.14,8,5.14
2026-02-20,ST026,MED010,4.86,0,4.86
2026-02-20,ST026,MED011,13.36,12,1.36
2026-02-20,ST026,MED012,12.64,11,1.64
2026-02-20,ST026,MED013,8.86,8,0.86
2026-02-20,ST026,MED014,6.79,5,1.79
2026-02-20,ST026,MED015,16.07,14,2.07
2026-02-20,ST026,MED016,8.29,5,3.29
2026-02-20,ST026,MED017,13.57,13,0.57
2026-02-20,ST026,MED018,6.93,8,1.07
2026-02-20,ST026,MED019,3.43,2,1.43
2026-02-20,ST026,MED020,8.79,5,3.79
2026-02-20,ST026,MED021,12.5,12,0.5
2026-02-20,ST026,MED022,9.14,10,0.86
2026-02-20,ST026,MED023,13.0,13,0.0
2026-02-20,ST026,MED024,16.07,15,1.07
2026-02-20,ST026,MED025,8.21,9,0.79
2026-02-20,ST026,MED026,13.86,16,2.14
2026-02-20,ST026,MED027,14.29,14,0.29
2026-02-20,ST026,MED028,8.14,9,0.86
2026-02-20,ST026,MED029,12.0,10,2.0
2026-02-20,ST026,MED030,6.5,2,4.5
2026-02-20,ST027,MED001,14.86,12,2.86
2026-02-20,ST027,MED002,15.64,12,3.64
2026-02-20,ST027,MED003,4.79,5,0.21
2026-02-20,ST027,MED004,10.21,12,1.79
2026-02-20,ST027,MED005,14.29,14,0.29
2026-02-20,ST027,MED006,13.64,16,2.36
2026-02-20,ST027,MED007,4.86,5,0.14
2026-02-20,ST027,MED008,4.36,5,0.64
2026-02-20,ST027,MED009,13.29,7,6.29
2026-02-20,ST027,MED010,5.36,3,2.36
2026-02-20,ST027,MED011,15.14,13,2.14
2026-02-20,ST027,MED012,13.36,13,0.36
2026-02-20,ST027,MED013,9.0,8,1.0
2026-02-20,ST027,MED014,5.43,4,1.43
2026-02-20,ST027,MED015,15.71,16,0.29
2026-02-20,ST027,MED016,10.64,10,0.64
2026-02-20,ST027,MED017,14.79,8,6.79
2026-02-20,ST027,MED018,7.21,9,1.79
2026-02-20,ST027,MED019,3.57,2,1.57
2026-02-20,ST027,MED020,9.64,9,0.64
2026-02-20,ST027,MED021,13.43,16,2.57
2026-02-20,ST027,MED022,9.29,11,1.71
2026-02-20,ST027,MED023,14.64,13,1.64
2026-02-20,ST027,MED024,16.57,14,2.57
2026-02-20,ST027,MED025,8.64,6,2.64
2026-02-20,ST027,MED026,14.64,14,0.64
2026-02-20,ST027,MED027,16.29,13,3.29
2026-02-20,ST027,MED028,8.64,7,1.64
2026-02-20,ST027,MED029,11.93,12,0.07
2026-02-20,ST027,MED030,7.0,5,2.0
2026-02-20,ST028,MED001,9.14,11,1.86
2026-02-20,ST028,MED002,9.71,12,2.29
2026-02-20,ST028,MED003,2.14,0,2.14
2026-02-20,ST028,MED004,6.57,7,0.43
2026-02-20,ST028,MED005,8.43,5,3.43
2026-02-20,ST028,MED006,9.07,10,0.93
2026-02-20,ST028,MED007,2.14,6,3.86
2026-02-20,ST028,MED008,2.43,5,2.57
2026-02-20,ST028,MED009,7.93,8,0.07
2026-02-20,ST028,MED010,3.86,5,1.14
2026-02-20,ST028,MED011,8.07,11,2.93
2026-02-20,ST028,MED012,7.36,6,1.36
2026-02-20,ST028,MED013,5.79,10,4.21
2026-02-20,ST028,MED014,4.79,11,6.21
2026-02-20,ST028,MED015,9.36,10,0.64
2026-02-20,ST028,MED016,5.0,5,0.0
2026-02-20,ST028,MED017,9.14,10,0.86
2026-02-20,ST028,MED018,5.0,6,1.0
2026-02-20,ST028,MED019,1.36,4,2.64
2026-02-20,ST028,MED020,5.36,8,2.64
2026-02-20,ST028,MED021,7.29,11,3.71
2026-02-20,ST028,MED022,5.07,7,1.93
2026-02-20,ST028,MED023,8.0,10,2.0
2026-02-20,ST028,MED024,8.21,3,5.21
2026-02-20,ST028,MED025,5.07,3,2.07
2026-02-20,ST028,MED026,9.0,7,2.0
2026-02-20,ST028,MED027,9.14,14,4.86
2026-02-20,ST028,MED028,6.14,8,1.86
2026-02-20,ST028,MED029,7.14,4,3.14
2026-02-20,ST028,MED030,4.57,5,0.43
2026-02-20,ST029,MED001,9.5,6,3.5
2026-02-20,ST029,MED002,10.14,9,1.14
2026-02-20,ST029,MED003,2.43,3,0.57
2026-02-20,ST029,MED004,7.57,9,1.43
2026-02-20,ST029,MED005,9.57,5,4.57
2026-02-20,ST029,MED006,8.79,11,2.21
2026-02-20,ST029,MED007,2.79,0,2.79
2026-02-20,ST029,MED008,2.64,5,2.36
2026-02-20,ST029,MED009,8.14,8,0.14
2026-02-20,ST029,MED010,2.86,4,1.14
2026-02-20,ST029,MED011,9.5,8,1.5
2026-02-20,ST029,MED012,7.29,6,1.29
2026-02-20,ST029,MED013,6.5,5,1.5
2026-02-20,ST029,MED014,3.86,2,1.86
2026-02-20,ST029,MED015,11.07,12,0.93
2026-02-20,ST029,MED016,4.93,8,3.07
2026-02-20,ST029,MED017,8.93,13,4.07
2026-02-20,ST029,MED018,4.86,9,4.14
2026-02-20,ST029,MED019,3.5,2,1.5
2026-02-20,ST029,MED020,5.64,7,1.36
2026-02-20,ST029,MED021,9.43,8,1.43
2026-02-20,ST029,MED022,6.29,6,0.29
2026-02-20,ST029,MED023,8.64,9,0.36
2026-02-20,ST029,MED024,11.14,7,4.14
2026-02-20,ST029,MED025,4.21,4,0.21
2026-02-20,ST029,MED026,9.36,10,0.64
2026-02-20,ST029,MED027,10.93,5,5.93
2026-02-20,ST029,MED028,5.57,5,0.57
2026-02-20,ST029,MED029,8.86,8,0.86
2026-02-20,ST029,MED030,4.64,3,1.64
2026-02-20,ST030,MED001,10.64,10,0.64
2026-02-20,ST030,MED002,10.93,10,0.93
2026-02-20,ST030,MED003,2.71,7,4.29
2026-02-20,ST030,MED004,8.57,2,6.57
2026-02-20,ST030,MED005,10.29,11,0.71
2026-02-20,ST030,MED006,9.5,7,2.5
2026-02-20,ST030,MED007,2.93,8,5.07
2026-02-20,ST030,MED008,2.64,2,0.64
2026-02-20,ST030,MED009,8.93,8,0.93
2026-02-20,ST030,MED010,4.07,3,1.07
2026-02-20,ST030,MED011,11.43,8,3.43
2026-02-20,ST030,MED012,10.36,11,0.64
2026-02-20,ST030,MED013,6.5,7,0.5
2026-02-20,ST030,MED014,5.57,2,3.57
2026-02-20,ST030,MED015,11.14,8,3.14
2026-02-20,ST030,MED016,7.71,7,0.71
2026-02-20,ST030,MED017,10.29,11,0.71
2026-02-20,ST030,MED018,5.5,2,3.5
2026-02-20,ST030,MED019,3.43,6,2.57
2026-02-20,ST030,MED020,6.71,10,3.29
2026-02-20,ST030,MED021,9.71,8,1.71
2026-02-20,ST030,MED022,6.43,8,1.57
2026-02-20,ST030,MED023,10.07,11,0.93
2026-02-20,ST030,MED024,11.14,13,1.86
2026-02-20,ST030,MED025,5.07,4,1.07
2026-02-20,ST030,MED026,10.36,12,1.64
2026-02-20,ST030,MED027,11.07,6,5.07
2026-02-20,ST030,MED028,6.21,8,1.79
2026-02-20,ST030,MED029,7.43,8,0.57
2026-02-20,ST030,MED030,5.5,2,3.5
2026-02-20,ST031,MED001,10.64,10,0.64
2026-02-20,ST031,MED002,11.21,9,2.21
2026-02-20,ST031,MED003,3.43,7,3.57
2026-02-20,ST031,MED004,9.14,8,1.14
2026-02-20,ST031,MED005,11.29,15,3.71
2026-02-20,ST031,MED006,10.86,9,1.86
2026-02-20,ST031,MED007,4.86,3,1.86
2026-02-20,ST031,MED008,3.0,4,1.0
2026-02-20,ST031,MED009,11.5,10,1.5
2026-02-20,ST031,MED010,4.79,1,3.79
2026-02-20,ST031,MED011,10.0,12,2.0
2026-02-20,ST031,MED012,10.29,8,2.29
2026-02-20,ST031,MED013,7.57,9,1.43
2026-02-20,ST031,MED014,4.86,4,0.86
2026-02-20,ST031,MED015,13.21,9,4.21
2026-02-20,ST031,MED016,7.14,5,2.14
2026-02-20,ST031,MED017,11.29,9,2.29
2026-02-20,ST031,MED018,7.14,4,3.14
2026-02-20,ST031,MED019,3.71,3,0.71
2026-02-20,ST031,MED020,8.07,5,3.07
2026-02-20,ST031,MED021,10.0,13,3.0
2026-02-20,ST031,MED022,6.21,10,3.79
2026-02-20,ST031,MED023,11.86,10,1.86
2026-02-20,ST031,MED024,12.36,11,1.36
2026-02-20,ST031,MED025,5.79,6,0.21
2026-02-20,ST031,MED026,11.36,10,1.36
2026-02-20,ST031,MED027,11.93,14,2.07
2026-02-20,ST031,MED028,6.64,9,2.36
2026-02-20,ST031,MED029,9.14,10,0.86
2026-02-20,ST031,MED030,4.86,3,1.86
2026-02-20,ST032,MED001,11.86,14,2.14
2026-02-20,ST032,MED002,12.14,12,0.14
2026-02-20,ST032,MED003,4.07,3,1.07
2026-02-20,ST032,MED004,8.93,12,3.07
2026-02-20,ST032,MED005,11.07,17,5.93
2026-02-20,ST032,MED006,11.36,8,3.36
2026-02-20,ST032,MED007,3.43,1,2.43
2026-02-20,ST032,MED008,2.57,5,2.43
2026-02-20,ST032,MED009,12.36,8,4.36
2026-02-20,ST032,MED010,5.36,0,5.36
2026-02-20,ST032,MED011,13.07,12,1.07
2026-02-20,ST032,MED012,11.29,14,2.71
2026-02-20,ST032,MED013,8.5,11,2.5
2026-02-20,ST032,MED014,6.36,4,2.36
2026-02-20,ST032,MED015,14.0,11,3.0
2026-02-20,ST032,MED016,8.71,6,2.71
2026-02-20,ST032,MED017,11.79,10,1.79
2026-02-20,ST032,MED018,5.71,8,2.29
2026-02-20,ST032,MED019,3.36,0,3.36
2026-02-20,ST032,MED020,7.64,8,0.36
2026-02-20,ST032,MED021,11.5,14,2.5
2026-02-20,ST032,MED022,8.93,6,2.93
2026-02-20,ST032,MED023,11.07,13,1.93
2026-02-20,ST032,MED024,14.5,17,2.5
2026-02-20,ST032,MED025,7.57,7,0.57
2026-02-20,ST032,MED026,14.79,9,5.79
2026-02-20,ST032,MED027,12.57,10,2.57
2026-02-20,ST032,MED028,7.64,7,0.64
2026-02-20,ST032,MED029,10.71,13,2.29
2026-02-20,ST032,MED030,5.79,9,3.21
2026-02-20,ST033,MED001,13.57,12,1.57
2026-02-20,ST033,MED002,13.57,15,1.43
2026-02-20,ST033,MED003,3.29,0,3.29
2026-02-20,ST033,MED004,10.43,10,0.43
2026-02-20,ST033,MED005,12.93,16,3.07
2026-02-20,ST033,MED006,12.21,13,0.79
2026-02-20,ST033,MED007,3.93,8,4.07
2026-02-20,ST033,MED008,4.0,2,2.0
2026-02-20,ST033,MED009,12.93,13,0.07
2026-02-20,ST033,MED010,4.36,6,1.64
2026-02-20,ST033,MED011,12.93,10,2.93
2026-02-20,ST033,MED012,13.57,10,3.57
2026-02-20,ST033,MED013,8.93,6,2.93
2026-02-20,ST033,MED014,6.36,6,0.36
2026-02-20,ST033,MED015,14.93,15,0.07
2026-02-20,ST033,MED016,8.86,6,2.86
2026-02-20,ST033,MED017,13.71,11,2.71
2026-02-20,ST033,MED018,7.5,9,1.5
2026-02-20,ST033,MED019,3.64,1,2.64
2026-02-20,ST033,MED020,8.71,8,0.71
2026-02-20,ST033,MED021,13.0,11,2.0
2026-02-20,ST033,MED022,8.64,8,0.64
2026-02-20,ST033,MED023,13.79,15,1.21
2026-02-20,ST033,MED024,15.29,17,1.71
2026-02-20,ST033,MED025,6.36,8,1.64
2026-02-20,ST033,MED026,13.36,14,0.64
2026-02-20,ST033,MED027,14.0,17,3.0
2026-02-20,ST033,MED028,8.14,7,1.14
2026-02-20,ST033,MED029,11.86,11,0.86
2026-02-20,ST033,MED030,5.57,7,1.43
2026-02-20,ST034,MED001,14.71,20,5.29
2026-02-20,ST034,MED002,14.86,11,3.86
2026-02-20,ST034,MED003,4.5,3,1.5
2026-02-20,ST034,MED004,11.14,14,2.86
2026-02-20,ST034,MED005,14.0,29,15.0
2026-02-20,ST034,MED006,14.36,13,1.36
2026-02-20,ST034,MED007,4.36,7,2.64
2026-02-20,ST034,MED008,3.64,5,1.36
2026-02-20,ST034,MED009,14.07,15,0.93
2026-02-20,ST034,MED010,5.21,7,1.79
2026-02-20,ST034,MED011,14.86,11,3.86
2026-02-20,ST034,MED012,13.64,11,2.64
2026-02-20,ST034,MED013,8.86,9,0.14
2026-02-20,ST034,MED014,7.36,3,4.36
2026-02-20,ST034,MED015,16.07,14,2.07
2026-02-20,ST034,MED016,7.93,8,0.07
2026-02-20,ST034,MED017,16.0,12,4.0
2026-02-20,ST034,MED018,8.0,11,3.0
2026-02-20,ST034,MED019,3.93,5,1.07
2026-02-20,ST034,MED020,8.86,7,1.86
2026-02-20,ST034,MED021,12.93,15,2.07
2026-02-20,ST034,MED022,8.86,4,4.86
2026-02-20,ST034,MED023,16.71,14,2.71
2026-02-20,ST034,MED024,15.14,16,0.86
2026-02-20,ST034,MED025,9.5,7,2.5
2026-02-20,ST034,MED026,14.5,14,0.5
2026-02-20,ST034,MED027,16.0,17,1.0
2026-02-20,ST034,MED028,9.0,8,1.0
2026-02-20,ST034,MED029,11.71,11,0.71
2026-02-20,ST034,MED030,7.0,5,2.0
2026-02-20,ST035,MED001,10.14,10,0.14
2026-02-20,ST035,MED002,8.14,8,0.14
2026-02-20,ST035,MED003,2.36,3,0.64
2026-02-20,ST035,MED004,6.5,5,1.5
2026-02-20,ST035,MED005,8.5,11,2.5
2026-02-20,ST035,MED006,8.64,8,0.64
2026-02-20,ST035,MED007,2.43,7,4.57
2026-02-20,ST035,MED008,1.71,4,2.29
2026-02-20,ST035,MED009,8.0,7,1.0
2026-02-20,ST035,MED010,2.86,2,0.86
2026-02-20,ST035,MED011,8.86,9,0.14
2026-02-20,ST035,MED012,8.64,9,0.36
2026-02-20,ST035,MED013,5.0,4,1.0
2026-02-20,ST035,MED014,4.29,2,2.29
2026-02-20,ST035,MED015,9.29,9,0.29
2026-02-20,ST035,MED016,6.14,4,2.14
2026-02-20,ST035,MED017,8.64,11,2.36
2026-02-20,ST035,MED018,3.0,1,2.0
2026-02-20,ST035,MED019,2.21,2,0.21
2026-02-20,ST035,MED020,7.29,5,2.29
2026-02-20,ST035,MED021,8.36,8,0.36
2026-02-20,ST035,MED022,5.21,4,1.21
2026-02-20,ST035,MED023,9.57,8,1.57
2026-02-20,ST035,MED024,10.0,10,0.0
2026-02-20,ST035,MED025,4.14,2,2.14
2026-02-20,ST035,MED026,8.5,10,1.5
2026-02-20,ST035,MED027,8.5,13,4.5
2026-02-20,ST035,MED028,4.0,1,3.0
2026-02-20,ST035,MED029,7.07,10,2.93
2026-02-20,ST035,MED030,3.29,7,3.71
2026-02-20,ST036,MED001,11.14,10,1.14
2026-02-20,ST036,MED002,9.79,10,0.21
2026-02-20,ST036,MED003,2.14,2,0.14
2026-02-20,ST036,MED004,8.14,11,2.86
2026-02-20,ST036,MED005,8.93,9,0.07
2026-02-20,ST036,MED006,8.79,5,3.79
2026-02-20,ST036,MED007,2.71,0,2.71
2026-02-20,ST036,MED008,2.71,3,0.29
2026-02-20,ST036,MED009,8.43,9,0.57
2026-02-20,ST036,MED010,4.0,5,1.0
2026-02-20,ST036,MED011,9.43,10,0.57
2026-02-20,ST036,MED012,8.5,9,0.5
2026-02-20,ST036,MED013,5.36,7,1.64
2026-02-20,ST036,MED014,5.57,6,0.43
2026-02-20,ST036,MED015,10.36,10,0.36
2026-02-20,ST036,MED016,6.29,9,2.71
2026-02-20,ST036,MED017,10.64,12,1.36
2026-02-20,ST036,MED018,5.79,5,0.79
2026-02-20,ST036,MED019,3.0,4,1.0
2026-02-20,ST036,MED020,6.36,4,2.36
2026-02-20,ST036,MED021,9.21,7,2.21
2026-02-20,ST036,MED022,6.0,8,2.0
2026-02-20,ST036,MED023,9.64,11,1.36
2026-02-20,ST036,MED024,10.64,12,1.36
2026-02-20,ST036,MED025,4.86,8,3.14
2026-02-20,ST036,MED026,8.93,12,3.07
2026-02-20,ST036,MED027,10.14,9,1.14
2026-02-20,ST036,MED028,5.36,1,4.36
2026-02-20,ST036,MED029,7.07,8,0.93
2026-02-20,ST036,MED030,5.14,3,2.14
2026-02-20,ST037,MED001,11.0,6,5.0
2026-02-20,ST037,MED002,10.43,10,0.43
2026-02-20,ST037,MED003,3.43,0,3.43
2026-02-20,ST037,MED004,7.64,10,2.36
2026-02-20,ST037,MED005,11.07,11,0.07
2026-02-20,ST037,MED006,10.07,6,4.07
2026-02-20,ST037,MED007,3.0,3,0.0
2026-02-20,ST037,MED008,2.86,3,0.14
2026-02-20,ST037,MED009,10.43,11,0.57
2026-02-20,ST037,MED010,3.64,1,2.64
2026-02-20,ST037,MED011,11.07,10,1.07
2026-02-20,ST037,MED012,10.0,8,2.0
2026-02-20,ST037,MED013,6.21,6,0.21
2026-02-20,ST037,MED014,5.14,8,2.86
2026-02-20,ST037,MED015,11.43,9,2.43
2026-02-20,ST037,MED016,7.0,15,8.0
2026-02-20,ST037,MED017,10.29,11,0.71
2026-02-20,ST037,MED018,6.14,4,2.14
2026-02-20,ST037,MED019,4.0,0,4.0
2026-02-20,ST037,MED020,7.07,5,2.07
2026-02-20,ST037,MED021,10.0,8,2.0
2026-02-20,ST037,MED022,6.5,10,3.5
2026-02-20,ST037,MED023,10.5,8,2.5
2026-02-20,ST037,MED024,12.14,9,3.14
2026-02-20,ST037,MED025,6.07,3,3.07
2026-02-20,ST037,MED026,11.0,10,1.0
2026-02-20,ST037,MED027,13.07,11,2.07
2026-02-20,ST037,MED028,5.86,4,1.86
2026-02-20,ST037,MED029,8.71,8,0.71
2026-02-20,ST037,MED030,4.79,3,1.79
2026-02-20,ST038,MED001,11.86,12,0.14
2026-02-20,ST038,MED002,10.86,14,3.14
2026-02-20,ST038,MED003,3.29,3,0.29
2026-02-20,ST038,MED004,8.93,9,0.07
2026-02-20,ST038,MED005,13.14,10,3.14
2026-02-20,ST038,MED006,11.07,8,3.07
2026-02-20,ST038,MED007,3.43,3,0.43
2026-02-20,ST038,MED008,3.0,8,5.0
2026-02-20,ST038,MED009,11.5,9,2.5
2026-02-20,ST038,MED010,4.71,0,4.71
2026-02-20,ST038,MED011,11.64,15,3.36
2026-02-20,ST038,MED012,11.29,9,2.29
2026-02-20,ST038,MED013,7.14,5,2.14
2026-02-20,ST038,MED014,5.43,8,2.57
2026-02-20,ST038,MED015,13.86,12,1.86
2026-02-20,ST038,MED016,6.71,9,2.29
2026-02-20,ST038,MED017,11.0,8,3.0
2026-02-20,ST038,MED018,6.64,2,4.64
2026-02-20,ST038,MED019,3.29,5,1.71
2026-02-20,ST038,MED020,7.36,5,2.36
2026-02-20,ST038,MED021,10.0,9,1.0
2026-02-20,ST038,MED022,7.5,10,2.5
2026-02-20,ST038,MED023,11.64,12,0.36
2026-02-20,ST038,MED024,12.43,11,1.43
2026-02-20,ST038,MED025,7.64,5,2.64
2026-02-20,ST038,MED026,11.79,8,3.79
2026-02-20,ST038,MED027,12.79,11,1.79
2026-02-20,ST038,MED028,5.21,3,2.21
2026-02-20,ST038,MED029,10.0,20,10.0
2026-02-20,ST038,MED030,4.64,7,2.36
2026-02-20,ST039,MED001,13.14,15,1.86
2026-02-20,ST039,MED002,12.57,13,0.43
2026-02-20,ST039,MED003,4.0,4,0.0
2026-02-20,ST039,MED004,10.21,9,1.21
2026-02-20,ST039,MED005,12.64,12,0.64
2026-02-20,ST039,MED006,13.07,11,2.07
2026-02-20,ST039,MED007,4.36,6,1.64
2026-02-20,ST039,MED008,4.07,1,3.07
2026-02-20,ST039,MED009,11.71,15,3.29
2026-02-20,ST039,MED010,5.36,4,1.36
2026-02-20,ST039,MED011,12.29,12,0.29
2026-02-20,ST039,MED012,12.0,10,2.0
2026-02-20,ST039,MED013,8.36,6,2.36
2026-02-20,ST039,MED014,6.93,5,1.93
2026-02-20,ST039,MED015,13.79,22,8.21
2026-02-20,ST039,MED016,8.0,6,2.0
2026-02-20,ST039,MED017,12.86,15,2.14
2026-02-20,ST039,MED018,7.57,7,0.57
2026-02-20,ST039,MED019,3.36,3,0.36
2026-02-20,ST039,MED020,7.79,11,3.21
2026-02-20,ST039,MED021,11.79,16,4.21
2026-02-20,ST039,MED022,7.21,4,3.21
2026-02-20,ST039,MED023,12.57,14,1.43
2026-02-20,ST039,MED024,14.07,10,4.07
2026-02-20,ST039,MED025,7.14,5,2.14
2026-02-20,ST039,MED026,12.36,12,0.36
2026-02-20,ST039,MED027,14.64,10,4.64
2026-02-20,ST039,MED028,6.64,12,5.36
2026-02-20,ST039,MED029,10.29,12,1.71
2026-02-20,ST039,MED030,5.93,2,3.93
2026-02-20,ST040,MED001,13.71,12,1.71
2026-02-20,ST040,MED002,13.0,12,1.0
2026-02-20,ST040,MED003,3.43,3,0.43
2026-02-20,ST040,MED004,10.29,13,2.71
2026-02-20,ST040,MED005,14.29,13,1.29
2026-02-20,ST040,MED006,12.0,13,1.0
2026-02-20,ST040,MED007,3.86,3,0.86
2026-02-20,ST040,MED008,3.36,2,1.36
2026-02-20,ST040,MED009,12.93,10,2.93
2026-02-20,ST040,MED010,5.29,4,1.29
2026-02-20,ST040,MED011,13.36,12,1.36
2026-02-20,ST040,MED012,12.57,13,0.43
2026-02-20,ST040,MED013,8.64,12,3.36
2026-02-20,ST040,MED014,7.93,7,0.93
2026-02-20,ST040,MED015,16.71,13,3.71
2026-02-20,ST040,MED016,8.57,10,1.43
2026-02-20,ST040,MED017,13.0,14,1.0
2026-02-20,ST040,MED018,7.07,6,1.07
2026-02-20,ST040,MED019,3.79,4,0.21
2026-02-20,ST040,MED020,8.14,6,2.14
2026-02-20,ST040,MED021,12.21,12,0.21
2026-02-20,ST040,MED022,7.36,8,0.64
2026-02-20,ST040,MED023,13.36,14,0.64
2026-02-20,ST040,MED024,15.64,14,1.64
2026-02-20,ST040,MED025,7.93,6,1.93
2026-02-20,ST040,MED026,13.21,15,1.79
2026-02-20,ST040,MED027,15.0,16,1.0
2026-02-20,ST040,MED028,7.36,5,2.36
2026-02-20,ST040,MED029,11.57,11,0.57
2026-02-20,ST040,MED030,6.29,7,0.71
2026-02-21,ST001,MED001,9.57,10,0.43
2026-02-21,ST001,MED002,8.86,9,0.14
2026-02-21,ST001,MED003,2.71,0,2.71
2026-02-21,ST001,MED004,6.86,6,0.86
2026-02-21,ST001,MED005,9.71,10,0.29
2026-02-21,ST001,MED006,8.79,10,1.21
2026-02-21,ST001,MED007,1.71,0,1.71
2026-02-21,ST001,MED008,2.5,3,0.5
2026-02-21,ST001,MED009,8.21,9,0.79
2026-02-21,ST001,MED010,3.57,9,5.43
2026-02-21,ST001,MED011,9.79,6,3.79
2026-02-21,ST001,MED012,8.93,8,0.93
2026-02-21,ST001,MED013,6.57,8,1.43
2026-02-21,ST001,MED014,4.57,6,1.43
2026-02-21,ST001,MED015,9.93,8,1.93
2026-02-21,ST001,MED016,6.64,5,1.64
2026-02-21,ST001,MED017,8.86,10,1.14
2026-02-21,ST001,MED018,5.71,5,0.71
2026-02-21,ST001,MED019,3.86,0,3.86
2026-02-21,ST001,MED020,6.43,4,2.43
2026-02-21,ST001,MED021,8.93,11,2.07
2026-02-21,ST001,MED022,6.0,6,0.0
2026-02-21,ST001,MED023,9.07,9,0.07
2026-02-21,ST001,MED024,10.21,12,1.79
2026-02-21,ST001,MED025,5.0,9,4.0
2026-02-21,ST001,MED026,10.29,11,0.71
2026-02-21,ST001,MED027,10.5,10,0.5
2026-02-21,ST001,MED028,5.43,4,1.43
2026-02-21,ST001,MED029,8.14,7,1.14
2026-02-21,ST001,MED030,4.14,2,2.14
2026-02-21,ST002,MED001,10.5,11,0.5
2026-02-21,ST002,MED002,9.43,10,0.57
2026-02-21,ST002,MED003,3.36,3,0.36
2026-02-21,ST002,MED004,8.29,11,2.71
2026-02-21,ST002,MED005,11.36,12,0.64
2026-02-21,ST002,MED006,9.86,9,0.86
2026-02-21,ST002,MED007,3.07,8,4.93
2026-02-21,ST002,MED008,3.36,4,0.64
2026-02-21,ST002,MED009,10.07,9,1.07
2026-02-21,ST002,MED010,3.71,3,0.71
2026-02-21,ST002,MED011,10.93,13,2.07
2026-02-21,ST002,MED012,9.71,11,1.29
2026-02-21,ST002,MED013,7.0,8,1.0
2026-02-21,ST002,MED014,5.5,8,2.5
2026-02-21,ST002,MED015,11.07,11,0.07
2026-02-21,ST002,MED016,8.0,8,0.0
2026-02-21,ST002,MED017,11.21,12,0.79
2026-02-21,ST002,MED018,5.07,6,0.93
2026-02-21,ST002,MED019,2.71,6,3.29
2026-02-21,ST002,MED020,6.21,3,3.21
2026-02-21,ST002,MED021,10.36,11,0.64
2026-02-21,ST002,MED022,7.57,9,1.43
2026-02-21,ST002,MED023,10.93,11,0.07
2026-02-21,ST002,MED024,12.0,15,3.0
2026-02-21,ST002,MED025,5.93,6,0.07
2026-02-21,ST002,MED026,11.07,13,1.93
2026-02-21,ST002,MED027,11.79,11,0.79
2026-02-21,ST002,MED028,6.29,6,0.29
2026-02-21,ST002,MED029,8.64,10,1.36
2026-02-21,ST002,MED030,4.86,2,2.86
2026-02-21,ST003,MED001,11.71,16,4.29
2026-02-21,ST003,MED002,11.86,12,0.14
2026-02-21,ST003,MED003,2.36,1,1.36
2026-02-21,ST003,MED004,8.29,6,2.29
2026-02-21,ST003,MED005,12.5,9,3.5
2026-02-21,ST003,MED006,10.79,10,0.79
2026-02-21,ST003,MED007,3.36,1,2.36
2026-02-21,ST003,MED008,3.07,5,1.93
2026-02-21,ST003,MED009,10.86,14,3.14
2026-02-21,ST003,MED010,4.5,5,0.5
2026-02-21,ST003,MED011,11.93,13,1.07
2026-02-21,ST003,MED012,9.86,16,6.14
2026-02-21,ST003,MED013,7.71,6,1.71
2026-02-21,ST003,MED014,4.71,7,2.29
2026-02-21,ST003,MED015,13.43,14,0.57
2026-02-21,ST003,MED016,7.29,6,1.29
2026-02-21,ST003,MED017,10.93,9,1.93
2026-02-21,ST003,MED018,5.71,9,3.29
2026-02-21,ST003,MED019,3.43,5,1.57
2026-02-21,ST003,MED020,6.71,7,0.29
2026-02-21,ST003,MED021,9.71,10,0.29
2026-02-21,ST003,MED022,7.29,8,0.71
2026-02-21,ST003,MED023,11.21,15,3.79
2026-02-21,ST003,MED024,13.5,10,3.5
2026-02-21,ST003,MED025,6.71,7,0.29
2026-02-21,ST003,MED026,12.07,15,2.93
2026-02-21,ST003,MED027,12.57,12,0.57
2026-02-21,ST003,MED028,5.64,6,0.36
2026-02-21,ST003,MED029,9.36,11,1.64
2026-02-21,ST003,MED030,5.14,6,0.86
2026-02-21,ST004,MED001,12.14,14,1.86
2026-02-21,ST004,MED002,11.64,14,2.36
2026-02-21,ST004,MED003,2.5,3,0.5
2026-02-21,ST004,MED004,9.14,14,4.86
2026-02-21,ST004,MED005,12.79,14,1.21
2026-02-21,ST004,MED006,10.5,15,4.5
2026-02-21,ST004,MED007,3.79,5,1.21
2026-02-21,ST004,MED008,4.43,2,2.43
2026-02-21,ST004,MED009,13.86,23,9.14
2026-02-21,ST004,MED010,3.79,4,0.21
2026-02-21,ST004,MED011,12.07,12,0.07
2026-02-21,ST004,MED012,11.07,11,0.07
2026-02-21,ST004,MED013,7.86,7,0.86
2026-02-21,ST004,MED014,5.64,7,1.36
2026-02-21,ST004,MED015,15.07,15,0.07
2026-02-21,ST004,MED016,7.79,7,0.79
2026-02-21,ST004,MED017,12.0,14,2.0
2026-02-21,ST004,MED018,7.43,7,0.43
2026-02-21,ST004,MED019,3.57,2,1.57
2026-02-21,ST004,MED020,7.93,8,0.07
2026-02-21,ST004,MED021,11.57,12,0.43
2026-02-21,ST004,MED022,9.0,7,2.0
2026-02-21,ST004,MED023,12.71,11,1.71
2026-02-21,ST004,MED024,14.29,17,2.71
2026-02-21,ST004,MED025,6.43,7,0.57
2026-02-21,ST004,MED026,13.0,17,4.0
2026-02-21,ST004,MED027,14.36,16,1.64
2026-02-21,ST004,MED028,8.0,4,4.0
2026-02-21,ST004,MED029,10.71,11,0.29
2026-02-21,ST004,MED030,5.93,8,2.07
2026-02-21,ST005,MED001,13.43,10,3.43
2026-02-21,ST005,MED002,14.43,19,4.57
2026-02-21,ST005,MED003,3.0,2,1.0
2026-02-21,ST005,MED004,10.21,11,0.79
2026-02-21,ST005,MED005,13.93,16,2.07
2026-02-21,ST005,MED006,12.07,13,0.93
2026-02-21,ST005,MED007,3.57,4,0.43
2026-02-21,ST005,MED008,4.07,4,0.07
2026-02-21,ST005,MED009,13.0,14,1.0
2026-02-21,ST005,MED010,5.5,4,1.5
2026-02-21,ST005,MED011,13.71,13,0.71
2026-02-21,ST005,MED012,11.64,14,2.36
2026-02-21,ST005,MED013,9.07,8,1.07
2026-02-21,ST005,MED014,6.21,3,3.21
2026-02-21,ST005,MED015,16.5,20,3.5
2026-02-21,ST005,MED016,8.43,9,0.57
2026-02-21,ST005,MED017,13.57,15,1.43
2026-02-21,ST005,MED018,6.64,6,0.64
2026-02-21,ST005,MED019,3.86,5,1.14
2026-02-21,ST005,MED020,8.79,9,0.21
2026-02-21,ST005,MED021,12.71,14,1.29
2026-02-21,ST005,MED022,9.29,11,1.71
2026-02-21,ST005,MED023,13.5,14,0.5
2026-02-21,ST005,MED024,15.07,19,3.93
2026-02-21,ST005,MED025,7.29,6,1.29
2026-02-21,ST005,MED026,14.14,14,0.14
2026-02-21,ST005,MED027,14.29,16,1.71
2026-02-21,ST005,MED028,7.71,8,0.29
2026-02-21,ST005,MED029,10.86,16,5.14
2026-02-21,ST005,MED030,5.93,10,4.07
2026-02-21,ST006,MED001,14.29,15,0.71
2026-02-21,ST006,MED002,15.71,15,0.71
2026-02-21,ST006,MED003,4.14,3,1.14
2026-02-21,ST006,MED004,10.29,12,1.71
2026-02-21,ST006,MED005,13.93,16,2.07
2026-02-21,ST006,MED006,13.57,12,1.57
2026-02-21,ST006,MED007,4.93,1,3.93
2026-02-21,ST006,MED008,4.21,5,0.79
2026-02-21,ST006,MED009,14.21,16,1.79
2026-02-21,ST006,MED010,5.29,3,2.29
2026-02-21,ST006,MED011,15.64,20,4.36
2026-02-21,ST006,MED012,13.21,18,4.79
2026-02-21,ST006,MED013,10.64,9,1.64
2026-02-21,ST006,MED014,7.0,4,3.0
2026-02-21,ST006,MED015,18.07,16,2.07
2026-02-21,ST006,MED016,9.29,10,0.71
2026-02-21,ST006,MED017,13.79,14,0.21
2026-02-21,ST006,MED018,7.71,4,3.71
2026-02-21,ST006,MED019,2.86,1,1.86
2026-02-21,ST006,MED020,8.71,9,0.29
2026-02-21,ST006,MED021,13.07,19,5.93
2026-02-21,ST006,MED022,10.07,8,2.07
2026-02-21,ST006,MED023,14.07,17,2.93
2026-02-21,ST006,MED024,15.43,14,1.43
2026-02-21,ST006,MED025,8.43,6,2.43
2026-02-21,ST006,MED026,16.14,16,0.14
2026-02-21,ST006,MED027,15.43,16,0.57
2026-02-21,ST006,MED028,8.43,10,1.57
2026-02-21,ST006,MED029,12.07,15,2.93
2026-02-21,ST006,MED030,6.57,8,1.43
2026-02-21,ST007,MED001,8.14,10,1.86
2026-02-21,ST007,MED002,7.93,13,5.07
2026-02-21,ST007,MED003,2.29,3,0.71
2026-02-21,ST007,MED004,5.86,8,2.14
2026-02-21,ST007,MED005,7.43,10,2.57
2026-02-21,ST007,MED006,7.07,10,2.93
2026-02-21,ST007,MED007,3.07,7,3.93
2026-02-21,ST007,MED008,2.0,1,1.0
2026-02-21,ST007,MED009,8.57,9,0.43
2026-02-21,ST007,MED010,3.29,3,0.29
2026-02-21,ST007,MED011,8.86,8,0.86
2026-02-21,ST007,MED012,7.79,4,3.79
2026-02-21,ST007,MED013,5.79,6,0.21
2026-02-21,ST007,MED014,5.07,6,0.93
2026-02-21,ST007,MED015,9.07,10,0.93
2026-02-21,ST007,MED016,5.79,1,4.79
2026-02-21,ST007,MED017,8.71,13,4.29
2026-02-21,ST007,MED018,5.5,6,0.5
2026-02-21,ST007,MED019,2.71,2,0.71
2026-02-21,ST007,MED020,4.36,6,1.64
2026-02-21,ST007,MED021,8.43,7,1.43
2026-02-21,ST007,MED022,6.21,8,1.79
2026-02-21,ST007,MED023,8.29,11,2.71
2026-02-21,ST007,MED024,10.07,9,1.07
2026-02-21,ST007,MED025,4.64,6,1.36
2026-02-21,ST007,MED026,8.57,7,1.57
2026-02-21,ST007,MED027,8.21,9,0.79
2026-02-21,ST007,MED028,4.93,6,1.07
2026-02-21,ST007,MED029,6.86,7,0.14
2026-02-21,ST007,MED030,4.07,2,2.07
2026-02-21,ST008,MED001,9.64,15,5.36
2026-02-21,ST008,MED002,10.86,11,0.14
2026-02-21,ST008,MED003,2.21,3,0.79
2026-02-21,ST008,MED004,6.93,8,1.07
2026-02-21,ST008,MED005,9.29,10,0.71
2026-02-21,ST008,MED006,8.36,10,1.64
2026-02-21,ST008,MED007,3.21,4,0.79
2026-02-21,ST008,MED008,3.86,2,1.86
2026-02-21,ST008,MED009,9.0,16,7.0
2026-02-21,ST008,MED010,4.0,7,3.0
2026-02-21,ST008,MED011,9.93,10,0.07
2026-02-21,ST008,MED012,9.14,12,2.86
2026-02-21,ST008,MED013,6.64,7,0.36
2026-02-21,ST008,MED014,5.64,6,0.36
2026-02-21,ST008,MED015,10.64,14,3.36
2026-02-21,ST008,MED016,6.86,6,0.86
2026-02-21,ST008,MED017,11.36,14,2.64
2026-02-21,ST008,MED018,4.29,8,3.71
2026-02-21,ST008,MED019,3.07,6,2.93
2026-02-21,ST008,MED020,7.43,7,0.43
2026-02-21,ST008,MED021,8.57,14,5.43
2026-02-21,ST008,MED022,4.21,6,1.79
2026-02-21,ST008,MED023,11.29,10,1.29
2026-02-21,ST008,MED024,10.36,12,1.64
2026-02-21,ST008,MED025,4.36,3,1.36
2026-02-21,ST008,MED026,11.21,10,1.21
2026-02-21,ST008,MED027,9.79,13,3.21
2026-02-21,ST008,MED028,4.79,8,3.21
2026-02-21,ST008,MED029,7.71,9,1.29
2026-02-21,ST008,MED030,3.36,8,4.64
2026-02-21,ST009,MED001,10.93,13,2.07
2026-02-21,ST009,MED002,10.79,11,0.21
2026-02-21,ST009,MED003,2.64,5,2.36
2026-02-21,ST009,MED004,7.5,10,2.5
2026-02-21,ST009,MED005,11.79,13,1.21
2026-02-21,ST009,MED006,9.79,10,0.21
2026-02-21,ST009,MED007,2.86,2,0.86
2026-02-21,ST009,MED008,2.79,1,1.79
2026-02-21,ST009,MED009,8.64,10,1.36
2026-02-21,ST009,MED010,3.07,5,1.93
2026-02-21,ST009,MED011,11.43,13,1.57
2026-02-21,ST009,MED012,9.29,9,0.29
2026-02-21,ST009,MED013,7.36,7,0.36
2026-02-21,ST009,MED014,4.64,6,1.36
2026-02-21,ST009,MED015,12.14,10,2.14
2026-02-21,ST009,MED016,7.71,8,0.29
2026-02-21,ST009,MED017,11.07,6,5.07
2026-02-21,ST009,MED018,6.21,8,1.79
2026-02-21,ST009,MED019,2.64,5,2.36
2026-02-21,ST009,MED020,7.07,6,1.07
2026-02-21,ST009,MED021,9.29,10,0.71
2026-02-21,ST009,MED022,6.71,10,3.29
2026-02-21,ST009,MED023,11.14,14,2.86
2026-02-21,ST009,MED024,11.57,14,2.43
2026-02-21,ST009,MED025,6.29,7,0.71
2026-02-21,ST009,MED026,11.21,13,1.79
2026-02-21,ST009,MED027,11.93,17,5.07
2026-02-21,ST009,MED028,6.07,7,0.93
2026-02-21,ST009,MED029,8.79,11,2.21
2026-02-21,ST009,MED030,5.29,1,4.29
2026-02-21,ST010,MED001,11.64,13,1.36
2026-02-21,ST010,MED002,11.14,13,1.86
2026-02-21,ST010,MED003,3.86,5,1.14
2026-02-21,ST010,MED004,7.57,11,3.43
2026-02-21,ST010,MED005,10.71,8,2.71
2026-02-21,ST010,MED006,10.86,13,2.14
2026-02-21,ST010,MED007,4.93,6,1.07
2026-02-21,ST010,MED008,2.21,3,0.79
2026-02-21,ST010,MED009,9.86,8,1.86
2026-02-21,ST010,MED010,3.71,3,0.71
2026-02-21,ST010,MED011,12.14,11,1.14
2026-02-21,ST010,MED012,11.21,12,0.79
2026-02-21,ST010,MED013,7.79,8,0.21
2026-02-21,ST010,MED014,4.93,6,1.07
2026-02-21,ST010,MED015,14.29,13,1.29
2026-02-21,ST010,MED016,6.36,5,1.36
2026-02-21,ST010,MED017,10.93,13,2.07
2026-02-21,ST010,MED018,6.5,5,1.5
2026-02-21,ST010,MED019,2.57,4,1.43
2026-02-21,ST010,MED020,8.79,12,3.21
2026-02-21,ST010,MED021,10.64,9,1.64
2026-02-21,ST010,MED022,8.43,12,3.57
2026-02-21,ST010,MED023,10.93,13,2.07
2026-02-21,ST010,MED024,12.14,17,4.86
2026-02-21,ST010,MED025,5.64,13,7.36
2026-02-21,ST010,MED026,12.14,12,0.14
2026-02-21,ST010,MED027,12.21,15,2.79
2026-02-21,ST010,MED028,5.36,8,2.64
2026-02-21,ST010,MED029,9.86,14,4.14
2026-02-21,ST010,MED030,5.93,4,1.93
2026-02-21,ST011,MED001,12.29,13,0.71
2026-02-21,ST011,MED002,14.14,13,1.14
2026-02-21,ST011,MED003,4.36,5,0.64
2026-02-21,ST011,MED004,7.07,12,4.93
2026-02-21,ST011,MED005,13.29,17,3.71
2026-02-21,ST011,MED006,11.21,13,1.79
2026-02-21,ST011,MED007,2.5,4,1.5
2026-02-21,ST011,MED008,4.36,3,1.36
2026-02-21,ST011,MED009,12.14,14,1.86
2026-02-21,ST011,MED010,5.21,4,1.21
2026-02-21,ST011,MED011,12.93,14,1.07
2026-02-21,ST011,MED012,12.29,13,0.71
2026-02-21,ST011,MED013,7.57,10,2.43
2026-02-21,ST011,MED014,5.43,10,4.57
2026-02-21,ST011,MED015,13.79,9,4.79
2026-02-21,ST011,MED016,7.64,7,0.64
2026-02-21,ST011,MED017,13.14,9,4.14
2026-02-21,ST011,MED018,6.5,3,3.5
2026-02-21,ST011,MED019,5.07,6,0.93
2026-02-21,ST011,MED020,6.71,9,2.29
2026-02-21,ST011,MED021,11.0,11,0.0
2026-02-21,ST011,MED022,7.5,8,0.5
2026-02-21,ST011,MED023,12.5,14,1.5
2026-02-21,ST011,MED024,13.64,16,2.36
2026-02-21,ST011,MED025,6.29,4,2.29
2026-02-21,ST011,MED026,13.0,12,1.0
2026-02-21,ST011,MED027,13.43,17,3.57
2026-02-21,ST011,MED028,7.36,10,2.64
2026-02-21,ST011,MED029,11.07,7,4.07
2026-02-21,ST011,MED030,5.93,7,1.07
2026-02-21,ST012,MED001,12.93,14,1.07
2026-02-21,ST012,MED002,13.93,13,0.93
2026-02-21,ST012,MED003,3.07,3,0.07
2026-02-21,ST012,MED004,9.57,12,2.43
2026-02-21,ST012,MED005,14.57,14,0.57
2026-02-21,ST012,MED006,11.36,13,1.64
2026-02-21,ST012,MED007,3.43,3,0.43
2026-02-21,ST012,MED008,3.79,2,1.79
2026-02-21,ST012,MED009,13.43,12,1.43
2026-02-21,ST012,MED010,5.14,6,0.86
2026-02-21,ST012,MED011,14.0,15,1.0
2026-02-21,ST012,MED012,13.21,11,2.21
2026-02-21,ST012,MED013,8.57,11,2.43
2026-02-21,ST012,MED014,6.71,5,1.71
2026-02-21,ST012,MED015,14.86,29,14.14
2026-02-21,ST012,MED016,9.93,11,1.07
2026-02-21,ST012,MED017,15.07,12,3.07
2026-02-21,ST012,MED018,9.0,7,2.0
2026-02-21,ST012,MED019,4.21,6,1.79
2026-02-21,ST012,MED020,8.21,8,0.21
2026-02-21,ST012,MED021,12.43,14,1.57
2026-02-21,ST012,MED022,8.07,13,4.93
2026-02-21,ST012,MED023,13.43,14,0.57
2026-02-21,ST012,MED024,14.79,15,0.21
2026-02-21,ST012,MED025,7.36,9,1.64
2026-02-21,ST012,MED026,14.64,17,2.36
2026-02-21,ST012,MED027,13.86,30,16.14
2026-02-21,ST012,MED028,6.93,11,4.07
2026-02-21,ST012,MED029,12.29,16,3.71
2026-02-21,ST012,MED030,6.43,5,1.43
2026-02-21,ST013,MED001,15.64,15,0.64
2026-02-21,ST013,MED002,15.29,19,3.71
2026-02-21,ST013,MED003,4.14,6,1.86
2026-02-21,ST013,MED004,11.0,14,3.0
2026-02-21,ST013,MED005,15.93,15,0.93
2026-02-21,ST013,MED006,14.29,14,0.29
2026-02-21,ST013,MED007,4.0,2,2.0
2026-02-21,ST013,MED008,4.14,8,3.86
2026-02-21,ST013,MED009,12.93,16,3.07
2026-02-21,ST013,MED010,4.57,6,1.43
2026-02-21,ST013,MED011,14.93,16,1.07
2026-02-21,ST013,MED012,14.21,15,0.79
2026-02-21,ST013,MED013,10.43,10,0.43
2026-02-21,ST013,MED014,7.5,9,1.5
2026-02-21,ST013,MED015,16.57,15,1.57
2026-02-21,ST013,MED016,9.36,9,0.36
2026-02-21,ST013,MED017,14.79,16,1.21
2026-02-21,ST013,MED018,8.0,8,0.0
2026-02-21,ST013,MED019,3.64,8,4.36
2026-02-21,ST013,MED020,10.93,10,0.93
2026-02-21,ST013,MED021,13.86,16,2.14
2026-02-21,ST013,MED022,9.29,19,9.71
2026-02-21,ST013,MED023,15.14,19,3.86
2026-02-21,ST013,MED024,17.71,17,0.71
2026-02-21,ST013,MED025,9.5,15,5.5
2026-02-21,ST013,MED026,14.29,15,0.71
2026-02-21,ST013,MED027,17.14,18,0.86
2026-02-21,ST013,MED028,8.86,10,1.14
2026-02-21,ST013,MED029,12.07,12,0.07
2026-02-21,ST013,MED030,7.0,7,0.0
2026-02-21,ST014,MED001,8.5,6,2.5
2026-02-21,ST014,MED002,9.29,10,0.71
2026-02-21,ST014,MED003,1.79,1,0.79
2026-02-21,ST014,MED004,6.21,5,1.21
2026-02-21,ST014,MED005,9.29,8,1.29
2026-02-21,ST014,MED006,9.79,14,4.21
2026-02-21,ST014,MED007,2.0,0,2.0
2026-02-21,ST014,MED008,3.71,6,2.29
2026-02-21,ST014,MED009,7.64,11,3.36
2026-02-21,ST014,MED010,3.86,5,1.14
2026-02-21,ST014,MED011,9.93,9,0.93
2026-02-21,ST014,MED012,6.86,12,5.14
2026-02-21,ST014,MED013,5.07,0,5.07
2026-02-21,ST014,MED014,2.43,5,2.57
2026-02-21,ST014,MED015,9.07,9,0.07
2026-02-21,ST014,MED016,5.93,7,1.07
2026-02-21,ST014,MED017,8.71,9,0.29
2026-02-21,ST014,MED018,4.43,3,1.43
2026-02-21,ST014,MED019,3.43,4,0.57
2026-02-21,ST014,MED020,5.29,9,3.71
2026-02-21,ST014,MED021,8.14,7,1.14
2026-02-21,ST014,MED022,5.43,5,0.43
2026-02-21,ST014,MED023,8.5,8,0.5
2026-02-21,ST014,MED024,8.07,12,3.93
2026-02-21,ST014,MED025,4.86,5,0.14
2026-02-21,ST014,MED026,8.14,11,2.86
2026-02-21,ST014,MED027,9.93,12,2.07
2026-02-21,ST014,MED028,4.64,10,5.36
2026-02-21,ST014,MED029,8.14,5,3.14
2026-02-21,ST014,MED030,4.43,4,0.43
2026-02-21,ST015,MED001,9.93,7,2.93
2026-02-21,ST015,MED002,10.79,11,0.21
2026-02-21,ST015,MED003,3.14,2,1.14
2026-02-21,ST015,MED004,7.29,8,0.71
2026-02-21,ST015,MED005,8.36,10,1.64
2026-02-21,ST015,MED006,8.21,7,1.21
2026-02-21,ST015,MED007,2.21,6,3.79
2026-02-21,ST015,MED008,2.79,0,2.79
2026-02-21,ST015,MED009,8.29,8,0.29
2026-02-21,ST015,MED010,2.93,5,2.07
2026-02-21,ST015,MED011,10.0,9,1.0
2026-02-21,ST015,MED012,9.64,11,1.36
2026-02-21,ST015,MED013,5.29,2,3.29
2026-02-21,ST015,MED014,3.93,6,2.07
2026-02-21,ST015,MED015,11.86,11,0.86
2026-02-21,ST015,MED016,6.57,8,1.43
2026-02-21,ST015,MED017,9.0,8,1.0
2026-02-21,ST015,MED018,4.5,9,4.5
2026-02-21,ST015,MED019,2.29,1,1.29
2026-02-21,ST015,MED020,6.07,6,0.07
2026-02-21,ST015,MED021,8.86,11,2.14
2026-02-21,ST015,MED022,6.86,3,3.86
2026-02-21,ST015,MED023,9.86,6,3.86
2026-02-21,ST015,MED024,10.57,8,2.57
2026-02-21,ST015,MED025,5.29,4,1.29
2026-02-21,ST015,MED026,8.71,11,2.29
2026-02-21,ST015,MED027,10.86,9,1.86
2026-02-21,ST015,MED028,6.36,7,0.64
2026-02-21,ST015,MED029,7.79,7,0.79
2026-02-21,ST015,MED030,4.07,6,1.93
2026-02-21,ST016,MED001,10.86,8,2.86
2026-02-21,ST016,MED002,10.0,14,4.0
2026-02-21,ST016,MED003,3.79,10,6.21
2026-02-21,ST016,MED004,7.43,9,1.57
2026-02-21,ST016,MED005,10.43,9,1.43
2026-02-21,ST016,MED006,9.64,10,0.36
2026-02-21,ST016,MED007,2.43,6,3.57
2026-02-21,ST016,MED008,3.5,3,0.5
2026-02-21,ST016,MED009,9.71,12,2.29
2026-02-21,ST016,MED010,4.14,3,1.14
2026-02-21,ST016,MED011,10.71,13,2.29
2026-02-21,ST016,MED012,10.0,13,3.0
2026-02-21,ST016,MED013,7.0,6,1.0
2026-02-21,ST016,MED014,5.43,5,0.43
2026-02-21,ST016,MED015,13.07,12,1.07
2026-02-21,ST016,MED016,6.79,4,2.79
2026-02-21,ST016,MED017,9.79,11,1.21
2026-02-21,ST016,MED018,6.14,8,1.86
2026-02-21,ST016,MED019,3.36,3,0.36
2026-02-21,ST016,MED020,7.71,9,1.29
2026-02-21,ST016,MED021,10.07,6,4.07
2026-02-21,ST016,MED022,6.93,9,2.07
2026-02-21,ST016,MED023,10.93,11,0.07
2026-02-21,ST016,MED024,11.64,14,2.36
2026-02-21,ST016,MED025,6.36,8,1.64
2026-02-21,ST016,MED026,10.43,14,3.57
2026-02-21,ST016,MED027,11.86,9,2.86
2026-02-21,ST016,MED028,6.21,4,2.21
2026-02-21,ST016,MED029,8.29,8,0.29
2026-02-21,ST016,MED030,6.0,4,2.0
2026-02-21,ST017,MED001,11.93,13,1.07
2026-02-21,ST017,MED002,11.57,12,0.43
2026-02-21,ST017,MED003,3.0,4,1.0
2026-02-21,ST017,MED004,8.0,10,2.0
2026-02-21,ST017,MED005,11.71,17,5.29
2026-02-21,ST017,MED006,10.64,11,0.36
2026-02-21,ST017,MED007,2.43,1,1.43
2026-02-21,ST017,MED008,4.29,4,0.29
2026-02-21,ST017,MED009,11.36,10,1.36
2026-02-21,ST017,MED010,4.64,7,2.36
2026-02-21,ST017,MED011,12.14,16,3.86
2026-02-21,ST017,MED012,10.93,16,5.07
2026-02-21,ST017,MED013,6.86,8,1.14
2026-02-21,ST017,MED014,5.5,6,0.5
2026-02-21,ST017,MED015,13.71,12,1.71
2026-02-21,ST017,MED016,6.79,7,0.21
2026-02-21,ST017,MED017,11.14,14,2.86
2026-02-21,ST017,MED018,5.43,8,2.57
2026-02-21,ST017,MED019,2.36,5,2.64
2026-02-21,ST017,MED020,7.0,7,0.0
2026-02-21,ST017,MED021,12.14,10,2.14
2026-02-21,ST017,MED022,6.57,8,1.43
2026-02-21,ST017,MED023,11.36,13,1.64
2026-02-21,ST017,MED024,12.57,15,2.43
2026-02-21,ST017,MED025,6.29,5,1.29
2026-02-21,ST017,MED026,12.36,13,0.64
2026-02-21,ST017,MED027,13.0,12,1.0
2026-02-21,ST017,MED028,5.86,6,0.14
2026-02-21,ST017,MED029,8.43,8,0.43
2026-02-21,ST017,MED030,5.14,12,6.86
2026-02-21,ST018,MED001,12.79,14,1.21
2026-02-21,ST018,MED002,13.71,14,0.29
2026-02-21,ST018,MED003,3.5,5,1.5
2026-02-21,ST018,MED004,9.29,11,1.71
2026-02-21,ST018,MED005,13.43,13,0.43
2026-02-21,ST018,MED006,12.57,16,3.43
2026-02-21,ST018,MED007,4.07,4,0.07
2026-02-21,ST018,MED008,3.43,2,1.43
2026-02-21,ST018,MED009,12.29,12,0.29
2026-02-21,ST018,MED010,4.43,10,5.57
2026-02-21,ST018,MED011,14.0,14,0.0
2026-02-21,ST018,MED012,11.93,17,5.07
2026-02-21,ST018,MED013,7.93,9,1.07
2026-02-21,ST018,MED014,7.29,11,3.71
2026-02-21,ST018,MED015,14.5,16,1.5
2026-02-21,ST018,MED016,7.36,7,0.36
2026-02-21,ST018,MED017,11.21,15,3.79
2026-02-21,ST018,MED018,6.36,10,3.64
2026-02-21,ST018,MED019,4.36,6,1.64
2026-02-21,ST018,MED020,7.57,6,1.57
2026-02-21,ST018,MED021,11.43,12,0.57
2026-02-21,ST018,MED022,8.14,10,1.86
2026-02-21,ST018,MED023,13.36,13,0.36
2026-02-21,ST018,MED024,13.64,13,0.64
2026-02-21,ST018,MED025,6.29,9,2.71
2026-02-21,ST018,MED026,13.43,9,4.43
2026-02-21,ST018,MED027,12.86,12,0.86
2026-02-21,ST018,MED028,7.36,11,3.64
2026-02-21,ST018,MED029,9.79,10,0.21
2026-02-21,ST018,MED030,6.5,10,3.5
2026-02-21,ST019,MED001,12.79,11,1.79
2026-02-21,ST019,MED002,14.36,13,1.36
2026-02-21,ST019,MED003,5.0,7,2.0
2026-02-21,ST019,MED004,9.79,15,5.21
2026-02-21,ST019,MED005,14.86,12,2.86
2026-02-21,ST019,MED006,13.21,13,0.21
2026-02-21,ST019,MED007,3.79,3,0.79
2026-02-21,ST019,MED008,4.29,6,1.71
2026-02-21,ST019,MED009,12.79,13,0.21
2026-02-21,ST019,MED010,5.36,6,0.64
2026-02-21,ST019,MED011,14.79,11,3.79
2026-02-21,ST019,MED012,12.21,12,0.21
2026-02-21,ST019,MED013,8.43,12,3.57
2026-02-21,ST019,MED014,5.5,6,0.5
2026-02-21,ST019,MED015,14.71,19,4.29
2026-02-21,ST019,MED016,8.29,10,1.71
2026-02-21,ST019,MED017,13.93,14,0.07
2026-02-21,ST019,MED018,7.79,8,0.21
2026-02-21,ST019,MED019,3.93,0,3.93
2026-02-21,ST019,MED020,8.64,7,1.64
2026-02-21,ST019,MED021,11.14,12,0.86
2026-02-21,ST019,MED022,9.07,10,0.93
2026-02-21,ST019,MED023,13.5,14,0.5
2026-02-21,ST019,MED024,16.21,15,1.21
2026-02-21,ST019,MED025,7.43,10,2.57
2026-02-21,ST019,MED026,14.79,13,1.79
2026-02-21,ST019,MED027,14.29,15,0.71
2026-02-21,ST019,MED028,7.29,7,0.29
2026-02-21,ST019,MED029,10.93,12,1.07
2026-02-21,ST019,MED030,6.64,9,2.36
2026-02-21,ST020,MED001,14.93,16,1.07
2026-02-21,ST020,MED002,13.93,19,5.07
2026-02-21,ST020,MED003,3.71,8,4.29
2026-02-21,ST020,MED004,9.79,18,8.21
2026-02-21,ST020,MED005,14.29,15,0.71
2026-02-21,ST020,MED006,12.57,14,1.43
2026-02-21,ST020,MED007,4.07,3,1.07
2026-02-21,ST020,MED008,4.36,6,1.64
2026-02-21,ST020,MED009,13.43,16,2.57
2026-02-21,ST020,MED010,5.29,9,3.71
2026-02-21,ST020,MED011,14.43,16,1.57
2026-02-21,ST020,MED012,13.36,17,3.64
2026-02-21,ST020,MED013,9.93,10,0.07
2026-02-21,ST020,MED014,7.14,10,2.86
2026-02-21,ST020,MED015,15.5,16,0.5
2026-02-21,ST020,MED016,9.86,17,7.14
2026-02-21,ST020,MED017,15.57,17,1.43
2026-02-21,ST020,MED018,8.14,9,0.86
2026-02-21,ST020,MED019,5.0,3,2.0
2026-02-21,ST020,MED020,8.64,9,0.36
2026-02-21,ST020,MED021,14.71,15,0.29
2026-02-21,ST020,MED022,9.79,9,0.79
2026-02-21,ST020,MED023,14.64,16,1.36
2026-02-21,ST020,MED024,16.36,18,1.64
2026-02-21,ST020,MED025,7.43,10,2.57
2026-02-21,ST020,MED026,14.29,15,0.71
2026-02-21,ST020,MED027,17.14,17,0.14
2026-02-21,ST020,MED028,7.79,9,1.21
2026-02-21,ST020,MED029,11.5,14,2.5
2026-02-21,ST020,MED030,6.36,0,6.36
2026-02-21,ST021,MED001,8.5,10,1.5
2026-02-21,ST021,MED002,7.93,9,1.07
2026-02-21,ST021,MED003,2.57,4,1.43
2026-02-21,ST021,MED004,5.64,6,0.36
2026-02-21,ST021,MED005,8.07,7,1.07
2026-02-21,ST021,MED006,8.36,8,0.36
2026-02-21,ST021,MED007,2.29,3,0.71
2026-02-21,ST021,MED008,3.29,3,0.29
2026-02-21,ST021,MED009,8.21,9,0.79
2026-02-21,ST021,MED010,3.36,4,0.64
2026-02-21,ST021,MED011,9.0,14,5.0
2026-02-21,ST021,MED012,8.21,6,2.21
2026-02-21,ST021,MED013,5.57,4,1.57
2026-02-21,ST021,MED014,5.07,7,1.93
2026-02-21,ST021,MED015,9.0,12,3.0
2026-02-21,ST021,MED016,5.71,5,0.71
2026-02-21,ST021,MED017,8.0,10,2.0
2026-02-21,ST021,MED018,5.5,4,1.5
2026-02-21,ST021,MED019,2.57,4,1.43
2026-02-21,ST021,MED020,5.0,9,4.0
2026-02-21,ST021,MED021,7.0,5,2.0
2026-02-21,ST021,MED022,5.21,4,1.21
2026-02-21,ST021,MED023,8.79,11,2.21
2026-02-21,ST021,MED024,9.21,10,0.79
2026-02-21,ST021,MED025,3.86,3,0.86
2026-02-21,ST021,MED026,8.36,8,0.36
2026-02-21,ST021,MED027,9.71,10,0.29
2026-02-21,ST021,MED028,4.21,7,2.79
2026-02-21,ST021,MED029,8.07,9,0.93
2026-02-21,ST021,MED030,3.64,4,0.36
2026-02-21,ST022,MED001,10.57,10,0.57
2026-02-21,ST022,MED002,8.57,8,0.57
2026-02-21,ST022,MED003,3.0,0,3.0
2026-02-21,ST022,MED004,7.71,2,5.71
2026-02-21,ST022,MED005,10.14,12,1.86
2026-02-21,ST022,MED006,8.21,9,0.79
2026-02-21,ST022,MED007,3.21,2,1.21
2026-02-21,ST022,MED008,2.36,2,0.36
2026-02-21,ST022,MED009,9.43,12,2.57
2026-02-21,ST022,MED010,2.79,5,2.21
2026-02-21,ST022,MED011,10.29,8,2.29
2026-02-21,ST022,MED012,8.64,8,0.64
2026-02-21,ST022,MED013,5.57,4,1.57
2026-02-21,ST022,MED014,5.5,0,5.5
2026-02-21,ST022,MED015,10.07,11,0.93
2026-02-21,ST022,MED016,5.71,8,2.29
2026-02-21,ST022,MED017,8.5,9,0.5
2026-02-21,ST022,MED018,4.86,5,0.14
2026-02-21,ST022,MED019,2.79,0,2.79
2026-02-21,ST022,MED020,6.93,5,1.93
2026-02-21,ST022,MED021,9.21,5,4.21
2026-02-21,ST022,MED022,5.79,8,2.21
2026-02-21,ST022,MED023,9.43,8,1.43
2026-02-21,ST022,MED024,13.07,11,2.07
2026-02-21,ST022,MED025,5.79,8,2.21
2026-02-21,ST022,MED026,9.21,12,2.79
2026-02-21,ST022,MED027,11.14,11,0.14
2026-02-21,ST022,MED028,4.64,7,2.36
2026-02-21,ST022,MED029,8.93,8,0.93
2026-02-21,ST022,MED030,3.29,6,2.71
2026-02-21,ST023,MED001,10.64,16,5.36
2026-02-21,ST023,MED002,10.21,16,5.79
2026-02-21,ST023,MED003,2.79,1,1.79
2026-02-21,ST023,MED004,7.29,9,1.71
2026-02-21,ST023,MED005,10.71,13,2.29
2026-02-21,ST023,MED006,10.07,10,0.07
2026-02-21,ST023,MED007,3.14,1,2.14
2026-02-21,ST023,MED008,2.93,5,2.07
2026-02-21,ST023,MED009,9.07,14,4.93
2026-02-21,ST023,MED010,3.86,5,1.14
2026-02-21,ST023,MED011,10.86,12,1.14
2026-02-21,ST023,MED012,8.57,9,0.43
2026-02-21,ST023,MED013,6.21,5,1.21
2026-02-21,ST023,MED014,5.07,9,3.93
2026-02-21,ST023,MED015,11.71,9,2.71
2026-02-21,ST023,MED016,7.64,6,1.64
2026-02-21,ST023,MED017,10.36,14,3.64
2026-02-21,ST023,MED018,6.64,8,1.36
2026-02-21,ST023,MED019,3.07,4,0.93
2026-02-21,ST023,MED020,5.64,8,2.36
2026-02-21,ST023,MED021,10.14,4,6.14
2026-02-21,ST023,MED022,7.29,9,1.71
2026-02-21,ST023,MED023,10.43,11,0.57
2026-02-21,ST023,MED024,12.14,11,1.14
2026-02-21,ST023,MED025,6.0,7,1.0
2026-02-21,ST023,MED026,12.14,11,1.14
2026-02-21,ST023,MED027,12.64,14,1.36
2026-02-21,ST023,MED028,5.79,2,3.79
2026-02-21,ST023,MED029,9.07,7,2.07
2026-02-21,ST023,MED030,5.14,10,4.86
2026-02-21,ST024,MED001,11.36,9,2.36
2026-02-21,ST024,MED002,11.64,12,0.36
2026-02-21,ST024,MED003,2.71,4,1.29
2026-02-21,ST024,MED004,8.71,11,2.29
2026-02-21,ST024,MED005,11.29,13,1.71
2026-02-21,ST024,MED006,11.93,13,1.07
2026-02-21,ST024,MED007,2.57,1,1.57
2026-02-21,ST024,MED008,3.36,1,2.36
2026-02-21,ST024,MED009,10.21,14,3.79
2026-02-21,ST024,MED010,5.07,2,3.07
2026-02-21,ST024,MED011,12.21,12,0.21
2026-02-21,ST024,MED012,10.29,11,0.71
2026-02-21,ST024,MED013,7.5,9,1.5
2026-02-21,ST024,MED014,5.79,2,3.79
2026-02-21,ST024,MED015,12.86,14,1.14
2026-02-21,ST024,MED016,7.21,11,3.79
2026-02-21,ST024,MED017,11.86,10,1.86
2026-02-21,ST024,MED018,6.86,7,0.14
2026-02-21,ST024,MED019,3.86,1,2.86
2026-02-21,ST024,MED020,7.29,5,2.29
2026-02-21,ST024,MED021,9.71,13,3.29
2026-02-21,ST024,MED022,8.21,10,1.79
2026-02-21,ST024,MED023,13.21,14,0.79
2026-02-21,ST024,MED024,11.5,14,2.5
2026-02-21,ST024,MED025,6.0,8,2.0
2026-02-21,ST024,MED026,12.07,9,3.07
2026-02-21,ST024,MED027,12.5,11,1.5
2026-02-21,ST024,MED028,5.93,7,1.07
2026-02-21,ST024,MED029,11.43,10,1.43
2026-02-21,ST024,MED030,5.5,8,2.5
2026-02-21,ST025,MED001,12.57,15,2.43
2026-02-21,ST025,MED002,12.93,10,2.93
2026-02-21,ST025,MED003,3.0,1,2.0
2026-02-21,ST025,MED004,9.29,10,0.71
2026-02-21,ST025,MED005,12.79,11,1.79
2026-02-21,ST025,MED006,10.43,15,4.57
2026-02-21,ST025,MED007,3.71,3,0.71
2026-02-21,ST025,MED008,4.43,4,0.43
2026-02-21,ST025,MED009,10.5,10,0.5
2026-02-21,ST025,MED010,4.57,6,1.43
2026-02-21,ST025,MED011,12.93,11,1.93
2026-02-21,ST025,MED012,10.29,10,0.29
2026-02-21,ST025,MED013,8.36,11,2.64
2026-02-21,ST025,MED014,6.36,4,2.36
2026-02-21,ST025,MED015,14.21,16,1.79
2026-02-21,ST025,MED016,8.93,10,1.07
2026-02-21,ST025,MED017,13.07,12,1.07
2026-02-21,ST025,MED018,7.57,11,3.43
2026-02-21,ST025,MED019,3.43,3,0.43
2026-02-21,ST025,MED020,8.0,7,1.0
2026-02-21,ST025,MED021,11.5,10,1.5
2026-02-21,ST025,MED022,9.93,11,1.07
2026-02-21,ST025,MED023,12.57,12,0.57
2026-02-21,ST025,MED024,14.5,17,2.5
2026-02-21,ST025,MED025,7.21,8,0.79
2026-02-21,ST025,MED026,13.21,16,2.79
2026-02-21,ST025,MED027,11.93,14,2.07
2026-02-21,ST025,MED028,6.21,8,1.79
2026-02-21,ST025,MED029,11.14,11,0.14
2026-02-21,ST025,MED030,5.07,10,4.93
2026-02-21,ST026,MED001,13.5,17,3.5
2026-02-21,ST026,MED002,13.5,16,2.5
2026-02-21,ST026,MED003,3.71,5,1.29
2026-02-21,ST026,MED004,10.64,11,0.36
2026-02-21,ST026,MED005,13.64,16,2.36
2026-02-21,ST026,MED006,11.86,13,1.14
2026-02-21,ST026,MED007,3.93,5,1.07
2026-02-21,ST026,MED008,4.14,6,1.86
2026-02-21,ST026,MED009,13.14,17,3.86
2026-02-21,ST026,MED010,4.86,10,5.14
2026-02-21,ST026,MED011,13.36,15,1.64
2026-02-21,ST026,MED012,12.64,16,3.36
2026-02-21,ST026,MED013,8.86,9,0.14
2026-02-21,ST026,MED014,6.79,3,3.79
2026-02-21,ST026,MED015,16.07,14,2.07
2026-02-21,ST026,MED016,8.29,7,1.29
2026-02-21,ST026,MED017,13.57,16,2.43
2026-02-21,ST026,MED018,6.93,5,1.93
2026-02-21,ST026,MED019,3.43,3,0.43
2026-02-21,ST026,MED020,8.79,11,2.21
2026-02-21,ST026,MED021,12.5,18,5.5
2026-02-21,ST026,MED022,9.14,7,2.14
2026-02-21,ST026,MED023,13.0,15,2.0
2026-02-21,ST026,MED024,16.07,16,0.07
2026-02-21,ST026,MED025,8.21,7,1.21
2026-02-21,ST026,MED026,13.86,15,1.14
2026-02-21,ST026,MED027,14.29,18,3.71
2026-02-21,ST026,MED028,8.14,7,1.14
2026-02-21,ST026,MED029,12.0,9,3.0
2026-02-21,ST026,MED030,6.5,5,1.5
2026-02-21,ST027,MED001,14.86,18,3.14
2026-02-21,ST027,MED002,15.64,14,1.64
2026-02-21,ST027,MED003,4.79,5,0.21
2026-02-21,ST027,MED004,10.21,12,1.79
2026-02-21,ST027,MED005,14.29,17,2.71
2026-02-21,ST027,MED006,13.64,15,1.36
2026-02-21,ST027,MED007,4.86,3,1.86
2026-02-21,ST027,MED008,4.36,6,1.64
2026-02-21,ST027,MED009,13.29,14,0.71
2026-02-21,ST027,MED010,5.36,3,2.36
2026-02-21,ST027,MED011,15.14,14,1.14
2026-02-21,ST027,MED012,13.36,19,5.64
2026-02-21,ST027,MED013,9.0,6,3.0
2026-02-21,ST027,MED014,5.43,6,0.57
2026-02-21,ST027,MED015,15.71,20,4.29
2026-02-21,ST027,MED016,10.64,13,2.36
2026-02-21,ST027,MED017,14.79,19,4.21
2026-02-21,ST027,MED018,7.21,6,1.21
2026-02-21,ST027,MED019,3.57,4,0.43
2026-02-21,ST027,MED020,9.64,10,0.36
2026-02-21,ST027,MED021,13.43,16,2.57
2026-02-21,ST027,MED022,9.29,8,1.29
2026-02-21,ST027,MED023,14.64,14,0.64
2026-02-21,ST027,MED024,16.57,22,5.43
2026-02-21,ST027,MED025,8.64,10,1.36
2026-02-21,ST027,MED026,14.64,11,3.64
2026-02-21,ST027,MED027,16.29,17,0.71
2026-02-21,ST027,MED028,8.64,8,0.64
2026-02-21,ST027,MED029,11.93,12,0.07
2026-02-21,ST027,MED030,7.0,10,3.0
2026-02-21,ST028,MED001,9.14,10,0.86
2026-02-21,ST028,MED002,9.71,11,1.29
2026-02-21,ST028,MED003,2.14,2,0.14
2026-02-21,ST028,MED004,6.57,8,1.43
2026-02-21,ST028,MED005,8.43,9,0.57
2026-02-21,ST028,MED006,9.07,7,2.07
2026-02-21,ST028,MED007,2.14,4,1.86
2026-02-21,ST028,MED008,2.43,2,0.43
2026-02-21,ST028,MED009,7.93,8,0.07
2026-02-21,ST028,MED010,3.86,0,3.86
2026-02-21,ST028,MED011,8.07,6,2.07
2026-02-21,ST028,MED012,7.36,5,2.36
2026-02-21,ST028,MED013,5.79,4,1.79
2026-02-21,ST028,MED014,4.79,5,0.21
2026-02-21,ST028,MED015,9.36,12,2.64
2026-02-21,ST028,MED016,5.0,6,1.0
2026-02-21,ST028,MED017,9.14,9,0.14
2026-02-21,ST028,MED018,5.0,2,3.0
2026-02-21,ST028,MED019,1.36,0,1.36
2026-02-21,ST028,MED020,5.36,5,0.36
2026-02-21,ST028,MED021,7.29,10,2.71
2026-02-21,ST028,MED022,5.07,1,4.07
2026-02-21,ST028,MED023,8.0,9,1.0
2026-02-21,ST028,MED024,8.21,9,0.79
2026-02-21,ST028,MED025,5.07,5,0.07
2026-02-21,ST028,MED026,9.0,9,0.0
2026-02-21,ST028,MED027,9.14,22,12.86
2026-02-21,ST028,MED028,6.14,5,1.14
2026-02-21,ST028,MED029,7.14,3,4.14
2026-02-21,ST028,MED030,4.57,2,2.57
2026-02-21,ST029,MED001,9.5,11,1.5
2026-02-21,ST029,MED002,10.14,12,1.86
2026-02-21,ST029,MED003,2.43,2,0.43
2026-02-21,ST029,MED004,7.57,13,5.43
2026-02-21,ST029,MED005,9.57,7,2.57
2026-02-21,ST029,MED006,8.79,17,8.21
2026-02-21,ST029,MED007,2.79,6,3.21
2026-02-21,ST029,MED008,2.64,2,0.64
2026-02-21,ST029,MED009,8.14,9,0.86
2026-02-21,ST029,MED010,2.86,4,1.14
2026-02-21,ST029,MED011,9.5,10,0.5
2026-02-21,ST029,MED012,7.29,5,2.29
2026-02-21,ST029,MED013,6.5,5,1.5
2026-02-21,ST029,MED014,3.86,6,2.14
2026-02-21,ST029,MED015,11.07,11,0.07
2026-02-21,ST029,MED016,4.93,7,2.07
2026-02-21,ST029,MED017,8.93,9,0.07
2026-02-21,ST029,MED018,4.86,6,1.14
2026-02-21,ST029,MED019,3.5,2,1.5
2026-02-21,ST029,MED020,5.64,2,3.64
2026-02-21,ST029,MED021,9.43,7,2.43
2026-02-21,ST029,MED022,6.29,10,3.71
2026-02-21,ST029,MED023,8.64,11,2.36
2026-02-21,ST029,MED024,11.14,11,0.14
2026-02-21,ST029,MED025,4.21,6,1.79
2026-02-21,ST029,MED026,9.36,10,0.64
2026-02-21,ST029,MED027,10.93,12,1.07
2026-02-21,ST029,MED028,5.57,3,2.57
2026-02-21,ST029,MED029,8.86,10,1.14
2026-02-21,ST029,MED030,4.64,7,2.36
2026-02-21,ST030,MED001,10.64,13,2.36
2026-02-21,ST030,MED002,10.93,10,0.93
2026-02-21,ST030,MED003,2.71,1,1.71
2026-02-21,ST030,MED004,8.57,10,1.43
2026-02-21,ST030,MED005,10.29,12,1.71
2026-02-21,ST030,MED006,9.5,13,3.5
2026-02-21,ST030,MED007,2.93,0,2.93
2026-02-21,ST030,MED008,2.64,3,0.36
2026-02-21,ST030,MED009,8.93,12,3.07
2026-02-21,ST030,MED010,4.07,3,1.07
2026-02-21,ST030,MED011,11.43,13,1.57
2026-02-21,ST030,MED012,10.36,7,3.36
2026-02-21,ST030,MED013,6.5,9,2.5
2026-02-21,ST030,MED014,5.57,5,0.57
2026-02-21,ST030,MED015,11.14,16,4.86
2026-02-21,ST030,MED016,7.71,6,1.71
2026-02-21,ST030,MED017,10.29,15,4.71
2026-02-21,ST030,MED018,5.5,8,2.5
2026-02-21,ST030,MED019,3.43,0,3.43
2026-02-21,ST030,MED020,6.71,3,3.71
2026-02-21,ST030,MED021,9.71,10,0.29
2026-02-21,ST030,MED022,6.43,7,0.57
2026-02-21,ST030,MED023,10.07,12,1.93
2026-02-21,ST030,MED024,11.14,13,1.86
2026-02-21,ST030,MED025,5.07,3,2.07
2026-02-21,ST030,MED026,10.36,15,4.64
2026-02-21,ST030,MED027,11.07,14,2.93
2026-02-21,ST030,MED028,6.21,5,1.21
2026-02-21,ST030,MED029,7.43,9,1.57
2026-02-21,ST030,MED030,5.5,5,0.5
2026-02-21,ST031,MED001,10.64,12,1.36
2026-02-21,ST031,MED002,11.21,13,1.79
2026-02-21,ST031,MED003,3.43,2,1.43
2026-02-21,ST031,MED004,9.14,7,2.14
2026-02-21,ST031,MED005,11.29,9,2.29
2026-02-21,ST031,MED006,10.86,13,2.14
2026-02-21,ST031,MED007,4.86,2,2.86
2026-02-21,ST031,MED008,3.0,6,3.0
2026-02-21,ST031,MED009,11.5,12,0.5
2026-02-21,ST031,MED010,4.79,3,1.79
2026-02-21,ST031,MED011,10.0,9,1.0
2026-02-21,ST031,MED012,10.29,9,1.29
2026-02-21,ST031,MED013,7.57,9,1.43
2026-02-21,ST031,MED014,4.86,6,1.14
2026-02-21,ST031,MED015,13.21,13,0.21
2026-02-21,ST031,MED016,7.14,8,0.86
2026-02-21,ST031,MED017,11.29,10,1.29
2026-02-21,ST031,MED018,7.14,8,0.86
2026-02-21,ST031,MED019,3.71,2,1.71
2026-02-21,ST031,MED020,8.07,7,1.07
2026-02-21,ST031,MED021,10.0,12,2.0
2026-02-21,ST031,MED022,6.21,8,1.79
2026-02-21,ST031,MED023,11.86,13,1.14
2026-02-21,ST031,MED024,12.36,12,0.36
2026-02-21,ST031,MED025,5.79,5,0.79
2026-02-21,ST031,MED026,11.36,16,4.64
2026-02-21,ST031,MED027,11.93,12,0.07
2026-02-21,ST031,MED028,6.64,6,0.64
2026-02-21,ST031,MED029,9.14,10,0.86
2026-02-21,ST031,MED030,4.86,9,4.14
2026-02-21,ST032,MED001,11.86,13,1.14
2026-02-21,ST032,MED002,12.14,12,0.14
2026-02-21,ST032,MED003,4.07,2,2.07
2026-02-21,ST032,MED004,8.93,12,3.07
2026-02-21,ST032,MED005,11.07,12,0.93
2026-02-21,ST032,MED006,11.36,12,0.64
2026-02-21,ST032,MED007,3.43,3,0.43
2026-02-21,ST032,MED008,2.57,0,2.57
2026-02-21,ST032,MED009,12.36,12,0.36
2026-02-21,ST032,MED010,5.36,5,0.36
2026-02-21,ST032,MED011,13.07,12,1.07
2026-02-21,ST032,MED012,11.29,12,0.71
2026-02-21,ST032,MED013,8.5,8,0.5
2026-02-21,ST032,MED014,6.36,4,2.36
2026-02-21,ST032,MED015,14.0,16,2.0
2026-02-21,ST032,MED016,8.71,8,0.71
2026-02-21,ST032,MED017,11.79,11,0.79
2026-02-21,ST032,MED018,5.71,3,2.71
2026-02-21,ST032,MED019,3.36,3,0.36
2026-02-21,ST032,MED020,7.64,8,0.36
2026-02-21,ST032,MED021,11.5,15,3.5
2026-02-21,ST032,MED022,8.93,8,0.93
2026-02-21,ST032,MED023,11.07,17,5.93
2026-02-21,ST032,MED024,14.5,14,0.5
2026-02-21,ST032,MED025,7.57,8,0.43
2026-02-21,ST032,MED026,14.79,11,3.79
2026-02-21,ST032,MED027,12.57,17,4.43
2026-02-21,ST032,MED028,7.64,3,4.64
2026-02-21,ST032,MED029,10.71,14,3.29
2026-02-21,ST032,MED030,5.79,8,2.21
2026-02-21,ST033,MED001,13.57,15,1.43
2026-02-21,ST033,MED002,13.57,15,1.43
2026-02-21,ST033,MED003,3.29,2,1.29
2026-02-21,ST033,MED004,10.43,11,0.57
2026-02-21,ST033,MED005,12.93,14,1.07
2026-02-21,ST033,MED006,12.21,15,2.79
2026-02-21,ST033,MED007,3.93,6,2.07
2026-02-21,ST033,MED008,4.0,4,0.0
2026-02-21,ST033,MED009,12.93,14,1.07
2026-02-21,ST033,MED010,4.36,4,0.36
2026-02-21,ST033,MED011,12.93,13,0.07
2026-02-21,ST033,MED012,13.57,22,8.43
2026-02-21,ST033,MED013,8.93,9,0.07
2026-02-21,ST033,MED014,6.36,4,2.36
2026-02-21,ST033,MED015,14.93,14,0.93
2026-02-21,ST033,MED016,8.86,8,0.86
2026-02-21,ST033,MED017,13.71,16,2.29
2026-02-21,ST033,MED018,7.5,9,1.5
2026-02-21,ST033,MED019,3.64,6,2.36
2026-02-21,ST033,MED020,8.71,9,0.29
2026-02-21,ST033,MED021,13.0,14,1.0
2026-02-21,ST033,MED022,8.64,14,5.36
2026-02-21,ST033,MED023,13.79,14,0.21
2026-02-21,ST033,MED024,15.29,19,3.71
2026-02-21,ST033,MED025,6.36,5,1.36
2026-02-21,ST033,MED026,13.36,19,5.64
2026-02-21,ST033,MED027,14.0,17,3.0
2026-02-21,ST033,MED028,8.14,11,2.86
2026-02-21,ST033,MED029,11.86,13,1.14
2026-02-21,ST033,MED030,5.57,6,0.43
2026-02-21,ST034,MED001,14.71,10,4.71
2026-02-21,ST034,MED002,14.86,18,3.14
2026-02-21,ST034,MED003,4.5,5,0.5
2026-02-21,ST034,MED004,11.14,13,1.86
2026-02-21,ST034,MED005,14.0,14,0.0
2026-02-21,ST034,MED006,14.36,13,1.36
2026-02-21,ST034,MED007,4.36,3,1.36
2026-02-21,ST034,MED008,3.64,2,1.64
2026-02-21,ST034,MED009,14.07,19,4.93
2026-02-21,ST034,MED010,5.21,6,0.79
2026-02-21,ST034,MED011,14.86,19,4.14
2026-02-21,ST034,MED012,13.64,13,0.64
2026-02-21,ST034,MED013,8.86,10,1.14
2026-02-21,ST034,MED014,7.36,5,2.36
2026-02-21,ST034,MED015,16.07,16,0.07
2026-02-21,ST034,MED016,7.93,12,4.07
2026-02-21,ST034,MED017,16.0,14,2.0
2026-02-21,ST034,MED018,8.0,10,2.0
2026-02-21,ST034,MED019,3.93,9,5.07
2026-02-21,ST034,MED020,8.86,9,0.14
2026-02-21,ST034,MED021,12.93,16,3.07
2026-02-21,ST034,MED022,8.86,7,1.86
2026-02-21,ST034,MED023,16.71,17,0.29
2026-02-21,ST034,MED024,15.14,14,1.14
2026-02-21,ST034,MED025,9.5,9,0.5
2026-02-21,ST034,MED026,14.5,19,4.5
2026-02-21,ST034,MED027,16.0,19,3.0
2026-02-21,ST034,MED028,9.0,11,2.0
2026-02-21,ST034,MED029,11.71,17,5.29
2026-02-21,ST034,MED030,7.0,9,2.0
2026-02-21,ST035,MED001,10.14,5,5.14
2026-02-21,ST035,MED002,8.14,9,0.86
2026-02-21,ST035,MED003,2.36,1,1.36
2026-02-21,ST035,MED004,6.5,4,2.5
2026-02-21,ST035,MED005,8.5,9,0.5
2026-02-21,ST035,MED006,8.64,9,0.36
2026-02-21,ST035,MED007,2.43,4,1.57
2026-02-21,ST035,MED008,1.71,0,1.71
2026-02-21,ST035,MED009,8.0,7,1.0
2026-02-21,ST035,MED010,2.86,2,0.86
2026-02-21,ST035,MED011,8.86,8,0.86
2026-02-21,ST035,MED012,8.64,11,2.36
2026-02-21,ST035,MED013,5.0,3,2.0
2026-02-21,ST035,MED014,4.29,10,5.71
2026-02-21,ST035,MED015,9.29,12,2.71
2026-02-21,ST035,MED016,6.14,6,0.14
2026-02-21,ST035,MED017,8.64,6,2.64
2026-02-21,ST035,MED018,3.0,7,4.0
2026-02-21,ST035,MED019,2.21,5,2.79
2026-02-21,ST035,MED020,7.29,8,0.71
2026-02-21,ST035,MED021,8.36,7,1.36
2026-02-21,ST035,MED022,5.21,5,0.21
2026-02-21,ST035,MED023,9.57,9,0.57
2026-02-21,ST035,MED024,10.0,9,1.0
2026-02-21,ST035,MED025,4.14,4,0.14
2026-02-21,ST035,MED026,8.5,9,0.5
2026-02-21,ST035,MED027,8.5,14,5.5
2026-02-21,ST035,MED028,4.0,2,2.0
2026-02-21,ST035,MED029,7.07,7,0.07
2026-02-21,ST035,MED030,3.29,3,0.29
2026-02-21,ST036,MED001,11.14,6,5.14
2026-02-21,ST036,MED002,9.79,11,1.21
2026-02-21,ST036,MED003,2.14,0,2.14
2026-02-21,ST036,MED004,8.14,6,2.14
2026-02-21,ST036,MED005,8.93,9,0.07
2026-02-21,ST036,MED006,8.79,13,4.21
2026-02-21,ST036,MED007,2.71,1,1.71
2026-02-21,ST036,MED008,2.71,2,0.71
2026-02-21,ST036,MED009,8.43,11,2.57
2026-02-21,ST036,MED010,4.0,0,4.0
2026-02-21,ST036,MED011,9.43,9,0.43
2026-02-21,ST036,MED012,8.5,6,2.5
2026-02-21,ST036,MED013,5.36,8,2.64
2026-02-21,ST036,MED014,5.57,5,0.57
2026-02-21,ST036,MED015,10.36,15,4.64
2026-02-21,ST036,MED016,6.29,9,2.71
2026-02-21,ST036,MED017,10.64,11,0.36
2026-02-21,ST036,MED018,5.79,4,1.79
2026-02-21,ST036,MED019,3.0,4,1.0
2026-02-21,ST036,MED020,6.36,5,1.36
2026-02-21,ST036,MED021,9.21,8,1.21
2026-02-21,ST036,MED022,6.0,6,0.0
2026-02-21,ST036,MED023,9.64,11,1.36
2026-02-21,ST036,MED024,10.64,11,0.36
2026-02-21,ST036,MED025,4.86,5,0.14
2026-02-21,ST036,MED026,8.93,8,0.93
2026-02-21,ST036,MED027,10.14,13,2.86
2026-02-21,ST036,MED028,5.36,6,0.64
2026-02-21,ST036,MED029,7.07,6,1.07
2026-02-21,ST036,MED030,5.14,5,0.14
2026-02-21,ST037,MED001,11.0,12,1.0
2026-02-21,ST037,MED002,10.43,13,2.57
2026-02-21,ST037,MED003,3.43,1,2.43
2026-02-21,ST037,MED004,7.64,7,0.64
2026-02-21,ST037,MED005,11.07,22,10.93
2026-02-21,ST037,MED006,10.07,9,1.07
2026-02-21,ST037,MED007,3.0,6,3.0
2026-02-21,ST037,MED008,2.86,2,0.86
2026-02-21,ST037,MED009,10.43,6,4.43
2026-02-21,ST037,MED010,3.64,9,5.36
2026-02-21,ST037,MED011,11.07,13,1.93
2026-02-21,ST037,MED012,10.0,13,3.0
2026-02-21,ST037,MED013,6.21,8,1.79
2026-02-21,ST037,MED014,5.14,4,1.14
2026-02-21,ST037,MED015,11.43,15,3.57
2026-02-21,ST037,MED016,7.0,6,1.0
2026-02-21,ST037,MED017,10.29,10,0.29
2026-02-21,ST037,MED018,6.14,8,1.86
2026-02-21,ST037,MED019,4.0,4,0.0
2026-02-21,ST037,MED020,7.07,10,2.93
2026-02-21,ST037,MED021,10.0,12,2.0
2026-02-21,ST037,MED022,6.5,6,0.5
2026-02-21,ST037,MED023,10.5,13,2.5
2026-02-21,ST037,MED024,12.14,13,0.86
2026-02-21,ST037,MED025,6.07,4,2.07
2026-02-21,ST037,MED026,11.0,14,3.0
2026-02-21,ST037,MED027,13.07,14,0.93
2026-02-21,ST037,MED028,5.86,2,3.86
2026-02-21,ST037,MED029,8.71,10,1.29
2026-02-21,ST037,MED030,4.79,6,1.21
2026-02-21,ST038,MED001,11.86,13,1.14
2026-02-21,ST038,MED002,10.86,12,1.14
2026-02-21,ST038,MED003,3.29,2,1.29
2026-02-21,ST038,MED004,8.93,10,1.07
2026-02-21,ST038,MED005,13.14,12,1.14
2026-02-21,ST038,MED006,11.07,9,2.07
2026-02-21,ST038,MED007,3.43,5,1.57
2026-02-21,ST038,MED008,3.0,5,2.0
2026-02-21,ST038,MED009,11.5,13,1.5
2026-02-21,ST038,MED010,4.71,2,2.71
2026-02-21,ST038,MED011,11.64,6,5.64
2026-02-21,ST038,MED012,11.29,11,0.29
2026-02-21,ST038,MED013,7.14,7,0.14
2026-02-21,ST038,MED014,5.43,7,1.57
2026-02-21,ST038,MED015,13.86,17,3.14
2026-02-21,ST038,MED016,6.71,7,0.29
2026-02-21,ST038,MED017,11.0,12,1.0
2026-02-21,ST038,MED018,6.64,6,0.64
2026-02-21,ST038,MED019,3.29,4,0.71
2026-02-21,ST038,MED020,7.36,7,0.36
2026-02-21,ST038,MED021,10.0,9,1.0
2026-02-21,ST038,MED022,7.5,5,2.5
2026-02-21,ST038,MED023,11.64,13,1.36
2026-02-21,ST038,MED024,12.43,11,1.43
2026-02-21,ST038,MED025,7.64,6,1.64
2026-02-21,ST038,MED026,11.79,16,4.21
2026-02-21,ST038,MED027,12.79,12,0.79
2026-02-21,ST038,MED028,5.21,8,2.79
2026-02-21,ST038,MED029,10.0,10,0.0
2026-02-21,ST038,MED030,4.64,3,1.64
2026-02-21,ST039,MED001,13.14,13,0.14
2026-02-21,ST039,MED002,12.57,16,3.43
2026-02-21,ST039,MED003,4.0,6,2.0
2026-02-21,ST039,MED004,10.21,11,0.79
2026-02-21,ST039,MED005,12.64,13,0.36
2026-02-21,ST039,MED006,13.07,15,1.93
2026-02-21,ST039,MED007,4.36,0,4.36
2026-02-21,ST039,MED008,4.07,4,0.07
2026-02-21,ST039,MED009,11.71,14,2.29
2026-02-21,ST039,MED010,5.36,5,0.36
2026-02-21,ST039,MED011,12.29,14,1.71
2026-02-21,ST039,MED012,12.0,12,0.0
2026-02-21,ST039,MED013,8.36,5,3.36
2026-02-21,ST039,MED014,6.93,5,1.93
2026-02-21,ST039,MED015,13.79,15,1.21
2026-02-21,ST039,MED016,8.0,6,2.0
2026-02-21,ST039,MED017,12.86,13,0.14
2026-02-21,ST039,MED018,7.57,9,1.43
2026-02-21,ST039,MED019,3.36,5,1.64
2026-02-21,ST039,MED020,7.79,7,0.79
2026-02-21,ST039,MED021,11.79,12,0.21
2026-02-21,ST039,MED022,7.21,8,0.79
2026-02-21,ST039,MED023,12.57,16,3.43
2026-02-21,ST039,MED024,14.07,15,0.93
2026-02-21,ST039,MED025,7.14,7,0.14
2026-02-21,ST039,MED026,12.36,15,2.64
2026-02-21,ST039,MED027,14.64,15,0.36
2026-02-21,ST039,MED028,6.64,7,0.36
2026-02-21,ST039,MED029,10.29,15,4.71
2026-02-21,ST039,MED030,5.93,2,3.93
2026-02-21,ST040,MED001,13.71,13,0.71
2026-02-21,ST040,MED002,13.0,16,3.0
2026-02-21,ST040,MED003,3.43,4,0.57
2026-02-21,ST040,MED004,10.29,7,3.29
2026-02-21,ST040,MED005,14.29,14,0.29
2026-02-21,ST040,MED006,12.0,15,3.0
2026-02-21,ST040,MED007,3.86,4,0.14
2026-02-21,ST040,MED008,3.36,8,4.64
2026-02-21,ST040,MED009,12.93,16,3.07
2026-02-21,ST040,MED010,5.29,8,2.71
2026-02-21,ST040,MED011,13.36,13,0.36
2026-02-21,ST040,MED012,12.57,15,2.43
2026-02-21,ST040,MED013,8.64,9,0.36
2026-02-21,ST040,MED014,7.93,9,1.07
2026-02-21,ST040,MED015,16.71,14,2.71
2026-02-21,ST040,MED016,8.57,13,4.43
2026-02-21,ST040,MED017,13.0,13,0.0
2026-02-21,ST040,MED018,7.07,8,0.93
2026-02-21,ST040,MED019,3.79,4,0.21
2026-02-21,ST040,MED020,8.14,9,0.86
2026-02-21,ST040,MED021,12.21,12,0.21
2026-02-21,ST040,MED022,7.36,8,0.64
2026-02-21,ST040,MED023,13.36,18,4.64
2026-02-21,ST040,MED024,15.64,17,1.36
2026-02-21,ST040,MED025,7.93,14,6.07
2026-02-21,ST040,MED026,13.21,17,3.79
2026-02-21,ST040,MED027,15.0,29,14.0
2026-02-21,ST040,MED028,7.36,8,0.64
2026-02-21,ST040,MED029,11.57,9,2.57
2026-02-21,ST040,MED030,6.29,6,0.29
2026-02-22,ST001,MED001,9.57,11,1.43
2026-02-22,ST001,MED002,8.86,9,0.14
2026-02-22,ST001,MED003,2.71,5,2.29
2026-02-22,ST001,MED004,6.86,8,1.14
2026-02-22,ST001,MED005,9.71,12,2.29
2026-02-22,ST001,MED006,8.79,12,3.21
2026-02-22,ST001,MED007,1.71,4,2.29
2026-02-22,ST001,MED008,2.5,4,1.5
2026-02-22,ST001,MED009,8.21,11,2.79
2026-02-22,ST001,MED010,3.57,5,1.43
2026-02-22,ST001,MED011,9.79,12,2.21
2026-02-22,ST001,MED012,8.93,7,1.93
2026-02-22,ST001,MED013,6.57,4,2.57
2026-02-22,ST001,MED014,4.57,0,4.57
2026-02-22,ST001,MED015,9.93,11,1.07
2026-02-22,ST001,MED016,6.64,4,2.64
2026-02-22,ST001,MED017,8.86,11,2.14
2026-02-22,ST001,MED018,5.71,5,0.71
2026-02-22,ST001,MED019,3.86,5,1.14
2026-02-22,ST001,MED020,6.43,7,0.57
2026-02-22,ST001,MED021,8.93,9,0.07
2026-02-22,ST001,MED022,6.0,6,0.0
2026-02-22,ST001,MED023,9.07,8,1.07
2026-02-22,ST001,MED024,10.21,11,0.79
2026-02-22,ST001,MED025,5.0,7,2.0
2026-02-22,ST001,MED026,10.29,11,0.71
2026-02-22,ST001,MED027,10.5,10,0.5
2026-02-22,ST001,MED028,5.43,6,0.57
2026-02-22,ST001,MED029,8.14,5,3.14
2026-02-22,ST001,MED030,4.14,4,0.14
2026-02-22,ST002,MED001,10.5,15,4.5
2026-02-22,ST002,MED002,9.43,15,5.57
2026-02-22,ST002,MED003,3.36,1,2.36
2026-02-22,ST002,MED004,8.29,7,1.29
2026-02-22,ST002,MED005,11.36,10,1.36
2026-02-22,ST002,MED006,9.86,9,0.86
2026-02-22,ST002,MED007,3.07,5,1.93
2026-02-22,ST002,MED008,3.36,4,0.64
2026-02-22,ST002,MED009,10.07,12,1.93
2026-02-22,ST002,MED010,3.71,5,1.29
2026-02-22,ST002,MED011,10.93,12,1.07
2026-02-22,ST002,MED012,9.71,9,0.71
2026-02-22,ST002,MED013,7.0,11,4.0
2026-02-22,ST002,MED014,5.5,7,1.5
2026-02-22,ST002,MED015,11.07,14,2.93
2026-02-22,ST002,MED016,8.0,6,2.0
2026-02-22,ST002,MED017,11.21,9,2.21
2026-02-22,ST002,MED018,5.07,4,1.07
2026-02-22,ST002,MED019,2.71,3,0.29
2026-02-22,ST002,MED020,6.21,6,0.21
2026-02-22,ST002,MED021,10.36,10,0.36
2026-02-22,ST002,MED022,7.57,6,1.57
2026-02-22,ST002,MED023,10.93,13,2.07
2026-02-22,ST002,MED024,12.0,15,3.0
2026-02-22,ST002,MED025,5.93,6,0.07
2026-02-22,ST002,MED026,11.07,15,3.93
2026-02-22,ST002,MED027,11.79,13,1.21
2026-02-22,ST002,MED028,6.29,10,3.71
2026-02-22,ST002,MED029,8.64,7,1.64
2026-02-22,ST002,MED030,4.86,5,0.14
2026-02-22,ST003,MED001,11.71,13,1.29
2026-02-22,ST003,MED002,11.86,10,1.86
2026-02-22,ST003,MED003,2.36,0,2.36
2026-02-22,ST003,MED004,8.29,7,1.29
2026-02-22,ST003,MED005,12.5,12,0.5
2026-02-22,ST003,MED006,10.79,10,0.79
2026-02-22,ST003,MED007,3.36,5,1.64
2026-02-22,ST003,MED008,3.07,3,0.07
2026-02-22,ST003,MED009,10.86,10,0.86
2026-02-22,ST003,MED010,4.5,5,0.5
2026-02-22,ST003,MED011,11.93,12,0.07
2026-02-22,ST003,MED012,9.86,14,4.14
2026-02-22,ST003,MED013,7.71,7,0.71
2026-02-22,ST003,MED014,4.71,6,1.29
2026-02-22,ST003,MED015,13.43,16,2.57
2026-02-22,ST003,MED016,7.29,8,0.71
2026-02-22,ST003,MED017,10.93,12,1.07
2026-02-22,ST003,MED018,5.71,8,2.29
2026-02-22,ST003,MED019,3.43,0,3.43
2026-02-22,ST003,MED020,6.71,12,5.29
2026-02-22,ST003,MED021,9.71,22,12.29
2026-02-22,ST003,MED022,7.29,9,1.71
2026-02-22,ST003,MED023,11.21,11,0.21
2026-02-22,ST003,MED024,13.5,14,0.5
2026-02-22,ST003,MED025,6.71,4,2.71
2026-02-22,ST003,MED026,12.07,11,1.07
2026-02-22,ST003,MED027,12.57,14,1.43
2026-02-22,ST003,MED028,5.64,5,0.64
2026-02-22,ST003,MED029,9.36,7,2.36
2026-02-22,ST003,MED030,5.14,3,2.14
2026-02-22,ST004,MED001,12.14,16,3.86
2026-02-22,ST004,MED002,11.64,12,0.36
2026-02-22,ST004,MED003,2.5,7,4.5
2026-02-22,ST004,MED004,9.14,8,1.14
2026-02-22,ST004,MED005,12.79,14,1.21
2026-02-22,ST004,MED006,10.5,11,0.5
2026-02-22,ST004,MED007,3.79,4,0.21
2026-02-22,ST004,MED008,4.43,5,0.57
2026-02-22,ST004,MED009,13.86,14,0.14
2026-02-22,ST004,MED010,3.79,7,3.21
2026-02-22,ST004,MED011,12.07,16,3.93
2026-02-22,ST004,MED012,11.07,12,0.93
2026-02-22,ST004,MED013,7.86,9,1.14
2026-02-22,ST004,MED014,5.64,4,1.64
2026-02-22,ST004,MED015,15.07,18,2.93
2026-02-22,ST004,MED016,7.79,9,1.21
2026-02-22,ST004,MED017,12.0,16,4.0
2026-02-22,ST004,MED018,7.43,3,4.43
2026-02-22,ST004,MED019,3.57,4,0.43
2026-02-22,ST004,MED020,7.93,8,0.07
2026-02-22,ST004,MED021,11.57,13,1.43
2026-02-22,ST004,MED022,9.0,8,1.0
2026-02-22,ST004,MED023,12.71,13,0.29
2026-02-22,ST004,MED024,14.29,15,0.71
2026-02-22,ST004,MED025,6.43,9,2.57
2026-02-22,ST004,MED026,13.0,12,1.0
2026-02-22,ST004,MED027,14.36,16,1.64
2026-02-22,ST004,MED028,8.0,8,0.0
2026-02-22,ST004,MED029,10.71,9,1.71
2026-02-22,ST004,MED030,5.93,2,3.93
2026-02-22,ST005,MED001,13.43,16,2.57
2026-02-22,ST005,MED002,14.43,15,0.57
2026-02-22,ST005,MED003,3.0,5,2.0
2026-02-22,ST005,MED004,10.21,9,1.21
2026-02-22,ST005,MED005,13.93,15,1.07
2026-02-22,ST005,MED006,12.07,12,0.07
2026-02-22,ST005,MED007,3.57,4,0.43
2026-02-22,ST005,MED008,4.07,4,0.07
2026-02-22,ST005,MED009,13.0,14,1.0
2026-02-22,ST005,MED010,5.5,4,1.5
2026-02-22,ST005,MED011,13.71,13,0.71
2026-02-22,ST005,MED012,11.64,10,1.64
2026-02-22,ST005,MED013,9.07,8,1.07
2026-02-22,ST005,MED014,6.21,3,3.21
2026-02-22,ST005,MED015,16.5,12,4.5
2026-02-22,ST005,MED016,8.43,7,1.43
2026-02-22,ST005,MED017,13.57,17,3.43
2026-02-22,ST005,MED018,6.64,11,4.36
2026-02-22,ST005,MED019,3.86,0,3.86
2026-02-22,ST005,MED020,8.79,12,3.21
2026-02-22,ST005,MED021,12.71,10,2.71
2026-02-22,ST005,MED022,9.29,10,0.71
2026-02-22,ST005,MED023,13.5,10,3.5
2026-02-22,ST005,MED024,15.07,14,1.07
2026-02-22,ST005,MED025,7.29,8,0.71
2026-02-22,ST005,MED026,14.14,14,0.14
2026-02-22,ST005,MED027,14.29,17,2.71
2026-02-22,ST005,MED028,7.71,10,2.29
2026-02-22,ST005,MED029,10.86,10,0.86
2026-02-22,ST005,MED030,5.93,9,3.07
2026-02-22,ST006,MED001,14.29,17,2.71
2026-02-22,ST006,MED002,15.71,17,1.29
2026-02-22,ST006,MED003,4.14,5,0.86
2026-02-22,ST006,MED004,10.29,13,2.71
2026-02-22,ST006,MED005,13.93,14,0.07
2026-02-22,ST006,MED006,13.57,16,2.43
2026-02-22,ST006,MED007,4.93,6,1.07
2026-02-22,ST006,MED008,4.21,5,0.79
2026-02-22,ST006,MED009,14.21,16,1.79
2026-02-22,ST006,MED010,5.29,8,2.71
2026-02-22,ST006,MED011,15.64,12,3.64
2026-02-22,ST006,MED012,13.21,18,4.79
2026-02-22,ST006,MED013,10.64,10,0.64
2026-02-22,ST006,MED014,7.0,6,1.0
2026-02-22,ST006,MED015,18.07,18,0.07
2026-02-22,ST006,MED016,9.29,17,7.71
2026-02-22,ST006,MED017,13.79,18,4.21
2026-02-22,ST006,MED018,7.71,10,2.29
2026-02-22,ST006,MED019,2.86,6,3.14
2026-02-22,ST006,MED020,8.71,12,3.29
2026-02-22,ST006,MED021,13.07,17,3.93
2026-02-22,ST006,MED022,10.07,9,1.07
2026-02-22,ST006,MED023,14.07,14,0.07
2026-02-22,ST006,MED024,15.43,16,0.57
2026-02-22,ST006,MED025,8.43,10,1.57
2026-02-22,ST006,MED026,16.14,19,2.86
2026-02-22,ST006,MED027,15.43,19,3.57
2026-02-22,ST006,MED028,8.43,10,1.57
2026-02-22,ST006,MED029,12.07,13,0.93
2026-02-22,ST006,MED030,6.57,5,1.57
2026-02-22,ST007,MED001,8.14,10,1.86
2026-02-22,ST007,MED002,7.93,9,1.07
2026-02-22,ST007,MED003,2.29,2,0.29
2026-02-22,ST007,MED004,5.86,8,2.14
2026-02-22,ST007,MED005,7.43,11,3.57
2026-02-22,ST007,MED006,7.07,9,1.93
2026-02-22,ST007,MED007,3.07,1,2.07
2026-02-22,ST007,MED008,2.0,2,0.0
2026-02-22,ST007,MED009,8.57,7,1.57
2026-02-22,ST007,MED010,3.29,6,2.71
2026-02-22,ST007,MED011,8.86,13,4.14
2026-02-22,ST007,MED012,7.79,8,0.21
2026-02-22,ST007,MED013,5.79,7,1.21
2026-02-22,ST007,MED014,5.07,8,2.93
2026-02-22,ST007,MED015,9.07,9,0.07
2026-02-22,ST007,MED016,5.79,7,1.21
2026-02-22,ST007,MED017,8.71,9,0.29
2026-02-22,ST007,MED018,5.5,6,0.5
2026-02-22,ST007,MED019,2.71,2,0.71
2026-02-22,ST007,MED020,4.36,9,4.64
2026-02-22,ST007,MED021,8.43,6,2.43
2026-02-22,ST007,MED022,6.21,7,0.79
2026-02-22,ST007,MED023,8.29,9,0.71
2026-02-22,ST007,MED024,10.07,12,1.93
2026-02-22,ST007,MED025,4.64,5,0.36
2026-02-22,ST007,MED026,8.57,13,4.43
2026-02-22,ST007,MED027,8.21,8,0.21
2026-02-22,ST007,MED028,4.93,5,0.07
2026-02-22,ST007,MED029,6.86,3,3.86
2026-02-22,ST007,MED030,4.07,8,3.93
2026-02-22,ST008,MED001,9.64,21,11.36
2026-02-22,ST008,MED002,10.86,13,2.14
2026-02-22,ST008,MED003,2.21,3,0.79
2026-02-22,ST008,MED004,6.93,4,2.93
2026-02-22,ST008,MED005,9.29,7,2.29
2026-02-22,ST008,MED006,8.36,7,1.36
2026-02-22,ST008,MED007,3.21,2,1.21
2026-02-22,ST008,MED008,3.86,2,1.86
2026-02-22,ST008,MED009,9.0,6,3.0
2026-02-22,ST008,MED010,4.0,4,0.0
2026-02-22,ST008,MED011,9.93,8,1.93
2026-02-22,ST008,MED012,9.14,10,0.86
2026-02-22,ST008,MED013,6.64,3,3.64
2026-02-22,ST008,MED014,5.64,4,1.64
2026-02-22,ST008,MED015,10.64,13,2.36
2026-02-22,ST008,MED016,6.86,6,0.86
2026-02-22,ST008,MED017,11.36,10,1.36
2026-02-22,ST008,MED018,4.29,7,2.71
2026-02-22,ST008,MED019,3.07,5,1.93
2026-02-22,ST008,MED020,7.43,10,2.57
2026-02-22,ST008,MED021,8.57,8,0.57
2026-02-22,ST008,MED022,4.21,7,2.79
2026-02-22,ST008,MED023,11.29,8,3.29
2026-02-22,ST008,MED024,10.36,10,0.36
2026-02-22,ST008,MED025,4.36,8,3.64
2026-02-22,ST008,MED026,11.21,12,0.79
2026-02-22,ST008,MED027,9.79,9,0.79
2026-02-22,ST008,MED028,4.79,4,0.79
2026-02-22,ST008,MED029,7.71,7,0.71
2026-02-22,ST008,MED030,3.36,6,2.64
2026-02-22,ST009,MED001,10.93,10,0.93
2026-02-22,ST009,MED002,10.79,11,0.21
2026-02-22,ST009,MED003,2.64,2,0.64
2026-02-22,ST009,MED004,7.5,9,1.5
2026-02-22,ST009,MED005,11.79,11,0.79
2026-02-22,ST009,MED006,9.79,11,1.21
2026-02-22,ST009,MED007,2.86,6,3.14
2026-02-22,ST009,MED008,2.79,2,0.79
2026-02-22,ST009,MED009,8.64,11,2.36
2026-02-22,ST009,MED010,3.07,0,3.07
2026-02-22,ST009,MED011,11.43,10,1.43
2026-02-22,ST009,MED012,9.29,19,9.71
2026-02-22,ST009,MED013,7.36,7,0.36
2026-02-22,ST009,MED014,4.64,9,4.36
2026-02-22,ST009,MED015,12.14,10,2.14
2026-02-22,ST009,MED016,7.71,8,0.29
2026-02-22,ST009,MED017,11.07,14,2.93
2026-02-22,ST009,MED018,6.21,5,1.21
2026-02-22,ST009,MED019,2.64,5,2.36
2026-02-22,ST009,MED020,7.07,11,3.93
2026-02-22,ST009,MED021,9.29,11,1.71
2026-02-22,ST009,MED022,6.71,7,0.29
2026-02-22,ST009,MED023,11.14,13,1.86
2026-02-22,ST009,MED024,11.57,11,0.57
2026-02-22,ST009,MED025,6.29,3,3.29
2026-02-22,ST009,MED026,11.21,13,1.79
2026-02-22,ST009,MED027,11.93,13,1.07
2026-02-22,ST009,MED028,6.07,6,0.07
2026-02-22,ST009,MED029,8.79,8,0.79
2026-02-22,ST009,MED030,5.29,0,5.29
2026-02-22,ST010,MED001,11.64,9,2.64
2026-02-22,ST010,MED002,11.14,12,0.86
2026-02-22,ST010,MED003,3.86,7,3.14
2026-02-22,ST010,MED004,7.57,7,0.57
2026-02-22,ST010,MED005,10.71,13,2.29
2026-02-22,ST010,MED006,10.86,16,5.14
2026-02-22,ST010,MED007,4.93,3,1.93
2026-02-22,ST010,MED008,2.21,1,1.21
2026-02-22,ST010,MED009,9.86,12,2.14
2026-02-22,ST010,MED010,3.71,2,1.71
2026-02-22,ST010,MED011,12.14,10,2.14
2026-02-22,ST010,MED012,11.21,12,0.79
2026-02-22,ST010,MED013,7.79,9,1.21
2026-02-22,ST010,MED014,4.93,2,2.93
2026-02-22,ST010,MED015,14.29,15,0.71
2026-02-22,ST010,MED016,6.36,8,1.64
2026-02-22,ST010,MED017,10.93,8,2.93
2026-02-22,ST010,MED018,6.5,7,0.5
2026-02-22,ST010,MED019,2.57,2,0.57
2026-02-22,ST010,MED020,8.79,7,1.79
2026-02-22,ST010,MED021,10.64,9,1.64
2026-02-22,ST010,MED022,8.43,10,1.57
2026-02-22,ST010,MED023,10.93,17,6.07
2026-02-22,ST010,MED024,12.14,14,1.86
2026-02-22,ST010,MED025,5.64,8,2.36
2026-02-22,ST010,MED026,12.14,15,2.86
2026-02-22,ST010,MED027,12.21,16,3.79
2026-02-22,ST010,MED028,5.36,9,3.64
2026-02-22,ST010,MED029,9.86,9,0.86
2026-02-22,ST010,MED030,5.93,4,1.93
2026-02-22,ST011,MED001,12.29,15,2.71
2026-02-22,ST011,MED002,14.14,15,0.86
2026-02-22,ST011,MED003,4.36,0,4.36
2026-02-22,ST011,MED004,7.07,15,7.93
2026-02-22,ST011,MED005,13.29,14,0.71
2026-02-22,ST011,MED006,11.21,14,2.79
2026-02-22,ST011,MED007,2.5,5,2.5
2026-02-22,ST011,MED008,4.36,2,2.36
2026-02-22,ST011,MED009,12.14,13,0.86
2026-02-22,ST011,MED010,5.21,1,4.21
2026-02-22,ST011,MED011,12.93,10,2.93
2026-02-22,ST011,MED012,12.29,12,0.29
2026-02-22,ST011,MED013,7.57,7,0.57
2026-02-22,ST011,MED014,5.43,4,1.43
2026-02-22,ST011,MED015,13.79,18,4.21
2026-02-22,ST011,MED016,7.64,8,0.36
2026-02-22,ST011,MED017,13.14,13,0.14
2026-02-22,ST011,MED018,6.5,8,1.5
2026-02-22,ST011,MED019,5.07,4,1.07
2026-02-22,ST011,MED020,6.71,8,1.29
2026-02-22,ST011,MED021,11.0,12,1.0
2026-02-22,ST011,MED022,7.5,9,1.5
2026-02-22,ST011,MED023,12.5,14,1.5
2026-02-22,ST011,MED024,13.64,15,1.36
2026-02-22,ST011,MED025,6.29,9,2.71
2026-02-22,ST011,MED026,13.0,10,3.0
2026-02-22,ST011,MED027,13.43,14,0.57
2026-02-22,ST011,MED028,7.36,9,1.64
2026-02-22,ST011,MED029,11.07,9,2.07
2026-02-22,ST011,MED030,5.93,7,1.07
2026-02-22,ST012,MED001,12.93,14,1.07
2026-02-22,ST012,MED002,13.93,13,0.93
2026-02-22,ST012,MED003,3.07,2,1.07
2026-02-22,ST012,MED004,9.57,6,3.57
2026-02-22,ST012,MED005,14.57,11,3.57
2026-02-22,ST012,MED006,11.36,11,0.36
2026-02-22,ST012,MED007,3.43,3,0.43
2026-02-22,ST012,MED008,3.79,3,0.79
2026-02-22,ST012,MED009,13.43,13,0.43
2026-02-22,ST012,MED010,5.14,5,0.14
2026-02-22,ST012,MED011,14.0,17,3.0
2026-02-22,ST012,MED012,13.21,17,3.79
2026-02-22,ST012,MED013,8.57,10,1.43
2026-02-22,ST012,MED014,6.71,5,1.71
2026-02-22,ST012,MED015,14.86,17,2.14
2026-02-22,ST012,MED016,9.93,8,1.93
2026-02-22,ST012,MED017,15.07,15,0.07
2026-02-22,ST012,MED018,9.0,5,4.0
2026-02-22,ST012,MED019,4.21,7,2.79
2026-02-22,ST012,MED020,8.21,8,0.21
2026-02-22,ST012,MED021,12.43,17,4.57
2026-02-22,ST012,MED022,8.07,10,1.93
2026-02-22,ST012,MED023,13.43,12,1.43
2026-02-22,ST012,MED024,14.79,16,1.21
2026-02-22,ST012,MED025,7.36,8,0.64
2026-02-22,ST012,MED026,14.64,13,1.64
2026-02-22,ST012,MED027,13.86,14,0.14
2026-02-22,ST012,MED028,6.93,11,4.07
2026-02-22,ST012,MED029,12.29,10,2.29
2026-02-22,ST012,MED030,6.43,1,5.43
2026-02-22,ST013,MED001,15.64,17,1.36
2026-02-22,ST013,MED002,15.29,16,0.71
2026-02-22,ST013,MED003,4.14,2,2.14
2026-02-22,ST013,MED004,11.0,12,1.0
2026-02-22,ST013,MED005,15.93,17,1.07
2026-02-22,ST013,MED006,14.29,19,4.71
2026-02-22,ST013,MED007,4.0,4,0.0
2026-02-22,ST013,MED008,4.14,2,2.14
2026-02-22,ST013,MED009,12.93,14,1.07
2026-02-22,ST013,MED010,4.57,4,0.57
2026-02-22,ST013,MED011,14.93,17,2.07
2026-02-22,ST013,MED012,14.21,14,0.21
2026-02-22,ST013,MED013,10.43,15,4.57
2026-02-22,ST013,MED014,7.5,5,2.5
2026-02-22,ST013,MED015,16.57,18,1.43
2026-02-22,ST013,MED016,9.36,10,0.64
2026-02-22,ST013,MED017,14.79,14,0.79
2026-02-22,ST013,MED018,8.0,7,1.0
2026-02-22,ST013,MED019,3.64,4,0.36
2026-02-22,ST013,MED020,10.93,8,2.93
2026-02-22,ST013,MED021,13.86,16,2.14
2026-02-22,ST013,MED022,9.29,11,1.71
2026-02-22,ST013,MED023,15.14,13,2.14
2026-02-22,ST013,MED024,17.71,19,1.29
2026-02-22,ST013,MED025,9.5,9,0.5
2026-02-22,ST013,MED026,14.29,19,4.71
2026-02-22,ST013,MED027,17.14,15,2.14
2026-02-22,ST013,MED028,8.86,7,1.86
2026-02-22,ST013,MED029,12.07,11,1.07
2026-02-22,ST013,MED030,7.0,6,1.0
2026-02-22,ST014,MED001,8.5,9,0.5
2026-02-22,ST014,MED002,9.29,11,1.71
2026-02-22,ST014,MED003,1.79,3,1.21
2026-02-22,ST014,MED004,6.21,6,0.21
2026-02-22,ST014,MED005,9.29,10,0.71
2026-02-22,ST014,MED006,9.79,8,1.79
2026-02-22,ST014,MED007,2.0,4,2.0
2026-02-22,ST014,MED008,3.71,7,3.29
2026-02-22,ST014,MED009,7.64,8,0.36
2026-02-22,ST014,MED010,3.86,3,0.86
2026-02-22,ST014,MED011,9.93,12,2.07
2026-02-22,ST014,MED012,6.86,7,0.14
2026-02-22,ST014,MED013,5.07,4,1.07
2026-02-22,ST014,MED014,2.43,8,5.57
2026-02-22,ST014,MED015,9.07,13,3.93
2026-02-22,ST014,MED016,5.93,11,5.07
2026-02-22,ST014,MED017,8.71,7,1.71
2026-02-22,ST014,MED018,4.43,2,2.43
2026-02-22,ST014,MED019,3.43,2,1.43
2026-02-22,ST014,MED020,5.29,4,1.29
2026-02-22,ST014,MED021,8.14,12,3.86
2026-02-22,ST014,MED022,5.43,5,0.43
2026-02-22,ST014,MED023,8.5,13,4.5
2026-02-22,ST014,MED024,8.07,10,1.93
2026-02-22,ST014,MED025,4.86,7,2.14
2026-02-22,ST014,MED026,8.14,9,0.86
2026-02-22,ST014,MED027,9.93,7,2.93
2026-02-22,ST014,MED028,4.64,7,2.36
2026-02-22,ST014,MED029,8.14,11,2.86
2026-02-22,ST014,MED030,4.43,3,1.43
2026-02-22,ST015,MED001,9.93,13,3.07
2026-02-22,ST015,MED002,10.79,8,2.79
2026-02-22,ST015,MED003,3.14,4,0.86
2026-02-22,ST015,MED004,7.29,7,0.29
2026-02-22,ST015,MED005,8.36,6,2.36
2026-02-22,ST015,MED006,8.21,8,0.21
2026-02-22,ST015,MED007,2.21,0,2.21
2026-02-22,ST015,MED008,2.79,5,2.21
2026-02-22,ST015,MED009,8.29,3,5.29
2026-02-22,ST015,MED010,2.93,0,2.93
2026-02-22,ST015,MED011,10.0,9,1.0
2026-02-22,ST015,MED012,9.64,11,1.36
2026-02-22,ST015,MED013,5.29,5,0.29
2026-02-22,ST015,MED014,3.93,4,0.07
2026-02-22,ST015,MED015,11.86,11,0.86
2026-02-22,ST015,MED016,6.57,9,2.43
2026-02-22,ST015,MED017,9.0,20,11.0
2026-02-22,ST015,MED018,4.5,0,4.5
2026-02-22,ST015,MED019,2.29,0,2.29
2026-02-22,ST015,MED020,6.07,6,0.07
2026-02-22,ST015,MED021,8.86,6,2.86
2026-02-22,ST015,MED022,6.86,6,0.86
2026-02-22,ST015,MED023,9.86,11,1.14
2026-02-22,ST015,MED024,10.57,12,1.43
2026-02-22,ST015,MED025,5.29,6,0.71
2026-02-22,ST015,MED026,8.71,11,2.29
2026-02-22,ST015,MED027,10.86,15,4.14
2026-02-22,ST015,MED028,6.36,6,0.36
2026-02-22,ST015,MED029,7.79,8,0.21
2026-02-22,ST015,MED030,4.07,7,2.93
2026-02-22,ST016,MED001,10.86,12,1.14
2026-02-22,ST016,MED002,10.0,14,4.0
2026-02-22,ST016,MED003,3.79,1,2.79
2026-02-22,ST016,MED004,7.43,9,1.57
2026-02-22,ST016,MED005,10.43,14,3.57
2026-02-22,ST016,MED006,9.64,10,0.36
2026-02-22,ST016,MED007,2.43,6,3.57
2026-02-22,ST016,MED008,3.5,7,3.5
2026-02-22,ST016,MED009,9.71,12,2.29
2026-02-22,ST016,MED010,4.14,5,0.86
2026-02-22,ST016,MED011,10.71,9,1.71
2026-02-22,ST016,MED012,10.0,12,2.0
2026-02-22,ST016,MED013,7.0,8,1.0
2026-02-22,ST016,MED014,5.43,6,0.57
2026-02-22,ST016,MED015,13.07,14,0.93
2026-02-22,ST016,MED016,6.79,6,0.79
2026-02-22,ST016,MED017,9.79,9,0.79
2026-02-22,ST016,MED018,6.14,5,1.14
2026-02-22,ST016,MED019,3.36,0,3.36
2026-02-22,ST016,MED020,7.71,10,2.29
2026-02-22,ST016,MED021,10.07,12,1.93
2026-02-22,ST016,MED022,6.93,6,0.93
2026-02-22,ST016,MED023,10.93,10,0.93
2026-02-22,ST016,MED024,11.64,15,3.36
2026-02-22,ST016,MED025,6.36,7,0.64
2026-02-22,ST016,MED026,10.43,13,2.57
2026-02-22,ST016,MED027,11.86,14,2.14
2026-02-22,ST016,MED028,6.21,8,1.79
2026-02-22,ST016,MED029,8.29,13,4.71
2026-02-22,ST016,MED030,6.0,7,1.0
2026-02-22,ST017,MED001,11.93,10,1.93
2026-02-22,ST017,MED002,11.57,9,2.57
2026-02-22,ST017,MED003,3.0,1,2.0
2026-02-22,ST017,MED004,8.0,7,1.0
2026-02-22,ST017,MED005,11.71,13,1.29
2026-02-22,ST017,MED006,10.64,10,0.64
2026-02-22,ST017,MED007,2.43,4,1.57
2026-02-22,ST017,MED008,4.29,6,1.71
2026-02-22,ST017,MED009,11.36,12,0.64
2026-02-22,ST017,MED010,4.64,2,2.64
2026-02-22,ST017,MED011,12.14,13,0.86
2026-02-22,ST017,MED012,10.93,11,0.07
2026-02-22,ST017,MED013,6.86,6,0.86
2026-02-22,ST017,MED014,5.5,6,0.5
2026-02-22,ST017,MED015,13.71,13,0.71
2026-02-22,ST017,MED016,6.79,8,1.21
2026-02-22,ST017,MED017,11.14,11,0.14
2026-02-22,ST017,MED018,5.43,11,5.57
2026-02-22,ST017,MED019,2.36,3,0.64
2026-02-22,ST017,MED020,7.0,7,0.0
2026-02-22,ST017,MED021,12.14,9,3.14
2026-02-22,ST017,MED022,6.57,5,1.57
2026-02-22,ST017,MED023,11.36,14,2.64
2026-02-22,ST017,MED024,12.57,11,1.57
2026-02-22,ST017,MED025,6.29,12,5.71
2026-02-22,ST017,MED026,12.36,10,2.36
2026-02-22,ST017,MED027,13.0,18,5.0
2026-02-22,ST017,MED028,5.86,6,0.14
2026-02-22,ST017,MED029,8.43,6,2.43
2026-02-22,ST017,MED030,5.14,2,3.14
2026-02-22,ST018,MED001,12.79,12,0.79
2026-02-22,ST018,MED002,13.71,15,1.29
2026-02-22,ST018,MED003,3.5,4,0.5
2026-02-22,ST018,MED004,9.29,12,2.71
2026-02-22,ST018,MED005,13.43,11,2.43
2026-02-22,ST018,MED006,12.57,12,0.57
2026-02-22,ST018,MED007,4.07,6,1.93
2026-02-22,ST018,MED008,3.43,1,2.43
2026-02-22,ST018,MED009,12.29,12,0.29
2026-02-22,ST018,MED010,4.43,6,1.57
2026-02-22,ST018,MED011,14.0,18,4.0
2026-02-22,ST018,MED012,11.93,10,1.93
2026-02-22,ST018,MED013,7.93,8,0.07
2026-02-22,ST018,MED014,7.29,6,1.29
2026-02-22,ST018,MED015,14.5,14,0.5
2026-02-22,ST018,MED016,7.36,8,0.64
2026-02-22,ST018,MED017,11.21,14,2.79
2026-02-22,ST018,MED018,6.36,7,0.64
2026-02-22,ST018,MED019,4.36,6,1.64
2026-02-22,ST018,MED020,7.57,10,2.43
2026-02-22,ST018,MED021,11.43,9,2.43
2026-02-22,ST018,MED022,8.14,7,1.14
2026-02-22,ST018,MED023,13.36,24,10.64
2026-02-22,ST018,MED024,13.64,15,1.36
2026-02-22,ST018,MED025,6.29,8,1.71
2026-02-22,ST018,MED026,13.43,15,1.57
2026-02-22,ST018,MED027,12.86,19,6.14
2026-02-22,ST018,MED028,7.36,6,1.36
2026-02-22,ST018,MED029,9.79,13,3.21
2026-02-22,ST018,MED030,6.5,6,0.5
2026-02-22,ST019,MED001,12.79,17,4.21
2026-02-22,ST019,MED002,14.36,14,0.36
2026-02-22,ST019,MED003,5.0,1,4.0
2026-02-22,ST019,MED004,9.79,10,0.21
2026-02-22,ST019,MED005,14.86,10,4.86
2026-02-22,ST019,MED006,13.21,14,0.79
2026-02-22,ST019,MED007,3.79,6,2.21
2026-02-22,ST019,MED008,4.29,4,0.29
2026-02-22,ST019,MED009,12.79,14,1.21
2026-02-22,ST019,MED010,5.36,8,2.64
2026-02-22,ST019,MED011,14.79,15,0.21
2026-02-22,ST019,MED012,12.21,13,0.79
2026-02-22,ST019,MED013,8.43,9,0.57
2026-02-22,ST019,MED014,5.5,9,3.5
2026-02-22,ST019,MED015,14.71,19,4.29
2026-02-22,ST019,MED016,8.29,9,0.71
2026-02-22,ST019,MED017,13.93,10,3.93
2026-02-22,ST019,MED018,7.79,8,0.21
2026-02-22,ST019,MED019,3.93,2,1.93
2026-02-22,ST019,MED020,8.64,6,2.64
2026-02-22,ST019,MED021,11.14,14,2.86
2026-02-22,ST019,MED022,9.07,7,2.07
2026-02-22,ST019,MED023,13.5,17,3.5
2026-02-22,ST019,MED024,16.21,14,2.21
2026-02-22,ST019,MED025,7.43,9,1.57
2026-02-22,ST019,MED026,14.79,15,0.21
2026-02-22,ST019,MED027,14.29,13,1.29
2026-02-22,ST019,MED028,7.29,5,2.29
2026-02-22,ST019,MED029,10.93,13,2.07
2026-02-22,ST019,MED030,6.64,4,2.64
2026-02-22,ST020,MED001,14.93,14,0.93
2026-02-22,ST020,MED002,13.93,18,4.07
2026-02-22,ST020,MED003,3.71,5,1.29
2026-02-22,ST020,MED004,9.79,9,0.79
2026-02-22,ST020,MED005,14.29,19,4.71
2026-02-22,ST020,MED006,12.57,16,3.43
2026-02-22,ST020,MED007,4.07,2,2.07
2026-02-22,ST020,MED008,4.36,1,3.36
2026-02-22,ST020,MED009,13.43,12,1.43
2026-02-22,ST020,MED010,5.29,4,1.29
2026-02-22,ST020,MED011,14.43,14,0.43
2026-02-22,ST020,MED012,13.36,16,2.64
2026-02-22,ST020,MED013,9.93,12,2.07
2026-02-22,ST020,MED014,7.14,8,0.86
2026-02-22,ST020,MED015,15.5,17,1.5
2026-02-22,ST020,MED016,9.86,13,3.14
2026-02-22,ST020,MED017,15.57,15,0.57
2026-02-22,ST020,MED018,8.14,8,0.14
2026-02-22,ST020,MED019,5.0,5,0.0
2026-02-22,ST020,MED020,8.64,13,4.36
2026-02-22,ST020,MED021,14.71,13,1.71
2026-02-22,ST020,MED022,9.79,9,0.79
2026-02-22,ST020,MED023,14.64,12,2.64
2026-02-22,ST020,MED024,16.36,15,1.36
2026-02-22,ST020,MED025,7.43,15,7.57
2026-02-22,ST020,MED026,14.29,18,3.71
2026-02-22,ST020,MED027,17.14,19,1.86
2026-02-22,ST020,MED028,7.79,8,0.21
2026-02-22,ST020,MED029,11.5,15,3.5
2026-02-22,ST020,MED030,6.36,6,0.36
2026-02-22,ST021,MED001,8.5,13,4.5
2026-02-22,ST021,MED002,7.93,14,6.07
2026-02-22,ST021,MED003,2.57,2,0.57
2026-02-22,ST021,MED004,5.64,8,2.36
2026-02-22,ST021,MED005,8.07,7,1.07
2026-02-22,ST021,MED006,8.36,10,1.64
2026-02-22,ST021,MED007,2.29,2,0.29
2026-02-22,ST021,MED008,3.29,1,2.29
2026-02-22,ST021,MED009,8.21,5,3.21
2026-02-22,ST021,MED010,3.36,6,2.64
2026-02-22,ST021,MED011,9.0,9,0.0
2026-02-22,ST021,MED012,8.21,7,1.21
2026-02-22,ST021,MED013,5.57,10,4.43
2026-02-22,ST021,MED014,5.07,5,0.07
2026-02-22,ST021,MED015,9.0,6,3.0
2026-02-22,ST021,MED016,5.71,9,3.29
2026-02-22,ST021,MED017,8.0,9,1.0
2026-02-22,ST021,MED018,5.5,6,0.5
2026-02-22,ST021,MED019,2.57,0,2.57
2026-02-22,ST021,MED020,5.0,6,1.0
2026-02-22,ST021,MED021,7.0,12,5.0
2026-02-22,ST021,MED022,5.21,5,0.21
2026-02-22,ST021,MED023,8.79,7,1.79
2026-02-22,ST021,MED024,9.21,7,2.21
2026-02-22,ST021,MED025,3.86,6,2.14
2026-02-22,ST021,MED026,8.36,10,1.64
2026-02-22,ST021,MED027,9.71,10,0.29
2026-02-22,ST021,MED028,4.21,2,2.21
2026-02-22,ST021,MED029,8.07,7,1.07
2026-02-22,ST021,MED030,3.64,2,1.64
2026-02-22,ST022,MED001,10.57,11,0.43
2026-02-22,ST022,MED002,8.57,8,0.57
2026-02-22,ST022,MED003,3.0,5,2.0
2026-02-22,ST022,MED004,7.71,8,0.29
2026-02-22,ST022,MED005,10.14,10,0.14
2026-02-22,ST022,MED006,8.21,13,4.79
2026-02-22,ST022,MED007,3.21,2,1.21
2026-02-22,ST022,MED008,2.36,4,1.64
2026-02-22,ST022,MED009,9.43,9,0.43
2026-02-22,ST022,MED010,2.79,7,4.21
2026-02-22,ST022,MED011,10.29,13,2.71
2026-02-22,ST022,MED012,8.64,10,1.36
2026-02-22,ST022,MED013,5.57,8,2.43
2026-02-22,ST022,MED014,5.5,7,1.5
2026-02-22,ST022,MED015,10.07,12,1.93
2026-02-22,ST022,MED016,5.71,6,0.29
2026-02-22,ST022,MED017,8.5,11,2.5
2026-02-22,ST022,MED018,4.86,7,2.14
2026-02-22,ST022,MED019,2.79,6,3.21
2026-02-22,ST022,MED020,6.93,7,0.07
2026-02-22,ST022,MED021,9.21,10,0.79
2026-02-22,ST022,MED022,5.79,8,2.21
2026-02-22,ST022,MED023,9.43,13,3.57
2026-02-22,ST022,MED024,13.07,14,0.93
2026-02-22,ST022,MED025,5.79,5,0.79
2026-02-22,ST022,MED026,9.21,7,2.21
2026-02-22,ST022,MED027,11.14,13,1.86
2026-02-22,ST022,MED028,4.64,14,9.36
2026-02-22,ST022,MED029,8.93,9,0.07
2026-02-22,ST022,MED030,3.29,3,0.29
2026-02-22,ST023,MED001,10.64,12,1.36
2026-02-22,ST023,MED002,10.21,12,1.79
2026-02-22,ST023,MED003,2.79,6,3.21
2026-02-22,ST023,MED004,7.29,13,5.71
2026-02-22,ST023,MED005,10.71,12,1.29
2026-02-22,ST023,MED006,10.07,10,0.07
2026-02-22,ST023,MED007,3.14,0,3.14
2026-02-22,ST023,MED008,2.93,1,1.93
2026-02-22,ST023,MED009,9.07,12,2.93
2026-02-22,ST023,MED010,3.86,4,0.14
2026-02-22,ST023,MED011,10.86,8,2.86
2026-02-22,ST023,MED012,8.57,13,4.43
2026-02-22,ST023,MED013,6.21,10,3.79
2026-02-22,ST023,MED014,5.07,6,0.93
2026-02-22,ST023,MED015,11.71,14,2.29
2026-02-22,ST023,MED016,7.64,4,3.64
2026-02-22,ST023,MED017,10.36,10,0.36
2026-02-22,ST023,MED018,6.64,4,2.64
2026-02-22,ST023,MED019,3.07,2,1.07
2026-02-22,ST023,MED020,5.64,11,5.36
2026-02-22,ST023,MED021,10.14,9,1.14
2026-02-22,ST023,MED022,7.29,6,1.29
2026-02-22,ST023,MED023,10.43,11,0.57
2026-02-22,ST023,MED024,12.14,11,1.14
2026-02-22,ST023,MED025,6.0,3,3.0
2026-02-22,ST023,MED026,12.14,12,0.14
2026-02-22,ST023,MED027,12.64,13,0.36
2026-02-22,ST023,MED028,5.79,6,0.21
2026-02-22,ST023,MED029,9.07,9,0.07
2026-02-22,ST023,MED030,5.14,8,2.86
2026-02-22,ST024,MED001,11.36,8,3.36
2026-02-22,ST024,MED002,11.64,10,1.64
2026-02-22,ST024,MED003,2.71,5,2.29
2026-02-22,ST024,MED004,8.71,19,10.29
2026-02-22,ST024,MED005,11.29,10,1.29
2026-02-22,ST024,MED006,11.93,11,0.93
2026-02-22,ST024,MED007,2.57,3,0.43
2026-02-22,ST024,MED008,3.36,2,1.36
2026-02-22,ST024,MED009,10.21,11,0.79
2026-02-22,ST024,MED010,5.07,6,0.93
2026-02-22,ST024,MED011,12.21,16,3.79
2026-02-22,ST024,MED012,10.29,11,0.71
2026-02-22,ST024,MED013,7.5,9,1.5
2026-02-22,ST024,MED014,5.79,7,1.21
2026-02-22,ST024,MED015,12.86,13,0.14
2026-02-22,ST024,MED016,7.21,8,0.79
2026-02-22,ST024,MED017,11.86,12,0.14
2026-02-22,ST024,MED018,6.86,5,1.86
2026-02-22,ST024,MED019,3.86,3,0.86
2026-02-22,ST024,MED020,7.29,5,2.29
2026-02-22,ST024,MED021,9.71,11,1.29
2026-02-22,ST024,MED022,8.21,9,0.79
2026-02-22,ST024,MED023,13.21,16,2.79
2026-02-22,ST024,MED024,11.5,16,4.5
2026-02-22,ST024,MED025,6.0,5,1.0
2026-02-22,ST024,MED026,12.07,11,1.07
2026-02-22,ST024,MED027,12.5,13,0.5
2026-02-22,ST024,MED028,5.93,8,2.07
2026-02-22,ST024,MED029,11.43,19,7.57
2026-02-22,ST024,MED030,5.5,14,8.5
2026-02-22,ST025,MED001,12.57,16,3.43
2026-02-22,ST025,MED002,12.93,13,0.07
2026-02-22,ST025,MED003,3.0,7,4.0
2026-02-22,ST025,MED004,9.29,8,1.29
2026-02-22,ST025,MED005,12.79,14,1.21
2026-02-22,ST025,MED006,10.43,13,2.57
2026-02-22,ST025,MED007,3.71,2,1.71
2026-02-22,ST025,MED008,4.43,0,4.43
2026-02-22,ST025,MED009,10.5,12,1.5
2026-02-22,ST025,MED010,4.57,3,1.57
2026-02-22,ST025,MED011,12.93,13,0.07
2026-02-22,ST025,MED012,10.29,12,1.71
2026-02-22,ST025,MED013,8.36,9,0.64
2026-02-22,ST025,MED014,6.36,3,3.36
2026-02-22,ST025,MED015,14.21,18,3.79
2026-02-22,ST025,MED016,8.93,8,0.93
2026-02-22,ST025,MED017,13.07,14,0.93
2026-02-22,ST025,MED018,7.57,11,3.43
2026-02-22,ST025,MED019,3.43,6,2.57
2026-02-22,ST025,MED020,8.0,4,4.0
2026-02-22,ST025,MED021,11.5,13,1.5
2026-02-22,ST025,MED022,9.93,8,1.93
2026-02-22,ST025,MED023,12.57,11,1.57
2026-02-22,ST025,MED024,14.5,13,1.5
2026-02-22,ST025,MED025,7.21,5,2.21
2026-02-22,ST025,MED026,13.21,13,0.21
2026-02-22,ST025,MED027,11.93,16,4.07
2026-02-22,ST025,MED028,6.21,3,3.21
2026-02-22,ST025,MED029,11.14,11,0.14
2026-02-22,ST025,MED030,5.07,8,2.93
2026-02-22,ST026,MED001,13.5,14,0.5
2026-02-22,ST026,MED002,13.5,15,1.5
2026-02-22,ST026,MED003,3.71,6,2.29
2026-02-22,ST026,MED004,10.64,10,0.64
2026-02-22,ST026,MED005,13.64,15,1.36
2026-02-22,ST026,MED006,11.86,13,1.14
2026-02-22,ST026,MED007,3.93,1,2.93
2026-02-22,ST026,MED008,4.14,4,0.14
2026-02-22,ST026,MED009,13.14,13,0.14
2026-02-22,ST026,MED010,4.86,9,4.14
2026-02-22,ST026,MED011,13.36,10,3.36
2026-02-22,ST026,MED012,12.64,10,2.64
2026-02-22,ST026,MED013,8.86,13,4.14
2026-02-22,ST026,MED014,6.79,7,0.21
2026-02-22,ST026,MED015,16.07,13,3.07
2026-02-22,ST026,MED016,8.29,15,6.71
2026-02-22,ST026,MED017,13.57,13,0.57
2026-02-22,ST026,MED018,6.93,8,1.07
2026-02-22,ST026,MED019,3.43,1,2.43
2026-02-22,ST026,MED020,8.79,7,1.79
2026-02-22,ST026,MED021,12.5,8,4.5
2026-02-22,ST026,MED022,9.14,12,2.86
2026-02-22,ST026,MED023,13.0,17,4.0
2026-02-22,ST026,MED024,16.07,14,2.07
2026-02-22,ST026,MED025,8.21,15,6.79
2026-02-22,ST026,MED026,13.86,15,1.14
2026-02-22,ST026,MED027,14.29,16,1.71
2026-02-22,ST026,MED028,8.14,6,2.14
2026-02-22,ST026,MED029,12.0,13,1.0
2026-02-22,ST026,MED030,6.5,6,0.5
2026-02-22,ST027,MED001,14.86,17,2.14
2026-02-22,ST027,MED002,15.64,16,0.36
2026-02-22,ST027,MED003,4.79,4,0.79
2026-02-22,ST027,MED004,10.21,12,1.79
2026-02-22,ST027,MED005,14.29,17,2.71
2026-02-22,ST027,MED006,13.64,16,2.36
2026-02-22,ST027,MED007,4.86,5,0.14
2026-02-22,ST027,MED008,4.36,0,4.36
2026-02-22,ST027,MED009,13.29,16,2.71
2026-02-22,ST027,MED010,5.36,5,0.36
2026-02-22,ST027,MED011,15.14,21,5.86
2026-02-22,ST027,MED012,13.36,15,1.64
2026-02-22,ST027,MED013,9.0,10,1.0
2026-02-22,ST027,MED014,5.43,8,2.57
2026-02-22,ST027,MED015,15.71,18,2.29
2026-02-22,ST027,MED016,10.64,8,2.64
2026-02-22,ST027,MED017,14.79,16,1.21
2026-02-22,ST027,MED018,7.21,5,2.21
2026-02-22,ST027,MED019,3.57,3,0.57
2026-02-22,ST027,MED020,9.64,12,2.36
2026-02-22,ST027,MED021,13.43,15,1.57
2026-02-22,ST027,MED022,9.29,11,1.71
2026-02-22,ST027,MED023,14.64,17,2.36
2026-02-22,ST027,MED024,16.57,19,2.43
2026-02-22,ST027,MED025,8.64,9,0.36
2026-02-22,ST027,MED026,14.64,18,3.36
2026-02-22,ST027,MED027,16.29,18,1.71
2026-02-22,ST027,MED028,8.64,9,0.36
2026-02-22,ST027,MED029,11.93,13,1.07
2026-02-22,ST027,MED030,7.0,10,3.0
2026-02-22,ST028,MED001,9.14,11,1.86
2026-02-22,ST028,MED002,9.71,10,0.29
2026-02-22,ST028,MED003,2.14,1,1.14
2026-02-22,ST028,MED004,6.57,8,1.43
2026-02-22,ST028,MED005,8.43,11,2.57
2026-02-22,ST028,MED006,9.07,8,1.07
2026-02-22,ST028,MED007,2.14,4,1.86
2026-02-22,ST028,MED008,2.43,2,0.43
2026-02-22,ST028,MED009,7.93,10,2.07
2026-02-22,ST028,MED010,3.86,7,3.14
2026-02-22,ST028,MED011,8.07,9,0.93
2026-02-22,ST028,MED012,7.36,6,1.36
2026-02-22,ST028,MED013,5.79,3,2.79
2026-02-22,ST028,MED014,4.79,5,0.21
2026-02-22,ST028,MED015,9.36,11,1.64
2026-02-22,ST028,MED016,5.0,8,3.0
2026-02-22,ST028,MED017,9.14,7,2.14
2026-02-22,ST028,MED018,5.0,6,1.0
2026-02-22,ST028,MED019,1.36,2,0.64
2026-02-22,ST028,MED020,5.36,5,0.36
2026-02-22,ST028,MED021,7.29,11,3.71
2026-02-22,ST028,MED022,5.07,5,0.07
2026-02-22,ST028,MED023,8.0,7,1.0
2026-02-22,ST028,MED024,8.21,11,2.79
2026-02-22,ST028,MED025,5.07,8,2.93
2026-02-22,ST028,MED026,9.0,8,1.0
2026-02-22,ST028,MED027,9.14,12,2.86
2026-02-22,ST028,MED028,6.14,4,2.14
2026-02-22,ST028,MED029,7.14,9,1.86
2026-02-22,ST028,MED030,4.57,6,1.43
2026-02-22,ST029,MED001,9.5,9,0.5
2026-02-22,ST029,MED002,10.14,8,2.14
2026-02-22,ST029,MED003,2.43,5,2.57
2026-02-22,ST029,MED004,7.57,6,1.57
2026-02-22,ST029,MED005,9.57,14,4.43
2026-02-22,ST029,MED006,8.79,7,1.79
2026-02-22,ST029,MED007,2.79,6,3.21
2026-02-22,ST029,MED008,2.64,3,0.36
2026-02-22,ST029,MED009,8.14,10,1.86
2026-02-22,ST029,MED010,2.86,7,4.14
2026-02-22,ST029,MED011,9.5,12,2.5
2026-02-22,ST029,MED012,7.29,4,3.29
2026-02-22,ST029,MED013,6.5,7,0.5
2026-02-22,ST029,MED014,3.86,8,4.14
2026-02-22,ST029,MED015,11.07,13,1.93
2026-02-22,ST029,MED016,4.93,5,0.07
2026-02-22,ST029,MED017,8.93,10,1.07
2026-02-22,ST029,MED018,4.86,7,2.14
2026-02-22,ST029,MED019,3.5,1,2.5
2026-02-22,ST029,MED020,5.64,4,1.64
2026-02-22,ST029,MED021,9.43,10,0.57
2026-02-22,ST029,MED022,6.29,8,1.71
2026-02-22,ST029,MED023,8.64,10,1.36
2026-02-22,ST029,MED024,11.14,12,0.86
2026-02-22,ST029,MED025,4.21,6,1.79
2026-02-22,ST029,MED026,9.36,7,2.36
2026-02-22,ST029,MED027,10.93,13,2.07
2026-02-22,ST029,MED028,5.57,6,0.43
2026-02-22,ST029,MED029,8.86,7,1.86
2026-02-22,ST029,MED030,4.64,3,1.64
2026-02-22,ST030,MED001,10.64,11,0.36
2026-02-22,ST030,MED002,10.93,9,1.93
2026-02-22,ST030,MED003,2.71,3,0.29
2026-02-22,ST030,MED004,8.57,9,0.43
2026-02-22,ST030,MED005,10.29,11,0.71
2026-02-22,ST030,MED006,9.5,10,0.5
2026-02-22,ST030,MED007,2.93,5,2.07
2026-02-22,ST030,MED008,2.64,1,1.64
2026-02-22,ST030,MED009,8.93,12,3.07
2026-02-22,ST030,MED010,4.07,9,4.93
2026-02-22,ST030,MED011,11.43,11,0.43
2026-02-22,ST030,MED012,10.36,9,1.36
2026-02-22,ST030,MED013,6.5,6,0.5
2026-02-22,ST030,MED014,5.57,6,0.43
2026-02-22,ST030,MED015,11.14,10,1.14
2026-02-22,ST030,MED016,7.71,10,2.29
2026-02-22,ST030,MED017,10.29,7,3.29
2026-02-22,ST030,MED018,5.5,4,1.5
2026-02-22,ST030,MED019,3.43,0,3.43
2026-02-22,ST030,MED020,6.71,9,2.29
2026-02-22,ST030,MED021,9.71,10,0.29
2026-02-22,ST030,MED022,6.43,9,2.57
2026-02-22,ST030,MED023,10.07,13,2.93
2026-02-22,ST030,MED024,11.14,10,1.14
2026-02-22,ST030,MED025,5.07,5,0.07
2026-02-22,ST030,MED026,10.36,11,0.64
2026-02-22,ST030,MED027,11.07,11,0.07
2026-02-22,ST030,MED028,6.21,10,3.79
2026-02-22,ST030,MED029,7.43,11,3.57
2026-02-22,ST030,MED030,5.5,3,2.5
2026-02-22,ST031,MED001,10.64,14,3.36
2026-02-22,ST031,MED002,11.21,16,4.79
2026-02-22,ST031,MED003,3.43,2,1.43
2026-02-22,ST031,MED004,9.14,12,2.86
2026-02-22,ST031,MED005,11.29,14,2.71
2026-02-22,ST031,MED006,10.86,13,2.14
2026-02-22,ST031,MED007,4.86,2,2.86
2026-02-22,ST031,MED008,3.0,5,2.0
2026-02-22,ST031,MED009,11.5,12,0.5
2026-02-22,ST031,MED010,4.79,1,3.79
2026-02-22,ST031,MED011,10.0,10,0.0
2026-02-22,ST031,MED012,10.29,10,0.29
2026-02-22,ST031,MED013,7.57,13,5.43
2026-02-22,ST031,MED014,4.86,7,2.14
2026-02-22,ST031,MED015,13.21,15,1.79
2026-02-22,ST031,MED016,7.14,6,1.14
2026-02-22,ST031,MED017,11.29,14,2.71
2026-02-22,ST031,MED018,7.14,6,1.14
2026-02-22,ST031,MED019,3.71,7,3.29
2026-02-22,ST031,MED020,8.07,9,0.93
2026-02-22,ST031,MED021,10.0,11,1.0
2026-02-22,ST031,MED022,6.21,8,1.79
2026-02-22,ST031,MED023,11.86,16,4.14
2026-02-22,ST031,MED024,12.36,17,4.64
2026-02-22,ST031,MED025,5.79,7,1.21
2026-02-22,ST031,MED026,11.36,12,0.64
2026-02-22,ST031,MED027,11.93,10,1.93
2026-02-22,ST031,MED028,6.64,8,1.36
2026-02-22,ST031,MED029,9.14,11,1.86
2026-02-22,ST031,MED030,4.86,7,2.14
2026-02-22,ST032,MED001,11.86,12,0.14
2026-02-22,ST032,MED002,12.14,12,0.14
2026-02-22,ST032,MED003,4.07,2,2.07
2026-02-22,ST032,MED004,8.93,10,1.07
2026-02-22,ST032,MED005,11.07,12,0.93
2026-02-22,ST032,MED006,11.36,9,2.36
2026-02-22,ST032,MED007,3.43,5,1.57
2026-02-22,ST032,MED008,2.57,2,0.57
2026-02-22,ST032,MED009,12.36,10,2.36
2026-02-22,ST032,MED010,5.36,0,5.36
2026-02-22,ST032,MED011,13.07,16,2.93
2026-02-22,ST032,MED012,11.29,14,2.71
2026-02-22,ST032,MED013,8.5,7,1.5
2026-02-22,ST032,MED014,6.36,3,3.36
2026-02-22,ST032,MED015,14.0,17,3.0
2026-02-22,ST032,MED016,8.71,8,0.71
2026-02-22,ST032,MED017,11.79,19,7.21
2026-02-22,ST032,MED018,5.71,12,6.29
2026-02-22,ST032,MED019,3.36,0,3.36
2026-02-22,ST032,MED020,7.64,10,2.36
2026-02-22,ST032,MED021,11.5,9,2.5
2026-02-22,ST032,MED022,8.93,18,9.07
2026-02-22,ST032,MED023,11.07,14,2.93
2026-02-22,ST032,MED024,14.5,13,1.5
2026-02-22,ST032,MED025,7.57,8,0.43
2026-02-22,ST032,MED026,14.79,11,3.79
2026-02-22,ST032,MED027,12.57,16,3.43
2026-02-22,ST032,MED028,7.64,9,1.36
2026-02-22,ST032,MED029,10.71,10,0.71
2026-02-22,ST032,MED030,5.79,7,1.21
2026-02-22,ST033,MED001,13.57,16,2.43
2026-02-22,ST033,MED002,13.57,13,0.57
2026-02-22,ST033,MED003,3.29,7,3.71
2026-02-22,ST033,MED004,10.43,11,0.57
2026-02-22,ST033,MED005,12.93,19,6.07
2026-02-22,ST033,MED006,12.21,13,0.79
2026-02-22,ST033,MED007,3.93,4,0.07
2026-02-22,ST033,MED008,4.0,7,3.0
2026-02-22,ST033,MED009,12.93,13,0.07
2026-02-22,ST033,MED010,4.36,4,0.36
2026-02-22,ST033,MED011,12.93,15,2.07
2026-02-22,ST033,MED012,13.57,12,1.57
2026-02-22,ST033,MED013,8.93,9,0.07
2026-02-22,ST033,MED014,6.36,4,2.36
2026-02-22,ST033,MED015,14.93,13,1.93
2026-02-22,ST033,MED016,8.86,10,1.14
2026-02-22,ST033,MED017,13.71,17,3.29
2026-02-22,ST033,MED018,7.5,13,5.5
2026-02-22,ST033,MED019,3.64,7,3.36
2026-02-22,ST033,MED020,8.71,9,0.29
2026-02-22,ST033,MED021,13.0,15,2.0
2026-02-22,ST033,MED022,8.64,8,0.64
2026-02-22,ST033,MED023,13.79,13,0.79
2026-02-22,ST033,MED024,15.29,14,1.29
2026-02-22,ST033,MED025,6.36,3,3.36
2026-02-22,ST033,MED026,13.36,13,0.36
2026-02-22,ST033,MED027,14.0,17,3.0
2026-02-22,ST033,MED028,8.14,10,1.86
2026-02-22,ST033,MED029,11.86,12,0.14
2026-02-22,ST033,MED030,5.57,5,0.57
2026-02-22,ST034,MED001,14.71,16,1.29
2026-02-22,ST034,MED002,14.86,18,3.14
2026-02-22,ST034,MED003,4.5,6,1.5
2026-02-22,ST034,MED004,11.14,9,2.14
2026-02-22,ST034,MED005,14.0,16,2.0
2026-02-22,ST034,MED006,14.36,24,9.64
2026-02-22,ST034,MED007,4.36,6,1.64
2026-02-22,ST034,MED008,3.64,4,0.36
2026-02-22,ST034,MED009,14.07,14,0.07
2026-02-22,ST034,MED010,5.21,3,2.21
2026-02-22,ST034,MED011,14.86,16,1.14
2026-02-22,ST034,MED012,13.64,15,1.36
2026-02-22,ST034,MED013,8.86,10,1.14
2026-02-22,ST034,MED014,7.36,6,1.36
2026-02-22,ST034,MED015,16.07,13,3.07
2026-02-22,ST034,MED016,7.93,11,3.07
2026-02-22,ST034,MED017,16.0,15,1.0
2026-02-22,ST034,MED018,8.0,7,1.0
2026-02-22,ST034,MED019,3.93,4,0.07
2026-02-22,ST034,MED020,8.86,5,3.86
2026-02-22,ST034,MED021,12.93,20,7.07
2026-02-22,ST034,MED022,8.86,6,2.86
2026-02-22,ST034,MED023,16.71,17,0.29
2026-02-22,ST034,MED024,15.14,32,16.86
2026-02-22,ST034,MED025,9.5,8,1.5
2026-02-22,ST034,MED026,14.5,15,0.5
2026-02-22,ST034,MED027,16.0,18,2.0
2026-02-22,ST034,MED028,9.0,8,1.0
2026-02-22,ST034,MED029,11.71,11,0.71
2026-02-22,ST034,MED030,7.0,9,2.0
2026-02-22,ST035,MED001,10.14,9,1.14
2026-02-22,ST035,MED002,8.14,11,2.86
2026-02-22,ST035,MED003,2.36,2,0.36
2026-02-22,ST035,MED004,6.5,4,2.5
2026-02-22,ST035,MED005,8.5,9,0.5
2026-02-22,ST035,MED006,8.64,8,0.64
2026-02-22,ST035,MED007,2.43,3,0.57
2026-02-22,ST035,MED008,1.71,7,5.29
2026-02-22,ST035,MED009,8.0,11,3.0
2026-02-22,ST035,MED010,2.86,1,1.86
2026-02-22,ST035,MED011,8.86,13,4.14
2026-02-22,ST035,MED012,8.64,8,0.64
2026-02-22,ST035,MED013,5.0,3,2.0
2026-02-22,ST035,MED014,4.29,4,0.29
2026-02-22,ST035,MED015,9.29,8,1.29
2026-02-22,ST035,MED016,6.14,7,0.86
2026-02-22,ST035,MED017,8.64,9,0.36
2026-02-22,ST035,MED018,3.0,3,0.0
2026-02-22,ST035,MED019,2.21,1,1.21
2026-02-22,ST035,MED020,7.29,4,3.29
2026-02-22,ST035,MED021,8.36,8,0.36
2026-02-22,ST035,MED022,5.21,4,1.21
2026-02-22,ST035,MED023,9.57,8,1.57
2026-02-22,ST035,MED024,10.0,10,0.0
2026-02-22,ST035,MED025,4.14,5,0.86
2026-02-22,ST035,MED026,8.5,8,0.5
2026-02-22,ST035,MED027,8.5,8,0.5
2026-02-22,ST035,MED028,4.0,7,3.0
2026-02-22,ST035,MED029,7.07,9,1.93
2026-02-22,ST035,MED030,3.29,1,2.29
2026-02-22,ST036,MED001,11.14,10,1.14
2026-02-22,ST036,MED002,9.79,10,0.21
2026-02-22,ST036,MED003,2.14,3,0.86
2026-02-22,ST036,MED004,8.14,7,1.14
2026-02-22,ST036,MED005,8.93,8,0.93
2026-02-22,ST036,MED006,8.79,9,0.21
2026-02-22,ST036,MED007,2.71,3,0.29
2026-02-22,ST036,MED008,2.71,2,0.71
2026-02-22,ST036,MED009,8.43,10,1.57
2026-02-22,ST036,MED010,4.0,5,1.0
2026-02-22,ST036,MED011,9.43,11,1.57
2026-02-22,ST036,MED012,8.5,5,3.5
2026-02-22,ST036,MED013,5.36,6,0.64
2026-02-22,ST036,MED014,5.57,11,5.43
2026-02-22,ST036,MED015,10.36,14,3.64
2026-02-22,ST036,MED016,6.29,7,0.71
2026-02-22,ST036,MED017,10.64,10,0.64
2026-02-22,ST036,MED018,5.79,5,0.79
2026-02-22,ST036,MED019,3.0,0,3.0
2026-02-22,ST036,MED020,6.36,9,2.64
2026-02-22,ST036,MED021,9.21,10,0.79
2026-02-22,ST036,MED022,6.0,4,2.0
2026-02-22,ST036,MED023,9.64,15,5.36
2026-02-22,ST036,MED024,10.64,11,0.36
2026-02-22,ST036,MED025,4.86,7,2.14
2026-02-22,ST036,MED026,8.93,12,3.07
2026-02-22,ST036,MED027,10.14,13,2.86
2026-02-22,ST036,MED028,5.36,1,4.36
2026-02-22,ST036,MED029,7.07,6,1.07
2026-02-22,ST036,MED030,5.14,7,1.86
2026-02-22,ST037,MED001,11.0,11,0.0
2026-02-22,ST037,MED002,10.43,15,4.57
2026-02-22,ST037,MED003,3.43,5,1.57
2026-02-22,ST037,MED004,7.64,9,1.36
2026-02-22,ST037,MED005,11.07,10,1.07
2026-02-22,ST037,MED006,10.07,7,3.07
2026-02-22,ST037,MED007,3.0,3,0.0
2026-02-22,ST037,MED008,2.86,0,2.86
2026-02-22,ST037,MED009,10.43,9,1.43
2026-02-22,ST037,MED010,3.64,8,4.36
2026-02-22,ST037,MED011,11.07,14,2.93
2026-02-22,ST037,MED012,10.0,10,0.0
2026-02-22,ST037,MED013,6.21,7,0.79
2026-02-22,ST037,MED014,5.14,3,2.14
2026-02-22,ST037,MED015,11.43,13,1.57
2026-02-22,ST037,MED016,7.0,6,1.0
2026-02-22,ST037,MED017,10.29,12,1.71
2026-02-22,ST037,MED018,6.14,4,2.14
2026-02-22,ST037,MED019,4.0,4,0.0
2026-02-22,ST037,MED020,7.07,6,1.07
2026-02-22,ST037,MED021,10.0,9,1.0
2026-02-22,ST037,MED022,6.5,6,0.5
2026-02-22,ST037,MED023,10.5,10,0.5
2026-02-22,ST037,MED024,12.14,15,2.86
2026-02-22,ST037,MED025,6.07,9,2.93
2026-02-22,ST037,MED026,11.0,8,3.0
2026-02-22,ST037,MED027,13.07,12,1.07
2026-02-22,ST037,MED028,5.86,4,1.86
2026-02-22,ST037,MED029,8.71,11,2.29
2026-02-22,ST037,MED030,4.79,9,4.21
2026-02-22,ST038,MED001,11.86,9,2.86
2026-02-22,ST038,MED002,10.86,9,1.86
2026-02-22,ST038,MED003,3.29,6,2.71
2026-02-22,ST038,MED004,8.93,9,0.07
2026-02-22,ST038,MED005,13.14,10,3.14
2026-02-22,ST038,MED006,11.07,11,0.07
2026-02-22,ST038,MED007,3.43,1,2.43
2026-02-22,ST038,MED008,3.0,5,2.0
2026-02-22,ST038,MED009,11.5,10,1.5
2026-02-22,ST038,MED010,4.71,5,0.29
2026-02-22,ST038,MED011,11.64,10,1.64
2026-02-22,ST038,MED012,11.29,8,3.29
2026-02-22,ST038,MED013,7.14,11,3.86
2026-02-22,ST038,MED014,5.43,6,0.57
2026-02-22,ST038,MED015,13.86,14,0.14
2026-02-22,ST038,MED016,6.71,11,4.29
2026-02-22,ST038,MED017,11.0,18,7.0
2026-02-22,ST038,MED018,6.64,8,1.36
2026-02-22,ST038,MED019,3.29,2,1.29
2026-02-22,ST038,MED020,7.36,6,1.36
2026-02-22,ST038,MED021,10.0,12,2.0
2026-02-22,ST038,MED022,7.5,7,0.5
2026-02-22,ST038,MED023,11.64,16,4.36
2026-02-22,ST038,MED024,12.43,15,2.57
2026-02-22,ST038,MED025,7.64,10,2.36
2026-02-22,ST038,MED026,11.79,9,2.79
2026-02-22,ST038,MED027,12.79,16,3.21
2026-02-22,ST038,MED028,5.21,8,2.79
2026-02-22,ST038,MED029,10.0,10,0.0
2026-02-22,ST038,MED030,4.64,6,1.36
2026-02-22,ST039,MED001,13.14,11,2.14
2026-02-22,ST039,MED002,12.57,13,0.43
2026-02-22,ST039,MED003,4.0,6,2.0
2026-02-22,ST039,MED004,10.21,12,1.79
2026-02-22,ST039,MED005,12.64,10,2.64
2026-02-22,ST039,MED006,13.07,12,1.07
2026-02-22,ST039,MED007,4.36,2,2.36
2026-02-22,ST039,MED008,4.07,7,2.93
2026-02-22,ST039,MED009,11.71,16,4.29
2026-02-22,ST039,MED010,5.36,5,0.36
2026-02-22,ST039,MED011,12.29,13,0.71
2026-02-22,ST039,MED012,12.0,14,2.0
2026-02-22,ST039,MED013,8.36,6,2.36
2026-02-22,ST039,MED014,6.93,6,0.93
2026-02-22,ST039,MED015,13.79,14,0.21
2026-02-22,ST039,MED016,8.0,11,3.0
2026-02-22,ST039,MED017,12.86,12,0.86
2026-02-22,ST039,MED018,7.57,12,4.43
2026-02-22,ST039,MED019,3.36,2,1.36
2026-02-22,ST039,MED020,7.79,12,4.21
2026-02-22,ST039,MED021,11.79,13,1.21
2026-02-22,ST039,MED022,7.21,8,0.79
2026-02-22,ST039,MED023,12.57,10,2.57
2026-02-22,ST039,MED024,14.07,12,2.07
2026-02-22,ST039,MED025,7.14,5,2.14
2026-02-22,ST039,MED026,12.36,14,1.64
2026-02-22,ST039,MED027,14.64,10,4.64
2026-02-22,ST039,MED028,6.64,6,0.64
2026-02-22,ST039,MED029,10.29,12,1.71
2026-02-22,ST039,MED030,5.93,5,0.93
2026-02-22,ST040,MED001,13.71,16,2.29
2026-02-22,ST040,MED002,13.0,14,1.0
2026-02-22,ST040,MED003,3.43,6,2.57
2026-02-22,ST040,MED004,10.29,10,0.29
2026-02-22,ST040,MED005,14.29,12,2.29
2026-02-22,ST040,MED006,12.0,11,1.0
2026-02-22,ST040,MED007,3.86,5,1.14
2026-02-22,ST040,MED008,3.36,3,0.36
2026-02-22,ST040,MED009,12.93,13,0.07
2026-02-22,ST040,MED010,5.29,9,3.71
2026-02-22,ST040,MED011,13.36,16,2.64
2026-02-22,ST040,MED012,12.57,12,0.57
2026-02-22,ST040,MED013,8.64,10,1.36
2026-02-22,ST040,MED014,7.93,10,2.07
2026-02-22,ST040,MED015,16.71,18,1.29
2026-02-22,ST040,MED016,8.57,10,1.43
2026-02-22,ST040,MED017,13.0,15,2.0
2026-02-22,ST040,MED018,7.07,8,0.93
2026-02-22,ST040,MED019,3.79,7,3.21
2026-02-22,ST040,MED020,8.14,11,2.86
2026-02-22,ST040,MED021,12.21,14,1.79
2026-02-22,ST040,MED022,7.36,9,1.64
2026-02-22,ST040,MED023,13.36,17,3.64
2026-02-22,ST040,MED024,15.64,17,1.36
2026-02-22,ST040,MED025,7.93,8,0.07
2026-02-22,ST040,MED026,13.21,15,1.79
2026-02-22,ST040,MED027,15.0,19,4.0
2026-02-22,ST040,MED028,7.36,7,0.36
2026-02-22,ST040,MED029,11.57,10,1.57
2026-02-22,ST040,MED030,6.29,5,1.29
2026-02-23,ST001,MED001,9.57,10,0.43
2026-02-23,ST001,MED002,8.86,8,0.86
2026-02-23,ST001,MED003,2.71,0,2.71
2026-02-23,ST001,MED004,6.86,4,2.86
2026-02-23,ST001,MED005,9.71,7,2.71
2026-02-23,ST001,MED006,8.79,5,3.79
2026-02-23,ST001,MED007,1.71,3,1.29
2026-02-23,ST001,MED008,2.5,5,2.5
2026-02-23,ST001,MED009,8.21,7,1.21
2026-02-23,ST001,MED010,3.57,3,0.57
2026-02-23,ST001,MED011,9.79,8,1.79
2026-02-23,ST001,MED012,8.93,5,3.93
2026-02-23,ST001,MED013,6.57,4,2.57
2026-02-23,ST001,MED014,4.57,3,1.57
2026-02-23,ST001,MED015,9.93,12,2.07
2026-02-23,ST001,MED016,6.64,7,0.36
2026-02-23,ST001,MED017,8.86,8,0.86
2026-02-23,ST001,MED018,5.71,6,0.29
2026-02-23,ST001,MED019,3.86,2,1.86
2026-02-23,ST001,MED020,6.43,2,4.43
2026-02-23,ST001,MED021,8.93,12,3.07
2026-02-23,ST001,MED022,6.0,7,1.0
2026-02-23,ST001,MED023,9.07,10,0.93
2026-02-23,ST001,MED024,10.21,12,1.79
2026-02-23,ST001,MED025,5.0,7,2.0
2026-02-23,ST001,MED026,10.29,10,0.29
2026-02-23,ST001,MED027,10.5,11,0.5
2026-02-23,ST001,MED028,5.43,4,1.43
2026-02-23,ST001,MED029,8.14,6,2.14
2026-02-23,ST001,MED030,4.14,3,1.14
2026-02-23,ST002,MED001,10.5,9,1.5
2026-02-23,ST002,MED002,9.43,12,2.57
2026-02-23,ST002,MED003,3.36,3,0.36
2026-02-23,ST002,MED004,8.29,11,2.71
2026-02-23,ST002,MED005,11.36,8,3.36
2026-02-23,ST002,MED006,9.86,8,1.86
2026-02-23,ST002,MED007,3.07,3,0.07
2026-02-23,ST002,MED008,3.36,0,3.36
2026-02-23,ST002,MED009,10.07,9,1.07
2026-02-23,ST002,MED010,3.71,7,3.29
2026-02-23,ST002,MED011,10.93,12,1.07
2026-02-23,ST002,MED012,9.71,8,1.71
2026-02-23,ST002,MED013,7.0,6,1.0
2026-02-23,ST002,MED014,5.5,2,3.5
2026-02-23,ST002,MED015,11.07,8,3.07
2026-02-23,ST002,MED016,8.0,8,0.0
2026-02-23,ST002,MED017,11.21,10,1.21
2026-02-23,ST002,MED018,5.07,2,3.07
2026-02-23,ST002,MED019,2.71,8,5.29
2026-02-23,ST002,MED020,6.21,8,1.79
2026-02-23,ST002,MED021,10.36,7,3.36
2026-02-23,ST002,MED022,7.57,7,0.57
2026-02-23,ST002,MED023,10.93,11,0.07
2026-02-23,ST002,MED024,12.0,10,2.0
2026-02-23,ST002,MED025,5.93,6,0.07
2026-02-23,ST002,MED026,11.07,7,4.07
2026-02-23,ST002,MED027,11.79,8,3.79
2026-02-23,ST002,MED028,6.29,6,0.29
2026-02-23,ST002,MED029,8.64,5,3.64
2026-02-23,ST002,MED030,4.86,4,0.86
2026-02-23,ST003,MED001,11.71,9,2.71
2026-02-23,ST003,MED002,11.86,12,0.14
2026-02-23,ST003,MED003,2.36,2,0.36
2026-02-23,ST003,MED004,8.29,7,1.29
2026-02-23,ST003,MED005,12.5,10,2.5
2026-02-23,ST003,MED006,10.79,12,1.21
2026-02-23,ST003,MED007,3.36,4,0.64
2026-02-23,ST003,MED008,3.07,2,1.07
2026-02-23,ST003,MED009,10.86,8,2.86
2026-02-23,ST003,MED010,4.5,4,0.5
2026-02-23,ST003,MED011,11.93,13,1.07
2026-02-23,ST003,MED012,9.86,9,0.86
2026-02-23,ST003,MED013,7.71,5,2.71
2026-02-23,ST003,MED014,4.71,4,0.71
2026-02-23,ST003,MED015,13.43,10,3.43
2026-02-23,ST003,MED016,7.29,6,1.29
2026-02-23,ST003,MED017,10.93,14,3.07
2026-02-23,ST003,MED018,5.71,7,1.29
2026-02-23,ST003,MED019,3.43,2,1.43
2026-02-23,ST003,MED020,6.71,5,1.71
2026-02-23,ST003,MED021,9.71,5,4.71
2026-02-23,ST003,MED022,7.29,6,1.29
2026-02-23,ST003,MED023,11.21,8,3.21
2026-02-23,ST003,MED024,13.5,11,2.5
2026-02-23,ST003,MED025,6.71,5,1.71
2026-02-23,ST003,MED026,12.07,12,0.07
2026-02-23,ST003,MED027,12.57,11,1.57
2026-02-23,ST003,MED028,5.64,5,0.64
2026-02-23,ST003,MED029,9.36,9,0.36
2026-02-23,ST003,MED030,5.14,0,5.14
2026-02-23,ST004,MED001,12.14,13,0.86
2026-02-23,ST004,MED002,11.64,14,2.36
2026-02-23,ST004,MED003,2.5,2,0.5
2026-02-23,ST004,MED004,9.14,6,3.14
2026-02-23,ST004,MED005,12.79,14,1.21
2026-02-23,ST004,MED006,10.5,12,1.5
2026-02-23,ST004,MED007,3.79,2,1.79
2026-02-23,ST004,MED008,4.43,4,0.43
2026-02-23,ST004,MED009,13.86,12,1.86
2026-02-23,ST004,MED010,3.79,0,3.79
2026-02-23,ST004,MED011,12.07,12,0.07
2026-02-23,ST004,MED012,11.07,6,5.07
2026-02-23,ST004,MED013,7.86,9,1.14
2026-02-23,ST004,MED014,5.64,3,2.64
2026-02-23,ST004,MED015,15.07,11,4.07
2026-02-23,ST004,MED016,7.79,7,0.79
2026-02-23,ST004,MED017,12.0,8,4.0
2026-02-23,ST004,MED018,7.43,9,1.57
2026-02-23,ST004,MED019,3.57,9,5.43
2026-02-23,ST004,MED020,7.93,8,0.07
2026-02-23,ST004,MED021,11.57,9,2.57
2026-02-23,ST004,MED022,9.0,9,0.0
2026-02-23,ST004,MED023,12.71,12,0.71
2026-02-23,ST004,MED024,14.29,14,0.29
2026-02-23,ST004,MED025,6.43,6,0.43
2026-02-23,ST004,MED026,13.0,12,1.0
2026-02-23,ST004,MED027,14.36,11,3.36
2026-02-23,ST004,MED028,8.0,6,2.0
2026-02-23,ST004,MED029,10.71,10,0.71
2026-02-23,ST004,MED030,5.93,5,0.93
2026-02-23,ST005,MED001,13.43,14,0.57
2026-02-23,ST005,MED002,14.43,11,3.43
2026-02-23,ST005,MED003,3.0,4,1.0
2026-02-23,ST005,MED004,10.21,12,1.79
2026-02-23,ST005,MED005,13.93,12,1.93
2026-02-23,ST005,MED006,12.07,13,0.93
2026-02-23,ST005,MED007,3.57,7,3.43
2026-02-23,ST005,MED008,4.07,1,3.07
2026-02-23,ST005,MED009,13.0,11,2.0
2026-02-23,ST005,MED010,5.5,6,0.5
2026-02-23,ST005,MED011,13.71,10,3.71
2026-02-23,ST005,MED012,11.64,11,0.64
2026-02-23,ST005,MED013,9.07,10,0.93
2026-02-23,ST005,MED014,6.21,5,1.21
2026-02-23,ST005,MED015,16.5,15,1.5
2026-02-23,ST005,MED016,8.43,9,0.57
2026-02-23,ST005,MED017,13.57,11,2.57
2026-02-23,ST005,MED018,6.64,13,6.36
2026-02-23,ST005,MED019,3.86,2,1.86
2026-02-23,ST005,MED020,8.79,8,0.79
2026-02-23,ST005,MED021,12.71,6,6.71
2026-02-23,ST005,MED022,9.29,11,1.71
2026-02-23,ST005,MED023,13.5,16,2.5
2026-02-23,ST005,MED024,15.07,11,4.07
2026-02-23,ST005,MED025,7.29,11,3.71
2026-02-23,ST005,MED026,14.14,13,1.14
2026-02-23,ST005,MED027,14.29,13,1.29
2026-02-23,ST005,MED028,7.71,10,2.29
2026-02-23,ST005,MED029,10.86,12,1.14
2026-02-23,ST005,MED030,5.93,8,2.07
2026-02-23,ST006,MED001,14.29,11,3.29
2026-02-23,ST006,MED002,15.71,15,0.71
2026-02-23,ST006,MED003,4.14,5,0.86
2026-02-23,ST006,MED004,10.29,10,0.29
2026-02-23,ST006,MED005,13.93,16,2.07
2026-02-23,ST006,MED006,13.57,17,3.43
2026-02-23,ST006,MED007,4.93,3,1.93
2026-02-23,ST006,MED008,4.21,4,0.21
2026-02-23,ST006,MED009,14.21,11,3.21
2026-02-23,ST006,MED010,5.29,6,0.71
2026-02-23,ST006,MED011,15.64,12,3.64
2026-02-23,ST006,MED012,13.21,16,2.79
2026-02-23,ST006,MED013,10.64,8,2.64
2026-02-23,ST006,MED014,7.0,8,1.0
2026-02-23,ST006,MED015,18.07,16,2.07
2026-02-23,ST006,MED016,9.29,11,1.71
2026-02-23,ST006,MED017,13.79,13,0.79
2026-02-23,ST006,MED018,7.71,10,2.29
2026-02-23,ST006,MED019,2.86,7,4.14
2026-02-23,ST006,MED020,8.71,16,7.29
2026-02-23,ST006,MED021,13.07,14,0.93
2026-02-23,ST006,MED022,10.07,12,1.93
2026-02-23,ST006,MED023,14.07,15,0.93
2026-02-23,ST006,MED024,15.43,13,2.43
2026-02-23,ST006,MED025,8.43,7,1.43
2026-02-23,ST006,MED026,16.14,17,0.86
2026-02-23,ST006,MED027,15.43,13,2.43
2026-02-23,ST006,MED028,8.43,10,1.57
2026-02-23,ST006,MED029,12.07,15,2.93
2026-02-23,ST006,MED030,6.57,5,1.57
2026-02-23,ST007,MED001,8.14,6,2.14
2026-02-23,ST007,MED002,7.93,8,0.07
2026-02-23,ST007,MED003,2.29,1,1.29
2026-02-23,ST007,MED004,5.86,7,1.14
2026-02-23,ST007,MED005,7.43,14,6.57
2026-02-23,ST007,MED006,7.07,8,0.93
2026-02-23,ST007,MED007,3.07,3,0.07
2026-02-23,ST007,MED008,2.0,4,2.0
2026-02-23,ST007,MED009,8.57,8,0.57
2026-02-23,ST007,MED010,3.29,6,2.71
2026-02-23,ST007,MED011,8.86,9,0.14
2026-02-23,ST007,MED012,7.79,9,1.21
2026-02-23,ST007,MED013,5.79,6,0.21
2026-02-23,ST007,MED014,5.07,3,2.07
2026-02-23,ST007,MED015,9.07,10,0.93
2026-02-23,ST007,MED016,5.79,4,1.79
2026-02-23,ST007,MED017,8.71,12,3.29
2026-02-23,ST007,MED018,5.5,3,2.5
2026-02-23,ST007,MED019,2.71,0,2.71
2026-02-23,ST007,MED020,4.36,5,0.64
2026-02-23,ST007,MED021,8.43,8,0.43
2026-02-23,ST007,MED022,6.21,4,2.21
2026-02-23,ST007,MED023,8.29,6,2.29
2026-02-23,ST007,MED024,10.07,9,1.07
2026-02-23,ST007,MED025,4.64,3,1.64
2026-02-23,ST007,MED026,8.57,9,0.43
2026-02-23,ST007,MED027,8.21,7,1.21
2026-02-23,ST007,MED028,4.93,7,2.07
2026-02-23,ST007,MED029,6.86,7,0.14
2026-02-23,ST007,MED030,4.07,4,0.07
2026-02-23,ST008,MED001,9.64,10,0.36
2026-02-23,ST008,MED002,10.86,10,0.86
2026-02-23,ST008,MED003,2.21,5,2.79
2026-02-23,ST008,MED004,6.93,7,0.07
2026-02-23,ST008,MED005,9.29,8,1.29
2026-02-23,ST008,MED006,8.36,10,1.64
2026-02-23,ST008,MED007,3.21,5,1.79
2026-02-23,ST008,MED008,3.86,0,3.86
2026-02-23,ST008,MED009,9.0,4,5.0
2026-02-23,ST008,MED010,4.0,7,3.0
2026-02-23,ST008,MED011,9.93,13,3.07
2026-02-23,ST008,MED012,9.14,9,0.14
2026-02-23,ST008,MED013,6.64,4,2.64
2026-02-23,ST008,MED014,5.64,4,1.64
2026-02-23,ST008,MED015,10.64,11,0.36
2026-02-23,ST008,MED016,6.86,6,0.86
2026-02-23,ST008,MED017,11.36,8,3.36
2026-02-23,ST008,MED018,4.29,4,0.29
2026-02-23,ST008,MED019,3.07,3,0.07
2026-02-23,ST008,MED020,7.43,8,0.57
2026-02-23,ST008,MED021,8.57,8,0.57
2026-02-23,ST008,MED022,4.21,6,1.79
2026-02-23,ST008,MED023,11.29,7,4.29
2026-02-23,ST008,MED024,10.36,10,0.36
2026-02-23,ST008,MED025,4.36,4,0.36
2026-02-23,ST008,MED026,11.21,10,1.21
2026-02-23,ST008,MED027,9.79,11,1.21
2026-02-23,ST008,MED028,4.79,7,2.21
2026-02-23,ST008,MED029,7.71,9,1.29
2026-02-23,ST008,MED030,3.36,5,1.64
2026-02-23,ST009,MED001,10.93,13,2.07
2026-02-23,ST009,MED002,10.79,6,4.79
2026-02-23,ST009,MED003,2.64,2,0.64
2026-02-23,ST009,MED004,7.5,8,0.5
2026-02-23,ST009,MED005,11.79,8,3.79
2026-02-23,ST009,MED006,9.79,10,0.21
2026-02-23,ST009,MED007,2.86,3,0.14
2026-02-23,ST009,MED008,2.79,0,2.79
2026-02-23,ST009,MED009,8.64,17,8.36
2026-02-23,ST009,MED010,3.07,4,0.93
2026-02-23,ST009,MED011,11.43,14,2.57
2026-02-23,ST009,MED012,9.29,9,0.29
2026-02-23,ST009,MED013,7.36,3,4.36
2026-02-23,ST009,MED014,4.64,4,0.64
2026-02-23,ST009,MED015,12.14,10,2.14
2026-02-23,ST009,MED016,7.71,7,0.71
2026-02-23,ST009,MED017,11.07,12,0.93
2026-02-23,ST009,MED018,6.21,5,1.21
2026-02-23,ST009,MED019,2.64,4,1.36
2026-02-23,ST009,MED020,7.07,8,0.93
2026-02-23,ST009,MED021,9.29,9,0.29
2026-02-23,ST009,MED022,6.71,8,1.29
2026-02-23,ST009,MED023,11.14,12,0.86
2026-02-23,ST009,MED024,11.57,10,1.57
2026-02-23,ST009,MED025,6.29,7,0.71
2026-02-23,ST009,MED026,11.21,10,1.21
2026-02-23,ST009,MED027,11.93,10,1.93
2026-02-23,ST009,MED028,6.07,8,1.93
2026-02-23,ST009,MED029,8.79,9,0.21
2026-02-23,ST009,MED030,5.29,8,2.71
2026-02-23,ST010,MED001,11.64,12,0.36
2026-02-23,ST010,MED002,11.14,13,1.86
2026-02-23,ST010,MED003,3.86,6,2.14
2026-02-23,ST010,MED004,7.57,7,0.57
2026-02-23,ST010,MED005,10.71,11,0.29
2026-02-23,ST010,MED006,10.86,9,1.86
2026-02-23,ST010,MED007,4.93,7,2.07
2026-02-23,ST010,MED008,2.21,3,0.79
2026-02-23,ST010,MED009,9.86,14,4.14
2026-02-23,ST010,MED010,3.71,9,5.29
2026-02-23,ST010,MED011,12.14,12,0.14
2026-02-23,ST010,MED012,11.21,10,1.21
2026-02-23,ST010,MED013,7.79,4,3.79
2026-02-23,ST010,MED014,4.93,7,2.07
2026-02-23,ST010,MED015,14.29,10,4.29
2026-02-23,ST010,MED016,6.36,11,4.64
2026-02-23,ST010,MED017,10.93,7,3.93
2026-02-23,ST010,MED018,6.5,9,2.5
2026-02-23,ST010,MED019,2.57,0,2.57
2026-02-23,ST010,MED020,8.79,9,0.21
2026-02-23,ST010,MED021,10.64,11,0.36
2026-02-23,ST010,MED022,8.43,5,3.43
2026-02-23,ST010,MED023,10.93,14,3.07
2026-02-23,ST010,MED024,12.14,13,0.86
2026-02-23,ST010,MED025,5.64,5,0.64
2026-02-23,ST010,MED026,12.14,12,0.14
2026-02-23,ST010,MED027,12.21,14,1.79
2026-02-23,ST010,MED028,5.36,4,1.36
2026-02-23,ST010,MED029,9.86,10,0.14
2026-02-23,ST010,MED030,5.93,5,0.93
2026-02-23,ST011,MED001,12.29,17,4.71
2026-02-23,ST011,MED002,14.14,10,4.14
2026-02-23,ST011,MED003,4.36,4,0.36
2026-02-23,ST011,MED004,7.07,10,2.93
2026-02-23,ST011,MED005,13.29,12,1.29
2026-02-23,ST011,MED006,11.21,10,1.21
2026-02-23,ST011,MED007,2.5,0,2.5
2026-02-23,ST011,MED008,4.36,4,0.36
2026-02-23,ST011,MED009,12.14,10,2.14
2026-02-23,ST011,MED010,5.21,4,1.21
2026-02-23,ST011,MED011,12.93,13,0.07
2026-02-23,ST011,MED012,12.29,11,1.29
2026-02-23,ST011,MED013,7.57,8,0.43
2026-02-23,ST011,MED014,5.43,5,0.43
2026-02-23,ST011,MED015,13.79,13,0.79
2026-02-23,ST011,MED016,7.64,7,0.64
2026-02-23,ST011,MED017,13.14,11,2.14
2026-02-23,ST011,MED018,6.5,2,4.5
2026-02-23,ST011,MED019,5.07,3,2.07
2026-02-23,ST011,MED020,6.71,5,1.71
2026-02-23,ST011,MED021,11.0,13,2.0
2026-02-23,ST011,MED022,7.5,9,1.5
2026-02-23,ST011,MED023,12.5,14,1.5
2026-02-23,ST011,MED024,13.64,11,2.64
2026-02-23,ST011,MED025,6.29,8,1.71
2026-02-23,ST011,MED026,13.0,13,0.0
2026-02-23,ST011,MED027,13.43,16,2.57
2026-02-23,ST011,MED028,7.36,6,1.36
2026-02-23,ST011,MED029,11.07,10,1.07
2026-02-23,ST011,MED030,5.93,1,4.93
2026-02-23,ST012,MED001,12.93,13,0.07
2026-02-23,ST012,MED002,13.93,13,0.93
2026-02-23,ST012,MED003,3.07,4,0.93
2026-02-23,ST012,MED004,9.57,10,0.43
2026-02-23,ST012,MED005,14.57,9,5.57
2026-02-23,ST012,MED006,11.36,14,2.64
2026-02-23,ST012,MED007,3.43,5,1.57
2026-02-23,ST012,MED008,3.79,0,3.79
2026-02-23,ST012,MED009,13.43,13,0.43
2026-02-23,ST012,MED010,5.14,8,2.86
2026-02-23,ST012,MED011,14.0,15,1.0
2026-02-23,ST012,MED012,13.21,10,3.21
2026-02-23,ST012,MED013,8.57,5,3.57
2026-02-23,ST012,MED014,6.71,4,2.71
2026-02-23,ST012,MED015,14.86,16,1.14
2026-02-23,ST012,MED016,9.93,8,1.93
2026-02-23,ST012,MED017,15.07,13,2.07
2026-02-23,ST012,MED018,9.0,6,3.0
2026-02-23,ST012,MED019,4.21,2,2.21
2026-02-23,ST012,MED020,8.21,8,0.21
2026-02-23,ST012,MED021,12.43,11,1.43
2026-02-23,ST012,MED022,8.07,9,0.93
2026-02-23,ST012,MED023,13.43,15,1.57
2026-02-23,ST012,MED024,14.79,13,1.79
2026-02-23,ST012,MED025,7.36,6,1.36
2026-02-23,ST012,MED026,14.64,12,2.64
2026-02-23,ST012,MED027,13.86,11,2.86
2026-02-23,ST012,MED028,6.93,3,3.93
2026-02-23,ST012,MED029,12.29,9,3.29
2026-02-23,ST012,MED030,6.43,5,1.43
2026-02-23,ST013,MED001,15.64,12,3.64
2026-02-23,ST013,MED002,15.29,14,1.29
2026-02-23,ST013,MED003,4.14,4,0.14
2026-02-23,ST013,MED004,11.0,10,1.0
2026-02-23,ST013,MED005,15.93,17,1.07
2026-02-23,ST013,MED006,14.29,11,3.29
2026-02-23,ST013,MED007,4.0,3,1.0
2026-02-23,ST013,MED008,4.14,5,0.86
2026-02-23,ST013,MED009,12.93,11,1.93
2026-02-23,ST013,MED010,4.57,3,1.57
2026-02-23,ST013,MED011,14.93,12,2.93
2026-02-23,ST013,MED012,14.21,13,1.21
2026-02-23,ST013,MED013,10.43,7,3.43
2026-02-23,ST013,MED014,7.5,12,4.5
2026-02-23,ST013,MED015,16.57,17,0.43
2026-02-23,ST013,MED016,9.36,12,2.64
2026-02-23,ST013,MED017,14.79,12,2.79
2026-02-23,ST013,MED018,8.0,10,2.0
2026-02-23,ST013,MED019,3.64,2,1.64
2026-02-23,ST013,MED020,10.93,10,0.93
2026-02-23,ST013,MED021,13.86,13,0.86
2026-02-23,ST013,MED022,9.29,5,4.29
2026-02-23,ST013,MED023,15.14,10,5.14
2026-02-23,ST013,MED024,17.71,19,1.29
2026-02-23,ST013,MED025,9.5,10,0.5
2026-02-23,ST013,MED026,14.29,14,0.29
2026-02-23,ST013,MED027,17.14,17,0.14
2026-02-23,ST013,MED028,8.86,6,2.86
2026-02-23,ST013,MED029,12.07,10,2.07
2026-02-23,ST013,MED030,7.0,7,0.0
2026-02-23,ST014,MED001,8.5,5,3.5
2026-02-23,ST014,MED002,9.29,6,3.29
2026-02-23,ST014,MED003,1.79,4,2.21
2026-02-23,ST014,MED004,6.21,3,3.21
2026-02-23,ST014,MED005,9.29,10,0.71
2026-02-23,ST014,MED006,9.79,6,3.79
2026-02-23,ST014,MED007,2.0,6,4.0
2026-02-23,ST014,MED008,3.71,0,3.71
2026-02-23,ST014,MED009,7.64,4,3.64
2026-02-23,ST014,MED010,3.86,5,1.14
2026-02-23,ST014,MED011,9.93,6,3.93
2026-02-23,ST014,MED012,6.86,7,0.14
2026-02-23,ST014,MED013,5.07,5,0.07
2026-02-23,ST014,MED014,2.43,2,0.43
2026-02-23,ST014,MED015,9.07,9,0.07
2026-02-23,ST014,MED016,5.93,7,1.07
2026-02-23,ST014,MED017,8.71,10,1.29
2026-02-23,ST014,MED018,4.43,4,0.43
2026-02-23,ST014,MED019,3.43,4,0.57
2026-02-23,ST014,MED020,5.29,7,1.71
2026-02-23,ST014,MED021,8.14,7,1.14
2026-02-23,ST014,MED022,5.43,5,0.43
2026-02-23,ST014,MED023,8.5,9,0.5
2026-02-23,ST014,MED024,8.07,9,0.93
2026-02-23,ST014,MED025,4.86,7,2.14
2026-02-23,ST014,MED026,8.14,8,0.14
2026-02-23,ST014,MED027,9.93,11,1.07
2026-02-23,ST014,MED028,4.64,6,1.36
2026-02-23,ST014,MED029,8.14,6,2.14
2026-02-23,ST014,MED030,4.43,4,0.43
2026-02-23,ST015,MED001,9.93,10,0.07
2026-02-23,ST015,MED002,10.79,9,1.79
2026-02-23,ST015,MED003,3.14,3,0.14
2026-02-23,ST015,MED004,7.29,10,2.71
2026-02-23,ST015,MED005,8.36,6,2.36
2026-02-23,ST015,MED006,8.21,7,1.21
2026-02-23,ST015,MED007,2.21,7,4.79
2026-02-23,ST015,MED008,2.79,0,2.79
2026-02-23,ST015,MED009,8.29,7,1.29
2026-02-23,ST015,MED010,2.93,6,3.07
2026-02-23,ST015,MED011,10.0,5,5.0
2026-02-23,ST015,MED012,9.64,9,0.64
2026-02-23,ST015,MED013,5.29,2,3.29
2026-02-23,ST015,MED014,3.93,5,1.07
2026-02-23,ST015,MED015,11.86,8,3.86
2026-02-23,ST015,MED016,6.57,9,2.43
2026-02-23,ST015,MED017,9.0,14,5.0
2026-02-23,ST015,MED018,4.5,4,0.5
2026-02-23,ST015,MED019,2.29,4,1.71
2026-02-23,ST015,MED020,6.07,3,3.07
2026-02-23,ST015,MED021,8.86,13,4.14
2026-02-23,ST015,MED022,6.86,4,2.86
2026-02-23,ST015,MED023,9.86,9,0.86
2026-02-23,ST015,MED024,10.57,11,0.43
2026-02-23,ST015,MED025,5.29,9,3.71
2026-02-23,ST015,MED026,8.71,10,1.29
2026-02-23,ST015,MED027,10.86,9,1.86
2026-02-23,ST015,MED028,6.36,4,2.36
2026-02-23,ST015,MED029,7.79,8,0.21
2026-02-23,ST015,MED030,4.07,3,1.07
2026-02-23,ST016,MED001,10.86,8,2.86
2026-02-23,ST016,MED002,10.0,13,3.0
2026-02-23,ST016,MED003,3.79,0,3.79
2026-02-23,ST016,MED004,7.43,9,1.57
2026-02-23,ST016,MED005,10.43,9,1.43
2026-02-23,ST016,MED006,9.64,9,0.64
2026-02-23,ST016,MED007,2.43,3,0.57
2026-02-23,ST016,MED008,3.5,5,1.5
2026-02-23,ST016,MED009,9.71,7,2.71
2026-02-23,ST016,MED010,4.14,2,2.14
2026-02-23,ST016,MED011,10.71,6,4.71
2026-02-23,ST016,MED012,10.0,10,0.0
2026-02-23,ST016,MED013,7.0,1,6.0
2026-02-23,ST016,MED014,5.43,4,1.43
2026-02-23,ST016,MED015,13.07,14,0.93
2026-02-23,ST016,MED016,6.79,8,1.21
2026-02-23,ST016,MED017,9.79,13,3.21
2026-02-23,ST016,MED018,6.14,6,0.14
2026-02-23,ST016,MED019,3.36,0,3.36
2026-02-23,ST016,MED020,7.71,11,3.29
2026-02-23,ST016,MED021,10.07,6,4.07
2026-02-23,ST016,MED022,6.93,8,1.07
2026-02-23,ST016,MED023,10.93,11,0.07
2026-02-23,ST016,MED024,11.64,12,0.36
2026-02-23,ST016,MED025,6.36,4,2.36
2026-02-23,ST016,MED026,10.43,14,3.57
2026-02-23,ST016,MED027,11.86,9,2.86
2026-02-23,ST016,MED028,6.21,7,0.79
2026-02-23,ST016,MED029,8.29,9,0.71
2026-02-23,ST016,MED030,6.0,4,2.0
2026-02-23,ST017,MED001,11.93,10,1.93
2026-02-23,ST017,MED002,11.57,12,0.43
2026-02-23,ST017,MED003,3.0,2,1.0
2026-02-23,ST017,MED004,8.0,10,2.0
2026-02-23,ST017,MED005,11.71,12,0.29
2026-02-23,ST017,MED006,10.64,10,0.64
2026-02-23,ST017,MED007,2.43,0,2.43
2026-02-23,ST017,MED008,4.29,3,1.29
2026-02-23,ST017,MED009,11.36,18,6.64
2026-02-23,ST017,MED010,4.64,6,1.36
2026-02-23,ST017,MED011,12.14,8,4.14
2026-02-23,ST017,MED012,10.93,15,4.07
2026-02-23,ST017,MED013,6.86,8,1.14
2026-02-23,ST017,MED014,5.5,1,4.5
2026-02-23,ST017,MED015,13.71,12,1.71
2026-02-23,ST017,MED016,6.79,6,0.79
2026-02-23,ST017,MED017,11.14,9,2.14
2026-02-23,ST017,MED018,5.43,3,2.43
2026-02-23,ST017,MED019,2.36,1,1.36
2026-02-23,ST017,MED020,7.0,9,2.0
2026-02-23,ST017,MED021,12.14,11,1.14
2026-02-23,ST017,MED022,6.57,8,1.43
2026-02-23,ST017,MED023,11.36,12,0.64
2026-02-23,ST017,MED024,12.57,12,0.57
2026-02-23,ST017,MED025,6.29,6,0.29
2026-02-23,ST017,MED026,12.36,8,4.36
2026-02-23,ST017,MED027,13.0,14,1.0
2026-02-23,ST017,MED028,5.86,8,2.14
2026-02-23,ST017,MED029,8.43,6,2.43
2026-02-23,ST017,MED030,5.14,4,1.14
2026-02-23,ST018,MED001,12.79,12,0.79
2026-02-23,ST018,MED002,13.71,13,0.71
2026-02-23,ST018,MED003,3.5,0,3.5
2026-02-23,ST018,MED004,9.29,6,3.29
2026-02-23,ST018,MED005,13.43,14,0.57
2026-02-23,ST018,MED006,12.57,12,0.57
2026-02-23,ST018,MED007,4.07,2,2.07
2026-02-23,ST018,MED008,3.43,2,1.43
2026-02-23,ST018,MED009,12.29,9,3.29
2026-02-23,ST018,MED010,4.43,7,2.57
2026-02-23,ST018,MED011,14.0,11,3.0
2026-02-23,ST018,MED012,11.93,10,1.93
2026-02-23,ST018,MED013,7.93,9,1.07
2026-02-23,ST018,MED014,7.29,7,0.29
2026-02-23,ST018,MED015,14.5,13,1.5
2026-02-23,ST018,MED016,7.36,6,1.36
2026-02-23,ST018,MED017,11.21,13,1.79
2026-02-23,ST018,MED018,6.36,7,0.64
2026-02-23,ST018,MED019,4.36,5,0.64
2026-02-23,ST018,MED020,7.57,13,5.43
2026-02-23,ST018,MED021,11.43,12,0.57
2026-02-23,ST018,MED022,8.14,8,0.14
2026-02-23,ST018,MED023,13.36,17,3.64
2026-02-23,ST018,MED024,13.64,11,2.64
2026-02-23,ST018,MED025,6.29,7,0.71
2026-02-23,ST018,MED026,13.43,14,0.57
2026-02-23,ST018,MED027,12.86,18,5.14
2026-02-23,ST018,MED028,7.36,5,2.36
2026-02-23,ST018,MED029,9.79,11,1.21
2026-02-23,ST018,MED030,6.5,6,0.5
2026-02-23,ST019,MED001,12.79,25,12.21
2026-02-23,ST019,MED002,14.36,25,10.64
2026-02-23,ST019,MED003,5.0,1,4.0
2026-02-23,ST019,MED004,9.79,9,0.79
2026-02-23,ST019,MED005,14.86,14,0.86
2026-02-23,ST019,MED006,13.21,10,3.21
2026-02-23,ST019,MED007,3.79,2,1.79
2026-02-23,ST019,MED008,4.29,4,0.29
2026-02-23,ST019,MED009,12.79,13,0.21
2026-02-23,ST019,MED010,5.36,3,2.36
2026-02-23,ST019,MED011,14.79,14,0.79
2026-02-23,ST019,MED012,12.21,12,0.21
2026-02-23,ST019,MED013,8.43,7,1.43
2026-02-23,ST019,MED014,5.5,5,0.5
2026-02-23,ST019,MED015,14.71,13,1.71
2026-02-23,ST019,MED016,8.29,3,5.29
2026-02-23,ST019,MED017,13.93,12,1.93
2026-02-23,ST019,MED018,7.79,10,2.21
2026-02-23,ST019,MED019,3.93,1,2.93
2026-02-23,ST019,MED020,8.64,5,3.64
2026-02-23,ST019,MED021,11.14,15,3.86
2026-02-23,ST019,MED022,9.07,11,1.93
2026-02-23,ST019,MED023,13.5,13,0.5
2026-02-23,ST019,MED024,16.21,12,4.21
2026-02-23,ST019,MED025,7.43,7,0.43
2026-02-23,ST019,MED026,14.79,16,1.21
2026-02-23,ST019,MED027,14.29,18,3.71
2026-02-23,ST019,MED028,7.29,7,0.29
2026-02-23,ST019,MED029,10.93,11,0.07
2026-02-23,ST019,MED030,6.64,4,2.64
2026-02-23,ST020,MED001,14.93,11,3.93
2026-02-23,ST020,MED002,13.93,12,1.93
2026-02-23,ST020,MED003,3.71,2,1.71
2026-02-23,ST020,MED004,9.79,12,2.21
2026-02-23,ST020,MED005,14.29,17,2.71
2026-02-23,ST020,MED006,12.57,14,1.43
2026-02-23,ST020,MED007,4.07,5,0.93
2026-02-23,ST020,MED008,4.36,6,1.64
2026-02-23,ST020,MED009,13.43,16,2.57
2026-02-23,ST020,MED010,5.29,6,0.71
2026-02-23,ST020,MED011,14.43,14,0.43
2026-02-23,ST020,MED012,13.36,12,1.36
2026-02-23,ST020,MED013,9.93,11,1.07
2026-02-23,ST020,MED014,7.14,8,0.86
2026-02-23,ST020,MED015,15.5,15,0.5
2026-02-23,ST020,MED016,9.86,9,0.86
2026-02-23,ST020,MED017,15.57,17,1.43
2026-02-23,ST020,MED018,8.14,6,2.14
2026-02-23,ST020,MED019,5.0,5,0.0
2026-02-23,ST020,MED020,8.64,7,1.64
2026-02-23,ST020,MED021,14.71,17,2.29
2026-02-23,ST020,MED022,9.79,9,0.79
2026-02-23,ST020,MED023,14.64,15,0.36
2026-02-23,ST020,MED024,16.36,13,3.36
2026-02-23,ST020,MED025,7.43,10,2.57
2026-02-23,ST020,MED026,14.29,16,1.71
2026-02-23,ST020,MED027,17.14,15,2.14
2026-02-23,ST020,MED028,7.79,9,1.21
2026-02-23,ST020,MED029,11.5,10,1.5
2026-02-23,ST020,MED030,6.36,4,2.36
2026-02-23,ST021,MED001,8.5,11,2.5
2026-02-23,ST021,MED002,7.93,7,0.93
2026-02-23,ST021,MED003,2.57,7,4.43
2026-02-23,ST021,MED004,5.64,7,1.36
2026-02-23,ST021,MED005,8.07,9,0.93
2026-02-23,ST021,MED006,8.36,11,2.64
2026-02-23,ST021,MED007,2.29,0,2.29
2026-02-23,ST021,MED008,3.29,3,0.29
2026-02-23,ST021,MED009,8.21,9,0.79
2026-02-23,ST021,MED010,3.36,1,2.36
2026-02-23,ST021,MED011,9.0,8,1.0
2026-02-23,ST021,MED012,8.21,9,0.79
2026-02-23,ST021,MED013,5.57,5,0.57
2026-02-23,ST021,MED014,5.07,5,0.07
2026-02-23,ST021,MED015,9.0,9,0.0
2026-02-23,ST021,MED016,5.71,6,0.29
2026-02-23,ST021,MED017,8.0,8,0.0
2026-02-23,ST021,MED018,5.5,1,4.5
2026-02-23,ST021,MED019,2.57,3,0.43
2026-02-23,ST021,MED020,5.0,9,4.0
2026-02-23,ST021,MED021,7.0,10,3.0
2026-02-23,ST021,MED022,5.21,3,2.21
2026-02-23,ST021,MED023,8.79,7,1.79
2026-02-23,ST021,MED024,9.21,11,1.79
2026-02-23,ST021,MED025,3.86,2,1.86
2026-02-23,ST021,MED026,8.36,5,3.36
2026-02-23,ST021,MED027,9.71,7,2.71
2026-02-23,ST021,MED028,4.21,4,0.21
2026-02-23,ST021,MED029,8.07,6,2.07
2026-02-23,ST021,MED030,3.64,6,2.36
2026-02-23,ST022,MED001,10.57,9,1.57
2026-02-23,ST022,MED002,8.57,13,4.43
2026-02-23,ST022,MED003,3.0,0,3.0
2026-02-23,ST022,MED004,7.71,6,1.71
2026-02-23,ST022,MED005,10.14,7,3.14
2026-02-23,ST022,MED006,8.21,8,0.21
2026-02-23,ST022,MED007,3.21,3,0.21
2026-02-23,ST022,MED008,2.36,4,1.64
2026-02-23,ST022,MED009,9.43,9,0.43
2026-02-23,ST022,MED010,2.79,1,1.79
2026-02-23,ST022,MED011,10.29,8,2.29
2026-02-23,ST022,MED012,8.64,10,1.36
2026-02-23,ST022,MED013,5.57,7,1.43
2026-02-23,ST022,MED014,5.5,2,3.5
2026-02-23,ST022,MED015,10.07,10,0.07
2026-02-23,ST022,MED016,5.71,7,1.29
2026-02-23,ST022,MED017,8.5,9,0.5
2026-02-23,ST022,MED018,4.86,3,1.86
2026-02-23,ST022,MED019,2.79,1,1.79
2026-02-23,ST022,MED020,6.93,2,4.93
2026-02-23,ST022,MED021,9.21,8,1.21
2026-02-23,ST022,MED022,5.79,13,7.21
2026-02-23,ST022,MED023,9.43,13,3.57
2026-02-23,ST022,MED024,13.07,10,3.07
2026-02-23,ST022,MED025,5.79,2,3.79
2026-02-23,ST022,MED026,9.21,10,0.79
2026-02-23,ST022,MED027,11.14,12,0.86
2026-02-23,ST022,MED028,4.64,6,1.36
2026-02-23,ST022,MED029,8.93,6,2.93
2026-02-23,ST022,MED030,3.29,9,5.71
2026-02-23,ST023,MED001,10.64,9,1.64
2026-02-23,ST023,MED002,10.21,10,0.21
2026-02-23,ST023,MED003,2.79,3,0.21
2026-02-23,ST023,MED004,7.29,7,0.29
2026-02-23,ST023,MED005,10.71,8,2.71
2026-02-23,ST023,MED006,10.07,8,2.07
2026-02-23,ST023,MED007,3.14,4,0.86
2026-02-23,ST023,MED008,2.93,2,0.93
2026-02-23,ST023,MED009,9.07,10,0.93
2026-02-23,ST023,MED010,3.86,3,0.86
2026-02-23,ST023,MED011,10.86,15,4.14
2026-02-23,ST023,MED012,8.57,13,4.43
2026-02-23,ST023,MED013,6.21,5,1.21
2026-02-23,ST023,MED014,5.07,4,1.07
2026-02-23,ST023,MED015,11.71,8,3.71
2026-02-23,ST023,MED016,7.64,8,0.36
2026-02-23,ST023,MED017,10.36,10,0.36
2026-02-23,ST023,MED018,6.64,10,3.36
2026-02-23,ST023,MED019,3.07,8,4.93
2026-02-23,ST023,MED020,5.64,5,0.64
2026-02-23,ST023,MED021,10.14,10,0.14
2026-02-23,ST023,MED022,7.29,9,1.71
2026-02-23,ST023,MED023,10.43,7,3.43
2026-02-23,ST023,MED024,12.14,10,2.14
2026-02-23,ST023,MED025,6.0,3,3.0
2026-02-23,ST023,MED026,12.14,9,3.14
2026-02-23,ST023,MED027,12.64,12,0.64
2026-02-23,ST023,MED028,5.79,9,3.21
2026-02-23,ST023,MED029,9.07,10,0.93
2026-02-23,ST023,MED030,5.14,1,4.14
2026-02-23,ST024,MED001,11.36,21,9.64
2026-02-23,ST024,MED002,11.64,12,0.36
2026-02-23,ST024,MED003,2.71,3,0.29
2026-02-23,ST024,MED004,8.71,9,0.29
2026-02-23,ST024,MED005,11.29,11,0.29
2026-02-23,ST024,MED006,11.93,13,1.07
2026-02-23,ST024,MED007,2.57,3,0.43
2026-02-23,ST024,MED008,3.36,3,0.36
2026-02-23,ST024,MED009,10.21,9,1.21
2026-02-23,ST024,MED010,5.07,4,1.07
2026-02-23,ST024,MED011,12.21,14,1.79
2026-02-23,ST024,MED012,10.29,10,0.29
2026-02-23,ST024,MED013,7.5,8,0.5
2026-02-23,ST024,MED014,5.79,5,0.79
2026-02-23,ST024,MED015,12.86,11,1.86
2026-02-23,ST024,MED016,7.21,6,1.21
2026-02-23,ST024,MED017,11.86,11,0.86
2026-02-23,ST024,MED018,6.86,9,2.14
2026-02-23,ST024,MED019,3.86,5,1.14
2026-02-23,ST024,MED020,7.29,12,4.71
2026-02-23,ST024,MED021,9.71,11,1.29
2026-02-23,ST024,MED022,8.21,7,1.21
2026-02-23,ST024,MED023,13.21,12,1.21
2026-02-23,ST024,MED024,11.5,13,1.5
2026-02-23,ST024,MED025,6.0,7,1.0
2026-02-23,ST024,MED026,12.07,14,1.93
2026-02-23,ST024,MED027,12.5,13,0.5
2026-02-23,ST024,MED028,5.93,1,4.93
2026-02-23,ST024,MED029,11.43,9,2.43
2026-02-23,ST024,MED030,5.5,3,2.5
2026-02-23,ST025,MED001,12.57,10,2.57
2026-02-23,ST025,MED002,12.93,12,0.93
2026-02-23,ST025,MED003,3.0,4,1.0
2026-02-23,ST025,MED004,9.29,11,1.71
2026-02-23,ST025,MED005,12.79,16,3.21
2026-02-23,ST025,MED006,10.43,10,0.43
2026-02-23,ST025,MED007,3.71,5,1.29
2026-02-23,ST025,MED008,4.43,6,1.57
2026-02-23,ST025,MED009,10.5,9,1.5
2026-02-23,ST025,MED010,4.57,2,2.57
2026-02-23,ST025,MED011,12.93,15,2.07
2026-02-23,ST025,MED012,10.29,13,2.71
2026-02-23,ST025,MED013,8.36,12,3.64
2026-02-23,ST025,MED014,6.36,5,1.36
2026-02-23,ST025,MED015,14.21,14,0.21
2026-02-23,ST025,MED016,8.93,13,4.07
2026-02-23,ST025,MED017,13.07,14,0.93
2026-02-23,ST025,MED018,7.57,7,0.57
2026-02-23,ST025,MED019,3.43,1,2.43
2026-02-23,ST025,MED020,8.0,8,0.0
2026-02-23,ST025,MED021,11.5,12,0.5
2026-02-23,ST025,MED022,9.93,9,0.93
2026-02-23,ST025,MED023,12.57,13,0.43
2026-02-23,ST025,MED024,14.5,13,1.5
2026-02-23,ST025,MED025,7.21,4,3.21
2026-02-23,ST025,MED026,13.21,13,0.21
2026-02-23,ST025,MED027,11.93,11,0.93
2026-02-23,ST025,MED028,6.21,5,1.21
2026-02-23,ST025,MED029,11.14,7,4.14
2026-02-23,ST025,MED030,5.07,4,1.07
2026-02-23,ST026,MED001,13.5,10,3.5
2026-02-23,ST026,MED002,13.5,15,1.5
2026-02-23,ST026,MED003,3.71,5,1.29
2026-02-23,ST026,MED004,10.64,8,2.64
2026-02-23,ST026,MED005,13.64,14,0.36
2026-02-23,ST026,MED006,11.86,14,2.14
2026-02-23,ST026,MED007,3.93,0,3.93
2026-02-23,ST026,MED008,4.14,3,1.14
2026-02-23,ST026,MED009,13.14,14,0.86
2026-02-23,ST026,MED010,4.86,4,0.86
2026-02-23,ST026,MED011,13.36,12,1.36
2026-02-23,ST026,MED012,12.64,12,0.64
2026-02-23,ST026,MED013,8.86,10,1.14
2026-02-23,ST026,MED014,6.79,5,1.79
2026-02-23,ST026,MED015,16.07,10,6.07
2026-02-23,ST026,MED016,8.29,5,3.29
2026-02-23,ST026,MED017,13.57,13,0.57
2026-02-23,ST026,MED018,6.93,9,2.07
2026-02-23,ST026,MED019,3.43,3,0.43
2026-02-23,ST026,MED020,8.79,7,1.79
2026-02-23,ST026,MED021,12.5,16,3.5
2026-02-23,ST026,MED022,9.14,4,5.14
2026-02-23,ST026,MED023,13.0,14,1.0
2026-02-23,ST026,MED024,16.07,15,1.07
2026-02-23,ST026,MED025,8.21,8,0.21
2026-02-23,ST026,MED026,13.86,11,2.86
2026-02-23,ST026,MED027,14.29,15,0.71
2026-02-23,ST026,MED028,8.14,7,1.14
2026-02-23,ST026,MED029,12.0,12,0.0
2026-02-23,ST026,MED030,6.5,7,0.5
2026-02-23,ST027,MED001,14.86,12,2.86
2026-02-23,ST027,MED002,15.64,16,0.36
2026-02-23,ST027,MED003,4.79,4,0.79
2026-02-23,ST027,MED004,10.21,11,0.79
2026-02-23,ST027,MED005,14.29,17,2.71
2026-02-23,ST027,MED006,13.64,12,1.64
2026-02-23,ST027,MED007,4.86,5,0.14
2026-02-23,ST027,MED008,4.36,2,2.36
2026-02-23,ST027,MED009,13.29,13,0.29
2026-02-23,ST027,MED010,5.36,6,0.64
2026-02-23,ST027,MED011,15.14,14,1.14
2026-02-23,ST027,MED012,13.36,12,1.36
2026-02-23,ST027,MED013,9.0,10,1.0
2026-02-23,ST027,MED014,5.43,3,2.43
2026-02-23,ST027,MED015,15.71,12,3.71
2026-02-23,ST027,MED016,10.64,5,5.64
2026-02-23,ST027,MED017,14.79,13,1.79
2026-02-23,ST027,MED018,7.21,9,1.79
2026-02-23,ST027,MED019,3.57,0,3.57
2026-02-23,ST027,MED020,9.64,12,2.36
2026-02-23,ST027,MED021,13.43,16,2.57
2026-02-23,ST027,MED022,9.29,11,1.71
2026-02-23,ST027,MED023,14.64,12,2.64
2026-02-23,ST027,MED024,16.57,15,1.57
2026-02-23,ST027,MED025,8.64,8,0.64
2026-02-23,ST027,MED026,14.64,14,0.64
2026-02-23,ST027,MED027,16.29,16,0.29
2026-02-23,ST027,MED028,8.64,6,2.64
2026-02-23,ST027,MED029,11.93,21,9.07
2026-02-23,ST027,MED030,7.0,8,1.0
2026-02-23,ST028,MED001,9.14,13,3.86
2026-02-23,ST028,MED002,9.71,9,0.71
2026-02-23,ST028,MED003,2.14,4,1.86
2026-02-23,ST028,MED004,6.57,8,1.43
2026-02-23,ST028,MED005,8.43,6,2.43
2026-02-23,ST028,MED006,9.07,6,3.07
2026-02-23,ST028,MED007,2.14,3,0.86
2026-02-23,ST028,MED008,2.43,4,1.57
2026-02-23,ST028,MED009,7.93,5,2.93
2026-02-23,ST028,MED010,3.86,6,2.14
2026-02-23,ST028,MED011,8.07,9,0.93
2026-02-23,ST028,MED012,7.36,8,0.64
2026-02-23,ST028,MED013,5.79,3,2.79
2026-02-23,ST028,MED014,4.79,4,0.79
2026-02-23,ST028,MED015,9.36,9,0.36
2026-02-23,ST028,MED016,5.0,7,2.0
2026-02-23,ST028,MED017,9.14,7,2.14
2026-02-23,ST028,MED018,5.0,5,0.0
2026-02-23,ST028,MED019,1.36,3,1.64
2026-02-23,ST028,MED020,5.36,4,1.36
2026-02-23,ST028,MED021,7.29,5,2.29
2026-02-23,ST028,MED022,5.07,3,2.07
2026-02-23,ST028,MED023,8.0,6,2.0
2026-02-23,ST028,MED024,8.21,11,2.79
2026-02-23,ST028,MED025,5.07,3,2.07
2026-02-23,ST028,MED026,9.0,10,1.0
2026-02-23,ST028,MED027,9.14,6,3.14
2026-02-23,ST028,MED028,6.14,6,0.14
2026-02-23,ST028,MED029,7.14,6,1.14
2026-02-23,ST028,MED030,4.57,3,1.57
2026-02-23,ST029,MED001,9.5,2,7.5
2026-02-23,ST029,MED002,10.14,8,2.14
2026-02-23,ST029,MED003,2.43,4,1.57
2026-02-23,ST029,MED004,7.57,7,0.57
2026-02-23,ST029,MED005,9.57,7,2.57
2026-02-23,ST029,MED006,8.79,10,1.21
2026-02-23,ST029,MED007,2.79,1,1.79
2026-02-23,ST029,MED008,2.64,0,2.64
2026-02-23,ST029,MED009,8.14,3,5.14
2026-02-23,ST029,MED010,2.86,2,0.86
2026-02-23,ST029,MED011,9.5,11,1.5
2026-02-23,ST029,MED012,7.29,10,2.71
2026-02-23,ST029,MED013,6.5,7,0.5
2026-02-23,ST029,MED014,3.86,0,3.86
2026-02-23,ST029,MED015,11.07,9,2.07
2026-02-23,ST029,MED016,4.93,6,1.07
2026-02-23,ST029,MED017,8.93,11,2.07
2026-02-23,ST029,MED018,4.86,4,0.86
2026-02-23,ST029,MED019,3.5,0,3.5
2026-02-23,ST029,MED020,5.64,4,1.64
2026-02-23,ST029,MED021,9.43,11,1.57
2026-02-23,ST029,MED022,6.29,3,3.29
2026-02-23,ST029,MED023,8.64,9,0.36
2026-02-23,ST029,MED024,11.14,14,2.86
2026-02-23,ST029,MED025,4.21,2,2.21
2026-02-23,ST029,MED026,9.36,10,0.64
2026-02-23,ST029,MED027,10.93,13,2.07
2026-02-23,ST029,MED028,5.57,8,2.43
2026-02-23,ST029,MED029,8.86,7,1.86
2026-02-23,ST029,MED030,4.64,4,0.64
2026-02-23,ST030,MED001,10.64,15,4.36
2026-02-23,ST030,MED002,10.93,13,2.07
2026-02-23,ST030,MED003,2.71,0,2.71
2026-02-23,ST030,MED004,8.57,8,0.57
2026-02-23,ST030,MED005,10.29,10,0.29
2026-02-23,ST030,MED006,9.5,7,2.5
2026-02-23,ST030,MED007,2.93,3,0.07
2026-02-23,ST030,MED008,2.64,3,0.36
2026-02-23,ST030,MED009,8.93,9,0.07
2026-02-23,ST030,MED010,4.07,5,0.93
2026-02-23,ST030,MED011,11.43,10,1.43
2026-02-23,ST030,MED012,10.36,13,2.64
2026-02-23,ST030,MED013,6.5,7,0.5
2026-02-23,ST030,MED014,5.57,6,0.43
2026-02-23,ST030,MED015,11.14,10,1.14
2026-02-23,ST030,MED016,7.71,6,1.71
2026-02-23,ST030,MED017,10.29,12,1.71
2026-02-23,ST030,MED018,5.5,4,1.5
2026-02-23,ST030,MED019,3.43,8,4.57
2026-02-23,ST030,MED020,6.71,5,1.71
2026-02-23,ST030,MED021,9.71,10,0.29
2026-02-23,ST030,MED022,6.43,6,0.43
2026-02-23,ST030,MED023,10.07,10,0.07
2026-02-23,ST030,MED024,11.14,12,0.86
2026-02-23,ST030,MED025,5.07,3,2.07
2026-02-23,ST030,MED026,10.36,9,1.36
2026-02-23,ST030,MED027,11.07,9,2.07
2026-02-23,ST030,MED028,6.21,6,0.21
2026-02-23,ST030,MED029,7.43,8,0.57
2026-02-23,ST030,MED030,5.5,4,1.5
2026-02-23,ST031,MED001,10.64,12,1.36
2026-02-23,ST031,MED002,11.21,11,0.21
2026-02-23,ST031,MED003,3.43,0,3.43
2026-02-23,ST031,MED004,9.14,8,1.14
2026-02-23,ST031,MED005,11.29,11,0.29
2026-02-23,ST031,MED006,10.86,10,0.86
2026-02-23,ST031,MED007,4.86,1,3.86
2026-02-23,ST031,MED008,3.0,3,0.0
2026-02-23,ST031,MED009,11.5,10,1.5
2026-02-23,ST031,MED010,4.79,3,1.79
2026-02-23,ST031,MED011,10.0,7,3.0
2026-02-23,ST031,MED012,10.29,16,5.71
2026-02-23,ST031,MED013,7.57,8,0.43
2026-02-23,ST031,MED014,4.86,7,2.14
2026-02-23,ST031,MED015,13.21,16,2.79
2026-02-23,ST031,MED016,7.14,5,2.14
2026-02-23,ST031,MED017,11.29,8,3.29
2026-02-23,ST031,MED018,7.14,5,2.14
2026-02-23,ST031,MED019,3.71,7,3.29
2026-02-23,ST031,MED020,8.07,6,2.07
2026-02-23,ST031,MED021,10.0,8,2.0
2026-02-23,ST031,MED022,6.21,6,0.21
2026-02-23,ST031,MED023,11.86,13,1.14
2026-02-23,ST031,MED024,12.36,11,1.36
2026-02-23,ST031,MED025,5.79,7,1.21
2026-02-23,ST031,MED026,11.36,11,0.36
2026-02-23,ST031,MED027,11.93,15,3.07
2026-02-23,ST031,MED028,6.64,6,0.64
2026-02-23,ST031,MED029,9.14,7,2.14
2026-02-23,ST031,MED030,4.86,4,0.86
2026-02-23,ST032,MED001,11.86,14,2.14
2026-02-23,ST032,MED002,12.14,15,2.86
2026-02-23,ST032,MED003,4.07,5,0.93
2026-02-23,ST032,MED004,8.93,11,2.07
2026-02-23,ST032,MED005,11.07,14,2.93
2026-02-23,ST032,MED006,11.36,14,2.64
2026-02-23,ST032,MED007,3.43,3,0.43
2026-02-23,ST032,MED008,2.57,3,0.43
2026-02-23,ST032,MED009,12.36,8,4.36
2026-02-23,ST032,MED010,5.36,7,1.64
2026-02-23,ST032,MED011,13.07,13,0.07
2026-02-23,ST032,MED012,11.29,11,0.29
2026-02-23,ST032,MED013,8.5,5,3.5
2026-02-23,ST032,MED014,6.36,4,2.36
2026-02-23,ST032,MED015,14.0,15,1.0
2026-02-23,ST032,MED016,8.71,6,2.71
2026-02-23,ST032,MED017,11.79,13,1.21
2026-02-23,ST032,MED018,5.71,8,2.29
2026-02-23,ST032,MED019,3.36,1,2.36
2026-02-23,ST032,MED020,7.64,7,0.64
2026-02-23,ST032,MED021,11.5,8,3.5
2026-02-23,ST032,MED022,8.93,11,2.07
2026-02-23,ST032,MED023,11.07,12,0.93
2026-02-23,ST032,MED024,14.5,10,4.5
2026-02-23,ST032,MED025,7.57,5,2.57
2026-02-23,ST032,MED026,14.79,9,5.79
2026-02-23,ST032,MED027,12.57,15,2.43
2026-02-23,ST032,MED028,7.64,6,1.64
2026-02-23,ST032,MED029,10.71,8,2.71
2026-02-23,ST032,MED030,5.79,8,2.21
2026-02-23,ST033,MED001,13.57,16,2.43
2026-02-23,ST033,MED002,13.57,13,0.57
2026-02-23,ST033,MED003,3.29,4,0.71
2026-02-23,ST033,MED004,10.43,10,0.43
2026-02-23,ST033,MED005,12.93,15,2.07
2026-02-23,ST033,MED006,12.21,9,3.21
2026-02-23,ST033,MED007,3.93,7,3.07
2026-02-23,ST033,MED008,4.0,2,2.0
2026-02-23,ST033,MED009,12.93,10,2.93
2026-02-23,ST033,MED010,4.36,5,0.64
2026-02-23,ST033,MED011,12.93,14,1.07
2026-02-23,ST033,MED012,13.57,13,0.57
2026-02-23,ST033,MED013,8.93,7,1.93
2026-02-23,ST033,MED014,6.36,4,2.36
2026-02-23,ST033,MED015,14.93,16,1.07
2026-02-23,ST033,MED016,8.86,8,0.86
2026-02-23,ST033,MED017,13.71,11,2.71
2026-02-23,ST033,MED018,7.5,7,0.5
2026-02-23,ST033,MED019,3.64,6,2.36
2026-02-23,ST033,MED020,8.71,8,0.71
2026-02-23,ST033,MED021,13.0,10,3.0
2026-02-23,ST033,MED022,8.64,11,2.36
2026-02-23,ST033,MED023,13.79,13,0.79
2026-02-23,ST033,MED024,15.29,14,1.29
2026-02-23,ST033,MED025,6.36,7,0.64
2026-02-23,ST033,MED026,13.36,14,0.64
2026-02-23,ST033,MED027,14.0,16,2.0
2026-02-23,ST033,MED028,8.14,9,0.86
2026-02-23,ST033,MED029,11.86,10,1.86
2026-02-23,ST033,MED030,5.57,4,1.57
2026-02-23,ST034,MED001,14.71,13,1.71
2026-02-23,ST034,MED002,14.86,14,0.86
2026-02-23,ST034,MED003,4.5,4,0.5
2026-02-23,ST034,MED004,11.14,8,3.14
2026-02-23,ST034,MED005,14.0,15,1.0
2026-02-23,ST034,MED006,14.36,12,2.36
2026-02-23,ST034,MED007,4.36,0,4.36
2026-02-23,ST034,MED008,3.64,5,1.36
2026-02-23,ST034,MED009,14.07,12,2.07
2026-02-23,ST034,MED010,5.21,2,3.21
2026-02-23,ST034,MED011,14.86,12,2.86
2026-02-23,ST034,MED012,13.64,13,0.64
2026-02-23,ST034,MED013,8.86,13,4.14
2026-02-23,ST034,MED014,7.36,6,1.36
2026-02-23,ST034,MED015,16.07,18,1.93
2026-02-23,ST034,MED016,7.93,9,1.07
2026-02-23,ST034,MED017,16.0,14,2.0
2026-02-23,ST034,MED018,8.0,10,2.0
2026-02-23,ST034,MED019,3.93,5,1.07
2026-02-23,ST034,MED020,8.86,3,5.86
2026-02-23,ST034,MED021,12.93,17,4.07
2026-02-23,ST034,MED022,8.86,11,2.14
2026-02-23,ST034,MED023,16.71,12,4.71
2026-02-23,ST034,MED024,15.14,14,1.14
2026-02-23,ST034,MED025,9.5,9,0.5
2026-02-23,ST034,MED026,14.5,18,3.5
2026-02-23,ST034,MED027,16.0,16,0.0
2026-02-23,ST034,MED028,9.0,8,1.0
2026-02-23,ST034,MED029,11.71,11,0.71
2026-02-23,ST034,MED030,7.0,10,3.0
2026-02-23,ST035,MED001,10.14,11,0.86
2026-02-23,ST035,MED002,8.14,7,1.14
2026-02-23,ST035,MED003,2.36,2,0.36
2026-02-23,ST035,MED004,6.5,6,0.5
2026-02-23,ST035,MED005,8.5,7,1.5
2026-02-23,ST035,MED006,8.64,7,1.64
2026-02-23,ST035,MED007,2.43,3,0.57
2026-02-23,ST035,MED008,1.71,4,2.29
2026-02-23,ST035,MED009,8.0,10,2.0
2026-02-23,ST035,MED010,2.86,4,1.14
2026-02-23,ST035,MED011,8.86,15,6.14
2026-02-23,ST035,MED012,8.64,6,2.64
2026-02-23,ST035,MED013,5.0,7,2.0
2026-02-23,ST035,MED014,4.29,0,4.29
2026-02-23,ST035,MED015,9.29,9,0.29
2026-02-23,ST035,MED016,6.14,3,3.14
2026-02-23,ST035,MED017,8.64,5,3.64
2026-02-23,ST035,MED018,3.0,4,1.0
2026-02-23,ST035,MED019,2.21,4,1.79
2026-02-23,ST035,MED020,7.29,8,0.71
2026-02-23,ST035,MED021,8.36,7,1.36
2026-02-23,ST035,MED022,5.21,2,3.21
2026-02-23,ST035,MED023,9.57,10,0.43
2026-02-23,ST035,MED024,10.0,10,0.0
2026-02-23,ST035,MED025,4.14,2,2.14
2026-02-23,ST035,MED026,8.5,7,1.5
2026-02-23,ST035,MED027,8.5,8,0.5
2026-02-23,ST035,MED028,4.0,5,1.0
2026-02-23,ST035,MED029,7.07,3,4.07
2026-02-23,ST035,MED030,3.29,3,0.29
2026-02-23,ST036,MED001,11.14,8,3.14
2026-02-23,ST036,MED002,9.79,10,0.21
2026-02-23,ST036,MED003,2.14,5,2.86
2026-02-23,ST036,MED004,8.14,10,1.86
2026-02-23,ST036,MED005,8.93,6,2.93
2026-02-23,ST036,MED006,8.79,7,1.79
2026-02-23,ST036,MED007,2.71,1,1.71
2026-02-23,ST036,MED008,2.71,0,2.71
2026-02-23,ST036,MED009,8.43,9,0.57
2026-02-23,ST036,MED010,4.0,7,3.0
2026-02-23,ST036,MED011,9.43,11,1.57
2026-02-23,ST036,MED012,8.5,10,1.5
2026-02-23,ST036,MED013,5.36,4,1.36
2026-02-23,ST036,MED014,5.57,2,3.57
2026-02-23,ST036,MED015,10.36,7,3.36
2026-02-23,ST036,MED016,6.29,3,3.29
2026-02-23,ST036,MED017,10.64,13,2.36
2026-02-23,ST036,MED018,5.79,4,1.79
2026-02-23,ST036,MED019,3.0,0,3.0
2026-02-23,ST036,MED020,6.36,8,1.64
2026-02-23,ST036,MED021,9.21,5,4.21
2026-02-23,ST036,MED022,6.0,5,1.0
2026-02-23,ST036,MED023,9.64,11,1.36
2026-02-23,ST036,MED024,10.64,7,3.64
2026-02-23,ST036,MED025,4.86,7,2.14
2026-02-23,ST036,MED026,8.93,12,3.07
2026-02-23,ST036,MED027,10.14,9,1.14
2026-02-23,ST036,MED028,5.36,8,2.64
2026-02-23,ST036,MED029,7.07,7,0.07
2026-02-23,ST036,MED030,5.14,4,1.14
2026-02-23,ST037,MED001,11.0,14,3.0
2026-02-23,ST037,MED002,10.43,14,3.57
2026-02-23,ST037,MED003,3.43,1,2.43
2026-02-23,ST037,MED004,7.64,6,1.64
2026-02-23,ST037,MED005,11.07,12,0.93
2026-02-23,ST037,MED006,10.07,7,3.07
2026-02-23,ST037,MED007,3.0,6,3.0
2026-02-23,ST037,MED008,2.86,4,1.14
2026-02-23,ST037,MED009,10.43,11,0.57
2026-02-23,ST037,MED010,3.64,5,1.36
2026-02-23,ST037,MED011,11.07,11,0.07
2026-02-23,ST037,MED012,10.0,6,4.0
2026-02-23,ST037,MED013,6.21,1,5.21
2026-02-23,ST037,MED014,5.14,6,0.86
2026-02-23,ST037,MED015,11.43,10,1.43
2026-02-23,ST037,MED016,7.0,8,1.0
2026-02-23,ST037,MED017,10.29,9,1.29
2026-02-23,ST037,MED018,6.14,8,1.86
2026-02-23,ST037,MED019,4.0,2,2.0
2026-02-23,ST037,MED020,7.07,8,0.93
2026-02-23,ST037,MED021,10.0,12,2.0
2026-02-23,ST037,MED022,6.5,4,2.5
2026-02-23,ST037,MED023,10.5,8,2.5
2026-02-23,ST037,MED024,12.14,9,3.14
2026-02-23,ST037,MED025,6.07,5,1.07
2026-02-23,ST037,MED026,11.0,13,2.0
2026-02-23,ST037,MED027,13.07,14,0.93
2026-02-23,ST037,MED028,5.86,4,1.86
2026-02-23,ST037,MED029,8.71,14,5.29
2026-02-23,ST037,MED030,4.79,5,0.21
2026-02-23,ST038,MED001,11.86,9,2.86
2026-02-23,ST038,MED002,10.86,6,4.86
2026-02-23,ST038,MED003,3.29,5,1.71
2026-02-23,ST038,MED004,8.93,6,2.93
2026-02-23,ST038,MED005,13.14,11,2.14
2026-02-23,ST038,MED006,11.07,12,0.93
2026-02-23,ST038,MED007,3.43,3,0.43
2026-02-23,ST038,MED008,3.0,2,1.0
2026-02-23,ST038,MED009,11.5,8,3.5
2026-02-23,ST038,MED010,4.71,3,1.71
2026-02-23,ST038,MED011,11.64,12,0.36
2026-02-23,ST038,MED012,11.29,8,3.29
2026-02-23,ST038,MED013,7.14,7,0.14
2026-02-23,ST038,MED014,5.43,4,1.43
2026-02-23,ST038,MED015,13.86,11,2.86
2026-02-23,ST038,MED016,6.71,13,6.29
2026-02-23,ST038,MED017,11.0,12,1.0
2026-02-23,ST038,MED018,6.64,2,4.64
2026-02-23,ST038,MED019,3.29,1,2.29
2026-02-23,ST038,MED020,7.36,6,1.36
2026-02-23,ST038,MED021,10.0,11,1.0
2026-02-23,ST038,MED022,7.5,7,0.5
2026-02-23,ST038,MED023,11.64,13,1.36
2026-02-23,ST038,MED024,12.43,12,0.43
2026-02-23,ST038,MED025,7.64,3,4.64
2026-02-23,ST038,MED026,11.79,11,0.79
2026-02-23,ST038,MED027,12.79,15,2.21
2026-02-23,ST038,MED028,5.21,3,2.21
2026-02-23,ST038,MED029,10.0,7,3.0
2026-02-23,ST038,MED030,4.64,0,4.64
2026-02-23,ST039,MED001,13.14,13,0.14
2026-02-23,ST039,MED002,12.57,13,0.43
2026-02-23,ST039,MED003,4.0,4,0.0
2026-02-23,ST039,MED004,10.21,9,1.21
2026-02-23,ST039,MED005,12.64,10,2.64
2026-02-23,ST039,MED006,13.07,12,1.07
2026-02-23,ST039,MED007,4.36,5,0.64
2026-02-23,ST039,MED008,4.07,6,1.93
2026-02-23,ST039,MED009,11.71,12,0.29
2026-02-23,ST039,MED010,5.36,3,2.36
2026-02-23,ST039,MED011,12.29,12,0.29
2026-02-23,ST039,MED012,12.0,17,5.0
2026-02-23,ST039,MED013,8.36,9,0.64
2026-02-23,ST039,MED014,6.93,5,1.93
2026-02-23,ST039,MED015,13.79,12,1.79
2026-02-23,ST039,MED016,8.0,7,1.0
2026-02-23,ST039,MED017,12.86,13,0.14
2026-02-23,ST039,MED018,7.57,6,1.57
2026-02-23,ST039,MED019,3.36,3,0.36
2026-02-23,ST039,MED020,7.79,9,1.21
2026-02-23,ST039,MED021,11.79,8,3.79
2026-02-23,ST039,MED022,7.21,7,0.21
2026-02-23,ST039,MED023,12.57,14,1.43
2026-02-23,ST039,MED024,14.07,14,0.07
2026-02-23,ST039,MED025,7.14,8,0.86
2026-02-23,ST039,MED026,12.36,13,0.64
2026-02-23,ST039,MED027,14.64,14,0.64
2026-02-23,ST039,MED028,6.64,8,1.36
2026-02-23,ST039,MED029,10.29,10,0.29
2026-02-23,ST039,MED030,5.93,6,0.07
2026-02-23,ST040,MED001,13.71,13,0.71
2026-02-23,ST040,MED002,13.0,14,1.0
2026-02-23,ST040,MED003,3.43,3,0.43
2026-02-23,ST040,MED004,10.29,7,3.29
2026-02-23,ST040,MED005,14.29,24,9.71
2026-02-23,ST040,MED006,12.0,12,0.0
2026-02-23,ST040,MED007,3.86,3,0.86
2026-02-23,ST040,MED008,3.36,3,0.36
2026-02-23,ST040,MED009,12.93,11,1.93
2026-02-23,ST040,MED010,5.29,1,4.29
2026-02-23,ST040,MED011,13.36,12,1.36
2026-02-23,ST040,MED012,12.57,16,3.43
2026-02-23,ST040,MED013,8.64,11,2.36
2026-02-23,ST040,MED014,7.93,9,1.07
2026-02-23,ST040,MED015,16.71,13,3.71
2026-02-23,ST040,MED016,8.57,7,1.57
2026-02-23,ST040,MED017,13.0,10,3.0
2026-02-23,ST040,MED018,7.07,6,1.07
2026-02-23,ST040,MED019,3.79,4,0.21
2026-02-23,ST040,MED020,8.14,5,3.14
2026-02-23,ST040,MED021,12.21,11,1.21
2026-02-23,ST040,MED022,7.36,8,0.64
2026-02-23,ST040,MED023,13.36,13,0.36
2026-02-23,ST040,MED024,15.64,12,3.64
2026-02-23,ST040,MED025,7.93,9,1.07
2026-02-23,ST040,MED026,13.21,13,0.21
2026-02-23,ST040,MED027,15.0,14,1.0
2026-02-23,ST040,MED028,7.36,8,0.64
2026-02-23,ST040,MED029,11.57,10,1.57
2026-02-23,ST040,MED030,6.29,4,2.29
2026-02-24,ST001,MED001,9.57,7,2.57
2026-02-24,ST001,MED002,8.86,10,1.14
2026-02-24,ST001,MED003,2.71,3,0.29
2026-02-24,ST001,MED004,6.86,8,1.14
2026-02-24,ST001,MED005,9.71,13,3.29
2026-02-24,ST001,MED006,8.79,8,0.79
2026-02-24,ST001,MED007,1.71,2,0.29
2026-02-24,ST001,MED008,2.5,0,2.5
2026-02-24,ST001,MED009,8.21,9,0.79
2026-02-24,ST001,MED010,3.57,4,0.43
2026-02-24,ST001,MED011,9.79,8,1.79
2026-02-24,ST001,MED012,8.93,8,0.93
2026-02-24,ST001,MED013,6.57,4,2.57
2026-02-24,ST001,MED014,4.57,2,2.57
2026-02-24,ST001,MED015,9.93,12,2.07
2026-02-24,ST001,MED016,6.64,6,0.64
2026-02-24,ST001,MED017,8.86,11,2.14
2026-02-24,ST001,MED018,5.71,4,1.71
2026-02-24,ST001,MED019,3.86,1,2.86
2026-02-24,ST001,MED020,6.43,8,1.57
2026-02-24,ST001,MED021,8.93,8,0.93
2026-02-24,ST001,MED022,6.0,5,1.0
2026-02-24,ST001,MED023,9.07,8,1.07
2026-02-24,ST001,MED024,10.21,15,4.79
2026-02-24,ST001,MED025,5.0,5,0.0
2026-02-24,ST001,MED026,10.29,10,0.29
2026-02-24,ST001,MED027,10.5,6,4.5
2026-02-24,ST001,MED028,5.43,6,0.57
2026-02-24,ST001,MED029,8.14,6,2.14
2026-02-24,ST001,MED030,4.14,8,3.86
2026-02-24,ST002,MED001,10.5,11,0.5
2026-02-24,ST002,MED002,9.43,12,2.57
2026-02-24,ST002,MED003,3.36,5,1.64
2026-02-24,ST002,MED004,8.29,8,0.29
2026-02-24,ST002,MED005,11.36,14,2.64
2026-02-24,ST002,MED006,9.86,10,0.14
2026-02-24,ST002,MED007,3.07,2,1.07
2026-02-24,ST002,MED008,3.36,0,3.36
2026-02-24,ST002,MED009,10.07,10,0.07
2026-02-24,ST002,MED010,3.71,1,2.71
2026-02-24,ST002,MED011,10.93,10,0.93
2026-02-24,ST002,MED012,9.71,9,0.71
2026-02-24,ST002,MED013,7.0,6,1.0
2026-02-24,ST002,MED014,5.5,3,2.5
2026-02-24,ST002,MED015,11.07,18,6.93
2026-02-24,ST002,MED016,8.0,4,4.0
2026-02-24,ST002,MED017,11.21,12,0.79
2026-02-24,ST002,MED018,5.07,4,1.07
2026-02-24,ST002,MED019,2.71,0,2.71
2026-02-24,ST002,MED020,6.21,7,0.79
2026-02-24,ST002,MED021,10.36,6,4.36
2026-02-24,ST002,MED022,7.57,8,0.43
2026-02-24,ST002,MED023,10.93,10,0.93
2026-02-24,ST002,MED024,12.0,10,2.0
2026-02-24,ST002,MED025,5.93,2,3.93
2026-02-24,ST002,MED026,11.07,13,1.93
2026-02-24,ST002,MED027,11.79,12,0.21
2026-02-24,ST002,MED028,6.29,8,1.71
2026-02-24,ST002,MED029,8.64,10,1.36
2026-02-24,ST002,MED030,4.86,2,2.86
2026-02-24,ST003,MED001,11.71,11,0.71
2026-02-24,ST003,MED002,11.86,11,0.86
2026-02-24,ST003,MED003,2.36,4,1.64
2026-02-24,ST003,MED004,8.29,9,0.71
2026-02-24,ST003,MED005,12.5,9,3.5
2026-02-24,ST003,MED006,10.79,11,0.21
2026-02-24,ST003,MED007,3.36,5,1.64
2026-02-24,ST003,MED008,3.07,4,0.93
2026-02-24,ST003,MED009,10.86,10,0.86
2026-02-24,ST003,MED010,4.5,4,0.5
2026-02-24,ST003,MED011,11.93,11,0.93
2026-02-24,ST003,MED012,9.86,12,2.14
2026-02-24,ST003,MED013,7.71,6,1.71
2026-02-24,ST003,MED014,4.71,8,3.29
2026-02-24,ST003,MED015,13.43,25,11.57
2026-02-24,ST003,MED016,7.29,10,2.71
2026-02-24,ST003,MED017,10.93,10,0.93
2026-02-24,ST003,MED018,5.71,7,1.29
2026-02-24,ST003,MED019,3.43,3,0.43
2026-02-24,ST003,MED020,6.71,9,2.29
2026-02-24,ST003,MED021,9.71,13,3.29
2026-02-24,ST003,MED022,7.29,9,1.71
2026-02-24,ST003,MED023,11.21,14,2.79
2026-02-24,ST003,MED024,13.5,12,1.5
2026-02-24,ST003,MED025,6.71,5,1.71
2026-02-24,ST003,MED026,12.07,12,0.07
2026-02-24,ST003,MED027,12.57,11,1.57
2026-02-24,ST003,MED028,5.64,3,2.64
2026-02-24,ST003,MED029,9.36,9,0.36
2026-02-24,ST003,MED030,5.14,6,0.86
2026-02-24,ST004,MED001,12.14,12,0.14
2026-02-24,ST004,MED002,11.64,11,0.64
2026-02-24,ST004,MED003,2.5,4,1.5
2026-02-24,ST004,MED004,9.14,8,1.14
2026-02-24,ST004,MED005,12.79,9,3.79
2026-02-24,ST004,MED006,10.5,11,0.5
2026-02-24,ST004,MED007,3.79,4,0.21
2026-02-24,ST004,MED008,4.43,5,0.57
2026-02-24,ST004,MED009,13.86,11,2.86
2026-02-24,ST004,MED010,3.79,4,0.21
2026-02-24,ST004,MED011,12.07,12,0.07
2026-02-24,ST004,MED012,11.07,14,2.93
2026-02-24,ST004,MED013,7.86,9,1.14
2026-02-24,ST004,MED014,5.64,8,2.36
2026-02-24,ST004,MED015,15.07,11,4.07
2026-02-24,ST004,MED016,7.79,5,2.79
2026-02-24,ST004,MED017,12.0,11,1.0
2026-02-24,ST004,MED018,7.43,3,4.43
2026-02-24,ST004,MED019,3.57,8,4.43
2026-02-24,ST004,MED020,7.93,10,2.07
2026-02-24,ST004,MED021,11.57,13,1.43
2026-02-24,ST004,MED022,9.0,7,2.0
2026-02-24,ST004,MED023,12.71,12,0.71
2026-02-24,ST004,MED024,14.29,15,0.71
2026-02-24,ST004,MED025,6.43,0,6.43
2026-02-24,ST004,MED026,13.0,13,0.0
2026-02-24,ST004,MED027,14.36,14,0.36
2026-02-24,ST004,MED028,8.0,12,4.0
2026-02-24,ST004,MED029,10.71,9,1.71
2026-02-24,ST004,MED030,5.93,3,2.93
2026-02-24,ST005,MED001,13.43,15,1.57
2026-02-24,ST005,MED002,14.43,13,1.43
2026-02-24,ST005,MED003,3.0,0,3.0
2026-02-24,ST005,MED004,10.21,10,0.21
2026-02-24,ST005,MED005,13.93,13,0.93
2026-02-24,ST005,MED006,12.07,10,2.07
2026-02-24,ST005,MED007,3.57,4,0.43
2026-02-24,ST005,MED008,4.07,3,1.07
2026-02-24,ST005,MED009,13.0,12,1.0
2026-02-24,ST005,MED010,5.5,1,4.5
2026-02-24,ST005,MED011,13.71,14,0.29
2026-02-24,ST005,MED012,11.64,13,1.36
2026-02-24,ST005,MED013,9.07,10,0.93
2026-02-24,ST005,MED014,6.21,3,3.21
2026-02-24,ST005,MED015,16.5,12,4.5
2026-02-24,ST005,MED016,8.43,7,1.43
2026-02-24,ST005,MED017,13.57,14,0.43
2026-02-24,ST005,MED018,6.64,11,4.36
2026-02-24,ST005,MED019,3.86,7,3.14
2026-02-24,ST005,MED020,8.79,8,0.79
2026-02-24,ST005,MED021,12.71,12,0.71
2026-02-24,ST005,MED022,9.29,9,0.29
2026-02-24,ST005,MED023,13.5,13,0.5
2026-02-24,ST005,MED024,15.07,16,0.93
2026-02-24,ST005,MED025,7.29,7,0.29
2026-02-24,ST005,MED026,14.14,12,2.14
2026-02-24,ST005,MED027,14.29,12,2.29
2026-02-24,ST005,MED028,7.71,9,1.29
2026-02-24,ST005,MED029,10.86,9,1.86
2026-02-24,ST005,MED030,5.93,4,1.93
2026-02-24,ST006,MED001,14.29,14,0.29
2026-02-24,ST006,MED002,15.71,18,2.29
2026-02-24,ST006,MED003,4.14,5,0.86
2026-02-24,ST006,MED004,10.29,13,2.71
2026-02-24,ST006,MED005,13.93,17,3.07
2026-02-24,ST006,MED006,13.57,10,3.57
2026-02-24,ST006,MED007,4.93,6,1.07
2026-02-24,ST006,MED008,4.21,7,2.79
2026-02-24,ST006,MED009,14.21,15,0.79
2026-02-24,ST006,MED010,5.29,5,0.29
2026-02-24,ST006,MED011,15.64,21,5.36
2026-02-24,ST006,MED012,13.21,6,7.21
2026-02-24,ST006,MED013,10.64,9,1.64
2026-02-24,ST006,MED014,7.0,10,3.0
2026-02-24,ST006,MED015,18.07,18,0.07
2026-02-24,ST006,MED016,9.29,5,4.29
2026-02-24,ST006,MED017,13.79,16,2.21
2026-02-24,ST006,MED018,7.71,10,2.29
2026-02-24,ST006,MED019,2.86,3,0.14
2026-02-24,ST006,MED020,8.71,5,3.71
2026-02-24,ST006,MED021,13.07,13,0.07
2026-02-24,ST006,MED022,10.07,11,0.93
2026-02-24,ST006,MED023,14.07,15,0.93
2026-02-24,ST006,MED024,15.43,17,1.57
2026-02-24,ST006,MED025,8.43,8,0.43
2026-02-24,ST006,MED026,16.14,16,0.14
2026-02-24,ST006,MED027,15.43,17,1.57
2026-02-24,ST006,MED028,8.43,8,0.43
2026-02-24,ST006,MED029,12.07,13,0.93
2026-02-24,ST006,MED030,6.57,7,0.43
2026-02-24,ST007,MED001,8.14,5,3.14
2026-02-24,ST007,MED002,7.93,9,1.07
2026-02-24,ST007,MED003,2.29,3,0.71
2026-02-24,ST007,MED004,5.86,3,2.86
2026-02-24,ST007,MED005,7.43,13,5.57
2026-02-24,ST007,MED006,7.07,8,0.93
2026-02-24,ST007,MED007,3.07,1,2.07
2026-02-24,ST007,MED008,2.0,3,1.0
2026-02-24,ST007,MED009,8.57,8,0.57
2026-02-24,ST007,MED010,3.29,7,3.71
2026-02-24,ST007,MED011,8.86,13,4.14
2026-02-24,ST007,MED012,7.79,6,1.79
2026-02-24,ST007,MED013,5.79,3,2.79
2026-02-24,ST007,MED014,5.07,3,2.07
2026-02-24,ST007,MED015,9.07,11,1.93
2026-02-24,ST007,MED016,5.79,4,1.79
2026-02-24,ST007,MED017,8.71,9,0.29
2026-02-24,ST007,MED018,5.5,6,0.5
2026-02-24,ST007,MED019,2.71,0,2.71
2026-02-24,ST007,MED020,4.36,4,0.36
2026-02-24,ST007,MED021,8.43,7,1.43
2026-02-24,ST007,MED022,6.21,9,2.79
2026-02-24,ST007,MED023,8.29,3,5.29
2026-02-24,ST007,MED024,10.07,7,3.07
2026-02-24,ST007,MED025,4.64,6,1.36
2026-02-24,ST007,MED026,8.57,8,0.57
2026-02-24,ST007,MED027,8.21,6,2.21
2026-02-24,ST007,MED028,4.93,3,1.93
2026-02-24,ST007,MED029,6.86,10,3.14
2026-02-24,ST007,MED030,4.07,0,4.07
2026-02-24,ST008,MED001,9.64,11,1.36
2026-02-24,ST008,MED002,10.86,8,2.86
2026-02-24,ST008,MED003,2.21,1,1.21
2026-02-24,ST008,MED004,6.93,3,3.93
2026-02-24,ST008,MED005,9.29,7,2.29
2026-02-24,ST008,MED006,8.36,9,0.64
2026-02-24,ST008,MED007,3.21,5,1.79
2026-02-24,ST008,MED008,3.86,4,0.14
2026-02-24,ST008,MED009,9.0,3,6.0
2026-02-24,ST008,MED010,4.0,1,3.0
2026-02-24,ST008,MED011,9.93,9,0.93
2026-02-24,ST008,MED012,9.14,6,3.14
2026-02-24,ST008,MED013,6.64,6,0.64
2026-02-24,ST008,MED014,5.64,3,2.64
2026-02-24,ST008,MED015,10.64,10,0.64
2026-02-24,ST008,MED016,6.86,6,0.86
2026-02-24,ST008,MED017,11.36,11,0.36
2026-02-24,ST008,MED018,4.29,3,1.29
2026-02-24,ST008,MED019,3.07,6,2.93
2026-02-24,ST008,MED020,7.43,5,2.43
2026-02-24,ST008,MED021,8.57,8,0.57
2026-02-24,ST008,MED022,4.21,8,3.79
2026-02-24,ST008,MED023,11.29,9,2.29
2026-02-24,ST008,MED024,10.36,11,0.64
2026-02-24,ST008,MED025,4.36,3,1.36
2026-02-24,ST008,MED026,11.21,8,3.21
2026-02-24,ST008,MED027,9.79,8,1.79
2026-02-24,ST008,MED028,4.79,1,3.79
2026-02-24,ST008,MED029,7.71,11,3.29
2026-02-24,ST008,MED030,3.36,6,2.64
2026-02-24,ST009,MED001,10.93,9,1.93
2026-02-24,ST009,MED002,10.79,9,1.79
2026-02-24,ST009,MED003,2.64,4,1.36
2026-02-24,ST009,MED004,7.5,6,1.5
2026-02-24,ST009,MED005,11.79,7,4.79
2026-02-24,ST009,MED006,9.79,8,1.79
2026-02-24,ST009,MED007,2.86,4,1.14
2026-02-24,ST009,MED008,2.79,5,2.21
2026-02-24,ST009,MED009,8.64,11,2.36
2026-02-24,ST009,MED010,3.07,2,1.07
2026-02-24,ST009,MED011,11.43,9,2.43
2026-02-24,ST009,MED012,9.29,11,1.71
2026-02-24,ST009,MED013,7.36,5,2.36
2026-02-24,ST009,MED014,4.64,3,1.64
2026-02-24,ST009,MED015,12.14,10,2.14
2026-02-24,ST009,MED016,7.71,9,1.29
2026-02-24,ST009,MED017,11.07,10,1.07
2026-02-24,ST009,MED018,6.21,4,2.21
2026-02-24,ST009,MED019,2.64,4,1.36
2026-02-24,ST009,MED020,7.07,11,3.93
2026-02-24,ST009,MED021,9.29,8,1.29
2026-02-24,ST009,MED022,6.71,7,0.29
2026-02-24,ST009,MED023,11.14,15,3.86
2026-02-24,ST009,MED024,11.57,10,1.57
2026-02-24,ST009,MED025,6.29,8,1.71
2026-02-24,ST009,MED026,11.21,10,1.21
2026-02-24,ST009,MED027,11.93,11,0.93
2026-02-24,ST009,MED028,6.07,5,1.07
2026-02-24,ST009,MED029,8.79,7,1.79
2026-02-24,ST009,MED030,5.29,6,0.71
2026-02-24,ST010,MED001,11.64,11,0.64
2026-02-24,ST010,MED002,11.14,12,0.86
2026-02-24,ST010,MED003,3.86,2,1.86
2026-02-24,ST010,MED004,7.57,9,1.43
2026-02-24,ST010,MED005,10.71,14,3.29
2026-02-24,ST010,MED006,10.86,10,0.86
2026-02-24,ST010,MED007,4.93,6,1.07
2026-02-24,ST010,MED008,2.21,4,1.79
2026-02-24,ST010,MED009,9.86,13,3.14
2026-02-24,ST010,MED010,3.71,4,0.29
2026-02-24,ST010,MED011,12.14,12,0.14
2026-02-24,ST010,MED012,11.21,10,1.21
2026-02-24,ST010,MED013,7.79,7,0.79
2026-02-24,ST010,MED014,4.93,7,2.07
2026-02-24,ST010,MED015,14.29,16,1.71
2026-02-24,ST010,MED016,6.36,8,1.64
2026-02-24,ST010,MED017,10.93,9,1.93
2026-02-24,ST010,MED018,6.5,5,1.5
2026-02-24,ST010,MED019,2.57,3,0.43
2026-02-24,ST010,MED020,8.79,9,0.21
2026-02-24,ST010,MED021,10.64,9,1.64
2026-02-24,ST010,MED022,8.43,9,0.57
2026-02-24,ST010,MED023,10.93,10,0.93
2026-02-24,ST010,MED024,12.14,12,0.14
2026-02-24,ST010,MED025,5.64,5,0.64
2026-02-24,ST010,MED026,12.14,10,2.14
2026-02-24,ST010,MED027,12.21,11,1.21
2026-02-24,ST010,MED028,5.36,5,0.36
2026-02-24,ST010,MED029,9.86,11,1.14
2026-02-24,ST010,MED030,5.93,6,0.07
2026-02-24,ST011,MED001,12.29,15,2.71
2026-02-24,ST011,MED002,14.14,13,1.14
2026-02-24,ST011,MED003,4.36,2,2.36
2026-02-24,ST011,MED004,7.07,8,0.93
2026-02-24,ST011,MED005,13.29,11,2.29
2026-02-24,ST011,MED006,11.21,14,2.79
2026-02-24,ST011,MED007,2.5,2,0.5
2026-02-24,ST011,MED008,4.36,3,1.36
2026-02-24,ST011,MED009,12.14,11,1.14
2026-02-24,ST011,MED010,5.21,6,0.79
2026-02-24,ST011,MED011,12.93,17,4.07
2026-02-24,ST011,MED012,12.29,11,1.29
2026-02-24,ST011,MED013,7.57,9,1.43
2026-02-24,ST011,MED014,5.43,3,2.43
2026-02-24,ST011,MED015,13.79,15,1.21
2026-02-24,ST011,MED016,7.64,6,1.64
2026-02-24,ST011,MED017,13.14,13,0.14
2026-02-24,ST011,MED018,6.5,7,0.5
2026-02-24,ST011,MED019,5.07,5,0.07
2026-02-24,ST011,MED020,6.71,8,1.29
2026-02-24,ST011,MED021,11.0,11,0.0
2026-02-24,ST011,MED022,7.5,7,0.5
2026-02-24,ST011,MED023,12.5,12,0.5
2026-02-24,ST011,MED024,13.64,14,0.36
2026-02-24,ST011,MED025,6.29,3,3.29
2026-02-24,ST011,MED026,13.0,13,0.0
2026-02-24,ST011,MED027,13.43,13,0.43
2026-02-24,ST011,MED028,7.36,4,3.36
2026-02-24,ST011,MED029,11.07,6,5.07
2026-02-24,ST011,MED030,5.93,12,6.07
2026-02-24,ST012,MED001,12.93,15,2.07
2026-02-24,ST012,MED002,13.93,14,0.07
2026-02-24,ST012,MED003,3.07,4,0.93
2026-02-24,ST012,MED004,9.57,10,0.43
2026-02-24,ST012,MED005,14.57,15,0.43
2026-02-24,ST012,MED006,11.36,10,1.36
2026-02-24,ST012,MED007,3.43,5,1.57
2026-02-24,ST012,MED008,3.79,1,2.79
2026-02-24,ST012,MED009,13.43,7,6.43
2026-02-24,ST012,MED010,5.14,2,3.14
2026-02-24,ST012,MED011,14.0,16,2.0
2026-02-24,ST012,MED012,13.21,11,2.21
2026-02-24,ST012,MED013,8.57,12,3.43
2026-02-24,ST012,MED014,6.71,6,0.71
2026-02-24,ST012,MED015,14.86,15,0.14
2026-02-24,ST012,MED016,9.93,7,2.93
2026-02-24,ST012,MED017,15.07,16,0.93
2026-02-24,ST012,MED018,9.0,9,0.0
2026-02-24,ST012,MED019,4.21,6,1.79
2026-02-24,ST012,MED020,8.21,8,0.21
2026-02-24,ST012,MED021,12.43,11,1.43
2026-02-24,ST012,MED022,8.07,7,1.07
2026-02-24,ST012,MED023,13.43,18,4.57
2026-02-24,ST012,MED024,14.79,14,0.79
2026-02-24,ST012,MED025,7.36,11,3.64
2026-02-24,ST012,MED026,14.64,10,4.64
2026-02-24,ST012,MED027,13.86,16,2.14
2026-02-24,ST012,MED028,6.93,6,0.93
2026-02-24,ST012,MED029,12.29,10,2.29
2026-02-24,ST012,MED030,6.43,8,1.57
2026-02-24,ST013,MED001,15.64,17,1.36
2026-02-24,ST013,MED002,15.29,17,1.71
2026-02-24,ST013,MED003,4.14,5,0.86
2026-02-24,ST013,MED004,11.0,12,1.0
2026-02-24,ST013,MED005,15.93,12,3.93
2026-02-24,ST013,MED006,14.29,14,0.29
2026-02-24,ST013,MED007,4.0,3,1.0
2026-02-24,ST013,MED008,4.14,1,3.14
2026-02-24,ST013,MED009,12.93,11,1.93
2026-02-24,ST013,MED010,4.57,4,0.57
2026-02-24,ST013,MED011,14.93,12,2.93
2026-02-24,ST013,MED012,14.21,13,1.21
2026-02-24,ST013,MED013,10.43,9,1.43
2026-02-24,ST013,MED014,7.5,5,2.5
2026-02-24,ST013,MED015,16.57,18,1.43
2026-02-24,ST013,MED016,9.36,8,1.36
2026-02-24,ST013,MED017,14.79,15,0.21
2026-02-24,ST013,MED018,8.0,8,0.0
2026-02-24,ST013,MED019,3.64,6,2.36
2026-02-24,ST013,MED020,10.93,10,0.93
2026-02-24,ST013,MED021,13.86,12,1.86
2026-02-24,ST013,MED022,9.29,9,0.29
2026-02-24,ST013,MED023,15.14,13,2.14
2026-02-24,ST013,MED024,17.71,17,0.71
2026-02-24,ST013,MED025,9.5,6,3.5
2026-02-24,ST013,MED026,14.29,16,1.71
2026-02-24,ST013,MED027,17.14,14,3.14
2026-02-24,ST013,MED028,8.86,9,0.14
2026-02-24,ST013,MED029,12.07,11,1.07
2026-02-24,ST013,MED030,7.0,7,0.0
2026-02-24,ST014,MED001,8.5,5,3.5
2026-02-24,ST014,MED002,9.29,10,0.71
2026-02-24,ST014,MED003,1.79,1,0.79
2026-02-24,ST014,MED004,6.21,4,2.21
2026-02-24,ST014,MED005,9.29,8,1.29
2026-02-24,ST014,MED006,9.79,5,4.79
2026-02-24,ST014,MED007,2.0,0,2.0
2026-02-24,ST014,MED008,3.71,1,2.71
2026-02-24,ST014,MED009,7.64,9,1.36
2026-02-24,ST014,MED010,3.86,5,1.14
2026-02-24,ST014,MED011,9.93,11,1.07
2026-02-24,ST014,MED012,6.86,10,3.14
2026-02-24,ST014,MED013,5.07,3,2.07
2026-02-24,ST014,MED014,2.43,10,7.57
2026-02-24,ST014,MED015,9.07,8,1.07
2026-02-24,ST014,MED016,5.93,3,2.93
2026-02-24,ST014,MED017,8.71,8,0.71
2026-02-24,ST014,MED018,4.43,5,0.57
2026-02-24,ST014,MED019,3.43,0,3.43
2026-02-24,ST014,MED020,5.29,6,0.71
2026-02-24,ST014,MED021,8.14,7,1.14
2026-02-24,ST014,MED022,5.43,5,0.43
2026-02-24,ST014,MED023,8.5,9,0.5
2026-02-24,ST014,MED024,8.07,12,3.93
2026-02-24,ST014,MED025,4.86,6,1.14
2026-02-24,ST014,MED026,8.14,11,2.86
2026-02-24,ST014,MED027,9.93,7,2.93
2026-02-24,ST014,MED028,4.64,9,4.36
2026-02-24,ST014,MED029,8.14,6,2.14
2026-02-24,ST014,MED030,4.43,5,0.57
2026-02-24,ST015,MED001,9.93,9,0.93
2026-02-24,ST015,MED002,10.79,9,1.79
2026-02-24,ST015,MED003,3.14,0,3.14
2026-02-24,ST015,MED004,7.29,7,0.29
2026-02-24,ST015,MED005,8.36,10,1.64
2026-02-24,ST015,MED006,8.21,6,2.21
2026-02-24,ST015,MED007,2.21,6,3.79
2026-02-24,ST015,MED008,2.79,5,2.21
2026-02-24,ST015,MED009,8.29,7,1.29
2026-02-24,ST015,MED010,2.93,2,0.93
2026-02-24,ST015,MED011,10.0,11,1.0
2026-02-24,ST015,MED012,9.64,10,0.36
2026-02-24,ST015,MED013,5.29,6,0.71
2026-02-24,ST015,MED014,3.93,4,0.07
2026-02-24,ST015,MED015,11.86,9,2.86
2026-02-24,ST015,MED016,6.57,7,0.43
2026-02-24,ST015,MED017,9.0,8,1.0
2026-02-24,ST015,MED018,4.5,5,0.5
2026-02-24,ST015,MED019,2.29,0,2.29
2026-02-24,ST015,MED020,6.07,6,0.07
2026-02-24,ST015,MED021,8.86,10,1.14
2026-02-24,ST015,MED022,6.86,6,0.86
2026-02-24,ST015,MED023,9.86,6,3.86
2026-02-24,ST015,MED024,10.57,5,5.57
2026-02-24,ST015,MED025,5.29,3,2.29
2026-02-24,ST015,MED026,8.71,10,1.29
2026-02-24,ST015,MED027,10.86,8,2.86
2026-02-24,ST015,MED028,6.36,3,3.36
2026-02-24,ST015,MED029,7.79,7,0.79
2026-02-24,ST015,MED030,4.07,2,2.07
2026-02-24,ST016,MED001,10.86,9,1.86
2026-02-24,ST016,MED002,10.0,7,3.0
2026-02-24,ST016,MED003,3.79,0,3.79
2026-02-24,ST016,MED004,7.43,6,1.43
2026-02-24,ST016,MED005,10.43,13,2.57
2026-02-24,ST016,MED006,9.64,9,0.64
2026-02-24,ST016,MED007,2.43,0,2.43
2026-02-24,ST016,MED008,3.5,5,1.5
2026-02-24,ST016,MED009,9.71,7,2.71
2026-02-24,ST016,MED010,4.14,2,2.14
2026-02-24,ST016,MED011,10.71,9,1.71
2026-02-24,ST016,MED012,10.0,10,0.0
2026-02-24,ST016,MED013,7.0,6,1.0
2026-02-24,ST016,MED014,5.43,9,3.57
2026-02-24,ST016,MED015,13.07,10,3.07
2026-02-24,ST016,MED016,6.79,8,1.21
2026-02-24,ST016,MED017,9.79,11,1.21
2026-02-24,ST016,MED018,6.14,6,0.14
2026-02-24,ST016,MED019,3.36,2,1.36
2026-02-24,ST016,MED020,7.71,6,1.71
2026-02-24,ST016,MED021,10.07,16,5.93
2026-02-24,ST016,MED022,6.93,9,2.07
2026-02-24,ST016,MED023,10.93,11,0.07
2026-02-24,ST016,MED024,11.64,19,7.36
2026-02-24,ST016,MED025,6.36,5,1.36
2026-02-24,ST016,MED026,10.43,7,3.43
2026-02-24,ST016,MED027,11.86,10,1.86
2026-02-24,ST016,MED028,6.21,3,3.21
2026-02-24,ST016,MED029,8.29,12,3.71
2026-02-24,ST016,MED030,6.0,6,0.0
2026-02-24,ST017,MED001,11.93,9,2.93
2026-02-24,ST017,MED002,11.57,13,1.43
2026-02-24,ST017,MED003,3.0,5,2.0
2026-02-24,ST017,MED004,8.0,9,1.0
2026-02-24,ST017,MED005,11.71,25,13.29
2026-02-24,ST017,MED006,10.64,12,1.36
2026-02-24,ST017,MED007,2.43,2,0.43
2026-02-24,ST017,MED008,4.29,4,0.29
2026-02-24,ST017,MED009,11.36,13,1.64
2026-02-24,ST017,MED010,4.64,4,0.64
2026-02-24,ST017,MED011,12.14,12,0.14
2026-02-24,ST017,MED012,10.93,12,1.07
2026-02-24,ST017,MED013,6.86,6,0.86
2026-02-24,ST017,MED014,5.5,2,3.5
2026-02-24,ST017,MED015,13.71,14,0.29
2026-02-24,ST017,MED016,6.79,8,1.21
2026-02-24,ST017,MED017,11.14,12,0.86
2026-02-24,ST017,MED018,5.43,5,0.43
2026-02-24,ST017,MED019,2.36,4,1.64
2026-02-24,ST017,MED020,7.0,8,1.0
2026-02-24,ST017,MED021,12.14,13,0.86
2026-02-24,ST017,MED022,6.57,7,0.43
2026-02-24,ST017,MED023,11.36,15,3.64
2026-02-24,ST017,MED024,12.57,10,2.57
2026-02-24,ST017,MED025,6.29,6,0.29
2026-02-24,ST017,MED026,12.36,13,0.64
2026-02-24,ST017,MED027,13.0,8,5.0
2026-02-24,ST017,MED028,5.86,6,0.14
2026-02-24,ST017,MED029,8.43,10,1.57
2026-02-24,ST017,MED030,5.14,7,1.86
2026-02-24,ST018,MED001,12.79,16,3.21
2026-02-24,ST018,MED002,13.71,9,4.71
2026-02-24,ST018,MED003,3.5,5,1.5
2026-02-24,ST018,MED004,9.29,9,0.29
2026-02-24,ST018,MED005,13.43,11,2.43
2026-02-24,ST018,MED006,12.57,12,0.57
2026-02-24,ST018,MED007,4.07,2,2.07
2026-02-24,ST018,MED008,3.43,3,0.43
2026-02-24,ST018,MED009,12.29,13,0.71
2026-02-24,ST018,MED010,4.43,4,0.43
2026-02-24,ST018,MED011,14.0,14,0.0
2026-02-24,ST018,MED012,11.93,14,2.07
2026-02-24,ST018,MED013,7.93,3,4.93
2026-02-24,ST018,MED014,7.29,4,3.29
2026-02-24,ST018,MED015,14.5,13,1.5
2026-02-24,ST018,MED016,7.36,6,1.36
2026-02-24,ST018,MED017,11.21,11,0.21
2026-02-24,ST018,MED018,6.36,7,0.64
2026-02-24,ST018,MED019,4.36,5,0.64
2026-02-24,ST018,MED020,7.57,10,2.43
2026-02-24,ST018,MED021,11.43,15,3.57
2026-02-24,ST018,MED022,8.14,5,3.14
2026-02-24,ST018,MED023,13.36,12,1.36
2026-02-24,ST018,MED024,13.64,16,2.36
2026-02-24,ST018,MED025,6.29,5,1.29
2026-02-24,ST018,MED026,13.43,11,2.43
2026-02-24,ST018,MED027,12.86,15,2.14
2026-02-24,ST018,MED028,7.36,6,1.36
2026-02-24,ST018,MED029,9.79,6,3.79
2026-02-24,ST018,MED030,6.5,11,4.5
2026-02-24,ST019,MED001,12.79,13,0.21
2026-02-24,ST019,MED002,14.36,14,0.36
2026-02-24,ST019,MED003,5.0,3,2.0
2026-02-24,ST019,MED004,9.79,12,2.21
2026-02-24,ST019,MED005,14.86,12,2.86
2026-02-24,ST019,MED006,13.21,11,2.21
2026-02-24,ST019,MED007,3.79,8,4.21
2026-02-24,ST019,MED008,4.29,5,0.71
2026-02-24,ST019,MED009,12.79,12,0.79
2026-02-24,ST019,MED010,5.36,4,1.36
2026-02-24,ST019,MED011,14.79,12,2.79
2026-02-24,ST019,MED012,12.21,22,9.79
2026-02-24,ST019,MED013,8.43,13,4.57
2026-02-24,ST019,MED014,5.5,4,1.5
2026-02-24,ST019,MED015,14.71,15,0.29
2026-02-24,ST019,MED016,8.29,6,2.29
2026-02-24,ST019,MED017,13.93,16,2.07
2026-02-24,ST019,MED018,7.79,7,0.79
2026-02-24,ST019,MED019,3.93,2,1.93
2026-02-24,ST019,MED020,8.64,9,0.36
2026-02-24,ST019,MED021,11.14,13,1.86
2026-02-24,ST019,MED022,9.07,7,2.07
2026-02-24,ST019,MED023,13.5,14,0.5
2026-02-24,ST019,MED024,16.21,16,0.21
2026-02-24,ST019,MED025,7.43,3,4.43
2026-02-24,ST019,MED026,14.79,13,1.79
2026-02-24,ST019,MED027,14.29,13,1.29
2026-02-24,ST019,MED028,7.29,8,0.71
2026-02-24,ST019,MED029,10.93,8,2.93
2026-02-24,ST019,MED030,6.64,4,2.64
2026-02-24,ST020,MED001,14.93,17,2.07
2026-02-24,ST020,MED002,13.93,12,1.93
2026-02-24,ST020,MED003,3.71,3,0.71
2026-02-24,ST020,MED004,9.79,9,0.79
2026-02-24,ST020,MED005,14.29,12,2.29
2026-02-24,ST020,MED006,12.57,16,3.43
2026-02-24,ST020,MED007,4.07,3,1.07
2026-02-24,ST020,MED008,4.36,3,1.36
2026-02-24,ST020,MED009,13.43,14,0.57
2026-02-24,ST020,MED010,5.29,7,1.71
2026-02-24,ST020,MED011,14.43,17,2.57
2026-02-24,ST020,MED012,13.36,22,8.64
2026-02-24,ST020,MED013,9.93,12,2.07
2026-02-24,ST020,MED014,7.14,4,3.14
2026-02-24,ST020,MED015,15.5,27,11.5
2026-02-24,ST020,MED016,9.86,11,1.14
2026-02-24,ST020,MED017,15.57,17,1.43
2026-02-24,ST020,MED018,8.14,7,1.14
2026-02-24,ST020,MED019,5.0,0,5.0
2026-02-24,ST020,MED020,8.64,5,3.64
2026-02-24,ST020,MED021,14.71,17,2.29
2026-02-24,ST020,MED022,9.79,13,3.21
2026-02-24,ST020,MED023,14.64,14,0.64
2026-02-24,ST020,MED024,16.36,17,0.64
2026-02-24,ST020,MED025,7.43,9,1.57
2026-02-24,ST020,MED026,14.29,14,0.29
2026-02-24,ST020,MED027,17.14,11,6.14
2026-02-24,ST020,MED028,7.79,4,3.79
2026-02-24,ST020,MED029,11.5,11,0.5
2026-02-24,ST020,MED030,6.36,7,0.64
2026-02-24,ST021,MED001,8.5,7,1.5
2026-02-24,ST021,MED002,7.93,7,0.93
2026-02-24,ST021,MED003,2.57,1,1.57
2026-02-24,ST021,MED004,5.64,6,0.36
2026-02-24,ST021,MED005,8.07,9,0.93
2026-02-24,ST021,MED006,8.36,11,2.64
2026-02-24,ST021,MED007,2.29,0,2.29
2026-02-24,ST021,MED008,3.29,0,3.29
2026-02-24,ST021,MED009,8.21,8,0.21
2026-02-24,ST021,MED010,3.36,1,2.36
2026-02-24,ST021,MED011,9.0,6,3.0
2026-02-24,ST021,MED012,8.21,9,0.79
2026-02-24,ST021,MED013,5.57,5,0.57
2026-02-24,ST021,MED014,5.07,5,0.07
2026-02-24,ST021,MED015,9.0,12,3.0
2026-02-24,ST021,MED016,5.71,6,0.29
2026-02-24,ST021,MED017,8.0,9,1.0
2026-02-24,ST021,MED018,5.5,6,0.5
2026-02-24,ST021,MED019,2.57,1,1.57
2026-02-24,ST021,MED020,5.0,8,3.0
2026-02-24,ST021,MED021,7.0,10,3.0
2026-02-24,ST021,MED022,5.21,8,2.79
2026-02-24,ST021,MED023,8.79,11,2.21
2026-02-24,ST021,MED024,9.21,8,1.21
2026-02-24,ST021,MED025,3.86,8,4.14
2026-02-24,ST021,MED026,8.36,12,3.64
2026-02-24,ST021,MED027,9.71,13,3.29
2026-02-24,ST021,MED028,4.21,2,2.21
2026-02-24,ST021,MED029,8.07,4,4.07
2026-02-24,ST021,MED030,3.64,3,0.64
2026-02-24,ST022,MED001,10.57,9,1.57
2026-02-24,ST022,MED002,8.57,10,1.43
2026-02-24,ST022,MED003,3.0,4,1.0
2026-02-24,ST022,MED004,7.71,8,0.29
2026-02-24,ST022,MED005,10.14,12,1.86
2026-02-24,ST022,MED006,8.21,9,0.79
2026-02-24,ST022,MED007,3.21,4,0.79
2026-02-24,ST022,MED008,2.36,4,1.64
2026-02-24,ST022,MED009,9.43,7,2.43
2026-02-24,ST022,MED010,2.79,3,0.21
2026-02-24,ST022,MED011,10.29,9,1.29
2026-02-24,ST022,MED012,8.64,14,5.36
2026-02-24,ST022,MED013,5.57,3,2.57
2026-02-24,ST022,MED014,5.5,2,3.5
2026-02-24,ST022,MED015,10.07,9,1.07
2026-02-24,ST022,MED016,5.71,2,3.71
2026-02-24,ST022,MED017,8.5,7,1.5
2026-02-24,ST022,MED018,4.86,4,0.86
2026-02-24,ST022,MED019,2.79,3,0.21
2026-02-24,ST022,MED020,6.93,7,0.07
2026-02-24,ST022,MED021,9.21,8,1.21
2026-02-24,ST022,MED022,5.79,7,1.21
2026-02-24,ST022,MED023,9.43,16,6.57
2026-02-24,ST022,MED024,13.07,11,2.07
2026-02-24,ST022,MED025,5.79,6,0.21
2026-02-24,ST022,MED026,9.21,8,1.21
2026-02-24,ST022,MED027,11.14,11,0.14
2026-02-24,ST022,MED028,4.64,9,4.36
2026-02-24,ST022,MED029,8.93,7,1.93
2026-02-24,ST022,MED030,3.29,3,0.29
2026-02-24,ST023,MED001,10.64,10,0.64
2026-02-24,ST023,MED002,10.21,11,0.79
2026-02-24,ST023,MED003,2.79,2,0.79
2026-02-24,ST023,MED004,7.29,8,0.71
2026-02-24,ST023,MED005,10.71,12,1.29
2026-02-24,ST023,MED006,10.07,12,1.93
2026-02-24,ST023,MED007,3.14,2,1.14
2026-02-24,ST023,MED008,2.93,2,0.93
2026-02-24,ST023,MED009,9.07,10,0.93
2026-02-24,ST023,MED010,3.86,4,0.14
2026-02-24,ST023,MED011,10.86,13,2.14
2026-02-24,ST023,MED012,8.57,6,2.57
2026-02-24,ST023,MED013,6.21,4,2.21
2026-02-24,ST023,MED014,5.07,4,1.07
2026-02-24,ST023,MED015,11.71,9,2.71
2026-02-24,ST023,MED016,7.64,3,4.64
2026-02-24,ST023,MED017,10.36,6,4.36
2026-02-24,ST023,MED018,6.64,6,0.64
2026-02-24,ST023,MED019,3.07,5,1.93
2026-02-24,ST023,MED020,5.64,5,0.64
2026-02-24,ST023,MED021,10.14,8,2.14
2026-02-24,ST023,MED022,7.29,8,0.71
2026-02-24,ST023,MED023,10.43,11,0.57
2026-02-24,ST023,MED024,12.14,7,5.14
2026-02-24,ST023,MED025,6.0,4,2.0
2026-02-24,ST023,MED026,12.14,9,3.14
2026-02-24,ST023,MED027,12.64,11,1.64
2026-02-24,ST023,MED028,5.79,8,2.21
2026-02-24,ST023,MED029,9.07,9,0.07
2026-02-24,ST023,MED030,5.14,4,1.14
2026-02-24,ST024,MED001,11.36,13,1.64
2026-02-24,ST024,MED002,11.64,12,0.36
2026-02-24,ST024,MED003,2.71,5,2.29
2026-02-24,ST024,MED004,8.71,6,2.71
2026-02-24,ST024,MED005,11.29,12,0.71
2026-02-24,ST024,MED006,11.93,15,3.07
2026-02-24,ST024,MED007,2.57,4,1.43
2026-02-24,ST024,MED008,3.36,5,1.64
2026-02-24,ST024,MED009,10.21,6,4.21
2026-02-24,ST024,MED010,5.07,4,1.07
2026-02-24,ST024,MED011,12.21,14,1.79
2026-02-24,ST024,MED012,10.29,13,2.71
2026-02-24,ST024,MED013,7.5,6,1.5
2026-02-24,ST024,MED014,5.79,3,2.79
2026-02-24,ST024,MED015,12.86,14,1.14
2026-02-24,ST024,MED016,7.21,7,0.21
2026-02-24,ST024,MED017,11.86,15,3.14
2026-02-24,ST024,MED018,6.86,8,1.14
2026-02-24,ST024,MED019,3.86,1,2.86
2026-02-24,ST024,MED020,7.29,10,2.71
2026-02-24,ST024,MED021,9.71,12,2.29
2026-02-24,ST024,MED022,8.21,7,1.21
2026-02-24,ST024,MED023,13.21,11,2.21
2026-02-24,ST024,MED024,11.5,10,1.5
2026-02-24,ST024,MED025,6.0,8,2.0
2026-02-24,ST024,MED026,12.07,9,3.07
2026-02-24,ST024,MED027,12.5,8,4.5
2026-02-24,ST024,MED028,5.93,6,0.07
2026-02-24,ST024,MED029,11.43,9,2.43
2026-02-24,ST024,MED030,5.5,7,1.5
2026-02-24,ST025,MED001,12.57,15,2.43
2026-02-24,ST025,MED002,12.93,12,0.93
2026-02-24,ST025,MED003,3.0,5,2.0
2026-02-24,ST025,MED004,9.29,13,3.71
2026-02-24,ST025,MED005,12.79,14,1.21
2026-02-24,ST025,MED006,10.43,7,3.43
2026-02-24,ST025,MED007,3.71,4,0.29
2026-02-24,ST025,MED008,4.43,4,0.43
2026-02-24,ST025,MED009,10.5,15,4.5
2026-02-24,ST025,MED010,4.57,7,2.43
2026-02-24,ST025,MED011,12.93,10,2.93
2026-02-24,ST025,MED012,10.29,11,0.71
2026-02-24,ST025,MED013,8.36,9,0.64
2026-02-24,ST025,MED014,6.36,7,0.64
2026-02-24,ST025,MED015,14.21,13,1.21
2026-02-24,ST025,MED016,8.93,10,1.07
2026-02-24,ST025,MED017,13.07,10,3.07
2026-02-24,ST025,MED018,7.57,5,2.57
2026-02-24,ST025,MED019,3.43,6,2.57
2026-02-24,ST025,MED020,8.0,7,1.0
2026-02-24,ST025,MED021,11.5,9,2.5
2026-02-24,ST025,MED022,9.93,10,0.07
2026-02-24,ST025,MED023,12.57,10,2.57
2026-02-24,ST025,MED024,14.5,11,3.5
2026-02-24,ST025,MED025,7.21,2,5.21
2026-02-24,ST025,MED026,13.21,14,0.79
2026-02-24,ST025,MED027,11.93,15,3.07
2026-02-24,ST025,MED028,6.21,2,4.21
2026-02-24,ST025,MED029,11.14,12,0.86
2026-02-24,ST025,MED030,5.07,6,0.93
2026-02-24,ST026,MED001,13.5,13,0.5
2026-02-24,ST026,MED002,13.5,13,0.5
2026-02-24,ST026,MED003,3.71,2,1.71
2026-02-24,ST026,MED004,10.64,10,0.64
2026-02-24,ST026,MED005,13.64,14,0.36
2026-02-24,ST026,MED006,11.86,16,4.14
2026-02-24,ST026,MED007,3.93,6,2.07
2026-02-24,ST026,MED008,4.14,1,3.14
2026-02-24,ST026,MED009,13.14,13,0.14
2026-02-24,ST026,MED010,4.86,8,3.14
2026-02-24,ST026,MED011,13.36,16,2.64
2026-02-24,ST026,MED012,12.64,10,2.64
2026-02-24,ST026,MED013,8.86,4,4.86
2026-02-24,ST026,MED014,6.79,2,4.79
2026-02-24,ST026,MED015,16.07,18,1.93
2026-02-24,ST026,MED016,8.29,7,1.29
2026-02-24,ST026,MED017,13.57,13,0.57
2026-02-24,ST026,MED018,6.93,7,0.07
2026-02-24,ST026,MED019,3.43,6,2.57
2026-02-24,ST026,MED020,8.79,8,0.79
2026-02-24,ST026,MED021,12.5,9,3.5
2026-02-24,ST026,MED022,9.14,11,1.86
2026-02-24,ST026,MED023,13.0,17,4.0
2026-02-24,ST026,MED024,16.07,15,1.07
2026-02-24,ST026,MED025,8.21,8,0.21
2026-02-24,ST026,MED026,13.86,12,1.86
2026-02-24,ST026,MED027,14.29,14,0.29
2026-02-24,ST026,MED028,8.14,6,2.14
2026-02-24,ST026,MED029,12.0,14,2.0
2026-02-24,ST026,MED030,6.5,6,0.5
2026-02-24,ST027,MED001,14.86,14,0.86
2026-02-24,ST027,MED002,15.64,16,0.36
2026-02-24,ST027,MED003,4.79,5,0.21
2026-02-24,ST027,MED004,10.21,11,0.79
2026-02-24,ST027,MED005,14.29,10,4.29
2026-02-24,ST027,MED006,13.64,23,9.36
2026-02-24,ST027,MED007,4.86,4,0.86
2026-02-24,ST027,MED008,4.36,4,0.36
2026-02-24,ST027,MED009,13.29,24,10.71
2026-02-24,ST027,MED010,5.36,5,0.36
2026-02-24,ST027,MED011,15.14,11,4.14
2026-02-24,ST027,MED012,13.36,16,2.64
2026-02-24,ST027,MED013,9.0,11,2.0
2026-02-24,ST027,MED014,5.43,5,0.43
2026-02-24,ST027,MED015,15.71,17,1.29
2026-02-24,ST027,MED016,10.64,7,3.64
2026-02-24,ST027,MED017,14.79,13,1.79
2026-02-24,ST027,MED018,7.21,11,3.79
2026-02-24,ST027,MED019,3.57,2,1.57
2026-02-24,ST027,MED020,9.64,11,1.36
2026-02-24,ST027,MED021,13.43,15,1.57
2026-02-24,ST027,MED022,9.29,6,3.29
2026-02-24,ST027,MED023,14.64,13,1.64
2026-02-24,ST027,MED024,16.57,13,3.57
2026-02-24,ST027,MED025,8.64,7,1.64
2026-02-24,ST027,MED026,14.64,18,3.36
2026-02-24,ST027,MED027,16.29,13,3.29
2026-02-24,ST027,MED028,8.64,10,1.36
2026-02-24,ST027,MED029,11.93,16,4.07
2026-02-24,ST027,MED030,7.0,8,1.0
2026-02-24,ST028,MED001,9.14,8,1.14
2026-02-24,ST028,MED002,9.71,6,3.71
2026-02-24,ST028,MED003,2.14,5,2.86
2026-02-24,ST028,MED004,6.57,8,1.43
2026-02-24,ST028,MED005,8.43,11,2.57
2026-02-24,ST028,MED006,9.07,12,2.93
2026-02-24,ST028,MED007,2.14,1,1.14
2026-02-24,ST028,MED008,2.43,0,2.43
2026-02-24,ST028,MED009,7.93,8,0.07
2026-02-24,ST028,MED010,3.86,2,1.86
2026-02-24,ST028,MED011,8.07,6,2.07
2026-02-24,ST028,MED012,7.36,7,0.36
2026-02-24,ST028,MED013,5.79,3,2.79
2026-02-24,ST028,MED014,4.79,5,0.21
2026-02-24,ST028,MED015,9.36,7,2.36
2026-02-24,ST028,MED016,5.0,7,2.0
2026-02-24,ST028,MED017,9.14,10,0.86
2026-02-24,ST028,MED018,5.0,5,0.0
2026-02-24,ST028,MED019,1.36,1,0.36
2026-02-24,ST028,MED020,5.36,9,3.64
2026-02-24,ST028,MED021,7.29,8,0.71
2026-02-24,ST028,MED022,5.07,4,1.07
2026-02-24,ST028,MED023,8.0,4,4.0
2026-02-24,ST028,MED024,8.21,10,1.79
2026-02-24,ST028,MED025,5.07,9,3.93
2026-02-24,ST028,MED026,9.0,4,5.0
2026-02-24,ST028,MED027,9.14,12,2.86
2026-02-24,ST028,MED028,6.14,3,3.14
2026-02-24,ST028,MED029,7.14,4,3.14
2026-02-24,ST028,MED030,4.57,4,0.57
2026-02-24,ST029,MED001,9.5,8,1.5
2026-02-24,ST029,MED002,10.14,8,2.14
2026-02-24,ST029,MED003,2.43,3,0.57
2026-02-24,ST029,MED004,7.57,5,2.57
2026-02-24,ST029,MED005,9.57,11,1.43
2026-02-24,ST029,MED006,8.79,4,4.79
2026-02-24,ST029,MED007,2.79,6,3.21
2026-02-24,ST029,MED008,2.64,3,0.36
2026-02-24,ST029,MED009,8.14,12,3.86
2026-02-24,ST029,MED010,2.86,6,3.14
2026-02-24,ST029,MED011,9.5,11,1.5
2026-02-24,ST029,MED012,7.29,10,2.71
2026-02-24,ST029,MED013,6.5,3,3.5
2026-02-24,ST029,MED014,3.86,7,3.14
2026-02-24,ST029,MED015,11.07,8,3.07
2026-02-24,ST029,MED016,4.93,4,0.93
2026-02-24,ST029,MED017,8.93,12,3.07
2026-02-24,ST029,MED018,4.86,5,0.14
2026-02-24,ST029,MED019,3.5,1,2.5
2026-02-24,ST029,MED020,5.64,3,2.64
2026-02-24,ST029,MED021,9.43,10,0.57
2026-02-24,ST029,MED022,6.29,10,3.71
2026-02-24,ST029,MED023,8.64,7,1.64
2026-02-24,ST029,MED024,11.14,11,0.14
2026-02-24,ST029,MED025,4.21,7,2.79
2026-02-24,ST029,MED026,9.36,7,2.36
2026-02-24,ST029,MED027,10.93,9,1.93
2026-02-24,ST029,MED028,5.57,4,1.57
2026-02-24,ST029,MED029,8.86,7,1.86
2026-02-24,ST029,MED030,4.64,5,0.36
2026-02-24,ST030,MED001,10.64,9,1.64
2026-02-24,ST030,MED002,10.93,10,0.93
2026-02-24,ST030,MED003,2.71,0,2.71
2026-02-24,ST030,MED004,8.57,8,0.57
2026-02-24,ST030,MED005,10.29,6,4.29
2026-02-24,ST030,MED006,9.5,5,4.5
2026-02-24,ST030,MED007,2.93,4,1.07
2026-02-24,ST030,MED008,2.64,7,4.36
2026-02-24,ST030,MED009,8.93,9,0.07
2026-02-24,ST030,MED010,4.07,2,2.07
2026-02-24,ST030,MED011,11.43,7,4.43
2026-02-24,ST030,MED012,10.36,7,3.36
2026-02-24,ST030,MED013,6.5,2,4.5
2026-02-24,ST030,MED014,5.57,8,2.43
2026-02-24,ST030,MED015,11.14,13,1.86
2026-02-24,ST030,MED016,7.71,6,1.71
2026-02-24,ST030,MED017,10.29,6,4.29
2026-02-24,ST030,MED018,5.5,5,0.5
2026-02-24,ST030,MED019,3.43,7,3.57
2026-02-24,ST030,MED020,6.71,6,0.71
2026-02-24,ST030,MED021,9.71,9,0.71
2026-02-24,ST030,MED022,6.43,9,2.57
2026-02-24,ST030,MED023,10.07,7,3.07
2026-02-24,ST030,MED024,11.14,12,0.86
2026-02-24,ST030,MED025,5.07,7,1.93
2026-02-24,ST030,MED026,10.36,10,0.36
2026-02-24,ST030,MED027,11.07,14,2.93
2026-02-24,ST030,MED028,6.21,8,1.79
2026-02-24,ST030,MED029,7.43,5,2.43
2026-02-24,ST030,MED030,5.5,2,3.5
2026-02-24,ST031,MED001,10.64,12,1.36
2026-02-24,ST031,MED002,11.21,12,0.79
2026-02-24,ST031,MED003,3.43,0,3.43
2026-02-24,ST031,MED004,9.14,8,1.14
2026-02-24,ST031,MED005,11.29,13,1.71
2026-02-24,ST031,MED006,10.86,11,0.14
2026-02-24,ST031,MED007,4.86,2,2.86
2026-02-24,ST031,MED008,3.0,6,3.0
2026-02-24,ST031,MED009,11.5,7,4.5
2026-02-24,ST031,MED010,4.79,3,1.79
2026-02-24,ST031,MED011,10.0,13,3.0
2026-02-24,ST031,MED012,10.29,10,0.29
2026-02-24,ST031,MED013,7.57,10,2.43
2026-02-24,ST031,MED014,4.86,6,1.14
2026-02-24,ST031,MED015,13.21,12,1.21
2026-02-24,ST031,MED016,7.14,9,1.86
2026-02-24,ST031,MED017,11.29,13,1.71
2026-02-24,ST031,MED018,7.14,7,0.14
2026-02-24,ST031,MED019,3.71,4,0.29
2026-02-24,ST031,MED020,8.07,6,2.07
2026-02-24,ST031,MED021,10.0,11,1.0
2026-02-24,ST031,MED022,6.21,8,1.79
2026-02-24,ST031,MED023,11.86,16,4.14
2026-02-24,ST031,MED024,12.36,8,4.36
2026-02-24,ST031,MED025,5.79,7,1.21
2026-02-24,ST031,MED026,11.36,9,2.36
2026-02-24,ST031,MED027,11.93,13,1.07
2026-02-24,ST031,MED028,6.64,4,2.64
2026-02-24,ST031,MED029,9.14,12,2.86
2026-02-24,ST031,MED030,4.86,8,3.14
2026-02-24,ST032,MED001,11.86,11,0.86
2026-02-24,ST032,MED002,12.14,13,0.86
2026-02-24,ST032,MED003,4.07,4,0.07
2026-02-24,ST032,MED004,8.93,8,0.93
2026-02-24,ST032,MED005,11.07,9,2.07
2026-02-24,ST032,MED006,11.36,13,1.64
2026-02-24,ST032,MED007,3.43,5,1.57
2026-02-24,ST032,MED008,2.57,3,0.43
2026-02-24,ST032,MED009,12.36,11,1.36
2026-02-24,ST032,MED010,5.36,7,1.64
2026-02-24,ST032,MED011,13.07,10,3.07
2026-02-24,ST032,MED012,11.29,8,3.29
2026-02-24,ST032,MED013,8.5,6,2.5
2026-02-24,ST032,MED014,6.36,3,3.36
2026-02-24,ST032,MED015,14.0,13,1.0
2026-02-24,ST032,MED016,8.71,8,0.71
2026-02-24,ST032,MED017,11.79,13,1.21
2026-02-24,ST032,MED018,5.71,6,0.29
2026-02-24,ST032,MED019,3.36,6,2.64
2026-02-24,ST032,MED020,7.64,3,4.64
2026-02-24,ST032,MED021,11.5,12,0.5
2026-02-24,ST032,MED022,8.93,11,2.07
2026-02-24,ST032,MED023,11.07,18,6.93
2026-02-24,ST032,MED024,14.5,13,1.5
2026-02-24,ST032,MED025,7.57,4,3.57
2026-02-24,ST032,MED026,14.79,9,5.79
2026-02-24,ST032,MED027,12.57,11,1.57
2026-02-24,ST032,MED028,7.64,8,0.36
2026-02-24,ST032,MED029,10.71,7,3.71
2026-02-24,ST032,MED030,5.79,6,0.21
2026-02-24,ST033,MED001,13.57,13,0.57
2026-02-24,ST033,MED002,13.57,18,4.43
2026-02-24,ST033,MED003,3.29,1,2.29
2026-02-24,ST033,MED004,10.43,8,2.43
2026-02-24,ST033,MED005,12.93,16,3.07
2026-02-24,ST033,MED006,12.21,16,3.79
2026-02-24,ST033,MED007,3.93,2,1.93
2026-02-24,ST033,MED008,4.0,4,0.0
2026-02-24,ST033,MED009,12.93,9,3.93
2026-02-24,ST033,MED010,4.36,5,0.64
2026-02-24,ST033,MED011,12.93,17,4.07
2026-02-24,ST033,MED012,13.57,13,0.57
2026-02-24,ST033,MED013,8.93,9,0.07
2026-02-24,ST033,MED014,6.36,9,2.64
2026-02-24,ST033,MED015,14.93,13,1.93
2026-02-24,ST033,MED016,8.86,7,1.86
2026-02-24,ST033,MED017,13.71,14,0.29
2026-02-24,ST033,MED018,7.5,7,0.5
2026-02-24,ST033,MED019,3.64,3,0.64
2026-02-24,ST033,MED020,8.71,10,1.29
2026-02-24,ST033,MED021,13.0,14,1.0
2026-02-24,ST033,MED022,8.64,9,0.36
2026-02-24,ST033,MED023,13.79,13,0.79
2026-02-24,ST033,MED024,15.29,12,3.29
2026-02-24,ST033,MED025,6.36,7,0.64
2026-02-24,ST033,MED026,13.36,27,13.64
2026-02-24,ST033,MED027,14.0,13,1.0
2026-02-24,ST033,MED028,8.14,5,3.14
2026-02-24,ST033,MED029,11.86,6,5.86
2026-02-24,ST033,MED030,5.57,5,0.57
2026-02-24,ST034,MED001,14.71,12,2.71
2026-02-24,ST034,MED002,14.86,10,4.86
2026-02-24,ST034,MED003,4.5,6,1.5
2026-02-24,ST034,MED004,11.14,13,1.86
2026-02-24,ST034,MED005,14.0,15,1.0
2026-02-24,ST034,MED006,14.36,10,4.36
2026-02-24,ST034,MED007,4.36,5,0.64
2026-02-24,ST034,MED008,3.64,2,1.64
2026-02-24,ST034,MED009,14.07,18,3.93
2026-02-24,ST034,MED010,5.21,2,3.21
2026-02-24,ST034,MED011,14.86,16,1.14
2026-02-24,ST034,MED012,13.64,16,2.36
2026-02-24,ST034,MED013,8.86,9,0.14
2026-02-24,ST034,MED014,7.36,5,2.36
2026-02-24,ST034,MED015,16.07,12,4.07
2026-02-24,ST034,MED016,7.93,8,0.07
2026-02-24,ST034,MED017,16.0,20,4.0
2026-02-24,ST034,MED018,8.0,7,1.0
2026-02-24,ST034,MED019,3.93,5,1.07
2026-02-24,ST034,MED020,8.86,9,0.14
2026-02-24,ST034,MED021,12.93,14,1.07
2026-02-24,ST034,MED022,8.86,10,1.14
2026-02-24,ST034,MED023,16.71,14,2.71
2026-02-24,ST034,MED024,15.14,18,2.86
2026-02-24,ST034,MED025,9.5,11,1.5
2026-02-24,ST034,MED026,14.5,16,1.5
2026-02-24,ST034,MED027,16.0,13,3.0
2026-02-24,ST034,MED028,9.0,5,4.0
2026-02-24,ST034,MED029,11.71,12,0.29
2026-02-24,ST034,MED030,7.0,7,0.0
2026-02-24,ST035,MED001,10.14,7,3.14
2026-02-24,ST035,MED002,8.14,6,2.14
2026-02-24,ST035,MED003,2.36,0,2.36
2026-02-24,ST035,MED004,6.5,5,1.5
2026-02-24,ST035,MED005,8.5,6,2.5
2026-02-24,ST035,MED006,8.64,10,1.36
2026-02-24,ST035,MED007,2.43,2,0.43
2026-02-24,ST035,MED008,1.71,6,4.29
2026-02-24,ST035,MED009,8.0,4,4.0
2026-02-24,ST035,MED010,2.86,5,2.14
2026-02-24,ST035,MED011,8.86,8,0.86
2026-02-24,ST035,MED012,8.64,7,1.64
2026-02-24,ST035,MED013,5.0,0,5.0
2026-02-24,ST035,MED014,4.29,4,0.29
2026-02-24,ST035,MED015,9.29,11,1.71
2026-02-24,ST035,MED016,6.14,8,1.86
2026-02-24,ST035,MED017,8.64,12,3.36
2026-02-24,ST035,MED018,3.0,5,2.0
2026-02-24,ST035,MED019,2.21,0,2.21
2026-02-24,ST035,MED020,7.29,4,3.29
2026-02-24,ST035,MED021,8.36,8,0.36
2026-02-24,ST035,MED022,5.21,3,2.21
2026-02-24,ST035,MED023,9.57,8,1.57
2026-02-24,ST035,MED024,10.0,7,3.0
2026-02-24,ST035,MED025,4.14,7,2.86
2026-02-24,ST035,MED026,8.5,8,0.5
2026-02-24,ST035,MED027,8.5,12,3.5
2026-02-24,ST035,MED028,4.0,4,0.0
2026-02-24,ST035,MED029,7.07,8,0.93
2026-02-24,ST035,MED030,3.29,1,2.29
2026-02-24,ST036,MED001,11.14,8,3.14
2026-02-24,ST036,MED002,9.79,11,1.21
2026-02-24,ST036,MED003,2.14,5,2.86
2026-02-24,ST036,MED004,8.14,7,1.14
2026-02-24,ST036,MED005,8.93,11,2.07
2026-02-24,ST036,MED006,8.79,5,3.79
2026-02-24,ST036,MED007,2.71,2,0.71
2026-02-24,ST036,MED008,2.71,1,1.71
2026-02-24,ST036,MED009,8.43,9,0.57
2026-02-24,ST036,MED010,4.0,2,2.0
2026-02-24,ST036,MED011,9.43,9,0.43
2026-02-24,ST036,MED012,8.5,9,0.5
2026-02-24,ST036,MED013,5.36,4,1.36
2026-02-24,ST036,MED014,5.57,3,2.57
2026-02-24,ST036,MED015,10.36,6,4.36
2026-02-24,ST036,MED016,6.29,10,3.71
2026-02-24,ST036,MED017,10.64,12,1.36
2026-02-24,ST036,MED018,5.79,8,2.21
2026-02-24,ST036,MED019,3.0,0,3.0
2026-02-24,ST036,MED020,6.36,7,0.64
2026-02-24,ST036,MED021,9.21,8,1.21
2026-02-24,ST036,MED022,6.0,7,1.0
2026-02-24,ST036,MED023,9.64,13,3.36
2026-02-24,ST036,MED024,10.64,13,2.36
2026-02-24,ST036,MED025,4.86,3,1.86
2026-02-24,ST036,MED026,8.93,8,0.93
2026-02-24,ST036,MED027,10.14,11,0.86
2026-02-24,ST036,MED028,5.36,5,0.36
2026-02-24,ST036,MED029,7.07,10,2.93
2026-02-24,ST036,MED030,5.14,2,3.14
2026-02-24,ST037,MED001,11.0,5,6.0
2026-02-24,ST037,MED002,10.43,11,0.57
2026-02-24,ST037,MED003,3.43,3,0.43
2026-02-24,ST037,MED004,7.64,8,0.36
2026-02-24,ST037,MED005,11.07,11,0.07
2026-02-24,ST037,MED006,10.07,10,0.07
2026-02-24,ST037,MED007,3.0,0,3.0
2026-02-24,ST037,MED008,2.86,1,1.86
2026-02-24,ST037,MED009,10.43,10,0.43
2026-02-24,ST037,MED010,3.64,0,3.64
2026-02-24,ST037,MED011,11.07,11,0.07
2026-02-24,ST037,MED012,10.0,8,2.0
2026-02-24,ST037,MED013,6.21,3,3.21
2026-02-24,ST037,MED014,5.14,9,3.86
2026-02-24,ST037,MED015,11.43,12,0.57
2026-02-24,ST037,MED016,7.0,8,1.0
2026-02-24,ST037,MED017,10.29,8,2.29
2026-02-24,ST037,MED018,6.14,3,3.14
2026-02-24,ST037,MED019,4.0,4,0.0
2026-02-24,ST037,MED020,7.07,8,0.93
2026-02-24,ST037,MED021,10.0,4,6.0
2026-02-24,ST037,MED022,6.5,7,0.5
2026-02-24,ST037,MED023,10.5,11,0.5
2026-02-24,ST037,MED024,12.14,10,2.14
2026-02-24,ST037,MED025,6.07,6,0.07
2026-02-24,ST037,MED026,11.0,8,3.0
2026-02-24,ST037,MED027,13.07,13,0.07
2026-02-24,ST037,MED028,5.86,6,0.14
2026-02-24,ST037,MED029,8.71,6,2.71
2026-02-24,ST037,MED030,4.79,4,0.79
2026-02-24,ST038,MED001,11.86,9,2.86
2026-02-24,ST038,MED002,10.86,11,0.14
2026-02-24,ST038,MED003,3.29,2,1.29
2026-02-24,ST038,MED004,8.93,9,0.07
2026-02-24,ST038,MED005,13.14,14,0.86
2026-02-24,ST038,MED006,11.07,8,3.07
2026-02-24,ST038,MED007,3.43,6,2.57
2026-02-24,ST038,MED008,3.0,1,2.0
2026-02-24,ST038,MED009,11.5,10,1.5
2026-02-24,ST038,MED010,4.71,5,0.29
2026-02-24,ST038,MED011,11.64,9,2.64
2026-02-24,ST038,MED012,11.29,12,0.71
2026-02-24,ST038,MED013,7.14,10,2.86
2026-02-24,ST038,MED014,5.43,6,0.57
2026-02-24,ST038,MED015,13.86,12,1.86
2026-02-24,ST038,MED016,6.71,8,1.29
2026-02-24,ST038,MED017,11.0,11,0.0
2026-02-24,ST038,MED018,6.64,7,0.36
2026-02-24,ST038,MED019,3.29,0,3.29
2026-02-24,ST038,MED020,7.36,11,3.64
2026-02-24,ST038,MED021,10.0,10,0.0
2026-02-24,ST038,MED022,7.5,7,0.5
2026-02-24,ST038,MED023,11.64,13,1.36
2026-02-24,ST038,MED024,12.43,13,0.57
2026-02-24,ST038,MED025,7.64,6,1.64
2026-02-24,ST038,MED026,11.79,10,1.79
2026-02-24,ST038,MED027,12.79,16,3.21
2026-02-24,ST038,MED028,5.21,2,3.21
2026-02-24,ST038,MED029,10.0,9,1.0
2026-02-24,ST038,MED030,4.64,7,2.36
2026-02-24,ST039,MED001,13.14,11,2.14
2026-02-24,ST039,MED002,12.57,25,12.43
2026-02-24,ST039,MED003,4.0,4,0.0
2026-02-24,ST039,MED004,10.21,11,0.79
2026-02-24,ST039,MED005,12.64,16,3.36
2026-02-24,ST039,MED006,13.07,9,4.07
2026-02-24,ST039,MED007,4.36,2,2.36
2026-02-24,ST039,MED008,4.07,5,0.93
2026-02-24,ST039,MED009,11.71,10,1.71
2026-02-24,ST039,MED010,5.36,6,0.64
2026-02-24,ST039,MED011,12.29,12,0.29
2026-02-24,ST039,MED012,12.0,14,2.0
2026-02-24,ST039,MED013,8.36,16,7.64
2026-02-24,ST039,MED014,6.93,4,2.93
2026-02-24,ST039,MED015,13.79,10,3.79
2026-02-24,ST039,MED016,8.0,7,1.0
2026-02-24,ST039,MED017,12.86,13,0.14
2026-02-24,ST039,MED018,7.57,8,0.43
2026-02-24,ST039,MED019,3.36,5,1.64
2026-02-24,ST039,MED020,7.79,12,4.21
2026-02-24,ST039,MED021,11.79,10,1.79
2026-02-24,ST039,MED022,7.21,10,2.79
2026-02-24,ST039,MED023,12.57,15,2.43
2026-02-24,ST039,MED024,14.07,14,0.07
2026-02-24,ST039,MED025,7.14,5,2.14
2026-02-24,ST039,MED026,12.36,13,0.64
2026-02-24,ST039,MED027,14.64,11,3.64
2026-02-24,ST039,MED028,6.64,9,2.36
2026-02-24,ST039,MED029,10.29,9,1.29
2026-02-24,ST039,MED030,5.93,2,3.93
2026-02-24,ST040,MED001,13.71,15,1.29
2026-02-24,ST040,MED002,13.0,15,2.0
2026-02-24,ST040,MED003,3.43,5,1.57
2026-02-24,ST040,MED004,10.29,9,1.29
2026-02-24,ST040,MED005,14.29,12,2.29
2026-02-24,ST040,MED006,12.0,12,0.0
2026-02-24,ST040,MED007,3.86,4,0.14
2026-02-24,ST040,MED008,3.36,3,0.36
2026-02-24,ST040,MED009,12.93,12,0.93
2026-02-24,ST040,MED010,5.29,4,1.29
2026-02-24,ST040,MED011,13.36,11,2.36
2026-02-24,ST040,MED012,12.57,11,1.57
2026-02-24,ST040,MED013,8.64,9,0.36
2026-02-24,ST040,MED014,7.93,11,3.07
2026-02-24,ST040,MED015,16.71,14,2.71
2026-02-24,ST040,MED016,8.57,9,0.43
2026-02-24,ST040,MED017,13.0,15,2.0
2026-02-24,ST040,MED018,7.07,10,2.93
2026-02-24,ST040,MED019,3.79,1,2.79
2026-02-24,ST040,MED020,8.14,9,0.86
2026-02-24,ST040,MED021,12.21,11,1.21
2026-02-24,ST040,MED022,7.36,7,0.36
2026-02-24,ST040,MED023,13.36,11,2.36
2026-02-24,ST040,MED024,15.64,15,0.64
2026-02-24,ST040,MED025,7.93,8,0.07
2026-02-24,ST040,MED026,13.21,14,0.79
2026-02-24,ST040,MED027,15.0,23,8.0
2026-02-24,ST040,MED028,7.36,8,0.64
2026-02-24,ST040,MED029,11.57,9,2.57
2026-02-24,ST040,MED030,6.29,7,0.71
2026-02-25,ST001,MED001,9.57,7,2.57
2026-02-25,ST001,MED002,8.86,9,0.14
2026-02-25,ST001,MED003,2.71,2,0.71
2026-02-25,ST001,MED004,6.86,8,1.14
2026-02-25,ST001,MED005,9.71,10,0.29
2026-02-25,ST001,MED006,8.79,10,1.21
2026-02-25,ST001,MED007,1.71,2,0.29
2026-02-25,ST001,MED008,2.5,4,1.5
2026-02-25,ST001,MED009,8.21,12,3.79
2026-02-25,ST001,MED010,3.57,4,0.43
2026-02-25,ST001,MED011,9.79,11,1.21
2026-02-25,ST001,MED012,8.93,13,4.07
2026-02-25,ST001,MED013,6.57,6,0.57
2026-02-25,ST001,MED014,4.57,3,1.57
2026-02-25,ST001,MED015,9.93,11,1.07
2026-02-25,ST001,MED016,6.64,6,0.64
2026-02-25,ST001,MED017,8.86,13,4.14
2026-02-25,ST001,MED018,5.71,4,1.71
2026-02-25,ST001,MED019,3.86,4,0.14
2026-02-25,ST001,MED020,6.43,9,2.57
2026-02-25,ST001,MED021,8.93,8,0.93
2026-02-25,ST001,MED022,6.0,8,2.0
2026-02-25,ST001,MED023,9.07,9,0.07
2026-02-25,ST001,MED024,10.21,7,3.21
2026-02-25,ST001,MED025,5.0,5,0.0
2026-02-25,ST001,MED026,10.29,10,0.29
2026-02-25,ST001,MED027,10.5,11,0.5
2026-02-25,ST001,MED028,5.43,5,0.43
2026-02-25,ST001,MED029,8.14,9,0.86
2026-02-25,ST001,MED030,4.14,3,1.14
2026-02-25,ST002,MED001,10.5,11,0.5
2026-02-25,ST002,MED002,9.43,13,3.57
2026-02-25,ST002,MED003,3.36,4,0.64
2026-02-25,ST002,MED004,8.29,1,7.29
2026-02-25,ST002,MED005,11.36,13,1.64
2026-02-25,ST002,MED006,9.86,10,0.14
2026-02-25,ST002,MED007,3.07,3,0.07
2026-02-25,ST002,MED008,3.36,0,3.36
2026-02-25,ST002,MED009,10.07,13,2.93
2026-02-25,ST002,MED010,3.71,2,1.71
2026-02-25,ST002,MED011,10.93,10,0.93
2026-02-25,ST002,MED012,9.71,9,0.71
2026-02-25,ST002,MED013,7.0,6,1.0
2026-02-25,ST002,MED014,5.5,2,3.5
2026-02-25,ST002,MED015,11.07,11,0.07
2026-02-25,ST002,MED016,8.0,4,4.0
2026-02-25,ST002,MED017,11.21,10,1.21
2026-02-25,ST002,MED018,5.07,6,0.93
2026-02-25,ST002,MED019,2.71,1,1.71
2026-02-25,ST002,MED020,6.21,5,1.21
2026-02-25,ST002,MED021,10.36,8,2.36
2026-02-25,ST002,MED022,7.57,9,1.43
2026-02-25,ST002,MED023,10.93,9,1.93
2026-02-25,ST002,MED024,12.0,11,1.0
2026-02-25,ST002,MED025,5.93,0,5.93
2026-02-25,ST002,MED026,11.07,8,3.07
2026-02-25,ST002,MED027,11.79,10,1.79
2026-02-25,ST002,MED028,6.29,6,0.29
2026-02-25,ST002,MED029,8.64,8,0.64
2026-02-25,ST002,MED030,4.86,5,0.14
2026-02-25,ST003,MED001,11.71,10,1.71
2026-02-25,ST003,MED002,11.86,12,0.14
2026-02-25,ST003,MED003,2.36,1,1.36
2026-02-25,ST003,MED004,8.29,9,0.71
2026-02-25,ST003,MED005,12.5,8,4.5
2026-02-25,ST003,MED006,10.79,13,2.21
2026-02-25,ST003,MED007,3.36,3,0.36
2026-02-25,ST003,MED008,3.07,3,0.07
2026-02-25,ST003,MED009,10.86,9,1.86
2026-02-25,ST003,MED010,4.5,5,0.5
2026-02-25,ST003,MED011,11.93,11,0.93
2026-02-25,ST003,MED012,9.86,9,0.86
2026-02-25,ST003,MED013,7.71,8,0.29
2026-02-25,ST003,MED014,4.71,2,2.71
2026-02-25,ST003,MED015,13.43,11,2.43
2026-02-25,ST003,MED016,7.29,5,2.29
2026-02-25,ST003,MED017,10.93,18,7.07
2026-02-25,ST003,MED018,5.71,2,3.71
2026-02-25,ST003,MED019,3.43,8,4.57
2026-02-25,ST003,MED020,6.71,4,2.71
2026-02-25,ST003,MED021,9.71,14,4.29
2026-02-25,ST003,MED022,7.29,6,1.29
2026-02-25,ST003,MED023,11.21,14,2.79
2026-02-25,ST003,MED024,13.5,9,4.5
2026-02-25,ST003,MED025,6.71,7,0.29
2026-02-25,ST003,MED026,12.07,10,2.07
2026-02-25,ST003,MED027,12.57,11,1.57
2026-02-25,ST003,MED028,5.64,8,2.36
2026-02-25,ST003,MED029,9.36,18,8.64
2026-02-25,ST003,MED030,5.14,2,3.14
2026-02-25,ST004,MED001,12.14,12,0.14
2026-02-25,ST004,MED002,11.64,13,1.36
2026-02-25,ST004,MED003,2.5,2,0.5
2026-02-25,ST004,MED004,9.14,10,0.86
2026-02-25,ST004,MED005,12.79,15,2.21
2026-02-25,ST004,MED006,10.5,12,1.5
2026-02-25,ST004,MED007,3.79,3,0.79
2026-02-25,ST004,MED008,4.43,4,0.43
2026-02-25,ST004,MED009,13.86,9,4.86
2026-02-25,ST004,MED010,3.79,8,4.21
2026-02-25,ST004,MED011,12.07,13,0.93
2026-02-25,ST004,MED012,11.07,11,0.07
2026-02-25,ST004,MED013,7.86,8,0.14
2026-02-25,ST004,MED014,5.64,4,1.64
2026-02-25,ST004,MED015,15.07,14,1.07
2026-02-25,ST004,MED016,7.79,7,0.79
2026-02-25,ST004,MED017,12.0,17,5.0
2026-02-25,ST004,MED018,7.43,6,1.43
2026-02-25,ST004,MED019,3.57,4,0.43
2026-02-25,ST004,MED020,7.93,8,0.07
2026-02-25,ST004,MED021,11.57,13,1.43
2026-02-25,ST004,MED022,9.0,6,3.0
2026-02-25,ST004,MED023,12.71,14,1.29
2026-02-25,ST004,MED024,14.29,14,0.29
2026-02-25,ST004,MED025,6.43,8,1.57
2026-02-25,ST004,MED026,13.0,12,1.0
2026-02-25,ST004,MED027,14.36,14,0.36
2026-02-25,ST004,MED028,8.0,7,1.0
2026-02-25,ST004,MED029,10.71,12,1.29
2026-02-25,ST004,MED030,5.93,1,4.93
2026-02-25,ST005,MED001,13.43,15,1.57
2026-02-25,ST005,MED002,14.43,15,0.57
2026-02-25,ST005,MED003,3.0,5,2.0
2026-02-25,ST005,MED004,10.21,10,0.21
2026-02-25,ST005,MED005,13.93,14,0.07
2026-02-25,ST005,MED006,12.07,14,1.93
2026-02-25,ST005,MED007,3.57,3,0.57
2026-02-25,ST005,MED008,4.07,4,0.07
2026-02-25,ST005,MED009,13.0,10,3.0
2026-02-25,ST005,MED010,5.5,5,0.5
2026-02-25,ST005,MED011,13.71,13,0.71
2026-02-25,ST005,MED012,11.64,12,0.36
2026-02-25,ST005,MED013,9.07,8,1.07
2026-02-25,ST005,MED014,6.21,0,6.21
2026-02-25,ST005,MED015,16.5,13,3.5
2026-02-25,ST005,MED016,8.43,7,1.43
2026-02-25,ST005,MED017,13.57,13,0.57
2026-02-25,ST005,MED018,6.64,8,1.36
2026-02-25,ST005,MED019,3.86,3,0.86
2026-02-25,ST005,MED020,8.79,11,2.21
2026-02-25,ST005,MED021,12.71,11,1.71
2026-02-25,ST005,MED022,9.29,11,1.71
2026-02-25,ST005,MED023,13.5,12,1.5
2026-02-25,ST005,MED024,15.07,12,3.07
2026-02-25,ST005,MED025,7.29,10,2.71
2026-02-25,ST005,MED026,14.14,16,1.86
2026-02-25,ST005,MED027,14.29,18,3.71
2026-02-25,ST005,MED028,7.71,4,3.71
2026-02-25,ST005,MED029,10.86,8,2.86
2026-02-25,ST005,MED030,5.93,6,0.07
2026-02-25,ST006,MED001,14.29,15,0.71
2026-02-25,ST006,MED002,15.71,15,0.71
2026-02-25,ST006,MED003,4.14,7,2.86
2026-02-25,ST006,MED004,10.29,10,0.29
2026-02-25,ST006,MED005,13.93,10,3.93
2026-02-25,ST006,MED006,13.57,10,3.57
2026-02-25,ST006,MED007,4.93,0,4.93
2026-02-25,ST006,MED008,4.21,6,1.79
2026-02-25,ST006,MED009,14.21,15,0.79
2026-02-25,ST006,MED010,5.29,6,0.71
2026-02-25,ST006,MED011,15.64,12,3.64
2026-02-25,ST006,MED012,13.21,10,3.21
2026-02-25,ST006,MED013,10.64,13,2.36
2026-02-25,ST006,MED014,7.0,9,2.0
2026-02-25,ST006,MED015,18.07,15,3.07
2026-02-25,ST006,MED016,9.29,10,0.71
2026-02-25,ST006,MED017,13.79,13,0.79
2026-02-25,ST006,MED018,7.71,8,0.29
2026-02-25,ST006,MED019,2.86,3,0.14
2026-02-25,ST006,MED020,8.71,12,3.29
2026-02-25,ST006,MED021,13.07,13,0.07
2026-02-25,ST006,MED022,10.07,13,2.93
2026-02-25,ST006,MED023,14.07,12,2.07
2026-02-25,ST006,MED024,15.43,20,4.57
2026-02-25,ST006,MED025,8.43,7,1.43
2026-02-25,ST006,MED026,16.14,17,0.86
2026-02-25,ST006,MED027,15.43,14,1.43
2026-02-25,ST006,MED028,8.43,6,2.43
2026-02-25,ST006,MED029,12.07,14,1.93
2026-02-25,ST006,MED030,6.57,7,0.43
2026-02-25,ST007,MED001,8.14,8,0.14
2026-02-25,ST007,MED002,7.93,10,2.07
2026-02-25,ST007,MED003,2.29,4,1.71
2026-02-25,ST007,MED004,5.86,8,2.14
2026-02-25,ST007,MED005,7.43,10,2.57
2026-02-25,ST007,MED006,7.07,10,2.93
2026-02-25,ST007,MED007,3.07,0,3.07
2026-02-25,ST007,MED008,2.0,5,3.0
2026-02-25,ST007,MED009,8.57,8,0.57
2026-02-25,ST007,MED010,3.29,1,2.29
2026-02-25,ST007,MED011,8.86,11,2.14
2026-02-25,ST007,MED012,7.79,15,7.21
2026-02-25,ST007,MED013,5.79,4,1.79
2026-02-25,ST007,MED014,5.07,2,3.07
2026-02-25,ST007,MED015,9.07,14,4.93
2026-02-25,ST007,MED016,5.79,9,3.21
2026-02-25,ST007,MED017,8.71,10,1.29
2026-02-25,ST007,MED018,5.5,5,0.5
2026-02-25,ST007,MED019,2.71,5,2.29
2026-02-25,ST007,MED020,4.36,4,0.36
2026-02-25,ST007,MED021,8.43,11,2.57
2026-02-25,ST007,MED022,6.21,3,3.21
2026-02-25,ST007,MED023,8.29,5,3.29
2026-02-25,ST007,MED024,10.07,12,1.93
2026-02-25,ST007,MED025,4.64,4,0.64
2026-02-25,ST007,MED026,8.57,6,2.57
2026-02-25,ST007,MED027,8.21,10,1.79
2026-02-25,ST007,MED028,4.93,3,1.93
2026-02-25,ST007,MED029,6.86,6,0.86
2026-02-25,ST007,MED030,4.07,5,0.93
2026-02-25,ST008,MED001,9.64,8,1.64
2026-02-25,ST008,MED002,10.86,11,0.14
2026-02-25,ST008,MED003,2.21,0,2.21
2026-02-25,ST008,MED004,6.93,8,1.07
2026-02-25,ST008,MED005,9.29,12,2.71
2026-02-25,ST008,MED006,8.36,10,1.64
2026-02-25,ST008,MED007,3.21,1,2.21
2026-02-25,ST008,MED008,3.86,2,1.86
2026-02-25,ST008,MED009,9.0,11,2.0
2026-02-25,ST008,MED010,4.0,4,0.0
2026-02-25,ST008,MED011,9.93,8,1.93
2026-02-25,ST008,MED012,9.14,8,1.14
2026-02-25,ST008,MED013,6.64,7,0.36
2026-02-25,ST008,MED014,5.64,2,3.64
2026-02-25,ST008,MED015,10.64,8,2.64
2026-02-25,ST008,MED016,6.86,6,0.86
2026-02-25,ST008,MED017,11.36,9,2.36
2026-02-25,ST008,MED018,4.29,5,0.71
2026-02-25,ST008,MED019,3.07,3,0.07
2026-02-25,ST008,MED020,7.43,3,4.43
2026-02-25,ST008,MED021,8.57,8,0.57
2026-02-25,ST008,MED022,4.21,5,0.79
2026-02-25,ST008,MED023,11.29,12,0.71
2026-02-25,ST008,MED024,10.36,7,3.36
2026-02-25,ST008,MED025,4.36,8,3.64
2026-02-25,ST008,MED026,11.21,13,1.79
2026-02-25,ST008,MED027,9.79,9,0.79
2026-02-25,ST008,MED028,4.79,4,0.79
2026-02-25,ST008,MED029,7.71,16,8.29
2026-02-25,ST008,MED030,3.36,2,1.36
2026-02-25,ST009,MED001,10.93,12,1.07
2026-02-25,ST009,MED002,10.79,8,2.79
2026-02-25,ST009,MED003,2.64,4,1.36
2026-02-25,ST009,MED004,7.5,8,0.5
2026-02-25,ST009,MED005,11.79,10,1.79
2026-02-25,ST009,MED006,9.79,16,6.21
2026-02-25,ST009,MED007,2.86,5,2.14
2026-02-25,ST009,MED008,2.79,0,2.79
2026-02-25,ST009,MED009,8.64,9,0.36
2026-02-25,ST009,MED010,3.07,2,1.07
2026-02-25,ST009,MED011,11.43,12,0.57
2026-02-25,ST009,MED012,9.29,7,2.29
2026-02-25,ST009,MED013,7.36,6,1.36
2026-02-25,ST009,MED014,4.64,4,0.64
2026-02-25,ST009,MED015,12.14,16,3.86
2026-02-25,ST009,MED016,7.71,10,2.29
2026-02-25,ST009,MED017,11.07,5,6.07
2026-02-25,ST009,MED018,6.21,4,2.21
2026-02-25,ST009,MED019,2.64,4,1.36
2026-02-25,ST009,MED020,7.07,3,4.07
2026-02-25,ST009,MED021,9.29,5,4.29
2026-02-25,ST009,MED022,6.71,10,3.29
2026-02-25,ST009,MED023,11.14,12,0.86
2026-02-25,ST009,MED024,11.57,11,0.57
2026-02-25,ST009,MED025,6.29,2,4.29
2026-02-25,ST009,MED026,11.21,13,1.79
2026-02-25,ST009,MED027,11.93,12,0.07
2026-02-25,ST009,MED028,6.07,5,1.07
2026-02-25,ST009,MED029,8.79,7,1.79
2026-02-25,ST009,MED030,5.29,1,4.29
2026-02-25,ST010,MED001,11.64,21,9.36
2026-02-25,ST010,MED002,11.14,14,2.86
2026-02-25,ST010,MED003,3.86,4,0.14
2026-02-25,ST010,MED004,7.57,13,5.43
2026-02-25,ST010,MED005,10.71,9,1.71
2026-02-25,ST010,MED006,10.86,11,0.14
2026-02-25,ST010,MED007,4.93,2,2.93
2026-02-25,ST010,MED008,2.21,3,0.79
2026-02-25,ST010,MED009,9.86,13,3.14
2026-02-25,ST010,MED010,3.71,2,1.71
2026-02-25,ST010,MED011,12.14,11,1.14
2026-02-25,ST010,MED012,11.21,11,0.21
2026-02-25,ST010,MED013,7.79,6,1.79
2026-02-25,ST010,MED014,4.93,5,0.07
2026-02-25,ST010,MED015,14.29,13,1.29
2026-02-25,ST010,MED016,6.36,9,2.64
2026-02-25,ST010,MED017,10.93,12,1.07
2026-02-25,ST010,MED018,6.5,9,2.5
2026-02-25,ST010,MED019,2.57,4,1.43
2026-02-25,ST010,MED020,8.79,6,2.79
2026-02-25,ST010,MED021,10.64,17,6.36
2026-02-25,ST010,MED022,8.43,7,1.43
2026-02-25,ST010,MED023,10.93,8,2.93
2026-02-25,ST010,MED024,12.14,11,1.14
2026-02-25,ST010,MED025,5.64,7,1.36
2026-02-25,ST010,MED026,12.14,13,0.86
2026-02-25,ST010,MED027,12.21,12,0.21
2026-02-25,ST010,MED028,5.36,5,0.36
2026-02-25,ST010,MED029,9.86,8,1.86
2026-02-25,ST010,MED030,5.93,1,4.93
2026-02-25,ST011,MED001,12.29,15,2.71
2026-02-25,ST011,MED002,14.14,16,1.86
2026-02-25,ST011,MED003,4.36,0,4.36
2026-02-25,ST011,MED004,7.07,11,3.93
2026-02-25,ST011,MED005,13.29,13,0.29
2026-02-25,ST011,MED006,11.21,10,1.21
2026-02-25,ST011,MED007,2.5,6,3.5
2026-02-25,ST011,MED008,4.36,0,4.36
2026-02-25,ST011,MED009,12.14,9,3.14
2026-02-25,ST011,MED010,5.21,5,0.21
2026-02-25,ST011,MED011,12.93,10,2.93
2026-02-25,ST011,MED012,12.29,12,0.29
2026-02-25,ST011,MED013,7.57,7,0.57
2026-02-25,ST011,MED014,5.43,7,1.57
2026-02-25,ST011,MED015,13.79,13,0.79
2026-02-25,ST011,MED016,7.64,9,1.36
2026-02-25,ST011,MED017,13.14,9,4.14
2026-02-25,ST011,MED018,6.5,7,0.5
2026-02-25,ST011,MED019,5.07,5,0.07
2026-02-25,ST011,MED020,6.71,10,3.29
2026-02-25,ST011,MED021,11.0,13,2.0
2026-02-25,ST011,MED022,7.5,6,1.5
2026-02-25,ST011,MED023,12.5,10,2.5
2026-02-25,ST011,MED024,13.64,18,4.36
2026-02-25,ST011,MED025,6.29,7,0.71
2026-02-25,ST011,MED026,13.0,12,1.0
2026-02-25,ST011,MED027,13.43,13,0.43
2026-02-25,ST011,MED028,7.36,6,1.36
2026-02-25,ST011,MED029,11.07,8,3.07
2026-02-25,ST011,MED030,5.93,5,0.93
2026-02-25,ST012,MED001,12.93,17,4.07
2026-02-25,ST012,MED002,13.93,16,2.07
2026-02-25,ST012,MED003,3.07,3,0.07
2026-02-25,ST012,MED004,9.57,10,0.43
2026-02-25,ST012,MED005,14.57,17,2.43
2026-02-25,ST012,MED006,11.36,16,4.64
2026-02-25,ST012,MED007,3.43,0,3.43
2026-02-25,ST012,MED008,3.79,5,1.21
2026-02-25,ST012,MED009,13.43,16,2.57
2026-02-25,ST012,MED010,5.14,4,1.14
2026-02-25,ST012,MED011,14.0,23,9.0
2026-02-25,ST012,MED012,13.21,24,10.79
2026-02-25,ST012,MED013,8.57,8,0.57
2026-02-25,ST012,MED014,6.71,7,0.29
2026-02-25,ST012,MED015,14.86,14,0.86
2026-02-25,ST012,MED016,9.93,11,1.07
2026-02-25,ST012,MED017,15.07,15,0.07
2026-02-25,ST012,MED018,9.0,9,0.0
2026-02-25,ST012,MED019,4.21,4,0.21
2026-02-25,ST012,MED020,8.21,5,3.21
2026-02-25,ST012,MED021,12.43,11,1.43
2026-02-25,ST012,MED022,8.07,4,4.07
2026-02-25,ST012,MED023,13.43,11,2.43
2026-02-25,ST012,MED024,14.79,13,1.79
2026-02-25,ST012,MED025,7.36,5,2.36
2026-02-25,ST012,MED026,14.64,8,6.64
2026-02-25,ST012,MED027,13.86,16,2.14
2026-02-25,ST012,MED028,6.93,6,0.93
2026-02-25,ST012,MED029,12.29,10,2.29
2026-02-25,ST012,MED030,6.43,7,0.57
2026-02-25,ST013,MED001,15.64,15,0.64
2026-02-25,ST013,MED002,15.29,17,1.71
2026-02-25,ST013,MED003,4.14,4,0.14
2026-02-25,ST013,MED004,11.0,10,1.0
2026-02-25,ST013,MED005,15.93,13,2.93
2026-02-25,ST013,MED006,14.29,15,0.71
2026-02-25,ST013,MED007,4.0,4,0.0
2026-02-25,ST013,MED008,4.14,3,1.14
2026-02-25,ST013,MED009,12.93,14,1.07
2026-02-25,ST013,MED010,4.57,5,0.43
2026-02-25,ST013,MED011,14.93,12,2.93
2026-02-25,ST013,MED012,14.21,13,1.21
2026-02-25,ST013,MED013,10.43,8,2.43
2026-02-25,ST013,MED014,7.5,3,4.5
2026-02-25,ST013,MED015,16.57,14,2.57
2026-02-25,ST013,MED016,9.36,8,1.36
2026-02-25,ST013,MED017,14.79,16,1.21
2026-02-25,ST013,MED018,8.0,6,2.0
2026-02-25,ST013,MED019,3.64,7,3.36
2026-02-25,ST013,MED020,10.93,10,0.93
2026-02-25,ST013,MED021,13.86,24,10.14
2026-02-25,ST013,MED022,9.29,9,0.29
2026-02-25,ST013,MED023,15.14,13,2.14
2026-02-25,ST013,MED024,17.71,17,0.71
2026-02-25,ST013,MED025,9.5,10,0.5
2026-02-25,ST013,MED026,14.29,14,0.29
2026-02-25,ST013,MED027,17.14,16,1.14
2026-02-25,ST013,MED028,8.86,7,1.86
2026-02-25,ST013,MED029,12.07,9,3.07
2026-02-25,ST013,MED030,7.0,6,1.0
2026-02-25,ST014,MED001,8.5,5,3.5
2026-02-25,ST014,MED002,9.29,11,1.71
2026-02-25,ST014,MED003,1.79,7,5.21
2026-02-25,ST014,MED004,6.21,11,4.79
2026-02-25,ST014,MED005,9.29,11,1.71
2026-02-25,ST014,MED006,9.79,9,0.79
2026-02-25,ST014,MED007,2.0,5,3.0
2026-02-25,ST014,MED008,3.71,0,3.71
2026-02-25,ST014,MED009,7.64,5,2.64
2026-02-25,ST014,MED010,3.86,5,1.14
2026-02-25,ST014,MED011,9.93,6,3.93
2026-02-25,ST014,MED012,6.86,11,4.14
2026-02-25,ST014,MED013,5.07,10,4.93
2026-02-25,ST014,MED014,2.43,3,0.57
2026-02-25,ST014,MED015,9.07,10,0.93
2026-02-25,ST014,MED016,5.93,5,0.93
2026-02-25,ST014,MED017,8.71,8,0.71
2026-02-25,ST014,MED018,4.43,2,2.43
2026-02-25,ST014,MED019,3.43,0,3.43
2026-02-25,ST014,MED020,5.29,5,0.29
2026-02-25,ST014,MED021,8.14,10,1.86
2026-02-25,ST014,MED022,5.43,2,3.43
2026-02-25,ST014,MED023,8.5,7,1.5
2026-02-25,ST014,MED024,8.07,13,4.93
2026-02-25,ST014,MED025,4.86,3,1.86
2026-02-25,ST014,MED026,8.14,8,0.14
2026-02-25,ST014,MED027,9.93,6,3.93
2026-02-25,ST014,MED028,4.64,3,1.64
2026-02-25,ST014,MED029,8.14,7,1.14
2026-02-25,ST014,MED030,4.43,4,0.43
2026-02-25,ST015,MED001,9.93,10,0.07
2026-02-25,ST015,MED002,10.79,13,2.21
2026-02-25,ST015,MED003,3.14,0,3.14
2026-02-25,ST015,MED004,7.29,10,2.71
2026-02-25,ST015,MED005,8.36,10,1.64
2026-02-25,ST015,MED006,8.21,4,4.21
2026-02-25,ST015,MED007,2.21,0,2.21
2026-02-25,ST015,MED008,2.79,0,2.79
2026-02-25,ST015,MED009,8.29,8,0.29
2026-02-25,ST015,MED010,2.93,5,2.07
2026-02-25,ST015,MED011,10.0,12,2.0
2026-02-25,ST015,MED012,9.64,4,5.64
2026-02-25,ST015,MED013,5.29,7,1.71
2026-02-25,ST015,MED014,3.93,7,3.07
2026-02-25,ST015,MED015,11.86,9,2.86
2026-02-25,ST015,MED016,6.57,4,2.57
2026-02-25,ST015,MED017,9.0,6,3.0
2026-02-25,ST015,MED018,4.5,3,1.5
2026-02-25,ST015,MED019,2.29,1,1.29
2026-02-25,ST015,MED020,6.07,6,0.07
2026-02-25,ST015,MED021,8.86,13,4.14
2026-02-25,ST015,MED022,6.86,2,4.86
2026-02-25,ST015,MED023,9.86,10,0.14
2026-02-25,ST015,MED024,10.57,13,2.43
2026-02-25,ST015,MED025,5.29,6,0.71
2026-02-25,ST015,MED026,8.71,8,0.71
2026-02-25,ST015,MED027,10.86,9,1.86
2026-02-25,ST015,MED028,6.36,5,1.36
2026-02-25,ST015,MED029,7.79,5,2.79
2026-02-25,ST015,MED030,4.07,6,1.93
2026-02-25,ST016,MED001,10.86,11,0.14
2026-02-25,ST016,MED002,10.0,12,2.0
2026-02-25,ST016,MED003,3.79,1,2.79
2026-02-25,ST016,MED004,7.43,11,3.57
2026-02-25,ST016,MED005,10.43,12,1.57
2026-02-25,ST016,MED006,9.64,7,2.64
2026-02-25,ST016,MED007,2.43,6,3.57
2026-02-25,ST016,MED008,3.5,2,1.5
2026-02-25,ST016,MED009,9.71,8,1.71
2026-02-25,ST016,MED010,4.14,6,1.86
2026-02-25,ST016,MED011,10.71,11,0.29
2026-02-25,ST016,MED012,10.0,9,1.0
2026-02-25,ST016,MED013,7.0,7,0.0
2026-02-25,ST016,MED014,5.43,10,4.57
2026-02-25,ST016,MED015,13.07,12,1.07
2026-02-25,ST016,MED016,6.79,6,0.79
2026-02-25,ST016,MED017,9.79,9,0.79
2026-02-25,ST016,MED018,6.14,7,0.86
2026-02-25,ST016,MED019,3.36,3,0.36
2026-02-25,ST016,MED020,7.71,6,1.71
2026-02-25,ST016,MED021,10.07,12,1.93
2026-02-25,ST016,MED022,6.93,6,0.93
2026-02-25,ST016,MED023,10.93,8,2.93
2026-02-25,ST016,MED024,11.64,12,0.36
2026-02-25,ST016,MED025,6.36,9,2.64
2026-02-25,ST016,MED026,10.43,12,1.57
2026-02-25,ST016,MED027,11.86,10,1.86
2026-02-25,ST016,MED028,6.21,8,1.79
2026-02-25,ST016,MED029,8.29,13,4.71
2026-02-25,ST016,MED030,6.0,5,1.0
2026-02-25,ST017,MED001,11.93,13,1.07
2026-02-25,ST017,MED002,11.57,11,0.57
2026-02-25,ST017,MED003,3.0,5,2.0
2026-02-25,ST017,MED004,8.0,11,3.0
2026-02-25,ST017,MED005,11.71,14,2.29
2026-02-25,ST017,MED006,10.64,10,0.64
2026-02-25,ST017,MED007,2.43,0,2.43
2026-02-25,ST017,MED008,4.29,5,0.71
2026-02-25,ST017,MED009,11.36,11,0.36
2026-02-25,ST017,MED010,4.64,5,0.36
2026-02-25,ST017,MED011,12.14,8,4.14
2026-02-25,ST017,MED012,10.93,9,1.93
2026-02-25,ST017,MED013,6.86,6,0.86
2026-02-25,ST017,MED014,5.5,4,1.5
2026-02-25,ST017,MED015,13.71,14,0.29
2026-02-25,ST017,MED016,6.79,7,0.21
2026-02-25,ST017,MED017,11.14,10,1.14
2026-02-25,ST017,MED018,5.43,7,1.57
2026-02-25,ST017,MED019,2.36,6,3.64
2026-02-25,ST017,MED020,7.0,7,0.0
2026-02-25,ST017,MED021,12.14,10,2.14
2026-02-25,ST017,MED022,6.57,7,0.43
2026-02-25,ST017,MED023,11.36,10,1.36
2026-02-25,ST017,MED024,12.57,15,2.43
2026-02-25,ST017,MED025,6.29,5,1.29
2026-02-25,ST017,MED026,12.36,11,1.36
2026-02-25,ST017,MED027,13.0,9,4.0
2026-02-25,ST017,MED028,5.86,7,1.14
2026-02-25,ST017,MED029,8.43,6,2.43
2026-02-25,ST017,MED030,5.14,6,0.86
2026-02-25,ST018,MED001,12.79,12,0.79
2026-02-25,ST018,MED002,13.71,9,4.71
2026-02-25,ST018,MED003,3.5,6,2.5
2026-02-25,ST018,MED004,9.29,8,1.29
2026-02-25,ST018,MED005,13.43,12,1.43
2026-02-25,ST018,MED006,12.57,11,1.57
2026-02-25,ST018,MED007,4.07,5,0.93
2026-02-25,ST018,MED008,3.43,5,1.57
2026-02-25,ST018,MED009,12.29,12,0.29
2026-02-25,ST018,MED010,4.43,7,2.57
2026-02-25,ST018,MED011,14.0,15,1.0
2026-02-25,ST018,MED012,11.93,10,1.93
2026-02-25,ST018,MED013,7.93,8,0.07
2026-02-25,ST018,MED014,7.29,5,2.29
2026-02-25,ST018,MED015,14.5,16,1.5
2026-02-25,ST018,MED016,7.36,5,2.36
2026-02-25,ST018,MED017,11.21,13,1.79
2026-02-25,ST018,MED018,6.36,9,2.64
2026-02-25,ST018,MED019,4.36,0,4.36
2026-02-25,ST018,MED020,7.57,9,1.43
2026-02-25,ST018,MED021,11.43,7,4.43
2026-02-25,ST018,MED022,8.14,5,3.14
2026-02-25,ST018,MED023,13.36,12,1.36
2026-02-25,ST018,MED024,13.64,14,0.36
2026-02-25,ST018,MED025,6.29,3,3.29
2026-02-25,ST018,MED026,13.43,10,3.43
2026-02-25,ST018,MED027,12.86,12,0.86
2026-02-25,ST018,MED028,7.36,11,3.64
2026-02-25,ST018,MED029,9.79,13,3.21
2026-02-25,ST018,MED030,6.5,5,1.5
2026-02-25,ST019,MED001,12.79,24,11.21
2026-02-25,ST019,MED002,14.36,14,0.36
2026-02-25,ST019,MED003,5.0,7,2.0
2026-02-25,ST019,MED004,9.79,10,0.21
2026-02-25,ST019,MED005,14.86,11,3.86
2026-02-25,ST019,MED006,13.21,11,2.21
2026-02-25,ST019,MED007,3.79,0,3.79
2026-02-25,ST019,MED008,4.29,2,2.29
2026-02-25,ST019,MED009,12.79,12,0.79
2026-02-25,ST019,MED010,5.36,2,3.36
2026-02-25,ST019,MED011,14.79,11,3.79
2026-02-25,ST019,MED012,12.21,14,1.79
2026-02-25,ST019,MED013,8.43,7,1.43
2026-02-25,ST019,MED014,5.5,6,0.5
2026-02-25,ST019,MED015,14.71,15,0.29
2026-02-25,ST019,MED016,8.29,9,0.71
2026-02-25,ST019,MED017,13.93,8,5.93
2026-02-25,ST019,MED018,7.79,9,1.21
2026-02-25,ST019,MED019,3.93,3,0.93
2026-02-25,ST019,MED020,8.64,5,3.64
2026-02-25,ST019,MED021,11.14,10,1.14
2026-02-25,ST019,MED022,9.07,8,1.07
2026-02-25,ST019,MED023,13.5,15,1.5
2026-02-25,ST019,MED024,16.21,15,1.21
2026-02-25,ST019,MED025,7.43,8,0.57
2026-02-25,ST019,MED026,14.79,9,5.79
2026-02-25,ST019,MED027,14.29,13,1.29
2026-02-25,ST019,MED028,7.29,7,0.29
2026-02-25,ST019,MED029,10.93,17,6.07
2026-02-25,ST019,MED030,6.64,6,0.64
2026-02-25,ST020,MED001,14.93,14,0.93
2026-02-25,ST020,MED002,13.93,14,0.07
2026-02-25,ST020,MED003,3.71,3,0.71
2026-02-25,ST020,MED004,9.79,8,1.79
2026-02-25,ST020,MED005,14.29,13,1.29
2026-02-25,ST020,MED006,12.57,11,1.57
2026-02-25,ST020,MED007,4.07,7,2.93
2026-02-25,ST020,MED008,4.36,6,1.64
2026-02-25,ST020,MED009,13.43,9,4.43
2026-02-25,ST020,MED010,5.29,5,0.29
2026-02-25,ST020,MED011,14.43,18,3.57
2026-02-25,ST020,MED012,13.36,16,2.64
2026-02-25,ST020,MED013,9.93,8,1.93
2026-02-25,ST020,MED014,7.14,7,0.14
2026-02-25,ST020,MED015,15.5,16,0.5
2026-02-25,ST020,MED016,9.86,9,0.86
2026-02-25,ST020,MED017,15.57,18,2.43
2026-02-25,ST020,MED018,8.14,6,2.14
2026-02-25,ST020,MED019,5.0,6,1.0
2026-02-25,ST020,MED020,8.64,6,2.64
2026-02-25,ST020,MED021,14.71,13,1.71
2026-02-25,ST020,MED022,9.79,11,1.21
2026-02-25,ST020,MED023,14.64,13,1.64
2026-02-25,ST020,MED024,16.36,13,3.36
2026-02-25,ST020,MED025,7.43,8,0.57
2026-02-25,ST020,MED026,14.29,15,0.71
2026-02-25,ST020,MED027,17.14,17,0.14
2026-02-25,ST020,MED028,7.79,10,2.21
2026-02-25,ST020,MED029,11.5,12,0.5
2026-02-25,ST020,MED030,6.36,4,2.36
2026-02-25,ST021,MED001,8.5,10,1.5
2026-02-25,ST021,MED002,7.93,8,0.07
2026-02-25,ST021,MED003,2.57,0,2.57
2026-02-25,ST021,MED004,5.64,3,2.64
2026-02-25,ST021,MED005,8.07,11,2.93
2026-02-25,ST021,MED006,8.36,9,0.64
2026-02-25,ST021,MED007,2.29,2,0.29
2026-02-25,ST021,MED008,3.29,1,2.29
2026-02-25,ST021,MED009,8.21,10,1.79
2026-02-25,ST021,MED010,3.36,3,0.36
2026-02-25,ST021,MED011,9.0,9,0.0
2026-02-25,ST021,MED012,8.21,7,1.21
2026-02-25,ST021,MED013,5.57,9,3.43
2026-02-25,ST021,MED014,5.07,4,1.07
2026-02-25,ST021,MED015,9.0,9,0.0
2026-02-25,ST021,MED016,5.71,7,1.29
2026-02-25,ST021,MED017,8.0,5,3.0
2026-02-25,ST021,MED018,5.5,9,3.5
2026-02-25,ST021,MED019,2.57,3,0.43
2026-02-25,ST021,MED020,5.0,4,1.0
2026-02-25,ST021,MED021,7.0,6,1.0
2026-02-25,ST021,MED022,5.21,5,0.21
2026-02-25,ST021,MED023,8.79,9,0.21
2026-02-25,ST021,MED024,9.21,5,4.21
2026-02-25,ST021,MED025,3.86,8,4.14
2026-02-25,ST021,MED026,8.36,7,1.36
2026-02-25,ST021,MED027,9.71,8,1.71
2026-02-25,ST021,MED028,4.21,5,0.79
2026-02-25,ST021,MED029,8.07,9,0.93
2026-02-25,ST021,MED030,3.64,4,0.36
2026-02-25,ST022,MED001,10.57,10,0.57
2026-02-25,ST022,MED002,8.57,7,1.57
2026-02-25,ST022,MED003,3.0,3,0.0
2026-02-25,ST022,MED004,7.71,4,3.71
2026-02-25,ST022,MED005,10.14,9,1.14
2026-02-25,ST022,MED006,8.21,6,2.21
2026-02-25,ST022,MED007,3.21,0,3.21
2026-02-25,ST022,MED008,2.36,0,2.36
2026-02-25,ST022,MED009,9.43,8,1.43
2026-02-25,ST022,MED010,2.79,2,0.79
2026-02-25,ST022,MED011,10.29,11,0.71
2026-02-25,ST022,MED012,8.64,6,2.64
2026-02-25,ST022,MED013,5.57,6,0.43
2026-02-25,ST022,MED014,5.5,1,4.5
2026-02-25,ST022,MED015,10.07,11,0.93
2026-02-25,ST022,MED016,5.71,7,1.29
2026-02-25,ST022,MED017,8.5,9,0.5
2026-02-25,ST022,MED018,4.86,3,1.86
2026-02-25,ST022,MED019,2.79,5,2.21
2026-02-25,ST022,MED020,6.93,5,1.93
2026-02-25,ST022,MED021,9.21,7,2.21
2026-02-25,ST022,MED022,5.79,4,1.79
2026-02-25,ST022,MED023,9.43,10,0.57
2026-02-25,ST022,MED024,13.07,11,2.07
2026-02-25,ST022,MED025,5.79,5,0.79
2026-02-25,ST022,MED026,9.21,9,0.21
2026-02-25,ST022,MED027,11.14,12,0.86
2026-02-25,ST022,MED028,4.64,4,0.64
2026-02-25,ST022,MED029,8.93,14,5.07
2026-02-25,ST022,MED030,3.29,5,1.71
2026-02-25,ST023,MED001,10.64,10,0.64
2026-02-25,ST023,MED002,10.21,6,4.21
2026-02-25,ST023,MED003,2.79,2,0.79
2026-02-25,ST023,MED004,7.29,6,1.29
2026-02-25,ST023,MED005,10.71,11,0.29
2026-02-25,ST023,MED006,10.07,6,4.07
2026-02-25,ST023,MED007,3.14,0,3.14
2026-02-25,ST023,MED008,2.93,3,0.07
2026-02-25,ST023,MED009,9.07,8,1.07
2026-02-25,ST023,MED010,3.86,4,0.14
2026-02-25,ST023,MED011,10.86,12,1.14
2026-02-25,ST023,MED012,8.57,5,3.57
2026-02-25,ST023,MED013,6.21,5,1.21
2026-02-25,ST023,MED014,5.07,7,1.93
2026-02-25,ST023,MED015,11.71,15,3.29
2026-02-25,ST023,MED016,7.64,7,0.64
2026-02-25,ST023,MED017,10.36,11,0.64
2026-02-25,ST023,MED018,6.64,4,2.64
2026-02-25,ST023,MED019,3.07,2,1.07
2026-02-25,ST023,MED020,5.64,11,5.36
2026-02-25,ST023,MED021,10.14,7,3.14
2026-02-25,ST023,MED022,7.29,6,1.29
2026-02-25,ST023,MED023,10.43,14,3.57
2026-02-25,ST023,MED024,12.14,9,3.14
2026-02-25,ST023,MED025,6.0,5,1.0
2026-02-25,ST023,MED026,12.14,7,5.14
2026-02-25,ST023,MED027,12.64,14,1.36
2026-02-25,ST023,MED028,5.79,5,0.79
2026-02-25,ST023,MED029,9.07,10,0.93
2026-02-25,ST023,MED030,5.14,4,1.14
2026-02-25,ST024,MED001,11.36,13,1.64
2026-02-25,ST024,MED002,11.64,14,2.36
2026-02-25,ST024,MED003,2.71,0,2.71
2026-02-25,ST024,MED004,8.71,18,9.29
2026-02-25,ST024,MED005,11.29,12,0.71
2026-02-25,ST024,MED006,11.93,8,3.93
2026-02-25,ST024,MED007,2.57,4,1.43
2026-02-25,ST024,MED008,3.36,5,1.64
2026-02-25,ST024,MED009,10.21,8,2.21
2026-02-25,ST024,MED010,5.07,3,2.07
2026-02-25,ST024,MED011,12.21,8,4.21
2026-02-25,ST024,MED012,10.29,11,0.71
2026-02-25,ST024,MED013,7.5,3,4.5
2026-02-25,ST024,MED014,5.79,6,0.21
2026-02-25,ST024,MED015,12.86,15,2.14
2026-02-25,ST024,MED016,7.21,7,0.21
2026-02-25,ST024,MED017,11.86,12,0.14
2026-02-25,ST024,MED018,6.86,4,2.86
2026-02-25,ST024,MED019,3.86,4,0.14
2026-02-25,ST024,MED020,7.29,8,0.71
2026-02-25,ST024,MED021,9.71,11,1.29
2026-02-25,ST024,MED022,8.21,10,1.79
2026-02-25,ST024,MED023,13.21,13,0.21
2026-02-25,ST024,MED024,11.5,12,0.5
2026-02-25,ST024,MED025,6.0,7,1.0
2026-02-25,ST024,MED026,12.07,10,2.07
2026-02-25,ST024,MED027,12.5,11,1.5
2026-02-25,ST024,MED028,5.93,4,1.93
2026-02-25,ST024,MED029,11.43,11,0.43
2026-02-25,ST024,MED030,5.5,9,3.5
2026-02-25,ST025,MED001,12.57,13,0.43
2026-02-25,ST025,MED002,12.93,11,1.93
2026-02-25,ST025,MED003,3.0,4,1.0
2026-02-25,ST025,MED004,9.29,6,3.29
2026-02-25,ST025,MED005,12.79,8,4.79
2026-02-25,ST025,MED006,10.43,11,0.57
2026-02-25,ST025,MED007,3.71,4,0.29
2026-02-25,ST025,MED008,4.43,7,2.57
2026-02-25,ST025,MED009,10.5,11,0.5
2026-02-25,ST025,MED010,4.57,5,0.43
2026-02-25,ST025,MED011,12.93,10,2.93
2026-02-25,ST025,MED012,10.29,13,2.71
2026-02-25,ST025,MED013,8.36,6,2.36
2026-02-25,ST025,MED014,6.36,2,4.36
2026-02-25,ST025,MED015,14.21,11,3.21
2026-02-25,ST025,MED016,8.93,8,0.93
2026-02-25,ST025,MED017,13.07,7,6.07
2026-02-25,ST025,MED018,7.57,11,3.43
2026-02-25,ST025,MED019,3.43,9,5.57
2026-02-25,ST025,MED020,8.0,8,0.0
2026-02-25,ST025,MED021,11.5,10,1.5
2026-02-25,ST025,MED022,9.93,6,3.93
2026-02-25,ST025,MED023,12.57,8,4.57
2026-02-25,ST025,MED024,14.5,14,0.5
2026-02-25,ST025,MED025,7.21,7,0.21
2026-02-25,ST025,MED026,13.21,12,1.21
2026-02-25,ST025,MED027,11.93,14,2.07
2026-02-25,ST025,MED028,6.21,7,0.79
2026-02-25,ST025,MED029,11.14,8,3.14
2026-02-25,ST025,MED030,5.07,8,2.93
2026-02-25,ST026,MED001,13.5,15,1.5
2026-02-25,ST026,MED002,13.5,9,4.5
2026-02-25,ST026,MED003,3.71,5,1.29
2026-02-25,ST026,MED004,10.64,12,1.36
2026-02-25,ST026,MED005,13.64,17,3.36
2026-02-25,ST026,MED006,11.86,8,3.86
2026-02-25,ST026,MED007,3.93,6,2.07
2026-02-25,ST026,MED008,4.14,3,1.14
2026-02-25,ST026,MED009,13.14,9,4.14
2026-02-25,ST026,MED010,4.86,4,0.86
2026-02-25,ST026,MED011,13.36,19,5.64
2026-02-25,ST026,MED012,12.64,11,1.64
2026-02-25,ST026,MED013,8.86,13,4.14
2026-02-25,ST026,MED014,6.79,6,0.79
2026-02-25,ST026,MED015,16.07,17,0.93
2026-02-25,ST026,MED016,8.29,11,2.71
2026-02-25,ST026,MED017,13.57,10,3.57
2026-02-25,ST026,MED018,6.93,6,0.93
2026-02-25,ST026,MED019,3.43,6,2.57
2026-02-25,ST026,MED020,8.79,8,0.79
2026-02-25,ST026,MED021,12.5,14,1.5
2026-02-25,ST026,MED022,9.14,6,3.14
2026-02-25,ST026,MED023,13.0,16,3.0
2026-02-25,ST026,MED024,16.07,13,3.07
2026-02-25,ST026,MED025,8.21,3,5.21
2026-02-25,ST026,MED026,13.86,16,2.14
2026-02-25,ST026,MED027,14.29,16,1.71
2026-02-25,ST026,MED028,8.14,11,2.86
2026-02-25,ST026,MED029,12.0,12,0.0
2026-02-25,ST026,MED030,6.5,10,3.5
2026-02-25,ST027,MED001,14.86,13,1.86
2026-02-25,ST027,MED002,15.64,18,2.36
2026-02-25,ST027,MED003,4.79,3,1.79
2026-02-25,ST027,MED004,10.21,8,2.21
2026-02-25,ST027,MED005,14.29,14,0.29
2026-02-25,ST027,MED006,13.64,11,2.64
2026-02-25,ST027,MED007,4.86,6,1.14
2026-02-25,ST027,MED008,4.36,4,0.36
2026-02-25,ST027,MED009,13.29,10,3.29
2026-02-25,ST027,MED010,5.36,6,0.64
2026-02-25,ST027,MED011,15.14,17,1.86
2026-02-25,ST027,MED012,13.36,13,0.36
2026-02-25,ST027,MED013,9.0,9,0.0
2026-02-25,ST027,MED014,5.43,6,0.57
2026-02-25,ST027,MED015,15.71,13,2.71
2026-02-25,ST027,MED016,10.64,9,1.64
2026-02-25,ST027,MED017,14.79,13,1.79
2026-02-25,ST027,MED018,7.21,8,0.79
2026-02-25,ST027,MED019,3.57,5,1.43
2026-02-25,ST027,MED020,9.64,3,6.64
2026-02-25,ST027,MED021,13.43,13,0.43
2026-02-25,ST027,MED022,9.29,11,1.71
2026-02-25,ST027,MED023,14.64,13,1.64
2026-02-25,ST027,MED024,16.57,12,4.57
2026-02-25,ST027,MED025,8.64,6,2.64
2026-02-25,ST027,MED026,14.64,15,0.36
2026-02-25,ST027,MED027,16.29,16,0.29
2026-02-25,ST027,MED028,8.64,7,1.64
2026-02-25,ST027,MED029,11.93,9,2.93
2026-02-25,ST027,MED030,7.0,4,3.0
2026-02-25,ST028,MED001,9.14,10,0.86
2026-02-25,ST028,MED002,9.71,9,0.71
2026-02-25,ST028,MED003,2.14,7,4.86
2026-02-25,ST028,MED004,6.57,5,1.57
2026-02-25,ST028,MED005,8.43,8,0.43
2026-02-25,ST028,MED006,9.07,4,5.07
2026-02-25,ST028,MED007,2.14,2,0.14
2026-02-25,ST028,MED008,2.43,4,1.57
2026-02-25,ST028,MED009,7.93,9,1.07
2026-02-25,ST028,MED010,3.86,5,1.14
2026-02-25,ST028,MED011,8.07,10,1.93
2026-02-25,ST028,MED012,7.36,4,3.36
2026-02-25,ST028,MED013,5.79,7,1.21
2026-02-25,ST028,MED014,4.79,1,3.79
2026-02-25,ST028,MED015,9.36,12,2.64
2026-02-25,ST028,MED016,5.0,4,1.0
2026-02-25,ST028,MED017,9.14,8,1.14
2026-02-25,ST028,MED018,5.0,7,2.0
2026-02-25,ST028,MED019,1.36,0,1.36
2026-02-25,ST028,MED020,5.36,7,1.64
2026-02-25,ST028,MED021,7.29,9,1.71
2026-02-25,ST028,MED022,5.07,2,3.07
2026-02-25,ST028,MED023,8.0,6,2.0
2026-02-25,ST028,MED024,8.21,10,1.79
2026-02-25,ST028,MED025,5.07,2,3.07
2026-02-25,ST028,MED026,9.0,9,0.0
2026-02-25,ST028,MED027,9.14,6,3.14
2026-02-25,ST028,MED028,6.14,2,4.14
2026-02-25,ST028,MED029,7.14,7,0.14
2026-02-25,ST028,MED030,4.57,3,1.57
2026-02-25,ST029,MED001,9.5,4,5.5
2026-02-25,ST029,MED002,10.14,9,1.14
2026-02-25,ST029,MED003,2.43,1,1.43
2026-02-25,ST029,MED004,7.57,7,0.57
2026-02-25,ST029,MED005,9.57,8,1.57
2026-02-25,ST029,MED006,8.79,11,2.21
2026-02-25,ST029,MED007,2.79,5,2.21
2026-02-25,ST029,MED008,2.64,0,2.64
2026-02-25,ST029,MED009,8.14,7,1.14
2026-02-25,ST029,MED010,2.86,4,1.14
2026-02-25,ST029,MED011,9.5,10,0.5
2026-02-25,ST029,MED012,7.29,10,2.71
2026-02-25,ST029,MED013,6.5,6,0.5
2026-02-25,ST029,MED014,3.86,4,0.14
2026-02-25,ST029,MED015,11.07,11,0.07
2026-02-25,ST029,MED016,4.93,10,5.07
2026-02-25,ST029,MED017,8.93,9,0.07
2026-02-25,ST029,MED018,4.86,7,2.14
2026-02-25,ST029,MED019,3.5,0,3.5
2026-02-25,ST029,MED020,5.64,13,7.36
2026-02-25,ST029,MED021,9.43,6,3.43
2026-02-25,ST029,MED022,6.29,7,0.71
2026-02-25,ST029,MED023,8.64,11,2.36
2026-02-25,ST029,MED024,11.14,13,1.86
2026-02-25,ST029,MED025,4.21,8,3.79
2026-02-25,ST029,MED026,9.36,10,0.64
2026-02-25,ST029,MED027,10.93,11,0.07
2026-02-25,ST029,MED028,5.57,5,0.57
2026-02-25,ST029,MED029,8.86,5,3.86
2026-02-25,ST029,MED030,4.64,4,0.64
2026-02-25,ST030,MED001,10.64,12,1.36
2026-02-25,ST030,MED002,10.93,6,4.93
2026-02-25,ST030,MED003,2.71,8,5.29
2026-02-25,ST030,MED004,8.57,7,1.57
2026-02-25,ST030,MED005,10.29,11,0.71
2026-02-25,ST030,MED006,9.5,11,1.5
2026-02-25,ST030,MED007,2.93,2,0.93
2026-02-25,ST030,MED008,2.64,7,4.36
2026-02-25,ST030,MED009,8.93,11,2.07
2026-02-25,ST030,MED010,4.07,3,1.07
2026-02-25,ST030,MED011,11.43,9,2.43
2026-02-25,ST030,MED012,10.36,8,2.36
2026-02-25,ST030,MED013,6.5,6,0.5
2026-02-25,ST030,MED014,5.57,1,4.57
2026-02-25,ST030,MED015,11.14,11,0.14
2026-02-25,ST030,MED016,7.71,8,0.29
2026-02-25,ST030,MED017,10.29,10,0.29
2026-02-25,ST030,MED018,5.5,6,0.5
2026-02-25,ST030,MED019,3.43,1,2.43
2026-02-25,ST030,MED020,6.71,4,2.71
2026-02-25,ST030,MED021,9.71,9,0.71
2026-02-25,ST030,MED022,6.43,10,3.57
2026-02-25,ST030,MED023,10.07,11,0.93
2026-02-25,ST030,MED024,11.14,12,0.86
2026-02-25,ST030,MED025,5.07,10,4.93
2026-02-25,ST030,MED026,10.36,12,1.64
2026-02-25,ST030,MED027,11.07,7,4.07
2026-02-25,ST030,MED028,6.21,11,4.79
2026-02-25,ST030,MED029,7.43,9,1.57
2026-02-25,ST030,MED030,5.5,8,2.5
2026-02-25,ST031,MED001,10.64,11,0.36
2026-02-25,ST031,MED002,11.21,9,2.21
2026-02-25,ST031,MED003,3.43,5,1.57
2026-02-25,ST031,MED004,9.14,9,0.14
2026-02-25,ST031,MED005,11.29,8,3.29
2026-02-25,ST031,MED006,10.86,10,0.86
2026-02-25,ST031,MED007,4.86,1,3.86
2026-02-25,ST031,MED008,3.0,7,4.0
2026-02-25,ST031,MED009,11.5,13,1.5
2026-02-25,ST031,MED010,4.79,3,1.79
2026-02-25,ST031,MED011,10.0,9,1.0
2026-02-25,ST031,MED012,10.29,15,4.71
2026-02-25,ST031,MED013,7.57,7,0.57
2026-02-25,ST031,MED014,4.86,0,4.86
2026-02-25,ST031,MED015,13.21,10,3.21
2026-02-25,ST031,MED016,7.14,9,1.86
2026-02-25,ST031,MED017,11.29,12,0.71
2026-02-25,ST031,MED018,7.14,6,1.14
2026-02-25,ST031,MED019,3.71,0,3.71
2026-02-25,ST031,MED020,8.07,8,0.07
2026-02-25,ST031,MED021,10.0,12,2.0
2026-02-25,ST031,MED022,6.21,10,3.79
2026-02-25,ST031,MED023,11.86,10,1.86
2026-02-25,ST031,MED024,12.36,10,2.36
2026-02-25,ST031,MED025,5.79,2,3.79
2026-02-25,ST031,MED026,11.36,12,0.64
2026-02-25,ST031,MED027,11.93,11,0.93
2026-02-25,ST031,MED028,6.64,5,1.64
2026-02-25,ST031,MED029,9.14,6,3.14
2026-02-25,ST031,MED030,4.86,4,0.86
2026-02-25,ST032,MED001,11.86,13,1.14
2026-02-25,ST032,MED002,12.14,12,0.14
2026-02-25,ST032,MED003,4.07,2,2.07
2026-02-25,ST032,MED004,8.93,12,3.07
2026-02-25,ST032,MED005,11.07,10,1.07
2026-02-25,ST032,MED006,11.36,9,2.36
2026-02-25,ST032,MED007,3.43,4,0.57
2026-02-25,ST032,MED008,2.57,2,0.57
2026-02-25,ST032,MED009,12.36,16,3.64
2026-02-25,ST032,MED010,5.36,5,0.36
2026-02-25,ST032,MED011,13.07,11,2.07
2026-02-25,ST032,MED012,11.29,12,0.71
2026-02-25,ST032,MED013,8.5,11,2.5
2026-02-25,ST032,MED014,6.36,5,1.36
2026-02-25,ST032,MED015,14.0,15,1.0
2026-02-25,ST032,MED016,8.71,7,1.71
2026-02-25,ST032,MED017,11.79,10,1.79
2026-02-25,ST032,MED018,5.71,4,1.71
2026-02-25,ST032,MED019,3.36,0,3.36
2026-02-25,ST032,MED020,7.64,5,2.64
2026-02-25,ST032,MED021,11.5,6,5.5
2026-02-25,ST032,MED022,8.93,7,1.93
2026-02-25,ST032,MED023,11.07,15,3.93
2026-02-25,ST032,MED024,14.5,11,3.5
2026-02-25,ST032,MED025,7.57,10,2.43
2026-02-25,ST032,MED026,14.79,14,0.79
2026-02-25,ST032,MED027,12.57,16,3.43
2026-02-25,ST032,MED028,7.64,5,2.64
2026-02-25,ST032,MED029,10.71,9,1.71
2026-02-25,ST032,MED030,5.79,4,1.79
2026-02-25,ST033,MED001,13.57,8,5.57
2026-02-25,ST033,MED002,13.57,12,1.57
2026-02-25,ST033,MED003,3.29,1,2.29
2026-02-25,ST033,MED004,10.43,10,0.43
2026-02-25,ST033,MED005,12.93,15,2.07
2026-02-25,ST033,MED006,12.21,13,0.79
2026-02-25,ST033,MED007,3.93,4,0.07
2026-02-25,ST033,MED008,4.0,6,2.0
2026-02-25,ST033,MED009,12.93,13,0.07
2026-02-25,ST033,MED010,4.36,6,1.64
2026-02-25,ST033,MED011,12.93,13,0.07
2026-02-25,ST033,MED012,13.57,13,0.57
2026-02-25,ST033,MED013,8.93,11,2.07
2026-02-25,ST033,MED014,6.36,2,4.36
2026-02-25,ST033,MED015,14.93,19,4.07
2026-02-25,ST033,MED016,8.86,5,3.86
2026-02-25,ST033,MED017,13.71,10,3.71
2026-02-25,ST033,MED018,7.5,7,0.5
2026-02-25,ST033,MED019,3.64,4,0.36
2026-02-25,ST033,MED020,8.71,10,1.29
2026-02-25,ST033,MED021,13.0,9,4.0
2026-02-25,ST033,MED022,8.64,7,1.64
2026-02-25,ST033,MED023,13.79,13,0.79
2026-02-25,ST033,MED024,15.29,12,3.29
2026-02-25,ST033,MED025,6.36,8,1.64
2026-02-25,ST033,MED026,13.36,12,1.36
2026-02-25,ST033,MED027,14.0,13,1.0
2026-02-25,ST033,MED028,8.14,9,0.86
2026-02-25,ST033,MED029,11.86,10,1.86
2026-02-25,ST033,MED030,5.57,6,0.43
2026-02-25,ST034,MED001,14.71,12,2.71
2026-02-25,ST034,MED002,14.86,14,0.86
2026-02-25,ST034,MED003,4.5,3,1.5
2026-02-25,ST034,MED004,11.14,12,0.86
2026-02-25,ST034,MED005,14.0,16,2.0
2026-02-25,ST034,MED006,14.36,15,0.64
2026-02-25,ST034,MED007,4.36,4,0.36
2026-02-25,ST034,MED008,3.64,4,0.36
2026-02-25,ST034,MED009,14.07,13,1.07
2026-02-25,ST034,MED010,5.21,5,0.21
2026-02-25,ST034,MED011,14.86,13,1.86
2026-02-25,ST034,MED012,13.64,11,2.64
2026-02-25,ST034,MED013,8.86,10,1.14
2026-02-25,ST034,MED014,7.36,8,0.64
2026-02-25,ST034,MED015,16.07,12,4.07
2026-02-25,ST034,MED016,7.93,9,1.07
2026-02-25,ST034,MED017,16.0,17,1.0
2026-02-25,ST034,MED018,8.0,7,1.0
2026-02-25,ST034,MED019,3.93,4,0.07
2026-02-25,ST034,MED020,8.86,11,2.14
2026-02-25,ST034,MED021,12.93,17,4.07
2026-02-25,ST034,MED022,8.86,10,1.14
2026-02-25,ST034,MED023,16.71,14,2.71
2026-02-25,ST034,MED024,15.14,16,0.86
2026-02-25,ST034,MED025,9.5,6,3.5
2026-02-25,ST034,MED026,14.5,13,1.5
2026-02-25,ST034,MED027,16.0,17,1.0
2026-02-25,ST034,MED028,9.0,5,4.0
2026-02-25,ST034,MED029,11.71,11,0.71
2026-02-25,ST034,MED030,7.0,7,0.0
2026-02-25,ST035,MED001,10.14,7,3.14
2026-02-25,ST035,MED002,8.14,6,2.14
2026-02-25,ST035,MED003,2.36,4,1.64
2026-02-25,ST035,MED004,6.5,2,4.5
2026-02-25,ST035,MED005,8.5,4,4.5
2026-02-25,ST035,MED006,8.64,6,2.64
2026-02-25,ST035,MED007,2.43,1,1.43
2026-02-25,ST035,MED008,1.71,1,0.71
2026-02-25,ST035,MED009,8.0,8,0.0
2026-02-25,ST035,MED010,2.86,5,2.14
2026-02-25,ST035,MED011,8.86,9,0.14
2026-02-25,ST035,MED012,8.64,10,1.36
2026-02-25,ST035,MED013,5.0,7,2.0
2026-02-25,ST035,MED014,4.29,4,0.29
2026-02-25,ST035,MED015,9.29,8,1.29
2026-02-25,ST035,MED016,6.14,4,2.14
2026-02-25,ST035,MED017,8.64,7,1.64
2026-02-25,ST035,MED018,3.0,3,0.0
2026-02-25,ST035,MED019,2.21,0,2.21
2026-02-25,ST035,MED020,7.29,8,0.71
2026-02-25,ST035,MED021,8.36,10,1.64
2026-02-25,ST035,MED022,5.21,7,1.79
2026-02-25,ST035,MED023,9.57,3,6.57
2026-02-25,ST035,MED024,10.0,6,4.0
2026-02-25,ST035,MED025,4.14,3,1.14
2026-02-25,ST035,MED026,8.5,3,5.5
2026-02-25,ST035,MED027,8.5,6,2.5
2026-02-25,ST035,MED028,4.0,4,0.0
2026-02-25,ST035,MED029,7.07,3,4.07
2026-02-25,ST035,MED030,3.29,2,1.29
2026-02-25,ST036,MED001,11.14,10,1.14
2026-02-25,ST036,MED002,9.79,9,0.79
2026-02-25,ST036,MED003,2.14,4,1.86
2026-02-25,ST036,MED004,8.14,7,1.14
2026-02-25,ST036,MED005,8.93,10,1.07
2026-02-25,ST036,MED006,8.79,7,1.79
2026-02-25,ST036,MED007,2.71,8,5.29
2026-02-25,ST036,MED008,2.71,0,2.71
2026-02-25,ST036,MED009,8.43,10,1.57
2026-02-25,ST036,MED010,4.0,7,3.0
2026-02-25,ST036,MED011,9.43,11,1.57
2026-02-25,ST036,MED012,8.5,8,0.5
2026-02-25,ST036,MED013,5.36,5,0.36
2026-02-25,ST036,MED014,5.57,5,0.57
2026-02-25,ST036,MED015,10.36,11,0.64
2026-02-25,ST036,MED016,6.29,8,1.71
2026-02-25,ST036,MED017,10.64,11,0.36
2026-02-25,ST036,MED018,5.79,9,3.21
2026-02-25,ST036,MED019,3.0,3,0.0
2026-02-25,ST036,MED020,6.36,8,1.64
2026-02-25,ST036,MED021,9.21,7,2.21
2026-02-25,ST036,MED022,6.0,1,5.0
2026-02-25,ST036,MED023,9.64,20,10.36
2026-02-25,ST036,MED024,10.64,10,0.64
2026-02-25,ST036,MED025,4.86,2,2.86
2026-02-25,ST036,MED026,8.93,10,1.07
2026-02-25,ST036,MED027,10.14,12,1.86
2026-02-25,ST036,MED028,5.36,2,3.36
2026-02-25,ST036,MED029,7.07,7,0.07
2026-02-25,ST036,MED030,5.14,4,1.14
2026-02-25,ST037,MED001,11.0,8,3.0
2026-02-25,ST037,MED002,10.43,9,1.43
2026-02-25,ST037,MED003,3.43,7,3.57
2026-02-25,ST037,MED004,7.64,8,0.36
2026-02-25,ST037,MED005,11.07,9,2.07
2026-02-25,ST037,MED006,10.07,12,1.93
2026-02-25,ST037,MED007,3.0,0,3.0
2026-02-25,ST037,MED008,2.86,4,1.14
2026-02-25,ST037,MED009,10.43,9,1.43
2026-02-25,ST037,MED010,3.64,3,0.64
2026-02-25,ST037,MED011,11.07,10,1.07
2026-02-25,ST037,MED012,10.0,11,1.0
2026-02-25,ST037,MED013,6.21,6,0.21
2026-02-25,ST037,MED014,5.14,4,1.14
2026-02-25,ST037,MED015,11.43,8,3.43
2026-02-25,ST037,MED016,7.0,6,1.0
2026-02-25,ST037,MED017,10.29,9,1.29
2026-02-25,ST037,MED018,6.14,8,1.86
2026-02-25,ST037,MED019,4.0,7,3.0
2026-02-25,ST037,MED020,7.07,8,0.93
2026-02-25,ST037,MED021,10.0,9,1.0
2026-02-25,ST037,MED022,6.5,4,2.5
2026-02-25,ST037,MED023,10.5,5,5.5
2026-02-25,ST037,MED024,12.14,9,3.14
2026-02-25,ST037,MED025,6.07,7,0.93
2026-02-25,ST037,MED026,11.0,10,1.0
2026-02-25,ST037,MED027,13.07,15,1.93
2026-02-25,ST037,MED028,5.86,6,0.14
2026-02-25,ST037,MED029,8.71,12,3.29
2026-02-25,ST037,MED030,4.79,5,0.21
2026-02-25,ST038,MED001,11.86,13,1.14
2026-02-25,ST038,MED002,10.86,10,0.86
2026-02-25,ST038,MED003,3.29,3,0.29
2026-02-25,ST038,MED004,8.93,9,0.07
2026-02-25,ST038,MED005,13.14,13,0.14
2026-02-25,ST038,MED006,11.07,13,1.93
2026-02-25,ST038,MED007,3.43,1,2.43
2026-02-25,ST038,MED008,3.0,2,1.0
2026-02-25,ST038,MED009,11.5,7,4.5
2026-02-25,ST038,MED010,4.71,4,0.71
2026-02-25,ST038,MED011,11.64,12,0.36
2026-02-25,ST038,MED012,11.29,10,1.29
2026-02-25,ST038,MED013,7.14,9,1.86
2026-02-25,ST038,MED014,5.43,5,0.43
2026-02-25,ST038,MED015,13.86,13,0.86
2026-02-25,ST038,MED016,6.71,10,3.29
2026-02-25,ST038,MED017,11.0,12,1.0
2026-02-25,ST038,MED018,6.64,7,0.36
2026-02-25,ST038,MED019,3.29,3,0.29
2026-02-25,ST038,MED020,7.36,4,3.36
2026-02-25,ST038,MED021,10.0,9,1.0
2026-02-25,ST038,MED022,7.5,10,2.5
2026-02-25,ST038,MED023,11.64,12,0.36
2026-02-25,ST038,MED024,12.43,12,0.43
2026-02-25,ST038,MED025,7.64,4,3.64
2026-02-25,ST038,MED026,11.79,9,2.79
2026-02-25,ST038,MED027,12.79,14,1.21
2026-02-25,ST038,MED028,5.21,7,1.79
2026-02-25,ST038,MED029,10.0,14,4.0
2026-02-25,ST038,MED030,4.64,6,1.36
2026-02-25,ST039,MED001,13.14,12,1.14
2026-02-25,ST039,MED002,12.57,13,0.43
2026-02-25,ST039,MED003,4.0,5,1.0
2026-02-25,ST039,MED004,10.21,11,0.79
2026-02-25,ST039,MED005,12.64,10,2.64
2026-02-25,ST039,MED006,13.07,10,3.07
2026-02-25,ST039,MED007,4.36,2,2.36
2026-02-25,ST039,MED008,4.07,0,4.07
2026-02-25,ST039,MED009,11.71,14,2.29
2026-02-25,ST039,MED010,5.36,0,5.36
2026-02-25,ST039,MED011,12.29,16,3.71
2026-02-25,ST039,MED012,12.0,9,3.0
2026-02-25,ST039,MED013,8.36,7,1.36
2026-02-25,ST039,MED014,6.93,3,3.93
2026-02-25,ST039,MED015,13.79,14,0.21
2026-02-25,ST039,MED016,8.0,13,5.0
2026-02-25,ST039,MED017,12.86,17,4.14
2026-02-25,ST039,MED018,7.57,5,2.57
2026-02-25,ST039,MED019,3.36,5,1.64
2026-02-25,ST039,MED020,7.79,9,1.21
2026-02-25,ST039,MED021,11.79,12,0.21
2026-02-25,ST039,MED022,7.21,9,1.79
2026-02-25,ST039,MED023,12.57,12,0.57
2026-02-25,ST039,MED024,14.07,13,1.07
2026-02-25,ST039,MED025,7.14,9,1.86
2026-02-25,ST039,MED026,12.36,12,0.36
2026-02-25,ST039,MED027,14.64,11,3.64
2026-02-25,ST039,MED028,6.64,14,7.36
2026-02-25,ST039,MED029,10.29,11,0.71
2026-02-25,ST039,MED030,5.93,8,2.07
2026-02-25,ST040,MED001,13.71,13,0.71
2026-02-25,ST040,MED002,13.0,16,3.0
2026-02-25,ST040,MED003,3.43,5,1.57
2026-02-25,ST040,MED004,10.29,11,0.71
2026-02-25,ST040,MED005,14.29,14,0.29
2026-02-25,ST040,MED006,12.0,16,4.0
2026-02-25,ST040,MED007,3.86,3,0.86
2026-02-25,ST040,MED008,3.36,2,1.36
2026-02-25,ST040,MED009,12.93,7,5.93
2026-02-25,ST040,MED010,5.29,5,0.29
2026-02-25,ST040,MED011,13.36,12,1.36
2026-02-25,ST040,MED012,12.57,15,2.43
2026-02-25,ST040,MED013,8.64,14,5.36
2026-02-25,ST040,MED014,7.93,12,4.07
2026-02-25,ST040,MED015,16.71,16,0.71
2026-02-25,ST040,MED016,8.57,5,3.57
2026-02-25,ST040,MED017,13.0,13,0.0
2026-02-25,ST040,MED018,7.07,8,0.93
2026-02-25,ST040,MED019,3.79,1,2.79
2026-02-25,ST040,MED020,8.14,5,3.14
2026-02-25,ST040,MED021,12.21,12,0.21
2026-02-25,ST040,MED022,7.36,10,2.64
2026-02-25,ST040,MED023,13.36,13,0.36
2026-02-25,ST040,MED024,15.64,17,1.36
2026-02-25,ST040,MED025,7.93,5,2.93
2026-02-25,ST040,MED026,13.21,14,0.79
2026-02-25,ST040,MED027,15.0,16,1.0
2026-02-25,ST040,MED028,7.36,7,0.36
2026-02-25,ST040,MED029,11.57,12,0.43
2026-02-25,ST040,MED030,6.29,1,5.29
2026-02-26,ST001,MED001,9.57,9,0.57
2026-02-26,ST001,MED002,8.86,13,4.14
2026-02-26,ST001,MED003,2.71,3,0.29
2026-02-26,ST001,MED004,6.86,5,1.86
2026-02-26,ST001,MED005,9.71,10,0.29
2026-02-26,ST001,MED006,8.79,4,4.79
2026-02-26,ST001,MED007,1.71,4,2.29
2026-02-26,ST001,MED008,2.5,1,1.5
2026-02-26,ST001,MED009,8.21,9,0.79
2026-02-26,ST001,MED010,3.57,3,0.57
2026-02-26,ST001,MED011,9.79,13,3.21
2026-02-26,ST001,MED012,8.93,7,1.93
2026-02-26,ST001,MED013,6.57,4,2.57
2026-02-26,ST001,MED014,4.57,4,0.57
2026-02-26,ST001,MED015,9.93,8,1.93
2026-02-26,ST001,MED016,6.64,10,3.36
2026-02-26,ST001,MED017,8.86,9,0.14
2026-02-26,ST001,MED018,5.71,6,0.29
2026-02-26,ST001,MED019,3.86,6,2.14
2026-02-26,ST001,MED020,6.43,6,0.43
2026-02-26,ST001,MED021,8.93,9,0.07
2026-02-26,ST001,MED022,6.0,8,2.0
2026-02-26,ST001,MED023,9.07,7,2.07
2026-02-26,ST001,MED024,10.21,10,0.21
2026-02-26,ST001,MED025,5.0,5,0.0
2026-02-26,ST001,MED026,10.29,9,1.29
2026-02-26,ST001,MED027,10.5,6,4.5
2026-02-26,ST001,MED028,5.43,4,1.43
2026-02-26,ST001,MED029,8.14,5,3.14
2026-02-26,ST001,MED030,4.14,8,3.86
2026-02-26,ST002,MED001,10.5,8,2.5
2026-02-26,ST002,MED002,9.43,7,2.43
2026-02-26,ST002,MED003,3.36,6,2.64
2026-02-26,ST002,MED004,8.29,8,0.29
2026-02-26,ST002,MED005,11.36,11,0.36
2026-02-26,ST002,MED006,9.86,9,0.86
2026-02-26,ST002,MED007,3.07,3,0.07
2026-02-26,ST002,MED008,3.36,4,0.64
2026-02-26,ST002,MED009,10.07,10,0.07
2026-02-26,ST002,MED010,3.71,3,0.71
2026-02-26,ST002,MED011,10.93,10,0.93
2026-02-26,ST002,MED012,9.71,11,1.29
2026-02-26,ST002,MED013,7.0,5,2.0
2026-02-26,ST002,MED014,5.5,3,2.5
2026-02-26,ST002,MED015,11.07,8,3.07
2026-02-26,ST002,MED016,8.0,11,3.0
2026-02-26,ST002,MED017,11.21,13,1.79
2026-02-26,ST002,MED018,5.07,5,0.07
2026-02-26,ST002,MED019,2.71,1,1.71
2026-02-26,ST002,MED020,6.21,9,2.79
2026-02-26,ST002,MED021,10.36,12,1.64
2026-02-26,ST002,MED022,7.57,9,1.43
2026-02-26,ST002,MED023,10.93,9,1.93
2026-02-26,ST002,MED024,12.0,11,1.0
2026-02-26,ST002,MED025,5.93,3,2.93
2026-02-26,ST002,MED026,11.07,11,0.07
2026-02-26,ST002,MED027,11.79,10,1.79
2026-02-26,ST002,MED028,6.29,9,2.71
2026-02-26,ST002,MED029,8.64,9,0.36
2026-02-26,ST002,MED030,4.86,5,0.14
2026-02-26,ST003,MED001,11.71,12,0.29
2026-02-26,ST003,MED002,11.86,13,1.14
2026-02-26,ST003,MED003,2.36,1,1.36
2026-02-26,ST003,MED004,8.29,7,1.29
2026-02-26,ST003,MED005,12.5,12,0.5
2026-02-26,ST003,MED006,10.79,9,1.79
2026-02-26,ST003,MED007,3.36,10,6.64
2026-02-26,ST003,MED008,3.07,7,3.93
2026-02-26,ST003,MED009,10.86,11,0.14
2026-02-26,ST003,MED010,4.5,3,1.5
2026-02-26,ST003,MED011,11.93,13,1.07
2026-02-26,ST003,MED012,9.86,13,3.14
2026-02-26,ST003,MED013,7.71,7,0.71
2026-02-26,ST003,MED014,4.71,6,1.29
2026-02-26,ST003,MED015,13.43,13,0.43
2026-02-26,ST003,MED016,7.29,5,2.29
2026-02-26,ST003,MED017,10.93,10,0.93
2026-02-26,ST003,MED018,5.71,6,0.29
2026-02-26,ST003,MED019,3.43,4,0.57
2026-02-26,ST003,MED020,6.71,10,3.29
2026-02-26,ST003,MED021,9.71,10,0.29
2026-02-26,ST003,MED022,7.29,7,0.29
2026-02-26,ST003,MED023,11.21,14,2.79
2026-02-26,ST003,MED024,13.5,23,9.5
2026-02-26,ST003,MED025,6.71,7,0.29
2026-02-26,ST003,MED026,12.07,8,4.07
2026-02-26,ST003,MED027,12.57,11,1.57
2026-02-26,ST003,MED028,5.64,3,2.64
2026-02-26,ST003,MED029,9.36,11,1.64
2026-02-26,ST003,MED030,5.14,2,3.14
2026-02-26,ST004,MED001,12.14,11,1.14
2026-02-26,ST004,MED002,11.64,14,2.36
2026-02-26,ST004,MED003,2.5,1,1.5
2026-02-26,ST004,MED004,9.14,11,1.86
2026-02-26,ST004,MED005,12.79,14,1.21
2026-02-26,ST004,MED006,10.5,12,1.5
2026-02-26,ST004,MED007,3.79,2,1.79
2026-02-26,ST004,MED008,4.43,4,0.43
2026-02-26,ST004,MED009,13.86,10,3.86
2026-02-26,ST004,MED010,3.79,7,3.21
2026-02-26,ST004,MED011,12.07,11,1.07
2026-02-26,ST004,MED012,11.07,12,0.93
2026-02-26,ST004,MED013,7.86,8,0.14
2026-02-26,ST004,MED014,5.64,8,2.36
2026-02-26,ST004,MED015,15.07,12,3.07
2026-02-26,ST004,MED016,7.79,11,3.21
2026-02-26,ST004,MED017,12.0,15,3.0
2026-02-26,ST004,MED018,7.43,5,2.43
2026-02-26,ST004,MED019,3.57,5,1.43
2026-02-26,ST004,MED020,7.93,5,2.93
2026-02-26,ST004,MED021,11.57,15,3.43
2026-02-26,ST004,MED022,9.0,8,1.0
2026-02-26,ST004,MED023,12.71,16,3.29
2026-02-26,ST004,MED024,14.29,13,1.29
2026-02-26,ST004,MED025,6.43,5,1.43
2026-02-26,ST004,MED026,13.0,11,2.0
2026-02-26,ST004,MED027,14.36,25,10.64
2026-02-26,ST004,MED028,8.0,5,3.0
2026-02-26,ST004,MED029,10.71,18,7.29
2026-02-26,ST004,MED030,5.93,8,2.07
2026-02-26,ST005,MED001,13.43,14,0.57
2026-02-26,ST005,MED002,14.43,12,2.43
2026-02-26,ST005,MED003,3.0,2,1.0
2026-02-26,ST005,MED004,10.21,7,3.21
2026-02-26,ST005,MED005,13.93,15,1.07
2026-02-26,ST005,MED006,12.07,12,0.07
2026-02-26,ST005,MED007,3.57,3,0.57
2026-02-26,ST005,MED008,4.07,1,3.07
2026-02-26,ST005,MED009,13.0,13,0.0
2026-02-26,ST005,MED010,5.5,7,1.5
2026-02-26,ST005,MED011,13.71,14,0.29
2026-02-26,ST005,MED012,11.64,12,0.36
2026-02-26,ST005,MED013,9.07,6,3.07
2026-02-26,ST005,MED014,6.21,3,3.21
2026-02-26,ST005,MED015,16.5,13,3.5
2026-02-26,ST005,MED016,8.43,6,2.43
2026-02-26,ST005,MED017,13.57,13,0.57
2026-02-26,ST005,MED018,6.64,3,3.64
2026-02-26,ST005,MED019,3.86,5,1.14
2026-02-26,ST005,MED020,8.79,13,4.21
2026-02-26,ST005,MED021,12.71,9,3.71
2026-02-26,ST005,MED022,9.29,8,1.29
2026-02-26,ST005,MED023,13.5,12,1.5
2026-02-26,ST005,MED024,15.07,13,2.07
2026-02-26,ST005,MED025,7.29,7,0.29
2026-02-26,ST005,MED026,14.14,15,0.86
2026-02-26,ST005,MED027,14.29,13,1.29
2026-02-26,ST005,MED028,7.71,6,1.71
2026-02-26,ST005,MED029,10.86,9,1.86
2026-02-26,ST005,MED030,5.93,4,1.93
2026-02-26,ST006,MED001,14.29,12,2.29
2026-02-26,ST006,MED002,15.71,15,0.71
2026-02-26,ST006,MED003,4.14,5,0.86
2026-02-26,ST006,MED004,10.29,11,0.71
2026-02-26,ST006,MED005,13.93,12,1.93
2026-02-26,ST006,MED006,13.57,15,1.43
2026-02-26,ST006,MED007,4.93,4,0.93
2026-02-26,ST006,MED008,4.21,4,0.21
2026-02-26,ST006,MED009,14.21,15,0.79
2026-02-26,ST006,MED010,5.29,4,1.29
2026-02-26,ST006,MED011,15.64,14,1.64
2026-02-26,ST006,MED012,13.21,14,0.79
2026-02-26,ST006,MED013,10.64,7,3.64
2026-02-26,ST006,MED014,7.0,7,0.0
2026-02-26,ST006,MED015,18.07,15,3.07
2026-02-26,ST006,MED016,9.29,14,4.71
2026-02-26,ST006,MED017,13.79,14,0.21
2026-02-26,ST006,MED018,7.71,9,1.29
2026-02-26,ST006,MED019,2.86,5,2.14
2026-02-26,ST006,MED020,8.71,11,2.29
2026-02-26,ST006,MED021,13.07,13,0.07
2026-02-26,ST006,MED022,10.07,9,1.07
2026-02-26,ST006,MED023,14.07,16,1.93
2026-02-26,ST006,MED024,15.43,14,1.43
2026-02-26,ST006,MED025,8.43,8,0.43
2026-02-26,ST006,MED026,16.14,12,4.14
2026-02-26,ST006,MED027,15.43,18,2.57
2026-02-26,ST006,MED028,8.43,8,0.43
2026-02-26,ST006,MED029,12.07,10,2.07
2026-02-26,ST006,MED030,6.57,5,1.57
2026-02-26,ST007,MED001,8.14,9,0.86
2026-02-26,ST007,MED002,7.93,10,2.07
2026-02-26,ST007,MED003,2.29,0,2.29
2026-02-26,ST007,MED004,5.86,8,2.14
2026-02-26,ST007,MED005,7.43,9,1.57
2026-02-26,ST007,MED006,7.07,7,0.07
2026-02-26,ST007,MED007,3.07,3,0.07
2026-02-26,ST007,MED008,2.0,0,2.0
2026-02-26,ST007,MED009,8.57,9,0.43
2026-02-26,ST007,MED010,3.29,5,1.71
2026-02-26,ST007,MED011,8.86,6,2.86
2026-02-26,ST007,MED012,7.79,10,2.21
2026-02-26,ST007,MED013,5.79,1,4.79
2026-02-26,ST007,MED014,5.07,3,2.07
2026-02-26,ST007,MED015,9.07,10,0.93
2026-02-26,ST007,MED016,5.79,3,2.79
2026-02-26,ST007,MED017,8.71,9,0.29
2026-02-26,ST007,MED018,5.5,4,1.5
2026-02-26,ST007,MED019,2.71,3,0.29
2026-02-26,ST007,MED020,4.36,6,1.64
2026-02-26,ST007,MED021,8.43,10,1.57
2026-02-26,ST007,MED022,6.21,7,0.79
2026-02-26,ST007,MED023,8.29,6,2.29
2026-02-26,ST007,MED024,10.07,9,1.07
2026-02-26,ST007,MED025,4.64,4,0.64
2026-02-26,ST007,MED026,8.57,8,0.57
2026-02-26,ST007,MED027,8.21,6,2.21
2026-02-26,ST007,MED028,4.93,5,0.07
2026-02-26,ST007,MED029,6.86,8,1.14
2026-02-26,ST007,MED030,4.07,6,1.93
2026-02-26,ST008,MED001,9.64,12,2.36
2026-02-26,ST008,MED002,10.86,13,2.14
2026-02-26,ST008,MED003,2.21,0,2.21
2026-02-26,ST008,MED004,6.93,8,1.07
2026-02-26,ST008,MED005,9.29,9,0.29
2026-02-26,ST008,MED006,8.36,8,0.36
2026-02-26,ST008,MED007,3.21,2,1.21
2026-02-26,ST008,MED008,3.86,2,1.86
2026-02-26,ST008,MED009,9.0,9,0.0
2026-02-26,ST008,MED010,4.0,6,2.0
2026-02-26,ST008,MED011,9.93,8,1.93
2026-02-26,ST008,MED012,9.14,10,0.86
2026-02-26,ST008,MED013,6.64,4,2.64
2026-02-26,ST008,MED014,5.64,9,3.36
2026-02-26,ST008,MED015,10.64,9,1.64
2026-02-26,ST008,MED016,6.86,2,4.86
2026-02-26,ST008,MED017,11.36,9,2.36
2026-02-26,ST008,MED018,4.29,1,3.29
2026-02-26,ST008,MED019,3.07,1,2.07
2026-02-26,ST008,MED020,7.43,7,0.43
2026-02-26,ST008,MED021,8.57,7,1.57
2026-02-26,ST008,MED022,4.21,10,5.79
2026-02-26,ST008,MED023,11.29,10,1.29
2026-02-26,ST008,MED024,10.36,12,1.64
2026-02-26,ST008,MED025,4.36,1,3.36
2026-02-26,ST008,MED026,11.21,18,6.79
2026-02-26,ST008,MED027,9.79,9,0.79
2026-02-26,ST008,MED028,4.79,5,0.21
2026-02-26,ST008,MED029,7.71,8,0.29
2026-02-26,ST008,MED030,3.36,6,2.64
2026-02-26,ST009,MED001,10.93,10,0.93
2026-02-26,ST009,MED002,10.79,9,1.79
2026-02-26,ST009,MED003,2.64,2,0.64
2026-02-26,ST009,MED004,7.5,6,1.5
2026-02-26,ST009,MED005,11.79,9,2.79
2026-02-26,ST009,MED006,9.79,9,0.79
2026-02-26,ST009,MED007,2.86,3,0.14
2026-02-26,ST009,MED008,2.79,1,1.79
2026-02-26,ST009,MED009,8.64,8,0.64
2026-02-26,ST009,MED010,3.07,5,1.93
2026-02-26,ST009,MED011,11.43,8,3.43
2026-02-26,ST009,MED012,9.29,11,1.71
2026-02-26,ST009,MED013,7.36,7,0.36
2026-02-26,ST009,MED014,4.64,3,1.64
2026-02-26,ST009,MED015,12.14,10,2.14
2026-02-26,ST009,MED016,7.71,7,0.71
2026-02-26,ST009,MED017,11.07,14,2.93
2026-02-26,ST009,MED018,6.21,2,4.21
2026-02-26,ST009,MED019,2.64,1,1.64
2026-02-26,ST009,MED020,7.07,4,3.07
2026-02-26,ST009,MED021,9.29,8,1.29
2026-02-26,ST009,MED022,6.71,7,0.29
2026-02-26,ST009,MED023,11.14,13,1.86
2026-02-26,ST009,MED024,11.57,8,3.57
2026-02-26,ST009,MED025,6.29,5,1.29
2026-02-26,ST009,MED026,11.21,14,2.79
2026-02-26,ST009,MED027,11.93,12,0.07
2026-02-26,ST009,MED028,6.07,10,3.93
2026-02-26,ST009,MED029,8.79,11,2.21
2026-02-26,ST009,MED030,5.29,5,0.29
2026-02-26,ST010,MED001,11.64,12,0.36
2026-02-26,ST010,MED002,11.14,12,0.86
2026-02-26,ST010,MED003,3.86,4,0.14
2026-02-26,ST010,MED004,7.57,11,3.43
2026-02-26,ST010,MED005,10.71,11,0.29
2026-02-26,ST010,MED006,10.86,13,2.14
2026-02-26,ST010,MED007,4.93,9,4.07
2026-02-26,ST010,MED008,2.21,7,4.79
2026-02-26,ST010,MED009,9.86,11,1.14
2026-02-26,ST010,MED010,3.71,3,0.71
2026-02-26,ST010,MED011,12.14,13,0.86
2026-02-26,ST010,MED012,11.21,11,0.21
2026-02-26,ST010,MED013,7.79,6,1.79
2026-02-26,ST010,MED014,4.93,5,0.07
2026-02-26,ST010,MED015,14.29,15,0.71
2026-02-26,ST010,MED016,6.36,8,1.64
2026-02-26,ST010,MED017,10.93,11,0.07
2026-02-26,ST010,MED018,6.5,4,2.5
2026-02-26,ST010,MED019,2.57,0,2.57
2026-02-26,ST010,MED020,8.79,5,3.79
2026-02-26,ST010,MED021,10.64,11,0.36
2026-02-26,ST010,MED022,8.43,10,1.57
2026-02-26,ST010,MED023,10.93,8,2.93
2026-02-26,ST010,MED024,12.14,9,3.14
2026-02-26,ST010,MED025,5.64,7,1.36
2026-02-26,ST010,MED026,12.14,12,0.14
2026-02-26,ST010,MED027,12.21,10,2.21
2026-02-26,ST010,MED028,5.36,6,0.64
2026-02-26,ST010,MED029,9.86,6,3.86
2026-02-26,ST010,MED030,5.93,6,0.07
2026-02-26,ST011,MED001,12.29,13,0.71
2026-02-26,ST011,MED002,14.14,11,3.14
2026-02-26,ST011,MED003,4.36,2,2.36
2026-02-26,ST011,MED004,7.07,10,2.93
2026-02-26,ST011,MED005,13.29,14,0.71
2026-02-26,ST011,MED006,11.21,9,2.21
2026-02-26,ST011,MED007,2.5,0,2.5
2026-02-26,ST011,MED008,4.36,1,3.36
2026-02-26,ST011,MED009,12.14,14,1.86
2026-02-26,ST011,MED010,5.21,12,6.79
2026-02-26,ST011,MED011,12.93,10,2.93
2026-02-26,ST011,MED012,12.29,11,1.29
2026-02-26,ST011,MED013,7.57,4,3.57
2026-02-26,ST011,MED014,5.43,7,1.57
2026-02-26,ST011,MED015,13.79,17,3.21
2026-02-26,ST011,MED016,7.64,6,1.64
2026-02-26,ST011,MED017,13.14,16,2.86
2026-02-26,ST011,MED018,6.5,8,1.5
2026-02-26,ST011,MED019,5.07,0,5.07
2026-02-26,ST011,MED020,6.71,7,0.29
2026-02-26,ST011,MED021,11.0,12,1.0
2026-02-26,ST011,MED022,7.5,10,2.5
2026-02-26,ST011,MED023,12.5,15,2.5
2026-02-26,ST011,MED024,13.64,13,0.64
2026-02-26,ST011,MED025,6.29,8,1.71
2026-02-26,ST011,MED026,13.0,12,1.0
2026-02-26,ST011,MED027,13.43,16,2.57
2026-02-26,ST011,MED028,7.36,10,2.64
2026-02-26,ST011,MED029,11.07,5,6.07
2026-02-26,ST011,MED030,5.93,7,1.07
2026-02-26,ST012,MED001,12.93,14,1.07
2026-02-26,ST012,MED002,13.93,14,0.07
2026-02-26,ST012,MED003,3.07,6,2.93
2026-02-26,ST012,MED004,9.57,11,1.43
2026-02-26,ST012,MED005,14.57,14,0.57
2026-02-26,ST012,MED006,11.36,11,0.36
2026-02-26,ST012,MED007,3.43,2,1.43
2026-02-26,ST012,MED008,3.79,4,0.21
2026-02-26,ST012,MED009,13.43,13,0.43
2026-02-26,ST012,MED010,5.14,5,0.14
2026-02-26,ST012,MED011,14.0,9,5.0
2026-02-26,ST012,MED012,13.21,12,1.21
2026-02-26,ST012,MED013,8.57,5,3.57
2026-02-26,ST012,MED014,6.71,6,0.71
2026-02-26,ST012,MED015,14.86,14,0.86
2026-02-26,ST012,MED016,9.93,11,1.07
2026-02-26,ST012,MED017,15.07,11,4.07
2026-02-26,ST012,MED018,9.0,8,1.0
2026-02-26,ST012,MED019,4.21,2,2.21
2026-02-26,ST012,MED020,8.21,7,1.21
2026-02-26,ST012,MED021,12.43,14,1.57
2026-02-26,ST012,MED022,8.07,4,4.07
2026-02-26,ST012,MED023,13.43,12,1.43
2026-02-26,ST012,MED024,14.79,13,1.79
2026-02-26,ST012,MED025,7.36,6,1.36
2026-02-26,ST012,MED026,14.64,15,0.36
2026-02-26,ST012,MED027,13.86,17,3.14
2026-02-26,ST012,MED028,6.93,6,0.93
2026-02-26,ST012,MED029,12.29,15,2.71
2026-02-26,ST012,MED030,6.43,6,0.43
2026-02-26,ST013,MED001,15.64,16,0.36
2026-02-26,ST013,MED002,15.29,11,4.29
2026-02-26,ST013,MED003,4.14,7,2.86
2026-02-26,ST013,MED004,11.0,12,1.0
2026-02-26,ST013,MED005,15.93,15,0.93
2026-02-26,ST013,MED006,14.29,13,1.29
2026-02-26,ST013,MED007,4.0,5,1.0
2026-02-26,ST013,MED008,4.14,5,0.86
2026-02-26,ST013,MED009,12.93,11,1.93
2026-02-26,ST013,MED010,4.57,8,3.43
2026-02-26,ST013,MED011,14.93,11,3.93
2026-02-26,ST013,MED012,14.21,13,1.21
2026-02-26,ST013,MED013,10.43,8,2.43
2026-02-26,ST013,MED014,7.5,6,1.5
2026-02-26,ST013,MED015,16.57,13,3.57
2026-02-26,ST013,MED016,9.36,13,3.64
2026-02-26,ST013,MED017,14.79,14,0.79
2026-02-26,ST013,MED018,8.0,8,0.0
2026-02-26,ST013,MED019,3.64,1,2.64
2026-02-26,ST013,MED020,10.93,11,0.07
2026-02-26,ST013,MED021,13.86,10,3.86
2026-02-26,ST013,MED022,9.29,6,3.29
2026-02-26,ST013,MED023,15.14,17,1.86
2026-02-26,ST013,MED024,17.71,11,6.71
2026-02-26,ST013,MED025,9.5,8,1.5
2026-02-26,ST013,MED026,14.29,16,1.71
2026-02-26,ST013,MED027,17.14,15,2.14
2026-02-26,ST013,MED028,8.86,9,0.14
2026-02-26,ST013,MED029,12.07,11,1.07
2026-02-26,ST013,MED030,7.0,7,0.0
2026-02-26,ST014,MED001,8.5,6,2.5
2026-02-26,ST014,MED002,9.29,7,2.29
2026-02-26,ST014,MED003,1.79,0,1.79
2026-02-26,ST014,MED004,6.21,5,1.21
2026-02-26,ST014,MED005,9.29,10,0.71
2026-02-26,ST014,MED006,9.79,11,1.21
2026-02-26,ST014,MED007,2.0,2,0.0
2026-02-26,ST014,MED008,3.71,3,0.71
2026-02-26,ST014,MED009,7.64,6,1.64
2026-02-26,ST014,MED010,3.86,4,0.14
2026-02-26,ST014,MED011,9.93,8,1.93
2026-02-26,ST014,MED012,6.86,7,0.14
2026-02-26,ST014,MED013,5.07,3,2.07
2026-02-26,ST014,MED014,2.43,4,1.57
2026-02-26,ST014,MED015,9.07,11,1.93
2026-02-26,ST014,MED016,5.93,4,1.93
2026-02-26,ST014,MED017,8.71,6,2.71
2026-02-26,ST014,MED018,4.43,2,2.43
2026-02-26,ST014,MED019,3.43,3,0.43
2026-02-26,ST014,MED020,5.29,4,1.29
2026-02-26,ST014,MED021,8.14,7,1.14
2026-02-26,ST014,MED022,5.43,6,0.57
2026-02-26,ST014,MED023,8.5,10,1.5
2026-02-26,ST014,MED024,8.07,7,1.07
2026-02-26,ST014,MED025,4.86,4,0.86
2026-02-26,ST014,MED026,8.14,7,1.14
2026-02-26,ST014,MED027,9.93,10,0.07
2026-02-26,ST014,MED028,4.64,4,0.64
2026-02-26,ST014,MED029,8.14,8,0.14
2026-02-26,ST014,MED030,4.43,6,1.57
2026-02-26,ST015,MED001,9.93,10,0.07
2026-02-26,ST015,MED002,10.79,7,3.79
2026-02-26,ST015,MED003,3.14,0,3.14
2026-02-26,ST015,MED004,7.29,8,0.71
2026-02-26,ST015,MED005,8.36,8,0.36
2026-02-26,ST015,MED006,8.21,8,0.21
2026-02-26,ST015,MED007,2.21,5,2.79
2026-02-26,ST015,MED008,2.79,0,2.79
2026-02-26,ST015,MED009,8.29,8,0.29
2026-02-26,ST015,MED010,2.93,2,0.93
2026-02-26,ST015,MED011,10.0,7,3.0
2026-02-26,ST015,MED012,9.64,10,0.36
2026-02-26,ST015,MED013,5.29,4,1.29
2026-02-26,ST015,MED014,3.93,3,0.93
2026-02-26,ST015,MED015,11.86,11,0.86
2026-02-26,ST015,MED016,6.57,6,0.57
2026-02-26,ST015,MED017,9.0,10,1.0
2026-02-26,ST015,MED018,4.5,10,5.5
2026-02-26,ST015,MED019,2.29,4,1.71
2026-02-26,ST015,MED020,6.07,8,1.93
2026-02-26,ST015,MED021,8.86,9,0.14
2026-02-26,ST015,MED022,6.86,6,0.86
2026-02-26,ST015,MED023,9.86,10,0.14
2026-02-26,ST015,MED024,10.57,11,0.43
2026-02-26,ST015,MED025,5.29,7,1.71
2026-02-26,ST015,MED026,8.71,11,2.29
2026-02-26,ST015,MED027,10.86,14,3.14
2026-02-26,ST015,MED028,6.36,3,3.36
2026-02-26,ST015,MED029,7.79,10,2.21
2026-02-26,ST015,MED030,4.07,5,0.93
2026-02-26,ST016,MED001,10.86,5,5.86
2026-02-26,ST016,MED002,10.0,12,2.0
2026-02-26,ST016,MED003,3.79,4,0.21
2026-02-26,ST016,MED004,7.43,8,0.57
2026-02-26,ST016,MED005,10.43,8,2.43
2026-02-26,ST016,MED006,9.64,6,3.64
2026-02-26,ST016,MED007,2.43,1,1.43
2026-02-26,ST016,MED008,3.5,3,0.5
2026-02-26,ST016,MED009,9.71,9,0.71
2026-02-26,ST016,MED010,4.14,0,4.14
2026-02-26,ST016,MED011,10.71,12,1.29
2026-02-26,ST016,MED012,10.0,11,1.0
2026-02-26,ST016,MED013,7.0,4,3.0
2026-02-26,ST016,MED014,5.43,1,4.43
2026-02-26,ST016,MED015,13.07,16,2.93
2026-02-26,ST016,MED016,6.79,12,5.21
2026-02-26,ST016,MED017,9.79,8,1.79
2026-02-26,ST016,MED018,6.14,3,3.14
2026-02-26,ST016,MED019,3.36,5,1.64
2026-02-26,ST016,MED020,7.71,4,3.71
2026-02-26,ST016,MED021,10.07,7,3.07
2026-02-26,ST016,MED022,6.93,2,4.93
2026-02-26,ST016,MED023,10.93,6,4.93
2026-02-26,ST016,MED024,11.64,10,1.64
2026-02-26,ST016,MED025,6.36,7,0.64
2026-02-26,ST016,MED026,10.43,11,0.57
2026-02-26,ST016,MED027,11.86,13,1.14
2026-02-26,ST016,MED028,6.21,3,3.21
2026-02-26,ST016,MED029,8.29,9,0.71
2026-02-26,ST016,MED030,6.0,5,1.0
2026-02-26,ST017,MED001,11.93,15,3.07
2026-02-26,ST017,MED002,11.57,13,1.43
2026-02-26,ST017,MED003,3.0,5,2.0
2026-02-26,ST017,MED004,8.0,8,0.0
2026-02-26,ST017,MED005,11.71,11,0.71
2026-02-26,ST017,MED006,10.64,11,0.36
2026-02-26,ST017,MED007,2.43,5,2.57
2026-02-26,ST017,MED008,4.29,1,3.29
2026-02-26,ST017,MED009,11.36,6,5.36
2026-02-26,ST017,MED010,4.64,7,2.36
2026-02-26,ST017,MED011,12.14,11,1.14
2026-02-26,ST017,MED012,10.93,13,2.07
2026-02-26,ST017,MED013,6.86,4,2.86
2026-02-26,ST017,MED014,5.5,6,0.5
2026-02-26,ST017,MED015,13.71,10,3.71
2026-02-26,ST017,MED016,6.79,9,2.21
2026-02-26,ST017,MED017,11.14,13,1.86
2026-02-26,ST017,MED018,5.43,10,4.57
2026-02-26,ST017,MED019,2.36,3,0.64
2026-02-26,ST017,MED020,7.0,10,3.0
2026-02-26,ST017,MED021,12.14,10,2.14
2026-02-26,ST017,MED022,6.57,6,0.57
2026-02-26,ST017,MED023,11.36,9,2.36
2026-02-26,ST017,MED024,12.57,19,6.43
2026-02-26,ST017,MED025,6.29,7,0.71
2026-02-26,ST017,MED026,12.36,10,2.36
2026-02-26,ST017,MED027,13.0,13,0.0
2026-02-26,ST017,MED028,5.86,7,1.14
2026-02-26,ST017,MED029,8.43,8,0.43
2026-02-26,ST017,MED030,5.14,5,0.14
2026-02-26,ST018,MED001,12.79,14,1.21
2026-02-26,ST018,MED002,13.71,11,2.71
2026-02-26,ST018,MED003,3.5,4,0.5
2026-02-26,ST018,MED004,9.29,11,1.71
2026-02-26,ST018,MED005,13.43,12,1.43
2026-02-26,ST018,MED006,12.57,12,0.57
2026-02-26,ST018,MED007,4.07,3,1.07
2026-02-26,ST018,MED008,3.43,3,0.43
2026-02-26,ST018,MED009,12.29,14,1.71
2026-02-26,ST018,MED010,4.43,8,3.57
2026-02-26,ST018,MED011,14.0,12,2.0
2026-02-26,ST018,MED012,11.93,9,2.93
2026-02-26,ST018,MED013,7.93,6,1.93
2026-02-26,ST018,MED014,7.29,8,0.71
2026-02-26,ST018,MED015,14.5,10,4.5
2026-02-26,ST018,MED016,7.36,8,0.64
2026-02-26,ST018,MED017,11.21,14,2.79
2026-02-26,ST018,MED018,6.36,11,4.64
2026-02-26,ST018,MED019,4.36,1,3.36
2026-02-26,ST018,MED020,7.57,11,3.43
2026-02-26,ST018,MED021,11.43,14,2.57
2026-02-26,ST018,MED022,8.14,9,0.86
2026-02-26,ST018,MED023,13.36,15,1.64
2026-02-26,ST018,MED024,13.64,9,4.64
2026-02-26,ST018,MED025,6.29,10,3.71
2026-02-26,ST018,MED026,13.43,14,0.57
2026-02-26,ST018,MED027,12.86,14,1.14
2026-02-26,ST018,MED028,7.36,6,1.36
2026-02-26,ST018,MED029,9.79,11,1.21
2026-02-26,ST018,MED030,6.5,5,1.5
2026-02-26,ST019,MED001,12.79,15,2.21
2026-02-26,ST019,MED002,14.36,10,4.36
2026-02-26,ST019,MED003,5.0,0,5.0
2026-02-26,ST019,MED004,9.79,11,1.21
2026-02-26,ST019,MED005,14.86,10,4.86
2026-02-26,ST019,MED006,13.21,11,2.21
2026-02-26,ST019,MED007,3.79,6,2.21
2026-02-26,ST019,MED008,4.29,3,1.29
2026-02-26,ST019,MED009,12.79,16,3.21
2026-02-26,ST019,MED010,5.36,5,0.36
2026-02-26,ST019,MED011,14.79,14,0.79
2026-02-26,ST019,MED012,12.21,11,1.21
2026-02-26,ST019,MED013,8.43,11,2.57
2026-02-26,ST019,MED014,5.5,4,1.5
2026-02-26,ST019,MED015,14.71,13,1.71
2026-02-26,ST019,MED016,8.29,10,1.71
2026-02-26,ST019,MED017,13.93,9,4.93
2026-02-26,ST019,MED018,7.79,5,2.79
2026-02-26,ST019,MED019,3.93,1,2.93
2026-02-26,ST019,MED020,8.64,9,0.36
2026-02-26,ST019,MED021,11.14,15,3.86
2026-02-26,ST019,MED022,9.07,7,2.07
2026-02-26,ST019,MED023,13.5,15,1.5
2026-02-26,ST019,MED024,16.21,17,0.79
2026-02-26,ST019,MED025,7.43,8,0.57
2026-02-26,ST019,MED026,14.79,15,0.21
2026-02-26,ST019,MED027,14.29,13,1.29
2026-02-26,ST019,MED028,7.29,8,0.71
2026-02-26,ST019,MED029,10.93,14,3.07
2026-02-26,ST019,MED030,6.64,8,1.36
2026-02-26,ST020,MED001,14.93,11,3.93
2026-02-26,ST020,MED002,13.93,13,0.93
2026-02-26,ST020,MED003,3.71,6,2.29
2026-02-26,ST020,MED004,9.79,7,2.79
2026-02-26,ST020,MED005,14.29,14,0.29
2026-02-26,ST020,MED006,12.57,11,1.57
2026-02-26,ST020,MED007,4.07,1,3.07
2026-02-26,ST020,MED008,4.36,7,2.64
2026-02-26,ST020,MED009,13.43,11,2.43
2026-02-26,ST020,MED010,5.29,4,1.29
2026-02-26,ST020,MED011,14.43,14,0.43
2026-02-26,ST020,MED012,13.36,16,2.64
2026-02-26,ST020,MED013,9.93,12,2.07
2026-02-26,ST020,MED014,7.14,8,0.86
2026-02-26,ST020,MED015,15.5,16,0.5
2026-02-26,ST020,MED016,9.86,7,2.86
2026-02-26,ST020,MED017,15.57,13,2.57
2026-02-26,ST020,MED018,8.14,7,1.14
2026-02-26,ST020,MED019,5.0,4,1.0
2026-02-26,ST020,MED020,8.64,10,1.36
2026-02-26,ST020,MED021,14.71,14,0.71
2026-02-26,ST020,MED022,9.79,6,3.79
2026-02-26,ST020,MED023,14.64,11,3.64
2026-02-26,ST020,MED024,16.36,16,0.36
2026-02-26,ST020,MED025,7.43,9,1.57
2026-02-26,ST020,MED026,14.29,11,3.29
2026-02-26,ST020,MED027,17.14,12,5.14
2026-02-26,ST020,MED028,7.79,6,1.79
2026-02-26,ST020,MED029,11.5,12,0.5
2026-02-26,ST020,MED030,6.36,4,2.36
2026-02-26,ST021,MED001,8.5,7,1.5
2026-02-26,ST021,MED002,7.93,7,0.93
2026-02-26,ST021,MED003,2.57,0,2.57
2026-02-26,ST021,MED004,5.64,7,1.36
2026-02-26,ST021,MED005,8.07,7,1.07
2026-02-26,ST021,MED006,8.36,6,2.36
2026-02-26,ST021,MED007,2.29,3,0.71
2026-02-26,ST021,MED008,3.29,6,2.71
2026-02-26,ST021,MED009,8.21,9,0.79
2026-02-26,ST021,MED010,3.36,6,2.64
2026-02-26,ST021,MED011,9.0,7,2.0
2026-02-26,ST021,MED012,8.21,8,0.21
2026-02-26,ST021,MED013,5.57,2,3.57
2026-02-26,ST021,MED014,5.07,6,0.93
2026-02-26,ST021,MED015,9.0,8,1.0
2026-02-26,ST021,MED016,5.71,5,0.71
2026-02-26,ST021,MED017,8.0,7,1.0
2026-02-26,ST021,MED018,5.5,4,1.5
2026-02-26,ST021,MED019,2.57,3,0.43
2026-02-26,ST021,MED020,5.0,3,2.0
2026-02-26,ST021,MED021,7.0,7,0.0
2026-02-26,ST021,MED022,5.21,5,0.21
2026-02-26,ST021,MED023,8.79,11,2.21
2026-02-26,ST021,MED024,9.21,13,3.79
2026-02-26,ST021,MED025,3.86,3,0.86
2026-02-26,ST021,MED026,8.36,10,1.64
2026-02-26,ST021,MED027,9.71,12,2.29
2026-02-26,ST021,MED028,4.21,4,0.21
2026-02-26,ST021,MED029,8.07,7,1.07
2026-02-26,ST021,MED030,3.64,6,2.36
2026-02-26,ST022,MED001,10.57,12,1.43
2026-02-26,ST022,MED002,8.57,7,1.57
2026-02-26,ST022,MED003,3.0,4,1.0
2026-02-26,ST022,MED004,7.71,4,3.71
2026-02-26,ST022,MED005,10.14,8,2.14
2026-02-26,ST022,MED006,8.21,9,0.79
2026-02-26,ST022,MED007,3.21,0,3.21
2026-02-26,ST022,MED008,2.36,3,0.64
2026-02-26,ST022,MED009,9.43,10,0.57
2026-02-26,ST022,MED010,2.79,3,0.21
2026-02-26,ST022,MED011,10.29,7,3.29
2026-02-26,ST022,MED012,8.64,8,0.64
2026-02-26,ST022,MED013,5.57,7,1.43
2026-02-26,ST022,MED014,5.5,1,4.5
2026-02-26,ST022,MED015,10.07,12,1.93
2026-02-26,ST022,MED016,5.71,8,2.29
2026-02-26,ST022,MED017,8.5,7,1.5
2026-02-26,ST022,MED018,4.86,7,2.14
2026-02-26,ST022,MED019,2.79,0,2.79
2026-02-26,ST022,MED020,6.93,5,1.93
2026-02-26,ST022,MED021,9.21,6,3.21
2026-02-26,ST022,MED022,5.79,8,2.21
2026-02-26,ST022,MED023,9.43,7,2.43
2026-02-26,ST022,MED024,13.07,10,3.07
2026-02-26,ST022,MED025,5.79,7,1.21
2026-02-26,ST022,MED026,9.21,11,1.79
2026-02-26,ST022,MED027,11.14,11,0.14
2026-02-26,ST022,MED028,4.64,5,0.36
2026-02-26,ST022,MED029,8.93,8,0.93
2026-02-26,ST022,MED030,3.29,3,0.29
2026-02-26,ST023,MED001,10.64,13,2.36
2026-02-26,ST023,MED002,10.21,10,0.21
2026-02-26,ST023,MED003,2.79,4,1.21
2026-02-26,ST023,MED004,7.29,6,1.29
2026-02-26,ST023,MED005,10.71,8,2.71
2026-02-26,ST023,MED006,10.07,5,5.07
2026-02-26,ST023,MED007,3.14,1,2.14
2026-02-26,ST023,MED008,2.93,4,1.07
2026-02-26,ST023,MED009,9.07,11,1.93
2026-02-26,ST023,MED010,3.86,7,3.14
2026-02-26,ST023,MED011,10.86,11,0.14
2026-02-26,ST023,MED012,8.57,7,1.57
2026-02-26,ST023,MED013,6.21,6,0.21
2026-02-26,ST023,MED014,5.07,8,2.93
2026-02-26,ST023,MED015,11.71,10,1.71
2026-02-26,ST023,MED016,7.64,5,2.64
2026-02-26,ST023,MED017,10.36,10,0.36
2026-02-26,ST023,MED018,6.64,7,0.36
2026-02-26,ST023,MED019,3.07,3,0.07
2026-02-26,ST023,MED020,5.64,3,2.64
2026-02-26,ST023,MED021,10.14,7,3.14
2026-02-26,ST023,MED022,7.29,5,2.29
2026-02-26,ST023,MED023,10.43,9,1.43
2026-02-26,ST023,MED024,12.14,11,1.14
2026-02-26,ST023,MED025,6.0,4,2.0
2026-02-26,ST023,MED026,12.14,13,0.86
2026-02-26,ST023,MED027,12.64,9,3.64
2026-02-26,ST023,MED028,5.79,11,5.21
2026-02-26,ST023,MED029,9.07,6,3.07
2026-02-26,ST023,MED030,5.14,7,1.86
2026-02-26,ST024,MED001,11.36,10,1.36
2026-02-26,ST024,MED002,11.64,11,0.64
2026-02-26,ST024,MED003,2.71,2,0.71
2026-02-26,ST024,MED004,8.71,6,2.71
2026-02-26,ST024,MED005,11.29,13,1.71
2026-02-26,ST024,MED006,11.93,11,0.93
2026-02-26,ST024,MED007,2.57,2,0.57
2026-02-26,ST024,MED008,3.36,3,0.36
2026-02-26,ST024,MED009,10.21,7,3.21
2026-02-26,ST024,MED010,5.07,2,3.07
2026-02-26,ST024,MED011,12.21,11,1.21
2026-02-26,ST024,MED012,10.29,12,1.71
2026-02-26,ST024,MED013,7.5,7,0.5
2026-02-26,ST024,MED014,5.79,11,5.21
2026-02-26,ST024,MED015,12.86,16,3.14
2026-02-26,ST024,MED016,7.21,9,1.79
2026-02-26,ST024,MED017,11.86,8,3.86
2026-02-26,ST024,MED018,6.86,8,1.14
2026-02-26,ST024,MED019,3.86,2,1.86
2026-02-26,ST024,MED020,7.29,10,2.71
2026-02-26,ST024,MED021,9.71,12,2.29
2026-02-26,ST024,MED022,8.21,4,4.21
2026-02-26,ST024,MED023,13.21,10,3.21
2026-02-26,ST024,MED024,11.5,12,0.5
2026-02-26,ST024,MED025,6.0,5,1.0
2026-02-26,ST024,MED026,12.07,7,5.07
2026-02-26,ST024,MED027,12.5,12,0.5
2026-02-26,ST024,MED028,5.93,11,5.07
2026-02-26,ST024,MED029,11.43,9,2.43
2026-02-26,ST024,MED030,5.5,5,0.5
2026-02-26,ST025,MED001,12.57,14,1.43
2026-02-26,ST025,MED002,12.93,15,2.07
2026-02-26,ST025,MED003,3.0,2,1.0
2026-02-26,ST025,MED004,9.29,10,0.71
2026-02-26,ST025,MED005,12.79,12,0.79
2026-02-26,ST025,MED006,10.43,11,0.57
2026-02-26,ST025,MED007,3.71,1,2.71
2026-02-26,ST025,MED008,4.43,7,2.57
2026-02-26,ST025,MED009,10.5,11,0.5
2026-02-26,ST025,MED010,4.57,4,0.57
2026-02-26,ST025,MED011,12.93,8,4.93
2026-02-26,ST025,MED012,10.29,10,0.29
2026-02-26,ST025,MED013,8.36,8,0.36
2026-02-26,ST025,MED014,6.36,6,0.36
2026-02-26,ST025,MED015,14.21,14,0.21
2026-02-26,ST025,MED016,8.93,9,0.07
2026-02-26,ST025,MED017,13.07,12,1.07
2026-02-26,ST025,MED018,7.57,6,1.57
2026-02-26,ST025,MED019,3.43,1,2.43
2026-02-26,ST025,MED020,8.0,9,1.0
2026-02-26,ST025,MED021,11.5,12,0.5
2026-02-26,ST025,MED022,9.93,7,2.93
2026-02-26,ST025,MED023,12.57,12,0.57
2026-02-26,ST025,MED024,14.5,16,1.5
2026-02-26,ST025,MED025,7.21,5,2.21
2026-02-26,ST025,MED026,13.21,14,0.79
2026-02-26,ST025,MED027,11.93,12,0.07
2026-02-26,ST025,MED028,6.21,9,2.79
2026-02-26,ST025,MED029,11.14,11,0.14
2026-02-26,ST025,MED030,5.07,11,5.93
2026-02-26,ST026,MED001,13.5,11,2.5
2026-02-26,ST026,MED002,13.5,16,2.5
2026-02-26,ST026,MED003,3.71,4,0.29
2026-02-26,ST026,MED004,10.64,9,1.64
2026-02-26,ST026,MED005,13.64,19,5.36
2026-02-26,ST026,MED006,11.86,11,0.86
2026-02-26,ST026,MED007,3.93,4,0.07
2026-02-26,ST026,MED008,4.14,5,0.86
2026-02-26,ST026,MED009,13.14,12,1.14
2026-02-26,ST026,MED010,4.86,3,1.86
2026-02-26,ST026,MED011,13.36,13,0.36
2026-02-26,ST026,MED012,12.64,11,1.64
2026-02-26,ST026,MED013,8.86,8,0.86
2026-02-26,ST026,MED014,6.79,3,3.79
2026-02-26,ST026,MED015,16.07,13,3.07
2026-02-26,ST026,MED016,8.29,15,6.71
2026-02-26,ST026,MED017,13.57,14,0.43
2026-02-26,ST026,MED018,6.93,7,0.07
2026-02-26,ST026,MED019,3.43,0,3.43
2026-02-26,ST026,MED020,8.79,11,2.21
2026-02-26,ST026,MED021,12.5,7,5.5
2026-02-26,ST026,MED022,9.14,6,3.14
2026-02-26,ST026,MED023,13.0,11,2.0
2026-02-26,ST026,MED024,16.07,16,0.07
2026-02-26,ST026,MED025,8.21,7,1.21
2026-02-26,ST026,MED026,13.86,10,3.86
2026-02-26,ST026,MED027,14.29,14,0.29
2026-02-26,ST026,MED028,8.14,10,1.86
2026-02-26,ST026,MED029,12.0,13,1.0
2026-02-26,ST026,MED030,6.5,8,1.5
2026-02-26,ST027,MED001,14.86,18,3.14
2026-02-26,ST027,MED002,15.64,17,1.36
2026-02-26,ST027,MED003,4.79,7,2.21
2026-02-26,ST027,MED004,10.21,9,1.21
2026-02-26,ST027,MED005,14.29,15,0.71
2026-02-26,ST027,MED006,13.64,10,3.64
2026-02-26,ST027,MED007,4.86,4,0.86
2026-02-26,ST027,MED008,4.36,3,1.36
2026-02-26,ST027,MED009,13.29,15,1.71
2026-02-26,ST027,MED010,5.36,4,1.36
2026-02-26,ST027,MED011,15.14,14,1.14
2026-02-26,ST027,MED012,13.36,15,1.64
2026-02-26,ST027,MED013,9.0,9,0.0
2026-02-26,ST027,MED014,5.43,6,0.57
2026-02-26,ST027,MED015,15.71,17,1.29
2026-02-26,ST027,MED016,10.64,11,0.36
2026-02-26,ST027,MED017,14.79,13,1.79
2026-02-26,ST027,MED018,7.21,6,1.21
2026-02-26,ST027,MED019,3.57,3,0.57
2026-02-26,ST027,MED020,9.64,7,2.64
2026-02-26,ST027,MED021,13.43,13,0.43
2026-02-26,ST027,MED022,9.29,10,0.71
2026-02-26,ST027,MED023,14.64,13,1.64
2026-02-26,ST027,MED024,16.57,14,2.57
2026-02-26,ST027,MED025,8.64,9,0.36
2026-02-26,ST027,MED026,14.64,15,0.36
2026-02-26,ST027,MED027,16.29,14,2.29
2026-02-26,ST027,MED028,8.64,6,2.64
2026-02-26,ST027,MED029,11.93,11,0.93
2026-02-26,ST027,MED030,7.0,4,3.0
2026-02-26,ST028,MED001,9.14,6,3.14
2026-02-26,ST028,MED002,9.71,9,0.71
2026-02-26,ST028,MED003,2.14,0,2.14
2026-02-26,ST028,MED004,6.57,7,0.43
2026-02-26,ST028,MED005,8.43,11,2.57
2026-02-26,ST028,MED006,9.07,13,3.93
2026-02-26,ST028,MED007,2.14,0,2.14
2026-02-26,ST028,MED008,2.43,1,1.43
2026-02-26,ST028,MED009,7.93,7,0.93
2026-02-26,ST028,MED010,3.86,1,2.86
2026-02-26,ST028,MED011,8.07,8,0.07
2026-02-26,ST028,MED012,7.36,8,0.64
2026-02-26,ST028,MED013,5.79,4,1.79
2026-02-26,ST028,MED014,4.79,2,2.79
2026-02-26,ST028,MED015,9.36,12,2.64
2026-02-26,ST028,MED016,5.0,2,3.0
2026-02-26,ST028,MED017,9.14,5,4.14
2026-02-26,ST028,MED018,5.0,2,3.0
2026-02-26,ST028,MED019,1.36,0,1.36
2026-02-26,ST028,MED020,5.36,6,0.64
2026-02-26,ST028,MED021,7.29,8,0.71
2026-02-26,ST028,MED022,5.07,11,5.93
2026-02-26,ST028,MED023,8.0,11,3.0
2026-02-26,ST028,MED024,8.21,7,1.21
2026-02-26,ST028,MED025,5.07,3,2.07
2026-02-26,ST028,MED026,9.0,12,3.0
2026-02-26,ST028,MED027,9.14,8,1.14
2026-02-26,ST028,MED028,6.14,4,2.14
2026-02-26,ST028,MED029,7.14,10,2.86
2026-02-26,ST028,MED030,4.57,4,0.57
2026-02-26,ST029,MED001,9.5,10,0.5
2026-02-26,ST029,MED002,10.14,10,0.14
2026-02-26,ST029,MED003,2.43,0,2.43
2026-02-26,ST029,MED004,7.57,6,1.57
2026-02-26,ST029,MED005,9.57,6,3.57
2026-02-26,ST029,MED006,8.79,7,1.79
2026-02-26,ST029,MED007,2.79,2,0.79
2026-02-26,ST029,MED008,2.64,1,1.64
2026-02-26,ST029,MED009,8.14,6,2.14
2026-02-26,ST029,MED010,2.86,3,0.14
2026-02-26,ST029,MED011,9.5,8,1.5
2026-02-26,ST029,MED012,7.29,9,1.71
2026-02-26,ST029,MED013,6.5,6,0.5
2026-02-26,ST029,MED014,3.86,9,5.14
2026-02-26,ST029,MED015,11.07,12,0.93
2026-02-26,ST029,MED016,4.93,7,2.07
2026-02-26,ST029,MED017,8.93,14,5.07
2026-02-26,ST029,MED018,4.86,9,4.14
2026-02-26,ST029,MED019,3.5,7,3.5
2026-02-26,ST029,MED020,5.64,7,1.36
2026-02-26,ST029,MED021,9.43,6,3.43
2026-02-26,ST029,MED022,6.29,5,1.29
2026-02-26,ST029,MED023,8.64,12,3.36
2026-02-26,ST029,MED024,11.14,11,0.14
2026-02-26,ST029,MED025,4.21,7,2.79
2026-02-26,ST029,MED026,9.36,6,3.36
2026-02-26,ST029,MED027,10.93,9,1.93
2026-02-26,ST029,MED028,5.57,3,2.57
2026-02-26,ST029,MED029,8.86,7,1.86
2026-02-26,ST029,MED030,4.64,1,3.64
2026-02-26,ST030,MED001,10.64,11,0.36
2026-02-26,ST030,MED002,10.93,13,2.07
2026-02-26,ST030,MED003,2.71,2,0.71
2026-02-26,ST030,MED004,8.57,5,3.57
2026-02-26,ST030,MED005,10.29,11,0.71
2026-02-26,ST030,MED006,9.5,7,2.5
2026-02-26,ST030,MED007,2.93,7,4.07
2026-02-26,ST030,MED008,2.64,4,1.36
2026-02-26,ST030,MED009,8.93,7,1.93
2026-02-26,ST030,MED010,4.07,10,5.93
2026-02-26,ST030,MED011,11.43,10,1.43
2026-02-26,ST030,MED012,10.36,9,1.36
2026-02-26,ST030,MED013,6.5,8,1.5
2026-02-26,ST030,MED014,5.57,5,0.57
2026-02-26,ST030,MED015,11.14,14,2.86
2026-02-26,ST030,MED016,7.71,5,2.71
2026-02-26,ST030,MED017,10.29,7,3.29
2026-02-26,ST030,MED018,5.5,8,2.5
2026-02-26,ST030,MED019,3.43,9,5.57
2026-02-26,ST030,MED020,6.71,8,1.29
2026-02-26,ST030,MED021,9.71,6,3.71
2026-02-26,ST030,MED022,6.43,5,1.43
2026-02-26,ST030,MED023,10.07,8,2.07
2026-02-26,ST030,MED024,11.14,11,0.14
2026-02-26,ST030,MED025,5.07,8,2.93
2026-02-26,ST030,MED026,10.36,11,0.64
2026-02-26,ST030,MED027,11.07,11,0.07
2026-02-26,ST030,MED028,6.21,11,4.79
2026-02-26,ST030,MED029,7.43,11,3.57
2026-02-26,ST030,MED030,5.5,5,0.5
2026-02-26,ST031,MED001,10.64,9,1.64
2026-02-26,ST031,MED002,11.21,12,0.79
2026-02-26,ST031,MED003,3.43,3,0.43
2026-02-26,ST031,MED004,9.14,4,5.14
2026-02-26,ST031,MED005,11.29,11,0.29
2026-02-26,ST031,MED006,10.86,12,1.14
2026-02-26,ST031,MED007,4.86,4,0.86
2026-02-26,ST031,MED008,3.0,3,0.0
2026-02-26,ST031,MED009,11.5,9,2.5
2026-02-26,ST031,MED010,4.79,5,0.21
2026-02-26,ST031,MED011,10.0,10,0.0
2026-02-26,ST031,MED012,10.29,9,1.29
2026-02-26,ST031,MED013,7.57,10,2.43
2026-02-26,ST031,MED014,4.86,8,3.14
2026-02-26,ST031,MED015,13.21,7,6.21
2026-02-26,ST031,MED016,7.14,3,4.14
2026-02-26,ST031,MED017,11.29,9,2.29
2026-02-26,ST031,MED018,7.14,10,2.86
2026-02-26,ST031,MED019,3.71,1,2.71
2026-02-26,ST031,MED020,8.07,9,0.93
2026-02-26,ST031,MED021,10.0,8,2.0
2026-02-26,ST031,MED022,6.21,12,5.79
2026-02-26,ST031,MED023,11.86,12,0.14
2026-02-26,ST031,MED024,12.36,13,0.64
2026-02-26,ST031,MED025,5.79,11,5.21
2026-02-26,ST031,MED026,11.36,12,0.64
2026-02-26,ST031,MED027,11.93,10,1.93
2026-02-26,ST031,MED028,6.64,3,3.64
2026-02-26,ST031,MED029,9.14,9,0.14
2026-02-26,ST031,MED030,4.86,10,5.14
2026-02-26,ST032,MED001,11.86,9,2.86
2026-02-26,ST032,MED002,12.14,11,1.14
2026-02-26,ST032,MED003,4.07,5,0.93
2026-02-26,ST032,MED004,8.93,8,0.93
2026-02-26,ST032,MED005,11.07,15,3.93
2026-02-26,ST032,MED006,11.36,9,2.36
2026-02-26,ST032,MED007,3.43,6,2.57
2026-02-26,ST032,MED008,2.57,4,1.43
2026-02-26,ST032,MED009,12.36,7,5.36
2026-02-26,ST032,MED010,5.36,6,0.64
2026-02-26,ST032,MED011,13.07,15,1.93
2026-02-26,ST032,MED012,11.29,12,0.71
2026-02-26,ST032,MED013,8.5,10,1.5
2026-02-26,ST032,MED014,6.36,9,2.64
2026-02-26,ST032,MED015,14.0,12,2.0
2026-02-26,ST032,MED016,8.71,6,2.71
2026-02-26,ST032,MED017,11.79,14,2.21
2026-02-26,ST032,MED018,5.71,6,0.29
2026-02-26,ST032,MED019,3.36,3,0.36
2026-02-26,ST032,MED020,7.64,10,2.36
2026-02-26,ST032,MED021,11.5,8,3.5
2026-02-26,ST032,MED022,8.93,8,0.93
2026-02-26,ST032,MED023,11.07,11,0.07
2026-02-26,ST032,MED024,14.5,11,3.5
2026-02-26,ST032,MED025,7.57,5,2.57
2026-02-26,ST032,MED026,14.79,14,0.79
2026-02-26,ST032,MED027,12.57,15,2.43
2026-02-26,ST032,MED028,7.64,6,1.64
2026-02-26,ST032,MED029,10.71,13,2.29
2026-02-26,ST032,MED030,5.79,7,1.21
2026-02-26,ST033,MED001,13.57,19,5.43
2026-02-26,ST033,MED002,13.57,14,0.43
2026-02-26,ST033,MED003,3.29,7,3.71
2026-02-26,ST033,MED004,10.43,6,4.43
2026-02-26,ST033,MED005,12.93,13,0.07
2026-02-26,ST033,MED006,12.21,13,0.79
2026-02-26,ST033,MED007,3.93,6,2.07
2026-02-26,ST033,MED008,4.0,7,3.0
2026-02-26,ST033,MED009,12.93,13,0.07
2026-02-26,ST033,MED010,4.36,5,0.64
2026-02-26,ST033,MED011,12.93,12,0.93
2026-02-26,ST033,MED012,13.57,15,1.43
2026-02-26,ST033,MED013,8.93,9,0.07
2026-02-26,ST033,MED014,6.36,6,0.36
2026-02-26,ST033,MED015,14.93,15,0.07
2026-02-26,ST033,MED016,8.86,4,4.86
2026-02-26,ST033,MED017,13.71,16,2.29
2026-02-26,ST033,MED018,7.5,6,1.5
2026-02-26,ST033,MED019,3.64,4,0.36
2026-02-26,ST033,MED020,8.71,8,0.71
2026-02-26,ST033,MED021,13.0,24,11.0
2026-02-26,ST033,MED022,8.64,8,0.64
2026-02-26,ST033,MED023,13.79,13,0.79
2026-02-26,ST033,MED024,15.29,15,0.29
2026-02-26,ST033,MED025,6.36,12,5.64
2026-02-26,ST033,MED026,13.36,15,1.64
2026-02-26,ST033,MED027,14.0,16,2.0
2026-02-26,ST033,MED028,8.14,10,1.86
2026-02-26,ST033,MED029,11.86,14,2.14
2026-02-26,ST033,MED030,5.57,6,0.43
2026-02-26,ST034,MED001,14.71,17,2.29
2026-02-26,ST034,MED002,14.86,12,2.86
2026-02-26,ST034,MED003,4.5,4,0.5
2026-02-26,ST034,MED004,11.14,12,0.86
2026-02-26,ST034,MED005,14.0,13,1.0
2026-02-26,ST034,MED006,14.36,11,3.36
2026-02-26,ST034,MED007,4.36,3,1.36
2026-02-26,ST034,MED008,3.64,2,1.64
2026-02-26,ST034,MED009,14.07,14,0.07
2026-02-26,ST034,MED010,5.21,5,0.21
2026-02-26,ST034,MED011,14.86,14,0.86
2026-02-26,ST034,MED012,13.64,14,0.36
2026-02-26,ST034,MED013,8.86,11,2.14
2026-02-26,ST034,MED014,7.36,4,3.36
2026-02-26,ST034,MED015,16.07,15,1.07
2026-02-26,ST034,MED016,7.93,10,2.07
2026-02-26,ST034,MED017,16.0,15,1.0
2026-02-26,ST034,MED018,8.0,6,2.0
2026-02-26,ST034,MED019,3.93,2,1.93
2026-02-26,ST034,MED020,8.86,10,1.14
2026-02-26,ST034,MED021,12.93,13,0.07
2026-02-26,ST034,MED022,8.86,11,2.14
2026-02-26,ST034,MED023,16.71,15,1.71
2026-02-26,ST034,MED024,15.14,12,3.14
2026-02-26,ST034,MED025,9.5,13,3.5
2026-02-26,ST034,MED026,14.5,16,1.5
2026-02-26,ST034,MED027,16.0,14,2.0
2026-02-26,ST034,MED028,9.0,12,3.0
2026-02-26,ST034,MED029,11.71,15,3.29
2026-02-26,ST034,MED030,7.0,4,3.0
2026-02-26,ST035,MED001,10.14,8,2.14
2026-02-26,ST035,MED002,8.14,9,0.86
2026-02-26,ST035,MED003,2.36,3,0.64
2026-02-26,ST035,MED004,6.5,5,1.5
2026-02-26,ST035,MED005,8.5,10,1.5
2026-02-26,ST035,MED006,8.64,6,2.64
2026-02-26,ST035,MED007,2.43,1,1.43
2026-02-26,ST035,MED008,1.71,3,1.29
2026-02-26,ST035,MED009,8.0,9,1.0
2026-02-26,ST035,MED010,2.86,0,2.86
2026-02-26,ST035,MED011,8.86,8,0.86
2026-02-26,ST035,MED012,8.64,6,2.64
2026-02-26,ST035,MED013,5.0,3,2.0
2026-02-26,ST035,MED014,4.29,5,0.71
2026-02-26,ST035,MED015,9.29,8,1.29
2026-02-26,ST035,MED016,6.14,6,0.14
2026-02-26,ST035,MED017,8.64,7,1.64
2026-02-26,ST035,MED018,3.0,6,3.0
2026-02-26,ST035,MED019,2.21,0,2.21
2026-02-26,ST035,MED020,7.29,6,1.29
2026-02-26,ST035,MED021,8.36,10,1.64
2026-02-26,ST035,MED022,5.21,5,0.21
2026-02-26,ST035,MED023,9.57,11,1.43
2026-02-26,ST035,MED024,10.0,9,1.0
2026-02-26,ST035,MED025,4.14,9,4.86
2026-02-26,ST035,MED026,8.5,10,1.5
2026-02-26,ST035,MED027,8.5,10,1.5
2026-02-26,ST035,MED028,4.0,4,0.0
2026-02-26,ST035,MED029,7.07,5,2.07
2026-02-26,ST035,MED030,3.29,7,3.71
2026-02-26,ST036,MED001,11.14,18,6.86
2026-02-26,ST036,MED002,9.79,10,0.21
2026-02-26,ST036,MED003,2.14,4,1.86
2026-02-26,ST036,MED004,8.14,9,0.86
2026-02-26,ST036,MED005,8.93,9,0.07
2026-02-26,ST036,MED006,8.79,6,2.79
2026-02-26,ST036,MED007,2.71,1,1.71
2026-02-26,ST036,MED008,2.71,0,2.71
2026-02-26,ST036,MED009,8.43,7,1.43
2026-02-26,ST036,MED010,4.0,2,2.0
2026-02-26,ST036,MED011,9.43,12,2.57
2026-02-26,ST036,MED012,8.5,10,1.5
2026-02-26,ST036,MED013,5.36,7,1.64
2026-02-26,ST036,MED014,5.57,1,4.57
2026-02-26,ST036,MED015,10.36,9,1.36
2026-02-26,ST036,MED016,6.29,7,0.71
2026-02-26,ST036,MED017,10.64,6,4.64
2026-02-26,ST036,MED018,5.79,6,0.21
2026-02-26,ST036,MED019,3.0,4,1.0
2026-02-26,ST036,MED020,6.36,1,5.36
2026-02-26,ST036,MED021,9.21,8,1.21
2026-02-26,ST036,MED022,6.0,7,1.0
2026-02-26,ST036,MED023,9.64,11,1.36
2026-02-26,ST036,MED024,10.64,7,3.64
2026-02-26,ST036,MED025,4.86,4,0.86
2026-02-26,ST036,MED026,8.93,14,5.07
2026-02-26,ST036,MED027,10.14,8,2.14
2026-02-26,ST036,MED028,5.36,7,1.64
2026-02-26,ST036,MED029,7.07,11,3.93
2026-02-26,ST036,MED030,5.14,1,4.14
2026-02-26,ST037,MED001,11.0,7,4.0
2026-02-26,ST037,MED002,10.43,14,3.57
2026-02-26,ST037,MED003,3.43,0,3.43
2026-02-26,ST037,MED004,7.64,8,0.36
2026-02-26,ST037,MED005,11.07,12,0.93
2026-02-26,ST037,MED006,10.07,11,0.93
2026-02-26,ST037,MED007,3.0,4,1.0
2026-02-26,ST037,MED008,2.86,1,1.86
2026-02-26,ST037,MED009,10.43,12,1.57
2026-02-26,ST037,MED010,3.64,2,1.64
2026-02-26,ST037,MED011,11.07,11,0.07
2026-02-26,ST037,MED012,10.0,3,7.0
2026-02-26,ST037,MED013,6.21,5,1.21
2026-02-26,ST037,MED014,5.14,0,5.14
2026-02-26,ST037,MED015,11.43,16,4.57
2026-02-26,ST037,MED016,7.0,9,2.0
2026-02-26,ST037,MED017,10.29,12,1.71
2026-02-26,ST037,MED018,6.14,7,0.86
2026-02-26,ST037,MED019,4.0,5,1.0
2026-02-26,ST037,MED020,7.07,2,5.07
2026-02-26,ST037,MED021,10.0,10,0.0
2026-02-26,ST037,MED022,6.5,7,0.5
2026-02-26,ST037,MED023,10.5,9,1.5
2026-02-26,ST037,MED024,12.14,11,1.14
2026-02-26,ST037,MED025,6.07,9,2.93
2026-02-26,ST037,MED026,11.0,7,4.0
2026-02-26,ST037,MED027,13.07,13,0.07
2026-02-26,ST037,MED028,5.86,6,0.14
2026-02-26,ST037,MED029,8.71,7,1.71
2026-02-26,ST037,MED030,4.79,6,1.21
2026-02-26,ST038,MED001,11.86,13,1.14
2026-02-26,ST038,MED002,10.86,8,2.86
2026-02-26,ST038,MED003,3.29,6,2.71
2026-02-26,ST038,MED004,8.93,9,0.07
2026-02-26,ST038,MED005,13.14,5,8.14
2026-02-26,ST038,MED006,11.07,7,4.07
2026-02-26,ST038,MED007,3.43,3,0.43
2026-02-26,ST038,MED008,3.0,4,1.0
2026-02-26,ST038,MED009,11.5,9,2.5
2026-02-26,ST038,MED010,4.71,3,1.71
2026-02-26,ST038,MED011,11.64,13,1.36
2026-02-26,ST038,MED012,11.29,13,1.71
2026-02-26,ST038,MED013,7.14,9,1.86
2026-02-26,ST038,MED014,5.43,5,0.43
2026-02-26,ST038,MED015,13.86,13,0.86
2026-02-26,ST038,MED016,6.71,9,2.29
2026-02-26,ST038,MED017,11.0,13,2.0
2026-02-26,ST038,MED018,6.64,8,1.36
2026-02-26,ST038,MED019,3.29,0,3.29
2026-02-26,ST038,MED020,7.36,7,0.36
2026-02-26,ST038,MED021,10.0,7,3.0
2026-02-26,ST038,MED022,7.5,5,2.5
2026-02-26,ST038,MED023,11.64,7,4.64
2026-02-26,ST038,MED024,12.43,11,1.43
2026-02-26,ST038,MED025,7.64,9,1.36
2026-02-26,ST038,MED026,11.79,10,1.79
2026-02-26,ST038,MED027,12.79,12,0.79
2026-02-26,ST038,MED028,5.21,4,1.21
2026-02-26,ST038,MED029,10.0,12,2.0
2026-02-26,ST038,MED030,4.64,2,2.64
2026-02-26,ST039,MED001,13.14,12,1.14
2026-02-26,ST039,MED002,12.57,11,1.57
2026-02-26,ST039,MED003,4.0,1,3.0
2026-02-26,ST039,MED004,10.21,8,2.21
2026-02-26,ST039,MED005,12.64,10,2.64
2026-02-26,ST039,MED006,13.07,8,5.07
2026-02-26,ST039,MED007,4.36,6,1.64
2026-02-26,ST039,MED008,4.07,0,4.07
2026-02-26,ST039,MED009,11.71,8,3.71
2026-02-26,ST039,MED010,5.36,5,0.36
2026-02-26,ST039,MED011,12.29,8,4.29
2026-02-26,ST039,MED012,12.0,16,4.0
2026-02-26,ST039,MED013,8.36,7,1.36
2026-02-26,ST039,MED014,6.93,6,0.93
2026-02-26,ST039,MED015,13.79,14,0.21
2026-02-26,ST039,MED016,8.0,9,1.0
2026-02-26,ST039,MED017,12.86,17,4.14
2026-02-26,ST039,MED018,7.57,6,1.57
2026-02-26,ST039,MED019,3.36,4,0.64
2026-02-26,ST039,MED020,7.79,9,1.21
2026-02-26,ST039,MED021,11.79,12,0.21
2026-02-26,ST039,MED022,7.21,6,1.21
2026-02-26,ST039,MED023,12.57,9,3.57
2026-02-26,ST039,MED024,14.07,15,0.93
2026-02-26,ST039,MED025,7.14,6,1.14
2026-02-26,ST039,MED026,12.36,12,0.36
2026-02-26,ST039,MED027,14.64,16,1.36
2026-02-26,ST039,MED028,6.64,7,0.36
2026-02-26,ST039,MED029,10.29,14,3.71
2026-02-26,ST039,MED030,5.93,10,4.07
2026-02-26,ST040,MED001,13.71,15,1.29
2026-02-26,ST040,MED002,13.0,14,1.0
2026-02-26,ST040,MED003,3.43,2,1.43
2026-02-26,ST040,MED004,10.29,12,1.71
2026-02-26,ST040,MED005,14.29,14,0.29
2026-02-26,ST040,MED006,12.0,9,3.0
2026-02-26,ST040,MED007,3.86,8,4.14
2026-02-26,ST040,MED008,3.36,4,0.64
2026-02-26,ST040,MED009,12.93,14,1.07
2026-02-26,ST040,MED010,5.29,7,1.71
2026-02-26,ST040,MED011,13.36,11,2.36
2026-02-26,ST040,MED012,12.57,9,3.57
2026-02-26,ST040,MED013,8.64,9,0.36
2026-02-26,ST040,MED014,7.93,9,1.07
2026-02-26,ST040,MED015,16.71,13,3.71
2026-02-26,ST040,MED016,8.57,11,2.43
2026-02-26,ST040,MED017,13.0,13,0.0
2026-02-26,ST040,MED018,7.07,7,0.07
2026-02-26,ST040,MED019,3.79,0,3.79
2026-02-26,ST040,MED020,8.14,10,1.86
2026-02-26,ST040,MED021,12.21,11,1.21
2026-02-26,ST040,MED022,7.36,7,0.36
2026-02-26,ST040,MED023,13.36,12,1.36
2026-02-26,ST040,MED024,15.64,11,4.64
2026-02-26,ST040,MED025,7.93,8,0.07
2026-02-26,ST040,MED026,13.21,8,5.21
2026-02-26,ST040,MED027,15.0,15,0.0
2026-02-26,ST040,MED028,7.36,7,0.36
2026-02-26,ST040,MED029,11.57,12,0.43
2026-02-26,ST040,MED030,6.29,4,2.29
2026-02-27,ST001,MED001,9.57,7,2.57
2026-02-27,ST001,MED002,8.86,9,0.14
2026-02-27,ST001,MED003,2.71,5,2.29
2026-02-27,ST001,MED004,6.86,5,1.86
2026-02-27,ST001,MED005,9.71,9,0.71
2026-02-27,ST001,MED006,8.79,7,1.79
2026-02-27,ST001,MED007,1.71,4,2.29
2026-02-27,ST001,MED008,2.5,3,0.5
2026-02-27,ST001,MED009,8.21,12,3.79
2026-02-27,ST001,MED010,3.57,1,2.57
2026-02-27,ST001,MED011,9.79,8,1.79
2026-02-27,ST001,MED012,8.93,6,2.93
2026-02-27,ST001,MED013,6.57,5,1.57
2026-02-27,ST001,MED014,4.57,1,3.57
2026-02-27,ST001,MED015,9.93,9,0.93
2026-02-27,ST001,MED016,6.64,6,0.64
2026-02-27,ST001,MED017,8.86,11,2.14
2026-02-27,ST001,MED018,5.71,5,0.71
2026-02-27,ST001,MED019,3.86,0,3.86
2026-02-27,ST001,MED020,6.43,3,3.43
2026-02-27,ST001,MED021,8.93,10,1.07
2026-02-27,ST001,MED022,6.0,7,1.0
2026-02-27,ST001,MED023,9.07,11,1.93
2026-02-27,ST001,MED024,10.21,14,3.79
2026-02-27,ST001,MED025,5.0,8,3.0
2026-02-27,ST001,MED026,10.29,9,1.29
2026-02-27,ST001,MED027,10.5,10,0.5
2026-02-27,ST001,MED028,5.43,5,0.43
2026-02-27,ST001,MED029,8.14,6,2.14
2026-02-27,ST001,MED030,4.14,4,0.14
2026-02-27,ST002,MED001,10.5,15,4.5
2026-02-27,ST002,MED002,9.43,12,2.57
2026-02-27,ST002,MED003,3.36,1,2.36
2026-02-27,ST002,MED004,8.29,6,2.29
2026-02-27,ST002,MED005,11.36,11,0.36
2026-02-27,ST002,MED006,9.86,11,1.14
2026-02-27,ST002,MED007,3.07,1,2.07
2026-02-27,ST002,MED008,3.36,1,2.36
2026-02-27,ST002,MED009,10.07,7,3.07
2026-02-27,ST002,MED010,3.71,1,2.71
2026-02-27,ST002,MED011,10.93,11,0.07
2026-02-27,ST002,MED012,9.71,17,7.29
2026-02-27,ST002,MED013,7.0,10,3.0
2026-02-27,ST002,MED014,5.5,5,0.5
2026-02-27,ST002,MED015,11.07,12,0.93
2026-02-27,ST002,MED016,8.0,9,1.0
2026-02-27,ST002,MED017,11.21,8,3.21
2026-02-27,ST002,MED018,5.07,3,2.07
2026-02-27,ST002,MED019,2.71,5,2.29
2026-02-27,ST002,MED020,6.21,7,0.79
2026-02-27,ST002,MED021,10.36,8,2.36
2026-02-27,ST002,MED022,7.57,3,4.57
2026-02-27,ST002,MED023,10.93,12,1.07
2026-02-27,ST002,MED024,12.0,12,0.0
2026-02-27,ST002,MED025,5.93,5,0.93
2026-02-27,ST002,MED026,11.07,12,0.93
2026-02-27,ST002,MED027,11.79,13,1.21
2026-02-27,ST002,MED028,6.29,4,2.29
2026-02-27,ST002,MED029,8.64,11,2.36
2026-02-27,ST002,MED030,4.86,2,2.86
2026-02-27,ST003,MED001,11.71,11,0.71
2026-02-27,ST003,MED002,11.86,12,0.14
2026-02-27,ST003,MED003,2.36,3,0.64
2026-02-27,ST003,MED004,8.29,9,0.71
2026-02-27,ST003,MED005,12.5,8,4.5
2026-02-27,ST003,MED006,10.79,9,1.79
2026-02-27,ST003,MED007,3.36,6,2.64
2026-02-27,ST003,MED008,3.07,3,0.07
2026-02-27,ST003,MED009,10.86,11,0.14
2026-02-27,ST003,MED010,4.5,4,0.5
2026-02-27,ST003,MED011,11.93,12,0.07
2026-02-27,ST003,MED012,9.86,10,0.14
2026-02-27,ST003,MED013,7.71,7,0.71
2026-02-27,ST003,MED014,4.71,2,2.71
2026-02-27,ST003,MED015,13.43,12,1.43
2026-02-27,ST003,MED016,7.29,10,2.71
2026-02-27,ST003,MED017,10.93,20,9.07
2026-02-27,ST003,MED018,5.71,2,3.71
2026-02-27,ST003,MED019,3.43,1,2.43
2026-02-27,ST003,MED020,6.71,11,4.29
2026-02-27,ST003,MED021,9.71,10,0.29
2026-02-27,ST003,MED022,7.29,10,2.71
2026-02-27,ST003,MED023,11.21,11,0.21
2026-02-27,ST003,MED024,13.5,11,2.5
2026-02-27,ST003,MED025,6.71,5,1.71
2026-02-27,ST003,MED026,12.07,12,0.07
2026-02-27,ST003,MED027,12.57,14,1.43
2026-02-27,ST003,MED028,5.64,5,0.64
2026-02-27,ST003,MED029,9.36,7,2.36
2026-02-27,ST003,MED030,5.14,5,0.14
2026-02-27,ST004,MED001,12.14,17,4.86
2026-02-27,ST004,MED002,11.64,16,4.36
2026-02-27,ST004,MED003,2.5,7,4.5
2026-02-27,ST004,MED004,9.14,9,0.14
2026-02-27,ST004,MED005,12.79,14,1.21
2026-02-27,ST004,MED006,10.5,13,2.5
2026-02-27,ST004,MED007,3.79,5,1.21
2026-02-27,ST004,MED008,4.43,4,0.43
2026-02-27,ST004,MED009,13.86,12,1.86
2026-02-27,ST004,MED010,3.79,4,0.21
2026-02-27,ST004,MED011,12.07,12,0.07
2026-02-27,ST004,MED012,11.07,14,2.93
2026-02-27,ST004,MED013,7.86,5,2.86
2026-02-27,ST004,MED014,5.64,7,1.36
2026-02-27,ST004,MED015,15.07,15,0.07
2026-02-27,ST004,MED016,7.79,6,1.79
2026-02-27,ST004,MED017,12.0,10,2.0
2026-02-27,ST004,MED018,7.43,6,1.43
2026-02-27,ST004,MED019,3.57,6,2.43
2026-02-27,ST004,MED020,7.93,12,4.07
2026-02-27,ST004,MED021,11.57,14,2.43
2026-02-27,ST004,MED022,9.0,6,3.0
2026-02-27,ST004,MED023,12.71,11,1.71
2026-02-27,ST004,MED024,14.29,14,0.29
2026-02-27,ST004,MED025,6.43,7,0.57
2026-02-27,ST004,MED026,13.0,13,0.0
2026-02-27,ST004,MED027,14.36,16,1.64
2026-02-27,ST004,MED028,8.0,8,0.0
2026-02-27,ST004,MED029,10.71,9,1.71
2026-02-27,ST004,MED030,5.93,6,0.07
2026-02-27,ST005,MED001,13.43,12,1.43
2026-02-27,ST005,MED002,14.43,12,2.43
2026-02-27,ST005,MED003,3.0,3,0.0
2026-02-27,ST005,MED004,10.21,10,0.21
2026-02-27,ST005,MED005,13.93,12,1.93
2026-02-27,ST005,MED006,12.07,13,0.93
2026-02-27,ST005,MED007,3.57,3,0.57
2026-02-27,ST005,MED008,4.07,3,1.07
2026-02-27,ST005,MED009,13.0,10,3.0
2026-02-27,ST005,MED010,5.5,5,0.5
2026-02-27,ST005,MED011,13.71,15,1.29
2026-02-27,ST005,MED012,11.64,12,0.36
2026-02-27,ST005,MED013,9.07,10,0.93
2026-02-27,ST005,MED014,6.21,9,2.79
2026-02-27,ST005,MED015,16.5,14,2.5
2026-02-27,ST005,MED016,8.43,10,1.57
2026-02-27,ST005,MED017,13.57,14,0.43
2026-02-27,ST005,MED018,6.64,6,0.64
2026-02-27,ST005,MED019,3.86,8,4.14
2026-02-27,ST005,MED020,8.79,11,2.21
2026-02-27,ST005,MED021,12.71,13,0.29
2026-02-27,ST005,MED022,9.29,4,5.29
2026-02-27,ST005,MED023,13.5,11,2.5
2026-02-27,ST005,MED024,15.07,10,5.07
2026-02-27,ST005,MED025,7.29,9,1.71
2026-02-27,ST005,MED026,14.14,13,1.14
2026-02-27,ST005,MED027,14.29,17,2.71
2026-02-27,ST005,MED028,7.71,5,2.71
2026-02-27,ST005,MED029,10.86,7,3.86
2026-02-27,ST005,MED030,5.93,4,1.93
2026-02-27,ST006,MED001,14.29,19,4.71
2026-02-27,ST006,MED002,15.71,12,3.71
2026-02-27,ST006,MED003,4.14,3,1.14
2026-02-27,ST006,MED004,10.29,11,0.71
2026-02-27,ST006,MED005,13.93,14,0.07
2026-02-27,ST006,MED006,13.57,16,2.43
2026-02-27,ST006,MED007,4.93,0,4.93
2026-02-27,ST006,MED008,4.21,4,0.21
2026-02-27,ST006,MED009,14.21,7,7.21
2026-02-27,ST006,MED010,5.29,4,1.29
2026-02-27,ST006,MED011,15.64,13,2.64
2026-02-27,ST006,MED012,13.21,11,2.21
2026-02-27,ST006,MED013,10.64,12,1.36
2026-02-27,ST006,MED014,7.0,5,2.0
2026-02-27,ST006,MED015,18.07,14,4.07
2026-02-27,ST006,MED016,9.29,9,0.29
2026-02-27,ST006,MED017,13.79,15,1.21
2026-02-27,ST006,MED018,7.71,6,1.71
2026-02-27,ST006,MED019,2.86,3,0.14
2026-02-27,ST006,MED020,8.71,7,1.71
2026-02-27,ST006,MED021,13.07,12,1.07
2026-02-27,ST006,MED022,10.07,10,0.07
2026-02-27,ST006,MED023,14.07,15,0.93
2026-02-27,ST006,MED024,15.43,15,0.43
2026-02-27,ST006,MED025,8.43,5,3.43
2026-02-27,ST006,MED026,16.14,15,1.14
2026-02-27,ST006,MED027,15.43,18,2.57
2026-02-27,ST006,MED028,8.43,6,2.43
2026-02-27,ST006,MED029,12.07,12,0.07
2026-02-27,ST006,MED030,6.57,7,0.43
2026-02-27,ST007,MED001,8.14,10,1.86
2026-02-27,ST007,MED002,7.93,10,2.07
2026-02-27,ST007,MED003,2.29,0,2.29
2026-02-27,ST007,MED004,5.86,4,1.86
2026-02-27,ST007,MED005,7.43,10,2.57
2026-02-27,ST007,MED006,7.07,6,1.07
2026-02-27,ST007,MED007,3.07,4,0.93
2026-02-27,ST007,MED008,2.0,3,1.0
2026-02-27,ST007,MED009,8.57,5,3.57
2026-02-27,ST007,MED010,3.29,1,2.29
2026-02-27,ST007,MED011,8.86,7,1.86
2026-02-27,ST007,MED012,7.79,10,2.21
2026-02-27,ST007,MED013,5.79,5,0.79
2026-02-27,ST007,MED014,5.07,2,3.07
2026-02-27,ST007,MED015,9.07,9,0.07
2026-02-27,ST007,MED016,5.79,3,2.79
2026-02-27,ST007,MED017,8.71,13,4.29
2026-02-27,ST007,MED018,5.5,1,4.5
2026-02-27,ST007,MED019,2.71,2,0.71
2026-02-27,ST007,MED020,4.36,7,2.64
2026-02-27,ST007,MED021,8.43,9,0.57
2026-02-27,ST007,MED022,6.21,1,5.21
2026-02-27,ST007,MED023,8.29,8,0.29
2026-02-27,ST007,MED024,10.07,11,0.93
2026-02-27,ST007,MED025,4.64,5,0.36
2026-02-27,ST007,MED026,8.57,4,4.57
2026-02-27,ST007,MED027,8.21,13,4.79
2026-02-27,ST007,MED028,4.93,5,0.07
2026-02-27,ST007,MED029,6.86,7,0.14
2026-02-27,ST007,MED030,4.07,1,3.07
2026-02-27,ST008,MED001,9.64,6,3.64
2026-02-27,ST008,MED002,10.86,8,2.86
2026-02-27,ST008,MED003,2.21,4,1.79
2026-02-27,ST008,MED004,6.93,10,3.07
2026-02-27,ST008,MED005,9.29,7,2.29
2026-02-27,ST008,MED006,8.36,8,0.36
2026-02-27,ST008,MED007,3.21,6,2.79
2026-02-27,ST008,MED008,3.86,4,0.14
2026-02-27,ST008,MED009,9.0,10,1.0
2026-02-27,ST008,MED010,4.0,6,2.0
2026-02-27,ST008,MED011,9.93,15,5.07
2026-02-27,ST008,MED012,9.14,9,0.14
2026-02-27,ST008,MED013,6.64,7,0.36
2026-02-27,ST008,MED014,5.64,3,2.64
2026-02-27,ST008,MED015,10.64,8,2.64
2026-02-27,ST008,MED016,6.86,5,1.86
2026-02-27,ST008,MED017,11.36,8,3.36
2026-02-27,ST008,MED018,4.29,6,1.71
2026-02-27,ST008,MED019,3.07,0,3.07
2026-02-27,ST008,MED020,7.43,5,2.43
2026-02-27,ST008,MED021,8.57,11,2.43
2026-02-27,ST008,MED022,4.21,5,0.79
2026-02-27,ST008,MED023,11.29,9,2.29
2026-02-27,ST008,MED024,10.36,13,2.64
2026-02-27,ST008,MED025,4.36,7,2.64
2026-02-27,ST008,MED026,11.21,8,3.21
2026-02-27,ST008,MED027,9.79,10,0.21
2026-02-27,ST008,MED028,4.79,10,5.21
2026-02-27,ST008,MED029,7.71,6,1.71
2026-02-27,ST008,MED030,3.36,6,2.64
2026-02-27,ST009,MED001,10.93,13,2.07
2026-02-27,ST009,MED002,10.79,11,0.21
2026-02-27,ST009,MED003,2.64,2,0.64
2026-02-27,ST009,MED004,7.5,6,1.5
2026-02-27,ST009,MED005,11.79,13,1.21
2026-02-27,ST009,MED006,9.79,9,0.79
2026-02-27,ST009,MED007,2.86,2,0.86
2026-02-27,ST009,MED008,2.79,6,3.21
2026-02-27,ST009,MED009,8.64,9,0.36
2026-02-27,ST009,MED010,3.07,5,1.93
2026-02-27,ST009,MED011,11.43,16,4.57
2026-02-27,ST009,MED012,9.29,8,1.29
2026-02-27,ST009,MED013,7.36,4,3.36
2026-02-27,ST009,MED014,4.64,3,1.64
2026-02-27,ST009,MED015,12.14,9,3.14
2026-02-27,ST009,MED016,7.71,10,2.29
2026-02-27,ST009,MED017,11.07,12,0.93
2026-02-27,ST009,MED018,6.21,5,1.21
2026-02-27,ST009,MED019,2.64,4,1.36
2026-02-27,ST009,MED020,7.07,11,3.93
2026-02-27,ST009,MED021,9.29,8,1.29
2026-02-27,ST009,MED022,6.71,2,4.71
2026-02-27,ST009,MED023,11.14,5,6.14
2026-02-27,ST009,MED024,11.57,12,0.43
2026-02-27,ST009,MED025,6.29,7,0.71
2026-02-27,ST009,MED026,11.21,10,1.21
2026-02-27,ST009,MED027,11.93,11,0.93
2026-02-27,ST009,MED028,6.07,11,4.93
2026-02-27,ST009,MED029,8.79,11,2.21
2026-02-27,ST009,MED030,5.29,4,1.29
2026-02-27,ST010,MED001,11.64,14,2.36
2026-02-27,ST010,MED002,11.14,12,0.86
2026-02-27,ST010,MED003,3.86,3,0.86
2026-02-27,ST010,MED004,7.57,8,0.43
2026-02-27,ST010,MED005,10.71,11,0.29
2026-02-27,ST010,MED006,10.86,11,0.14
2026-02-27,ST010,MED007,4.93,3,1.93
2026-02-27,ST010,MED008,2.21,0,2.21
2026-02-27,ST010,MED009,9.86,11,1.14
2026-02-27,ST010,MED010,3.71,6,2.29
2026-02-27,ST010,MED011,12.14,14,1.86
2026-02-27,ST010,MED012,11.21,11,0.21
2026-02-27,ST010,MED013,7.79,7,0.79
2026-02-27,ST010,MED014,4.93,5,0.07
2026-02-27,ST010,MED015,14.29,12,2.29
2026-02-27,ST010,MED016,6.36,10,3.64
2026-02-27,ST010,MED017,10.93,10,0.93
2026-02-27,ST010,MED018,6.5,5,1.5
2026-02-27,ST010,MED019,2.57,1,1.57
2026-02-27,ST010,MED020,8.79,6,2.79
2026-02-27,ST010,MED021,10.64,11,0.36
2026-02-27,ST010,MED022,8.43,6,2.43
2026-02-27,ST010,MED023,10.93,11,0.07
2026-02-27,ST010,MED024,12.14,16,3.86
2026-02-27,ST010,MED025,5.64,10,4.36
2026-02-27,ST010,MED026,12.14,13,0.86
2026-02-27,ST010,MED027,12.21,14,1.79
2026-02-27,ST010,MED028,5.36,5,0.36
2026-02-27,ST010,MED029,9.86,8,1.86
2026-02-27,ST010,MED030,5.93,4,1.93
2026-02-27,ST011,MED001,12.29,12,0.29
2026-02-27,ST011,MED002,14.14,13,1.14
2026-02-27,ST011,MED003,4.36,3,1.36
2026-02-27,ST011,MED004,7.07,10,2.93
2026-02-27,ST011,MED005,13.29,13,0.29
2026-02-27,ST011,MED006,11.21,10,1.21
2026-02-27,ST011,MED007,2.5,4,1.5
2026-02-27,ST011,MED008,4.36,1,3.36
2026-02-27,ST011,MED009,12.14,10,2.14
2026-02-27,ST011,MED010,5.21,5,0.21
2026-02-27,ST011,MED011,12.93,12,0.93
2026-02-27,ST011,MED012,12.29,16,3.71
2026-02-27,ST011,MED013,7.57,12,4.43
2026-02-27,ST011,MED014,5.43,6,0.57
2026-02-27,ST011,MED015,13.79,14,0.21
2026-02-27,ST011,MED016,7.64,8,0.36
2026-02-27,ST011,MED017,13.14,13,0.14
2026-02-27,ST011,MED018,6.5,7,0.5
2026-02-27,ST011,MED019,5.07,6,0.93
2026-02-27,ST011,MED020,6.71,8,1.29
2026-02-27,ST011,MED021,11.0,5,6.0
2026-02-27,ST011,MED022,7.5,10,2.5
2026-02-27,ST011,MED023,12.5,14,1.5
2026-02-27,ST011,MED024,13.64,10,3.64
2026-02-27,ST011,MED025,6.29,3,3.29
2026-02-27,ST011,MED026,13.0,13,0.0
2026-02-27,ST011,MED027,13.43,7,6.43
2026-02-27,ST011,MED028,7.36,7,0.36
2026-02-27,ST011,MED029,11.07,10,1.07
2026-02-27,ST011,MED030,5.93,7,1.07
2026-02-27,ST012,MED001,12.93,14,1.07
2026-02-27,ST012,MED002,13.93,17,3.07
2026-02-27,ST012,MED003,3.07,3,0.07
2026-02-27,ST012,MED004,9.57,8,1.57
2026-02-27,ST012,MED005,14.57,12,2.57
2026-02-27,ST012,MED006,11.36,13,1.64
2026-02-27,ST012,MED007,3.43,2,1.43
2026-02-27,ST012,MED008,3.79,3,0.79
2026-02-27,ST012,MED009,13.43,10,3.43
2026-02-27,ST012,MED010,5.14,4,1.14
2026-02-27,ST012,MED011,14.0,11,3.0
2026-02-27,ST012,MED012,13.21,14,0.79
2026-02-27,ST012,MED013,8.57,8,0.57
2026-02-27,ST012,MED014,6.71,4,2.71
2026-02-27,ST012,MED015,14.86,20,5.14
2026-02-27,ST012,MED016,9.93,11,1.07
2026-02-27,ST012,MED017,15.07,11,4.07
2026-02-27,ST012,MED018,9.0,4,5.0
2026-02-27,ST012,MED019,4.21,6,1.79
2026-02-27,ST012,MED020,8.21,7,1.21
2026-02-27,ST012,MED021,12.43,12,0.43
2026-02-27,ST012,MED022,8.07,12,3.93
2026-02-27,ST012,MED023,13.43,12,1.43
2026-02-27,ST012,MED024,14.79,13,1.79
2026-02-27,ST012,MED025,7.36,4,3.36
2026-02-27,ST012,MED026,14.64,12,2.64
2026-02-27,ST012,MED027,13.86,11,2.86
2026-02-27,ST012,MED028,6.93,6,0.93
2026-02-27,ST012,MED029,12.29,13,0.71
2026-02-27,ST012,MED030,6.43,12,5.57
2026-02-27,ST013,MED001,15.64,14,1.64
2026-02-27,ST013,MED002,15.29,17,1.71
2026-02-27,ST013,MED003,4.14,3,1.14
2026-02-27,ST013,MED004,11.0,8,3.0
2026-02-27,ST013,MED005,15.93,17,1.07
2026-02-27,ST013,MED006,14.29,12,2.29
2026-02-27,ST013,MED007,4.0,5,1.0
2026-02-27,ST013,MED008,4.14,0,4.14
2026-02-27,ST013,MED009,12.93,9,3.93
2026-02-27,ST013,MED010,4.57,5,0.43
2026-02-27,ST013,MED011,14.93,13,1.93
2026-02-27,ST013,MED012,14.21,13,1.21
2026-02-27,ST013,MED013,10.43,6,4.43
2026-02-27,ST013,MED014,7.5,4,3.5
2026-02-27,ST013,MED015,16.57,15,1.57
2026-02-27,ST013,MED016,9.36,12,2.64
2026-02-27,ST013,MED017,14.79,14,0.79
2026-02-27,ST013,MED018,8.0,8,0.0
2026-02-27,ST013,MED019,3.64,5,1.36
2026-02-27,ST013,MED020,10.93,12,1.07
2026-02-27,ST013,MED021,13.86,9,4.86
2026-02-27,ST013,MED022,9.29,11,1.71
2026-02-27,ST013,MED023,15.14,13,2.14
2026-02-27,ST013,MED024,17.71,15,2.71
2026-02-27,ST013,MED025,9.5,8,1.5
2026-02-27,ST013,MED026,14.29,16,1.71
2026-02-27,ST013,MED027,17.14,12,5.14
2026-02-27,ST013,MED028,8.86,7,1.86
2026-02-27,ST013,MED029,12.07,21,8.93
2026-02-27,ST013,MED030,7.0,8,1.0
2026-02-27,ST014,MED001,8.5,6,2.5
2026-02-27,ST014,MED002,9.29,5,4.29
2026-02-27,ST014,MED003,1.79,4,2.21
2026-02-27,ST014,MED004,6.21,6,0.21
2026-02-27,ST014,MED005,9.29,12,2.71
2026-02-27,ST014,MED006,9.79,11,1.21
2026-02-27,ST014,MED007,2.0,5,3.0
2026-02-27,ST014,MED008,3.71,0,3.71
2026-02-27,ST014,MED009,7.64,5,2.64
2026-02-27,ST014,MED010,3.86,1,2.86
2026-02-27,ST014,MED011,9.93,11,1.07
2026-02-27,ST014,MED012,6.86,7,0.14
2026-02-27,ST014,MED013,5.07,6,0.93
2026-02-27,ST014,MED014,2.43,3,0.57
2026-02-27,ST014,MED015,9.07,7,2.07
2026-02-27,ST014,MED016,5.93,4,1.93
2026-02-27,ST014,MED017,8.71,8,0.71
2026-02-27,ST014,MED018,4.43,2,2.43
2026-02-27,ST014,MED019,3.43,2,1.43
2026-02-27,ST014,MED020,5.29,8,2.71
2026-02-27,ST014,MED021,8.14,7,1.14
2026-02-27,ST014,MED022,5.43,2,3.43
2026-02-27,ST014,MED023,8.5,6,2.5
2026-02-27,ST014,MED024,8.07,8,0.07
2026-02-27,ST014,MED025,4.86,10,5.14
2026-02-27,ST014,MED026,8.14,11,2.86
2026-02-27,ST014,MED027,9.93,13,3.07
2026-02-27,ST014,MED028,4.64,4,0.64
2026-02-27,ST014,MED029,8.14,7,1.14
2026-02-27,ST014,MED030,4.43,5,0.57
2026-02-27,ST015,MED001,9.93,10,0.07
2026-02-27,ST015,MED002,10.79,10,0.79
2026-02-27,ST015,MED003,3.14,0,3.14
2026-02-27,ST015,MED004,7.29,6,1.29
2026-02-27,ST015,MED005,8.36,7,1.36
2026-02-27,ST015,MED006,8.21,10,1.79
2026-02-27,ST015,MED007,2.21,3,0.79
2026-02-27,ST015,MED008,2.79,2,0.79
2026-02-27,ST015,MED009,8.29,6,2.29
2026-02-27,ST015,MED010,2.93,3,0.07
2026-02-27,ST015,MED011,10.0,12,2.0
2026-02-27,ST015,MED012,9.64,10,0.36
2026-02-27,ST015,MED013,5.29,10,4.71
2026-02-27,ST015,MED014,3.93,5,1.07
2026-02-27,ST015,MED015,11.86,13,1.14
2026-02-27,ST015,MED016,6.57,7,0.43
2026-02-27,ST015,MED017,9.0,9,0.0
2026-02-27,ST015,MED018,4.5,5,0.5
2026-02-27,ST015,MED019,2.29,3,0.71
2026-02-27,ST015,MED020,6.07,5,1.07
2026-02-27,ST015,MED021,8.86,14,5.14
2026-02-27,ST015,MED022,6.86,8,1.14
2026-02-27,ST015,MED023,9.86,6,3.86
2026-02-27,ST015,MED024,10.57,10,0.57
2026-02-27,ST015,MED025,5.29,7,1.71
2026-02-27,ST015,MED026,8.71,14,5.29
2026-02-27,ST015,MED027,10.86,7,3.86
2026-02-27,ST015,MED028,6.36,2,4.36
2026-02-27,ST015,MED029,7.79,6,1.79
2026-02-27,ST015,MED030,4.07,7,2.93
2026-02-27,ST016,MED001,10.86,10,0.86
2026-02-27,ST016,MED002,10.0,12,2.0
2026-02-27,ST016,MED003,3.79,4,0.21
2026-02-27,ST016,MED004,7.43,8,0.57
2026-02-27,ST016,MED005,10.43,8,2.43
2026-02-27,ST016,MED006,9.64,7,2.64
2026-02-27,ST016,MED007,2.43,5,2.57
2026-02-27,ST016,MED008,3.5,5,1.5
2026-02-27,ST016,MED009,9.71,9,0.71
2026-02-27,ST016,MED010,4.14,5,0.86
2026-02-27,ST016,MED011,10.71,9,1.71
2026-02-27,ST016,MED012,10.0,10,0.0
2026-02-27,ST016,MED013,7.0,5,2.0
2026-02-27,ST016,MED014,5.43,7,1.57
2026-02-27,ST016,MED015,13.07,12,1.07
2026-02-27,ST016,MED016,6.79,6,0.79
2026-02-27,ST016,MED017,9.79,12,2.21
2026-02-27,ST016,MED018,6.14,6,0.14
2026-02-27,ST016,MED019,3.36,0,3.36
2026-02-27,ST016,MED020,7.71,5,2.71
2026-02-27,ST016,MED021,10.07,12,1.93
2026-02-27,ST016,MED022,6.93,3,3.93
2026-02-27,ST016,MED023,10.93,9,1.93
2026-02-27,ST016,MED024,11.64,9,2.64
2026-02-27,ST016,MED025,6.36,2,4.36
2026-02-27,ST016,MED026,10.43,11,0.57
2026-02-27,ST016,MED027,11.86,9,2.86
2026-02-27,ST016,MED028,6.21,4,2.21
2026-02-27,ST016,MED029,8.29,9,0.71
2026-02-27,ST016,MED030,6.0,3,3.0
2026-02-27,ST017,MED001,11.93,10,1.93
2026-02-27,ST017,MED002,11.57,10,1.57
2026-02-27,ST017,MED003,3.0,4,1.0
2026-02-27,ST017,MED004,8.0,6,2.0
2026-02-27,ST017,MED005,11.71,9,2.71
2026-02-27,ST017,MED006,10.64,16,5.36
2026-02-27,ST017,MED007,2.43,1,1.43
2026-02-27,ST017,MED008,4.29,5,0.71
2026-02-27,ST017,MED009,11.36,9,2.36
2026-02-27,ST017,MED010,4.64,1,3.64
2026-02-27,ST017,MED011,12.14,13,0.86
2026-02-27,ST017,MED012,10.93,15,4.07
2026-02-27,ST017,MED013,6.86,15,8.14
2026-02-27,ST017,MED014,5.5,5,0.5
2026-02-27,ST017,MED015,13.71,11,2.71
2026-02-27,ST017,MED016,6.79,7,0.21
2026-02-27,ST017,MED017,11.14,14,2.86
2026-02-27,ST017,MED018,5.43,3,2.43
2026-02-27,ST017,MED019,2.36,2,0.36
2026-02-27,ST017,MED020,7.0,13,6.0
2026-02-27,ST017,MED021,12.14,11,1.14
2026-02-27,ST017,MED022,6.57,7,0.43
2026-02-27,ST017,MED023,11.36,11,0.36
2026-02-27,ST017,MED024,12.57,13,0.43
2026-02-27,ST017,MED025,6.29,8,1.71
2026-02-27,ST017,MED026,12.36,9,3.36
2026-02-27,ST017,MED027,13.0,14,1.0
2026-02-27,ST017,MED028,5.86,7,1.14
2026-02-27,ST017,MED029,8.43,7,1.43
2026-02-27,ST017,MED030,5.14,7,1.86
2026-02-27,ST018,MED001,12.79,10,2.79
2026-02-27,ST018,MED002,13.71,16,2.29
2026-02-27,ST018,MED003,3.5,0,3.5
2026-02-27,ST018,MED004,9.29,6,3.29
2026-02-27,ST018,MED005,13.43,11,2.43
2026-02-27,ST018,MED006,12.57,17,4.43
2026-02-27,ST018,MED007,4.07,5,0.93
2026-02-27,ST018,MED008,3.43,3,0.43
2026-02-27,ST018,MED009,12.29,13,0.71
2026-02-27,ST018,MED010,4.43,6,1.57
2026-02-27,ST018,MED011,14.0,10,4.0
2026-02-27,ST018,MED012,11.93,7,4.93
2026-02-27,ST018,MED013,7.93,4,3.93
2026-02-27,ST018,MED014,7.29,7,0.29
2026-02-27,ST018,MED015,14.5,11,3.5
2026-02-27,ST018,MED016,7.36,5,2.36
2026-02-27,ST018,MED017,11.21,14,2.79
2026-02-27,ST018,MED018,6.36,9,2.64
2026-02-27,ST018,MED019,4.36,3,1.36
2026-02-27,ST018,MED020,7.57,4,3.57
2026-02-27,ST018,MED021,11.43,13,1.57
2026-02-27,ST018,MED022,8.14,6,2.14
2026-02-27,ST018,MED023,13.36,12,1.36
2026-02-27,ST018,MED024,13.64,14,0.36
2026-02-27,ST018,MED025,6.29,5,1.29
2026-02-27,ST018,MED026,13.43,13,0.43
2026-02-27,ST018,MED027,12.86,22,9.14
2026-02-27,ST018,MED028,7.36,5,2.36
2026-02-27,ST018,MED029,9.79,11,1.21
2026-02-27,ST018,MED030,6.5,2,4.5
2026-02-27,ST019,MED001,12.79,14,1.21
2026-02-27,ST019,MED002,14.36,15,0.64
2026-02-27,ST019,MED003,5.0,5,0.0
2026-02-27,ST019,MED004,9.79,8,1.79
2026-02-27,ST019,MED005,14.86,15,0.14
2026-02-27,ST019,MED006,13.21,9,4.21
2026-02-27,ST019,MED007,3.79,2,1.79
2026-02-27,ST019,MED008,4.29,5,0.71
2026-02-27,ST019,MED009,12.79,15,2.21
2026-02-27,ST019,MED010,5.36,5,0.36
2026-02-27,ST019,MED011,14.79,13,1.79
2026-02-27,ST019,MED012,12.21,14,1.79
2026-02-27,ST019,MED013,8.43,10,1.57
2026-02-27,ST019,MED014,5.5,10,4.5
2026-02-27,ST019,MED015,14.71,15,0.29
2026-02-27,ST019,MED016,8.29,10,1.71
2026-02-27,ST019,MED017,13.93,12,1.93
2026-02-27,ST019,MED018,7.79,8,0.21
2026-02-27,ST019,MED019,3.93,2,1.93
2026-02-27,ST019,MED020,8.64,6,2.64
2026-02-27,ST019,MED021,11.14,10,1.14
2026-02-27,ST019,MED022,9.07,9,0.07
2026-02-27,ST019,MED023,13.5,12,1.5
2026-02-27,ST019,MED024,16.21,12,4.21
2026-02-27,ST019,MED025,7.43,0,7.43
2026-02-27,ST019,MED026,14.79,15,0.21
2026-02-27,ST019,MED027,14.29,11,3.29
2026-02-27,ST019,MED028,7.29,11,3.71
2026-02-27,ST019,MED029,10.93,15,4.07
2026-02-27,ST019,MED030,6.64,9,2.36
2026-02-27,ST020,MED001,14.93,14,0.93
2026-02-27,ST020,MED002,13.93,13,0.93
2026-02-27,ST020,MED003,3.71,5,1.29
2026-02-27,ST020,MED004,9.79,11,1.21
2026-02-27,ST020,MED005,14.29,14,0.29
2026-02-27,ST020,MED006,12.57,13,0.43
2026-02-27,ST020,MED007,4.07,4,0.07
2026-02-27,ST020,MED008,4.36,5,0.64
2026-02-27,ST020,MED009,13.43,15,1.57
2026-02-27,ST020,MED010,5.29,7,1.71
2026-02-27,ST020,MED011,14.43,15,0.57
2026-02-27,ST020,MED012,13.36,14,0.64
2026-02-27,ST020,MED013,9.93,8,1.93
2026-02-27,ST020,MED014,7.14,11,3.86
2026-02-27,ST020,MED015,15.5,12,3.5
2026-02-27,ST020,MED016,9.86,6,3.86
2026-02-27,ST020,MED017,15.57,14,1.57
2026-02-27,ST020,MED018,8.14,7,1.14
2026-02-27,ST020,MED019,5.0,5,0.0
2026-02-27,ST020,MED020,8.64,9,0.36
2026-02-27,ST020,MED021,14.71,8,6.71
2026-02-27,ST020,MED022,9.79,8,1.79
2026-02-27,ST020,MED023,14.64,14,0.64
2026-02-27,ST020,MED024,16.36,19,2.64
2026-02-27,ST020,MED025,7.43,11,3.57
2026-02-27,ST020,MED026,14.29,13,1.29
2026-02-27,ST020,MED027,17.14,15,2.14
2026-02-27,ST020,MED028,7.79,11,3.21
2026-02-27,ST020,MED029,11.5,14,2.5
2026-02-27,ST020,MED030,6.36,9,2.64
2026-02-27,ST021,MED001,8.5,11,2.5
2026-02-27,ST021,MED002,7.93,6,1.93
2026-02-27,ST021,MED003,2.57,5,2.43
2026-02-27,ST021,MED004,5.64,2,3.64
2026-02-27,ST021,MED005,8.07,8,0.07
2026-02-27,ST021,MED006,8.36,9,0.64
2026-02-27,ST021,MED007,2.29,3,0.71
2026-02-27,ST021,MED008,3.29,2,1.29
2026-02-27,ST021,MED009,8.21,7,1.21
2026-02-27,ST021,MED010,3.36,2,1.36
2026-02-27,ST021,MED011,9.0,8,1.0
2026-02-27,ST021,MED012,8.21,6,2.21
2026-02-27,ST021,MED013,5.57,6,0.43
2026-02-27,ST021,MED014,5.07,4,1.07
2026-02-27,ST021,MED015,9.0,13,4.0
2026-02-27,ST021,MED016,5.71,5,0.71
2026-02-27,ST021,MED017,8.0,7,1.0
2026-02-27,ST021,MED018,5.5,5,0.5
2026-02-27,ST021,MED019,2.57,2,0.57
2026-02-27,ST021,MED020,5.0,8,3.0
2026-02-27,ST021,MED021,7.0,6,1.0
2026-02-27,ST021,MED022,5.21,5,0.21
2026-02-27,ST021,MED023,8.79,9,0.21
2026-02-27,ST021,MED024,9.21,11,1.79
2026-02-27,ST021,MED025,3.86,4,0.14
2026-02-27,ST021,MED026,8.36,8,0.36
2026-02-27,ST021,MED027,9.71,11,1.29
2026-02-27,ST021,MED028,4.21,4,0.21
2026-02-27,ST021,MED029,8.07,5,3.07
2026-02-27,ST021,MED030,3.64,3,0.64
2026-02-27,ST022,MED001,10.57,9,1.57
2026-02-27,ST022,MED002,8.57,8,0.57
2026-02-27,ST022,MED003,3.0,1,2.0
2026-02-27,ST022,MED004,7.71,1,6.71
2026-02-27,ST022,MED005,10.14,8,2.14
2026-02-27,ST022,MED006,8.21,10,1.79
2026-02-27,ST022,MED007,3.21,1,2.21
2026-02-27,ST022,MED008,2.36,2,0.36
2026-02-27,ST022,MED009,9.43,8,1.43
2026-02-27,ST022,MED010,2.79,4,1.21
2026-02-27,ST022,MED011,10.29,7,3.29
2026-02-27,ST022,MED012,8.64,10,1.36
2026-02-27,ST022,MED013,5.57,5,0.57
2026-02-27,ST022,MED014,5.5,3,2.5
2026-02-27,ST022,MED015,10.07,9,1.07
2026-02-27,ST022,MED016,5.71,7,1.29
2026-02-27,ST022,MED017,8.5,9,0.5
2026-02-27,ST022,MED018,4.86,6,1.14
2026-02-27,ST022,MED019,2.79,2,0.79
2026-02-27,ST022,MED020,6.93,4,2.93
2026-02-27,ST022,MED021,9.21,7,2.21
2026-02-27,ST022,MED022,5.79,3,2.79
2026-02-27,ST022,MED023,9.43,9,0.43
2026-02-27,ST022,MED024,13.07,15,1.93
2026-02-27,ST022,MED025,5.79,4,1.79
2026-02-27,ST022,MED026,9.21,8,1.21
2026-02-27,ST022,MED027,11.14,11,0.14
2026-02-27,ST022,MED028,4.64,6,1.36
2026-02-27,ST022,MED029,8.93,4,4.93
2026-02-27,ST022,MED030,3.29,6,2.71
2026-02-27,ST023,MED001,10.64,9,1.64
2026-02-27,ST023,MED002,10.21,5,5.21
2026-02-27,ST023,MED003,2.79,1,1.79
2026-02-27,ST023,MED004,7.29,3,4.29
2026-02-27,ST023,MED005,10.71,10,0.71
2026-02-27,ST023,MED006,10.07,10,0.07
2026-02-27,ST023,MED007,3.14,0,3.14
2026-02-27,ST023,MED008,2.93,0,2.93
2026-02-27,ST023,MED009,9.07,10,0.93
2026-02-27,ST023,MED010,3.86,0,3.86
2026-02-27,ST023,MED011,10.86,15,4.14
2026-02-27,ST023,MED012,8.57,10,1.43
2026-02-27,ST023,MED013,6.21,5,1.21
2026-02-27,ST023,MED014,5.07,1,4.07
2026-02-27,ST023,MED015,11.71,14,2.29
2026-02-27,ST023,MED016,7.64,4,3.64
2026-02-27,ST023,MED017,10.36,9,1.36
2026-02-27,ST023,MED018,6.64,5,1.64
2026-02-27,ST023,MED019,3.07,2,1.07
2026-02-27,ST023,MED020,5.64,7,1.36
2026-02-27,ST023,MED021,10.14,11,0.86
2026-02-27,ST023,MED022,7.29,6,1.29
2026-02-27,ST023,MED023,10.43,8,2.43
2026-02-27,ST023,MED024,12.14,9,3.14
2026-02-27,ST023,MED025,6.0,8,2.0
2026-02-27,ST023,MED026,12.14,9,3.14
2026-02-27,ST023,MED027,12.64,13,0.36
2026-02-27,ST023,MED028,5.79,3,2.79
2026-02-27,ST023,MED029,9.07,5,4.07
2026-02-27,ST023,MED030,5.14,8,2.86
2026-02-27,ST024,MED001,11.36,10,1.36
2026-02-27,ST024,MED002,11.64,9,2.64
2026-02-27,ST024,MED003,2.71,5,2.29
2026-02-27,ST024,MED004,8.71,11,2.29
2026-02-27,ST024,MED005,11.29,6,5.29
2026-02-27,ST024,MED006,11.93,11,0.93
2026-02-27,ST024,MED007,2.57,3,0.43
2026-02-27,ST024,MED008,3.36,0,3.36
2026-02-27,ST024,MED009,10.21,10,0.21
2026-02-27,ST024,MED010,5.07,4,1.07
2026-02-27,ST024,MED011,12.21,11,1.21
2026-02-27,ST024,MED012,10.29,8,2.29
2026-02-27,ST024,MED013,7.5,7,0.5
2026-02-27,ST024,MED014,5.79,7,1.21
2026-02-27,ST024,MED015,12.86,23,10.14
2026-02-27,ST024,MED016,7.21,5,2.21
2026-02-27,ST024,MED017,11.86,8,3.86
2026-02-27,ST024,MED018,6.86,6,0.86
2026-02-27,ST024,MED019,3.86,2,1.86
2026-02-27,ST024,MED020,7.29,6,1.29
2026-02-27,ST024,MED021,9.71,15,5.29
2026-02-27,ST024,MED022,8.21,11,2.79
2026-02-27,ST024,MED023,13.21,13,0.21
2026-02-27,ST024,MED024,11.5,17,5.5
2026-02-27,ST024,MED025,6.0,4,2.0
2026-02-27,ST024,MED026,12.07,11,1.07
2026-02-27,ST024,MED027,12.5,14,1.5
2026-02-27,ST024,MED028,5.93,9,3.07
2026-02-27,ST024,MED029,11.43,12,0.57
2026-02-27,ST024,MED030,5.5,5,0.5
2026-02-27,ST025,MED001,12.57,9,3.57
2026-02-27,ST025,MED002,12.93,11,1.93
2026-02-27,ST025,MED003,3.0,2,1.0
2026-02-27,ST025,MED004,9.29,11,1.71
2026-02-27,ST025,MED005,12.79,12,0.79
2026-02-27,ST025,MED006,10.43,15,4.57
2026-02-27,ST025,MED007,3.71,3,0.71
2026-02-27,ST025,MED008,4.43,5,0.57
2026-02-27,ST025,MED009,10.5,12,1.5
2026-02-27,ST025,MED010,4.57,3,1.57
2026-02-27,ST025,MED011,12.93,15,2.07
2026-02-27,ST025,MED012,10.29,8,2.29
2026-02-27,ST025,MED013,8.36,10,1.64
2026-02-27,ST025,MED014,6.36,3,3.36
2026-02-27,ST025,MED015,14.21,8,6.21
2026-02-27,ST025,MED016,8.93,8,0.93
2026-02-27,ST025,MED017,13.07,13,0.07
2026-02-27,ST025,MED018,7.57,5,2.57
2026-02-27,ST025,MED019,3.43,3,0.43
2026-02-27,ST025,MED020,8.0,9,1.0
2026-02-27,ST025,MED021,11.5,11,0.5
2026-02-27,ST025,MED022,9.93,5,4.93
2026-02-27,ST025,MED023,12.57,12,0.57
2026-02-27,ST025,MED024,14.5,12,2.5
2026-02-27,ST025,MED025,7.21,12,4.79
2026-02-27,ST025,MED026,13.21,11,2.21
2026-02-27,ST025,MED027,11.93,13,1.07
2026-02-27,ST025,MED028,6.21,7,0.79
2026-02-27,ST025,MED029,11.14,14,2.86
2026-02-27,ST025,MED030,5.07,6,0.93
2026-02-27,ST026,MED001,13.5,14,0.5
2026-02-27,ST026,MED002,13.5,11,2.5
2026-02-27,ST026,MED003,3.71,2,1.71
2026-02-27,ST026,MED004,10.64,9,1.64
2026-02-27,ST026,MED005,13.64,10,3.64
2026-02-27,ST026,MED006,11.86,15,3.14
2026-02-27,ST026,MED007,3.93,6,2.07
2026-02-27,ST026,MED008,4.14,2,2.14
2026-02-27,ST026,MED009,13.14,10,3.14
2026-02-27,ST026,MED010,4.86,8,3.14
2026-02-27,ST026,MED011,13.36,12,1.36
2026-02-27,ST026,MED012,12.64,11,1.64
2026-02-27,ST026,MED013,8.86,7,1.86
2026-02-27,ST026,MED014,6.79,6,0.79
2026-02-27,ST026,MED015,16.07,18,1.93
2026-02-27,ST026,MED016,8.29,10,1.71
2026-02-27,ST026,MED017,13.57,14,0.43
2026-02-27,ST026,MED018,6.93,10,3.07
2026-02-27,ST026,MED019,3.43,0,3.43
2026-02-27,ST026,MED020,8.79,9,0.21
2026-02-27,ST026,MED021,12.5,14,1.5
2026-02-27,ST026,MED022,9.14,6,3.14
2026-02-27,ST026,MED023,13.0,18,5.0
2026-02-27,ST026,MED024,16.07,16,0.07
2026-02-27,ST026,MED025,8.21,6,2.21
2026-02-27,ST026,MED026,13.86,12,1.86
2026-02-27,ST026,MED027,14.29,13,1.29
2026-02-27,ST026,MED028,8.14,11,2.86
2026-02-27,ST026,MED029,12.0,13,1.0
2026-02-27,ST026,MED030,6.5,4,2.5
2026-02-27,ST027,MED001,14.86,15,0.14
2026-02-27,ST027,MED002,15.64,15,0.64
2026-02-27,ST027,MED003,4.79,5,0.21
2026-02-27,ST027,MED004,10.21,16,5.79
2026-02-27,ST027,MED005,14.29,13,1.29
2026-02-27,ST027,MED006,13.64,11,2.64
2026-02-27,ST027,MED007,4.86,7,2.14
2026-02-27,ST027,MED008,4.36,3,1.36
2026-02-27,ST027,MED009,13.29,12,1.29
2026-02-27,ST027,MED010,5.36,6,0.64
2026-02-27,ST027,MED011,15.14,23,7.86
2026-02-27,ST027,MED012,13.36,14,0.64
2026-02-27,ST027,MED013,9.0,10,1.0
2026-02-27,ST027,MED014,5.43,7,1.57
2026-02-27,ST027,MED015,15.71,11,4.71
2026-02-27,ST027,MED016,10.64,7,3.64
2026-02-27,ST027,MED017,14.79,15,0.21
2026-02-27,ST027,MED018,7.21,7,0.21
2026-02-27,ST027,MED019,3.57,2,1.57
2026-02-27,ST027,MED020,9.64,8,1.64
2026-02-27,ST027,MED021,13.43,14,0.57
2026-02-27,ST027,MED022,9.29,5,4.29
2026-02-27,ST027,MED023,14.64,13,1.64
2026-02-27,ST027,MED024,16.57,18,1.43
2026-02-27,ST027,MED025,8.64,5,3.64
2026-02-27,ST027,MED026,14.64,17,2.36
2026-02-27,ST027,MED027,16.29,16,0.29
2026-02-27,ST027,MED028,8.64,8,0.64
2026-02-27,ST027,MED029,11.93,10,1.93
2026-02-27,ST027,MED030,7.0,7,0.0
2026-02-27,ST028,MED001,9.14,8,1.14
2026-02-27,ST028,MED002,9.71,7,2.71
2026-02-27,ST028,MED003,2.14,3,0.86
2026-02-27,ST028,MED004,6.57,4,2.57
2026-02-27,ST028,MED005,8.43,6,2.43
2026-02-27,ST028,MED006,9.07,10,0.93
2026-02-27,ST028,MED007,2.14,0,2.14
2026-02-27,ST028,MED008,2.43,1,1.43
2026-02-27,ST028,MED009,7.93,6,1.93
2026-02-27,ST028,MED010,3.86,2,1.86
2026-02-27,ST028,MED011,8.07,9,0.93
2026-02-27,ST028,MED012,7.36,13,5.64
2026-02-27,ST028,MED013,5.79,10,4.21
2026-02-27,ST028,MED014,4.79,4,0.79
2026-02-27,ST028,MED015,9.36,10,0.64
2026-02-27,ST028,MED016,5.0,7,2.0
2026-02-27,ST028,MED017,9.14,9,0.14
2026-02-27,ST028,MED018,5.0,4,1.0
2026-02-27,ST028,MED019,1.36,1,0.36
2026-02-27,ST028,MED020,5.36,6,0.64
2026-02-27,ST028,MED021,7.29,7,0.29
2026-02-27,ST028,MED022,5.07,5,0.07
2026-02-27,ST028,MED023,8.0,6,2.0
2026-02-27,ST028,MED024,8.21,6,2.21
2026-02-27,ST028,MED025,5.07,2,3.07
2026-02-27,ST028,MED026,9.0,12,3.0
2026-02-27,ST028,MED027,9.14,7,2.14
2026-02-27,ST028,MED028,6.14,4,2.14
2026-02-27,ST028,MED029,7.14,7,0.14
2026-02-27,ST028,MED030,4.57,3,1.57
2026-02-27,ST029,MED001,9.5,8,1.5
2026-02-27,ST029,MED002,10.14,8,2.14
2026-02-27,ST029,MED003,2.43,8,5.57
2026-02-27,ST029,MED004,7.57,8,0.43
2026-02-27,ST029,MED005,9.57,10,0.43
2026-02-27,ST029,MED006,8.79,9,0.21
2026-02-27,ST029,MED007,2.79,3,0.21
2026-02-27,ST029,MED008,2.64,3,0.36
2026-02-27,ST029,MED009,8.14,8,0.14
2026-02-27,ST029,MED010,2.86,5,2.14
2026-02-27,ST029,MED011,9.5,16,6.5
2026-02-27,ST029,MED012,7.29,5,2.29
2026-02-27,ST029,MED013,6.5,11,4.5
2026-02-27,ST029,MED014,3.86,7,3.14
2026-02-27,ST029,MED015,11.07,3,8.07
2026-02-27,ST029,MED016,4.93,4,0.93
2026-02-27,ST029,MED017,8.93,13,4.07
2026-02-27,ST029,MED018,4.86,7,2.14
2026-02-27,ST029,MED019,3.5,6,2.5
2026-02-27,ST029,MED020,5.64,6,0.36
2026-02-27,ST029,MED021,9.43,12,2.57
2026-02-27,ST029,MED022,6.29,7,0.71
2026-02-27,ST029,MED023,8.64,11,2.36
2026-02-27,ST029,MED024,11.14,11,0.14
2026-02-27,ST029,MED025,4.21,3,1.21
2026-02-27,ST029,MED026,9.36,4,5.36
2026-02-27,ST029,MED027,10.93,11,0.07
2026-02-27,ST029,MED028,5.57,5,0.57
2026-02-27,ST029,MED029,8.86,7,1.86
2026-02-27,ST029,MED030,4.64,2,2.64
2026-02-27,ST030,MED001,10.64,11,0.36
2026-02-27,ST030,MED002,10.93,6,4.93
2026-02-27,ST030,MED003,2.71,2,0.71
2026-02-27,ST030,MED004,8.57,10,1.43
2026-02-27,ST030,MED005,10.29,8,2.29
2026-02-27,ST030,MED006,9.5,11,1.5
2026-02-27,ST030,MED007,2.93,2,0.93
2026-02-27,ST030,MED008,2.64,3,0.36
2026-02-27,ST030,MED009,8.93,10,1.07
2026-02-27,ST030,MED010,4.07,6,1.93
2026-02-27,ST030,MED011,11.43,9,2.43
2026-02-27,ST030,MED012,10.36,10,0.36
2026-02-27,ST030,MED013,6.5,8,1.5
2026-02-27,ST030,MED014,5.57,6,0.43
2026-02-27,ST030,MED015,11.14,12,0.86
2026-02-27,ST030,MED016,7.71,6,1.71
2026-02-27,ST030,MED017,10.29,8,2.29
2026-02-27,ST030,MED018,5.5,2,3.5
2026-02-27,ST030,MED019,3.43,0,3.43
2026-02-27,ST030,MED020,6.71,9,2.29
2026-02-27,ST030,MED021,9.71,11,1.29
2026-02-27,ST030,MED022,6.43,6,0.43
2026-02-27,ST030,MED023,10.07,12,1.93
2026-02-27,ST030,MED024,11.14,11,0.14
2026-02-27,ST030,MED025,5.07,8,2.93
2026-02-27,ST030,MED026,10.36,12,1.64
2026-02-27,ST030,MED027,11.07,10,1.07
2026-02-27,ST030,MED028,6.21,6,0.21
2026-02-27,ST030,MED029,7.43,9,1.57
2026-02-27,ST030,MED030,5.5,6,0.5
2026-02-27,ST031,MED001,10.64,13,2.36
2026-02-27,ST031,MED002,11.21,12,0.79
2026-02-27,ST031,MED003,3.43,0,3.43
2026-02-27,ST031,MED004,9.14,7,2.14
2026-02-27,ST031,MED005,11.29,8,3.29
2026-02-27,ST031,MED006,10.86,9,1.86
2026-02-27,ST031,MED007,4.86,4,0.86
2026-02-27,ST031,MED008,3.0,4,1.0
2026-02-27,ST031,MED009,11.5,10,1.5
2026-02-27,ST031,MED010,4.79,8,3.21
2026-02-27,ST031,MED011,10.0,10,0.0
2026-02-27,ST031,MED012,10.29,9,1.29
2026-02-27,ST031,MED013,7.57,7,0.57
2026-02-27,ST031,MED014,4.86,4,0.86
2026-02-27,ST031,MED015,13.21,12,1.21
2026-02-27,ST031,MED016,7.14,7,0.14
2026-02-27,ST031,MED017,11.29,12,0.71
2026-02-27,ST031,MED018,7.14,10,2.86
2026-02-27,ST031,MED019,3.71,5,1.29
2026-02-27,ST031,MED020,8.07,7,1.07
2026-02-27,ST031,MED021,10.0,17,7.0
2026-02-27,ST031,MED022,6.21,8,1.79
2026-02-27,ST031,MED023,11.86,14,2.14
2026-02-27,ST031,MED024,12.36,8,4.36
2026-02-27,ST031,MED025,5.79,4,1.79
2026-02-27,ST031,MED026,11.36,14,2.64
2026-02-27,ST031,MED027,11.93,12,0.07
2026-02-27,ST031,MED028,6.64,2,4.64
2026-02-27,ST031,MED029,9.14,10,0.86
2026-02-27,ST031,MED030,4.86,3,1.86
2026-02-27,ST032,MED001,11.86,12,0.14
2026-02-27,ST032,MED002,12.14,14,1.86
2026-02-27,ST032,MED003,4.07,3,1.07
2026-02-27,ST032,MED004,8.93,9,0.07
2026-02-27,ST032,MED005,11.07,6,5.07
2026-02-27,ST032,MED006,11.36,10,1.36
2026-02-27,ST032,MED007,3.43,5,1.57
2026-02-27,ST032,MED008,2.57,5,2.43
2026-02-27,ST032,MED009,12.36,12,0.36
2026-02-27,ST032,MED010,5.36,8,2.64
2026-02-27,ST032,MED011,13.07,13,0.07
2026-02-27,ST032,MED012,11.29,14,2.71
2026-02-27,ST032,MED013,8.5,8,0.5
2026-02-27,ST032,MED014,6.36,4,2.36
2026-02-27,ST032,MED015,14.0,14,0.0
2026-02-27,ST032,MED016,8.71,8,0.71
2026-02-27,ST032,MED017,11.79,8,3.79
2026-02-27,ST032,MED018,5.71,8,2.29
2026-02-27,ST032,MED019,3.36,7,3.64
2026-02-27,ST032,MED020,7.64,5,2.64
2026-02-27,ST032,MED021,11.5,14,2.5
2026-02-27,ST032,MED022,8.93,3,5.93
2026-02-27,ST032,MED023,11.07,12,0.93
2026-02-27,ST032,MED024,14.5,14,0.5
2026-02-27,ST032,MED025,7.57,8,0.43
2026-02-27,ST032,MED026,14.79,9,5.79
2026-02-27,ST032,MED027,12.57,13,0.43
2026-02-27,ST032,MED028,7.64,4,3.64
2026-02-27,ST032,MED029,10.71,12,1.29
2026-02-27,ST032,MED030,5.79,2,3.79
2026-02-27,ST033,MED001,13.57,12,1.57
2026-02-27,ST033,MED002,13.57,17,3.43
2026-02-27,ST033,MED003,3.29,5,1.71
2026-02-27,ST033,MED004,10.43,10,0.43
2026-02-27,ST033,MED005,12.93,11,1.93
2026-02-27,ST033,MED006,12.21,11,1.21
2026-02-27,ST033,MED007,3.93,7,3.07
2026-02-27,ST033,MED008,4.0,5,1.0
2026-02-27,ST033,MED009,12.93,13,0.07
2026-02-27,ST033,MED010,4.36,5,0.64
2026-02-27,ST033,MED011,12.93,10,2.93
2026-02-27,ST033,MED012,13.57,13,0.57
2026-02-27,ST033,MED013,8.93,6,2.93
2026-02-27,ST033,MED014,6.36,6,0.36
2026-02-27,ST033,MED015,14.93,11,3.93
2026-02-27,ST033,MED016,8.86,8,0.86
2026-02-27,ST033,MED017,13.71,13,0.71
2026-02-27,ST033,MED018,7.5,7,0.5
2026-02-27,ST033,MED019,3.64,3,0.64
2026-02-27,ST033,MED020,8.71,10,1.29
2026-02-27,ST033,MED021,13.0,13,0.0
2026-02-27,ST033,MED022,8.64,10,1.36
2026-02-27,ST033,MED023,13.79,12,1.79
2026-02-27,ST033,MED024,15.29,12,3.29
2026-02-27,ST033,MED025,6.36,8,1.64
2026-02-27,ST033,MED026,13.36,12,1.36
2026-02-27,ST033,MED027,14.0,19,5.0
2026-02-27,ST033,MED028,8.14,7,1.14
2026-02-27,ST033,MED029,11.86,8,3.86
2026-02-27,ST033,MED030,5.57,5,0.57
2026-02-27,ST034,MED001,14.71,13,1.71
2026-02-27,ST034,MED002,14.86,20,5.14
2026-02-27,ST034,MED003,4.5,3,1.5
2026-02-27,ST034,MED004,11.14,11,0.14
2026-02-27,ST034,MED005,14.0,11,3.0
2026-02-27,ST034,MED006,14.36,13,1.36
2026-02-27,ST034,MED007,4.36,3,1.36
2026-02-27,ST034,MED008,3.64,6,2.36
2026-02-27,ST034,MED009,14.07,13,1.07
2026-02-27,ST034,MED010,5.21,0,5.21
2026-02-27,ST034,MED011,14.86,17,2.14
2026-02-27,ST034,MED012,13.64,11,2.64
2026-02-27,ST034,MED013,8.86,10,1.14
2026-02-27,ST034,MED014,7.36,7,0.36
2026-02-27,ST034,MED015,16.07,16,0.07
2026-02-27,ST034,MED016,7.93,9,1.07
2026-02-27,ST034,MED017,16.0,17,1.0
2026-02-27,ST034,MED018,8.0,7,1.0
2026-02-27,ST034,MED019,3.93,2,1.93
2026-02-27,ST034,MED020,8.86,13,4.14
2026-02-27,ST034,MED021,12.93,8,4.93
2026-02-27,ST034,MED022,8.86,8,0.86
2026-02-27,ST034,MED023,16.71,14,2.71
2026-02-27,ST034,MED024,15.14,17,1.86
2026-02-27,ST034,MED025,9.5,9,0.5
2026-02-27,ST034,MED026,14.5,11,3.5
2026-02-27,ST034,MED027,16.0,18,2.0
2026-02-27,ST034,MED028,9.0,9,0.0
2026-02-27,ST034,MED029,11.71,14,2.29
2026-02-27,ST034,MED030,7.0,7,0.0
2026-02-27,ST035,MED001,10.14,7,3.14
2026-02-27,ST035,MED002,8.14,3,5.14
2026-02-27,ST035,MED003,2.36,3,0.64
2026-02-27,ST035,MED004,6.5,3,3.5
2026-02-27,ST035,MED005,8.5,9,0.5
2026-02-27,ST035,MED006,8.64,7,1.64
2026-02-27,ST035,MED007,2.43,4,1.57
2026-02-27,ST035,MED008,1.71,2,0.29
2026-02-27,ST035,MED009,8.0,7,1.0
2026-02-27,ST035,MED010,2.86,4,1.14
2026-02-27,ST035,MED011,8.86,11,2.14
2026-02-27,ST035,MED012,8.64,10,1.36
2026-02-27,ST035,MED013,5.0,5,0.0
2026-02-27,ST035,MED014,4.29,5,0.71
2026-02-27,ST035,MED015,9.29,7,2.29
2026-02-27,ST035,MED016,6.14,4,2.14
2026-02-27,ST035,MED017,8.64,9,0.36
2026-02-27,ST035,MED018,3.0,7,4.0
2026-02-27,ST035,MED019,2.21,2,0.21
2026-02-27,ST035,MED020,7.29,5,2.29
2026-02-27,ST035,MED021,8.36,4,4.36
2026-02-27,ST035,MED022,5.21,4,1.21
2026-02-27,ST035,MED023,9.57,9,0.57
2026-02-27,ST035,MED024,10.0,11,1.0
2026-02-27,ST035,MED025,4.14,7,2.86
2026-02-27,ST035,MED026,8.5,6,2.5
2026-02-27,ST035,MED027,8.5,10,1.5
2026-02-27,ST035,MED028,4.0,5,1.0
2026-02-27,ST035,MED029,7.07,8,0.93
2026-02-27,ST035,MED030,3.29,3,0.29
2026-02-27,ST036,MED001,11.14,7,4.14
2026-02-27,ST036,MED002,9.79,10,0.21
2026-02-27,ST036,MED003,2.14,2,0.14
2026-02-27,ST036,MED004,8.14,10,1.86
2026-02-27,ST036,MED005,8.93,9,0.07
2026-02-27,ST036,MED006,8.79,7,1.79
2026-02-27,ST036,MED007,2.71,4,1.29
2026-02-27,ST036,MED008,2.71,4,1.29
2026-02-27,ST036,MED009,8.43,6,2.43
2026-02-27,ST036,MED010,4.0,8,4.0
2026-02-27,ST036,MED011,9.43,15,5.57
2026-02-27,ST036,MED012,8.5,6,2.5
2026-02-27,ST036,MED013,5.36,7,1.64
2026-02-27,ST036,MED014,5.57,5,0.57
2026-02-27,ST036,MED015,10.36,12,1.64
2026-02-27,ST036,MED016,6.29,6,0.29
2026-02-27,ST036,MED017,10.64,9,1.64
2026-02-27,ST036,MED018,5.79,6,0.21
2026-02-27,ST036,MED019,3.0,5,2.0
2026-02-27,ST036,MED020,6.36,7,0.64
2026-02-27,ST036,MED021,9.21,9,0.21
2026-02-27,ST036,MED022,6.0,8,2.0
2026-02-27,ST036,MED023,9.64,10,0.36
2026-02-27,ST036,MED024,10.64,12,1.36
2026-02-27,ST036,MED025,4.86,7,2.14
2026-02-27,ST036,MED026,8.93,9,0.07
2026-02-27,ST036,MED027,10.14,10,0.14
2026-02-27,ST036,MED028,5.36,3,2.36
2026-02-27,ST036,MED029,7.07,8,0.93
2026-02-27,ST036,MED030,5.14,0,5.14
2026-02-27,ST037,MED001,11.0,11,0.0
2026-02-27,ST037,MED002,10.43,8,2.43
2026-02-27,ST037,MED003,3.43,4,0.57
2026-02-27,ST037,MED004,7.64,4,3.64
2026-02-27,ST037,MED005,11.07,11,0.07
2026-02-27,ST037,MED006,10.07,7,3.07
2026-02-27,ST037,MED007,3.0,3,0.0
2026-02-27,ST037,MED008,2.86,6,3.14
2026-02-27,ST037,MED009,10.43,13,2.57
2026-02-27,ST037,MED010,3.64,7,3.36
2026-02-27,ST037,MED011,11.07,7,4.07
2026-02-27,ST037,MED012,10.0,11,1.0
2026-02-27,ST037,MED013,6.21,6,0.21
2026-02-27,ST037,MED014,5.14,4,1.14
2026-02-27,ST037,MED015,11.43,10,1.43
2026-02-27,ST037,MED016,7.0,7,0.0
2026-02-27,ST037,MED017,10.29,9,1.29
2026-02-27,ST037,MED018,6.14,4,2.14
2026-02-27,ST037,MED019,4.0,2,2.0
2026-02-27,ST037,MED020,7.07,7,0.07
2026-02-27,ST037,MED021,10.0,10,0.0
2026-02-27,ST037,MED022,6.5,4,2.5
2026-02-27,ST037,MED023,10.5,7,3.5
2026-02-27,ST037,MED024,12.14,5,7.14
2026-02-27,ST037,MED025,6.07,8,1.93
2026-02-27,ST037,MED026,11.0,9,2.0
2026-02-27,ST037,MED027,13.07,10,3.07
2026-02-27,ST037,MED028,5.86,10,4.14
2026-02-27,ST037,MED029,8.71,10,1.29
2026-02-27,ST037,MED030,4.79,6,1.21
2026-02-27,ST038,MED001,11.86,6,5.86
2026-02-27,ST038,MED002,10.86,13,2.14
2026-02-27,ST038,MED003,3.29,4,0.71
2026-02-27,ST038,MED004,8.93,6,2.93
2026-02-27,ST038,MED005,13.14,13,0.14
2026-02-27,ST038,MED006,11.07,10,1.07
2026-02-27,ST038,MED007,3.43,6,2.57
2026-02-27,ST038,MED008,3.0,2,1.0
2026-02-27,ST038,MED009,11.5,9,2.5
2026-02-27,ST038,MED010,4.71,5,0.29
2026-02-27,ST038,MED011,11.64,15,3.36
2026-02-27,ST038,MED012,11.29,8,3.29
2026-02-27,ST038,MED013,7.14,10,2.86
2026-02-27,ST038,MED014,5.43,4,1.43
2026-02-27,ST038,MED015,13.86,13,0.86
2026-02-27,ST038,MED016,6.71,7,0.29
2026-02-27,ST038,MED017,11.0,11,0.0
2026-02-27,ST038,MED018,6.64,4,2.64
2026-02-27,ST038,MED019,3.29,0,3.29
2026-02-27,ST038,MED020,7.36,9,1.64
2026-02-27,ST038,MED021,10.0,8,2.0
2026-02-27,ST038,MED022,7.5,7,0.5
2026-02-27,ST038,MED023,11.64,14,2.36
2026-02-27,ST038,MED024,12.43,12,0.43
2026-02-27,ST038,MED025,7.64,5,2.64
2026-02-27,ST038,MED026,11.79,9,2.79
2026-02-27,ST038,MED027,12.79,15,2.21
2026-02-27,ST038,MED028,5.21,6,0.79
2026-02-27,ST038,MED029,10.0,11,1.0
2026-02-27,ST038,MED030,4.64,4,0.64
2026-02-27,ST039,MED001,13.14,10,3.14
2026-02-27,ST039,MED002,12.57,11,1.57
2026-02-27,ST039,MED003,4.0,8,4.0
2026-02-27,ST039,MED004,10.21,10,0.21
2026-02-27,ST039,MED005,12.64,11,1.64
2026-02-27,ST039,MED006,13.07,10,3.07
2026-02-27,ST039,MED007,4.36,4,0.36
2026-02-27,ST039,MED008,4.07,3,1.07
2026-02-27,ST039,MED009,11.71,12,0.29
2026-02-27,ST039,MED010,5.36,3,2.36
2026-02-27,ST039,MED011,12.29,13,0.71
2026-02-27,ST039,MED012,12.0,12,0.0
2026-02-27,ST039,MED013,8.36,6,2.36
2026-02-27,ST039,MED014,6.93,10,3.07
2026-02-27,ST039,MED015,13.79,15,1.21
2026-02-27,ST039,MED016,8.0,10,2.0
2026-02-27,ST039,MED017,12.86,12,0.86
2026-02-27,ST039,MED018,7.57,8,0.43
2026-02-27,ST039,MED019,3.36,2,1.36
2026-02-27,ST039,MED020,7.79,9,1.21
2026-02-27,ST039,MED021,11.79,11,0.79
2026-02-27,ST039,MED022,7.21,11,3.79
2026-02-27,ST039,MED023,12.57,12,0.57
2026-02-27,ST039,MED024,14.07,14,0.07
2026-02-27,ST039,MED025,7.14,6,1.14
2026-02-27,ST039,MED026,12.36,11,1.36
2026-02-27,ST039,MED027,14.64,15,0.36
2026-02-27,ST039,MED028,6.64,6,0.64
2026-02-27,ST039,MED029,10.29,14,3.71
2026-02-27,ST039,MED030,5.93,5,0.93
2026-02-27,ST040,MED001,13.71,12,1.71
2026-02-27,ST040,MED002,13.0,14,1.0
2026-02-27,ST040,MED003,3.43,7,3.57
2026-02-27,ST040,MED004,10.29,13,2.71
2026-02-27,ST040,MED005,14.29,12,2.29
2026-02-27,ST040,MED006,12.0,9,3.0
2026-02-27,ST040,MED007,3.86,0,3.86
2026-02-27,ST040,MED008,3.36,5,1.64
2026-02-27,ST040,MED009,12.93,11,1.93
2026-02-27,ST040,MED010,5.29,5,0.29
2026-02-27,ST040,MED011,13.36,14,0.64
2026-02-27,ST040,MED012,12.57,12,0.57
2026-02-27,ST040,MED013,8.64,7,1.64
2026-02-27,ST040,MED014,7.93,5,2.93
2026-02-27,ST040,MED015,16.71,16,0.71
2026-02-27,ST040,MED016,8.57,4,4.57
2026-02-27,ST040,MED017,13.0,13,0.0
2026-02-27,ST040,MED018,7.07,7,0.07
2026-02-27,ST040,MED019,3.79,0,3.79
2026-02-27,ST040,MED020,8.14,6,2.14
2026-02-27,ST040,MED021,12.21,13,0.79
2026-02-27,ST040,MED022,7.36,8,0.64
2026-02-27,ST040,MED023,13.36,18,4.64
2026-02-27,ST040,MED024,15.64,11,4.64
2026-02-27,ST040,MED025,7.93,9,1.07
2026-02-27,ST040,MED026,13.21,12,1.21
2026-02-27,ST040,MED027,15.0,12,3.0
2026-02-27,ST040,MED028,7.36,10,2.64
2026-02-27,ST040,MED029,11.57,10,1.57
2026-02-27,ST040,MED030,6.29,4,2.29
2026-02-28,ST001,MED001,9.57,7,2.57
2026-02-28,ST001,MED002,8.86,8,0.86
2026-02-28,ST001,MED003,2.71,4,1.29
2026-02-28,ST001,MED004,6.86,5,1.86
2026-02-28,ST001,MED005,9.71,13,3.29
2026-02-28,ST001,MED006,8.79,12,3.21
2026-02-28,ST001,MED007,1.71,4,2.29
2026-02-28,ST001,MED008,2.5,2,0.5
2026-02-28,ST001,MED009,8.21,5,3.21
2026-02-28,ST001,MED010,3.57,4,0.43
2026-02-28,ST001,MED011,9.79,11,1.21
2026-02-28,ST001,MED012,8.93,9,0.07
2026-02-28,ST001,MED013,6.57,8,1.43
2026-02-28,ST001,MED014,4.57,7,2.43
2026-02-28,ST001,MED015,9.93,4,5.93
2026-02-28,ST001,MED016,6.64,6,0.64
2026-02-28,ST001,MED017,8.86,14,5.14
2026-02-28,ST001,MED018,5.71,5,0.71
2026-02-28,ST001,MED019,3.86,3,0.86
2026-02-28,ST001,MED020,6.43,7,0.57
2026-02-28,ST001,MED021,8.93,8,0.93
2026-02-28,ST001,MED022,6.0,4,2.0
2026-02-28,ST001,MED023,9.07,9,0.07
2026-02-28,ST001,MED024,10.21,13,2.79
2026-02-28,ST001,MED025,5.0,10,5.0
2026-02-28,ST001,MED026,10.29,14,3.71
2026-02-28,ST001,MED027,10.5,15,4.5
2026-02-28,ST001,MED028,5.43,6,0.57
2026-02-28,ST001,MED029,8.14,10,1.86
2026-02-28,ST001,MED030,4.14,6,1.86
2026-02-28,ST002,MED001,10.5,11,0.5
2026-02-28,ST002,MED002,9.43,11,1.57
2026-02-28,ST002,MED003,3.36,6,2.64
2026-02-28,ST002,MED004,8.29,8,0.29
2026-02-28,ST002,MED005,11.36,10,1.36
2026-02-28,ST002,MED006,9.86,7,2.86
2026-02-28,ST002,MED007,3.07,1,2.07
2026-02-28,ST002,MED008,3.36,3,0.36
2026-02-28,ST002,MED009,10.07,4,6.07
2026-02-28,ST002,MED010,3.71,3,0.71
2026-02-28,ST002,MED011,10.93,9,1.93
2026-02-28,ST002,MED012,9.71,14,4.29
2026-02-28,ST002,MED013,7.0,5,2.0
2026-02-28,ST002,MED014,5.5,3,2.5
2026-02-28,ST002,MED015,11.07,11,0.07
2026-02-28,ST002,MED016,8.0,6,2.0
2026-02-28,ST002,MED017,11.21,10,1.21
2026-02-28,ST002,MED018,5.07,7,1.93
2026-02-28,ST002,MED019,2.71,2,0.71
2026-02-28,ST002,MED020,6.21,11,4.79
2026-02-28,ST002,MED021,10.36,9,1.36
2026-02-28,ST002,MED022,7.57,8,0.43
2026-02-28,ST002,MED023,10.93,13,2.07
2026-02-28,ST002,MED024,12.0,12,0.0
2026-02-28,ST002,MED025,5.93,9,3.07
2026-02-28,ST002,MED026,11.07,10,1.07
2026-02-28,ST002,MED027,11.79,7,4.79
2026-02-28,ST002,MED028,6.29,7,0.71
2026-02-28,ST002,MED029,8.64,8,0.64
2026-02-28,ST002,MED030,4.86,8,3.14
2026-02-28,ST003,MED001,11.71,10,1.71
2026-02-28,ST003,MED002,11.86,15,3.14
2026-02-28,ST003,MED003,2.36,5,2.64
2026-02-28,ST003,MED004,8.29,8,0.29
2026-02-28,ST003,MED005,12.5,11,1.5
2026-02-28,ST003,MED006,10.79,12,1.21
2026-02-28,ST003,MED007,3.36,3,0.36
2026-02-28,ST003,MED008,3.07,3,0.07
2026-02-28,ST003,MED009,10.86,15,4.14
2026-02-28,ST003,MED010,4.5,4,0.5
2026-02-28,ST003,MED011,11.93,16,4.07
2026-02-28,ST003,MED012,9.86,13,3.14
2026-02-28,ST003,MED013,7.71,6,1.71
2026-02-28,ST003,MED014,4.71,8,3.29
2026-02-28,ST003,MED015,13.43,15,1.57
2026-02-28,ST003,MED016,7.29,8,0.71
2026-02-28,ST003,MED017,10.93,13,2.07
2026-02-28,ST003,MED018,5.71,6,0.29
2026-02-28,ST003,MED019,3.43,1,2.43
2026-02-28,ST003,MED020,6.71,11,4.29
2026-02-28,ST003,MED021,9.71,11,1.29
2026-02-28,ST003,MED022,7.29,11,3.71
2026-02-28,ST003,MED023,11.21,7,4.21
2026-02-28,ST003,MED024,13.5,17,3.5
2026-02-28,ST003,MED025,6.71,11,4.29
2026-02-28,ST003,MED026,12.07,15,2.93
2026-02-28,ST003,MED027,12.57,14,1.43
2026-02-28,ST003,MED028,5.64,8,2.36
2026-02-28,ST003,MED029,9.36,9,0.36
2026-02-28,ST003,MED030,5.14,3,2.14
2026-02-28,ST004,MED001,12.14,11,1.14
2026-02-28,ST004,MED002,11.64,14,2.36
2026-02-28,ST004,MED003,2.5,1,1.5
2026-02-28,ST004,MED004,9.14,9,0.14
2026-02-28,ST004,MED005,12.79,15,2.21
2026-02-28,ST004,MED006,10.5,14,3.5
2026-02-28,ST004,MED007,3.79,3,0.79
2026-02-28,ST004,MED008,4.43,1,3.43
2026-02-28,ST004,MED009,13.86,12,1.86
2026-02-28,ST004,MED010,3.79,4,0.21
2026-02-28,ST004,MED011,12.07,14,1.93
2026-02-28,ST004,MED012,11.07,11,0.07
2026-02-28,ST004,MED013,7.86,7,0.86
2026-02-28,ST004,MED014,5.64,11,5.36
2026-02-28,ST004,MED015,15.07,12,3.07
2026-02-28,ST004,MED016,7.79,9,1.21
2026-02-28,ST004,MED017,12.0,11,1.0
2026-02-28,ST004,MED018,7.43,8,0.57
2026-02-28,ST004,MED019,3.57,5,1.43
2026-02-28,ST004,MED020,7.93,11,3.07
2026-02-28,ST004,MED021,11.57,15,3.43
2026-02-28,ST004,MED022,9.0,10,1.0
2026-02-28,ST004,MED023,12.71,13,0.29
2026-02-28,ST004,MED024,14.29,19,4.71
2026-02-28,ST004,MED025,6.43,7,0.57
2026-02-28,ST004,MED026,13.0,11,2.0
2026-02-28,ST004,MED027,14.36,14,0.36
2026-02-28,ST004,MED028,8.0,6,2.0
2026-02-28,ST004,MED029,10.71,12,1.29
2026-02-28,ST004,MED030,5.93,9,3.07
2026-02-28,ST005,MED001,13.43,16,2.57
2026-02-28,ST005,MED002,14.43,14,0.43
2026-02-28,ST005,MED003,3.0,4,1.0
2026-02-28,ST005,MED004,10.21,12,1.79
2026-02-28,ST005,MED005,13.93,15,1.07
2026-02-28,ST005,MED006,12.07,17,4.93
2026-02-28,ST005,MED007,3.57,5,1.43
2026-02-28,ST005,MED008,4.07,1,3.07
2026-02-28,ST005,MED009,13.0,15,2.0
2026-02-28,ST005,MED010,5.5,5,0.5
2026-02-28,ST005,MED011,13.71,15,1.29
2026-02-28,ST005,MED012,11.64,16,4.36
2026-02-28,ST005,MED013,9.07,8,1.07
2026-02-28,ST005,MED014,6.21,6,0.21
2026-02-28,ST005,MED015,16.5,16,0.5
2026-02-28,ST005,MED016,8.43,9,0.57
2026-02-28,ST005,MED017,13.57,18,4.43
2026-02-28,ST005,MED018,6.64,10,3.36
2026-02-28,ST005,MED019,3.86,2,1.86
2026-02-28,ST005,MED020,8.79,7,1.79
2026-02-28,ST005,MED021,12.71,9,3.71
2026-02-28,ST005,MED022,9.29,8,1.29
2026-02-28,ST005,MED023,13.5,18,4.5
2026-02-28,ST005,MED024,15.07,18,2.93
2026-02-28,ST005,MED025,7.29,6,1.29
2026-02-28,ST005,MED026,14.14,14,0.14
2026-02-28,ST005,MED027,14.29,14,0.29
2026-02-28,ST005,MED028,7.71,10,2.29
2026-02-28,ST005,MED029,10.86,12,1.14
2026-02-28,ST005,MED030,5.93,5,0.93
2026-02-28,ST006,MED001,14.29,15,0.71
2026-02-28,ST006,MED002,15.71,17,1.29
2026-02-28,ST006,MED003,4.14,3,1.14
2026-02-28,ST006,MED004,10.29,11,0.71
2026-02-28,ST006,MED005,13.93,15,1.07
2026-02-28,ST006,MED006,13.57,15,1.43
2026-02-28,ST006,MED007,4.93,3,1.93
2026-02-28,ST006,MED008,4.21,5,0.79
2026-02-28,ST006,MED009,14.21,14,0.21
2026-02-28,ST006,MED010,5.29,6,0.71
2026-02-28,ST006,MED011,15.64,18,2.36
2026-02-28,ST006,MED012,13.21,16,2.79
2026-02-28,ST006,MED013,10.64,10,0.64
2026-02-28,ST006,MED014,7.0,6,1.0
2026-02-28,ST006,MED015,18.07,16,2.07
2026-02-28,ST006,MED016,9.29,9,0.29
2026-02-28,ST006,MED017,13.79,20,6.21
2026-02-28,ST006,MED018,7.71,12,4.29
2026-02-28,ST006,MED019,2.86,4,1.14
2026-02-28,ST006,MED020,8.71,7,1.71
2026-02-28,ST006,MED021,13.07,15,1.93
2026-02-28,ST006,MED022,10.07,10,0.07
2026-02-28,ST006,MED023,14.07,15,0.93
2026-02-28,ST006,MED024,15.43,15,0.43
2026-02-28,ST006,MED025,8.43,11,2.57
2026-02-28,ST006,MED026,16.14,19,2.86
2026-02-28,ST006,MED027,15.43,18,2.57
2026-02-28,ST006,MED028,8.43,8,0.43
2026-02-28,ST006,MED029,12.07,9,3.07
2026-02-28,ST006,MED030,6.57,7,0.43
2026-02-28,ST007,MED001,8.14,13,4.86
2026-02-28,ST007,MED002,7.93,14,6.07
2026-02-28,ST007,MED003,2.29,1,1.29
2026-02-28,ST007,MED004,5.86,5,0.86
2026-02-28,ST007,MED005,7.43,11,3.57
2026-02-28,ST007,MED006,7.07,7,0.07
2026-02-28,ST007,MED007,3.07,5,1.93
2026-02-28,ST007,MED008,2.0,0,2.0
2026-02-28,ST007,MED009,8.57,10,1.43
2026-02-28,ST007,MED010,3.29,3,0.29
2026-02-28,ST007,MED011,8.86,6,2.86
2026-02-28,ST007,MED012,7.79,13,5.21
2026-02-28,ST007,MED013,5.79,4,1.79
2026-02-28,ST007,MED014,5.07,4,1.07
2026-02-28,ST007,MED015,9.07,10,0.93
2026-02-28,ST007,MED016,5.79,3,2.79
2026-02-28,ST007,MED017,8.71,7,1.71
2026-02-28,ST007,MED018,5.5,6,0.5
2026-02-28,ST007,MED019,2.71,6,3.29
2026-02-28,ST007,MED020,4.36,8,3.64
2026-02-28,ST007,MED021,8.43,9,0.57
2026-02-28,ST007,MED022,6.21,3,3.21
2026-02-28,ST007,MED023,8.29,12,3.71
2026-02-28,ST007,MED024,10.07,9,1.07
2026-02-28,ST007,MED025,4.64,5,0.36
2026-02-28,ST007,MED026,8.57,7,1.57
2026-02-28,ST007,MED027,8.21,18,9.79
2026-02-28,ST007,MED028,4.93,0,4.93
2026-02-28,ST007,MED029,6.86,5,1.86
2026-02-28,ST007,MED030,4.07,3,1.07
2026-02-28,ST008,MED001,9.64,10,0.36
2026-02-28,ST008,MED002,10.86,8,2.86
2026-02-28,ST008,MED003,2.21,1,1.21
2026-02-28,ST008,MED004,6.93,5,1.93
2026-02-28,ST008,MED005,9.29,12,2.71
2026-02-28,ST008,MED006,8.36,10,1.64
2026-02-28,ST008,MED007,3.21,3,0.21
2026-02-28,ST008,MED008,3.86,3,0.86
2026-02-28,ST008,MED009,9.0,10,1.0
2026-02-28,ST008,MED010,4.0,1,3.0
2026-02-28,ST008,MED011,9.93,13,3.07
2026-02-28,ST008,MED012,9.14,11,1.86
2026-02-28,ST008,MED013,6.64,3,3.64
2026-02-28,ST008,MED014,5.64,7,1.36
2026-02-28,ST008,MED015,10.64,11,0.36
2026-02-28,ST008,MED016,6.86,8,1.14
2026-02-28,ST008,MED017,11.36,10,1.36
2026-02-28,ST008,MED018,4.29,7,2.71
2026-02-28,ST008,MED019,3.07,0,3.07
2026-02-28,ST008,MED020,7.43,1,6.43
2026-02-28,ST008,MED021,8.57,6,2.57
2026-02-28,ST008,MED022,4.21,11,6.79
2026-02-28,ST008,MED023,11.29,10,1.29
2026-02-28,ST008,MED024,10.36,5,5.36
2026-02-28,ST008,MED025,4.36,3,1.36
2026-02-28,ST008,MED026,11.21,15,3.79
2026-02-28,ST008,MED027,9.79,13,3.21
2026-02-28,ST008,MED028,4.79,5,0.21
2026-02-28,ST008,MED029,7.71,11,3.29
2026-02-28,ST008,MED030,3.36,4,0.64
2026-02-28,ST009,MED001,10.93,12,1.07
2026-02-28,ST009,MED002,10.79,12,1.21
2026-02-28,ST009,MED003,2.64,3,0.36
2026-02-28,ST009,MED004,7.5,4,3.5
2026-02-28,ST009,MED005,11.79,9,2.79
2026-02-28,ST009,MED006,9.79,7,2.79
2026-02-28,ST009,MED007,2.86,5,2.14
2026-02-28,ST009,MED008,2.79,4,1.21
2026-02-28,ST009,MED009,8.64,8,0.64
2026-02-28,ST009,MED010,3.07,3,0.07
2026-02-28,ST009,MED011,11.43,11,0.43
2026-02-28,ST009,MED012,9.29,13,3.71
2026-02-28,ST009,MED013,7.36,9,1.64
2026-02-28,ST009,MED014,4.64,1,3.64
2026-02-28,ST009,MED015,12.14,13,0.86
2026-02-28,ST009,MED016,7.71,5,2.71
2026-02-28,ST009,MED017,11.07,7,4.07
2026-02-28,ST009,MED018,6.21,6,0.21
2026-02-28,ST009,MED019,2.64,3,0.36
2026-02-28,ST009,MED020,7.07,10,2.93
2026-02-28,ST009,MED021,9.29,8,1.29
2026-02-28,ST009,MED022,6.71,7,0.29
2026-02-28,ST009,MED023,11.14,11,0.14
2026-02-28,ST009,MED024,11.57,12,0.43
2026-02-28,ST009,MED025,6.29,4,2.29
2026-02-28,ST009,MED026,11.21,8,3.21
2026-02-28,ST009,MED027,11.93,13,1.07
2026-02-28,ST009,MED028,6.07,5,1.07
2026-02-28,ST009,MED029,8.79,11,2.21
2026-02-28,ST009,MED030,5.29,8,2.71
2026-02-28,ST010,MED001,11.64,14,2.36
2026-02-28,ST010,MED002,11.14,13,1.86
2026-02-28,ST010,MED003,3.86,2,1.86
2026-02-28,ST010,MED004,7.57,4,3.57
2026-02-28,ST010,MED005,10.71,12,1.29
2026-02-28,ST010,MED006,10.86,23,12.14
2026-02-28,ST010,MED007,4.93,5,0.07
2026-02-28,ST010,MED008,2.21,4,1.79
2026-02-28,ST010,MED009,9.86,11,1.14
2026-02-28,ST010,MED010,3.71,2,1.71
2026-02-28,ST010,MED011,12.14,13,0.86
2026-02-28,ST010,MED012,11.21,11,0.21
2026-02-28,ST010,MED013,7.79,5,2.79
2026-02-28,ST010,MED014,4.93,8,3.07
2026-02-28,ST010,MED015,14.29,16,1.71
2026-02-28,ST010,MED016,6.36,10,3.64
2026-02-28,ST010,MED017,10.93,14,3.07
2026-02-28,ST010,MED018,6.5,8,1.5
2026-02-28,ST010,MED019,2.57,3,0.43
2026-02-28,ST010,MED020,8.79,10,1.21
2026-02-28,ST010,MED021,10.64,12,1.36
2026-02-28,ST010,MED022,8.43,13,4.57
2026-02-28,ST010,MED023,10.93,15,4.07
2026-02-28,ST010,MED024,12.14,12,0.14
2026-02-28,ST010,MED025,5.64,5,0.64
2026-02-28,ST010,MED026,12.14,14,1.86
2026-02-28,ST010,MED027,12.21,15,2.79
2026-02-28,ST010,MED028,5.36,10,4.64
2026-02-28,ST010,MED029,9.86,9,0.86
2026-02-28,ST010,MED030,5.93,8,2.07
2026-02-28,ST011,MED001,12.29,14,1.71
2026-02-28,ST011,MED002,14.14,8,6.14
2026-02-28,ST011,MED003,4.36,4,0.36
2026-02-28,ST011,MED004,7.07,8,0.93
2026-02-28,ST011,MED005,13.29,15,1.71
2026-02-28,ST011,MED006,11.21,11,0.21
2026-02-28,ST011,MED007,2.5,0,2.5
2026-02-28,ST011,MED008,4.36,5,0.64
2026-02-28,ST011,MED009,12.14,16,3.86
2026-02-28,ST011,MED010,5.21,5,0.21
2026-02-28,ST011,MED011,12.93,8,4.93
2026-02-28,ST011,MED012,12.29,15,2.71
2026-02-28,ST011,MED013,7.57,4,3.57
2026-02-28,ST011,MED014,5.43,4,1.43
2026-02-28,ST011,MED015,13.79,15,1.21
2026-02-28,ST011,MED016,7.64,11,3.36
2026-02-28,ST011,MED017,13.14,14,0.86
2026-02-28,ST011,MED018,6.5,10,3.5
2026-02-28,ST011,MED019,5.07,5,0.07
2026-02-28,ST011,MED020,6.71,7,0.29
2026-02-28,ST011,MED021,11.0,13,2.0
2026-02-28,ST011,MED022,7.5,10,2.5
2026-02-28,ST011,MED023,12.5,11,1.5
2026-02-28,ST011,MED024,13.64,11,2.64
2026-02-28,ST011,MED025,6.29,7,0.71
2026-02-28,ST011,MED026,13.0,14,1.0
2026-02-28,ST011,MED027,13.43,12,1.43
2026-02-28,ST011,MED028,7.36,7,0.36
2026-02-28,ST011,MED029,11.07,7,4.07
2026-02-28,ST011,MED030,5.93,7,1.07
2026-02-28,ST012,MED001,12.93,13,0.07
2026-02-28,ST012,MED002,13.93,16,2.07
2026-02-28,ST012,MED003,3.07,3,0.07
2026-02-28,ST012,MED004,9.57,11,1.43
2026-02-28,ST012,MED005,14.57,18,3.43
2026-02-28,ST012,MED006,11.36,14,2.64
2026-02-28,ST012,MED007,3.43,2,1.43
2026-02-28,ST012,MED008,3.79,3,0.79
2026-02-28,ST012,MED009,13.43,15,1.57
2026-02-28,ST012,MED010,5.14,5,0.14
2026-02-28,ST012,MED011,14.0,15,1.0
2026-02-28,ST012,MED012,13.21,12,1.21
2026-02-28,ST012,MED013,8.57,11,2.43
2026-02-28,ST012,MED014,6.71,9,2.29
2026-02-28,ST012,MED015,14.86,15,0.14
2026-02-28,ST012,MED016,9.93,10,0.07
2026-02-28,ST012,MED017,15.07,15,0.07
2026-02-28,ST012,MED018,9.0,14,5.0
2026-02-28,ST012,MED019,4.21,3,1.21
2026-02-28,ST012,MED020,8.21,11,2.79
2026-02-28,ST012,MED021,12.43,19,6.57
2026-02-28,ST012,MED022,8.07,6,2.07
2026-02-28,ST012,MED023,13.43,27,13.57
2026-02-28,ST012,MED024,14.79,18,3.21
2026-02-28,ST012,MED025,7.36,11,3.64
2026-02-28,ST012,MED026,14.64,15,0.36
2026-02-28,ST012,MED027,13.86,17,3.14
2026-02-28,ST012,MED028,6.93,10,3.07
2026-02-28,ST012,MED029,12.29,13,0.71
2026-02-28,ST012,MED030,6.43,8,1.57
2026-02-28,ST013,MED001,15.64,11,4.64
2026-02-28,ST013,MED002,15.29,15,0.29
2026-02-28,ST013,MED003,4.14,1,3.14
2026-02-28,ST013,MED004,11.0,14,3.0
2026-02-28,ST013,MED005,15.93,16,0.07
2026-02-28,ST013,MED006,14.29,15,0.71
2026-02-28,ST013,MED007,4.0,3,1.0
2026-02-28,ST013,MED008,4.14,4,0.14
2026-02-28,ST013,MED009,12.93,17,4.07
2026-02-28,ST013,MED010,4.57,4,0.57
2026-02-28,ST013,MED011,14.93,15,0.07
2026-02-28,ST013,MED012,14.21,16,1.79
2026-02-28,ST013,MED013,10.43,11,0.57
2026-02-28,ST013,MED014,7.5,7,0.5
2026-02-28,ST013,MED015,16.57,15,1.57
2026-02-28,ST013,MED016,9.36,8,1.36
2026-02-28,ST013,MED017,14.79,16,1.21
2026-02-28,ST013,MED018,8.0,10,2.0
2026-02-28,ST013,MED019,3.64,6,2.36
2026-02-28,ST013,MED020,10.93,11,0.07
2026-02-28,ST013,MED021,13.86,15,1.14
2026-02-28,ST013,MED022,9.29,11,1.71
2026-02-28,ST013,MED023,15.14,14,1.14
2026-02-28,ST013,MED024,17.71,20,2.29
2026-02-28,ST013,MED025,9.5,7,2.5
2026-02-28,ST013,MED026,14.29,15,0.71
2026-02-28,ST013,MED027,17.14,30,12.86
2026-02-28,ST013,MED028,8.86,9,0.14
2026-02-28,ST013,MED029,12.07,12,0.07
2026-02-28,ST013,MED030,7.0,4,3.0
2026-02-28,ST014,MED001,8.5,6,2.5
2026-02-28,ST014,MED002,9.29,6,3.29
2026-02-28,ST014,MED003,1.79,5,3.21
2026-02-28,ST014,MED004,6.21,7,0.79
2026-02-28,ST014,MED005,9.29,11,1.71
2026-02-28,ST014,MED006,9.79,8,1.79
2026-02-28,ST014,MED007,2.0,2,0.0
2026-02-28,ST014,MED008,3.71,6,2.29
2026-02-28,ST014,MED009,7.64,6,1.64
2026-02-28,ST014,MED010,3.86,4,0.14
2026-02-28,ST014,MED011,9.93,15,5.07
2026-02-28,ST014,MED012,6.86,9,2.14
2026-02-28,ST014,MED013,5.07,6,0.93
2026-02-28,ST014,MED014,2.43,3,0.57
2026-02-28,ST014,MED015,9.07,10,0.93
2026-02-28,ST014,MED016,5.93,11,5.07
2026-02-28,ST014,MED017,8.71,8,0.71
2026-02-28,ST014,MED018,4.43,2,2.43
2026-02-28,ST014,MED019,3.43,6,2.57
2026-02-28,ST014,MED020,5.29,4,1.29
2026-02-28,ST014,MED021,8.14,5,3.14
2026-02-28,ST014,MED022,5.43,5,0.43
2026-02-28,ST014,MED023,8.5,11,2.5
2026-02-28,ST014,MED024,8.07,12,3.93
2026-02-28,ST014,MED025,4.86,6,1.14
2026-02-28,ST014,MED026,8.14,7,1.14
2026-02-28,ST014,MED027,9.93,11,1.07
2026-02-28,ST014,MED028,4.64,7,2.36
2026-02-28,ST014,MED029,8.14,7,1.14
2026-02-28,ST014,MED030,4.43,3,1.43
2026-02-28,ST015,MED001,9.93,9,0.93
2026-02-28,ST015,MED002,10.79,9,1.79
2026-02-28,ST015,MED003,3.14,2,1.14
2026-02-28,ST015,MED004,7.29,7,0.29
2026-02-28,ST015,MED005,8.36,14,5.64
2026-02-28,ST015,MED006,8.21,10,1.79
2026-02-28,ST015,MED007,2.21,6,3.79
2026-02-28,ST015,MED008,2.79,1,1.79
2026-02-28,ST015,MED009,8.29,11,2.71
2026-02-28,ST015,MED010,2.93,6,3.07
2026-02-28,ST015,MED011,10.0,9,1.0
2026-02-28,ST015,MED012,9.64,7,2.64
2026-02-28,ST015,MED013,5.29,3,2.29
2026-02-28,ST015,MED014,3.93,4,0.07
2026-02-28,ST015,MED015,11.86,9,2.86
2026-02-28,ST015,MED016,6.57,7,0.43
2026-02-28,ST015,MED017,9.0,13,4.0
2026-02-28,ST015,MED018,4.5,7,2.5
2026-02-28,ST015,MED019,2.29,3,0.71
2026-02-28,ST015,MED020,6.07,6,0.07
2026-02-28,ST015,MED021,8.86,13,4.14
2026-02-28,ST015,MED022,6.86,6,0.86
2026-02-28,ST015,MED023,9.86,10,0.14
2026-02-28,ST015,MED024,10.57,14,3.43
2026-02-28,ST015,MED025,5.29,4,1.29
2026-02-28,ST015,MED026,8.71,13,4.29
2026-02-28,ST015,MED027,10.86,14,3.14
2026-02-28,ST015,MED028,6.36,6,0.36
2026-02-28,ST015,MED029,7.79,8,0.21
2026-02-28,ST015,MED030,4.07,8,3.93
2026-02-28,ST016,MED001,10.86,14,3.14
2026-02-28,ST016,MED002,10.0,9,1.0
2026-02-28,ST016,MED003,3.79,4,0.21
2026-02-28,ST016,MED004,7.43,8,0.57
2026-02-28,ST016,MED005,10.43,12,1.57
2026-02-28,ST016,MED006,9.64,8,1.64
2026-02-28,ST016,MED007,2.43,2,0.43
2026-02-28,ST016,MED008,3.5,8,4.5
2026-02-28,ST016,MED009,9.71,10,0.29
2026-02-28,ST016,MED010,4.14,4,0.14
2026-02-28,ST016,MED011,10.71,10,0.71
2026-02-28,ST016,MED012,10.0,12,2.0
2026-02-28,ST016,MED013,7.0,8,1.0
2026-02-28,ST016,MED014,5.43,4,1.43
2026-02-28,ST016,MED015,13.07,15,1.93
2026-02-28,ST016,MED016,6.79,6,0.79
2026-02-28,ST016,MED017,9.79,14,4.21
2026-02-28,ST016,MED018,6.14,7,0.86
2026-02-28,ST016,MED019,3.36,3,0.36
2026-02-28,ST016,MED020,7.71,8,0.29
2026-02-28,ST016,MED021,10.07,11,0.93
2026-02-28,ST016,MED022,6.93,8,1.07
2026-02-28,ST016,MED023,10.93,13,2.07
2026-02-28,ST016,MED024,11.64,12,0.36
2026-02-28,ST016,MED025,6.36,8,1.64
2026-02-28,ST016,MED026,10.43,10,0.43
2026-02-28,ST016,MED027,11.86,13,1.14
2026-02-28,ST016,MED028,6.21,6,0.21
2026-02-28,ST016,MED029,8.29,7,1.29
2026-02-28,ST016,MED030,6.0,5,1.0
2026-02-28,ST017,MED001,11.93,9,2.93
2026-02-28,ST017,MED002,11.57,14,2.43
2026-02-28,ST017,MED003,3.0,5,2.0
2026-02-28,ST017,MED004,8.0,10,2.0
2026-02-28,ST017,MED005,11.71,11,0.71
2026-02-28,ST017,MED006,10.64,9,1.64
2026-02-28,ST017,MED007,2.43,3,0.57
2026-02-28,ST017,MED008,4.29,4,0.29
2026-02-28,ST017,MED009,11.36,10,1.36
2026-02-28,ST017,MED010,4.64,3,1.64
2026-02-28,ST017,MED011,12.14,14,1.86
2026-02-28,ST017,MED012,10.93,9,1.93
2026-02-28,ST017,MED013,6.86,6,0.86
2026-02-28,ST017,MED014,5.5,10,4.5
2026-02-28,ST017,MED015,13.71,12,1.71
2026-02-28,ST017,MED016,6.79,8,1.21
2026-02-28,ST017,MED017,11.14,12,0.86
2026-02-28,ST017,MED018,5.43,3,2.43
2026-02-28,ST017,MED019,2.36,4,1.64
2026-02-28,ST017,MED020,7.0,7,0.0
2026-02-28,ST017,MED021,12.14,14,1.86
2026-02-28,ST017,MED022,6.57,8,1.43
2026-02-28,ST017,MED023,11.36,10,1.36
2026-02-28,ST017,MED024,12.57,11,1.57
2026-02-28,ST017,MED025,6.29,3,3.29
2026-02-28,ST017,MED026,12.36,13,0.64
2026-02-28,ST017,MED027,13.0,12,1.0
2026-02-28,ST017,MED028,5.86,8,2.14
2026-02-28,ST017,MED029,8.43,6,2.43
2026-02-28,ST017,MED030,5.14,6,0.86
2026-02-28,ST018,MED001,12.79,12,0.79
2026-02-28,ST018,MED002,13.71,14,0.29
2026-02-28,ST018,MED003,3.5,3,0.5
2026-02-28,ST018,MED004,9.29,10,0.71
2026-02-28,ST018,MED005,13.43,16,2.57
2026-02-28,ST018,MED006,12.57,9,3.57
2026-02-28,ST018,MED007,4.07,3,1.07
2026-02-28,ST018,MED008,3.43,6,2.57
2026-02-28,ST018,MED009,12.29,13,0.71
2026-02-28,ST018,MED010,4.43,7,2.57
2026-02-28,ST018,MED011,14.0,13,1.0
2026-02-28,ST018,MED012,11.93,12,0.07
2026-02-28,ST018,MED013,7.93,6,1.93
2026-02-28,ST018,MED014,7.29,13,5.71
2026-02-28,ST018,MED015,14.5,17,2.5
2026-02-28,ST018,MED016,7.36,7,0.36
2026-02-28,ST018,MED017,11.21,12,0.79
2026-02-28,ST018,MED018,6.36,7,0.64
2026-02-28,ST018,MED019,4.36,3,1.36
2026-02-28,ST018,MED020,7.57,9,1.43
2026-02-28,ST018,MED021,11.43,16,4.57
2026-02-28,ST018,MED022,8.14,17,8.86
2026-02-28,ST018,MED023,13.36,12,1.36
2026-02-28,ST018,MED024,13.64,15,1.36
2026-02-28,ST018,MED025,6.29,9,2.71
2026-02-28,ST018,MED026,13.43,13,0.43
2026-02-28,ST018,MED027,12.86,12,0.86
2026-02-28,ST018,MED028,7.36,6,1.36
2026-02-28,ST018,MED029,9.79,15,5.21
2026-02-28,ST018,MED030,6.5,2,4.5
2026-02-28,ST019,MED001,12.79,17,4.21
2026-02-28,ST019,MED002,14.36,16,1.64
2026-02-28,ST019,MED003,5.0,3,2.0
2026-02-28,ST019,MED004,9.79,10,0.21
2026-02-28,ST019,MED005,14.86,16,1.14
2026-02-28,ST019,MED006,13.21,16,2.79
2026-02-28,ST019,MED007,3.79,0,3.79
2026-02-28,ST019,MED008,4.29,1,3.29
2026-02-28,ST019,MED009,12.79,12,0.79
2026-02-28,ST019,MED010,5.36,8,2.64
2026-02-28,ST019,MED011,14.79,15,0.21
2026-02-28,ST019,MED012,12.21,16,3.79
2026-02-28,ST019,MED013,8.43,9,0.57
2026-02-28,ST019,MED014,5.5,8,2.5
2026-02-28,ST019,MED015,14.71,14,0.71
2026-02-28,ST019,MED016,8.29,9,0.71
2026-02-28,ST019,MED017,13.93,13,0.93
2026-02-28,ST019,MED018,7.79,8,0.21
2026-02-28,ST019,MED019,3.93,5,1.07
2026-02-28,ST019,MED020,8.64,11,2.36
2026-02-28,ST019,MED021,11.14,16,4.86
2026-02-28,ST019,MED022,9.07,12,2.93
2026-02-28,ST019,MED023,13.5,15,1.5
2026-02-28,ST019,MED024,16.21,18,1.79
2026-02-28,ST019,MED025,7.43,5,2.43
2026-02-28,ST019,MED026,14.79,15,0.21
2026-02-28,ST019,MED027,14.29,16,1.71
2026-02-28,ST019,MED028,7.29,11,3.71
2026-02-28,ST019,MED029,10.93,13,2.07
2026-02-28,ST019,MED030,6.64,5,1.64
2026-02-28,ST020,MED001,14.93,16,1.07
2026-02-28,ST020,MED002,13.93,16,2.07
2026-02-28,ST020,MED003,3.71,8,4.29
2026-02-28,ST020,MED004,9.79,9,0.79
2026-02-28,ST020,MED005,14.29,18,3.71
2026-02-28,ST020,MED006,12.57,13,0.43
2026-02-28,ST020,MED007,4.07,11,6.93
2026-02-28,ST020,MED008,4.36,4,0.36
2026-02-28,ST020,MED009,13.43,10,3.43
2026-02-28,ST020,MED010,5.29,10,4.71
2026-02-28,ST020,MED011,14.43,16,1.57
2026-02-28,ST020,MED012,13.36,14,0.64
2026-02-28,ST020,MED013,9.93,10,0.07
2026-02-28,ST020,MED014,7.14,9,1.86
2026-02-28,ST020,MED015,15.5,14,1.5
2026-02-28,ST020,MED016,9.86,10,0.14
2026-02-28,ST020,MED017,15.57,18,2.43
2026-02-28,ST020,MED018,8.14,6,2.14
2026-02-28,ST020,MED019,5.0,3,2.0
2026-02-28,ST020,MED020,8.64,14,5.36
2026-02-28,ST020,MED021,14.71,18,3.29
2026-02-28,ST020,MED022,9.79,9,0.79
2026-02-28,ST020,MED023,14.64,18,3.36
2026-02-28,ST020,MED024,16.36,14,2.36
2026-02-28,ST020,MED025,7.43,10,2.57
2026-02-28,ST020,MED026,14.29,18,3.71
2026-02-28,ST020,MED027,17.14,20,2.86
2026-02-28,ST020,MED028,7.79,12,4.21
2026-02-28,ST020,MED029,11.5,17,5.5
2026-02-28,ST020,MED030,6.36,8,1.64
2026-02-28,ST021,MED001,8.5,10,1.5
2026-02-28,ST021,MED002,7.93,9,1.07
2026-02-28,ST021,MED003,2.57,5,2.43
2026-02-28,ST021,MED004,5.64,9,3.36
2026-02-28,ST021,MED005,8.07,8,0.07
2026-02-28,ST021,MED006,8.36,7,1.36
2026-02-28,ST021,MED007,2.29,2,0.29
2026-02-28,ST021,MED008,3.29,4,0.71
2026-02-28,ST021,MED009,8.21,10,1.79
2026-02-28,ST021,MED010,3.36,7,3.64
2026-02-28,ST021,MED011,9.0,9,0.0
2026-02-28,ST021,MED012,8.21,8,0.21
2026-02-28,ST021,MED013,5.57,3,2.57
2026-02-28,ST021,MED014,5.07,6,0.93
2026-02-28,ST021,MED015,9.0,11,2.0
2026-02-28,ST021,MED016,5.71,5,0.71
2026-02-28,ST021,MED017,8.0,10,2.0
2026-02-28,ST021,MED018,5.5,7,1.5
2026-02-28,ST021,MED019,2.57,4,1.43
2026-02-28,ST021,MED020,5.0,4,1.0
2026-02-28,ST021,MED021,7.0,8,1.0
2026-02-28,ST021,MED022,5.21,7,1.79
2026-02-28,ST021,MED023,8.79,12,3.21
2026-02-28,ST021,MED024,9.21,9,0.21
2026-02-28,ST021,MED025,3.86,4,0.14
2026-02-28,ST021,MED026,8.36,7,1.36
2026-02-28,ST021,MED027,9.71,16,6.29
2026-02-28,ST021,MED028,4.21,6,1.79
2026-02-28,ST021,MED029,8.07,8,0.07
2026-02-28,ST021,MED030,3.64,3,0.64
2026-02-28,ST022,MED001,10.57,10,0.57
2026-02-28,ST022,MED002,8.57,8,0.57
2026-02-28,ST022,MED003,3.0,0,3.0
2026-02-28,ST022,MED004,7.71,7,0.71
2026-02-28,ST022,MED005,10.14,12,1.86
2026-02-28,ST022,MED006,8.21,10,1.79
2026-02-28,ST022,MED007,3.21,3,0.21
2026-02-28,ST022,MED008,2.36,4,1.64
2026-02-28,ST022,MED009,9.43,11,1.57
2026-02-28,ST022,MED010,2.79,7,4.21
2026-02-28,ST022,MED011,10.29,10,0.29
2026-02-28,ST022,MED012,8.64,7,1.64
2026-02-28,ST022,MED013,5.57,7,1.43
2026-02-28,ST022,MED014,5.5,3,2.5
2026-02-28,ST022,MED015,10.07,9,1.07
2026-02-28,ST022,MED016,5.71,7,1.29
2026-02-28,ST022,MED017,8.5,21,12.5
2026-02-28,ST022,MED018,4.86,6,1.14
2026-02-28,ST022,MED019,2.79,1,1.79
2026-02-28,ST022,MED020,6.93,7,0.07
2026-02-28,ST022,MED021,9.21,9,0.21
2026-02-28,ST022,MED022,5.79,8,2.21
2026-02-28,ST022,MED023,9.43,10,0.57
2026-02-28,ST022,MED024,13.07,9,4.07
2026-02-28,ST022,MED025,5.79,9,3.21
2026-02-28,ST022,MED026,9.21,13,3.79
2026-02-28,ST022,MED027,11.14,10,1.14
2026-02-28,ST022,MED028,4.64,5,0.36
2026-02-28,ST022,MED029,8.93,15,6.07
2026-02-28,ST022,MED030,3.29,3,0.29
2026-02-28,ST023,MED001,10.64,12,1.36
2026-02-28,ST023,MED002,10.21,12,1.79
2026-02-28,ST023,MED003,2.79,3,0.21
2026-02-28,ST023,MED004,7.29,7,0.29
2026-02-28,ST023,MED005,10.71,13,2.29
2026-02-28,ST023,MED006,10.07,8,2.07
2026-02-28,ST023,MED007,3.14,3,0.14
2026-02-28,ST023,MED008,2.93,2,0.93
2026-02-28,ST023,MED009,9.07,12,2.93
2026-02-28,ST023,MED010,3.86,7,3.14
2026-02-28,ST023,MED011,10.86,10,0.86
2026-02-28,ST023,MED012,8.57,15,6.43
2026-02-28,ST023,MED013,6.21,9,2.79
2026-02-28,ST023,MED014,5.07,7,1.93
2026-02-28,ST023,MED015,11.71,15,3.29
2026-02-28,ST023,MED016,7.64,6,1.64
2026-02-28,ST023,MED017,10.36,13,2.64
2026-02-28,ST023,MED018,6.64,9,2.36
2026-02-28,ST023,MED019,3.07,5,1.93
2026-02-28,ST023,MED020,5.64,6,0.36
2026-02-28,ST023,MED021,10.14,12,1.86
2026-02-28,ST023,MED022,7.29,8,0.71
2026-02-28,ST023,MED023,10.43,12,1.57
2026-02-28,ST023,MED024,12.14,15,2.86
2026-02-28,ST023,MED025,6.0,5,1.0
2026-02-28,ST023,MED026,12.14,13,0.86
2026-02-28,ST023,MED027,12.64,12,0.64
2026-02-28,ST023,MED028,5.79,6,0.21
2026-02-28,ST023,MED029,9.07,9,0.07
2026-02-28,ST023,MED030,5.14,8,2.86
2026-02-28,ST024,MED001,11.36,16,4.64
2026-02-28,ST024,MED002,11.64,15,3.36
2026-02-28,ST024,MED003,2.71,3,0.29
2026-02-28,ST024,MED004,8.71,10,1.29
2026-02-28,ST024,MED005,11.29,14,2.71
2026-02-28,ST024,MED006,11.93,14,2.07
2026-02-28,ST024,MED007,2.57,3,0.43
2026-02-28,ST024,MED008,3.36,6,2.64
2026-02-28,ST024,MED009,10.21,11,0.79
2026-02-28,ST024,MED010,5.07,8,2.93
2026-02-28,ST024,MED011,12.21,13,0.79
2026-02-28,ST024,MED012,10.29,10,0.29
2026-02-28,ST024,MED013,7.5,5,2.5
2026-02-28,ST024,MED014,5.79,8,2.21
2026-02-28,ST024,MED015,12.86,13,0.14
2026-02-28,ST024,MED016,7.21,8,0.79
2026-02-28,ST024,MED017,11.86,14,2.14
2026-02-28,ST024,MED018,6.86,9,2.14
2026-02-28,ST024,MED019,3.86,5,1.14
2026-02-28,ST024,MED020,7.29,9,1.71
2026-02-28,ST024,MED021,9.71,14,4.29
2026-02-28,ST024,MED022,8.21,9,0.79
2026-02-28,ST024,MED023,13.21,9,4.21
2026-02-28,ST024,MED024,11.5,15,3.5
2026-02-28,ST024,MED025,6.0,9,3.0
2026-02-28,ST024,MED026,12.07,11,1.07
2026-02-28,ST024,MED027,12.5,10,2.5
2026-02-28,ST024,MED028,5.93,7,1.07
2026-02-28,ST024,MED029,11.43,9,2.43
2026-02-28,ST024,MED030,5.5,5,0.5
2026-02-28,ST025,MED001,12.57,9,3.57
2026-02-28,ST025,MED002,12.93,19,6.07
2026-02-28,ST025,MED003,3.0,4,1.0
2026-02-28,ST025,MED004,9.29,10,0.71
2026-02-28,ST025,MED005,12.79,12,0.79
2026-02-28,ST025,MED006,10.43,9,1.43
2026-02-28,ST025,MED007,3.71,1,2.71
2026-02-28,ST025,MED008,4.43,6,1.57
2026-02-28,ST025,MED009,10.5,9,1.5
2026-02-28,ST025,MED010,4.57,8,3.43
2026-02-28,ST025,MED011,12.93,15,2.07
2026-02-28,ST025,MED012,10.29,12,1.71
2026-02-28,ST025,MED013,8.36,8,0.36
2026-02-28,ST025,MED014,6.36,8,1.64
2026-02-28,ST025,MED015,14.21,11,3.21
2026-02-28,ST025,MED016,8.93,11,2.07
2026-02-28,ST025,MED017,13.07,15,1.93
2026-02-28,ST025,MED018,7.57,8,0.43
2026-02-28,ST025,MED019,3.43,2,1.43
2026-02-28,ST025,MED020,8.0,9,1.0
2026-02-28,ST025,MED021,11.5,10,1.5
2026-02-28,ST025,MED022,9.93,8,1.93
2026-02-28,ST025,MED023,12.57,15,2.43
2026-02-28,ST025,MED024,14.5,15,0.5
2026-02-28,ST025,MED025,7.21,9,1.79
2026-02-28,ST025,MED026,13.21,14,0.79
2026-02-28,ST025,MED027,11.93,13,1.07
2026-02-28,ST025,MED028,6.21,8,1.79
2026-02-28,ST025,MED029,11.14,12,0.86
2026-02-28,ST025,MED030,5.07,4,1.07
2026-02-28,ST026,MED001,13.5,17,3.5
2026-02-28,ST026,MED002,13.5,10,3.5
2026-02-28,ST026,MED003,3.71,7,3.29
2026-02-28,ST026,MED004,10.64,11,0.36
2026-02-28,ST026,MED005,13.64,15,1.36
2026-02-28,ST026,MED006,11.86,11,0.86
2026-02-28,ST026,MED007,3.93,2,1.93
2026-02-28,ST026,MED008,4.14,6,1.86
2026-02-28,ST026,MED009,13.14,14,0.86
2026-02-28,ST026,MED010,4.86,5,0.14
2026-02-28,ST026,MED011,13.36,17,3.64
2026-02-28,ST026,MED012,12.64,10,2.64
2026-02-28,ST026,MED013,8.86,10,1.14
2026-02-28,ST026,MED014,6.79,10,3.21
2026-02-28,ST026,MED015,16.07,18,1.93
2026-02-28,ST026,MED016,8.29,9,0.71
2026-02-28,ST026,MED017,13.57,18,4.43
2026-02-28,ST026,MED018,6.93,8,1.07
2026-02-28,ST026,MED019,3.43,5,1.57
2026-02-28,ST026,MED020,8.79,8,0.79
2026-02-28,ST026,MED021,12.5,13,0.5
2026-02-28,ST026,MED022,9.14,9,0.14
2026-02-28,ST026,MED023,13.0,18,5.0
2026-02-28,ST026,MED024,16.07,17,0.93
2026-02-28,ST026,MED025,8.21,6,2.21
2026-02-28,ST026,MED026,13.86,17,3.14
2026-02-28,ST026,MED027,14.29,16,1.71
2026-02-28,ST026,MED028,8.14,9,0.86
2026-02-28,ST026,MED029,12.0,12,0.0
2026-02-28,ST026,MED030,6.5,3,3.5
2026-02-28,ST027,MED001,14.86,11,3.86
2026-02-28,ST027,MED002,15.64,13,2.64
2026-02-28,ST027,MED003,4.79,3,1.79
2026-02-28,ST027,MED004,10.21,23,12.79
2026-02-28,ST027,MED005,14.29,20,5.71
2026-02-28,ST027,MED006,13.64,15,1.36
2026-02-28,ST027,MED007,4.86,1,3.86
2026-02-28,ST027,MED008,4.36,4,0.36
2026-02-28,ST027,MED009,13.29,10,3.29
2026-02-28,ST027,MED010,5.36,4,1.36
2026-02-28,ST027,MED011,15.14,17,1.86
2026-02-28,ST027,MED012,13.36,14,0.64
2026-02-28,ST027,MED013,9.0,10,1.0
2026-02-28,ST027,MED014,5.43,15,9.57
2026-02-28,ST027,MED015,15.71,19,3.29
2026-02-28,ST027,MED016,10.64,12,1.36
2026-02-28,ST027,MED017,14.79,15,0.21
2026-02-28,ST027,MED018,7.21,6,1.21
2026-02-28,ST027,MED019,3.57,3,0.57
2026-02-28,ST027,MED020,9.64,10,0.36
2026-02-28,ST027,MED021,13.43,15,1.57
2026-02-28,ST027,MED022,9.29,11,1.71
2026-02-28,ST027,MED023,14.64,12,2.64
2026-02-28,ST027,MED024,16.57,21,4.43
2026-02-28,ST027,MED025,8.64,7,1.64
2026-02-28,ST027,MED026,14.64,18,3.36
2026-02-28,ST027,MED027,16.29,17,0.71
2026-02-28,ST027,MED028,8.64,12,3.36
2026-02-28,ST027,MED029,11.93,9,2.93
2026-02-28,ST027,MED030,7.0,4,3.0
2026-02-28,ST028,MED001,9.14,7,2.14
2026-02-28,ST028,MED002,9.71,11,1.29
2026-02-28,ST028,MED003,2.14,2,0.14
2026-02-28,ST028,MED004,6.57,11,4.43
2026-02-28,ST028,MED005,8.43,10,1.57
2026-02-28,ST028,MED006,9.07,10,0.93
2026-02-28,ST028,MED007,2.14,1,1.14
2026-02-28,ST028,MED008,2.43,2,0.43
2026-02-28,ST028,MED009,7.93,11,3.07
2026-02-28,ST028,MED010,3.86,6,2.14
2026-02-28,ST028,MED011,8.07,20,11.93
2026-02-28,ST028,MED012,7.36,8,0.64
2026-02-28,ST028,MED013,5.79,9,3.21
2026-02-28,ST028,MED014,4.79,6,1.21
2026-02-28,ST028,MED015,9.36,12,2.64
2026-02-28,ST028,MED016,5.0,6,1.0
2026-02-28,ST028,MED017,9.14,9,0.14
2026-02-28,ST028,MED018,5.0,4,1.0
2026-02-28,ST028,MED019,1.36,0,1.36
2026-02-28,ST028,MED020,5.36,9,3.64
2026-02-28,ST028,MED021,7.29,9,1.71
2026-02-28,ST028,MED022,5.07,7,1.93
2026-02-28,ST028,MED023,8.0,9,1.0
2026-02-28,ST028,MED024,8.21,11,2.79
2026-02-28,ST028,MED025,5.07,6,0.93
2026-02-28,ST028,MED026,9.0,13,4.0
2026-02-28,ST028,MED027,9.14,8,1.14
2026-02-28,ST028,MED028,6.14,5,1.14
2026-02-28,ST028,MED029,7.14,11,3.86
2026-02-28,ST028,MED030,4.57,4,0.57
2026-02-28,ST029,MED001,9.5,9,0.5
2026-02-28,ST029,MED002,10.14,12,1.86
2026-02-28,ST029,MED003,2.43,3,0.57
2026-02-28,ST029,MED004,7.57,10,2.43
2026-02-28,ST029,MED005,9.57,10,0.43
2026-02-28,ST029,MED006,8.79,8,0.79
2026-02-28,ST029,MED007,2.79,6,3.21
2026-02-28,ST029,MED008,2.64,1,1.64
2026-02-28,ST029,MED009,8.14,9,0.86
2026-02-28,ST029,MED010,2.86,5,2.14
2026-02-28,ST029,MED011,9.5,11,1.5
2026-02-28,ST029,MED012,7.29,12,4.71
2026-02-28,ST029,MED013,6.5,7,0.5
2026-02-28,ST029,MED014,3.86,3,0.86
2026-02-28,ST029,MED015,11.07,11,0.07
2026-02-28,ST029,MED016,4.93,7,2.07
2026-02-28,ST029,MED017,8.93,4,4.93
2026-02-28,ST029,MED018,4.86,8,3.14
2026-02-28,ST029,MED019,3.5,0,3.5
2026-02-28,ST029,MED020,5.64,7,1.36
2026-02-28,ST029,MED021,9.43,9,0.43
2026-02-28,ST029,MED022,6.29,1,5.29
2026-02-28,ST029,MED023,8.64,10,1.36
2026-02-28,ST029,MED024,11.14,10,1.14
2026-02-28,ST029,MED025,4.21,6,1.79
2026-02-28,ST029,MED026,9.36,9,0.36
2026-02-28,ST029,MED027,10.93,14,3.07
2026-02-28,ST029,MED028,5.57,8,2.43
2026-02-28,ST029,MED029,8.86,9,0.14
2026-02-28,ST029,MED030,4.64,5,0.36
2026-02-28,ST030,MED001,10.64,11,0.36
2026-02-28,ST030,MED002,10.93,10,0.93
2026-02-28,ST030,MED003,2.71,4,1.29
2026-02-28,ST030,MED004,8.57,10,1.43
2026-02-28,ST030,MED005,10.29,15,4.71
2026-02-28,ST030,MED006,9.5,13,3.5
2026-02-28,ST030,MED007,2.93,5,2.07
2026-02-28,ST030,MED008,2.64,5,2.36
2026-02-28,ST030,MED009,8.93,9,0.07
2026-02-28,ST030,MED010,4.07,7,2.93
2026-02-28,ST030,MED011,11.43,12,0.57
2026-02-28,ST030,MED012,10.36,11,0.64
2026-02-28,ST030,MED013,6.5,8,1.5
2026-02-28,ST030,MED014,5.57,6,0.43
2026-02-28,ST030,MED015,11.14,22,10.86
2026-02-28,ST030,MED016,7.71,8,0.29
2026-02-28,ST030,MED017,10.29,11,0.71
2026-02-28,ST030,MED018,5.5,6,0.5
2026-02-28,ST030,MED019,3.43,6,2.57
2026-02-28,ST030,MED020,6.71,8,1.29
2026-02-28,ST030,MED021,9.71,8,1.71
2026-02-28,ST030,MED022,6.43,6,0.43
2026-02-28,ST030,MED023,10.07,11,0.93
2026-02-28,ST030,MED024,11.14,9,2.14
2026-02-28,ST030,MED025,5.07,4,1.07
2026-02-28,ST030,MED026,10.36,15,4.64
2026-02-28,ST030,MED027,11.07,12,0.93
2026-02-28,ST030,MED028,6.21,1,5.21
2026-02-28,ST030,MED029,7.43,9,1.57
2026-02-28,ST030,MED030,5.5,6,0.5
2026-02-28,ST031,MED001,10.64,15,4.36
2026-02-28,ST031,MED002,11.21,15,3.79
2026-02-28,ST031,MED003,3.43,3,0.43
2026-02-28,ST031,MED004,9.14,10,0.86
2026-02-28,ST031,MED005,11.29,13,1.71
2026-02-28,ST031,MED006,10.86,7,3.86
2026-02-28,ST031,MED007,4.86,1,3.86
2026-02-28,ST031,MED008,3.0,2,1.0
2026-02-28,ST031,MED009,11.5,16,4.5
2026-02-28,ST031,MED010,4.79,4,0.79
2026-02-28,ST031,MED011,10.0,12,2.0
2026-02-28,ST031,MED012,10.29,13,2.71
2026-02-28,ST031,MED013,7.57,11,3.43
2026-02-28,ST031,MED014,4.86,8,3.14
2026-02-28,ST031,MED015,13.21,16,2.79
2026-02-28,ST031,MED016,7.14,11,3.86
2026-02-28,ST031,MED017,11.29,20,8.71
2026-02-28,ST031,MED018,7.14,9,1.86
2026-02-28,ST031,MED019,3.71,2,1.71
2026-02-28,ST031,MED020,8.07,8,0.07
2026-02-28,ST031,MED021,10.0,9,1.0
2026-02-28,ST031,MED022,6.21,12,5.79
2026-02-28,ST031,MED023,11.86,12,0.14
2026-02-28,ST031,MED024,12.36,13,0.64
2026-02-28,ST031,MED025,5.79,6,0.21
2026-02-28,ST031,MED026,11.36,13,1.64
2026-02-28,ST031,MED027,11.93,12,0.07
2026-02-28,ST031,MED028,6.64,6,0.64
2026-02-28,ST031,MED029,9.14,12,2.86
2026-02-28,ST031,MED030,4.86,4,0.86
2026-02-28,ST032,MED001,11.86,14,2.14
2026-02-28,ST032,MED002,12.14,14,1.86
2026-02-28,ST032,MED003,4.07,1,3.07
2026-02-28,ST032,MED004,8.93,9,0.07
2026-02-28,ST032,MED005,11.07,13,1.93
2026-02-28,ST032,MED006,11.36,12,0.64
2026-02-28,ST032,MED007,3.43,7,3.57
2026-02-28,ST032,MED008,2.57,2,0.57
2026-02-28,ST032,MED009,12.36,7,5.36
2026-02-28,ST032,MED010,5.36,6,0.64
2026-02-28,ST032,MED011,13.07,13,0.07
2026-02-28,ST032,MED012,11.29,12,0.71
2026-02-28,ST032,MED013,8.5,8,0.5
2026-02-28,ST032,MED014,6.36,4,2.36
2026-02-28,ST032,MED015,14.0,17,3.0
2026-02-28,ST032,MED016,8.71,7,1.71
2026-02-28,ST032,MED017,11.79,13,1.21
2026-02-28,ST032,MED018,5.71,5,0.71
2026-02-28,ST032,MED019,3.36,6,2.64
2026-02-28,ST032,MED020,7.64,10,2.36
2026-02-28,ST032,MED021,11.5,9,2.5
2026-02-28,ST032,MED022,8.93,7,1.93
2026-02-28,ST032,MED023,11.07,15,3.93
2026-02-28,ST032,MED024,14.5,10,4.5
2026-02-28,ST032,MED025,7.57,5,2.57
2026-02-28,ST032,MED026,14.79,13,1.79
2026-02-28,ST032,MED027,12.57,14,1.43
2026-02-28,ST032,MED028,7.64,8,0.36
2026-02-28,ST032,MED029,10.71,10,0.71
2026-02-28,ST032,MED030,5.79,8,2.21
2026-02-28,ST033,MED001,13.57,17,3.43
2026-02-28,ST033,MED002,13.57,18,4.43
2026-02-28,ST033,MED003,3.29,2,1.29
2026-02-28,ST033,MED004,10.43,10,0.43
2026-02-28,ST033,MED005,12.93,14,1.07
2026-02-28,ST033,MED006,12.21,12,0.21
2026-02-28,ST033,MED007,3.93,5,1.07
2026-02-28,ST033,MED008,4.0,1,3.0
2026-02-28,ST033,MED009,12.93,15,2.07
2026-02-28,ST033,MED010,4.36,5,0.64
2026-02-28,ST033,MED011,12.93,13,0.07
2026-02-28,ST033,MED012,13.57,12,1.57
2026-02-28,ST033,MED013,8.93,12,3.07
2026-02-28,ST033,MED014,6.36,6,0.36
2026-02-28,ST033,MED015,14.93,14,0.93
2026-02-28,ST033,MED016,8.86,10,1.14
2026-02-28,ST033,MED017,13.71,13,0.71
2026-02-28,ST033,MED018,7.5,6,1.5
2026-02-28,ST033,MED019,3.64,8,4.36
2026-02-28,ST033,MED020,8.71,7,1.71
2026-02-28,ST033,MED021,13.0,13,0.0
2026-02-28,ST033,MED022,8.64,7,1.64
2026-02-28,ST033,MED023,13.79,14,0.21
2026-02-28,ST033,MED024,15.29,16,0.71
2026-02-28,ST033,MED025,6.36,8,1.64
2026-02-28,ST033,MED026,13.36,16,2.64
2026-02-28,ST033,MED027,14.0,12,2.0
2026-02-28,ST033,MED028,8.14,8,0.14
2026-02-28,ST033,MED029,11.86,12,0.14
2026-02-28,ST033,MED030,5.57,6,0.43
2026-02-28,ST034,MED001,14.71,15,0.29
2026-02-28,ST034,MED002,14.86,17,2.14
2026-02-28,ST034,MED003,4.5,1,3.5
2026-02-28,ST034,MED004,11.14,16,4.86
2026-02-28,ST034,MED005,14.0,18,4.0
2026-02-28,ST034,MED006,14.36,15,0.64
2026-02-28,ST034,MED007,4.36,5,0.64
2026-02-28,ST034,MED008,3.64,3,0.64
2026-02-28,ST034,MED009,14.07,16,1.93
2026-02-28,ST034,MED010,5.21,7,1.79
2026-02-28,ST034,MED011,14.86,15,0.14
2026-02-28,ST034,MED012,13.64,22,8.36
2026-02-28,ST034,MED013,8.86,9,0.14
2026-02-28,ST034,MED014,7.36,7,0.36
2026-02-28,ST034,MED015,16.07,21,4.93
2026-02-28,ST034,MED016,7.93,10,2.07
2026-02-28,ST034,MED017,16.0,17,1.0
2026-02-28,ST034,MED018,8.0,12,4.0
2026-02-28,ST034,MED019,3.93,3,0.93
2026-02-28,ST034,MED020,8.86,8,0.86
2026-02-28,ST034,MED021,12.93,15,2.07
2026-02-28,ST034,MED022,8.86,8,0.86
2026-02-28,ST034,MED023,16.71,15,1.71
2026-02-28,ST034,MED024,15.14,15,0.14
2026-02-28,ST034,MED025,9.5,9,0.5
2026-02-28,ST034,MED026,14.5,15,0.5
2026-02-28,ST034,MED027,16.0,18,2.0
2026-02-28,ST034,MED028,9.0,12,3.0
2026-02-28,ST034,MED029,11.71,11,0.71
2026-02-28,ST034,MED030,7.0,8,1.0
2026-02-28,ST035,MED001,10.14,8,2.14
2026-02-28,ST035,MED002,8.14,20,11.86
2026-02-28,ST035,MED003,2.36,2,0.36
2026-02-28,ST035,MED004,6.5,8,1.5
2026-02-28,ST035,MED005,8.5,9,0.5
2026-02-28,ST035,MED006,8.64,13,4.36
2026-02-28,ST035,MED007,2.43,2,0.43
2026-02-28,ST035,MED008,1.71,4,2.29
2026-02-28,ST035,MED009,8.0,14,6.0
2026-02-28,ST035,MED010,2.86,2,0.86
2026-02-28,ST035,MED011,8.86,9,0.14
2026-02-28,ST035,MED012,8.64,5,3.64
2026-02-28,ST035,MED013,5.0,5,0.0
2026-02-28,ST035,MED014,4.29,0,4.29
2026-02-28,ST035,MED015,9.29,11,1.71
2026-02-28,ST035,MED016,6.14,6,0.14
2026-02-28,ST035,MED017,8.64,9,0.36
2026-02-28,ST035,MED018,3.0,5,2.0
2026-02-28,ST035,MED019,2.21,3,0.79
2026-02-28,ST035,MED020,7.29,6,1.29
2026-02-28,ST035,MED021,8.36,15,6.64
2026-02-28,ST035,MED022,5.21,3,2.21
2026-02-28,ST035,MED023,9.57,5,4.57
2026-02-28,ST035,MED024,10.0,18,8.0
2026-02-28,ST035,MED025,4.14,5,0.86
2026-02-28,ST035,MED026,8.5,9,0.5
2026-02-28,ST035,MED027,8.5,12,3.5
2026-02-28,ST035,MED028,4.0,8,4.0
2026-02-28,ST035,MED029,7.07,8,0.93
2026-02-28,ST035,MED030,3.29,6,2.71
2026-02-28,ST036,MED001,11.14,14,2.86
2026-02-28,ST036,MED002,9.79,10,0.21
2026-02-28,ST036,MED003,2.14,2,0.14
2026-02-28,ST036,MED004,8.14,6,2.14
2026-02-28,ST036,MED005,8.93,9,0.07
2026-02-28,ST036,MED006,8.79,10,1.21
2026-02-28,ST036,MED007,2.71,0,2.71
2026-02-28,ST036,MED008,2.71,4,1.29
2026-02-28,ST036,MED009,8.43,17,8.57
2026-02-28,ST036,MED010,4.0,5,1.0
2026-02-28,ST036,MED011,9.43,10,0.57
2026-02-28,ST036,MED012,8.5,7,1.5
2026-02-28,ST036,MED013,5.36,10,4.64
2026-02-28,ST036,MED014,5.57,5,0.57
2026-02-28,ST036,MED015,10.36,10,0.36
2026-02-28,ST036,MED016,6.29,9,2.71
2026-02-28,ST036,MED017,10.64,12,1.36
2026-02-28,ST036,MED018,5.79,6,0.21
2026-02-28,ST036,MED019,3.0,5,2.0
2026-02-28,ST036,MED020,6.36,7,0.64
2026-02-28,ST036,MED021,9.21,8,1.21
2026-02-28,ST036,MED022,6.0,6,0.0
2026-02-28,ST036,MED023,9.64,10,0.36
2026-02-28,ST036,MED024,10.64,10,0.64
2026-02-28,ST036,MED025,4.86,7,2.14
2026-02-28,ST036,MED026,8.93,11,2.07
2026-02-28,ST036,MED027,10.14,13,2.86
2026-02-28,ST036,MED028,5.36,9,3.64
2026-02-28,ST036,MED029,7.07,11,3.93
2026-02-28,ST036,MED030,5.14,8,2.86
2026-02-28,ST037,MED001,11.0,12,1.0
2026-02-28,ST037,MED002,10.43,12,1.57
2026-02-28,ST037,MED003,3.43,6,2.57
2026-02-28,ST037,MED004,7.64,11,3.36
2026-02-28,ST037,MED005,11.07,11,0.07
2026-02-28,ST037,MED006,10.07,11,0.93
2026-02-28,ST037,MED007,3.0,2,1.0
2026-02-28,ST037,MED008,2.86,3,0.14
2026-02-28,ST037,MED009,10.43,8,2.43
2026-02-28,ST037,MED010,3.64,6,2.36
2026-02-28,ST037,MED011,11.07,13,1.93
2026-02-28,ST037,MED012,10.0,14,4.0
2026-02-28,ST037,MED013,6.21,9,2.79
2026-02-28,ST037,MED014,5.14,6,0.86
2026-02-28,ST037,MED015,11.43,15,3.57
2026-02-28,ST037,MED016,7.0,8,1.0
2026-02-28,ST037,MED017,10.29,12,1.71
2026-02-28,ST037,MED018,6.14,10,3.86
2026-02-28,ST037,MED019,4.0,3,1.0
2026-02-28,ST037,MED020,7.07,8,0.93
2026-02-28,ST037,MED021,10.0,11,1.0
2026-02-28,ST037,MED022,6.5,7,0.5
2026-02-28,ST037,MED023,10.5,13,2.5
2026-02-28,ST037,MED024,12.14,13,0.86
2026-02-28,ST037,MED025,6.07,3,3.07
2026-02-28,ST037,MED026,11.0,10,1.0
2026-02-28,ST037,MED027,13.07,14,0.93
2026-02-28,ST037,MED028,5.86,6,0.14
2026-02-28,ST037,MED029,8.71,10,1.29
2026-02-28,ST037,MED030,4.79,4,0.79
2026-02-28,ST038,MED001,11.86,7,4.86
2026-02-28,ST038,MED002,10.86,10,0.86
2026-02-28,ST038,MED003,3.29,0,3.29
2026-02-28,ST038,MED004,8.93,12,3.07
2026-02-28,ST038,MED005,13.14,14,0.86
2026-02-28,ST038,MED006,11.07,12,0.93
2026-02-28,ST038,MED007,3.43,3,0.43
2026-02-28,ST038,MED008,3.0,8,5.0
2026-02-28,ST038,MED009,11.5,11,0.5
2026-02-28,ST038,MED010,4.71,4,0.71
2026-02-28,ST038,MED011,11.64,9,2.64
2026-02-28,ST038,MED012,11.29,9,2.29
2026-02-28,ST038,MED013,7.14,12,4.86
2026-02-28,ST038,MED014,5.43,5,0.43
2026-02-28,ST038,MED015,13.86,9,4.86
2026-02-28,ST038,MED016,6.71,9,2.29
2026-02-28,ST038,MED017,11.0,12,1.0
2026-02-28,ST038,MED018,6.64,8,1.36
2026-02-28,ST038,MED019,3.29,3,0.29
2026-02-28,ST038,MED020,7.36,4,3.36
2026-02-28,ST038,MED021,10.0,13,3.0
2026-02-28,ST038,MED022,7.5,9,1.5
2026-02-28,ST038,MED023,11.64,9,2.64
2026-02-28,ST038,MED024,12.43,14,1.57
2026-02-28,ST038,MED025,7.64,8,0.36
2026-02-28,ST038,MED026,11.79,14,2.21
2026-02-28,ST038,MED027,12.79,16,3.21
2026-02-28,ST038,MED028,5.21,7,1.79
2026-02-28,ST038,MED029,10.0,11,1.0
2026-02-28,ST038,MED030,4.64,7,2.36
2026-02-28,ST039,MED001,13.14,16,2.86
2026-02-28,ST039,MED002,12.57,10,2.57
2026-02-28,ST039,MED003,4.0,2,2.0
2026-02-28,ST039,MED004,10.21,7,3.21
2026-02-28,ST039,MED005,12.64,14,1.36
2026-02-28,ST039,MED006,13.07,13,0.07
2026-02-28,ST039,MED007,4.36,4,0.36
2026-02-28,ST039,MED008,4.07,3,1.07
2026-02-28,ST039,MED009,11.71,10,1.71
2026-02-28,ST039,MED010,5.36,6,0.64
2026-02-28,ST039,MED011,12.29,14,1.71
2026-02-28,ST039,MED012,12.0,12,0.0
2026-02-28,ST039,MED013,8.36,7,1.36
2026-02-28,ST039,MED014,6.93,6,0.93
2026-02-28,ST039,MED015,13.79,17,3.21
2026-02-28,ST039,MED016,8.0,9,1.0
2026-02-28,ST039,MED017,12.86,11,1.86
2026-02-28,ST039,MED018,7.57,6,1.57
2026-02-28,ST039,MED019,3.36,4,0.64
2026-02-28,ST039,MED020,7.79,10,2.21
2026-02-28,ST039,MED021,11.79,18,6.21
2026-02-28,ST039,MED022,7.21,13,5.79
2026-02-28,ST039,MED023,12.57,13,0.43
2026-02-28,ST039,MED024,14.07,17,2.93
2026-02-28,ST039,MED025,7.14,10,2.86
2026-02-28,ST039,MED026,12.36,13,0.64
2026-02-28,ST039,MED027,14.64,15,0.36
2026-02-28,ST039,MED028,6.64,9,2.36
2026-02-28,ST039,MED029,10.29,12,1.71
2026-02-28,ST039,MED030,5.93,8,2.07
2026-02-28,ST040,MED001,13.71,13,0.71
2026-02-28,ST040,MED002,13.0,15,2.0
2026-02-28,ST040,MED003,3.43,7,3.57
2026-02-28,ST040,MED004,10.29,6,4.29
2026-02-28,ST040,MED005,14.29,12,2.29
2026-02-28,ST040,MED006,12.0,10,2.0
2026-02-28,ST040,MED007,3.86,5,1.14
2026-02-28,ST040,MED008,3.36,6,2.64
2026-02-28,ST040,MED009,12.93,17,4.07
2026-02-28,ST040,MED010,5.29,8,2.71
2026-02-28,ST040,MED011,13.36,16,2.64
2026-02-28,ST040,MED012,12.57,13,0.43
2026-02-28,ST040,MED013,8.64,9,0.36
2026-02-28,ST040,MED014,7.93,6,1.93
2026-02-28,ST040,MED015,16.71,14,2.71
2026-02-28,ST040,MED016,8.57,15,6.43
2026-02-28,ST040,MED017,13.0,17,4.0
2026-02-28,ST040,MED018,7.07,10,2.93
2026-02-28,ST040,MED019,3.79,1,2.79
2026-02-28,ST040,MED020,8.14,12,3.86
2026-02-28,ST040,MED021,12.21,12,0.21
2026-02-28,ST040,MED022,7.36,10,2.64
2026-02-28,ST040,MED023,13.36,11,2.36
2026-02-28,ST040,MED024,15.64,14,1.64
2026-02-28,ST040,MED025,7.93,8,0.07
2026-02-28,ST040,MED026,13.21,16,2.79
2026-02-28,ST040,MED027,15.0,16,1.0
2026-02-28,ST040,MED028,7.36,8,0.64
2026-02-28,ST040,MED029,11.57,10,1.57
2026-02-28,ST040,MED030,6.29,7,0.71
2026-03-01,ST001,MED001,9.57,9,0.57
2026-03-01,ST001,MED002,8.86,11,2.14
2026-03-01,ST001,MED003,2.71,4,1.29
2026-03-01,ST001,MED004,6.86,6,0.86
2026-03-01,ST001,MED005,9.71,5,4.71
2026-03-01,ST001,MED006,8.79,11,2.21
2026-03-01,ST001,MED007,1.71,3,1.29
2026-03-01,ST001,MED008,2.5,2,0.5
2026-03-01,ST001,MED009,8.21,10,1.79
2026-03-01,ST001,MED010,3.57,6,2.43
2026-03-01,ST001,MED011,9.79,8,1.79
2026-03-01,ST001,MED012,8.93,10,1.07
2026-03-01,ST001,MED013,6.57,6,0.57
2026-03-01,ST001,MED014,4.57,6,1.43
2026-03-01,ST001,MED015,9.93,11,1.07
2026-03-01,ST001,MED016,6.64,7,0.36
2026-03-01,ST001,MED017,8.86,8,0.86
2026-03-01,ST001,MED018,5.71,4,1.71
2026-03-01,ST001,MED019,3.86,4,0.14
2026-03-01,ST001,MED020,6.43,10,3.57
2026-03-01,ST001,MED021,8.93,10,1.07
2026-03-01,ST001,MED022,6.0,7,1.0
2026-03-01,ST001,MED023,9.07,7,2.07
2026-03-01,ST001,MED024,10.21,10,0.21
2026-03-01,ST001,MED025,5.0,6,1.0
2026-03-01,ST001,MED026,10.29,8,2.29
2026-03-01,ST001,MED027,10.5,10,0.5
2026-03-01,ST001,MED028,5.43,5,0.43
2026-03-01,ST001,MED029,8.14,9,0.86
2026-03-01,ST001,MED030,4.14,4,0.14
2026-03-01,ST002,MED001,10.5,13,2.5
2026-03-01,ST002,MED002,9.43,10,0.57
2026-03-01,ST002,MED003,3.36,3,0.36
2026-03-01,ST002,MED004,8.29,8,0.29
2026-03-01,ST002,MED005,11.36,9,2.36
2026-03-01,ST002,MED006,9.86,10,0.14
2026-03-01,ST002,MED007,3.07,3,0.07
2026-03-01,ST002,MED008,3.36,0,3.36
2026-03-01,ST002,MED009,10.07,8,2.07
2026-03-01,ST002,MED010,3.71,4,0.29
2026-03-01,ST002,MED011,10.93,15,4.07
2026-03-01,ST002,MED012,9.71,10,0.29
2026-03-01,ST002,MED013,7.0,8,1.0
2026-03-01,ST002,MED014,5.5,9,3.5
2026-03-01,ST002,MED015,11.07,9,2.07
2026-03-01,ST002,MED016,8.0,4,4.0
2026-03-01,ST002,MED017,11.21,15,3.79
2026-03-01,ST002,MED018,5.07,10,4.93
2026-03-01,ST002,MED019,2.71,1,1.71
2026-03-01,ST002,MED020,6.21,9,2.79
2026-03-01,ST002,MED021,10.36,13,2.64
2026-03-01,ST002,MED022,7.57,5,2.57
2026-03-01,ST002,MED023,10.93,11,0.07
2026-03-01,ST002,MED024,12.0,13,1.0
2026-03-01,ST002,MED025,5.93,5,0.93
2026-03-01,ST002,MED026,11.07,9,2.07
2026-03-01,ST002,MED027,11.79,17,5.21
2026-03-01,ST002,MED028,6.29,3,3.29
2026-03-01,ST002,MED029,8.64,9,0.36
2026-03-01,ST002,MED030,4.86,4,0.86
2026-03-01,ST003,MED001,11.71,14,2.29
2026-03-01,ST003,MED002,11.86,12,0.14
2026-03-01,ST003,MED003,2.36,1,1.36
2026-03-01,ST003,MED004,8.29,11,2.71
2026-03-01,ST003,MED005,12.5,15,2.5
2026-03-01,ST003,MED006,10.79,12,1.21
2026-03-01,ST003,MED007,3.36,3,0.36
2026-03-01,ST003,MED008,3.07,3,0.07
2026-03-01,ST003,MED009,10.86,12,1.14
2026-03-01,ST003,MED010,4.5,5,0.5
2026-03-01,ST003,MED011,11.93,10,1.93
2026-03-01,ST003,MED012,9.86,7,2.86
2026-03-01,ST003,MED013,7.71,10,2.29
2026-03-01,ST003,MED014,4.71,5,0.29
2026-03-01,ST003,MED015,13.43,14,0.57
2026-03-01,ST003,MED016,7.29,6,1.29
2026-03-01,ST003,MED017,10.93,9,1.93
2026-03-01,ST003,MED018,5.71,9,3.29
2026-03-01,ST003,MED019,3.43,6,2.57
2026-03-01,ST003,MED020,6.71,6,0.71
2026-03-01,ST003,MED021,9.71,10,0.29
2026-03-01,ST003,MED022,7.29,8,0.71
2026-03-01,ST003,MED023,11.21,9,2.21
2026-03-01,ST003,MED024,13.5,19,5.5
2026-03-01,ST003,MED025,6.71,10,3.29
2026-03-01,ST003,MED026,12.07,13,0.93
2026-03-01,ST003,MED027,12.57,13,0.43
2026-03-01,ST003,MED028,5.64,6,0.36
2026-03-01,ST003,MED029,9.36,10,0.64
2026-03-01,ST003,MED030,5.14,8,2.86
2026-03-01,ST004,MED001,12.14,15,2.86
2026-03-01,ST004,MED002,11.64,13,1.36
2026-03-01,ST004,MED003,2.5,4,1.5
2026-03-01,ST004,MED004,9.14,9,0.14
2026-03-01,ST004,MED005,12.79,13,0.21
2026-03-01,ST004,MED006,10.5,11,0.5
2026-03-01,ST004,MED007,3.79,2,1.79
2026-03-01,ST004,MED008,4.43,4,0.43
2026-03-01,ST004,MED009,13.86,9,4.86
2026-03-01,ST004,MED010,3.79,6,2.21
2026-03-01,ST004,MED011,12.07,15,2.93
2026-03-01,ST004,MED012,11.07,11,0.07
2026-03-01,ST004,MED013,7.86,12,4.14
2026-03-01,ST004,MED014,5.64,9,3.36
2026-03-01,ST004,MED015,15.07,17,1.93
2026-03-01,ST004,MED016,7.79,10,2.21
2026-03-01,ST004,MED017,12.0,13,1.0
2026-03-01,ST004,MED018,7.43,10,2.57
2026-03-01,ST004,MED019,3.57,3,0.57
2026-03-01,ST004,MED020,7.93,8,0.07
2026-03-01,ST004,MED021,11.57,13,1.43
2026-03-01,ST004,MED022,9.0,8,1.0
2026-03-01,ST004,MED023,12.71,11,1.71
2026-03-01,ST004,MED024,14.29,19,4.71
2026-03-01,ST004,MED025,6.43,8,1.57
2026-03-01,ST004,MED026,13.0,15,2.0
2026-03-01,ST004,MED027,14.36,16,1.64
2026-03-01,ST004,MED028,8.0,11,3.0
2026-03-01,ST004,MED029,10.71,12,1.29
2026-03-01,ST004,MED030,5.93,8,2.07
2026-03-01,ST005,MED001,13.43,15,1.57
2026-03-01,ST005,MED002,14.43,18,3.57
2026-03-01,ST005,MED003,3.0,2,1.0
2026-03-01,ST005,MED004,10.21,11,0.79
2026-03-01,ST005,MED005,13.93,15,1.07
2026-03-01,ST005,MED006,12.07,9,3.07
2026-03-01,ST005,MED007,3.57,4,0.43
2026-03-01,ST005,MED008,4.07,6,1.93
2026-03-01,ST005,MED009,13.0,12,1.0
2026-03-01,ST005,MED010,5.5,2,3.5
2026-03-01,ST005,MED011,13.71,21,7.29
2026-03-01,ST005,MED012,11.64,11,0.64
2026-03-01,ST005,MED013,9.07,10,0.93
2026-03-01,ST005,MED014,6.21,6,0.21
2026-03-01,ST005,MED015,16.5,15,1.5
2026-03-01,ST005,MED016,8.43,11,2.57
2026-03-01,ST005,MED017,13.57,15,1.43
2026-03-01,ST005,MED018,6.64,8,1.36
2026-03-01,ST005,MED019,3.86,5,1.14
2026-03-01,ST005,MED020,8.79,14,5.21
2026-03-01,ST005,MED021,12.71,11,1.71
2026-03-01,ST005,MED022,9.29,14,4.71
2026-03-01,ST005,MED023,13.5,14,0.5
2026-03-01,ST005,MED024,15.07,19,3.93
2026-03-01,ST005,MED025,7.29,11,3.71
2026-03-01,ST005,MED026,14.14,13,1.14
2026-03-01,ST005,MED027,14.29,17,2.71
2026-03-01,ST005,MED028,7.71,6,1.71
2026-03-01,ST005,MED029,10.86,11,0.14
2026-03-01,ST005,MED030,5.93,9,3.07
2026-03-01,ST006,MED001,14.29,13,1.29
2026-03-01,ST006,MED002,15.71,16,0.29
2026-03-01,ST006,MED003,4.14,8,3.86
2026-03-01,ST006,MED004,10.29,25,14.71
2026-03-01,ST006,MED005,13.93,18,4.07
2026-03-01,ST006,MED006,13.57,16,2.43
2026-03-01,ST006,MED007,4.93,4,0.93
2026-03-01,ST006,MED008,4.21,5,0.79
2026-03-01,ST006,MED009,14.21,13,1.21
2026-03-01,ST006,MED010,5.29,7,1.71
2026-03-01,ST006,MED011,15.64,16,0.36
2026-03-01,ST006,MED012,13.21,15,1.79
2026-03-01,ST006,MED013,10.64,7,3.64
2026-03-01,ST006,MED014,7.0,10,3.0
2026-03-01,ST006,MED015,18.07,16,2.07
2026-03-01,ST006,MED016,9.29,14,4.71
2026-03-01,ST006,MED017,13.79,12,1.79
2026-03-01,ST006,MED018,7.71,8,0.29
2026-03-01,ST006,MED019,2.86,4,1.14
2026-03-01,ST006,MED020,8.71,6,2.71
2026-03-01,ST006,MED021,13.07,16,2.93
2026-03-01,ST006,MED022,10.07,9,1.07
2026-03-01,ST006,MED023,14.07,15,0.93
2026-03-01,ST006,MED024,15.43,17,1.57
2026-03-01,ST006,MED025,8.43,7,1.43
2026-03-01,ST006,MED026,16.14,13,3.14
2026-03-01,ST006,MED027,15.43,15,0.43
2026-03-01,ST006,MED028,8.43,8,0.43
2026-03-01,ST006,MED029,12.07,13,0.93
2026-03-01,ST006,MED030,6.57,5,1.57
2026-03-01,ST007,MED001,8.14,10,1.86
2026-03-01,ST007,MED002,7.93,11,3.07
2026-03-01,ST007,MED003,2.29,5,2.71
2026-03-01,ST007,MED004,5.86,7,1.14
2026-03-01,ST007,MED005,7.43,11,3.57
2026-03-01,ST007,MED006,7.07,12,4.93
2026-03-01,ST007,MED007,3.07,6,2.93
2026-03-01,ST007,MED008,2.0,0,2.0
2026-03-01,ST007,MED009,8.57,10,1.43
2026-03-01,ST007,MED010,3.29,3,0.29
2026-03-01,ST007,MED011,8.86,9,0.14
2026-03-01,ST007,MED012,7.79,8,0.21
2026-03-01,ST007,MED013,5.79,9,3.21
2026-03-01,ST007,MED014,5.07,0,5.07
2026-03-01,ST007,MED015,9.07,10,0.93
2026-03-01,ST007,MED016,5.79,7,1.21
2026-03-01,ST007,MED017,8.71,3,5.71
2026-03-01,ST007,MED018,5.5,7,1.5
2026-03-01,ST007,MED019,2.71,3,0.29
2026-03-01,ST007,MED020,4.36,4,0.36
2026-03-01,ST007,MED021,8.43,9,0.57
2026-03-01,ST007,MED022,6.21,5,1.21
2026-03-01,ST007,MED023,8.29,10,1.71
2026-03-01,ST007,MED024,10.07,9,1.07
2026-03-01,ST007,MED025,4.64,6,1.36
2026-03-01,ST007,MED026,8.57,9,0.43
2026-03-01,ST007,MED027,8.21,11,2.79
2026-03-01,ST007,MED028,4.93,2,2.93
2026-03-01,ST007,MED029,6.86,8,1.14
2026-03-01,ST007,MED030,4.07,2,2.07
2026-03-01,ST008,MED001,9.64,12,2.36
2026-03-01,ST008,MED002,10.86,10,0.86
2026-03-01,ST008,MED003,2.21,3,0.79
2026-03-01,ST008,MED004,6.93,10,3.07
2026-03-01,ST008,MED005,9.29,9,0.29
2026-03-01,ST008,MED006,8.36,6,2.36
2026-03-01,ST008,MED007,3.21,3,0.21
2026-03-01,ST008,MED008,3.86,4,0.14
2026-03-01,ST008,MED009,9.0,9,0.0
2026-03-01,ST008,MED010,4.0,5,1.0
2026-03-01,ST008,MED011,9.93,11,1.07
2026-03-01,ST008,MED012,9.14,9,0.14
2026-03-01,ST008,MED013,6.64,6,0.64
2026-03-01,ST008,MED014,5.64,4,1.64
2026-03-01,ST008,MED015,10.64,12,1.36
2026-03-01,ST008,MED016,6.86,4,2.86
2026-03-01,ST008,MED017,11.36,8,3.36
2026-03-01,ST008,MED018,4.29,8,3.71
2026-03-01,ST008,MED019,3.07,3,0.07
2026-03-01,ST008,MED020,7.43,8,0.57
2026-03-01,ST008,MED021,8.57,8,0.57
2026-03-01,ST008,MED022,4.21,6,1.79
2026-03-01,ST008,MED023,11.29,10,1.29
2026-03-01,ST008,MED024,10.36,12,1.64
2026-03-01,ST008,MED025,4.36,5,0.64
2026-03-01,ST008,MED026,11.21,13,1.79
2026-03-01,ST008,MED027,9.79,11,1.21
2026-03-01,ST008,MED028,4.79,5,0.21
2026-03-01,ST008,MED029,7.71,4,3.71
2026-03-01,ST008,MED030,3.36,3,0.36
2026-03-01,ST009,MED001,10.93,12,1.07
2026-03-01,ST009,MED002,10.79,6,4.79
2026-03-01,ST009,MED003,2.64,2,0.64
2026-03-01,ST009,MED004,7.5,11,3.5
2026-03-01,ST009,MED005,11.79,15,3.21
2026-03-01,ST009,MED006,9.79,13,3.21
2026-03-01,ST009,MED007,2.86,3,0.14
2026-03-01,ST009,MED008,2.79,6,3.21
2026-03-01,ST009,MED009,8.64,9,0.36
2026-03-01,ST009,MED010,3.07,3,0.07
2026-03-01,ST009,MED011,11.43,8,3.43
2026-03-01,ST009,MED012,9.29,9,0.29
2026-03-01,ST009,MED013,7.36,6,1.36
2026-03-01,ST009,MED014,4.64,3,1.64
2026-03-01,ST009,MED015,12.14,9,3.14
2026-03-01,ST009,MED016,7.71,10,2.29
2026-03-01,ST009,MED017,11.07,10,1.07
2026-03-01,ST009,MED018,6.21,5,1.21
2026-03-01,ST009,MED019,2.64,6,3.36
2026-03-01,ST009,MED020,7.07,11,3.93
2026-03-01,ST009,MED021,9.29,10,0.71
2026-03-01,ST009,MED022,6.71,8,1.29
2026-03-01,ST009,MED023,11.14,12,0.86
2026-03-01,ST009,MED024,11.57,11,0.57
2026-03-01,ST009,MED025,6.29,8,1.71
2026-03-01,ST009,MED026,11.21,9,2.21
2026-03-01,ST009,MED027,11.93,15,3.07
2026-03-01,ST009,MED028,6.07,7,0.93
2026-03-01,ST009,MED029,8.79,10,1.21
2026-03-01,ST009,MED030,5.29,7,1.71
2026-03-01,ST010,MED001,11.64,16,4.36
2026-03-01,ST010,MED002,11.14,12,0.86
2026-03-01,ST010,MED003,3.86,6,2.14
2026-03-01,ST010,MED004,7.57,15,7.43
2026-03-01,ST010,MED005,10.71,15,4.29
2026-03-01,ST010,MED006,10.86,6,4.86
2026-03-01,ST010,MED007,4.93,2,2.93
2026-03-01,ST010,MED008,2.21,3,0.79
2026-03-01,ST010,MED009,9.86,15,5.14
2026-03-01,ST010,MED010,3.71,9,5.29
2026-03-01,ST010,MED011,12.14,12,0.14
2026-03-01,ST010,MED012,11.21,9,2.21
2026-03-01,ST010,MED013,7.79,8,0.21
2026-03-01,ST010,MED014,4.93,11,6.07
2026-03-01,ST010,MED015,14.29,13,1.29
2026-03-01,ST010,MED016,6.36,11,4.64
2026-03-01,ST010,MED017,10.93,14,3.07
2026-03-01,ST010,MED018,6.5,9,2.5
2026-03-01,ST010,MED019,2.57,2,0.57
2026-03-01,ST010,MED020,8.79,8,0.79
2026-03-01,ST010,MED021,10.64,11,0.36
2026-03-01,ST010,MED022,8.43,7,1.43
2026-03-01,ST010,MED023,10.93,14,3.07
2026-03-01,ST010,MED024,12.14,10,2.14
2026-03-01,ST010,MED025,5.64,4,1.64
2026-03-01,ST010,MED026,12.14,14,1.86
2026-03-01,ST010,MED027,12.21,15,2.79
2026-03-01,ST010,MED028,5.36,7,1.64
2026-03-01,ST010,MED029,9.86,13,3.14
2026-03-01,ST010,MED030,5.93,4,1.93
2026-03-01,ST011,MED001,12.29,11,1.29
2026-03-01,ST011,MED002,14.14,14,0.14
2026-03-01,ST011,MED003,4.36,4,0.36
2026-03-01,ST011,MED004,7.07,8,0.93
2026-03-01,ST011,MED005,13.29,13,0.29
2026-03-01,ST011,MED006,11.21,12,0.79
2026-03-01,ST011,MED007,2.5,5,2.5
2026-03-01,ST011,MED008,4.36,3,1.36
2026-03-01,ST011,MED009,12.14,13,0.86
2026-03-01,ST011,MED010,5.21,2,3.21
2026-03-01,ST011,MED011,12.93,10,2.93
2026-03-01,ST011,MED012,12.29,14,1.71
2026-03-01,ST011,MED013,7.57,10,2.43
2026-03-01,ST011,MED014,5.43,7,1.57
2026-03-01,ST011,MED015,13.79,16,2.21
2026-03-01,ST011,MED016,7.64,9,1.36
2026-03-01,ST011,MED017,13.14,14,0.86
2026-03-01,ST011,MED018,6.5,7,0.5
2026-03-01,ST011,MED019,5.07,7,1.93
2026-03-01,ST011,MED020,6.71,8,1.29
2026-03-01,ST011,MED021,11.0,10,1.0
2026-03-01,ST011,MED022,7.5,8,0.5
2026-03-01,ST011,MED023,12.5,14,1.5
2026-03-01,ST011,MED024,13.64,17,3.36
2026-03-01,ST011,MED025,6.29,7,0.71
2026-03-01,ST011,MED026,13.0,20,7.0
2026-03-01,ST011,MED027,13.43,19,5.57
2026-03-01,ST011,MED028,7.36,8,0.64
2026-03-01,ST011,MED029,11.07,10,1.07
2026-03-01,ST011,MED030,5.93,6,0.07
2026-03-01,ST012,MED001,12.93,14,1.07
2026-03-01,ST012,MED002,13.93,13,0.93
2026-03-01,ST012,MED003,3.07,7,3.93
2026-03-01,ST012,MED004,9.57,8,1.57
2026-03-01,ST012,MED005,14.57,16,1.43
2026-03-01,ST012,MED006,11.36,9,2.36
2026-03-01,ST012,MED007,3.43,2,1.43
2026-03-01,ST012,MED008,3.79,6,2.21
2026-03-01,ST012,MED009,13.43,11,2.43
2026-03-01,ST012,MED010,5.14,8,2.86
2026-03-01,ST012,MED011,14.0,15,1.0
2026-03-01,ST012,MED012,13.21,14,0.79
2026-03-01,ST012,MED013,8.57,12,3.43
2026-03-01,ST012,MED014,6.71,9,2.29
2026-03-01,ST012,MED015,14.86,14,0.86
2026-03-01,ST012,MED016,9.93,9,0.93
2026-03-01,ST012,MED017,15.07,15,0.07
2026-03-01,ST012,MED018,9.0,5,4.0
2026-03-01,ST012,MED019,4.21,3,1.21
2026-03-01,ST012,MED020,8.21,11,2.79
2026-03-01,ST012,MED021,12.43,14,1.57
2026-03-01,ST012,MED022,8.07,13,4.93
2026-03-01,ST012,MED023,13.43,20,6.57
2026-03-01,ST012,MED024,14.79,17,2.21
2026-03-01,ST012,MED025,7.36,6,1.36
2026-03-01,ST012,MED026,14.64,18,3.36
2026-03-01,ST012,MED027,13.86,19,5.14
2026-03-01,ST012,MED028,6.93,9,2.07
2026-03-01,ST012,MED029,12.29,11,1.29
2026-03-01,ST012,MED030,6.43,7,0.57
2026-03-01,ST013,MED001,15.64,19,3.36
2026-03-01,ST013,MED002,15.29,17,1.71
2026-03-01,ST013,MED003,4.14,9,4.86
2026-03-01,ST013,MED004,11.0,11,0.0
2026-03-01,ST013,MED005,15.93,15,0.93
2026-03-01,ST013,MED006,14.29,13,1.29
2026-03-01,ST013,MED007,4.0,7,3.0
2026-03-01,ST013,MED008,4.14,3,1.14
2026-03-01,ST013,MED009,12.93,14,1.07
2026-03-01,ST013,MED010,4.57,1,3.57
2026-03-01,ST013,MED011,14.93,16,1.07
2026-03-01,ST013,MED012,14.21,16,1.79
2026-03-01,ST013,MED013,10.43,12,1.57
2026-03-01,ST013,MED014,7.5,6,1.5
2026-03-01,ST013,MED015,16.57,18,1.43
2026-03-01,ST013,MED016,9.36,10,0.64
2026-03-01,ST013,MED017,14.79,14,0.79
2026-03-01,ST013,MED018,8.0,8,0.0
2026-03-01,ST013,MED019,3.64,4,0.36
2026-03-01,ST013,MED020,10.93,12,1.07
2026-03-01,ST013,MED021,13.86,17,3.14
2026-03-01,ST013,MED022,9.29,8,1.29
2026-03-01,ST013,MED023,15.14,15,0.14
2026-03-01,ST013,MED024,17.71,20,2.29
2026-03-01,ST013,MED025,9.5,9,0.5
2026-03-01,ST013,MED026,14.29,13,1.29
2026-03-01,ST013,MED027,17.14,16,1.14
2026-03-01,ST013,MED028,8.86,5,3.86
2026-03-01,ST013,MED029,12.07,12,0.07
2026-03-01,ST013,MED030,7.0,5,2.0
2026-03-01,ST014,MED001,8.5,10,1.5
2026-03-01,ST014,MED002,9.29,12,2.71
2026-03-01,ST014,MED003,1.79,0,1.79
2026-03-01,ST014,MED004,6.21,6,0.21
2026-03-01,ST014,MED005,9.29,9,0.29
2026-03-01,ST014,MED006,9.79,7,2.79
2026-03-01,ST014,MED007,2.0,0,2.0
2026-03-01,ST014,MED008,3.71,0,3.71
2026-03-01,ST014,MED009,7.64,8,0.36
2026-03-01,ST014,MED010,3.86,3,0.86
2026-03-01,ST014,MED011,9.93,9,0.93
2026-03-01,ST014,MED012,6.86,5,1.86
2026-03-01,ST014,MED013,5.07,7,1.93
2026-03-01,ST014,MED014,2.43,2,0.43
2026-03-01,ST014,MED015,9.07,12,2.93
2026-03-01,ST014,MED016,5.93,7,1.07
2026-03-01,ST014,MED017,8.71,8,0.71
2026-03-01,ST014,MED018,4.43,6,1.57
2026-03-01,ST014,MED019,3.43,0,3.43
2026-03-01,ST014,MED020,5.29,7,1.71
2026-03-01,ST014,MED021,8.14,6,2.14
2026-03-01,ST014,MED022,5.43,4,1.43
2026-03-01,ST014,MED023,8.5,10,1.5
2026-03-01,ST014,MED024,8.07,13,4.93
2026-03-01,ST014,MED025,4.86,5,0.14
2026-03-01,ST014,MED026,8.14,6,2.14
2026-03-01,ST014,MED027,9.93,10,0.07
2026-03-01,ST014,MED028,4.64,3,1.64
2026-03-01,ST014,MED029,8.14,10,1.86
2026-03-01,ST014,MED030,4.43,5,0.57
2026-03-01,ST015,MED001,9.93,19,9.07
2026-03-01,ST015,MED002,10.79,10,0.79
2026-03-01,ST015,MED003,3.14,3,0.14
2026-03-01,ST015,MED004,7.29,8,0.71
2026-03-01,ST015,MED005,8.36,11,2.64
2026-03-01,ST015,MED006,8.21,10,1.79
2026-03-01,ST015,MED007,2.21,7,4.79
2026-03-01,ST015,MED008,2.79,5,2.21
2026-03-01,ST015,MED009,8.29,9,0.71
2026-03-01,ST015,MED010,2.93,4,1.07
2026-03-01,ST015,MED011,10.0,12,2.0
2026-03-01,ST015,MED012,9.64,8,1.64
2026-03-01,ST015,MED013,5.29,6,0.71
2026-03-01,ST015,MED014,3.93,5,1.07
2026-03-01,ST015,MED015,11.86,9,2.86
2026-03-01,ST015,MED016,6.57,4,2.57
2026-03-01,ST015,MED017,9.0,10,1.0
2026-03-01,ST015,MED018,4.5,7,2.5
2026-03-01,ST015,MED019,2.29,1,1.29
2026-03-01,ST015,MED020,6.07,2,4.07
2026-03-01,ST015,MED021,8.86,10,1.14
2026-03-01,ST015,MED022,6.86,7,0.14
2026-03-01,ST015,MED023,9.86,12,2.14
2026-03-01,ST015,MED024,10.57,14,3.43
2026-03-01,ST015,MED025,5.29,5,0.29
2026-03-01,ST015,MED026,8.71,12,3.29
2026-03-01,ST015,MED027,10.86,13,2.14
2026-03-01,ST015,MED028,6.36,6,0.36
2026-03-01,ST015,MED029,7.79,6,1.79
2026-03-01,ST015,MED030,4.07,5,0.93
2026-03-01,ST016,MED001,10.86,20,9.14
2026-03-01,ST016,MED002,10.0,11,1.0
2026-03-01,ST016,MED003,3.79,3,0.79
2026-03-01,ST016,MED004,7.43,8,0.57
2026-03-01,ST016,MED005,10.43,11,0.57
2026-03-01,ST016,MED006,9.64,10,0.36
2026-03-01,ST016,MED007,2.43,3,0.57
2026-03-01,ST016,MED008,3.5,6,2.5
2026-03-01,ST016,MED009,9.71,9,0.71
2026-03-01,ST016,MED010,4.14,3,1.14
2026-03-01,ST016,MED011,10.71,8,2.71
2026-03-01,ST016,MED012,10.0,10,0.0
2026-03-01,ST016,MED013,7.0,5,2.0
2026-03-01,ST016,MED014,5.43,5,0.43
2026-03-01,ST016,MED015,13.07,11,2.07
2026-03-01,ST016,MED016,6.79,5,1.79
2026-03-01,ST016,MED017,9.79,11,1.21
2026-03-01,ST016,MED018,6.14,5,1.14
2026-03-01,ST016,MED019,3.36,5,1.64
2026-03-01,ST016,MED020,7.71,8,0.29
2026-03-01,ST016,MED021,10.07,10,0.07
2026-03-01,ST016,MED022,6.93,7,0.07
2026-03-01,ST016,MED023,10.93,12,1.07
2026-03-01,ST016,MED024,11.64,11,0.64
2026-03-01,ST016,MED025,6.36,8,1.64
2026-03-01,ST016,MED026,10.43,11,0.57
2026-03-01,ST016,MED027,11.86,13,1.14
2026-03-01,ST016,MED028,6.21,10,3.79
2026-03-01,ST016,MED029,8.29,7,1.29
2026-03-01,ST016,MED030,6.0,6,0.0
2026-03-01,ST017,MED001,11.93,10,1.93
2026-03-01,ST017,MED002,11.57,14,2.43
2026-03-01,ST017,MED003,3.0,4,1.0
2026-03-01,ST017,MED004,8.0,8,0.0
2026-03-01,ST017,MED005,11.71,14,2.29
2026-03-01,ST017,MED006,10.64,12,1.36
2026-03-01,ST017,MED007,2.43,2,0.43
2026-03-01,ST017,MED008,4.29,0,4.29
2026-03-01,ST017,MED009,11.36,8,3.36
2026-03-01,ST017,MED010,4.64,6,1.36
2026-03-01,ST017,MED011,12.14,9,3.14
2026-03-01,ST017,MED012,10.93,11,0.07
2026-03-01,ST017,MED013,6.86,4,2.86
2026-03-01,ST017,MED014,5.5,1,4.5
2026-03-01,ST017,MED015,13.71,16,2.29
2026-03-01,ST017,MED016,6.79,7,0.21
2026-03-01,ST017,MED017,11.14,12,0.86
2026-03-01,ST017,MED018,5.43,8,2.57
2026-03-01,ST017,MED019,2.36,4,1.64
2026-03-01,ST017,MED020,7.0,3,4.0
2026-03-01,ST017,MED021,12.14,12,0.14
2026-03-01,ST017,MED022,6.57,8,1.43
2026-03-01,ST017,MED023,11.36,14,2.64
2026-03-01,ST017,MED024,12.57,13,0.43
2026-03-01,ST017,MED025,6.29,6,0.29
2026-03-01,ST017,MED026,12.36,16,3.64
2026-03-01,ST017,MED027,13.0,15,2.0
2026-03-01,ST017,MED028,5.86,8,2.14
2026-03-01,ST017,MED029,8.43,11,2.57
2026-03-01,ST017,MED030,5.14,1,4.14
2026-03-01,ST018,MED001,12.79,17,4.21
2026-03-01,ST018,MED002,13.71,12,1.71
2026-03-01,ST018,MED003,3.5,5,1.5
2026-03-01,ST018,MED004,9.29,13,3.71
2026-03-01,ST018,MED005,13.43,16,2.57
2026-03-01,ST018,MED006,12.57,13,0.43
2026-03-01,ST018,MED007,4.07,3,1.07
2026-03-01,ST018,MED008,3.43,5,1.57
2026-03-01,ST018,MED009,12.29,10,2.29
2026-03-01,ST018,MED010,4.43,5,0.57
2026-03-01,ST018,MED011,14.0,14,0.0
2026-03-01,ST018,MED012,11.93,14,2.07
2026-03-01,ST018,MED013,7.93,8,0.07
2026-03-01,ST018,MED014,7.29,4,3.29
2026-03-01,ST018,MED015,14.5,15,0.5
2026-03-01,ST018,MED016,7.36,7,0.36
2026-03-01,ST018,MED017,11.21,15,3.79
2026-03-01,ST018,MED018,6.36,7,0.64
2026-03-01,ST018,MED019,4.36,1,3.36
2026-03-01,ST018,MED020,7.57,8,0.43
2026-03-01,ST018,MED021,11.43,13,1.57
2026-03-01,ST018,MED022,8.14,9,0.86
2026-03-01,ST018,MED023,13.36,13,0.36
2026-03-01,ST018,MED024,13.64,14,0.36
2026-03-01,ST018,MED025,6.29,10,3.71
2026-03-01,ST018,MED026,13.43,11,2.43
2026-03-01,ST018,MED027,12.86,16,3.14
2026-03-01,ST018,MED028,7.36,10,2.64
2026-03-01,ST018,MED029,9.79,9,0.79
2026-03-01,ST018,MED030,6.5,8,1.5
2026-03-01,ST019,MED001,12.79,18,5.21
2026-03-01,ST019,MED002,14.36,19,4.64
2026-03-01,ST019,MED003,5.0,4,1.0
2026-03-01,ST019,MED004,9.79,11,1.21
2026-03-01,ST019,MED005,14.86,13,1.86
2026-03-01,ST019,MED006,13.21,15,1.79
2026-03-01,ST019,MED007,3.79,6,2.21
2026-03-01,ST019,MED008,4.29,4,0.29
2026-03-01,ST019,MED009,12.79,14,1.21
2026-03-01,ST019,MED010,5.36,3,2.36
2026-03-01,ST019,MED011,14.79,11,3.79
2026-03-01,ST019,MED012,12.21,17,4.79
2026-03-01,ST019,MED013,8.43,10,1.57
2026-03-01,ST019,MED014,5.5,4,1.5
2026-03-01,ST019,MED015,14.71,17,2.29
2026-03-01,ST019,MED016,8.29,10,1.71
2026-03-01,ST019,MED017,13.93,27,13.07
2026-03-01,ST019,MED018,7.79,7,0.79
2026-03-01,ST019,MED019,3.93,7,3.07
2026-03-01,ST019,MED020,8.64,11,2.36
2026-03-01,ST019,MED021,11.14,15,3.86
2026-03-01,ST019,MED022,9.07,10,0.93
2026-03-01,ST019,MED023,13.5,14,0.5
2026-03-01,ST019,MED024,16.21,16,0.21
2026-03-01,ST019,MED025,7.43,3,4.43
2026-03-01,ST019,MED026,14.79,14,0.79
2026-03-01,ST019,MED027,14.29,20,5.71
2026-03-01,ST019,MED028,7.29,8,0.71
2026-03-01,ST019,MED029,10.93,15,4.07
2026-03-01,ST019,MED030,6.64,8,1.36
2026-03-01,ST020,MED001,14.93,18,3.07
2026-03-01,ST020,MED002,13.93,16,2.07
2026-03-01,ST020,MED003,3.71,5,1.29
2026-03-01,ST020,MED004,9.79,8,1.79
2026-03-01,ST020,MED005,14.29,19,4.71
2026-03-01,ST020,MED006,12.57,16,3.43
2026-03-01,ST020,MED007,4.07,3,1.07
2026-03-01,ST020,MED008,4.36,6,1.64
2026-03-01,ST020,MED009,13.43,13,0.43
2026-03-01,ST020,MED010,5.29,5,0.29
2026-03-01,ST020,MED011,14.43,16,1.57
2026-03-01,ST020,MED012,13.36,14,0.64
2026-03-01,ST020,MED013,9.93,6,3.93
2026-03-01,ST020,MED014,7.14,7,0.14
2026-03-01,ST020,MED015,15.5,18,2.5
2026-03-01,ST020,MED016,9.86,10,0.14
2026-03-01,ST020,MED017,15.57,19,3.43
2026-03-01,ST020,MED018,8.14,7,1.14
2026-03-01,ST020,MED019,5.0,4,1.0
2026-03-01,ST020,MED020,8.64,11,2.36
2026-03-01,ST020,MED021,14.71,14,0.71
2026-03-01,ST020,MED022,9.79,12,2.21
2026-03-01,ST020,MED023,14.64,13,1.64
2026-03-01,ST020,MED024,16.36,17,0.64
2026-03-01,ST020,MED025,7.43,9,1.57
2026-03-01,ST020,MED026,14.29,16,1.71
2026-03-01,ST020,MED027,17.14,17,0.14
2026-03-01,ST020,MED028,7.79,7,0.79
2026-03-01,ST020,MED029,11.5,14,2.5
2026-03-01,ST020,MED030,6.36,7,0.64
2026-03-01,ST021,MED001,8.5,4,4.5
2026-03-01,ST021,MED002,7.93,8,0.07
2026-03-01,ST021,MED003,2.57,4,1.43
2026-03-01,ST021,MED004,5.64,3,2.64
2026-03-01,ST021,MED005,8.07,14,5.93
2026-03-01,ST021,MED006,8.36,6,2.36
2026-03-01,ST021,MED007,2.29,1,1.29
2026-03-01,ST021,MED008,3.29,3,0.29
2026-03-01,ST021,MED009,8.21,9,0.79
2026-03-01,ST021,MED010,3.36,7,3.64
2026-03-01,ST021,MED011,9.0,10,1.0
2026-03-01,ST021,MED012,8.21,9,0.79
2026-03-01,ST021,MED013,5.57,6,0.43
2026-03-01,ST021,MED014,5.07,3,2.07
2026-03-01,ST021,MED015,9.0,12,3.0
2026-03-01,ST021,MED016,5.71,7,1.29
2026-03-01,ST021,MED017,8.0,12,4.0
2026-03-01,ST021,MED018,5.5,4,1.5
2026-03-01,ST021,MED019,2.57,4,1.43
2026-03-01,ST021,MED020,5.0,7,2.0
2026-03-01,ST021,MED021,7.0,7,0.0
2026-03-01,ST021,MED022,5.21,6,0.79
2026-03-01,ST021,MED023,8.79,7,1.79
2026-03-01,ST021,MED024,9.21,11,1.79
2026-03-01,ST021,MED025,3.86,5,1.14
2026-03-01,ST021,MED026,8.36,10,1.64
2026-03-01,ST021,MED027,9.71,10,0.29
2026-03-01,ST021,MED028,4.21,6,1.79
2026-03-01,ST021,MED029,8.07,10,1.93
2026-03-01,ST021,MED030,3.64,5,1.36
2026-03-01,ST022,MED001,10.57,12,1.43
2026-03-01,ST022,MED002,8.57,12,3.43
2026-03-01,ST022,MED003,3.0,2,1.0
2026-03-01,ST022,MED004,7.71,6,1.71
2026-03-01,ST022,MED005,10.14,12,1.86
2026-03-01,ST022,MED006,8.21,9,0.79
2026-03-01,ST022,MED007,3.21,5,1.79
2026-03-01,ST022,MED008,2.36,2,0.36
2026-03-01,ST022,MED009,9.43,9,0.43
2026-03-01,ST022,MED010,2.79,0,2.79
2026-03-01,ST022,MED011,10.29,11,0.71
2026-03-01,ST022,MED012,8.64,7,1.64
2026-03-01,ST022,MED013,5.57,6,0.43
2026-03-01,ST022,MED014,5.5,6,0.5
2026-03-01,ST022,MED015,10.07,12,1.93
2026-03-01,ST022,MED016,5.71,6,0.29
2026-03-01,ST022,MED017,8.5,12,3.5
2026-03-01,ST022,MED018,4.86,4,0.86
2026-03-01,ST022,MED019,2.79,2,0.79
2026-03-01,ST022,MED020,6.93,10,3.07
2026-03-01,ST022,MED021,9.21,11,1.79
2026-03-01,ST022,MED022,5.79,7,1.21
2026-03-01,ST022,MED023,9.43,12,2.57
2026-03-01,ST022,MED024,13.07,11,2.07
2026-03-01,ST022,MED025,5.79,11,5.21
2026-03-01,ST022,MED026,9.21,12,2.79
2026-03-01,ST022,MED027,11.14,10,1.14
2026-03-01,ST022,MED028,4.64,7,2.36
2026-03-01,ST022,MED029,8.93,12,3.07
2026-03-01,ST022,MED030,3.29,6,2.71
2026-03-01,ST023,MED001,10.64,6,4.64
2026-03-01,ST023,MED002,10.21,13,2.79
2026-03-01,ST023,MED003,2.79,5,2.21
2026-03-01,ST023,MED004,7.29,7,0.29
2026-03-01,ST023,MED005,10.71,17,6.29
2026-03-01,ST023,MED006,10.07,9,1.07
2026-03-01,ST023,MED007,3.14,3,0.14
2026-03-01,ST023,MED008,2.93,1,1.93
2026-03-01,ST023,MED009,9.07,10,0.93
2026-03-01,ST023,MED010,3.86,3,0.86
2026-03-01,ST023,MED011,10.86,8,2.86
2026-03-01,ST023,MED012,8.57,13,4.43
2026-03-01,ST023,MED013,6.21,4,2.21
2026-03-01,ST023,MED014,5.07,2,3.07
2026-03-01,ST023,MED015,11.71,11,0.71
2026-03-01,ST023,MED016,7.64,9,1.36
2026-03-01,ST023,MED017,10.36,12,1.64
2026-03-01,ST023,MED018,6.64,2,4.64
2026-03-01,ST023,MED019,3.07,8,4.93
2026-03-01,ST023,MED020,5.64,5,0.64
2026-03-01,ST023,MED021,10.14,10,0.14
2026-03-01,ST023,MED022,7.29,7,0.29
2026-03-01,ST023,MED023,10.43,13,2.57
2026-03-01,ST023,MED024,12.14,9,3.14
2026-03-01,ST023,MED025,6.0,7,1.0
2026-03-01,ST023,MED026,12.14,12,0.14
2026-03-01,ST023,MED027,12.64,15,2.36
2026-03-01,ST023,MED028,5.79,5,0.79
2026-03-01,ST023,MED029,9.07,10,0.93
2026-03-01,ST023,MED030,5.14,6,0.86
2026-03-01,ST024,MED001,11.36,14,2.64
2026-03-01,ST024,MED002,11.64,14,2.36
2026-03-01,ST024,MED003,2.71,5,2.29
2026-03-01,ST024,MED004,8.71,8,0.71
2026-03-01,ST024,MED005,11.29,14,2.71
2026-03-01,ST024,MED006,11.93,14,2.07
2026-03-01,ST024,MED007,2.57,3,0.43
2026-03-01,ST024,MED008,3.36,3,0.36
2026-03-01,ST024,MED009,10.21,12,1.79
2026-03-01,ST024,MED010,5.07,4,1.07
2026-03-01,ST024,MED011,12.21,11,1.21
2026-03-01,ST024,MED012,10.29,15,4.71
2026-03-01,ST024,MED013,7.5,9,1.5
2026-03-01,ST024,MED014,5.79,10,4.21
2026-03-01,ST024,MED015,12.86,12,0.86
2026-03-01,ST024,MED016,7.21,9,1.79
2026-03-01,ST024,MED017,11.86,12,0.14
2026-03-01,ST024,MED018,6.86,7,0.14
2026-03-01,ST024,MED019,3.86,5,1.14
2026-03-01,ST024,MED020,7.29,7,0.29
2026-03-01,ST024,MED021,9.71,13,3.29
2026-03-01,ST024,MED022,8.21,9,0.79
2026-03-01,ST024,MED023,13.21,13,0.21
2026-03-01,ST024,MED024,11.5,13,1.5
2026-03-01,ST024,MED025,6.0,10,4.0
2026-03-01,ST024,MED026,12.07,10,2.07
2026-03-01,ST024,MED027,12.5,15,2.5
2026-03-01,ST024,MED028,5.93,7,1.07
2026-03-01,ST024,MED029,11.43,8,3.43
2026-03-01,ST024,MED030,5.5,7,1.5
2026-03-01,ST025,MED001,12.57,11,1.57
2026-03-01,ST025,MED002,12.93,13,0.07
2026-03-01,ST025,MED003,3.0,0,3.0
2026-03-01,ST025,MED004,9.29,14,4.71
2026-03-01,ST025,MED005,12.79,14,1.21
2026-03-01,ST025,MED006,10.43,14,3.57
2026-03-01,ST025,MED007,3.71,9,5.29
2026-03-01,ST025,MED008,4.43,5,0.57
2026-03-01,ST025,MED009,10.5,11,0.5
2026-03-01,ST025,MED010,4.57,2,2.57
2026-03-01,ST025,MED011,12.93,12,0.93
2026-03-01,ST025,MED012,10.29,10,0.29
2026-03-01,ST025,MED013,8.36,8,0.36
2026-03-01,ST025,MED014,6.36,4,2.36
2026-03-01,ST025,MED015,14.21,19,4.79
2026-03-01,ST025,MED016,8.93,5,3.93
2026-03-01,ST025,MED017,13.07,12,1.07
2026-03-01,ST025,MED018,7.57,7,0.57
2026-03-01,ST025,MED019,3.43,6,2.57
2026-03-01,ST025,MED020,8.0,5,3.0
2026-03-01,ST025,MED021,11.5,13,1.5
2026-03-01,ST025,MED022,9.93,11,1.07
2026-03-01,ST025,MED023,12.57,14,1.43
2026-03-01,ST025,MED024,14.5,14,0.5
2026-03-01,ST025,MED025,7.21,4,3.21
2026-03-01,ST025,MED026,13.21,16,2.79
2026-03-01,ST025,MED027,11.93,13,1.07
2026-03-01,ST025,MED028,6.21,7,0.79
2026-03-01,ST025,MED029,11.14,11,0.14
2026-03-01,ST025,MED030,5.07,4,1.07
2026-03-01,ST026,MED001,13.5,13,0.5
2026-03-01,ST026,MED002,13.5,17,3.5
2026-03-01,ST026,MED003,3.71,6,2.29
2026-03-01,ST026,MED004,10.64,6,4.64
2026-03-01,ST026,MED005,13.64,12,1.64
2026-03-01,ST026,MED006,11.86,11,0.86
2026-03-01,ST026,MED007,3.93,3,0.93
2026-03-01,ST026,MED008,4.14,2,2.14
2026-03-01,ST026,MED009,13.14,15,1.86
2026-03-01,ST026,MED010,4.86,7,2.14
2026-03-01,ST026,MED011,13.36,12,1.36
2026-03-01,ST026,MED012,12.64,27,14.36
2026-03-01,ST026,MED013,8.86,14,5.14
2026-03-01,ST026,MED014,6.79,9,2.21
2026-03-01,ST026,MED015,16.07,17,0.93
2026-03-01,ST026,MED016,8.29,9,0.71
2026-03-01,ST026,MED017,13.57,13,0.57
2026-03-01,ST026,MED018,6.93,6,0.93
2026-03-01,ST026,MED019,3.43,4,0.57
2026-03-01,ST026,MED020,8.79,11,2.21
2026-03-01,ST026,MED021,12.5,17,4.5
2026-03-01,ST026,MED022,9.14,11,1.86
2026-03-01,ST026,MED023,13.0,13,0.0
2026-03-01,ST026,MED024,16.07,16,0.07
2026-03-01,ST026,MED025,8.21,6,2.21
2026-03-01,ST026,MED026,13.86,14,0.14
2026-03-01,ST026,MED027,14.29,15,0.71
2026-03-01,ST026,MED028,8.14,8,0.14
2026-03-01,ST026,MED029,12.0,7,5.0
2026-03-01,ST026,MED030,6.5,8,1.5
2026-03-01,ST027,MED001,14.86,14,0.86
2026-03-01,ST027,MED002,15.64,16,0.36
2026-03-01,ST027,MED003,4.79,6,1.21
2026-03-01,ST027,MED004,10.21,14,3.79
2026-03-01,ST027,MED005,14.29,18,3.71
2026-03-01,ST027,MED006,13.64,14,0.36
2026-03-01,ST027,MED007,4.86,8,3.14
2026-03-01,ST027,MED008,4.36,3,1.36
2026-03-01,ST027,MED009,13.29,17,3.71
2026-03-01,ST027,MED010,5.36,4,1.36
2026-03-01,ST027,MED011,15.14,17,1.86
2026-03-01,ST027,MED012,13.36,16,2.64
2026-03-01,ST027,MED013,9.0,12,3.0
2026-03-01,ST027,MED014,5.43,8,2.57
2026-03-01,ST027,MED015,15.71,20,4.29
2026-03-01,ST027,MED016,10.64,15,4.36
2026-03-01,ST027,MED017,14.79,17,2.21
2026-03-01,ST027,MED018,7.21,12,4.79
2026-03-01,ST027,MED019,3.57,0,3.57
2026-03-01,ST027,MED020,9.64,7,2.64
2026-03-01,ST027,MED021,13.43,13,0.43
2026-03-01,ST027,MED022,9.29,10,0.71
2026-03-01,ST027,MED023,14.64,15,0.36
2026-03-01,ST027,MED024,16.57,17,0.43
2026-03-01,ST027,MED025,8.64,7,1.64
2026-03-01,ST027,MED026,14.64,17,2.36
2026-03-01,ST027,MED027,16.29,18,1.71
2026-03-01,ST027,MED028,8.64,12,3.36
2026-03-01,ST027,MED029,11.93,13,1.07
2026-03-01,ST027,MED030,7.0,7,0.0
2026-03-01,ST028,MED001,9.14,9,0.14
2026-03-01,ST028,MED002,9.71,12,2.29
2026-03-01,ST028,MED003,2.14,5,2.86
2026-03-01,ST028,MED004,6.57,7,0.43
2026-03-01,ST028,MED005,8.43,10,1.57
2026-03-01,ST028,MED006,9.07,7,2.07
2026-03-01,ST028,MED007,2.14,2,0.14
2026-03-01,ST028,MED008,2.43,0,2.43
2026-03-01,ST028,MED009,7.93,8,0.07
2026-03-01,ST028,MED010,3.86,2,1.86
2026-03-01,ST028,MED011,8.07,7,1.07
2026-03-01,ST028,MED012,7.36,6,1.36
2026-03-01,ST028,MED013,5.79,3,2.79
2026-03-01,ST028,MED014,4.79,6,1.21
2026-03-01,ST028,MED015,9.36,14,4.64
2026-03-01,ST028,MED016,5.0,4,1.0
2026-03-01,ST028,MED017,9.14,14,4.86
2026-03-01,ST028,MED018,5.0,7,2.0
2026-03-01,ST028,MED019,1.36,1,0.36
2026-03-01,ST028,MED020,5.36,10,4.64
2026-03-01,ST028,MED021,7.29,5,2.29
2026-03-01,ST028,MED022,5.07,5,0.07
2026-03-01,ST028,MED023,8.0,9,1.0
2026-03-01,ST028,MED024,8.21,12,3.79
2026-03-01,ST028,MED025,5.07,8,2.93
2026-03-01,ST028,MED026,9.0,10,1.0
2026-03-01,ST028,MED027,9.14,6,3.14
2026-03-01,ST028,MED028,6.14,4,2.14
2026-03-01,ST028,MED029,7.14,6,1.14
2026-03-01,ST028,MED030,4.57,6,1.43
2026-03-01,ST029,MED001,9.5,12,2.5
2026-03-01,ST029,MED002,10.14,9,1.14
2026-03-01,ST029,MED003,2.43,2,0.43
2026-03-01,ST029,MED004,7.57,9,1.43
2026-03-01,ST029,MED005,9.57,13,3.43
2026-03-01,ST029,MED006,8.79,11,2.21
2026-03-01,ST029,MED007,2.79,6,3.21
2026-03-01,ST029,MED008,2.64,9,6.36
2026-03-01,ST029,MED009,8.14,12,3.86
2026-03-01,ST029,MED010,2.86,2,0.86
2026-03-01,ST029,MED011,9.5,13,3.5
2026-03-01,ST029,MED012,7.29,11,3.71
2026-03-01,ST029,MED013,6.5,5,1.5
2026-03-01,ST029,MED014,3.86,7,3.14
2026-03-01,ST029,MED015,11.07,10,1.07
2026-03-01,ST029,MED016,4.93,6,1.07
2026-03-01,ST029,MED017,8.93,6,2.93
2026-03-01,ST029,MED018,4.86,2,2.86
2026-03-01,ST029,MED019,3.5,3,0.5
2026-03-01,ST029,MED020,5.64,10,4.36
2026-03-01,ST029,MED021,9.43,6,3.43
2026-03-01,ST029,MED022,6.29,6,0.29
2026-03-01,ST029,MED023,8.64,22,13.36
2026-03-01,ST029,MED024,11.14,22,10.86
2026-03-01,ST029,MED025,4.21,5,0.79
2026-03-01,ST029,MED026,9.36,11,1.64
2026-03-01,ST029,MED027,10.93,10,0.93
2026-03-01,ST029,MED028,5.57,7,1.43
2026-03-01,ST029,MED029,8.86,8,0.86
2026-03-01,ST029,MED030,4.64,7,2.36
2026-03-01,ST030,MED001,10.64,10,0.64
2026-03-01,ST030,MED002,10.93,15,4.07
2026-03-01,ST030,MED003,2.71,2,0.71
2026-03-01,ST030,MED004,8.57,6,2.57
2026-03-01,ST030,MED005,10.29,12,1.71
2026-03-01,ST030,MED006,9.5,12,2.5
2026-03-01,ST030,MED007,2.93,4,1.07
2026-03-01,ST030,MED008,2.64,6,3.36
2026-03-01,ST030,MED009,8.93,8,0.93
2026-03-01,ST030,MED010,4.07,8,3.93
2026-03-01,ST030,MED011,11.43,13,1.57
2026-03-01,ST030,MED012,10.36,9,1.36
2026-03-01,ST030,MED013,6.5,10,3.5
2026-03-01,ST030,MED014,5.57,5,0.57
2026-03-01,ST030,MED015,11.14,10,1.14
2026-03-01,ST030,MED016,7.71,8,0.29
2026-03-01,ST030,MED017,10.29,15,4.71
2026-03-01,ST030,MED018,5.5,6,0.5
2026-03-01,ST030,MED019,3.43,2,1.43
2026-03-01,ST030,MED020,6.71,7,0.29
2026-03-01,ST030,MED021,9.71,8,1.71
2026-03-01,ST030,MED022,6.43,11,4.57
2026-03-01,ST030,MED023,10.07,15,4.93
2026-03-01,ST030,MED024,11.14,10,1.14
2026-03-01,ST030,MED025,5.07,7,1.93
2026-03-01,ST030,MED026,10.36,10,0.36
2026-03-01,ST030,MED027,11.07,15,3.93
2026-03-01,ST030,MED028,6.21,9,2.79
2026-03-01,ST030,MED029,7.43,2,5.43
2026-03-01,ST030,MED030,5.5,5,0.5
2026-03-01,ST031,MED001,10.64,13,2.36
2026-03-01,ST031,MED002,11.21,15,3.79
2026-03-01,ST031,MED003,3.43,5,1.57
2026-03-01,ST031,MED004,9.14,11,1.86
2026-03-01,ST031,MED005,11.29,13,1.71
2026-03-01,ST031,MED006,10.86,11,0.14
2026-03-01,ST031,MED007,4.86,8,3.14
2026-03-01,ST031,MED008,3.0,7,4.0
2026-03-01,ST031,MED009,11.5,14,2.5
2026-03-01,ST031,MED010,4.79,1,3.79
2026-03-01,ST031,MED011,10.0,17,7.0
2026-03-01,ST031,MED012,10.29,15,4.71
2026-03-01,ST031,MED013,7.57,4,3.57
2026-03-01,ST031,MED014,4.86,7,2.14
2026-03-01,ST031,MED015,13.21,12,1.21
2026-03-01,ST031,MED016,7.14,10,2.86
2026-03-01,ST031,MED017,11.29,9,2.29
2026-03-01,ST031,MED018,7.14,5,2.14
2026-03-01,ST031,MED019,3.71,4,0.29
2026-03-01,ST031,MED020,8.07,7,1.07
2026-03-01,ST031,MED021,10.0,20,10.0
2026-03-01,ST031,MED022,6.21,5,1.21
2026-03-01,ST031,MED023,11.86,10,1.86
2026-03-01,ST031,MED024,12.36,11,1.36
2026-03-01,ST031,MED025,5.79,10,4.21
2026-03-01,ST031,MED026,11.36,14,2.64
2026-03-01,ST031,MED027,11.93,16,4.07
2026-03-01,ST031,MED028,6.64,6,0.64
2026-03-01,ST031,MED029,9.14,10,0.86
2026-03-01,ST031,MED030,4.86,1,3.86
2026-03-01,ST032,MED001,11.86,15,3.14
2026-03-01,ST032,MED002,12.14,12,0.14
2026-03-01,ST032,MED003,4.07,1,3.07
2026-03-01,ST032,MED004,8.93,10,1.07
2026-03-01,ST032,MED005,11.07,15,3.93
2026-03-01,ST032,MED006,11.36,14,2.64
2026-03-01,ST032,MED007,3.43,5,1.57
2026-03-01,ST032,MED008,2.57,4,1.43
2026-03-01,ST032,MED009,12.36,18,5.64
2026-03-01,ST032,MED010,5.36,5,0.36
2026-03-01,ST032,MED011,13.07,14,0.93
2026-03-01,ST032,MED012,11.29,12,0.71
2026-03-01,ST032,MED013,8.5,9,0.5
2026-03-01,ST032,MED014,6.36,10,3.64
2026-03-01,ST032,MED015,14.0,17,3.0
2026-03-01,ST032,MED016,8.71,9,0.29
2026-03-01,ST032,MED017,11.79,15,3.21
2026-03-01,ST032,MED018,5.71,5,0.71
2026-03-01,ST032,MED019,3.36,5,1.64
2026-03-01,ST032,MED020,7.64,6,1.64
2026-03-01,ST032,MED021,11.5,13,1.5
2026-03-01,ST032,MED022,8.93,12,3.07
2026-03-01,ST032,MED023,11.07,16,4.93
2026-03-01,ST032,MED024,14.5,16,1.5
2026-03-01,ST032,MED025,7.57,4,3.57
2026-03-01,ST032,MED026,14.79,15,0.21
2026-03-01,ST032,MED027,12.57,16,3.43
2026-03-01,ST032,MED028,7.64,5,2.64
2026-03-01,ST032,MED029,10.71,16,5.29
2026-03-01,ST032,MED030,5.79,7,1.21
2026-03-01,ST033,MED001,13.57,16,2.43
2026-03-01,ST033,MED002,13.57,18,4.43
2026-03-01,ST033,MED003,3.29,6,2.71
2026-03-01,ST033,MED004,10.43,10,0.43
2026-03-01,ST033,MED005,12.93,12,0.93
2026-03-01,ST033,MED006,12.21,18,5.79
2026-03-01,ST033,MED007,3.93,6,2.07
2026-03-01,ST033,MED008,4.0,6,2.0
2026-03-01,ST033,MED009,12.93,14,1.07
2026-03-01,ST033,MED010,4.36,4,0.36
2026-03-01,ST033,MED011,12.93,13,0.07
2026-03-01,ST033,MED012,13.57,11,2.57
2026-03-01,ST033,MED013,8.93,5,3.93
2026-03-01,ST033,MED014,6.36,5,1.36
2026-03-01,ST033,MED015,14.93,16,1.07
2026-03-01,ST033,MED016,8.86,11,2.14
2026-03-01,ST033,MED017,13.71,28,14.29
2026-03-01,ST033,MED018,7.5,9,1.5
2026-03-01,ST033,MED019,3.64,3,0.64
2026-03-01,ST033,MED020,8.71,11,2.29
2026-03-01,ST033,MED021,13.0,9,4.0
2026-03-01,ST033,MED022,8.64,9,0.36
2026-03-01,ST033,MED023,13.79,14,0.21
2026-03-01,ST033,MED024,15.29,16,0.71
2026-03-01,ST033,MED025,6.36,10,3.64
2026-03-01,ST033,MED026,13.36,17,3.64
2026-03-01,ST033,MED027,14.0,14,0.0
2026-03-01,ST033,MED028,8.14,11,2.86
2026-03-01,ST033,MED029,11.86,9,2.86
2026-03-01,ST033,MED030,5.57,7,1.43
2026-03-01,ST034,MED001,14.71,18,3.29
2026-03-01,ST034,MED002,14.86,19,4.14
2026-03-01,ST034,MED003,4.5,2,2.5
2026-03-01,ST034,MED004,11.14,13,1.86
2026-03-01,ST034,MED005,14.0,16,2.0
2026-03-01,ST034,MED006,14.36,16,1.64
2026-03-01,ST034,MED007,4.36,3,1.36
2026-03-01,ST034,MED008,3.64,5,1.36
2026-03-01,ST034,MED009,14.07,14,0.07
2026-03-01,ST034,MED010,5.21,5,0.21
2026-03-01,ST034,MED011,14.86,17,2.14
2026-03-01,ST034,MED012,13.64,13,0.64
2026-03-01,ST034,MED013,8.86,10,1.14
2026-03-01,ST034,MED014,7.36,8,0.64
2026-03-01,ST034,MED015,16.07,17,0.93
2026-03-01,ST034,MED016,7.93,8,0.07
2026-03-01,ST034,MED017,16.0,18,2.0
2026-03-01,ST034,MED018,8.0,6,2.0
2026-03-01,ST034,MED019,3.93,9,5.07
2026-03-01,ST034,MED020,8.86,10,1.14
2026-03-01,ST034,MED021,12.93,14,1.07
2026-03-01,ST034,MED022,8.86,8,0.86
2026-03-01,ST034,MED023,16.71,15,1.71
2026-03-01,ST034,MED024,15.14,16,0.86
2026-03-01,ST034,MED025,9.5,11,1.5
2026-03-01,ST034,MED026,14.5,13,1.5
2026-03-01,ST034,MED027,16.0,16,0.0
2026-03-01,ST034,MED028,9.0,9,0.0
2026-03-01,ST034,MED029,11.71,11,0.71
2026-03-01,ST034,MED030,7.0,4,3.0
2026-03-01,ST035,MED001,10.14,9,1.14
2026-03-01,ST035,MED002,8.14,10,1.86
2026-03-01,ST035,MED003,2.36,3,0.64
2026-03-01,ST035,MED004,6.5,6,0.5
2026-03-01,ST035,MED005,8.5,7,1.5
2026-03-01,ST035,MED006,8.64,8,0.64
2026-03-01,ST035,MED007,2.43,4,1.57
2026-03-01,ST035,MED008,1.71,1,0.71
2026-03-01,ST035,MED009,8.0,7,1.0
2026-03-01,ST035,MED010,2.86,1,1.86
2026-03-01,ST035,MED011,8.86,5,3.86
2026-03-01,ST035,MED012,8.64,10,1.36
2026-03-01,ST035,MED013,5.0,1,4.0
2026-03-01,ST035,MED014,4.29,5,0.71
2026-03-01,ST035,MED015,9.29,9,0.29
2026-03-01,ST035,MED016,6.14,5,1.14
2026-03-01,ST035,MED017,8.64,6,2.64
2026-03-01,ST035,MED018,3.0,1,2.0
2026-03-01,ST035,MED019,2.21,3,0.79
2026-03-01,ST035,MED020,7.29,8,0.71
2026-03-01,ST035,MED021,8.36,9,0.64
2026-03-01,ST035,MED022,5.21,7,1.79
2026-03-01,ST035,MED023,9.57,10,0.43
2026-03-01,ST035,MED024,10.0,9,1.0
2026-03-01,ST035,MED025,4.14,7,2.86
2026-03-01,ST035,MED026,8.5,7,1.5
2026-03-01,ST035,MED027,8.5,6,2.5
2026-03-01,ST035,MED028,4.0,9,5.0
2026-03-01,ST035,MED029,7.07,9,1.93
2026-03-01,ST035,MED030,3.29,6,2.71
2026-03-01,ST036,MED001,11.14,12,0.86
2026-03-01,ST036,MED002,9.79,12,2.21
2026-03-01,ST036,MED003,2.14,4,1.86
2026-03-01,ST036,MED004,8.14,7,1.14
2026-03-01,ST036,MED005,8.93,9,0.07
2026-03-01,ST036,MED006,8.79,11,2.21
2026-03-01,ST036,MED007,2.71,4,1.29
2026-03-01,ST036,MED008,2.71,4,1.29
2026-03-01,ST036,MED009,8.43,9,0.57
2026-03-01,ST036,MED010,4.0,1,3.0
2026-03-01,ST036,MED011,9.43,7,2.43
2026-03-01,ST036,MED012,8.5,15,6.5
2026-03-01,ST036,MED013,5.36,5,0.36
2026-03-01,ST036,MED014,5.57,2,3.57
2026-03-01,ST036,MED015,10.36,10,0.36
2026-03-01,ST036,MED016,6.29,5,1.29
2026-03-01,ST036,MED017,10.64,8,2.64
2026-03-01,ST036,MED018,5.79,7,1.21
2026-03-01,ST036,MED019,3.0,6,3.0
2026-03-01,ST036,MED020,6.36,11,4.64
2026-03-01,ST036,MED021,9.21,9,0.21
2026-03-01,ST036,MED022,6.0,2,4.0
2026-03-01,ST036,MED023,9.64,14,4.36
2026-03-01,ST036,MED024,10.64,12,1.36
2026-03-01,ST036,MED025,4.86,6,1.14
2026-03-01,ST036,MED026,8.93,9,0.07
2026-03-01,ST036,MED027,10.14,10,0.14
2026-03-01,ST036,MED028,5.36,7,1.64
2026-03-01,ST036,MED029,7.07,9,1.93
2026-03-01,ST036,MED030,5.14,5,0.14
2026-03-01,ST037,MED001,11.0,15,4.0
2026-03-01,ST037,MED002,10.43,12,1.57
2026-03-01,ST037,MED003,3.43,5,1.57
2026-03-01,ST037,MED004,7.64,11,3.36
2026-03-01,ST037,MED005,11.07,9,2.07
2026-03-01,ST037,MED006,10.07,12,1.93
2026-03-01,ST037,MED007,3.0,3,0.0
2026-03-01,ST037,MED008,2.86,0,2.86
2026-03-01,ST037,MED009,10.43,12,1.57
2026-03-01,ST037,MED010,3.64,5,1.36
2026-03-01,ST037,MED011,11.07,11,0.07
2026-03-01,ST037,MED012,10.0,10,0.0
2026-03-01,ST037,MED013,6.21,6,0.21
2026-03-01,ST037,MED014,5.14,4,1.14
2026-03-01,ST037,MED015,11.43,13,1.57
2026-03-01,ST037,MED016,7.0,5,2.0
2026-03-01,ST037,MED017,10.29,13,2.71
2026-03-01,ST037,MED018,6.14,2,4.14
2026-03-01,ST037,MED019,4.0,5,1.0
2026-03-01,ST037,MED020,7.07,7,0.07
2026-03-01,ST037,MED021,10.0,9,1.0
2026-03-01,ST037,MED022,6.5,10,3.5
2026-03-01,ST037,MED023,10.5,11,0.5
2026-03-01,ST037,MED024,12.14,13,0.86
2026-03-01,ST037,MED025,6.07,5,1.07
2026-03-01,ST037,MED026,11.0,15,4.0
2026-03-01,ST037,MED027,13.07,15,1.93
2026-03-01,ST037,MED028,5.86,10,4.14
2026-03-01,ST037,MED029,8.71,7,1.71
2026-03-01,ST037,MED030,4.79,7,2.21
2026-03-01,ST038,MED001,11.86,13,1.14
2026-03-01,ST038,MED002,10.86,14,3.14
2026-03-01,ST038,MED003,3.29,2,1.29
2026-03-01,ST038,MED004,8.93,12,3.07
2026-03-01,ST038,MED005,13.14,8,5.14
2026-03-01,ST038,MED006,11.07,15,3.93
2026-03-01,ST038,MED007,3.43,0,3.43
2026-03-01,ST038,MED008,3.0,6,3.0
2026-03-01,ST038,MED009,11.5,9,2.5
2026-03-01,ST038,MED010,4.71,6,1.29
2026-03-01,ST038,MED011,11.64,13,1.36
2026-03-01,ST038,MED012,11.29,12,0.71
2026-03-01,ST038,MED013,7.14,9,1.86
2026-03-01,ST038,MED014,5.43,3,2.43
2026-03-01,ST038,MED015,13.86,13,0.86
2026-03-01,ST038,MED016,6.71,7,0.29
2026-03-01,ST038,MED017,11.0,10,1.0
2026-03-01,ST038,MED018,6.64,8,1.36
2026-03-01,ST038,MED019,3.29,5,1.71
2026-03-01,ST038,MED020,7.36,6,1.36
2026-03-01,ST038,MED021,10.0,8,2.0
2026-03-01,ST038,MED022,7.5,7,0.5
2026-03-01,ST038,MED023,11.64,15,3.36
2026-03-01,ST038,MED024,12.43,17,4.57
2026-03-01,ST038,MED025,7.64,7,0.64
2026-03-01,ST038,MED026,11.79,16,4.21
2026-03-01,ST038,MED027,12.79,13,0.21
2026-03-01,ST038,MED028,5.21,9,3.79
2026-03-01,ST038,MED029,10.0,12,2.0
2026-03-01,ST038,MED030,4.64,6,1.36
2026-03-01,ST039,MED001,13.14,16,2.86
2026-03-01,ST039,MED002,12.57,11,1.57
2026-03-01,ST039,MED003,4.0,2,2.0
2026-03-01,ST039,MED004,10.21,13,2.79
2026-03-01,ST039,MED005,12.64,17,4.36
2026-03-01,ST039,MED006,13.07,11,2.07
2026-03-01,ST039,MED007,4.36,2,2.36
2026-03-01,ST039,MED008,4.07,4,0.07
2026-03-01,ST039,MED009,11.71,17,5.29
2026-03-01,ST039,MED010,5.36,4,1.36
2026-03-01,ST039,MED011,12.29,16,3.71
2026-03-01,ST039,MED012,12.0,11,1.0
2026-03-01,ST039,MED013,8.36,9,0.64
2026-03-01,ST039,MED014,6.93,7,0.07
2026-03-01,ST039,MED015,13.79,12,1.79
2026-03-01,ST039,MED016,8.0,10,2.0
2026-03-01,ST039,MED017,12.86,14,1.14
2026-03-01,ST039,MED018,7.57,5,2.57
2026-03-01,ST039,MED019,3.36,5,1.64
2026-03-01,ST039,MED020,7.79,13,5.21
2026-03-01,ST039,MED021,11.79,12,0.21
2026-03-01,ST039,MED022,7.21,7,0.21
2026-03-01,ST039,MED023,12.57,18,5.43
2026-03-01,ST039,MED024,14.07,13,1.07
2026-03-01,ST039,MED025,7.14,10,2.86
2026-03-01,ST039,MED026,12.36,13,0.64
2026-03-01,ST039,MED027,14.64,17,2.36
2026-03-01,ST039,MED028,6.64,10,3.36
2026-03-01,ST039,MED029,10.29,13,2.71
2026-03-01,ST039,MED030,5.93,7,1.07
2026-03-01,ST040,MED001,13.71,14,0.29
2026-03-01,ST040,MED002,13.0,13,0.0
2026-03-01,ST040,MED003,3.43,1,2.43
2026-03-01,ST040,MED004,10.29,12,1.71
2026-03-01,ST040,MED005,14.29,14,0.29
2026-03-01,ST040,MED006,12.0,12,0.0
2026-03-01,ST040,MED007,3.86,3,0.86
2026-03-01,ST040,MED008,3.36,0,3.36
2026-03-01,ST040,MED009,12.93,13,0.07
2026-03-01,ST040,MED010,5.29,6,0.71
2026-03-01,ST040,MED011,13.36,18,4.64
2026-03-01,ST040,MED012,12.57,16,3.43
2026-03-01,ST040,MED013,8.64,10,1.36
2026-03-01,ST040,MED014,7.93,10,2.07
2026-03-01,ST040,MED015,16.71,19,2.29
2026-03-01,ST040,MED016,8.57,16,7.43
2026-03-01,ST040,MED017,13.0,12,1.0
2026-03-01,ST040,MED018,7.07,9,1.93
2026-03-01,ST040,MED019,3.79,3,0.79
2026-03-01,ST040,MED020,8.14,11,2.86
2026-03-01,ST040,MED021,12.21,16,3.79
2026-03-01,ST040,MED022,7.36,9,1.64
2026-03-01,ST040,MED023,13.36,15,1.64
2026-03-01,ST040,MED024,15.64,19,3.36
2026-03-01,ST040,MED025,7.93,6,1.93
2026-03-01,ST040,MED026,13.21,17,3.79
2026-03-01,ST040,MED027,15.0,17,2.0
2026-03-01,ST040,MED028,7.36,6,1.36
2026-03-01,ST040,MED029,11.57,8,3.57
2026-03-01,ST040,MED030,6.29,6,0.29
