date,store_id,sku,requested_units,fulfilled_units,unmet_units,received_units,ordered_units,closing_units
2026-02-15,ST001,MED001,11,11,0,0,24,57
2026-02-15,ST001,MED002,13,13,0,0,12,59
2026-02-15,ST001,MED003,4,4,0,0,0,7
2026-02-15,ST001,MED004,7,7,0,0,12,44
2026-02-15,ST001,MED005,10,10,0,0,0,5
2026-02-15,ST001,MED006,6,6,0,0,12,1
2026-02-15,ST001,MED007,6,6,0,0,24,17
2026-02-15,ST001,MED008,3,3,0,24,0,25
2026-02-15,ST001,MED009,9,9,0,0,0,23
2026-02-15,ST001,MED010,3,3,0,0,12,25
2026-02-15,ST001,MED011,10,10,0,0,0,19
2026-02-15,ST001,MED012,11,11,0,0,0,20
2026-02-15,ST001,MED013,4,4,0,0,0,23
2026-02-15,ST001,MED014,1,1,0,0,0,15
2026-02-15,ST001,MED015,10,10,0,0,48,43
2026-02-15,ST001,MED016,6,6,0,48,0,49
2026-02-15,ST001,MED017,16,16,0,0,0,21
2026-02-15,ST001,MED018,4,4,0,0,0,52
2026-02-15,ST001,MED019,7,7,0,0,24,11
2026-02-15,ST001,MED020,2,2,0,0,0,4
2026-02-15,ST001,MED021,9,9,0,0,30,37
2026-02-15,ST001,MED022,3,3,0,0,18,28
2026-02-15,ST001,MED023,11,11,0,0,24,52
2026-02-15,ST001,MED024,12,12,0,0,36,42
2026-02-15,ST001,MED025,7,7,0,0,24,23
2026-02-15,ST001,MED026,11,11,0,0,24,61
2026-02-15,ST001,MED027,7,7,0,72,12,65
2026-02-15,ST001,MED028,8,8,0,0,24,18
2026-02-15,ST001,MED029,9,9,0,0,24,40
2026-02-15,ST001,MED030,3,3,0,0,12,19
2026-02-15,ST002,MED001,9,9,0,0,0,29
2026-02-15,ST002,MED002,12,12,0,0,18,56
2026-02-15,ST002,MED003,1,1,0,0,24,18
2026-02-15,ST002,MED004,8,8,0,0,0,18
2026-02-15,ST002,MED005,12,12,0,0,48,37
2026-02-15,ST002,MED006,19,19,0,0,0,17
2026-02-15,ST002,MED007,1,1,0,0,0,2
2026-02-15,ST002,MED008,4,4,0,0,12,15
2026-02-15,ST002,MED009,12,12,0,0,0,13
2026-02-15,ST002,MED010,4,4,0,0,0,7
2026-02-15,ST002,MED011,11,11,0,0,0,21
2026-02-15,ST002,MED012,13,7,6,0,12,0
2026-02-15,ST002,MED013,4,4,0,0,0,54
2026-02-15,ST002,MED014,6,6,0,0,24,37
2026-02-15,ST002,MED015,25,25,0,0,72,38
2026-02-15,ST002,MED016,3,3,0,0,24,38
2026-02-15,ST002,MED017,12,12,0,0,0,15
2026-02-15,ST002,MED018,8,8,0,0,24,30
2026-02-15,ST002,MED019,4,1,3,0,0,0
2026-02-15,ST002,MED020,7,7,0,0,24,35
2026-02-15,ST002,MED021,8,8,0,66,18,58
2026-02-15,ST002,MED022,4,4,0,0,6,9
2026-02-15,ST002,MED023,11,11,0,60,12,70
2026-02-15,ST002,MED024,13,13,0,0,48,47
2026-02-15,ST002,MED025,7,7,0,0,24,26
2026-02-15,ST002,MED026,12,12,0,0,0,28
2026-02-15,ST002,MED027,11,11,0,0,0,16
2026-02-15,ST002,MED028,7,7,0,0,48,17
2026-02-15,ST002,MED029,10,8,2,0,24,0
2026-02-15,ST002,MED030,3,3,0,0,18,20
2026-02-15,ST003,MED001,13,9,4,0,24,0
2026-02-15,ST003,MED002,12,12,0,60,12,76
2026-02-15,ST003,MED003,4,4,0,0,24,10
2026-02-15,ST003,MED004,10,10,0,48,24,43
2026-02-15,ST003,MED005,12,12,0,0,48,44
2026-02-15,ST003,MED006,11,11,0,0,48,37
2026-02-15,ST003,MED007,1,1,0,0,0,7
2026-02-15,ST003,MED008,6,6,0,0,12,17
2026-02-15,ST003,MED009,13,13,0,0,36,46
2026-02-15,ST003,MED010,3,3,0,0,0,7
2026-02-15,ST003,MED011,10,10,0,0,30,57
2026-02-15,ST003,MED012,11,11,0,0,24,60
2026-02-15,ST003,MED013,13,13,0,48,12,52
2026-02-15,ST003,MED014,6,6,0,48,0,45
2026-02-15,ST003,MED015,13,13,0,0,24,15
2026-02-15,ST003,MED016,8,8,0,0,24,0
2026-02-15,ST003,MED017,11,11,0,0,48,33
2026-02-15,ST003,MED018,10,10,0,0,24,32
2026-02-15,ST003,MED019,3,3,0,0,24,9
2026-02-15,ST003,MED020,8,8,0,0,24,33
2026-02-15,ST003,MED021,12,12,0,0,0,24
2026-02-15,ST003,MED022,9,9,0,0,30,25
2026-02-15,ST003,MED023,15,15,0,72,36,57
2026-02-15,ST003,MED024,17,17,0,0,12,23
2026-02-15,ST003,MED025,12,12,0,0,24,3
2026-02-15,ST003,MED026,16,0,16,0,24,0
2026-02-15,ST003,MED027,13,13,0,72,12,86
2026-02-15,ST003,MED028,4,4,0,0,0,9
2026-02-15,ST003,MED029,15,0,15,0,0,0
2026-02-15,ST003,MED030,7,7,0,0,0,11
2026-02-15,ST004,MED001,16,16,0,0,24,9
2026-02-15,ST004,MED002,14,14,0,0,54,32
2026-02-15,ST004,MED003,2,2,0,0,24,19
2026-02-15,ST004,MED004,13,13,0,48,36,35
2026-02-15,ST004,MED005,19,19,0,0,24,21
2026-02-15,ST004,MED006,9,9,0,60,24,52
2026-02-15,ST004,MED007,5,5,0,0,24,13
2026-02-15,ST004,MED008,6,6,0,0,36,10
2026-02-15,ST004,MED009,11,11,0,0,72,35
2026-02-15,ST004,MED010,3,3,0,0,0,12
2026-02-15,ST004,MED011,14,14,0,0,0,24
2026-02-15,ST004,MED012,10,0,10,0,24,0
2026-02-15,ST004,MED013,10,10,0,0,12,12
2026-02-15,ST004,MED014,3,3,0,0,24,34
2026-02-15,ST004,MED015,17,17,0,72,48,78
2026-02-15,ST004,MED016,9,9,0,0,24,6
2026-02-15,ST004,MED017,14,14,0,0,60,37
2026-02-15,ST004,MED018,9,9,0,0,48,24
2026-02-15,ST004,MED019,4,4,0,0,0,3
2026-02-15,ST004,MED020,9,9,0,48,24,39
2026-02-15,ST004,MED021,15,15,0,0,18,1
2026-02-15,ST004,MED022,5,5,0,0,12,12
2026-02-15,ST004,MED023,16,16,0,0,60,32
2026-02-15,ST004,MED024,30,30,0,0,84,34
2026-02-15,ST004,MED025,9,9,0,0,0,3
2026-02-15,ST004,MED026,11,11,0,0,24,69
2026-02-15,ST004,MED027,16,16,0,0,72,39
2026-02-15,ST004,MED028,8,8,0,0,24,9
2026-02-15,ST004,MED029,12,12,0,0,0,13
2026-02-15,ST004,MED030,8,8,0,0,6,9
2026-02-15,ST005,MED001,14,14,0,0,24,15
2026-02-15,ST005,MED002,17,17,0,0,24,17
2026-02-15,ST005,MED003,5,5,0,0,24,8
2026-02-15,ST005,MED004,15,0,15,0,36,0
2026-02-15,ST005,MED005,17,17,0,0,60,49
2026-02-15,ST005,MED006,12,12,0,0,60,31
2026-02-15,ST005,MED007,5,5,0,0,24,11
2026-02-15,ST005,MED008,4,4,0,0,12,2
2026-02-15,ST005,MED009,16,16,0,0,60,38
2026-02-15,ST005,MED010,6,6,0,0,36,15
2026-02-15,ST005,MED011,13,13,0,72,30,73
2026-02-15,ST005,MED012,11,11,0,0,48,41
2026-02-15,ST005,MED013,9,9,0,0,36,37
2026-02-15,ST005,MED014,6,6,0,0,24,42
2026-02-15,ST005,MED015,20,11,9,0,72,0
2026-02-15,ST005,MED016,11,11,0,48,48,37
2026-02-15,ST005,MED017,18,15,3,0,36,0
2026-02-15,ST005,MED018,5,5,0,0,0,8
2026-02-15,ST005,MED019,4,3,1,0,24,0
2026-02-15,ST005,MED020,11,11,0,0,0,16
2026-02-15,ST005,MED021,13,13,0,0,30,11
2026-02-15,ST005,MED022,10,0,10,0,24,0
2026-02-15,ST005,MED023,12,12,0,0,60,45
2026-02-15,ST005,MED024,15,15,0,0,36,69
2026-02-15,ST005,MED025,7,0,7,0,24,0
2026-02-15,ST005,MED026,15,15,0,0,48,0
2026-02-15,ST005,MED027,13,13,0,0,48,59
2026-02-15,ST005,MED028,6,0,6,0,24,0
2026-02-15,ST005,MED029,16,16,0,0,0,10
2026-02-15,ST005,MED030,15,12,3,0,24,0
2026-02-15,ST006,MED001,18,4,14,0,48,0
2026-02-15,ST006,MED002,16,16,0,0,60,53
2026-02-15,ST006,MED003,4,4,0,0,24,8
2026-02-15,ST006,MED004,10,2,8,0,36,0
2026-02-15,ST006,MED005,13,0,13,0,36,0
2026-02-15,ST006,MED006,11,11,0,0,24,1
2026-02-15,ST006,MED007,5,5,0,0,24,6
2026-02-15,ST006,MED008,4,4,0,0,36,8
2026-02-15,ST006,MED009,15,15,0,0,24,11
2026-02-15,ST006,MED010,5,5,0,24,24,19
2026-02-15,ST006,MED011,19,19,0,66,66,47
2026-02-15,ST006,MED012,15,0,15,0,36,0
2026-02-15,ST006,MED013,11,11,0,48,48,37
2026-02-15,ST006,MED014,8,6,2,0,24,0
2026-02-15,ST006,MED015,18,0,18,0,72,0
2026-02-15,ST006,MED016,10,10,0,0,24,3
2026-02-15,ST006,MED017,19,19,0,72,48,53
2026-02-15,ST006,MED018,6,6,0,0,48,22
2026-02-15,ST006,MED019,2,2,0,24,24,22
2026-02-15,ST006,MED020,14,14,0,48,48,34
2026-02-15,ST006,MED021,25,25,0,0,78,26
2026-02-15,ST006,MED022,12,0,12,0,36,0
2026-02-15,ST006,MED023,22,22,0,72,60,54
2026-02-15,ST006,MED024,17,17,0,72,60,55
2026-02-15,ST006,MED025,6,6,0,0,36,26
2026-02-15,ST006,MED026,16,10,6,0,48,0
2026-02-15,ST006,MED027,22,22,0,0,84,34
2026-02-15,ST006,MED028,12,12,0,0,48,17
2026-02-15,ST006,MED029,13,0,13,0,48,0
2026-02-15,ST006,MED030,7,7,0,0,12,9
2026-02-15,ST007,MED001,7,7,0,0,0,60
2026-02-15,ST007,MED002,8,8,0,66,0,65
2026-02-15,ST007,MED003,2,2,0,0,0,27
2026-02-15,ST007,MED004,7,7,0,0,12,33
2026-02-15,ST007,MED005,12,12,0,0,24,43
2026-02-15,ST007,MED006,10,10,0,0,0,64
2026-02-15,ST007,MED007,2,0,2,0,24,0
2026-02-15,ST007,MED008,1,1,0,0,0,24
2026-02-15,ST007,MED009,9,9,0,0,36,31
2026-02-15,ST007,MED010,3,3,0,0,0,10
2026-02-15,ST007,MED011,11,11,0,0,18,48
2026-02-15,ST007,MED012,8,8,0,0,24,44
2026-02-15,ST007,MED013,6,6,0,0,0,8
2026-02-15,ST007,MED014,3,3,0,0,0,44
2026-02-15,ST007,MED015,8,8,0,72,0,74
2026-02-15,ST007,MED016,5,5,0,0,0,17
2026-02-15,ST007,MED017,10,10,0,0,36,34
2026-02-15,ST007,MED018,4,4,0,0,24,40
2026-02-15,ST007,MED019,1,1,0,24,0,25
2026-02-15,ST007,MED020,7,7,0,48,0,59
2026-02-15,ST007,MED021,12,12,0,0,36,31
2026-02-15,ST007,MED022,5,0,5,0,6,0
2026-02-15,ST007,MED023,9,9,0,0,12,54
2026-02-15,ST007,MED024,13,0,13,0,12,0
2026-02-15,ST007,MED025,5,5,0,0,24,20
2026-02-15,ST007,MED026,10,10,0,0,0,23
2026-02-15,ST007,MED027,10,10,0,0,0,80
2026-02-15,ST007,MED028,6,6,0,0,0,42
2026-02-15,ST007,MED029,6,6,0,0,0,52
2026-02-15,ST007,MED030,1,1,0,30,0,34
2026-02-15,ST008,MED001,9,9,0,0,24,52
2026-02-15,ST008,MED002,13,13,0,0,30,47
2026-02-15,ST008,MED003,0,0,0,0,0,10
2026-02-15,ST008,MED004,7,7,0,0,24,29
2026-02-15,ST008,MED005,7,7,0,0,0,30
2026-02-15,ST008,MED006,12,12,0,60,12,61
2026-02-15,ST008,MED007,2,2,0,0,24,23
2026-02-15,ST008,MED008,0,0,0,0,0,5
2026-02-15,ST008,MED009,7,7,0,0,12,3
2026-02-15,ST008,MED010,1,1,0,0,12,6
2026-02-15,ST008,MED011,11,11,0,0,0,27
2026-02-15,ST008,MED012,9,9,0,0,36,35
2026-02-15,ST008,MED013,2,2,0,0,12,38
2026-02-15,ST008,MED014,6,3,3,0,0,0
2026-02-15,ST008,MED015,11,11,0,72,0,93
2026-02-15,ST008,MED016,6,0,6,0,24,0
2026-02-15,ST008,MED017,9,8,1,0,12,0
2026-02-15,ST008,MED018,6,6,0,48,0,47
2026-02-15,ST008,MED019,5,5,0,0,0,4
2026-02-15,ST008,MED020,7,7,0,0,24,39
2026-02-15,ST008,MED021,8,8,0,0,0,12
2026-02-15,ST008,MED022,4,4,0,0,6,27
2026-02-15,ST008,MED023,8,8,0,0,24,55
2026-02-15,ST008,MED024,11,11,0,0,0,28
2026-02-15,ST008,MED025,9,9,0,0,0,9
2026-02-15,ST008,MED026,10,10,0,72,24,67
2026-02-15,ST008,MED027,8,8,0,0,24,45
2026-02-15,ST008,MED028,1,1,0,0,0,44
2026-02-15,ST008,MED029,11,11,0,0,0,16
2026-02-15,ST008,MED030,7,7,0,0,18,16
2026-02-15,ST009,MED001,12,11,1,0,24,0
2026-02-15,ST009,MED002,14,14,0,0,0,26
2026-02-15,ST009,MED003,4,4,0,0,0,22
2026-02-15,ST009,MED004,7,7,0,0,24,36
2026-02-15,ST009,MED005,10,10,0,0,0,31
2026-02-15,ST009,MED006,13,13,0,0,48,31
2026-02-15,ST009,MED007,3,3,0,0,0,2
2026-02-15,ST009,MED008,3,3,0,0,0,23
2026-02-15,ST009,MED009,11,11,0,0,0,22
2026-02-15,ST009,MED010,1,1,0,0,12,16
2026-02-15,ST009,MED011,11,11,0,66,30,55
2026-02-15,ST009,MED012,11,11,0,0,36,36
2026-02-15,ST009,MED013,10,10,0,0,12,4
2026-02-15,ST009,MED014,8,8,0,0,24,17
2026-02-15,ST009,MED015,15,15,0,0,0,18
2026-02-15,ST009,MED016,2,0,2,0,24,0
2026-02-15,ST009,MED017,13,13,0,60,36,48
2026-02-15,ST009,MED018,4,4,0,0,24,33
2026-02-15,ST009,MED019,3,3,0,0,0,8
2026-02-15,ST009,MED020,7,7,0,0,0,13
2026-02-15,ST009,MED021,11,11,0,54,0,72
2026-02-15,ST009,MED022,6,6,0,0,6,2
2026-02-15,ST009,MED023,9,9,0,0,0,33
2026-02-15,ST009,MED024,15,15,0,0,0,19
2026-02-15,ST009,MED025,5,5,0,0,24,32
2026-02-15,ST009,MED026,11,11,0,0,48,52
2026-02-15,ST009,MED027,16,16,0,0,48,46
2026-02-15,ST009,MED028,6,6,0,0,48,18
2026-02-15,ST009,MED029,8,8,0,0,24,44
2026-02-15,ST009,MED030,9,9,0,0,12,4
2026-02-15,ST010,MED001,10,10,0,0,24,8
2026-02-15,ST010,MED002,12,12,0,0,0,14
2026-02-15,ST010,MED003,3,3,0,0,24,13
2026-02-15,ST010,MED004,10,10,0,0,24,40
2026-02-15,ST010,MED005,12,12,0,0,48,38
2026-02-15,ST010,MED006,9,9,0,0,0,29
2026-02-15,ST010,MED007,1,1,0,0,24,6
2026-02-15,ST010,MED008,0,0,0,0,0,18
2026-02-15,ST010,MED009,12,12,0,0,0,24
2026-02-15,ST010,MED010,11,5,6,0,0,0
2026-02-15,ST010,MED011,12,12,0,0,0,30
2026-02-15,ST010,MED012,10,10,0,0,0,8
2026-02-15,ST010,MED013,6,6,0,0,12,21
2026-02-15,ST010,MED014,6,0,6,0,0,0
2026-02-15,ST010,MED015,15,15,0,0,24,12
2026-02-15,ST010,MED016,4,4,0,0,0,51
2026-02-15,ST010,MED017,15,15,0,0,0,18
2026-02-15,ST010,MED018,6,6,0,0,24,44
2026-02-15,ST010,MED019,2,2,0,0,24,13
2026-02-15,ST010,MED020,10,10,0,48,24,43
2026-02-15,ST010,MED021,13,13,0,0,6,12
2026-02-15,ST010,MED022,12,12,0,0,24,6
2026-02-15,ST010,MED023,13,13,0,0,48,41
2026-02-15,ST010,MED024,17,17,0,0,48,47
2026-02-15,ST010,MED025,10,10,0,0,12,32
2026-02-15,ST010,MED026,12,12,0,0,0,22
2026-02-15,ST010,MED027,14,14,0,0,60,39
2026-02-15,ST010,MED028,4,4,0,0,24,21
2026-02-15,ST010,MED029,6,6,0,0,0,23
2026-02-15,ST010,MED030,4,4,0,0,30,18
2026-02-15,ST011,MED001,11,11,0,0,48,47
2026-02-15,ST011,MED002,14,14,0,60,54,46
2026-02-15,ST011,MED003,4,4,0,0,48,8
2026-02-15,ST011,MED004,7,7,0,0,12,40
2026-02-15,ST011,MED005,17,17,0,0,60,33
2026-02-15,ST011,MED006,12,12,0,60,36,48
2026-02-15,ST011,MED007,7,4,3,0,24,0
2026-02-15,ST011,MED008,10,10,0,0,24,0
2026-02-15,ST011,MED009,9,9,0,60,12,74
2026-02-15,ST011,MED010,6,6,0,24,24,18
2026-02-15,ST011,MED011,13,13,0,0,60,32
2026-02-15,ST011,MED012,11,11,0,0,48,44
2026-02-15,ST011,MED013,10,10,0,0,36,23
2026-02-15,ST011,MED014,7,7,0,0,24,18
2026-02-15,ST011,MED015,14,14,0,72,48,62
2026-02-15,ST011,MED016,8,8,0,0,48,21
2026-02-15,ST011,MED017,12,12,0,72,24,80
2026-02-15,ST011,MED018,8,8,0,0,0,4
2026-02-15,ST011,MED019,5,3,2,0,24,0
2026-02-15,ST011,MED020,9,9,0,0,24,39
2026-02-15,ST011,MED021,14,14,0,0,48,33
2026-02-15,ST011,MED022,11,11,0,0,6,16
2026-02-15,ST011,MED023,16,7,9,0,24,0
2026-02-15,ST011,MED024,13,13,0,0,36,62
2026-02-15,ST011,MED025,10,10,0,0,36,23
2026-02-15,ST011,MED026,13,13,0,0,24,4
2026-02-15,ST011,MED027,15,15,0,0,60,41
2026-02-15,ST011,MED028,8,8,0,0,48,27
2026-02-15,ST011,MED029,16,16,0,72,48,56
2026-02-15,ST011,MED030,3,3,0,0,0,11
2026-02-15,ST012,MED001,16,16,0,0,24,19
2026-02-15,ST012,MED002,15,0,15,0,36,0
2026-02-15,ST012,MED003,5,5,0,0,0,5
2026-02-15,ST012,MED004,9,9,0,48,12,58
2026-02-15,ST012,MED005,13,13,0,0,12,12
2026-02-15,ST012,MED006,16,16,0,0,12,11
2026-02-15,ST012,MED007,5,5,0,0,0,6
2026-02-15,ST012,MED008,5,5,0,0,0,5
2026-02-15,ST012,MED009,15,15,0,60,60,45
2026-02-15,ST012,MED010,6,6,0,0,12,6
2026-02-15,ST012,MED011,14,14,0,0,30,6
2026-02-15,ST012,MED012,16,16,0,60,36,62
2026-02-15,ST012,MED013,9,9,0,0,24,11
2026-02-15,ST012,MED014,6,6,0,0,0,12
2026-02-15,ST012,MED015,16,0,16,0,48,0
2026-02-15,ST012,MED016,6,6,0,0,24,5
2026-02-15,ST012,MED017,12,12,0,0,24,17
2026-02-15,ST012,MED018,5,5,0,0,24,5
2026-02-15,ST012,MED019,5,5,0,0,24,6
2026-02-15,ST012,MED020,13,13,0,0,48,20
2026-02-15,ST012,MED021,11,11,0,0,60,35
2026-02-15,ST012,MED022,12,12,0,0,6,8
2026-02-15,ST012,MED023,14,14,0,0,60,33
2026-02-15,ST012,MED024,17,17,0,0,36,9
2026-02-15,ST012,MED025,8,8,0,0,36,20
2026-02-15,ST012,MED026,18,18,0,0,72,38
2026-02-15,ST012,MED027,17,17,0,0,24,5
2026-02-15,ST012,MED028,5,5,0,0,24,45
2026-02-15,ST012,MED029,12,12,0,72,24,68
2026-02-15,ST012,MED030,7,7,0,30,18,33
2026-02-15,ST013,MED001,15,15,0,0,48,3
2026-02-15,ST013,MED002,17,0,17,0,42,0
2026-02-15,ST013,MED003,4,4,0,0,24,15
2026-02-15,ST013,MED004,14,14,0,0,24,5
2026-02-15,ST013,MED005,16,16,0,0,36,14
2026-02-15,ST013,MED006,12,0,12,0,48,0
2026-02-15,ST013,MED007,10,10,0,0,48,5
2026-02-15,ST013,MED008,0,0,0,0,12,3
2026-02-15,ST013,MED009,13,9,4,0,36,0
2026-02-15,ST013,MED010,7,7,0,0,36,10
2026-02-15,ST013,MED011,14,14,0,60,60,46
2026-02-15,ST013,MED012,18,18,0,0,84,26
2026-02-15,ST013,MED013,8,8,0,48,36,40
2026-02-15,ST013,MED014,7,7,0,0,48,15
2026-02-15,ST013,MED015,19,19,0,0,24,6
2026-02-15,ST013,MED016,11,11,0,0,24,9
2026-02-15,ST013,MED017,13,13,0,0,72,44
2026-02-15,ST013,MED018,8,8,0,0,48,18
2026-02-15,ST013,MED019,3,3,0,24,24,26
2026-02-15,ST013,MED020,10,0,10,0,48,0
2026-02-15,ST013,MED021,16,16,0,0,24,12
2026-02-15,ST013,MED022,11,11,0,0,12,14
2026-02-15,ST013,MED023,16,0,16,0,60,0
2026-02-15,ST013,MED024,19,19,0,0,84,40
2026-02-15,ST013,MED025,7,7,0,0,12,10
2026-02-15,ST013,MED026,16,16,0,0,48,65
2026-02-15,ST013,MED027,19,0,19,0,60,0
2026-02-15,ST013,MED028,7,7,0,48,24,50
2026-02-15,ST013,MED029,11,7,4,0,48,0
2026-02-15,ST013,MED030,9,8,1,0,30,0
2026-02-15,ST014,MED001,7,7,0,72,0,85
2026-02-15,ST014,MED002,7,7,0,0,0,8
2026-02-15,ST014,MED003,1,1,0,0,0,26
2026-02-15,ST014,MED004,10,10,0,0,0,9
2026-02-15,ST014,MED005,12,10,2,0,0,0
2026-02-15,ST014,MED006,10,10,0,0,36,40
2026-02-15,ST014,MED007,3,3,0,0,0,7
2026-02-15,ST014,MED008,5,5,0,0,12,0
2026-02-15,ST014,MED009,5,5,0,0,0,63
2026-02-15,ST014,MED010,3,1,2,0,12,0
2026-02-15,ST014,MED011,8,8,0,0,0,21
2026-02-15,ST014,MED012,7,7,0,0,0,23
2026-02-15,ST014,MED013,10,10,0,48,0,45
2026-02-15,ST014,MED014,5,5,0,0,0,20
2026-02-15,ST014,MED015,8,8,0,0,0,86
2026-02-15,ST014,MED016,6,6,0,0,24,36
2026-02-15,ST014,MED017,5,5,0,0,24,46
2026-02-15,ST014,MED018,8,8,0,48,0,51
2026-02-15,ST014,MED019,1,1,0,0,0,6
2026-02-15,ST014,MED020,3,3,0,0,24,33
2026-02-15,ST014,MED021,9,9,0,0,12,52
2026-02-15,ST014,MED022,6,6,0,0,0,6
2026-02-15,ST014,MED023,11,11,0,0,36,38
2026-02-15,ST014,MED024,10,10,0,0,0,34
2026-02-15,ST014,MED025,1,1,0,0,12,28
2026-02-15,ST014,MED026,8,8,0,0,0,12
2026-02-15,ST014,MED027,11,11,0,72,12,62
2026-02-15,ST014,MED028,5,5,0,0,0,55
2026-02-15,ST014,MED029,12,12,0,0,0,6
2026-02-15,ST014,MED030,6,6,0,0,0,12
2026-02-15,ST015,MED001,12,12,0,72,24,65
2026-02-15,ST015,MED002,8,8,0,0,12,64
2026-02-15,ST015,MED003,1,1,0,0,24,12
2026-02-15,ST015,MED004,9,9,0,0,12,3
2026-02-15,ST015,MED005,10,10,0,0,12,54
2026-02-15,ST015,MED006,7,7,0,0,0,60
2026-02-15,ST015,MED007,2,2,0,0,24,16
2026-02-15,ST015,MED008,0,0,0,0,0,26
2026-02-15,ST015,MED009,9,9,0,0,0,29
2026-02-15,ST015,MED010,2,2,0,0,12,17
2026-02-15,ST015,MED011,11,11,0,0,42,33
2026-02-15,ST015,MED012,9,0,9,0,12,0
2026-02-15,ST015,MED013,5,5,0,0,0,56
2026-02-15,ST015,MED014,6,6,0,0,0,39
2026-02-15,ST015,MED015,14,14,0,0,24,68
2026-02-15,ST015,MED016,12,12,0,0,24,33
2026-02-15,ST015,MED017,15,15,0,72,12,58
2026-02-15,ST015,MED018,4,4,0,48,0,64
2026-02-15,ST015,MED019,5,5,0,24,0,25
2026-02-15,ST015,MED020,7,7,0,0,24,38
2026-02-15,ST015,MED021,8,8,0,0,24,46
2026-02-15,ST015,MED022,11,11,0,0,24,33
2026-02-15,ST015,MED023,11,11,0,0,0,22
2026-02-15,ST015,MED024,8,8,0,0,36,40
2026-02-15,ST015,MED025,5,5,0,0,0,11
2026-02-15,ST015,MED026,9,9,0,0,24,54
2026-02-15,ST015,MED027,13,13,0,0,48,39
2026-02-15,ST015,MED028,11,11,0,0,24,34
2026-02-15,ST015,MED029,7,7,0,0,0,21
2026-02-15,ST015,MED030,5,5,0,0,12,23
2026-02-15,ST016,MED001,13,13,0,72,24,70
2026-02-15,ST016,MED002,11,11,0,0,0,15
2026-02-15,ST016,MED003,6,6,0,0,24,15
2026-02-15,ST016,MED004,9,9,0,48,24,39
2026-02-15,ST016,MED005,8,8,0,0,24,54
2026-02-15,ST016,MED006,11,5,6,0,24,0
2026-02-15,ST016,MED007,4,4,0,0,24,18
2026-02-15,ST016,MED008,3,3,0,24,0,27
2026-02-15,ST016,MED009,8,8,0,0,0,12
2026-02-15,ST016,MED010,2,2,0,0,0,8
2026-02-15,ST016,MED011,11,11,0,0,42,35
2026-02-15,ST016,MED012,8,8,0,0,0,28
2026-02-15,ST016,MED013,4,0,4,0,12,0
2026-02-15,ST016,MED014,1,1,0,0,24,23
2026-02-15,ST016,MED015,11,11,0,0,72,40
2026-02-15,ST016,MED016,6,6,0,0,0,51
2026-02-15,ST016,MED017,13,13,0,0,12,10
2026-02-15,ST016,MED018,8,8,0,0,24,31
2026-02-15,ST016,MED019,2,2,0,24,24,22
2026-02-15,ST016,MED020,5,5,0,0,24,31
2026-02-15,ST016,MED021,10,10,0,0,0,20
2026-02-15,ST016,MED022,5,0,5,0,12,0
2026-02-15,ST016,MED023,10,10,0,0,0,13
2026-02-15,ST016,MED024,9,9,0,0,12,8
2026-02-15,ST016,MED025,9,9,0,48,12,44
2026-02-15,ST016,MED026,13,13,0,0,48,38
2026-02-15,ST016,MED027,9,9,0,72,0,86
2026-02-15,ST016,MED028,7,5,2,0,0,0
2026-02-15,ST016,MED029,7,7,0,0,48,32
2026-02-15,ST016,MED030,5,5,0,0,24,21
2026-02-15,ST017,MED001,14,14,0,72,24,74
2026-02-15,ST017,MED002,11,8,3,0,24,0
2026-02-15,ST017,MED003,6,6,0,0,24,10
2026-02-15,ST017,MED004,11,11,0,48,24,37
2026-02-15,ST017,MED005,15,15,0,0,48,45
2026-02-15,ST017,MED006,12,12,0,0,0,12
2026-02-15,ST017,MED007,6,6,0,0,24,14
2026-02-15,ST017,MED008,3,3,0,24,12,21
2026-02-15,ST017,MED009,10,10,0,0,48,44
2026-02-15,ST017,MED010,4,4,0,0,12,7
2026-02-15,ST017,MED011,11,11,0,60,36,49
2026-02-15,ST017,MED012,10,10,0,0,0,24
2026-02-15,ST017,MED013,9,9,0,0,24,33
2026-02-15,ST017,MED014,6,6,0,0,48,17
2026-02-15,ST017,MED015,14,14,0,0,0,4
2026-02-15,ST017,MED016,6,6,0,0,0,10
2026-02-15,ST017,MED017,14,14,0,0,48,34
2026-02-15,ST017,MED018,0,0,0,0,0,49
2026-02-15,ST017,MED019,2,2,0,0,0,5
2026-02-15,ST017,MED020,9,9,0,48,24,41
2026-02-15,ST017,MED021,10,10,0,60,42,50
2026-02-15,ST017,MED022,4,4,0,0,12,36
2026-02-15,ST017,MED023,9,9,0,0,24,58
2026-02-15,ST017,MED024,18,18,0,0,24,67
2026-02-15,ST017,MED025,7,7,0,0,36,17
2026-02-15,ST017,MED026,10,10,0,0,48,50
2026-02-15,ST017,MED027,15,15,0,0,48,55
2026-02-15,ST017,MED028,15,15,0,0,48,12
2026-02-15,ST017,MED029,10,10,0,0,0,75
2026-02-15,ST017,MED030,5,5,0,0,18,25
2026-02-15,ST018,MED001,14,14,0,0,0,21
2026-02-15,ST018,MED002,13,0,13,0,42,0
2026-02-15,ST018,MED003,3,0,3,0,24,0
2026-02-15,ST018,MED004,17,17,0,0,48,31
2026-02-15,ST018,MED005,16,0,16,0,24,0
2026-02-15,ST018,MED006,10,10,0,0,12,26
2026-02-15,ST018,MED007,4,0,4,0,24,0
2026-02-15,ST018,MED008,0,0,0,0,12,19
2026-02-15,ST018,MED009,16,10,6,0,36,0
2026-02-15,ST018,MED010,6,6,0,0,36,12
2026-02-15,ST018,MED011,22,2,20,0,30,0
2026-02-15,ST018,MED012,9,9,0,0,24,3
2026-02-15,ST018,MED013,7,7,0,0,12,9
2026-02-15,ST018,MED014,12,12,0,0,48,15
2026-02-15,ST018,MED015,26,26,0,72,72,46
2026-02-15,ST018,MED016,8,8,0,0,0,12
2026-02-15,ST018,MED017,12,12,0,0,36,57
2026-02-15,ST018,MED018,9,9,0,0,0,2
2026-02-15,ST018,MED019,0,0,0,0,24,7
2026-02-15,ST018,MED020,9,9,0,0,0,10
2026-02-15,ST018,MED021,14,14,0,0,60,29
2026-02-15,ST018,MED022,8,8,0,0,6,15
2026-02-15,ST018,MED023,14,14,0,0,12,16
2026-02-15,ST018,MED024,10,10,0,0,48,47
2026-02-15,ST018,MED025,8,8,0,0,24,33
2026-02-15,ST018,MED026,15,15,0,0,72,29
2026-02-15,ST018,MED027,13,13,0,0,0,32
2026-02-15,ST018,MED028,9,9,0,0,48,16
2026-02-15,ST018,MED029,10,10,0,0,48,29
2026-02-15,ST018,MED030,6,6,0,0,12,9
2026-02-15,ST019,MED001,16,0,16,0,24,0
2026-02-15,ST019,MED002,15,15,0,0,18,17
2026-02-15,ST019,MED003,5,0,5,0,24,0
2026-02-15,ST019,MED004,11,11,0,0,24,7
2026-02-15,ST019,MED005,16,2,14,0,48,0
2026-02-15,ST019,MED006,17,17,0,60,60,43
2026-02-15,ST019,MED007,1,1,0,0,24,5
2026-02-15,ST019,MED008,1,1,0,24,0,31
2026-02-15,ST019,MED009,14,4,10,0,36,0
2026-02-15,ST019,MED010,3,3,0,0,24,27
2026-02-15,ST019,MED011,18,18,0,0,78,34
2026-02-15,ST019,MED012,10,10,0,0,24,13
2026-02-15,ST019,MED013,11,11,0,0,12,11
2026-02-15,ST019,MED014,8,8,0,0,0,9
2026-02-15,ST019,MED015,20,20,0,72,48,65
2026-02-15,ST019,MED016,9,5,4,0,24,0
2026-02-15,ST019,MED017,15,2,13,0,36,0
2026-02-15,ST019,MED018,10,10,0,0,0,13
2026-02-15,ST019,MED019,3,2,1,0,24,0
2026-02-15,ST019,MED020,9,9,0,0,24,38
2026-02-15,ST019,MED021,13,13,0,0,6,21
2026-02-15,ST019,MED022,11,11,0,0,30,0
2026-02-15,ST019,MED023,11,11,0,0,60,36
2026-02-15,ST019,MED024,17,13,4,0,48,0
2026-02-15,ST019,MED025,7,7,0,0,12,5
2026-02-15,ST019,MED026,12,12,0,0,24,29
2026-02-15,ST019,MED027,19,19,0,0,60,48
2026-02-15,ST019,MED028,5,5,0,0,0,4
2026-02-15,ST019,MED029,14,14,0,0,72,22
2026-02-15,ST019,MED030,8,8,0,30,30,22
2026-02-15,ST020,MED001,16,16,0,0,48,71
2026-02-15,ST020,MED002,18,18,0,72,48,54
2026-02-15,ST020,MED003,6,6,0,24,24,19
2026-02-15,ST020,MED004,11,7,4,0,24,0
2026-02-15,ST020,MED005,23,23,0,60,48,61
2026-02-15,ST020,MED006,12,12,0,0,72,28
2026-02-15,ST020,MED007,1,1,0,24,24,23
2026-02-15,ST020,MED008,2,2,0,0,12,7
2026-02-15,ST020,MED009,19,19,0,0,36,5
2026-02-15,ST020,MED010,4,4,0,0,24,19
2026-02-15,ST020,MED011,14,4,10,0,30,0
2026-02-15,ST020,MED012,16,0,16,0,48,0
2026-02-15,ST020,MED013,13,13,0,48,48,35
2026-02-15,ST020,MED014,9,9,0,0,48,16
2026-02-15,ST020,MED015,14,14,0,72,72,58
2026-02-15,ST020,MED016,7,7,0,48,48,41
2026-02-15,ST020,MED017,13,13,0,60,72,47
2026-02-15,ST020,MED018,3,3,0,48,24,45
2026-02-15,ST020,MED019,0,0,0,24,24,24
2026-02-15,ST020,MED020,13,13,0,0,24,13
2026-02-15,ST020,MED021,10,10,0,0,66,41
2026-02-15,ST020,MED022,11,11,0,0,60,18
2026-02-15,ST020,MED023,14,14,0,0,24,8
2026-02-15,ST020,MED024,17,0,17,0,60,0
2026-02-15,ST020,MED025,9,2,7,0,12,0
2026-02-15,ST020,MED026,17,17,0,0,72,40
2026-02-15,ST020,MED027,20,20,0,0,84,47
2026-02-15,ST020,MED028,7,7,0,0,48,29
2026-02-15,ST020,MED029,17,17,0,72,48,59
2026-02-15,ST020,MED030,10,10,0,0,18,7
2026-02-15,ST021,MED001,10,10,0,0,0,25
2026-02-15,ST021,MED002,10,10,0,0,0,16
2026-02-15,ST021,MED003,0,0,0,0,0,26
2026-02-15,ST021,MED004,4,4,0,0,0,26
2026-02-15,ST021,MED005,3,3,0,0,0,79
2026-02-15,ST021,MED006,9,9,0,0,0,5
2026-02-15,ST021,MED007,1,1,0,0,24,17
2026-02-15,ST021,MED008,3,3,0,0,12,18
2026-02-15,ST021,MED009,10,10,0,0,0,24
2026-02-15,ST021,MED010,3,3,0,24,0,28
2026-02-15,ST021,MED011,12,12,0,0,0,30
2026-02-15,ST021,MED012,9,9,0,0,0,68
2026-02-15,ST021,MED013,5,5,0,0,12,34
2026-02-15,ST021,MED014,5,5,0,0,24,31
2026-02-15,ST021,MED015,9,9,0,0,24,45
2026-02-15,ST021,MED016,4,4,0,0,24,34
2026-02-15,ST021,MED017,11,11,0,0,0,64
2026-02-15,ST021,MED018,5,5,0,0,24,34
2026-02-15,ST021,MED019,1,1,0,0,24,14
2026-02-15,ST021,MED020,7,7,0,0,24,35
2026-02-15,ST021,MED021,10,10,0,0,0,20
2026-02-15,ST021,MED022,8,8,0,0,0,15
2026-02-15,ST021,MED023,10,10,0,0,0,29
2026-02-15,ST021,MED024,11,11,0,0,0,70
2026-02-15,ST021,MED025,7,7,0,0,0,37
2026-02-15,ST021,MED026,9,9,0,0,0,18
2026-02-15,ST021,MED027,11,11,0,0,0,72
2026-02-15,ST021,MED028,6,6,0,0,0,45
2026-02-15,ST021,MED029,8,8,0,0,24,47
2026-02-15,ST021,MED030,7,7,0,0,12,19
2026-02-15,ST022,MED001,8,8,0,0,48,46
2026-02-15,ST022,MED002,4,4,0,0,0,81
2026-02-15,ST022,MED003,4,4,0,0,24,15
2026-02-15,ST022,MED004,8,8,0,0,12,1
2026-02-15,ST022,MED005,13,13,0,0,0,15
2026-02-15,ST022,MED006,9,9,0,0,24,39
2026-02-15,ST022,MED007,4,4,0,24,24,20
2026-02-15,ST022,MED008,5,5,0,24,12,19
2026-02-15,ST022,MED009,12,12,0,0,0,14
2026-02-15,ST022,MED010,4,4,0,0,12,17
2026-02-15,ST022,MED011,10,10,0,0,36,41
2026-02-15,ST022,MED012,10,10,0,0,0,23
2026-02-15,ST022,MED013,5,5,0,0,0,13
2026-02-15,ST022,MED014,4,4,0,0,0,7
2026-02-15,ST022,MED015,13,13,0,0,48,47
2026-02-15,ST022,MED016,9,9,0,0,24,32
2026-02-15,ST022,MED017,8,8,0,0,0,22
2026-02-15,ST022,MED018,8,8,0,0,0,39
2026-02-15,ST022,MED019,2,0,2,0,0,0
2026-02-15,ST022,MED020,7,7,0,0,24,30
2026-02-15,ST022,MED021,7,7,0,54,0,72
2026-02-15,ST022,MED022,6,6,0,0,18,25
2026-02-15,ST022,MED023,12,12,0,0,24,47
2026-02-15,ST022,MED024,8,8,0,72,0,100
2026-02-15,ST022,MED025,6,6,0,36,12,33
2026-02-15,ST022,MED026,11,11,0,0,0,7
2026-02-15,ST022,MED027,10,10,0,0,12,76
2026-02-15,ST022,MED028,5,5,0,0,0,44
2026-02-15,ST022,MED029,11,11,0,72,0,81
2026-02-15,ST022,MED030,1,1,0,0,0,29
2026-02-15,ST023,MED001,11,11,0,0,48,42
2026-02-15,ST023,MED002,12,12,0,0,6,2
2026-02-15,ST023,MED003,3,3,0,0,0,7
2026-02-15,ST023,MED004,8,8,0,0,36,25
2026-02-15,ST023,MED005,12,12,0,0,48,33
2026-02-15,ST023,MED006,12,12,0,0,0,27
2026-02-15,ST023,MED007,3,3,0,24,24,21
2026-02-15,ST023,MED008,7,7,0,24,12,21
2026-02-15,ST023,MED009,14,14,0,60,24,46
2026-02-15,ST023,MED010,5,5,0,0,0,10
2026-02-15,ST023,MED011,16,16,0,66,36,50
2026-02-15,ST023,MED012,14,14,0,0,24,46
2026-02-15,ST023,MED013,5,5,0,0,0,7
2026-02-15,ST023,MED014,9,9,0,48,24,39
2026-02-15,ST023,MED015,13,13,0,0,24,68
2026-02-15,ST023,MED016,6,3,3,0,24,0
2026-02-15,ST023,MED017,11,11,0,0,0,25
2026-02-15,ST023,MED018,7,7,0,48,24,44
2026-02-15,ST023,MED019,3,3,0,0,0,6
2026-02-15,ST023,MED020,8,8,0,0,24,32
2026-02-15,ST023,MED021,8,8,0,0,0,29
2026-02-15,ST023,MED022,12,12,0,0,42,16
2026-02-15,ST023,MED023,11,11,0,0,24,54
2026-02-15,ST023,MED024,10,10,0,0,0,18
2026-02-15,ST023,MED025,6,0,6,0,0,0
2026-02-15,ST023,MED026,11,11,0,0,48,62
2026-02-15,ST023,MED027,11,11,0,0,60,37
2026-02-15,ST023,MED028,4,4,0,0,24,31
2026-02-15,ST023,MED029,5,5,0,0,48,33
2026-02-15,ST023,MED030,7,7,0,0,18,27
2026-02-15,ST024,MED001,11,11,0,0,48,46
2026-02-15,ST024,MED002,11,11,0,0,36,50
2026-02-15,ST024,MED003,7,7,0,0,24,20
2026-02-15,ST024,MED004,12,12,0,48,12,55
2026-02-15,ST024,MED005,13,13,0,0,0,23
2026-02-15,ST024,MED006,16,16,0,0,72,24
2026-02-15,ST024,MED007,4,4,0,0,0,21
2026-02-15,ST024,MED008,5,5,0,0,12,19
2026-02-15,ST024,MED009,13,9,4,0,12,0
2026-02-15,ST024,MED010,2,2,0,0,12,7
2026-02-15,ST024,MED011,13,13,0,0,54,35
2026-02-15,ST024,MED012,13,13,0,0,0,18
2026-02-15,ST024,MED013,5,5,0,0,0,18
2026-02-15,ST024,MED014,5,5,0,0,0,7
2026-02-15,ST024,MED015,13,13,0,0,0,23
2026-02-15,ST024,MED016,10,10,0,0,48,20
2026-02-15,ST024,MED017,12,12,0,0,36,52
2026-02-15,ST024,MED018,6,6,0,0,24,31
2026-02-15,ST024,MED019,2,2,0,0,24,17
2026-02-15,ST024,MED020,7,7,0,0,48,26
2026-02-15,ST024,MED021,17,3,14,0,18,0
2026-02-15,ST024,MED022,8,8,0,0,42,22
2026-02-15,ST024,MED023,15,15,0,84,36,69
2026-02-15,ST024,MED024,14,14,0,0,48,44
2026-02-15,ST024,MED025,5,5,0,0,12,31
2026-02-15,ST024,MED026,16,10,6,0,24,0
2026-02-15,ST024,MED027,11,11,0,0,60,39
2026-02-15,ST024,MED028,8,8,0,0,0,10
2026-02-15,ST024,MED029,9,9,0,0,0,22
2026-02-15,ST024,MED030,6,6,0,0,24,16
2026-02-15,ST025,MED001,13,13,0,0,48,46
2026-02-15,ST025,MED002,11,11,0,0,6,32
2026-02-15,ST025,MED003,4,4,0,24,0,26
2026-02-15,ST025,MED004,14,1,13,0,24,0
2026-02-15,ST025,MED005,24,24,0,0,48,53
2026-02-15,ST025,MED006,12,12,0,0,12,5
2026-02-15,ST025,MED007,3,3,0,0,24,16
2026-02-15,ST025,MED008,4,4,0,0,24,15
2026-02-15,ST025,MED009,14,14,0,60,36,49
2026-02-15,ST025,MED010,1,1,0,0,24,19
2026-02-15,ST025,MED011,12,0,12,0,24,0
2026-02-15,ST025,MED012,12,12,0,0,24,58
2026-02-15,ST025,MED013,11,11,0,0,12,9
2026-02-15,ST025,MED014,10,10,0,0,24,41
2026-02-15,ST025,MED015,16,16,0,0,24,14
2026-02-15,ST025,MED016,10,10,0,0,24,10
2026-02-15,ST025,MED017,16,16,0,0,48,56
2026-02-15,ST025,MED018,7,7,0,0,0,16
2026-02-15,ST025,MED019,8,8,0,0,24,5
2026-02-15,ST025,MED020,9,9,0,48,0,62
2026-02-15,ST025,MED021,14,6,8,0,30,0
2026-02-15,ST025,MED022,10,0,10,0,36,0
2026-02-15,ST025,MED023,12,12,0,0,36,54
2026-02-15,ST025,MED024,13,13,0,72,12,89
2026-02-15,ST025,MED025,6,6,0,0,36,20
2026-02-15,ST025,MED026,17,17,0,0,24,22
2026-02-15,ST025,MED027,15,15,0,0,0,30
2026-02-15,ST025,MED028,6,6,0,0,0,14
2026-02-15,ST025,MED029,10,10,0,0,0,10
2026-02-15,ST025,MED030,8,8,0,0,30,16
2026-02-15,ST026,MED001,19,19,0,0,72,46
2026-02-15,ST026,MED002,12,12,0,0,36,0
2026-02-15,ST026,MED003,5,5,0,0,24,9
2026-02-15,ST026,MED004,10,3,7,0,36,0
2026-02-15,ST026,MED005,15,15,0,0,36,1
2026-02-15,ST026,MED006,11,11,0,0,24,0
2026-02-15,ST026,MED007,4,4,0,0,24,5
2026-02-15,ST026,MED008,7,0,7,0,12,0
2026-02-15,ST026,MED009,10,10,0,0,60,36
2026-02-15,ST026,MED010,5,0,5,0,24,0
2026-02-15,ST026,MED011,13,13,0,0,6,21
2026-02-15,ST026,MED012,13,0,13,0,24,0
2026-02-15,ST026,MED013,15,15,0,0,48,23
2026-02-15,ST026,MED014,7,7,0,0,24,26
2026-02-15,ST026,MED015,16,16,0,0,72,50
2026-02-15,ST026,MED016,8,8,0,48,24,43
2026-02-15,ST026,MED017,20,3,17,0,36,0
2026-02-15,ST026,MED018,9,9,0,48,24,45
2026-02-15,ST026,MED019,3,3,0,0,24,16
2026-02-15,ST026,MED020,14,14,0,48,48,34
2026-02-15,ST026,MED021,14,14,0,0,60,34
2026-02-15,ST026,MED022,9,9,0,0,12,17
2026-02-15,ST026,MED023,14,14,0,0,12,29
2026-02-15,ST026,MED024,16,16,0,0,84,38
2026-02-15,ST026,MED025,10,3,7,0,24,0
2026-02-15,ST026,MED026,14,14,0,0,72,50
2026-02-15,ST026,MED027,14,12,2,0,36,0
2026-02-15,ST026,MED028,7,7,0,0,24,41
2026-02-15,ST026,MED029,15,15,0,0,24,10
2026-02-15,ST026,MED030,3,3,0,30,24,27
2026-02-15,ST027,MED001,16,16,0,0,24,23
2026-02-15,ST027,MED002,15,15,0,0,72,42
2026-02-15,ST027,MED003,5,5,0,0,24,5
2026-02-15,ST027,MED004,13,13,0,0,12,14
2026-02-15,ST027,MED005,15,15,0,72,36,75
2026-02-15,ST027,MED006,12,12,0,60,60,48
2026-02-15,ST027,MED007,7,7,0,24,24,17
2026-02-15,ST027,MED008,1,1,0,0,24,15
2026-02-15,ST027,MED009,15,15,0,0,60,46
2026-02-15,ST027,MED010,4,4,0,0,24,16
2026-02-15,ST027,MED011,18,18,0,0,24,12
2026-02-15,ST027,MED012,15,0,15,0,24,0
2026-02-15,ST027,MED013,8,8,0,48,24,40
2026-02-15,ST027,MED014,10,10,0,0,24,28
2026-02-15,ST027,MED015,16,16,0,0,96,36
2026-02-15,ST027,MED016,9,9,0,48,48,39
2026-02-15,ST027,MED017,17,17,0,0,84,31
2026-02-15,ST027,MED018,10,10,0,0,0,6
2026-02-15,ST027,MED019,5,5,0,0,24,1
2026-02-15,ST027,MED020,9,9,0,0,24,18
2026-02-15,ST027,MED021,13,13,0,0,24,23
2026-02-15,ST027,MED022,14,14,0,0,54,18
2026-02-15,ST027,MED023,17,2,15,0,36,0
2026-02-15,ST027,MED024,22,22,0,72,72,51
2026-02-15,ST027,MED025,9,9,0,48,24,39
2026-02-15,ST027,MED026,17,17,0,0,24,24
2026-02-15,ST027,MED027,17,17,0,0,84,33
2026-02-15,ST027,MED028,9,9,0,0,24,7
2026-02-15,ST027,MED029,13,13,0,0,72,26
2026-02-15,ST027,MED030,10,10,0,0,18,8
2026-02-15,ST028,MED001,14,14,0,0,24,47
2026-02-15,ST028,MED002,11,11,0,0,30,46
2026-02-15,ST028,MED003,2,2,0,0,0,27
2026-02-15,ST028,MED004,2,2,0,0,0,6
2026-02-15,ST028,MED005,10,10,0,0,24,42
2026-02-15,ST028,MED006,7,7,0,0,36,34
2026-02-15,ST028,MED007,5,5,0,0,24,7
2026-02-15,ST028,MED008,3,3,0,0,0,7
2026-02-15,ST028,MED009,8,8,0,60,0,61
2026-02-15,ST028,MED010,4,4,0,0,12,21
2026-02-15,ST028,MED011,6,6,0,0,18,44
2026-02-15,ST028,MED012,7,7,0,0,0,28
2026-02-15,ST028,MED013,7,7,0,0,0,14
2026-02-15,ST028,MED014,7,7,0,0,48,13
2026-02-15,ST028,MED015,10,10,0,0,0,8
2026-02-15,ST028,MED016,2,2,0,0,0,40
2026-02-15,ST028,MED017,7,7,0,0,0,30
2026-02-15,ST028,MED018,1,1,0,48,0,48
2026-02-15,ST028,MED019,5,5,0,0,24,7
2026-02-15,ST028,MED020,7,7,0,0,0,20
2026-02-15,ST028,MED021,8,8,0,0,18,37
2026-02-15,ST028,MED022,7,7,0,0,0,19
2026-02-15,ST028,MED023,12,12,0,0,24,45
2026-02-15,ST028,MED024,10,10,0,72,0,86
2026-02-15,ST028,MED025,8,8,0,0,24,27
2026-02-15,ST028,MED026,11,11,0,0,48,42
2026-02-15,ST028,MED027,11,11,0,0,0,26
2026-02-15,ST028,MED028,3,3,0,0,0,47
2026-02-15,ST028,MED029,9,9,0,0,0,64
2026-02-15,ST028,MED030,5,5,0,0,18,23
2026-02-15,ST029,MED001,8,8,0,0,24,51
2026-02-15,ST029,MED002,13,13,0,0,42,32
2026-02-15,ST029,MED003,6,6,0,0,24,6
2026-02-15,ST029,MED004,5,5,0,0,36,28
2026-02-15,ST029,MED005,9,9,0,0,0,16
2026-02-15,ST029,MED006,10,10,0,0,24,44
2026-02-15,ST029,MED007,1,1,0,0,0,7
2026-02-15,ST029,MED008,2,2,0,0,12,19
2026-02-15,ST029,MED009,11,11,0,0,0,64
2026-02-15,ST029,MED010,3,3,0,0,12,20
2026-02-15,ST029,MED011,11,11,0,0,24,48
2026-02-15,ST029,MED012,9,9,0,0,0,53
2026-02-15,ST029,MED013,2,2,0,0,0,51
2026-02-15,ST029,MED014,5,5,0,0,0,30
2026-02-15,ST029,MED015,10,10,0,0,0,13
2026-02-15,ST029,MED016,4,4,0,0,0,42
2026-02-15,ST029,MED017,5,5,0,0,0,74
2026-02-15,ST029,MED018,9,9,0,0,24,26
2026-02-15,ST029,MED019,4,4,0,24,24,20
2026-02-15,ST029,MED020,5,5,0,0,0,14
2026-02-15,ST029,MED021,10,10,0,0,0,29
2026-02-15,ST029,MED022,6,0,6,0,6,0
2026-02-15,ST029,MED023,12,12,0,0,0,1
2026-02-15,ST029,MED024,11,11,0,0,12,3
2026-02-15,ST029,MED025,8,8,0,0,24,20
2026-02-15,ST029,MED026,11,11,0,0,48,33
2026-02-15,ST029,MED027,11,11,0,72,0,94
2026-02-15,ST029,MED028,3,3,0,0,24,37
2026-02-15,ST029,MED029,8,8,0,72,0,67
2026-02-15,ST029,MED030,5,5,0,0,18,20
2026-02-15,ST030,MED001,13,13,0,0,0,30
2026-02-15,ST030,MED002,10,10,0,0,12,12
2026-02-15,ST030,MED003,2,2,0,0,0,23
2026-02-15,ST030,MED004,8,8,0,0,24,42
2026-02-15,ST030,MED005,8,8,0,0,0,2
2026-02-15,ST030,MED006,13,13,0,0,36,42
2026-02-15,ST030,MED007,0,0,0,0,24,12
2026-02-15,ST030,MED008,6,6,0,0,12,13
2026-02-15,ST030,MED009,10,10,0,0,12,54
2026-02-15,ST030,MED010,7,7,0,36,12,29
2026-02-15,ST030,MED011,15,15,0,0,48,32
2026-02-15,ST030,MED012,11,11,0,0,12,8
2026-02-15,ST030,MED013,6,6,0,0,24,24
2026-02-15,ST030,MED014,1,1,0,0,0,45
2026-02-15,ST030,MED015,8,8,0,0,48,44
2026-02-15,ST030,MED016,10,7,3,0,24,0
2026-02-15,ST030,MED017,15,15,0,0,48,35
2026-02-15,ST030,MED018,4,4,0,0,24,26
2026-02-15,ST030,MED019,2,2,0,0,24,14
2026-02-15,ST030,MED020,5,5,0,0,0,21
2026-02-15,ST030,MED021,11,11,0,0,42,32
2026-02-15,ST030,MED022,9,9,0,0,30,24
2026-02-15,ST030,MED023,12,12,0,0,12,68
2026-02-15,ST030,MED024,11,11,0,72,24,61
2026-02-15,ST030,MED025,9,9,0,0,0,12
2026-02-15,ST030,MED026,12,12,0,0,24,72
2026-02-15,ST030,MED027,11,11,0,0,0,26
2026-02-15,ST030,MED028,10,10,0,0,0,7
2026-02-15,ST030,MED029,7,7,0,0,0,56
2026-02-15,ST030,MED030,10,10,0,0,18,30
2026-02-15,ST031,MED001,12,12,0,72,0,85
2026-02-15,ST031,MED002,15,0,15,0,12,0
2026-02-15,ST031,MED003,6,6,0,0,24,12
2026-02-15,ST031,MED004,8,8,0,48,24,45
2026-02-15,ST031,MED005,9,9,0,0,12,75
2026-02-15,ST031,MED006,13,13,0,60,36,47
2026-02-15,ST031,MED007,5,0,5,0,24,0
2026-02-15,ST031,MED008,5,5,0,24,0,27
2026-02-15,ST031,MED009,12,12,0,72,24,69
2026-02-15,ST031,MED010,0,0,0,0,0,12
2026-02-15,ST031,MED011,15,13,2,0,12,0
2026-02-15,ST031,MED012,10,10,0,0,12,8
2026-02-15,ST031,MED013,5,5,0,0,24,32
2026-02-15,ST031,MED014,5,5,0,0,0,46
2026-02-15,ST031,MED015,10,0,10,0,24,0
2026-02-15,ST031,MED016,10,10,0,0,0,14
2026-02-15,ST031,MED017,13,13,0,0,0,29
2026-02-15,ST031,MED018,4,4,0,0,48,27
2026-02-15,ST031,MED019,1,0,1,0,24,0
2026-02-15,ST031,MED020,8,8,0,0,48,27
2026-02-15,ST031,MED021,14,14,0,0,0,19
2026-02-15,ST031,MED022,8,8,0,0,12,42
2026-02-15,ST031,MED023,17,3,14,0,24,0
2026-02-15,ST031,MED024,10,10,0,0,48,46
2026-02-15,ST031,MED025,7,7,0,0,24,24
2026-02-15,ST031,MED026,24,24,0,0,72,24
2026-02-15,ST031,MED027,12,12,0,72,24,63
2026-02-15,ST031,MED028,6,6,0,48,24,45
2026-02-15,ST031,MED029,15,15,0,0,24,49
2026-02-15,ST031,MED030,6,6,0,0,18,23
2026-02-15,ST032,MED001,13,13,0,72,24,69
2026-02-15,ST032,MED002,11,11,0,0,54,33
2026-02-15,ST032,MED003,4,4,0,0,24,0
2026-02-15,ST032,MED004,12,12,0,48,12,57
2026-02-15,ST032,MED005,15,15,0,0,36,46
2026-02-15,ST032,MED006,18,18,0,0,72,22
2026-02-15,ST032,MED007,5,5,0,24,24,19
2026-02-15,ST032,MED008,0,0,0,0,0,23
2026-02-15,ST032,MED009,17,7,10,0,24,0
2026-02-15,ST032,MED010,5,5,0,0,36,11
2026-02-15,ST032,MED011,12,12,0,0,6,25
2026-02-15,ST032,MED012,10,10,0,0,48,39
2026-02-15,ST032,MED013,5,5,0,0,36,31
2026-02-15,ST032,MED014,3,3,0,0,0,0
2026-02-15,ST032,MED015,17,17,0,0,24,20
2026-02-15,ST032,MED016,9,5,4,0,24,0
2026-02-15,ST032,MED017,14,14,0,0,60,37
2026-02-15,ST032,MED018,8,8,0,0,0,8
2026-02-15,ST032,MED019,4,4,0,0,24,20
2026-02-15,ST032,MED020,10,10,0,0,0,16
2026-02-15,ST032,MED021,13,13,0,60,30,57
2026-02-15,ST032,MED022,13,13,0,0,42,29
2026-02-15,ST032,MED023,14,14,0,72,12,81
2026-02-15,ST032,MED024,19,0,19,0,36,0
2026-02-15,ST032,MED025,7,7,0,0,36,22
2026-02-15,ST032,MED026,12,12,0,0,96,34
2026-02-15,ST032,MED027,15,15,0,72,36,57
2026-02-15,ST032,MED028,5,5,0,48,24,43
2026-02-15,ST032,MED029,12,12,0,0,48,50
2026-02-15,ST032,MED030,6,6,0,0,18,27
2026-02-15,ST033,MED001,14,14,0,0,72,38
2026-02-15,ST033,MED002,14,6,8,0,30,0
2026-02-15,ST033,MED003,6,6,0,0,24,6
2026-02-15,ST033,MED004,11,5,6,0,36,0
2026-02-15,ST033,MED005,15,15,0,0,48,47
2026-02-15,ST033,MED006,12,12,0,0,12,26
2026-02-15,ST033,MED007,0,0,0,0,24,16
2026-02-15,ST033,MED008,2,2,0,0,24,14
2026-02-15,ST033,MED009,15,15,0,60,48,53
2026-02-15,ST033,MED010,9,9,0,0,12,24
2026-02-15,ST033,MED011,12,12,0,66,36,54
2026-02-15,ST033,MED012,14,14,0,60,48,54
2026-02-15,ST033,MED013,9,9,0,48,36,39
2026-02-15,ST033,MED014,6,6,0,0,0,12
2026-02-15,ST033,MED015,15,15,0,0,48,4
2026-02-15,ST033,MED016,9,9,0,0,0,17
2026-02-15,ST033,MED017,13,13,0,0,72,33
2026-02-15,ST033,MED018,9,9,0,0,48,25
2026-02-15,ST033,MED019,6,6,0,0,24,15
2026-02-15,ST033,MED020,9,9,0,0,24,11
2026-02-15,ST033,MED021,17,17,0,0,12,18
2026-02-15,ST033,MED022,9,9,0,0,48,20
2026-02-15,ST033,MED023,14,0,14,0,36,0
2026-02-15,ST033,MED024,16,16,0,0,72,42
2026-02-15,ST033,MED025,9,9,0,0,12,12
2026-02-15,ST033,MED026,21,21,0,0,72,43
2026-02-15,ST033,MED027,17,17,0,0,72,40
2026-02-15,ST033,MED028,8,8,0,0,0,8
2026-02-15,ST033,MED029,12,12,0,0,48,47
2026-02-15,ST033,MED030,3,3,0,0,24,17
2026-02-15,ST034,MED001,19,19,0,0,48,11
2026-02-15,ST034,MED002,13,13,0,0,66,41
2026-02-15,ST034,MED003,7,7,0,0,48,6
2026-02-15,ST034,MED004,11,11,0,0,60,27
2026-02-15,ST034,MED005,15,15,0,72,48,57
2026-02-15,ST034,MED006,18,18,0,0,36,14
2026-02-15,ST034,MED007,2,2,0,0,24,3
2026-02-15,ST034,MED008,0,0,0,0,12,15
2026-02-15,ST034,MED009,18,18,0,0,84,31
2026-02-15,ST034,MED010,5,5,0,0,12,0
2026-02-15,ST034,MED011,16,16,0,0,66,42
2026-02-15,ST034,MED012,13,13,0,0,36,0
2026-02-15,ST034,MED013,8,5,3,0,24,0
2026-02-15,ST034,MED014,4,4,0,0,24,3
2026-02-15,ST034,MED015,20,20,0,0,48,76
2026-02-15,ST034,MED016,11,9,2,0,24,0
2026-02-15,ST034,MED017,13,0,13,0,60,0
2026-02-15,ST034,MED018,9,9,0,0,24,36
2026-02-15,ST034,MED019,5,5,0,0,24,4
2026-02-15,ST034,MED020,14,14,0,0,48,32
2026-02-15,ST034,MED021,12,12,0,0,12,22
2026-02-15,ST034,MED022,11,1,10,0,18,0
2026-02-15,ST034,MED023,15,15,0,0,36,17
2026-02-15,ST034,MED024,17,17,0,72,60,58
2026-02-15,ST034,MED025,7,0,7,0,36,0
2026-02-15,ST034,MED026,14,8,6,0,48,0
2026-02-15,ST034,MED027,20,20,0,0,60,62
2026-02-15,ST034,MED028,6,6,0,0,24,12
2026-02-15,ST034,MED029,11,11,0,0,24,24
2026-02-15,ST034,MED030,7,7,0,0,24,2
2026-02-15,ST035,MED001,13,13,0,0,24,61
2026-02-15,ST035,MED002,7,7,0,0,0,29
2026-02-15,ST035,MED003,1,1,0,0,0,2
2026-02-15,ST035,MED004,5,5,0,48,0,50
2026-02-15,ST035,MED005,9,9,0,0,24,41
2026-02-15,ST035,MED006,12,12,0,0,0,22
2026-02-15,ST035,MED007,4,4,0,24,0,31
2026-02-15,ST035,MED008,2,2,0,0,0,8
2026-02-15,ST035,MED009,8,8,0,0,24,44
2026-02-15,ST035,MED010,6,6,0,0,12,12
2026-02-15,ST035,MED011,10,10,0,0,0,10
2026-02-15,ST035,MED012,13,13,0,0,24,47
2026-02-15,ST035,MED013,5,5,0,0,0,51
2026-02-15,ST035,MED014,4,0,4,0,0,0
2026-02-15,ST035,MED015,13,13,0,0,24,57
2026-02-15,ST035,MED016,3,3,0,0,24,37
2026-02-15,ST035,MED017,2,2,0,0,24,46
2026-02-15,ST035,MED018,3,3,0,0,0,33
2026-02-15,ST035,MED019,0,0,0,24,0,26
2026-02-15,ST035,MED020,7,7,0,0,0,56
2026-02-15,ST035,MED021,10,10,0,0,0,26
2026-02-15,ST035,MED022,4,4,0,0,0,50
2026-02-15,ST035,MED023,11,11,0,72,0,78
2026-02-15,ST035,MED024,9,9,0,0,36,44
2026-02-15,ST035,MED025,6,6,0,0,0,13
2026-02-15,ST035,MED026,10,10,0,0,24,36
2026-02-15,ST035,MED027,8,8,0,0,0,81
2026-02-15,ST035,MED028,4,4,0,0,0,15
2026-02-15,ST035,MED029,7,7,0,0,24,54
2026-02-15,ST035,MED030,5,5,0,0,6,24
2026-02-15,ST036,MED001,12,12,0,0,0,15
2026-02-15,ST036,MED002,11,11,0,0,36,36
2026-02-15,ST036,MED003,3,3,0,0,24,15
2026-02-15,ST036,MED004,10,10,0,0,12,1
2026-02-15,ST036,MED005,11,11,0,0,0,24
2026-02-15,ST036,MED006,9,9,0,0,12,1
2026-02-15,ST036,MED007,2,2,0,24,0,23
2026-02-15,ST036,MED008,0,0,0,0,12,12
2026-02-15,ST036,MED009,7,7,0,0,24,43
2026-02-15,ST036,MED010,4,0,4,0,12,0
2026-02-15,ST036,MED011,16,16,0,0,36,38
2026-02-15,ST036,MED012,8,8,0,0,0,62
2026-02-15,ST036,MED013,11,11,0,0,24,31
2026-02-15,ST036,MED014,6,6,0,0,0,7
2026-02-15,ST036,MED015,11,11,0,0,48,48
2026-02-15,ST036,MED016,10,10,0,0,24,43
2026-02-15,ST036,MED017,7,7,0,60,0,87
2026-02-15,ST036,MED018,3,3,0,0,24,31
2026-02-15,ST036,MED019,0,0,0,0,0,7
2026-02-15,ST036,MED020,4,4,0,0,24,37
2026-02-15,ST036,MED021,10,10,0,0,0,14
2026-02-15,ST036,MED022,8,8,0,0,24,23
2026-02-15,ST036,MED023,8,8,0,0,0,22
2026-02-15,ST036,MED024,9,9,0,0,0,81
2026-02-15,ST036,MED025,4,4,0,0,0,6
2026-02-15,ST036,MED026,11,1,10,0,0,0
2026-02-15,ST036,MED027,10,10,0,0,0,34
2026-02-15,ST036,MED028,7,7,0,0,0,12
2026-02-15,ST036,MED029,8,8,0,0,0,3
2026-02-15,ST036,MED030,4,4,0,0,0,10
2026-02-15,ST037,MED001,10,10,0,0,24,3
2026-02-15,ST037,MED002,11,11,0,0,36,43
2026-02-15,ST037,MED003,2,0,2,0,24,0
2026-02-15,ST037,MED004,10,10,0,0,0,16
2026-02-15,ST037,MED005,13,13,0,72,12,80
2026-02-15,ST037,MED006,6,6,0,60,0,73
2026-02-15,ST037,MED007,8,8,0,0,24,8
2026-02-15,ST037,MED008,3,3,0,24,0,26
2026-02-15,ST037,MED009,15,15,0,0,12,16
2026-02-15,ST037,MED010,6,6,0,0,0,9
2026-02-15,ST037,MED011,7,7,0,0,42,40
2026-02-15,ST037,MED012,8,8,0,0,36,38
2026-02-15,ST037,MED013,13,13,0,0,36,16
2026-02-15,ST037,MED014,3,3,0,0,0,52
2026-02-15,ST037,MED015,13,13,0,0,48,53
2026-02-15,ST037,MED016,9,9,0,0,0,10
2026-02-15,ST037,MED017,12,12,0,0,24,55
2026-02-15,ST037,MED018,5,5,0,0,0,5
2026-02-15,ST037,MED019,1,1,0,0,24,21
2026-02-15,ST037,MED020,9,9,0,0,24,3
2026-02-15,ST037,MED021,12,0,12,0,12,0
2026-02-15,ST037,MED022,6,6,0,0,24,29
2026-02-15,ST037,MED023,11,11,0,0,36,50
2026-02-15,ST037,MED024,11,11,0,0,24,1
2026-02-15,ST037,MED025,7,7,0,0,24,25
2026-02-15,ST037,MED026,10,10,0,0,0,21
2026-02-15,ST037,MED027,14,14,0,0,60,45
2026-02-15,ST037,MED028,5,5,0,0,0,48
2026-02-15,ST037,MED029,9,9,0,0,24,53
2026-02-15,ST037,MED030,8,8,0,0,6,4
2026-02-15,ST038,MED001,16,16,0,72,48,56
2026-02-15,ST038,MED002,13,13,0,0,12,8
2026-02-15,ST038,MED003,3,3,0,0,24,10
2026-02-15,ST038,MED004,11,0,11,0,24,0
2026-02-15,ST038,MED005,13,13,0,0,12,22
2026-02-15,ST038,MED006,15,11,4,0,24,0
2026-02-15,ST038,MED007,5,5,0,0,24,4
2026-02-15,ST038,MED008,1,1,0,0,0,28
2026-02-15,ST038,MED009,12,12,0,0,48,43
2026-02-15,ST038,MED010,0,0,0,0,24,21
2026-02-15,ST038,MED011,12,12,0,0,0,22
2026-02-15,ST038,MED012,12,12,0,60,36,48
2026-02-15,ST038,MED013,6,6,0,0,0,13
2026-02-15,ST038,MED014,8,8,0,0,0,10
2026-02-15,ST038,MED015,14,14,0,72,48,58
2026-02-15,ST038,MED016,10,10,0,0,24,0
2026-02-15,ST038,MED017,20,20,0,0,48,44
2026-02-15,ST038,MED018,9,9,0,0,24,27
2026-02-15,ST038,MED019,2,2,0,0,24,15
2026-02-15,ST038,MED020,11,0,11,0,24,0
2026-02-15,ST038,MED021,14,14,0,0,0,22
2026-02-15,ST038,MED022,8,8,0,0,30,29
2026-02-15,ST038,MED023,15,15,0,0,0,22
2026-02-15,ST038,MED024,13,13,0,72,0,93
2026-02-15,ST038,MED025,6,6,0,0,36,26
2026-02-15,ST038,MED026,12,12,0,0,0,15
2026-02-15,ST038,MED027,15,15,0,0,60,35
2026-02-15,ST038,MED028,8,8,0,0,24,23
2026-02-15,ST038,MED029,10,0,10,0,0,0
2026-02-15,ST038,MED030,2,2,0,30,6,32
2026-02-15,ST039,MED001,15,15,0,0,72,42
2026-02-15,ST039,MED002,11,11,0,0,30,60
2026-02-15,ST039,MED003,0,0,0,0,24,12
2026-02-15,ST039,MED004,11,0,11,0,36,0
2026-02-15,ST039,MED005,13,13,0,0,0,30
2026-02-15,ST039,MED006,9,0,9,0,36,0
2026-02-15,ST039,MED007,3,0,3,0,24,0
2026-02-15,ST039,MED008,7,3,4,0,12,0
2026-02-15,ST039,MED009,13,13,0,0,12,16
2026-02-15,ST039,MED010,4,4,0,0,36,15
2026-02-15,ST039,MED011,10,10,0,0,30,59
2026-02-15,ST039,MED012,10,0,10,0,12,0
2026-02-15,ST039,MED013,6,6,0,0,12,21
2026-02-15,ST039,MED014,5,5,0,0,48,19
2026-02-15,ST039,MED015,15,15,0,0,24,14
2026-02-15,ST039,MED016,14,14,0,0,48,27
2026-02-15,ST039,MED017,16,16,0,0,12,24
2026-02-15,ST039,MED018,8,8,0,0,0,13
2026-02-15,ST039,MED019,4,4,0,0,24,18
2026-02-15,ST039,MED020,8,8,0,0,48,30
2026-02-15,ST039,MED021,14,0,14,0,24,0
2026-02-15,ST039,MED022,8,8,0,0,12,42
2026-02-15,ST039,MED023,12,12,0,0,48,46
2026-02-15,ST039,MED024,14,14,0,0,48,55
2026-02-15,ST039,MED025,6,6,0,0,36,19
2026-02-15,ST039,MED026,12,12,0,0,24,69
2026-02-15,ST039,MED027,14,14,0,72,48,66
2026-02-15,ST039,MED028,6,0,6,0,0,0
2026-02-15,ST039,MED029,10,10,0,0,0,22
2026-02-15,ST039,MED030,6,6,0,0,12,6
2026-02-15,ST040,MED001,16,16,0,72,48,56
2026-02-15,ST040,MED002,14,14,0,0,30,3
2026-02-15,ST040,MED003,3,3,0,0,24,12
2026-02-15,ST040,MED004,9,9,0,0,12,17
2026-02-15,ST040,MED005,16,4,12,0,36,0
2026-02-15,ST040,MED006,13,13,0,60,12,74
2026-02-15,ST040,MED007,5,5,0,0,24,13
2026-02-15,ST040,MED008,2,0,2,0,0,0
2026-02-15,ST040,MED009,15,15,0,0,72,30
2026-02-15,ST040,MED010,3,3,0,0,12,31
2026-02-15,ST040,MED011,17,17,0,0,54,48
2026-02-15,ST040,MED012,14,14,0,0,60,36
2026-02-15,ST040,MED013,10,10,0,0,24,1
2026-02-15,ST040,MED014,3,3,0,0,24,39
2026-02-15,ST040,MED015,17,0,17,0,72,0
2026-02-15,ST040,MED016,8,8,0,48,24,40
2026-02-15,ST040,MED017,12,12,0,72,36,60
2026-02-15,ST040,MED018,13,13,0,0,24,31
2026-02-15,ST040,MED019,2,2,0,0,24,3
2026-02-15,ST040,MED020,7,7,0,48,24,41
2026-02-15,ST040,MED021,15,15,0,0,18,22
2026-02-15,ST040,MED022,6,6,0,0,0,14
2026-02-15,ST040,MED023,14,14,0,0,48,57
2026-02-15,ST040,MED024,15,15,0,0,60,51
2026-02-15,ST040,MED025,9,9,0,0,36,23
2026-02-15,ST040,MED026,15,15,0,0,72,30
2026-02-15,ST040,MED027,16,16,0,0,24,22
2026-02-15,ST040,MED028,9,9,0,0,0,11
2026-02-15,ST040,MED029,15,15,0,0,48,45
2026-02-15,ST040,MED030,5,5,0,30,24,26
2026-02-16,ST001,MED001,9,9,0,0,0,48
2026-02-16,ST001,MED002,6,6,0,0,6,53
2026-02-16,ST001,MED003,6,6,0,0,24,1
2026-02-16,ST001,MED004,8,8,0,0,12,36
2026-02-16,ST001,MED005,7,7,0,72,0,70
2026-02-16,ST001,MED006,6,6,0,60,0,55
2026-02-16,ST001,MED007,1,1,0,0,0,16
2026-02-16,ST001,MED008,1,1,0,0,0,24
2026-02-16,ST001,MED009,9,9,0,0,0,14
2026-02-16,ST001,MED010,3,3,0,0,0,22
2026-02-16,ST001,MED011,9,9,0,0,0,10
2026-02-16,ST001,MED012,10,10,0,60,0,70
2026-02-16,ST001,MED013,5,5,0,36,0,54
2026-02-16,ST001,MED014,3,3,0,0,0,12
2026-02-16,ST001,MED015,13,13,0,0,0,30
2026-02-16,ST001,MED016,9,9,0,0,24,40
2026-02-16,ST001,MED017,7,7,0,0,0,14
2026-02-16,ST001,MED018,4,4,0,0,0,48
2026-02-16,ST001,MED019,4,4,0,0,24,7
2026-02-16,ST001,MED020,6,6,0,48,0,46
2026-02-16,ST001,MED021,5,5,0,0,0,32
2026-02-16,ST001,MED022,8,8,0,0,6,20
2026-02-16,ST001,MED023,8,8,0,0,0,44
2026-02-16,ST001,MED024,10,10,0,0,12,32
2026-02-16,ST001,MED025,8,8,0,0,12,15
2026-02-16,ST001,MED026,9,9,0,0,0,52
2026-02-16,ST001,MED027,14,14,0,0,12,51
2026-02-16,ST001,MED028,3,3,0,0,24,15
2026-02-16,ST001,MED029,10,10,0,0,24,30
2026-02-16,ST001,MED030,5,5,0,0,6,14
2026-02-16,ST002,MED001,14,14,0,0,0,15
2026-02-16,ST002,MED002,10,10,0,0,12,46
2026-02-16,ST002,MED003,3,3,0,0,0,15
2026-02-16,ST002,MED004,4,4,0,0,0,14
2026-02-16,ST002,MED005,13,13,0,0,12,24
2026-02-16,ST002,MED006,9,9,0,0,12,8
2026-02-16,ST002,MED007,2,2,0,0,0,0
2026-02-16,ST002,MED008,0,0,0,0,0,15
2026-02-16,ST002,MED009,12,12,0,0,12,1
2026-02-16,ST002,MED010,7,7,0,36,0,36
2026-02-16,ST002,MED011,8,8,0,0,0,13
2026-02-16,ST002,MED012,7,7,0,60,12,53
2026-02-16,ST002,MED013,6,6,0,0,0,48
2026-02-16,ST002,MED014,4,4,0,0,0,33
2026-02-16,ST002,MED015,8,8,0,0,0,30
2026-02-16,ST002,MED016,5,5,0,0,0,33
2026-02-16,ST002,MED017,11,11,0,0,12,4
2026-02-16,ST002,MED018,1,1,0,0,0,29
2026-02-16,ST002,MED019,5,0,5,0,0,0
2026-02-16,ST002,MED020,5,5,0,0,0,30
2026-02-16,ST002,MED021,6,6,0,0,6,52
2026-02-16,ST002,MED022,9,9,0,0,12,0
2026-02-16,ST002,MED023,11,11,0,0,12,59
2026-02-16,ST002,MED024,11,11,0,0,12,36
2026-02-16,ST002,MED025,9,9,0,0,12,17
2026-02-16,ST002,MED026,15,15,0,72,0,85
2026-02-16,ST002,MED027,13,13,0,0,12,3
2026-02-16,ST002,MED028,2,2,0,0,0,15
2026-02-16,ST002,MED029,8,8,0,48,0,40
2026-02-16,ST002,MED030,3,3,0,0,6,17
2026-02-16,ST003,MED001,11,0,11,0,0,0
2026-02-16,ST003,MED002,10,10,0,0,12,66
2026-02-16,ST003,MED003,5,5,0,0,0,5
2026-02-16,ST003,MED004,7,7,0,0,0,36
2026-02-16,ST003,MED005,8,8,0,0,12,36
2026-02-16,ST003,MED006,13,13,0,0,12,24
2026-02-16,ST003,MED007,3,3,0,24,0,28
2026-02-16,ST003,MED008,0,0,0,0,0,17
2026-02-16,ST003,MED009,13,13,0,0,24,33
2026-02-16,ST003,MED010,1,1,0,0,0,6
2026-02-16,ST003,MED011,13,13,0,0,12,44
2026-02-16,ST003,MED012,9,9,0,0,0,51
2026-02-16,ST003,MED013,6,6,0,0,0,46
2026-02-16,ST003,MED014,4,4,0,0,0,41
2026-02-16,ST003,MED015,12,12,0,72,0,75
2026-02-16,ST003,MED016,8,8,0,48,0,40
2026-02-16,ST003,MED017,10,10,0,0,12,23
2026-02-16,ST003,MED018,8,8,0,0,24,24
2026-02-16,ST003,MED019,3,3,0,0,0,6
2026-02-16,ST003,MED020,5,5,0,0,0,28
2026-02-16,ST003,MED021,12,12,0,0,6,12
2026-02-16,ST003,MED022,7,7,0,0,6,18
2026-02-16,ST003,MED023,14,14,0,0,12,43
2026-02-16,ST003,MED024,12,12,0,72,12,83
2026-02-16,ST003,MED025,4,3,1,0,0,0
2026-02-16,ST003,MED026,11,11,0,72,24,61
2026-02-16,ST003,MED027,14,14,0,0,12,72
2026-02-16,ST003,MED028,6,6,0,0,0,3
2026-02-16,ST003,MED029,2,2,0,72,0,70
2026-02-16,ST003,MED030,6,6,0,0,6,5
2026-02-16,ST004,MED001,11,9,2,0,0,0
2026-02-16,ST004,MED002,16,16,0,0,18,16
2026-02-16,ST004,MED003,5,5,0,0,0,14
2026-02-16,ST004,MED004,9,9,0,0,12,26
2026-02-16,ST004,MED005,12,12,0,0,12,9
2026-02-16,ST004,MED006,10,10,0,0,12,42
2026-02-16,ST004,MED007,0,0,0,0,0,13
2026-02-16,ST004,MED008,4,4,0,0,0,6
2026-02-16,ST004,MED009,13,13,0,0,12,22
2026-02-16,ST004,MED010,3,3,0,0,0,9
2026-02-16,ST004,MED011,12,12,0,0,12,12
2026-02-16,ST004,MED012,14,0,14,0,0,0
2026-02-16,ST004,MED013,9,9,0,0,0,3
2026-02-16,ST004,MED014,6,6,0,0,0,28
2026-02-16,ST004,MED015,12,12,0,0,0,66
2026-02-16,ST004,MED016,6,6,0,48,0,48
2026-02-16,ST004,MED017,9,9,0,0,0,28
2026-02-16,ST004,MED018,6,6,0,0,0,18
2026-02-16,ST004,MED019,3,3,0,0,24,0
2026-02-16,ST004,MED020,6,6,0,0,0,33
2026-02-16,ST004,MED021,10,1,9,0,6,0
2026-02-16,ST004,MED022,7,7,0,0,6,5
2026-02-16,ST004,MED023,9,9,0,0,12,23
2026-02-16,ST004,MED024,11,11,0,0,12,23
2026-02-16,ST004,MED025,6,3,3,0,12,0
2026-02-16,ST004,MED026,16,16,0,0,24,53
2026-02-16,ST004,MED027,17,17,0,0,12,22
2026-02-16,ST004,MED028,7,7,0,0,0,2
2026-02-16,ST004,MED029,14,14,0,72,24,71
2026-02-16,ST004,MED030,4,4,0,0,6,5
2026-02-16,ST005,MED001,12,12,0,0,0,3
2026-02-16,ST005,MED002,11,11,0,0,12,6
2026-02-16,ST005,MED003,2,2,0,0,0,6
2026-02-16,ST005,MED004,11,0,11,0,0,0
2026-02-16,ST005,MED005,11,11,0,0,12,38
2026-02-16,ST005,MED006,13,13,0,0,12,18
2026-02-16,ST005,MED007,0,0,0,0,0,11
2026-02-16,ST005,MED008,2,2,0,0,0,0
2026-02-16,ST005,MED009,10,10,0,0,12,28
2026-02-16,ST005,MED010,1,1,0,0,0,14
2026-02-16,ST005,MED011,13,13,0,0,12,60
2026-02-16,ST005,MED012,13,13,0,0,12,28
2026-02-16,ST005,MED013,9,9,0,0,12,28
2026-02-16,ST005,MED014,9,9,0,0,0,33
2026-02-16,ST005,MED015,17,0,17,0,0,0
2026-02-16,ST005,MED016,10,10,0,0,0,27
2026-02-16,ST005,MED017,15,15,0,72,12,57
2026-02-16,ST005,MED018,3,3,0,48,0,53
2026-02-16,ST005,MED019,5,5,0,24,0,19
2026-02-16,ST005,MED020,9,9,0,0,24,7
2026-02-16,ST005,MED021,23,11,12,0,18,0
2026-02-16,ST005,MED022,12,0,12,0,0,0
2026-02-16,ST005,MED023,13,13,0,0,12,32
2026-02-16,ST005,MED024,16,16,0,0,24,53
2026-02-16,ST005,MED025,5,5,0,36,0,31
2026-02-16,ST005,MED026,13,0,13,0,0,0
2026-02-16,ST005,MED027,12,12,0,0,12,47
2026-02-16,ST005,MED028,4,0,4,0,0,0
2026-02-16,ST005,MED029,10,10,0,0,24,0
2026-02-16,ST005,MED030,4,0,4,0,0,0
2026-02-16,ST006,MED001,12,0,12,0,0,0
2026-02-16,ST006,MED002,11,11,0,0,12,42
2026-02-16,ST006,MED003,3,3,0,0,0,5
2026-02-16,ST006,MED004,8,8,0,48,0,40
2026-02-16,ST006,MED005,12,12,0,72,12,60
2026-02-16,ST006,MED006,11,11,0,72,12,62
2026-02-16,ST006,MED007,6,6,0,0,0,0
2026-02-16,ST006,MED008,3,3,0,0,0,5
2026-02-16,ST006,MED009,10,10,0,0,12,1
2026-02-16,ST006,MED010,1,1,0,0,0,18
2026-02-16,ST006,MED011,12,12,0,0,6,35
2026-02-16,ST006,MED012,14,14,0,60,12,46
2026-02-16,ST006,MED013,10,10,0,0,12,27
2026-02-16,ST006,MED014,9,9,0,48,0,39
2026-02-16,ST006,MED015,17,17,0,72,0,55
2026-02-16,ST006,MED016,10,3,7,0,0,0
2026-02-16,ST006,MED017,13,13,0,0,24,40
2026-02-16,ST006,MED018,6,6,0,0,0,16
2026-02-16,ST006,MED019,8,8,0,0,0,14
2026-02-16,ST006,MED020,14,14,0,0,24,20
2026-02-16,ST006,MED021,13,13,0,0,12,13
2026-02-16,ST006,MED022,8,8,0,42,6,34
2026-02-16,ST006,MED023,16,16,0,0,12,38
2026-02-16,ST006,MED024,16,16,0,0,12,39
2026-02-16,ST006,MED025,10,10,0,0,12,16
2026-02-16,ST006,MED026,15,0,15,0,0,0
2026-02-16,ST006,MED027,15,15,0,0,12,19
2026-02-16,ST006,MED028,7,7,0,0,24,10
2026-02-16,ST006,MED029,13,0,13,0,0,0
2026-02-16,ST006,MED030,6,6,0,0,6,3
2026-02-16,ST007,MED001,11,11,0,0,24,49
2026-02-16,ST007,MED002,7,7,0,0,6,58
2026-02-16,ST007,MED003,7,7,0,0,24,20
2026-02-16,ST007,MED004,5,5,0,0,12,28
2026-02-16,ST007,MED005,7,7,0,0,0,36
2026-02-16,ST007,MED006,11,11,0,0,0,53
2026-02-16,ST007,MED007,2,0,2,0,0,0
2026-02-16,ST007,MED008,3,3,0,0,0,21
2026-02-16,ST007,MED009,11,11,0,0,12,20
2026-02-16,ST007,MED010,0,0,0,0,0,10
2026-02-16,ST007,MED011,8,8,0,0,6,40
2026-02-16,ST007,MED012,8,8,0,0,0,36
2026-02-16,ST007,MED013,7,7,0,0,0,1
2026-02-16,ST007,MED014,2,2,0,0,0,42
2026-02-16,ST007,MED015,8,8,0,0,24,66
2026-02-16,ST007,MED016,6,6,0,48,0,59
2026-02-16,ST007,MED017,7,7,0,0,0,27
2026-02-16,ST007,MED018,4,4,0,0,0,36
2026-02-16,ST007,MED019,2,2,0,0,0,23
2026-02-16,ST007,MED020,3,3,0,0,0,56
2026-02-16,ST007,MED021,6,6,0,0,6,25
2026-02-16,ST007,MED022,4,0,4,0,0,0
2026-02-16,ST007,MED023,9,9,0,0,12,45
2026-02-16,ST007,MED024,11,0,11,0,0,0
2026-02-16,ST007,MED025,6,6,0,0,0,14
2026-02-16,ST007,MED026,7,7,0,0,0,16
2026-02-16,ST007,MED027,6,6,0,0,0,74
2026-02-16,ST007,MED028,4,4,0,0,0,38
2026-02-16,ST007,MED029,9,9,0,0,24,43
2026-02-16,ST007,MED030,4,4,0,0,6,30
2026-02-16,ST008,MED001,11,11,0,0,24,41
2026-02-16,ST008,MED002,13,13,0,0,18,34
2026-02-16,ST008,MED003,0,0,0,0,0,10
2026-02-16,ST008,MED004,6,6,0,0,12,23
2026-02-16,ST008,MED005,8,8,0,0,0,22
2026-02-16,ST008,MED006,4,4,0,0,0,57
2026-02-16,ST008,MED007,3,3,0,0,0,20
2026-02-16,ST008,MED008,4,4,0,0,12,1
2026-02-16,ST008,MED009,10,10,0,60,12,53
2026-02-16,ST008,MED010,4,4,0,24,0,26
2026-02-16,ST008,MED011,11,11,0,0,0,16
2026-02-16,ST008,MED012,10,10,0,0,12,25
2026-02-16,ST008,MED013,7,7,0,0,12,31
2026-02-16,ST008,MED014,4,4,0,48,0,44
2026-02-16,ST008,MED015,10,10,0,0,0,83
2026-02-16,ST008,MED016,4,4,0,48,0,44
2026-02-16,ST008,MED017,8,0,8,0,0,0
2026-02-16,ST008,MED018,6,6,0,0,0,41
2026-02-16,ST008,MED019,1,1,0,0,24,3
2026-02-16,ST008,MED020,6,6,0,0,0,33
2026-02-16,ST008,MED021,6,6,0,0,6,6
2026-02-16,ST008,MED022,6,6,0,0,6,21
2026-02-16,ST008,MED023,8,8,0,0,12,47
2026-02-16,ST008,MED024,8,8,0,0,0,20
2026-02-16,ST008,MED025,9,9,0,0,12,0
2026-02-16,ST008,MED026,7,7,0,0,0,60
2026-02-16,ST008,MED027,8,8,0,0,12,37
2026-02-16,ST008,MED028,5,5,0,0,0,39
2026-02-16,ST008,MED029,11,11,0,72,0,77
2026-02-16,ST008,MED030,2,2,0,0,0,14
2026-02-16,ST009,MED001,10,10,0,72,0,62
2026-02-16,ST009,MED002,12,12,0,60,12,74
2026-02-16,ST009,MED003,5,5,0,0,24,17
2026-02-16,ST009,MED004,10,10,0,0,12,26
2026-02-16,ST009,MED005,13,13,0,0,12,18
2026-02-16,ST009,MED006,8,8,0,0,0,23
2026-02-16,ST009,MED007,1,1,0,0,0,1
2026-02-16,ST009,MED008,2,2,0,0,12,21
2026-02-16,ST009,MED009,8,8,0,60,0,74
2026-02-16,ST009,MED010,4,4,0,0,12,12
2026-02-16,ST009,MED011,12,12,0,0,12,43
2026-02-16,ST009,MED012,12,12,0,0,12,24
2026-02-16,ST009,MED013,7,4,3,0,0,0
2026-02-16,ST009,MED014,2,2,0,0,0,15
2026-02-16,ST009,MED015,9,9,0,0,24,9
2026-02-16,ST009,MED016,8,8,0,48,0,40
2026-02-16,ST009,MED017,9,9,0,0,12,39
2026-02-16,ST009,MED018,6,6,0,0,0,27
2026-02-16,ST009,MED019,3,3,0,0,0,5
2026-02-16,ST009,MED020,5,5,0,0,0,8
2026-02-16,ST009,MED021,14,14,0,0,18,58
2026-02-16,ST009,MED022,5,5,0,42,6,39
2026-02-16,ST009,MED023,8,8,0,0,0,25
2026-02-16,ST009,MED024,11,11,0,0,12,8
2026-02-16,ST009,MED025,7,7,0,0,0,25
2026-02-16,ST009,MED026,7,7,0,0,0,45
2026-02-16,ST009,MED027,8,8,0,0,12,38
2026-02-16,ST009,MED028,11,11,0,0,0,7
2026-02-16,ST009,MED029,6,6,0,0,0,38
2026-02-16,ST009,MED030,8,8,0,30,6,26
2026-02-16,ST010,MED001,12,12,0,72,0,68
2026-02-16,ST010,MED002,10,10,0,0,12,4
2026-02-16,ST010,MED003,4,4,0,0,0,9
2026-02-16,ST010,MED004,6,6,0,0,0,34
2026-02-16,ST010,MED005,7,7,0,0,0,31
2026-02-16,ST010,MED006,7,7,0,0,0,22
2026-02-16,ST010,MED007,4,4,0,0,0,2
2026-02-16,ST010,MED008,3,3,0,0,12,15
2026-02-16,ST010,MED009,12,12,0,0,0,12
2026-02-16,ST010,MED010,4,0,4,0,0,0
2026-02-16,ST010,MED011,12,12,0,60,12,78
2026-02-16,ST010,MED012,10,8,2,0,12,0
2026-02-16,ST010,MED013,7,7,0,0,0,14
2026-02-16,ST010,MED014,7,7,0,48,0,41
2026-02-16,ST010,MED015,12,12,0,0,24,0
2026-02-16,ST010,MED016,7,7,0,0,0,44
2026-02-16,ST010,MED017,10,10,0,0,12,8
2026-02-16,ST010,MED018,8,8,0,0,0,36
2026-02-16,ST010,MED019,4,4,0,0,0,9
2026-02-16,ST010,MED020,8,8,0,0,24,35
2026-02-16,ST010,MED021,10,10,0,66,6,68
2026-02-16,ST010,MED022,6,6,0,0,6,0
2026-02-16,ST010,MED023,13,13,0,0,12,28
2026-02-16,ST010,MED024,14,14,0,0,12,33
2026-02-16,ST010,MED025,9,9,0,0,12,23
2026-02-16,ST010,MED026,8,8,0,0,0,14
2026-02-16,ST010,MED027,9,9,0,0,0,30
2026-02-16,ST010,MED028,4,4,0,0,0,17
2026-02-16,ST010,MED029,9,9,0,0,0,14
2026-02-16,ST010,MED030,3,3,0,0,0,15
2026-02-16,ST011,MED001,14,14,0,0,24,33
2026-02-16,ST011,MED002,9,9,0,0,12,37
2026-02-16,ST011,MED003,4,4,0,0,0,4
2026-02-16,ST011,MED004,12,12,0,0,24,28
2026-02-16,ST011,MED005,12,12,0,0,12,21
2026-02-16,ST011,MED006,12,12,0,0,12,36
2026-02-16,ST011,MED007,2,0,2,0,0,0
2026-02-16,ST011,MED008,2,0,2,0,0,0
2026-02-16,ST011,MED009,21,21,0,0,36,53
2026-02-16,ST011,MED010,5,5,0,0,12,13
2026-02-16,ST011,MED011,11,11,0,0,12,21
2026-02-16,ST011,MED012,13,13,0,0,12,31
2026-02-16,ST011,MED013,11,11,0,0,12,12
2026-02-16,ST011,MED014,5,5,0,0,24,13
2026-02-16,ST011,MED015,14,14,0,0,0,48
2026-02-16,ST011,MED016,16,16,0,0,24,5
2026-02-16,ST011,MED017,14,14,0,0,12,66
2026-02-16,ST011,MED018,7,4,3,0,24,0
2026-02-16,ST011,MED019,3,0,3,0,0,0
2026-02-16,ST011,MED020,7,7,0,0,0,32
2026-02-16,ST011,MED021,11,11,0,0,12,22
2026-02-16,ST011,MED022,3,3,0,0,6,13
2026-02-16,ST011,MED023,12,0,12,0,0,0
2026-02-16,ST011,MED024,14,14,0,0,24,48
2026-02-16,ST011,MED025,7,7,0,0,0,16
2026-02-16,ST011,MED026,10,4,6,0,0,0
2026-02-16,ST011,MED027,14,14,0,0,12,27
2026-02-16,ST011,MED028,7,7,0,0,0,20
2026-02-16,ST011,MED029,8,8,0,0,0,48
2026-02-16,ST011,MED030,7,7,0,0,6,4
2026-02-16,ST012,MED001,11,11,0,0,0,8
2026-02-16,ST012,MED002,14,14,0,66,12,52
2026-02-16,ST012,MED003,3,3,0,24,0,26
2026-02-16,ST012,MED004,13,13,0,0,24,45
2026-02-16,ST012,MED005,15,12,3,0,12,0
2026-02-16,ST012,MED006,11,11,0,0,12,0
2026-02-16,ST012,MED007,5,5,0,0,24,1
2026-02-16,ST012,MED008,4,4,0,0,12,1
2026-02-16,ST012,MED009,14,14,0,0,12,31
2026-02-16,ST012,MED010,5,5,0,0,12,1
2026-02-16,ST012,MED011,16,6,10,0,6,0
2026-02-16,ST012,MED012,12,12,0,0,12,50
2026-02-16,ST012,MED013,9,9,0,0,12,2
2026-02-16,ST012,MED014,6,6,0,0,0,6
2026-02-16,ST012,MED015,14,14,0,72,0,58
2026-02-16,ST012,MED016,6,5,1,0,0,0
2026-02-16,ST012,MED017,10,10,0,0,12,7
2026-02-16,ST012,MED018,4,4,0,0,0,1
2026-02-16,ST012,MED019,5,5,0,0,0,1
2026-02-16,ST012,MED020,10,10,0,0,24,10
2026-02-16,ST012,MED021,13,13,0,0,12,22
2026-02-16,ST012,MED022,10,10,0,48,6,46
2026-02-16,ST012,MED023,13,13,0,0,24,20
2026-02-16,ST012,MED024,15,9,6,0,0,0
2026-02-16,ST012,MED025,8,8,0,0,12,12
2026-02-16,ST012,MED026,9,9,0,0,24,29
2026-02-16,ST012,MED027,17,17,0,72,24,60
2026-02-16,ST012,MED028,11,11,0,0,0,34
2026-02-16,ST012,MED029,10,10,0,0,24,58
2026-02-16,ST012,MED030,5,5,0,0,0,28
2026-02-16,ST013,MED001,15,3,12,0,0,0
2026-02-16,ST013,MED002,16,16,0,72,12,56
2026-02-16,ST013,MED003,6,6,0,0,0,9
2026-02-16,ST013,MED004,14,5,9,0,12,0
2026-02-16,ST013,MED005,13,13,0,72,12,73
2026-02-16,ST013,MED006,11,11,0,60,0,49
2026-02-16,ST013,MED007,2,2,0,0,0,3
2026-02-16,ST013,MED008,9,3,6,0,0,0
2026-02-16,ST013,MED009,13,13,0,60,12,47
2026-02-16,ST013,MED010,3,3,0,0,0,7
2026-02-16,ST013,MED011,15,15,0,0,18,31
2026-02-16,ST013,MED012,13,13,0,0,12,13
2026-02-16,ST013,MED013,9,9,0,0,12,31
2026-02-16,ST013,MED014,8,8,0,0,0,7
2026-02-16,ST013,MED015,14,6,8,0,0,0
2026-02-16,ST013,MED016,12,12,0,48,0,45
2026-02-16,ST013,MED017,16,16,0,0,12,28
2026-02-16,ST013,MED018,6,6,0,0,0,12
2026-02-16,ST013,MED019,2,2,0,0,0,24
2026-02-16,ST013,MED020,10,10,0,48,0,38
2026-02-16,ST013,MED021,15,12,3,0,12,0
2026-02-16,ST013,MED022,11,11,0,0,12,3
2026-02-16,ST013,MED023,13,13,0,60,0,47
2026-02-16,ST013,MED024,15,15,0,0,12,25
2026-02-16,ST013,MED025,6,6,0,0,12,4
2026-02-16,ST013,MED026,14,14,0,0,24,51
2026-02-16,ST013,MED027,15,15,0,72,12,57
2026-02-16,ST013,MED028,6,6,0,0,0,44
2026-02-16,ST013,MED029,9,0,9,0,0,0
2026-02-16,ST013,MED030,8,0,8,0,0,0
2026-02-16,ST014,MED001,8,8,0,0,0,77
2026-02-16,ST014,MED002,9,9,0,60,6,59
2026-02-16,ST014,MED003,4,4,0,0,0,22
2026-02-16,ST014,MED004,3,3,0,0,0,6
2026-02-16,ST014,MED005,4,4,0,72,0,68
2026-02-16,ST014,MED006,6,6,0,0,12,34
2026-02-16,ST014,MED007,4,4,0,24,0,27
2026-02-16,ST014,MED008,4,0,4,0,0,0
2026-02-16,ST014,MED009,9,9,0,0,12,54
2026-02-16,ST014,MED010,4,0,4,0,0,0
2026-02-16,ST014,MED011,7,7,0,0,0,14
2026-02-16,ST014,MED012,7,7,0,60,0,76
2026-02-16,ST014,MED013,6,6,0,0,12,39
2026-02-16,ST014,MED014,4,4,0,0,24,16
2026-02-16,ST014,MED015,7,7,0,0,0,79
2026-02-16,ST014,MED016,7,7,0,0,0,29
2026-02-16,ST014,MED017,6,6,0,0,0,40
2026-02-16,ST014,MED018,1,1,0,0,0,50
2026-02-16,ST014,MED019,2,2,0,0,0,4
2026-02-16,ST014,MED020,0,0,0,0,0,33
2026-02-16,ST014,MED021,7,7,0,0,6,45
2026-02-16,ST014,MED022,2,2,0,0,0,4
2026-02-16,ST014,MED023,11,11,0,0,0,27
2026-02-16,ST014,MED024,15,15,0,0,0,19
2026-02-16,ST014,MED025,2,2,0,0,12,26
2026-02-16,ST014,MED026,5,5,0,0,0,7
2026-02-16,ST014,MED027,5,5,0,0,12,57
2026-02-16,ST014,MED028,1,1,0,0,0,54
2026-02-16,ST014,MED029,7,6,1,0,0,0
2026-02-16,ST014,MED030,6,6,0,0,0,6
2026-02-16,ST015,MED001,8,8,0,0,0,57
2026-02-16,ST015,MED002,8,8,0,0,12,56
2026-02-16,ST015,MED003,4,4,0,0,0,8
2026-02-16,ST015,MED004,11,11,0,48,12,40
2026-02-16,ST015,MED005,8,8,0,0,12,46
2026-02-16,ST015,MED006,8,8,0,0,12,52
2026-02-16,ST015,MED007,1,1,0,0,0,15
2026-02-16,ST015,MED008,1,1,0,0,0,25
2026-02-16,ST015,MED009,7,7,0,60,0,82
2026-02-16,ST015,MED010,0,0,0,0,0,17
2026-02-16,ST015,MED011,10,10,0,0,6,23
2026-02-16,ST015,MED012,9,9,0,60,12,51
2026-02-16,ST015,MED013,4,4,0,0,0,52
2026-02-16,ST015,MED014,4,4,0,0,0,35
2026-02-16,ST015,MED015,12,12,0,0,24,56
2026-02-16,ST015,MED016,9,9,0,0,24,24
2026-02-16,ST015,MED017,6,6,0,0,12,52
2026-02-16,ST015,MED018,7,7,0,0,0,57
2026-02-16,ST015,MED019,1,1,0,0,0,24
2026-02-16,ST015,MED020,4,4,0,0,0,34
2026-02-16,ST015,MED021,10,10,0,0,6,36
2026-02-16,ST015,MED022,4,4,0,0,0,29
2026-02-16,ST015,MED023,10,10,0,0,0,12
2026-02-16,ST015,MED024,11,11,0,0,12,29
2026-02-16,ST015,MED025,5,5,0,0,0,6
2026-02-16,ST015,MED026,11,11,0,0,0,43
2026-02-16,ST015,MED027,9,9,0,0,12,30
2026-02-16,ST015,MED028,6,6,0,0,0,28
2026-02-16,ST015,MED029,6,6,0,0,0,15
2026-02-16,ST015,MED030,2,2,0,0,0,21
2026-02-16,ST016,MED001,12,12,0,0,0,58
2026-02-16,ST016,MED002,13,13,0,0,6,2
2026-02-16,ST016,MED003,2,2,0,0,0,13
2026-02-16,ST016,MED004,12,12,0,0,12,27
2026-02-16,ST016,MED005,9,9,0,0,12,45
2026-02-16,ST016,MED006,9,9,0,60,0,51
2026-02-16,ST016,MED007,2,2,0,0,0,16
2026-02-16,ST016,MED008,1,1,0,0,0,26
2026-02-16,ST016,MED009,6,6,0,0,12,6
2026-02-16,ST016,MED010,6,6,0,0,12,2
2026-02-16,ST016,MED011,12,12,0,0,12,23
2026-02-16,ST016,MED012,8,8,0,60,0,80
2026-02-16,ST016,MED013,9,0,9,0,0,0
2026-02-16,ST016,MED014,6,6,0,0,24,17
2026-02-16,ST016,MED015,6,6,0,0,0,34
2026-02-16,ST016,MED016,4,4,0,0,24,47
2026-02-16,ST016,MED017,9,9,0,60,12,61
2026-02-16,ST016,MED018,4,4,0,0,0,27
2026-02-16,ST016,MED019,6,6,0,0,0,16
2026-02-16,ST016,MED020,8,8,0,0,24,23
2026-02-16,ST016,MED021,9,9,0,60,12,71
2026-02-16,ST016,MED022,8,8,0,42,12,34
2026-02-16,ST016,MED023,11,11,0,72,12,74
2026-02-16,ST016,MED024,11,11,0,72,0,69
2026-02-16,ST016,MED025,5,5,0,0,0,39
2026-02-16,ST016,MED026,11,11,0,0,24,27
2026-02-16,ST016,MED027,8,8,0,0,12,78
2026-02-16,ST016,MED028,2,0,2,0,0,0
2026-02-16,ST016,MED029,6,6,0,0,0,26
2026-02-16,ST016,MED030,7,7,0,0,6,14
2026-02-16,ST017,MED001,13,13,0,0,0,61
2026-02-16,ST017,MED002,12,12,0,60,12,48
2026-02-16,ST017,MED003,0,0,0,0,0,10
2026-02-16,ST017,MED004,11,11,0,0,24,26
2026-02-16,ST017,MED005,10,10,0,0,12,35
2026-02-16,ST017,MED006,11,11,0,0,12,1
2026-02-16,ST017,MED007,0,0,0,0,0,14
2026-02-16,ST017,MED008,0,0,0,0,0,21
2026-02-16,ST017,MED009,8,8,0,0,0,36
2026-02-16,ST017,MED010,2,2,0,24,0,29
2026-02-16,ST017,MED011,18,18,0,0,24,31
2026-02-16,ST017,MED012,8,8,0,60,0,76
2026-02-16,ST017,MED013,9,9,0,0,12,24
2026-02-16,ST017,MED014,7,7,0,0,0,10
2026-02-16,ST017,MED015,13,13,0,96,24,87
2026-02-16,ST017,MED016,7,7,0,0,0,3
2026-02-16,ST017,MED017,8,8,0,0,12,26
2026-02-16,ST017,MED018,5,5,0,0,0,44
2026-02-16,ST017,MED019,6,6,0,24,0,23
2026-02-16,ST017,MED020,6,6,0,0,0,35
2026-02-16,ST017,MED021,12,12,0,0,6,38
2026-02-16,ST017,MED022,4,4,0,0,6,32
2026-02-16,ST017,MED023,7,7,0,0,12,51
2026-02-16,ST017,MED024,13,13,0,0,24,54
2026-02-16,ST017,MED025,7,7,0,0,12,10
2026-02-16,ST017,MED026,10,10,0,0,0,40
2026-02-16,ST017,MED027,11,11,0,0,0,44
2026-02-16,ST017,MED028,4,4,0,0,0,8
2026-02-16,ST017,MED029,8,8,0,0,0,67
2026-02-16,ST017,MED030,4,4,0,0,6,21
2026-02-16,ST018,MED001,9,9,0,0,24,12
2026-02-16,ST018,MED002,15,0,15,0,0,0
2026-02-16,ST018,MED003,5,0,5,0,0,0
2026-02-16,ST018,MED004,10,10,0,0,12,21
2026-02-16,ST018,MED005,11,0,11,0,0,0
2026-02-16,ST018,MED006,10,10,0,60,0,76
2026-02-16,ST018,MED007,4,0,4,0,0,0
2026-02-16,ST018,MED008,3,3,0,0,0,16
2026-02-16,ST018,MED009,9,0,9,0,0,0
2026-02-16,ST018,MED010,7,7,0,0,0,5
2026-02-16,ST018,MED011,11,11,0,72,12,61
2026-02-16,ST018,MED012,13,3,10,0,0,0
2026-02-16,ST018,MED013,11,9,2,0,0,0
2026-02-16,ST018,MED014,6,6,0,0,0,9
2026-02-16,ST018,MED015,11,11,0,0,0,35
2026-02-16,ST018,MED016,9,9,0,0,24,3
2026-02-16,ST018,MED017,14,14,0,0,12,43
2026-02-16,ST018,MED018,6,6,0,48,24,44
2026-02-16,ST018,MED019,6,6,0,24,0,25
2026-02-16,ST018,MED020,7,7,0,0,0,3
2026-02-16,ST018,MED021,10,10,0,0,6,19
2026-02-16,ST018,MED022,9,9,0,0,12,6
2026-02-16,ST018,MED023,17,17,0,72,24,71
2026-02-16,ST018,MED024,13,13,0,0,24,34
2026-02-16,ST018,MED025,6,6,0,0,0,27
2026-02-16,ST018,MED026,9,9,0,0,24,20
2026-02-16,ST018,MED027,16,16,0,72,12,88
2026-02-16,ST018,MED028,8,8,0,0,0,8
2026-02-16,ST018,MED029,9,9,0,0,24,20
2026-02-16,ST018,MED030,2,2,0,30,0,37
2026-02-16,ST019,MED001,13,13,0,72,24,59
2026-02-16,ST019,MED002,13,13,0,0,12,4
2026-02-16,ST019,MED003,0,0,0,24,0,24
2026-02-16,ST019,MED004,10,10,0,48,12,45
2026-02-16,ST019,MED005,14,14,0,72,12,58
2026-02-16,ST019,MED006,20,20,0,0,24,23
2026-02-16,ST019,MED007,3,3,0,0,0,2
2026-02-16,ST019,MED008,6,6,0,0,12,25
2026-02-16,ST019,MED009,14,0,14,0,0,0
2026-02-16,ST019,MED010,5,5,0,0,0,22
2026-02-16,ST019,MED011,14,14,0,0,12,20
2026-02-16,ST019,MED012,11,11,0,60,0,62
2026-02-16,ST019,MED013,5,5,0,48,0,54
2026-02-16,ST019,MED014,2,2,0,0,0,7
2026-02-16,ST019,MED015,11,11,0,0,24,54
2026-02-16,ST019,MED016,11,11,0,48,24,37
2026-02-16,ST019,MED017,10,0,10,0,0,0
2026-02-16,ST019,MED018,8,8,0,0,24,5
2026-02-16,ST019,MED019,4,4,0,24,0,20
2026-02-16,ST019,MED020,9,9,0,0,24,29
2026-02-16,ST019,MED021,11,11,0,0,6,10
2026-02-16,ST019,MED022,10,0,10,0,0,0
2026-02-16,ST019,MED023,13,13,0,0,12,23
2026-02-16,ST019,MED024,11,0,11,0,0,0
2026-02-16,ST019,MED025,3,3,0,0,0,2
2026-02-16,ST019,MED026,10,10,0,72,0,91
2026-02-16,ST019,MED027,16,16,0,0,24,32
2026-02-16,ST019,MED028,9,4,5,0,24,0
2026-02-16,ST019,MED029,14,14,0,0,24,8
2026-02-16,ST019,MED030,6,6,0,0,6,16
2026-02-16,ST020,MED001,16,16,0,0,24,55
2026-02-16,ST020,MED002,14,14,0,0,18,40
2026-02-16,ST020,MED003,4,4,0,0,0,15
2026-02-16,ST020,MED004,11,11,0,48,12,37
2026-02-16,ST020,MED005,16,16,0,0,24,45
2026-02-16,ST020,MED006,14,14,0,0,12,14
2026-02-16,ST020,MED007,4,4,0,0,0,19
2026-02-16,ST020,MED008,2,2,0,0,0,5
2026-02-16,ST020,MED009,12,5,7,0,12,0
2026-02-16,ST020,MED010,5,5,0,0,12,14
2026-02-16,ST020,MED011,17,0,17,0,0,0
2026-02-16,ST020,MED012,17,17,0,60,12,43
2026-02-16,ST020,MED013,10,10,0,0,12,25
2026-02-16,ST020,MED014,7,7,0,0,0,9
2026-02-16,ST020,MED015,14,14,0,0,0,44
2026-02-16,ST020,MED016,11,11,0,0,0,30
2026-02-16,ST020,MED017,10,10,0,0,0,37
2026-02-16,ST020,MED018,9,9,0,0,0,36
2026-02-16,ST020,MED019,5,5,0,0,0,19
2026-02-16,ST020,MED020,10,10,0,48,0,51
2026-02-16,ST020,MED021,12,12,0,0,12,29
2026-02-16,ST020,MED022,6,6,0,0,6,12
2026-02-16,ST020,MED023,18,8,10,0,12,0
2026-02-16,ST020,MED024,16,16,0,72,12,56
2026-02-16,ST020,MED025,5,0,5,0,0,0
2026-02-16,ST020,MED026,10,10,0,0,24,30
2026-02-16,ST020,MED027,17,17,0,0,12,30
2026-02-16,ST020,MED028,6,6,0,0,0,23
2026-02-16,ST020,MED029,10,10,0,0,0,49
2026-02-16,ST020,MED030,8,8,0,30,12,29
2026-02-16,ST021,MED001,8,8,0,72,0,89
2026-02-16,ST021,MED002,8,8,0,66,0,74
2026-02-16,ST021,MED003,3,3,0,0,0,23
2026-02-16,ST021,MED004,3,3,0,0,0,23
2026-02-16,ST021,MED005,10,10,0,0,0,69
2026-02-16,ST021,MED006,11,11,0,60,12,54
2026-02-16,ST021,MED007,2,2,0,0,0,15
2026-02-16,ST021,MED008,4,4,0,0,12,14
2026-02-16,ST021,MED009,7,7,0,0,0,17
2026-02-16,ST021,MED010,5,5,0,0,12,23
2026-02-16,ST021,MED011,10,10,0,0,0,20
2026-02-16,ST021,MED012,7,7,0,0,0,61
2026-02-16,ST021,MED013,4,4,0,0,12,30
2026-02-16,ST021,MED014,0,0,0,0,0,31
2026-02-16,ST021,MED015,8,8,0,0,24,37
2026-02-16,ST021,MED016,4,4,0,0,0,30
2026-02-16,ST021,MED017,10,10,0,0,12,54
2026-02-16,ST021,MED018,4,4,0,0,0,30
2026-02-16,ST021,MED019,0,0,0,0,0,14
2026-02-16,ST021,MED020,7,7,0,0,0,28
2026-02-16,ST021,MED021,7,7,0,0,0,13
2026-02-16,ST021,MED022,6,6,0,0,0,9
2026-02-16,ST021,MED023,12,12,0,0,0,17
2026-02-16,ST021,MED024,12,12,0,0,12,58
2026-02-16,ST021,MED025,2,2,0,0,0,35
2026-02-16,ST021,MED026,8,8,0,0,0,10
2026-02-16,ST021,MED027,5,5,0,0,12,67
2026-02-16,ST021,MED028,6,6,0,0,0,39
2026-02-16,ST021,MED029,7,7,0,0,0,40
2026-02-16,ST021,MED030,4,4,0,0,6,15
2026-02-16,ST022,MED001,9,9,0,0,0,37
2026-02-16,ST022,MED002,7,7,0,0,0,74
2026-02-16,ST022,MED003,4,4,0,0,0,11
2026-02-16,ST022,MED004,8,8,0,48,12,41
2026-02-16,ST022,MED005,11,11,0,0,12,4
2026-02-16,ST022,MED006,9,9,0,0,12,30
2026-02-16,ST022,MED007,6,6,0,0,0,14
2026-02-16,ST022,MED008,4,4,0,0,0,15
2026-02-16,ST022,MED009,8,8,0,60,12,66
2026-02-16,ST022,MED010,1,1,0,0,0,16
2026-02-16,ST022,MED011,13,13,0,0,12,28
2026-02-16,ST022,MED012,7,7,0,0,0,16
2026-02-16,ST022,MED013,4,4,0,48,0,57
2026-02-16,ST022,MED014,0,0,0,0,0,7
2026-02-16,ST022,MED015,11,11,0,0,0,36
2026-02-16,ST022,MED016,7,7,0,0,0,25
2026-02-16,ST022,MED017,9,9,0,0,0,13
2026-02-16,ST022,MED018,2,2,0,0,0,37
2026-02-16,ST022,MED019,3,3,0,24,24,21
2026-02-16,ST022,MED020,8,8,0,0,24,22
2026-02-16,ST022,MED021,10,10,0,0,6,62
2026-02-16,ST022,MED022,3,3,0,0,6,22
2026-02-16,ST022,MED023,15,15,0,0,24,32
2026-02-16,ST022,MED024,11,11,0,0,12,89
2026-02-16,ST022,MED025,5,5,0,0,12,28
2026-02-16,ST022,MED026,11,11,0,72,0,68
2026-02-16,ST022,MED027,11,11,0,0,12,65
2026-02-16,ST022,MED028,4,4,0,0,0,40
2026-02-16,ST022,MED029,5,5,0,0,0,76
2026-02-16,ST022,MED030,6,6,0,0,6,23
2026-02-16,ST023,MED001,10,10,0,0,0,32
2026-02-16,ST023,MED002,8,8,0,66,12,60
2026-02-16,ST023,MED003,8,7,1,0,24,0
2026-02-16,ST023,MED004,5,5,0,0,0,20
2026-02-16,ST023,MED005,9,9,0,0,12,24
2026-02-16,ST023,MED006,7,7,0,60,0,80
2026-02-16,ST023,MED007,2,2,0,0,0,19
2026-02-16,ST023,MED008,2,2,0,0,0,19
2026-02-16,ST023,MED009,9,9,0,0,12,37
2026-02-16,ST023,MED010,4,4,0,0,0,6
2026-02-16,ST023,MED011,8,8,0,0,6,42
2026-02-16,ST023,MED012,13,13,0,0,12,33
2026-02-16,ST023,MED013,8,7,1,0,0,0
2026-02-16,ST023,MED014,6,6,0,0,0,33
2026-02-16,ST023,MED015,7,7,0,0,0,61
2026-02-16,ST023,MED016,5,5,0,48,0,43
2026-02-16,ST023,MED017,12,12,0,0,0,13
2026-02-16,ST023,MED018,7,7,0,0,0,37
2026-02-16,ST023,MED019,1,1,0,24,0,29
2026-02-16,ST023,MED020,4,4,0,0,0,28
2026-02-16,ST023,MED021,7,7,0,0,0,22
2026-02-16,ST023,MED022,8,8,0,0,12,8
2026-02-16,ST023,MED023,17,17,0,0,24,37
2026-02-16,ST023,MED024,14,14,0,72,12,76
2026-02-16,ST023,MED025,1,0,1,0,0,0
2026-02-16,ST023,MED026,8,8,0,0,0,54
2026-02-16,ST023,MED027,12,12,0,0,12,25
2026-02-16,ST023,MED028,9,9,0,0,24,22
2026-02-16,ST023,MED029,12,12,0,0,0,21
2026-02-16,ST023,MED030,8,8,0,0,6,19
2026-02-16,ST024,MED001,8,8,0,0,0,38
2026-02-16,ST024,MED002,9,9,0,0,12,41
2026-02-16,ST024,MED003,5,5,0,0,0,15
2026-02-16,ST024,MED004,7,7,0,0,12,48
2026-02-16,ST024,MED005,14,14,0,72,12,81
2026-02-16,ST024,MED006,7,7,0,0,0,17
2026-02-16,ST024,MED007,5,5,0,0,24,16
2026-02-16,ST024,MED008,5,5,0,0,12,14
2026-02-16,ST024,MED009,9,0,9,0,0,0
2026-02-16,ST024,MED010,1,1,0,0,0,6
2026-02-16,ST024,MED011,8,8,0,0,6,27
2026-02-16,ST024,MED012,13,13,0,60,12,65
2026-02-16,ST024,MED013,5,5,0,0,0,13
2026-02-16,ST024,MED014,6,6,0,0,0,1
2026-02-16,ST024,MED015,12,12,0,0,24,11
2026-02-16,ST024,MED016,5,5,0,0,0,15
2026-02-16,ST024,MED017,8,8,0,0,12,44
2026-02-16,ST024,MED018,7,7,0,0,24,24
2026-02-16,ST024,MED019,5,5,0,0,0,12
2026-02-16,ST024,MED020,9,9,0,0,0,17
2026-02-16,ST024,MED021,13,13,0,60,12,47
2026-02-16,ST024,MED022,5,5,0,0,0,17
2026-02-16,ST024,MED023,10,10,0,0,12,59
2026-02-16,ST024,MED024,11,11,0,0,12,33
2026-02-16,ST024,MED025,6,6,0,0,12,25
2026-02-16,ST024,MED026,12,12,0,72,0,60
2026-02-16,ST024,MED027,16,16,0,0,12,23
2026-02-16,ST024,MED028,4,4,0,0,0,6
2026-02-16,ST024,MED029,8,8,0,0,0,14
2026-02-16,ST024,MED030,7,7,0,0,6,9
2026-02-16,ST025,MED001,15,15,0,0,24,31
2026-02-16,ST025,MED002,13,13,0,0,12,19
2026-02-16,ST025,MED003,3,3,0,0,24,23
2026-02-16,ST025,MED004,10,10,0,48,12,38
2026-02-16,ST025,MED005,10,10,0,0,12,43
2026-02-16,ST025,MED006,11,5,6,0,12,0
2026-02-16,ST025,MED007,3,3,0,0,0,13
2026-02-16,ST025,MED008,2,2,0,0,0,13
2026-02-16,ST025,MED009,14,14,0,0,12,35
2026-02-16,ST025,MED010,4,4,0,0,0,15
2026-02-16,ST025,MED011,12,12,0,66,12,54
2026-02-16,ST025,MED012,12,12,0,0,12,46
2026-02-16,ST025,MED013,4,4,0,0,0,5
2026-02-16,ST025,MED014,9,9,0,0,0,32
2026-02-16,ST025,MED015,10,10,0,0,0,4
2026-02-16,ST025,MED016,6,6,0,0,0,4
2026-02-16,ST025,MED017,13,13,0,0,12,43
2026-02-16,ST025,MED018,5,5,0,48,0,59
2026-02-16,ST025,MED019,7,5,2,0,24,0
2026-02-16,ST025,MED020,7,7,0,0,24,55
2026-02-16,ST025,MED021,7,7,0,54,6,47
2026-02-16,ST025,MED022,6,0,6,0,0,0
2026-02-16,ST025,MED023,10,10,0,0,12,44
2026-02-16,ST025,MED024,15,15,0,0,24,74
2026-02-16,ST025,MED025,5,5,0,0,12,15
2026-02-16,ST025,MED026,8,8,0,0,0,14
2026-02-16,ST025,MED027,13,13,0,0,0,17
2026-02-16,ST025,MED028,4,4,0,0,0,10
2026-02-16,ST025,MED029,7,7,0,0,0,3
2026-02-16,ST025,MED030,13,13,0,0,18,3
2026-02-16,ST026,MED001,15,15,0,0,0,31
2026-02-16,ST026,MED002,10,10,0,66,6,56
2026-02-16,ST026,MED003,7,7,0,0,24,2
2026-02-16,ST026,MED004,12,12,0,48,12,36
2026-02-16,ST026,MED005,16,1,15,0,0,0
2026-02-16,ST026,MED006,11,11,0,60,12,49
2026-02-16,ST026,MED007,5,5,0,0,0,0
2026-02-16,ST026,MED008,4,0,4,0,0,0
2026-02-16,ST026,MED009,12,12,0,0,12,24
2026-02-16,ST026,MED010,8,8,0,24,0,16
2026-02-16,ST026,MED011,23,23,0,66,30,64
2026-02-16,ST026,MED012,9,0,9,0,0,0
2026-02-16,ST026,MED013,13,13,0,0,24,10
2026-02-16,ST026,MED014,7,7,0,0,24,19
2026-02-16,ST026,MED015,15,15,0,0,24,35
2026-02-16,ST026,MED016,6,6,0,0,0,37
2026-02-16,ST026,MED017,12,0,12,0,0,0
2026-02-16,ST026,MED018,9,9,0,0,0,36
2026-02-16,ST026,MED019,1,1,0,0,0,15
2026-02-16,ST026,MED020,10,10,0,0,0,24
2026-02-16,ST026,MED021,9,9,0,0,6,25
2026-02-16,ST026,MED022,6,6,0,0,6,11
2026-02-16,ST026,MED023,10,10,0,0,0,19
2026-02-16,ST026,MED024,13,13,0,0,12,25
2026-02-16,ST026,MED025,5,0,5,0,0,0
2026-02-16,ST026,MED026,17,17,0,0,0,33
2026-02-16,ST026,MED027,14,14,0,72,12,58
2026-02-16,ST026,MED028,5,5,0,0,0,36
2026-02-16,ST026,MED029,9,9,0,0,0,1
2026-02-16,ST026,MED030,4,4,0,0,6,23
2026-02-16,ST027,MED001,15,15,0,0,24,8
2026-02-16,ST027,MED002,14,14,0,0,12,28
2026-02-16,ST027,MED003,6,6,0,24,0,23
2026-02-16,ST027,MED004,8,8,0,0,12,6
2026-02-16,ST027,MED005,17,17,0,0,12,58
2026-02-16,ST027,MED006,10,10,0,0,0,38
2026-02-16,ST027,MED007,7,7,0,0,24,10
2026-02-16,ST027,MED008,2,2,0,0,0,13
2026-02-16,ST027,MED009,15,15,0,0,12,31
2026-02-16,ST027,MED010,6,6,0,0,12,10
2026-02-16,ST027,MED011,13,12,1,0,12,0
2026-02-16,ST027,MED012,12,12,0,72,12,60
2026-02-16,ST027,MED013,10,10,0,0,12,30
2026-02-16,ST027,MED014,4,4,0,0,0,24
2026-02-16,ST027,MED015,16,16,0,0,0,20
2026-02-16,ST027,MED016,14,14,0,0,24,25
2026-02-16,ST027,MED017,14,14,0,0,12,17
2026-02-16,ST027,MED018,8,6,2,0,24,0
2026-02-16,ST027,MED019,7,1,6,0,0,0
2026-02-16,ST027,MED020,13,13,0,48,0,53
2026-02-16,ST027,MED021,14,14,0,54,12,63
2026-02-16,ST027,MED022,4,4,0,0,0,14
2026-02-16,ST027,MED023,10,10,0,72,12,62
2026-02-16,ST027,MED024,14,14,0,0,12,37
2026-02-16,ST027,MED025,7,7,0,0,12,32
2026-02-16,ST027,MED026,11,11,0,0,0,13
2026-02-16,ST027,MED027,17,17,0,0,24,16
2026-02-16,ST027,MED028,8,7,1,0,0,0
2026-02-16,ST027,MED029,11,11,0,0,0,15
2026-02-16,ST027,MED030,8,8,0,30,6,30
2026-02-16,ST028,MED001,5,5,0,0,24,42
2026-02-16,ST028,MED002,10,10,0,0,6,36
2026-02-16,ST028,MED003,3,3,0,0,0,24
2026-02-16,ST028,MED004,6,6,0,48,12,48
2026-02-16,ST028,MED005,9,9,0,0,12,33
2026-02-16,ST028,MED006,7,7,0,0,12,27
2026-02-16,ST028,MED007,2,2,0,0,0,5
2026-02-16,ST028,MED008,5,5,0,0,0,2
2026-02-16,ST028,MED009,5,5,0,0,0,56
2026-02-16,ST028,MED010,1,1,0,0,0,20
2026-02-16,ST028,MED011,9,9,0,0,6,35
2026-02-16,ST028,MED012,5,5,0,0,0,23
2026-02-16,ST028,MED013,8,8,0,0,12,6
2026-02-16,ST028,MED014,3,3,0,0,0,10
2026-02-16,ST028,MED015,8,8,0,72,0,72
2026-02-16,ST028,MED016,4,4,0,0,0,36
2026-02-16,ST028,MED017,6,6,0,0,0,24
2026-02-16,ST028,MED018,3,3,0,0,0,45
2026-02-16,ST028,MED019,0,0,0,0,0,7
2026-02-16,ST028,MED020,7,7,0,0,0,13
2026-02-16,ST028,MED021,9,9,0,0,12,28
2026-02-16,ST028,MED022,6,6,0,0,0,13
2026-02-16,ST028,MED023,9,9,0,0,12,36
2026-02-16,ST028,MED024,8,8,0,0,0,78
2026-02-16,ST028,MED025,5,5,0,0,0,22
2026-02-16,ST028,MED026,8,8,0,0,0,34
2026-02-16,ST028,MED027,12,12,0,0,0,14
2026-02-16,ST028,MED028,8,8,0,0,24,39
2026-02-16,ST028,MED029,5,5,0,0,0,59
2026-02-16,ST028,MED030,6,6,0,0,0,17
2026-02-16,ST029,MED001,10,10,0,0,24,41
2026-02-16,ST029,MED002,7,7,0,0,6,25
2026-02-16,ST029,MED003,0,0,0,0,0,6
2026-02-16,ST029,MED004,9,9,0,0,0,19
2026-02-16,ST029,MED005,12,12,0,0,0,4
2026-02-16,ST029,MED006,6,6,0,0,12,38
2026-02-16,ST029,MED007,1,1,0,0,0,6
2026-02-16,ST029,MED008,6,6,0,0,0,13
2026-02-16,ST029,MED009,9,9,0,0,12,55
2026-02-16,ST029,MED010,2,2,0,0,0,18
2026-02-16,ST029,MED011,9,9,0,0,12,39
2026-02-16,ST029,MED012,2,2,0,0,0,51
2026-02-16,ST029,MED013,6,6,0,0,12,45
2026-02-16,ST029,MED014,5,5,0,0,24,25
2026-02-16,ST029,MED015,12,12,0,0,24,1
2026-02-16,ST029,MED016,10,10,0,0,24,32
2026-02-16,ST029,MED017,9,9,0,0,0,65
2026-02-16,ST029,MED018,10,10,0,0,24,16
2026-02-16,ST029,MED019,0,0,0,0,0,20
2026-02-16,ST029,MED020,4,4,0,0,0,10
2026-02-16,ST029,MED021,11,11,0,0,0,18
2026-02-16,ST029,MED022,5,5,0,42,6,37
2026-02-16,ST029,MED023,7,1,6,0,0,0
2026-02-16,ST029,MED024,9,9,0,72,12,66
2026-02-16,ST029,MED025,5,5,0,0,0,15
2026-02-16,ST029,MED026,12,12,0,0,24,21
2026-02-16,ST029,MED027,12,12,0,0,0,82
2026-02-16,ST029,MED028,6,6,0,0,0,31
2026-02-16,ST029,MED029,5,5,0,0,24,62
2026-02-16,ST029,MED030,4,4,0,0,6,16
2026-02-16,ST030,MED001,11,11,0,72,0,91
2026-02-16,ST030,MED002,17,12,5,0,12,0
2026-02-16,ST030,MED003,5,5,0,0,24,18
2026-02-16,ST030,MED004,8,8,0,0,12,34
2026-02-16,ST030,MED005,8,8,0,72,12,66
2026-02-16,ST030,MED006,10,10,0,0,12,32
2026-02-16,ST030,MED007,3,3,0,0,0,9
2026-02-16,ST030,MED008,4,4,0,0,12,9
2026-02-16,ST030,MED009,7,7,0,0,12,47
2026-02-16,ST030,MED010,1,1,0,0,0,28
2026-02-16,ST030,MED011,7,7,0,0,6,25
2026-02-16,ST030,MED012,9,8,1,0,12,0
2026-02-16,ST030,MED013,6,6,0,0,12,18
2026-02-16,ST030,MED014,2,2,0,0,0,43
2026-02-16,ST030,MED015,11,11,0,0,0,33
2026-02-16,ST030,MED016,8,8,0,48,0,40
2026-02-16,ST030,MED017,12,12,0,0,12,23
2026-02-16,ST030,MED018,5,5,0,0,0,21
2026-02-16,ST030,MED019,3,3,0,0,0,11
2026-02-16,ST030,MED020,6,6,0,48,0,63
2026-02-16,ST030,MED021,12,12,0,0,12,20
2026-02-16,ST030,MED022,7,7,0,0,6,17
2026-02-16,ST030,MED023,11,11,0,0,12,57
2026-02-16,ST030,MED024,13,13,0,0,12,48
2026-02-16,ST030,MED025,6,6,0,0,0,6
2026-02-16,ST030,MED026,9,9,0,0,0,63
2026-02-16,ST030,MED027,13,13,0,72,0,85
2026-02-16,ST030,MED028,7,7,0,0,0,0
2026-02-16,ST030,MED029,6,6,0,0,24,50
2026-02-16,ST030,MED030,8,8,0,0,12,22
2026-02-16,ST031,MED001,11,11,0,0,24,74
2026-02-16,ST031,MED002,14,14,0,72,18,58
2026-02-16,ST031,MED003,0,0,0,0,0,12
2026-02-16,ST031,MED004,6,6,0,0,0,39
2026-02-16,ST031,MED005,13,13,0,0,12,62
2026-02-16,ST031,MED006,8,8,0,0,12,39
2026-02-16,ST031,MED007,2,0,2,0,0,0
2026-02-16,ST031,MED008,3,3,0,0,12,24
2026-02-16,ST031,MED009,14,14,0,0,12,55
2026-02-16,ST031,MED010,3,3,0,0,12,9
2026-02-16,ST031,MED011,8,8,0,66,6,58
2026-02-16,ST031,MED012,10,10,0,60,12,58
2026-02-16,ST031,MED013,8,8,0,0,12,24
2026-02-16,ST031,MED014,3,3,0,0,0,43
2026-02-16,ST031,MED015,15,0,15,0,0,0
2026-02-16,ST031,MED016,5,5,0,0,0,9
2026-02-16,ST031,MED017,13,13,0,0,12,16
2026-02-16,ST031,MED018,8,8,0,0,0,19
2026-02-16,ST031,MED019,4,4,0,24,0,20
2026-02-16,ST031,MED020,6,6,0,0,0,21
2026-02-16,ST031,MED021,12,12,0,0,12,7
2026-02-16,ST031,MED022,8,8,0,0,6,34
2026-02-16,ST031,MED023,10,0,10,0,0,0
2026-02-16,ST031,MED024,11,11,0,0,12,35
2026-02-16,ST031,MED025,5,5,0,0,12,19
2026-02-16,ST031,MED026,11,11,0,0,24,13
2026-02-16,ST031,MED027,10,10,0,0,12,53
2026-02-16,ST031,MED028,6,6,0,0,0,39
2026-02-16,ST031,MED029,11,11,0,0,24,38
2026-02-16,ST031,MED030,2,2,0,0,0,21
2026-02-16,ST032,MED001,22,22,0,0,24,47
2026-02-16,ST032,MED002,11,11,0,0,12,22
2026-02-16,ST032,MED003,4,4,0,24,0,20
2026-02-16,ST032,MED004,9,9,0,0,12,48
2026-02-16,ST032,MED005,12,12,0,0,24,34
2026-02-16,ST032,MED006,10,10,0,0,12,12
2026-02-16,ST032,MED007,4,4,0,0,0,15
2026-02-16,ST032,MED008,4,4,0,0,12,19
2026-02-16,ST032,MED009,9,0,9,0,0,0
2026-02-16,ST032,MED010,6,6,0,0,0,5
2026-02-16,ST032,MED011,12,12,0,0,6,13
2026-02-16,ST032,MED012,13,13,0,0,12,26
2026-02-16,ST032,MED013,8,8,0,0,12,23
2026-02-16,ST032,MED014,6,0,6,0,0,0
2026-02-16,ST032,MED015,15,15,0,0,24,5
2026-02-16,ST032,MED016,8,0,8,0,0,0
2026-02-16,ST032,MED017,15,15,0,0,12,22
2026-02-16,ST032,MED018,6,6,0,0,0,2
2026-02-16,ST032,MED019,4,4,0,0,0,16
2026-02-16,ST032,MED020,6,6,0,0,0,10
2026-02-16,ST032,MED021,10,10,0,0,6,47
2026-02-16,ST032,MED022,7,7,0,0,6,22
2026-02-16,ST032,MED023,14,14,0,0,12,67
2026-02-16,ST032,MED024,12,12,0,72,12,60
2026-02-16,ST032,MED025,10,10,0,0,12,12
2026-02-16,ST032,MED026,15,15,0,0,0,19
2026-02-16,ST032,MED027,16,16,0,0,24,41
2026-02-16,ST032,MED028,3,3,0,0,0,40
2026-02-16,ST032,MED029,6,6,0,0,0,44
2026-02-16,ST032,MED030,3,3,0,0,0,24
2026-02-16,ST033,MED001,12,12,0,0,0,26
2026-02-16,ST033,MED002,16,0,16,0,0,0
2026-02-16,ST033,MED003,3,3,0,0,24,3
2026-02-16,ST033,MED004,11,0,11,0,0,0
2026-02-16,ST033,MED005,10,10,0,0,12,37
2026-02-16,ST033,MED006,8,8,0,0,0,18
2026-02-16,ST033,MED007,1,1,0,0,0,15
2026-02-16,ST033,MED008,5,5,0,0,0,9
2026-02-16,ST033,MED009,14,14,0,0,12,39
2026-02-16,ST033,MED010,5,5,0,0,12,19
2026-02-16,ST033,MED011,14,14,0,0,18,40
2026-02-16,ST033,MED012,9,9,0,0,12,45
2026-02-16,ST033,MED013,9,9,0,0,0,30
2026-02-16,ST033,MED014,4,4,0,0,0,8
2026-02-16,ST033,MED015,8,4,4,0,0,0
2026-02-16,ST033,MED016,13,13,0,0,24,4
2026-02-16,ST033,MED017,13,13,0,0,12,20
2026-02-16,ST033,MED018,9,9,0,0,0,16
2026-02-16,ST033,MED019,3,3,0,0,0,12
2026-02-16,ST033,MED020,13,11,2,0,0,0
2026-02-16,ST033,MED021,10,10,0,0,12,8
2026-02-16,ST033,MED022,7,7,0,0,0,13
2026-02-16,ST033,MED023,15,15,0,72,12,57
2026-02-16,ST033,MED024,14,14,0,0,12,28
2026-02-16,ST033,MED025,3,3,0,36,0,45
2026-02-16,ST033,MED026,10,10,0,0,0,33
2026-02-16,ST033,MED027,14,14,0,0,12,26
2026-02-16,ST033,MED028,7,7,0,0,24,1
2026-02-16,ST033,MED029,8,8,0,0,0,39
2026-02-16,ST033,MED030,5,5,0,0,6,12
2026-02-16,ST034,MED001,15,11,4,0,0,0
2026-02-16,ST034,MED002,16,16,0,0,18,25
2026-02-16,ST034,MED003,0,0,0,0,0,6
2026-02-16,ST034,MED004,10,10,0,0,12,17
2026-02-16,ST034,MED005,11,11,0,0,12,46
2026-02-16,ST034,MED006,11,11,0,60,12,63
2026-02-16,ST034,MED007,5,3,2,0,0,0
2026-02-16,ST034,MED008,3,3,0,0,12,12
2026-02-16,ST034,MED009,14,14,0,0,12,17
2026-02-16,ST034,MED010,5,5,0,36,0,31
2026-02-16,ST034,MED011,15,15,0,0,12,27
2026-02-16,ST034,MED012,15,0,15,0,0,0
2026-02-16,ST034,MED013,9,9,0,48,0,39
2026-02-16,ST034,MED014,7,3,4,0,0,0
2026-02-16,ST034,MED015,13,13,0,0,24,63
2026-02-16,ST034,MED016,9,0,9,0,0,0
2026-02-16,ST034,MED017,15,15,0,60,12,45
2026-02-16,ST034,MED018,10,10,0,0,24,26
2026-02-16,ST034,MED019,4,4,0,24,0,24
2026-02-16,ST034,MED020,6,6,0,0,0,26
2026-02-16,ST034,MED021,11,11,0,60,12,71
2026-02-16,ST034,MED022,16,0,16,0,6,0
2026-02-16,ST034,MED023,11,11,0,0,0,6
2026-02-16,ST034,MED024,13,13,0,0,12,45
2026-02-16,ST034,MED025,9,0,9,0,0,0
2026-02-16,ST034,MED026,17,17,0,72,24,55
2026-02-16,ST034,MED027,14,14,0,0,12,48
2026-02-16,ST034,MED028,8,8,0,0,0,4
2026-02-16,ST034,MED029,14,14,0,0,0,10
2026-02-16,ST034,MED030,5,2,3,0,0,0
2026-02-16,ST035,MED001,9,9,0,0,24,52
2026-02-16,ST035,MED002,7,7,0,0,0,22
2026-02-16,ST035,MED003,0,0,0,24,0,26
2026-02-16,ST035,MED004,8,8,0,0,12,42
2026-02-16,ST035,MED005,10,10,0,0,12,31
2026-02-16,ST035,MED006,6,6,0,0,0,16
2026-02-16,ST035,MED007,1,1,0,0,0,30
2026-02-16,ST035,MED008,6,6,0,0,0,2
2026-02-16,ST035,MED009,9,9,0,0,0,35
2026-02-16,ST035,MED010,0,0,0,0,0,12
2026-02-16,ST035,MED011,10,10,0,0,6,0
2026-02-16,ST035,MED012,8,8,0,0,12,39
2026-02-16,ST035,MED013,2,2,0,0,0,49
2026-02-16,ST035,MED014,4,0,4,0,0,0
2026-02-16,ST035,MED015,8,8,0,0,0,49
2026-02-16,ST035,MED016,8,8,0,0,0,29
2026-02-16,ST035,MED017,6,6,0,0,0,40
2026-02-16,ST035,MED018,0,0,0,0,0,33
2026-02-16,ST035,MED019,0,0,0,0,0,26
2026-02-16,ST035,MED020,1,1,0,0,0,55
2026-02-16,ST035,MED021,7,7,0,0,0,19
2026-02-16,ST035,MED022,7,7,0,0,0,43
2026-02-16,ST035,MED023,7,7,0,0,0,71
2026-02-16,ST035,MED024,10,10,0,0,12,34
2026-02-16,ST035,MED025,6,6,0,0,0,7
2026-02-16,ST035,MED026,11,11,0,0,24,25
2026-02-16,ST035,MED027,5,5,0,0,0,76
2026-02-16,ST035,MED028,2,2,0,0,0,13
2026-02-16,ST035,MED029,5,5,0,0,0,49
2026-02-16,ST035,MED030,7,7,0,0,6,17
2026-02-16,ST036,MED001,8,8,0,0,0,7
2026-02-16,ST036,MED002,11,11,0,0,12,25
2026-02-16,ST036,MED003,4,4,0,0,0,11
2026-02-16,ST036,MED004,9,9,0,48,12,40
2026-02-16,ST036,MED005,9,9,0,0,0,15
2026-02-16,ST036,MED006,12,12,0,60,12,49
2026-02-16,ST036,MED007,2,2,0,0,0,21
2026-02-16,ST036,MED008,0,0,0,0,0,12
2026-02-16,ST036,MED009,4,4,0,0,0,39
2026-02-16,ST036,MED010,1,0,1,0,0,0
2026-02-16,ST036,MED011,9,9,0,0,6,29
2026-02-16,ST036,MED012,8,8,0,0,12,54
2026-02-16,ST036,MED013,6,6,0,0,0,25
2026-02-16,ST036,MED014,4,4,0,0,0,3
2026-02-16,ST036,MED015,8,8,0,0,0,40
2026-02-16,ST036,MED016,6,6,0,0,0,37
2026-02-16,ST036,MED017,7,7,0,0,0,80
2026-02-16,ST036,MED018,0,0,0,0,0,31
2026-02-16,ST036,MED019,0,0,0,0,0,7
2026-02-16,ST036,MED020,10,10,0,0,0,27
2026-02-16,ST036,MED021,6,6,0,54,6,62
2026-02-16,ST036,MED022,4,4,0,0,6,19
2026-02-16,ST036,MED023,11,11,0,0,0,11
2026-02-16,ST036,MED024,8,8,0,0,0,73
2026-02-16,ST036,MED025,1,1,0,36,0,41
2026-02-16,ST036,MED026,9,0,9,0,0,0
2026-02-16,ST036,MED027,12,12,0,0,0,22
2026-02-16,ST036,MED028,7,7,0,0,0,5
2026-02-16,ST036,MED029,11,3,8,0,0,0
2026-02-16,ST036,MED030,5,5,0,36,0,41
2026-02-16,ST037,MED001,7,3,4,0,0,0
2026-02-16,ST037,MED002,7,7,0,0,6,36
2026-02-16,ST037,MED003,0,0,0,24,0,24
2026-02-16,ST037,MED004,3,3,0,0,0,13
2026-02-16,ST037,MED005,12,12,0,0,0,68
2026-02-16,ST037,MED006,7,7,0,0,12,66
2026-02-16,ST037,MED007,3,3,0,0,0,5
2026-02-16,ST037,MED008,0,0,0,0,0,26
2026-02-16,ST037,MED009,10,10,0,60,0,66
2026-02-16,ST037,MED010,2,2,0,24,0,31
2026-02-16,ST037,MED011,9,9,0,0,6,31
2026-02-16,ST037,MED012,8,8,0,0,12,30
2026-02-16,ST037,MED013,5,5,0,0,12,11
2026-02-16,ST037,MED014,4,4,0,0,0,48
2026-02-16,ST037,MED015,8,8,0,0,0,45
2026-02-16,ST037,MED016,9,9,0,0,24,1
2026-02-16,ST037,MED017,8,8,0,0,12,47
2026-02-16,ST037,MED018,5,5,0,48,0,48
2026-02-16,ST037,MED019,1,1,0,0,0,20
2026-02-16,ST037,MED020,8,3,5,0,0,0
2026-02-16,ST037,MED021,6,6,0,66,0,60
2026-02-16,ST037,MED022,7,7,0,0,6,22
2026-02-16,ST037,MED023,12,12,0,0,12,38
2026-02-16,ST037,MED024,14,14,0,72,12,59
2026-02-16,ST037,MED025,13,13,0,0,24,12
2026-02-16,ST037,MED026,11,11,0,0,24,10
2026-02-16,ST037,MED027,9,9,0,0,0,36
2026-02-16,ST037,MED028,11,11,0,0,24,37
2026-02-16,ST037,MED029,7,7,0,0,0,46
2026-02-16,ST037,MED030,6,4,2,0,6,0
2026-02-16,ST038,MED001,11,11,0,0,0,45
2026-02-16,ST038,MED002,8,8,0,0,6,0
2026-02-16,ST038,MED003,1,1,0,0,0,9
2026-02-16,ST038,MED004,6,6,0,48,0,42
2026-02-16,ST038,MED005,10,10,0,0,12,12
2026-02-16,ST038,MED006,12,0,12,0,0,0
2026-02-16,ST038,MED007,3,3,0,0,0,1
2026-02-16,ST038,MED008,4,4,0,0,0,24
2026-02-16,ST038,MED009,8,8,0,0,12,35
2026-02-16,ST038,MED010,7,7,0,0,0,14
2026-02-16,ST038,MED011,12,12,0,0,12,10
2026-02-16,ST038,MED012,9,9,0,0,12,39
2026-02-16,ST038,MED013,6,6,0,48,0,55
2026-02-16,ST038,MED014,8,8,0,0,0,2
2026-02-16,ST038,MED015,12,12,0,0,24,46
2026-02-16,ST038,MED016,7,7,0,48,0,41
2026-02-16,ST038,MED017,13,13,0,0,12,31
2026-02-16,ST038,MED018,6,6,0,0,24,21
2026-02-16,ST038,MED019,0,0,0,0,0,15
2026-02-16,ST038,MED020,5,0,5,0,0,0
2026-02-16,ST038,MED021,10,10,0,0,12,12
2026-02-16,ST038,MED022,9,9,0,0,12,20
2026-02-16,ST038,MED023,10,10,0,0,12,12
2026-02-16,ST038,MED024,13,13,0,0,12,80
2026-02-16,ST038,MED025,3,3,0,0,0,23
2026-02-16,ST038,MED026,12,12,0,0,24,3
2026-02-16,ST038,MED027,11,11,0,0,12,24
2026-02-16,ST038,MED028,8,8,0,0,24,15
2026-02-16,ST038,MED029,10,0,10,0,0,0
2026-02-16,ST038,MED030,3,3,0,0,0,29
2026-02-16,ST039,MED001,14,14,0,0,0,28
2026-02-16,ST039,MED002,12,12,0,0,12,48
2026-02-16,ST039,MED003,3,3,0,0,0,9
2026-02-16,ST039,MED004,9,9,0,48,0,39
2026-02-16,ST039,MED005,13,13,0,0,24,17
2026-02-16,ST039,MED006,13,0,13,0,0,0
2026-02-16,ST039,MED007,4,4,0,24,0,20
2026-02-16,ST039,MED008,4,0,4,0,0,0
2026-02-16,ST039,MED009,10,10,0,60,12,66
2026-02-16,ST039,MED010,6,6,0,0,0,9
2026-02-16,ST039,MED011,8,8,0,0,6,51
2026-02-16,ST039,MED012,13,13,0,72,24,59
2026-02-16,ST039,MED013,6,6,0,0,0,15
2026-02-16,ST039,MED014,10,10,0,0,0,9
2026-02-16,ST039,MED015,13,13,0,0,24,1
2026-02-16,ST039,MED016,8,8,0,0,0,19
2026-02-16,ST039,MED017,11,11,0,0,12,13
2026-02-16,ST039,MED018,5,5,0,0,0,8
2026-02-16,ST039,MED019,4,4,0,0,0,14
2026-02-16,ST039,MED020,8,8,0,0,0,22
2026-02-16,ST039,MED021,12,12,0,60,12,48
2026-02-16,ST039,MED022,10,10,0,0,12,32
2026-02-16,ST039,MED023,13,13,0,0,12,33
2026-02-16,ST039,MED024,11,11,0,0,12,44
2026-02-16,ST039,MED025,9,9,0,0,12,10
2026-02-16,ST039,MED026,10,10,0,0,24,59
2026-02-16,ST039,MED027,16,16,0,0,12,50
2026-02-16,ST039,MED028,10,10,0,48,24,38
2026-02-16,ST039,MED029,7,7,0,0,0,15
2026-02-16,ST039,MED030,15,6,9,0,6,0
2026-02-16,ST040,MED001,12,12,0,0,24,44
2026-02-16,ST040,MED002,11,3,8,0,0,0
2026-02-16,ST040,MED003,4,4,0,0,0,8
2026-02-16,ST040,MED004,8,8,0,0,0,9
2026-02-16,ST040,MED005,11,11,0,72,12,61
2026-02-16,ST040,MED006,13,13,0,0,24,61
2026-02-16,ST040,MED007,4,4,0,0,0,9
2026-02-16,ST040,MED008,2,2,0,24,12,22
2026-02-16,ST040,MED009,11,11,0,0,12,19
2026-02-16,ST040,MED010,5,5,0,0,12,26
2026-02-16,ST040,MED011,17,17,0,0,18,31
2026-02-16,ST040,MED012,15,15,0,0,24,21
2026-02-16,ST040,MED013,9,9,0,48,12,40
2026-02-16,ST040,MED014,10,10,0,0,24,29
2026-02-16,ST040,MED015,12,12,0,72,0,60
2026-02-16,ST040,MED016,6,6,0,0,24,34
2026-02-16,ST040,MED017,8,8,0,0,12,52
2026-02-16,ST040,MED018,6,6,0,0,24,25
2026-02-16,ST040,MED019,4,4,0,24,0,23
2026-02-16,ST040,MED020,11,11,0,0,24,30
2026-02-16,ST040,MED021,13,13,0,0,12,9
2026-02-16,ST040,MED022,4,4,0,0,0,10
2026-02-16,ST040,MED023,16,16,0,0,12,41
2026-02-16,ST040,MED024,16,16,0,0,24,35
2026-02-16,ST040,MED025,10,10,0,0,12,13
2026-02-16,ST040,MED026,12,12,0,0,24,18
2026-02-16,ST040,MED027,13,13,0,0,12,9
2026-02-16,ST040,MED028,6,6,0,0,0,5
2026-02-16,ST040,MED029,15,15,0,0,24,30
2026-02-16,ST040,MED030,7,7,0,0,6,19
2026-02-17,ST001,MED001,11,11,0,0,24,37
2026-02-17,ST001,MED002,8,8,0,0,6,45
2026-02-17,ST001,MED003,2,1,1,0,0,0
2026-02-17,ST001,MED004,6,6,0,0,0,30
2026-02-17,ST001,MED005,12,12,0,0,24,58
2026-02-17,ST001,MED006,12,12,0,0,12,43
2026-02-17,ST001,MED007,2,2,0,0,0,14
2026-02-17,ST001,MED008,7,7,0,0,12,17
2026-02-17,ST001,MED009,8,8,0,0,0,6
2026-02-17,ST001,MED010,6,6,0,0,12,16
2026-02-17,ST001,MED011,9,9,0,0,0,1
2026-02-17,ST001,MED012,8,8,0,0,12,62
2026-02-17,ST001,MED013,6,6,0,0,0,48
2026-02-17,ST001,MED014,8,8,0,48,0,52
2026-02-17,ST001,MED015,8,8,0,0,24,22
2026-02-17,ST001,MED016,7,7,0,0,0,33
2026-02-17,ST001,MED017,7,7,0,0,0,7
2026-02-17,ST001,MED018,2,2,0,0,0,46
2026-02-17,ST001,MED019,3,3,0,0,0,4
2026-02-17,ST001,MED020,5,5,0,0,24,41
2026-02-17,ST001,MED021,7,7,0,0,6,25
2026-02-17,ST001,MED022,3,3,0,18,6,35
2026-02-17,ST001,MED023,9,9,0,0,12,35
2026-02-17,ST001,MED024,9,9,0,0,12,23
2026-02-17,ST001,MED025,4,4,0,0,0,11
2026-02-17,ST001,MED026,9,9,0,0,24,43
2026-02-17,ST001,MED027,12,12,0,12,12,51
2026-02-17,ST001,MED028,9,9,0,0,0,6
2026-02-17,ST001,MED029,5,5,0,0,0,25
2026-02-17,ST001,MED030,10,10,0,0,18,4
2026-02-17,ST002,MED001,12,12,0,0,24,3
2026-02-17,ST002,MED002,13,13,0,0,18,33
2026-02-17,ST002,MED003,6,6,0,24,0,33
2026-02-17,ST002,MED004,6,6,0,48,12,56
2026-02-17,ST002,MED005,11,11,0,0,12,13
2026-02-17,ST002,MED006,10,8,2,0,12,0
2026-02-17,ST002,MED007,6,6,0,24,24,18
2026-02-17,ST002,MED008,0,0,0,0,0,15
2026-02-17,ST002,MED009,8,8,0,60,12,53
2026-02-17,ST002,MED010,4,4,0,0,0,32
2026-02-17,ST002,MED011,13,13,0,0,6,0
2026-02-17,ST002,MED012,10,10,0,0,12,43
2026-02-17,ST002,MED013,4,4,0,0,12,44
2026-02-17,ST002,MED014,5,5,0,0,0,28
2026-02-17,ST002,MED015,12,12,0,72,0,90
2026-02-17,ST002,MED016,4,4,0,0,0,29
2026-02-17,ST002,MED017,13,13,0,72,12,63
2026-02-17,ST002,MED018,6,6,0,0,0,23
2026-02-17,ST002,MED019,1,0,1,0,0,0
2026-02-17,ST002,MED020,11,11,0,0,24,19
2026-02-17,ST002,MED021,10,10,0,0,6,42
2026-02-17,ST002,MED022,2,2,0,42,0,40
2026-02-17,ST002,MED023,8,8,0,0,0,51
2026-02-17,ST002,MED024,9,9,0,0,0,27
2026-02-17,ST002,MED025,6,6,0,24,0,35
2026-02-17,ST002,MED026,9,9,0,0,24,76
2026-02-17,ST002,MED027,10,10,0,72,12,65
2026-02-17,ST002,MED028,8,8,0,0,0,7
2026-02-17,ST002,MED029,10,10,0,0,24,30
2026-02-17,ST002,MED030,8,8,0,18,6,27
2026-02-17,ST003,MED001,11,11,0,72,0,61
2026-02-17,ST003,MED002,10,10,0,0,6,56
2026-02-17,ST003,MED003,1,1,0,0,0,4
2026-02-17,ST003,MED004,4,4,0,0,12,32
2026-02-17,ST003,MED005,15,15,0,0,12,21
2026-02-17,ST003,MED006,10,10,0,0,12,14
2026-02-17,ST003,MED007,4,4,0,0,24,24
2026-02-17,ST003,MED008,1,1,0,0,0,16
2026-02-17,ST003,MED009,8,8,0,0,0,25
2026-02-17,ST003,MED010,1,1,0,0,0,5
2026-02-17,ST003,MED011,14,14,0,0,18,30
2026-02-17,ST003,MED012,7,7,0,0,12,44
2026-02-17,ST003,MED013,7,7,0,12,12,51
2026-02-17,ST003,MED014,4,4,0,0,0,37
2026-02-17,ST003,MED015,10,10,0,24,24,89
2026-02-17,ST003,MED016,8,8,0,24,0,56
2026-02-17,ST003,MED017,10,10,0,0,12,13
2026-02-17,ST003,MED018,9,9,0,24,0,39
2026-02-17,ST003,MED019,3,3,0,0,0,3
2026-02-17,ST003,MED020,11,11,0,24,24,41
2026-02-17,ST003,MED021,7,7,0,54,6,59
2026-02-17,ST003,MED022,5,5,0,0,6,13
2026-02-17,ST003,MED023,12,12,0,0,12,31
2026-02-17,ST003,MED024,10,10,0,0,0,73
2026-02-17,ST003,MED025,6,0,6,0,0,0
2026-02-17,ST003,MED026,11,11,0,0,0,50
2026-02-17,ST003,MED027,12,12,0,12,12,72
2026-02-17,ST003,MED028,5,3,2,0,0,0
2026-02-17,ST003,MED029,7,7,0,0,24,63
2026-02-17,ST003,MED030,0,0,0,0,0,5
2026-02-17,ST004,MED001,10,10,0,72,24,62
2026-02-17,ST004,MED002,11,11,0,0,12,5
2026-02-17,ST004,MED003,1,1,0,24,0,37
2026-02-17,ST004,MED004,7,7,0,0,0,19
2026-02-17,ST004,MED005,13,9,4,0,0,0
2026-02-17,ST004,MED006,7,7,0,0,12,35
2026-02-17,ST004,MED007,6,6,0,0,0,7
2026-02-17,ST004,MED008,5,5,0,0,0,1
2026-02-17,ST004,MED009,15,15,0,72,12,79
2026-02-17,ST004,MED010,7,7,0,24,12,26
2026-02-17,ST004,MED011,10,10,0,0,12,2
2026-02-17,ST004,MED012,10,0,10,0,0,0
2026-02-17,ST004,MED013,8,8,0,12,12,7
2026-02-17,ST004,MED014,6,6,0,0,0,22
2026-02-17,ST004,MED015,13,13,0,0,24,53
2026-02-17,ST004,MED016,5,5,0,0,0,43
2026-02-17,ST004,MED017,12,12,0,0,12,16
2026-02-17,ST004,MED018,4,4,0,0,0,14
2026-02-17,ST004,MED019,1,0,1,0,0,0
2026-02-17,ST004,MED020,10,10,0,0,24,23
2026-02-17,ST004,MED021,10,10,0,18,6,8
2026-02-17,ST004,MED022,8,5,3,0,6,0
2026-02-17,ST004,MED023,11,11,0,0,12,12
2026-02-17,ST004,MED024,15,15,0,0,12,8
2026-02-17,ST004,MED025,9,9,0,48,12,39
2026-02-17,ST004,MED026,15,15,0,24,24,62
2026-02-17,ST004,MED027,15,15,0,0,12,7
2026-02-17,ST004,MED028,7,2,5,0,0,0
2026-02-17,ST004,MED029,9,9,0,0,0,62
2026-02-17,ST004,MED030,8,5,3,0,6,0
2026-02-17,ST005,MED001,17,17,0,72,24,58
2026-02-17,ST005,MED002,13,6,7,0,6,0
2026-02-17,ST005,MED003,5,5,0,24,24,25
2026-02-17,ST005,MED004,10,0,10,0,0,0
2026-02-17,ST005,MED005,11,11,0,60,12,87
2026-02-17,ST005,MED006,12,12,0,0,12,6
2026-02-17,ST005,MED007,4,4,0,0,0,7
2026-02-17,ST005,MED008,3,3,0,24,0,21
2026-02-17,ST005,MED009,14,14,0,0,12,14
2026-02-17,ST005,MED010,4,4,0,36,0,46
2026-02-17,ST005,MED011,12,12,0,0,12,48
2026-02-17,ST005,MED012,10,10,0,0,12,18
2026-02-17,ST005,MED013,11,11,0,0,0,17
2026-02-17,ST005,MED014,3,3,0,0,0,30
2026-02-17,ST005,MED015,13,0,13,0,0,0
2026-02-17,ST005,MED016,10,10,0,0,0,17
2026-02-17,ST005,MED017,12,12,0,0,12,45
2026-02-17,ST005,MED018,8,8,0,0,24,45
2026-02-17,ST005,MED019,5,5,0,0,0,14
2026-02-17,ST005,MED020,8,7,1,0,0,0
2026-02-17,ST005,MED021,15,15,0,54,12,39
2026-02-17,ST005,MED022,10,10,0,48,12,38
2026-02-17,ST005,MED023,11,11,0,0,0,21
2026-02-17,ST005,MED024,14,14,0,0,12,39
2026-02-17,ST005,MED025,7,7,0,24,12,48
2026-02-17,ST005,MED026,15,15,0,72,0,57
2026-02-17,ST005,MED027,15,15,0,0,12,32
2026-02-17,ST005,MED028,7,7,0,48,0,41
2026-02-17,ST005,MED029,21,21,0,72,24,51
2026-02-17,ST005,MED030,7,0,7,0,0,0
2026-02-17,ST006,MED001,26,26,0,72,24,46
2026-02-17,ST006,MED002,15,15,0,0,12,27
2026-02-17,ST006,MED003,2,2,0,0,24,3
2026-02-17,ST006,MED004,11,11,0,0,12,29
2026-02-17,ST006,MED005,14,14,0,36,12,82
2026-02-17,ST006,MED006,12,12,0,24,12,74
2026-02-17,ST006,MED007,2,0,2,0,0,0
2026-02-17,ST006,MED008,4,4,0,0,0,1
2026-02-17,ST006,MED009,13,1,12,0,0,0
2026-02-17,ST006,MED010,5,5,0,0,0,13
2026-02-17,ST006,MED011,17,17,0,0,18,18
2026-02-17,ST006,MED012,14,14,0,36,24,68
2026-02-17,ST006,MED013,9,9,0,0,12,18
2026-02-17,ST006,MED014,5,5,0,24,0,58
2026-02-17,ST006,MED015,14,14,0,72,24,113
2026-02-17,ST006,MED016,5,0,5,0,0,0
2026-02-17,ST006,MED017,13,13,0,0,12,27
2026-02-17,ST006,MED018,5,5,0,48,0,59
2026-02-17,ST006,MED019,5,5,0,0,0,9
2026-02-17,ST006,MED020,9,9,0,48,0,59
2026-02-17,ST006,MED021,17,13,4,0,18,0
2026-02-17,ST006,MED022,4,4,0,36,0,66
2026-02-17,ST006,MED023,12,12,0,0,12,26
2026-02-17,ST006,MED024,14,14,0,0,24,25
2026-02-17,ST006,MED025,10,10,0,0,12,6
2026-02-17,ST006,MED026,16,16,0,72,24,56
2026-02-17,ST006,MED027,16,16,0,0,24,3
2026-02-17,ST006,MED028,11,11,0,48,0,47
2026-02-17,ST006,MED029,12,0,12,0,0,0
2026-02-17,ST006,MED030,6,6,0,30,6,27
2026-02-17,ST007,MED001,6,6,0,0,0,43
2026-02-17,ST007,MED002,5,5,0,0,6,53
2026-02-17,ST007,MED003,4,4,0,0,0,16
2026-02-17,ST007,MED004,5,5,0,0,0,23
2026-02-17,ST007,MED005,10,10,0,0,12,26
2026-02-17,ST007,MED006,6,6,0,0,12,47
2026-02-17,ST007,MED007,1,1,0,24,0,23
2026-02-17,ST007,MED008,4,4,0,0,12,17
2026-02-17,ST007,MED009,4,4,0,0,0,16
2026-02-17,ST007,MED010,1,1,0,0,0,9
2026-02-17,ST007,MED011,10,10,0,18,18,48
2026-02-17,ST007,MED012,9,9,0,0,12,27
2026-02-17,ST007,MED013,6,6,0,48,0,43
2026-02-17,ST007,MED014,3,3,0,0,0,39
2026-02-17,ST007,MED015,8,8,0,0,0,58
2026-02-17,ST007,MED016,2,2,0,0,0,57
2026-02-17,ST007,MED017,8,8,0,0,12,19
2026-02-17,ST007,MED018,6,6,0,24,0,54
2026-02-17,ST007,MED019,2,2,0,0,24,21
2026-02-17,ST007,MED020,2,2,0,0,0,54
2026-02-17,ST007,MED021,8,8,0,0,6,17
2026-02-17,ST007,MED022,4,4,0,6,0,2
2026-02-17,ST007,MED023,8,8,0,0,0,37
2026-02-17,ST007,MED024,11,11,0,72,0,61
2026-02-17,ST007,MED025,7,7,0,0,12,7
2026-02-17,ST007,MED026,11,11,0,0,0,5
2026-02-17,ST007,MED027,4,4,0,0,0,70
2026-02-17,ST007,MED028,4,4,0,0,24,34
2026-02-17,ST007,MED029,8,8,0,0,0,35
2026-02-17,ST007,MED030,1,1,0,0,0,29
2026-02-17,ST008,MED001,10,10,0,0,0,31
2026-02-17,ST008,MED002,10,10,0,0,6,24
2026-02-17,ST008,MED003,0,0,0,0,0,10
2026-02-17,ST008,MED004,6,6,0,0,0,17
2026-02-17,ST008,MED005,13,13,0,0,0,9
2026-02-17,ST008,MED006,10,10,0,0,12,47
2026-02-17,ST008,MED007,2,2,0,0,0,18
2026-02-17,ST008,MED008,0,0,0,0,0,1
2026-02-17,ST008,MED009,7,7,0,0,0,46
2026-02-17,ST008,MED010,3,3,0,12,0,35
2026-02-17,ST008,MED011,10,10,0,0,0,6
2026-02-17,ST008,MED012,7,7,0,0,0,18
2026-02-17,ST008,MED013,3,3,0,0,0,28
2026-02-17,ST008,MED014,7,7,0,0,24,37
2026-02-17,ST008,MED015,10,10,0,0,24,73
2026-02-17,ST008,MED016,9,9,0,24,0,59
2026-02-17,ST008,MED017,8,8,0,72,12,64
2026-02-17,ST008,MED018,7,7,0,0,24,34
2026-02-17,ST008,MED019,3,3,0,0,0,0
2026-02-17,ST008,MED020,4,4,0,0,0,29
2026-02-17,ST008,MED021,7,7,0,54,6,53
2026-02-17,ST008,MED022,7,7,0,0,6,14
2026-02-17,ST008,MED023,5,5,0,24,0,66
2026-02-17,ST008,MED024,9,9,0,0,0,11
2026-02-17,ST008,MED025,7,0,7,0,0,0
2026-02-17,ST008,MED026,7,7,0,0,0,53
2026-02-17,ST008,MED027,15,15,0,0,24,22
2026-02-17,ST008,MED028,4,4,0,0,24,35
2026-02-17,ST008,MED029,10,10,0,0,0,67
2026-02-17,ST008,MED030,6,6,0,0,12,8
2026-02-17,ST009,MED001,9,9,0,0,24,53
2026-02-17,ST009,MED002,9,9,0,0,6,65
2026-02-17,ST009,MED003,4,4,0,0,0,13
2026-02-17,ST009,MED004,9,9,0,24,12,41
2026-02-17,ST009,MED005,11,11,0,0,12,7
2026-02-17,ST009,MED006,9,9,0,0,12,14
2026-02-17,ST009,MED007,7,7,0,24,24,18
2026-02-17,ST009,MED008,4,4,0,0,0,17
2026-02-17,ST009,MED009,7,7,0,0,0,67
2026-02-17,ST009,MED010,10,10,0,0,12,2
2026-02-17,ST009,MED011,12,12,0,0,12,31
2026-02-17,ST009,MED012,10,10,0,0,12,14
2026-02-17,ST009,MED013,3,3,0,60,0,57
2026-02-17,ST009,MED014,6,6,0,0,24,9
2026-02-17,ST009,MED015,13,9,4,0,0,0
2026-02-17,ST009,MED016,8,8,0,0,0,32
2026-02-17,ST009,MED017,11,11,0,0,12,28
2026-02-17,ST009,MED018,0,0,0,0,0,27
2026-02-17,ST009,MED019,4,4,0,24,0,25
2026-02-17,ST009,MED020,5,5,0,0,0,3
2026-02-17,ST009,MED021,9,9,0,0,12,49
2026-02-17,ST009,MED022,7,7,0,0,6,32
2026-02-17,ST009,MED023,5,5,0,0,0,20
2026-02-17,ST009,MED024,12,8,4,0,0,0
2026-02-17,ST009,MED025,4,4,0,0,12,21
2026-02-17,ST009,MED026,10,10,0,0,0,35
2026-02-17,ST009,MED027,12,12,0,48,12,74
2026-02-17,ST009,MED028,5,5,0,48,0,50
2026-02-17,ST009,MED029,6,6,0,0,24,32
2026-02-17,ST009,MED030,2,2,0,0,0,24
2026-02-17,ST010,MED001,12,12,0,0,24,56
2026-02-17,ST010,MED002,11,11,0,66,12,59
2026-02-17,ST010,MED003,0,0,0,0,0,9
2026-02-17,ST010,MED004,8,8,0,0,0,26
2026-02-17,ST010,MED005,11,11,0,0,12,20
2026-02-17,ST010,MED006,9,9,0,60,12,73
2026-02-17,ST010,MED007,4,4,0,24,0,22
2026-02-17,ST010,MED008,4,4,0,0,0,11
2026-02-17,ST010,MED009,10,10,0,0,12,2
2026-02-17,ST010,MED010,7,7,0,36,12,29
2026-02-17,ST010,MED011,13,13,0,0,12,65
2026-02-17,ST010,MED012,10,0,10,0,0,0
2026-02-17,ST010,MED013,10,10,0,0,12,4
2026-02-17,ST010,MED014,4,4,0,0,24,37
2026-02-17,ST010,MED015,21,21,0,24,24,3
2026-02-17,ST010,MED016,11,11,0,0,24,33
2026-02-17,ST010,MED017,12,12,0,72,12,68
2026-02-17,ST010,MED018,7,7,0,0,0,29
2026-02-17,ST010,MED019,2,2,0,0,0,7
2026-02-17,ST010,MED020,10,10,0,0,0,25
2026-02-17,ST010,MED021,13,13,0,0,12,55
2026-02-17,ST010,MED022,9,9,0,36,12,27
2026-02-17,ST010,MED023,14,14,0,0,12,14
2026-02-17,ST010,MED024,12,12,0,48,12,69
2026-02-17,ST010,MED025,7,7,0,0,12,16
2026-02-17,ST010,MED026,11,11,0,0,24,3
2026-02-17,ST010,MED027,6,6,0,0,0,24
2026-02-17,ST010,MED028,5,5,0,0,0,12
2026-02-17,ST010,MED029,9,9,0,72,0,77
2026-02-17,ST010,MED030,6,6,0,0,6,9
2026-02-17,ST011,MED001,10,10,0,0,0,23
2026-02-17,ST011,MED002,14,14,0,0,12,23
2026-02-17,ST011,MED003,4,4,0,0,0,0
2026-02-17,ST011,MED004,11,11,0,0,12,17
2026-02-17,ST011,MED005,11,11,0,0,12,10
2026-02-17,ST011,MED006,12,12,0,36,12,60
2026-02-17,ST011,MED007,6,0,6,0,0,0
2026-02-17,ST011,MED008,0,0,0,0,0,0
2026-02-17,ST011,MED009,7,7,0,0,0,46
2026-02-17,ST011,MED010,5,5,0,24,0,32
2026-02-17,ST011,MED011,11,11,0,0,12,10
2026-02-17,ST011,MED012,8,8,0,48,12,71
2026-02-17,ST011,MED013,11,11,0,0,24,1
2026-02-17,ST011,MED014,4,4,0,24,0,33
2026-02-17,ST011,MED015,13,13,0,0,24,35
2026-02-17,ST011,MED016,10,10,0,48,0,43
2026-02-17,ST011,MED017,18,18,0,0,24,48
2026-02-17,ST011,MED018,8,8,0,48,0,40
2026-02-17,ST011,MED019,4,0,4,0,0,0
2026-02-17,ST011,MED020,10,10,0,0,24,22
2026-02-17,ST011,MED021,13,13,0,0,12,9
2026-02-17,ST011,MED022,9,9,0,0,6,4
2026-02-17,ST011,MED023,10,10,0,72,12,62
2026-02-17,ST011,MED024,12,12,0,0,0,36
2026-02-17,ST011,MED025,7,7,0,0,12,9
2026-02-17,ST011,MED026,11,11,0,72,24,61
2026-02-17,ST011,MED027,16,16,0,60,24,71
2026-02-17,ST011,MED028,5,5,0,0,0,15
2026-02-17,ST011,MED029,9,9,0,0,0,39
2026-02-17,ST011,MED030,5,4,1,0,0,0
2026-02-17,ST012,MED001,12,8,4,0,0,0
2026-02-17,ST012,MED002,11,11,0,0,12,41
2026-02-17,ST012,MED003,4,4,0,0,24,22
2026-02-17,ST012,MED004,11,11,0,0,12,34
2026-02-17,ST012,MED005,10,10,0,12,12,2
2026-02-17,ST012,MED006,16,0,16,0,0,0
2026-02-17,ST012,MED007,7,1,6,0,0,0
2026-02-17,ST012,MED008,5,1,4,0,0,0
2026-02-17,ST012,MED009,11,11,0,0,12,20
2026-02-17,ST012,MED010,5,1,4,0,0,0
2026-02-17,ST012,MED011,11,0,11,0,0,0
2026-02-17,ST012,MED012,9,9,0,0,12,41
2026-02-17,ST012,MED013,10,10,0,36,0,28
2026-02-17,ST012,MED014,4,4,0,0,0,2
2026-02-17,ST012,MED015,11,11,0,0,24,47
2026-02-17,ST012,MED016,9,9,0,48,24,39
2026-02-17,ST012,MED017,15,7,8,0,0,0
2026-02-17,ST012,MED018,11,11,0,24,24,14
2026-02-17,ST012,MED019,5,1,4,0,0,0
2026-02-17,ST012,MED020,10,10,0,0,0,0
2026-02-17,ST012,MED021,15,15,0,0,18,7
2026-02-17,ST012,MED022,9,9,0,0,12,37
2026-02-17,ST012,MED023,16,16,0,60,12,64
2026-02-17,ST012,MED024,11,0,11,0,0,0
2026-02-17,ST012,MED025,9,9,0,36,12,39
2026-02-17,ST012,MED026,10,10,0,0,0,19
2026-02-17,ST012,MED027,14,14,0,24,12,70
2026-02-17,ST012,MED028,5,5,0,24,0,53
2026-02-17,ST012,MED029,13,13,0,0,0,45
2026-02-17,ST012,MED030,8,8,0,0,12,20
2026-02-17,ST013,MED001,15,0,15,0,0,0
2026-02-17,ST013,MED002,15,15,0,42,18,83
2026-02-17,ST013,MED003,3,3,0,0,24,6
2026-02-17,ST013,MED004,11,0,11,0,0,0
2026-02-17,ST013,MED005,18,18,0,0,24,55
2026-02-17,ST013,MED006,11,11,0,0,12,38
2026-02-17,ST013,MED007,7,3,4,0,0,0
2026-02-17,ST013,MED008,3,3,0,12,0,9
2026-02-17,ST013,MED009,16,16,0,0,24,31
2026-02-17,ST013,MED010,8,7,1,0,0,0
2026-02-17,ST013,MED011,14,14,0,0,12,17
2026-02-17,ST013,MED012,14,13,1,0,12,0
2026-02-17,ST013,MED013,13,13,0,36,12,54
2026-02-17,ST013,MED014,5,5,0,0,24,2
2026-02-17,ST013,MED015,14,0,14,0,0,0
2026-02-17,ST013,MED016,9,9,0,0,24,36
2026-02-17,ST013,MED017,15,15,0,0,12,13
2026-02-17,ST013,MED018,9,9,0,48,24,51
2026-02-17,ST013,MED019,6,6,0,24,0,42
2026-02-17,ST013,MED020,9,9,0,48,0,77
2026-02-17,ST013,MED021,13,13,0,66,12,53
2026-02-17,ST013,MED022,6,3,3,0,0,0
2026-02-17,ST013,MED023,13,13,0,0,12,34
2026-02-17,ST013,MED024,16,16,0,0,24,9
2026-02-17,ST013,MED025,7,4,3,0,0,0
2026-02-17,ST013,MED026,17,17,0,48,0,82
2026-02-17,ST013,MED027,17,17,0,0,12,40
2026-02-17,ST013,MED028,9,9,0,0,24,35
2026-02-17,ST013,MED029,12,12,0,48,24,36
2026-02-17,ST013,MED030,6,6,0,30,6,24
2026-02-17,ST014,MED001,5,5,0,0,0,72
2026-02-17,ST014,MED002,4,4,0,0,0,55
2026-02-17,ST014,MED003,0,0,0,0,0,22
2026-02-17,ST014,MED004,3,3,0,0,0,3
2026-02-17,ST014,MED005,5,5,0,0,12,63
2026-02-17,ST014,MED006,5,5,0,0,0,29
2026-02-17,ST014,MED007,2,2,0,0,0,25
2026-02-17,ST014,MED008,3,3,0,36,0,33
2026-02-17,ST014,MED009,9,9,0,0,12,45
2026-02-17,ST014,MED010,2,0,2,0,0,0
2026-02-17,ST014,MED011,4,4,0,0,0,10
2026-02-17,ST014,MED012,7,7,0,0,0,69
2026-02-17,ST014,MED013,4,4,0,0,0,35
2026-02-17,ST014,MED014,4,4,0,0,0,12
2026-02-17,ST014,MED015,12,12,0,0,0,67
2026-02-17,ST014,MED016,10,10,0,0,24,19
2026-02-17,ST014,MED017,6,6,0,0,0,34
2026-02-17,ST014,MED018,3,3,0,0,0,47
2026-02-17,ST014,MED019,1,1,0,24,0,27
2026-02-17,ST014,MED020,6,6,0,24,0,51
2026-02-17,ST014,MED021,11,11,0,0,18,34
2026-02-17,ST014,MED022,6,6,0,42,0,40
2026-02-17,ST014,MED023,6,6,0,0,12,21
2026-02-17,ST014,MED024,8,8,0,72,0,83
2026-02-17,ST014,MED025,9,9,0,0,12,17
2026-02-17,ST014,MED026,12,7,5,0,0,0
2026-02-17,ST014,MED027,10,10,0,12,12,59
2026-02-17,ST014,MED028,3,3,0,0,0,51
2026-02-17,ST014,MED029,6,0,6,0,0,0
2026-02-17,ST014,MED030,6,6,0,30,6,30
2026-02-17,ST015,MED001,10,10,0,0,24,47
2026-02-17,ST015,MED002,9,9,0,0,6,47
2026-02-17,ST015,MED003,1,1,0,24,0,31
2026-02-17,ST015,MED004,6,6,0,0,0,34
2026-02-17,ST015,MED005,8,8,0,0,0,38
2026-02-17,ST015,MED006,4,4,0,0,0,48
2026-02-17,ST015,MED007,2,2,0,0,0,13
2026-02-17,ST015,MED008,3,3,0,0,0,22
2026-02-17,ST015,MED009,5,5,0,0,0,77
2026-02-17,ST015,MED010,2,2,0,0,0,15
2026-02-17,ST015,MED011,8,8,0,42,6,57
2026-02-17,ST015,MED012,7,7,0,0,0,44
2026-02-17,ST015,MED013,4,4,0,0,0,48
2026-02-17,ST015,MED014,6,6,0,0,24,29
2026-02-17,ST015,MED015,11,11,0,0,0,45
2026-02-17,ST015,MED016,3,3,0,0,0,21
2026-02-17,ST015,MED017,11,11,0,0,12,41
2026-02-17,ST015,MED018,7,7,0,0,0,50
2026-02-17,ST015,MED019,4,4,0,0,0,20
2026-02-17,ST015,MED020,9,9,0,24,0,49
2026-02-17,ST015,MED021,10,10,0,24,12,50
2026-02-17,ST015,MED022,8,8,0,0,12,21
2026-02-17,ST015,MED023,6,6,0,0,0,6
2026-02-17,ST015,MED024,10,10,0,0,12,19
2026-02-17,ST015,MED025,5,5,0,0,12,1
2026-02-17,ST015,MED026,4,4,0,24,24,63
2026-02-17,ST015,MED027,10,10,0,0,0,20
2026-02-17,ST015,MED028,4,4,0,0,0,24
2026-02-17,ST015,MED029,5,5,0,0,0,10
2026-02-17,ST015,MED030,5,5,0,0,6,16
2026-02-17,ST016,MED001,12,12,0,0,24,46
2026-02-17,ST016,MED002,12,2,10,0,6,0
2026-02-17,ST016,MED003,1,1,0,0,0,12
2026-02-17,ST016,MED004,6,6,0,24,12,45
2026-02-17,ST016,MED005,13,13,0,24,24,56
2026-02-17,ST016,MED006,5,5,0,0,12,46
2026-02-17,ST016,MED007,5,5,0,0,0,11
2026-02-17,ST016,MED008,1,1,0,0,0,25
2026-02-17,ST016,MED009,13,13,0,60,12,53
2026-02-17,ST016,MED010,2,2,0,0,0,0
2026-02-17,ST016,MED011,9,9,0,0,12,14
2026-02-17,ST016,MED012,8,8,0,0,0,72
2026-02-17,ST016,MED013,5,5,0,48,0,43
2026-02-17,ST016,MED014,8,8,0,0,0,9
2026-02-17,ST016,MED015,10,10,0,0,0,24
2026-02-17,ST016,MED016,11,11,0,0,0,36
2026-02-17,ST016,MED017,7,7,0,12,0,66
2026-02-17,ST016,MED018,3,3,0,0,0,24
2026-02-17,ST016,MED019,1,1,0,0,0,15
2026-02-17,ST016,MED020,7,7,0,0,0,16
2026-02-17,ST016,MED021,5,5,0,0,0,66
2026-02-17,ST016,MED022,4,4,0,0,0,30
2026-02-17,ST016,MED023,12,12,0,0,12,62
2026-02-17,ST016,MED024,12,12,0,0,24,57
2026-02-17,ST016,MED025,5,5,0,0,12,34
2026-02-17,ST016,MED026,13,13,0,0,0,14
2026-02-17,ST016,MED027,14,14,0,0,12,64
2026-02-17,ST016,MED028,8,8,0,48,24,40
2026-02-17,ST016,MED029,6,6,0,0,0,20
2026-02-17,ST016,MED030,3,3,0,0,0,11
2026-02-17,ST017,MED001,11,11,0,0,24,50
2026-02-17,ST017,MED002,15,15,0,24,18,57
2026-02-17,ST017,MED003,3,3,0,0,0,7
2026-02-17,ST017,MED004,12,12,0,24,12,38
2026-02-17,ST017,MED005,10,10,0,0,12,25
2026-02-17,ST017,MED006,7,1,6,0,0,0
2026-02-17,ST017,MED007,3,3,0,24,0,35
2026-02-17,ST017,MED008,4,4,0,0,12,17
2026-02-17,ST017,MED009,11,11,0,0,12,25
2026-02-17,ST017,MED010,2,2,0,12,0,39
2026-02-17,ST017,MED011,17,17,0,0,18,14
2026-02-17,ST017,MED012,13,13,0,0,24,63
2026-02-17,ST017,MED013,3,3,0,24,0,45
2026-02-17,ST017,MED014,6,6,0,0,0,4
2026-02-17,ST017,MED015,14,14,0,0,24,73
2026-02-17,ST017,MED016,8,3,5,0,24,0
2026-02-17,ST017,MED017,10,10,0,0,12,16
2026-02-17,ST017,MED018,5,5,0,0,24,39
2026-02-17,ST017,MED019,6,6,0,0,24,17
2026-02-17,ST017,MED020,5,5,0,24,0,54
2026-02-17,ST017,MED021,8,8,0,0,6,30
2026-02-17,ST017,MED022,5,5,0,0,6,27
2026-02-17,ST017,MED023,16,16,0,0,12,35
2026-02-17,ST017,MED024,15,15,0,0,12,39
2026-02-17,ST017,MED025,8,8,0,0,0,2
2026-02-17,ST017,MED026,11,11,0,0,24,29
2026-02-17,ST017,MED027,12,12,0,0,24,32
2026-02-17,ST017,MED028,6,6,0,0,0,2
2026-02-17,ST017,MED029,9,9,0,0,24,58
2026-02-17,ST017,MED030,4,4,0,0,0,17
2026-02-17,ST018,MED001,11,11,0,72,0,73
2026-02-17,ST018,MED002,13,13,0,42,18,29
2026-02-17,ST018,MED003,3,3,0,48,0,45
2026-02-17,ST018,MED004,7,7,0,0,0,14
2026-02-17,ST018,MED005,16,16,0,96,24,80
2026-02-17,ST018,MED006,12,12,0,12,12,76
2026-02-17,ST018,MED007,5,5,0,24,0,19
2026-02-17,ST018,MED008,1,1,0,12,0,27
2026-02-17,ST018,MED009,9,0,9,0,0,0
2026-02-17,ST018,MED010,9,9,0,36,12,32
2026-02-17,ST018,MED011,11,11,0,0,12,50
2026-02-17,ST018,MED012,12,12,0,60,12,48
2026-02-17,ST018,MED013,8,8,0,48,12,40
2026-02-17,ST018,MED014,6,6,0,0,24,3
2026-02-17,ST018,MED015,11,11,0,0,24,24
2026-02-17,ST018,MED016,3,3,0,0,0,0
2026-02-17,ST018,MED017,13,13,0,0,12,30
2026-02-17,ST018,MED018,6,6,0,0,0,38
2026-02-17,ST018,MED019,4,4,0,0,0,21
2026-02-17,ST018,MED020,11,3,8,0,24,0
2026-02-17,ST018,MED021,8,8,0,0,6,11
2026-02-17,ST018,MED022,8,6,2,0,6,0
2026-02-17,ST018,MED023,10,10,0,12,0,73
2026-02-17,ST018,MED024,13,13,0,0,12,21
2026-02-17,ST018,MED025,10,10,0,0,12,17
2026-02-17,ST018,MED026,14,14,0,0,0,6
2026-02-17,ST018,MED027,16,16,0,0,12,72
2026-02-17,ST018,MED028,7,7,0,0,24,1
2026-02-17,ST018,MED029,10,10,0,0,0,10
2026-02-17,ST018,MED030,7,7,0,0,6,30
2026-02-17,ST019,MED001,10,10,0,0,0,49
2026-02-17,ST019,MED002,14,14,0,72,12,62
2026-02-17,ST019,MED003,3,3,0,24,0,45
2026-02-17,ST019,MED004,14,14,0,24,12,55
2026-02-17,ST019,MED005,16,16,0,0,12,42
2026-02-17,ST019,MED006,12,12,0,0,12,11
2026-02-17,ST019,MED007,4,4,0,24,0,22
2026-02-17,ST019,MED008,5,5,0,0,0,20
2026-02-17,ST019,MED009,13,13,0,96,12,83
2026-02-17,ST019,MED010,6,6,0,0,0,16
2026-02-17,ST019,MED011,14,14,0,0,12,6
2026-02-17,ST019,MED012,11,11,0,0,12,51
2026-02-17,ST019,MED013,14,14,0,0,12,40
2026-02-17,ST019,MED014,6,6,0,0,0,1
2026-02-17,ST019,MED015,13,13,0,0,0,41
2026-02-17,ST019,MED016,8,8,0,24,0,53
2026-02-17,ST019,MED017,12,12,0,72,12,60
2026-02-17,ST019,MED018,6,6,0,48,0,47
2026-02-17,ST019,MED019,1,1,0,0,0,19
2026-02-17,ST019,MED020,11,11,0,0,0,18
2026-02-17,ST019,MED021,15,10,5,0,12,0
2026-02-17,ST019,MED022,9,0,9,0,0,0
2026-02-17,ST019,MED023,13,13,0,0,12,10
2026-02-17,ST019,MED024,9,9,0,120,12,111
2026-02-17,ST019,MED025,3,2,1,0,12,0
2026-02-17,ST019,MED026,11,11,0,24,0,104
2026-02-17,ST019,MED027,15,15,0,60,12,77
2026-02-17,ST019,MED028,7,7,0,48,0,41
2026-02-17,ST019,MED029,10,8,2,0,0,0
2026-02-17,ST019,MED030,10,10,0,0,12,6
2026-02-17,ST020,MED001,15,15,0,0,0,40
2026-02-17,ST020,MED002,16,16,0,0,12,24
2026-02-17,ST020,MED003,1,1,0,0,0,14
2026-02-17,ST020,MED004,8,8,0,0,12,29
2026-02-17,ST020,MED005,14,14,0,0,12,31
2026-02-17,ST020,MED006,13,13,0,0,12,1
2026-02-17,ST020,MED007,0,0,0,0,0,19
2026-02-17,ST020,MED008,4,4,0,24,0,25
2026-02-17,ST020,MED009,14,0,14,0,0,0
2026-02-17,ST020,MED010,5,5,0,0,0,9
2026-02-17,ST020,MED011,14,14,0,72,12,58
2026-02-17,ST020,MED012,10,10,0,0,12,33
2026-02-17,ST020,MED013,6,6,0,0,0,19
2026-02-17,ST020,MED014,8,8,0,0,24,1
2026-02-17,ST020,MED015,18,18,0,0,24,26
2026-02-17,ST020,MED016,10,10,0,48,24,68
2026-02-17,ST020,MED017,13,13,0,0,12,24
2026-02-17,ST020,MED018,9,9,0,24,24,51
2026-02-17,ST020,MED019,5,5,0,0,24,14
2026-02-17,ST020,MED020,8,8,0,24,0,67
2026-02-17,ST020,MED021,12,12,0,0,6,17
2026-02-17,ST020,MED022,10,10,0,0,6,2
2026-02-17,ST020,MED023,18,0,18,0,0,0
2026-02-17,ST020,MED024,16,16,0,60,12,100
2026-02-17,ST020,MED025,11,11,0,48,12,37
2026-02-17,ST020,MED026,19,19,0,0,0,11
2026-02-17,ST020,MED027,17,17,0,0,12,13
2026-02-17,ST020,MED028,12,12,0,0,0,11
2026-02-17,ST020,MED029,8,8,0,0,0,41
2026-02-17,ST020,MED030,8,8,0,0,0,21
2026-02-17,ST021,MED001,11,11,0,0,0,78
2026-02-17,ST021,MED002,9,9,0,0,0,65
2026-02-17,ST021,MED003,1,1,0,0,0,22
2026-02-17,ST021,MED004,9,9,0,0,0,14
2026-02-17,ST021,MED005,10,10,0,0,12,59
2026-02-17,ST021,MED006,9,9,0,0,12,45
2026-02-17,ST021,MED007,0,0,0,0,0,15
2026-02-17,ST021,MED008,5,5,0,12,0,21
2026-02-17,ST021,MED009,10,10,0,60,0,67
2026-02-17,ST021,MED010,7,7,0,0,12,16
2026-02-17,ST021,MED011,12,12,0,0,6,8
2026-02-17,ST021,MED012,11,11,0,0,12,50
2026-02-17,ST021,MED013,6,6,0,0,0,24
2026-02-17,ST021,MED014,1,1,0,0,0,30
2026-02-17,ST021,MED015,8,8,0,0,0,29
2026-02-17,ST021,MED016,5,5,0,24,0,49
2026-02-17,ST021,MED017,9,9,0,0,12,45
2026-02-17,ST021,MED018,4,4,0,0,0,26
2026-02-17,ST021,MED019,4,4,0,0,0,10
2026-02-17,ST021,MED020,4,4,0,0,0,24
2026-02-17,ST021,MED021,6,6,0,0,0,7
2026-02-17,ST021,MED022,8,8,0,0,0,1
2026-02-17,ST021,MED023,10,10,0,0,0,7
2026-02-17,ST021,MED024,11,11,0,0,12,47
2026-02-17,ST021,MED025,8,8,0,0,12,27
2026-02-17,ST021,MED026,7,7,0,0,0,3
2026-02-17,ST021,MED027,5,5,0,0,0,62
2026-02-17,ST021,MED028,2,2,0,0,0,37
2026-02-17,ST021,MED029,10,10,0,0,24,30
2026-02-17,ST021,MED030,7,7,0,0,12,8
2026-02-17,ST022,MED001,10,10,0,0,0,27
2026-02-17,ST022,MED002,11,11,0,0,0,63
2026-02-17,ST022,MED003,2,2,0,0,0,9
2026-02-17,ST022,MED004,7,7,0,12,0,46
2026-02-17,ST022,MED005,9,4,5,0,0,0
2026-02-17,ST022,MED006,7,7,0,0,0,23
2026-02-17,ST022,MED007,7,7,0,24,0,31
2026-02-17,ST022,MED008,0,0,0,0,0,15
2026-02-17,ST022,MED009,12,12,0,0,12,54
2026-02-17,ST022,MED010,2,2,0,0,0,14
2026-02-17,ST022,MED011,14,14,0,0,18,14
2026-02-17,ST022,MED012,8,8,0,0,0,8
2026-02-17,ST022,MED013,6,6,0,0,0,51
2026-02-17,ST022,MED014,3,3,0,0,0,4
2026-02-17,ST022,MED015,10,10,0,0,0,26
2026-02-17,ST022,MED016,6,6,0,0,24,19
2026-02-17,ST022,MED017,10,10,0,0,0,3
2026-02-17,ST022,MED018,5,5,0,0,24,32
2026-02-17,ST022,MED019,3,3,0,0,0,18
2026-02-17,ST022,MED020,5,5,0,24,0,41
2026-02-17,ST022,MED021,8,8,0,0,12,54
2026-02-17,ST022,MED022,6,6,0,0,0,16
2026-02-17,ST022,MED023,11,11,0,0,12,21
2026-02-17,ST022,MED024,8,8,0,0,0,81
2026-02-17,ST022,MED025,6,6,0,12,0,34
2026-02-17,ST022,MED026,13,13,0,0,24,55
2026-02-17,ST022,MED027,11,11,0,12,0,66
2026-02-17,ST022,MED028,0,0,0,0,0,40
2026-02-17,ST022,MED029,6,6,0,0,0,70
2026-02-17,ST022,MED030,2,2,0,0,0,21
2026-02-17,ST023,MED001,11,11,0,0,24,21
2026-02-17,ST023,MED002,7,7,0,0,6,53
2026-02-17,ST023,MED003,5,0,5,0,0,0
2026-02-17,ST023,MED004,10,10,0,36,12,46
2026-02-17,ST023,MED005,8,8,0,0,12,16
2026-02-17,ST023,MED006,5,5,0,0,0,75
2026-02-17,ST023,MED007,6,6,0,0,0,13
2026-02-17,ST023,MED008,3,3,0,12,0,28
2026-02-17,ST023,MED009,9,9,0,24,12,52
2026-02-17,ST023,MED010,10,10,0,24,24,20
2026-02-17,ST023,MED011,7,7,0,36,0,71
2026-02-17,ST023,MED012,9,9,0,0,12,24
2026-02-17,ST023,MED013,2,2,0,48,0,46
2026-02-17,ST023,MED014,3,3,0,24,0,54
2026-02-17,ST023,MED015,13,13,0,0,24,48
2026-02-17,ST023,MED016,4,4,0,0,0,39
2026-02-17,ST023,MED017,9,9,0,0,12,4
2026-02-17,ST023,MED018,6,6,0,0,0,31
2026-02-17,ST023,MED019,0,0,0,0,0,29
2026-02-17,ST023,MED020,8,8,0,24,0,44
2026-02-17,ST023,MED021,7,7,0,0,6,15
2026-02-17,ST023,MED022,5,5,0,0,0,3
2026-02-17,ST023,MED023,13,13,0,24,12,48
2026-02-17,ST023,MED024,13,13,0,0,24,63
2026-02-17,ST023,MED025,5,5,0,48,12,43
2026-02-17,ST023,MED026,10,10,0,48,0,92
2026-02-17,ST023,MED027,11,11,0,0,12,14
2026-02-17,ST023,MED028,9,9,0,0,0,13
2026-02-17,ST023,MED029,11,11,0,0,24,10
2026-02-17,ST023,MED030,5,5,0,0,6,14
2026-02-17,ST024,MED001,14,14,0,48,24,72
2026-02-17,ST024,MED002,13,13,0,0,12,28
2026-02-17,ST024,MED003,3,3,0,0,0,12
2026-02-17,ST024,MED004,6,6,0,0,0,42
2026-02-17,ST024,MED005,9,9,0,0,0,72
2026-02-17,ST024,MED006,14,14,0,0,24,3
2026-02-17,ST024,MED007,5,5,0,0,0,11
2026-02-17,ST024,MED008,0,0,0,0,0,14
2026-02-17,ST024,MED009,8,0,8,0,0,0
2026-02-17,ST024,MED010,5,5,0,0,0,1
2026-02-17,ST024,MED011,14,14,0,0,18,13
2026-02-17,ST024,MED012,7,7,0,0,12,58
2026-02-17,ST024,MED013,6,6,0,0,0,7
2026-02-17,ST024,MED014,2,2,0,48,0,47
2026-02-17,ST024,MED015,11,11,0,0,0,0
2026-02-17,ST024,MED016,4,4,0,48,0,59
2026-02-17,ST024,MED017,11,11,0,0,12,33
2026-02-17,ST024,MED018,6,6,0,0,0,18
2026-02-17,ST024,MED019,3,3,0,0,0,9
2026-02-17,ST024,MED020,10,10,0,0,24,7
2026-02-17,ST024,MED021,13,13,0,0,12,34
2026-02-17,ST024,MED022,9,9,0,0,12,8
2026-02-17,ST024,MED023,11,11,0,0,0,48
2026-02-17,ST024,MED024,11,11,0,0,12,22
2026-02-17,ST024,MED025,7,7,0,0,12,18
2026-02-17,ST024,MED026,12,12,0,0,24,48
2026-02-17,ST024,MED027,12,12,0,0,12,11
2026-02-17,ST024,MED028,11,6,5,0,0,0
2026-02-17,ST024,MED029,10,10,0,0,0,4
2026-02-17,ST024,MED030,7,7,0,24,12,26
2026-02-17,ST025,MED001,8,8,0,0,0,23
2026-02-17,ST025,MED002,12,12,0,0,12,7
2026-02-17,ST025,MED003,5,5,0,0,0,18
2026-02-17,ST025,MED004,5,5,0,0,0,33
2026-02-17,ST025,MED005,8,8,0,0,12,35
2026-02-17,ST025,MED006,12,12,0,60,12,48
2026-02-17,ST025,MED007,0,0,0,0,0,13
2026-02-17,ST025,MED008,4,4,0,0,0,9
2026-02-17,ST025,MED009,10,10,0,36,12,61
2026-02-17,ST025,MED010,0,0,0,0,0,15
2026-02-17,ST025,MED011,15,15,0,0,18,39
2026-02-17,ST025,MED012,14,14,0,0,12,32
2026-02-17,ST025,MED013,10,5,5,0,12,0
2026-02-17,ST025,MED014,4,4,0,0,0,28
2026-02-17,ST025,MED015,13,4,9,0,24,0
2026-02-17,ST025,MED016,9,9,0,24,0,19
2026-02-17,ST025,MED017,15,15,0,48,12,76
2026-02-17,ST025,MED018,5,5,0,0,0,54
2026-02-17,ST025,MED019,3,0,3,0,0,0
2026-02-17,ST025,MED020,6,6,0,0,0,49
2026-02-17,ST025,MED021,15,15,0,0,18,32
2026-02-17,ST025,MED022,11,11,0,42,6,31
2026-02-17,ST025,MED023,10,10,0,0,12,34
2026-02-17,ST025,MED024,15,15,0,0,12,59
2026-02-17,ST025,MED025,5,5,0,0,0,10
2026-02-17,ST025,MED026,12,12,0,72,0,74
2026-02-17,ST025,MED027,16,16,0,0,12,1
2026-02-17,ST025,MED028,10,10,0,0,0,0
2026-02-17,ST025,MED029,6,6,0,72,24,69
2026-02-17,ST025,MED030,7,3,4,0,0,0
2026-02-17,ST026,MED001,14,14,0,0,24,17
2026-02-17,ST026,MED002,14,14,0,0,12,42
2026-02-17,ST026,MED003,2,2,0,24,0,24
2026-02-17,ST026,MED004,10,10,0,36,12,62
2026-02-17,ST026,MED005,9,0,9,0,0,0
2026-02-17,ST026,MED006,10,10,0,0,12,39
2026-02-17,ST026,MED007,3,0,3,0,0,0
2026-02-17,ST026,MED008,6,6,0,24,12,18
2026-02-17,ST026,MED009,11,11,0,60,12,73
2026-02-17,ST026,MED010,3,3,0,0,0,13
2026-02-17,ST026,MED011,14,14,0,0,12,50
2026-02-17,ST026,MED012,12,12,0,24,12,12
2026-02-17,ST026,MED013,13,13,0,48,12,45
2026-02-17,ST026,MED014,6,6,0,0,0,13
2026-02-17,ST026,MED015,21,21,0,0,24,14
2026-02-17,ST026,MED016,8,8,0,0,24,29
2026-02-17,ST026,MED017,12,0,12,0,0,0
2026-02-17,ST026,MED018,6,6,0,0,0,30
2026-02-17,ST026,MED019,4,4,0,0,0,11
2026-02-17,ST026,MED020,3,3,0,0,0,21
2026-02-17,ST026,MED021,12,12,0,0,12,13
2026-02-17,ST026,MED022,7,7,0,42,6,46
2026-02-17,ST026,MED023,15,15,0,60,24,64
2026-02-17,ST026,MED024,18,18,0,0,24,7
2026-02-17,ST026,MED025,7,7,0,72,0,65
2026-02-17,ST026,MED026,16,16,0,72,24,89
2026-02-17,ST026,MED027,17,17,0,0,24,41
2026-02-17,ST026,MED028,6,6,0,24,24,54
2026-02-17,ST026,MED029,10,1,9,0,0,0
2026-02-17,ST026,MED030,8,8,0,0,6,15
2026-02-17,ST027,MED001,14,8,6,0,0,0
2026-02-17,ST027,MED002,18,18,0,0,24,10
2026-02-17,ST027,MED003,3,3,0,24,0,44
2026-02-17,ST027,MED004,10,10,0,60,12,56
2026-02-17,ST027,MED005,11,11,0,0,12,47
2026-02-17,ST027,MED006,13,13,0,0,12,25
2026-02-17,ST027,MED007,7,7,0,0,0,3
2026-02-17,ST027,MED008,3,3,0,0,0,10
2026-02-17,ST027,MED009,14,14,0,0,12,17
2026-02-17,ST027,MED010,5,5,0,24,0,29
2026-02-17,ST027,MED011,15,15,0,96,18,81
2026-02-17,ST027,MED012,11,11,0,0,12,49
2026-02-17,ST027,MED013,10,10,0,24,12,44
2026-02-17,ST027,MED014,7,7,0,0,24,17
2026-02-17,ST027,MED015,13,13,0,96,24,103
2026-02-17,ST027,MED016,7,7,0,0,0,18
2026-02-17,ST027,MED017,15,15,0,0,12,2
2026-02-17,ST027,MED018,9,0,9,0,0,0
2026-02-17,ST027,MED019,5,0,5,0,0,0
2026-02-17,ST027,MED020,9,9,0,0,24,44
2026-02-17,ST027,MED021,16,16,0,0,18,47
2026-02-17,ST027,MED022,9,9,0,0,12,5
2026-02-17,ST027,MED023,12,12,0,0,12,50
2026-02-17,ST027,MED024,16,16,0,72,24,93
2026-02-17,ST027,MED025,4,4,0,0,0,28
2026-02-17,ST027,MED026,16,13,3,0,24,0
2026-02-17,ST027,MED027,14,14,0,0,12,2
2026-02-17,ST027,MED028,7,7,0,24,0,17
2026-02-17,ST027,MED029,11,11,0,0,24,4
2026-02-17,ST027,MED030,4,4,0,0,0,26
2026-02-17,ST028,MED001,9,9,0,0,0,33
2026-02-17,ST028,MED002,7,7,0,0,6,29
2026-02-17,ST028,MED003,2,2,0,0,0,22
2026-02-17,ST028,MED004,8,8,0,0,0,40
2026-02-17,ST028,MED005,4,4,0,0,0,29
2026-02-17,ST028,MED006,9,9,0,0,0,18
2026-02-17,ST028,MED007,2,2,0,0,0,3
2026-02-17,ST028,MED008,0,0,0,24,0,26
2026-02-17,ST028,MED009,5,5,0,0,12,51
2026-02-17,ST028,MED010,6,6,0,0,12,14
2026-02-17,ST028,MED011,11,11,0,0,18,24
2026-02-17,ST028,MED012,9,9,0,60,0,74
2026-02-17,ST028,MED013,5,5,0,36,0,37
2026-02-17,ST028,MED014,0,0,0,48,0,58
2026-02-17,ST028,MED015,10,10,0,0,24,62
2026-02-17,ST028,MED016,5,5,0,0,24,31
2026-02-17,ST028,MED017,11,11,0,0,0,13
2026-02-17,ST028,MED018,7,7,0,0,0,38
2026-02-17,ST028,MED019,3,3,0,0,0,4
2026-02-17,ST028,MED020,4,4,0,48,0,57
2026-02-17,ST028,MED021,10,10,0,18,6,36
2026-02-17,ST028,MED022,2,2,0,0,0,11
2026-02-17,ST028,MED023,9,9,0,0,0,27
2026-02-17,ST028,MED024,7,7,0,0,0,71
2026-02-17,ST028,MED025,3,3,0,0,0,19
2026-02-17,ST028,MED026,6,6,0,48,0,76
2026-02-17,ST028,MED027,7,7,0,0,0,7
2026-02-17,ST028,MED028,7,7,0,0,0,32
2026-02-17,ST028,MED029,5,5,0,0,0,54
2026-02-17,ST028,MED030,6,6,0,0,6,11
2026-02-17,ST029,MED001,12,12,0,0,0,29
2026-02-17,ST029,MED002,10,10,0,0,6,15
2026-02-17,ST029,MED003,8,6,2,0,0,0
2026-02-17,ST029,MED004,6,6,0,36,12,49
2026-02-17,ST029,MED005,9,9,0,72,12,67
2026-02-17,ST029,MED006,13,13,0,0,12,25
2026-02-17,ST029,MED007,1,1,0,0,0,5
2026-02-17,ST029,MED008,3,3,0,0,12,10
2026-02-17,ST029,MED009,9,9,0,0,12,46
2026-02-17,ST029,MED010,5,5,0,0,0,13
2026-02-17,ST029,MED011,9,9,0,0,6,30
2026-02-17,ST029,MED012,12,12,0,0,24,39
2026-02-17,ST029,MED013,4,4,0,0,0,41
2026-02-17,ST029,MED014,6,6,0,0,0,19
2026-02-17,ST029,MED015,10,1,9,0,0,0
2026-02-17,ST029,MED016,5,5,0,0,0,27
2026-02-17,ST029,MED017,12,12,0,0,24,53
2026-02-17,ST029,MED018,1,1,0,0,0,15
2026-02-17,ST029,MED019,0,0,0,0,0,20
2026-02-17,ST029,MED020,4,4,0,0,0,6
2026-02-17,ST029,MED021,7,7,0,54,0,65
2026-02-17,ST029,MED022,6,6,0,0,6,31
2026-02-17,ST029,MED023,9,0,9,0,0,0
2026-02-17,ST029,MED024,12,12,0,0,12,54
2026-02-17,ST029,MED025,7,7,0,0,12,8
2026-02-17,ST029,MED026,12,12,0,0,0,9
2026-02-17,ST029,MED027,8,8,0,0,12,74
2026-02-17,ST029,MED028,4,4,0,0,0,27
2026-02-17,ST029,MED029,7,7,0,0,0,55
2026-02-17,ST029,MED030,2,2,0,0,0,14
2026-02-17,ST030,MED001,13,13,0,0,0,78
2026-02-17,ST030,MED002,9,9,0,60,12,51
2026-02-17,ST030,MED003,3,3,0,0,0,15
2026-02-17,ST030,MED004,4,4,0,0,0,30
2026-02-17,ST030,MED005,9,9,0,0,12,57
2026-02-17,ST030,MED006,11,11,0,36,12,57
2026-02-17,ST030,MED007,0,0,0,0,0,9
2026-02-17,ST030,MED008,2,2,0,0,0,7
2026-02-17,ST030,MED009,9,9,0,0,12,38
2026-02-17,ST030,MED010,7,7,0,0,12,21
2026-02-17,ST030,MED011,10,10,0,0,12,15
2026-02-17,ST030,MED012,5,0,5,0,0,0
2026-02-17,ST030,MED013,4,4,0,0,0,14
2026-02-17,ST030,MED014,6,6,0,0,24,37
2026-02-17,ST030,MED015,12,12,0,0,24,21
2026-02-17,ST030,MED016,6,6,0,24,0,58
2026-02-17,ST030,MED017,7,7,0,0,0,16
2026-02-17,ST030,MED018,7,7,0,0,24,14
2026-02-17,ST030,MED019,2,2,0,0,0,9
2026-02-17,ST030,MED020,10,10,0,0,0,53
2026-02-17,ST030,MED021,9,9,0,0,12,11
2026-02-17,ST030,MED022,10,10,0,0,12,7
2026-02-17,ST030,MED023,10,10,0,0,12,47
2026-02-17,ST030,MED024,10,10,0,0,12,38
2026-02-17,ST030,MED025,3,3,0,0,12,3
2026-02-17,ST030,MED026,7,7,0,0,0,56
2026-02-17,ST030,MED027,10,10,0,0,12,75
2026-02-17,ST030,MED028,9,0,9,0,24,0
2026-02-17,ST030,MED029,8,8,0,0,0,42
2026-02-17,ST030,MED030,6,6,0,18,6,34
2026-02-17,ST031,MED001,11,11,0,0,0,63
2026-02-17,ST031,MED002,13,13,0,0,12,45
2026-02-17,ST031,MED003,6,6,0,0,0,6
2026-02-17,ST031,MED004,5,5,0,24,12,58
2026-02-17,ST031,MED005,13,13,0,12,12,61
2026-02-17,ST031,MED006,8,8,0,0,0,31
2026-02-17,ST031,MED007,4,4,0,24,0,20
2026-02-17,ST031,MED008,4,4,0,0,0,20
2026-02-17,ST031,MED009,13,13,0,0,12,42
2026-02-17,ST031,MED010,5,5,0,0,0,4
2026-02-17,ST031,MED011,12,12,0,0,12,46
2026-02-17,ST031,MED012,13,13,0,0,12,45
2026-02-17,ST031,MED013,7,7,0,0,12,17
2026-02-17,ST031,MED014,3,3,0,0,0,40
2026-02-17,ST031,MED015,13,13,0,72,24,59
2026-02-17,ST031,MED016,6,6,0,48,24,51
2026-02-17,ST031,MED017,11,11,0,0,12,5
2026-02-17,ST031,MED018,10,10,0,0,0,9
2026-02-17,ST031,MED019,1,1,0,0,0,19
2026-02-17,ST031,MED020,5,5,0,0,0,16
2026-02-17,ST031,MED021,13,7,6,0,6,0
2026-02-17,ST031,MED022,8,8,0,0,6,26
2026-02-17,ST031,MED023,9,9,0,72,0,63
2026-02-17,ST031,MED024,12,12,0,0,12,23
2026-02-17,ST031,MED025,5,5,0,0,0,14
2026-02-17,ST031,MED026,12,12,0,0,0,1
2026-02-17,ST031,MED027,11,11,0,0,12,42
2026-02-17,ST031,MED028,6,6,0,24,0,57
2026-02-17,ST031,MED029,13,13,0,0,24,25
2026-02-17,ST031,MED030,4,4,0,0,6,17
2026-02-17,ST032,MED001,16,16,0,24,24,55
2026-02-17,ST032,MED002,13,13,0,0,12,9
2026-02-17,ST032,MED003,4,4,0,0,0,16
2026-02-17,ST032,MED004,13,13,0,0,12,35
2026-02-17,ST032,MED005,10,10,0,0,0,24
2026-02-17,ST032,MED006,13,12,1,0,12,0
2026-02-17,ST032,MED007,4,4,0,24,0,35
2026-02-17,ST032,MED008,5,5,0,0,0,14
2026-02-17,ST032,MED009,12,12,0,72,12,60
2026-02-17,ST032,MED010,6,5,1,0,12,0
2026-02-17,ST032,MED011,11,11,0,66,12,68
2026-02-17,ST032,MED012,11,11,0,0,12,15
2026-02-17,ST032,MED013,9,9,0,0,12,14
2026-02-17,ST032,MED014,6,0,6,0,0,0
2026-02-17,ST032,MED015,14,14,0,96,0,87
2026-02-17,ST032,MED016,8,8,0,48,0,40
2026-02-17,ST032,MED017,12,12,0,60,12,70
2026-02-17,ST032,MED018,7,2,5,0,0,0
2026-02-17,ST032,MED019,0,0,0,0,0,16
2026-02-17,ST032,MED020,4,4,0,0,0,6
2026-02-17,ST032,MED021,12,12,0,0,12,35
2026-02-17,ST032,MED022,6,6,0,0,0,16
2026-02-17,ST032,MED023,10,10,0,0,0,57
2026-02-17,ST032,MED024,10,10,0,0,12,50
2026-02-17,ST032,MED025,6,6,0,0,12,6
2026-02-17,ST032,MED026,21,19,2,0,24,0
2026-02-17,ST032,MED027,14,14,0,0,12,27
2026-02-17,ST032,MED028,6,6,0,24,0,58
2026-02-17,ST032,MED029,15,15,0,0,24,29
2026-02-17,ST032,MED030,9,9,0,18,12,33
2026-02-17,ST033,MED001,15,15,0,72,24,83
2026-02-17,ST033,MED002,14,14,0,72,12,58
2026-02-17,ST033,MED003,4,3,1,0,0,0
2026-02-17,ST033,MED004,6,0,6,0,0,0
2026-02-17,ST033,MED005,12,12,0,0,12,25
2026-02-17,ST033,MED006,12,12,0,0,12,6
2026-02-17,ST033,MED007,5,5,0,0,0,10
2026-02-17,ST033,MED008,5,5,0,0,12,4
2026-02-17,ST033,MED009,10,10,0,0,12,29
2026-02-17,ST033,MED010,4,4,0,0,0,15
2026-02-17,ST033,MED011,16,16,0,36,18,60
2026-02-17,ST033,MED012,10,10,0,0,0,35
2026-02-17,ST033,MED013,9,9,0,0,12,21
2026-02-17,ST033,MED014,5,5,0,0,0,3
2026-02-17,ST033,MED015,16,0,16,0,0,0
2026-02-17,ST033,MED016,9,4,5,0,0,0
2026-02-17,ST033,MED017,16,16,0,0,24,4
2026-02-17,ST033,MED018,6,6,0,48,0,58
2026-02-17,ST033,MED019,7,7,0,0,0,5
2026-02-17,ST033,MED020,9,9,0,24,24,15
2026-02-17,ST033,MED021,9,8,1,0,6,0
2026-02-17,ST033,MED022,9,9,0,0,12,4
2026-02-17,ST033,MED023,18,18,0,0,24,39
2026-02-17,ST033,MED024,11,11,0,0,12,17
2026-02-17,ST033,MED025,7,7,0,0,0,38
2026-02-17,ST033,MED026,19,19,0,0,24,14
2026-02-17,ST033,MED027,11,11,0,0,0,15
2026-02-17,ST033,MED028,7,1,6,0,0,0
2026-02-17,ST033,MED029,13,13,0,48,24,74
2026-02-17,ST033,MED030,8,8,0,0,6,4
2026-02-17,ST034,MED001,15,15,0,72,0,57
2026-02-17,ST034,MED002,12,12,0,66,12,79
2026-02-17,ST034,MED003,5,5,0,0,0,1
2026-02-17,ST034,MED004,6,6,0,0,0,11
2026-02-17,ST034,MED005,15,15,0,0,12,31
2026-02-17,ST034,MED006,14,14,0,0,12,49
2026-02-17,ST034,MED007,3,3,0,24,0,21
2026-02-17,ST034,MED008,4,4,0,0,0,8
2026-02-17,ST034,MED009,16,16,0,0,12,1
2026-02-17,ST034,MED010,7,7,0,0,12,24
2026-02-17,ST034,MED011,13,13,0,0,12,14
2026-02-17,ST034,MED012,11,0,11,0,0,0
2026-02-17,ST034,MED013,11,11,0,24,24,52
2026-02-17,ST034,MED014,7,7,0,48,0,41
2026-02-17,ST034,MED015,20,20,0,0,0,43
2026-02-17,ST034,MED016,10,10,0,48,24,38
2026-02-17,ST034,MED017,18,18,0,0,24,27
2026-02-17,ST034,MED018,9,9,0,0,0,17
2026-02-17,ST034,MED019,2,2,0,0,0,22
2026-02-17,ST034,MED020,10,10,0,48,24,64
2026-02-17,ST034,MED021,13,13,0,0,12,58
2026-02-17,ST034,MED022,7,7,0,48,6,41
2026-02-17,ST034,MED023,17,17,0,36,24,25
2026-02-17,ST034,MED024,17,17,0,60,12,88
2026-02-17,ST034,MED025,8,8,0,36,12,28
2026-02-17,ST034,MED026,13,13,0,0,0,42
2026-02-17,ST034,MED027,14,14,0,0,12,34
2026-02-17,ST034,MED028,9,4,5,0,0,0
2026-02-17,ST034,MED029,14,14,0,48,24,44
2026-02-17,ST034,MED030,6,6,0,30,6,24
2026-02-17,ST035,MED001,8,8,0,24,0,68
2026-02-17,ST035,MED002,7,7,0,66,0,81
2026-02-17,ST035,MED003,2,2,0,0,0,24
2026-02-17,ST035,MED004,7,7,0,0,12,35
2026-02-17,ST035,MED005,9,9,0,0,12,22
2026-02-17,ST035,MED006,5,5,0,60,0,71
2026-02-17,ST035,MED007,0,0,0,0,0,30
2026-02-17,ST035,MED008,4,2,2,0,0,0
2026-02-17,ST035,MED009,7,7,0,0,12,28
2026-02-17,ST035,MED010,2,2,0,12,12,22
2026-02-17,ST035,MED011,9,9,0,60,12,51
2026-02-17,ST035,MED012,6,6,0,24,0,57
2026-02-17,ST035,MED013,3,3,0,0,0,46
2026-02-17,ST035,MED014,2,0,2,0,0,0
2026-02-17,ST035,MED015,10,10,0,0,24,39
2026-02-17,ST035,MED016,7,7,0,0,0,22
2026-02-17,ST035,MED017,9,9,0,0,12,31
2026-02-17,ST035,MED018,9,9,0,0,24,24
2026-02-17,ST035,MED019,5,5,0,0,0,21
2026-02-17,ST035,MED020,8,8,0,0,24,47
2026-02-17,ST035,MED021,6,6,0,0,0,13
2026-02-17,ST035,MED022,5,5,0,0,6,38
2026-02-17,ST035,MED023,10,10,0,0,12,61
2026-02-17,ST035,MED024,9,9,0,0,0,25
2026-02-17,ST035,MED025,3,3,0,36,0,40
2026-02-17,ST035,MED026,8,8,0,0,0,17
2026-02-17,ST035,MED027,13,13,0,0,0,63
2026-02-17,ST035,MED028,1,1,0,0,0,12
2026-02-17,ST035,MED029,1,1,0,24,0,72
2026-02-17,ST035,MED030,4,4,0,6,6,19
2026-02-17,ST036,MED001,5,5,0,72,24,74
2026-02-17,ST036,MED002,7,7,0,0,6,18
2026-02-17,ST036,MED003,0,0,0,0,0,11
2026-02-17,ST036,MED004,7,7,0,0,0,33
2026-02-17,ST036,MED005,11,11,0,72,0,76
2026-02-17,ST036,MED006,8,8,0,0,0,41
2026-02-17,ST036,MED007,2,2,0,0,24,19
2026-02-17,ST036,MED008,4,4,0,12,0,20
2026-02-17,ST036,MED009,12,12,0,24,12,51
2026-02-17,ST036,MED010,3,3,0,24,0,21
2026-02-17,ST036,MED011,11,11,0,0,12,18
2026-02-17,ST036,MED012,9,9,0,0,12,45
2026-02-17,ST036,MED013,7,7,0,0,12,18
2026-02-17,ST036,MED014,2,2,0,48,0,49
2026-02-17,ST036,MED015,10,10,0,0,0,30
2026-02-17,ST036,MED016,7,7,0,24,0,54
2026-02-17,ST036,MED017,13,13,0,0,12,67
2026-02-17,ST036,MED018,4,4,0,24,0,51
2026-02-17,ST036,MED019,7,7,0,24,0,24
2026-02-17,ST036,MED020,1,1,0,0,0,26
2026-02-17,ST036,MED021,6,6,0,0,6,56
2026-02-17,ST036,MED022,10,10,0,24,12,33
2026-02-17,ST036,MED023,11,11,0,72,0,72
2026-02-17,ST036,MED024,12,12,0,0,12,61
2026-02-17,ST036,MED025,5,5,0,0,0,36
2026-02-17,ST036,MED026,6,6,0,72,0,66
2026-02-17,ST036,MED027,10,10,0,72,0,84
2026-02-17,ST036,MED028,4,4,0,0,0,1
2026-02-17,ST036,MED029,5,5,0,72,0,67
2026-02-17,ST036,MED030,5,5,0,0,6,36
2026-02-17,ST037,MED001,8,8,0,72,0,64
2026-02-17,ST037,MED002,10,10,0,0,6,26
2026-02-17,ST037,MED003,0,0,0,24,0,48
2026-02-17,ST037,MED004,5,5,0,48,0,56
2026-02-17,ST037,MED005,11,11,0,0,12,57
2026-02-17,ST037,MED006,7,7,0,0,0,59
2026-02-17,ST037,MED007,5,5,0,0,24,0
2026-02-17,ST037,MED008,1,1,0,0,0,25
2026-02-17,ST037,MED009,16,16,0,0,24,50
2026-02-17,ST037,MED010,0,0,0,0,0,31
2026-02-17,ST037,MED011,11,11,0,0,12,20
2026-02-17,ST037,MED012,11,11,0,0,12,19
2026-02-17,ST037,MED013,6,6,0,0,0,5
2026-02-17,ST037,MED014,3,3,0,0,0,45
2026-02-17,ST037,MED015,11,11,0,0,0,34
2026-02-17,ST037,MED016,7,7,0,48,0,42
2026-02-17,ST037,MED017,10,10,0,0,0,37
2026-02-17,ST037,MED018,12,12,0,0,24,36
2026-02-17,ST037,MED019,0,0,0,0,0,20
2026-02-17,ST037,MED020,7,0,7,0,0,0
2026-02-17,ST037,MED021,9,9,0,0,12,51
2026-02-17,ST037,MED022,5,5,0,24,6,41
2026-02-17,ST037,MED023,7,7,0,0,0,31
2026-02-17,ST037,MED024,16,16,0,24,12,67
2026-02-17,ST037,MED025,8,8,0,0,0,4
2026-02-17,ST037,MED026,14,10,4,0,0,0
2026-02-17,ST037,MED027,11,11,0,0,12,25
2026-02-17,ST037,MED028,12,12,0,0,24,25
2026-02-17,ST037,MED029,8,8,0,0,0,38
2026-02-17,ST037,MED030,0,0,0,0,0,0
2026-02-17,ST038,MED001,11,11,0,0,0,34
2026-02-17,ST038,MED002,12,0,12,0,0,0
2026-02-17,ST038,MED003,2,2,0,24,0,31
2026-02-17,ST038,MED004,8,8,0,24,12,58
2026-02-17,ST038,MED005,13,13,0,72,12,71
2026-02-17,ST038,MED006,12,12,0,60,24,48
2026-02-17,ST038,MED007,1,1,0,0,0,0
2026-02-17,ST038,MED008,1,1,0,0,0,23
2026-02-17,ST038,MED009,7,7,0,48,0,76
2026-02-17,ST038,MED010,2,2,0,0,0,12
2026-02-17,ST038,MED011,7,7,0,0,0,3
2026-02-17,ST038,MED012,9,9,0,0,0,30
2026-02-17,ST038,MED013,12,12,0,0,12,43
2026-02-17,ST038,MED014,8,2,6,0,0,0
2026-02-17,ST038,MED015,10,10,0,0,0,36
2026-02-17,ST038,MED016,6,6,0,0,0,35
2026-02-17,ST038,MED017,12,12,0,0,12,19
2026-02-17,ST038,MED018,2,2,0,24,0,43
2026-02-17,ST038,MED019,4,4,0,24,0,35
2026-02-17,ST038,MED020,6,0,6,0,0,0
2026-02-17,ST038,MED021,11,11,0,0,12,1
2026-02-17,ST038,MED022,3,3,0,30,0,47
2026-02-17,ST038,MED023,11,11,0,0,12,1
2026-02-17,ST038,MED024,12,12,0,0,12,68
2026-02-17,ST038,MED025,7,7,0,0,12,16
2026-02-17,ST038,MED026,12,3,9,0,0,0
2026-02-17,ST038,MED027,14,14,0,0,12,10
2026-02-17,ST038,MED028,10,10,0,0,0,5
2026-02-17,ST038,MED029,13,0,13,0,24,0
2026-02-17,ST038,MED030,3,3,0,0,0,26
2026-02-17,ST039,MED001,14,14,0,72,24,86
2026-02-17,ST039,MED002,10,10,0,0,12,38
2026-02-17,ST039,MED003,4,4,0,0,24,5
2026-02-17,ST039,MED004,3,3,0,0,0,36
2026-02-17,ST039,MED005,16,16,0,0,12,1
2026-02-17,ST039,MED006,10,0,10,0,0,0
2026-02-17,ST039,MED007,4,4,0,0,0,16
2026-02-17,ST039,MED008,0,0,0,24,0,24
2026-02-17,ST039,MED009,13,13,0,0,12,53
2026-02-17,ST039,MED010,7,7,0,0,12,2
2026-02-17,ST039,MED011,12,12,0,30,12,69
2026-02-17,ST039,MED012,13,13,0,0,12,46
2026-02-17,ST039,MED013,10,10,0,0,12,5
2026-02-17,ST039,MED014,3,3,0,0,0,6
2026-02-17,ST039,MED015,12,1,11,0,0,0
2026-02-17,ST039,MED016,11,11,0,48,24,56
2026-02-17,ST039,MED017,11,11,0,0,12,2
2026-02-17,ST039,MED018,2,2,0,48,0,54
2026-02-17,ST039,MED019,2,2,0,24,0,36
2026-02-17,ST039,MED020,4,4,0,0,0,18
2026-02-17,ST039,MED021,11,11,0,0,12,37
2026-02-17,ST039,MED022,6,6,0,0,6,26
2026-02-17,ST039,MED023,11,11,0,0,12,22
2026-02-17,ST039,MED024,12,12,0,0,12,32
2026-02-17,ST039,MED025,7,7,0,0,12,3
2026-02-17,ST039,MED026,11,11,0,0,0,48
2026-02-17,ST039,MED027,14,14,0,0,12,36
2026-02-17,ST039,MED028,7,7,0,0,0,31
2026-02-17,ST039,MED029,9,9,0,0,0,6
2026-02-17,ST039,MED030,6,0,6,0,0,0
2026-02-17,ST040,MED001,14,14,0,0,0,30
2026-02-17,ST040,MED002,17,17,0,66,18,49
2026-02-17,ST040,MED003,2,2,0,0,0,6
2026-02-17,ST040,MED004,11,9,2,0,12,0
2026-02-17,ST040,MED005,13,13,0,0,12,48
2026-02-17,ST040,MED006,15,15,0,12,12,58
2026-02-17,ST040,MED007,4,4,0,24,0,29
2026-02-17,ST040,MED008,3,3,0,0,0,19
2026-02-17,ST040,MED009,14,14,0,72,12,77
2026-02-17,ST040,MED010,4,4,0,0,0,22
2026-02-17,ST040,MED011,15,15,0,0,18,16
2026-02-17,ST040,MED012,11,11,0,60,0,70
2026-02-17,ST040,MED013,11,11,0,0,12,29
2026-02-17,ST040,MED014,5,5,0,0,0,24
2026-02-17,ST040,MED015,14,14,0,0,24,46
2026-02-17,ST040,MED016,12,12,0,0,0,22
2026-02-17,ST040,MED017,14,14,0,36,12,74
2026-02-17,ST040,MED018,7,7,0,0,0,18
2026-02-17,ST040,MED019,8,8,0,24,0,39
2026-02-17,ST040,MED020,12,12,0,0,0,18
2026-02-17,ST040,MED021,11,9,2,0,12,0
2026-02-17,ST040,MED022,6,6,0,48,6,52
2026-02-17,ST040,MED023,15,15,0,48,12,74
2026-02-17,ST040,MED024,15,15,0,0,12,20
2026-02-17,ST040,MED025,6,6,0,0,12,7
2026-02-17,ST040,MED026,14,14,0,0,0,4
2026-02-17,ST040,MED027,14,9,5,0,0,0
2026-02-17,ST040,MED028,6,5,1,0,24,0
2026-02-17,ST040,MED029,8,8,0,0,0,22
2026-02-17,ST040,MED030,6,6,0,0,6,13
2026-02-18,ST001,MED001,9,9,0,0,0,28
2026-02-18,ST001,MED002,9,9,0,0,6,36
2026-02-18,ST001,MED003,2,0,2,0,0,0
2026-02-18,ST001,MED004,8,8,0,0,12,22
2026-02-18,ST001,MED005,9,9,0,0,0,49
2026-02-18,ST001,MED006,15,15,0,0,24,28
2026-02-18,ST001,MED007,3,3,0,0,0,11
2026-02-18,ST001,MED008,5,5,0,0,12,12
2026-02-18,ST001,MED009,7,6,1,0,0,0
2026-02-18,ST001,MED010,3,3,0,0,0,13
2026-02-18,ST001,MED011,10,10,0,66,12,57
2026-02-18,ST001,MED012,7,7,0,0,0,55
2026-02-18,ST001,MED013,7,7,0,0,12,41
2026-02-18,ST001,MED014,2,2,0,0,0,50
2026-02-18,ST001,MED015,7,7,0,0,0,15
2026-02-18,ST001,MED016,7,7,0,0,24,26
2026-02-18,ST001,MED017,5,5,0,72,0,74
2026-02-18,ST001,MED018,7,7,0,0,0,39
2026-02-18,ST001,MED019,4,4,0,0,0,0
2026-02-18,ST001,MED020,5,5,0,0,0,36
2026-02-18,ST001,MED021,8,8,0,0,6,17
2026-02-18,ST001,MED022,5,5,0,0,0,30
2026-02-18,ST001,MED023,10,10,0,24,12,49
2026-02-18,ST001,MED024,11,11,0,0,12,12
2026-02-18,ST001,MED025,5,5,0,36,0,42
2026-02-18,ST001,MED026,10,10,0,0,0,33
2026-02-18,ST001,MED027,14,14,0,12,24,49
2026-02-18,ST001,MED028,5,5,0,24,0,25
2026-02-18,ST001,MED029,5,5,0,24,0,44
2026-02-18,ST001,MED030,4,4,0,0,0,0
2026-02-18,ST002,MED001,12,12,0,72,0,63
2026-02-18,ST002,MED002,11,11,0,0,6,22
2026-02-18,ST002,MED003,0,0,0,0,0,33
2026-02-18,ST002,MED004,8,8,0,0,0,48
2026-02-18,ST002,MED005,8,8,0,0,12,5
2026-02-18,ST002,MED006,12,12,0,12,12,0
2026-02-18,ST002,MED007,7,7,0,0,0,11
2026-02-18,ST002,MED008,1,1,0,0,0,14
2026-02-18,ST002,MED009,11,11,0,0,12,42
2026-02-18,ST002,MED010,4,4,0,0,12,28
2026-02-18,ST002,MED011,13,0,13,0,0,0
2026-02-18,ST002,MED012,10,10,0,0,12,33
2026-02-18,ST002,MED013,7,7,0,0,0,37
2026-02-18,ST002,MED014,6,6,0,24,0,46
2026-02-18,ST002,MED015,7,7,0,0,24,83
2026-02-18,ST002,MED016,5,5,0,0,24,24
2026-02-18,ST002,MED017,11,11,0,0,12,52
2026-02-18,ST002,MED018,5,5,0,0,0,18
2026-02-18,ST002,MED019,3,0,3,0,24,0
2026-02-18,ST002,MED020,6,6,0,24,0,37
2026-02-18,ST002,MED021,9,9,0,0,12,33
2026-02-18,ST002,MED022,7,7,0,0,6,33
2026-02-18,ST002,MED023,13,13,0,12,24,50
2026-02-18,ST002,MED024,13,13,0,12,12,26
2026-02-18,ST002,MED025,4,4,0,0,12,31
2026-02-18,ST002,MED026,14,14,0,0,0,62
2026-02-18,ST002,MED027,14,14,0,0,12,51
2026-02-18,ST002,MED028,7,7,0,48,24,48
2026-02-18,ST002,MED029,7,7,0,0,0,23
2026-02-18,ST002,MED030,5,5,0,0,6,22
2026-02-18,ST003,MED001,22,22,0,0,48,39
2026-02-18,ST003,MED002,16,16,0,0,18,40
2026-02-18,ST003,MED003,2,2,0,0,0,2
2026-02-18,ST003,MED004,9,9,0,0,0,23
2026-02-18,ST003,MED005,9,9,0,12,0,24
2026-02-18,ST003,MED006,13,13,0,0,12,1
2026-02-18,ST003,MED007,3,3,0,0,0,21
2026-02-18,ST003,MED008,1,1,0,12,0,27
2026-02-18,ST003,MED009,9,9,0,0,12,16
2026-02-18,ST003,MED010,7,5,2,0,0,0
2026-02-18,ST003,MED011,8,8,0,0,6,22
2026-02-18,ST003,MED012,13,13,0,24,12,55
2026-02-18,ST003,MED013,7,7,0,0,0,44
2026-02-18,ST003,MED014,9,9,0,0,24,28
2026-02-18,ST003,MED015,11,11,0,0,0,78
2026-02-18,ST003,MED016,6,6,0,0,24,50
2026-02-18,ST003,MED017,12,12,0,0,12,1
2026-02-18,ST003,MED018,5,5,0,0,0,34
2026-02-18,ST003,MED019,0,0,0,0,0,3
2026-02-18,ST003,MED020,6,6,0,0,0,35
2026-02-18,ST003,MED021,13,13,0,0,18,46
2026-02-18,ST003,MED022,8,8,0,6,12,11
2026-02-18,ST003,MED023,13,13,0,36,12,54
2026-02-18,ST003,MED024,10,10,0,0,12,63
2026-02-18,ST003,MED025,6,0,6,0,0,0
2026-02-18,ST003,MED026,13,13,0,24,24,61
2026-02-18,ST003,MED027,13,13,0,0,12,59
2026-02-18,ST003,MED028,7,7,0,48,0,41
2026-02-18,ST003,MED029,9,9,0,0,0,54
2026-02-18,ST003,MED030,10,10,0,36,12,31
2026-02-18,ST004,MED001,12,12,0,24,0,74
2026-02-18,ST004,MED002,13,13,0,18,12,10
2026-02-18,ST004,MED003,0,0,0,0,0,37
2026-02-18,ST004,MED004,10,10,0,36,12,45
2026-02-18,ST004,MED005,12,0,12,0,0,0
2026-02-18,ST004,MED006,9,9,0,0,0,26
2026-02-18,ST004,MED007,4,4,0,0,24,3
2026-02-18,ST004,MED008,2,1,1,0,0,0
2026-02-18,ST004,MED009,7,7,0,12,0,84
2026-02-18,ST004,MED010,5,5,0,0,0,21
2026-02-18,ST004,MED011,13,2,11,0,0,0
2026-02-18,ST004,MED012,13,13,0,60,24,47
2026-02-18,ST004,MED013,5,5,0,48,12,50
2026-02-18,ST004,MED014,3,3,0,0,24,19
2026-02-18,ST004,MED015,13,13,0,0,0,40
2026-02-18,ST004,MED016,9,9,0,0,0,34
2026-02-18,ST004,MED017,10,10,0,0,12,6
2026-02-18,ST004,MED018,7,7,0,0,0,7
2026-02-18,ST004,MED019,2,0,2,0,0,0
2026-02-18,ST004,MED020,7,7,0,0,0,16
2026-02-18,ST004,MED021,11,11,0,66,12,63
2026-02-18,ST004,MED022,10,10,0,48,12,38
2026-02-18,ST004,MED023,10,10,0,0,0,2
2026-02-18,ST004,MED024,17,17,0,84,12,75
2026-02-18,ST004,MED025,5,5,0,0,0,34
2026-02-18,ST004,MED026,17,17,0,0,0,45
2026-02-18,ST004,MED027,14,7,7,0,12,0
2026-02-18,ST004,MED028,4,4,0,24,0,20
2026-02-18,ST004,MED029,13,13,0,24,24,73
2026-02-18,ST004,MED030,7,7,0,42,6,35
2026-02-18,ST005,MED001,13,13,0,24,24,69
2026-02-18,ST005,MED002,13,13,0,24,12,11
2026-02-18,ST005,MED003,5,5,0,0,0,20
2026-02-18,ST005,MED004,14,0,14,0,0,0
2026-02-18,ST005,MED005,25,25,0,0,24,62
2026-02-18,ST005,MED006,12,12,0,12,12,6
2026-02-18,ST005,MED007,4,4,0,0,0,3
2026-02-18,ST005,MED008,3,3,0,12,0,30
2026-02-18,ST005,MED009,13,13,0,12,24,13
2026-02-18,ST005,MED010,2,2,0,0,0,44
2026-02-18,ST005,MED011,14,14,0,0,12,34
2026-02-18,ST005,MED012,13,13,0,48,12,53
2026-02-18,ST005,MED013,6,6,0,48,12,59
2026-02-18,ST005,MED014,7,7,0,0,0,23
2026-02-18,ST005,MED015,15,0,15,0,0,0
2026-02-18,ST005,MED016,8,8,0,48,24,57
2026-02-18,ST005,MED017,12,12,0,36,12,69
2026-02-18,ST005,MED018,4,4,0,0,0,41
2026-02-18,ST005,MED019,0,0,0,24,0,38
2026-02-18,ST005,MED020,6,0,6,0,0,0
2026-02-18,ST005,MED021,10,10,0,0,12,29
2026-02-18,ST005,MED022,6,6,0,0,6,32
2026-02-18,ST005,MED023,17,17,0,0,24,4
2026-02-18,ST005,MED024,15,15,0,0,12,24
2026-02-18,ST005,MED025,7,7,0,0,0,41
2026-02-18,ST005,MED026,16,16,0,0,24,41
2026-02-18,ST005,MED027,13,13,0,0,12,19
2026-02-18,ST005,MED028,11,11,0,24,24,54
2026-02-18,ST005,MED029,11,11,0,0,24,40
2026-02-18,ST005,MED030,9,9,0,30,12,21
2026-02-18,ST006,MED001,12,12,0,0,24,34
2026-02-18,ST006,MED002,11,11,0,60,12,76
2026-02-18,ST006,MED003,3,3,0,0,0,0
2026-02-18,ST006,MED004,11,11,0,0,12,18
2026-02-18,ST006,MED005,15,15,0,0,12,67
2026-02-18,ST006,MED006,13,13,0,0,12,61
2026-02-18,ST006,MED007,2,2,0,24,0,22
2026-02-18,ST006,MED008,9,1,8,0,0,0
2026-02-18,ST006,MED009,16,16,0,24,24,8
2026-02-18,ST006,MED010,6,6,0,24,12,31
2026-02-18,ST006,MED011,11,11,0,66,6,73
2026-02-18,ST006,MED012,13,13,0,0,12,55
2026-02-18,ST006,MED013,11,11,0,0,12,7
2026-02-18,ST006,MED014,12,12,0,0,24,46
2026-02-18,ST006,MED015,13,13,0,0,24,100
2026-02-18,ST006,MED016,9,9,0,48,24,39
2026-02-18,ST006,MED017,14,14,0,0,12,13
2026-02-18,ST006,MED018,7,7,0,0,24,52
2026-02-18,ST006,MED019,3,3,0,0,0,6
2026-02-18,ST006,MED020,12,12,0,0,24,47
2026-02-18,ST006,MED021,15,12,3,12,12,0
2026-02-18,ST006,MED022,8,8,0,0,6,58
2026-02-18,ST006,MED023,14,14,0,0,12,12
2026-02-18,ST006,MED024,15,15,0,60,12,70
2026-02-18,ST006,MED025,8,6,2,0,12,0
2026-02-18,ST006,MED026,9,9,0,48,0,95
2026-02-18,ST006,MED027,18,3,15,0,0,0
2026-02-18,ST006,MED028,7,7,0,0,0,40
2026-02-18,ST006,MED029,10,10,0,48,24,38
2026-02-18,ST006,MED030,7,7,0,12,6,32
2026-02-18,ST007,MED001,8,8,0,0,0,35
2026-02-18,ST007,MED002,10,10,0,0,12,43
2026-02-18,ST007,MED003,0,0,0,24,0,40
2026-02-18,ST007,MED004,5,5,0,24,12,42
2026-02-18,ST007,MED005,6,6,0,0,12,20
2026-02-18,ST007,MED006,4,4,0,0,0,43
2026-02-18,ST007,MED007,0,0,0,0,0,23
2026-02-18,ST007,MED008,3,3,0,0,0,14
2026-02-18,ST007,MED009,5,5,0,48,0,59
2026-02-18,ST007,MED010,4,4,0,24,0,29
2026-02-18,ST007,MED011,9,9,0,0,6,39
2026-02-18,ST007,MED012,13,13,0,24,12,38
2026-02-18,ST007,MED013,6,6,0,0,12,37
2026-02-18,ST007,MED014,1,1,0,0,0,38
2026-02-18,ST007,MED015,10,10,0,0,0,48
2026-02-18,ST007,MED016,4,4,0,0,0,53
2026-02-18,ST007,MED017,8,8,0,0,0,11
2026-02-18,ST007,MED018,2,2,0,0,0,52
2026-02-18,ST007,MED019,3,3,0,0,0,18
2026-02-18,ST007,MED020,4,4,0,0,0,50
2026-02-18,ST007,MED021,6,6,0,0,0,11
2026-02-18,ST007,MED022,0,0,0,42,0,44
2026-02-18,ST007,MED023,10,10,0,12,12,39
2026-02-18,ST007,MED024,9,9,0,0,12,52
2026-02-18,ST007,MED025,6,6,0,24,12,25
2026-02-18,ST007,MED026,9,9,0,72,0,68
2026-02-18,ST007,MED027,10,10,0,0,0,60
2026-02-18,ST007,MED028,1,1,0,0,0,33
2026-02-18,ST007,MED029,5,5,0,24,0,54
2026-02-18,ST007,MED030,11,11,0,0,12,18
2026-02-18,ST008,MED001,9,9,0,0,0,22
2026-02-18,ST008,MED002,8,8,0,48,6,64
2026-02-18,ST008,MED003,3,3,0,0,0,7
2026-02-18,ST008,MED004,7,7,0,0,12,10
2026-02-18,ST008,MED005,6,6,0,72,0,75
2026-02-18,ST008,MED006,11,11,0,12,12,48
2026-02-18,ST008,MED007,3,3,0,0,0,15
2026-02-18,ST008,MED008,4,1,3,0,0,0
2026-02-18,ST008,MED009,8,8,0,0,12,38
2026-02-18,ST008,MED010,2,2,0,0,0,33
2026-02-18,ST008,MED011,10,10,0,66,12,62
2026-02-18,ST008,MED012,9,9,0,0,12,9
2026-02-18,ST008,MED013,4,4,0,0,0,24
2026-02-18,ST008,MED014,6,6,0,0,0,31
2026-02-18,ST008,MED015,9,9,0,0,0,64
2026-02-18,ST008,MED016,5,5,0,0,0,54
2026-02-18,ST008,MED017,4,4,0,0,0,60
2026-02-18,ST008,MED018,4,4,0,0,0,30
2026-02-18,ST008,MED019,2,2,0,24,0,22
2026-02-18,ST008,MED020,6,6,0,24,24,47
2026-02-18,ST008,MED021,6,6,0,0,6,47
2026-02-18,ST008,MED022,7,7,0,0,12,7
2026-02-18,ST008,MED023,13,13,0,12,12,65
2026-02-18,ST008,MED024,8,8,0,72,0,75
2026-02-18,ST008,MED025,7,7,0,36,0,29
2026-02-18,ST008,MED026,12,12,0,0,24,41
2026-02-18,ST008,MED027,8,8,0,24,0,38
2026-02-18,ST008,MED028,8,8,0,0,0,27
2026-02-18,ST008,MED029,4,4,0,0,0,63
2026-02-18,ST008,MED030,5,5,0,0,6,3
2026-02-18,ST009,MED001,5,5,0,0,0,48
2026-02-18,ST009,MED002,8,8,0,0,6,57
2026-02-18,ST009,MED003,5,5,0,0,0,8
2026-02-18,ST009,MED004,9,9,0,0,0,32
2026-02-18,ST009,MED005,9,7,2,0,0,0
2026-02-18,ST009,MED006,8,8,0,48,12,54
2026-02-18,ST009,MED007,6,6,0,0,0,12
2026-02-18,ST009,MED008,6,6,0,0,12,11
2026-02-18,ST009,MED009,5,5,0,0,0,62
2026-02-18,ST009,MED010,3,2,1,0,0,0
2026-02-18,ST009,MED011,12,12,0,0,12,19
2026-02-18,ST009,MED012,10,10,0,36,12,40
2026-02-18,ST009,MED013,7,7,0,0,12,50
2026-02-18,ST009,MED014,4,4,0,0,0,5
2026-02-18,ST009,MED015,13,13,0,72,24,59
2026-02-18,ST009,MED016,10,10,0,0,24,22
2026-02-18,ST009,MED017,9,9,0,0,12,19
2026-02-18,ST009,MED018,4,4,0,0,0,23
2026-02-18,ST009,MED019,0,0,0,0,0,25
2026-02-18,ST009,MED020,4,3,1,0,0,0
2026-02-18,ST009,MED021,11,11,0,0,6,38
2026-02-18,ST009,MED022,8,8,0,0,6,24
2026-02-18,ST009,MED023,10,10,0,0,12,10
2026-02-18,ST009,MED024,10,10,0,72,12,62
2026-02-18,ST009,MED025,3,3,0,0,0,18
2026-02-18,ST009,MED026,11,11,0,0,24,24
2026-02-18,ST009,MED027,14,14,0,0,12,60
2026-02-18,ST009,MED028,8,8,0,0,24,42
2026-02-18,ST009,MED029,6,6,0,0,0,26
2026-02-18,ST009,MED030,6,6,0,0,6,18
2026-02-18,ST010,MED001,15,15,0,0,0,41
2026-02-18,ST010,MED002,11,11,0,0,12,48
2026-02-18,ST010,MED003,2,2,0,0,0,7
2026-02-18,ST010,MED004,9,9,0,0,12,17
2026-02-18,ST010,MED005,9,9,0,0,12,11
2026-02-18,ST010,MED006,24,24,0,0,24,49
2026-02-18,ST010,MED007,3,3,0,0,0,19
2026-02-18,ST010,MED008,4,4,0,0,0,7
2026-02-18,ST010,MED009,12,2,10,0,12,0
2026-02-18,ST010,MED010,9,9,0,0,12,20
2026-02-18,ST010,MED011,7,7,0,12,6,70
2026-02-18,ST010,MED012,10,10,0,72,12,62
2026-02-18,ST010,MED013,9,9,0,36,12,31
2026-02-18,ST010,MED014,6,6,0,0,0,31
2026-02-18,ST010,MED015,10,10,0,96,0,89
2026-02-18,ST010,MED016,5,5,0,0,0,28
2026-02-18,ST010,MED017,11,11,0,0,12,57
2026-02-18,ST010,MED018,6,6,0,0,0,23
2026-02-18,ST010,MED019,3,3,0,0,0,4
2026-02-18,ST010,MED020,4,4,0,0,0,21
2026-02-18,ST010,MED021,14,14,0,0,18,41
2026-02-18,ST010,MED022,7,7,0,0,6,20
2026-02-18,ST010,MED023,9,9,0,60,12,65
2026-02-18,ST010,MED024,15,15,0,0,24,54
2026-02-18,ST010,MED025,9,9,0,12,12,19
2026-02-18,ST010,MED026,11,3,8,0,0,0
2026-02-18,ST010,MED027,14,14,0,0,24,10
2026-02-18,ST010,MED028,9,9,0,0,24,3
2026-02-18,ST010,MED029,11,11,0,0,24,66
2026-02-18,ST010,MED030,1,1,0,30,0,38
2026-02-18,ST011,MED001,13,13,0,48,24,58
2026-02-18,ST011,MED002,10,10,0,0,6,13
2026-02-18,ST011,MED003,6,0,6,0,0,0
2026-02-18,ST011,MED004,4,4,0,36,0,49
2026-02-18,ST011,MED005,12,12,0,60,12,58
2026-02-18,ST011,MED006,10,10,0,0,12,50
2026-02-18,ST011,MED007,4,4,0,24,0,20
2026-02-18,ST011,MED008,3,3,0,24,0,21
2026-02-18,ST011,MED009,10,10,0,0,12,36
2026-02-18,ST011,MED010,6,6,0,0,0,26
2026-02-18,ST011,MED011,14,10,4,0,6,0
2026-02-18,ST011,MED012,13,13,0,0,12,58
2026-02-18,ST011,MED013,11,11,0,48,12,38
2026-02-18,ST011,MED014,5,5,0,0,0,28
2026-02-18,ST011,MED015,11,11,0,48,0,72
2026-02-18,ST011,MED016,8,8,0,0,24,35
2026-02-18,ST011,MED017,12,12,0,0,12,36
2026-02-18,ST011,MED018,7,7,0,0,0,33
2026-02-18,ST011,MED019,3,3,0,24,0,21
2026-02-18,ST011,MED020,9,9,0,0,0,13
2026-02-18,ST011,MED021,13,9,4,0,12,0
2026-02-18,ST011,MED022,7,4,3,0,6,0
2026-02-18,ST011,MED023,14,14,0,0,12,48
2026-02-18,ST011,MED024,14,14,0,36,24,58
2026-02-18,ST011,MED025,6,6,0,0,0,3
2026-02-18,ST011,MED026,10,10,0,0,0,51
2026-02-18,ST011,MED027,7,7,0,0,0,64
2026-02-18,ST011,MED028,6,6,0,0,0,9
2026-02-18,ST011,MED029,11,11,0,0,24,28
2026-02-18,ST011,MED030,7,7,0,36,12,29
2026-02-18,ST012,MED001,14,14,0,24,24,10
2026-02-18,ST012,MED002,16,16,0,0,18,25
2026-02-18,ST012,MED003,3,3,0,0,0,19
2026-02-18,ST012,MED004,8,8,0,24,0,50
2026-02-18,ST012,MED005,9,9,0,96,0,89
2026-02-18,ST012,MED006,16,0,16,0,0,0
2026-02-18,ST012,MED007,4,0,4,0,0,0
2026-02-18,ST012,MED008,4,4,0,12,0,8
2026-02-18,ST012,MED009,14,14,0,72,12,78
2026-02-18,ST012,MED010,5,5,0,24,0,19
2026-02-18,ST012,MED011,10,0,10,0,0,0
2026-02-18,ST012,MED012,10,10,0,0,12,31
2026-02-18,ST012,MED013,9,9,0,24,12,43
2026-02-18,ST012,MED014,4,4,0,48,24,46
2026-02-18,ST012,MED015,15,15,0,0,0,32
2026-02-18,ST012,MED016,9,9,0,0,0,30
2026-02-18,ST012,MED017,18,18,0,96,24,78
2026-02-18,ST012,MED018,8,8,0,0,0,6
2026-02-18,ST012,MED019,8,0,8,0,0,0
2026-02-18,ST012,MED020,7,0,7,0,0,0
2026-02-18,ST012,MED021,15,7,8,0,6,0
2026-02-18,ST012,MED022,7,7,0,6,6,36
2026-02-18,ST012,MED023,11,11,0,0,12,53
2026-02-18,ST012,MED024,14,0,14,0,0,0
2026-02-18,ST012,MED025,9,9,0,0,12,30
2026-02-18,ST012,MED026,15,15,0,24,24,28
2026-02-18,ST012,MED027,14,14,0,0,12,56
2026-02-18,ST012,MED028,9,9,0,0,24,44
2026-02-18,ST012,MED029,9,9,0,0,24,36
2026-02-18,ST012,MED030,6,6,0,18,6,32
2026-02-18,ST013,MED001,17,17,0,72,24,55
2026-02-18,ST013,MED002,15,15,0,0,12,68
2026-02-18,ST013,MED003,5,5,0,24,0,25
2026-02-18,ST013,MED004,10,10,0,60,0,50
2026-02-18,ST013,MED005,12,12,0,12,12,55
2026-02-18,ST013,MED006,11,11,0,0,12,27
2026-02-18,ST013,MED007,3,0,3,0,0,0
2026-02-18,ST013,MED008,6,6,0,0,12,3
2026-02-18,ST013,MED009,12,12,0,36,12,55
2026-02-18,ST013,MED010,4,0,4,0,0,0
2026-02-18,ST013,MED011,11,11,0,0,12,6
2026-02-18,ST013,MED012,16,0,16,0,0,0
2026-02-18,ST013,MED013,9,9,0,0,12,45
2026-02-18,ST013,MED014,4,2,2,0,0,0
2026-02-18,ST013,MED015,16,0,16,0,0,0
2026-02-18,ST013,MED016,7,7,0,24,0,53
2026-02-18,ST013,MED017,15,13,2,0,24,0
2026-02-18,ST013,MED018,10,10,0,0,0,41
2026-02-18,ST013,MED019,4,4,0,0,0,38
2026-02-18,ST013,MED020,7,7,0,0,24,70
2026-02-18,ST013,MED021,14,14,0,0,12,39
2026-02-18,ST013,MED022,8,8,0,12,6,4
2026-02-18,ST013,MED023,12,12,0,60,12,82
2026-02-18,ST013,MED024,15,9,6,0,0,0
2026-02-18,ST013,MED025,4,4,0,12,0,8
2026-02-18,ST013,MED026,27,27,0,0,48,55
2026-02-18,ST013,MED027,16,16,0,0,24,24
2026-02-18,ST013,MED028,11,11,0,24,0,48
2026-02-18,ST013,MED029,11,11,0,48,0,73
2026-02-18,ST013,MED030,12,12,0,0,12,12
2026-02-18,ST014,MED001,10,10,0,0,0,62
2026-02-18,ST014,MED002,8,8,0,0,12,47
2026-02-18,ST014,MED003,3,3,0,0,0,19
2026-02-18,ST014,MED004,5,3,2,0,0,0
2026-02-18,ST014,MED005,12,12,0,0,12,51
2026-02-18,ST014,MED006,6,6,0,0,0,23
2026-02-18,ST014,MED007,2,2,0,0,0,23
2026-02-18,ST014,MED008,2,2,0,0,0,31
2026-02-18,ST014,MED009,12,12,0,0,12,33
2026-02-18,ST014,MED010,2,2,0,24,0,22
2026-02-18,ST014,MED011,9,9,0,72,0,73
2026-02-18,ST014,MED012,9,9,0,0,0,60
2026-02-18,ST014,MED013,7,7,0,0,12,28
2026-02-18,ST014,MED014,4,4,0,24,0,32
2026-02-18,ST014,MED015,9,9,0,0,24,58
2026-02-18,ST014,MED016,4,4,0,0,0,15
2026-02-18,ST014,MED017,5,5,0,24,12,53
2026-02-18,ST014,MED018,7,7,0,0,0,40
2026-02-18,ST014,MED019,3,3,0,0,24,24
2026-02-18,ST014,MED020,8,8,0,0,0,43
2026-02-18,ST014,MED021,6,6,0,12,6,40
2026-02-18,ST014,MED022,6,6,0,0,6,34
2026-02-18,ST014,MED023,5,5,0,0,0,16
2026-02-18,ST014,MED024,11,11,0,0,0,72
2026-02-18,ST014,MED025,2,2,0,12,0,27
2026-02-18,ST014,MED026,13,0,13,0,0,0
2026-02-18,ST014,MED027,10,10,0,12,0,61
2026-02-18,ST014,MED028,2,2,0,0,0,49
2026-02-18,ST014,MED029,6,6,0,72,0,66
2026-02-18,ST014,MED030,6,6,0,0,12,24
2026-02-18,ST015,MED001,10,10,0,0,0,37
2026-02-18,ST015,MED002,8,8,0,0,6,39
2026-02-18,ST015,MED003,3,3,0,0,0,28
2026-02-18,ST015,MED004,6,6,0,24,12,52
2026-02-18,ST015,MED005,9,9,0,24,12,53
2026-02-18,ST015,MED006,8,8,0,0,12,40
2026-02-18,ST015,MED007,6,6,0,0,0,7
2026-02-18,ST015,MED008,6,6,0,0,12,16
2026-02-18,ST015,MED009,8,8,0,0,0,69
2026-02-18,ST015,MED010,5,5,0,0,12,10
2026-02-18,ST015,MED011,8,8,0,6,12,55
2026-02-18,ST015,MED012,2,2,0,24,0,66
2026-02-18,ST015,MED013,4,4,0,0,0,44
2026-02-18,ST015,MED014,3,3,0,0,0,26
2026-02-18,ST015,MED015,8,8,0,0,0,37
2026-02-18,ST015,MED016,5,5,0,0,0,16
2026-02-18,ST015,MED017,8,8,0,12,12,45
2026-02-18,ST015,MED018,6,6,0,0,0,44
2026-02-18,ST015,MED019,0,0,0,0,0,20
2026-02-18,ST015,MED020,6,6,0,0,24,43
2026-02-18,ST015,MED021,13,13,0,0,18,37
2026-02-18,ST015,MED022,7,7,0,24,6,38
2026-02-18,ST015,MED023,4,4,0,0,0,2
2026-02-18,ST015,MED024,12,12,0,12,24,19
2026-02-18,ST015,MED025,7,7,0,36,0,30
2026-02-18,ST015,MED026,7,7,0,0,0,56
2026-02-18,ST015,MED027,9,9,0,0,12,11
2026-02-18,ST015,MED028,3,3,0,0,24,21
2026-02-18,ST015,MED029,5,5,0,0,0,5
2026-02-18,ST015,MED030,1,1,0,0,0,15
2026-02-18,ST016,MED001,14,14,0,0,24,32
2026-02-18,ST016,MED002,10,10,0,66,6,56
2026-02-18,ST016,MED003,2,2,0,24,0,34
2026-02-18,ST016,MED004,10,10,0,0,0,35
2026-02-18,ST016,MED005,12,12,0,12,0,56
2026-02-18,ST016,MED006,8,8,0,24,0,62
2026-02-18,ST016,MED007,4,4,0,0,0,7
2026-02-18,ST016,MED008,0,0,0,0,0,25
2026-02-18,ST016,MED009,12,12,0,0,12,41
2026-02-18,ST016,MED010,4,4,0,24,0,20
2026-02-18,ST016,MED011,12,12,0,0,12,2
2026-02-18,ST016,MED012,10,10,0,0,12,62
2026-02-18,ST016,MED013,4,4,0,0,0,39
2026-02-18,ST016,MED014,2,2,0,0,0,7
2026-02-18,ST016,MED015,14,14,0,0,24,10
2026-02-18,ST016,MED016,5,5,0,24,0,55
2026-02-18,ST016,MED017,10,10,0,12,12,68
2026-02-18,ST016,MED018,6,6,0,0,24,18
2026-02-18,ST016,MED019,3,3,0,0,0,12
2026-02-18,ST016,MED020,9,9,0,0,0,7
2026-02-18,ST016,MED021,10,10,0,0,12,56
2026-02-18,ST016,MED022,5,5,0,12,6,37
2026-02-18,ST016,MED023,14,14,0,0,12,48
2026-02-18,ST016,MED024,12,12,0,12,12,57
2026-02-18,ST016,MED025,5,5,0,0,0,29
2026-02-18,ST016,MED026,10,10,0,24,24,28
2026-02-18,ST016,MED027,13,13,0,0,12,51
2026-02-18,ST016,MED028,5,5,0,0,0,35
2026-02-18,ST016,MED029,12,12,0,0,24,8
2026-02-18,ST016,MED030,3,3,0,0,6,8
2026-02-18,ST017,MED001,12,12,0,24,0,62
2026-02-18,ST017,MED002,12,12,0,12,12,57
2026-02-18,ST017,MED003,4,4,0,24,0,27
2026-02-18,ST017,MED004,7,7,0,0,0,31
2026-02-18,ST017,MED005,5,5,0,48,0,68
2026-02-18,ST017,MED006,11,11,0,72,12,61
2026-02-18,ST017,MED007,5,5,0,0,0,30
2026-02-18,ST017,MED008,3,3,0,12,0,26
2026-02-18,ST017,MED009,10,10,0,0,12,15
2026-02-18,ST017,MED010,4,4,0,0,0,35
2026-02-18,ST017,MED011,11,11,0,0,12,3
2026-02-18,ST017,MED012,9,9,0,0,0,54
2026-02-18,ST017,MED013,6,6,0,0,0,39
2026-02-18,ST017,MED014,7,4,3,0,0,0
2026-02-18,ST017,MED015,13,13,0,0,0,60
2026-02-18,ST017,MED016,7,7,0,48,0,41
2026-02-18,ST017,MED017,9,9,0,48,12,55
2026-02-18,ST017,MED018,6,6,0,0,0,33
2026-02-18,ST017,MED019,3,3,0,0,0,14
2026-02-18,ST017,MED020,6,6,0,0,24,48
2026-02-18,ST017,MED021,13,13,0,0,18,17
2026-02-18,ST017,MED022,9,9,0,12,12,30
2026-02-18,ST017,MED023,12,12,0,12,12,35
2026-02-18,ST017,MED024,14,14,0,48,12,73
2026-02-18,ST017,MED025,9,2,7,0,12,0
2026-02-18,ST017,MED026,11,11,0,0,0,18
2026-02-18,ST017,MED027,14,14,0,0,12,18
2026-02-18,ST017,MED028,7,2,5,0,24,0
2026-02-18,ST017,MED029,10,10,0,0,0,48
2026-02-18,ST017,MED030,5,5,0,0,6,12
2026-02-18,ST018,MED001,9,9,0,0,24,64
2026-02-18,ST018,MED002,14,14,0,60,12,75
2026-02-18,ST018,MED003,5,5,0,0,0,40
2026-02-18,ST018,MED004,6,6,0,48,12,56
2026-02-18,ST018,MED005,13,13,0,0,12,67
2026-02-18,ST018,MED006,7,7,0,0,12,69
2026-02-18,ST018,MED007,5,5,0,24,0,38
2026-02-18,ST018,MED008,2,2,0,0,0,25
2026-02-18,ST018,MED009,10,10,0,60,12,50
2026-02-18,ST018,MED010,1,1,0,0,0,31
2026-02-18,ST018,MED011,6,6,0,42,6,86
2026-02-18,ST018,MED012,6,6,0,0,12,42
2026-02-18,ST018,MED013,7,7,0,12,0,45
2026-02-18,ST018,MED014,9,9,0,48,0,42
2026-02-18,ST018,MED015,16,16,0,72,0,80
2026-02-18,ST018,MED016,8,0,8,0,0,0
2026-02-18,ST018,MED017,11,11,0,12,12,31
2026-02-18,ST018,MED018,9,9,0,24,0,53
2026-02-18,ST018,MED019,0,0,0,0,0,21
2026-02-18,ST018,MED020,10,10,0,48,0,38
2026-02-18,ST018,MED021,11,11,0,6,12,6
2026-02-18,ST018,MED022,10,10,0,42,6,32
2026-02-18,ST018,MED023,12,12,0,0,12,61
2026-02-18,ST018,MED024,14,14,0,48,12,55
2026-02-18,ST018,MED025,6,6,0,0,0,11
2026-02-18,ST018,MED026,12,12,0,72,24,66
2026-02-18,ST018,MED027,13,13,0,0,12,59
2026-02-18,ST018,MED028,3,1,2,0,0,0
2026-02-18,ST018,MED029,9,9,0,24,24,25
2026-02-18,ST018,MED030,5,5,0,12,6,37
2026-02-18,ST019,MED001,12,12,0,48,24,85
2026-02-18,ST019,MED002,10,10,0,12,6,64
2026-02-18,ST019,MED003,6,6,0,0,0,39
2026-02-18,ST019,MED004,12,12,0,12,12,55
2026-02-18,ST019,MED005,12,12,0,48,12,78
2026-02-18,ST019,MED006,14,11,3,0,12,0
2026-02-18,ST019,MED007,4,4,0,24,0,42
2026-02-18,ST019,MED008,7,7,0,0,12,13
2026-02-18,ST019,MED009,14,14,0,0,24,69
2026-02-18,ST019,MED010,4,4,0,0,12,12
2026-02-18,ST019,MED011,12,12,0,78,12,72
2026-02-18,ST019,MED012,13,13,0,0,24,38
2026-02-18,ST019,MED013,11,11,0,0,12,29
2026-02-18,ST019,MED014,7,1,6,0,0,0
2026-02-18,ST019,MED015,13,13,0,0,24,28
2026-02-18,ST019,MED016,7,7,0,0,0,46
2026-02-18,ST019,MED017,14,14,0,0,12,46
2026-02-18,ST019,MED018,7,7,0,24,0,64
2026-02-18,ST019,MED019,4,4,0,0,0,15
2026-02-18,ST019,MED020,8,8,0,0,24,10
2026-02-18,ST019,MED021,14,0,14,0,6,0
2026-02-18,ST019,MED022,7,0,7,0,0,0
2026-02-18,ST019,MED023,11,10,1,0,12,0
2026-02-18,ST019,MED024,15,15,0,0,12,96
2026-02-18,ST019,MED025,7,7,0,36,0,29
2026-02-18,ST019,MED026,12,12,0,0,24,92
2026-02-18,ST019,MED027,12,12,0,0,12,65
2026-02-18,ST019,MED028,14,14,0,0,24,27
2026-02-18,ST019,MED029,6,0,6,0,0,0
2026-02-18,ST019,MED030,7,6,1,0,6,0
2026-02-18,ST020,MED001,13,13,0,0,24,27
2026-02-18,ST020,MED002,14,14,0,48,18,58
2026-02-18,ST020,MED003,3,3,0,0,0,11
2026-02-18,ST020,MED004,11,11,0,12,12,30
2026-02-18,ST020,MED005,14,14,0,48,12,65
2026-02-18,ST020,MED006,14,1,13,0,0,0
2026-02-18,ST020,MED007,6,6,0,0,0,13
2026-02-18,ST020,MED008,1,1,0,12,0,36
2026-02-18,ST020,MED009,13,13,0,60,12,47
2026-02-18,ST020,MED010,4,4,0,0,0,5
2026-02-18,ST020,MED011,24,24,0,30,30,64
2026-02-18,ST020,MED012,13,13,0,0,12,20
2026-02-18,ST020,MED013,7,7,0,0,0,12
2026-02-18,ST020,MED014,7,1,6,0,0,0
2026-02-18,ST020,MED015,13,13,0,0,0,13
2026-02-18,ST020,MED016,10,10,0,0,0,58
2026-02-18,ST020,MED017,9,9,0,0,12,15
2026-02-18,ST020,MED018,10,10,0,0,0,41
2026-02-18,ST020,MED019,2,2,0,0,0,12
2026-02-18,ST020,MED020,10,10,0,0,24,57
2026-02-18,ST020,MED021,13,13,0,0,12,4
2026-02-18,ST020,MED022,13,2,11,0,6,0
2026-02-18,ST020,MED023,16,16,0,72,24,56
2026-02-18,ST020,MED024,17,17,0,12,24,95
2026-02-18,ST020,MED025,7,7,0,0,12,30
2026-02-18,ST020,MED026,16,16,0,72,24,67
2026-02-18,ST020,MED027,13,13,0,0,12,0
2026-02-18,ST020,MED028,9,9,0,0,24,2
2026-02-18,ST020,MED029,12,12,0,0,24,29
2026-02-18,ST020,MED030,3,3,0,18,6,36
2026-02-18,ST021,MED001,5,5,0,0,0,73
2026-02-18,ST021,MED002,10,10,0,0,12,55
2026-02-18,ST021,MED003,0,0,0,0,0,22
2026-02-18,ST021,MED004,5,5,0,48,0,57
2026-02-18,ST021,MED005,9,9,0,0,0,50
2026-02-18,ST021,MED006,8,8,0,0,12,37
2026-02-18,ST021,MED007,0,0,0,24,0,39
2026-02-18,ST021,MED008,5,5,0,0,12,16
2026-02-18,ST021,MED009,10,10,0,0,12,57
2026-02-18,ST021,MED010,1,1,0,12,0,27
2026-02-18,ST021,MED011,7,7,0,0,6,1
2026-02-18,ST021,MED012,10,10,0,0,12,40
2026-02-18,ST021,MED013,0,0,0,0,0,24
2026-02-18,ST021,MED014,3,3,0,0,0,27
2026-02-18,ST021,MED015,8,8,0,0,0,21
2026-02-18,ST021,MED016,4,4,0,0,0,45
2026-02-18,ST021,MED017,7,7,0,0,12,38
2026-02-18,ST021,MED018,4,4,0,24,0,46
2026-02-18,ST021,MED019,1,1,0,0,0,9
2026-02-18,ST021,MED020,7,7,0,0,0,17
2026-02-18,ST021,MED021,9,7,2,0,0,0
2026-02-18,ST021,MED022,5,1,4,0,0,0
2026-02-18,ST021,MED023,10,10,0,60,12,57
2026-02-18,ST021,MED024,10,10,0,0,12,37
2026-02-18,ST021,MED025,6,6,0,0,0,21
2026-02-18,ST021,MED026,10,10,0,72,0,65
2026-02-18,ST021,MED027,6,6,0,0,0,56
2026-02-18,ST021,MED028,2,2,0,0,0,35
2026-02-18,ST021,MED029,6,6,0,0,0,24
2026-02-18,ST021,MED030,4,4,0,0,0,4
2026-02-18,ST022,MED001,7,7,0,0,24,20
2026-02-18,ST022,MED002,7,7,0,0,6,56
2026-02-18,ST022,MED003,3,3,0,0,0,6
2026-02-18,ST022,MED004,7,7,0,0,12,39
2026-02-18,ST022,MED005,9,9,0,72,0,63
2026-02-18,ST022,MED006,6,6,0,0,12,17
2026-02-18,ST022,MED007,0,0,0,0,0,31
2026-02-18,ST022,MED008,3,3,0,0,12,12
2026-02-18,ST022,MED009,7,7,0,12,12,59
2026-02-18,ST022,MED010,8,8,0,0,12,6
2026-02-18,ST022,MED011,10,10,0,0,12,4
2026-02-18,ST022,MED012,9,9,0,60,12,59
2026-02-18,ST022,MED013,3,3,0,0,0,48
2026-02-18,ST022,MED014,3,3,0,48,0,49
2026-02-18,ST022,MED015,11,11,0,48,24,63
2026-02-18,ST022,MED016,7,7,0,0,0,12
2026-02-18,ST022,MED017,7,3,4,0,0,0
2026-02-18,ST022,MED018,4,4,0,0,0,28
2026-02-18,ST022,MED019,3,3,0,0,0,15
2026-02-18,ST022,MED020,8,8,0,0,0,33
2026-02-18,ST022,MED021,12,12,0,0,12,42
2026-02-18,ST022,MED022,3,3,0,0,6,13
2026-02-18,ST022,MED023,7,7,0,24,0,38
2026-02-18,ST022,MED024,11,11,0,0,12,70
2026-02-18,ST022,MED025,2,2,0,0,0,32
2026-02-18,ST022,MED026,12,12,0,0,24,43
2026-02-18,ST022,MED027,12,12,0,0,12,54
2026-02-18,ST022,MED028,4,4,0,0,0,36
2026-02-18,ST022,MED029,9,9,0,0,24,61
2026-02-18,ST022,MED030,3,3,0,6,6,24
2026-02-18,ST023,MED001,14,14,0,0,0,7
2026-02-18,ST023,MED002,16,16,0,0,18,37
2026-02-18,ST023,MED003,0,0,0,0,0,0
2026-02-18,ST023,MED004,8,8,0,0,12,38
2026-02-18,ST023,MED005,10,10,0,0,0,6
2026-02-18,ST023,MED006,8,8,0,0,12,67
2026-02-18,ST023,MED007,1,1,0,24,0,36
2026-02-18,ST023,MED008,5,5,0,0,12,23
2026-02-18,ST023,MED009,9,9,0,0,0,43
2026-02-18,ST023,MED010,4,4,0,0,0,16
2026-02-18,ST023,MED011,13,13,0,0,18,58
2026-02-18,ST023,MED012,9,9,0,0,12,15
2026-02-18,ST023,MED013,6,6,0,0,12,40
2026-02-18,ST023,MED014,6,6,0,0,0,48
2026-02-18,ST023,MED015,10,10,0,0,0,38
2026-02-18,ST023,MED016,10,10,0,0,24,29
2026-02-18,ST023,MED017,10,4,6,0,0,0
2026-02-18,ST023,MED018,5,5,0,0,0,26
2026-02-18,ST023,MED019,4,4,0,0,0,25
2026-02-18,ST023,MED020,7,7,0,0,24,37
2026-02-18,ST023,MED021,11,11,0,0,12,4
2026-02-18,ST023,MED022,8,3,5,0,6,0
2026-02-18,ST023,MED023,20,20,0,0,24,28
2026-02-18,ST023,MED024,9,9,0,0,0,54
2026-02-18,ST023,MED025,2,2,0,0,0,41
2026-02-18,ST023,MED026,9,9,0,0,24,83
2026-02-18,ST023,MED027,9,9,0,12,0,17
2026-02-18,ST023,MED028,4,4,0,24,0,33
2026-02-18,ST023,MED029,11,10,1,0,0,0
2026-02-18,ST023,MED030,3,3,0,6,0,17
2026-02-18,ST024,MED001,9,9,0,0,0,63
2026-02-18,ST024,MED002,9,9,0,36,12,55
2026-02-18,ST024,MED003,3,3,0,0,0,9
2026-02-18,ST024,MED004,8,8,0,12,12,46
2026-02-18,ST024,MED005,13,13,0,0,24,59
2026-02-18,ST024,MED006,7,3,4,0,0,0
2026-02-18,ST024,MED007,4,4,0,0,0,7
2026-02-18,ST024,MED008,4,4,0,0,0,10
2026-02-18,ST024,MED009,10,10,0,72,0,62
2026-02-18,ST024,MED010,8,8,0,24,12,17
2026-02-18,ST024,MED011,22,13,9,0,18,0
2026-02-18,ST024,MED012,9,9,0,0,0,49
2026-02-18,ST024,MED013,6,6,0,48,12,49
2026-02-18,ST024,MED014,11,11,0,0,24,36
2026-02-18,ST024,MED015,16,0,16,0,0,0
2026-02-18,ST024,MED016,6,6,0,0,0,53
2026-02-18,ST024,MED017,10,10,0,12,0,35
2026-02-18,ST024,MED018,5,5,0,24,0,37
2026-02-18,ST024,MED019,1,1,0,0,0,8
2026-02-18,ST024,MED020,9,7,2,0,0,0
2026-02-18,ST024,MED021,10,10,0,18,12,42
2026-02-18,ST024,MED022,8,8,0,0,6,0
2026-02-18,ST024,MED023,11,11,0,36,12,73
2026-02-18,ST024,MED024,10,10,0,0,12,12
2026-02-18,ST024,MED025,8,8,0,12,0,22
2026-02-18,ST024,MED026,12,12,0,0,0,36
2026-02-18,ST024,MED027,12,11,1,0,12,0
2026-02-18,ST024,MED028,3,0,3,0,0,0
2026-02-18,ST024,MED029,11,11,0,72,24,65
2026-02-18,ST024,MED030,5,5,0,0,6,21
2026-02-18,ST025,MED001,12,12,0,24,24,35
2026-02-18,ST025,MED002,13,13,0,6,12,0
2026-02-18,ST025,MED003,1,1,0,24,0,41
2026-02-18,ST025,MED004,6,6,0,24,12,51
2026-02-18,ST025,MED005,13,13,0,0,12,22
2026-02-18,ST025,MED006,11,11,0,0,12,37
2026-02-18,ST025,MED007,6,6,0,0,0,7
2026-02-18,ST025,MED008,4,4,0,0,12,5
2026-02-18,ST025,MED009,12,12,0,12,12,61
2026-02-18,ST025,MED010,2,2,0,0,0,13
2026-02-18,ST025,MED011,13,13,0,0,12,26
2026-02-18,ST025,MED012,9,9,0,0,12,23
2026-02-18,ST025,MED013,9,0,9,0,0,0
2026-02-18,ST025,MED014,4,4,0,0,24,24
2026-02-18,ST025,MED015,13,13,0,96,0,83
2026-02-18,ST025,MED016,8,8,0,0,24,11
2026-02-18,ST025,MED017,13,13,0,0,12,63
2026-02-18,ST025,MED018,8,8,0,0,24,46
2026-02-18,ST025,MED019,6,6,0,48,0,42
2026-02-18,ST025,MED020,7,7,0,0,0,42
2026-02-18,ST025,MED021,15,15,0,0,12,17
2026-02-18,ST025,MED022,16,16,0,36,24,51
2026-02-18,ST025,MED023,18,18,0,12,24,28
2026-02-18,ST025,MED024,12,12,0,0,12,47
2026-02-18,ST025,MED025,5,5,0,36,0,41
2026-02-18,ST025,MED026,9,9,0,0,24,65
2026-02-18,ST025,MED027,15,1,14,0,12,0
2026-02-18,ST025,MED028,7,7,0,48,24,41
2026-02-18,ST025,MED029,13,13,0,0,0,56
2026-02-18,ST025,MED030,4,0,4,0,0,0
2026-02-18,ST026,MED001,13,13,0,72,24,76
2026-02-18,ST026,MED002,14,14,0,0,18,28
2026-02-18,ST026,MED003,2,2,0,0,0,22
2026-02-18,ST026,MED004,7,7,0,0,0,55
2026-02-18,ST026,MED005,15,15,0,72,12,57
2026-02-18,ST026,MED006,14,14,0,0,12,25
2026-02-18,ST026,MED007,0,0,0,48,0,48
2026-02-18,ST026,MED008,5,5,0,0,0,13
2026-02-18,ST026,MED009,14,14,0,0,12,59
2026-02-18,ST026,MED010,3,3,0,24,12,34
2026-02-18,ST026,MED011,12,12,0,30,12,68
2026-02-18,ST026,MED012,17,17,0,72,12,67
2026-02-18,ST026,MED013,4,4,0,24,0,65
2026-02-18,ST026,MED014,4,4,0,0,0,9
2026-02-18,ST026,MED015,18,14,4,0,0,0
2026-02-18,ST026,MED016,11,11,0,0,0,18
2026-02-18,ST026,MED017,15,15,0,36,12,21
2026-02-18,ST026,MED018,5,5,0,24,24,49
2026-02-18,ST026,MED019,2,2,0,0,0,9
2026-02-18,ST026,MED020,8,8,0,48,24,61
2026-02-18,ST026,MED021,15,15,0,60,18,58
2026-02-18,ST026,MED022,11,11,0,6,6,41
2026-02-18,ST026,MED023,12,12,0,12,12,64
2026-02-18,ST026,MED024,13,13,0,84,12,78
2026-02-18,ST026,MED025,5,5,0,0,0,60
2026-02-18,ST026,MED026,10,10,0,0,0,79
2026-02-18,ST026,MED027,12,12,0,36,0,65
2026-02-18,ST026,MED028,11,11,0,0,0,43
2026-02-18,ST026,MED029,10,0,10,0,0,0
2026-02-18,ST026,MED030,1,1,0,24,0,38
2026-02-18,ST027,MED001,13,0,13,0,0,0
2026-02-18,ST027,MED002,15,10,5,0,6,0
2026-02-18,ST027,MED003,4,4,0,0,0,40
2026-02-18,ST027,MED004,10,10,0,0,12,46
2026-02-18,ST027,MED005,14,14,0,36,24,69
2026-02-18,ST027,MED006,11,11,0,60,12,74
2026-02-18,ST027,MED007,7,3,4,0,0,0
2026-02-18,ST027,MED008,1,1,0,0,0,9
2026-02-18,ST027,MED009,18,18,0,60,24,59
2026-02-18,ST027,MED010,8,8,0,0,12,21
2026-02-18,ST027,MED011,15,15,0,12,12,78
2026-02-18,ST027,MED012,15,15,0,0,24,34
2026-02-18,ST027,MED013,9,9,0,0,12,35
2026-02-18,ST027,MED014,7,7,0,0,0,10
2026-02-18,ST027,MED015,15,15,0,0,0,88
2026-02-18,ST027,MED016,9,9,0,24,24,33
2026-02-18,ST027,MED017,12,2,10,0,0,0
2026-02-18,ST027,MED018,6,0,6,0,0,0
2026-02-18,ST027,MED019,5,5,0,24,0,19
2026-02-18,ST027,MED020,6,6,0,24,0,62
2026-02-18,ST027,MED021,17,17,0,12,18,42
2026-02-18,ST027,MED022,10,5,5,0,6,0
2026-02-18,ST027,MED023,18,18,0,12,12,44
2026-02-18,ST027,MED024,14,14,0,0,12,79
2026-02-18,ST027,MED025,7,7,0,0,12,21
2026-02-18,ST027,MED026,16,16,0,72,24,56
2026-02-18,ST027,MED027,15,2,13,0,0,0
2026-02-18,ST027,MED028,10,10,0,48,24,55
2026-02-18,ST027,MED029,15,15,0,72,24,61
2026-02-18,ST027,MED030,11,11,0,0,18,15
2026-02-18,ST028,MED001,17,17,0,0,24,16
2026-02-18,ST028,MED002,5,5,0,0,6,24
2026-02-18,ST028,MED003,6,6,0,0,24,16
2026-02-18,ST028,MED004,5,5,0,12,0,47
2026-02-18,ST028,MED005,8,8,0,24,12,45
2026-02-18,ST028,MED006,10,10,0,0,12,8
2026-02-18,ST028,MED007,5,5,0,24,0,22
2026-02-18,ST028,MED008,3,3,0,0,0,23
2026-02-18,ST028,MED009,8,8,0,0,0,43
2026-02-18,ST028,MED010,0,0,0,0,0,14
2026-02-18,ST028,MED011,10,10,0,0,6,14
2026-02-18,ST028,MED012,8,8,0,0,0,66
2026-02-18,ST028,MED013,10,10,0,0,12,27
2026-02-18,ST028,MED014,0,0,0,0,0,58
2026-02-18,ST028,MED015,6,6,0,0,0,56
2026-02-18,ST028,MED016,4,4,0,0,0,27
2026-02-18,ST028,MED017,11,11,0,0,0,2
2026-02-18,ST028,MED018,0,0,0,0,0,38
2026-02-18,ST028,MED019,3,3,0,24,0,25
2026-02-18,ST028,MED020,5,5,0,0,0,52
2026-02-18,ST028,MED021,4,4,0,0,6,32
2026-02-18,ST028,MED022,6,6,0,42,0,47
2026-02-18,ST028,MED023,8,8,0,24,12,43
2026-02-18,ST028,MED024,8,8,0,0,0,63
2026-02-18,ST028,MED025,8,8,0,0,12,11
2026-02-18,ST028,MED026,6,6,0,0,0,70
2026-02-18,ST028,MED027,8,8,0,72,0,71
2026-02-18,ST028,MED028,4,4,0,0,0,28
2026-02-18,ST028,MED029,9,9,0,0,24,45
2026-02-18,ST028,MED030,2,2,0,18,0,27
2026-02-18,ST029,MED001,9,9,0,0,24,20
2026-02-18,ST029,MED002,12,12,0,6,18,9
2026-02-18,ST029,MED003,2,0,2,0,0,0
2026-02-18,ST029,MED004,9,9,0,0,0,40
2026-02-18,ST029,MED005,14,14,0,0,12,53
2026-02-18,ST029,MED006,11,11,0,0,12,14
2026-02-18,ST029,MED007,3,3,0,0,0,2
2026-02-18,ST029,MED008,3,3,0,0,0,7
2026-02-18,ST029,MED009,10,10,0,0,12,36
2026-02-18,ST029,MED010,8,8,0,0,12,5
2026-02-18,ST029,MED011,13,13,0,0,18,17
2026-02-18,ST029,MED012,10,10,0,0,12,29
2026-02-18,ST029,MED013,5,5,0,0,0,36
2026-02-18,ST029,MED014,2,2,0,0,0,17
2026-02-18,ST029,MED015,12,12,0,72,0,60
2026-02-18,ST029,MED016,5,5,0,0,0,22
2026-02-18,ST029,MED017,8,8,0,0,0,45
2026-02-18,ST029,MED018,6,6,0,24,0,33
2026-02-18,ST029,MED019,1,1,0,24,0,43
2026-02-18,ST029,MED020,9,9,0,48,0,45
2026-02-18,ST029,MED021,8,8,0,0,12,57
2026-02-18,ST029,MED022,3,3,0,6,6,34
2026-02-18,ST029,MED023,9,0,9,0,0,0
2026-02-18,ST029,MED024,10,10,0,24,0,68
2026-02-18,ST029,MED025,4,4,0,0,0,4
2026-02-18,ST029,MED026,16,16,0,72,24,65
2026-02-18,ST029,MED027,9,9,0,0,12,65
2026-02-18,ST029,MED028,4,4,0,0,0,23
2026-02-18,ST029,MED029,16,16,0,0,24,39
2026-02-18,ST029,MED030,5,5,0,0,6,9
2026-02-18,ST030,MED001,10,10,0,0,24,68
2026-02-18,ST030,MED002,8,8,0,0,6,43
2026-02-18,ST030,MED003,4,4,0,0,0,11
2026-02-18,ST030,MED004,8,8,0,12,0,34
2026-02-18,ST030,MED005,9,9,0,0,0,48
2026-02-18,ST030,MED006,9,9,0,0,0,48
2026-02-18,ST030,MED007,4,4,0,24,0,29
2026-02-18,ST030,MED008,6,6,0,0,12,1
2026-02-18,ST030,MED009,9,9,0,12,0,41
2026-02-18,ST030,MED010,4,4,0,0,0,17
2026-02-18,ST030,MED011,15,15,0,48,18,48
2026-02-18,ST030,MED012,9,9,0,12,12,3
2026-02-18,ST030,MED013,6,6,0,12,12,20
2026-02-18,ST030,MED014,8,8,0,0,0,29
2026-02-18,ST030,MED015,12,12,0,0,0,9
2026-02-18,ST030,MED016,5,5,0,0,24,53
2026-02-18,ST030,MED017,8,8,0,0,12,8
2026-02-18,ST030,MED018,10,10,0,0,0,4
2026-02-18,ST030,MED019,3,3,0,24,0,30
2026-02-18,ST030,MED020,9,9,0,0,24,44
2026-02-18,ST030,MED021,10,10,0,0,12,1
2026-02-18,ST030,MED022,8,8,0,6,6,5
2026-02-18,ST030,MED023,9,9,0,12,12,50
2026-02-18,ST030,MED024,14,14,0,0,12,24
2026-02-18,ST030,MED025,5,3,2,0,0,0
2026-02-18,ST030,MED026,11,11,0,24,24,69
2026-02-18,ST030,MED027,11,11,0,0,12,64
2026-02-18,ST030,MED028,10,10,0,48,0,38
2026-02-18,ST030,MED029,10,10,0,24,0,56
2026-02-18,ST030,MED030,9,9,0,0,6,25
2026-02-18,ST031,MED001,11,11,0,0,24,52
2026-02-18,ST031,MED002,7,7,0,18,6,56
2026-02-18,ST031,MED003,9,6,3,0,24,0
2026-02-18,ST031,MED004,9,9,0,0,0,49
2026-02-18,ST031,MED005,12,12,0,0,12,49
2026-02-18,ST031,MED006,9,9,0,0,12,22
2026-02-18,ST031,MED007,3,3,0,24,0,41
2026-02-18,ST031,MED008,3,3,0,12,0,29
2026-02-18,ST031,MED009,9,9,0,24,12,57
2026-02-18,ST031,MED010,1,1,0,24,0,27
2026-02-18,ST031,MED011,14,14,0,12,18,44
2026-02-18,ST031,MED012,14,14,0,0,12,31
2026-02-18,ST031,MED013,6,6,0,0,0,11
2026-02-18,ST031,MED014,4,4,0,0,0,36
2026-02-18,ST031,MED015,12,12,0,0,0,47
2026-02-18,ST031,MED016,5,5,0,0,0,46
2026-02-18,ST031,MED017,9,9,0,60,12,56
2026-02-18,ST031,MED018,5,5,0,0,24,4
2026-02-18,ST031,MED019,4,4,0,24,0,39
2026-02-18,ST031,MED020,12,12,0,0,24,4
2026-02-18,ST031,MED021,5,0,5,0,0,0
2026-02-18,ST031,MED022,9,9,0,0,12,17
2026-02-18,ST031,MED023,14,14,0,24,24,73
2026-02-18,ST031,MED024,12,12,0,12,12,23
2026-02-18,ST031,MED025,11,11,0,12,12,15
2026-02-18,ST031,MED026,10,1,9,0,0,0
2026-02-18,ST031,MED027,10,10,0,0,12,32
2026-02-18,ST031,MED028,2,2,0,0,0,55
2026-02-18,ST031,MED029,9,9,0,24,0,40
2026-02-18,ST031,MED030,5,5,0,18,0,30
2026-02-18,ST032,MED001,13,13,0,0,24,42
2026-02-18,ST032,MED002,12,9,3,0,12,0
2026-02-18,ST032,MED003,1,1,0,0,0,15
2026-02-18,ST032,MED004,7,7,0,0,12,28
2026-02-18,ST032,MED005,14,14,0,0,24,10
2026-02-18,ST032,MED006,10,0,10,0,0,0
2026-02-18,ST032,MED007,11,11,0,0,24,24
2026-02-18,ST032,MED008,1,1,0,0,0,13
2026-02-18,ST032,MED009,9,9,0,0,12,51
2026-02-18,ST032,MED010,3,0,3,0,0,0
2026-02-18,ST032,MED011,12,12,0,0,12,56
2026-02-18,ST032,MED012,7,7,0,48,0,56
2026-02-18,ST032,MED013,10,10,0,0,12,4
2026-02-18,ST032,MED014,1,1,0,48,0,47
2026-02-18,ST032,MED015,12,12,0,0,24,75
2026-02-18,ST032,MED016,8,8,0,0,24,32
2026-02-18,ST032,MED017,11,11,0,0,12,59
2026-02-18,ST032,MED018,4,0,4,0,0,0
2026-02-18,ST032,MED019,1,1,0,0,0,15
2026-02-18,ST032,MED020,11,11,0,48,24,43
2026-02-18,ST032,MED021,12,12,0,30,18,53
2026-02-18,ST032,MED022,8,8,0,0,12,8
2026-02-18,ST032,MED023,9,9,0,0,12,48
2026-02-18,ST032,MED024,12,12,0,36,12,74
2026-02-18,ST032,MED025,10,10,0,36,12,32
2026-02-18,ST032,MED026,10,0,10,0,0,0
2026-02-18,ST032,MED027,8,8,0,36,0,55
2026-02-18,ST032,MED028,6,6,0,0,0,52
2026-02-18,ST032,MED029,10,10,0,48,0,67
2026-02-18,ST032,MED030,8,8,0,0,6,25
2026-02-18,ST033,MED001,12,12,0,0,24,71
2026-02-18,ST033,MED002,11,11,0,30,12,77
2026-02-18,ST033,MED003,8,8,0,24,0,16
2026-02-18,ST033,MED004,8,8,0,48,0,40
2026-02-18,ST033,MED005,12,12,0,12,12,25
2026-02-18,ST033,MED006,10,6,4,0,0,0
2026-02-18,ST033,MED007,6,6,0,0,24,4
2026-02-18,ST033,MED008,4,4,0,0,0,0
2026-02-18,ST033,MED009,11,11,0,0,12,18
2026-02-18,ST033,MED010,5,5,0,24,12,34
2026-02-18,ST033,MED011,13,13,0,18,12,65
2026-02-18,ST033,MED012,9,9,0,12,12,38
2026-02-18,ST033,MED013,7,7,0,0,0,14
2026-02-18,ST033,MED014,3,3,0,0,0,0
2026-02-18,ST033,MED015,15,15,0,120,0,105
2026-02-18,ST033,MED016,6,6,0,24,0,18
2026-02-18,ST033,MED017,14,4,10,0,0,0
2026-02-18,ST033,MED018,7,7,0,0,24,51
2026-02-18,ST033,MED019,2,2,0,24,24,27
2026-02-18,ST033,MED020,7,7,0,48,0,56
2026-02-18,ST033,MED021,7,7,0,60,0,53
2026-02-18,ST033,MED022,7,7,0,48,6,45
2026-02-18,ST033,MED023,13,13,0,0,12,26
2026-02-18,ST033,MED024,9,9,0,72,0,80
2026-02-18,ST033,MED025,10,10,0,0,12,28
2026-02-18,ST033,MED026,14,14,0,0,24,0
2026-02-18,ST033,MED027,9,9,0,0,12,6
2026-02-18,ST033,MED028,5,0,5,0,0,0
2026-02-18,ST033,MED029,9,9,0,0,0,65
2026-02-18,ST033,MED030,5,4,1,0,6,0
2026-02-18,ST034,MED001,11,11,0,0,24,46
2026-02-18,ST034,MED002,15,15,0,0,12,64
2026-02-18,ST034,MED003,6,1,5,0,0,0
2026-02-18,ST034,MED004,9,9,0,72,12,74
2026-02-18,ST034,MED005,9,9,0,0,12,22
2026-02-18,ST034,MED006,10,10,0,12,12,51
2026-02-18,ST034,MED007,1,1,0,24,0,44
2026-02-18,ST034,MED008,4,4,0,12,0,16
2026-02-18,ST034,MED009,13,13,0,84,12,72
2026-02-18,ST034,MED010,4,4,0,0,0,20
2026-02-18,ST034,MED011,16,14,2,0,12,0
2026-02-18,ST034,MED012,12,12,0,72,12,60
2026-02-18,ST034,MED013,15,15,0,0,12,37
2026-02-18,ST034,MED014,7,7,0,24,0,58
2026-02-18,ST034,MED015,16,16,0,0,24,27
2026-02-18,ST034,MED016,11,11,0,0,0,27
2026-02-18,ST034,MED017,11,11,0,0,12,16
2026-02-18,ST034,MED018,7,7,0,0,24,10
2026-02-18,ST034,MED019,6,6,0,24,0,40
2026-02-18,ST034,MED020,9,9,0,0,0,55
2026-02-18,ST034,MED021,11,11,0,12,12,59
2026-02-18,ST034,MED022,9,9,0,6,6,38
2026-02-18,ST034,MED023,15,15,0,72,12,82
2026-02-18,ST034,MED024,16,16,0,12,24,84
2026-02-18,ST034,MED025,14,14,0,0,12,14
2026-02-18,ST034,MED026,16,16,0,0,24,26
2026-02-18,ST034,MED027,15,15,0,0,12,19
2026-02-18,ST034,MED028,8,8,0,24,0,16
2026-02-18,ST034,MED029,14,14,0,0,24,30
2026-02-18,ST034,MED030,5,5,0,24,0,43
2026-02-18,ST035,MED001,9,9,0,24,0,83
2026-02-18,ST035,MED002,7,7,0,0,0,74
2026-02-18,ST035,MED003,3,3,0,0,0,21
2026-02-18,ST035,MED004,9,9,0,0,0,26
2026-02-18,ST035,MED005,7,7,0,0,12,15
2026-02-18,ST035,MED006,5,5,0,0,0,66
2026-02-18,ST035,MED007,4,4,0,0,0,26
2026-02-18,ST035,MED008,3,3,0,24,0,21
2026-02-18,ST035,MED009,6,6,0,0,0,22
2026-02-18,ST035,MED010,5,5,0,0,0,17
2026-02-18,ST035,MED011,14,14,0,0,18,37
2026-02-18,ST035,MED012,12,12,0,12,12,57
2026-02-18,ST035,MED013,4,4,0,0,0,42
2026-02-18,ST035,MED014,3,0,3,0,0,0
2026-02-18,ST035,MED015,8,8,0,0,0,31
2026-02-18,ST035,MED016,6,6,0,0,24,16
2026-02-18,ST035,MED017,7,7,0,0,12,24
2026-02-18,ST035,MED018,4,4,0,0,0,20
2026-02-18,ST035,MED019,1,1,0,0,0,20
2026-02-18,ST035,MED020,6,6,0,0,0,41
2026-02-18,ST035,MED021,10,10,0,0,6,3
2026-02-18,ST035,MED022,5,5,0,0,6,33
2026-02-18,ST035,MED023,13,13,0,0,24,48
2026-02-18,ST035,MED024,7,7,0,0,12,18
2026-02-18,ST035,MED025,6,6,0,0,12,34
2026-02-18,ST035,MED026,9,9,0,0,24,8
2026-02-18,ST035,MED027,7,7,0,0,12,56
2026-02-18,ST035,MED028,4,4,0,0,0,8
2026-02-18,ST035,MED029,10,10,0,0,0,62
2026-02-18,ST035,MED030,2,2,0,6,0,23
2026-02-18,ST036,MED001,12,12,0,0,0,62
2026-02-18,ST036,MED002,9,9,0,0,12,9
2026-02-18,ST036,MED003,0,0,0,24,0,35
2026-02-18,ST036,MED004,7,7,0,0,12,26
2026-02-18,ST036,MED005,10,10,0,0,12,66
2026-02-18,ST036,MED006,10,10,0,12,12,43
2026-02-18,ST036,MED007,1,1,0,0,0,18
2026-02-18,ST036,MED008,5,5,0,0,12,15
2026-02-18,ST036,MED009,13,13,0,0,24,38
2026-02-18,ST036,MED010,0,0,0,0,0,21
2026-02-18,ST036,MED011,10,10,0,0,12,8
2026-02-18,ST036,MED012,5,5,0,12,0,52
2026-02-18,ST036,MED013,7,7,0,24,0,35
2026-02-18,ST036,MED014,3,3,0,0,0,46
2026-02-18,ST036,MED015,11,11,0,0,24,19
2026-02-18,ST036,MED016,7,7,0,0,24,47
2026-02-18,ST036,MED017,11,11,0,0,12,56
2026-02-18,ST036,MED018,7,7,0,0,0,44
2026-02-18,ST036,MED019,2,2,0,0,24,22
2026-02-18,ST036,MED020,5,5,0,0,0,21
2026-02-18,ST036,MED021,7,7,0,0,6,49
2026-02-18,ST036,MED022,10,10,0,0,6,23
2026-02-18,ST036,MED023,8,8,0,0,12,64
2026-02-18,ST036,MED024,9,9,0,0,12,52
2026-02-18,ST036,MED025,5,5,0,0,12,31
2026-02-18,ST036,MED026,9,9,0,0,24,57
2026-02-18,ST036,MED027,13,13,0,0,12,71
2026-02-18,ST036,MED028,7,1,6,0,0,0
2026-02-18,ST036,MED029,5,5,0,0,0,62
2026-02-18,ST036,MED030,5,5,0,0,0,31
2026-02-18,ST037,MED001,10,10,0,0,0,54
2026-02-18,ST037,MED002,17,17,0,0,24,9
2026-02-18,ST037,MED003,1,1,0,0,0,47
2026-02-18,ST037,MED004,7,7,0,0,12,49
2026-02-18,ST037,MED005,8,8,0,0,12,49
2026-02-18,ST037,MED006,9,9,0,0,12,50
2026-02-18,ST037,MED007,0,0,0,24,0,24
2026-02-18,ST037,MED008,4,4,0,0,12,21
2026-02-18,ST037,MED009,8,8,0,0,0,42
2026-02-18,ST037,MED010,0,0,0,0,0,31
2026-02-18,ST037,MED011,14,14,0,42,12,48
2026-02-18,ST037,MED012,11,11,0,0,12,8
2026-02-18,ST037,MED013,8,5,3,0,12,0
2026-02-18,ST037,MED014,3,3,0,0,0,42
2026-02-18,ST037,MED015,7,7,0,0,24,27
2026-02-18,ST037,MED016,6,6,0,0,0,36
2026-02-18,ST037,MED017,11,11,0,12,12,38
2026-02-18,ST037,MED018,8,8,0,0,0,28
2026-02-18,ST037,MED019,0,0,0,24,0,44
2026-02-18,ST037,MED020,7,7,0,48,0,41
2026-02-18,ST037,MED021,7,7,0,0,6,44
2026-02-18,ST037,MED022,5,5,0,6,6,42
2026-02-18,ST037,MED023,14,14,0,12,12,29
2026-02-18,ST037,MED024,11,11,0,0,12,56
2026-02-18,ST037,MED025,2,2,0,0,0,2
2026-02-18,ST037,MED026,8,8,0,72,0,64
2026-02-18,ST037,MED027,12,12,0,0,12,13
2026-02-18,ST037,MED028,4,4,0,0,0,21
2026-02-18,ST037,MED029,8,8,0,24,24,54
2026-02-18,ST037,MED030,1,1,0,36,0,35
2026-02-18,ST038,MED001,15,15,0,0,24,19
2026-02-18,ST038,MED002,12,12,0,66,12,54
2026-02-18,ST038,MED003,4,4,0,0,0,27
2026-02-18,ST038,MED004,6,6,0,0,0,52
2026-02-18,ST038,MED005,13,13,0,12,12,70
2026-02-18,ST038,MED006,10,10,0,0,12,38
2026-02-18,ST038,MED007,6,6,0,24,0,18
2026-02-18,ST038,MED008,3,3,0,0,0,20
2026-02-18,ST038,MED009,9,9,0,0,0,67
2026-02-18,ST038,MED010,4,4,0,0,12,8
2026-02-18,ST038,MED011,11,11,0,12,12,4
2026-02-18,ST038,MED012,8,8,0,0,12,22
2026-02-18,ST038,MED013,6,6,0,0,12,37
2026-02-18,ST038,MED014,3,0,3,0,0,0
2026-02-18,ST038,MED015,10,10,0,0,0,26
2026-02-18,ST038,MED016,4,4,0,0,0,31
2026-02-18,ST038,MED017,12,12,0,48,12,55
2026-02-18,ST038,MED018,7,7,0,0,0,36
2026-02-18,ST038,MED019,2,2,0,0,0,33
2026-02-18,ST038,MED020,13,13,0,48,0,35
2026-02-18,ST038,MED021,11,1,10,0,0,0
2026-02-18,ST038,MED022,12,12,0,12,12,47
2026-02-18,ST038,MED023,13,1,12,0,0,0
2026-02-18,ST038,MED024,15,15,0,12,12,65
2026-02-18,ST038,MED025,7,7,0,36,0,45
2026-02-18,ST038,MED026,12,12,0,96,24,84
2026-02-18,ST038,MED027,24,22,2,12,36,0
2026-02-18,ST038,MED028,4,4,0,0,0,1
2026-02-18,ST038,MED029,10,0,10,0,0,0
2026-02-18,ST038,MED030,4,4,0,0,6,22
2026-02-18,ST039,MED001,18,18,0,0,24,68
2026-02-18,ST039,MED002,14,14,0,12,12,36
2026-02-18,ST039,MED003,3,3,0,0,0,2
2026-02-18,ST039,MED004,10,10,0,0,12,26
2026-02-18,ST039,MED005,11,1,10,0,0,0
2026-02-18,ST039,MED006,11,0,11,0,0,0
2026-02-18,ST039,MED007,3,3,0,0,0,13
2026-02-18,ST039,MED008,7,7,0,0,12,17
2026-02-18,ST039,MED009,8,8,0,12,12,57
2026-02-18,ST039,MED010,8,2,6,0,0,0
2026-02-18,ST039,MED011,13,13,0,0,12,56
2026-02-18,ST039,MED012,10,10,0,0,12,36
2026-02-18,ST039,MED013,10,10,0,36,12,31
2026-02-18,ST039,MED014,7,7,0,48,24,47
2026-02-18,ST039,MED015,8,8,0,72,0,64
2026-02-18,ST039,MED016,10,10,0,0,0,46
2026-02-18,ST039,MED017,11,2,9,0,0,0
2026-02-18,ST039,MED018,9,9,0,0,24,45
2026-02-18,ST039,MED019,4,4,0,0,0,32
2026-02-18,ST039,MED020,10,10,0,0,24,8
2026-02-18,ST039,MED021,6,6,0,0,6,31
2026-02-18,ST039,MED022,7,7,0,0,12,19
2026-02-18,ST039,MED023,13,13,0,0,12,9
2026-02-18,ST039,MED024,12,12,0,48,12,68
2026-02-18,ST039,MED025,8,3,5,0,0,0
2026-02-18,ST039,MED026,11,11,0,24,24,61
2026-02-18,ST039,MED027,14,14,0,0,12,22
2026-02-18,ST039,MED028,3,3,0,0,0,28
2026-02-18,ST039,MED029,12,6,6,0,24,0
2026-02-18,ST039,MED030,5,5,0,30,6,25
2026-02-18,ST040,MED001,8,8,0,0,24,22
2026-02-18,ST040,MED002,12,12,0,0,12,37
2026-02-18,ST040,MED003,3,3,0,0,0,3
2026-02-18,ST040,MED004,8,8,0,60,12,52
2026-02-18,ST040,MED005,13,13,0,0,12,35
2026-02-18,ST040,MED006,12,12,0,24,12,70
2026-02-18,ST040,MED007,1,1,0,0,0,28
2026-02-18,ST040,MED008,8,8,0,0,12,11
2026-02-18,ST040,MED009,8,8,0,12,0,81
2026-02-18,ST040,MED010,2,2,0,0,0,20
2026-02-18,ST040,MED011,13,13,0,0,12,3
2026-02-18,ST040,MED012,16,16,0,0,24,54
2026-02-18,ST040,MED013,11,11,0,0,12,18
2026-02-18,ST040,MED014,10,10,0,24,0,38
2026-02-18,ST040,MED015,14,14,0,0,0,32
2026-02-18,ST040,MED016,7,7,0,0,0,15
2026-02-18,ST040,MED017,17,17,0,0,24,57
2026-02-18,ST040,MED018,10,10,0,24,0,32
2026-02-18,ST040,MED019,2,2,0,0,0,37
2026-02-18,ST040,MED020,10,10,0,24,24,32
2026-02-18,ST040,MED021,14,0,14,0,0,0
2026-02-18,ST040,MED022,6,6,0,0,0,46
2026-02-18,ST040,MED023,14,14,0,12,12,72
2026-02-18,ST040,MED024,14,14,0,0,12,6
2026-02-18,ST040,MED025,4,4,0,36,0,39
2026-02-18,ST040,MED026,15,4,11,0,24,0
2026-02-18,ST040,MED027,15,0,15,0,0,0
2026-02-18,ST040,MED028,7,7,0,48,0,41
2026-02-18,ST040,MED029,12,12,0,48,24,58
2026-02-18,ST040,MED030,2,2,0,0,0,11
2026-02-19,ST001,MED001,7,7,0,24,0,45
2026-02-19,ST001,MED002,10,10,0,12,12,38
2026-02-19,ST001,MED003,1,1,0,48,0,47
2026-02-19,ST001,MED004,6,6,0,0,0,16
2026-02-19,ST001,MED005,12,12,0,0,24,37
2026-02-19,ST001,MED006,11,11,0,12,12,29
2026-02-19,ST001,MED007,4,4,0,0,0,7
2026-02-19,ST001,MED008,5,5,0,0,0,7
2026-02-19,ST001,MED009,8,0,8,0,0,0
2026-02-19,ST001,MED010,2,2,0,0,0,11
2026-02-19,ST001,MED011,13,13,0,0,18,44
2026-02-19,ST001,MED012,9,9,0,0,12,46
2026-02-19,ST001,MED013,2,2,0,0,0,39
2026-02-19,ST001,MED014,7,7,0,0,0,43
2026-02-19,ST001,MED015,9,9,0,0,0,6
2026-02-19,ST001,MED016,4,4,0,0,0,22
2026-02-19,ST001,MED017,10,10,0,0,12,64
2026-02-19,ST001,MED018,4,4,0,0,24,35
2026-02-19,ST001,MED019,4,0,4,0,0,0
2026-02-19,ST001,MED020,2,2,0,0,0,34
2026-02-19,ST001,MED021,9,9,0,0,12,8
2026-02-19,ST001,MED022,8,8,0,12,12,34
2026-02-19,ST001,MED023,11,11,0,0,12,38
2026-02-19,ST001,MED024,8,8,0,36,0,40
2026-02-19,ST001,MED025,4,4,0,0,0,38
2026-02-19,ST001,MED026,14,14,0,0,24,19
2026-02-19,ST001,MED027,10,10,0,0,0,39
2026-02-19,ST001,MED028,7,7,0,24,24,42
2026-02-19,ST001,MED029,7,7,0,0,0,37
2026-02-19,ST001,MED030,7,7,0,18,6,11
2026-02-19,ST002,MED001,12,12,0,24,24,75
2026-02-19,ST002,MED002,10,10,0,30,12,42
2026-02-19,ST002,MED003,1,1,0,0,0,32
2026-02-19,ST002,MED004,10,10,0,0,12,38
2026-02-19,ST002,MED005,14,14,0,60,12,51
2026-02-19,ST002,MED006,11,11,0,60,12,49
2026-02-19,ST002,MED007,3,3,0,0,0,8
2026-02-19,ST002,MED008,3,3,0,12,12,23
2026-02-19,ST002,MED009,8,8,0,0,12,34
2026-02-19,ST002,MED010,2,2,0,0,0,26
2026-02-19,ST002,MED011,7,7,0,72,12,65
2026-02-19,ST002,MED012,8,8,0,0,0,25
2026-02-19,ST002,MED013,7,7,0,0,12,30
2026-02-19,ST002,MED014,4,4,0,0,0,42
2026-02-19,ST002,MED015,10,10,0,0,0,73
2026-02-19,ST002,MED016,5,5,0,24,0,43
2026-02-19,ST002,MED017,6,6,0,12,0,58
2026-02-19,ST002,MED018,5,5,0,0,24,13
2026-02-19,ST002,MED019,3,0,3,0,0,0
2026-02-19,ST002,MED020,8,8,0,0,0,29
2026-02-19,ST002,MED021,11,11,0,6,12,28
2026-02-19,ST002,MED022,6,6,0,0,6,27
2026-02-19,ST002,MED023,13,13,0,12,12,49
2026-02-19,ST002,MED024,11,11,0,48,12,63
2026-02-19,ST002,MED025,8,8,0,0,12,23
2026-02-19,ST002,MED026,8,8,0,0,24,54
2026-02-19,ST002,MED027,15,15,0,0,24,36
2026-02-19,ST002,MED028,8,8,0,0,0,40
2026-02-19,ST002,MED029,10,10,0,0,24,13
2026-02-19,ST002,MED030,4,4,0,6,6,24
2026-02-19,ST003,MED001,22,22,0,24,24,41
2026-02-19,ST003,MED002,10,10,0,12,12,42
2026-02-19,ST003,MED003,5,5,0,24,24,21
2026-02-19,ST003,MED004,8,8,0,0,12,15
2026-02-19,ST003,MED005,14,14,0,60,24,70
2026-02-19,ST003,MED006,8,8,0,48,12,41
2026-02-19,ST003,MED007,3,3,0,0,0,18
2026-02-19,ST003,MED008,7,7,0,0,12,20
2026-02-19,ST003,MED009,8,8,0,0,0,8
2026-02-19,ST003,MED010,1,1,0,36,0,35
2026-02-19,ST003,MED011,10,10,0,42,6,54
2026-02-19,ST003,MED012,10,10,0,12,12,57
2026-02-19,ST003,MED013,8,8,0,0,12,36
2026-02-19,ST003,MED014,9,9,0,0,0,19
2026-02-19,ST003,MED015,9,9,0,0,0,69
2026-02-19,ST003,MED016,6,6,0,0,0,44
2026-02-19,ST003,MED017,12,12,0,48,12,37
2026-02-19,ST003,MED018,9,9,0,0,24,25
2026-02-19,ST003,MED019,6,6,0,24,24,21
2026-02-19,ST003,MED020,4,4,0,24,0,55
2026-02-19,ST003,MED021,13,13,0,0,12,33
2026-02-19,ST003,MED022,9,9,0,30,6,32
2026-02-19,ST003,MED023,11,11,0,12,12,55
2026-02-19,ST003,MED024,14,14,0,0,12,49
2026-02-19,ST003,MED025,3,3,0,60,0,57
2026-02-19,ST003,MED026,8,8,0,24,0,77
2026-02-19,ST003,MED027,14,14,0,12,12,57
2026-02-19,ST003,MED028,11,11,0,0,24,30
2026-02-19,ST003,MED029,2,2,0,0,0,52
2026-02-19,ST003,MED030,7,7,0,0,6,24
2026-02-19,ST004,MED001,11,11,0,0,0,63
2026-02-19,ST004,MED002,12,12,0,54,12,52
2026-02-19,ST004,MED003,5,5,0,0,0,32
2026-02-19,ST004,MED004,9,9,0,0,12,36
2026-02-19,ST004,MED005,10,10,0,60,12,50
2026-02-19,ST004,MED006,8,8,0,36,12,54
2026-02-19,ST004,MED007,2,2,0,0,0,1
2026-02-19,ST004,MED008,1,1,0,36,0,35
2026-02-19,ST004,MED009,12,12,0,12,12,84
2026-02-19,ST004,MED010,1,1,0,0,0,20
2026-02-19,ST004,MED011,18,18,0,66,24,48
2026-02-19,ST004,MED012,10,10,0,24,0,61
2026-02-19,ST004,MED013,5,5,0,12,0,57
2026-02-19,ST004,MED014,3,3,0,0,0,16
2026-02-19,ST004,MED015,21,21,0,0,24,19
2026-02-19,ST004,MED016,11,11,0,0,24,23
2026-02-19,ST004,MED017,11,6,5,0,0,0
2026-02-19,ST004,MED018,4,4,0,48,0,51
2026-02-19,ST004,MED019,6,6,0,24,0,18
2026-02-19,ST004,MED020,6,6,0,24,0,34
2026-02-19,ST004,MED021,11,11,0,6,12,58
2026-02-19,ST004,MED022,9,9,0,6,6,35
2026-02-19,ST004,MED023,25,2,23,0,12,0
2026-02-19,ST004,MED024,10,10,0,12,12,77
2026-02-19,ST004,MED025,5,5,0,0,0,29
2026-02-19,ST004,MED026,15,15,0,0,24,30
2026-02-19,ST004,MED027,7,7,0,72,0,65
2026-02-19,ST004,MED028,9,9,0,48,0,59
2026-02-19,ST004,MED029,10,10,0,0,0,63
2026-02-19,ST004,MED030,7,7,0,0,6,28
2026-02-19,ST005,MED001,10,10,0,24,0,83
2026-02-19,ST005,MED002,14,14,0,66,12,63
2026-02-19,ST005,MED003,2,2,0,0,0,18
2026-02-19,ST005,MED004,10,10,0,84,12,74
2026-02-19,ST005,MED005,15,15,0,12,12,59
2026-02-19,ST005,MED006,15,15,0,60,24,51
2026-02-19,ST005,MED007,6,3,3,0,24,0
2026-02-19,ST005,MED008,1,1,0,0,0,29
2026-02-19,ST005,MED009,15,15,0,60,12,58
2026-02-19,ST005,MED010,3,3,0,0,0,41
2026-02-19,ST005,MED011,16,16,0,30,18,48
2026-02-19,ST005,MED012,15,15,0,12,24,50
2026-02-19,ST005,MED013,9,9,0,0,12,50
2026-02-19,ST005,MED014,6,6,0,24,24,41
2026-02-19,ST005,MED015,16,16,0,144,0,128
2026-02-19,ST005,MED016,10,10,0,0,0,47
2026-02-19,ST005,MED017,14,14,0,12,12,67
2026-02-19,ST005,MED018,9,9,0,0,0,32
2026-02-19,ST005,MED019,4,4,0,0,0,34
2026-02-19,ST005,MED020,10,10,0,48,24,38
2026-02-19,ST005,MED021,11,11,0,30,12,48
2026-02-19,ST005,MED022,6,6,0,24,6,50
2026-02-19,ST005,MED023,14,14,0,60,12,50
2026-02-19,ST005,MED024,15,15,0,24,24,33
2026-02-19,ST005,MED025,4,4,0,0,0,37
2026-02-19,ST005,MED026,12,12,0,0,24,29
2026-02-19,ST005,MED027,13,13,0,12,12,18
2026-02-19,ST005,MED028,7,7,0,0,0,47
2026-02-19,ST005,MED029,10,10,0,24,0,54
2026-02-19,ST005,MED030,7,7,0,24,6,38
2026-02-19,ST006,MED001,10,10,0,48,0,72
2026-02-19,ST006,MED002,15,15,0,0,18,61
2026-02-19,ST006,MED003,6,0,6,0,0,0
2026-02-19,ST006,MED004,14,14,0,0,12,4
2026-02-19,ST006,MED005,16,16,0,0,24,51
2026-02-19,ST006,MED006,11,11,0,12,12,62
2026-02-19,ST006,MED007,9,9,0,0,24,13
2026-02-19,ST006,MED008,4,4,0,36,12,32
2026-02-19,ST006,MED009,12,12,0,12,0,8
2026-02-19,ST006,MED010,3,3,0,0,0,28
2026-02-19,ST006,MED011,12,12,0,0,12,61
2026-02-19,ST006,MED012,14,14,0,24,12,65
2026-02-19,ST006,MED013,11,7,4,0,0,0
2026-02-19,ST006,MED014,10,10,0,0,0,36
2026-02-19,ST006,MED015,16,16,0,0,0,84
2026-02-19,ST006,MED016,6,6,0,0,0,33
2026-02-19,ST006,MED017,16,16,0,60,12,57
2026-02-19,ST006,MED018,6,6,0,0,0,46
2026-02-19,ST006,MED019,2,2,0,24,24,28
2026-02-19,ST006,MED020,9,9,0,0,0,38
2026-02-19,ST006,MED021,15,15,0,18,12,3
2026-02-19,ST006,MED022,12,12,0,0,12,46
2026-02-19,ST006,MED023,11,11,0,0,12,1
2026-02-19,ST006,MED024,16,16,0,0,12,54
2026-02-19,ST006,MED025,8,0,8,0,0,0
2026-02-19,ST006,MED026,11,11,0,0,24,84
2026-02-19,ST006,MED027,17,17,0,120,24,103
2026-02-19,ST006,MED028,6,6,0,0,24,34
2026-02-19,ST006,MED029,13,13,0,0,0,25
2026-02-19,ST006,MED030,6,6,0,0,6,26
2026-02-19,ST007,MED001,11,11,0,0,24,24
2026-02-19,ST007,MED002,8,8,0,0,6,35
2026-02-19,ST007,MED003,1,1,0,0,0,39
2026-02-19,ST007,MED004,3,3,0,0,0,39
2026-02-19,ST007,MED005,5,5,0,0,0,15
2026-02-19,ST007,MED006,10,10,0,0,12,33
2026-02-19,ST007,MED007,1,1,0,0,0,22
2026-02-19,ST007,MED008,7,7,0,0,12,7
2026-02-19,ST007,MED009,11,11,0,0,12,48
2026-02-19,ST007,MED010,1,1,0,0,0,28
2026-02-19,ST007,MED011,7,7,0,0,6,32
2026-02-19,ST007,MED012,6,6,0,12,12,44
2026-02-19,ST007,MED013,6,6,0,0,0,31
2026-02-19,ST007,MED014,4,4,0,0,0,34
2026-02-19,ST007,MED015,7,7,0,24,24,65
2026-02-19,ST007,MED016,7,7,0,0,0,46
2026-02-19,ST007,MED017,11,11,0,36,12,36
2026-02-19,ST007,MED018,7,7,0,0,0,45
2026-02-19,ST007,MED019,3,3,0,0,0,15
2026-02-19,ST007,MED020,5,5,0,0,0,45
2026-02-19,ST007,MED021,9,9,0,42,12,44
2026-02-19,ST007,MED022,5,5,0,0,6,39
2026-02-19,ST007,MED023,11,11,0,0,12,28
2026-02-19,ST007,MED024,8,8,0,0,12,44
2026-02-19,ST007,MED025,5,5,0,0,0,20
2026-02-19,ST007,MED026,6,6,0,0,0,62
2026-02-19,ST007,MED027,11,11,0,0,12,49
2026-02-19,ST007,MED028,7,7,0,24,0,50
2026-02-19,ST007,MED029,6,6,0,0,24,48
2026-02-19,ST007,MED030,3,3,0,0,0,15
2026-02-19,ST008,MED001,11,11,0,0,24,11
2026-02-19,ST008,MED002,7,7,0,0,6,57
2026-02-19,ST008,MED003,2,2,0,24,0,29
2026-02-19,ST008,MED004,5,5,0,12,0,17
2026-02-19,ST008,MED005,11,11,0,0,12,64
2026-02-19,ST008,MED006,8,8,0,0,12,40
2026-02-19,ST008,MED007,3,3,0,24,0,36
2026-02-19,ST008,MED008,6,0,6,0,0,0
2026-02-19,ST008,MED009,9,9,0,0,0,29
2026-02-19,ST008,MED010,4,4,0,0,0,29
2026-02-19,ST008,MED011,11,11,0,0,12,51
2026-02-19,ST008,MED012,7,7,0,36,0,38
2026-02-19,ST008,MED013,9,9,0,0,12,15
2026-02-19,ST008,MED014,3,3,0,0,0,28
2026-02-19,ST008,MED015,19,19,0,0,24,45
2026-02-19,ST008,MED016,5,5,0,0,24,49
2026-02-19,ST008,MED017,10,10,0,0,0,50
2026-02-19,ST008,MED018,0,0,0,24,0,54
2026-02-19,ST008,MED019,3,3,0,24,0,43
2026-02-19,ST008,MED020,5,5,0,0,0,42
2026-02-19,ST008,MED021,7,7,0,6,6,46
2026-02-19,ST008,MED022,6,6,0,18,6,19
2026-02-19,ST008,MED023,7,7,0,0,12,58
2026-02-19,ST008,MED024,10,10,0,0,12,65
2026-02-19,ST008,MED025,4,4,0,0,12,25
2026-02-19,ST008,MED026,3,3,0,0,0,38
2026-02-19,ST008,MED027,12,12,0,0,12,26
2026-02-19,ST008,MED028,4,4,0,0,0,23
2026-02-19,ST008,MED029,9,9,0,0,24,54
2026-02-19,ST008,MED030,7,3,4,0,6,0
2026-02-19,ST009,MED001,15,15,0,0,0,33
2026-02-19,ST009,MED002,11,11,0,6,12,52
2026-02-19,ST009,MED003,5,5,0,0,0,3
2026-02-19,ST009,MED004,8,8,0,24,12,48
2026-02-19,ST009,MED005,11,11,0,24,24,13
2026-02-19,ST009,MED006,11,11,0,0,12,43
2026-02-19,ST009,MED007,3,3,0,0,0,9
2026-02-19,ST009,MED008,5,5,0,0,0,6
2026-02-19,ST009,MED009,8,8,0,0,12,54
2026-02-19,ST009,MED010,3,3,0,12,0,9
2026-02-19,ST009,MED011,8,8,0,12,6,23
2026-02-19,ST009,MED012,16,16,0,12,24,36
2026-02-19,ST009,MED013,8,8,0,0,0,42
2026-02-19,ST009,MED014,6,6,0,48,0,47
2026-02-19,ST009,MED015,14,14,0,24,0,69
2026-02-19,ST009,MED016,8,8,0,24,0,38
2026-02-19,ST009,MED017,13,13,0,48,12,54
2026-02-19,ST009,MED018,5,5,0,0,0,18
2026-02-19,ST009,MED019,6,6,0,0,24,19
2026-02-19,ST009,MED020,11,11,0,48,24,37
2026-02-19,ST009,MED021,7,7,0,12,6,43
2026-02-19,ST009,MED022,8,8,0,6,12,22
2026-02-19,ST009,MED023,8,8,0,60,12,62
2026-02-19,ST009,MED024,13,13,0,0,12,49
2026-02-19,ST009,MED025,5,5,0,0,0,13
2026-02-19,ST009,MED026,10,10,0,48,0,62
2026-02-19,ST009,MED027,10,10,0,0,12,50
2026-02-19,ST009,MED028,3,3,0,0,0,39
2026-02-19,ST009,MED029,10,10,0,0,0,16
2026-02-19,ST009,MED030,9,9,0,0,12,9
2026-02-19,ST010,MED001,9,9,0,24,24,56
2026-02-19,ST010,MED002,13,13,0,0,12,35
2026-02-19,ST010,MED003,5,5,0,0,24,2
2026-02-19,ST010,MED004,9,9,0,24,12,32
2026-02-19,ST010,MED005,11,11,0,60,12,60
2026-02-19,ST010,MED006,8,8,0,12,12,53
2026-02-19,ST010,MED007,1,1,0,0,0,18
2026-02-19,ST010,MED008,3,3,0,0,12,4
2026-02-19,ST010,MED009,12,12,0,72,0,60
2026-02-19,ST010,MED010,2,2,0,0,0,18
2026-02-19,ST010,MED011,12,12,0,0,6,58
2026-02-19,ST010,MED012,10,10,0,12,12,64
2026-02-19,ST010,MED013,6,6,0,12,0,37
2026-02-19,ST010,MED014,6,6,0,24,0,49
2026-02-19,ST010,MED015,15,15,0,0,0,74
2026-02-19,ST010,MED016,9,9,0,0,24,19
2026-02-19,ST010,MED017,15,15,0,12,12,54
2026-02-19,ST010,MED018,9,9,0,24,24,38
2026-02-19,ST010,MED019,1,1,0,24,0,27
2026-02-19,ST010,MED020,9,9,0,0,24,12
2026-02-19,ST010,MED021,10,10,0,12,12,43
2026-02-19,ST010,MED022,8,8,0,24,12,36
2026-02-19,ST010,MED023,15,15,0,0,12,50
2026-02-19,ST010,MED024,11,11,0,0,0,43
2026-02-19,ST010,MED025,8,8,0,0,12,11
2026-02-19,ST010,MED026,13,13,0,72,24,59
2026-02-19,ST010,MED027,10,10,0,60,12,60
2026-02-19,ST010,MED028,4,3,1,0,0,0
2026-02-19,ST010,MED029,12,12,0,0,0,54
2026-02-19,ST010,MED030,4,4,0,0,6,34
2026-02-19,ST011,MED001,16,16,0,24,24,66
2026-02-19,ST011,MED002,13,13,0,54,18,54
2026-02-19,ST011,MED003,3,3,0,48,0,45
2026-02-19,ST011,MED004,9,9,0,0,12,40
2026-02-19,ST011,MED005,8,8,0,12,12,62
2026-02-19,ST011,MED006,11,11,0,12,12,51
2026-02-19,ST011,MED007,4,4,0,0,0,16
2026-02-19,ST011,MED008,2,2,0,24,0,43
2026-02-19,ST011,MED009,8,8,0,12,0,40
2026-02-19,ST011,MED010,8,8,0,0,12,18
2026-02-19,ST011,MED011,11,11,0,12,12,1
2026-02-19,ST011,MED012,14,14,0,0,12,44
2026-02-19,ST011,MED013,8,8,0,24,0,54
2026-02-19,ST011,MED014,4,4,0,0,0,24
2026-02-19,ST011,MED015,13,13,0,0,24,59
2026-02-19,ST011,MED016,5,5,0,0,0,30
2026-02-19,ST011,MED017,11,11,0,0,0,25
2026-02-19,ST011,MED018,12,12,0,0,24,21
2026-02-19,ST011,MED019,5,5,0,0,0,16
2026-02-19,ST011,MED020,8,8,0,0,24,5
2026-02-19,ST011,MED021,7,7,0,12,6,5
2026-02-19,ST011,MED022,6,6,0,42,6,36
2026-02-19,ST011,MED023,10,10,0,24,12,62
2026-02-19,ST011,MED024,13,13,0,0,12,45
2026-02-19,ST011,MED025,1,1,0,36,0,38
2026-02-19,ST011,MED026,13,13,0,48,24,86
2026-02-19,ST011,MED027,12,12,0,0,12,52
2026-02-19,ST011,MED028,10,10,0,48,24,47
2026-02-19,ST011,MED029,7,7,0,0,0,21
2026-02-19,ST011,MED030,6,6,0,0,6,23
2026-02-19,ST012,MED001,11,11,0,72,0,71
2026-02-19,ST012,MED002,10,10,0,12,6,27
2026-02-19,ST012,MED003,4,4,0,0,0,15
2026-02-19,ST012,MED004,11,11,0,12,12,51
2026-02-19,ST012,MED005,12,12,0,0,12,77
2026-02-19,ST012,MED006,18,18,0,72,24,54
2026-02-19,ST012,MED007,1,1,0,48,0,47
2026-02-19,ST012,MED008,4,4,0,24,12,28
2026-02-19,ST012,MED009,13,13,0,0,12,65
2026-02-19,ST012,MED010,4,4,0,24,0,39
2026-02-19,ST012,MED011,10,10,0,96,6,86
2026-02-19,ST012,MED012,11,11,0,0,12,20
2026-02-19,ST012,MED013,10,10,0,12,12,45
2026-02-19,ST012,MED014,6,6,0,0,0,40
2026-02-19,ST012,MED015,13,13,0,24,24,43
2026-02-19,ST012,MED016,7,7,0,24,0,47
2026-02-19,ST012,MED017,15,15,0,12,12,75
2026-02-19,ST012,MED018,7,7,0,48,0,47
2026-02-19,ST012,MED019,4,4,0,24,0,20
2026-02-19,ST012,MED020,5,5,0,48,0,43
2026-02-19,ST012,MED021,12,12,0,60,12,48
2026-02-19,ST012,MED022,9,9,0,6,12,33
2026-02-19,ST012,MED023,13,13,0,24,12,64
2026-02-19,ST012,MED024,15,0,15,0,0,0
2026-02-19,ST012,MED025,6,6,0,0,0,24
2026-02-19,ST012,MED026,12,12,0,0,0,16
2026-02-19,ST012,MED027,17,17,0,24,24,63
2026-02-19,ST012,MED028,6,6,0,0,0,38
2026-02-19,ST012,MED029,7,7,0,24,0,53
2026-02-19,ST012,MED030,7,7,0,0,6,25
2026-02-19,ST013,MED001,14,14,0,0,24,41
2026-02-19,ST013,MED002,17,17,0,12,18,63
2026-02-19,ST013,MED003,2,2,0,0,0,23
2026-02-19,ST013,MED004,10,10,0,36,12,76
2026-02-19,ST013,MED005,15,15,0,24,12,64
2026-02-19,ST013,MED006,13,13,0,0,12,14
2026-02-19,ST013,MED007,3,3,0,48,0,45
2026-02-19,ST013,MED008,3,3,0,24,0,24
2026-02-19,ST013,MED009,15,15,0,36,12,76
2026-02-19,ST013,MED010,3,0,3,0,0,0
2026-02-19,ST013,MED011,17,17,0,78,18,67
2026-02-19,ST013,MED012,16,0,16,0,0,0
2026-02-19,ST013,MED013,7,7,0,12,0,50
2026-02-19,ST013,MED014,8,8,0,24,0,16
2026-02-19,ST013,MED015,32,24,8,24,48,0
2026-02-19,ST013,MED016,12,12,0,0,24,41
2026-02-19,ST013,MED017,16,16,0,24,12,8
2026-02-19,ST013,MED018,17,17,0,24,24,48
2026-02-19,ST013,MED019,0,0,0,0,0,38
2026-02-19,ST013,MED020,10,10,0,0,0,60
2026-02-19,ST013,MED021,10,10,0,0,12,29
2026-02-19,ST013,MED022,9,9,0,54,12,49
2026-02-19,ST013,MED023,13,13,0,0,24,69
2026-02-19,ST013,MED024,17,0,17,0,0,0
2026-02-19,ST013,MED025,8,8,0,60,0,60
2026-02-19,ST013,MED026,14,14,0,24,24,65
2026-02-19,ST013,MED027,16,16,0,72,12,80
2026-02-19,ST013,MED028,5,5,0,0,0,43
2026-02-19,ST013,MED029,12,12,0,24,0,85
2026-02-19,ST013,MED030,8,8,0,30,6,34
2026-02-19,ST014,MED001,11,11,0,0,24,51
2026-02-19,ST014,MED002,10,10,0,0,6,37
2026-02-19,ST014,MED003,5,5,0,0,24,14
2026-02-19,ST014,MED004,11,11,0,48,12,37
2026-02-19,ST014,MED005,10,10,0,12,12,53
2026-02-19,ST014,MED006,10,10,0,0,12,13
2026-02-19,ST014,MED007,1,1,0,0,0,22
2026-02-19,ST014,MED008,2,2,0,0,0,29
2026-02-19,ST014,MED009,7,7,0,12,0,38
2026-02-19,ST014,MED010,2,2,0,12,0,32
2026-02-19,ST014,MED011,5,5,0,0,0,68
2026-02-19,ST014,MED012,4,4,0,0,0,56
2026-02-19,ST014,MED013,8,8,0,0,12,20
2026-02-19,ST014,MED014,2,2,0,0,0,30
2026-02-19,ST014,MED015,7,7,0,0,0,51
2026-02-19,ST014,MED016,4,4,0,24,0,35
2026-02-19,ST014,MED017,11,11,0,0,12,42
2026-02-19,ST014,MED018,7,7,0,0,24,33
2026-02-19,ST014,MED019,2,2,0,0,0,22
2026-02-19,ST014,MED020,5,5,0,0,24,38
2026-02-19,ST014,MED021,9,9,0,0,6,31
2026-02-19,ST014,MED022,1,1,0,0,0,33
2026-02-19,ST014,MED023,13,13,0,0,12,3
2026-02-19,ST014,MED024,8,8,0,0,0,64
2026-02-19,ST014,MED025,7,7,0,12,0,32
2026-02-19,ST014,MED026,12,12,0,72,24,60
2026-02-19,ST014,MED027,7,7,0,0,12,54
2026-02-19,ST014,MED028,4,4,0,0,0,45
2026-02-19,ST014,MED029,4,4,0,0,0,62
2026-02-19,ST014,MED030,5,5,0,6,0,25
2026-02-19,ST015,MED001,8,8,0,24,0,53
2026-02-19,ST015,MED002,14,14,0,12,18,37
2026-02-19,ST015,MED003,3,3,0,0,0,25
2026-02-19,ST015,MED004,7,7,0,0,0,45
2026-02-19,ST015,MED005,11,11,0,0,12,42
2026-02-19,ST015,MED006,7,7,0,12,0,45
2026-02-19,ST015,MED007,1,1,0,0,0,6
2026-02-19,ST015,MED008,4,4,0,0,0,12
2026-02-19,ST015,MED009,6,6,0,0,0,63
2026-02-19,ST015,MED010,3,3,0,12,0,19
2026-02-19,ST015,MED011,13,13,0,0,12,42
2026-02-19,ST015,MED012,9,9,0,0,12,57
2026-02-19,ST015,MED013,5,5,0,0,0,39
2026-02-19,ST015,MED014,4,4,0,24,0,46
2026-02-19,ST015,MED015,7,7,0,24,24,54
2026-02-19,ST015,MED016,10,10,0,0,0,6
2026-02-19,ST015,MED017,10,10,0,12,12,47
2026-02-19,ST015,MED018,9,9,0,0,24,35
2026-02-19,ST015,MED019,2,2,0,0,0,18
2026-02-19,ST015,MED020,10,10,0,0,0,33
2026-02-19,ST015,MED021,11,11,0,0,12,26
2026-02-19,ST015,MED022,7,7,0,0,6,31
2026-02-19,ST015,MED023,10,10,0,72,0,64
2026-02-19,ST015,MED024,12,12,0,12,12,19
2026-02-19,ST015,MED025,2,2,0,0,0,28
2026-02-19,ST015,MED026,7,7,0,0,0,49
2026-02-19,ST015,MED027,11,11,0,0,12,0
2026-02-19,ST015,MED028,3,3,0,24,0,42
2026-02-19,ST015,MED029,9,9,0,72,0,68
2026-02-19,ST015,MED030,5,5,0,12,6,22
2026-02-19,ST016,MED001,9,9,0,24,0,47
2026-02-19,ST016,MED002,8,8,0,6,6,54
2026-02-19,ST016,MED003,3,3,0,0,0,31
2026-02-19,ST016,MED004,5,5,0,0,12,30
2026-02-19,ST016,MED005,12,12,0,24,12,68
2026-02-19,ST016,MED006,8,8,0,12,12,66
2026-02-19,ST016,MED007,2,2,0,0,0,5
2026-02-19,ST016,MED008,6,6,0,0,12,19
2026-02-19,ST016,MED009,11,11,0,12,12,42
2026-02-19,ST016,MED010,6,6,0,12,12,26
2026-02-19,ST016,MED011,9,9,0,42,6,35
2026-02-19,ST016,MED012,10,10,0,0,12,52
2026-02-19,ST016,MED013,6,6,0,12,12,45
2026-02-19,ST016,MED014,7,7,0,0,0,0
2026-02-19,ST016,MED015,13,10,3,0,0,0
2026-02-19,ST016,MED016,9,9,0,0,24,46
2026-02-19,ST016,MED017,11,11,0,0,12,57
2026-02-19,ST016,MED018,9,9,0,0,0,9
2026-02-19,ST016,MED019,4,4,0,0,0,8
2026-02-19,ST016,MED020,5,5,0,0,0,2
2026-02-19,ST016,MED021,9,9,0,0,12,47
2026-02-19,ST016,MED022,8,8,0,0,12,29
2026-02-19,ST016,MED023,10,10,0,12,12,50
2026-02-19,ST016,MED024,12,12,0,24,12,69
2026-02-19,ST016,MED025,8,8,0,12,12,33
2026-02-19,ST016,MED026,12,12,0,48,0,64
2026-02-19,ST016,MED027,10,10,0,0,12,41
2026-02-19,ST016,MED028,10,10,0,24,0,49
2026-02-19,ST016,MED029,8,8,0,48,0,48
2026-02-19,ST016,MED030,6,6,0,24,6,26
2026-02-19,ST017,MED001,11,11,0,24,24,75
2026-02-19,ST017,MED002,8,8,0,0,6,49
2026-02-19,ST017,MED003,1,1,0,0,0,26
2026-02-19,ST017,MED004,11,11,0,12,24,32
2026-02-19,ST017,MED005,11,11,0,12,12,69
2026-02-19,ST017,MED006,11,11,0,12,12,62
2026-02-19,ST017,MED007,6,6,0,0,0,24
2026-02-19,ST017,MED008,5,5,0,0,0,21
2026-02-19,ST017,MED009,7,7,0,0,0,8
2026-02-19,ST017,MED010,4,4,0,0,0,31
2026-02-19,ST017,MED011,12,3,9,0,6,0
2026-02-19,ST017,MED012,11,11,0,0,12,43
2026-02-19,ST017,MED013,8,8,0,0,12,31
2026-02-19,ST017,MED014,9,9,0,48,24,39
2026-02-19,ST017,MED015,12,12,0,24,24,72
2026-02-19,ST017,MED016,7,7,0,0,0,34
2026-02-19,ST017,MED017,10,10,0,0,0,45
2026-02-19,ST017,MED018,8,8,0,0,0,25
2026-02-19,ST017,MED019,2,2,0,0,0,12
2026-02-19,ST017,MED020,7,7,0,0,0,41
2026-02-19,ST017,MED021,9,9,0,0,6,8
2026-02-19,ST017,MED022,9,9,0,6,6,27
2026-02-19,ST017,MED023,13,13,0,24,12,46
2026-02-19,ST017,MED024,12,12,0,0,12,61
2026-02-19,ST017,MED025,2,0,2,0,0,0
2026-02-19,ST017,MED026,11,11,0,0,24,7
2026-02-19,ST017,MED027,13,13,0,0,12,5
2026-02-19,ST017,MED028,5,0,5,0,0,0
2026-02-19,ST017,MED029,9,9,0,0,24,39
2026-02-19,ST017,MED030,9,9,0,6,12,9
2026-02-19,ST018,MED001,12,12,0,24,0,76
2026-02-19,ST018,MED002,14,14,0,0,18,61
2026-02-19,ST018,MED003,5,5,0,0,0,35
2026-02-19,ST018,MED004,10,10,0,0,12,46
2026-02-19,ST018,MED005,9,9,0,24,12,82
2026-02-19,ST018,MED006,8,8,0,0,0,61
2026-02-19,ST018,MED007,8,8,0,0,24,30
2026-02-19,ST018,MED008,3,3,0,0,0,22
2026-02-19,ST018,MED009,12,12,0,36,12,74
2026-02-19,ST018,MED010,1,1,0,0,0,30
2026-02-19,ST018,MED011,17,17,0,0,18,69
2026-02-19,ST018,MED012,9,9,0,0,0,33
2026-02-19,ST018,MED013,6,6,0,0,12,39
2026-02-19,ST018,MED014,4,4,0,24,0,62
2026-02-19,ST018,MED015,14,14,0,0,24,66
2026-02-19,ST018,MED016,8,8,0,48,0,40
2026-02-19,ST018,MED017,13,13,0,0,12,18
2026-02-19,ST018,MED018,5,5,0,0,24,48
2026-02-19,ST018,MED019,5,5,0,0,0,16
2026-02-19,ST018,MED020,5,5,0,0,0,33
2026-02-19,ST018,MED021,11,6,5,0,6,0
2026-02-19,ST018,MED022,5,5,0,18,6,45
2026-02-19,ST018,MED023,14,14,0,24,24,71
2026-02-19,ST018,MED024,16,16,0,24,12,63
2026-02-19,ST018,MED025,6,6,0,0,12,5
2026-02-19,ST018,MED026,12,12,0,0,0,54
2026-02-19,ST018,MED027,13,13,0,12,12,58
2026-02-19,ST018,MED028,7,0,7,0,0,0
2026-02-19,ST018,MED029,10,10,0,0,0,15
2026-02-19,ST018,MED030,6,6,0,0,0,31
2026-02-19,ST019,MED001,14,14,0,0,0,71
2026-02-19,ST019,MED002,12,12,0,0,12,52
2026-02-19,ST019,MED003,6,6,0,0,24,33
2026-02-19,ST019,MED004,11,11,0,0,12,44
2026-02-19,ST019,MED005,11,11,0,12,12,79
2026-02-19,ST019,MED006,12,12,0,60,12,48
2026-02-19,ST019,MED007,9,9,0,0,0,33
2026-02-19,ST019,MED008,4,4,0,12,0,21
2026-02-19,ST019,MED009,14,14,0,0,12,55
2026-02-19,ST019,MED010,1,1,0,0,0,11
2026-02-19,ST019,MED011,15,15,0,0,18,57
2026-02-19,ST019,MED012,12,12,0,24,12,50
2026-02-19,ST019,MED013,5,5,0,0,12,24
2026-02-19,ST019,MED014,3,3,0,48,0,45
2026-02-19,ST019,MED015,16,16,0,48,0,60
2026-02-19,ST019,MED016,7,7,0,0,0,39
2026-02-19,ST019,MED017,16,16,0,36,12,66
2026-02-19,ST019,MED018,6,6,0,0,0,58
2026-02-19,ST019,MED019,2,2,0,0,0,13
2026-02-19,ST019,MED020,10,10,0,0,0,0
2026-02-19,ST019,MED021,12,12,0,66,12,54
2026-02-19,ST019,MED022,5,5,0,72,0,67
2026-02-19,ST019,MED023,11,11,0,60,12,49
2026-02-19,ST019,MED024,12,12,0,0,12,84
2026-02-19,ST019,MED025,10,10,0,0,12,19
2026-02-19,ST019,MED026,13,13,0,0,0,79
2026-02-19,ST019,MED027,13,13,0,24,12,76
2026-02-19,ST019,MED028,8,8,0,0,0,19
2026-02-19,ST019,MED029,9,9,0,72,0,63
2026-02-19,ST019,MED030,6,6,0,42,6,36
2026-02-19,ST020,MED001,15,15,0,72,0,84
2026-02-19,ST020,MED002,16,16,0,0,18,42
2026-02-19,ST020,MED003,7,7,0,0,24,4
2026-02-19,ST020,MED004,8,8,0,24,12,46
2026-02-19,ST020,MED005,16,16,0,12,12,61
2026-02-19,ST020,MED006,11,0,11,0,0,0
2026-02-19,ST020,MED007,6,6,0,24,24,31
2026-02-19,ST020,MED008,4,4,0,0,0,32
2026-02-19,ST020,MED009,14,14,0,0,12,33
2026-02-19,ST020,MED010,4,4,0,24,12,25
2026-02-19,ST020,MED011,17,17,0,0,18,47
2026-02-19,ST020,MED012,10,10,0,12,12,22
2026-02-19,ST020,MED013,11,11,0,48,12,49
2026-02-19,ST020,MED014,6,6,0,72,0,66
2026-02-19,ST020,MED015,16,16,0,72,24,69
2026-02-19,ST020,MED016,7,7,0,0,0,51
2026-02-19,ST020,MED017,16,16,0,72,12,71
2026-02-19,ST020,MED018,7,7,0,0,0,34
2026-02-19,ST020,MED019,5,5,0,24,0,31
2026-02-19,ST020,MED020,10,10,0,0,0,47
2026-02-19,ST020,MED021,11,4,7,0,6,0
2026-02-19,ST020,MED022,11,6,5,6,6,0
2026-02-19,ST020,MED023,16,16,0,0,12,40
2026-02-19,ST020,MED024,17,17,0,0,12,78
2026-02-19,ST020,MED025,6,6,0,0,0,24
2026-02-19,ST020,MED026,13,13,0,0,24,54
2026-02-19,ST020,MED027,14,0,14,0,0,0
2026-02-19,ST020,MED028,6,6,0,48,0,44
2026-02-19,ST020,MED029,8,8,0,0,0,21
2026-02-19,ST020,MED030,6,6,0,12,6,42
2026-02-19,ST021,MED001,7,7,0,0,0,66
2026-02-19,ST021,MED002,10,10,0,0,6,45
2026-02-19,ST021,MED003,2,2,0,0,24,20
2026-02-19,ST021,MED004,2,2,0,0,0,55
2026-02-19,ST021,MED005,4,4,0,0,12,46
2026-02-19,ST021,MED006,8,8,0,12,12,41
2026-02-19,ST021,MED007,1,1,0,0,0,38
2026-02-19,ST021,MED008,2,2,0,0,0,14
2026-02-19,ST021,MED009,8,8,0,0,0,49
2026-02-19,ST021,MED010,7,7,0,12,12,32
2026-02-19,ST021,MED011,10,10,0,66,12,57
2026-02-19,ST021,MED012,9,9,0,0,12,31
2026-02-19,ST021,MED013,5,5,0,12,0,31
2026-02-19,ST021,MED014,2,2,0,24,0,49
2026-02-19,ST021,MED015,9,9,0,24,0,36
2026-02-19,ST021,MED016,6,6,0,0,0,39
2026-02-19,ST021,MED017,4,4,0,0,0,34
2026-02-19,ST021,MED018,3,3,0,0,0,43
2026-02-19,ST021,MED019,1,1,0,24,0,32
2026-02-19,ST021,MED020,7,7,0,0,24,10
2026-02-19,ST021,MED021,5,5,0,60,0,55
2026-02-19,ST021,MED022,3,3,0,42,6,39
2026-02-19,ST021,MED023,10,10,0,0,12,47
2026-02-19,ST021,MED024,7,7,0,12,12,42
2026-02-19,ST021,MED025,6,6,0,0,12,15
2026-02-19,ST021,MED026,8,8,0,0,24,57
2026-02-19,ST021,MED027,9,9,0,12,12,59
2026-02-19,ST021,MED028,7,7,0,0,24,28
2026-02-19,ST021,MED029,10,10,0,24,0,38
2026-02-19,ST021,MED030,6,6,0,12,6,10
2026-02-19,ST022,MED001,9,9,0,0,0,11
2026-02-19,ST022,MED002,8,8,0,0,6,48
2026-02-19,ST022,MED003,4,4,0,0,0,2
2026-02-19,ST022,MED004,7,7,0,12,0,44
2026-02-19,ST022,MED005,11,11,0,12,12,64
2026-02-19,ST022,MED006,9,9,0,12,12,20
2026-02-19,ST022,MED007,5,5,0,0,24,26
2026-02-19,ST022,MED008,2,2,0,12,0,22
2026-02-19,ST022,MED009,8,8,0,0,0,51
2026-02-19,ST022,MED010,8,8,0,12,12,10
2026-02-19,ST022,MED011,6,6,0,48,0,46
2026-02-19,ST022,MED012,7,7,0,0,0,52
2026-02-19,ST022,MED013,9,9,0,0,12,39
2026-02-19,ST022,MED014,1,1,0,0,0,48
2026-02-19,ST022,MED015,6,6,0,0,0,57
2026-02-19,ST022,MED016,6,6,0,0,0,6
2026-02-19,ST022,MED017,9,0,9,0,0,0
2026-02-19,ST022,MED018,9,9,0,0,0,19
2026-02-19,ST022,MED019,4,4,0,0,0,11
2026-02-19,ST022,MED020,6,6,0,24,0,51
2026-02-19,ST022,MED021,6,6,0,6,6,42
2026-02-19,ST022,MED022,3,3,0,24,0,34
2026-02-19,ST022,MED023,6,6,0,24,12,56
2026-02-19,ST022,MED024,11,11,0,0,12,59
2026-02-19,ST022,MED025,4,4,0,0,12,28
2026-02-19,ST022,MED026,10,10,0,0,0,33
2026-02-19,ST022,MED027,13,13,0,12,24,53
2026-02-19,ST022,MED028,6,6,0,0,24,30
2026-02-19,ST022,MED029,10,10,0,0,0,51
2026-02-19,ST022,MED030,3,3,0,0,0,21
2026-02-19,ST023,MED001,12,12,0,48,24,43
2026-02-19,ST023,MED002,10,10,0,0,12,27
2026-02-19,ST023,MED003,4,0,4,0,0,0
2026-02-19,ST023,MED004,8,8,0,0,0,30
2026-02-19,ST023,MED005,13,13,0,60,24,53
2026-02-19,ST023,MED006,9,9,0,0,0,58
2026-02-19,ST023,MED007,0,0,0,0,0,36
2026-02-19,ST023,MED008,3,3,0,0,0,20
2026-02-19,ST023,MED009,13,13,0,0,24,30
2026-02-19,ST023,MED010,2,2,0,0,0,14
2026-02-19,ST023,MED011,8,8,0,0,6,50
2026-02-19,ST023,MED012,10,10,0,0,12,5
2026-02-19,ST023,MED013,6,6,0,0,0,34
2026-02-19,ST023,MED014,8,8,0,0,24,40
2026-02-19,ST023,MED015,13,13,0,24,24,49
2026-02-19,ST023,MED016,6,6,0,0,0,23
2026-02-19,ST023,MED017,7,7,0,12,0,5
2026-02-19,ST023,MED018,4,4,0,24,24,46
2026-02-19,ST023,MED019,2,2,0,0,24,23
2026-02-19,ST023,MED020,4,4,0,0,0,33
2026-02-19,ST023,MED021,7,7,0,60,0,57
2026-02-19,ST023,MED022,3,0,3,0,0,0
2026-02-19,ST023,MED023,8,8,0,0,12,20
2026-02-19,ST023,MED024,16,16,0,0,24,38
2026-02-19,ST023,MED025,7,7,0,0,0,34
2026-02-19,ST023,MED026,10,10,0,0,0,73
2026-02-19,ST023,MED027,8,8,0,60,12,69
2026-02-19,ST023,MED028,1,1,0,0,0,32
2026-02-19,ST023,MED029,5,5,0,72,0,67
2026-02-19,ST023,MED030,3,3,0,0,6,14
2026-02-19,ST024,MED001,11,11,0,0,24,52
2026-02-19,ST024,MED002,13,13,0,0,12,42
2026-02-19,ST024,MED003,7,7,0,24,24,26
2026-02-19,ST024,MED004,5,5,0,0,0,41
2026-02-19,ST024,MED005,10,10,0,0,0,49
2026-02-19,ST024,MED006,9,9,0,72,0,63
2026-02-19,ST024,MED007,1,1,0,0,0,6
2026-02-19,ST024,MED008,3,3,0,12,0,19
2026-02-19,ST024,MED009,10,10,0,12,12,64
2026-02-19,ST024,MED010,8,8,0,0,12,9
2026-02-19,ST024,MED011,11,11,0,24,12,13
2026-02-19,ST024,MED012,11,11,0,12,12,50
2026-02-19,ST024,MED013,6,6,0,0,0,43
2026-02-19,ST024,MED014,9,9,0,0,0,27
2026-02-19,ST024,MED015,14,14,0,96,24,82
2026-02-19,ST024,MED016,8,8,0,0,24,45
2026-02-19,ST024,MED017,13,13,0,12,12,34
2026-02-19,ST024,MED018,6,6,0,0,0,31
2026-02-19,ST024,MED019,3,3,0,24,0,29
2026-02-19,ST024,MED020,8,0,8,0,0,0
2026-02-19,ST024,MED021,11,11,0,0,12,31
2026-02-19,ST024,MED022,4,4,0,12,0,8
2026-02-19,ST024,MED023,14,14,0,12,24,71
2026-02-19,ST024,MED024,8,8,0,0,0,4
2026-02-19,ST024,MED025,9,9,0,0,12,13
2026-02-19,ST024,MED026,15,15,0,24,24,45
2026-02-19,ST024,MED027,11,11,0,60,12,49
2026-02-19,ST024,MED028,3,3,0,48,24,45
2026-02-19,ST024,MED029,11,11,0,0,0,54
2026-02-19,ST024,MED030,5,5,0,6,0,22
2026-02-19,ST025,MED001,11,11,0,0,0,24
2026-02-19,ST025,MED002,17,17,0,60,18,43
2026-02-19,ST025,MED003,2,2,0,0,0,39
2026-02-19,ST025,MED004,9,9,0,0,0,42
2026-02-19,ST025,MED005,9,9,0,48,0,61
2026-02-19,ST025,MED006,11,11,0,0,12,26
2026-02-19,ST025,MED007,3,3,0,0,24,4
2026-02-19,ST025,MED008,3,3,0,24,0,26
2026-02-19,ST025,MED009,10,10,0,12,12,63
2026-02-19,ST025,MED010,5,5,0,0,0,8
2026-02-19,ST025,MED011,7,7,0,0,6,19
2026-02-19,ST025,MED012,7,7,0,36,0,52
2026-02-19,ST025,MED013,7,7,0,60,0,53
2026-02-19,ST025,MED014,3,3,0,24,0,45
2026-02-19,ST025,MED015,13,13,0,0,24,70
2026-02-19,ST025,MED016,7,7,0,48,0,52
2026-02-19,ST025,MED017,14,14,0,0,12,49
2026-02-19,ST025,MED018,3,3,0,0,0,43
2026-02-19,ST025,MED019,1,1,0,0,0,41
2026-02-19,ST025,MED020,6,6,0,0,0,36
2026-02-19,ST025,MED021,12,12,0,48,18,53
2026-02-19,ST025,MED022,8,8,0,6,6,49
2026-02-19,ST025,MED023,10,10,0,36,12,54
2026-02-19,ST025,MED024,13,13,0,12,12,46
2026-02-19,ST025,MED025,5,5,0,0,0,36
2026-02-19,ST025,MED026,14,14,0,0,0,51
2026-02-19,ST025,MED027,14,14,0,72,12,58
2026-02-19,ST025,MED028,7,7,0,0,0,34
2026-02-19,ST025,MED029,9,9,0,0,0,47
2026-02-19,ST025,MED030,5,5,0,30,6,25
2026-02-19,ST026,MED001,11,11,0,0,0,65
2026-02-19,ST026,MED002,15,15,0,0,12,13
2026-02-19,ST026,MED003,0,0,0,24,0,46
2026-02-19,ST026,MED004,8,8,0,12,12,59
2026-02-19,ST026,MED005,15,15,0,36,12,78
2026-02-19,ST026,MED006,13,13,0,24,12,36
2026-02-19,ST026,MED007,0,0,0,0,0,48
2026-02-19,ST026,MED008,6,6,0,0,12,7
2026-02-19,ST026,MED009,10,10,0,12,12,61
2026-02-19,ST026,MED010,1,1,0,0,0,33
2026-02-19,ST026,MED011,15,15,0,0,18,53
2026-02-19,ST026,MED012,12,12,0,0,12,55
2026-02-19,ST026,MED013,10,10,0,0,12,55
2026-02-19,ST026,MED014,6,6,0,48,0,51
2026-02-19,ST026,MED015,15,15,0,72,24,57
2026-02-19,ST026,MED016,13,13,0,0,24,5
2026-02-19,ST026,MED017,11,11,0,72,12,82
2026-02-19,ST026,MED018,11,11,0,0,0,38
2026-02-19,ST026,MED019,5,5,0,24,0,28
2026-02-19,ST026,MED020,8,8,0,0,0,53
2026-02-19,ST026,MED021,11,11,0,0,12,47
2026-02-19,ST026,MED022,9,9,0,12,12,44
2026-02-19,ST026,MED023,8,8,0,0,0,56
2026-02-19,ST026,MED024,14,14,0,0,12,64
2026-02-19,ST026,MED025,5,5,0,0,0,55
2026-02-19,ST026,MED026,11,11,0,0,24,68
2026-02-19,ST026,MED027,15,15,0,0,24,50
2026-02-19,ST026,MED028,8,8,0,0,0,35
2026-02-19,ST026,MED029,7,0,7,0,0,0
2026-02-19,ST026,MED030,11,11,0,6,12,33
2026-02-19,ST027,MED001,16,16,0,120,24,104
2026-02-19,ST027,MED002,12,12,0,24,12,12
2026-02-19,ST027,MED003,5,5,0,0,0,35
2026-02-19,ST027,MED004,15,15,0,12,12,43
2026-02-19,ST027,MED005,15,15,0,12,12,66
2026-02-19,ST027,MED006,14,14,0,12,12,72
2026-02-19,ST027,MED007,4,0,4,0,0,0
2026-02-19,ST027,MED008,3,3,0,24,0,30
2026-02-19,ST027,MED009,16,16,0,0,12,43
2026-02-19,ST027,MED010,8,8,0,0,12,13
2026-02-19,ST027,MED011,18,18,0,18,24,78
2026-02-19,ST027,MED012,14,14,0,12,12,32
2026-02-19,ST027,MED013,7,7,0,0,0,28
2026-02-19,ST027,MED014,7,7,0,0,0,3
2026-02-19,ST027,MED015,16,16,0,0,24,72
2026-02-19,ST027,MED016,6,6,0,0,0,27
2026-02-19,ST027,MED017,14,14,0,96,12,82
2026-02-19,ST027,MED018,8,8,0,48,0,40
2026-02-19,ST027,MED019,5,5,0,24,0,38
2026-02-19,ST027,MED020,11,11,0,24,0,75
2026-02-19,ST027,MED021,12,12,0,24,12,54
2026-02-19,ST027,MED022,9,9,0,54,6,45
2026-02-19,ST027,MED023,19,19,0,36,24,61
2026-02-19,ST027,MED024,14,14,0,0,12,65
2026-02-19,ST027,MED025,7,7,0,24,0,38
2026-02-19,ST027,MED026,12,12,0,48,0,92
2026-02-19,ST027,MED027,16,16,0,24,12,8
2026-02-19,ST027,MED028,9,9,0,0,0,46
2026-02-19,ST027,MED029,10,10,0,0,0,51
2026-02-19,ST027,MED030,9,9,0,18,6,24
2026-02-19,ST028,MED001,6,6,0,24,0,34
2026-02-19,ST028,MED002,9,9,0,0,6,15
2026-02-19,ST028,MED003,4,4,0,0,0,12
2026-02-19,ST028,MED004,7,7,0,0,12,40
2026-02-19,ST028,MED005,10,10,0,0,12,35
2026-02-19,ST028,MED006,10,10,0,48,12,46
2026-02-19,ST028,MED007,1,1,0,0,0,21
2026-02-19,ST028,MED008,1,1,0,0,0,22
2026-02-19,ST028,MED009,6,6,0,0,12,37
2026-02-19,ST028,MED010,0,0,0,0,0,14
2026-02-19,ST028,MED011,7,7,0,18,6,25
2026-02-19,ST028,MED012,5,5,0,0,0,61
2026-02-19,ST028,MED013,3,3,0,0,0,24
2026-02-19,ST028,MED014,5,5,0,0,0,53
2026-02-19,ST028,MED015,6,6,0,0,0,50
2026-02-19,ST028,MED016,7,7,0,0,0,20
2026-02-19,ST028,MED017,9,9,0,72,12,65
2026-02-19,ST028,MED018,10,10,0,0,24,28
2026-02-19,ST028,MED019,4,4,0,0,0,21
2026-02-19,ST028,MED020,3,3,0,0,0,49
2026-02-19,ST028,MED021,7,7,0,6,6,31
2026-02-19,ST028,MED022,1,1,0,0,0,46
2026-02-19,ST028,MED023,7,7,0,0,12,36
2026-02-19,ST028,MED024,10,10,0,0,12,53
2026-02-19,ST028,MED025,8,8,0,0,12,3
2026-02-19,ST028,MED026,9,9,0,0,24,61
2026-02-19,ST028,MED027,11,11,0,0,12,60
2026-02-19,ST028,MED028,6,6,0,0,24,22
2026-02-19,ST028,MED029,4,4,0,0,0,41
2026-02-19,ST028,MED030,3,3,0,0,6,24
2026-02-19,ST029,MED001,10,10,0,24,0,34
2026-02-19,ST029,MED002,13,9,4,0,6,0
2026-02-19,ST029,MED003,4,4,0,24,24,20
2026-02-19,ST029,MED004,8,8,0,12,12,44
2026-02-19,ST029,MED005,7,7,0,12,12,58
2026-02-19,ST029,MED006,3,3,0,24,0,35
2026-02-19,ST029,MED007,3,3,0,24,0,23
2026-02-19,ST029,MED008,3,3,0,12,0,16
2026-02-19,ST029,MED009,6,6,0,12,0,42
2026-02-19,ST029,MED010,8,8,0,12,12,9
2026-02-19,ST029,MED011,10,10,0,24,6,31
2026-02-19,ST029,MED012,9,9,0,0,12,20
2026-02-19,ST029,MED013,6,6,0,12,12,42
2026-02-19,ST029,MED014,8,8,0,0,24,9
2026-02-19,ST029,MED015,7,7,0,0,24,53
2026-02-19,ST029,MED016,3,3,0,0,0,19
2026-02-19,ST029,MED017,8,8,0,0,12,37
2026-02-19,ST029,MED018,7,7,0,24,0,50
2026-02-19,ST029,MED019,5,5,0,0,0,38
2026-02-19,ST029,MED020,7,7,0,0,24,38
2026-02-19,ST029,MED021,10,10,0,0,6,47
2026-02-19,ST029,MED022,6,6,0,0,6,28
2026-02-19,ST029,MED023,10,10,0,72,12,62
2026-02-19,ST029,MED024,8,8,0,0,0,60
2026-02-19,ST029,MED025,8,8,0,24,12,20
2026-02-19,ST029,MED026,10,10,0,0,0,55
2026-02-19,ST029,MED027,10,10,0,0,0,55
2026-02-19,ST029,MED028,2,2,0,0,0,21
2026-02-19,ST029,MED029,8,8,0,24,0,55
2026-02-19,ST029,MED030,3,3,0,18,0,24
2026-02-19,ST030,MED001,16,16,0,0,24,52
2026-02-19,ST030,MED002,10,10,0,36,12,69
2026-02-19,ST030,MED003,5,5,0,24,0,30
2026-02-19,ST030,MED004,7,7,0,0,12,27
2026-02-19,ST030,MED005,15,15,0,12,24,45
2026-02-19,ST030,MED006,10,10,0,12,12,50
2026-02-19,ST030,MED007,3,3,0,0,0,26
2026-02-19,ST030,MED008,4,4,0,12,0,9
2026-02-19,ST030,MED009,10,10,0,12,12,43
2026-02-19,ST030,MED010,3,3,0,0,0,14
2026-02-19,ST030,MED011,9,9,0,0,6,39
2026-02-19,ST030,MED012,8,8,0,60,0,55
2026-02-19,ST030,MED013,0,0,0,24,0,44
2026-02-19,ST030,MED014,3,3,0,0,0,26
2026-02-19,ST030,MED015,9,9,0,48,24,48
2026-02-19,ST030,MED016,5,5,0,0,0,48
2026-02-19,ST030,MED017,11,8,3,0,12,0
2026-02-19,ST030,MED018,8,8,0,24,24,20
2026-02-19,ST030,MED019,3,3,0,0,0,27
2026-02-19,ST030,MED020,8,8,0,0,0,36
2026-02-19,ST030,MED021,12,1,11,0,0,0
2026-02-19,ST030,MED022,5,5,0,0,6,0
2026-02-19,ST030,MED023,11,11,0,0,12,39
2026-02-19,ST030,MED024,13,13,0,36,12,47
2026-02-19,ST030,MED025,5,5,0,36,0,31
2026-02-19,ST030,MED026,10,10,0,0,0,59
2026-02-19,ST030,MED027,8,8,0,12,12,68
2026-02-19,ST030,MED028,6,6,0,0,0,32
2026-02-19,ST030,MED029,12,12,0,0,24,44
2026-02-19,ST030,MED030,3,3,0,0,6,22
2026-02-19,ST031,MED001,7,7,0,24,0,69
2026-02-19,ST031,MED002,12,12,0,0,12,44
2026-02-19,ST031,MED003,4,0,4,0,0,0
2026-02-19,ST031,MED004,9,9,0,0,12,40
2026-02-19,ST031,MED005,9,9,0,0,12,40
2026-02-19,ST031,MED006,9,9,0,48,12,61
2026-02-19,ST031,MED007,2,2,0,0,0,39
2026-02-19,ST031,MED008,3,3,0,0,0,26
2026-02-19,ST031,MED009,13,13,0,24,12,68
2026-02-19,ST031,MED010,2,2,0,0,0,25
2026-02-19,ST031,MED011,12,12,0,0,12,32
2026-02-19,ST031,MED012,8,8,0,24,12,47
2026-02-19,ST031,MED013,5,5,0,36,0,42
2026-02-19,ST031,MED014,7,7,0,0,24,29
2026-02-19,ST031,MED015,18,18,0,24,24,53
2026-02-19,ST031,MED016,12,12,0,0,0,34
2026-02-19,ST031,MED017,12,12,0,0,12,44
2026-02-19,ST031,MED018,2,2,0,0,0,2
2026-02-19,ST031,MED019,3,3,0,0,0,36
2026-02-19,ST031,MED020,6,4,2,0,0,0
2026-02-19,ST031,MED021,10,10,0,72,12,62
2026-02-19,ST031,MED022,9,9,0,0,12,8
2026-02-19,ST031,MED023,10,10,0,0,0,63
2026-02-19,ST031,MED024,8,8,0,60,0,75
2026-02-19,ST031,MED025,2,2,0,0,0,13
2026-02-19,ST031,MED026,6,6,0,24,24,18
2026-02-19,ST031,MED027,11,11,0,36,12,57
2026-02-19,ST031,MED028,10,10,0,0,0,45
2026-02-19,ST031,MED029,10,10,0,24,0,54
2026-02-19,ST031,MED030,7,7,0,0,12,23
2026-02-19,ST032,MED001,16,16,0,0,24,26
2026-02-19,ST032,MED002,14,14,0,66,12,52
2026-02-19,ST032,MED003,6,6,0,0,24,9
2026-02-19,ST032,MED004,11,11,0,24,12,41
2026-02-19,ST032,MED005,25,25,0,36,36,21
2026-02-19,ST032,MED006,10,0,10,0,0,0
2026-02-19,ST032,MED007,0,0,0,0,0,24
2026-02-19,ST032,MED008,5,5,0,0,12,8
2026-02-19,ST032,MED009,10,10,0,24,12,65
2026-02-19,ST032,MED010,4,4,0,48,0,44
2026-02-19,ST032,MED011,13,13,0,0,12,43
2026-02-19,ST032,MED012,9,9,0,0,12,47
2026-02-19,ST032,MED013,9,9,0,48,0,43
2026-02-19,ST032,MED014,9,9,0,0,24,38
2026-02-19,ST032,MED015,12,12,0,0,0,63
2026-02-19,ST032,MED016,5,5,0,24,0,51
2026-02-19,ST032,MED017,10,10,0,0,0,49
2026-02-19,ST032,MED018,5,5,0,48,0,43
2026-02-19,ST032,MED019,2,2,0,0,0,13
2026-02-19,ST032,MED020,7,7,0,0,0,36
2026-02-19,ST032,MED021,9,9,0,0,6,44
2026-02-19,ST032,MED022,6,6,0,42,6,44
2026-02-19,ST032,MED023,11,11,0,0,12,37
2026-02-19,ST032,MED024,9,9,0,0,0,65
2026-02-19,ST032,MED025,8,8,0,12,0,36
2026-02-19,ST032,MED026,13,13,0,96,24,83
2026-02-19,ST032,MED027,11,11,0,0,12,44
2026-02-19,ST032,MED028,7,7,0,0,24,45
2026-02-19,ST032,MED029,9,9,0,24,0,82
2026-02-19,ST032,MED030,10,10,0,0,12,15
2026-02-19,ST033,MED001,14,14,0,0,0,57
2026-02-19,ST033,MED002,10,10,0,0,12,67
2026-02-19,ST033,MED003,0,0,0,0,0,16
2026-02-19,ST033,MED004,12,12,0,0,12,28
2026-02-19,ST033,MED005,11,11,0,48,12,62
2026-02-19,ST033,MED006,12,0,12,0,0,0
2026-02-19,ST033,MED007,2,2,0,24,0,26
2026-02-19,ST033,MED008,1,1,0,24,0,23
2026-02-19,ST033,MED009,15,15,0,48,12,51
2026-02-19,ST033,MED010,6,6,0,0,0,28
2026-02-19,ST033,MED011,15,15,0,0,18,50
2026-02-19,ST033,MED012,12,12,0,0,12,26
2026-02-19,ST033,MED013,5,5,0,0,12,9
2026-02-19,ST033,MED014,4,4,0,48,0,44
2026-02-19,ST033,MED015,14,14,0,0,24,91
2026-02-19,ST033,MED016,5,5,0,0,0,13
2026-02-19,ST033,MED017,7,7,0,72,0,65
2026-02-19,ST033,MED018,7,7,0,0,0,44
2026-02-19,ST033,MED019,7,7,0,0,0,20
2026-02-19,ST033,MED020,9,9,0,0,0,47
2026-02-19,ST033,MED021,11,11,0,24,12,66
2026-02-19,ST033,MED022,8,8,0,0,6,37
2026-02-19,ST033,MED023,11,11,0,48,12,63
2026-02-19,ST033,MED024,14,14,0,0,24,66
2026-02-19,ST033,MED025,3,3,0,0,12,25
2026-02-19,ST033,MED026,16,16,0,72,0,56
2026-02-19,ST033,MED027,10,10,0,72,12,68
2026-02-19,ST033,MED028,10,0,10,0,0,0
2026-02-19,ST033,MED029,11,11,0,0,0,54
2026-02-19,ST033,MED030,7,6,1,6,6,0
2026-02-19,ST034,MED001,14,14,0,0,24,32
2026-02-19,ST034,MED002,12,12,0,0,12,52
2026-02-19,ST034,MED003,7,0,7,0,0,0
2026-02-19,ST034,MED004,11,11,0,0,12,63
2026-02-19,ST034,MED005,14,14,0,48,12,56
2026-02-19,ST034,MED006,12,12,0,36,0,75
2026-02-19,ST034,MED007,5,5,0,0,0,39
2026-02-19,ST034,MED008,3,3,0,12,12,25
2026-02-19,ST034,MED009,12,12,0,0,12,60
2026-02-19,ST034,MED010,5,5,0,0,12,15
2026-02-19,ST034,MED011,17,17,0,66,24,49
2026-02-19,ST034,MED012,9,9,0,36,0,87
2026-02-19,ST034,MED013,11,11,0,24,12,50
2026-02-19,ST034,MED014,10,10,0,0,24,48
2026-02-19,ST034,MED015,17,17,0,0,24,10
2026-02-19,ST034,MED016,6,6,0,24,0,45
2026-02-19,ST034,MED017,14,14,0,84,12,86
2026-02-19,ST034,MED018,5,5,0,48,0,53
2026-02-19,ST034,MED019,5,5,0,0,0,35
2026-02-19,ST034,MED020,10,10,0,0,0,45
2026-02-19,ST034,MED021,14,14,0,12,12,57
2026-02-19,ST034,MED022,12,12,0,0,18,26
2026-02-19,ST034,MED023,17,17,0,0,12,65
2026-02-19,ST034,MED024,32,32,0,0,36,52
2026-02-19,ST034,MED025,8,8,0,36,12,42
2026-02-19,ST034,MED026,17,17,0,72,24,81
2026-02-19,ST034,MED027,16,16,0,60,12,63
2026-02-19,ST034,MED028,10,10,0,48,24,54
2026-02-19,ST034,MED029,11,11,0,0,0,19
2026-02-19,ST034,MED030,4,4,0,6,0,45
2026-02-19,ST035,MED001,9,9,0,0,24,74
2026-02-19,ST035,MED002,9,9,0,0,0,65
2026-02-19,ST035,MED003,3,3,0,0,24,18
2026-02-19,ST035,MED004,4,4,0,0,12,22
2026-02-19,ST035,MED005,7,7,0,24,0,32
2026-02-19,ST035,MED006,3,3,0,0,0,63
2026-02-19,ST035,MED007,4,4,0,0,0,22
2026-02-19,ST035,MED008,5,5,0,0,12,16
2026-02-19,ST035,MED009,10,10,0,24,12,36
2026-02-19,ST035,MED010,4,4,0,0,0,13
2026-02-19,ST035,MED011,9,9,0,0,12,28
2026-02-19,ST035,MED012,7,7,0,0,12,50
2026-02-19,ST035,MED013,10,10,0,0,12,32
2026-02-19,ST035,MED014,2,2,0,48,0,46
2026-02-19,ST035,MED015,9,9,0,24,0,46
2026-02-19,ST035,MED016,8,8,0,0,0,8
2026-02-19,ST035,MED017,7,7,0,0,0,17
2026-02-19,ST035,MED018,7,7,0,0,0,13
2026-02-19,ST035,MED019,0,0,0,0,0,20
2026-02-19,ST035,MED020,5,5,0,0,0,36
2026-02-19,ST035,MED021,8,8,0,54,12,49
2026-02-19,ST035,MED022,5,5,0,0,0,28
2026-02-19,ST035,MED023,9,9,0,0,0,39
2026-02-19,ST035,MED024,8,8,0,0,0,10
2026-02-19,ST035,MED025,6,6,0,0,0,28
2026-02-19,ST035,MED026,14,14,0,24,0,18
2026-02-19,ST035,MED027,8,8,0,0,12,48
2026-02-19,ST035,MED028,5,5,0,48,0,51
2026-02-19,ST035,MED029,6,6,0,0,0,56
2026-02-19,ST035,MED030,2,2,0,0,0,21
2026-02-19,ST036,MED001,8,8,0,0,0,54
2026-02-19,ST036,MED002,10,10,0,36,6,35
2026-02-19,ST036,MED003,4,4,0,0,0,31
2026-02-19,ST036,MED004,10,10,0,12,12,28
2026-02-19,ST036,MED005,7,7,0,0,0,59
2026-02-19,ST036,MED006,6,6,0,0,12,37
2026-02-19,ST036,MED007,0,0,0,0,0,18
2026-02-19,ST036,MED008,2,2,0,0,0,13
2026-02-19,ST036,MED009,7,7,0,0,0,31
2026-02-19,ST036,MED010,5,5,0,0,0,16
2026-02-19,ST036,MED011,7,7,0,6,6,7
2026-02-19,ST036,MED012,8,8,0,0,12,44
2026-02-19,ST036,MED013,7,7,0,0,12,28
2026-02-19,ST036,MED014,2,2,0,0,0,44
2026-02-19,ST036,MED015,14,14,0,48,0,53
2026-02-19,ST036,MED016,6,6,0,0,0,41
2026-02-19,ST036,MED017,7,7,0,0,12,49
2026-02-19,ST036,MED018,5,5,0,0,24,39
2026-02-19,ST036,MED019,2,2,0,0,0,20
2026-02-19,ST036,MED020,3,3,0,24,0,42
2026-02-19,ST036,MED021,7,7,0,0,6,42
2026-02-19,ST036,MED022,10,10,0,0,12,13
2026-02-19,ST036,MED023,9,9,0,0,0,55
2026-02-19,ST036,MED024,10,10,0,0,12,42
2026-02-19,ST036,MED025,4,4,0,0,0,27
2026-02-19,ST036,MED026,12,12,0,0,0,45
2026-02-19,ST036,MED027,4,4,0,0,0,67
2026-02-19,ST036,MED028,3,3,0,48,0,45
2026-02-19,ST036,MED029,7,7,0,0,24,55
2026-02-19,ST036,MED030,4,4,0,6,6,33
2026-02-19,ST037,MED001,11,11,0,24,24,67
2026-02-19,ST037,MED002,10,10,0,36,6,35
2026-02-19,ST037,MED003,1,1,0,0,0,46
2026-02-19,ST037,MED004,13,13,0,0,12,36
2026-02-19,ST037,MED005,6,6,0,12,0,55
2026-02-19,ST037,MED006,9,9,0,12,12,53
2026-02-19,ST037,MED007,2,2,0,0,0,22
2026-02-19,ST037,MED008,3,3,0,0,0,18
2026-02-19,ST037,MED009,12,12,0,36,24,66
2026-02-19,ST037,MED010,3,3,0,0,0,28
2026-02-19,ST037,MED011,12,12,0,0,12,36
2026-02-19,ST037,MED012,9,8,1,0,0,0
2026-02-19,ST037,MED013,6,6,0,48,0,42
2026-02-19,ST037,MED014,6,6,0,0,0,36
2026-02-19,ST037,MED015,13,13,0,0,0,14
2026-02-19,ST037,MED016,9,9,0,24,24,51
2026-02-19,ST037,MED017,9,9,0,24,12,53
2026-02-19,ST037,MED018,6,6,0,0,24,22
2026-02-19,ST037,MED019,5,5,0,0,0,39
2026-02-19,ST037,MED020,2,2,0,24,0,63
2026-02-19,ST037,MED021,12,12,0,12,12,44
2026-02-19,ST037,MED022,7,7,0,0,6,35
2026-02-19,ST037,MED023,14,14,0,36,24,51
2026-02-19,ST037,MED024,11,11,0,0,12,45
2026-02-19,ST037,MED025,6,2,4,0,12,0
2026-02-19,ST037,MED026,11,11,0,0,24,53
2026-02-19,ST037,MED027,11,11,0,60,12,62
2026-02-19,ST037,MED028,3,3,0,48,0,66
2026-02-19,ST037,MED029,6,6,0,0,0,48
2026-02-19,ST037,MED030,5,5,0,6,6,36
2026-02-19,ST038,MED001,10,10,0,0,0,9
2026-02-19,ST038,MED002,13,13,0,12,12,53
2026-02-19,ST038,MED003,2,2,0,0,0,25
2026-02-19,ST038,MED004,10,10,0,12,12,54
2026-02-19,ST038,MED005,9,9,0,0,0,61
2026-02-19,ST038,MED006,9,9,0,0,0,29
2026-02-19,ST038,MED007,3,3,0,0,0,15
2026-02-19,ST038,MED008,3,3,0,0,12,17
2026-02-19,ST038,MED009,9,9,0,12,12,70
2026-02-19,ST038,MED010,6,6,0,24,0,26
2026-02-19,ST038,MED011,10,10,0,66,12,60
2026-02-19,ST038,MED012,8,8,0,36,12,50
2026-02-19,ST038,MED013,3,3,0,12,0,46
2026-02-19,ST038,MED014,4,4,0,48,0,44
2026-02-19,ST038,MED015,13,13,0,48,24,61
2026-02-19,ST038,MED016,8,8,0,0,24,23
2026-02-19,ST038,MED017,12,12,0,0,12,43
2026-02-19,ST038,MED018,8,8,0,0,0,28
2026-02-19,ST038,MED019,5,5,0,0,0,28
2026-02-19,ST038,MED020,8,8,0,0,24,27
2026-02-19,ST038,MED021,12,12,0,66,12,54
2026-02-19,ST038,MED022,10,10,0,0,12,37
2026-02-19,ST038,MED023,9,9,0,84,0,75
2026-02-19,ST038,MED024,13,13,0,12,24,64
2026-02-19,ST038,MED025,4,4,0,0,12,41
2026-02-19,ST038,MED026,12,12,0,0,0,72
2026-02-19,ST038,MED027,13,13,0,60,12,47
2026-02-19,ST038,MED028,3,3,0,48,0,46
2026-02-19,ST038,MED029,11,11,0,96,0,85
2026-02-19,ST038,MED030,2,2,0,0,0,20
2026-02-19,ST039,MED001,11,11,0,0,0,57
2026-02-19,ST039,MED002,10,10,0,0,12,26
2026-02-19,ST039,MED003,4,2,2,0,0,0
2026-02-19,ST039,MED004,8,8,0,36,12,54
2026-02-19,ST039,MED005,18,18,0,60,12,42
2026-02-19,ST039,MED006,14,14,0,96,12,82
2026-02-19,ST039,MED007,5,5,0,24,24,32
2026-02-19,ST039,MED008,5,5,0,12,0,24
2026-02-19,ST039,MED009,13,13,0,0,12,44
2026-02-19,ST039,MED010,0,0,0,36,0,36
2026-02-19,ST039,MED011,15,15,0,0,18,41
2026-02-19,ST039,MED012,12,12,0,12,12,36
2026-02-19,ST039,MED013,10,10,0,12,12,33
2026-02-19,ST039,MED014,6,6,0,0,0,41
2026-02-19,ST039,MED015,14,14,0,0,0,50
2026-02-19,ST039,MED016,3,3,0,0,0,43
2026-02-19,ST039,MED017,9,9,0,72,12,63
2026-02-19,ST039,MED018,10,10,0,0,0,35
2026-02-19,ST039,MED019,3,3,0,0,0,29
2026-02-19,ST039,MED020,10,8,2,0,0,0
2026-02-19,ST039,MED021,11,11,0,12,12,32
2026-02-19,ST039,MED022,4,4,0,12,0,27
2026-02-19,ST039,MED023,11,9,2,0,0,0
2026-02-19,ST039,MED024,13,13,0,0,12,55
2026-02-19,ST039,MED025,4,4,0,48,0,44
2026-02-19,ST039,MED026,8,8,0,24,0,77
2026-02-19,ST039,MED027,18,18,0,12,24,16
2026-02-19,ST039,MED028,5,5,0,0,0,23
2026-02-19,ST039,MED029,8,0,8,0,0,0
2026-02-19,ST039,MED030,8,8,0,0,12,17
2026-02-19,ST040,MED001,12,12,0,48,0,58
2026-02-19,ST040,MED002,14,14,0,0,18,23
2026-02-19,ST040,MED003,5,3,2,0,24,0
2026-02-19,ST040,MED004,11,11,0,0,12,41
2026-02-19,ST040,MED005,16,16,0,60,24,79
2026-02-19,ST040,MED006,11,11,0,0,12,59
2026-02-19,ST040,MED007,5,5,0,0,24,23
2026-02-19,ST040,MED008,1,1,0,12,0,22
2026-02-19,ST040,MED009,13,13,0,0,12,68
2026-02-19,ST040,MED010,4,4,0,12,0,28
2026-02-19,ST040,MED011,15,15,0,54,18,42
2026-02-19,ST040,MED012,13,13,0,0,12,41
2026-02-19,ST040,MED013,8,8,0,0,0,10
2026-02-19,ST040,MED014,4,4,0,0,0,34
2026-02-19,ST040,MED015,20,20,0,0,24,12
2026-02-19,ST040,MED016,7,7,0,24,24,32
2026-02-19,ST040,MED017,15,15,0,12,12,54
2026-02-19,ST040,MED018,7,7,0,0,24,25
2026-02-19,ST040,MED019,2,2,0,0,0,35
2026-02-19,ST040,MED020,6,6,0,0,0,26
2026-02-19,ST040,MED021,15,15,0,72,12,57
2026-02-19,ST040,MED022,9,9,0,6,12,43
2026-02-19,ST040,MED023,12,12,0,0,12,60
2026-02-19,ST040,MED024,17,17,0,60,24,49
2026-02-19,ST040,MED025,5,5,0,12,0,46
2026-02-19,ST040,MED026,15,0,15,0,0,0
2026-02-19,ST040,MED027,16,16,0,84,24,68
2026-02-19,ST040,MED028,7,7,0,24,0,58
2026-02-19,ST040,MED029,13,13,0,0,0,45
2026-02-19,ST040,MED030,5,5,0,30,6,36
2026-02-20,ST001,MED001,12,12,0,0,24,33
2026-02-20,ST001,MED002,10,10,0,18,12,46
2026-02-20,ST001,MED003,3,3,0,0,0,44
2026-02-20,ST001,MED004,10,10,0,12,12,18
2026-02-20,ST001,MED005,8,8,0,0,0,29
2026-02-20,ST001,MED006,8,8,0,0,12,21
2026-02-20,ST001,MED007,5,5,0,24,0,26
2026-02-20,ST001,MED008,3,3,0,0,0,4
2026-02-20,ST001,MED009,9,9,0,60,12,51
2026-02-20,ST001,MED010,10,10,0,12,12,13
2026-02-20,ST001,MED011,10,10,0,12,6,46
2026-02-20,ST001,MED012,14,14,0,0,12,32
2026-02-20,ST001,MED013,8,8,0,0,12,31
2026-02-20,ST001,MED014,6,6,0,0,0,37
2026-02-20,ST001,MED015,10,10,0,48,24,44
2026-02-20,ST001,MED016,4,4,0,0,0,18
2026-02-20,ST001,MED017,9,9,0,0,0,55
2026-02-20,ST001,MED018,4,4,0,0,0,31
2026-02-20,ST001,MED019,2,2,0,24,0,22
2026-02-20,ST001,MED020,7,7,0,24,0,51
2026-02-20,ST001,MED021,5,5,0,30,6,33
2026-02-20,ST001,MED022,5,5,0,0,0,29
2026-02-20,ST001,MED023,10,10,0,0,12,28
2026-02-20,ST001,MED024,11,11,0,24,12,53
2026-02-20,ST001,MED025,6,6,0,0,12,32
2026-02-20,ST001,MED026,10,10,0,48,0,57
2026-02-20,ST001,MED027,12,12,0,0,12,27
2026-02-20,ST001,MED028,4,4,0,0,0,38
2026-02-20,ST001,MED029,7,7,0,0,0,30
2026-02-20,ST001,MED030,7,7,0,12,12,16
2026-02-20,ST002,MED001,10,10,0,0,0,65
2026-02-20,ST002,MED002,7,7,0,0,6,35
2026-02-20,ST002,MED003,6,6,0,0,0,26
2026-02-20,ST002,MED004,6,6,0,0,12,32
2026-02-20,ST002,MED005,11,11,0,12,12,52
2026-02-20,ST002,MED006,9,9,0,0,0,40
2026-02-20,ST002,MED007,3,3,0,0,0,5
2026-02-20,ST002,MED008,5,5,0,0,0,18
2026-02-20,ST002,MED009,10,10,0,24,12,48
2026-02-20,ST002,MED010,7,7,0,12,0,31
2026-02-20,ST002,MED011,13,13,0,0,12,52
2026-02-20,ST002,MED012,10,10,0,36,12,51
2026-02-20,ST002,MED013,7,7,0,0,0,23
2026-02-20,ST002,MED014,8,8,0,0,24,34
2026-02-20,ST002,MED015,12,12,0,24,24,85
2026-02-20,ST002,MED016,7,7,0,0,0,36
2026-02-20,ST002,MED017,11,11,0,0,12,47
2026-02-20,ST002,MED018,6,6,0,0,0,7
2026-02-20,ST002,MED019,3,3,0,24,0,21
2026-02-20,ST002,MED020,6,6,0,0,0,23
2026-02-20,ST002,MED021,7,7,0,24,6,45
2026-02-20,ST002,MED022,9,9,0,18,12,36
2026-02-20,ST002,MED023,11,11,0,0,12,38
2026-02-20,ST002,MED024,16,16,0,0,24,47
2026-02-20,ST002,MED025,5,5,0,12,0,30
2026-02-20,ST002,MED026,12,12,0,24,0,66
2026-02-20,ST002,MED027,12,12,0,24,12,48
2026-02-20,ST002,MED028,4,4,0,24,0,60
2026-02-20,ST002,MED029,9,9,0,24,0,28
2026-02-20,ST002,MED030,5,5,0,0,6,19
2026-02-20,ST003,MED001,14,14,0,0,0,27
2026-02-20,ST003,MED002,9,9,0,0,12,33
2026-02-20,ST003,MED003,0,0,0,0,0,21
2026-02-20,ST003,MED004,8,8,0,24,12,31
2026-02-20,ST003,MED005,14,14,0,0,12,56
2026-02-20,ST003,MED006,13,13,0,12,12,40
2026-02-20,ST003,MED007,3,3,0,0,0,15
2026-02-20,ST003,MED008,6,6,0,0,0,14
2026-02-20,ST003,MED009,10,10,0,60,12,58
2026-02-20,ST003,MED010,5,5,0,0,12,30
2026-02-20,ST003,MED011,13,13,0,0,12,41
2026-02-20,ST003,MED012,8,8,0,0,12,49
2026-02-20,ST003,MED013,2,2,0,12,0,46
2026-02-20,ST003,MED014,2,2,0,0,0,17
2026-02-20,ST003,MED015,12,12,0,0,24,57
2026-02-20,ST003,MED016,3,3,0,0,0,41
2026-02-20,ST003,MED017,15,15,0,12,12,34
2026-02-20,ST003,MED018,6,6,0,24,0,43
2026-02-20,ST003,MED019,5,5,0,0,0,16
2026-02-20,ST003,MED020,7,7,0,0,24,48
2026-02-20,ST003,MED021,6,6,0,0,6,27
2026-02-20,ST003,MED022,9,9,0,0,12,23
2026-02-20,ST003,MED023,11,11,0,12,12,56
2026-02-20,ST003,MED024,14,14,0,12,24,47
2026-02-20,ST003,MED025,7,7,0,0,0,50
2026-02-20,ST003,MED026,10,10,0,0,0,67
2026-02-20,ST003,MED027,12,12,0,24,12,69
2026-02-20,ST003,MED028,5,5,0,0,0,25
2026-02-20,ST003,MED029,19,19,0,24,24,57
2026-02-20,ST003,MED030,4,4,0,0,6,20
2026-02-20,ST004,MED001,12,12,0,0,24,51
2026-02-20,ST004,MED002,9,9,0,0,12,43
2026-02-20,ST004,MED003,4,4,0,0,0,28
2026-02-20,ST004,MED004,9,9,0,12,12,39
2026-02-20,ST004,MED005,14,14,0,24,12,60
2026-02-20,ST004,MED006,13,13,0,12,12,53
2026-02-20,ST004,MED007,3,3,0,48,0,46
2026-02-20,ST004,MED008,7,7,0,0,12,28
2026-02-20,ST004,MED009,12,12,0,0,12,72
2026-02-20,ST004,MED010,6,6,0,0,12,14
2026-02-20,ST004,MED011,9,9,0,24,12,63
2026-02-20,ST004,MED012,15,15,0,0,24,46
2026-02-20,ST004,MED013,13,13,0,12,12,56
2026-02-20,ST004,MED014,2,2,0,24,0,38
2026-02-20,ST004,MED015,11,11,0,72,24,80
2026-02-20,ST004,MED016,7,7,0,24,0,40
2026-02-20,ST004,MED017,14,14,0,24,24,10
2026-02-20,ST004,MED018,6,6,0,0,0,45
2026-02-20,ST004,MED019,3,3,0,24,0,39
2026-02-20,ST004,MED020,8,8,0,0,24,26
2026-02-20,ST004,MED021,14,14,0,0,18,44
2026-02-20,ST004,MED022,11,11,0,6,18,30
2026-02-20,ST004,MED023,11,11,0,72,12,61
2026-02-20,ST004,MED024,11,11,0,0,12,66
2026-02-20,ST004,MED025,1,1,0,0,0,28
2026-02-20,ST004,MED026,13,13,0,0,24,17
2026-02-20,ST004,MED027,12,12,0,0,12,53
2026-02-20,ST004,MED028,6,6,0,0,0,53
2026-02-20,ST004,MED029,11,11,0,0,24,52
2026-02-20,ST004,MED030,4,4,0,6,6,30
2026-02-20,ST005,MED001,16,16,0,0,24,67
2026-02-20,ST005,MED002,12,12,0,0,6,51
2026-02-20,ST005,MED003,1,1,0,24,0,41
2026-02-20,ST005,MED004,6,6,0,0,0,68
2026-02-20,ST005,MED005,15,15,0,0,24,44
2026-02-20,ST005,MED006,11,11,0,12,12,52
2026-02-20,ST005,MED007,3,3,0,24,0,21
2026-02-20,ST005,MED008,3,3,0,0,0,26
2026-02-20,ST005,MED009,11,11,0,24,12,71
2026-02-20,ST005,MED010,7,7,0,0,12,34
2026-02-20,ST005,MED011,14,14,0,0,12,34
2026-02-20,ST005,MED012,15,15,0,24,12,59
2026-02-20,ST005,MED013,8,8,0,12,0,54
2026-02-20,ST005,MED014,4,4,0,0,0,37
2026-02-20,ST005,MED015,18,18,0,0,24,110
2026-02-20,ST005,MED016,9,9,0,24,24,62
2026-02-20,ST005,MED017,12,12,0,0,12,55
2026-02-20,ST005,MED018,8,8,0,0,0,24
2026-02-20,ST005,MED019,4,4,0,0,0,30
2026-02-20,ST005,MED020,11,11,0,24,0,51
2026-02-20,ST005,MED021,7,7,0,30,0,71
2026-02-20,ST005,MED022,12,12,0,6,12,44
2026-02-20,ST005,MED023,12,12,0,12,12,50
2026-02-20,ST005,MED024,15,15,0,36,12,54
2026-02-20,ST005,MED025,8,8,0,0,12,29
2026-02-20,ST005,MED026,15,15,0,48,0,62
2026-02-20,ST005,MED027,17,17,0,72,24,73
2026-02-20,ST005,MED028,7,7,0,0,0,40
2026-02-20,ST005,MED029,12,12,0,24,0,66
2026-02-20,ST005,MED030,5,5,0,0,6,33
2026-02-20,ST006,MED001,15,15,0,24,24,81
2026-02-20,ST006,MED002,14,14,0,12,12,59
2026-02-20,ST006,MED003,6,6,0,24,0,18
2026-02-20,ST006,MED004,13,13,0,48,24,39
2026-02-20,ST006,MED005,12,12,0,0,0,39
2026-02-20,ST006,MED006,12,12,0,12,12,62
2026-02-20,ST006,MED007,1,1,0,24,0,36
2026-02-20,ST006,MED008,0,0,0,0,0,32
2026-02-20,ST006,MED009,12,8,4,0,12,0
2026-02-20,ST006,MED010,5,5,0,0,12,23
2026-02-20,ST006,MED011,15,15,0,6,18,52
2026-02-20,ST006,MED012,12,12,0,12,12,65
2026-02-20,ST006,MED013,5,5,0,60,0,55
2026-02-20,ST006,MED014,8,8,0,0,24,28
2026-02-20,ST006,MED015,20,20,0,0,24,64
2026-02-20,ST006,MED016,2,2,0,0,0,31
2026-02-20,ST006,MED017,10,10,0,12,12,59
2026-02-20,ST006,MED018,7,7,0,0,0,39
2026-02-20,ST006,MED019,4,4,0,0,0,24
2026-02-20,ST006,MED020,9,9,0,0,0,29
2026-02-20,ST006,MED021,9,9,0,78,12,72
2026-02-20,ST006,MED022,7,7,0,12,6,51
2026-02-20,ST006,MED023,15,15,0,60,12,46
2026-02-20,ST006,MED024,11,11,0,12,12,55
2026-02-20,ST006,MED025,6,6,0,36,0,30
2026-02-20,ST006,MED026,14,14,0,0,0,70
2026-02-20,ST006,MED027,13,13,0,0,12,90
2026-02-20,ST006,MED028,6,6,0,0,0,28
2026-02-20,ST006,MED029,9,9,0,48,0,64
2026-02-20,ST006,MED030,7,7,0,6,6,25
2026-02-20,ST007,MED001,10,10,0,24,0,38
2026-02-20,ST007,MED002,12,12,0,0,12,23
2026-02-20,ST007,MED003,2,2,0,0,0,37
2026-02-20,ST007,MED004,6,6,0,0,0,33
2026-02-20,ST007,MED005,10,10,0,24,12,29
2026-02-20,ST007,MED006,19,19,0,12,24,26
2026-02-20,ST007,MED007,0,0,0,0,0,22
2026-02-20,ST007,MED008,3,3,0,0,0,4
2026-02-20,ST007,MED009,11,11,0,0,12,37
2026-02-20,ST007,MED010,2,2,0,0,0,26
2026-02-20,ST007,MED011,8,8,0,6,6,30
2026-02-20,ST007,MED012,6,6,0,0,0,38
2026-02-20,ST007,MED013,5,5,0,0,12,26
2026-02-20,ST007,MED014,5,5,0,0,24,29
2026-02-20,ST007,MED015,10,10,0,0,0,55
2026-02-20,ST007,MED016,6,6,0,0,24,40
2026-02-20,ST007,MED017,10,10,0,0,12,26
2026-02-20,ST007,MED018,5,5,0,0,24,40
2026-02-20,ST007,MED019,8,8,0,0,0,7
2026-02-20,ST007,MED020,4,4,0,0,0,41
2026-02-20,ST007,MED021,7,7,0,0,6,37
2026-02-20,ST007,MED022,7,7,0,0,6,32
2026-02-20,ST007,MED023,11,11,0,12,12,29
2026-02-20,ST007,MED024,7,7,0,12,0,49
2026-02-20,ST007,MED025,4,4,0,0,0,16
2026-02-20,ST007,MED026,8,8,0,0,24,54
2026-02-20,ST007,MED027,12,12,0,0,12,37
2026-02-20,ST007,MED028,4,4,0,0,0,46
2026-02-20,ST007,MED029,9,9,0,0,0,39
2026-02-20,ST007,MED030,1,1,0,0,0,14
2026-02-20,ST008,MED001,7,7,0,24,0,28
2026-02-20,ST008,MED002,17,17,0,0,24,40
2026-02-20,ST008,MED003,3,3,0,0,0,26
2026-02-20,ST008,MED004,6,6,0,12,0,23
2026-02-20,ST008,MED005,10,10,0,0,12,54
2026-02-20,ST008,MED006,3,3,0,0,0,37
2026-02-20,ST008,MED007,1,1,0,0,0,35
2026-02-20,ST008,MED008,0,0,0,36,0,36
2026-02-20,ST008,MED009,9,9,0,36,12,56
2026-02-20,ST008,MED010,3,3,0,0,12,26
2026-02-20,ST008,MED011,9,9,0,0,6,42
2026-02-20,ST008,MED012,10,10,0,0,12,28
2026-02-20,ST008,MED013,6,6,0,24,0,33
2026-02-20,ST008,MED014,4,4,0,24,0,48
2026-02-20,ST008,MED015,10,10,0,0,0,35
2026-02-20,ST008,MED016,5,5,0,0,0,44
2026-02-20,ST008,MED017,10,10,0,24,12,64
2026-02-20,ST008,MED018,6,6,0,0,0,48
2026-02-20,ST008,MED019,4,4,0,0,0,39
2026-02-20,ST008,MED020,9,9,0,0,0,33
2026-02-20,ST008,MED021,10,10,0,0,18,36
2026-02-20,ST008,MED022,5,5,0,12,6,26
2026-02-20,ST008,MED023,8,8,0,0,0,50
2026-02-20,ST008,MED024,11,11,0,0,12,54
2026-02-20,ST008,MED025,5,5,0,0,0,20
2026-02-20,ST008,MED026,10,10,0,0,0,28
2026-02-20,ST008,MED027,10,10,0,36,12,52
2026-02-20,ST008,MED028,7,7,0,0,0,16
2026-02-20,ST008,MED029,10,10,0,0,0,44
2026-02-20,ST008,MED030,2,2,0,30,0,28
2026-02-20,ST009,MED001,13,13,0,24,24,44
2026-02-20,ST009,MED002,10,10,0,0,12,42
2026-02-20,ST009,MED003,7,7,0,24,24,20
2026-02-20,ST009,MED004,7,7,0,0,12,41
2026-02-20,ST009,MED005,9,9,0,0,0,4
2026-02-20,ST009,MED006,6,6,0,12,0,49
2026-02-20,ST009,MED007,5,5,0,24,24,28
2026-02-20,ST009,MED008,0,0,0,12,0,18
2026-02-20,ST009,MED009,9,9,0,0,12,45
2026-02-20,ST009,MED010,2,2,0,12,0,19
2026-02-20,ST009,MED011,13,13,0,0,12,10
2026-02-20,ST009,MED012,8,8,0,0,0,28
2026-02-20,ST009,MED013,6,6,0,0,12,36
2026-02-20,ST009,MED014,9,9,0,0,0,38
2026-02-20,ST009,MED015,11,11,0,0,24,58
2026-02-20,ST009,MED016,4,4,0,24,0,58
2026-02-20,ST009,MED017,12,12,0,12,12,54
2026-02-20,ST009,MED018,8,8,0,24,24,34
2026-02-20,ST009,MED019,0,0,0,0,0,19
2026-02-20,ST009,MED020,6,6,0,0,0,31
2026-02-20,ST009,MED021,12,12,0,18,18,49
2026-02-20,ST009,MED022,2,2,0,0,0,20
2026-02-20,ST009,MED023,11,11,0,0,0,51
2026-02-20,ST009,MED024,10,10,0,0,12,39
2026-02-20,ST009,MED025,5,5,0,24,12,32
2026-02-20,ST009,MED026,9,9,0,0,24,53
2026-02-20,ST009,MED027,12,12,0,24,12,62
2026-02-20,ST009,MED028,9,9,0,0,0,30
2026-02-20,ST009,MED029,9,9,0,24,24,31
2026-02-20,ST009,MED030,5,5,0,18,6,22
2026-02-20,ST010,MED001,14,14,0,0,0,42
2026-02-20,ST010,MED002,11,11,0,12,12,36
2026-02-20,ST010,MED003,5,5,0,24,0,21
2026-02-20,ST010,MED004,6,6,0,12,0,38
2026-02-20,ST010,MED005,8,8,0,0,0,52
2026-02-20,ST010,MED006,9,9,0,0,12,44
2026-02-20,ST010,MED007,4,4,0,0,0,14
2026-02-20,ST010,MED008,8,4,4,0,0,0
2026-02-20,ST010,MED009,10,10,0,0,12,50
2026-02-20,ST010,MED010,6,6,0,12,12,24
2026-02-20,ST010,MED011,6,6,0,0,6,52
2026-02-20,ST010,MED012,9,9,0,12,0,67
2026-02-20,ST010,MED013,10,10,0,0,12,27
2026-02-20,ST010,MED014,6,6,0,0,0,43
2026-02-20,ST010,MED015,11,11,0,0,24,63
2026-02-20,ST010,MED016,8,8,0,24,0,35
2026-02-20,ST010,MED017,8,8,0,12,12,58
2026-02-20,ST010,MED018,3,3,0,0,0,35
2026-02-20,ST010,MED019,0,0,0,0,0,27
2026-02-20,ST010,MED020,9,9,0,48,0,51
2026-02-20,ST010,MED021,10,10,0,0,6,33
2026-02-20,ST010,MED022,6,6,0,0,6,30
2026-02-20,ST010,MED023,12,12,0,0,12,38
2026-02-20,ST010,MED024,20,20,0,24,36,47
2026-02-20,ST010,MED025,3,3,0,12,0,20
2026-02-20,ST010,MED026,11,11,0,0,0,48
2026-02-20,ST010,MED027,15,15,0,0,12,45
2026-02-20,ST010,MED028,4,0,4,0,0,0
2026-02-20,ST010,MED029,12,12,0,24,24,66
2026-02-20,ST010,MED030,7,7,0,0,6,27
2026-02-20,ST011,MED001,17,17,0,0,0,49
2026-02-20,ST011,MED002,13,13,0,18,12,59
2026-02-20,ST011,MED003,4,4,0,0,0,41
2026-02-20,ST011,MED004,7,7,0,0,0,33
2026-02-20,ST011,MED005,13,13,0,0,12,49
2026-02-20,ST011,MED006,11,11,0,12,12,52
2026-02-20,ST011,MED007,4,4,0,24,0,36
2026-02-20,ST011,MED008,5,5,0,0,0,38
2026-02-20,ST011,MED009,10,10,0,0,12,30
2026-02-20,ST011,MED010,2,2,0,0,0,16
2026-02-20,ST011,MED011,14,14,0,66,18,53
2026-02-20,ST011,MED012,15,15,0,24,24,53
2026-02-20,ST011,MED013,8,8,0,0,12,46
2026-02-20,ST011,MED014,4,4,0,24,0,44
2026-02-20,ST011,MED015,10,10,0,0,0,49
2026-02-20,ST011,MED016,8,8,0,24,0,46
2026-02-20,ST011,MED017,12,12,0,36,12,49
2026-02-20,ST011,MED018,7,7,0,24,0,38
2026-02-20,ST011,MED019,3,3,0,24,0,37
2026-02-20,ST011,MED020,9,9,0,24,0,20
2026-02-20,ST011,MED021,12,12,0,48,12,41
2026-02-20,ST011,MED022,6,6,0,0,6,30
2026-02-20,ST011,MED023,9,9,0,24,0,77
2026-02-20,ST011,MED024,12,12,0,0,12,33
2026-02-20,ST011,MED025,3,3,0,0,0,35
2026-02-20,ST011,MED026,12,12,0,0,0,74
2026-02-20,ST011,MED027,11,11,0,12,12,53
2026-02-20,ST011,MED028,12,12,0,0,24,35
2026-02-20,ST011,MED029,8,8,0,24,0,37
2026-02-20,ST011,MED030,3,3,0,6,0,26
2026-02-20,ST012,MED001,11,11,0,24,24,84
2026-02-20,ST012,MED002,16,16,0,36,18,47
2026-02-20,ST012,MED003,3,3,0,0,0,12
2026-02-20,ST012,MED004,9,9,0,12,12,54
2026-02-20,ST012,MED005,11,11,0,12,12,78
2026-02-20,ST012,MED006,12,12,0,24,12,66
2026-02-20,ST012,MED007,4,4,0,0,0,43
2026-02-20,ST012,MED008,2,2,0,0,0,26
2026-02-20,ST012,MED009,16,16,0,0,12,49
2026-02-20,ST012,MED010,7,7,0,0,12,32
2026-02-20,ST012,MED011,10,10,0,6,12,82
2026-02-20,ST012,MED012,11,11,0,60,0,69
2026-02-20,ST012,MED013,9,9,0,12,12,48
2026-02-20,ST012,MED014,9,9,0,0,0,31
2026-02-20,ST012,MED015,14,14,0,48,24,77
2026-02-20,ST012,MED016,11,11,0,24,24,60
2026-02-20,ST012,MED017,13,13,0,0,12,62
2026-02-20,ST012,MED018,4,4,0,24,0,67
2026-02-20,ST012,MED019,3,3,0,24,0,41
2026-02-20,ST012,MED020,11,11,0,0,24,32
2026-02-20,ST012,MED021,9,9,0,18,12,57
2026-02-20,ST012,MED022,8,8,0,0,6,25
2026-02-20,ST012,MED023,13,13,0,12,12,63
2026-02-20,ST012,MED024,13,13,0,108,12,95
2026-02-20,ST012,MED025,6,6,0,0,0,18
2026-02-20,ST012,MED026,15,15,0,0,24,1
2026-02-20,ST012,MED027,16,16,0,24,12,71
2026-02-20,ST012,MED028,9,9,0,0,0,29
2026-02-20,ST012,MED029,13,13,0,48,0,88
2026-02-20,ST012,MED030,4,4,0,0,6,21
2026-02-20,ST013,MED001,10,10,0,48,0,79
2026-02-20,ST013,MED002,14,14,0,0,18,49
2026-02-20,ST013,MED003,2,2,0,0,0,21
2026-02-20,ST013,MED004,12,12,0,0,12,64
2026-02-20,ST013,MED005,10,10,0,36,0,90
2026-02-20,ST013,MED006,17,17,0,48,24,45
2026-02-20,ST013,MED007,7,7,0,0,0,38
2026-02-20,ST013,MED008,3,3,0,0,0,21
2026-02-20,ST013,MED009,9,9,0,12,12,79
2026-02-20,ST013,MED010,5,0,5,0,0,0
2026-02-20,ST013,MED011,13,13,0,0,12,54
2026-02-20,ST013,MED012,13,13,0,84,12,71
2026-02-20,ST013,MED013,9,9,0,12,12,53
2026-02-20,ST013,MED014,8,8,0,48,0,56
2026-02-20,ST013,MED015,18,0,18,0,0,0
2026-02-20,ST013,MED016,11,11,0,0,0,30
2026-02-20,ST013,MED017,15,15,0,72,12,65
2026-02-20,ST013,MED018,6,6,0,0,0,42
2026-02-20,ST013,MED019,3,3,0,0,0,35
2026-02-20,ST013,MED020,12,12,0,0,0,48
2026-02-20,ST013,MED021,14,14,0,24,12,39
2026-02-20,ST013,MED022,7,7,0,0,6,42
2026-02-20,ST013,MED023,14,14,0,0,12,55
2026-02-20,ST013,MED024,16,16,0,84,24,68
2026-02-20,ST013,MED025,5,5,0,0,12,55
2026-02-20,ST013,MED026,14,14,0,0,0,51
2026-02-20,ST013,MED027,13,13,0,0,12,67
2026-02-20,ST013,MED028,6,6,0,24,24,61
2026-02-20,ST013,MED029,11,11,0,0,24,74
2026-02-20,ST013,MED030,6,6,0,0,6,28
2026-02-20,ST014,MED001,5,5,0,0,0,46
2026-02-20,ST014,MED002,8,8,0,0,6,29
2026-02-20,ST014,MED003,6,6,0,0,0,8
2026-02-20,ST014,MED004,6,6,0,0,12,31
2026-02-20,ST014,MED005,5,5,0,0,0,48
2026-02-20,ST014,MED006,9,9,0,12,12,16
2026-02-20,ST014,MED007,3,3,0,0,0,19
2026-02-20,ST014,MED008,2,2,0,0,0,27
2026-02-20,ST014,MED009,9,9,0,12,12,41
2026-02-20,ST014,MED010,2,2,0,0,0,30
2026-02-20,ST014,MED011,8,8,0,0,6,60
2026-02-20,ST014,MED012,5,5,0,0,0,51
2026-02-20,ST014,MED013,1,1,0,0,0,19
2026-02-20,ST014,MED014,4,4,0,0,0,26
2026-02-20,ST014,MED015,11,11,0,0,0,40
2026-02-20,ST014,MED016,5,5,0,0,0,30
2026-02-20,ST014,MED017,9,9,0,0,0,33
2026-02-20,ST014,MED018,4,4,0,0,0,29
2026-02-20,ST014,MED019,0,0,0,24,0,46
2026-02-20,ST014,MED020,8,8,0,0,0,30
2026-02-20,ST014,MED021,14,14,0,0,18,17
2026-02-20,ST014,MED022,8,8,0,0,12,25
2026-02-20,ST014,MED023,8,8,0,36,12,31
2026-02-20,ST014,MED024,7,7,0,0,12,57
2026-02-20,ST014,MED025,3,3,0,12,0,41
2026-02-20,ST014,MED026,7,7,0,0,0,53
2026-02-20,ST014,MED027,10,10,0,0,12,44
2026-02-20,ST014,MED028,5,5,0,0,0,40
2026-02-20,ST014,MED029,8,8,0,0,24,54
2026-02-20,ST014,MED030,4,4,0,12,6,33
2026-02-20,ST015,MED001,12,12,0,0,24,41
2026-02-20,ST015,MED002,4,4,0,18,0,51
2026-02-20,ST015,MED003,4,4,0,0,24,21
2026-02-20,ST015,MED004,7,7,0,0,12,38
2026-02-20,ST015,MED005,9,9,0,12,12,45
2026-02-20,ST015,MED006,10,10,0,0,12,35
2026-02-20,ST015,MED007,1,1,0,0,0,5
2026-02-20,ST015,MED008,6,6,0,12,12,18
2026-02-20,ST015,MED009,10,10,0,0,12,53
2026-02-20,ST015,MED010,0,0,0,0,0,19
2026-02-20,ST015,MED011,10,10,0,6,12,38
2026-02-20,ST015,MED012,12,12,0,0,12,45
2026-02-20,ST015,MED013,7,7,0,0,12,32
2026-02-20,ST015,MED014,3,3,0,0,0,43
2026-02-20,ST015,MED015,7,7,0,0,0,47
2026-02-20,ST015,MED016,3,3,0,48,0,51
2026-02-20,ST015,MED017,10,10,0,12,0,49
2026-02-20,ST015,MED018,3,3,0,0,0,32
2026-02-20,ST015,MED019,4,4,0,0,24,14
2026-02-20,ST015,MED020,7,7,0,0,0,26
2026-02-20,ST015,MED021,7,7,0,12,6,31
2026-02-20,ST015,MED022,6,6,0,0,6,25
2026-02-20,ST015,MED023,11,11,0,0,12,53
2026-02-20,ST015,MED024,9,9,0,36,0,46
2026-02-20,ST015,MED025,2,2,0,0,0,26
2026-02-20,ST015,MED026,10,10,0,0,24,39
2026-02-20,ST015,MED027,10,10,0,12,12,2
2026-02-20,ST015,MED028,4,4,0,24,0,62
2026-02-20,ST015,MED029,6,6,0,0,0,62
2026-02-20,ST015,MED030,6,6,0,0,6,16
2026-02-20,ST016,MED001,10,10,0,24,0,61
2026-02-20,ST016,MED002,7,7,0,0,6,47
2026-02-20,ST016,MED003,2,2,0,0,0,29
2026-02-20,ST016,MED004,9,9,0,0,12,21
2026-02-20,ST016,MED005,13,13,0,0,24,55
2026-02-20,ST016,MED006,14,14,0,0,12,52
2026-02-20,ST016,MED007,3,3,0,24,0,26
2026-02-20,ST016,MED008,2,2,0,0,0,17
2026-02-20,ST016,MED009,6,6,0,12,0,48
2026-02-20,ST016,MED010,0,0,0,0,0,26
2026-02-20,ST016,MED011,13,13,0,12,18,34
2026-02-20,ST016,MED012,10,10,0,12,12,54
2026-02-20,ST016,MED013,5,5,0,0,0,40
2026-02-20,ST016,MED014,1,0,1,0,0,0
2026-02-20,ST016,MED015,10,10,0,96,24,86
2026-02-20,ST016,MED016,4,4,0,0,0,42
2026-02-20,ST016,MED017,6,6,0,0,0,51
2026-02-20,ST016,MED018,9,9,0,48,0,48
2026-02-20,ST016,MED019,3,3,0,24,0,29
2026-02-20,ST016,MED020,12,2,10,0,24,0
2026-02-20,ST016,MED021,13,13,0,0,12,34
2026-02-20,ST016,MED022,5,5,0,0,0,24
2026-02-20,ST016,MED023,12,12,0,12,12,50
2026-02-20,ST016,MED024,9,9,0,0,0,60
2026-02-20,ST016,MED025,7,7,0,12,12,38
2026-02-20,ST016,MED026,7,7,0,0,0,57
2026-02-20,ST016,MED027,14,14,0,12,12,39
2026-02-20,ST016,MED028,5,5,0,0,24,44
2026-02-20,ST016,MED029,6,6,0,0,0,42
2026-02-20,ST016,MED030,2,2,0,6,0,30
2026-02-20,ST017,MED001,11,11,0,0,0,64
2026-02-20,ST017,MED002,10,10,0,0,12,39
2026-02-20,ST017,MED003,4,4,0,0,24,22
2026-02-20,ST017,MED004,9,9,0,24,0,47
2026-02-20,ST017,MED005,14,14,0,0,12,55
2026-02-20,ST017,MED006,10,10,0,12,12,64
2026-02-20,ST017,MED007,3,3,0,0,24,21
2026-02-20,ST017,MED008,1,1,0,0,0,20
2026-02-20,ST017,MED009,10,10,0,72,12,70
2026-02-20,ST017,MED010,4,4,0,0,12,27
2026-02-20,ST017,MED011,12,12,0,24,12,12
2026-02-20,ST017,MED012,12,12,0,0,12,31
2026-02-20,ST017,MED013,3,3,0,12,0,40
2026-02-20,ST017,MED014,7,7,0,0,0,32
2026-02-20,ST017,MED015,17,17,0,0,0,55
2026-02-20,ST017,MED016,6,6,0,0,0,28
2026-02-20,ST017,MED017,11,11,0,12,12,46
2026-02-20,ST017,MED018,7,7,0,24,24,42
2026-02-20,ST017,MED019,2,2,0,0,0,10
2026-02-20,ST017,MED020,9,9,0,0,0,32
2026-02-20,ST017,MED021,13,13,0,60,12,55
2026-02-20,ST017,MED022,8,8,0,18,12,37
2026-02-20,ST017,MED023,10,10,0,0,12,36
2026-02-20,ST017,MED024,11,11,0,12,12,62
2026-02-20,ST017,MED025,8,8,0,48,0,40
2026-02-20,ST017,MED026,9,9,0,24,0,22
2026-02-20,ST017,MED027,12,5,7,0,0,0
2026-02-20,ST017,MED028,9,9,0,48,0,39
2026-02-20,ST017,MED029,6,6,0,0,0,33
2026-02-20,ST017,MED030,5,5,0,0,6,4
2026-02-20,ST018,MED001,13,13,0,0,24,63
2026-02-20,ST018,MED002,12,12,0,0,0,49
2026-02-20,ST018,MED003,0,0,0,0,0,35
2026-02-20,ST018,MED004,6,6,0,24,0,64
2026-02-20,ST018,MED005,15,15,0,0,12,67
2026-02-20,ST018,MED006,16,16,0,0,24,45
2026-02-20,ST018,MED007,4,4,0,0,0,26
2026-02-20,ST018,MED008,4,4,0,0,12,18
2026-02-20,ST018,MED009,10,10,0,0,12,64
2026-02-20,ST018,MED010,5,5,0,0,12,25
2026-02-20,ST018,MED011,12,12,0,0,12,57
2026-02-20,ST018,MED012,10,10,0,24,12,47
2026-02-20,ST018,MED013,10,10,0,12,12,41
2026-02-20,ST018,MED014,6,6,0,0,24,56
2026-02-20,ST018,MED015,13,13,0,0,24,53
2026-02-20,ST018,MED016,7,7,0,24,0,57
2026-02-20,ST018,MED017,12,12,0,24,12,30
2026-02-20,ST018,MED018,9,9,0,0,0,39
2026-02-20,ST018,MED019,4,4,0,0,0,12
2026-02-20,ST018,MED020,6,6,0,0,24,27
2026-02-20,ST018,MED021,19,19,0,60,24,41
2026-02-20,ST018,MED022,7,7,0,0,6,38
2026-02-20,ST018,MED023,10,10,0,12,0,73
2026-02-20,ST018,MED024,11,11,0,0,12,52
2026-02-20,ST018,MED025,5,5,0,24,0,24
2026-02-20,ST018,MED026,11,11,0,0,24,43
2026-02-20,ST018,MED027,12,12,0,12,12,58
2026-02-20,ST018,MED028,7,7,0,72,0,65
2026-02-20,ST018,MED029,9,9,0,48,0,54
2026-02-20,ST018,MED030,4,4,0,0,6,27
2026-02-20,ST019,MED001,10,10,0,0,24,61
2026-02-20,ST019,MED002,14,14,0,30,12,68
2026-02-20,ST019,MED003,2,2,0,0,0,31
2026-02-20,ST019,MED004,12,12,0,0,12,32
2026-02-20,ST019,MED005,14,14,0,0,12,65
2026-02-20,ST019,MED006,10,10,0,0,0,38
2026-02-20,ST019,MED007,5,5,0,0,24,28
2026-02-20,ST019,MED008,7,7,0,12,12,26
2026-02-20,ST019,MED009,9,9,0,24,12,70
2026-02-20,ST019,MED010,4,4,0,24,0,31
2026-02-20,ST019,MED011,14,14,0,0,12,43
2026-02-20,ST019,MED012,13,13,0,0,12,37
2026-02-20,ST019,MED013,7,7,0,36,0,53
2026-02-20,ST019,MED014,5,5,0,0,24,40
2026-02-20,ST019,MED015,14,14,0,24,24,70
2026-02-20,ST019,MED016,10,10,0,0,24,29
2026-02-20,ST019,MED017,13,13,0,0,12,53
2026-02-20,ST019,MED018,5,5,0,0,24,53
2026-02-20,ST019,MED019,6,6,0,24,0,31
2026-02-20,ST019,MED020,7,7,0,24,0,17
2026-02-20,ST019,MED021,13,13,0,0,12,41
2026-02-20,ST019,MED022,7,7,0,0,6,60
2026-02-20,ST019,MED023,11,11,0,12,12,50
2026-02-20,ST019,MED024,16,16,0,0,12,68
2026-02-20,ST019,MED025,8,8,0,12,12,23
2026-02-20,ST019,MED026,16,16,0,0,24,63
2026-02-20,ST019,MED027,15,15,0,0,12,61
2026-02-20,ST019,MED028,6,6,0,48,0,61
2026-02-20,ST019,MED029,10,10,0,0,24,53
2026-02-20,ST019,MED030,4,4,0,0,6,32
2026-02-20,ST020,MED001,13,13,0,24,24,95
2026-02-20,ST020,MED002,11,11,0,18,6,49
2026-02-20,ST020,MED003,1,1,0,24,0,27
2026-02-20,ST020,MED004,11,11,0,0,12,35
2026-02-20,ST020,MED005,14,14,0,0,12,47
2026-02-20,ST020,MED006,13,13,0,96,12,83
2026-02-20,ST020,MED007,6,6,0,0,0,25
2026-02-20,ST020,MED008,2,2,0,0,0,30
2026-02-20,ST020,MED009,13,13,0,0,12,20
2026-02-20,ST020,MED010,4,4,0,0,0,21
2026-02-20,ST020,MED011,11,11,0,12,12,48
2026-02-20,ST020,MED012,14,14,0,60,12,68
2026-02-20,ST020,MED013,10,10,0,0,12,39
2026-02-20,ST020,MED014,5,5,0,0,0,61
2026-02-20,ST020,MED015,18,18,0,0,24,51
2026-02-20,ST020,MED016,10,10,0,0,24,41
2026-02-20,ST020,MED017,16,16,0,0,24,55
2026-02-20,ST020,MED018,6,6,0,0,24,28
2026-02-20,ST020,MED019,3,3,0,0,0,28
2026-02-20,ST020,MED020,11,11,0,0,24,36
2026-02-20,ST020,MED021,10,10,0,12,6,2
2026-02-20,ST020,MED022,12,12,0,60,12,48
2026-02-20,ST020,MED023,15,15,0,24,12,49
2026-02-20,ST020,MED024,15,15,0,0,12,63
2026-02-20,ST020,MED025,9,9,0,12,12,27
2026-02-20,ST020,MED026,13,13,0,24,0,65
2026-02-20,ST020,MED027,19,19,0,120,24,101
2026-02-20,ST020,MED028,7,7,0,0,0,37
2026-02-20,ST020,MED029,15,15,0,72,24,78
2026-02-20,ST020,MED030,11,11,0,0,12,31
2026-02-20,ST021,MED001,8,8,0,0,24,58
2026-02-20,ST021,MED002,6,6,0,0,6,39
2026-02-20,ST021,MED003,5,5,0,0,0,15
2026-02-20,ST021,MED004,5,5,0,0,0,50
2026-02-20,ST021,MED005,9,9,0,0,0,37
2026-02-20,ST021,MED006,4,4,0,0,0,37
2026-02-20,ST021,MED007,3,3,0,0,0,35
2026-02-20,ST021,MED008,0,0,0,0,0,14
2026-02-20,ST021,MED009,8,8,0,0,12,41
2026-02-20,ST021,MED010,1,1,0,0,0,31
2026-02-20,ST021,MED011,6,6,0,0,0,51
2026-02-20,ST021,MED012,6,6,0,0,0,25
2026-02-20,ST021,MED013,5,5,0,12,12,38
2026-02-20,ST021,MED014,0,0,0,0,0,49
2026-02-20,ST021,MED015,5,5,0,24,24,55
2026-02-20,ST021,MED016,5,5,0,0,24,34
2026-02-20,ST021,MED017,14,14,0,12,12,32
2026-02-20,ST021,MED018,3,3,0,0,0,40
2026-02-20,ST021,MED019,2,2,0,0,0,30
2026-02-20,ST021,MED020,6,6,0,24,0,28
2026-02-20,ST021,MED021,8,8,0,0,6,47
2026-02-20,ST021,MED022,3,3,0,0,0,36
2026-02-20,ST021,MED023,5,5,0,0,12,42
2026-02-20,ST021,MED024,11,11,0,12,12,43
2026-02-20,ST021,MED025,6,6,0,0,12,9
2026-02-20,ST021,MED026,9,9,0,0,0,48
2026-02-20,ST021,MED027,11,11,0,0,12,48
2026-02-20,ST021,MED028,5,5,0,0,0,23
2026-02-20,ST021,MED029,6,6,0,0,24,32
2026-02-20,ST021,MED030,6,6,0,6,6,10
2026-02-20,ST022,MED001,11,11,0,72,0,72
2026-02-20,ST022,MED002,10,10,0,0,12,38
2026-02-20,ST022,MED003,4,4,0,24,24,22
2026-02-20,ST022,MED004,9,9,0,12,12,47
2026-02-20,ST022,MED005,6,6,0,0,12,58
2026-02-20,ST022,MED006,7,7,0,24,0,37
2026-02-20,ST022,MED007,5,5,0,0,0,21
2026-02-20,ST022,MED008,2,2,0,0,0,20
2026-02-20,ST022,MED009,7,7,0,12,12,56
2026-02-20,ST022,MED010,3,3,0,0,0,7
2026-02-20,ST022,MED011,11,11,0,12,12,47
2026-02-20,ST022,MED012,11,11,0,0,12,41
2026-02-20,ST022,MED013,7,7,0,0,0,32
2026-02-20,ST022,MED014,9,9,0,0,0,39
2026-02-20,ST022,MED015,11,11,0,0,24,46
2026-02-20,ST022,MED016,6,6,0,24,0,24
2026-02-20,ST022,MED017,10,0,10,0,0,0
2026-02-20,ST022,MED018,4,4,0,0,0,15
2026-02-20,ST022,MED019,2,2,0,24,0,33
2026-02-20,ST022,MED020,13,13,0,0,24,38
2026-02-20,ST022,MED021,7,7,0,12,6,47
2026-02-20,ST022,MED022,3,3,0,0,6,31
2026-02-20,ST022,MED023,14,14,0,0,12,42
2026-02-20,ST022,MED024,11,11,0,0,12,48
2026-02-20,ST022,MED025,4,4,0,12,0,36
2026-02-20,ST022,MED026,10,10,0,48,24,71
2026-02-20,ST022,MED027,10,10,0,0,12,43
2026-02-20,ST022,MED028,4,4,0,0,0,26
2026-02-20,ST022,MED029,6,6,0,0,0,45
2026-02-20,ST022,MED030,0,0,0,0,0,21
2026-02-20,ST023,MED001,9,9,0,0,0,34
2026-02-20,ST023,MED002,10,10,0,6,6,23
2026-02-20,ST023,MED003,1,1,0,24,0,23
2026-02-20,ST023,MED004,11,11,0,0,12,19
2026-02-20,ST023,MED005,13,13,0,12,12,52
2026-02-20,ST023,MED006,9,9,0,0,12,49
2026-02-20,ST023,MED007,2,2,0,0,0,34
2026-02-20,ST023,MED008,2,2,0,0,0,18
2026-02-20,ST023,MED009,10,10,0,0,12,20
2026-02-20,ST023,MED010,6,6,0,0,12,8
2026-02-20,ST023,MED011,10,10,0,0,12,40
2026-02-20,ST023,MED012,6,6,0,24,0,23
2026-02-20,ST023,MED013,6,6,0,0,12,28
2026-02-20,ST023,MED014,4,4,0,0,0,36
2026-02-20,ST023,MED015,14,14,0,0,24,35
2026-02-20,ST023,MED016,10,10,0,24,0,37
2026-02-20,ST023,MED017,10,10,0,72,12,67
2026-02-20,ST023,MED018,7,7,0,0,0,39
2026-02-20,ST023,MED019,3,3,0,0,0,20
2026-02-20,ST023,MED020,7,7,0,0,0,26
2026-02-20,ST023,MED021,12,12,0,0,12,45
2026-02-20,ST023,MED022,7,0,7,0,0,0
2026-02-20,ST023,MED023,5,5,0,36,0,51
2026-02-20,ST023,MED024,7,7,0,24,0,55
2026-02-20,ST023,MED025,7,7,0,0,12,27
2026-02-20,ST023,MED026,10,10,0,0,24,63
2026-02-20,ST023,MED027,10,10,0,0,0,59
2026-02-20,ST023,MED028,10,10,0,24,24,46
2026-02-20,ST023,MED029,5,5,0,0,24,62
2026-02-20,ST023,MED030,4,4,0,18,0,28
2026-02-20,ST024,MED001,14,14,0,0,0,38
2026-02-20,ST024,MED002,8,8,0,12,6,46
2026-02-20,ST024,MED003,7,7,0,0,0,19
2026-02-20,ST024,MED004,9,9,0,12,12,44
2026-02-20,ST024,MED005,12,12,0,12,24,49
2026-02-20,ST024,MED006,12,12,0,0,12,51
2026-02-20,ST024,MED007,5,5,0,0,0,1
2026-02-20,ST024,MED008,4,4,0,0,0,15
2026-02-20,ST024,MED009,13,13,0,0,24,51
2026-02-20,ST024,MED010,5,5,0,12,0,16
2026-02-20,ST024,MED011,9,9,0,54,6,58
2026-02-20,ST024,MED012,10,10,0,0,12,40
2026-02-20,ST024,MED013,12,12,0,0,24,31
2026-02-20,ST024,MED014,8,8,0,0,24,19
2026-02-20,ST024,MED015,13,13,0,0,0,69
2026-02-20,ST024,MED016,8,8,0,0,0,37
2026-02-20,ST024,MED017,11,11,0,36,12,59
2026-02-20,ST024,MED018,7,7,0,24,24,48
2026-02-20,ST024,MED019,0,0,0,0,0,29
2026-02-20,ST024,MED020,6,6,0,72,0,66
2026-02-20,ST024,MED021,7,7,0,0,6,24
2026-02-20,ST024,MED022,11,11,0,42,12,39
2026-02-20,ST024,MED023,10,10,0,12,0,73
2026-02-20,ST024,MED024,16,16,0,12,24,0
2026-02-20,ST024,MED025,9,9,0,12,12,16
2026-02-20,ST024,MED026,11,11,0,24,24,58
2026-02-20,ST024,MED027,10,10,0,24,0,63
2026-02-20,ST024,MED028,5,5,0,0,0,40
2026-02-20,ST024,MED029,13,13,0,0,24,41
2026-02-20,ST024,MED030,4,4,0,18,6,36
2026-02-20,ST025,MED001,12,12,0,72,24,84
2026-02-20,ST025,MED002,13,13,0,12,12,42
2026-02-20,ST025,MED003,1,1,0,0,0,38
2026-02-20,ST025,MED004,10,10,0,0,12,32
2026-02-20,ST025,MED005,13,13,0,0,12,48
2026-02-20,ST025,MED006,11,11,0,24,12,39
2026-02-20,ST025,MED007,3,3,0,24,0,25
2026-02-20,ST025,MED008,2,2,0,0,0,24
2026-02-20,ST025,MED009,12,12,0,0,12,51
2026-02-20,ST025,MED010,4,4,0,24,12,28
2026-02-20,ST025,MED011,8,8,0,36,6,47
2026-02-20,ST025,MED012,11,11,0,0,12,41
2026-02-20,ST025,MED013,5,5,0,12,12,60
2026-02-20,ST025,MED014,6,6,0,0,0,39
2026-02-20,ST025,MED015,17,17,0,0,0,53
2026-02-20,ST025,MED016,8,8,0,0,0,44
2026-02-20,ST025,MED017,13,13,0,0,24,36
2026-02-20,ST025,MED018,8,8,0,0,0,35
2026-02-20,ST025,MED019,8,8,0,0,24,33
2026-02-20,ST025,MED020,7,7,0,0,0,29
2026-02-20,ST025,MED021,12,12,0,0,12,41
2026-02-20,ST025,MED022,5,5,0,24,6,68
2026-02-20,ST025,MED023,13,13,0,0,12,41
2026-02-20,ST025,MED024,11,11,0,36,12,71
2026-02-20,ST025,MED025,5,5,0,0,12,31
2026-02-20,ST025,MED026,9,9,0,24,0,66
2026-02-20,ST025,MED027,12,12,0,0,12,46
2026-02-20,ST025,MED028,6,6,0,24,0,52
2026-02-20,ST025,MED029,12,12,0,0,24,35
2026-02-20,ST025,MED030,6,6,0,0,6,19
2026-02-20,ST026,MED001,17,17,0,0,24,48
2026-02-20,ST026,MED002,13,13,0,54,12,54
2026-02-20,ST026,MED003,1,1,0,0,0,45
2026-02-20,ST026,MED004,8,8,0,0,0,51
2026-02-20,ST026,MED005,13,13,0,0,12,65
2026-02-20,ST026,MED006,16,16,0,24,24,44
2026-02-20,ST026,MED007,5,5,0,0,0,43
2026-02-20,ST026,MED008,4,4,0,12,0,15
2026-02-20,ST026,MED009,8,8,0,0,0,53
2026-02-20,ST026,MED010,0,0,0,0,0,33
2026-02-20,ST026,MED011,12,12,0,6,12,47
2026-02-20,ST026,MED012,11,11,0,0,12,44
2026-02-20,ST026,MED013,8,8,0,0,12,47
2026-02-20,ST026,MED014,5,5,0,0,24,46
2026-02-20,ST026,MED015,14,14,0,0,0,43
2026-02-20,ST026,MED016,5,5,0,48,0,48
2026-02-20,ST026,MED017,13,13,0,0,12,69
2026-02-20,ST026,MED018,8,8,0,0,24,30
2026-02-20,ST026,MED019,2,2,0,0,0,26
2026-02-20,ST026,MED020,5,5,0,24,0,72
2026-02-20,ST026,MED021,12,12,0,0,12,35
2026-02-20,ST026,MED022,10,10,0,0,12,34
2026-02-20,ST026,MED023,13,13,0,0,12,43
2026-02-20,ST026,MED024,15,15,0,0,12,49
2026-02-20,ST026,MED025,9,9,0,0,12,46
2026-02-20,ST026,MED026,16,16,0,0,24,52
2026-02-20,ST026,MED027,14,14,0,24,12,60
2026-02-20,ST026,MED028,9,9,0,0,24,26
2026-02-20,ST026,MED029,10,0,10,0,0,0
2026-02-20,ST026,MED030,2,2,0,6,0,37
2026-02-20,ST027,MED001,12,12,0,0,0,92
2026-02-20,ST027,MED002,12,12,0,90,6,90
2026-02-20,ST027,MED003,5,5,0,0,24,30
2026-02-20,ST027,MED004,12,12,0,0,12,31
2026-02-20,ST027,MED005,14,14,0,0,12,52
2026-02-20,ST027,MED006,16,16,0,0,24,56
2026-02-20,ST027,MED007,5,5,0,48,0,43
2026-02-20,ST027,MED008,5,5,0,0,12,25
2026-02-20,ST027,MED009,7,7,0,12,12,48
2026-02-20,ST027,MED010,3,3,0,12,0,22
2026-02-20,ST027,MED011,13,13,0,12,12,77
2026-02-20,ST027,MED012,13,13,0,36,12,55
2026-02-20,ST027,MED013,8,8,0,24,12,44
2026-02-20,ST027,MED014,4,4,0,24,0,23
2026-02-20,ST027,MED015,16,16,0,0,24,56
2026-02-20,ST027,MED016,10,10,0,0,0,17
2026-02-20,ST027,MED017,8,8,0,0,12,74
2026-02-20,ST027,MED018,9,9,0,0,0,31
2026-02-20,ST027,MED019,2,2,0,0,0,36
2026-02-20,ST027,MED020,9,9,0,0,24,66
2026-02-20,ST027,MED021,16,16,0,18,18,56
2026-02-20,ST027,MED022,11,11,0,6,12,40
2026-02-20,ST027,MED023,13,13,0,12,12,60
2026-02-20,ST027,MED024,14,14,0,0,12,51
2026-02-20,ST027,MED025,6,6,0,12,12,44
2026-02-20,ST027,MED026,14,14,0,0,0,78
2026-02-20,ST027,MED027,13,8,5,0,12,0
2026-02-20,ST027,MED028,7,7,0,0,0,39
2026-02-20,ST027,MED029,12,12,0,24,0,63
2026-02-20,ST027,MED030,5,5,0,18,6,37
2026-02-20,ST028,MED001,11,11,0,0,24,23
2026-02-20,ST028,MED002,12,12,0,30,12,33
2026-02-20,ST028,MED003,0,0,0,0,0,12
2026-02-20,ST028,MED004,7,7,0,0,12,33
2026-02-20,ST028,MED005,5,5,0,0,0,30
2026-02-20,ST028,MED006,10,10,0,0,12,36
2026-02-20,ST028,MED007,6,6,0,0,24,15
2026-02-20,ST028,MED008,5,5,0,0,12,17
2026-02-20,ST028,MED009,8,8,0,0,0,29
2026-02-20,ST028,MED010,5,5,0,24,0,33
2026-02-20,ST028,MED011,11,11,0,0,12,14
2026-02-20,ST028,MED012,6,6,0,0,0,55
2026-02-20,ST028,MED013,10,10,0,24,12,38
2026-02-20,ST028,MED014,11,11,0,0,0,42
2026-02-20,ST028,MED015,10,10,0,0,0,40
2026-02-20,ST028,MED016,5,5,0,24,0,39
2026-02-20,ST028,MED017,10,10,0,0,12,55
2026-02-20,ST028,MED018,6,6,0,0,0,22
2026-02-20,ST028,MED019,4,4,0,0,24,17
2026-02-20,ST028,MED020,8,8,0,0,0,41
2026-02-20,ST028,MED021,11,11,0,0,12,20
2026-02-20,ST028,MED022,7,7,0,0,0,39
2026-02-20,ST028,MED023,10,10,0,12,0,38
2026-02-20,ST028,MED024,3,3,0,0,0,50
2026-02-20,ST028,MED025,3,3,0,24,0,24
2026-02-20,ST028,MED026,7,7,0,0,0,54
2026-02-20,ST028,MED027,14,14,0,0,12,46
2026-02-20,ST028,MED028,8,8,0,24,0,38
2026-02-20,ST028,MED029,4,4,0,0,0,37
2026-02-20,ST028,MED030,5,5,0,0,0,19
2026-02-20,ST029,MED001,6,6,0,0,0,28
2026-02-20,ST029,MED002,9,0,9,0,0,0
2026-02-20,ST029,MED003,3,3,0,0,0,17
2026-02-20,ST029,MED004,9,9,0,0,12,35
2026-02-20,ST029,MED005,5,5,0,0,0,53
2026-02-20,ST029,MED006,11,11,0,0,12,24
2026-02-20,ST029,MED007,0,0,0,0,0,23
2026-02-20,ST029,MED008,5,5,0,12,12,23
2026-02-20,ST029,MED009,8,8,0,0,12,34
2026-02-20,ST029,MED010,4,4,0,0,12,5
2026-02-20,ST029,MED011,8,8,0,0,12,23
2026-02-20,ST029,MED012,6,6,0,12,0,26
2026-02-20,ST029,MED013,5,5,0,0,0,37
2026-02-20,ST029,MED014,2,2,0,0,0,7
2026-02-20,ST029,MED015,12,12,0,0,0,41
2026-02-20,ST029,MED016,8,8,0,0,24,11
2026-02-20,ST029,MED017,13,13,0,24,12,48
2026-02-20,ST029,MED018,9,9,0,0,24,41
2026-02-20,ST029,MED019,2,2,0,0,0,36
2026-02-20,ST029,MED020,7,7,0,0,0,31
2026-02-20,ST029,MED021,8,8,0,0,6,39
2026-02-20,ST029,MED022,6,6,0,6,6,28
2026-02-20,ST029,MED023,9,9,0,0,0,53
2026-02-20,ST029,MED024,7,7,0,0,12,53
2026-02-20,ST029,MED025,4,4,0,0,0,16
2026-02-20,ST029,MED026,10,10,0,0,24,45
2026-02-20,ST029,MED027,5,5,0,0,0,50
2026-02-20,ST029,MED028,5,5,0,24,0,40
2026-02-20,ST029,MED029,8,8,0,0,0,47
2026-02-20,ST029,MED030,3,3,0,6,6,27
2026-02-20,ST030,MED001,10,10,0,0,0,42
2026-02-20,ST030,MED002,10,10,0,6,6,65
2026-02-20,ST030,MED003,7,7,0,0,24,23
2026-02-20,ST030,MED004,2,2,0,24,0,49
2026-02-20,ST030,MED005,11,11,0,0,12,34
2026-02-20,ST030,MED006,7,7,0,12,12,55
2026-02-20,ST030,MED007,8,8,0,0,24,18
2026-02-20,ST030,MED008,2,2,0,12,0,19
2026-02-20,ST030,MED009,8,8,0,0,12,35
2026-02-20,ST030,MED010,3,3,0,12,0,23
2026-02-20,ST030,MED011,8,8,0,6,0,37
2026-02-20,ST030,MED012,11,11,0,12,12,56
2026-02-20,ST030,MED013,7,7,0,0,0,37
2026-02-20,ST030,MED014,2,2,0,0,0,24
2026-02-20,ST030,MED015,8,8,0,0,0,40
2026-02-20,ST030,MED016,7,7,0,0,0,41
2026-02-20,ST030,MED017,11,11,0,60,12,49
2026-02-20,ST030,MED018,2,2,0,0,0,18
2026-02-20,ST030,MED019,6,6,0,0,24,21
2026-02-20,ST030,MED020,10,10,0,0,24,26
2026-02-20,ST030,MED021,8,8,0,54,6,46
2026-02-20,ST030,MED022,8,8,0,36,12,28
2026-02-20,ST030,MED023,11,11,0,12,12,40
2026-02-20,ST030,MED024,13,13,0,24,24,58
2026-02-20,ST030,MED025,4,4,0,12,0,39
2026-02-20,ST030,MED026,12,12,0,0,24,47
2026-02-20,ST030,MED027,6,6,0,0,0,62
2026-02-20,ST030,MED028,8,8,0,0,24,24
2026-02-20,ST030,MED029,8,8,0,0,0,36
2026-02-20,ST030,MED030,2,2,0,18,0,38
2026-02-20,ST031,MED001,10,10,0,0,0,59
2026-02-20,ST031,MED002,9,9,0,6,6,41
2026-02-20,ST031,MED003,7,0,7,0,0,0
2026-02-20,ST031,MED004,8,8,0,0,12,32
2026-02-20,ST031,MED005,15,15,0,12,12,37
2026-02-20,ST031,MED006,9,9,0,0,0,52
2026-02-20,ST031,MED007,3,3,0,0,0,36
2026-02-20,ST031,MED008,4,4,0,0,12,22
2026-02-20,ST031,MED009,10,10,0,12,12,70
2026-02-20,ST031,MED010,1,1,0,12,0,36
2026-02-20,ST031,MED011,12,12,0,24,12,44
2026-02-20,ST031,MED012,8,8,0,0,0,39
2026-02-20,ST031,MED013,9,9,0,0,12,33
2026-02-20,ST031,MED014,4,4,0,0,0,25
2026-02-20,ST031,MED015,9,9,0,24,24,68
2026-02-20,ST031,MED016,5,5,0,0,24,29
2026-02-20,ST031,MED017,9,9,0,12,12,47
2026-02-20,ST031,MED018,4,4,0,48,0,46
2026-02-20,ST031,MED019,3,3,0,0,0,33
2026-02-20,ST031,MED020,5,5,0,48,0,43
2026-02-20,ST031,MED021,13,13,0,0,12,49
2026-02-20,ST031,MED022,10,10,0,18,12,16
2026-02-20,ST031,MED023,10,10,0,0,12,53
2026-02-20,ST031,MED024,11,11,0,12,12,76
2026-02-20,ST031,MED025,6,6,0,24,0,31
2026-02-20,ST031,MED026,10,10,0,72,0,80
2026-02-20,ST031,MED027,14,14,0,0,12,43
2026-02-20,ST031,MED028,9,9,0,0,24,36
2026-02-20,ST031,MED029,10,10,0,0,24,44
2026-02-20,ST031,MED030,3,3,0,0,6,20
2026-02-20,ST032,MED001,14,14,0,0,0,12
2026-02-20,ST032,MED002,12,12,0,0,12,40
2026-02-20,ST032,MED003,3,3,0,24,0,30
2026-02-20,ST032,MED004,12,12,0,12,12,41
2026-02-20,ST032,MED005,17,17,0,0,12,4
2026-02-20,ST032,MED006,8,8,0,84,0,76
2026-02-20,ST032,MED007,1,1,0,0,0,23
2026-02-20,ST032,MED008,5,5,0,12,0,15
2026-02-20,ST032,MED009,8,8,0,12,0,69
2026-02-20,ST032,MED010,0,0,0,0,0,44
2026-02-20,ST032,MED011,12,12,0,12,12,43
2026-02-20,ST032,MED012,14,14,0,12,12,45
2026-02-20,ST032,MED013,11,11,0,0,12,32
2026-02-20,ST032,MED014,4,4,0,0,0,34
2026-02-20,ST032,MED015,11,11,0,48,0,100
2026-02-20,ST032,MED016,6,6,0,0,0,45
2026-02-20,ST032,MED017,10,10,0,24,12,63
2026-02-20,ST032,MED018,8,8,0,0,24,35
2026-02-20,ST032,MED019,0,0,0,24,0,37
2026-02-20,ST032,MED020,8,8,0,24,24,52
2026-02-20,ST032,MED021,14,14,0,0,18,30
2026-02-20,ST032,MED022,6,6,0,0,0,38
2026-02-20,ST032,MED023,13,13,0,24,12,48
2026-02-20,ST032,MED024,17,17,0,12,24,60
2026-02-20,ST032,MED025,7,7,0,0,12,29
2026-02-20,ST032,MED026,9,9,0,24,0,98
2026-02-20,ST032,MED027,10,10,0,24,12,58
2026-02-20,ST032,MED028,7,7,0,0,0,38
2026-02-20,ST032,MED029,13,13,0,0,24,69
2026-02-20,ST032,MED030,9,9,0,12,12,18
2026-02-20,ST033,MED001,12,12,0,0,24,45
2026-02-20,ST033,MED002,15,15,0,0,12,52
2026-02-20,ST033,MED003,0,0,0,24,0,40
2026-02-20,ST033,MED004,10,10,0,36,12,54
2026-02-20,ST033,MED005,16,16,0,0,12,46
2026-02-20,ST033,MED006,13,12,1,12,12,0
2026-02-20,ST033,MED007,8,8,0,0,0,18
2026-02-20,ST033,MED008,2,2,0,0,0,21
2026-02-20,ST033,MED009,13,13,0,12,12,50
2026-02-20,ST033,MED010,6,6,0,0,12,22
2026-02-20,ST033,MED011,10,10,0,18,6,58
2026-02-20,ST033,MED012,10,10,0,48,12,64
2026-02-20,ST033,MED013,6,6,0,48,0,51
2026-02-20,ST033,MED014,6,6,0,0,24,38
2026-02-20,ST033,MED015,15,15,0,0,24,76
2026-02-20,ST033,MED016,6,6,0,0,24,7
2026-02-20,ST033,MED017,11,11,0,24,12,78
2026-02-20,ST033,MED018,9,9,0,0,0,35
2026-02-20,ST033,MED019,1,1,0,0,0,19
2026-02-20,ST033,MED020,8,8,0,24,24,63
2026-02-20,ST033,MED021,11,11,0,0,12,55
2026-02-20,ST033,MED022,8,8,0,0,6,29
2026-02-20,ST033,MED023,15,15,0,0,12,48
2026-02-20,ST033,MED024,17,17,0,0,12,49
2026-02-20,ST033,MED025,8,8,0,0,0,17
2026-02-20,ST033,MED026,14,14,0,24,24,66
2026-02-20,ST033,MED027,17,17,0,0,24,51
2026-02-20,ST033,MED028,7,7,0,48,0,41
2026-02-20,ST033,MED029,11,11,0,0,24,43
2026-02-20,ST033,MED030,7,7,0,24,12,17
2026-02-20,ST034,MED001,20,20,0,48,24,60
2026-02-20,ST034,MED002,11,11,0,30,6,71
2026-02-20,ST034,MED003,3,3,0,48,0,45
2026-02-20,ST034,MED004,14,14,0,12,12,61
2026-02-20,ST034,MED005,29,29,0,24,36,51
2026-02-20,ST034,MED006,13,13,0,0,24,62
2026-02-20,ST034,MED007,7,7,0,0,24,32
2026-02-20,ST034,MED008,5,5,0,0,0,20
2026-02-20,ST034,MED009,15,15,0,12,12,57
2026-02-20,ST034,MED010,7,7,0,0,0,8
2026-02-20,ST034,MED011,11,11,0,36,6,74
2026-02-20,ST034,MED012,11,11,0,0,12,76
2026-02-20,ST034,MED013,9,9,0,0,12,41
2026-02-20,ST034,MED014,3,3,0,0,0,45
2026-02-20,ST034,MED015,14,14,0,48,24,44
2026-02-20,ST034,MED016,8,8,0,0,24,37
2026-02-20,ST034,MED017,12,12,0,12,12,86
2026-02-20,ST034,MED018,11,11,0,0,0,42
2026-02-20,ST034,MED019,5,5,0,0,24,30
2026-02-20,ST034,MED020,7,7,0,24,24,62
2026-02-20,ST034,MED021,15,15,0,0,18,42
2026-02-20,ST034,MED022,4,4,0,30,0,52
2026-02-20,ST034,MED023,14,14,0,0,12,51
2026-02-20,ST034,MED024,16,16,0,36,24,72
2026-02-20,ST034,MED025,7,7,0,0,12,35
2026-02-20,ST034,MED026,14,14,0,24,0,91
2026-02-20,ST034,MED027,17,17,0,0,24,46
2026-02-20,ST034,MED028,8,8,0,0,0,46
2026-02-20,ST034,MED029,11,11,0,24,24,32
2026-02-20,ST034,MED030,5,5,0,0,6,40
2026-02-20,ST035,MED001,10,10,0,0,0,64
2026-02-20,ST035,MED002,8,8,0,0,6,57
2026-02-20,ST035,MED003,3,3,0,0,0,15
2026-02-20,ST035,MED004,5,5,0,12,0,29
2026-02-20,ST035,MED005,11,11,0,36,12,57
2026-02-20,ST035,MED006,8,8,0,0,0,55
2026-02-20,ST035,MED007,7,7,0,0,24,15
2026-02-20,ST035,MED008,4,4,0,0,0,12
2026-02-20,ST035,MED009,7,7,0,0,12,29
2026-02-20,ST035,MED010,2,2,0,0,12,11
2026-02-20,ST035,MED011,9,9,0,0,6,19
2026-02-20,ST035,MED012,9,9,0,12,0,53
2026-02-20,ST035,MED013,4,4,0,0,0,28
2026-02-20,ST035,MED014,2,2,0,0,0,44
2026-02-20,ST035,MED015,9,9,0,24,24,61
2026-02-20,ST035,MED016,4,4,0,24,0,28
2026-02-20,ST035,MED017,11,11,0,24,12,30
2026-02-20,ST035,MED018,1,1,0,0,0,12
2026-02-20,ST035,MED019,2,2,0,0,0,18
2026-02-20,ST035,MED020,5,5,0,0,0,31
2026-02-20,ST035,MED021,8,8,0,0,6,41
2026-02-20,ST035,MED022,4,4,0,0,6,24
2026-02-20,ST035,MED023,8,8,0,24,12,55
2026-02-20,ST035,MED024,10,10,0,48,12,48
2026-02-20,ST035,MED025,2,2,0,0,0,26
2026-02-20,ST035,MED026,10,10,0,48,24,56
2026-02-20,ST035,MED027,13,13,0,0,12,35
2026-02-20,ST035,MED028,1,1,0,0,0,50
2026-02-20,ST035,MED029,10,10,0,0,24,46
2026-02-20,ST035,MED030,7,7,0,0,12,14
2026-02-20,ST036,MED001,10,10,0,0,24,44
2026-02-20,ST036,MED002,10,10,0,18,12,43
2026-02-20,ST036,MED003,2,2,0,0,0,29
2026-02-20,ST036,MED004,11,11,0,12,12,29
2026-02-20,ST036,MED005,9,9,0,0,12,50
2026-02-20,ST036,MED006,5,5,0,0,0,32
2026-02-20,ST036,MED007,0,0,0,24,0,42
2026-02-20,ST036,MED008,3,3,0,0,0,10
2026-02-20,ST036,MED009,9,9,0,0,12,22
2026-02-20,ST036,MED010,5,5,0,12,12,23
2026-02-20,ST036,MED011,10,10,0,48,12,45
2026-02-20,ST036,MED012,9,9,0,0,12,35
2026-02-20,ST036,MED013,7,7,0,0,12,21
2026-02-20,ST036,MED014,6,6,0,0,24,38
2026-02-20,ST036,MED015,10,10,0,0,24,43
2026-02-20,ST036,MED016,9,9,0,24,0,56
2026-02-20,ST036,MED017,12,12,0,0,12,37
2026-02-20,ST036,MED018,5,5,0,0,0,34
2026-02-20,ST036,MED019,4,4,0,0,0,16
2026-02-20,ST036,MED020,4,4,0,0,24,38
2026-02-20,ST036,MED021,7,7,0,6,6,41
2026-02-20,ST036,MED022,8,8,0,6,12,11
2026-02-20,ST036,MED023,11,11,0,0,12,44
2026-02-20,ST036,MED024,12,12,0,12,12,42
2026-02-20,ST036,MED025,8,8,0,0,12,19
2026-02-20,ST036,MED026,12,12,0,0,24,33
2026-02-20,ST036,MED027,9,9,0,0,12,58
2026-02-20,ST036,MED028,1,1,0,0,0,44
2026-02-20,ST036,MED029,8,8,0,0,0,47
2026-02-20,ST036,MED030,3,3,0,0,6,30
2026-02-20,ST037,MED001,6,6,0,0,0,61
2026-02-20,ST037,MED002,10,10,0,0,12,25
2026-02-20,ST037,MED003,0,0,0,0,0,46
2026-02-20,ST037,MED004,10,10,0,0,12,26
2026-02-20,ST037,MED005,11,11,0,0,12,44
2026-02-20,ST037,MED006,6,6,0,0,0,47
2026-02-20,ST037,MED007,3,3,0,24,0,43
2026-02-20,ST037,MED008,3,3,0,12,0,27
2026-02-20,ST037,MED009,11,11,0,0,0,55
2026-02-20,ST037,MED010,1,1,0,0,0,27
2026-02-20,ST037,MED011,10,10,0,0,12,26
2026-02-20,ST037,MED012,8,8,0,12,12,4
2026-02-20,ST037,MED013,6,6,0,0,12,36
2026-02-20,ST037,MED014,8,8,0,0,24,28
2026-02-20,ST037,MED015,9,9,0,72,0,77
2026-02-20,ST037,MED016,15,15,0,0,0,36
2026-02-20,ST037,MED017,11,11,0,0,12,42
2026-02-20,ST037,MED018,4,4,0,0,0,18
2026-02-20,ST037,MED019,0,0,0,0,0,39
2026-02-20,ST037,MED020,5,5,0,0,0,58
2026-02-20,ST037,MED021,8,8,0,12,6,48
2026-02-20,ST037,MED022,10,10,0,0,12,25
2026-02-20,ST037,MED023,8,8,0,0,0,43
2026-02-20,ST037,MED024,9,9,0,24,12,60
2026-02-20,ST037,MED025,3,3,0,48,0,45
2026-02-20,ST037,MED026,10,10,0,0,0,43
2026-02-20,ST037,MED027,11,11,0,0,0,51
2026-02-20,ST037,MED028,4,4,0,0,0,62
2026-02-20,ST037,MED029,8,8,0,0,0,40
2026-02-20,ST037,MED030,3,3,0,0,0,33
2026-02-20,ST038,MED001,12,12,0,48,24,45
2026-02-20,ST038,MED002,14,14,0,6,18,45
2026-02-20,ST038,MED003,3,3,0,0,24,22
2026-02-20,ST038,MED004,9,9,0,0,12,45
2026-02-20,ST038,MED005,10,10,0,12,12,63
2026-02-20,ST038,MED006,8,8,0,36,12,57
2026-02-20,ST038,MED007,3,3,0,24,0,36
2026-02-20,ST038,MED008,8,8,0,0,12,9
2026-02-20,ST038,MED009,9,9,0,0,12,61
2026-02-20,ST038,MED010,0,0,0,0,0,26
2026-02-20,ST038,MED011,15,15,0,0,12,45
2026-02-20,ST038,MED012,9,9,0,0,0,41
2026-02-20,ST038,MED013,5,5,0,12,0,53
2026-02-20,ST038,MED014,8,8,0,0,24,36
2026-02-20,ST038,MED015,12,12,0,24,0,73
2026-02-20,ST038,MED016,9,9,0,0,0,14
2026-02-20,ST038,MED017,8,8,0,12,12,47
2026-02-20,ST038,MED018,2,2,0,0,0,26
2026-02-20,ST038,MED019,5,5,0,0,24,23
2026-02-20,ST038,MED020,5,5,0,24,0,46
2026-02-20,ST038,MED021,9,9,0,0,12,45
2026-02-20,ST038,MED022,10,10,0,12,12,39
2026-02-20,ST038,MED023,12,12,0,0,12,63
2026-02-20,ST038,MED024,11,11,0,12,12,65
2026-02-20,ST038,MED025,5,5,0,0,0,36
2026-02-20,ST038,MED026,8,8,0,0,0,64
2026-02-20,ST038,MED027,11,11,0,48,12,84
2026-02-20,ST038,MED028,3,3,0,0,0,43
2026-02-20,ST038,MED029,20,20,0,0,24,65
2026-02-20,ST038,MED030,7,7,0,6,6,19
2026-02-20,ST039,MED001,15,15,0,24,24,66
2026-02-20,ST039,MED002,13,13,0,30,12,43
2026-02-20,ST039,MED003,4,4,0,48,0,44
2026-02-20,ST039,MED004,9,9,0,0,0,45
2026-02-20,ST039,MED005,12,12,0,0,12,30
2026-02-20,ST039,MED006,11,11,0,0,12,71
2026-02-20,ST039,MED007,6,6,0,0,0,26
2026-02-20,ST039,MED008,1,1,0,0,0,23
2026-02-20,ST039,MED009,15,15,0,12,12,41
2026-02-20,ST039,MED010,4,4,0,0,0,32
2026-02-20,ST039,MED011,12,12,0,6,12,35
2026-02-20,ST039,MED012,10,10,0,12,0,38
2026-02-20,ST039,MED013,6,6,0,0,0,27
2026-02-20,ST039,MED014,5,5,0,0,0,36
2026-02-20,ST039,MED015,22,22,0,24,24,52
2026-02-20,ST039,MED016,6,6,0,24,0,61
2026-02-20,ST039,MED017,15,15,0,12,12,60
2026-02-20,ST039,MED018,7,7,0,0,24,28
2026-02-20,ST039,MED019,3,3,0,0,0,26
2026-02-20,ST039,MED020,11,11,0,48,24,37
2026-02-20,ST039,MED021,16,16,0,12,18,28
2026-02-20,ST039,MED022,4,4,0,12,0,35
2026-02-20,ST039,MED023,14,12,2,12,12,0
2026-02-20,ST039,MED024,10,10,0,12,12,57
2026-02-20,ST039,MED025,5,5,0,0,0,39
2026-02-20,ST039,MED026,12,12,0,0,0,65
2026-02-20,ST039,MED027,10,10,0,60,12,66
2026-02-20,ST039,MED028,12,12,0,0,24,11
2026-02-20,ST039,MED029,12,0,12,0,0,0
2026-02-20,ST039,MED030,2,2,0,18,0,33
2026-02-20,ST040,MED001,12,12,0,24,24,70
2026-02-20,ST040,MED002,12,12,0,30,12,41
2026-02-20,ST040,MED003,3,3,0,24,0,21
2026-02-20,ST040,MED004,13,13,0,12,12,40
2026-02-20,ST040,MED005,13,13,0,0,0,66
2026-02-20,ST040,MED006,13,13,0,12,12,58
2026-02-20,ST040,MED007,3,3,0,0,0,20
2026-02-20,ST040,MED008,2,2,0,0,0,20
2026-02-20,ST040,MED009,10,10,0,12,12,70
2026-02-20,ST040,MED010,4,4,0,12,0,36
2026-02-20,ST040,MED011,12,12,0,36,6,66
2026-02-20,ST040,MED012,13,13,0,24,12,52
2026-02-20,ST040,MED013,12,12,0,36,12,34
2026-02-20,ST040,MED014,7,7,0,24,24,51
2026-02-20,ST040,MED015,13,13,0,96,24,95
2026-02-20,ST040,MED016,10,10,0,24,0,46
2026-02-20,ST040,MED017,14,14,0,0,12,40
2026-02-20,ST040,MED018,6,6,0,24,0,43
2026-02-20,ST040,MED019,4,4,0,0,0,31
2026-02-20,ST040,MED020,6,6,0,24,0,44
2026-02-20,ST040,MED021,12,12,0,12,12,57
2026-02-20,ST040,MED022,8,8,0,0,6,35
2026-02-20,ST040,MED023,14,14,0,0,12,46
2026-02-20,ST040,MED024,14,14,0,0,12,35
2026-02-20,ST040,MED025,6,6,0,0,12,40
2026-02-20,ST040,MED026,15,15,0,72,0,57
2026-02-20,ST040,MED027,16,16,0,24,12,76
2026-02-20,ST040,MED028,5,5,0,0,0,53
2026-02-20,ST040,MED029,11,11,0,0,24,34
2026-02-20,ST040,MED030,7,7,0,0,6,29
2026-02-21,ST001,MED001,10,10,0,24,0,47
2026-02-21,ST001,MED002,9,9,0,0,12,37
2026-02-21,ST001,MED003,0,0,0,0,0,44
2026-02-21,ST001,MED004,6,6,0,12,12,24
2026-02-21,ST001,MED005,10,10,0,24,12,43
2026-02-21,ST001,MED006,10,10,0,0,0,11
2026-02-21,ST001,MED007,0,0,0,0,0,26
2026-02-21,ST001,MED008,3,3,0,0,12,1
2026-02-21,ST001,MED009,9,9,0,0,12,42
2026-02-21,ST001,MED010,9,9,0,0,12,4
2026-02-21,ST001,MED011,6,6,0,0,6,40
2026-02-21,ST001,MED012,8,8,0,0,12,24
2026-02-21,ST001,MED013,8,8,0,0,0,23
2026-02-21,ST001,MED014,6,6,0,0,24,31
2026-02-21,ST001,MED015,8,8,0,0,0,36
2026-02-21,ST001,MED016,5,5,0,0,0,13
2026-02-21,ST001,MED017,10,10,0,0,12,45
2026-02-21,ST001,MED018,5,5,0,0,0,26
2026-02-21,ST001,MED019,0,0,0,24,0,46
2026-02-21,ST001,MED020,4,4,0,0,0,47
2026-02-21,ST001,MED021,11,11,0,0,12,22
2026-02-21,ST001,MED022,6,6,0,0,6,23
2026-02-21,ST001,MED023,9,9,0,12,12,31
2026-02-21,ST001,MED024,12,12,0,12,12,53
2026-02-21,ST001,MED025,9,9,0,0,12,23
2026-02-21,ST001,MED026,11,11,0,0,24,46
2026-02-21,ST001,MED027,10,10,0,0,12,17
2026-02-21,ST001,MED028,4,4,0,0,0,34
2026-02-21,ST001,MED029,7,7,0,0,24,23
2026-02-21,ST001,MED030,2,2,0,6,0,20
2026-02-21,ST002,MED001,11,11,0,0,0,54
2026-02-21,ST002,MED002,10,10,0,0,12,25
2026-02-21,ST002,MED003,3,3,0,0,24,23
2026-02-21,ST002,MED004,11,11,0,12,12,33
2026-02-21,ST002,MED005,12,12,0,12,12,52
2026-02-21,ST002,MED006,9,9,0,0,12,31
2026-02-21,ST002,MED007,8,5,3,0,24,0
2026-02-21,ST002,MED008,4,4,0,12,12,26
2026-02-21,ST002,MED009,9,9,0,0,0,39
2026-02-21,ST002,MED010,3,3,0,0,12,28
2026-02-21,ST002,MED011,13,13,0,6,12,45
2026-02-21,ST002,MED012,11,11,0,12,12,52
2026-02-21,ST002,MED013,8,8,0,0,12,15
2026-02-21,ST002,MED014,8,8,0,0,0,26
2026-02-21,ST002,MED015,11,11,0,0,0,74
2026-02-21,ST002,MED016,8,8,0,0,0,28
2026-02-21,ST002,MED017,12,12,0,12,12,47
2026-02-21,ST002,MED018,6,6,0,24,0,25
2026-02-21,ST002,MED019,6,6,0,0,0,15
2026-02-21,ST002,MED020,3,3,0,0,24,20
2026-02-21,ST002,MED021,11,11,0,12,6,46
2026-02-21,ST002,MED022,9,9,0,0,6,27
2026-02-21,ST002,MED023,11,11,0,0,12,27
2026-02-21,ST002,MED024,15,15,0,24,12,56
2026-02-21,ST002,MED025,6,6,0,12,12,36
2026-02-21,ST002,MED026,13,13,0,0,24,53
2026-02-21,ST002,MED027,11,11,0,0,0,37
2026-02-21,ST002,MED028,6,6,0,0,0,54
2026-02-21,ST002,MED029,10,10,0,24,0,42
2026-02-21,ST002,MED030,2,2,0,0,0,17
2026-02-21,ST003,MED001,16,16,0,0,24,11
2026-02-21,ST003,MED002,12,12,0,36,12,57
2026-02-21,ST003,MED003,1,1,0,0,0,20
2026-02-21,ST003,MED004,6,6,0,0,0,25
2026-02-21,ST003,MED005,9,9,0,0,12,47
2026-02-21,ST003,MED006,10,10,0,12,0,42
2026-02-21,ST003,MED007,1,1,0,0,0,14
2026-02-21,ST003,MED008,5,5,0,0,12,9
2026-02-21,ST003,MED009,14,14,0,0,12,44
2026-02-21,ST003,MED010,5,5,0,0,0,25
2026-02-21,ST003,MED011,13,13,0,24,18,52
2026-02-21,ST003,MED012,16,16,0,0,12,33
2026-02-21,ST003,MED013,6,6,0,0,0,40
2026-02-21,ST003,MED014,7,7,0,0,24,10
2026-02-21,ST003,MED015,14,14,0,24,0,67
2026-02-21,ST003,MED016,6,6,0,0,0,35
2026-02-21,ST003,MED017,9,9,0,12,12,37
2026-02-21,ST003,MED018,9,9,0,0,0,34
2026-02-21,ST003,MED019,5,5,0,0,0,11
2026-02-21,ST003,MED020,7,7,0,0,0,41
2026-02-21,ST003,MED021,10,10,0,24,6,41
2026-02-21,ST003,MED022,8,8,0,12,6,27
2026-02-21,ST003,MED023,15,15,0,12,24,53
2026-02-21,ST003,MED024,10,10,0,12,0,49
2026-02-21,ST003,MED025,7,7,0,0,12,43
2026-02-21,ST003,MED026,15,15,0,0,24,52
2026-02-21,ST003,MED027,12,12,0,0,12,57
2026-02-21,ST003,MED028,6,6,0,0,0,19
2026-02-21,ST003,MED029,11,11,0,0,0,46
2026-02-21,ST003,MED030,6,6,0,12,6,26
2026-02-21,ST004,MED001,14,14,0,24,24,61
2026-02-21,ST004,MED002,14,14,0,0,12,29
2026-02-21,ST004,MED003,3,3,0,0,0,25
2026-02-21,ST004,MED004,14,14,0,0,12,25
2026-02-21,ST004,MED005,14,14,0,12,12,58
2026-02-21,ST004,MED006,15,15,0,0,12,38
2026-02-21,ST004,MED007,5,5,0,0,0,41
2026-02-21,ST004,MED008,2,2,0,0,0,26
2026-02-21,ST004,MED009,23,23,0,0,24,49
2026-02-21,ST004,MED010,4,4,0,0,0,10
2026-02-21,ST004,MED011,12,12,0,0,12,51
2026-02-21,ST004,MED012,11,11,0,24,0,59
2026-02-21,ST004,MED013,7,7,0,0,0,49
2026-02-21,ST004,MED014,7,7,0,0,0,31
2026-02-21,ST004,MED015,15,15,0,0,0,65
2026-02-21,ST004,MED016,7,7,0,0,0,33
2026-02-21,ST004,MED017,14,10,4,0,12,0
2026-02-21,ST004,MED018,7,7,0,0,24,38
2026-02-21,ST004,MED019,2,2,0,0,0,37
2026-02-21,ST004,MED020,8,8,0,0,0,18
2026-02-21,ST004,MED021,12,12,0,18,6,50
2026-02-21,ST004,MED022,7,7,0,18,6,41
2026-02-21,ST004,MED023,11,11,0,0,12,50
2026-02-21,ST004,MED024,17,17,0,0,24,49
2026-02-21,ST004,MED025,7,7,0,12,12,33
2026-02-21,ST004,MED026,17,17,0,48,24,48
2026-02-21,ST004,MED027,16,16,0,12,24,49
2026-02-21,ST004,MED028,4,4,0,0,24,49
2026-02-21,ST004,MED029,11,11,0,24,0,65
2026-02-21,ST004,MED030,8,8,0,0,6,22
2026-02-21,ST005,MED001,10,10,0,0,0,57
2026-02-21,ST005,MED002,19,19,0,30,24,62
2026-02-21,ST005,MED003,2,2,0,0,0,39
2026-02-21,ST005,MED004,11,11,0,0,12,57
2026-02-21,ST005,MED005,16,16,0,36,12,64
2026-02-21,ST005,MED006,13,13,0,12,12,51
2026-02-21,ST005,MED007,4,4,0,0,0,17
2026-02-21,ST005,MED008,4,4,0,0,12,22
2026-02-21,ST005,MED009,14,14,0,24,12,81
2026-02-21,ST005,MED010,4,4,0,0,0,30
2026-02-21,ST005,MED011,13,13,0,24,12,45
2026-02-21,ST005,MED012,14,14,0,0,12,45
2026-02-21,ST005,MED013,8,8,0,0,12,46
2026-02-21,ST005,MED014,3,3,0,0,0,34
2026-02-21,ST005,MED015,20,20,0,0,24,90
2026-02-21,ST005,MED016,9,9,0,0,0,53
2026-02-21,ST005,MED017,15,15,0,12,24,52
2026-02-21,ST005,MED018,6,6,0,24,24,42
2026-02-21,ST005,MED019,5,5,0,0,24,25
2026-02-21,ST005,MED020,9,9,0,0,0,42
2026-02-21,ST005,MED021,14,14,0,0,18,57
2026-02-21,ST005,MED022,11,11,0,12,12,45
2026-02-21,ST005,MED023,14,14,0,24,12,60
2026-02-21,ST005,MED024,19,19,0,48,24,83
2026-02-21,ST005,MED025,6,6,0,0,0,23
2026-02-21,ST005,MED026,14,14,0,0,24,48
2026-02-21,ST005,MED027,16,16,0,0,12,57
2026-02-21,ST005,MED028,8,8,0,24,0,56
2026-02-21,ST005,MED029,16,16,0,0,24,50
2026-02-21,ST005,MED030,10,10,0,6,12,29
2026-02-21,ST006,MED001,15,15,0,0,0,66
2026-02-21,ST006,MED002,15,15,0,0,12,44
2026-02-21,ST006,MED003,3,3,0,24,0,39
2026-02-21,ST006,MED004,12,12,0,24,12,51
2026-02-21,ST006,MED005,16,16,0,12,24,35
2026-02-21,ST006,MED006,12,12,0,0,12,50
2026-02-21,ST006,MED007,1,1,0,24,0,59
2026-02-21,ST006,MED008,5,5,0,12,0,39
2026-02-21,ST006,MED009,16,16,0,72,12,56
2026-02-21,ST006,MED010,3,3,0,0,0,20
2026-02-21,ST006,MED011,20,20,0,18,24,50
2026-02-21,ST006,MED012,18,18,0,24,12,71
2026-02-21,ST006,MED013,9,9,0,12,12,58
2026-02-21,ST006,MED014,4,4,0,0,0,24
2026-02-21,ST006,MED015,16,16,0,24,0,72
2026-02-21,ST006,MED016,10,10,0,24,0,45
2026-02-21,ST006,MED017,14,14,0,0,12,45
2026-02-21,ST006,MED018,4,4,0,0,0,35
2026-02-21,ST006,MED019,1,1,0,24,0,47
2026-02-21,ST006,MED020,9,9,0,24,24,44
2026-02-21,ST006,MED021,19,19,0,0,24,53
2026-02-21,ST006,MED022,8,8,0,0,12,43
2026-02-21,ST006,MED023,17,17,0,24,24,53
2026-02-21,ST006,MED024,14,14,0,24,12,65
2026-02-21,ST006,MED025,6,6,0,12,0,36
2026-02-21,ST006,MED026,16,16,0,0,24,54
2026-02-21,ST006,MED027,16,16,0,0,12,74
2026-02-21,ST006,MED028,10,10,0,24,0,42
2026-02-21,ST006,MED029,15,15,0,0,24,49
2026-02-21,ST006,MED030,8,8,0,12,6,29
2026-02-21,ST007,MED001,10,10,0,0,24,28
2026-02-21,ST007,MED002,13,13,0,24,12,34
2026-02-21,ST007,MED003,3,3,0,0,0,34
2026-02-21,ST007,MED004,8,8,0,12,12,37
2026-02-21,ST007,MED005,10,10,0,0,12,19
2026-02-21,ST007,MED006,10,10,0,0,12,16
2026-02-21,ST007,MED007,7,7,0,0,0,15
2026-02-21,ST007,MED008,1,1,0,0,0,3
2026-02-21,ST007,MED009,9,9,0,0,12,28
2026-02-21,ST007,MED010,3,3,0,0,0,23
2026-02-21,ST007,MED011,8,8,0,18,12,40
2026-02-21,ST007,MED012,4,4,0,12,0,46
2026-02-21,ST007,MED013,6,6,0,0,0,20
2026-02-21,ST007,MED014,6,6,0,0,0,23
2026-02-21,ST007,MED015,10,10,0,24,24,69
2026-02-21,ST007,MED016,1,1,0,0,0,39
2026-02-21,ST007,MED017,13,13,0,0,24,13
2026-02-21,ST007,MED018,6,6,0,0,0,34
2026-02-21,ST007,MED019,2,2,0,0,0,5
2026-02-21,ST007,MED020,6,6,0,0,0,35
2026-02-21,ST007,MED021,7,7,0,6,12,36
2026-02-21,ST007,MED022,8,8,0,0,12,24
2026-02-21,ST007,MED023,11,11,0,12,12,30
2026-02-21,ST007,MED024,9,9,0,12,12,52
2026-02-21,ST007,MED025,6,6,0,12,12,22
2026-02-21,ST007,MED026,7,7,0,0,0,47
2026-02-21,ST007,MED027,9,9,0,0,12,28
2026-02-21,ST007,MED028,6,6,0,0,0,40
2026-02-21,ST007,MED029,7,7,0,0,0,32
2026-02-21,ST007,MED030,2,2,0,18,0,30
2026-02-21,ST008,MED001,15,15,0,0,24,13
2026-02-21,ST008,MED002,11,11,0,0,12,29
2026-02-21,ST008,MED003,3,3,0,0,0,23
2026-02-21,ST008,MED004,8,8,0,0,12,15
2026-02-21,ST008,MED005,10,10,0,12,0,56
2026-02-21,ST008,MED006,10,10,0,12,12,39
2026-02-21,ST008,MED007,4,4,0,0,0,31
2026-02-21,ST008,MED008,2,2,0,0,0,34
2026-02-21,ST008,MED009,16,16,0,0,24,40
2026-02-21,ST008,MED010,7,7,0,0,0,19
2026-02-21,ST008,MED011,10,10,0,0,12,32
2026-02-21,ST008,MED012,12,12,0,12,24,28
2026-02-21,ST008,MED013,7,7,0,0,12,26
2026-02-21,ST008,MED014,6,6,0,0,24,42
2026-02-21,ST008,MED015,14,14,0,24,24,45
2026-02-21,ST008,MED016,6,6,0,0,0,38
2026-02-21,ST008,MED017,14,14,0,0,24,50
2026-02-21,ST008,MED018,8,8,0,0,0,40
2026-02-21,ST008,MED019,6,6,0,0,0,33
2026-02-21,ST008,MED020,7,7,0,0,0,26
2026-02-21,ST008,MED021,14,14,0,6,12,28
2026-02-21,ST008,MED022,6,6,0,0,6,20
2026-02-21,ST008,MED023,10,10,0,0,12,40
2026-02-21,ST008,MED024,12,12,0,0,12,42
2026-02-21,ST008,MED025,3,3,0,12,0,29
2026-02-21,ST008,MED026,10,10,0,24,24,42
2026-02-21,ST008,MED027,13,13,0,0,12,39
2026-02-21,ST008,MED028,8,8,0,0,24,8
2026-02-21,ST008,MED029,9,9,0,24,24,59
2026-02-21,ST008,MED030,8,8,0,0,6,20
2026-02-21,ST009,MED001,13,13,0,24,24,55
2026-02-21,ST009,MED002,11,11,0,12,6,43
2026-02-21,ST009,MED003,5,5,0,0,0,15
2026-02-21,ST009,MED004,10,10,0,0,12,31
2026-02-21,ST009,MED005,13,13,0,84,12,75
2026-02-21,ST009,MED006,10,10,0,0,12,39
2026-02-21,ST009,MED007,2,2,0,0,0,26
2026-02-21,ST009,MED008,1,1,0,0,0,17
2026-02-21,ST009,MED009,10,10,0,0,12,35
2026-02-21,ST009,MED010,5,5,0,0,12,14
2026-02-21,ST009,MED011,13,13,0,42,18,39
2026-02-21,ST009,MED012,9,9,0,12,12,31
2026-02-21,ST009,MED013,7,7,0,0,0,29
2026-02-21,ST009,MED014,6,6,0,0,24,32
2026-02-21,ST009,MED015,10,10,0,0,0,48
2026-02-21,ST009,MED016,8,8,0,0,24,50
2026-02-21,ST009,MED017,6,6,0,12,0,60
2026-02-21,ST009,MED018,8,8,0,0,0,26
2026-02-21,ST009,MED019,5,5,0,0,0,14
2026-02-21,ST009,MED020,6,6,0,0,24,25
2026-02-21,ST009,MED021,10,10,0,6,6,45
2026-02-21,ST009,MED022,10,10,0,12,12,22
2026-02-21,ST009,MED023,14,14,0,0,24,37
2026-02-21,ST009,MED024,14,14,0,24,24,49
2026-02-21,ST009,MED025,7,7,0,0,0,25
2026-02-21,ST009,MED026,13,13,0,0,0,40
2026-02-21,ST009,MED027,17,17,0,0,24,45
2026-02-21,ST009,MED028,7,7,0,0,24,23
2026-02-21,ST009,MED029,11,11,0,24,0,44
2026-02-21,ST009,MED030,1,1,0,12,0,33
2026-02-21,ST010,MED001,13,13,0,0,24,29
2026-02-21,ST010,MED002,13,13,0,24,18,47
2026-02-21,ST010,MED003,5,5,0,24,0,40
2026-02-21,ST010,MED004,11,11,0,0,24,27
2026-02-21,ST010,MED005,8,8,0,12,12,56
2026-02-21,ST010,MED006,13,13,0,12,12,43
2026-02-21,ST010,MED007,6,6,0,24,0,32
2026-02-21,ST010,MED008,3,3,0,12,12,9
2026-02-21,ST010,MED009,8,8,0,0,12,42
2026-02-21,ST010,MED010,3,3,0,0,0,21
2026-02-21,ST010,MED011,11,11,0,6,12,47
2026-02-21,ST010,MED012,12,12,0,12,12,67
2026-02-21,ST010,MED013,8,8,0,0,12,19
2026-02-21,ST010,MED014,6,6,0,0,24,37
2026-02-21,ST010,MED015,13,13,0,0,0,50
2026-02-21,ST010,MED016,5,5,0,24,0,54
2026-02-21,ST010,MED017,13,13,0,0,12,45
2026-02-21,ST010,MED018,5,5,0,0,0,30
2026-02-21,ST010,MED019,4,4,0,0,0,23
2026-02-21,ST010,MED020,12,12,0,0,24,39
2026-02-21,ST010,MED021,9,9,0,0,12,24
2026-02-21,ST010,MED022,12,12,0,18,6,36
2026-02-21,ST010,MED023,13,13,0,24,12,49
2026-02-21,ST010,MED024,17,17,0,0,12,30
2026-02-21,ST010,MED025,13,13,0,12,12,19
2026-02-21,ST010,MED026,12,12,0,24,24,60
2026-02-21,ST010,MED027,15,15,0,24,12,54
2026-02-21,ST010,MED028,8,8,0,24,0,16
2026-02-21,ST010,MED029,14,14,0,0,0,52
2026-02-21,ST010,MED030,4,4,0,6,0,29
2026-02-21,ST011,MED001,13,13,0,24,24,60
2026-02-21,ST011,MED002,13,13,0,0,12,46
2026-02-21,ST011,MED003,5,5,0,0,0,36
2026-02-21,ST011,MED004,12,12,0,12,24,33
2026-02-21,ST011,MED005,17,17,0,12,24,44
2026-02-21,ST011,MED006,13,13,0,0,12,39
2026-02-21,ST011,MED007,4,4,0,0,0,32
2026-02-21,ST011,MED008,3,3,0,0,0,35
2026-02-21,ST011,MED009,14,14,0,36,12,52
2026-02-21,ST011,MED010,4,4,0,0,12,12
2026-02-21,ST011,MED011,14,14,0,12,12,51
2026-02-21,ST011,MED012,13,13,0,0,12,40
2026-02-21,ST011,MED013,10,10,0,0,12,36
2026-02-21,ST011,MED014,10,10,0,0,24,34
2026-02-21,ST011,MED015,9,9,0,0,24,40
2026-02-21,ST011,MED016,7,7,0,24,0,63
2026-02-21,ST011,MED017,9,9,0,24,12,64
2026-02-21,ST011,MED018,3,3,0,0,0,35
2026-02-21,ST011,MED019,6,6,0,0,24,31
2026-02-21,ST011,MED020,9,9,0,24,0,35
2026-02-21,ST011,MED021,11,11,0,24,6,54
2026-02-21,ST011,MED022,8,8,0,0,6,22
2026-02-21,ST011,MED023,14,14,0,12,24,75
2026-02-21,ST011,MED024,16,16,0,24,12,41
2026-02-21,ST011,MED025,4,4,0,12,12,43
2026-02-21,ST011,MED026,12,12,0,0,24,62
2026-02-21,ST011,MED027,17,17,0,0,12,36
2026-02-21,ST011,MED028,10,10,0,0,0,25
2026-02-21,ST011,MED029,7,7,0,48,0,78
2026-02-21,ST011,MED030,7,7,0,12,12,31
2026-02-21,ST012,MED001,14,14,0,0,24,70
2026-02-21,ST012,MED002,13,13,0,30,12,64
2026-02-21,ST012,MED003,3,3,0,0,0,9
2026-02-21,ST012,MED004,12,12,0,0,12,42
2026-02-21,ST012,MED005,14,14,0,0,12,64
2026-02-21,ST012,MED006,13,13,0,0,12,53
2026-02-21,ST012,MED007,3,3,0,0,0,40
2026-02-21,ST012,MED008,2,2,0,0,0,24
2026-02-21,ST012,MED009,12,12,0,24,12,61
2026-02-21,ST012,MED010,6,6,0,0,0,26
2026-02-21,ST012,MED011,15,15,0,0,12,67
2026-02-21,ST012,MED012,11,11,0,0,12,58
2026-02-21,ST012,MED013,11,11,0,0,12,37
2026-02-21,ST012,MED014,5,5,0,0,0,26
2026-02-21,ST012,MED015,29,29,0,0,24,48
2026-02-21,ST012,MED016,11,11,0,0,0,49
2026-02-21,ST012,MED017,12,12,0,24,12,74
2026-02-21,ST012,MED018,7,7,0,0,0,60
2026-02-21,ST012,MED019,6,6,0,0,0,35
2026-02-21,ST012,MED020,8,8,0,0,0,24
2026-02-21,ST012,MED021,14,14,0,24,12,67
2026-02-21,ST012,MED022,13,13,0,0,18,12
2026-02-21,ST012,MED023,14,14,0,12,12,61
2026-02-21,ST012,MED024,15,15,0,0,12,80
2026-02-21,ST012,MED025,9,9,0,12,12,21
2026-02-21,ST012,MED026,17,1,16,0,0,0
2026-02-21,ST012,MED027,30,30,0,0,48,41
2026-02-21,ST012,MED028,11,11,0,0,24,18
2026-02-21,ST012,MED029,16,16,0,0,24,72
2026-02-21,ST012,MED030,5,5,0,18,0,34
2026-02-21,ST013,MED001,15,15,0,0,0,64
2026-02-21,ST013,MED002,19,19,0,30,18,60
2026-02-21,ST013,MED003,6,6,0,24,0,39
2026-02-21,ST013,MED004,14,14,0,0,12,50
2026-02-21,ST013,MED005,15,15,0,0,12,75
2026-02-21,ST013,MED006,14,14,0,12,12,43
2026-02-21,ST013,MED007,2,2,0,0,0,36
2026-02-21,ST013,MED008,8,8,0,0,12,13
2026-02-21,ST013,MED009,16,16,0,0,12,63
2026-02-21,ST013,MED010,6,0,6,0,12,0
2026-02-21,ST013,MED011,16,16,0,0,12,38
2026-02-21,ST013,MED012,15,15,0,24,24,80
2026-02-21,ST013,MED013,10,10,0,0,12,43
2026-02-21,ST013,MED014,9,9,0,0,24,47
2026-02-21,ST013,MED015,15,0,15,0,0,0
2026-02-21,ST013,MED016,9,9,0,48,0,69
2026-02-21,ST013,MED017,16,16,0,0,12,49
2026-02-21,ST013,MED018,8,8,0,0,24,34
2026-02-21,ST013,MED019,8,8,0,0,24,27
2026-02-21,ST013,MED020,10,10,0,24,24,62
2026-02-21,ST013,MED021,16,16,0,12,18,35
2026-02-21,ST013,MED022,19,19,0,18,24,41
2026-02-21,ST013,MED023,19,19,0,36,12,72
2026-02-21,ST013,MED024,17,17,0,12,12,63
2026-02-21,ST013,MED025,15,15,0,0,12,40
2026-02-21,ST013,MED026,15,15,0,0,24,36
2026-02-21,ST013,MED027,18,18,0,0,24,49
2026-02-21,ST013,MED028,10,10,0,0,0,51
2026-02-21,ST013,MED029,12,12,0,0,24,62
2026-02-21,ST013,MED030,7,7,0,12,6,33
2026-02-21,ST014,MED001,6,6,0,0,0,40
2026-02-21,ST014,MED002,10,10,0,6,12,25
2026-02-21,ST014,MED003,1,1,0,0,0,7
2026-02-21,ST014,MED004,5,5,0,0,0,26
2026-02-21,ST014,MED005,8,8,0,0,0,40
2026-02-21,ST014,MED006,14,14,0,12,12,14
2026-02-21,ST014,MED007,0,0,0,0,0,19
2026-02-21,ST014,MED008,6,6,0,0,12,21
2026-02-21,ST014,MED009,11,11,0,12,12,42
2026-02-21,ST014,MED010,5,5,0,0,12,25
2026-02-21,ST014,MED011,9,9,0,0,12,51
2026-02-21,ST014,MED012,12,12,0,0,24,39
2026-02-21,ST014,MED013,0,0,0,24,0,43
2026-02-21,ST014,MED014,5,5,0,0,24,21
2026-02-21,ST014,MED015,9,9,0,0,24,31
2026-02-21,ST014,MED016,7,7,0,24,0,47
2026-02-21,ST014,MED017,9,9,0,12,12,36
2026-02-21,ST014,MED018,3,3,0,0,0,26
2026-02-21,ST014,MED019,4,4,0,0,0,42
2026-02-21,ST014,MED020,9,9,0,0,0,21
2026-02-21,ST014,MED021,7,7,0,24,0,34
2026-02-21,ST014,MED022,5,5,0,0,0,20
2026-02-21,ST014,MED023,8,8,0,0,12,23
2026-02-21,ST014,MED024,12,12,0,0,12,45
2026-02-21,ST014,MED025,5,5,0,0,12,36
2026-02-21,ST014,MED026,11,11,0,24,24,66
2026-02-21,ST014,MED027,12,12,0,12,12,44
2026-02-21,ST014,MED028,10,10,0,0,24,30
2026-02-21,ST014,MED029,5,5,0,0,0,49
2026-02-21,ST014,MED030,4,4,0,0,6,29
2026-02-21,ST015,MED001,7,7,0,24,0,58
2026-02-21,ST015,MED002,11,11,0,0,6,40
2026-02-21,ST015,MED003,2,2,0,0,0,19
2026-02-21,ST015,MED004,8,8,0,12,12,42
2026-02-21,ST015,MED005,10,10,0,0,12,35
2026-02-21,ST015,MED006,7,7,0,0,12,28
2026-02-21,ST015,MED007,6,5,1,0,0,0
2026-02-21,ST015,MED008,0,0,0,0,0,18
2026-02-21,ST015,MED009,8,8,0,0,12,45
2026-02-21,ST015,MED010,5,5,0,0,0,14
2026-02-21,ST015,MED011,9,9,0,0,6,29
2026-02-21,ST015,MED012,11,11,0,12,12,46
2026-02-21,ST015,MED013,2,2,0,0,0,30
2026-02-21,ST015,MED014,6,6,0,0,0,37
2026-02-21,ST015,MED015,11,11,0,24,0,60
2026-02-21,ST015,MED016,8,8,0,0,24,43
2026-02-21,ST015,MED017,8,8,0,0,12,41
2026-02-21,ST015,MED018,9,9,0,0,0,23
2026-02-21,ST015,MED019,1,1,0,0,0,13
2026-02-21,ST015,MED020,6,6,0,0,24,20
2026-02-21,ST015,MED021,11,11,0,36,6,56
2026-02-21,ST015,MED022,3,3,0,6,0,28
2026-02-21,ST015,MED023,6,6,0,0,12,47
2026-02-21,ST015,MED024,8,8,0,36,12,74
2026-02-21,ST015,MED025,4,4,0,0,12,22
2026-02-21,ST015,MED026,11,11,0,24,0,52
2026-02-21,ST015,MED027,9,9,0,24,0,17
2026-02-21,ST015,MED028,7,7,0,0,0,55
2026-02-21,ST015,MED029,7,7,0,0,0,55
2026-02-21,ST015,MED030,6,6,0,0,6,10
2026-02-21,ST016,MED001,8,8,0,0,24,53
2026-02-21,ST016,MED002,14,14,0,18,18,51
2026-02-21,ST016,MED003,10,10,0,0,24,19
2026-02-21,ST016,MED004,9,9,0,12,0,24
2026-02-21,ST016,MED005,9,9,0,0,0,46
2026-02-21,ST016,MED006,10,10,0,12,12,54
2026-02-21,ST016,MED007,6,6,0,0,24,20
2026-02-21,ST016,MED008,3,3,0,0,0,14
2026-02-21,ST016,MED009,12,12,0,0,12,36
2026-02-21,ST016,MED010,3,3,0,0,0,23
2026-02-21,ST016,MED011,13,13,0,12,12,33
2026-02-21,ST016,MED012,13,13,0,0,12,41
2026-02-21,ST016,MED013,6,6,0,0,0,34
2026-02-21,ST016,MED014,5,5,0,24,0,19
2026-02-21,ST016,MED015,12,12,0,0,0,74
2026-02-21,ST016,MED016,4,4,0,24,0,62
2026-02-21,ST016,MED017,11,11,0,12,12,52
2026-02-21,ST016,MED018,8,8,0,0,24,40
2026-02-21,ST016,MED019,3,3,0,0,24,26
2026-02-21,ST016,MED020,9,9,0,24,0,15
2026-02-21,ST016,MED021,6,6,0,24,6,52
2026-02-21,ST016,MED022,9,9,0,24,12,39
2026-02-21,ST016,MED023,11,11,0,0,12,39
2026-02-21,ST016,MED024,14,14,0,12,24,58
2026-02-21,ST016,MED025,8,8,0,0,0,30
2026-02-21,ST016,MED026,14,14,0,24,24,67
2026-02-21,ST016,MED027,9,9,0,0,12,30
2026-02-21,ST016,MED028,4,4,0,0,0,40
2026-02-21,ST016,MED029,8,8,0,24,24,58
2026-02-21,ST016,MED030,4,4,0,0,6,26
2026-02-21,ST017,MED001,13,13,0,24,24,75
2026-02-21,ST017,MED002,12,12,0,12,6,39
2026-02-21,ST017,MED003,4,4,0,0,0,18
2026-02-21,ST017,MED004,10,10,0,0,12,37
2026-02-21,ST017,MED005,17,17,0,0,12,38
2026-02-21,ST017,MED006,11,11,0,0,12,53
2026-02-21,ST017,MED007,1,1,0,0,0,20
2026-02-21,ST017,MED008,4,4,0,12,12,28
2026-02-21,ST017,MED009,10,10,0,0,12,60
2026-02-21,ST017,MED010,7,7,0,0,0,20
2026-02-21,ST017,MED011,16,16,0,66,18,62
2026-02-21,ST017,MED012,16,16,0,24,24,39
2026-02-21,ST017,MED013,8,8,0,0,12,32
2026-02-21,ST017,MED014,6,6,0,0,0,26
2026-02-21,ST017,MED015,12,12,0,24,24,67
2026-02-21,ST017,MED016,7,7,0,0,24,21
2026-02-21,ST017,MED017,14,14,0,12,24,44
2026-02-21,ST017,MED018,8,8,0,0,0,34
2026-02-21,ST017,MED019,5,5,0,24,0,29
2026-02-21,ST017,MED020,7,7,0,0,24,25
2026-02-21,ST017,MED021,10,10,0,12,12,57
2026-02-21,ST017,MED022,8,8,0,6,6,35
2026-02-21,ST017,MED023,13,13,0,0,12,23
2026-02-21,ST017,MED024,15,15,0,12,24,59
2026-02-21,ST017,MED025,5,5,0,0,0,35
2026-02-21,ST017,MED026,13,13,0,48,24,57
2026-02-21,ST017,MED027,12,12,0,72,12,60
2026-02-21,ST017,MED028,6,6,0,0,0,33
2026-02-21,ST017,MED029,8,8,0,0,0,25
2026-02-21,ST017,MED030,12,12,0,12,12,4
2026-02-21,ST018,MED001,14,14,0,0,0,49
2026-02-21,ST018,MED002,14,14,0,48,18,83
2026-02-21,ST018,MED003,5,5,0,0,24,30
2026-02-21,ST018,MED004,11,11,0,12,12,65
2026-02-21,ST018,MED005,13,13,0,0,12,54
2026-02-21,ST018,MED006,16,16,0,12,12,41
2026-02-21,ST018,MED007,4,4,0,0,0,22
2026-02-21,ST018,MED008,2,2,0,0,0,16
2026-02-21,ST018,MED009,12,12,0,12,12,64
2026-02-21,ST018,MED010,10,10,0,0,12,15
2026-02-21,ST018,MED011,14,14,0,0,6,43
2026-02-21,ST018,MED012,17,17,0,12,24,42
2026-02-21,ST018,MED013,9,9,0,0,12,32
2026-02-21,ST018,MED014,11,11,0,0,0,45
2026-02-21,ST018,MED015,16,16,0,24,0,61
2026-02-21,ST018,MED016,7,7,0,0,24,50
2026-02-21,ST018,MED017,15,15,0,0,12,15
2026-02-21,ST018,MED018,10,10,0,0,0,29
2026-02-21,ST018,MED019,6,6,0,24,0,30
2026-02-21,ST018,MED020,6,6,0,0,0,21
2026-02-21,ST018,MED021,12,12,0,6,12,35
2026-02-21,ST018,MED022,10,10,0,6,12,34
2026-02-21,ST018,MED023,13,13,0,0,12,60
2026-02-21,ST018,MED024,13,13,0,24,12,63
2026-02-21,ST018,MED025,9,9,0,12,12,27
2026-02-21,ST018,MED026,9,9,0,24,0,58
2026-02-21,ST018,MED027,12,12,0,0,12,46
2026-02-21,ST018,MED028,11,11,0,0,0,54
2026-02-21,ST018,MED029,10,10,0,0,24,44
2026-02-21,ST018,MED030,10,10,0,6,12,23
2026-02-21,ST019,MED001,11,11,0,24,0,74
2026-02-21,ST019,MED002,13,13,0,0,12,55
2026-02-21,ST019,MED003,7,7,0,0,0,24
2026-02-21,ST019,MED004,15,15,0,24,24,41
2026-02-21,ST019,MED005,12,12,0,24,12,77
2026-02-21,ST019,MED006,13,13,0,0,24,25
2026-02-21,ST019,MED007,3,3,0,0,0,25
2026-02-21,ST019,MED008,6,6,0,0,12,20
2026-02-21,ST019,MED009,13,13,0,24,0,81
2026-02-21,ST019,MED010,6,6,0,0,0,25
2026-02-21,ST019,MED011,11,11,0,12,6,44
2026-02-21,ST019,MED012,12,12,0,12,12,37
2026-02-21,ST019,MED013,12,12,0,0,24,41
2026-02-21,ST019,MED014,6,6,0,0,0,34
2026-02-21,ST019,MED015,19,19,0,0,24,51
2026-02-21,ST019,MED016,10,10,0,0,0,19
2026-02-21,ST019,MED017,14,14,0,12,12,51
2026-02-21,ST019,MED018,8,8,0,0,0,45
2026-02-21,ST019,MED019,0,0,0,0,0,31
2026-02-21,ST019,MED020,7,7,0,0,24,10
2026-02-21,ST019,MED021,12,12,0,30,12,59
2026-02-21,ST019,MED022,10,10,0,0,12,50
2026-02-21,ST019,MED023,14,14,0,0,12,36
2026-02-21,ST019,MED024,15,15,0,12,12,65
2026-02-21,ST019,MED025,10,10,0,0,12,13
2026-02-21,ST019,MED026,13,13,0,0,0,50
2026-02-21,ST019,MED027,15,15,0,0,12,46
2026-02-21,ST019,MED028,7,7,0,0,24,54
2026-02-21,ST019,MED029,12,12,0,24,0,65
2026-02-21,ST019,MED030,9,9,0,6,6,29
2026-02-21,ST020,MED001,16,16,0,0,24,79
2026-02-21,ST020,MED002,19,19,0,30,24,60
2026-02-21,ST020,MED003,8,8,0,0,0,19
2026-02-21,ST020,MED004,18,18,0,12,24,29
2026-02-21,ST020,MED005,15,15,0,24,24,56
2026-02-21,ST020,MED006,14,14,0,0,12,69
2026-02-21,ST020,MED007,3,3,0,0,0,22
2026-02-21,ST020,MED008,6,6,0,0,12,24
2026-02-21,ST020,MED009,16,16,0,48,24,52
2026-02-21,ST020,MED010,9,9,0,0,12,12
2026-02-21,ST020,MED011,16,16,0,0,12,32
2026-02-21,ST020,MED012,17,17,0,0,24,51
2026-02-21,ST020,MED013,10,10,0,12,12,41
2026-02-21,ST020,MED014,10,10,0,0,24,51
2026-02-21,ST020,MED015,16,16,0,24,24,59
2026-02-21,ST020,MED016,17,17,0,0,0,24
2026-02-21,ST020,MED017,17,17,0,12,12,50
2026-02-21,ST020,MED018,9,9,0,0,0,19
2026-02-21,ST020,MED019,3,3,0,0,0,25
2026-02-21,ST020,MED020,9,9,0,24,0,51
2026-02-21,ST020,MED021,15,15,0,66,12,53
2026-02-21,ST020,MED022,9,9,0,6,6,45
2026-02-21,ST020,MED023,16,16,0,12,24,45
2026-02-21,ST020,MED024,18,18,0,12,24,57
2026-02-21,ST020,MED025,10,10,0,12,12,29
2026-02-21,ST020,MED026,15,15,0,0,24,50
2026-02-21,ST020,MED027,17,17,0,0,12,84
2026-02-21,ST020,MED028,9,9,0,0,24,28
2026-02-21,ST020,MED029,14,14,0,0,0,64
2026-02-21,ST020,MED030,0,0,0,0,0,31
2026-02-21,ST021,MED001,10,10,0,0,0,48
2026-02-21,ST021,MED002,9,9,0,12,12,42
2026-02-21,ST021,MED003,4,4,0,0,0,11
2026-02-21,ST021,MED004,6,6,0,0,0,44
2026-02-21,ST021,MED005,7,7,0,12,12,42
2026-02-21,ST021,MED006,8,8,0,24,0,53
2026-02-21,ST021,MED007,3,3,0,0,0,32
2026-02-21,ST021,MED008,3,3,0,12,0,23
2026-02-21,ST021,MED009,9,9,0,0,12,32
2026-02-21,ST021,MED010,4,4,0,0,0,27
2026-02-21,ST021,MED011,14,14,0,0,18,37
2026-02-21,ST021,MED012,6,6,0,0,12,19
2026-02-21,ST021,MED013,4,4,0,0,0,34
2026-02-21,ST021,MED014,7,7,0,0,0,42
2026-02-21,ST021,MED015,12,12,0,0,0,43
2026-02-21,ST021,MED016,5,5,0,0,0,29
2026-02-21,ST021,MED017,10,10,0,12,12,34
2026-02-21,ST021,MED018,4,4,0,0,24,36
2026-02-21,ST021,MED019,4,4,0,0,0,26
2026-02-21,ST021,MED020,9,9,0,0,0,19
2026-02-21,ST021,MED021,5,5,0,0,6,42
2026-02-21,ST021,MED022,4,4,0,0,6,32
2026-02-21,ST021,MED023,11,11,0,12,12,43
2026-02-21,ST021,MED024,10,10,0,0,0,33
2026-02-21,ST021,MED025,3,3,0,24,0,30
2026-02-21,ST021,MED026,8,8,0,0,0,40
2026-02-21,ST021,MED027,10,10,0,0,0,38
2026-02-21,ST021,MED028,7,7,0,24,0,40
2026-02-21,ST021,MED029,9,9,0,0,0,23
2026-02-21,ST021,MED030,4,4,0,12,6,18
2026-02-21,ST022,MED001,10,10,0,0,24,62
2026-02-21,ST022,MED002,8,8,0,6,12,36
2026-02-21,ST022,MED003,0,0,0,0,0,22
2026-02-21,ST022,MED004,2,2,0,0,0,45
2026-02-21,ST022,MED005,12,12,0,12,12,58
2026-02-21,ST022,MED006,9,9,0,0,12,28
2026-02-21,ST022,MED007,2,2,0,0,0,19
2026-02-21,ST022,MED008,2,2,0,12,0,30
2026-02-21,ST022,MED009,12,12,0,0,12,44
2026-02-21,ST022,MED010,5,5,0,0,12,2
2026-02-21,ST022,MED011,8,8,0,18,6,57
2026-02-21,ST022,MED012,8,8,0,12,12,45
2026-02-21,ST022,MED013,4,4,0,0,12,28
2026-02-21,ST022,MED014,0,0,0,0,0,39
2026-02-21,ST022,MED015,11,11,0,0,0,35
2026-02-21,ST022,MED016,8,8,0,0,24,16
2026-02-21,ST022,MED017,9,0,9,0,0,0
2026-02-21,ST022,MED018,5,5,0,24,24,34
2026-02-21,ST022,MED019,0,0,0,0,0,33
2026-02-21,ST022,MED020,5,5,0,0,0,33
2026-02-21,ST022,MED021,5,5,0,0,0,42
2026-02-21,ST022,MED022,8,8,0,6,6,29
2026-02-21,ST022,MED023,8,8,0,0,0,34
2026-02-21,ST022,MED024,11,11,0,12,0,49
2026-02-21,ST022,MED025,8,8,0,0,12,28
2026-02-21,ST022,MED026,12,12,0,0,0,59
2026-02-21,ST022,MED027,11,11,0,36,0,68
2026-02-21,ST022,MED028,7,7,0,0,0,19
2026-02-21,ST022,MED029,8,8,0,24,0,61
2026-02-21,ST022,MED030,6,6,0,0,6,15
2026-02-21,ST023,MED001,16,16,0,24,24,42
2026-02-21,ST023,MED002,16,16,0,18,24,25
2026-02-21,ST023,MED003,1,1,0,24,0,46
2026-02-21,ST023,MED004,9,9,0,0,12,10
2026-02-21,ST023,MED005,13,13,0,0,12,39
2026-02-21,ST023,MED006,10,10,0,0,12,39
2026-02-21,ST023,MED007,1,1,0,0,0,33
2026-02-21,ST023,MED008,5,5,0,0,0,13
2026-02-21,ST023,MED009,14,14,0,0,12,6
2026-02-21,ST023,MED010,5,5,0,24,0,27
2026-02-21,ST023,MED011,12,12,0,6,6,34
2026-02-21,ST023,MED012,9,9,0,24,12,38
2026-02-21,ST023,MED013,5,5,0,0,0,23
2026-02-21,ST023,MED014,9,9,0,0,0,27
2026-02-21,ST023,MED015,9,9,0,0,0,26
2026-02-21,ST023,MED016,6,6,0,0,0,31
2026-02-21,ST023,MED017,14,14,0,0,24,53
2026-02-21,ST023,MED018,8,8,0,0,0,31
2026-02-21,ST023,MED019,4,4,0,0,0,16
2026-02-21,ST023,MED020,8,8,0,0,24,18
2026-02-21,ST023,MED021,4,4,0,12,0,53
2026-02-21,ST023,MED022,9,6,3,6,0,0
2026-02-21,ST023,MED023,11,11,0,24,12,64
2026-02-21,ST023,MED024,11,11,0,36,12,80
2026-02-21,ST023,MED025,7,7,0,0,12,20
2026-02-21,ST023,MED026,11,11,0,24,0,76
2026-02-21,ST023,MED027,14,14,0,12,24,57
2026-02-21,ST023,MED028,2,2,0,0,0,44
2026-02-21,ST023,MED029,7,7,0,0,0,55
2026-02-21,ST023,MED030,10,10,0,0,18,18
2026-02-21,ST024,MED001,9,9,0,0,24,29
2026-02-21,ST024,MED002,12,12,0,12,12,46
2026-02-21,ST024,MED003,4,4,0,0,0,15
2026-02-21,ST024,MED004,11,11,0,12,12,45
2026-02-21,ST024,MED005,13,13,0,0,12,36
2026-02-21,ST024,MED006,13,13,0,24,12,62
2026-02-21,ST024,MED007,1,1,0,24,0,24
2026-02-21,ST024,MED008,1,1,0,0,12,14
2026-02-21,ST024,MED009,14,14,0,12,12,49
2026-02-21,ST024,MED010,2,2,0,12,0,26
2026-02-21,ST024,MED011,12,12,0,0,12,46
2026-02-21,ST024,MED012,11,11,0,24,12,53
2026-02-21,ST024,MED013,9,9,0,0,0,22
2026-02-21,ST024,MED014,2,2,0,0,0,17
2026-02-21,ST024,MED015,14,14,0,0,24,55
2026-02-21,ST024,MED016,11,11,0,0,24,26
2026-02-21,ST024,MED017,10,10,0,12,12,61
2026-02-21,ST024,MED018,7,7,0,0,0,41
2026-02-21,ST024,MED019,1,1,0,0,0,28
2026-02-21,ST024,MED020,5,5,0,0,0,61
2026-02-21,ST024,MED021,13,13,0,36,18,47
2026-02-21,ST024,MED022,10,10,0,0,12,29
2026-02-21,ST024,MED023,14,14,0,0,12,59
2026-02-21,ST024,MED024,14,14,0,60,12,46
2026-02-21,ST024,MED025,8,8,0,0,12,8
2026-02-21,ST024,MED026,9,9,0,0,0,49
2026-02-21,ST024,MED027,11,11,0,12,12,64
2026-02-21,ST024,MED028,7,7,0,24,0,57
2026-02-21,ST024,MED029,10,10,0,0,0,31
2026-02-21,ST024,MED030,8,8,0,0,12,28
2026-02-21,ST025,MED001,15,15,0,0,0,69
2026-02-21,ST025,MED002,10,10,0,12,12,44
2026-02-21,ST025,MED003,1,1,0,0,0,37
2026-02-21,ST025,MED004,10,10,0,24,12,46
2026-02-21,ST025,MED005,11,11,0,24,12,61
2026-02-21,ST025,MED006,15,15,0,24,12,48
2026-02-21,ST025,MED007,3,3,0,0,0,22
2026-02-21,ST025,MED008,4,4,0,12,0,32
2026-02-21,ST025,MED009,10,10,0,0,12,41
2026-02-21,ST025,MED010,6,6,0,0,0,22
2026-02-21,ST025,MED011,11,11,0,24,6,60
2026-02-21,ST025,MED012,10,10,0,12,12,43
2026-02-21,ST025,MED013,11,11,0,0,12,49
2026-02-21,ST025,MED014,4,4,0,24,0,59
2026-02-21,ST025,MED015,16,16,0,0,24,37
2026-02-21,ST025,MED016,10,10,0,24,24,58
2026-02-21,ST025,MED017,12,12,0,24,0,48
2026-02-21,ST025,MED018,11,11,0,0,24,24
2026-02-21,ST025,MED019,3,3,0,0,0,30
2026-02-21,ST025,MED020,7,7,0,24,24,46
2026-02-21,ST025,MED021,10,10,0,0,6,31
2026-02-21,ST025,MED022,11,11,0,0,6,57
2026-02-21,ST025,MED023,12,12,0,24,12,53
2026-02-21,ST025,MED024,17,17,0,12,12,66
2026-02-21,ST025,MED025,8,8,0,12,0,35
2026-02-21,ST025,MED026,16,16,0,24,24,74
2026-02-21,ST025,MED027,14,14,0,24,12,56
2026-02-21,ST025,MED028,8,8,0,0,0,44
2026-02-21,ST025,MED029,11,11,0,0,0,24
2026-02-21,ST025,MED030,10,10,0,18,12,27
2026-02-21,ST026,MED001,17,17,0,24,0,55
2026-02-21,ST026,MED002,16,16,0,18,18,56
2026-02-21,ST026,MED003,5,5,0,0,0,40
2026-02-21,ST026,MED004,11,11,0,12,12,52
2026-02-21,ST026,MED005,16,16,0,12,24,61
2026-02-21,ST026,MED006,13,13,0,12,12,43
2026-02-21,ST026,MED007,5,5,0,0,0,38
2026-02-21,ST026,MED008,6,6,0,0,12,9
2026-02-21,ST026,MED009,17,17,0,12,24,48
2026-02-21,ST026,MED010,10,10,0,0,12,23
2026-02-21,ST026,MED011,15,15,0,24,18,56
2026-02-21,ST026,MED012,16,16,0,0,24,28
2026-02-21,ST026,MED013,9,9,0,0,12,38
2026-02-21,ST026,MED014,3,3,0,0,0,43
2026-02-21,ST026,MED015,14,14,0,48,24,77
2026-02-21,ST026,MED016,7,7,0,0,0,41
2026-02-21,ST026,MED017,16,16,0,0,12,53
2026-02-21,ST026,MED018,5,5,0,24,0,49
2026-02-21,ST026,MED019,3,3,0,0,24,23
2026-02-21,ST026,MED020,11,11,0,0,24,61
2026-02-21,ST026,MED021,18,18,0,24,18,41
2026-02-21,ST026,MED022,7,7,0,6,6,33
2026-02-21,ST026,MED023,15,15,0,0,24,28
2026-02-21,ST026,MED024,16,16,0,36,12,69
2026-02-21,ST026,MED025,7,7,0,0,12,39
2026-02-21,ST026,MED026,15,15,0,24,0,61
2026-02-21,ST026,MED027,18,18,0,12,12,54
2026-02-21,ST026,MED028,7,7,0,24,0,43
2026-02-21,ST026,MED029,9,9,0,96,0,87
2026-02-21,ST026,MED030,5,5,0,0,6,32
2026-02-21,ST027,MED001,18,18,0,0,24,74
2026-02-21,ST027,MED002,14,14,0,0,18,76
2026-02-21,ST027,MED003,5,5,0,0,0,25
2026-02-21,ST027,MED004,12,12,0,24,12,43
2026-02-21,ST027,MED005,17,17,0,24,24,59
2026-02-21,ST027,MED006,15,15,0,24,12,65
2026-02-21,ST027,MED007,3,3,0,0,0,40
2026-02-21,ST027,MED008,6,6,0,0,0,19
2026-02-21,ST027,MED009,14,14,0,24,12,58
2026-02-21,ST027,MED010,3,3,0,0,0,19
2026-02-21,ST027,MED011,14,14,0,0,12,63
2026-02-21,ST027,MED012,19,19,0,0,24,36
2026-02-21,ST027,MED013,6,6,0,0,0,38
2026-02-21,ST027,MED014,6,6,0,24,24,41
2026-02-21,ST027,MED015,20,20,0,0,24,36
2026-02-21,ST027,MED016,13,13,0,0,24,4
2026-02-21,ST027,MED017,19,19,0,0,12,55
2026-02-21,ST027,MED018,6,6,0,24,24,49
2026-02-21,ST027,MED019,4,4,0,0,24,32
2026-02-21,ST027,MED020,10,10,0,0,0,56
2026-02-21,ST027,MED021,16,16,0,0,12,40
2026-02-21,ST027,MED022,8,8,0,12,12,44
2026-02-21,ST027,MED023,14,14,0,36,12,82
2026-02-21,ST027,MED024,22,22,0,24,24,53
2026-02-21,ST027,MED025,10,10,0,0,12,34
2026-02-21,ST027,MED026,11,11,0,0,24,67
2026-02-21,ST027,MED027,17,0,17,0,0,0
2026-02-21,ST027,MED028,8,8,0,0,24,31
2026-02-21,ST027,MED029,12,12,0,0,24,51
2026-02-21,ST027,MED030,10,10,0,6,12,33
2026-02-21,ST028,MED001,10,10,0,0,0,13
2026-02-21,ST028,MED002,11,11,0,6,12,28
2026-02-21,ST028,MED003,2,2,0,0,0,10
2026-02-21,ST028,MED004,8,8,0,0,0,25
2026-02-21,ST028,MED005,9,9,0,12,12,33
2026-02-21,ST028,MED006,7,7,0,0,0,29
2026-02-21,ST028,MED007,4,4,0,0,0,11
2026-02-21,ST028,MED008,2,2,0,0,0,15
2026-02-21,ST028,MED009,8,8,0,12,12,33
2026-02-21,ST028,MED010,0,0,0,0,0,33
2026-02-21,ST028,MED011,6,6,0,12,6,20
2026-02-21,ST028,MED012,5,5,0,0,12,50
2026-02-21,ST028,MED013,4,4,0,0,0,34
2026-02-21,ST028,MED014,5,5,0,0,0,37
2026-02-21,ST028,MED015,12,12,0,24,24,52
2026-02-21,ST028,MED016,6,6,0,0,24,33
2026-02-21,ST028,MED017,9,9,0,0,0,46
2026-02-21,ST028,MED018,2,2,0,0,0,20
2026-02-21,ST028,MED019,0,0,0,0,0,17
2026-02-21,ST028,MED020,5,5,0,0,24,36
2026-02-21,ST028,MED021,10,10,0,6,18,16
2026-02-21,ST028,MED022,1,1,0,0,0,38
2026-02-21,ST028,MED023,9,9,0,12,12,41
2026-02-21,ST028,MED024,9,9,0,0,12,41
2026-02-21,ST028,MED025,5,5,0,0,0,19
2026-02-21,ST028,MED026,9,9,0,0,0,45
2026-02-21,ST028,MED027,22,22,0,12,36,36
2026-02-21,ST028,MED028,5,5,0,24,0,57
2026-02-21,ST028,MED029,3,3,0,24,0,58
2026-02-21,ST028,MED030,2,2,0,6,6,23
2026-02-21,ST029,MED001,11,11,0,48,24,65
2026-02-21,ST029,MED002,12,12,0,42,12,30
2026-02-21,ST029,MED003,2,2,0,24,0,39
2026-02-21,ST029,MED004,13,13,0,0,12,22
2026-02-21,ST029,MED005,7,7,0,0,12,46
2026-02-21,ST029,MED006,17,17,0,36,24,43
2026-02-21,ST029,MED007,6,6,0,0,24,17
2026-02-21,ST029,MED008,2,2,0,0,0,21
2026-02-21,ST029,MED009,9,9,0,24,0,49
2026-02-21,ST029,MED010,4,4,0,12,0,13
2026-02-21,ST029,MED011,10,10,0,18,6,31
2026-02-21,ST029,MED012,5,5,0,0,0,21
2026-02-21,ST029,MED013,5,5,0,0,12,32
2026-02-21,ST029,MED014,6,6,0,24,0,25
2026-02-21,ST029,MED015,11,11,0,24,24,54
2026-02-21,ST029,MED016,7,7,0,0,0,4
2026-02-21,ST029,MED017,9,9,0,0,12,39
2026-02-21,ST029,MED018,6,6,0,0,0,35
2026-02-21,ST029,MED019,2,2,0,0,0,34
2026-02-21,ST029,MED020,2,2,0,24,0,53
2026-02-21,ST029,MED021,7,7,0,12,6,44
2026-02-21,ST029,MED022,10,10,0,6,12,24
2026-02-21,ST029,MED023,11,11,0,0,24,42
2026-02-21,ST029,MED024,11,11,0,12,12,54
2026-02-21,ST029,MED025,6,6,0,0,12,10
2026-02-21,ST029,MED026,10,10,0,0,0,35
2026-02-21,ST029,MED027,12,12,0,12,12,50
2026-02-21,ST029,MED028,3,3,0,0,0,37
2026-02-21,ST029,MED029,10,10,0,0,24,37
2026-02-21,ST029,MED030,7,7,0,0,6,20
2026-02-21,ST030,MED001,13,13,0,0,24,29
2026-02-21,ST030,MED002,10,10,0,0,12,55
2026-02-21,ST030,MED003,1,1,0,0,0,22
2026-02-21,ST030,MED004,10,10,0,0,0,39
2026-02-21,ST030,MED005,12,12,0,0,12,22
2026-02-21,ST030,MED006,13,13,0,0,12,42
2026-02-21,ST030,MED007,0,0,0,0,0,18
2026-02-21,ST030,MED008,3,3,0,0,12,16
2026-02-21,ST030,MED009,12,12,0,0,12,23
2026-02-21,ST030,MED010,3,3,0,12,12,32
2026-02-21,ST030,MED011,13,13,0,0,18,24
2026-02-21,ST030,MED012,7,7,0,12,0,61
2026-02-21,ST030,MED013,9,9,0,0,12,28
2026-02-21,ST030,MED014,5,5,0,0,0,19
2026-02-21,ST030,MED015,16,16,0,48,24,72
2026-02-21,ST030,MED016,6,6,0,0,0,35
2026-02-21,ST030,MED017,15,15,0,0,12,34
2026-02-21,ST030,MED018,8,8,0,0,0,10
2026-02-21,ST030,MED019,0,0,0,0,0,21
2026-02-21,ST030,MED020,3,3,0,0,0,23
2026-02-21,ST030,MED021,10,10,0,0,12,36
2026-02-21,ST030,MED022,7,7,0,0,6,21
2026-02-21,ST030,MED023,12,12,0,12,12,40
2026-02-21,ST030,MED024,13,13,0,0,12,45
2026-02-21,ST030,MED025,3,3,0,0,12,36
2026-02-21,ST030,MED026,15,15,0,0,0,32
2026-02-21,ST030,MED027,14,14,0,0,12,48
2026-02-21,ST030,MED028,5,5,0,24,0,43
2026-02-21,ST030,MED029,9,9,0,0,24,27
2026-02-21,ST030,MED030,5,5,0,6,0,39
2026-02-21,ST031,MED001,12,12,0,0,24,47
2026-02-21,ST031,MED002,13,13,0,12,18,40
2026-02-21,ST031,MED003,2,2,0,24,0,22
2026-02-21,ST031,MED004,7,7,0,24,0,49
2026-02-21,ST031,MED005,9,9,0,24,12,52
2026-02-21,ST031,MED006,13,13,0,0,12,39
2026-02-21,ST031,MED007,2,2,0,0,0,34
2026-02-21,ST031,MED008,6,6,0,0,0,16
2026-02-21,ST031,MED009,12,12,0,0,12,58
2026-02-21,ST031,MED010,3,3,0,0,0,33
2026-02-21,ST031,MED011,9,9,0,0,6,35
2026-02-21,ST031,MED012,9,9,0,12,12,42
2026-02-21,ST031,MED013,9,9,0,0,12,24
2026-02-21,ST031,MED014,6,6,0,0,0,19
2026-02-21,ST031,MED015,13,13,0,24,0,79
2026-02-21,ST031,MED016,8,8,0,24,0,45
2026-02-21,ST031,MED017,10,10,0,24,0,61
2026-02-21,ST031,MED018,8,8,0,0,0,38
2026-02-21,ST031,MED019,2,2,0,0,0,31
2026-02-21,ST031,MED020,7,7,0,0,0,36
2026-02-21,ST031,MED021,12,12,0,6,12,43
2026-02-21,ST031,MED022,8,8,0,0,6,8
2026-02-21,ST031,MED023,13,13,0,0,12,40
2026-02-21,ST031,MED024,12,12,0,0,12,64
2026-02-21,ST031,MED025,5,5,0,0,12,26
2026-02-21,ST031,MED026,16,16,0,0,24,64
2026-02-21,ST031,MED027,12,12,0,12,12,43
2026-02-21,ST031,MED028,6,6,0,0,0,30
2026-02-21,ST031,MED029,10,10,0,0,0,34
2026-02-21,ST031,MED030,9,9,0,12,6,23
2026-02-21,ST032,MED001,13,13,0,24,24,23
2026-02-21,ST032,MED002,12,12,0,24,12,52
2026-02-21,ST032,MED003,2,2,0,0,0,28
2026-02-21,ST032,MED004,12,12,0,12,12,41
2026-02-21,ST032,MED005,12,4,8,0,12,0
2026-02-21,ST032,MED006,12,12,0,12,12,76
2026-02-21,ST032,MED007,3,3,0,0,0,20
2026-02-21,ST032,MED008,0,0,0,0,0,15
2026-02-21,ST032,MED009,12,12,0,0,12,57
2026-02-21,ST032,MED010,5,5,0,0,12,39
2026-02-21,ST032,MED011,12,12,0,24,6,55
2026-02-21,ST032,MED012,12,12,0,0,12,33
2026-02-21,ST032,MED013,8,8,0,12,12,36
2026-02-21,ST032,MED014,4,4,0,0,0,30
2026-02-21,ST032,MED015,16,16,0,0,24,84
2026-02-21,ST032,MED016,8,8,0,0,0,37
2026-02-21,ST032,MED017,11,11,0,0,12,52
2026-02-21,ST032,MED018,3,3,0,0,0,32
2026-02-21,ST032,MED019,3,3,0,0,0,34
2026-02-21,ST032,MED020,8,8,0,0,0,44
2026-02-21,ST032,MED021,15,15,0,36,18,51
2026-02-21,ST032,MED022,8,8,0,0,12,30
2026-02-21,ST032,MED023,17,17,0,0,24,31
2026-02-21,ST032,MED024,14,14,0,24,12,70
2026-02-21,ST032,MED025,8,8,0,12,12,33
2026-02-21,ST032,MED026,11,11,0,24,0,111
2026-02-21,ST032,MED027,17,17,0,12,24,53
2026-02-21,ST032,MED028,3,3,0,0,0,35
2026-02-21,ST032,MED029,14,14,0,0,24,55
2026-02-21,ST032,MED030,8,8,0,0,12,10
2026-02-21,ST033,MED001,15,15,0,24,0,54
2026-02-21,ST033,MED002,15,15,0,12,18,49
2026-02-21,ST033,MED003,2,2,0,0,0,38
2026-02-21,ST033,MED004,11,11,0,12,12,55
2026-02-21,ST033,MED005,14,14,0,12,24,44
2026-02-21,ST033,MED006,15,0,15,0,0,0
2026-02-21,ST033,MED007,6,6,0,0,0,12
2026-02-21,ST033,MED008,4,4,0,12,12,29
2026-02-21,ST033,MED009,14,14,0,0,12,36
2026-02-21,ST033,MED010,4,4,0,0,0,18
2026-02-21,ST033,MED011,13,13,0,0,12,45
2026-02-21,ST033,MED012,22,22,0,12,24,54
2026-02-21,ST033,MED013,9,9,0,12,12,54
2026-02-21,ST033,MED014,4,4,0,0,0,34
2026-02-21,ST033,MED015,14,14,0,0,0,62
2026-02-21,ST033,MED016,8,8,0,48,0,47
2026-02-21,ST033,MED017,16,16,0,12,12,74
2026-02-21,ST033,MED018,9,9,0,0,24,26
2026-02-21,ST033,MED019,6,6,0,24,0,37
2026-02-21,ST033,MED020,9,9,0,0,0,54
2026-02-21,ST033,MED021,14,14,0,18,18,59
2026-02-21,ST033,MED022,14,14,0,6,18,21
2026-02-21,ST033,MED023,14,14,0,0,12,34
2026-02-21,ST033,MED024,19,19,0,12,24,42
2026-02-21,ST033,MED025,5,5,0,12,12,24
2026-02-21,ST033,MED026,19,19,0,24,24,71
2026-02-21,ST033,MED027,17,17,0,12,12,46
2026-02-21,ST033,MED028,11,11,0,0,0,30
2026-02-21,ST033,MED029,13,13,0,24,0,54
2026-02-21,ST033,MED030,6,6,0,0,6,11
2026-02-21,ST034,MED001,10,10,0,0,0,50
2026-02-21,ST034,MED002,18,18,0,0,24,53
2026-02-21,ST034,MED003,5,5,0,0,0,40
2026-02-21,ST034,MED004,13,13,0,0,12,48
2026-02-21,ST034,MED005,14,14,0,12,12,49
2026-02-21,ST034,MED006,13,13,0,12,12,61
2026-02-21,ST034,MED007,3,3,0,0,0,29
2026-02-21,ST034,MED008,2,2,0,12,0,30
2026-02-21,ST034,MED009,19,19,0,24,24,62
2026-02-21,ST034,MED010,6,6,0,24,12,26
2026-02-21,ST034,MED011,19,19,0,0,24,55
2026-02-21,ST034,MED012,13,13,0,0,12,63
2026-02-21,ST034,MED013,10,10,0,0,12,31
2026-02-21,ST034,MED014,5,5,0,0,0,40
2026-02-21,ST034,MED015,16,16,0,24,0,52
2026-02-21,ST034,MED016,12,12,0,0,0,25
2026-02-21,ST034,MED017,14,14,0,0,12,72
2026-02-21,ST034,MED018,10,10,0,24,24,56
2026-02-21,ST034,MED019,9,9,0,0,0,21
2026-02-21,ST034,MED020,9,9,0,0,0,53
2026-02-21,ST034,MED021,16,16,0,12,12,38
2026-02-21,ST034,MED022,7,7,0,0,6,45
2026-02-21,ST034,MED023,17,17,0,36,24,70
2026-02-21,ST034,MED024,14,14,0,0,12,58
2026-02-21,ST034,MED025,9,9,0,0,0,26
2026-02-21,ST034,MED026,19,19,0,24,24,96
2026-02-21,ST034,MED027,19,19,0,24,24,51
2026-02-21,ST034,MED028,11,11,0,0,24,35
2026-02-21,ST034,MED029,17,17,0,0,0,15
2026-02-21,ST034,MED030,9,9,0,0,6,31
2026-02-21,ST035,MED001,5,5,0,0,0,59
2026-02-21,ST035,MED002,9,9,0,0,12,48
2026-02-21,ST035,MED003,1,1,0,0,0,14
2026-02-21,ST035,MED004,4,4,0,12,0,37
2026-02-21,ST035,MED005,9,9,0,0,12,48
2026-02-21,ST035,MED006,9,9,0,0,12,46
2026-02-21,ST035,MED007,4,4,0,0,0,11
2026-02-21,ST035,MED008,0,0,0,12,0,24
2026-02-21,ST035,MED009,7,7,0,0,0,22
2026-02-21,ST035,MED010,2,2,0,12,0,21
2026-02-21,ST035,MED011,8,8,0,6,6,17
2026-02-21,ST035,MED012,11,11,0,0,12,42
2026-02-21,ST035,MED013,3,3,0,0,0,25
2026-02-21,ST035,MED014,10,10,0,0,24,34
2026-02-21,ST035,MED015,12,12,0,0,0,49
2026-02-21,ST035,MED016,6,6,0,0,0,22
2026-02-21,ST035,MED017,6,6,0,0,0,24
2026-02-21,ST035,MED018,7,7,0,0,0,5
2026-02-21,ST035,MED019,5,5,0,0,24,13
2026-02-21,ST035,MED020,8,8,0,0,0,23
2026-02-21,ST035,MED021,7,7,0,0,6,34
2026-02-21,ST035,MED022,5,5,0,12,0,31
2026-02-21,ST035,MED023,9,9,0,0,0,46
2026-02-21,ST035,MED024,9,9,0,12,12,51
2026-02-21,ST035,MED025,4,4,0,12,0,34
2026-02-21,ST035,MED026,9,9,0,0,0,47
2026-02-21,ST035,MED027,14,14,0,12,12,33
2026-02-21,ST035,MED028,2,2,0,0,0,48
2026-02-21,ST035,MED029,7,7,0,0,0,39
2026-02-21,ST035,MED030,3,3,0,0,0,11
2026-02-21,ST036,MED001,6,6,0,24,0,62
2026-02-21,ST036,MED002,11,11,0,0,12,32
2026-02-21,ST036,MED003,0,0,0,0,0,29
2026-02-21,ST036,MED004,6,6,0,12,0,35
2026-02-21,ST036,MED005,9,9,0,0,12,41
2026-02-21,ST036,MED006,13,13,0,12,12,31
2026-02-21,ST036,MED007,1,1,0,0,0,41
2026-02-21,ST036,MED008,2,2,0,0,0,8
2026-02-21,ST036,MED009,11,11,0,0,12,11
2026-02-21,ST036,MED010,0,0,0,0,0,23
2026-02-21,ST036,MED011,9,9,0,0,6,36
2026-02-21,ST036,MED012,6,6,0,12,0,41
2026-02-21,ST036,MED013,8,8,0,12,12,25
2026-02-21,ST036,MED014,5,5,0,0,0,33
2026-02-21,ST036,MED015,15,15,0,0,24,28
2026-02-21,ST036,MED016,9,9,0,0,24,47
2026-02-21,ST036,MED017,11,11,0,24,12,50
2026-02-21,ST036,MED018,4,4,0,0,0,30
2026-02-21,ST036,MED019,4,4,0,0,0,12
2026-02-21,ST036,MED020,5,5,0,0,0,33
2026-02-21,ST036,MED021,8,8,0,6,6,39
2026-02-21,ST036,MED022,6,6,0,12,6,17
2026-02-21,ST036,MED023,11,11,0,0,12,33
2026-02-21,ST036,MED024,11,11,0,12,12,43
2026-02-21,ST036,MED025,5,5,0,0,0,14
2026-02-21,ST036,MED026,8,8,0,0,0,25
2026-02-21,ST036,MED027,13,13,0,0,12,45
2026-02-21,ST036,MED028,6,6,0,0,0,38
2026-02-21,ST036,MED029,6,6,0,24,0,65
2026-02-21,ST036,MED030,5,5,0,0,0,25
2026-02-21,ST037,MED001,12,12,0,24,24,73
2026-02-21,ST037,MED002,13,13,0,12,12,24
2026-02-21,ST037,MED003,1,1,0,0,0,45
2026-02-21,ST037,MED004,7,7,0,0,12,19
2026-02-21,ST037,MED005,22,22,0,12,36,34
2026-02-21,ST037,MED006,9,9,0,0,12,38
2026-02-21,ST037,MED007,6,6,0,0,0,37
2026-02-21,ST037,MED008,2,2,0,0,0,25
2026-02-21,ST037,MED009,6,6,0,0,12,49
2026-02-21,ST037,MED010,9,9,0,0,12,18
2026-02-21,ST037,MED011,13,13,0,18,12,31
2026-02-21,ST037,MED012,13,13,0,36,12,27
2026-02-21,ST037,MED013,8,8,0,12,0,40
2026-02-21,ST037,MED014,4,4,0,0,0,24
2026-02-21,ST037,MED015,15,15,0,0,24,62
2026-02-21,ST037,MED016,6,6,0,0,24,30
2026-02-21,ST037,MED017,10,10,0,0,12,32
2026-02-21,ST037,MED018,8,8,0,24,0,34
2026-02-21,ST037,MED019,4,4,0,0,0,35
2026-02-21,ST037,MED020,10,10,0,0,24,48
2026-02-21,ST037,MED021,12,12,0,0,18,36
2026-02-21,ST037,MED022,6,6,0,6,6,25
2026-02-21,ST037,MED023,13,13,0,0,12,30
2026-02-21,ST037,MED024,13,13,0,0,12,47
2026-02-21,ST037,MED025,4,4,0,0,0,41
2026-02-21,ST037,MED026,14,14,0,24,24,53
2026-02-21,ST037,MED027,14,14,0,12,12,49
2026-02-21,ST037,MED028,2,2,0,0,0,60
2026-02-21,ST037,MED029,10,10,0,0,24,30
2026-02-21,ST037,MED030,6,6,0,6,0,33
2026-02-21,ST038,MED001,13,13,0,0,24,32
2026-02-21,ST038,MED002,12,12,0,0,12,33
2026-02-21,ST038,MED003,2,2,0,0,0,20
2026-02-21,ST038,MED004,10,10,0,0,12,35
2026-02-21,ST038,MED005,12,12,0,0,12,51
2026-02-21,ST038,MED006,9,9,0,24,0,72
2026-02-21,ST038,MED007,5,5,0,0,0,31
2026-02-21,ST038,MED008,5,5,0,0,0,4
2026-02-21,ST038,MED009,13,13,0,12,12,60
2026-02-21,ST038,MED010,2,2,0,0,0,24
2026-02-21,ST038,MED011,6,6,0,0,6,39
2026-02-21,ST038,MED012,11,11,0,36,12,66
2026-02-21,ST038,MED013,7,7,0,0,12,46
2026-02-21,ST038,MED014,7,7,0,0,0,29
2026-02-21,ST038,MED015,17,17,0,24,24,80
2026-02-21,ST038,MED016,7,7,0,0,0,7
2026-02-21,ST038,MED017,12,12,0,24,12,59
2026-02-21,ST038,MED018,6,6,0,24,24,44
2026-02-21,ST038,MED019,4,4,0,0,0,19
2026-02-21,ST038,MED020,7,7,0,0,0,39
2026-02-21,ST038,MED021,9,9,0,12,6,48
2026-02-21,ST038,MED022,5,5,0,12,6,46
2026-02-21,ST038,MED023,13,13,0,12,12,62
2026-02-21,ST038,MED024,11,11,0,24,0,78
2026-02-21,ST038,MED025,6,6,0,12,0,42
2026-02-21,ST038,MED026,16,16,0,0,24,48
2026-02-21,ST038,MED027,12,12,0,0,12,72
2026-02-21,ST038,MED028,8,8,0,0,24,35
2026-02-21,ST038,MED029,10,10,0,0,0,55
2026-02-21,ST038,MED030,3,3,0,6,6,22
2026-02-21,ST039,MED001,13,13,0,0,0,53
2026-02-21,ST039,MED002,16,16,0,0,18,27
2026-02-21,ST039,MED003,6,6,0,0,0,38
2026-02-21,ST039,MED004,11,11,0,0,12,34
2026-02-21,ST039,MED005,13,13,0,24,24,41
2026-02-21,ST039,MED006,15,15,0,12,12,68
2026-02-21,ST039,MED007,0,0,0,0,0,26
2026-02-21,ST039,MED008,4,4,0,0,0,19
2026-02-21,ST039,MED009,14,14,0,24,12,51
2026-02-21,ST039,MED010,5,5,0,12,12,39
2026-02-21,ST039,MED011,14,14,0,12,12,33
2026-02-21,ST039,MED012,12,12,0,24,12,50
2026-02-21,ST039,MED013,5,5,0,12,12,34
2026-02-21,ST039,MED014,5,5,0,0,0,31
2026-02-21,ST039,MED015,15,15,0,0,24,37
2026-02-21,ST039,MED016,6,6,0,0,24,55
2026-02-21,ST039,MED017,13,13,0,12,12,59
2026-02-21,ST039,MED018,9,9,0,0,0,19
2026-02-21,ST039,MED019,5,5,0,0,24,21
2026-02-21,ST039,MED020,7,7,0,24,0,54
2026-02-21,ST039,MED021,12,12,0,18,12,34
2026-02-21,ST039,MED022,8,8,0,6,12,33
2026-02-21,ST039,MED023,16,0,16,0,0,0
2026-02-21,ST039,MED024,15,15,0,12,12,54
2026-02-21,ST039,MED025,7,7,0,0,12,32
2026-02-21,ST039,MED026,15,15,0,24,24,74
2026-02-21,ST039,MED027,15,15,0,36,12,87
2026-02-21,ST039,MED028,7,7,0,0,0,4
2026-02-21,ST039,MED029,15,15,0,72,0,57
2026-02-21,ST039,MED030,2,2,0,0,0,31
2026-02-21,ST040,MED001,13,13,0,0,0,57
2026-02-21,ST040,MED002,16,16,0,30,12,55
2026-02-21,ST040,MED003,4,4,0,0,0,17
2026-02-21,ST040,MED004,7,7,0,0,0,33
2026-02-21,ST040,MED005,14,14,0,0,24,52
2026-02-21,ST040,MED006,15,15,0,0,12,43
2026-02-21,ST040,MED007,4,4,0,0,0,16
2026-02-21,ST040,MED008,8,8,0,12,12,24
2026-02-21,ST040,MED009,16,16,0,0,24,54
2026-02-21,ST040,MED010,8,8,0,0,12,28
2026-02-21,ST040,MED011,13,13,0,18,12,71
2026-02-21,ST040,MED012,15,15,0,24,24,61
2026-02-21,ST040,MED013,9,9,0,12,12,37
2026-02-21,ST040,MED014,9,9,0,0,0,42
2026-02-21,ST040,MED015,14,14,0,0,0,81
2026-02-21,ST040,MED016,13,13,0,0,24,33
2026-02-21,ST040,MED017,13,13,0,12,12,39
2026-02-21,ST040,MED018,8,8,0,0,0,35
2026-02-21,ST040,MED019,4,4,0,0,24,27
2026-02-21,ST040,MED020,9,9,0,24,24,59
2026-02-21,ST040,MED021,12,12,0,0,12,45
2026-02-21,ST040,MED022,8,8,0,0,12,27
2026-02-21,ST040,MED023,18,18,0,12,24,40
2026-02-21,ST040,MED024,17,17,0,24,12,42
2026-02-21,ST040,MED025,14,14,0,12,12,38
2026-02-21,ST040,MED026,17,17,0,24,24,64
2026-02-21,ST040,MED027,29,29,0,0,36,47
2026-02-21,ST040,MED028,8,8,0,0,24,45
2026-02-21,ST040,MED029,9,9,0,24,0,49
2026-02-21,ST040,MED030,6,6,0,6,6,29
2026-02-22,ST001,MED001,11,11,0,24,24,60
2026-02-22,ST001,MED002,9,9,0,0,6,28
2026-02-22,ST001,MED003,5,5,0,0,0,39
2026-02-22,ST001,MED004,8,8,0,12,0,28
2026-02-22,ST001,MED005,12,12,0,24,12,55
2026-02-22,ST001,MED006,12,12,0,24,24,23
2026-02-22,ST001,MED007,4,4,0,0,0,22
2026-02-22,ST001,MED008,4,4,0,12,0,9
2026-02-22,ST001,MED009,11,11,0,0,12,31
2026-02-22,ST001,MED010,5,5,0,12,12,11
2026-02-22,ST001,MED011,12,12,0,0,12,28
2026-02-22,ST001,MED012,7,7,0,0,0,17
2026-02-22,ST001,MED013,4,4,0,12,12,31
2026-02-22,ST001,MED014,0,0,0,0,0,31
2026-02-22,ST001,MED015,11,11,0,0,0,25
2026-02-22,ST001,MED016,4,4,0,48,0,57
2026-02-22,ST001,MED017,11,11,0,12,12,46
2026-02-22,ST001,MED018,5,5,0,0,0,21
2026-02-22,ST001,MED019,5,5,0,0,0,41
2026-02-22,ST001,MED020,7,7,0,0,0,40
2026-02-22,ST001,MED021,9,9,0,6,6,19
2026-02-22,ST001,MED022,6,6,0,12,6,29
2026-02-22,ST001,MED023,8,8,0,12,0,35
2026-02-22,ST001,MED024,11,11,0,0,12,42
2026-02-22,ST001,MED025,7,7,0,0,0,16
2026-02-22,ST001,MED026,11,11,0,24,0,59
2026-02-22,ST001,MED027,10,10,0,12,12,19
2026-02-22,ST001,MED028,6,6,0,0,0,28
2026-02-22,ST001,MED029,5,5,0,24,0,42
2026-02-22,ST001,MED030,4,4,0,18,6,34
2026-02-22,ST002,MED001,15,15,0,0,24,39
2026-02-22,ST002,MED002,15,15,0,24,12,34
2026-02-22,ST002,MED003,1,1,0,0,0,22
2026-02-22,ST002,MED004,7,7,0,0,0,26
2026-02-22,ST002,MED005,10,10,0,0,12,42
2026-02-22,ST002,MED006,9,9,0,24,12,46
2026-02-22,ST002,MED007,5,5,0,24,0,19
2026-02-22,ST002,MED008,4,4,0,0,0,22
2026-02-22,ST002,MED009,12,12,0,0,12,27
2026-02-22,ST002,MED010,5,5,0,0,0,23
2026-02-22,ST002,MED011,12,12,0,0,12,33
2026-02-22,ST002,MED012,9,9,0,0,12,43
2026-02-22,ST002,MED013,11,11,0,24,12,28
2026-02-22,ST002,MED014,7,7,0,24,24,43
2026-02-22,ST002,MED015,14,14,0,0,24,60
2026-02-22,ST002,MED016,6,6,0,0,0,22
2026-02-22,ST002,MED017,9,9,0,12,12,50
2026-02-22,ST002,MED018,4,4,0,24,0,45
2026-02-22,ST002,MED019,3,3,0,0,0,12
2026-02-22,ST002,MED020,6,6,0,24,0,38
2026-02-22,ST002,MED021,10,10,0,0,12,36
2026-02-22,ST002,MED022,6,6,0,18,6,39
2026-02-22,ST002,MED023,13,13,0,12,12,26
2026-02-22,ST002,MED024,15,15,0,0,24,41
2026-02-22,ST002,MED025,6,6,0,12,0,42
2026-02-22,ST002,MED026,15,15,0,0,0,38
2026-02-22,ST002,MED027,13,13,0,24,24,48
2026-02-22,ST002,MED028,10,10,0,0,24,44
2026-02-22,ST002,MED029,7,7,0,0,24,35
2026-02-22,ST002,MED030,5,5,0,18,0,30
2026-02-22,ST003,MED001,13,13,0,48,24,46
2026-02-22,ST003,MED002,10,10,0,0,6,47
2026-02-22,ST003,MED003,0,0,0,0,0,20
2026-02-22,ST003,MED004,7,7,0,12,0,30
2026-02-22,ST003,MED005,12,12,0,12,12,47
2026-02-22,ST003,MED006,10,10,0,12,12,44
2026-02-22,ST003,MED007,5,5,0,24,0,33
2026-02-22,ST003,MED008,3,3,0,0,0,6
2026-02-22,ST003,MED009,10,10,0,0,12,34
2026-02-22,ST003,MED010,5,5,0,0,0,20
2026-02-22,ST003,MED011,12,12,0,6,6,46
2026-02-22,ST003,MED012,14,14,0,12,24,31
2026-02-22,ST003,MED013,7,7,0,0,12,33
2026-02-22,ST003,MED014,6,6,0,0,0,4
2026-02-22,ST003,MED015,16,16,0,24,24,75
2026-02-22,ST003,MED016,8,8,0,24,0,51
2026-02-22,ST003,MED017,12,12,0,36,12,61
2026-02-22,ST003,MED018,8,8,0,24,24,50
2026-02-22,ST003,MED019,0,0,0,0,0,11
2026-02-22,ST003,MED020,12,12,0,0,24,29
2026-02-22,ST003,MED021,22,22,0,12,30,31
2026-02-22,ST003,MED022,9,9,0,6,12,24
2026-02-22,ST003,MED023,11,11,0,12,0,54
2026-02-22,ST003,MED024,14,14,0,12,12,47
2026-02-22,ST003,MED025,4,4,0,0,0,39
2026-02-22,ST003,MED026,11,11,0,0,24,41
2026-02-22,ST003,MED027,14,14,0,12,24,55
2026-02-22,ST003,MED028,5,5,0,0,24,14
2026-02-22,ST003,MED029,7,7,0,0,24,39
2026-02-22,ST003,MED030,3,3,0,6,0,29
2026-02-22,ST004,MED001,16,16,0,0,0,45
2026-02-22,ST004,MED002,12,12,0,24,12,41
2026-02-22,ST004,MED003,7,7,0,0,24,18
2026-02-22,ST004,MED004,8,8,0,24,12,41
2026-02-22,ST004,MED005,14,14,0,12,24,56
2026-02-22,ST004,MED006,11,11,0,0,12,27
2026-02-22,ST004,MED007,4,4,0,0,0,37
2026-02-22,ST004,MED008,5,5,0,0,0,21
2026-02-22,ST004,MED009,14,14,0,0,12,35
2026-02-22,ST004,MED010,7,7,0,12,12,15
2026-02-22,ST004,MED011,16,16,0,12,12,47
2026-02-22,ST004,MED012,12,12,0,0,12,47
2026-02-22,ST004,MED013,9,9,0,12,12,52
2026-02-22,ST004,MED014,4,4,0,0,0,27
2026-02-22,ST004,MED015,18,18,0,0,24,47
2026-02-22,ST004,MED016,9,9,0,0,24,24
2026-02-22,ST004,MED017,16,16,0,84,12,68
2026-02-22,ST004,MED018,3,3,0,0,0,35
2026-02-22,ST004,MED019,4,4,0,0,0,33
2026-02-22,ST004,MED020,8,8,0,48,0,58
2026-02-22,ST004,MED021,13,13,0,0,12,37
2026-02-22,ST004,MED022,8,8,0,0,6,33
2026-02-22,ST004,MED023,13,13,0,24,12,61
2026-02-22,ST004,MED024,15,15,0,0,12,34
2026-02-22,ST004,MED025,9,9,0,12,12,36
2026-02-22,ST004,MED026,12,12,0,0,0,36
2026-02-22,ST004,MED027,16,16,0,24,12,57
2026-02-22,ST004,MED028,8,8,0,0,0,41
2026-02-22,ST004,MED029,9,9,0,24,0,80
2026-02-22,ST004,MED030,2,2,0,6,0,26
2026-02-22,ST005,MED001,16,16,0,0,24,41
2026-02-22,ST005,MED002,15,15,0,0,12,47
2026-02-22,ST005,MED003,5,5,0,0,0,34
2026-02-22,ST005,MED004,9,9,0,0,12,48
2026-02-22,ST005,MED005,15,15,0,0,12,49
2026-02-22,ST005,MED006,12,12,0,24,12,63
2026-02-22,ST005,MED007,4,4,0,24,0,37
2026-02-22,ST005,MED008,4,4,0,0,0,18
2026-02-22,ST005,MED009,14,14,0,0,12,67
2026-02-22,ST005,MED010,4,4,0,0,0,26
2026-02-22,ST005,MED011,13,13,0,0,12,32
2026-02-22,ST005,MED012,10,10,0,12,12,47
2026-02-22,ST005,MED013,8,8,0,0,0,38
2026-02-22,ST005,MED014,3,3,0,0,0,31
2026-02-22,ST005,MED015,12,12,0,0,0,78
2026-02-22,ST005,MED016,7,7,0,24,0,70
2026-02-22,ST005,MED017,17,17,0,0,12,35
2026-02-22,ST005,MED018,11,11,0,0,0,31
2026-02-22,ST005,MED019,0,0,0,0,0,25
2026-02-22,ST005,MED020,12,12,0,0,24,30
2026-02-22,ST005,MED021,10,10,0,0,6,47
2026-02-22,ST005,MED022,10,10,0,6,6,41
2026-02-22,ST005,MED023,10,10,0,0,12,50
2026-02-22,ST005,MED024,14,14,0,0,12,69
2026-02-22,ST005,MED025,8,8,0,0,12,15
2026-02-22,ST005,MED026,14,14,0,48,0,82
2026-02-22,ST005,MED027,17,17,0,0,24,40
2026-02-22,ST005,MED028,10,10,0,0,24,46
2026-02-22,ST005,MED029,10,10,0,24,0,64
2026-02-22,ST005,MED030,9,9,0,12,6,32
2026-02-22,ST006,MED001,17,17,0,48,24,97
2026-02-22,ST006,MED002,17,17,0,24,18,51
2026-02-22,ST006,MED003,5,5,0,0,0,34
2026-02-22,ST006,MED004,13,13,0,24,12,62
2026-02-22,ST006,MED005,14,14,0,12,12,33
2026-02-22,ST006,MED006,16,16,0,36,12,70
2026-02-22,ST006,MED007,6,6,0,0,0,53
2026-02-22,ST006,MED008,5,5,0,0,12,34
2026-02-22,ST006,MED009,16,16,0,0,24,40
2026-02-22,ST006,MED010,8,8,0,0,0,12
2026-02-22,ST006,MED011,12,12,0,18,12,56
2026-02-22,ST006,MED012,18,18,0,0,24,53
2026-02-22,ST006,MED013,10,10,0,12,12,60
2026-02-22,ST006,MED014,6,6,0,24,0,42
2026-02-22,ST006,MED015,18,18,0,24,24,78
2026-02-22,ST006,MED016,17,17,0,0,24,28
2026-02-22,ST006,MED017,18,18,0,24,24,51
2026-02-22,ST006,MED018,10,10,0,24,24,49
2026-02-22,ST006,MED019,6,6,0,0,0,41
2026-02-22,ST006,MED020,12,12,0,0,0,32
2026-02-22,ST006,MED021,17,17,0,24,18,60
2026-02-22,ST006,MED022,9,9,0,12,6,46
2026-02-22,ST006,MED023,14,14,0,12,12,51
2026-02-22,ST006,MED024,16,16,0,12,12,61
2026-02-22,ST006,MED025,10,10,0,12,12,38
2026-02-22,ST006,MED026,19,19,0,24,0,59
2026-02-22,ST006,MED027,19,19,0,24,12,79
2026-02-22,ST006,MED028,10,10,0,24,24,56
2026-02-22,ST006,MED029,13,13,0,0,24,36
2026-02-22,ST006,MED030,5,5,0,0,6,24
2026-02-22,ST007,MED001,10,10,0,0,0,18
2026-02-22,ST007,MED002,9,9,0,6,12,31
2026-02-22,ST007,MED003,2,2,0,0,0,32
2026-02-22,ST007,MED004,8,8,0,0,12,29
2026-02-22,ST007,MED005,11,11,0,12,12,20
2026-02-22,ST007,MED006,9,9,0,0,12,7
2026-02-22,ST007,MED007,1,1,0,24,0,38
2026-02-22,ST007,MED008,2,2,0,0,0,1
2026-02-22,ST007,MED009,7,7,0,0,12,21
2026-02-22,ST007,MED010,6,6,0,0,12,17
2026-02-22,ST007,MED011,13,13,0,12,12,39
2026-02-22,ST007,MED012,8,8,0,12,12,50
2026-02-22,ST007,MED013,7,7,0,0,12,13
2026-02-22,ST007,MED014,8,8,0,24,0,39
2026-02-22,ST007,MED015,9,9,0,0,0,60
2026-02-22,ST007,MED016,7,7,0,24,0,56
2026-02-22,ST007,MED017,9,9,0,12,0,16
2026-02-22,ST007,MED018,6,6,0,24,0,52
2026-02-22,ST007,MED019,2,2,0,0,0,3
2026-02-22,ST007,MED020,9,9,0,0,24,26
2026-02-22,ST007,MED021,6,6,0,0,0,30
2026-02-22,ST007,MED022,7,7,0,6,6,23
2026-02-22,ST007,MED023,9,9,0,0,12,21
2026-02-22,ST007,MED024,12,12,0,0,12,40
2026-02-22,ST007,MED025,5,5,0,0,0,17
2026-02-22,ST007,MED026,13,13,0,0,24,34
2026-02-22,ST007,MED027,8,8,0,0,12,20
2026-02-22,ST007,MED028,5,5,0,0,24,35
2026-02-22,ST007,MED029,3,3,0,24,0,53
2026-02-22,ST007,MED030,8,8,0,0,12,22
2026-02-22,ST008,MED001,21,21,0,48,24,40
2026-02-22,ST008,MED002,13,13,0,6,12,22
2026-02-22,ST008,MED003,3,3,0,0,0,20
2026-02-22,ST008,MED004,4,4,0,24,0,35
2026-02-22,ST008,MED005,7,7,0,12,12,61
2026-02-22,ST008,MED006,7,7,0,24,0,56
2026-02-22,ST008,MED007,2,2,0,0,0,29
2026-02-22,ST008,MED008,2,2,0,0,0,32
2026-02-22,ST008,MED009,6,6,0,0,0,34
2026-02-22,ST008,MED010,4,4,0,0,12,15
2026-02-22,ST008,MED011,8,8,0,0,6,24
2026-02-22,ST008,MED012,10,10,0,12,0,30
2026-02-22,ST008,MED013,3,3,0,12,0,35
2026-02-22,ST008,MED014,4,4,0,0,0,38
2026-02-22,ST008,MED015,13,13,0,24,24,56
2026-02-22,ST008,MED016,6,6,0,24,0,56
2026-02-22,ST008,MED017,10,10,0,0,0,40
2026-02-22,ST008,MED018,7,7,0,0,24,33
2026-02-22,ST008,MED019,5,5,0,0,0,28
2026-02-22,ST008,MED020,10,10,0,0,24,16
2026-02-22,ST008,MED021,8,8,0,18,6,38
2026-02-22,ST008,MED022,7,7,0,6,12,19
2026-02-22,ST008,MED023,8,8,0,12,12,44
2026-02-22,ST008,MED024,10,10,0,12,12,44
2026-02-22,ST008,MED025,8,8,0,12,12,33
2026-02-22,ST008,MED026,12,12,0,24,0,54
2026-02-22,ST008,MED027,9,9,0,0,12,30
2026-02-22,ST008,MED028,4,4,0,0,0,4
2026-02-22,ST008,MED029,7,7,0,0,0,52
2026-02-22,ST008,MED030,6,6,0,0,6,14
2026-02-22,ST009,MED001,10,10,0,0,0,45
2026-02-22,ST009,MED002,11,11,0,12,12,44
2026-02-22,ST009,MED003,2,2,0,24,0,37
2026-02-22,ST009,MED004,9,9,0,12,0,34
2026-02-22,ST009,MED005,11,11,0,0,12,64
2026-02-22,ST009,MED006,11,11,0,12,12,40
2026-02-22,ST009,MED007,6,6,0,0,0,20
2026-02-22,ST009,MED008,2,2,0,12,0,27
2026-02-22,ST009,MED009,11,11,0,12,12,36
2026-02-22,ST009,MED010,0,0,0,0,0,14
2026-02-22,ST009,MED011,10,10,0,24,6,53
2026-02-22,ST009,MED012,19,19,0,24,24,36
2026-02-22,ST009,MED013,7,7,0,0,12,22
2026-02-22,ST009,MED014,9,9,0,0,0,23
2026-02-22,ST009,MED015,10,10,0,24,24,62
2026-02-22,ST009,MED016,8,8,0,0,0,42
2026-02-22,ST009,MED017,14,14,0,0,12,46
2026-02-22,ST009,MED018,5,5,0,0,0,21
2026-02-22,ST009,MED019,5,5,0,24,0,33
2026-02-22,ST009,MED020,11,11,0,0,0,14
2026-02-22,ST009,MED021,11,11,0,0,12,34
2026-02-22,ST009,MED022,7,7,0,6,6,21
2026-02-22,ST009,MED023,13,13,0,12,12,36
2026-02-22,ST009,MED024,11,11,0,0,0,38
2026-02-22,ST009,MED025,3,3,0,24,0,46
2026-02-22,ST009,MED026,13,13,0,0,24,27
2026-02-22,ST009,MED027,13,13,0,12,0,44
2026-02-22,ST009,MED028,6,6,0,0,0,17
2026-02-22,ST009,MED029,8,8,0,0,0,36
2026-02-22,ST009,MED030,0,0,0,6,0,39
2026-02-22,ST010,MED001,9,9,0,24,0,44
2026-02-22,ST010,MED002,12,12,0,24,12,59
2026-02-22,ST010,MED003,7,7,0,0,0,33
2026-02-22,ST010,MED004,7,7,0,12,0,32
2026-02-22,ST010,MED005,13,13,0,12,12,55
2026-02-22,ST010,MED006,16,16,0,36,12,63
2026-02-22,ST010,MED007,3,3,0,0,24,29
2026-02-22,ST010,MED008,1,1,0,0,0,8
2026-02-22,ST010,MED009,12,12,0,12,12,42
2026-02-22,ST010,MED010,2,2,0,12,0,31
2026-02-22,ST010,MED011,10,10,0,6,6,43
2026-02-22,ST010,MED012,12,12,0,0,12,55
2026-02-22,ST010,MED013,9,9,0,12,12,22
2026-02-22,ST010,MED014,2,2,0,0,0,35
2026-02-22,ST010,MED015,15,15,0,24,24,59
2026-02-22,ST010,MED016,8,8,0,0,24,46
2026-02-22,ST010,MED017,8,8,0,12,0,49
2026-02-22,ST010,MED018,7,7,0,24,0,47
2026-02-22,ST010,MED019,2,2,0,0,0,21
2026-02-22,ST010,MED020,7,7,0,0,0,32
2026-02-22,ST010,MED021,9,9,0,12,12,27
2026-02-22,ST010,MED022,10,10,0,0,12,26
2026-02-22,ST010,MED023,17,17,0,12,24,44
2026-02-22,ST010,MED024,14,14,0,0,12,16
2026-02-22,ST010,MED025,8,8,0,24,12,35
2026-02-22,ST010,MED026,15,15,0,0,0,45
2026-02-22,ST010,MED027,16,16,0,0,24,38
2026-02-22,ST010,MED028,9,9,0,0,24,7
2026-02-22,ST010,MED029,9,9,0,0,24,43
2026-02-22,ST010,MED030,4,4,0,6,6,31
2026-02-22,ST011,MED001,15,15,0,24,24,69
2026-02-22,ST011,MED002,15,15,0,12,12,43
2026-02-22,ST011,MED003,0,0,0,0,0,36
2026-02-22,ST011,MED004,15,15,0,12,12,30
2026-02-22,ST011,MED005,14,14,0,12,12,42
2026-02-22,ST011,MED006,14,14,0,12,12,37
2026-02-22,ST011,MED007,5,5,0,0,24,27
2026-02-22,ST011,MED008,2,2,0,0,0,33
2026-02-22,ST011,MED009,13,13,0,12,12,51
2026-02-22,ST011,MED010,1,1,0,0,0,11
2026-02-22,ST011,MED011,10,10,0,0,6,41
2026-02-22,ST011,MED012,12,12,0,12,12,40
2026-02-22,ST011,MED013,7,7,0,0,0,29
2026-02-22,ST011,MED014,4,4,0,0,0,30
2026-02-22,ST011,MED015,18,18,0,24,0,46
2026-02-22,ST011,MED016,8,8,0,0,24,55
2026-02-22,ST011,MED017,13,13,0,0,12,51
2026-02-22,ST011,MED018,8,8,0,0,24,27
2026-02-22,ST011,MED019,4,4,0,0,0,27
2026-02-22,ST011,MED020,8,8,0,24,24,51
2026-02-22,ST011,MED021,12,12,0,12,12,54
2026-02-22,ST011,MED022,9,9,0,18,6,31
2026-02-22,ST011,MED023,14,14,0,0,12,61
2026-02-22,ST011,MED024,15,15,0,24,12,50
2026-02-22,ST011,MED025,9,9,0,0,12,34
2026-02-22,ST011,MED026,10,10,0,0,0,52
2026-02-22,ST011,MED027,14,14,0,12,12,34
2026-02-22,ST011,MED028,9,9,0,24,0,40
2026-02-22,ST011,MED029,9,9,0,0,24,69
2026-02-22,ST011,MED030,7,7,0,0,0,24
2026-02-22,ST012,MED001,14,14,0,24,0,80
2026-02-22,ST012,MED002,13,13,0,0,12,51
2026-02-22,ST012,MED003,2,2,0,0,0,7
2026-02-22,ST012,MED004,6,6,0,0,0,36
2026-02-22,ST012,MED005,11,11,0,0,12,53
2026-02-22,ST012,MED006,11,11,0,0,12,42
2026-02-22,ST012,MED007,3,3,0,0,0,37
2026-02-22,ST012,MED008,3,3,0,12,0,33
2026-02-22,ST012,MED009,13,13,0,0,12,48
2026-02-22,ST012,MED010,5,5,0,0,12,21
2026-02-22,ST012,MED011,17,17,0,0,18,50
2026-02-22,ST012,MED012,17,17,0,24,12,65
2026-02-22,ST012,MED013,10,10,0,12,12,39
2026-02-22,ST012,MED014,5,5,0,24,24,45
2026-02-22,ST012,MED015,17,17,0,0,24,31
2026-02-22,ST012,MED016,8,8,0,0,0,41
2026-02-22,ST012,MED017,15,15,0,0,12,59
2026-02-22,ST012,MED018,5,5,0,0,24,55
2026-02-22,ST012,MED019,7,7,0,0,24,28
2026-02-22,ST012,MED020,8,8,0,24,24,40
2026-02-22,ST012,MED021,17,17,0,18,18,68
2026-02-22,ST012,MED022,10,10,0,18,12,20
2026-02-22,ST012,MED023,12,12,0,0,12,49
2026-02-22,ST012,MED024,16,16,0,12,24,76
2026-02-22,ST012,MED025,8,8,0,24,12,37
2026-02-22,ST012,MED026,13,13,0,120,0,107
2026-02-22,ST012,MED027,14,14,0,24,12,51
2026-02-22,ST012,MED028,11,11,0,24,0,31
2026-02-22,ST012,MED029,10,10,0,0,0,62
2026-02-22,ST012,MED030,1,1,0,6,0,39
2026-02-22,ST013,MED001,17,17,0,24,24,71
2026-02-22,ST013,MED002,16,16,0,0,12,44
2026-02-22,ST013,MED003,2,2,0,0,0,37
2026-02-22,ST013,MED004,12,12,0,0,12,38
2026-02-22,ST013,MED005,17,17,0,0,24,58
2026-02-22,ST013,MED006,19,19,0,12,24,36
2026-02-22,ST013,MED007,4,4,0,0,24,32
2026-02-22,ST013,MED008,2,2,0,0,0,11
2026-02-22,ST013,MED009,14,14,0,12,24,61
2026-02-22,ST013,MED010,4,4,0,36,0,32
2026-02-22,ST013,MED011,17,17,0,30,18,51
2026-02-22,ST013,MED012,14,14,0,12,12,78
2026-02-22,ST013,MED013,15,15,0,12,12,40
2026-02-22,ST013,MED014,5,5,0,0,0,42
2026-02-22,ST013,MED015,18,18,0,96,24,78
2026-02-22,ST013,MED016,10,10,0,0,24,59
2026-02-22,ST013,MED017,14,14,0,24,12,59
2026-02-22,ST013,MED018,7,7,0,24,0,51
2026-02-22,ST013,MED019,4,4,0,0,0,23
2026-02-22,ST013,MED020,8,8,0,0,0,54
2026-02-22,ST013,MED021,16,16,0,12,12,31
2026-02-22,ST013,MED022,11,11,0,0,12,30
2026-02-22,ST013,MED023,13,13,0,12,12,71
2026-02-22,ST013,MED024,19,19,0,24,24,68
2026-02-22,ST013,MED025,9,9,0,0,12,31
2026-02-22,ST013,MED026,19,19,0,0,24,17
2026-02-22,ST013,MED027,15,15,0,48,12,82
2026-02-22,ST013,MED028,7,7,0,24,0,68
2026-02-22,ST013,MED029,11,11,0,0,0,51
2026-02-22,ST013,MED030,6,6,0,12,6,39
2026-02-22,ST014,MED001,9,9,0,0,24,31
2026-02-22,ST014,MED002,11,11,0,6,12,20
2026-02-22,ST014,MED003,3,3,0,0,0,4
2026-02-22,ST014,MED004,6,6,0,12,12,32
2026-02-22,ST014,MED005,10,10,0,12,12,42
2026-02-22,ST014,MED006,8,8,0,36,12,42
2026-02-22,ST014,MED007,4,4,0,0,24,15
2026-02-22,ST014,MED008,7,7,0,0,12,14
2026-02-22,ST014,MED009,8,8,0,0,12,34
2026-02-22,ST014,MED010,3,3,0,0,0,22
2026-02-22,ST014,MED011,12,12,0,0,12,39
2026-02-22,ST014,MED012,7,7,0,0,0,32
2026-02-22,ST014,MED013,4,4,0,0,0,39
2026-02-22,ST014,MED014,8,8,0,0,0,13
2026-02-22,ST014,MED015,13,13,0,0,0,18
2026-02-22,ST014,MED016,11,11,0,0,24,36
2026-02-22,ST014,MED017,7,7,0,0,12,29
2026-02-22,ST014,MED018,2,2,0,0,0,24
2026-02-22,ST014,MED019,2,2,0,0,0,40
2026-02-22,ST014,MED020,4,4,0,0,0,17
2026-02-22,ST014,MED021,12,12,0,6,18,28
2026-02-22,ST014,MED022,5,5,0,0,6,15
2026-02-22,ST014,MED023,13,13,0,12,12,22
2026-02-22,ST014,MED024,10,10,0,0,12,35
2026-02-22,ST014,MED025,7,7,0,0,0,29
2026-02-22,ST014,MED026,9,9,0,0,0,57
2026-02-22,ST014,MED027,7,7,0,0,0,37
2026-02-22,ST014,MED028,7,7,0,0,0,23
2026-02-22,ST014,MED029,11,11,0,0,0,38
2026-02-22,ST014,MED030,3,3,0,0,0,26
2026-02-22,ST015,MED001,13,13,0,0,0,45
2026-02-22,ST015,MED002,8,8,0,0,6,32
2026-02-22,ST015,MED003,4,4,0,0,0,15
2026-02-22,ST015,MED004,7,7,0,0,0,35
2026-02-22,ST015,MED005,6,6,0,12,0,41
2026-02-22,ST015,MED006,8,8,0,0,0,20
2026-02-22,ST015,MED007,0,0,0,24,0,24
2026-02-22,ST015,MED008,5,5,0,0,0,13
2026-02-22,ST015,MED009,3,3,0,12,0,54
2026-02-22,ST015,MED010,0,0,0,0,0,14
2026-02-22,ST015,MED011,9,9,0,12,12,32
2026-02-22,ST015,MED012,11,11,0,0,12,35
2026-02-22,ST015,MED013,5,5,0,12,0,37
2026-02-22,ST015,MED014,4,4,0,0,0,33
2026-02-22,ST015,MED015,11,11,0,24,24,73
2026-02-22,ST015,MED016,9,9,0,0,0,34
2026-02-22,ST015,MED017,20,20,0,12,24,33
2026-02-22,ST015,MED018,0,0,0,0,0,23
2026-02-22,ST015,MED019,0,0,0,24,0,37
2026-02-22,ST015,MED020,6,6,0,0,0,14
2026-02-22,ST015,MED021,6,6,0,0,6,50
2026-02-22,ST015,MED022,6,6,0,18,6,40
2026-02-22,ST015,MED023,11,11,0,12,12,48
2026-02-22,ST015,MED024,12,12,0,0,12,62
2026-02-22,ST015,MED025,6,6,0,12,0,28
2026-02-22,ST015,MED026,11,11,0,0,0,41
2026-02-22,ST015,MED027,15,15,0,48,12,50
2026-02-22,ST015,MED028,6,6,0,0,0,49
2026-02-22,ST015,MED029,8,8,0,0,24,47
2026-02-22,ST015,MED030,7,7,0,6,12,9
2026-02-22,ST016,MED001,12,12,0,24,0,65
2026-02-22,ST016,MED002,14,14,0,0,18,37
2026-02-22,ST016,MED003,1,1,0,0,0,18
2026-02-22,ST016,MED004,9,9,0,12,12,27
2026-02-22,ST016,MED005,14,14,0,0,24,32
2026-02-22,ST016,MED006,10,10,0,0,12,44
2026-02-22,ST016,MED007,6,6,0,0,0,14
2026-02-22,ST016,MED008,7,7,0,0,12,7
2026-02-22,ST016,MED009,12,12,0,12,12,36
2026-02-22,ST016,MED010,5,5,0,0,0,18
2026-02-22,ST016,MED011,9,9,0,12,6,36
2026-02-22,ST016,MED012,12,12,0,0,12,29
2026-02-22,ST016,MED013,8,8,0,0,12,26
2026-02-22,ST016,MED014,6,6,0,24,24,37
2026-02-22,ST016,MED015,14,14,0,24,24,84
2026-02-22,ST016,MED016,6,6,0,0,0,56
2026-02-22,ST016,MED017,9,9,0,0,12,43
2026-02-22,ST016,MED018,5,5,0,0,0,35
2026-02-22,ST016,MED019,0,0,0,0,0,26
2026-02-22,ST016,MED020,10,10,0,48,0,53
2026-02-22,ST016,MED021,12,12,0,0,12,40
2026-02-22,ST016,MED022,6,6,0,6,0,39
2026-02-22,ST016,MED023,10,10,0,12,0,41
2026-02-22,ST016,MED024,15,15,0,0,12,43
2026-02-22,ST016,MED025,7,7,0,0,12,23
2026-02-22,ST016,MED026,13,13,0,0,24,54
2026-02-22,ST016,MED027,14,14,0,12,12,28
2026-02-22,ST016,MED028,8,8,0,0,0,32
2026-02-22,ST016,MED029,13,13,0,0,0,45
2026-02-22,ST016,MED030,7,7,0,0,6,19
2026-02-22,ST017,MED001,10,10,0,0,0,65
2026-02-22,ST017,MED002,9,9,0,24,12,54
2026-02-22,ST017,MED003,1,1,0,24,0,41
2026-02-22,ST017,MED004,7,7,0,0,12,30
2026-02-22,ST017,MED005,13,13,0,24,12,49
2026-02-22,ST017,MED006,10,10,0,0,12,43
2026-02-22,ST017,MED007,4,4,0,24,0,40
2026-02-22,ST017,MED008,6,6,0,0,0,22
2026-02-22,ST017,MED009,12,12,0,12,12,60
2026-02-22,ST017,MED010,2,2,0,0,0,18
2026-02-22,ST017,MED011,13,13,0,0,12,49
2026-02-22,ST017,MED012,11,11,0,0,12,28
2026-02-22,ST017,MED013,6,6,0,0,0,26
2026-02-22,ST017,MED014,6,6,0,24,0,44
2026-02-22,ST017,MED015,13,13,0,0,0,54
2026-02-22,ST017,MED016,8,8,0,0,0,13
2026-02-22,ST017,MED017,11,11,0,0,0,33
2026-02-22,ST017,MED018,11,11,0,0,0,23
2026-02-22,ST017,MED019,3,3,0,0,0,26
2026-02-22,ST017,MED020,7,7,0,0,0,18
2026-02-22,ST017,MED021,9,9,0,18,6,66
2026-02-22,ST017,MED022,5,5,0,0,6,30
2026-02-22,ST017,MED023,14,14,0,24,12,33
2026-02-22,ST017,MED024,11,11,0,12,0,60
2026-02-22,ST017,MED025,12,12,0,0,24,23
2026-02-22,ST017,MED026,10,10,0,0,0,47
2026-02-22,ST017,MED027,18,18,0,0,24,42
2026-02-22,ST017,MED028,6,6,0,0,0,27
2026-02-22,ST017,MED029,6,6,0,48,0,67
2026-02-22,ST017,MED030,2,2,0,24,6,26
2026-02-22,ST018,MED001,12,12,0,0,24,37
2026-02-22,ST018,MED002,15,15,0,0,12,68
2026-02-22,ST018,MED003,4,4,0,0,0,26
2026-02-22,ST018,MED004,12,12,0,0,12,53
2026-02-22,ST018,MED005,11,11,0,0,12,43
2026-02-22,ST018,MED006,12,12,0,12,12,41
2026-02-22,ST018,MED007,6,6,0,24,0,40
2026-02-22,ST018,MED008,1,1,0,0,0,15
2026-02-22,ST018,MED009,12,12,0,12,12,64
2026-02-22,ST018,MED010,6,6,0,12,0,21
2026-02-22,ST018,MED011,18,18,0,30,24,55
2026-02-22,ST018,MED012,10,10,0,24,12,56
2026-02-22,ST018,MED013,8,8,0,24,0,48
2026-02-22,ST018,MED014,6,6,0,0,0,39
2026-02-22,ST018,MED015,14,14,0,48,24,95
2026-02-22,ST018,MED016,8,8,0,0,0,42
2026-02-22,ST018,MED017,14,14,0,48,24,49
2026-02-22,ST018,MED018,7,7,0,0,24,22
2026-02-22,ST018,MED019,6,6,0,0,24,24
2026-02-22,ST018,MED020,10,10,0,48,0,59
2026-02-22,ST018,MED021,9,9,0,0,6,26
2026-02-22,ST018,MED022,7,7,0,6,6,33
2026-02-22,ST018,MED023,24,24,0,0,36,36
2026-02-22,ST018,MED024,15,15,0,12,12,60
2026-02-22,ST018,MED025,8,8,0,12,12,31
2026-02-22,ST018,MED026,15,15,0,0,24,43
2026-02-22,ST018,MED027,19,19,0,12,24,39
2026-02-22,ST018,MED028,6,6,0,0,24,48
2026-02-22,ST018,MED029,13,13,0,24,0,55
2026-02-22,ST018,MED030,6,6,0,0,6,17
2026-02-22,ST019,MED001,17,17,0,24,24,81
2026-02-22,ST019,MED002,14,14,0,6,12,47
2026-02-22,ST019,MED003,1,1,0,0,0,23
2026-02-22,ST019,MED004,10,10,0,0,0,31
2026-02-22,ST019,MED005,10,10,0,12,12,79
2026-02-22,ST019,MED006,14,14,0,36,12,47
2026-02-22,ST019,MED007,6,6,0,0,0,19
2026-02-22,ST019,MED008,4,4,0,0,0,16
2026-02-22,ST019,MED009,14,14,0,0,24,67
2026-02-22,ST019,MED010,8,8,0,12,12,29
2026-02-22,ST019,MED011,15,15,0,24,12,53
2026-02-22,ST019,MED012,13,13,0,24,12,48
2026-02-22,ST019,MED013,9,9,0,0,0,32
2026-02-22,ST019,MED014,9,9,0,0,0,25
2026-02-22,ST019,MED015,19,19,0,24,24,56
2026-02-22,ST019,MED016,9,9,0,24,24,34
2026-02-22,ST019,MED017,10,10,0,12,12,53
2026-02-22,ST019,MED018,8,8,0,0,0,37
2026-02-22,ST019,MED019,2,2,0,0,0,29
2026-02-22,ST019,MED020,6,6,0,24,0,28
2026-02-22,ST019,MED021,14,14,0,0,12,45
2026-02-22,ST019,MED022,7,7,0,0,6,43
2026-02-22,ST019,MED023,17,17,0,24,24,43
2026-02-22,ST019,MED024,14,14,0,12,0,63
2026-02-22,ST019,MED025,9,9,0,24,12,28
2026-02-22,ST019,MED026,15,15,0,24,24,59
2026-02-22,ST019,MED027,13,13,0,24,12,57
2026-02-22,ST019,MED028,5,5,0,0,0,49
2026-02-22,ST019,MED029,13,13,0,0,24,52
2026-02-22,ST019,MED030,4,4,0,0,6,25
2026-02-22,ST020,MED001,14,14,0,24,0,89
2026-02-22,ST020,MED002,18,18,0,18,18,60
2026-02-22,ST020,MED003,5,5,0,0,0,14
2026-02-22,ST020,MED004,9,9,0,12,0,32
2026-02-22,ST020,MED005,19,19,0,24,24,61
2026-02-22,ST020,MED006,16,16,0,0,24,53
2026-02-22,ST020,MED007,2,2,0,0,0,20
2026-02-22,ST020,MED008,1,1,0,0,0,23
2026-02-22,ST020,MED009,12,12,0,24,0,64
2026-02-22,ST020,MED010,4,4,0,24,0,32
2026-02-22,ST020,MED011,14,14,0,18,18,36
2026-02-22,ST020,MED012,16,16,0,12,12,47
2026-02-22,ST020,MED013,12,12,0,0,12,29
2026-02-22,ST020,MED014,8,8,0,0,0,43
2026-02-22,ST020,MED015,17,17,0,0,0,42
2026-02-22,ST020,MED016,13,13,0,24,24,35
2026-02-22,ST020,MED017,15,15,0,12,12,47
2026-02-22,ST020,MED018,8,8,0,24,0,35
2026-02-22,ST020,MED019,5,5,0,24,0,44
2026-02-22,ST020,MED020,13,13,0,0,24,38
2026-02-22,ST020,MED021,13,13,0,6,12,46
2026-02-22,ST020,MED022,9,9,0,18,6,54
2026-02-22,ST020,MED023,12,12,0,0,0,33
2026-02-22,ST020,MED024,15,15,0,12,0,54
2026-02-22,ST020,MED025,15,15,0,0,24,14
2026-02-22,ST020,MED026,18,18,0,0,24,32
2026-02-22,ST020,MED027,19,19,0,0,24,65
2026-02-22,ST020,MED028,8,8,0,24,0,44
2026-02-22,ST020,MED029,15,15,0,0,24,49
2026-02-22,ST020,MED030,6,6,0,6,6,31
2026-02-22,ST021,MED001,13,13,0,24,24,59
2026-02-22,ST021,MED002,14,14,0,6,12,34
2026-02-22,ST021,MED003,2,2,0,0,0,9
2026-02-22,ST021,MED004,8,8,0,0,12,36
2026-02-22,ST021,MED005,7,7,0,0,0,35
2026-02-22,ST021,MED006,10,10,0,0,12,43
2026-02-22,ST021,MED007,2,2,0,0,0,30
2026-02-22,ST021,MED008,1,1,0,12,0,34
2026-02-22,ST021,MED009,5,5,0,12,0,39
2026-02-22,ST021,MED010,6,6,0,0,0,21
2026-02-22,ST021,MED011,9,9,0,6,6,34
2026-02-22,ST021,MED012,7,7,0,12,0,24
2026-02-22,ST021,MED013,10,10,0,0,12,24
2026-02-22,ST021,MED014,5,5,0,0,0,37
2026-02-22,ST021,MED015,6,6,0,24,0,61
2026-02-22,ST021,MED016,9,9,0,24,0,44
2026-02-22,ST021,MED017,9,9,0,12,12,37
2026-02-22,ST021,MED018,6,6,0,0,0,30
2026-02-22,ST021,MED019,0,0,0,0,0,26
2026-02-22,ST021,MED020,6,6,0,0,24,13
2026-02-22,ST021,MED021,12,12,0,0,18,30
2026-02-22,ST021,MED022,5,5,0,0,6,27
2026-02-22,ST021,MED023,7,7,0,12,0,48
2026-02-22,ST021,MED024,7,7,0,12,12,38
2026-02-22,ST021,MED025,6,6,0,0,0,24
2026-02-22,ST021,MED026,10,10,0,0,24,30
2026-02-22,ST021,MED027,10,10,0,12,12,40
2026-02-22,ST021,MED028,2,2,0,0,0,38
2026-02-22,ST021,MED029,7,7,0,24,0,40
2026-02-22,ST021,MED030,2,2,0,6,0,22
2026-02-22,ST022,MED001,11,11,0,0,0,51
2026-02-22,ST022,MED002,8,8,0,0,6,28
2026-02-22,ST022,MED003,5,5,0,0,0,17
2026-02-22,ST022,MED004,8,8,0,0,12,37
2026-02-22,ST022,MED005,10,10,0,0,0,48
2026-02-22,ST022,MED006,13,13,0,12,12,27
2026-02-22,ST022,MED007,2,2,0,24,0,41
2026-02-22,ST022,MED008,4,4,0,0,0,26
2026-02-22,ST022,MED009,9,9,0,12,0,47
2026-02-22,ST022,MED010,7,7,0,24,12,19
2026-02-22,ST022,MED011,13,13,0,0,12,44
2026-02-22,ST022,MED012,10,10,0,0,12,35
2026-02-22,ST022,MED013,8,8,0,0,12,20
2026-02-22,ST022,MED014,7,7,0,0,0,32
2026-02-22,ST022,MED015,12,12,0,24,24,47
2026-02-22,ST022,MED016,6,6,0,24,0,34
2026-02-22,ST022,MED017,11,11,0,72,12,61
2026-02-22,ST022,MED018,7,7,0,0,0,27
2026-02-22,ST022,MED019,6,6,0,0,0,27
2026-02-22,ST022,MED020,7,7,0,0,24,26
2026-02-22,ST022,MED021,10,10,0,12,12,44
2026-02-22,ST022,MED022,8,8,0,6,12,27
2026-02-22,ST022,MED023,13,13,0,24,24,45
2026-02-22,ST022,MED024,14,14,0,24,24,59
2026-02-22,ST022,MED025,5,5,0,0,0,23
2026-02-22,ST022,MED026,7,7,0,0,0,52
2026-02-22,ST022,MED027,13,13,0,12,24,67
2026-02-22,ST022,MED028,14,14,0,0,24,5
2026-02-22,ST022,MED029,9,9,0,0,24,52
2026-02-22,ST022,MED030,3,3,0,0,0,12
2026-02-22,ST023,MED001,12,12,0,0,24,30
2026-02-22,ST023,MED002,12,12,0,18,12,31
2026-02-22,ST023,MED003,6,6,0,0,0,40
2026-02-22,ST023,MED004,13,13,0,12,24,9
2026-02-22,ST023,MED005,12,12,0,0,12,27
2026-02-22,ST023,MED006,10,10,0,0,12,29
2026-02-22,ST023,MED007,0,0,0,0,0,33
2026-02-22,ST023,MED008,1,1,0,0,0,12
2026-02-22,ST023,MED009,12,12,0,12,12,6
2026-02-22,ST023,MED010,4,4,0,0,0,23
2026-02-22,ST023,MED011,8,8,0,0,12,26
2026-02-22,ST023,MED012,13,13,0,12,12,37
2026-02-22,ST023,MED013,10,10,0,12,12,25
2026-02-22,ST023,MED014,6,6,0,0,0,21
2026-02-22,ST023,MED015,14,14,0,24,0,36
2026-02-22,ST023,MED016,4,4,0,0,0,27
2026-02-22,ST023,MED017,10,10,0,0,0,43
2026-02-22,ST023,MED018,4,4,0,0,0,27
2026-02-22,ST023,MED019,2,2,0,0,0,14
2026-02-22,ST023,MED020,11,11,0,0,0,7
2026-02-22,ST023,MED021,9,9,0,0,12,44
2026-02-22,ST023,MED022,6,6,0,42,6,36
2026-02-22,ST023,MED023,11,11,0,12,12,65
2026-02-22,ST023,MED024,11,11,0,0,12,69
2026-02-22,ST023,MED025,3,3,0,12,0,29
2026-02-22,ST023,MED026,12,12,0,0,0,64
2026-02-22,ST023,MED027,13,13,0,12,12,56
2026-02-22,ST023,MED028,6,6,0,24,0,62
2026-02-22,ST023,MED029,9,9,0,0,0,46
2026-02-22,ST023,MED030,8,8,0,6,6,16
2026-02-22,ST024,MED001,8,8,0,24,0,45
2026-02-22,ST024,MED002,10,10,0,12,6,48
2026-02-22,ST024,MED003,5,5,0,0,0,10
2026-02-22,ST024,MED004,19,19,0,0,24,26
2026-02-22,ST024,MED005,10,10,0,0,0,26
2026-02-22,ST024,MED006,11,11,0,0,12,51
2026-02-22,ST024,MED007,3,3,0,0,24,21
2026-02-22,ST024,MED008,2,2,0,12,0,24
2026-02-22,ST024,MED009,11,11,0,0,12,38
2026-02-22,ST024,MED010,6,6,0,12,12,32
2026-02-22,ST024,MED011,16,16,0,30,18,60
2026-02-22,ST024,MED012,11,11,0,0,12,42
2026-02-22,ST024,MED013,9,9,0,12,12,25
2026-02-22,ST024,MED014,7,7,0,24,0,34
2026-02-22,ST024,MED015,13,13,0,0,24,42
2026-02-22,ST024,MED016,8,8,0,24,0,42
2026-02-22,ST024,MED017,12,12,0,0,12,49
2026-02-22,ST024,MED018,5,5,0,0,0,36
2026-02-22,ST024,MED019,3,3,0,0,0,25
2026-02-22,ST024,MED020,5,5,0,0,0,56
2026-02-22,ST024,MED021,11,11,0,12,6,48
2026-02-22,ST024,MED022,9,9,0,0,12,20
2026-02-22,ST024,MED023,16,16,0,0,24,43
2026-02-22,ST024,MED024,16,16,0,36,12,66
2026-02-22,ST024,MED025,5,5,0,12,0,15
2026-02-22,ST024,MED026,11,11,0,0,0,38
2026-02-22,ST024,MED027,13,13,0,12,12,63
2026-02-22,ST024,MED028,8,8,0,0,0,49
2026-02-22,ST024,MED029,19,19,0,24,24,36
2026-02-22,ST024,MED030,14,14,0,0,18,14
2026-02-22,ST025,MED001,16,16,0,24,24,77
2026-02-22,ST025,MED002,13,13,0,0,12,31
2026-02-22,ST025,MED003,7,7,0,0,0,30
2026-02-22,ST025,MED004,8,8,0,0,0,38
2026-02-22,ST025,MED005,14,14,0,0,12,47
2026-02-22,ST025,MED006,13,13,0,12,12,47
2026-02-22,ST025,MED007,2,2,0,0,0,20
2026-02-22,ST025,MED008,0,0,0,0,0,32
2026-02-22,ST025,MED009,12,12,0,12,12,41
2026-02-22,ST025,MED010,3,3,0,0,12,19
2026-02-22,ST025,MED011,13,13,0,12,18,59
2026-02-22,ST025,MED012,12,12,0,24,12,55
2026-02-22,ST025,MED013,9,9,0,0,0,40
2026-02-22,ST025,MED014,3,3,0,0,0,56
2026-02-22,ST025,MED015,18,18,0,24,24,43
2026-02-22,ST025,MED016,8,8,0,0,0,50
2026-02-22,ST025,MED017,14,14,0,12,24,46
2026-02-22,ST025,MED018,11,11,0,24,0,37
2026-02-22,ST025,MED019,6,6,0,0,0,24
2026-02-22,ST025,MED020,4,4,0,0,0,42
2026-02-22,ST025,MED021,13,13,0,18,12,36
2026-02-22,ST025,MED022,8,8,0,0,12,49
2026-02-22,ST025,MED023,11,11,0,24,0,66
2026-02-22,ST025,MED024,13,13,0,12,12,65
2026-02-22,ST025,MED025,5,5,0,0,12,30
2026-02-22,ST025,MED026,13,13,0,0,24,61
2026-02-22,ST025,MED027,16,16,0,12,24,52
2026-02-22,ST025,MED028,3,3,0,0,24,41
2026-02-22,ST025,MED029,11,11,0,0,24,13
2026-02-22,ST025,MED030,8,8,0,0,6,19
2026-02-22,ST026,MED001,14,14,0,24,24,65
2026-02-22,ST026,MED002,15,15,0,12,18,53
2026-02-22,ST026,MED003,6,6,0,0,0,34
2026-02-22,ST026,MED004,10,10,0,12,12,54
2026-02-22,ST026,MED005,15,15,0,12,12,58
2026-02-22,ST026,MED006,13,13,0,36,12,66
2026-02-22,ST026,MED007,1,1,0,0,0,37
2026-02-22,ST026,MED008,4,4,0,12,0,17
2026-02-22,ST026,MED009,13,13,0,12,12,47
2026-02-22,ST026,MED010,9,9,0,12,12,26
2026-02-22,ST026,MED011,10,10,0,18,6,64
2026-02-22,ST026,MED012,10,10,0,36,12,54
2026-02-22,ST026,MED013,13,13,0,24,12,49
2026-02-22,ST026,MED014,7,7,0,0,0,36
2026-02-22,ST026,MED015,13,13,0,24,0,88
2026-02-22,ST026,MED016,15,15,0,0,24,26
2026-02-22,ST026,MED017,13,13,0,12,24,52
2026-02-22,ST026,MED018,8,8,0,24,0,65
2026-02-22,ST026,MED019,1,1,0,0,0,22
2026-02-22,ST026,MED020,7,7,0,0,0,54
2026-02-22,ST026,MED021,8,8,0,12,6,45
2026-02-22,ST026,MED022,12,12,0,18,6,39
2026-02-22,ST026,MED023,17,17,0,36,12,47
2026-02-22,ST026,MED024,14,14,0,24,12,79
2026-02-22,ST026,MED025,15,15,0,12,12,36
2026-02-22,ST026,MED026,15,15,0,0,24,46
2026-02-22,ST026,MED027,16,16,0,0,24,38
2026-02-22,ST026,MED028,6,6,0,0,0,37
2026-02-22,ST026,MED029,13,13,0,0,24,74
2026-02-22,ST026,MED030,6,6,0,12,6,38
2026-02-22,ST027,MED001,17,17,0,0,0,57
2026-02-22,ST027,MED002,16,16,0,0,12,60
2026-02-22,ST027,MED003,4,4,0,0,0,21
2026-02-22,ST027,MED004,12,12,0,12,12,43
2026-02-22,ST027,MED005,17,17,0,0,12,42
2026-02-22,ST027,MED006,16,16,0,24,24,73
2026-02-22,ST027,MED007,5,5,0,0,24,35
2026-02-22,ST027,MED008,0,0,0,0,0,19
2026-02-22,ST027,MED009,16,16,0,24,12,66
2026-02-22,ST027,MED010,5,5,0,0,0,14
2026-02-22,ST027,MED011,21,21,0,0,24,42
2026-02-22,ST027,MED012,15,15,0,48,12,69
2026-02-22,ST027,MED013,10,10,0,12,12,40
2026-02-22,ST027,MED014,8,8,0,0,0,33
2026-02-22,ST027,MED015,18,18,0,24,0,42
2026-02-22,ST027,MED016,8,8,0,48,0,44
2026-02-22,ST027,MED017,16,16,0,0,24,39
2026-02-22,ST027,MED018,5,5,0,0,0,44
2026-02-22,ST027,MED019,3,3,0,0,0,29
2026-02-22,ST027,MED020,12,12,0,24,24,68
2026-02-22,ST027,MED021,15,15,0,30,18,55
2026-02-22,ST027,MED022,11,11,0,0,12,33
2026-02-22,ST027,MED023,17,17,0,0,24,65
2026-02-22,ST027,MED024,19,19,0,0,24,34
2026-02-22,ST027,MED025,9,9,0,12,0,37
2026-02-22,ST027,MED026,18,18,0,24,24,73
2026-02-22,ST027,MED027,18,18,0,96,12,78
2026-02-22,ST027,MED028,9,9,0,24,0,46
2026-02-22,ST027,MED029,13,13,0,0,0,38
2026-02-22,ST027,MED030,10,10,0,0,12,23
2026-02-22,ST028,MED001,11,11,0,24,24,26
2026-02-22,ST028,MED002,10,10,0,0,12,18
2026-02-22,ST028,MED003,1,1,0,24,0,33
2026-02-22,ST028,MED004,8,8,0,12,12,29
2026-02-22,ST028,MED005,11,11,0,0,12,22
2026-02-22,ST028,MED006,8,8,0,24,12,45
2026-02-22,ST028,MED007,4,4,0,0,0,7
2026-02-22,ST028,MED008,2,2,0,0,0,13
2026-02-22,ST028,MED009,10,10,0,0,12,23
2026-02-22,ST028,MED010,7,7,0,0,0,26
2026-02-22,ST028,MED011,9,9,0,18,12,29
2026-02-22,ST028,MED012,6,6,0,0,0,44
2026-02-22,ST028,MED013,3,3,0,0,12,31
2026-02-22,ST028,MED014,5,5,0,0,24,32
2026-02-22,ST028,MED015,11,11,0,0,0,41
2026-02-22,ST028,MED016,8,8,0,0,0,25
2026-02-22,ST028,MED017,7,7,0,0,0,39
2026-02-22,ST028,MED018,6,6,0,0,0,14
2026-02-22,ST028,MED019,2,2,0,0,0,15
2026-02-22,ST028,MED020,5,5,0,0,0,31
2026-02-22,ST028,MED021,11,11,0,18,12,23
2026-02-22,ST028,MED022,5,5,0,0,6,33
2026-02-22,ST028,MED023,7,7,0,0,12,34
2026-02-22,ST028,MED024,11,11,0,0,12,30
2026-02-22,ST028,MED025,8,8,0,0,12,11
2026-02-22,ST028,MED026,8,8,0,0,24,37
2026-02-22,ST028,MED027,12,12,0,0,12,24
2026-02-22,ST028,MED028,4,4,0,0,0,53
2026-02-22,ST028,MED029,9,9,0,0,0,49
2026-02-22,ST028,MED030,6,6,0,0,6,17
2026-02-22,ST029,MED001,9,9,0,0,0,56
2026-02-22,ST029,MED002,8,8,0,6,6,28
2026-02-22,ST029,MED003,5,5,0,0,0,34
2026-02-22,ST029,MED004,6,6,0,12,12,28
2026-02-22,ST029,MED005,14,14,0,0,12,32
2026-02-22,ST029,MED006,7,7,0,0,0,36
2026-02-22,ST029,MED007,6,6,0,0,0,11
2026-02-22,ST029,MED008,3,3,0,0,0,18
2026-02-22,ST029,MED009,10,10,0,0,12,39
2026-02-22,ST029,MED010,7,7,0,0,12,6
2026-02-22,ST029,MED011,12,12,0,6,12,25
2026-02-22,ST029,MED012,4,4,0,24,0,41
2026-02-22,ST029,MED013,7,7,0,0,0,25
2026-02-22,ST029,MED014,8,8,0,0,0,17
2026-02-22,ST029,MED015,13,13,0,0,0,41
2026-02-22,ST029,MED016,5,4,1,0,0,0
2026-02-22,ST029,MED017,10,10,0,0,12,29
2026-02-22,ST029,MED018,7,7,0,0,0,28
2026-02-22,ST029,MED019,1,1,0,0,0,33
2026-02-22,ST029,MED020,4,4,0,0,0,49
2026-02-22,ST029,MED021,10,10,0,6,12,40
2026-02-22,ST029,MED022,8,8,0,0,6,16
2026-02-22,ST029,MED023,10,10,0,0,0,32
2026-02-22,ST029,MED024,12,12,0,12,12,54
2026-02-22,ST029,MED025,6,6,0,0,0,4
2026-02-22,ST029,MED026,7,7,0,48,0,76
2026-02-22,ST029,MED027,13,13,0,12,12,49
2026-02-22,ST029,MED028,6,6,0,0,24,31
2026-02-22,ST029,MED029,7,7,0,24,0,54
2026-02-22,ST029,MED030,3,3,0,0,0,17
2026-02-22,ST030,MED001,11,11,0,0,0,18
2026-02-22,ST030,MED002,9,9,0,0,6,46
2026-02-22,ST030,MED003,3,3,0,0,0,19
2026-02-22,ST030,MED004,9,9,0,0,12,30
2026-02-22,ST030,MED005,11,11,0,24,12,35
2026-02-22,ST030,MED006,10,10,0,12,12,44
2026-02-22,ST030,MED007,5,5,0,0,0,13
2026-02-22,ST030,MED008,1,1,0,0,0,15
2026-02-22,ST030,MED009,12,12,0,12,12,23
2026-02-22,ST030,MED010,9,9,0,0,12,23
2026-02-22,ST030,MED011,11,11,0,6,6,19
2026-02-22,ST030,MED012,9,9,0,0,12,52
2026-02-22,ST030,MED013,6,6,0,0,0,22
2026-02-22,ST030,MED014,6,6,0,24,0,37
2026-02-22,ST030,MED015,10,10,0,0,0,62
2026-02-22,ST030,MED016,10,10,0,24,24,49
2026-02-22,ST030,MED017,7,7,0,12,12,39
2026-02-22,ST030,MED018,4,4,0,24,0,30
2026-02-22,ST030,MED019,0,0,0,0,0,21
2026-02-22,ST030,MED020,9,9,0,24,0,38
2026-02-22,ST030,MED021,10,10,0,0,6,26
2026-02-22,ST030,MED022,9,9,0,12,6,24
2026-02-22,ST030,MED023,13,13,0,0,12,27
2026-02-22,ST030,MED024,10,10,0,0,12,35
2026-02-22,ST030,MED025,5,5,0,0,0,31
2026-02-22,ST030,MED026,11,11,0,0,24,21
2026-02-22,ST030,MED027,11,11,0,12,12,49
2026-02-22,ST030,MED028,10,10,0,0,0,33
2026-02-22,ST030,MED029,11,11,0,0,0,16
2026-02-22,ST030,MED030,3,3,0,0,0,36
2026-02-22,ST031,MED001,14,14,0,24,0,57
2026-02-22,ST031,MED002,16,16,0,24,18,48
2026-02-22,ST031,MED003,2,2,0,24,0,44
2026-02-22,ST031,MED004,12,12,0,0,12,37
2026-02-22,ST031,MED005,14,14,0,24,12,62
2026-02-22,ST031,MED006,13,13,0,12,12,38
2026-02-22,ST031,MED007,2,2,0,0,0,32
2026-02-22,ST031,MED008,5,5,0,0,12,11
2026-02-22,ST031,MED009,12,12,0,0,12,46
2026-02-22,ST031,MED010,1,1,0,0,0,32
2026-02-22,ST031,MED011,10,10,0,24,12,49
2026-02-22,ST031,MED012,10,10,0,0,12,32
2026-02-22,ST031,MED013,13,13,0,12,12,23
2026-02-22,ST031,MED014,7,7,0,0,0,12
2026-02-22,ST031,MED015,15,15,0,0,24,64
2026-02-22,ST031,MED016,6,6,0,0,0,39
2026-02-22,ST031,MED017,14,14,0,12,24,59
2026-02-22,ST031,MED018,6,6,0,0,0,32
2026-02-22,ST031,MED019,7,7,0,0,24,24
2026-02-22,ST031,MED020,9,9,0,24,24,51
2026-02-22,ST031,MED021,11,11,0,24,12,56
2026-02-22,ST031,MED022,8,8,0,12,12,12
2026-02-22,ST031,MED023,16,16,0,24,24,48
2026-02-22,ST031,MED024,17,17,0,12,24,59
2026-02-22,ST031,MED025,7,7,0,12,0,31
2026-02-22,ST031,MED026,12,12,0,0,0,52
2026-02-22,ST031,MED027,10,10,0,24,0,57
2026-02-22,ST031,MED028,8,8,0,24,24,46
2026-02-22,ST031,MED029,11,11,0,24,24,47
2026-02-22,ST031,MED030,7,7,0,0,6,16
2026-02-22,ST032,MED001,12,12,0,24,0,35
2026-02-22,ST032,MED002,12,12,0,12,12,52
2026-02-22,ST032,MED003,2,2,0,24,0,50
2026-02-22,ST032,MED004,10,10,0,0,12,31
2026-02-22,ST032,MED005,12,12,0,48,12,36
2026-02-22,ST032,MED006,9,9,0,0,12,67
2026-02-22,ST032,MED007,5,5,0,24,0,39
2026-02-22,ST032,MED008,2,2,0,0,0,13
2026-02-22,ST032,MED009,10,10,0,12,12,59
2026-02-22,ST032,MED010,0,0,0,0,0,39
2026-02-22,ST032,MED011,16,16,0,0,18,39
2026-02-22,ST032,MED012,14,14,0,0,12,19
2026-02-22,ST032,MED013,7,7,0,0,0,29
2026-02-22,ST032,MED014,3,3,0,0,0,27
2026-02-22,ST032,MED015,17,17,0,0,24,67
2026-02-22,ST032,MED016,8,8,0,24,24,53
2026-02-22,ST032,MED017,19,19,0,12,24,45
2026-02-22,ST032,MED018,12,12,0,0,24,20
2026-02-22,ST032,MED019,0,0,0,0,0,34
2026-02-22,ST032,MED020,10,10,0,24,0,58
2026-02-22,ST032,MED021,9,9,0,0,6,42
2026-02-22,ST032,MED022,18,18,0,18,24,30
2026-02-22,ST032,MED023,14,14,0,12,12,29
2026-02-22,ST032,MED024,13,13,0,0,12,57
2026-02-22,ST032,MED025,8,8,0,24,0,49
2026-02-22,ST032,MED026,11,11,0,0,0,100
2026-02-22,ST032,MED027,16,16,0,12,12,49
2026-02-22,ST032,MED028,9,9,0,24,0,50
2026-02-22,ST032,MED029,10,10,0,0,0,45
2026-02-22,ST032,MED030,7,7,0,0,6,3
2026-02-22,ST033,MED001,16,16,0,24,24,62
2026-02-22,ST033,MED002,13,13,0,12,12,48
2026-02-22,ST033,MED003,7,7,0,0,0,31
2026-02-22,ST033,MED004,11,11,0,12,12,56
2026-02-22,ST033,MED005,19,19,0,0,12,25
2026-02-22,ST033,MED006,13,13,0,72,12,59
2026-02-22,ST033,MED007,4,4,0,0,0,8
2026-02-22,ST033,MED008,7,7,0,0,0,22
2026-02-22,ST033,MED009,13,13,0,24,12,47
2026-02-22,ST033,MED010,4,4,0,12,12,26
2026-02-22,ST033,MED011,15,15,0,6,18,36
2026-02-22,ST033,MED012,12,12,0,0,12,42
2026-02-22,ST033,MED013,9,9,0,0,12,45
2026-02-22,ST033,MED014,4,4,0,0,0,30
2026-02-22,ST033,MED015,13,13,0,24,24,73
2026-02-22,ST033,MED016,10,10,0,0,0,37
2026-02-22,ST033,MED017,17,17,0,0,24,57
2026-02-22,ST033,MED018,13,13,0,0,0,13
2026-02-22,ST033,MED019,7,7,0,0,24,30
2026-02-22,ST033,MED020,9,9,0,0,0,45
2026-02-22,ST033,MED021,15,15,0,0,12,44
2026-02-22,ST033,MED022,8,8,0,18,6,31
2026-02-22,ST033,MED023,13,13,0,36,12,57
2026-02-22,ST033,MED024,14,14,0,12,12,40
2026-02-22,ST033,MED025,3,3,0,0,0,21
2026-02-22,ST033,MED026,13,13,0,0,24,58
2026-02-22,ST033,MED027,17,17,0,24,12,53
2026-02-22,ST033,MED028,10,10,0,24,24,44
2026-02-22,ST033,MED029,12,12,0,0,24,42
2026-02-22,ST033,MED030,5,5,0,6,0,12
2026-02-22,ST034,MED001,16,16,0,48,0,82
2026-02-22,ST034,MED002,18,18,0,12,18,47
2026-02-22,ST034,MED003,6,6,0,0,0,34
2026-02-22,ST034,MED004,9,9,0,12,0,51
2026-02-22,ST034,MED005,16,16,0,0,24,33
2026-02-22,ST034,MED006,24,24,0,12,24,49
2026-02-22,ST034,MED007,6,6,0,24,0,47
2026-02-22,ST034,MED008,4,4,0,0,12,26
2026-02-22,ST034,MED009,14,14,0,0,12,48
2026-02-22,ST034,MED010,3,3,0,12,0,35
2026-02-22,ST034,MED011,16,16,0,0,12,39
2026-02-22,ST034,MED012,15,15,0,12,12,60
2026-02-22,ST034,MED013,10,10,0,0,0,21
2026-02-22,ST034,MED014,6,6,0,0,0,34
2026-02-22,ST034,MED015,13,13,0,24,24,63
2026-02-22,ST034,MED016,11,11,0,0,24,14
2026-02-22,ST034,MED017,15,15,0,0,12,57
2026-02-22,ST034,MED018,7,7,0,0,0,49
2026-02-22,ST034,MED019,4,4,0,0,0,17
2026-02-22,ST034,MED020,5,5,0,24,0,72
2026-02-22,ST034,MED021,20,20,0,30,24,48
2026-02-22,ST034,MED022,6,6,0,0,6,39
2026-02-22,ST034,MED023,17,17,0,0,12,53
2026-02-22,ST034,MED024,32,32,0,36,36,62
2026-02-22,ST034,MED025,8,8,0,24,12,42
2026-02-22,ST034,MED026,15,15,0,0,24,81
2026-02-22,ST034,MED027,18,18,0,12,12,45
2026-02-22,ST034,MED028,8,8,0,24,0,51
2026-02-22,ST034,MED029,11,11,0,72,24,76
2026-02-22,ST034,MED030,9,9,0,0,12,22
2026-02-22,ST035,MED001,9,9,0,0,0,50
2026-02-22,ST035,MED002,11,11,0,0,12,37
2026-02-22,ST035,MED003,2,2,0,0,0,12
2026-02-22,ST035,MED004,4,4,0,0,0,33
2026-02-22,ST035,MED005,9,9,0,0,12,39
2026-02-22,ST035,MED006,8,8,0,0,12,38
2026-02-22,ST035,MED007,3,3,0,24,0,32
2026-02-22,ST035,MED008,7,7,0,0,12,17
2026-02-22,ST035,MED009,11,11,0,12,12,23
2026-02-22,ST035,MED010,1,1,0,0,0,20
2026-02-22,ST035,MED011,13,13,0,12,18,16
2026-02-22,ST035,MED012,8,8,0,0,12,34
2026-02-22,ST035,MED013,3,3,0,0,12,22
2026-02-22,ST035,MED014,4,4,0,0,0,30
2026-02-22,ST035,MED015,8,8,0,0,0,41
2026-02-22,ST035,MED016,7,7,0,24,24,39
2026-02-22,ST035,MED017,9,9,0,12,12,27
2026-02-22,ST035,MED018,3,3,0,24,24,26
2026-02-22,ST035,MED019,1,1,0,0,0,12
2026-02-22,ST035,MED020,4,4,0,24,24,43
2026-02-22,ST035,MED021,8,8,0,6,12,32
2026-02-22,ST035,MED022,4,4,0,0,0,27
2026-02-22,ST035,MED023,8,8,0,0,12,38
2026-02-22,ST035,MED024,10,10,0,12,0,53
2026-02-22,ST035,MED025,5,5,0,0,12,29
2026-02-22,ST035,MED026,8,8,0,24,24,63
2026-02-22,ST035,MED027,8,8,0,12,12,37
2026-02-22,ST035,MED028,7,7,0,0,0,41
2026-02-22,ST035,MED029,9,9,0,0,24,30
2026-02-22,ST035,MED030,1,1,0,18,0,28
2026-02-22,ST036,MED001,10,10,0,0,0,52
2026-02-22,ST036,MED002,10,10,0,0,6,22
2026-02-22,ST036,MED003,3,3,0,0,0,26
2026-02-22,ST036,MED004,7,7,0,12,12,40
2026-02-22,ST036,MED005,8,8,0,0,0,33
2026-02-22,ST036,MED006,9,9,0,12,12,34
2026-02-22,ST036,MED007,3,3,0,0,0,38
2026-02-22,ST036,MED008,2,2,0,12,0,18
2026-02-22,ST036,MED009,10,10,0,12,12,13
2026-02-22,ST036,MED010,5,5,0,0,0,18
2026-02-22,ST036,MED011,11,11,0,12,12,37
2026-02-22,ST036,MED012,5,5,0,12,0,48
2026-02-22,ST036,MED013,6,6,0,0,0,19
2026-02-22,ST036,MED014,11,11,0,24,0,46
2026-02-22,ST036,MED015,14,14,0,0,0,14
2026-02-22,ST036,MED016,7,7,0,0,0,40
2026-02-22,ST036,MED017,10,10,0,12,0,52
2026-02-22,ST036,MED018,5,5,0,0,0,25
2026-02-22,ST036,MED019,0,0,0,0,0,12
2026-02-22,ST036,MED020,9,9,0,0,0,24
2026-02-22,ST036,MED021,10,10,0,6,12,35
2026-02-22,ST036,MED022,4,4,0,12,6,25
2026-02-22,ST036,MED023,15,15,0,0,24,18
2026-02-22,ST036,MED024,11,11,0,0,12,32
2026-02-22,ST036,MED025,7,7,0,12,12,19
2026-02-22,ST036,MED026,12,12,0,0,24,13
2026-02-22,ST036,MED027,13,13,0,12,12,44
2026-02-22,ST036,MED028,1,1,0,0,0,37
2026-02-22,ST036,MED029,6,6,0,0,0,59
2026-02-22,ST036,MED030,7,7,0,6,12,24
2026-02-22,ST037,MED001,11,11,0,0,0,62
2026-02-22,ST037,MED002,15,15,0,0,18,9
2026-02-22,ST037,MED003,5,5,0,0,0,40
2026-02-22,ST037,MED004,9,9,0,12,12,22
2026-02-22,ST037,MED005,10,10,0,12,0,36
2026-02-22,ST037,MED006,7,7,0,12,0,43
2026-02-22,ST037,MED007,3,3,0,0,0,34
2026-02-22,ST037,MED008,0,0,0,0,0,25
2026-02-22,ST037,MED009,9,9,0,0,12,40
2026-02-22,ST037,MED010,8,8,0,0,12,10
2026-02-22,ST037,MED011,14,14,0,12,18,29
2026-02-22,ST037,MED012,10,10,0,24,12,41
2026-02-22,ST037,MED013,7,7,0,0,12,33
2026-02-22,ST037,MED014,3,3,0,0,0,21
2026-02-22,ST037,MED015,13,13,0,0,24,49
2026-02-22,ST037,MED016,6,6,0,0,0,24
2026-02-22,ST037,MED017,12,12,0,24,12,44
2026-02-22,ST037,MED018,4,4,0,0,0,30
2026-02-22,ST037,MED019,4,4,0,0,0,31
2026-02-22,ST037,MED020,6,6,0,0,0,42
2026-02-22,ST037,MED021,9,9,0,0,6,27
2026-02-22,ST037,MED022,6,6,0,0,6,19
2026-02-22,ST037,MED023,10,10,0,12,12,32
2026-02-22,ST037,MED024,15,15,0,24,12,56
2026-02-22,ST037,MED025,9,9,0,0,12,32
2026-02-22,ST037,MED026,8,8,0,0,0,45
2026-02-22,ST037,MED027,12,12,0,24,12,61
2026-02-22,ST037,MED028,4,4,0,0,0,56
2026-02-22,ST037,MED029,11,11,0,0,0,19
2026-02-22,ST037,MED030,9,9,0,0,12,24
2026-02-22,ST038,MED001,9,9,0,24,0,47
2026-02-22,ST038,MED002,9,9,0,24,6,48
2026-02-22,ST038,MED003,6,6,0,0,0,14
2026-02-22,ST038,MED004,9,9,0,0,12,26
2026-02-22,ST038,MED005,10,10,0,12,12,53
2026-02-22,ST038,MED006,11,11,0,0,12,61
2026-02-22,ST038,MED007,1,1,0,0,0,30
2026-02-22,ST038,MED008,5,4,1,0,12,0
2026-02-22,ST038,MED009,10,10,0,0,12,50
2026-02-22,ST038,MED010,5,5,0,0,0,19
2026-02-22,ST038,MED011,10,10,0,12,12,41
2026-02-22,ST038,MED012,8,8,0,0,12,58
2026-02-22,ST038,MED013,11,11,0,0,12,35
2026-02-22,ST038,MED014,6,6,0,24,0,47
2026-02-22,ST038,MED015,14,14,0,0,24,66
2026-02-22,ST038,MED016,11,11,0,48,24,44
2026-02-22,ST038,MED017,18,18,0,24,12,65
2026-02-22,ST038,MED018,8,8,0,0,0,36
2026-02-22,ST038,MED019,2,2,0,0,0,17
2026-02-22,ST038,MED020,6,6,0,24,24,57
2026-02-22,ST038,MED021,12,12,0,0,12,36
2026-02-22,ST038,MED022,7,7,0,12,6,51
2026-02-22,ST038,MED023,16,16,0,12,24,58
2026-02-22,ST038,MED024,15,15,0,0,24,63
2026-02-22,ST038,MED025,10,10,0,12,12,44
2026-02-22,ST038,MED026,9,9,0,0,0,39
2026-02-22,ST038,MED027,16,16,0,0,12,56
2026-02-22,ST038,MED028,8,8,0,0,0,27
2026-02-22,ST038,MED029,10,10,0,0,24,45
2026-02-22,ST038,MED030,6,6,0,0,6,16
2026-02-22,ST039,MED001,11,11,0,0,24,42
2026-02-22,ST039,MED002,13,13,0,0,12,14
2026-02-22,ST039,MED003,6,6,0,0,24,32
2026-02-22,ST039,MED004,12,12,0,0,12,22
2026-02-22,ST039,MED005,10,10,0,12,0,43
2026-02-22,ST039,MED006,12,12,0,0,12,56
2026-02-22,ST039,MED007,2,2,0,0,0,24
2026-02-22,ST039,MED008,7,7,0,12,12,24
2026-02-22,ST039,MED009,16,16,0,0,24,35
2026-02-22,ST039,MED010,5,5,0,0,0,34
2026-02-22,ST039,MED011,13,13,0,0,18,20
2026-02-22,ST039,MED012,14,14,0,24,24,60
2026-02-22,ST039,MED013,6,6,0,12,0,40
2026-02-22,ST039,MED014,6,6,0,24,0,49
2026-02-22,ST039,MED015,14,14,0,24,24,47
2026-02-22,ST039,MED016,11,11,0,0,0,44
2026-02-22,ST039,MED017,12,12,0,0,12,47
2026-02-22,ST039,MED018,12,12,0,0,24,7
2026-02-22,ST039,MED019,2,2,0,0,0,19
2026-02-22,ST039,MED020,12,12,0,0,0,42
2026-02-22,ST039,MED021,13,13,0,24,12,45
2026-02-22,ST039,MED022,8,8,0,0,6,25
2026-02-22,ST039,MED023,10,10,0,72,12,62
2026-02-22,ST039,MED024,12,12,0,12,12,54
2026-02-22,ST039,MED025,5,5,0,12,0,39
2026-02-22,ST039,MED026,14,14,0,0,24,60
2026-02-22,ST039,MED027,10,10,0,12,12,89
2026-02-22,ST039,MED028,6,6,0,24,24,22
2026-02-22,ST039,MED029,12,12,0,0,24,45
2026-02-22,ST039,MED030,5,5,0,12,6,38
2026-02-22,ST040,MED001,16,16,0,24,24,65
2026-02-22,ST040,MED002,14,14,0,0,18,41
2026-02-22,ST040,MED003,6,6,0,0,0,11
2026-02-22,ST040,MED004,10,10,0,24,12,47
2026-02-22,ST040,MED005,12,12,0,0,0,40
2026-02-22,ST040,MED006,11,11,0,12,12,44
2026-02-22,ST040,MED007,5,5,0,0,0,11
2026-02-22,ST040,MED008,3,3,0,0,0,21
2026-02-22,ST040,MED009,13,13,0,12,12,53
2026-02-22,ST040,MED010,9,9,0,0,12,19
2026-02-22,ST040,MED011,16,16,0,0,18,55
2026-02-22,ST040,MED012,12,12,0,0,12,49
2026-02-22,ST040,MED013,10,10,0,0,12,27
2026-02-22,ST040,MED014,10,10,0,0,0,32
2026-02-22,ST040,MED015,18,18,0,0,0,63
2026-02-22,ST040,MED016,10,10,0,0,0,23
2026-02-22,ST040,MED017,15,15,0,24,12,48
2026-02-22,ST040,MED018,8,8,0,24,24,51
2026-02-22,ST040,MED019,7,7,0,0,0,20
2026-02-22,ST040,MED020,11,11,0,0,0,48
2026-02-22,ST040,MED021,14,14,0,12,18,43
2026-02-22,ST040,MED022,9,9,0,0,6,18
2026-02-22,ST040,MED023,17,17,0,0,24,23
2026-02-22,ST040,MED024,17,17,0,24,24,49
2026-02-22,ST040,MED025,8,8,0,0,12,30
2026-02-22,ST040,MED026,15,15,0,0,24,49
2026-02-22,ST040,MED027,19,19,0,0,24,28
2026-02-22,ST040,MED028,7,7,0,0,0,38
2026-02-22,ST040,MED029,10,10,0,24,24,63
2026-02-22,ST040,MED030,5,5,0,6,0,30
2026-02-23,ST001,MED001,10,10,0,0,0,50
2026-02-23,ST001,MED002,8,8,0,0,6,20
2026-02-23,ST001,MED003,0,0,0,0,0,39
2026-02-23,ST001,MED004,4,4,0,12,12,36
2026-02-23,ST001,MED005,7,7,0,0,12,48
2026-02-23,ST001,MED006,5,5,0,36,0,54
2026-02-23,ST001,MED007,3,3,0,0,24,19
2026-02-23,ST001,MED008,5,5,0,12,12,16
2026-02-23,ST001,MED009,7,7,0,0,0,24
2026-02-23,ST001,MED010,3,3,0,24,0,32
2026-02-23,ST001,MED011,8,8,0,0,12,20
2026-02-23,ST001,MED012,5,5,0,0,0,12
2026-02-23,ST001,MED013,4,4,0,12,0,39
2026-02-23,ST001,MED014,3,3,0,0,0,28
2026-02-23,ST001,MED015,12,12,0,48,24,61
2026-02-23,ST001,MED016,7,7,0,0,0,50
2026-02-23,ST001,MED017,8,8,0,0,12,38
2026-02-23,ST001,MED018,6,6,0,0,0,15
2026-02-23,ST001,MED019,2,2,0,0,0,39
2026-02-23,ST001,MED020,2,2,0,0,0,38
2026-02-23,ST001,MED021,12,12,0,18,12,25
2026-02-23,ST001,MED022,7,7,0,0,12,22
2026-02-23,ST001,MED023,10,10,0,24,12,49
2026-02-23,ST001,MED024,12,12,0,0,12,30
2026-02-23,ST001,MED025,7,7,0,0,12,9
2026-02-23,ST001,MED026,10,10,0,0,24,49
2026-02-23,ST001,MED027,11,11,0,24,12,32
2026-02-23,ST001,MED028,4,4,0,24,0,48
2026-02-23,ST001,MED029,6,6,0,24,0,60
2026-02-23,ST001,MED030,3,3,0,0,0,31
2026-02-23,ST002,MED001,9,9,0,24,24,54
2026-02-23,ST002,MED002,12,12,0,12,18,34
2026-02-23,ST002,MED003,3,3,0,24,0,43
2026-02-23,ST002,MED004,11,11,0,0,12,15
2026-02-23,ST002,MED005,8,8,0,12,0,46
2026-02-23,ST002,MED006,8,8,0,0,0,38
2026-02-23,ST002,MED007,3,3,0,0,0,16
2026-02-23,ST002,MED008,0,0,0,0,0,22
2026-02-23,ST002,MED009,9,9,0,12,12,30
2026-02-23,ST002,MED010,7,7,0,0,12,16
2026-02-23,ST002,MED011,12,12,0,24,12,45
2026-02-23,ST002,MED012,8,8,0,0,0,35
2026-02-23,ST002,MED013,6,6,0,0,12,22
2026-02-23,ST002,MED014,2,2,0,0,0,41
2026-02-23,ST002,MED015,8,8,0,24,0,76
2026-02-23,ST002,MED016,8,8,0,24,24,38
2026-02-23,ST002,MED017,10,10,0,12,0,52
2026-02-23,ST002,MED018,2,2,0,0,0,43
2026-02-23,ST002,MED019,8,8,0,0,24,4
2026-02-23,ST002,MED020,8,8,0,0,0,30
2026-02-23,ST002,MED021,7,7,0,0,6,29
2026-02-23,ST002,MED022,7,7,0,6,6,38
2026-02-23,ST002,MED023,11,11,0,24,12,39
2026-02-23,ST002,MED024,10,10,0,0,0,31
2026-02-23,ST002,MED025,6,6,0,0,0,36
2026-02-23,ST002,MED026,7,7,0,0,24,31
2026-02-23,ST002,MED027,8,8,0,12,0,52
2026-02-23,ST002,MED028,6,6,0,0,0,38
2026-02-23,ST002,MED029,5,5,0,24,0,54
2026-02-23,ST002,MED030,4,4,0,0,6,26
2026-02-23,ST003,MED001,9,9,0,0,0,37
2026-02-23,ST003,MED002,12,12,0,12,12,47
2026-02-23,ST003,MED003,2,2,0,0,0,18
2026-02-23,ST003,MED004,7,7,0,0,12,23
2026-02-23,ST003,MED005,10,10,0,24,12,61
2026-02-23,ST003,MED006,12,12,0,12,12,44
2026-02-23,ST003,MED007,4,4,0,0,0,29
2026-02-23,ST003,MED008,2,2,0,12,0,16
2026-02-23,ST003,MED009,8,8,0,12,12,38
2026-02-23,ST003,MED010,4,4,0,0,12,16
2026-02-23,ST003,MED011,13,13,0,0,18,33
2026-02-23,ST003,MED012,9,9,0,0,0,22
2026-02-23,ST003,MED013,5,5,0,0,0,28
2026-02-23,ST003,MED014,4,4,0,0,0,0
2026-02-23,ST003,MED015,10,10,0,0,0,65
2026-02-23,ST003,MED016,6,6,0,0,24,45
2026-02-23,ST003,MED017,14,14,0,0,24,47
2026-02-23,ST003,MED018,7,7,0,0,0,43
2026-02-23,ST003,MED019,2,2,0,0,0,9
2026-02-23,ST003,MED020,5,5,0,0,0,24
2026-02-23,ST003,MED021,5,5,0,12,6,38
2026-02-23,ST003,MED022,6,6,0,0,6,18
2026-02-23,ST003,MED023,8,8,0,12,12,58
2026-02-23,ST003,MED024,11,11,0,36,12,72
2026-02-23,ST003,MED025,5,5,0,0,0,34
2026-02-23,ST003,MED026,12,12,0,24,0,53
2026-02-23,ST003,MED027,11,11,0,24,0,68
2026-02-23,ST003,MED028,5,5,0,0,0,9
2026-02-23,ST003,MED029,9,9,0,0,0,30
2026-02-23,ST003,MED030,0,0,0,0,0,29
2026-02-23,ST004,MED001,13,13,0,24,24,56
2026-02-23,ST004,MED002,14,14,0,0,12,27
2026-02-23,ST004,MED003,2,2,0,0,0,16
2026-02-23,ST004,MED004,6,6,0,0,0,35
2026-02-23,ST004,MED005,14,14,0,0,12,42
2026-02-23,ST004,MED006,12,12,0,24,12,39
2026-02-23,ST004,MED007,2,2,0,0,0,35
2026-02-23,ST004,MED008,4,4,0,12,0,29
2026-02-23,ST004,MED009,12,12,0,0,24,23
2026-02-23,ST004,MED010,0,0,0,12,0,27
2026-02-23,ST004,MED011,12,12,0,12,12,47
2026-02-23,ST004,MED012,6,6,0,0,12,41
2026-02-23,ST004,MED013,9,9,0,0,12,43
2026-02-23,ST004,MED014,3,3,0,24,0,48
2026-02-23,ST004,MED015,11,11,0,24,0,60
2026-02-23,ST004,MED016,7,7,0,24,0,41
2026-02-23,ST004,MED017,8,8,0,0,12,60
2026-02-23,ST004,MED018,9,9,0,0,0,26
2026-02-23,ST004,MED019,9,9,0,0,24,24
2026-02-23,ST004,MED020,8,8,0,0,24,50
2026-02-23,ST004,MED021,9,9,0,18,12,46
2026-02-23,ST004,MED022,9,9,0,6,12,30
2026-02-23,ST004,MED023,12,12,0,0,12,49
2026-02-23,ST004,MED024,14,14,0,24,12,44
2026-02-23,ST004,MED025,6,6,0,0,0,30
2026-02-23,ST004,MED026,12,12,0,24,0,48
2026-02-23,ST004,MED027,11,11,0,36,12,82
2026-02-23,ST004,MED028,6,6,0,0,0,35
2026-02-23,ST004,MED029,10,10,0,0,24,70
2026-02-23,ST004,MED030,5,5,0,0,6,21
2026-02-23,ST005,MED001,14,14,0,24,0,51
2026-02-23,ST005,MED002,11,11,0,0,12,36
2026-02-23,ST005,MED003,4,4,0,0,0,30
2026-02-23,ST005,MED004,12,12,0,12,12,48
2026-02-23,ST005,MED005,12,12,0,12,12,49
2026-02-23,ST005,MED006,13,13,0,0,12,50
2026-02-23,ST005,MED007,7,7,0,0,0,30
2026-02-23,ST005,MED008,1,1,0,0,0,17
2026-02-23,ST005,MED009,11,11,0,0,12,56
2026-02-23,ST005,MED010,6,6,0,12,12,32
2026-02-23,ST005,MED011,10,10,0,42,12,64
2026-02-23,ST005,MED012,11,11,0,24,12,60
2026-02-23,ST005,MED013,10,10,0,12,12,40
2026-02-23,ST005,MED014,5,5,0,0,0,26
2026-02-23,ST005,MED015,15,15,0,0,24,63
2026-02-23,ST005,MED016,9,9,0,0,24,61
2026-02-23,ST005,MED017,11,11,0,12,12,36
2026-02-23,ST005,MED018,13,13,0,0,24,18
2026-02-23,ST005,MED019,2,2,0,0,0,23
2026-02-23,ST005,MED020,8,8,0,0,0,22
2026-02-23,ST005,MED021,6,6,0,12,6,53
2026-02-23,ST005,MED022,11,11,0,12,12,42
2026-02-23,ST005,MED023,16,16,0,24,12,58
2026-02-23,ST005,MED024,11,11,0,0,12,58
2026-02-23,ST005,MED025,11,11,0,12,12,16
2026-02-23,ST005,MED026,13,13,0,24,24,93
2026-02-23,ST005,MED027,13,13,0,12,12,39
2026-02-23,ST005,MED028,10,10,0,0,0,36
2026-02-23,ST005,MED029,12,12,0,0,24,52
2026-02-23,ST005,MED030,8,8,0,18,6,42
2026-02-23,ST006,MED001,11,11,0,0,0,86
2026-02-23,ST006,MED002,15,15,0,12,12,48
2026-02-23,ST006,MED003,5,5,0,0,0,29
2026-02-23,ST006,MED004,10,10,0,0,0,52
2026-02-23,ST006,MED005,16,16,0,0,12,17
2026-02-23,ST006,MED006,17,17,0,12,24,65
2026-02-23,ST006,MED007,3,3,0,0,0,50
2026-02-23,ST006,MED008,4,4,0,0,0,30
2026-02-23,ST006,MED009,11,11,0,36,0,65
2026-02-23,ST006,MED010,6,6,0,12,12,18
2026-02-23,ST006,MED011,12,12,0,24,12,68
2026-02-23,ST006,MED012,16,16,0,12,24,49
2026-02-23,ST006,MED013,8,8,0,0,0,52
2026-02-23,ST006,MED014,8,8,0,0,24,34
2026-02-23,ST006,MED015,16,16,0,0,24,62
2026-02-23,ST006,MED016,11,11,0,24,24,41
2026-02-23,ST006,MED017,13,13,0,36,12,74
2026-02-23,ST006,MED018,10,10,0,0,0,39
2026-02-23,ST006,MED019,7,7,0,0,0,34
2026-02-23,ST006,MED020,16,16,0,24,24,40
2026-02-23,ST006,MED021,14,14,0,0,12,46
2026-02-23,ST006,MED022,12,12,0,0,12,34
2026-02-23,ST006,MED023,15,15,0,0,12,36
2026-02-23,ST006,MED024,13,13,0,12,12,60
2026-02-23,ST006,MED025,7,7,0,12,12,43
2026-02-23,ST006,MED026,17,17,0,48,24,90
2026-02-23,ST006,MED027,13,13,0,12,12,78
2026-02-23,ST006,MED028,10,10,0,0,0,46
2026-02-23,ST006,MED029,15,15,0,24,0,45
2026-02-23,ST006,MED030,5,5,0,12,6,31
2026-02-23,ST007,MED001,6,6,0,48,0,60
2026-02-23,ST007,MED002,8,8,0,0,12,23
2026-02-23,ST007,MED003,1,1,0,0,0,31
2026-02-23,ST007,MED004,7,7,0,0,0,22
2026-02-23,ST007,MED005,14,14,0,24,12,30
2026-02-23,ST007,MED006,8,8,0,12,12,11
2026-02-23,ST007,MED007,3,3,0,0,0,35
2026-02-23,ST007,MED008,4,4,0,24,12,21
2026-02-23,ST007,MED009,8,8,0,24,0,37
2026-02-23,ST007,MED010,6,6,0,0,12,11
2026-02-23,ST007,MED011,9,9,0,0,6,30
2026-02-23,ST007,MED012,9,9,0,0,12,41
2026-02-23,ST007,MED013,6,6,0,12,0,19
2026-02-23,ST007,MED014,3,3,0,0,0,36
2026-02-23,ST007,MED015,10,10,0,0,0,50
2026-02-23,ST007,MED016,4,4,0,0,0,52
2026-02-23,ST007,MED017,12,12,0,0,24,4
2026-02-23,ST007,MED018,3,3,0,0,0,49
2026-02-23,ST007,MED019,0,0,0,0,0,3
2026-02-23,ST007,MED020,5,5,0,0,0,21
2026-02-23,ST007,MED021,8,8,0,12,12,34
2026-02-23,ST007,MED022,4,4,0,0,6,19
2026-02-23,ST007,MED023,6,6,0,12,12,27
2026-02-23,ST007,MED024,9,9,0,0,12,31
2026-02-23,ST007,MED025,3,3,0,12,0,26
2026-02-23,ST007,MED026,9,9,0,0,0,25
2026-02-23,ST007,MED027,7,7,0,12,0,25
2026-02-23,ST007,MED028,7,7,0,0,0,28
2026-02-23,ST007,MED029,7,7,0,0,24,46
2026-02-23,ST007,MED030,4,4,0,0,6,18
2026-02-23,ST008,MED001,10,10,0,24,24,54
2026-02-23,ST008,MED002,10,10,0,6,12,18
2026-02-23,ST008,MED003,5,5,0,0,24,15
2026-02-23,ST008,MED004,7,7,0,0,12,28
2026-02-23,ST008,MED005,8,8,0,0,12,53
2026-02-23,ST008,MED006,10,10,0,0,12,46
2026-02-23,ST008,MED007,5,5,0,0,0,24
2026-02-23,ST008,MED008,0,0,0,0,0,32
2026-02-23,ST008,MED009,4,4,0,0,0,30
2026-02-23,ST008,MED010,7,7,0,0,12,8
2026-02-23,ST008,MED011,13,13,0,36,18,47
2026-02-23,ST008,MED012,9,9,0,0,12,21
2026-02-23,ST008,MED013,4,4,0,0,0,31
2026-02-23,ST008,MED014,4,4,0,0,0,34
2026-02-23,ST008,MED015,11,11,0,0,0,45
2026-02-23,ST008,MED016,6,6,0,0,0,50
2026-02-23,ST008,MED017,8,8,0,0,12,32
2026-02-23,ST008,MED018,4,4,0,0,0,29
2026-02-23,ST008,MED019,3,3,0,0,24,25
2026-02-23,ST008,MED020,8,8,0,0,0,8
2026-02-23,ST008,MED021,8,8,0,6,12,36
2026-02-23,ST008,MED022,6,6,0,0,6,13
2026-02-23,ST008,MED023,7,7,0,0,0,37
2026-02-23,ST008,MED024,10,10,0,0,12,34
2026-02-23,ST008,MED025,4,4,0,0,0,29
2026-02-23,ST008,MED026,10,10,0,24,24,68
2026-02-23,ST008,MED027,11,11,0,24,12,43
2026-02-23,ST008,MED028,7,4,3,0,0,0
2026-02-23,ST008,MED029,9,9,0,0,0,43
2026-02-23,ST008,MED030,5,5,0,6,6,15
2026-02-23,ST009,MED001,13,13,0,24,24,56
2026-02-23,ST009,MED002,6,6,0,18,6,56
2026-02-23,ST009,MED003,2,2,0,0,0,35
2026-02-23,ST009,MED004,8,8,0,12,12,38
2026-02-23,ST009,MED005,8,8,0,0,12,56
2026-02-23,ST009,MED006,10,10,0,0,12,30
2026-02-23,ST009,MED007,3,3,0,24,0,41
2026-02-23,ST009,MED008,0,0,0,0,0,27
2026-02-23,ST009,MED009,17,17,0,24,24,43
2026-02-23,ST009,MED010,4,4,0,12,0,22
2026-02-23,ST009,MED011,14,14,0,6,18,45
2026-02-23,ST009,MED012,9,9,0,0,12,27
2026-02-23,ST009,MED013,3,3,0,0,0,19
2026-02-23,ST009,MED014,4,4,0,0,0,19
2026-02-23,ST009,MED015,10,10,0,24,0,76
2026-02-23,ST009,MED016,7,7,0,24,0,59
2026-02-23,ST009,MED017,12,12,0,0,24,34
2026-02-23,ST009,MED018,5,5,0,0,24,16
2026-02-23,ST009,MED019,4,4,0,0,0,29
2026-02-23,ST009,MED020,8,8,0,0,24,6
2026-02-23,ST009,MED021,9,9,0,12,6,37
2026-02-23,ST009,MED022,8,8,0,12,12,25
2026-02-23,ST009,MED023,12,12,0,36,12,60
2026-02-23,ST009,MED024,10,10,0,0,12,28
2026-02-23,ST009,MED025,7,7,0,0,12,39
2026-02-23,ST009,MED026,10,10,0,24,0,41
2026-02-23,ST009,MED027,10,10,0,12,12,46
2026-02-23,ST009,MED028,8,8,0,0,0,9
2026-02-23,ST009,MED029,9,9,0,24,24,51
2026-02-23,ST009,MED030,8,8,0,0,6,31
2026-02-23,ST010,MED001,12,12,0,24,24,56
2026-02-23,ST010,MED002,13,13,0,0,6,46
2026-02-23,ST010,MED003,6,6,0,0,24,27
2026-02-23,ST010,MED004,7,7,0,24,12,49
2026-02-23,ST010,MED005,11,11,0,0,12,44
2026-02-23,ST010,MED006,9,9,0,0,12,54
2026-02-23,ST010,MED007,7,7,0,0,0,22
2026-02-23,ST010,MED008,3,3,0,0,0,5
2026-02-23,ST010,MED009,14,14,0,0,12,28
2026-02-23,ST010,MED010,9,9,0,0,12,22
2026-02-23,ST010,MED011,12,12,0,12,12,43
2026-02-23,ST010,MED012,10,10,0,0,12,45
2026-02-23,ST010,MED013,4,4,0,0,0,18
2026-02-23,ST010,MED014,7,7,0,24,0,52
2026-02-23,ST010,MED015,10,10,0,0,24,49
2026-02-23,ST010,MED016,11,11,0,0,0,35
2026-02-23,ST010,MED017,7,7,0,24,12,66
2026-02-23,ST010,MED018,9,9,0,0,24,38
2026-02-23,ST010,MED019,0,0,0,0,0,21
2026-02-23,ST010,MED020,9,9,0,24,0,47
2026-02-23,ST010,MED021,11,11,0,18,6,34
2026-02-23,ST010,MED022,5,5,0,0,6,21
2026-02-23,ST010,MED023,14,14,0,12,12,42
2026-02-23,ST010,MED024,13,13,0,24,24,27
2026-02-23,ST010,MED025,5,5,0,12,0,42
2026-02-23,ST010,MED026,12,12,0,24,24,57
2026-02-23,ST010,MED027,14,14,0,12,12,36
2026-02-23,ST010,MED028,4,4,0,24,0,27
2026-02-23,ST010,MED029,10,10,0,0,0,33
2026-02-23,ST010,MED030,5,5,0,6,0,32
2026-02-23,ST011,MED001,17,17,0,0,0,52
2026-02-23,ST011,MED002,10,10,0,18,6,51
2026-02-23,ST011,MED003,4,4,0,0,24,32
2026-02-23,ST011,MED004,10,10,0,24,12,44
2026-02-23,ST011,MED005,12,12,0,12,12,42
2026-02-23,ST011,MED006,10,10,0,0,12,27
2026-02-23,ST011,MED007,0,0,0,0,0,27
2026-02-23,ST011,MED008,4,4,0,0,0,29
2026-02-23,ST011,MED009,10,10,0,12,12,53
2026-02-23,ST011,MED010,4,4,0,36,0,43
2026-02-23,ST011,MED011,13,13,0,12,12,40
2026-02-23,ST011,MED012,11,11,0,12,0,41
2026-02-23,ST011,MED013,8,8,0,24,12,45
2026-02-23,ST011,MED014,5,5,0,0,0,25
2026-02-23,ST011,MED015,13,13,0,24,24,57
2026-02-23,ST011,MED016,7,7,0,0,0,48
2026-02-23,ST011,MED017,11,11,0,12,12,52
2026-02-23,ST011,MED018,2,2,0,0,0,25
2026-02-23,ST011,MED019,3,3,0,0,0,24
2026-02-23,ST011,MED020,5,5,0,0,0,46
2026-02-23,ST011,MED021,13,13,0,0,18,41
2026-02-23,ST011,MED022,9,9,0,6,12,28
2026-02-23,ST011,MED023,14,14,0,0,12,47
2026-02-23,ST011,MED024,11,11,0,0,12,39
2026-02-23,ST011,MED025,8,8,0,0,0,26
2026-02-23,ST011,MED026,13,13,0,24,0,63
2026-02-23,ST011,MED027,16,16,0,36,24,54
2026-02-23,ST011,MED028,6,6,0,24,0,58
2026-02-23,ST011,MED029,10,10,0,0,0,59
2026-02-23,ST011,MED030,1,1,0,18,0,41
2026-02-23,ST012,MED001,13,13,0,0,24,67
2026-02-23,ST012,MED002,13,13,0,18,12,56
2026-02-23,ST012,MED003,4,4,0,0,0,3
2026-02-23,ST012,MED004,10,10,0,36,12,62
2026-02-23,ST012,MED005,9,9,0,0,0,44
2026-02-23,ST012,MED006,14,14,0,24,12,52
2026-02-23,ST012,MED007,5,5,0,0,0,32
2026-02-23,ST012,MED008,0,0,0,0,0,33
2026-02-23,ST012,MED009,13,13,0,0,12,35
2026-02-23,ST012,MED010,8,8,0,0,12,13
2026-02-23,ST012,MED011,15,15,0,6,18,41
2026-02-23,ST012,MED012,10,10,0,12,12,67
2026-02-23,ST012,MED013,5,5,0,24,0,58
2026-02-23,ST012,MED014,4,4,0,0,0,41
2026-02-23,ST012,MED015,16,16,0,48,24,63
2026-02-23,ST012,MED016,8,8,0,0,24,33
2026-02-23,ST012,MED017,13,13,0,36,12,82
2026-02-23,ST012,MED018,6,6,0,0,0,49
2026-02-23,ST012,MED019,2,2,0,0,0,26
2026-02-23,ST012,MED020,8,8,0,0,0,32
2026-02-23,ST012,MED021,11,11,0,0,12,57
2026-02-23,ST012,MED022,9,9,0,12,6,23
2026-02-23,ST012,MED023,15,15,0,12,12,46
2026-02-23,ST012,MED024,13,13,0,0,12,63
2026-02-23,ST012,MED025,6,6,0,0,0,31
2026-02-23,ST012,MED026,12,12,0,0,24,95
2026-02-23,ST012,MED027,11,11,0,0,12,40
2026-02-23,ST012,MED028,3,3,0,24,24,52
2026-02-23,ST012,MED029,9,9,0,0,24,53
2026-02-23,ST012,MED030,5,5,0,0,0,34
2026-02-23,ST013,MED001,12,12,0,24,24,83
2026-02-23,ST013,MED002,14,14,0,0,18,30
2026-02-23,ST013,MED003,4,4,0,0,0,33
2026-02-23,ST013,MED004,10,10,0,12,12,40
2026-02-23,ST013,MED005,17,17,0,0,12,41
2026-02-23,ST013,MED006,11,11,0,12,0,37
2026-02-23,ST013,MED007,3,3,0,0,0,29
2026-02-23,ST013,MED008,5,5,0,0,12,6
2026-02-23,ST013,MED009,11,11,0,12,0,62
2026-02-23,ST013,MED010,3,3,0,0,0,29
2026-02-23,ST013,MED011,12,12,0,0,12,39
2026-02-23,ST013,MED012,13,13,0,0,12,65
2026-02-23,ST013,MED013,7,7,0,0,12,33
2026-02-23,ST013,MED014,12,12,0,0,0,30
2026-02-23,ST013,MED015,17,17,0,0,0,61
2026-02-23,ST013,MED016,12,12,0,0,0,47
2026-02-23,ST013,MED017,12,12,0,12,12,59
2026-02-23,ST013,MED018,10,10,0,0,0,41
2026-02-23,ST013,MED019,2,2,0,0,0,21
2026-02-23,ST013,MED020,10,10,0,24,24,68
2026-02-23,ST013,MED021,13,13,0,30,18,48
2026-02-23,ST013,MED022,5,5,0,6,6,31
2026-02-23,ST013,MED023,10,10,0,0,12,61
2026-02-23,ST013,MED024,19,19,0,24,12,73
2026-02-23,ST013,MED025,10,10,0,12,12,33
2026-02-23,ST013,MED026,14,14,0,72,0,75
2026-02-23,ST013,MED027,17,17,0,0,12,65
2026-02-23,ST013,MED028,6,6,0,0,0,62
2026-02-23,ST013,MED029,10,10,0,24,0,65
2026-02-23,ST013,MED030,7,7,0,6,12,38
2026-02-23,ST014,MED001,5,5,0,0,0,26
2026-02-23,ST014,MED002,6,6,0,24,6,38
2026-02-23,ST014,MED003,4,4,0,24,0,24
2026-02-23,ST014,MED004,3,3,0,0,0,29
2026-02-23,ST014,MED005,10,10,0,0,12,32
2026-02-23,ST014,MED006,6,6,0,12,0,48
2026-02-23,ST014,MED007,6,6,0,0,0,9
2026-02-23,ST014,MED008,0,0,0,12,0,26
2026-02-23,ST014,MED009,4,4,0,0,0,30
2026-02-23,ST014,MED010,5,5,0,0,12,17
2026-02-23,ST014,MED011,6,6,0,0,6,33
2026-02-23,ST014,MED012,7,7,0,0,12,25
2026-02-23,ST014,MED013,5,5,0,12,0,46
2026-02-23,ST014,MED014,2,2,0,0,0,11
2026-02-23,ST014,MED015,9,9,0,24,24,33
2026-02-23,ST014,MED016,7,7,0,0,0,29
2026-02-23,ST014,MED017,10,10,0,0,12,19
2026-02-23,ST014,MED018,4,4,0,0,0,20
2026-02-23,ST014,MED019,4,4,0,0,0,36
2026-02-23,ST014,MED020,7,7,0,24,24,34
2026-02-23,ST014,MED021,7,7,0,6,6,27
2026-02-23,ST014,MED022,5,5,0,6,6,16
2026-02-23,ST014,MED023,9,9,0,24,12,37
2026-02-23,ST014,MED024,9,9,0,0,12,26
2026-02-23,ST014,MED025,7,7,0,0,12,22
2026-02-23,ST014,MED026,8,8,0,24,0,73
2026-02-23,ST014,MED027,11,11,0,0,12,26
2026-02-23,ST014,MED028,6,6,0,0,0,17
2026-02-23,ST014,MED029,6,6,0,24,24,56
2026-02-23,ST014,MED030,4,4,0,6,6,28
2026-02-23,ST015,MED001,10,10,0,0,24,35
2026-02-23,ST015,MED002,9,9,0,18,12,41
2026-02-23,ST015,MED003,3,3,0,24,0,36
2026-02-23,ST015,MED004,10,10,0,12,12,37
2026-02-23,ST015,MED005,6,6,0,12,12,47
2026-02-23,ST015,MED006,7,7,0,12,12,25
2026-02-23,ST015,MED007,7,7,0,0,24,17
2026-02-23,ST015,MED008,0,0,0,0,0,13
2026-02-23,ST015,MED009,7,7,0,0,0,47
2026-02-23,ST015,MED010,6,6,0,12,12,20
2026-02-23,ST015,MED011,5,5,0,18,0,45
2026-02-23,ST015,MED012,9,9,0,12,12,38
2026-02-23,ST015,MED013,2,2,0,0,0,35
2026-02-23,ST015,MED014,5,5,0,0,24,28
2026-02-23,ST015,MED015,8,8,0,0,0,65
2026-02-23,ST015,MED016,9,9,0,24,0,49
2026-02-23,ST015,MED017,14,14,0,0,12,19
2026-02-23,ST015,MED018,4,4,0,24,0,43
2026-02-23,ST015,MED019,4,4,0,0,0,33
2026-02-23,ST015,MED020,3,3,0,24,0,35
2026-02-23,ST015,MED021,13,13,0,6,18,43
2026-02-23,ST015,MED022,4,4,0,0,0,36
2026-02-23,ST015,MED023,9,9,0,0,0,39
2026-02-23,ST015,MED024,11,11,0,12,12,63
2026-02-23,ST015,MED025,9,9,0,0,12,19
2026-02-23,ST015,MED026,10,10,0,24,24,55
2026-02-23,ST015,MED027,9,9,0,0,12,41
2026-02-23,ST015,MED028,4,4,0,0,0,45
2026-02-23,ST015,MED029,8,8,0,0,0,39
2026-02-23,ST015,MED030,3,3,0,0,0,6
2026-02-23,ST016,MED001,8,8,0,0,0,57
2026-02-23,ST016,MED002,13,13,0,6,12,30
2026-02-23,ST016,MED003,0,0,0,24,0,42
2026-02-23,ST016,MED004,9,9,0,24,12,42
2026-02-23,ST016,MED005,9,9,0,0,0,23
2026-02-23,ST016,MED006,9,9,0,0,0,35
2026-02-23,ST016,MED007,3,3,0,0,0,11
2026-02-23,ST016,MED008,5,5,0,0,0,2
2026-02-23,ST016,MED009,7,7,0,0,12,29
2026-02-23,ST016,MED010,2,2,0,12,12,28
2026-02-23,ST016,MED011,6,6,0,6,6,36
2026-02-23,ST016,MED012,10,10,0,12,12,31
2026-02-23,ST016,MED013,1,1,0,0,0,25
2026-02-23,ST016,MED014,4,4,0,0,0,33
2026-02-23,ST016,MED015,14,14,0,0,0,70
2026-02-23,ST016,MED016,8,8,0,0,24,48
2026-02-23,ST016,MED017,13,13,0,12,12,42
2026-02-23,ST016,MED018,6,6,0,0,0,29
2026-02-23,ST016,MED019,0,0,0,0,0,26
2026-02-23,ST016,MED020,11,11,0,0,24,42
2026-02-23,ST016,MED021,6,6,0,12,6,46
2026-02-23,ST016,MED022,8,8,0,0,12,31
2026-02-23,ST016,MED023,11,11,0,12,24,42
2026-02-23,ST016,MED024,12,12,0,12,12,43
2026-02-23,ST016,MED025,4,4,0,12,0,31
2026-02-23,ST016,MED026,14,14,0,0,0,40
2026-02-23,ST016,MED027,9,9,0,24,12,43
2026-02-23,ST016,MED028,7,7,0,0,0,25
2026-02-23,ST016,MED029,9,9,0,24,24,60
2026-02-23,ST016,MED030,4,4,0,6,0,21
2026-02-23,ST017,MED001,10,10,0,0,24,55
2026-02-23,ST017,MED002,12,12,0,0,12,42
2026-02-23,ST017,MED003,2,2,0,0,0,39
2026-02-23,ST017,MED004,10,10,0,36,12,56
2026-02-23,ST017,MED005,12,12,0,12,12,49
2026-02-23,ST017,MED006,10,10,0,0,0,33
2026-02-23,ST017,MED007,0,0,0,0,0,40
2026-02-23,ST017,MED008,3,3,0,0,0,19
2026-02-23,ST017,MED009,18,18,0,0,12,42
2026-02-23,ST017,MED010,6,6,0,0,12,12
2026-02-23,ST017,MED011,8,8,0,18,6,59
2026-02-23,ST017,MED012,15,15,0,0,12,13
2026-02-23,ST017,MED013,8,8,0,24,12,42
2026-02-23,ST017,MED014,1,1,0,0,0,43
2026-02-23,ST017,MED015,12,12,0,0,24,42
2026-02-23,ST017,MED016,6,6,0,24,0,31
2026-02-23,ST017,MED017,9,9,0,24,12,48
2026-02-23,ST017,MED018,3,3,0,0,24,20
2026-02-23,ST017,MED019,1,1,0,0,0,25
2026-02-23,ST017,MED020,9,9,0,0,0,9
2026-02-23,ST017,MED021,11,11,0,0,12,55
2026-02-23,ST017,MED022,8,8,0,0,6,22
2026-02-23,ST017,MED023,12,12,0,0,12,21
2026-02-23,ST017,MED024,12,12,0,0,24,48
2026-02-23,ST017,MED025,6,6,0,12,0,29
2026-02-23,ST017,MED026,8,8,0,48,0,87
2026-02-23,ST017,MED027,14,14,0,24,12,52
2026-02-23,ST017,MED028,8,8,0,24,24,43
2026-02-23,ST017,MED029,6,6,0,0,24,61
2026-02-23,ST017,MED030,4,4,0,6,0,28
2026-02-23,ST018,MED001,12,12,0,48,0,73
2026-02-23,ST018,MED002,13,13,0,0,12,55
2026-02-23,ST018,MED003,0,0,0,0,0,26
2026-02-23,ST018,MED004,6,6,0,0,12,47
2026-02-23,ST018,MED005,14,14,0,12,12,41
2026-02-23,ST018,MED006,12,12,0,36,12,65
2026-02-23,ST018,MED007,2,2,0,0,0,38
2026-02-23,ST018,MED008,2,2,0,0,0,13
2026-02-23,ST018,MED009,9,9,0,12,0,67
2026-02-23,ST018,MED010,7,7,0,12,12,26
2026-02-23,ST018,MED011,11,11,0,0,12,44
2026-02-23,ST018,MED012,10,10,0,24,0,70
2026-02-23,ST018,MED013,9,9,0,0,12,39
2026-02-23,ST018,MED014,7,7,0,0,0,32
2026-02-23,ST018,MED015,13,13,0,0,0,82
2026-02-23,ST018,MED016,6,6,0,24,0,60
2026-02-23,ST018,MED017,13,13,0,24,12,60
2026-02-23,ST018,MED018,7,7,0,0,0,15
2026-02-23,ST018,MED019,5,5,0,0,0,19
2026-02-23,ST018,MED020,13,13,0,0,24,46
2026-02-23,ST018,MED021,12,12,0,48,12,62
2026-02-23,ST018,MED022,8,8,0,6,6,31
2026-02-23,ST018,MED023,17,17,0,0,12,19
2026-02-23,ST018,MED024,11,11,0,12,12,61
2026-02-23,ST018,MED025,7,7,0,12,12,36
2026-02-23,ST018,MED026,14,14,0,0,0,29
2026-02-23,ST018,MED027,18,18,0,12,24,33
2026-02-23,ST018,MED028,5,5,0,0,0,43
2026-02-23,ST018,MED029,11,11,0,0,24,44
2026-02-23,ST018,MED030,6,6,0,6,6,17
2026-02-23,ST019,MED001,25,25,0,0,24,56
2026-02-23,ST019,MED002,25,25,0,0,36,22
2026-02-23,ST019,MED003,1,1,0,24,0,46
2026-02-23,ST019,MED004,9,9,0,12,12,34
2026-02-23,ST019,MED005,14,14,0,0,12,65
2026-02-23,ST019,MED006,10,10,0,24,0,61
2026-02-23,ST019,MED007,2,2,0,0,0,17
2026-02-23,ST019,MED008,4,4,0,0,0,12
2026-02-23,ST019,MED009,13,13,0,0,12,54
2026-02-23,ST019,MED010,3,3,0,0,0,26
2026-02-23,ST019,MED011,14,14,0,18,18,57
2026-02-23,ST019,MED012,12,12,0,24,12,60
2026-02-23,ST019,MED013,7,7,0,0,12,25
2026-02-23,ST019,MED014,5,5,0,0,0,20
2026-02-23,ST019,MED015,13,13,0,0,0,43
2026-02-23,ST019,MED016,3,3,0,24,0,55
2026-02-23,ST019,MED017,12,12,0,0,12,41
2026-02-23,ST019,MED018,10,10,0,24,24,51
2026-02-23,ST019,MED019,1,1,0,0,0,28
2026-02-23,ST019,MED020,5,5,0,24,0,47
2026-02-23,ST019,MED021,15,15,0,30,18,60
2026-02-23,ST019,MED022,11,11,0,6,12,38
2026-02-23,ST019,MED023,13,13,0,12,12,42
2026-02-23,ST019,MED024,12,12,0,24,12,75
2026-02-23,ST019,MED025,7,7,0,0,0,21
2026-02-23,ST019,MED026,16,16,0,24,24,67
2026-02-23,ST019,MED027,18,18,0,12,24,51
2026-02-23,ST019,MED028,7,7,0,0,0,42
2026-02-23,ST019,MED029,11,11,0,24,0,65
2026-02-23,ST019,MED030,4,4,0,6,0,27
2026-02-23,ST020,MED001,11,11,0,0,0,78
2026-02-23,ST020,MED002,12,12,0,0,12,48
2026-02-23,ST020,MED003,2,2,0,24,0,36
2026-02-23,ST020,MED004,12,12,0,48,12,68
2026-02-23,ST020,MED005,17,17,0,0,12,44
2026-02-23,ST020,MED006,14,14,0,0,12,39
2026-02-23,ST020,MED007,5,5,0,0,0,15
2026-02-23,ST020,MED008,6,6,0,0,0,17
2026-02-23,ST020,MED009,16,16,0,0,24,48
2026-02-23,ST020,MED010,6,6,0,0,12,26
2026-02-23,ST020,MED011,14,14,0,30,12,52
2026-02-23,ST020,MED012,12,12,0,24,12,59
2026-02-23,ST020,MED013,11,11,0,12,12,30
2026-02-23,ST020,MED014,8,8,0,0,0,35
2026-02-23,ST020,MED015,15,15,0,0,24,27
2026-02-23,ST020,MED016,9,9,0,0,0,26
2026-02-23,ST020,MED017,17,17,0,12,24,42
2026-02-23,ST020,MED018,6,6,0,0,24,29
2026-02-23,ST020,MED019,5,5,0,0,0,39
2026-02-23,ST020,MED020,7,7,0,24,0,55
2026-02-23,ST020,MED021,17,17,0,36,18,65
2026-02-23,ST020,MED022,9,9,0,0,12,45
2026-02-23,ST020,MED023,15,15,0,0,24,18
2026-02-23,ST020,MED024,13,13,0,12,12,53
2026-02-23,ST020,MED025,10,10,0,12,0,16
2026-02-23,ST020,MED026,16,16,0,24,0,40
2026-02-23,ST020,MED027,15,15,0,0,12,50
2026-02-23,ST020,MED028,9,9,0,0,24,35
2026-02-23,ST020,MED029,10,10,0,0,0,39
2026-02-23,ST020,MED030,4,4,0,0,0,27
2026-02-23,ST021,MED001,11,11,0,0,0,48
2026-02-23,ST021,MED002,7,7,0,12,12,39
2026-02-23,ST021,MED003,7,7,0,0,0,2
2026-02-23,ST021,MED004,7,7,0,0,0,29
2026-02-23,ST021,MED005,9,9,0,12,12,38
2026-02-23,ST021,MED006,11,11,0,0,12,32
2026-02-23,ST021,MED007,0,0,0,0,0,30
2026-02-23,ST021,MED008,3,3,0,0,0,31
2026-02-23,ST021,MED009,9,9,0,24,12,54
2026-02-23,ST021,MED010,1,1,0,0,0,20
2026-02-23,ST021,MED011,8,8,0,18,6,44
2026-02-23,ST021,MED012,9,9,0,24,12,39
2026-02-23,ST021,MED013,5,5,0,0,0,19
2026-02-23,ST021,MED014,5,5,0,0,24,32
2026-02-23,ST021,MED015,9,9,0,0,24,52
2026-02-23,ST021,MED016,6,6,0,0,24,38
2026-02-23,ST021,MED017,8,8,0,0,12,29
2026-02-23,ST021,MED018,1,1,0,0,0,29
2026-02-23,ST021,MED019,3,3,0,0,0,23
2026-02-23,ST021,MED020,9,9,0,24,0,28
2026-02-23,ST021,MED021,10,10,0,0,12,20
2026-02-23,ST021,MED022,3,3,0,0,0,24
2026-02-23,ST021,MED023,7,7,0,12,12,53
2026-02-23,ST021,MED024,11,11,0,24,12,51
2026-02-23,ST021,MED025,2,2,0,0,12,22
2026-02-23,ST021,MED026,5,5,0,24,0,49
2026-02-23,ST021,MED027,7,7,0,0,12,33
2026-02-23,ST021,MED028,4,4,0,0,0,34
2026-02-23,ST021,MED029,6,6,0,0,0,34
2026-02-23,ST021,MED030,6,6,0,6,6,22
2026-02-23,ST022,MED001,9,9,0,24,24,66
2026-02-23,ST022,MED002,13,13,0,6,18,21
2026-02-23,ST022,MED003,0,0,0,0,0,17
2026-02-23,ST022,MED004,6,6,0,0,0,31
2026-02-23,ST022,MED005,7,7,0,0,12,41
2026-02-23,ST022,MED006,8,8,0,12,12,31
2026-02-23,ST022,MED007,3,3,0,0,0,38
2026-02-23,ST022,MED008,4,4,0,0,12,22
2026-02-23,ST022,MED009,9,9,0,0,12,38
2026-02-23,ST022,MED010,1,1,0,0,0,18
2026-02-23,ST022,MED011,8,8,0,0,12,36
2026-02-23,ST022,MED012,10,10,0,12,12,37
2026-02-23,ST022,MED013,7,7,0,0,0,13
2026-02-23,ST022,MED014,2,2,0,0,24,30
2026-02-23,ST022,MED015,10,10,0,24,0,61
2026-02-23,ST022,MED016,7,7,0,0,0,27
2026-02-23,ST022,MED017,9,9,0,0,12,52
2026-02-23,ST022,MED018,3,3,0,0,0,24
2026-02-23,ST022,MED019,1,1,0,0,0,26
2026-02-23,ST022,MED020,2,2,0,24,0,48
2026-02-23,ST022,MED021,8,8,0,6,12,42
2026-02-23,ST022,MED022,13,13,0,0,18,14
2026-02-23,ST022,MED023,13,13,0,12,12,44
2026-02-23,ST022,MED024,10,10,0,12,0,61
2026-02-23,ST022,MED025,2,2,0,12,0,33
2026-02-23,ST022,MED026,10,10,0,0,24,42
2026-02-23,ST022,MED027,12,12,0,0,12,55
2026-02-23,ST022,MED028,6,5,1,0,0,0
2026-02-23,ST022,MED029,6,6,0,0,0,46
2026-02-23,ST022,MED030,9,9,0,6,12,9
2026-02-23,ST023,MED001,9,9,0,24,0,45
2026-02-23,ST023,MED002,10,10,0,24,6,45
2026-02-23,ST023,MED003,3,3,0,0,0,37
2026-02-23,ST023,MED004,7,7,0,12,0,14
2026-02-23,ST023,MED005,8,8,0,0,0,19
2026-02-23,ST023,MED006,8,8,0,12,0,33
2026-02-23,ST023,MED007,4,4,0,0,0,29
2026-02-23,ST023,MED008,2,2,0,0,12,10
2026-02-23,ST023,MED009,10,10,0,36,12,32
2026-02-23,ST023,MED010,3,3,0,0,12,20
2026-02-23,ST023,MED011,15,15,0,24,12,35
2026-02-23,ST023,MED012,13,13,0,0,12,24
2026-02-23,ST023,MED013,5,5,0,0,0,20
2026-02-23,ST023,MED014,4,4,0,0,24,17
2026-02-23,ST023,MED015,8,8,0,0,24,28
2026-02-23,ST023,MED016,8,8,0,24,24,43
2026-02-23,ST023,MED017,10,10,0,0,12,33
2026-02-23,ST023,MED018,10,10,0,0,24,17
2026-02-23,ST023,MED019,8,8,0,24,0,30
2026-02-23,ST023,MED020,5,5,0,24,0,26
2026-02-23,ST023,MED021,10,10,0,12,12,46
2026-02-23,ST023,MED022,9,9,0,12,12,39
2026-02-23,ST023,MED023,7,7,0,0,0,58
2026-02-23,ST023,MED024,10,10,0,12,12,71
2026-02-23,ST023,MED025,3,3,0,12,0,38
2026-02-23,ST023,MED026,9,9,0,0,24,55
2026-02-23,ST023,MED027,12,12,0,0,12,44
2026-02-23,ST023,MED028,9,9,0,0,0,53
2026-02-23,ST023,MED029,10,10,0,24,24,60
2026-02-23,ST023,MED030,1,1,0,6,0,21
2026-02-23,ST024,MED001,21,21,0,24,24,48
2026-02-23,ST024,MED002,12,12,0,0,12,36
2026-02-23,ST024,MED003,3,3,0,24,0,31
2026-02-23,ST024,MED004,9,9,0,12,12,29
2026-02-23,ST024,MED005,11,11,0,0,12,15
2026-02-23,ST024,MED006,13,13,0,12,12,50
2026-02-23,ST024,MED007,3,3,0,0,0,18
2026-02-23,ST024,MED008,3,3,0,0,0,21
2026-02-23,ST024,MED009,9,9,0,0,0,29
2026-02-23,ST024,MED010,4,4,0,0,0,28
2026-02-23,ST024,MED011,14,14,0,12,12,58
2026-02-23,ST024,MED012,10,10,0,0,12,32
2026-02-23,ST024,MED013,8,8,0,0,12,17
2026-02-23,ST024,MED014,5,5,0,24,0,53
2026-02-23,ST024,MED015,11,11,0,24,0,55
2026-02-23,ST024,MED016,6,6,0,0,0,36
2026-02-23,ST024,MED017,11,11,0,0,12,38
2026-02-23,ST024,MED018,9,9,0,0,24,27
2026-02-23,ST024,MED019,5,5,0,0,24,20
2026-02-23,ST024,MED020,12,12,0,0,24,44
2026-02-23,ST024,MED021,11,11,0,0,18,37
2026-02-23,ST024,MED022,7,7,0,30,6,43
2026-02-23,ST024,MED023,12,12,0,24,12,55
2026-02-23,ST024,MED024,13,13,0,12,12,65
2026-02-23,ST024,MED025,7,7,0,12,12,20
2026-02-23,ST024,MED026,14,14,0,48,24,72
2026-02-23,ST024,MED027,13,13,0,0,12,50
2026-02-23,ST024,MED028,1,1,0,0,0,48
2026-02-23,ST024,MED029,9,9,0,24,24,51
2026-02-23,ST024,MED030,3,3,0,12,6,23
2026-02-23,ST025,MED001,10,10,0,0,0,67
2026-02-23,ST025,MED002,12,12,0,30,6,49
2026-02-23,ST025,MED003,4,4,0,0,0,26
2026-02-23,ST025,MED004,11,11,0,12,12,39
2026-02-23,ST025,MED005,16,16,0,12,24,43
2026-02-23,ST025,MED006,10,10,0,12,12,49
2026-02-23,ST025,MED007,5,5,0,0,0,15
2026-02-23,ST025,MED008,6,6,0,0,12,26
2026-02-23,ST025,MED009,9,9,0,24,0,56
2026-02-23,ST025,MED010,2,2,0,0,0,17
2026-02-23,ST025,MED011,15,15,0,0,12,44
2026-02-23,ST025,MED012,13,13,0,0,12,42
2026-02-23,ST025,MED013,12,12,0,0,12,28
2026-02-23,ST025,MED014,5,5,0,0,0,51
2026-02-23,ST025,MED015,14,14,0,48,0,77
2026-02-23,ST025,MED016,13,13,0,0,24,37
2026-02-23,ST025,MED017,14,14,0,0,12,32
2026-02-23,ST025,MED018,7,7,0,0,0,30
2026-02-23,ST025,MED019,1,1,0,0,0,23
2026-02-23,ST025,MED020,8,8,0,0,0,34
2026-02-23,ST025,MED021,12,12,0,18,18,42
2026-02-23,ST025,MED022,9,9,0,6,6,46
2026-02-23,ST025,MED023,13,13,0,0,12,53
2026-02-23,ST025,MED024,13,13,0,0,12,52
2026-02-23,ST025,MED025,4,4,0,12,0,38
2026-02-23,ST025,MED026,13,13,0,0,0,48
2026-02-23,ST025,MED027,11,11,0,0,12,41
2026-02-23,ST025,MED028,5,5,0,0,0,36
2026-02-23,ST025,MED029,7,7,0,24,0,30
2026-02-23,ST025,MED030,4,4,0,12,6,27
2026-02-23,ST026,MED001,10,10,0,0,0,55
2026-02-23,ST026,MED002,15,15,0,18,12,56
2026-02-23,ST026,MED003,5,5,0,0,0,29
2026-02-23,ST026,MED004,8,8,0,12,12,58
2026-02-23,ST026,MED005,14,14,0,12,12,56
2026-02-23,ST026,MED006,14,14,0,0,12,52
2026-02-23,ST026,MED007,0,0,0,0,0,37
2026-02-23,ST026,MED008,3,3,0,12,0,26
2026-02-23,ST026,MED009,14,14,0,12,12,45
2026-02-23,ST026,MED010,4,4,0,0,0,22
2026-02-23,ST026,MED011,12,12,0,12,12,64
2026-02-23,ST026,MED012,12,12,0,24,12,66
2026-02-23,ST026,MED013,10,10,0,0,0,39
2026-02-23,ST026,MED014,5,5,0,0,0,31
2026-02-23,ST026,MED015,10,10,0,0,24,78
2026-02-23,ST026,MED016,5,5,0,24,0,45
2026-02-23,ST026,MED017,13,13,0,12,12,51
2026-02-23,ST026,MED018,9,9,0,0,0,56
2026-02-23,ST026,MED019,3,3,0,0,0,19
2026-02-23,ST026,MED020,7,7,0,0,0,47
2026-02-23,ST026,MED021,16,16,0,12,12,41
2026-02-23,ST026,MED022,4,4,0,0,6,35
2026-02-23,ST026,MED023,14,14,0,0,12,33
2026-02-23,ST026,MED024,15,15,0,12,12,76
2026-02-23,ST026,MED025,8,8,0,0,12,28
2026-02-23,ST026,MED026,11,11,0,0,0,35
2026-02-23,ST026,MED027,15,15,0,0,12,23
2026-02-23,ST026,MED028,7,7,0,0,24,30
2026-02-23,ST026,MED029,12,12,0,0,0,62
2026-02-23,ST026,MED030,7,7,0,0,12,31
2026-02-23,ST027,MED001,12,12,0,0,24,45
2026-02-23,ST027,MED002,16,16,0,36,18,80
2026-02-23,ST027,MED003,4,4,0,0,0,17
2026-02-23,ST027,MED004,11,11,0,0,12,32
2026-02-23,ST027,MED005,17,17,0,12,24,37
2026-02-23,ST027,MED006,12,12,0,0,12,61
2026-02-23,ST027,MED007,5,5,0,0,0,30
2026-02-23,ST027,MED008,2,2,0,12,0,29
2026-02-23,ST027,MED009,13,13,0,0,24,53
2026-02-23,ST027,MED010,6,6,0,12,12,20
2026-02-23,ST027,MED011,14,14,0,0,12,28
2026-02-23,ST027,MED012,12,12,0,24,12,81
2026-02-23,ST027,MED013,10,10,0,0,12,30
2026-02-23,ST027,MED014,3,3,0,0,0,30
2026-02-23,ST027,MED015,12,12,0,48,24,78
2026-02-23,ST027,MED016,5,5,0,24,0,63
2026-02-23,ST027,MED017,13,13,0,36,12,62
2026-02-23,ST027,MED018,9,9,0,24,0,59
2026-02-23,ST027,MED019,0,0,0,0,0,29
2026-02-23,ST027,MED020,12,12,0,0,0,56
2026-02-23,ST027,MED021,16,16,0,12,18,51
2026-02-23,ST027,MED022,11,11,0,6,6,28
2026-02-23,ST027,MED023,12,12,0,0,12,53
2026-02-23,ST027,MED024,15,15,0,24,12,43
2026-02-23,ST027,MED025,8,8,0,12,12,41
2026-02-23,ST027,MED026,14,14,0,0,0,59
2026-02-23,ST027,MED027,16,16,0,0,24,62
2026-02-23,ST027,MED028,6,6,0,0,0,40
2026-02-23,ST027,MED029,21,21,0,24,24,41
2026-02-23,ST027,MED030,8,8,0,12,6,27
2026-02-23,ST028,MED001,13,13,0,0,0,13
2026-02-23,ST028,MED002,9,9,0,6,6,15
2026-02-23,ST028,MED003,4,4,0,0,0,29
2026-02-23,ST028,MED004,8,8,0,0,12,21
2026-02-23,ST028,MED005,6,6,0,0,0,16
2026-02-23,ST028,MED006,6,6,0,0,0,39
2026-02-23,ST028,MED007,3,3,0,24,0,28
2026-02-23,ST028,MED008,4,4,0,0,0,9
2026-02-23,ST028,MED009,5,5,0,12,0,30
2026-02-23,ST028,MED010,6,6,0,0,12,20
2026-02-23,ST028,MED011,9,9,0,6,6,26
2026-02-23,ST028,MED012,8,8,0,0,12,36
2026-02-23,ST028,MED013,3,3,0,0,0,28
2026-02-23,ST028,MED014,4,4,0,0,0,28
2026-02-23,ST028,MED015,9,9,0,0,24,32
2026-02-23,ST028,MED016,7,7,0,24,0,42
2026-02-23,ST028,MED017,7,7,0,0,12,32
2026-02-23,ST028,MED018,5,5,0,0,24,9
2026-02-23,ST028,MED019,3,3,0,0,0,12
2026-02-23,ST028,MED020,4,4,0,0,0,27
2026-02-23,ST028,MED021,5,5,0,0,0,18
2026-02-23,ST028,MED022,3,3,0,0,0,30
2026-02-23,ST028,MED023,6,6,0,12,0,40
2026-02-23,ST028,MED024,11,11,0,12,12,31
2026-02-23,ST028,MED025,3,3,0,24,12,32
2026-02-23,ST028,MED026,10,10,0,0,0,27
2026-02-23,ST028,MED027,6,6,0,0,0,18
2026-02-23,ST028,MED028,6,6,0,0,24,47
2026-02-23,ST028,MED029,6,6,0,0,24,43
2026-02-23,ST028,MED030,3,3,0,6,0,20
2026-02-23,ST029,MED001,2,2,0,0,0,54
2026-02-23,ST029,MED002,8,8,0,18,6,38
2026-02-23,ST029,MED003,4,4,0,0,0,30
2026-02-23,ST029,MED004,7,7,0,12,12,33
2026-02-23,ST029,MED005,7,7,0,12,0,37
2026-02-23,ST029,MED006,10,10,0,0,12,26
2026-02-23,ST029,MED007,1,1,0,0,0,10
2026-02-23,ST029,MED008,0,0,0,0,0,18
2026-02-23,ST029,MED009,3,3,0,12,0,48
2026-02-23,ST029,MED010,2,2,0,0,0,4
2026-02-23,ST029,MED011,11,11,0,18,12,32
2026-02-23,ST029,MED012,10,10,0,0,12,31
2026-02-23,ST029,MED013,7,7,0,0,12,18
2026-02-23,ST029,MED014,0,0,0,0,0,17
2026-02-23,ST029,MED015,9,9,0,0,0,32
2026-02-23,ST029,MED016,6,6,0,48,0,42
2026-02-23,ST029,MED017,11,11,0,12,0,30
2026-02-23,ST029,MED018,4,4,0,0,0,24
2026-02-23,ST029,MED019,0,0,0,0,0,33
2026-02-23,ST029,MED020,4,4,0,0,0,45
2026-02-23,ST029,MED021,11,11,0,0,12,29
2026-02-23,ST029,MED022,3,3,0,12,0,25
2026-02-23,ST029,MED023,9,9,0,0,12,23
2026-02-23,ST029,MED024,14,14,0,0,12,40
2026-02-23,ST029,MED025,2,2,0,12,12,14
2026-02-23,ST029,MED026,10,10,0,0,24,66
2026-02-23,ST029,MED027,13,13,0,0,24,36
2026-02-23,ST029,MED028,8,8,0,0,0,23
2026-02-23,ST029,MED029,7,7,0,0,0,47
2026-02-23,ST029,MED030,4,4,0,6,6,19
2026-02-23,ST030,MED001,15,15,0,24,24,27
2026-02-23,ST030,MED002,13,13,0,24,12,57
2026-02-23,ST030,MED003,0,0,0,0,0,19
2026-02-23,ST030,MED004,8,8,0,0,12,22
2026-02-23,ST030,MED005,10,10,0,0,12,25
2026-02-23,ST030,MED006,7,7,0,0,0,37
2026-02-23,ST030,MED007,3,3,0,24,0,34
2026-02-23,ST030,MED008,3,3,0,24,0,36
2026-02-23,ST030,MED009,9,9,0,12,12,26
2026-02-23,ST030,MED010,5,5,0,0,0,18
2026-02-23,ST030,MED011,10,10,0,0,12,9
2026-02-23,ST030,MED012,13,13,0,0,12,39
2026-02-23,ST030,MED013,7,7,0,24,12,39
2026-02-23,ST030,MED014,6,6,0,0,24,31
2026-02-23,ST030,MED015,10,10,0,0,24,52
2026-02-23,ST030,MED016,6,6,0,0,0,43
2026-02-23,ST030,MED017,12,12,0,0,12,27
2026-02-23,ST030,MED018,4,4,0,24,0,50
2026-02-23,ST030,MED019,8,8,0,24,0,37
2026-02-23,ST030,MED020,5,5,0,0,0,33
2026-02-23,ST030,MED021,10,10,0,6,12,22
2026-02-23,ST030,MED022,6,6,0,18,6,36
2026-02-23,ST030,MED023,10,10,0,24,12,41
2026-02-23,ST030,MED024,12,12,0,12,12,35
2026-02-23,ST030,MED025,3,3,0,0,0,28
2026-02-23,ST030,MED026,9,9,0,24,0,36
2026-02-23,ST030,MED027,9,9,0,0,12,40
2026-02-23,ST030,MED028,6,6,0,0,0,27
2026-02-23,ST030,MED029,8,8,0,24,0,32
2026-02-23,ST030,MED030,4,4,0,0,6,32
2026-02-23,ST031,MED001,12,12,0,0,24,45
2026-02-23,ST031,MED002,11,11,0,6,6,43
2026-02-23,ST031,MED003,0,0,0,0,0,44
2026-02-23,ST031,MED004,8,8,0,0,12,29
2026-02-23,ST031,MED005,11,11,0,0,12,51
2026-02-23,ST031,MED006,10,10,0,0,12,28
2026-02-23,ST031,MED007,1,1,0,0,0,31
2026-02-23,ST031,MED008,3,3,0,0,0,8
2026-02-23,ST031,MED009,10,10,0,0,12,36
2026-02-23,ST031,MED010,3,3,0,0,0,29
2026-02-23,ST031,MED011,7,7,0,0,6,42
2026-02-23,ST031,MED012,16,16,0,0,12,16
2026-02-23,ST031,MED013,8,8,0,0,12,15
2026-02-23,ST031,MED014,7,7,0,0,24,5
2026-02-23,ST031,MED015,16,16,0,24,0,72
2026-02-23,ST031,MED016,5,5,0,0,0,34
2026-02-23,ST031,MED017,8,8,0,12,0,63
2026-02-23,ST031,MED018,5,5,0,24,0,51
2026-02-23,ST031,MED019,7,7,0,0,0,17
2026-02-23,ST031,MED020,6,6,0,0,0,45
2026-02-23,ST031,MED021,8,8,0,0,6,48
2026-02-23,ST031,MED022,6,6,0,6,6,12
2026-02-23,ST031,MED023,13,13,0,24,12,59
2026-02-23,ST031,MED024,11,11,0,0,0,48
2026-02-23,ST031,MED025,7,7,0,0,12,24
2026-02-23,ST031,MED026,11,11,0,0,24,41
2026-02-23,ST031,MED027,15,15,0,0,24,42
2026-02-23,ST031,MED028,6,6,0,0,0,40
2026-02-23,ST031,MED029,7,7,0,0,0,40
2026-02-23,ST031,MED030,4,4,0,0,6,12
2026-02-23,ST032,MED001,14,14,0,24,24,45
2026-02-23,ST032,MED002,15,15,0,0,18,37
2026-02-23,ST032,MED003,5,5,0,0,0,45
2026-02-23,ST032,MED004,11,11,0,12,12,32
2026-02-23,ST032,MED005,14,14,0,48,12,70
2026-02-23,ST032,MED006,14,14,0,0,12,53
2026-02-23,ST032,MED007,3,3,0,0,0,36
2026-02-23,ST032,MED008,3,3,0,12,0,22
2026-02-23,ST032,MED009,8,8,0,0,0,51
2026-02-23,ST032,MED010,7,7,0,12,0,44
2026-02-23,ST032,MED011,13,13,0,24,18,50
2026-02-23,ST032,MED012,11,11,0,12,12,20
2026-02-23,ST032,MED013,5,5,0,0,12,24
2026-02-23,ST032,MED014,4,4,0,24,0,47
2026-02-23,ST032,MED015,15,15,0,0,0,52
2026-02-23,ST032,MED016,6,6,0,0,0,47
2026-02-23,ST032,MED017,13,13,0,0,12,32
2026-02-23,ST032,MED018,8,8,0,0,0,12
2026-02-23,ST032,MED019,1,1,0,0,0,33
2026-02-23,ST032,MED020,7,7,0,0,24,51
2026-02-23,ST032,MED021,8,8,0,6,6,40
2026-02-23,ST032,MED022,11,11,0,18,6,37
2026-02-23,ST032,MED023,12,12,0,36,12,53
2026-02-23,ST032,MED024,10,10,0,0,12,47
2026-02-23,ST032,MED025,5,5,0,0,12,44
2026-02-23,ST032,MED026,9,9,0,0,24,91
2026-02-23,ST032,MED027,15,15,0,12,12,46
2026-02-23,ST032,MED028,6,6,0,0,24,44
2026-02-23,ST032,MED029,8,8,0,24,0,61
2026-02-23,ST032,MED030,8,8,0,6,6,1
2026-02-23,ST033,MED001,16,16,0,0,24,46
2026-02-23,ST033,MED002,13,13,0,42,12,77
2026-02-23,ST033,MED003,4,4,0,0,24,27
2026-02-23,ST033,MED004,10,10,0,12,12,58
2026-02-23,ST033,MED005,15,15,0,24,24,34
2026-02-23,ST033,MED006,9,9,0,0,12,50
2026-02-23,ST033,MED007,7,7,0,24,24,25
2026-02-23,ST033,MED008,2,2,0,12,0,32
2026-02-23,ST033,MED009,10,10,0,24,12,61
2026-02-23,ST033,MED010,5,5,0,12,0,33
2026-02-23,ST033,MED011,14,14,0,30,18,52
2026-02-23,ST033,MED012,13,13,0,36,12,65
2026-02-23,ST033,MED013,7,7,0,0,0,38
2026-02-23,ST033,MED014,4,4,0,24,0,50
2026-02-23,ST033,MED015,16,16,0,0,0,57
2026-02-23,ST033,MED016,8,8,0,0,24,29
2026-02-23,ST033,MED017,11,11,0,0,12,46
2026-02-23,ST033,MED018,7,7,0,24,24,30
2026-02-23,ST033,MED019,6,6,0,0,0,24
2026-02-23,ST033,MED020,8,8,0,0,24,37
2026-02-23,ST033,MED021,10,10,0,18,12,52
2026-02-23,ST033,MED022,11,11,0,18,12,38
2026-02-23,ST033,MED023,13,13,0,24,12,68
2026-02-23,ST033,MED024,14,14,0,0,12,26
2026-02-23,ST033,MED025,7,7,0,24,0,38
2026-02-23,ST033,MED026,14,14,0,24,0,68
2026-02-23,ST033,MED027,16,16,0,12,24,49
2026-02-23,ST033,MED028,9,9,0,0,0,35
2026-02-23,ST033,MED029,10,10,0,0,0,32
2026-02-23,ST033,MED030,4,4,0,12,6,20
2026-02-23,ST034,MED001,13,13,0,24,24,93
2026-02-23,ST034,MED002,14,14,0,0,12,33
2026-02-23,ST034,MED003,4,4,0,0,24,30
2026-02-23,ST034,MED004,8,8,0,12,12,55
2026-02-23,ST034,MED005,15,15,0,12,12,30
2026-02-23,ST034,MED006,12,12,0,36,12,73
2026-02-23,ST034,MED007,0,0,0,0,0,47
2026-02-23,ST034,MED008,5,5,0,0,0,21
2026-02-23,ST034,MED009,12,12,0,24,12,60
2026-02-23,ST034,MED010,2,2,0,0,0,33
2026-02-23,ST034,MED011,12,12,0,6,12,33
2026-02-23,ST034,MED012,13,13,0,12,12,59
2026-02-23,ST034,MED013,13,13,0,36,24,44
2026-02-23,ST034,MED014,6,6,0,0,0,28
2026-02-23,ST034,MED015,18,18,0,24,0,69
2026-02-23,ST034,MED016,9,9,0,24,0,29
2026-02-23,ST034,MED017,14,14,0,12,12,55
2026-02-23,ST034,MED018,10,10,0,24,0,63
2026-02-23,ST034,MED019,5,5,0,24,0,36
2026-02-23,ST034,MED020,3,3,0,0,0,69
2026-02-23,ST034,MED021,17,17,0,0,18,31
2026-02-23,ST034,MED022,11,11,0,0,12,28
2026-02-23,ST034,MED023,12,12,0,0,12,41
2026-02-23,ST034,MED024,14,14,0,0,12,48
2026-02-23,ST034,MED025,9,9,0,0,12,33
2026-02-23,ST034,MED026,18,18,0,0,0,63
2026-02-23,ST034,MED027,16,16,0,0,24,29
2026-02-23,ST034,MED028,8,8,0,0,0,43
2026-02-23,ST034,MED029,11,11,0,0,0,65
2026-02-23,ST034,MED030,10,10,0,6,12,18
2026-02-23,ST035,MED001,11,11,0,0,24,39
2026-02-23,ST035,MED002,7,7,0,6,0,36
2026-02-23,ST035,MED003,2,2,0,0,0,10
2026-02-23,ST035,MED004,6,6,0,12,12,39
2026-02-23,ST035,MED005,7,7,0,12,0,44
2026-02-23,ST035,MED006,7,7,0,0,12,31
2026-02-23,ST035,MED007,3,3,0,0,0,29
2026-02-23,ST035,MED008,4,4,0,0,12,13
2026-02-23,ST035,MED009,10,10,0,0,12,13
2026-02-23,ST035,MED010,4,4,0,12,0,28
2026-02-23,ST035,MED011,15,15,0,30,18,31
2026-02-23,ST035,MED012,6,6,0,24,12,52
2026-02-23,ST035,MED013,7,7,0,0,0,15
2026-02-23,ST035,MED014,0,0,0,0,0,30
2026-02-23,ST035,MED015,9,9,0,0,24,32
2026-02-23,ST035,MED016,3,3,0,0,0,36
2026-02-23,ST035,MED017,5,5,0,24,0,46
2026-02-23,ST035,MED018,4,4,0,0,0,22
2026-02-23,ST035,MED019,4,4,0,0,0,8
2026-02-23,ST035,MED020,8,8,0,0,0,35
2026-02-23,ST035,MED021,7,7,0,18,0,43
2026-02-23,ST035,MED022,2,2,0,0,6,25
2026-02-23,ST035,MED023,10,10,0,12,12,40
2026-02-23,ST035,MED024,10,10,0,0,12,43
2026-02-23,ST035,MED025,2,2,0,0,0,27
2026-02-23,ST035,MED026,7,7,0,0,0,56
2026-02-23,ST035,MED027,8,8,0,0,12,29
2026-02-23,ST035,MED028,5,5,0,0,0,36
2026-02-23,ST035,MED029,3,3,0,24,0,51
2026-02-23,ST035,MED030,3,3,0,0,6,25
2026-02-23,ST036,MED001,8,8,0,0,24,44
2026-02-23,ST036,MED002,10,10,0,24,12,36
2026-02-23,ST036,MED003,5,5,0,0,0,21
2026-02-23,ST036,MED004,10,10,0,0,12,30
2026-02-23,ST036,MED005,6,6,0,12,12,39
2026-02-23,ST036,MED006,7,7,0,0,12,27
2026-02-23,ST036,MED007,1,1,0,0,0,37
2026-02-23,ST036,MED008,0,0,0,0,0,18
2026-02-23,ST036,MED009,9,9,0,0,12,4
2026-02-23,ST036,MED010,7,7,0,0,12,11
2026-02-23,ST036,MED011,11,11,0,18,12,44
2026-02-23,ST036,MED012,10,10,0,0,12,38
2026-02-23,ST036,MED013,4,4,0,12,0,27
2026-02-23,ST036,MED014,2,2,0,0,0,44
2026-02-23,ST036,MED015,7,7,0,24,24,31
2026-02-23,ST036,MED016,3,3,0,0,0,37
2026-02-23,ST036,MED017,13,13,0,0,24,39
2026-02-23,ST036,MED018,4,4,0,0,0,21
2026-02-23,ST036,MED019,0,0,0,24,0,36
2026-02-23,ST036,MED020,8,8,0,0,24,16
2026-02-23,ST036,MED021,5,5,0,12,0,42
2026-02-23,ST036,MED022,5,5,0,18,0,38
2026-02-23,ST036,MED023,11,11,0,24,12,31
2026-02-23,ST036,MED024,7,7,0,0,0,25
2026-02-23,ST036,MED025,7,7,0,12,0,24
2026-02-23,ST036,MED026,12,12,0,24,0,25
2026-02-23,ST036,MED027,9,9,0,12,12,47
2026-02-23,ST036,MED028,8,8,0,0,24,29
2026-02-23,ST036,MED029,7,7,0,0,24,52
2026-02-23,ST036,MED030,4,4,0,6,0,26
2026-02-23,ST037,MED001,14,14,0,0,24,48
2026-02-23,ST037,MED002,14,14,0,36,18,31
2026-02-23,ST037,MED003,1,1,0,0,0,39
2026-02-23,ST037,MED004,6,6,0,0,0,16
2026-02-23,ST037,MED005,12,12,0,12,12,36
2026-02-23,ST037,MED006,7,7,0,12,12,48
2026-02-23,ST037,MED007,6,6,0,0,24,28
2026-02-23,ST037,MED008,4,4,0,0,12,21
2026-02-23,ST037,MED009,11,11,0,0,0,29
2026-02-23,ST037,MED010,5,5,0,0,12,5
2026-02-23,ST037,MED011,11,11,0,12,12,30
2026-02-23,ST037,MED012,6,6,0,0,0,35
2026-02-23,ST037,MED013,1,1,0,12,0,44
2026-02-23,ST037,MED014,6,6,0,0,0,15
2026-02-23,ST037,MED015,10,10,0,0,0,39
2026-02-23,ST037,MED016,8,8,0,24,0,40
2026-02-23,ST037,MED017,9,9,0,0,12,35
2026-02-23,ST037,MED018,8,8,0,24,24,46
2026-02-23,ST037,MED019,2,2,0,0,0,29
2026-02-23,ST037,MED020,8,8,0,0,0,34
2026-02-23,ST037,MED021,12,12,0,18,12,33
2026-02-23,ST037,MED022,4,4,0,6,0,21
2026-02-23,ST037,MED023,8,8,0,12,12,36
2026-02-23,ST037,MED024,9,9,0,12,12,59
2026-02-23,ST037,MED025,5,5,0,12,0,39
2026-02-23,ST037,MED026,13,13,0,24,24,56
2026-02-23,ST037,MED027,14,14,0,0,24,47
2026-02-23,ST037,MED028,4,4,0,0,0,52
2026-02-23,ST037,MED029,14,14,0,48,24,53
2026-02-23,ST037,MED030,5,5,0,0,6,19
2026-02-23,ST038,MED001,9,9,0,24,0,62
2026-02-23,ST038,MED002,6,6,0,12,6,54
2026-02-23,ST038,MED003,5,5,0,24,0,33
2026-02-23,ST038,MED004,6,6,0,24,0,44
2026-02-23,ST038,MED005,11,11,0,12,12,54
2026-02-23,ST038,MED006,12,12,0,12,12,61
2026-02-23,ST038,MED007,3,3,0,0,0,27
2026-02-23,ST038,MED008,2,2,0,24,0,22
2026-02-23,ST038,MED009,8,8,0,0,0,42
2026-02-23,ST038,MED010,3,3,0,0,12,16
2026-02-23,ST038,MED011,12,12,0,0,12,29
2026-02-23,ST038,MED012,8,8,0,12,0,62
2026-02-23,ST038,MED013,7,7,0,0,12,28
2026-02-23,ST038,MED014,4,4,0,0,24,43
2026-02-23,ST038,MED015,11,11,0,24,0,79
2026-02-23,ST038,MED016,13,13,0,0,24,31
2026-02-23,ST038,MED017,12,12,0,12,12,65
2026-02-23,ST038,MED018,2,2,0,0,0,34
2026-02-23,ST038,MED019,1,1,0,24,0,40
2026-02-23,ST038,MED020,6,6,0,0,0,51
2026-02-23,ST038,MED021,11,11,0,12,12,37
2026-02-23,ST038,MED022,7,7,0,0,6,44
2026-02-23,ST038,MED023,13,13,0,0,12,45
2026-02-23,ST038,MED024,12,12,0,0,12,51
2026-02-23,ST038,MED025,3,3,0,0,0,41
2026-02-23,ST038,MED026,11,11,0,24,24,52
2026-02-23,ST038,MED027,15,15,0,12,12,53
2026-02-23,ST038,MED028,3,3,0,0,0,24
2026-02-23,ST038,MED029,7,7,0,0,0,38
2026-02-23,ST038,MED030,0,0,0,0,0,16
2026-02-23,ST039,MED001,13,13,0,0,0,29
2026-02-23,ST039,MED002,13,13,0,24,12,25
2026-02-23,ST039,MED003,4,4,0,0,0,28
2026-02-23,ST039,MED004,9,9,0,12,12,25
2026-02-23,ST039,MED005,10,10,0,12,12,45
2026-02-23,ST039,MED006,12,12,0,0,12,44
2026-02-23,ST039,MED007,5,5,0,0,0,19
2026-02-23,ST039,MED008,6,6,0,0,12,18
2026-02-23,ST039,MED009,12,12,0,0,12,23
2026-02-23,ST039,MED010,3,3,0,12,0,43
2026-02-23,ST039,MED011,12,12,0,12,12,20
2026-02-23,ST039,MED012,17,17,0,0,12,43
2026-02-23,ST039,MED013,9,9,0,12,12,43
2026-02-23,ST039,MED014,5,5,0,0,0,44
2026-02-23,ST039,MED015,12,12,0,24,0,59
2026-02-23,ST039,MED016,7,7,0,0,24,37
2026-02-23,ST039,MED017,13,13,0,12,12,46
2026-02-23,ST039,MED018,6,6,0,24,0,25
2026-02-23,ST039,MED019,3,3,0,0,0,16
2026-02-23,ST039,MED020,9,9,0,0,24,33
2026-02-23,ST039,MED021,8,8,0,0,6,37
2026-02-23,ST039,MED022,7,7,0,0,6,18
2026-02-23,ST039,MED023,14,14,0,12,12,60
2026-02-23,ST039,MED024,14,14,0,24,12,64
2026-02-23,ST039,MED025,8,8,0,12,12,43
2026-02-23,ST039,MED026,13,13,0,0,0,47
2026-02-23,ST039,MED027,14,14,0,0,12,75
2026-02-23,ST039,MED028,8,8,0,0,0,14
2026-02-23,ST039,MED029,10,10,0,24,0,59
2026-02-23,ST039,MED030,6,6,0,0,6,32
2026-02-23,ST040,MED001,13,13,0,0,0,52
2026-02-23,ST040,MED002,14,14,0,12,12,39
2026-02-23,ST040,MED003,3,3,0,24,0,32
2026-02-23,ST040,MED004,7,7,0,0,12,40
2026-02-23,ST040,MED005,24,24,0,12,36,28
2026-02-23,ST040,MED006,12,12,0,0,12,32
2026-02-23,ST040,MED007,3,3,0,0,0,8
2026-02-23,ST040,MED008,3,3,0,0,0,18
2026-02-23,ST040,MED009,11,11,0,0,12,42
2026-02-23,ST040,MED010,1,1,0,12,0,30
2026-02-23,ST040,MED011,12,12,0,12,12,55
2026-02-23,ST040,MED012,16,16,0,12,12,45
2026-02-23,ST040,MED013,11,11,0,12,12,28
2026-02-23,ST040,MED014,9,9,0,0,24,23
2026-02-23,ST040,MED015,13,13,0,24,24,74
2026-02-23,ST040,MED016,7,7,0,0,0,16
2026-02-23,ST040,MED017,10,10,0,0,12,38
2026-02-23,ST040,MED018,6,6,0,0,0,45
2026-02-23,ST040,MED019,4,4,0,0,0,16
2026-02-23,ST040,MED020,5,5,0,24,0,67
2026-02-23,ST040,MED021,11,11,0,24,12,56
2026-02-23,ST040,MED022,8,8,0,0,12,10
2026-02-23,ST040,MED023,13,13,0,36,12,46
2026-02-23,ST040,MED024,12,12,0,36,0,73
2026-02-23,ST040,MED025,9,9,0,0,12,21
2026-02-23,ST040,MED026,13,13,0,24,0,60
2026-02-23,ST040,MED027,14,14,0,24,12,38
2026-02-23,ST040,MED028,8,8,0,24,0,54
2026-02-23,ST040,MED029,10,10,0,24,0,77
2026-02-23,ST040,MED030,4,4,0,0,6,26
2026-02-24,ST001,MED001,7,7,0,0,24,43
2026-02-24,ST001,MED002,10,10,0,30,12,40
2026-02-24,ST001,MED003,3,3,0,0,0,36
2026-02-24,ST001,MED004,8,8,0,12,0,40
2026-02-24,ST001,MED005,13,13,0,0,12,35
2026-02-24,ST001,MED006,8,8,0,0,0,46
2026-02-24,ST001,MED007,2,2,0,0,0,17
2026-02-24,ST001,MED008,0,0,0,0,0,16
2026-02-24,ST001,MED009,9,9,0,0,12,15
2026-02-24,ST001,MED010,4,4,0,12,0,40
2026-02-24,ST001,MED011,8,8,0,36,6,48
2026-02-24,ST001,MED012,8,8,0,24,12,28
2026-02-24,ST001,MED013,4,4,0,0,0,35
2026-02-24,ST001,MED014,2,2,0,24,0,50
2026-02-24,ST001,MED015,12,12,0,0,0,49
2026-02-24,ST001,MED016,6,6,0,0,24,44
2026-02-24,ST001,MED017,11,11,0,12,12,39
2026-02-24,ST001,MED018,4,4,0,24,24,35
2026-02-24,ST001,MED019,1,1,0,0,0,38
2026-02-24,ST001,MED020,8,8,0,0,24,30
2026-02-24,ST001,MED021,8,8,0,12,6,29
2026-02-24,ST001,MED022,5,5,0,0,0,17
2026-02-24,ST001,MED023,8,8,0,12,12,53
2026-02-24,ST001,MED024,15,15,0,12,24,27
2026-02-24,ST001,MED025,5,5,0,0,12,4
2026-02-24,ST001,MED026,10,10,0,24,0,63
2026-02-24,ST001,MED027,6,6,0,12,12,38
2026-02-24,ST001,MED028,6,6,0,0,24,42
2026-02-24,ST001,MED029,6,6,0,0,0,54
2026-02-24,ST001,MED030,8,8,0,0,12,23
2026-02-24,ST002,MED001,11,11,0,24,0,67
2026-02-24,ST002,MED002,12,12,0,0,12,22
2026-02-24,ST002,MED003,5,5,0,0,0,38
2026-02-24,ST002,MED004,8,8,0,12,12,19
2026-02-24,ST002,MED005,14,14,0,12,24,44
2026-02-24,ST002,MED006,10,10,0,12,12,40
2026-02-24,ST002,MED007,2,2,0,0,0,14
2026-02-24,ST002,MED008,0,0,0,0,0,22
2026-02-24,ST002,MED009,10,10,0,0,12,20
2026-02-24,ST002,MED010,1,1,0,0,0,15
2026-02-24,ST002,MED011,10,10,0,12,12,47
2026-02-24,ST002,MED012,9,9,0,12,12,38
2026-02-24,ST002,MED013,6,6,0,12,0,28
2026-02-24,ST002,MED014,3,3,0,0,0,38
2026-02-24,ST002,MED015,18,18,0,0,24,58
2026-02-24,ST002,MED016,4,4,0,0,0,34
2026-02-24,ST002,MED017,12,12,0,12,12,52
2026-02-24,ST002,MED018,4,4,0,0,0,39
2026-02-24,ST002,MED019,0,0,0,24,0,28
2026-02-24,ST002,MED020,7,7,0,24,0,47
2026-02-24,ST002,MED021,6,6,0,0,0,23
2026-02-24,ST002,MED022,8,8,0,0,12,30
2026-02-24,ST002,MED023,10,10,0,12,0,41
2026-02-24,ST002,MED024,10,10,0,24,12,45
2026-02-24,ST002,MED025,2,2,0,0,0,34
2026-02-24,ST002,MED026,13,13,0,24,0,42
2026-02-24,ST002,MED027,12,12,0,12,12,52
2026-02-24,ST002,MED028,8,8,0,0,0,30
2026-02-24,ST002,MED029,10,10,0,0,0,44
2026-02-24,ST002,MED030,2,2,0,6,0,30
2026-02-24,ST003,MED001,11,11,0,48,0,74
2026-02-24,ST003,MED002,11,11,0,12,6,48
2026-02-24,ST003,MED003,4,4,0,24,0,38
2026-02-24,ST003,MED004,9,9,0,24,12,38
2026-02-24,ST003,MED005,9,9,0,12,0,64
2026-02-24,ST003,MED006,11,11,0,12,12,45
2026-02-24,ST003,MED007,5,5,0,0,0,24
2026-02-24,ST003,MED008,4,4,0,0,12,12
2026-02-24,ST003,MED009,10,10,0,24,0,52
2026-02-24,ST003,MED010,4,4,0,0,0,12
2026-02-24,ST003,MED011,11,11,0,6,12,28
2026-02-24,ST003,MED012,12,12,0,24,12,34
2026-02-24,ST003,MED013,6,6,0,24,12,46
2026-02-24,ST003,MED014,8,0,8,0,0,0
2026-02-24,ST003,MED015,25,25,0,0,48,40
2026-02-24,ST003,MED016,10,10,0,0,0,35
2026-02-24,ST003,MED017,10,10,0,24,0,61
2026-02-24,ST003,MED018,7,7,0,0,0,36
2026-02-24,ST003,MED019,3,3,0,0,0,6
2026-02-24,ST003,MED020,9,9,0,0,0,15
2026-02-24,ST003,MED021,13,13,0,0,12,25
2026-02-24,ST003,MED022,9,9,0,6,6,15
2026-02-24,ST003,MED023,14,14,0,0,12,44
2026-02-24,ST003,MED024,12,12,0,0,12,60
2026-02-24,ST003,MED025,5,5,0,0,12,29
2026-02-24,ST003,MED026,12,12,0,0,24,41
2026-02-24,ST003,MED027,11,11,0,0,12,57
2026-02-24,ST003,MED028,3,3,0,24,0,30
2026-02-24,ST003,MED029,9,9,0,24,0,45
2026-02-24,ST003,MED030,6,6,0,6,6,29
2026-02-24,ST004,MED001,12,12,0,0,0,44
2026-02-24,ST004,MED002,11,11,0,12,12,28
2026-02-24,ST004,MED003,4,4,0,0,0,12
2026-02-24,ST004,MED004,8,8,0,24,12,51
2026-02-24,ST004,MED005,9,9,0,12,0,45
2026-02-24,ST004,MED006,11,11,0,0,12,28
2026-02-24,ST004,MED007,4,4,0,0,0,31
2026-02-24,ST004,MED008,5,5,0,0,12,24
2026-02-24,ST004,MED009,11,11,0,36,0,48
2026-02-24,ST004,MED010,4,4,0,0,0,23
2026-02-24,ST004,MED011,12,12,0,24,12,59
2026-02-24,ST004,MED012,14,14,0,0,12,27
2026-02-24,ST004,MED013,9,9,0,12,12,46
2026-02-24,ST004,MED014,8,8,0,0,0,40
2026-02-24,ST004,MED015,11,11,0,48,24,97
2026-02-24,ST004,MED016,5,5,0,0,0,36
2026-02-24,ST004,MED017,11,11,0,0,12,49
2026-02-24,ST004,MED018,3,3,0,0,0,23
2026-02-24,ST004,MED019,8,8,0,0,0,16
2026-02-24,ST004,MED020,10,10,0,0,0,40
2026-02-24,ST004,MED021,13,13,0,12,12,45
2026-02-24,ST004,MED022,7,7,0,0,6,23
2026-02-24,ST004,MED023,12,12,0,24,12,61
2026-02-24,ST004,MED024,15,15,0,24,12,53
2026-02-24,ST004,MED025,0,0,0,24,0,54
2026-02-24,ST004,MED026,13,13,0,48,24,83
2026-02-24,ST004,MED027,14,14,0,0,12,68
2026-02-24,ST004,MED028,12,12,0,24,24,47
2026-02-24,ST004,MED029,9,9,0,0,0,61
2026-02-24,ST004,MED030,3,3,0,12,0,30
2026-02-24,ST005,MED001,15,15,0,24,24,60
2026-02-24,ST005,MED002,13,13,0,30,12,53
2026-02-24,ST005,MED003,0,0,0,0,0,30
2026-02-24,ST005,MED004,10,10,0,0,12,38
2026-02-24,ST005,MED005,13,13,0,0,12,36
2026-02-24,ST005,MED006,10,10,0,0,12,40
2026-02-24,ST005,MED007,4,4,0,0,24,26
2026-02-24,ST005,MED008,3,3,0,0,0,14
2026-02-24,ST005,MED009,12,12,0,0,0,44
2026-02-24,ST005,MED010,1,1,0,0,0,31
2026-02-24,ST005,MED011,14,14,0,0,12,50
2026-02-24,ST005,MED012,13,13,0,0,12,47
2026-02-24,ST005,MED013,10,10,0,12,12,42
2026-02-24,ST005,MED014,3,3,0,24,0,47
2026-02-24,ST005,MED015,12,12,0,0,0,51
2026-02-24,ST005,MED016,7,7,0,0,0,54
2026-02-24,ST005,MED017,14,14,0,12,12,34
2026-02-24,ST005,MED018,11,11,0,0,0,7
2026-02-24,ST005,MED019,7,7,0,0,0,16
2026-02-24,ST005,MED020,8,8,0,24,24,38
2026-02-24,ST005,MED021,12,12,0,30,12,71
2026-02-24,ST005,MED022,9,9,0,6,12,39
2026-02-24,ST005,MED023,13,13,0,0,12,45
2026-02-24,ST005,MED024,16,16,0,0,12,42
2026-02-24,ST005,MED025,7,7,0,24,12,33
2026-02-24,ST005,MED026,12,12,0,0,0,81
2026-02-24,ST005,MED027,12,12,0,0,12,27
2026-02-24,ST005,MED028,9,9,0,0,24,27
2026-02-24,ST005,MED029,9,9,0,0,0,43
2026-02-24,ST005,MED030,4,4,0,0,6,38
2026-02-24,ST006,MED001,14,14,0,0,24,72
2026-02-24,ST006,MED002,18,18,0,18,18,48
2026-02-24,ST006,MED003,5,5,0,0,24,24
2026-02-24,ST006,MED004,13,13,0,12,24,51
2026-02-24,ST006,MED005,17,17,0,48,24,48
2026-02-24,ST006,MED006,10,10,0,0,0,55
2026-02-24,ST006,MED007,6,6,0,0,0,44
2026-02-24,ST006,MED008,7,7,0,0,12,23
2026-02-24,ST006,MED009,15,15,0,24,24,74
2026-02-24,ST006,MED010,5,5,0,12,0,25
2026-02-24,ST006,MED011,21,21,0,12,24,59
2026-02-24,ST006,MED012,6,6,0,0,0,43
2026-02-24,ST006,MED013,9,9,0,0,12,43
2026-02-24,ST006,MED014,10,10,0,24,0,48
2026-02-24,ST006,MED015,18,18,0,48,24,92
2026-02-24,ST006,MED016,5,5,0,0,0,36
2026-02-24,ST006,MED017,16,16,0,24,12,82
2026-02-24,ST006,MED018,10,10,0,0,24,29
2026-02-24,ST006,MED019,3,3,0,0,0,31
2026-02-24,ST006,MED020,5,5,0,0,0,35
2026-02-24,ST006,MED021,13,13,0,0,12,33
2026-02-24,ST006,MED022,11,11,0,0,12,23
2026-02-24,ST006,MED023,15,15,0,12,24,33
2026-02-24,ST006,MED024,17,17,0,12,24,55
2026-02-24,ST006,MED025,8,8,0,0,0,35
2026-02-24,ST006,MED026,16,16,0,0,24,74
2026-02-24,ST006,MED027,17,17,0,12,24,73
2026-02-24,ST006,MED028,8,8,0,0,0,38
2026-02-24,ST006,MED029,13,13,0,0,24,32
2026-02-24,ST006,MED030,7,7,0,0,6,24
2026-02-24,ST007,MED001,5,5,0,0,24,55
2026-02-24,ST007,MED002,9,9,0,0,12,14
2026-02-24,ST007,MED003,3,3,0,0,0,28
2026-02-24,ST007,MED004,3,3,0,0,0,19
2026-02-24,ST007,MED005,13,13,0,0,24,17
2026-02-24,ST007,MED006,8,8,0,36,0,39
2026-02-24,ST007,MED007,1,1,0,0,0,34
2026-02-24,ST007,MED008,3,3,0,0,0,18
2026-02-24,ST007,MED009,8,8,0,0,12,29
2026-02-24,ST007,MED010,7,7,0,0,0,4
2026-02-24,ST007,MED011,13,13,0,30,18,47
2026-02-24,ST007,MED012,6,6,0,0,0,35
2026-02-24,ST007,MED013,3,3,0,0,12,16
2026-02-24,ST007,MED014,3,3,0,0,0,33
2026-02-24,ST007,MED015,11,11,0,0,24,39
2026-02-24,ST007,MED016,4,4,0,0,0,48
2026-02-24,ST007,MED017,9,9,0,12,0,7
2026-02-24,ST007,MED018,6,6,0,0,0,43
2026-02-24,ST007,MED019,0,0,0,24,0,27
2026-02-24,ST007,MED020,4,4,0,0,0,17
2026-02-24,ST007,MED021,7,7,0,0,6,27
2026-02-24,ST007,MED022,9,9,0,6,6,16
2026-02-24,ST007,MED023,3,3,0,24,0,48
2026-02-24,ST007,MED024,7,7,0,24,0,48
2026-02-24,ST007,MED025,6,6,0,12,12,32
2026-02-24,ST007,MED026,8,8,0,0,0,17
2026-02-24,ST007,MED027,6,6,0,24,12,43
2026-02-24,ST007,MED028,3,3,0,24,0,49
2026-02-24,ST007,MED029,10,10,0,0,0,36
2026-02-24,ST007,MED030,0,0,0,0,0,18
2026-02-24,ST008,MED001,11,11,0,0,0,43
2026-02-24,ST008,MED002,8,8,0,0,6,10
2026-02-24,ST008,MED003,1,1,0,0,0,14
2026-02-24,ST008,MED004,3,3,0,0,0,25
2026-02-24,ST008,MED005,7,7,0,0,0,46
2026-02-24,ST008,MED006,9,9,0,12,0,49
2026-02-24,ST008,MED007,5,5,0,0,24,19
2026-02-24,ST008,MED008,4,4,0,0,0,28
2026-02-24,ST008,MED009,3,3,0,12,0,39
2026-02-24,ST008,MED010,1,1,0,12,0,19
2026-02-24,ST008,MED011,9,9,0,6,6,44
2026-02-24,ST008,MED012,6,6,0,0,0,15
2026-02-24,ST008,MED013,6,6,0,0,12,25
2026-02-24,ST008,MED014,3,3,0,0,0,31
2026-02-24,ST008,MED015,10,10,0,24,0,59
2026-02-24,ST008,MED016,6,6,0,0,24,44
2026-02-24,ST008,MED017,11,11,0,36,12,57
2026-02-24,ST008,MED018,3,3,0,24,0,50
2026-02-24,ST008,MED019,6,6,0,0,0,19
2026-02-24,ST008,MED020,5,5,0,24,0,27
2026-02-24,ST008,MED021,8,8,0,0,6,28
2026-02-24,ST008,MED022,8,8,0,6,12,11
2026-02-24,ST008,MED023,9,9,0,0,12,28
2026-02-24,ST008,MED024,11,11,0,24,12,47
2026-02-24,ST008,MED025,3,3,0,0,0,26
2026-02-24,ST008,MED026,8,8,0,0,0,60
2026-02-24,ST008,MED027,8,8,0,12,12,47
2026-02-24,ST008,MED028,1,1,0,24,0,23
2026-02-24,ST008,MED029,11,11,0,24,24,56
2026-02-24,ST008,MED030,6,6,0,0,6,9
2026-02-24,ST009,MED001,9,9,0,0,0,47
2026-02-24,ST009,MED002,9,9,0,6,6,53
2026-02-24,ST009,MED003,4,4,0,0,0,31
2026-02-24,ST009,MED004,6,6,0,12,12,44
2026-02-24,ST009,MED005,7,7,0,0,0,49
2026-02-24,ST009,MED006,8,8,0,0,0,22
2026-02-24,ST009,MED007,4,4,0,0,0,37
2026-02-24,ST009,MED008,5,5,0,0,12,22
2026-02-24,ST009,MED009,11,11,0,0,12,32
2026-02-24,ST009,MED010,2,2,0,0,0,20
2026-02-24,ST009,MED011,9,9,0,0,6,36
2026-02-24,ST009,MED012,11,11,0,48,12,64
2026-02-24,ST009,MED013,5,5,0,12,0,26
2026-02-24,ST009,MED014,3,3,0,0,24,16
2026-02-24,ST009,MED015,10,10,0,24,0,90
2026-02-24,ST009,MED016,9,9,0,0,24,50
2026-02-24,ST009,MED017,10,10,0,0,0,24
2026-02-24,ST009,MED018,4,4,0,0,0,12
2026-02-24,ST009,MED019,4,4,0,0,24,25
2026-02-24,ST009,MED020,11,6,5,0,0,0
2026-02-24,ST009,MED021,8,8,0,18,6,47
2026-02-24,ST009,MED022,7,7,0,0,6,18
2026-02-24,ST009,MED023,15,15,0,0,24,45
2026-02-24,ST009,MED024,10,10,0,12,12,30
2026-02-24,ST009,MED025,8,8,0,0,12,31
2026-02-24,ST009,MED026,10,10,0,24,0,55
2026-02-24,ST009,MED027,11,11,0,0,12,35
2026-02-24,ST009,MED028,5,5,0,24,0,28
2026-02-24,ST009,MED029,7,7,0,0,0,44
2026-02-24,ST009,MED030,6,6,0,0,6,25
2026-02-24,ST010,MED001,11,11,0,24,0,69
2026-02-24,ST010,MED002,12,12,0,12,12,46
2026-02-24,ST010,MED003,2,2,0,0,0,25
2026-02-24,ST010,MED004,9,9,0,0,12,40
2026-02-24,ST010,MED005,14,14,0,12,12,42
2026-02-24,ST010,MED006,10,10,0,12,12,56
2026-02-24,ST010,MED007,6,6,0,0,0,16
2026-02-24,ST010,MED008,4,4,0,12,0,13
2026-02-24,ST010,MED009,13,13,0,0,24,15
2026-02-24,ST010,MED010,4,4,0,0,0,18
2026-02-24,ST010,MED011,12,12,0,6,18,37
2026-02-24,ST010,MED012,10,10,0,0,12,35
2026-02-24,ST010,MED013,7,7,0,12,0,23
2026-02-24,ST010,MED014,7,7,0,0,0,45
2026-02-24,ST010,MED015,16,16,0,24,0,57
2026-02-24,ST010,MED016,8,8,0,0,0,27
2026-02-24,ST010,MED017,9,9,0,12,0,69
2026-02-24,ST010,MED018,5,5,0,0,0,33
2026-02-24,ST010,MED019,3,3,0,0,0,18
2026-02-24,ST010,MED020,9,9,0,0,24,38
2026-02-24,ST010,MED021,9,9,0,18,12,43
2026-02-24,ST010,MED022,9,9,0,12,6,24
2026-02-24,ST010,MED023,10,10,0,0,12,32
2026-02-24,ST010,MED024,12,12,0,36,12,51
2026-02-24,ST010,MED025,5,5,0,0,12,37
2026-02-24,ST010,MED026,10,10,0,0,0,47
2026-02-24,ST010,MED027,11,11,0,0,12,25
2026-02-24,ST010,MED028,5,5,0,0,0,22
2026-02-24,ST010,MED029,11,11,0,0,24,22
2026-02-24,ST010,MED030,6,6,0,6,12,32
2026-02-24,ST011,MED001,15,15,0,24,24,61
2026-02-24,ST011,MED002,13,13,0,12,18,50
2026-02-24,ST011,MED003,2,2,0,0,0,30
2026-02-24,ST011,MED004,8,8,0,0,12,36
2026-02-24,ST011,MED005,11,11,0,12,0,43
2026-02-24,ST011,MED006,14,14,0,24,12,37
2026-02-24,ST011,MED007,2,2,0,0,0,25
2026-02-24,ST011,MED008,3,3,0,0,12,26
2026-02-24,ST011,MED009,11,11,0,0,12,42
2026-02-24,ST011,MED010,6,6,0,0,0,37
2026-02-24,ST011,MED011,17,17,0,6,24,29
2026-02-24,ST011,MED012,11,11,0,36,12,66
2026-02-24,ST011,MED013,9,9,0,0,12,36
2026-02-24,ST011,MED014,3,3,0,0,0,22
2026-02-24,ST011,MED015,15,15,0,0,24,42
2026-02-24,ST011,MED016,6,6,0,0,0,42
2026-02-24,ST011,MED017,13,13,0,12,12,51
2026-02-24,ST011,MED018,7,7,0,24,0,42
2026-02-24,ST011,MED019,5,5,0,0,0,19
2026-02-24,ST011,MED020,8,8,0,24,0,62
2026-02-24,ST011,MED021,11,11,0,6,12,36
2026-02-24,ST011,MED022,7,7,0,6,6,27
2026-02-24,ST011,MED023,12,12,0,0,12,35
2026-02-24,ST011,MED024,14,14,0,12,12,37
2026-02-24,ST011,MED025,3,3,0,0,12,23
2026-02-24,ST011,MED026,13,13,0,24,24,74
2026-02-24,ST011,MED027,13,13,0,0,12,41
2026-02-24,ST011,MED028,4,4,0,0,24,54
2026-02-24,ST011,MED029,6,6,0,0,0,53
2026-02-24,ST011,MED030,12,12,0,0,18,29
2026-02-24,ST012,MED001,15,15,0,24,0,76
2026-02-24,ST012,MED002,14,14,0,0,18,42
2026-02-24,ST012,MED003,4,4,0,24,24,23
2026-02-24,ST012,MED004,10,10,0,0,12,52
2026-02-24,ST012,MED005,15,15,0,12,24,41
2026-02-24,ST012,MED006,10,10,0,0,12,42
2026-02-24,ST012,MED007,5,5,0,0,24,27
2026-02-24,ST012,MED008,1,1,0,0,0,32
2026-02-24,ST012,MED009,7,7,0,24,12,52
2026-02-24,ST012,MED010,2,2,0,0,0,11
2026-02-24,ST012,MED011,16,16,0,12,18,37
2026-02-24,ST012,MED012,11,11,0,0,12,56
2026-02-24,ST012,MED013,12,12,0,0,12,46
2026-02-24,ST012,MED014,6,6,0,24,0,59
2026-02-24,ST012,MED015,15,15,0,24,0,72
2026-02-24,ST012,MED016,7,7,0,0,0,26
2026-02-24,ST012,MED017,16,16,0,0,12,66
2026-02-24,ST012,MED018,9,9,0,0,0,40
2026-02-24,ST012,MED019,6,6,0,0,0,20
2026-02-24,ST012,MED020,8,8,0,0,0,24
2026-02-24,ST012,MED021,11,11,0,12,6,58
2026-02-24,ST012,MED022,7,7,0,0,12,16
2026-02-24,ST012,MED023,18,18,0,24,24,52
2026-02-24,ST012,MED024,14,14,0,12,12,61
2026-02-24,ST012,MED025,11,11,0,0,24,20
2026-02-24,ST012,MED026,10,10,0,0,0,85
2026-02-24,ST012,MED027,16,16,0,0,12,24
2026-02-24,ST012,MED028,6,6,0,0,0,46
2026-02-24,ST012,MED029,10,10,0,24,0,67
2026-02-24,ST012,MED030,8,8,0,0,12,26
2026-02-24,ST013,MED001,17,17,0,0,0,66
2026-02-24,ST013,MED002,17,17,0,18,18,31
2026-02-24,ST013,MED003,5,5,0,0,24,28
2026-02-24,ST013,MED004,12,12,0,12,12,40
2026-02-24,ST013,MED005,12,12,0,12,12,41
2026-02-24,ST013,MED006,14,14,0,24,12,47
2026-02-24,ST013,MED007,3,3,0,0,0,26
2026-02-24,ST013,MED008,1,1,0,12,0,17
2026-02-24,ST013,MED009,11,11,0,12,12,63
2026-02-24,ST013,MED010,4,4,0,12,0,37
2026-02-24,ST013,MED011,12,12,0,36,12,63
2026-02-24,ST013,MED012,13,13,0,0,12,52
2026-02-24,ST013,MED013,9,9,0,24,0,48
2026-02-24,ST013,MED014,5,5,0,24,24,49
2026-02-24,ST013,MED015,18,18,0,48,24,91
2026-02-24,ST013,MED016,8,8,0,24,24,63
2026-02-24,ST013,MED017,15,15,0,12,24,56
2026-02-24,ST013,MED018,8,8,0,0,24,33
2026-02-24,ST013,MED019,6,6,0,24,0,39
2026-02-24,ST013,MED020,10,10,0,0,0,58
2026-02-24,ST013,MED021,12,12,0,24,6,60
2026-02-24,ST013,MED022,9,9,0,0,6,22
2026-02-24,ST013,MED023,13,13,0,24,12,72
2026-02-24,ST013,MED024,17,17,0,36,24,92
2026-02-24,ST013,MED025,6,6,0,12,0,39
2026-02-24,ST013,MED026,16,16,0,24,24,83
2026-02-24,ST013,MED027,14,14,0,0,12,51
2026-02-24,ST013,MED028,9,9,0,0,24,53
2026-02-24,ST013,MED029,11,11,0,24,24,78
2026-02-24,ST013,MED030,7,7,0,0,6,31
2026-02-24,ST014,MED001,5,5,0,0,0,21
2026-02-24,ST014,MED002,10,10,0,6,12,34
2026-02-24,ST014,MED003,1,1,0,0,0,23
2026-02-24,ST014,MED004,4,4,0,12,0,37
2026-02-24,ST014,MED005,8,8,0,12,12,36
2026-02-24,ST014,MED006,5,5,0,12,0,55
2026-02-24,ST014,MED007,0,0,0,24,0,33
2026-02-24,ST014,MED008,1,1,0,12,0,37
2026-02-24,ST014,MED009,9,9,0,12,12,33
2026-02-24,ST014,MED010,5,5,0,12,0,24
2026-02-24,ST014,MED011,11,11,0,0,12,22
2026-02-24,ST014,MED012,10,10,0,0,0,15
2026-02-24,ST014,MED013,3,3,0,0,0,43
2026-02-24,ST014,MED014,10,10,0,0,24,1
2026-02-24,ST014,MED015,8,8,0,0,0,25
2026-02-24,ST014,MED016,3,3,0,24,0,50
2026-02-24,ST014,MED017,8,8,0,24,0,35
2026-02-24,ST014,MED018,5,5,0,24,0,39
2026-02-24,ST014,MED019,0,0,0,0,0,36
2026-02-24,ST014,MED020,6,6,0,0,0,28
2026-02-24,ST014,MED021,7,7,0,0,6,20
2026-02-24,ST014,MED022,5,5,0,6,6,17
2026-02-24,ST014,MED023,9,9,0,12,12,40
2026-02-24,ST014,MED024,12,12,0,24,12,38
2026-02-24,ST014,MED025,6,6,0,0,12,16
2026-02-24,ST014,MED026,11,11,0,0,24,62
2026-02-24,ST014,MED027,7,7,0,12,12,31
2026-02-24,ST014,MED028,9,9,0,24,24,32
2026-02-24,ST014,MED029,6,6,0,0,0,50
2026-02-24,ST014,MED030,5,5,0,6,6,29
2026-02-24,ST015,MED001,9,9,0,24,0,50
2026-02-24,ST015,MED002,9,9,0,0,6,32
2026-02-24,ST015,MED003,0,0,0,0,0,36
2026-02-24,ST015,MED004,7,7,0,0,0,30
2026-02-24,ST015,MED005,10,10,0,0,12,37
2026-02-24,ST015,MED006,6,6,0,0,0,19
2026-02-24,ST015,MED007,6,6,0,0,0,11
2026-02-24,ST015,MED008,5,5,0,0,12,8
2026-02-24,ST015,MED009,7,7,0,0,12,40
2026-02-24,ST015,MED010,2,2,0,0,0,18
2026-02-24,ST015,MED011,11,11,0,12,12,46
2026-02-24,ST015,MED012,10,10,0,24,12,52
2026-02-24,ST015,MED013,6,6,0,0,12,29
2026-02-24,ST015,MED014,4,4,0,0,0,24
2026-02-24,ST015,MED015,9,9,0,24,0,80
2026-02-24,ST015,MED016,7,7,0,0,24,42
2026-02-24,ST015,MED017,8,8,0,24,12,35
2026-02-24,ST015,MED018,5,5,0,0,0,38
2026-02-24,ST015,MED019,0,0,0,0,0,33
2026-02-24,ST015,MED020,6,6,0,0,0,29
2026-02-24,ST015,MED021,10,10,0,6,12,39
2026-02-24,ST015,MED022,6,6,0,0,6,30
2026-02-24,ST015,MED023,6,6,0,0,12,33
2026-02-24,ST015,MED024,5,5,0,12,0,70
2026-02-24,ST015,MED025,3,3,0,12,0,28
2026-02-24,ST015,MED026,10,10,0,0,0,45
2026-02-24,ST015,MED027,8,8,0,24,12,57
2026-02-24,ST015,MED028,3,3,0,0,0,42
2026-02-24,ST015,MED029,7,7,0,0,0,32
2026-02-24,ST015,MED030,2,2,0,12,0,16
2026-02-24,ST016,MED001,9,9,0,24,24,72
2026-02-24,ST016,MED002,7,7,0,0,6,23
2026-02-24,ST016,MED003,0,0,0,0,0,42
2026-02-24,ST016,MED004,6,6,0,0,0,36
2026-02-24,ST016,MED005,13,13,0,24,12,34
2026-02-24,ST016,MED006,9,9,0,12,12,38
2026-02-24,ST016,MED007,0,0,0,24,0,35
2026-02-24,ST016,MED008,5,5,0,12,12,9
2026-02-24,ST016,MED009,7,7,0,24,0,46
2026-02-24,ST016,MED010,2,2,0,0,0,26
2026-02-24,ST016,MED011,9,9,0,12,6,39
2026-02-24,ST016,MED012,10,10,0,12,12,33
2026-02-24,ST016,MED013,6,6,0,12,0,31
2026-02-24,ST016,MED014,9,9,0,0,0,24
2026-02-24,ST016,MED015,10,10,0,0,24,60
2026-02-24,ST016,MED016,8,8,0,0,0,40
2026-02-24,ST016,MED017,11,11,0,12,12,43
2026-02-24,ST016,MED018,6,6,0,24,0,47
2026-02-24,ST016,MED019,2,2,0,24,0,48
2026-02-24,ST016,MED020,6,6,0,0,0,36
2026-02-24,ST016,MED021,16,16,0,12,18,42
2026-02-24,ST016,MED022,9,9,0,0,6,22
2026-02-24,ST016,MED023,11,11,0,12,12,43
2026-02-24,ST016,MED024,19,19,0,0,24,24
2026-02-24,ST016,MED025,5,5,0,0,0,26
2026-02-24,ST016,MED026,7,7,0,48,0,81
2026-02-24,ST016,MED027,10,10,0,12,0,45
2026-02-24,ST016,MED028,3,3,0,24,24,46
2026-02-24,ST016,MED029,12,12,0,0,0,48
2026-02-24,ST016,MED030,6,6,0,12,6,27
2026-02-24,ST017,MED001,9,9,0,24,0,70
2026-02-24,ST017,MED002,13,13,0,12,12,41
2026-02-24,ST017,MED003,5,5,0,0,0,34
2026-02-24,ST017,MED004,9,9,0,0,0,47
2026-02-24,ST017,MED005,25,25,0,24,36,48
2026-02-24,ST017,MED006,12,12,0,12,12,33
2026-02-24,ST017,MED007,2,2,0,0,0,38
2026-02-24,ST017,MED008,4,4,0,0,12,15
2026-02-24,ST017,MED009,13,13,0,0,24,29
2026-02-24,ST017,MED010,4,4,0,0,0,8
2026-02-24,ST017,MED011,12,12,0,18,12,65
2026-02-24,ST017,MED012,12,12,0,12,12,13
2026-02-24,ST017,MED013,6,6,0,0,0,36
2026-02-24,ST017,MED014,2,2,0,0,0,41
2026-02-24,ST017,MED015,14,14,0,48,0,76
2026-02-24,ST017,MED016,8,8,0,0,24,23
2026-02-24,ST017,MED017,12,12,0,0,12,36
2026-02-24,ST017,MED018,5,5,0,24,0,39
2026-02-24,ST017,MED019,4,4,0,0,24,21
2026-02-24,ST017,MED020,8,8,0,0,24,1
2026-02-24,ST017,MED021,13,13,0,0,12,42
2026-02-24,ST017,MED022,7,7,0,0,6,15
2026-02-24,ST017,MED023,15,15,0,24,24,30
2026-02-24,ST017,MED024,10,10,0,0,0,38
2026-02-24,ST017,MED025,6,6,0,0,12,23
2026-02-24,ST017,MED026,13,13,0,0,24,74
2026-02-24,ST017,MED027,8,8,0,12,0,56
2026-02-24,ST017,MED028,6,6,0,0,0,37
2026-02-24,ST017,MED029,10,10,0,0,0,51
2026-02-24,ST017,MED030,7,7,0,0,6,21
2026-02-24,ST018,MED001,16,16,0,0,24,57
2026-02-24,ST018,MED002,9,9,0,0,12,46
2026-02-24,ST018,MED003,5,5,0,24,0,45
2026-02-24,ST018,MED004,9,9,0,0,0,38
2026-02-24,ST018,MED005,11,11,0,36,12,66
2026-02-24,ST018,MED006,12,12,0,0,12,53
2026-02-24,ST018,MED007,2,2,0,0,0,36
2026-02-24,ST018,MED008,3,3,0,0,0,10
2026-02-24,ST018,MED009,13,13,0,12,24,66
2026-02-24,ST018,MED010,4,4,0,0,0,22
2026-02-24,ST018,MED011,14,14,0,18,12,48
2026-02-24,ST018,MED012,14,14,0,0,24,56
2026-02-24,ST018,MED013,3,3,0,0,0,36
2026-02-24,ST018,MED014,4,4,0,0,24,28
2026-02-24,ST018,MED015,13,13,0,24,24,93
2026-02-24,ST018,MED016,6,6,0,0,0,54
2026-02-24,ST018,MED017,11,11,0,0,12,49
2026-02-24,ST018,MED018,7,7,0,0,0,8
2026-02-24,ST018,MED019,5,5,0,0,0,14
2026-02-24,ST018,MED020,10,10,0,0,24,36
2026-02-24,ST018,MED021,15,15,0,6,18,53
2026-02-24,ST018,MED022,5,5,0,0,6,26
2026-02-24,ST018,MED023,12,12,0,60,12,67
2026-02-24,ST018,MED024,16,16,0,12,24,57
2026-02-24,ST018,MED025,5,5,0,12,0,43
2026-02-24,ST018,MED026,11,11,0,0,24,18
2026-02-24,ST018,MED027,15,15,0,0,12,18
2026-02-24,ST018,MED028,6,6,0,0,0,37
2026-02-24,ST018,MED029,6,6,0,0,0,38
2026-02-24,ST018,MED030,11,11,0,6,12,12
2026-02-24,ST019,MED001,13,13,0,0,24,43
2026-02-24,ST019,MED002,14,14,0,36,12,44
2026-02-24,ST019,MED003,3,3,0,0,0,43
2026-02-24,ST019,MED004,12,12,0,0,12,22
2026-02-24,ST019,MED005,12,12,0,12,12,65
2026-02-24,ST019,MED006,11,11,0,24,12,74
2026-02-24,ST019,MED007,8,8,0,0,0,9
2026-02-24,ST019,MED008,5,5,0,0,12,7
2026-02-24,ST019,MED009,12,12,0,12,12,54
2026-02-24,ST019,MED010,4,4,0,0,12,22
2026-02-24,ST019,MED011,12,12,0,0,6,45
2026-02-24,ST019,MED012,22,22,0,12,24,50
2026-02-24,ST019,MED013,13,13,0,0,12,12
2026-02-24,ST019,MED014,4,4,0,24,24,40
2026-02-24,ST019,MED015,15,15,0,0,24,28
2026-02-24,ST019,MED016,6,6,0,0,0,49
2026-02-24,ST019,MED017,16,16,0,24,12,49
2026-02-24,ST019,MED018,7,7,0,0,0,44
2026-02-24,ST019,MED019,2,2,0,0,0,26
2026-02-24,ST019,MED020,9,9,0,0,0,38
2026-02-24,ST019,MED021,13,13,0,0,18,47
2026-02-24,ST019,MED022,7,7,0,12,6,43
2026-02-24,ST019,MED023,14,14,0,0,12,28
2026-02-24,ST019,MED024,16,16,0,0,24,59
2026-02-24,ST019,MED025,3,3,0,12,0,30
2026-02-24,ST019,MED026,13,13,0,0,0,54
2026-02-24,ST019,MED027,13,13,0,12,12,50
2026-02-24,ST019,MED028,8,8,0,24,0,58
2026-02-24,ST019,MED029,8,8,0,24,0,81
2026-02-24,ST019,MED030,4,4,0,18,6,41
2026-02-24,ST020,MED001,17,17,0,0,24,61
2026-02-24,ST020,MED002,12,12,0,30,12,66
2026-02-24,ST020,MED003,3,3,0,0,24,33
2026-02-24,ST020,MED004,9,9,0,0,12,59
2026-02-24,ST020,MED005,12,12,0,0,12,32
2026-02-24,ST020,MED006,16,16,0,12,12,35
2026-02-24,ST020,MED007,3,3,0,24,0,36
2026-02-24,ST020,MED008,3,3,0,12,12,26
2026-02-24,ST020,MED009,14,14,0,24,12,58
2026-02-24,ST020,MED010,7,7,0,0,0,19
2026-02-24,ST020,MED011,17,17,0,12,24,47
2026-02-24,ST020,MED012,22,22,0,12,24,49
2026-02-24,ST020,MED013,12,12,0,12,12,30
2026-02-24,ST020,MED014,4,4,0,0,0,31
2026-02-24,ST020,MED015,27,27,0,48,24,48
2026-02-24,ST020,MED016,11,11,0,24,24,39
2026-02-24,ST020,MED017,17,17,0,0,12,25
2026-02-24,ST020,MED018,7,7,0,24,0,46
2026-02-24,ST020,MED019,0,0,0,0,0,39
2026-02-24,ST020,MED020,5,5,0,0,0,50
2026-02-24,ST020,MED021,17,17,0,0,18,48
2026-02-24,ST020,MED022,13,13,0,12,12,44
2026-02-24,ST020,MED023,14,14,0,0,12,4
2026-02-24,ST020,MED024,17,17,0,0,24,36
2026-02-24,ST020,MED025,9,9,0,0,12,7
2026-02-24,ST020,MED026,14,14,0,24,24,50
2026-02-24,ST020,MED027,11,11,0,48,12,87
2026-02-24,ST020,MED028,4,4,0,0,0,31
2026-02-24,ST020,MED029,11,11,0,24,24,52
2026-02-24,ST020,MED030,7,7,0,18,12,38
2026-02-24,ST021,MED001,7,7,0,24,0,65
2026-02-24,ST021,MED002,7,7,0,0,6,32
2026-02-24,ST021,MED003,1,1,0,0,0,1
2026-02-24,ST021,MED004,6,6,0,12,12,35
2026-02-24,ST021,MED005,9,9,0,0,12,29
2026-02-24,ST021,MED006,11,11,0,24,12,45
2026-02-24,ST021,MED007,0,0,0,0,0,30
2026-02-24,ST021,MED008,0,0,0,0,0,31
2026-02-24,ST021,MED009,8,8,0,0,12,46
2026-02-24,ST021,MED010,1,1,0,12,0,31
2026-02-24,ST021,MED011,6,6,0,12,6,50
2026-02-24,ST021,MED012,9,9,0,12,12,42
2026-02-24,ST021,MED013,5,5,0,24,12,38
2026-02-24,ST021,MED014,5,5,0,0,0,27
2026-02-24,ST021,MED015,12,12,0,0,0,40
2026-02-24,ST021,MED016,6,6,0,0,0,32
2026-02-24,ST021,MED017,9,9,0,12,0,32
2026-02-24,ST021,MED018,6,6,0,0,0,23
2026-02-24,ST021,MED019,1,1,0,0,0,22
2026-02-24,ST021,MED020,8,8,0,0,24,20
2026-02-24,ST021,MED021,10,10,0,6,12,16
2026-02-24,ST021,MED022,8,8,0,12,12,28
2026-02-24,ST021,MED023,11,11,0,0,12,42
2026-02-24,ST021,MED024,8,8,0,0,12,43
2026-02-24,ST021,MED025,8,8,0,12,0,26
2026-02-24,ST021,MED026,12,12,0,0,24,37
2026-02-24,ST021,MED027,13,13,0,0,12,20
2026-02-24,ST021,MED028,2,2,0,0,0,32
2026-02-24,ST021,MED029,4,4,0,0,0,30
2026-02-24,ST021,MED030,3,3,0,0,6,19
2026-02-24,ST022,MED001,9,9,0,0,0,57
2026-02-24,ST022,MED002,10,10,0,18,6,29
2026-02-24,ST022,MED003,4,4,0,0,0,13
2026-02-24,ST022,MED004,8,8,0,0,12,23
2026-02-24,ST022,MED005,12,12,0,12,12,41
2026-02-24,ST022,MED006,9,9,0,0,12,22
2026-02-24,ST022,MED007,4,4,0,0,0,34
2026-02-24,ST022,MED008,4,4,0,0,0,18
2026-02-24,ST022,MED009,7,7,0,24,0,55
2026-02-24,ST022,MED010,3,3,0,12,0,27
2026-02-24,ST022,MED011,9,9,0,0,6,27
2026-02-24,ST022,MED012,14,14,0,12,12,35
2026-02-24,ST022,MED013,3,3,0,24,0,34
2026-02-24,ST022,MED014,2,2,0,0,0,28
2026-02-24,ST022,MED015,9,9,0,24,0,76
2026-02-24,ST022,MED016,2,2,0,0,0,25
2026-02-24,ST022,MED017,7,7,0,0,0,45
2026-02-24,ST022,MED018,4,4,0,24,0,44
2026-02-24,ST022,MED019,3,3,0,0,24,23
2026-02-24,ST022,MED020,7,7,0,0,0,41
2026-02-24,ST022,MED021,8,8,0,6,6,40
2026-02-24,ST022,MED022,7,7,0,0,6,7
2026-02-24,ST022,MED023,16,16,0,0,24,28
2026-02-24,ST022,MED024,11,11,0,0,12,50
2026-02-24,ST022,MED025,6,6,0,12,0,39
2026-02-24,ST022,MED026,8,8,0,24,0,58
2026-02-24,ST022,MED027,11,11,0,24,0,68
2026-02-24,ST022,MED028,9,9,0,48,24,39
2026-02-24,ST022,MED029,7,7,0,0,0,39
2026-02-24,ST022,MED030,3,3,0,0,6,6
2026-02-24,ST023,MED001,10,10,0,0,0,35
2026-02-24,ST023,MED002,11,11,0,12,12,46
2026-02-24,ST023,MED003,2,2,0,0,0,35
2026-02-24,ST023,MED004,8,8,0,36,12,42
2026-02-24,ST023,MED005,12,12,0,12,12,19
2026-02-24,ST023,MED006,12,12,0,12,12,33
2026-02-24,ST023,MED007,2,2,0,0,0,27
2026-02-24,ST023,MED008,2,2,0,12,0,20
2026-02-24,ST023,MED009,10,10,0,0,12,22
2026-02-24,ST023,MED010,4,4,0,0,0,16
2026-02-24,ST023,MED011,13,13,0,0,18,22
2026-02-24,ST023,MED012,6,6,0,24,12,42
2026-02-24,ST023,MED013,4,4,0,0,12,16
2026-02-24,ST023,MED014,4,4,0,24,0,37
2026-02-24,ST023,MED015,9,9,0,48,0,67
2026-02-24,ST023,MED016,3,3,0,0,0,40
2026-02-24,ST023,MED017,6,6,0,0,0,27
2026-02-24,ST023,MED018,6,6,0,24,0,35
2026-02-24,ST023,MED019,5,5,0,0,24,25
2026-02-24,ST023,MED020,5,5,0,0,0,21
2026-02-24,ST023,MED021,8,8,0,0,6,38
2026-02-24,ST023,MED022,8,8,0,6,6,37
2026-02-24,ST023,MED023,11,11,0,0,12,47
2026-02-24,ST023,MED024,7,7,0,0,0,64
2026-02-24,ST023,MED025,4,4,0,0,0,34
2026-02-24,ST023,MED026,9,9,0,0,0,46
2026-02-24,ST023,MED027,11,11,0,36,0,69
2026-02-24,ST023,MED028,8,8,0,0,24,45
2026-02-24,ST023,MED029,9,9,0,0,0,51
2026-02-24,ST023,MED030,4,4,0,18,0,35
2026-02-24,ST024,MED001,13,13,0,24,24,59
2026-02-24,ST024,MED002,12,12,0,0,18,24
2026-02-24,ST024,MED003,5,5,0,0,24,26
2026-02-24,ST024,MED004,6,6,0,12,0,35
2026-02-24,ST024,MED005,12,12,0,24,12,27
2026-02-24,ST024,MED006,15,15,0,0,24,35
2026-02-24,ST024,MED007,4,4,0,24,0,38
2026-02-24,ST024,MED008,5,5,0,12,0,28
2026-02-24,ST024,MED009,6,6,0,24,12,47
2026-02-24,ST024,MED010,4,4,0,0,0,24
2026-02-24,ST024,MED011,14,14,0,6,18,50
2026-02-24,ST024,MED012,13,13,0,24,12,43
2026-02-24,ST024,MED013,6,6,0,0,0,11
2026-02-24,ST024,MED014,3,3,0,0,0,50
2026-02-24,ST024,MED015,14,14,0,0,24,41
2026-02-24,ST024,MED016,7,7,0,24,0,53
2026-02-24,ST024,MED017,15,15,0,12,12,35
2026-02-24,ST024,MED018,8,8,0,0,0,19
2026-02-24,ST024,MED019,1,1,0,0,0,19
2026-02-24,ST024,MED020,10,10,0,0,0,34
2026-02-24,ST024,MED021,12,12,0,0,12,25
2026-02-24,ST024,MED022,7,7,0,0,6,36
2026-02-24,ST024,MED023,11,11,0,0,0,44
2026-02-24,ST024,MED024,10,10,0,0,12,55
2026-02-24,ST024,MED025,8,8,0,24,12,36
2026-02-24,ST024,MED026,9,9,0,0,0,63
2026-02-24,ST024,MED027,8,8,0,12,12,54
2026-02-24,ST024,MED028,6,6,0,0,24,42
2026-02-24,ST024,MED029,9,9,0,0,0,42
2026-02-24,ST024,MED030,7,7,0,0,6,16
2026-02-24,ST025,MED001,15,15,0,24,24,76
2026-02-24,ST025,MED002,12,12,0,24,18,61
2026-02-24,ST025,MED003,5,5,0,0,24,21
2026-02-24,ST025,MED004,13,13,0,12,24,38
2026-02-24,ST025,MED005,14,14,0,0,12,29
2026-02-24,ST025,MED006,7,7,0,24,12,66
2026-02-24,ST025,MED007,4,4,0,24,0,35
2026-02-24,ST025,MED008,4,4,0,0,0,22
2026-02-24,ST025,MED009,15,15,0,0,24,41
2026-02-24,ST025,MED010,7,7,0,12,0,22
2026-02-24,ST025,MED011,10,10,0,12,12,46
2026-02-24,ST025,MED012,11,11,0,12,12,43
2026-02-24,ST025,MED013,9,9,0,0,12,19
2026-02-24,ST025,MED014,7,7,0,0,0,44
2026-02-24,ST025,MED015,13,13,0,0,24,64
2026-02-24,ST025,MED016,10,10,0,0,0,27
2026-02-24,ST025,MED017,10,10,0,36,0,58
2026-02-24,ST025,MED018,5,5,0,0,24,25
2026-02-24,ST025,MED019,6,6,0,0,0,17
2026-02-24,ST025,MED020,7,7,0,0,0,27
2026-02-24,ST025,MED021,9,9,0,0,6,33
2026-02-24,ST025,MED022,10,10,0,12,12,48
2026-02-24,ST025,MED023,10,10,0,0,12,43
2026-02-24,ST025,MED024,11,11,0,0,12,41
2026-02-24,ST025,MED025,2,2,0,12,0,48
2026-02-24,ST025,MED026,14,14,0,24,24,58
2026-02-24,ST025,MED027,15,15,0,12,12,38
2026-02-24,ST025,MED028,2,2,0,0,0,34
2026-02-24,ST025,MED029,12,12,0,0,24,18
2026-02-24,ST025,MED030,6,6,0,6,6,27
2026-02-24,ST026,MED001,13,13,0,0,24,42
2026-02-24,ST026,MED002,13,13,0,0,12,43
2026-02-24,ST026,MED003,2,2,0,0,24,27
2026-02-24,ST026,MED004,10,10,0,0,0,48
2026-02-24,ST026,MED005,14,14,0,0,12,42
2026-02-24,ST026,MED006,16,16,0,12,24,48
2026-02-24,ST026,MED007,6,6,0,0,0,31
2026-02-24,ST026,MED008,1,1,0,12,0,37
2026-02-24,ST026,MED009,13,13,0,36,12,68
2026-02-24,ST026,MED010,8,8,0,0,12,14
2026-02-24,ST026,MED011,16,16,0,0,18,48
2026-02-24,ST026,MED012,10,10,0,0,0,56
2026-02-24,ST026,MED013,4,4,0,12,0,47
2026-02-24,ST026,MED014,2,2,0,0,0,29
2026-02-24,ST026,MED015,18,18,0,0,24,60
2026-02-24,ST026,MED016,7,7,0,0,24,38
2026-02-24,ST026,MED017,13,13,0,12,12,50
2026-02-24,ST026,MED018,7,7,0,0,24,49
2026-02-24,ST026,MED019,6,6,0,0,0,13
2026-02-24,ST026,MED020,8,8,0,0,0,39
2026-02-24,ST026,MED021,9,9,0,18,12,50
2026-02-24,ST026,MED022,11,11,0,0,12,24
2026-02-24,ST026,MED023,17,17,0,12,24,28
2026-02-24,ST026,MED024,15,15,0,0,12,61
2026-02-24,ST026,MED025,8,8,0,0,12,20
2026-02-24,ST026,MED026,12,12,0,48,24,71
2026-02-24,ST026,MED027,14,14,0,36,12,45
2026-02-24,ST026,MED028,6,6,0,24,0,48
2026-02-24,ST026,MED029,14,14,0,0,24,48
2026-02-24,ST026,MED030,6,6,0,6,6,31
2026-02-24,ST027,MED001,14,14,0,24,0,55
2026-02-24,ST027,MED002,16,16,0,12,12,76
2026-02-24,ST027,MED003,5,5,0,0,0,12
2026-02-24,ST027,MED004,11,11,0,12,12,33
2026-02-24,ST027,MED005,10,10,0,0,0,27
2026-02-24,ST027,MED006,23,23,0,0,24,38
2026-02-24,ST027,MED007,4,4,0,0,0,26
2026-02-24,ST027,MED008,4,4,0,0,0,25
2026-02-24,ST027,MED009,24,24,0,0,24,29
2026-02-24,ST027,MED010,5,5,0,12,0,27
2026-02-24,ST027,MED011,11,11,0,24,12,41
2026-02-24,ST027,MED012,16,16,0,0,12,65
2026-02-24,ST027,MED013,11,11,0,24,12,43
2026-02-24,ST027,MED014,5,5,0,0,0,25
2026-02-24,ST027,MED015,17,17,0,0,24,61
2026-02-24,ST027,MED016,7,7,0,0,0,56
2026-02-24,ST027,MED017,13,13,0,24,12,73
2026-02-24,ST027,MED018,11,11,0,0,24,48
2026-02-24,ST027,MED019,2,2,0,0,0,27
2026-02-24,ST027,MED020,11,11,0,0,24,45
2026-02-24,ST027,MED021,15,15,0,0,18,36
2026-02-24,ST027,MED022,6,6,0,12,12,34
2026-02-24,ST027,MED023,13,13,0,0,12,40
2026-02-24,ST027,MED024,13,13,0,48,12,78
2026-02-24,ST027,MED025,7,7,0,12,0,46
2026-02-24,ST027,MED026,18,18,0,48,24,89
2026-02-24,ST027,MED027,13,13,0,12,12,61
2026-02-24,ST027,MED028,10,10,0,24,24,54
2026-02-24,ST027,MED029,16,16,0,24,24,49
2026-02-24,ST027,MED030,8,8,0,12,6,31
2026-02-24,ST028,MED001,8,8,0,48,0,53
2026-02-24,ST028,MED002,6,6,0,12,6,21
2026-02-24,ST028,MED003,5,5,0,0,0,24
2026-02-24,ST028,MED004,8,8,0,24,12,37
2026-02-24,ST028,MED005,11,11,0,36,12,41
2026-02-24,ST028,MED006,12,12,0,0,12,27
2026-02-24,ST028,MED007,1,1,0,0,0,27
2026-02-24,ST028,MED008,0,0,0,0,0,9
2026-02-24,ST028,MED009,8,8,0,12,12,34
2026-02-24,ST028,MED010,2,2,0,0,0,18
2026-02-24,ST028,MED011,6,6,0,12,6,32
2026-02-24,ST028,MED012,7,7,0,12,12,41
2026-02-24,ST028,MED013,3,3,0,12,0,37
2026-02-24,ST028,MED014,5,5,0,0,0,23
2026-02-24,ST028,MED015,7,7,0,24,0,49
2026-02-24,ST028,MED016,7,7,0,0,24,35
2026-02-24,ST028,MED017,10,10,0,24,12,46
2026-02-24,ST028,MED018,5,5,0,0,0,4
2026-02-24,ST028,MED019,1,1,0,24,0,35
2026-02-24,ST028,MED020,9,9,0,0,24,18
2026-02-24,ST028,MED021,8,8,0,0,12,10
2026-02-24,ST028,MED022,4,4,0,0,6,26
2026-02-24,ST028,MED023,4,4,0,0,0,36
2026-02-24,ST028,MED024,10,10,0,0,12,21
2026-02-24,ST028,MED025,9,9,0,0,0,23
2026-02-24,ST028,MED026,4,4,0,24,0,47
2026-02-24,ST028,MED027,12,12,0,12,12,18
2026-02-24,ST028,MED028,3,3,0,0,0,44
2026-02-24,ST028,MED029,4,4,0,0,0,39
2026-02-24,ST028,MED030,4,4,0,0,6,16
2026-02-24,ST029,MED001,8,8,0,24,0,70
2026-02-24,ST029,MED002,8,8,0,18,12,48
2026-02-24,ST029,MED003,3,3,0,0,0,27
2026-02-24,ST029,MED004,5,5,0,12,0,40
2026-02-24,ST029,MED005,11,11,0,24,12,50
2026-02-24,ST029,MED006,4,4,0,0,0,22
2026-02-24,ST029,MED007,6,6,0,24,0,28
2026-02-24,ST029,MED008,3,3,0,0,0,15
2026-02-24,ST029,MED009,12,12,0,0,24,36
2026-02-24,ST029,MED010,6,6,0,12,0,10
2026-02-24,ST029,MED011,11,11,0,12,12,33
2026-02-24,ST029,MED012,10,10,0,0,12,21
2026-02-24,ST029,MED013,3,3,0,12,0,27
2026-02-24,ST029,MED014,7,7,0,24,24,34
2026-02-24,ST029,MED015,8,8,0,24,24,48
2026-02-24,ST029,MED016,4,4,0,0,24,38
2026-02-24,ST029,MED017,12,12,0,12,24,30
2026-02-24,ST029,MED018,5,5,0,24,24,43
2026-02-24,ST029,MED019,1,1,0,0,0,32
2026-02-24,ST029,MED020,3,3,0,0,0,42
2026-02-24,ST029,MED021,10,10,0,12,12,31
2026-02-24,ST029,MED022,10,10,0,0,18,15
2026-02-24,ST029,MED023,7,7,0,0,12,16
2026-02-24,ST029,MED024,11,11,0,12,24,41
2026-02-24,ST029,MED025,7,7,0,12,0,19
2026-02-24,ST029,MED026,7,7,0,0,0,59
2026-02-24,ST029,MED027,9,9,0,0,0,27
2026-02-24,ST029,MED028,4,4,0,0,0,19
2026-02-24,ST029,MED029,7,7,0,0,0,40
2026-02-24,ST029,MED030,5,5,0,12,6,26
2026-02-24,ST030,MED001,9,9,0,24,0,42
2026-02-24,ST030,MED002,10,10,0,6,6,53
2026-02-24,ST030,MED003,0,0,0,0,0,19
2026-02-24,ST030,MED004,8,8,0,0,12,14
2026-02-24,ST030,MED005,6,6,0,24,0,43
2026-02-24,ST030,MED006,5,5,0,12,12,44
2026-02-24,ST030,MED007,4,4,0,0,0,30
2026-02-24,ST030,MED008,7,7,0,0,0,29
2026-02-24,ST030,MED009,9,9,0,12,12,29
2026-02-24,ST030,MED010,2,2,0,12,0,28
2026-02-24,ST030,MED011,7,7,0,30,6,32
2026-02-24,ST030,MED012,7,7,0,24,0,56
2026-02-24,ST030,MED013,2,2,0,0,0,37
2026-02-24,ST030,MED014,8,8,0,0,0,23
2026-02-24,ST030,MED015,13,13,0,0,0,39
2026-02-24,ST030,MED016,6,6,0,0,0,37
2026-02-24,ST030,MED017,6,6,0,12,0,33
2026-02-24,ST030,MED018,5,5,0,0,0,45
2026-02-24,ST030,MED019,7,7,0,0,0,30
2026-02-24,ST030,MED020,6,6,0,24,0,51
2026-02-24,ST030,MED021,9,9,0,24,12,37
2026-02-24,ST030,MED022,9,9,0,0,12,27
2026-02-24,ST030,MED023,7,7,0,12,0,46
2026-02-24,ST030,MED024,12,12,0,24,12,47
2026-02-24,ST030,MED025,7,7,0,0,12,21
2026-02-24,ST030,MED026,10,10,0,24,0,50
2026-02-24,ST030,MED027,14,14,0,12,12,38
2026-02-24,ST030,MED028,8,8,0,24,24,43
2026-02-24,ST030,MED029,5,5,0,0,24,27
2026-02-24,ST030,MED030,2,2,0,0,0,30
2026-02-24,ST031,MED001,12,12,0,0,0,33
2026-02-24,ST031,MED002,12,12,0,0,18,31
2026-02-24,ST031,MED003,0,0,0,0,0,44
2026-02-24,ST031,MED004,8,8,0,12,12,33
2026-02-24,ST031,MED005,13,13,0,0,12,38
2026-02-24,ST031,MED006,11,11,0,12,12,29
2026-02-24,ST031,MED007,2,2,0,0,0,29
2026-02-24,ST031,MED008,6,6,0,0,12,2
2026-02-24,ST031,MED009,7,7,0,12,0,41
2026-02-24,ST031,MED010,3,3,0,0,0,26
2026-02-24,ST031,MED011,13,13,0,0,18,29
2026-02-24,ST031,MED012,10,10,0,0,12,6
2026-02-24,ST031,MED013,10,10,0,0,12,5
2026-02-24,ST031,MED014,6,6,0,24,0,23
2026-02-24,ST031,MED015,12,12,0,0,24,60
2026-02-24,ST031,MED016,9,9,0,0,24,25
2026-02-24,ST031,MED017,13,13,0,0,12,50
2026-02-24,ST031,MED018,7,7,0,0,24,44
2026-02-24,ST031,MED019,4,4,0,0,0,13
2026-02-24,ST031,MED020,6,6,0,0,0,39
2026-02-24,ST031,MED021,11,11,0,0,12,37
2026-02-24,ST031,MED022,8,8,0,24,6,28
2026-02-24,ST031,MED023,16,16,0,0,24,43
2026-02-24,ST031,MED024,8,8,0,0,12,40
2026-02-24,ST031,MED025,7,7,0,0,12,17
2026-02-24,ST031,MED026,9,9,0,24,0,56
2026-02-24,ST031,MED027,13,13,0,12,12,41
2026-02-24,ST031,MED028,4,4,0,24,0,60
2026-02-24,ST031,MED029,12,12,0,0,0,28
2026-02-24,ST031,MED030,8,8,0,18,6,22
2026-02-24,ST032,MED001,11,11,0,24,0,58
2026-02-24,ST032,MED002,13,13,0,0,12,24
2026-02-24,ST032,MED003,4,4,0,0,0,41
2026-02-24,ST032,MED004,8,8,0,12,12,36
2026-02-24,ST032,MED005,9,9,0,0,12,61
2026-02-24,ST032,MED006,13,13,0,0,12,40
2026-02-24,ST032,MED007,5,5,0,0,24,31
2026-02-24,ST032,MED008,3,3,0,0,0,19
2026-02-24,ST032,MED009,11,11,0,0,12,40
2026-02-24,ST032,MED010,7,7,0,0,0,37
2026-02-24,ST032,MED011,10,10,0,18,6,58
2026-02-24,ST032,MED012,8,8,0,0,12,12
2026-02-24,ST032,MED013,6,6,0,36,0,54
2026-02-24,ST032,MED014,3,3,0,0,0,44
2026-02-24,ST032,MED015,13,13,0,0,24,39
2026-02-24,ST032,MED016,8,8,0,0,0,39
2026-02-24,ST032,MED017,13,13,0,12,12,31
2026-02-24,ST032,MED018,6,6,0,24,0,30
2026-02-24,ST032,MED019,6,6,0,0,0,27
2026-02-24,ST032,MED020,3,3,0,0,0,48
2026-02-24,ST032,MED021,12,12,0,42,12,70
2026-02-24,ST032,MED022,11,11,0,0,18,26
2026-02-24,ST032,MED023,18,18,0,12,24,47
2026-02-24,ST032,MED024,13,13,0,24,12,58
2026-02-24,ST032,MED025,4,4,0,0,0,40
2026-02-24,ST032,MED026,9,9,0,0,0,82
2026-02-24,ST032,MED027,11,11,0,0,12,35
2026-02-24,ST032,MED028,8,8,0,0,0,36
2026-02-24,ST032,MED029,7,7,0,0,24,54
2026-02-24,ST032,MED030,6,6,0,36,6,31
2026-02-24,ST033,MED001,13,13,0,24,0,57
2026-02-24,ST033,MED002,18,18,0,0,18,59
2026-02-24,ST033,MED003,1,1,0,0,0,26
2026-02-24,ST033,MED004,8,8,0,0,0,50
2026-02-24,ST033,MED005,16,16,0,0,12,18
2026-02-24,ST033,MED006,16,16,0,24,24,58
2026-02-24,ST033,MED007,2,2,0,0,0,23
2026-02-24,ST033,MED008,4,4,0,0,12,28
2026-02-24,ST033,MED009,9,9,0,12,12,64
2026-02-24,ST033,MED010,5,5,0,0,0,28
2026-02-24,ST033,MED011,17,17,0,12,18,47
2026-02-24,ST033,MED012,13,13,0,12,12,64
2026-02-24,ST033,MED013,9,9,0,12,12,41
2026-02-24,ST033,MED014,9,9,0,0,0,41
2026-02-24,ST033,MED015,13,13,0,24,24,68
2026-02-24,ST033,MED016,7,7,0,24,0,46
2026-02-24,ST033,MED017,14,14,0,12,12,44
2026-02-24,ST033,MED018,7,7,0,24,0,47
2026-02-24,ST033,MED019,3,3,0,0,0,21
2026-02-24,ST033,MED020,10,10,0,24,0,51
2026-02-24,ST033,MED021,14,14,0,12,18,50
2026-02-24,ST033,MED022,9,9,0,0,12,29
2026-02-24,ST033,MED023,13,13,0,12,12,67
2026-02-24,ST033,MED024,12,12,0,36,12,50
2026-02-24,ST033,MED025,7,7,0,12,12,43
2026-02-24,ST033,MED026,27,27,0,0,24,41
2026-02-24,ST033,MED027,13,13,0,24,12,60
2026-02-24,ST033,MED028,5,5,0,24,0,54
2026-02-24,ST033,MED029,6,6,0,24,24,50
2026-02-24,ST033,MED030,5,5,0,6,6,21
2026-02-24,ST034,MED001,12,12,0,0,0,81
2026-02-24,ST034,MED002,10,10,0,30,12,53
2026-02-24,ST034,MED003,6,6,0,0,0,24
2026-02-24,ST034,MED004,13,13,0,12,12,54
2026-02-24,ST034,MED005,15,15,0,48,12,63
2026-02-24,ST034,MED006,10,10,0,0,12,63
2026-02-24,ST034,MED007,5,5,0,0,0,42
2026-02-24,ST034,MED008,2,2,0,0,0,19
2026-02-24,ST034,MED009,18,18,0,12,24,54
2026-02-24,ST034,MED010,2,2,0,0,0,31
2026-02-24,ST034,MED011,16,16,0,24,18,41
2026-02-24,ST034,MED012,16,16,0,0,24,43
2026-02-24,ST034,MED013,9,9,0,0,0,35
2026-02-24,ST034,MED014,5,5,0,24,24,47
2026-02-24,ST034,MED015,12,12,0,24,24,81
2026-02-24,ST034,MED016,8,8,0,24,0,45
2026-02-24,ST034,MED017,20,20,0,36,24,71
2026-02-24,ST034,MED018,7,7,0,0,24,56
2026-02-24,ST034,MED019,5,5,0,0,24,31
2026-02-24,ST034,MED020,9,9,0,0,24,60
2026-02-24,ST034,MED021,14,14,0,12,18,29
2026-02-24,ST034,MED022,10,10,0,24,12,42
2026-02-24,ST034,MED023,14,14,0,0,12,27
2026-02-24,ST034,MED024,18,18,0,0,24,30
2026-02-24,ST034,MED025,11,11,0,24,12,46
2026-02-24,ST034,MED026,16,16,0,24,24,71
2026-02-24,ST034,MED027,13,13,0,36,0,52
2026-02-24,ST034,MED028,5,5,0,24,0,62
2026-02-24,ST034,MED029,12,12,0,0,24,53
2026-02-24,ST034,MED030,7,7,0,6,6,17
2026-02-24,ST035,MED001,7,7,0,0,0,32
2026-02-24,ST035,MED002,6,6,0,0,6,30
2026-02-24,ST035,MED003,0,0,0,24,0,34
2026-02-24,ST035,MED004,5,5,0,0,0,34
2026-02-24,ST035,MED005,6,6,0,12,12,50
2026-02-24,ST035,MED006,10,10,0,12,0,33
2026-02-24,ST035,MED007,2,2,0,0,0,27
2026-02-24,ST035,MED008,6,6,0,0,0,7
2026-02-24,ST035,MED009,4,4,0,24,12,33
2026-02-24,ST035,MED010,5,5,0,0,0,23
2026-02-24,ST035,MED011,8,8,0,24,6,47
2026-02-24,ST035,MED012,7,7,0,0,0,45
2026-02-24,ST035,MED013,0,0,0,12,0,27
2026-02-24,ST035,MED014,4,4,0,0,0,26
2026-02-24,ST035,MED015,11,11,0,0,0,21
2026-02-24,ST035,MED016,8,8,0,0,0,28
2026-02-24,ST035,MED017,12,12,0,0,12,34
2026-02-24,ST035,MED018,5,5,0,0,0,17
2026-02-24,ST035,MED019,0,0,0,0,0,8
2026-02-24,ST035,MED020,4,4,0,24,0,55
2026-02-24,ST035,MED021,8,8,0,6,12,41
2026-02-24,ST035,MED022,3,3,0,6,0,28
2026-02-24,ST035,MED023,8,8,0,12,0,44
2026-02-24,ST035,MED024,7,7,0,0,12,36
2026-02-24,ST035,MED025,7,7,0,0,12,20
2026-02-24,ST035,MED026,8,8,0,24,0,72
2026-02-24,ST035,MED027,12,12,0,12,12,29
2026-02-24,ST035,MED028,4,4,0,0,0,32
2026-02-24,ST035,MED029,8,8,0,24,0,67
2026-02-24,ST035,MED030,1,1,0,0,0,24
2026-02-24,ST036,MED001,8,8,0,0,0,36
2026-02-24,ST036,MED002,11,11,0,6,12,31
2026-02-24,ST036,MED003,5,5,0,0,24,16
2026-02-24,ST036,MED004,7,7,0,0,12,23
2026-02-24,ST036,MED005,11,11,0,12,12,40
2026-02-24,ST036,MED006,5,5,0,24,0,46
2026-02-24,ST036,MED007,2,2,0,0,0,35
2026-02-24,ST036,MED008,1,1,0,0,12,17
2026-02-24,ST036,MED009,9,9,0,36,0,31
2026-02-24,ST036,MED010,2,2,0,0,0,9
2026-02-24,ST036,MED011,9,9,0,0,12,35
2026-02-24,ST036,MED012,9,9,0,12,12,41
2026-02-24,ST036,MED013,4,4,0,24,0,47
2026-02-24,ST036,MED014,3,3,0,0,0,41
2026-02-24,ST036,MED015,6,6,0,0,0,25
2026-02-24,ST036,MED016,10,10,0,24,0,51
2026-02-24,ST036,MED017,12,12,0,12,12,39
2026-02-24,ST036,MED018,8,8,0,0,24,13
2026-02-24,ST036,MED019,0,0,0,0,0,36
2026-02-24,ST036,MED020,7,7,0,24,0,33
2026-02-24,ST036,MED021,8,8,0,6,12,40
2026-02-24,ST036,MED022,7,7,0,0,12,31
2026-02-24,ST036,MED023,13,13,0,0,12,18
2026-02-24,ST036,MED024,13,13,0,12,24,24
2026-02-24,ST036,MED025,3,3,0,0,12,21
2026-02-24,ST036,MED026,8,8,0,24,24,41
2026-02-24,ST036,MED027,11,11,0,0,12,36
2026-02-24,ST036,MED028,5,5,0,0,0,24
2026-02-24,ST036,MED029,10,10,0,0,0,42
2026-02-24,ST036,MED030,2,2,0,12,0,36
2026-02-24,ST037,MED001,5,5,0,0,0,43
2026-02-24,ST037,MED002,11,11,0,36,12,56
2026-02-24,ST037,MED003,3,3,0,0,0,36
2026-02-24,ST037,MED004,8,8,0,24,12,32
2026-02-24,ST037,MED005,11,11,0,36,12,61
2026-02-24,ST037,MED006,10,10,0,0,12,38
2026-02-24,ST037,MED007,0,0,0,0,0,28
2026-02-24,ST037,MED008,1,1,0,0,0,20
2026-02-24,ST037,MED009,10,10,0,0,12,19
2026-02-24,ST037,MED010,0,0,0,0,0,5
2026-02-24,ST037,MED011,11,11,0,12,12,31
2026-02-24,ST037,MED012,8,8,0,24,12,51
2026-02-24,ST037,MED013,3,3,0,0,0,41
2026-02-24,ST037,MED014,9,9,0,0,24,6
2026-02-24,ST037,MED015,12,12,0,0,0,27
2026-02-24,ST037,MED016,8,8,0,24,24,56
2026-02-24,ST037,MED017,8,8,0,24,0,51
2026-02-24,ST037,MED018,3,3,0,0,0,43
2026-02-24,ST037,MED019,4,4,0,0,0,25
2026-02-24,ST037,MED020,8,8,0,0,24,26
2026-02-24,ST037,MED021,4,4,0,6,0,35
2026-02-24,ST037,MED022,7,7,0,18,6,32
2026-02-24,ST037,MED023,11,11,0,24,12,49
2026-02-24,ST037,MED024,10,10,0,12,12,61
2026-02-24,ST037,MED025,6,6,0,0,12,33
2026-02-24,ST037,MED026,8,8,0,0,0,48
2026-02-24,ST037,MED027,13,13,0,12,12,46
2026-02-24,ST037,MED028,6,6,0,0,0,46
2026-02-24,ST037,MED029,6,6,0,0,0,47
2026-02-24,ST037,MED030,4,4,0,0,6,15
2026-02-24,ST038,MED001,9,9,0,24,24,77
2026-02-24,ST038,MED002,11,11,0,18,12,61
2026-02-24,ST038,MED003,2,2,0,0,0,31
2026-02-24,ST038,MED004,9,9,0,0,12,35
2026-02-24,ST038,MED005,14,14,0,24,12,64
2026-02-24,ST038,MED006,8,8,0,0,12,53
2026-02-24,ST038,MED007,6,6,0,0,24,21
2026-02-24,ST038,MED008,1,1,0,0,0,21
2026-02-24,ST038,MED009,10,10,0,0,12,32
2026-02-24,ST038,MED010,5,5,0,12,0,23
2026-02-24,ST038,MED011,9,9,0,12,6,32
2026-02-24,ST038,MED012,12,12,0,0,24,50
2026-02-24,ST038,MED013,10,10,0,24,12,42
2026-02-24,ST038,MED014,6,6,0,0,0,37
2026-02-24,ST038,MED015,12,12,0,0,0,67
2026-02-24,ST038,MED016,8,8,0,24,0,47
2026-02-24,ST038,MED017,11,11,0,0,12,54
2026-02-24,ST038,MED018,7,7,0,0,0,27
2026-02-24,ST038,MED019,0,0,0,0,0,40
2026-02-24,ST038,MED020,11,11,0,0,0,40
2026-02-24,ST038,MED021,10,10,0,6,6,33
2026-02-24,ST038,MED022,7,7,0,0,6,37
2026-02-24,ST038,MED023,13,13,0,0,12,32
2026-02-24,ST038,MED024,13,13,0,12,12,50
2026-02-24,ST038,MED025,6,6,0,12,12,47
2026-02-24,ST038,MED026,10,10,0,0,0,42
2026-02-24,ST038,MED027,16,16,0,12,24,49
2026-02-24,ST038,MED028,2,2,0,0,0,22
2026-02-24,ST038,MED029,9,9,0,24,24,53
2026-02-24,ST038,MED030,7,7,0,0,6,9
2026-02-24,ST039,MED001,11,11,0,24,24,42
2026-02-24,ST039,MED002,25,25,0,12,36,12
2026-02-24,ST039,MED003,4,4,0,0,0,24
2026-02-24,ST039,MED004,11,11,0,0,12,14
2026-02-24,ST039,MED005,16,16,0,0,24,29
2026-02-24,ST039,MED006,9,9,0,12,12,47
2026-02-24,ST039,MED007,2,2,0,24,0,41
2026-02-24,ST039,MED008,5,5,0,0,0,13
2026-02-24,ST039,MED009,10,10,0,24,12,37
2026-02-24,ST039,MED010,6,6,0,0,12,37
2026-02-24,ST039,MED011,12,12,0,12,6,20
2026-02-24,ST039,MED012,14,14,0,0,24,29
2026-02-24,ST039,MED013,16,16,0,0,24,27
2026-02-24,ST039,MED014,4,4,0,0,24,40
2026-02-24,ST039,MED015,10,10,0,24,24,73
2026-02-24,ST039,MED016,7,7,0,0,0,30
2026-02-24,ST039,MED017,13,13,0,12,12,45
2026-02-24,ST039,MED018,8,8,0,0,0,17
2026-02-24,ST039,MED019,5,5,0,0,0,11
2026-02-24,ST039,MED020,12,12,0,0,0,21
2026-02-24,ST039,MED021,10,10,0,30,6,57
2026-02-24,ST039,MED022,10,10,0,0,12,8
2026-02-24,ST039,MED023,15,15,0,0,24,45
2026-02-24,ST039,MED024,14,14,0,12,12,62
2026-02-24,ST039,MED025,5,5,0,0,0,38
2026-02-24,ST039,MED026,13,13,0,24,24,58
2026-02-24,ST039,MED027,11,11,0,0,0,64
2026-02-24,ST039,MED028,9,9,0,24,0,29
2026-02-24,ST039,MED029,9,9,0,0,24,50
2026-02-24,ST039,MED030,2,2,0,6,0,36
2026-02-24,ST040,MED001,15,15,0,0,24,37
2026-02-24,ST040,MED002,15,15,0,18,18,42
2026-02-24,ST040,MED003,5,5,0,0,0,27
2026-02-24,ST040,MED004,9,9,0,12,0,43
2026-02-24,ST040,MED005,12,12,0,24,12,40
2026-02-24,ST040,MED006,12,12,0,36,12,56
2026-02-24,ST040,MED007,4,4,0,0,24,4
2026-02-24,ST040,MED008,3,3,0,0,0,15
2026-02-24,ST040,MED009,12,12,0,24,12,54
2026-02-24,ST040,MED010,4,4,0,12,0,38
2026-02-24,ST040,MED011,11,11,0,12,6,56
2026-02-24,ST040,MED012,11,11,0,48,12,82
2026-02-24,ST040,MED013,9,9,0,0,12,19
2026-02-24,ST040,MED014,11,11,0,0,0,12
2026-02-24,ST040,MED015,14,14,0,24,24,84
2026-02-24,ST040,MED016,9,9,0,0,24,7
2026-02-24,ST040,MED017,15,15,0,0,12,23
2026-02-24,ST040,MED018,10,10,0,0,0,35
2026-02-24,ST040,MED019,1,1,0,0,0,15
2026-02-24,ST040,MED020,9,9,0,0,24,58
2026-02-24,ST040,MED021,11,11,0,0,12,45
2026-02-24,ST040,MED022,7,7,0,24,6,27
2026-02-24,ST040,MED023,11,11,0,0,12,35
2026-02-24,ST040,MED024,15,15,0,12,24,70
2026-02-24,ST040,MED025,8,8,0,12,0,25
2026-02-24,ST040,MED026,14,14,0,0,24,46
2026-02-24,ST040,MED027,23,23,0,0,24,15
2026-02-24,ST040,MED028,8,8,0,0,24,46
2026-02-24,ST040,MED029,9,9,0,24,0,92
2026-02-24,ST040,MED030,7,7,0,0,6,19
2026-02-25,ST001,MED001,7,7,0,0,0,36
2026-02-25,ST001,MED002,9,9,0,18,12,49
2026-02-25,ST001,MED003,2,2,0,0,0,34
2026-02-25,ST001,MED004,8,8,0,12,12,44
2026-02-25,ST001,MED005,10,10,0,12,12,37
2026-02-25,ST001,MED006,10,10,0,0,12,36
2026-02-25,ST001,MED007,2,2,0,0,0,15
2026-02-25,ST001,MED008,4,4,0,0,0,12
2026-02-25,ST001,MED009,12,12,0,24,24,27
2026-02-25,ST001,MED010,4,4,0,0,12,36
2026-02-25,ST001,MED011,11,11,0,6,12,43
2026-02-25,ST001,MED012,13,13,0,12,24,27
2026-02-25,ST001,MED013,6,6,0,12,0,41
2026-02-25,ST001,MED014,3,3,0,0,0,47
2026-02-25,ST001,MED015,11,11,0,0,24,38
2026-02-25,ST001,MED016,6,6,0,0,0,38
2026-02-25,ST001,MED017,13,13,0,0,12,26
2026-02-25,ST001,MED018,4,4,0,0,0,31
2026-02-25,ST001,MED019,4,4,0,0,0,34
2026-02-25,ST001,MED020,9,9,0,0,0,21
2026-02-25,ST001,MED021,8,8,0,6,12,27
2026-02-25,ST001,MED022,8,8,0,6,12,15
2026-02-25,ST001,MED023,9,9,0,0,0,44
2026-02-25,ST001,MED024,7,7,0,24,0,44
2026-02-25,ST001,MED025,5,4,1,0,0,0
2026-02-25,ST001,MED026,10,10,0,0,0,53
2026-02-25,ST001,MED027,11,11,0,12,0,39
2026-02-25,ST001,MED028,5,5,0,0,0,37
2026-02-25,ST001,MED029,9,9,0,0,24,45
2026-02-25,ST001,MED030,3,3,0,0,0,20
2026-02-25,ST002,MED001,11,11,0,0,24,56
2026-02-25,ST002,MED002,13,13,0,24,12,33
2026-02-25,ST002,MED003,4,4,0,0,0,34
2026-02-25,ST002,MED004,1,1,0,12,0,30
2026-02-25,ST002,MED005,13,13,0,12,12,43
2026-02-25,ST002,MED006,10,10,0,12,12,42
2026-02-25,ST002,MED007,3,3,0,0,0,11
2026-02-25,ST002,MED008,0,0,0,12,0,34
2026-02-25,ST002,MED009,13,13,0,24,12,31
2026-02-25,ST002,MED010,2,2,0,0,0,13
2026-02-25,ST002,MED011,10,10,0,0,12,37
2026-02-25,ST002,MED012,9,9,0,0,12,29
2026-02-25,ST002,MED013,6,6,0,0,12,22
2026-02-25,ST002,MED014,2,2,0,0,0,36
2026-02-25,ST002,MED015,11,11,0,24,0,71
2026-02-25,ST002,MED016,4,4,0,0,0,30
2026-02-25,ST002,MED017,10,10,0,12,12,54
2026-02-25,ST002,MED018,6,6,0,0,24,33
2026-02-25,ST002,MED019,1,1,0,0,0,27
2026-02-25,ST002,MED020,5,5,0,0,24,42
2026-02-25,ST002,MED021,8,8,0,30,6,45
2026-02-25,ST002,MED022,9,9,0,6,12,27
2026-02-25,ST002,MED023,9,9,0,12,12,44
2026-02-25,ST002,MED024,11,11,0,24,12,58
2026-02-25,ST002,MED025,0,0,0,0,0,34
2026-02-25,ST002,MED026,8,8,0,24,0,58
2026-02-25,ST002,MED027,10,10,0,0,12,42
2026-02-25,ST002,MED028,6,6,0,0,24,24
2026-02-25,ST002,MED029,8,8,0,0,24,36
2026-02-25,ST002,MED030,5,5,0,0,6,25
2026-02-25,ST003,MED001,10,10,0,0,24,64
2026-02-25,ST003,MED002,12,12,0,6,12,42
2026-02-25,ST003,MED003,1,1,0,0,0,37
2026-02-25,ST003,MED004,9,9,0,0,12,29
2026-02-25,ST003,MED005,8,8,0,12,12,68
2026-02-25,ST003,MED006,13,13,0,12,12,44
2026-02-25,ST003,MED007,3,3,0,0,24,21
2026-02-25,ST003,MED008,3,3,0,0,0,9
2026-02-25,ST003,MED009,9,9,0,0,12,43
2026-02-25,ST003,MED010,5,5,0,12,0,19
2026-02-25,ST003,MED011,11,11,0,12,6,29
2026-02-25,ST003,MED012,9,9,0,0,12,25
2026-02-25,ST003,MED013,8,8,0,0,12,38
2026-02-25,ST003,MED014,2,2,0,48,0,46
2026-02-25,ST003,MED015,11,11,0,0,0,29
2026-02-25,ST003,MED016,5,5,0,0,0,30
2026-02-25,ST003,MED017,18,18,0,24,24,67
2026-02-25,ST003,MED018,2,2,0,24,0,58
2026-02-25,ST003,MED019,8,6,2,0,24,0
2026-02-25,ST003,MED020,4,4,0,24,0,35
2026-02-25,ST003,MED021,14,14,0,6,18,17
2026-02-25,ST003,MED022,6,6,0,18,6,27
2026-02-25,ST003,MED023,14,14,0,0,12,30
2026-02-25,ST003,MED024,9,9,0,0,12,51
2026-02-25,ST003,MED025,7,7,0,12,0,34
2026-02-25,ST003,MED026,10,10,0,24,0,55
2026-02-25,ST003,MED027,11,11,0,0,12,46
2026-02-25,ST003,MED028,8,8,0,24,0,46
2026-02-25,ST003,MED029,18,18,0,24,24,51
2026-02-25,ST003,MED030,2,2,0,6,0,33
2026-02-25,ST004,MED001,12,12,0,0,24,32
2026-02-25,ST004,MED002,13,13,0,24,12,39
2026-02-25,ST004,MED003,2,2,0,0,0,10
2026-02-25,ST004,MED004,10,10,0,0,12,41
2026-02-25,ST004,MED005,15,15,0,12,24,42
2026-02-25,ST004,MED006,12,12,0,0,12,16
2026-02-25,ST004,MED007,3,3,0,0,0,28
2026-02-25,ST004,MED008,4,4,0,0,0,20
2026-02-25,ST004,MED009,9,9,0,24,12,63
2026-02-25,ST004,MED010,8,8,0,0,12,15
2026-02-25,ST004,MED011,13,13,0,12,12,58
2026-02-25,ST004,MED012,11,11,0,12,12,28
2026-02-25,ST004,MED013,8,8,0,0,0,38
2026-02-25,ST004,MED014,4,4,0,0,24,36
2026-02-25,ST004,MED015,14,14,0,0,0,83
2026-02-25,ST004,MED016,7,7,0,24,24,53
2026-02-25,ST004,MED017,17,17,0,12,12,44
2026-02-25,ST004,MED018,6,6,0,24,24,41
2026-02-25,ST004,MED019,4,4,0,0,0,12
2026-02-25,ST004,MED020,8,8,0,24,24,56
2026-02-25,ST004,MED021,13,13,0,18,12,50
2026-02-25,ST004,MED022,6,6,0,6,0,23
2026-02-25,ST004,MED023,14,14,0,12,12,59
2026-02-25,ST004,MED024,14,14,0,12,12,51
2026-02-25,ST004,MED025,8,8,0,0,0,46
2026-02-25,ST004,MED026,12,12,0,0,24,71
2026-02-25,ST004,MED027,14,14,0,0,12,54
2026-02-25,ST004,MED028,7,7,0,0,0,40
2026-02-25,ST004,MED029,12,12,0,0,24,49
2026-02-25,ST004,MED030,1,1,0,6,0,35
2026-02-25,ST005,MED001,15,15,0,0,24,45
2026-02-25,ST005,MED002,15,15,0,12,18,50
2026-02-25,ST005,MED003,5,5,0,0,24,25
2026-02-25,ST005,MED004,10,10,0,12,12,40
2026-02-25,ST005,MED005,14,14,0,48,12,70
2026-02-25,ST005,MED006,14,14,0,12,12,38
2026-02-25,ST005,MED007,3,3,0,0,0,23
2026-02-25,ST005,MED008,4,4,0,12,12,22
2026-02-25,ST005,MED009,10,10,0,24,12,58
2026-02-25,ST005,MED010,5,5,0,0,0,26
2026-02-25,ST005,MED011,13,13,0,0,12,37
2026-02-25,ST005,MED012,12,12,0,0,12,35
2026-02-25,ST005,MED013,8,8,0,0,12,34
2026-02-25,ST005,MED014,0,0,0,0,0,47
2026-02-25,ST005,MED015,13,13,0,24,24,62
2026-02-25,ST005,MED016,7,7,0,0,0,47
2026-02-25,ST005,MED017,13,13,0,12,12,33
2026-02-25,ST005,MED018,8,7,1,0,24,0
2026-02-25,ST005,MED019,3,3,0,0,0,13
2026-02-25,ST005,MED020,11,11,0,24,0,51
2026-02-25,ST005,MED021,11,11,0,0,12,60
2026-02-25,ST005,MED022,11,11,0,12,12,40
2026-02-25,ST005,MED023,12,12,0,24,12,57
2026-02-25,ST005,MED024,12,12,0,0,12,30
2026-02-25,ST005,MED025,10,10,0,0,12,23
2026-02-25,ST005,MED026,16,16,0,0,24,65
2026-02-25,ST005,MED027,18,18,0,36,12,45
2026-02-25,ST005,MED028,4,4,0,24,0,47
2026-02-25,ST005,MED029,8,8,0,0,24,35
2026-02-25,ST005,MED030,6,6,0,0,6,32
2026-02-25,ST006,MED001,15,15,0,0,24,57
2026-02-25,ST006,MED002,15,15,0,24,18,57
2026-02-25,ST006,MED003,7,7,0,0,0,17
2026-02-25,ST006,MED004,10,10,0,0,12,41
2026-02-25,ST006,MED005,10,10,0,24,12,62
2026-02-25,ST006,MED006,10,10,0,0,12,45
2026-02-25,ST006,MED007,0,0,0,0,0,44
2026-02-25,ST006,MED008,6,6,0,0,0,17
2026-02-25,ST006,MED009,15,15,0,0,12,59
2026-02-25,ST006,MED010,6,6,0,0,12,19
2026-02-25,ST006,MED011,12,12,0,18,12,65
2026-02-25,ST006,MED012,10,10,0,12,12,45
2026-02-25,ST006,MED013,13,13,0,24,12,54
2026-02-25,ST006,MED014,9,9,0,0,0,39
2026-02-25,ST006,MED015,15,15,0,0,0,77
2026-02-25,ST006,MED016,10,10,0,0,0,26
2026-02-25,ST006,MED017,13,13,0,0,12,69
2026-02-25,ST006,MED018,8,8,0,0,0,21
2026-02-25,ST006,MED019,3,3,0,0,24,28
2026-02-25,ST006,MED020,12,12,0,48,24,71
2026-02-25,ST006,MED021,13,13,0,36,12,56
2026-02-25,ST006,MED022,13,13,0,24,12,34
2026-02-25,ST006,MED023,12,12,0,12,12,33
2026-02-25,ST006,MED024,20,20,0,12,24,47
2026-02-25,ST006,MED025,7,7,0,12,12,40
2026-02-25,ST006,MED026,17,17,0,0,24,57
2026-02-25,ST006,MED027,14,14,0,12,12,71
2026-02-25,ST006,MED028,6,6,0,0,24,32
2026-02-25,ST006,MED029,14,14,0,24,24,42
2026-02-25,ST006,MED030,7,7,0,0,6,17
2026-02-25,ST007,MED001,8,8,0,0,0,47
2026-02-25,ST007,MED002,10,10,0,12,6,16
2026-02-25,ST007,MED003,4,4,0,0,0,24
2026-02-25,ST007,MED004,8,8,0,12,12,23
2026-02-25,ST007,MED005,10,10,0,12,12,19
2026-02-25,ST007,MED006,10,10,0,0,12,29
2026-02-25,ST007,MED007,0,0,0,0,0,34
2026-02-25,ST007,MED008,5,5,0,0,0,13
2026-02-25,ST007,MED009,8,8,0,12,12,33
2026-02-25,ST007,MED010,1,1,0,0,0,3
2026-02-25,ST007,MED011,11,11,0,0,12,36
2026-02-25,ST007,MED012,15,15,0,12,24,32
2026-02-25,ST007,MED013,4,4,0,12,0,24
2026-02-25,ST007,MED014,2,2,0,0,0,31
2026-02-25,ST007,MED015,14,14,0,0,24,25
2026-02-25,ST007,MED016,9,9,0,0,0,39
2026-02-25,ST007,MED017,10,10,0,12,12,9
2026-02-25,ST007,MED018,5,5,0,0,24,38
2026-02-25,ST007,MED019,5,5,0,0,24,22
2026-02-25,ST007,MED020,4,4,0,0,24,13
2026-02-25,ST007,MED021,11,11,0,6,12,22
2026-02-25,ST007,MED022,3,3,0,0,6,13
2026-02-25,ST007,MED023,5,5,0,0,0,43
2026-02-25,ST007,MED024,12,12,0,0,12,36
2026-02-25,ST007,MED025,4,4,0,0,0,28
2026-02-25,ST007,MED026,6,6,0,24,24,35
2026-02-25,ST007,MED027,10,10,0,12,12,45
2026-02-25,ST007,MED028,3,3,0,0,0,46
2026-02-25,ST007,MED029,6,6,0,0,24,30
2026-02-25,ST007,MED030,5,5,0,18,0,31
2026-02-25,ST008,MED001,8,8,0,24,0,59
2026-02-25,ST008,MED002,11,11,0,42,12,41
2026-02-25,ST008,MED003,0,0,0,0,0,14
2026-02-25,ST008,MED004,8,8,0,12,12,29
2026-02-25,ST008,MED005,12,12,0,0,12,34
2026-02-25,ST008,MED006,10,10,0,0,12,39
2026-02-25,ST008,MED007,1,1,0,0,0,18
2026-02-25,ST008,MED008,2,2,0,0,0,26
2026-02-25,ST008,MED009,11,11,0,0,12,28
2026-02-25,ST008,MED010,4,4,0,12,0,27
2026-02-25,ST008,MED011,8,8,0,6,12,42
2026-02-25,ST008,MED012,8,8,0,36,12,43
2026-02-25,ST008,MED013,7,7,0,0,0,18
2026-02-25,ST008,MED014,2,2,0,0,0,29
2026-02-25,ST008,MED015,8,8,0,0,24,51
2026-02-25,ST008,MED016,6,6,0,0,0,38
2026-02-25,ST008,MED017,9,9,0,0,12,48
2026-02-25,ST008,MED018,5,5,0,0,0,45
2026-02-25,ST008,MED019,3,3,0,0,0,16
2026-02-25,ST008,MED020,3,3,0,24,0,48
2026-02-25,ST008,MED021,8,8,0,18,0,38
2026-02-25,ST008,MED022,5,5,0,12,0,18
2026-02-25,ST008,MED023,12,12,0,36,12,52
2026-02-25,ST008,MED024,7,7,0,12,0,52
2026-02-25,ST008,MED025,8,8,0,0,12,18
2026-02-25,ST008,MED026,13,13,0,24,0,71
2026-02-25,ST008,MED027,9,9,0,12,0,50
2026-02-25,ST008,MED028,4,4,0,24,0,43
2026-02-25,ST008,MED029,16,16,0,0,24,40
2026-02-25,ST008,MED030,2,2,0,6,0,13
2026-02-25,ST009,MED001,12,12,0,0,0,35
2026-02-25,ST009,MED002,8,8,0,0,6,45
2026-02-25,ST009,MED003,4,4,0,0,24,27
2026-02-25,ST009,MED004,8,8,0,0,0,36
2026-02-25,ST009,MED005,10,10,0,12,12,51
2026-02-25,ST009,MED006,16,16,0,0,24,6
2026-02-25,ST009,MED007,5,5,0,0,0,32
2026-02-25,ST009,MED008,0,0,0,0,0,22
2026-02-25,ST009,MED009,9,9,0,0,0,23
2026-02-25,ST009,MED010,2,2,0,0,0,18
2026-02-25,ST009,MED011,12,12,0,18,12,42
2026-02-25,ST009,MED012,7,7,0,0,0,57
2026-02-25,ST009,MED013,6,6,0,24,12,44
2026-02-25,ST009,MED014,4,4,0,24,0,36
2026-02-25,ST009,MED015,16,16,0,0,24,74
2026-02-25,ST009,MED016,10,10,0,0,0,40
2026-02-25,ST009,MED017,5,5,0,36,0,55
2026-02-25,ST009,MED018,4,4,0,24,0,32
2026-02-25,ST009,MED019,4,4,0,0,0,21
2026-02-25,ST009,MED020,3,3,0,24,0,21
2026-02-25,ST009,MED021,5,5,0,0,6,42
2026-02-25,ST009,MED022,10,10,0,18,12,26
2026-02-25,ST009,MED023,12,12,0,0,12,33
2026-02-25,ST009,MED024,11,11,0,36,12,55
2026-02-25,ST009,MED025,2,2,0,0,0,29
2026-02-25,ST009,MED026,13,13,0,24,24,66
2026-02-25,ST009,MED027,12,12,0,24,12,47
2026-02-25,ST009,MED028,5,5,0,0,24,23
2026-02-25,ST009,MED029,7,7,0,0,0,37
2026-02-25,ST009,MED030,1,1,0,6,0,30
2026-02-25,ST010,MED001,21,21,0,0,24,48
2026-02-25,ST010,MED002,14,14,0,24,18,56
2026-02-25,ST010,MED003,4,4,0,0,0,21
2026-02-25,ST010,MED004,13,13,0,0,12,27
2026-02-25,ST010,MED005,9,9,0,0,12,33
2026-02-25,ST010,MED006,11,11,0,0,12,45
2026-02-25,ST010,MED007,2,2,0,0,0,14
2026-02-25,ST010,MED008,3,3,0,0,12,10
2026-02-25,ST010,MED009,13,13,0,36,12,38
2026-02-25,ST010,MED010,2,2,0,24,12,40
2026-02-25,ST010,MED011,11,11,0,18,6,44
2026-02-25,ST010,MED012,11,11,0,0,12,24
2026-02-25,ST010,MED013,6,6,0,36,12,53
2026-02-25,ST010,MED014,5,5,0,0,0,40
2026-02-25,ST010,MED015,13,13,0,48,24,92
2026-02-25,ST010,MED016,9,9,0,0,24,18
2026-02-25,ST010,MED017,12,12,0,0,12,57
2026-02-25,ST010,MED018,9,9,0,0,24,24
2026-02-25,ST010,MED019,4,4,0,0,24,14
2026-02-25,ST010,MED020,6,6,0,24,0,56
2026-02-25,ST010,MED021,17,17,0,12,18,38
2026-02-25,ST010,MED022,7,7,0,12,6,29
2026-02-25,ST010,MED023,8,8,0,0,12,24
2026-02-25,ST010,MED024,11,11,0,12,0,52
2026-02-25,ST010,MED025,7,7,0,0,0,30
2026-02-25,ST010,MED026,13,13,0,0,24,34
2026-02-25,ST010,MED027,12,12,0,24,12,37
2026-02-25,ST010,MED028,5,5,0,0,0,17
2026-02-25,ST010,MED029,8,8,0,24,0,38
2026-02-25,ST010,MED030,1,1,0,0,0,31
2026-02-25,ST011,MED001,15,15,0,24,24,70
2026-02-25,ST011,MED002,16,16,0,12,12,46
2026-02-25,ST011,MED003,0,0,0,24,0,54
2026-02-25,ST011,MED004,11,11,0,12,12,37
2026-02-25,ST011,MED005,13,13,0,0,24,30
2026-02-25,ST011,MED006,10,10,0,0,12,27
2026-02-25,ST011,MED007,6,6,0,24,0,43
2026-02-25,ST011,MED008,0,0,0,0,0,26
2026-02-25,ST011,MED009,9,9,0,24,12,57
2026-02-25,ST011,MED010,5,5,0,0,12,32
2026-02-25,ST011,MED011,10,10,0,18,6,37
2026-02-25,ST011,MED012,12,12,0,0,12,54
2026-02-25,ST011,MED013,7,7,0,0,0,29
2026-02-25,ST011,MED014,7,7,0,0,24,15
2026-02-25,ST011,MED015,13,13,0,24,0,53
2026-02-25,ST011,MED016,9,9,0,0,24,33
2026-02-25,ST011,MED017,9,9,0,24,0,66
2026-02-25,ST011,MED018,7,7,0,24,0,59
2026-02-25,ST011,MED019,5,5,0,0,0,14
2026-02-25,ST011,MED020,10,10,0,0,24,52
2026-02-25,ST011,MED021,13,13,0,6,12,29
2026-02-25,ST011,MED022,6,6,0,6,6,27
2026-02-25,ST011,MED023,10,10,0,24,12,49
2026-02-25,ST011,MED024,18,18,0,12,24,31
2026-02-25,ST011,MED025,7,7,0,0,0,16
2026-02-25,ST011,MED026,12,12,0,0,0,62
2026-02-25,ST011,MED027,13,13,0,12,12,40
2026-02-25,ST011,MED028,6,6,0,0,0,48
2026-02-25,ST011,MED029,8,8,0,24,24,69
2026-02-25,ST011,MED030,5,5,0,0,6,24
2026-02-25,ST012,MED001,17,17,0,0,24,59
2026-02-25,ST012,MED002,16,16,0,0,18,26
2026-02-25,ST012,MED003,3,3,0,0,0,20
2026-02-25,ST012,MED004,10,10,0,0,12,42
2026-02-25,ST012,MED005,17,17,0,24,12,48
2026-02-25,ST012,MED006,16,16,0,24,24,50
2026-02-25,ST012,MED007,0,0,0,0,0,27
2026-02-25,ST012,MED008,5,5,0,0,0,27
2026-02-25,ST012,MED009,16,16,0,0,24,36
2026-02-25,ST012,MED010,4,4,0,24,0,31
2026-02-25,ST012,MED011,23,23,0,12,24,26
2026-02-25,ST012,MED012,24,24,0,0,36,32
2026-02-25,ST012,MED013,8,8,0,0,12,38
2026-02-25,ST012,MED014,7,7,0,0,0,52
2026-02-25,ST012,MED015,14,14,0,24,24,82
2026-02-25,ST012,MED016,11,11,0,48,0,63
2026-02-25,ST012,MED017,15,15,0,12,24,63
2026-02-25,ST012,MED018,9,9,0,0,24,31
2026-02-25,ST012,MED019,4,4,0,24,0,40
2026-02-25,ST012,MED020,5,5,0,48,0,67
2026-02-25,ST012,MED021,11,11,0,30,12,77
2026-02-25,ST012,MED022,4,4,0,6,0,18
2026-02-25,ST012,MED023,11,11,0,0,12,41
2026-02-25,ST012,MED024,13,13,0,0,12,48
2026-02-25,ST012,MED025,5,5,0,12,0,27
2026-02-25,ST012,MED026,8,8,0,0,0,77
2026-02-25,ST012,MED027,16,16,0,60,12,68
2026-02-25,ST012,MED028,6,6,0,0,0,40
2026-02-25,ST012,MED029,10,10,0,0,24,57
2026-02-25,ST012,MED030,7,7,0,6,6,25
2026-02-25,ST013,MED001,15,15,0,24,24,75
2026-02-25,ST013,MED002,17,17,0,0,18,14
2026-02-25,ST013,MED003,4,4,0,0,0,24
2026-02-25,ST013,MED004,10,10,0,12,12,42
2026-02-25,ST013,MED005,13,13,0,24,12,52
2026-02-25,ST013,MED006,15,15,0,24,24,56
2026-02-25,ST013,MED007,4,4,0,0,0,22
2026-02-25,ST013,MED008,3,3,0,0,0,14
2026-02-25,ST013,MED009,14,14,0,0,12,49
2026-02-25,ST013,MED010,5,5,0,0,12,32
2026-02-25,ST013,MED011,12,12,0,0,12,51
2026-02-25,ST013,MED012,13,13,0,24,12,63
2026-02-25,ST013,MED013,8,8,0,0,12,40
2026-02-25,ST013,MED014,3,3,0,0,0,46
2026-02-25,ST013,MED015,14,14,0,24,24,101
2026-02-25,ST013,MED016,8,8,0,0,0,55
2026-02-25,ST013,MED017,16,16,0,24,12,64
2026-02-25,ST013,MED018,6,6,0,0,0,27
2026-02-25,ST013,MED019,7,7,0,0,0,32
2026-02-25,ST013,MED020,10,10,0,0,0,48
2026-02-25,ST013,MED021,24,24,0,0,36,36
2026-02-25,ST013,MED022,9,9,0,0,12,13
2026-02-25,ST013,MED023,13,13,0,12,12,71
2026-02-25,ST013,MED024,17,17,0,0,12,75
2026-02-25,ST013,MED025,10,10,0,0,12,29
2026-02-25,ST013,MED026,14,14,0,0,0,69
2026-02-25,ST013,MED027,16,16,0,12,24,47
2026-02-25,ST013,MED028,7,7,0,0,0,46
2026-02-25,ST013,MED029,9,9,0,0,0,69
2026-02-25,ST013,MED030,6,6,0,0,0,25
2026-02-25,ST014,MED001,5,5,0,24,0,40
2026-02-25,ST014,MED002,11,11,0,0,12,23
2026-02-25,ST014,MED003,7,7,0,0,24,16
2026-02-25,ST014,MED004,11,11,0,0,12,26
2026-02-25,ST014,MED005,11,11,0,0,12,25
2026-02-25,ST014,MED006,9,9,0,12,12,58
2026-02-25,ST014,MED007,5,5,0,0,0,28
2026-02-25,ST014,MED008,0,0,0,0,0,37
2026-02-25,ST014,MED009,5,5,0,0,0,28
2026-02-25,ST014,MED010,5,5,0,0,12,19
2026-02-25,ST014,MED011,6,6,0,30,6,46
2026-02-25,ST014,MED012,11,11,0,24,24,28
2026-02-25,ST014,MED013,10,10,0,0,12,33
2026-02-25,ST014,MED014,3,1,2,0,0,0
2026-02-25,ST014,MED015,10,10,0,24,24,39
2026-02-25,ST014,MED016,5,5,0,0,0,45
2026-02-25,ST014,MED017,8,8,0,12,12,39
2026-02-25,ST014,MED018,2,2,0,0,0,37
2026-02-25,ST014,MED019,0,0,0,0,0,36
2026-02-25,ST014,MED020,5,5,0,0,0,23
2026-02-25,ST014,MED021,10,10,0,36,12,46
2026-02-25,ST014,MED022,2,2,0,18,0,33
2026-02-25,ST014,MED023,7,7,0,12,0,45
2026-02-25,ST014,MED024,13,13,0,0,12,25
2026-02-25,ST014,MED025,3,3,0,0,0,13
2026-02-25,ST014,MED026,8,8,0,0,0,54
2026-02-25,ST014,MED027,6,6,0,24,0,49
2026-02-25,ST014,MED028,3,3,0,0,0,29
2026-02-25,ST014,MED029,7,7,0,0,0,43
2026-02-25,ST014,MED030,4,4,0,0,0,25
2026-02-25,ST015,MED001,10,10,0,0,24,40
2026-02-25,ST015,MED002,13,13,0,6,18,25
2026-02-25,ST015,MED003,0,0,0,0,0,36
2026-02-25,ST015,MED004,10,10,0,0,12,20
2026-02-25,ST015,MED005,10,10,0,12,12,39
2026-02-25,ST015,MED006,4,4,0,12,12,27
2026-02-25,ST015,MED007,0,0,0,0,0,11
2026-02-25,ST015,MED008,0,0,0,12,0,20
2026-02-25,ST015,MED009,8,8,0,12,12,44
2026-02-25,ST015,MED010,5,5,0,0,0,13
2026-02-25,ST015,MED011,12,12,0,0,12,34
2026-02-25,ST015,MED012,4,4,0,0,0,48
2026-02-25,ST015,MED013,7,7,0,0,12,22
2026-02-25,ST015,MED014,7,7,0,0,0,17
2026-02-25,ST015,MED015,9,9,0,0,24,71
2026-02-25,ST015,MED016,4,4,0,0,0,38
2026-02-25,ST015,MED017,6,6,0,0,0,29
2026-02-25,ST015,MED018,3,3,0,0,24,35
2026-02-25,ST015,MED019,1,1,0,0,0,32
2026-02-25,ST015,MED020,6,6,0,0,0,23
2026-02-25,ST015,MED021,13,13,0,0,12,26
2026-02-25,ST015,MED022,2,2,0,12,6,40
2026-02-25,ST015,MED023,10,10,0,12,12,35
2026-02-25,ST015,MED024,13,13,0,0,12,57
2026-02-25,ST015,MED025,6,6,0,0,12,22
2026-02-25,ST015,MED026,8,8,0,0,24,37
2026-02-25,ST015,MED027,9,9,0,0,12,48
2026-02-25,ST015,MED028,5,5,0,0,24,37
2026-02-25,ST015,MED029,5,5,0,24,0,51
2026-02-25,ST015,MED030,6,6,0,18,6,28
2026-02-25,ST016,MED001,11,11,0,0,0,61
2026-02-25,ST016,MED002,12,12,0,12,18,23
2026-02-25,ST016,MED003,1,1,0,0,0,41
2026-02-25,ST016,MED004,11,11,0,0,24,25
2026-02-25,ST016,MED005,12,12,0,0,12,22
2026-02-25,ST016,MED006,7,7,0,12,12,43
2026-02-25,ST016,MED007,6,6,0,0,0,29
2026-02-25,ST016,MED008,2,2,0,0,0,7
2026-02-25,ST016,MED009,8,8,0,0,12,38
2026-02-25,ST016,MED010,6,6,0,12,0,32
2026-02-25,ST016,MED011,11,11,0,18,12,46
2026-02-25,ST016,MED012,9,9,0,0,0,24
2026-02-25,ST016,MED013,7,7,0,0,12,24
2026-02-25,ST016,MED014,10,10,0,0,24,14
2026-02-25,ST016,MED015,12,12,0,0,0,48
2026-02-25,ST016,MED016,6,6,0,24,0,58
2026-02-25,ST016,MED017,9,9,0,0,0,34
2026-02-25,ST016,MED018,7,7,0,0,24,40
2026-02-25,ST016,MED019,3,3,0,0,0,45
2026-02-25,ST016,MED020,6,6,0,0,24,30
2026-02-25,ST016,MED021,12,12,0,6,6,36
2026-02-25,ST016,MED022,6,6,0,0,6,16
2026-02-25,ST016,MED023,8,8,0,12,0,47
2026-02-25,ST016,MED024,12,12,0,24,12,36
2026-02-25,ST016,MED025,9,9,0,12,12,29
2026-02-25,ST016,MED026,12,12,0,0,24,69
2026-02-25,ST016,MED027,10,10,0,0,12,35
2026-02-25,ST016,MED028,8,8,0,0,0,38
2026-02-25,ST016,MED029,13,13,0,0,24,35
2026-02-25,ST016,MED030,5,5,0,0,6,22
2026-02-25,ST017,MED001,13,13,0,0,24,57
2026-02-25,ST017,MED002,11,11,0,0,12,30
2026-02-25,ST017,MED003,5,5,0,0,0,29
2026-02-25,ST017,MED004,11,11,0,0,12,36
2026-02-25,ST017,MED005,14,14,0,12,12,46
2026-02-25,ST017,MED006,10,10,0,24,12,47
2026-02-25,ST017,MED007,0,0,0,0,0,38
2026-02-25,ST017,MED008,5,5,0,12,0,22
2026-02-25,ST017,MED009,11,11,0,12,0,30
2026-02-25,ST017,MED010,5,5,0,12,12,15
2026-02-25,ST017,MED011,8,8,0,0,6,57
2026-02-25,ST017,MED012,9,9,0,36,12,40
2026-02-25,ST017,MED013,6,6,0,0,12,30
2026-02-25,ST017,MED014,4,4,0,0,24,37
2026-02-25,ST017,MED015,14,14,0,0,24,62
2026-02-25,ST017,MED016,7,7,0,24,0,40
2026-02-25,ST017,MED017,10,10,0,0,12,26
2026-02-25,ST017,MED018,7,7,0,0,0,32
2026-02-25,ST017,MED019,6,6,0,0,0,15
2026-02-25,ST017,MED020,7,7,0,48,0,42
2026-02-25,ST017,MED021,10,10,0,12,6,44
2026-02-25,ST017,MED022,7,7,0,18,12,26
2026-02-25,ST017,MED023,10,10,0,12,12,32
2026-02-25,ST017,MED024,15,15,0,36,24,59
2026-02-25,ST017,MED025,5,5,0,0,0,18
2026-02-25,ST017,MED026,11,11,0,0,0,63
2026-02-25,ST017,MED027,9,9,0,0,12,47
2026-02-25,ST017,MED028,7,7,0,24,0,54
2026-02-25,ST017,MED029,6,6,0,0,0,45
2026-02-25,ST017,MED030,6,6,0,0,6,15
2026-02-25,ST018,MED001,12,12,0,0,0,45
2026-02-25,ST018,MED002,9,9,0,12,6,49
2026-02-25,ST018,MED003,6,6,0,0,0,39
2026-02-25,ST018,MED004,8,8,0,0,12,30
2026-02-25,ST018,MED005,12,12,0,12,12,66
2026-02-25,ST018,MED006,11,11,0,0,12,42
2026-02-25,ST018,MED007,5,5,0,0,24,31
2026-02-25,ST018,MED008,5,5,0,12,12,17
2026-02-25,ST018,MED009,12,12,0,0,12,54
2026-02-25,ST018,MED010,7,7,0,12,12,27
2026-02-25,ST018,MED011,15,15,0,6,18,39
2026-02-25,ST018,MED012,10,10,0,0,0,46
2026-02-25,ST018,MED013,8,8,0,0,12,28
2026-02-25,ST018,MED014,5,5,0,0,0,23
2026-02-25,ST018,MED015,16,16,0,0,24,77
2026-02-25,ST018,MED016,5,5,0,0,24,49
2026-02-25,ST018,MED017,13,13,0,0,12,36
2026-02-25,ST018,MED018,9,8,1,0,24,0
2026-02-25,ST018,MED019,0,0,0,24,0,38
2026-02-25,ST018,MED020,9,9,0,24,0,51
2026-02-25,ST018,MED021,7,7,0,6,6,52
2026-02-25,ST018,MED022,5,5,0,12,6,33
2026-02-25,ST018,MED023,12,12,0,0,12,55
2026-02-25,ST018,MED024,14,14,0,24,12,67
2026-02-25,ST018,MED025,3,3,0,0,0,40
2026-02-25,ST018,MED026,10,10,0,48,0,56
2026-02-25,ST018,MED027,12,12,0,12,12,18
2026-02-25,ST018,MED028,11,11,0,0,24,26
2026-02-25,ST018,MED029,13,13,0,0,24,25
2026-02-25,ST018,MED030,5,5,0,18,6,25
2026-02-25,ST019,MED001,24,24,0,0,24,19
2026-02-25,ST019,MED002,14,14,0,0,12,30
2026-02-25,ST019,MED003,7,7,0,0,0,36
2026-02-25,ST019,MED004,10,10,0,36,12,48
2026-02-25,ST019,MED005,11,11,0,12,12,66
2026-02-25,ST019,MED006,11,11,0,0,12,63
2026-02-25,ST019,MED007,0,0,0,24,0,33
2026-02-25,ST019,MED008,2,2,0,24,0,29
2026-02-25,ST019,MED009,12,12,0,0,12,42
2026-02-25,ST019,MED010,2,2,0,12,0,32
2026-02-25,ST019,MED011,11,11,0,30,12,64
2026-02-25,ST019,MED012,14,14,0,0,12,36
2026-02-25,ST019,MED013,7,7,0,24,12,29
2026-02-25,ST019,MED014,6,6,0,0,0,34
2026-02-25,ST019,MED015,15,15,0,24,0,37
2026-02-25,ST019,MED016,9,9,0,0,0,40
2026-02-25,ST019,MED017,8,8,0,24,12,65
2026-02-25,ST019,MED018,9,9,0,0,0,35
2026-02-25,ST019,MED019,3,3,0,0,24,23
2026-02-25,ST019,MED020,5,5,0,0,0,33
2026-02-25,ST019,MED021,10,10,0,0,6,37
2026-02-25,ST019,MED022,8,8,0,12,6,47
2026-02-25,ST019,MED023,15,15,0,36,12,49
2026-02-25,ST019,MED024,15,15,0,12,12,56
2026-02-25,ST019,MED025,8,8,0,12,12,34
2026-02-25,ST019,MED026,9,9,0,48,24,93
2026-02-25,ST019,MED027,13,13,0,24,12,61
2026-02-25,ST019,MED028,7,7,0,0,24,51
2026-02-25,ST019,MED029,17,17,0,0,24,64
2026-02-25,ST019,MED030,6,6,0,0,0,35
2026-02-25,ST020,MED001,14,14,0,0,24,47
2026-02-25,ST020,MED002,14,14,0,0,12,52
2026-02-25,ST020,MED003,3,3,0,0,0,30
2026-02-25,ST020,MED004,8,8,0,0,0,51
2026-02-25,ST020,MED005,13,13,0,24,12,43
2026-02-25,ST020,MED006,11,11,0,12,12,36
2026-02-25,ST020,MED007,7,7,0,0,0,29
2026-02-25,ST020,MED008,6,6,0,0,0,20
2026-02-25,ST020,MED009,9,9,0,12,12,61
2026-02-25,ST020,MED010,5,5,0,12,0,26
2026-02-25,ST020,MED011,18,18,0,12,18,41
2026-02-25,ST020,MED012,16,16,0,0,24,33
2026-02-25,ST020,MED013,8,8,0,12,12,34
2026-02-25,ST020,MED014,7,7,0,0,24,24
2026-02-25,ST020,MED015,16,16,0,24,24,56
2026-02-25,ST020,MED016,9,9,0,24,0,54
2026-02-25,ST020,MED017,18,18,0,12,24,19
2026-02-25,ST020,MED018,6,6,0,24,0,64
2026-02-25,ST020,MED019,6,6,0,0,24,33
2026-02-25,ST020,MED020,6,6,0,0,0,44
2026-02-25,ST020,MED021,13,13,0,12,12,47
2026-02-25,ST020,MED022,11,11,0,12,12,45
2026-02-25,ST020,MED023,13,13,0,60,12,51
2026-02-25,ST020,MED024,13,13,0,36,12,59
2026-02-25,ST020,MED025,8,8,0,48,12,47
2026-02-25,ST020,MED026,15,15,0,24,24,59
2026-02-25,ST020,MED027,17,17,0,12,12,82
2026-02-25,ST020,MED028,10,10,0,0,0,21
2026-02-25,ST020,MED029,12,12,0,0,0,40
2026-02-25,ST020,MED030,4,4,0,0,0,34
2026-02-25,ST021,MED001,10,10,0,0,24,55
2026-02-25,ST021,MED002,8,8,0,12,6,36
2026-02-25,ST021,MED003,0,0,0,24,0,25
2026-02-25,ST021,MED004,3,3,0,0,0,32
2026-02-25,ST021,MED005,11,11,0,12,12,30
2026-02-25,ST021,MED006,9,9,0,12,12,48
2026-02-25,ST021,MED007,2,2,0,0,0,28
2026-02-25,ST021,MED008,1,1,0,0,0,30
2026-02-25,ST021,MED009,10,10,0,12,12,48
2026-02-25,ST021,MED010,3,3,0,0,0,28
2026-02-25,ST021,MED011,9,9,0,0,12,41
2026-02-25,ST021,MED012,7,7,0,0,0,35
2026-02-25,ST021,MED013,9,9,0,0,0,29
2026-02-25,ST021,MED014,4,4,0,0,0,23
2026-02-25,ST021,MED015,9,9,0,0,24,31
2026-02-25,ST021,MED016,7,7,0,0,0,25
2026-02-25,ST021,MED017,5,5,0,24,12,51
2026-02-25,ST021,MED018,9,9,0,24,0,38
2026-02-25,ST021,MED019,3,3,0,0,0,19
2026-02-25,ST021,MED020,4,4,0,24,0,40
2026-02-25,ST021,MED021,6,6,0,18,0,28
2026-02-25,ST021,MED022,5,5,0,0,0,23
2026-02-25,ST021,MED023,9,9,0,0,0,33
2026-02-25,ST021,MED024,5,5,0,0,0,38
2026-02-25,ST021,MED025,8,8,0,12,12,30
2026-02-25,ST021,MED026,7,7,0,24,0,54
2026-02-25,ST021,MED027,8,8,0,12,12,24
2026-02-25,ST021,MED028,5,5,0,0,24,27
2026-02-25,ST021,MED029,9,9,0,24,24,45
2026-02-25,ST021,MED030,4,4,0,6,6,21
2026-02-25,ST022,MED001,10,10,0,24,0,71
2026-02-25,ST022,MED002,7,7,0,12,6,34
2026-02-25,ST022,MED003,3,3,0,24,0,34
2026-02-25,ST022,MED004,4,4,0,12,0,31
2026-02-25,ST022,MED005,9,9,0,12,12,44
2026-02-25,ST022,MED006,6,6,0,12,0,28
2026-02-25,ST022,MED007,0,0,0,0,0,34
2026-02-25,ST022,MED008,0,0,0,0,0,18
2026-02-25,ST022,MED009,8,8,0,0,12,47
2026-02-25,ST022,MED010,2,2,0,12,0,37
2026-02-25,ST022,MED011,11,11,0,24,12,40
2026-02-25,ST022,MED012,6,6,0,0,0,29
2026-02-25,ST022,MED013,6,6,0,0,12,28
2026-02-25,ST022,MED014,1,1,0,24,0,51
2026-02-25,ST022,MED015,11,11,0,0,24,65
2026-02-25,ST022,MED016,7,7,0,0,24,18
2026-02-25,ST022,MED017,9,9,0,0,12,36
2026-02-25,ST022,MED018,3,3,0,0,0,41
2026-02-25,ST022,MED019,5,5,0,0,0,18
2026-02-25,ST022,MED020,5,5,0,24,0,60
2026-02-25,ST022,MED021,7,7,0,12,6,45
2026-02-25,ST022,MED022,4,4,0,6,0,9
2026-02-25,ST022,MED023,10,10,0,0,12,18
2026-02-25,ST022,MED024,11,11,0,24,12,63
2026-02-25,ST022,MED025,5,5,0,0,12,34
2026-02-25,ST022,MED026,9,9,0,0,24,49
2026-02-25,ST022,MED027,12,12,0,0,24,56
2026-02-25,ST022,MED028,4,4,0,0,0,35
2026-02-25,ST022,MED029,14,14,0,24,24,49
2026-02-25,ST022,MED030,5,5,0,12,6,13
2026-02-25,ST023,MED001,10,10,0,24,24,49
2026-02-25,ST023,MED002,6,6,0,24,6,64
2026-02-25,ST023,MED003,2,2,0,0,0,33
2026-02-25,ST023,MED004,6,6,0,12,0,48
2026-02-25,ST023,MED005,11,11,0,36,12,44
2026-02-25,ST023,MED006,6,6,0,12,12,39
2026-02-25,ST023,MED007,0,0,0,0,0,27
2026-02-25,ST023,MED008,3,3,0,0,0,17
2026-02-25,ST023,MED009,8,8,0,24,12,38
2026-02-25,ST023,MED010,4,4,0,24,0,36
2026-02-25,ST023,MED011,12,12,0,30,12,40
2026-02-25,ST023,MED012,5,5,0,0,0,37
2026-02-25,ST023,MED013,5,5,0,24,0,35
2026-02-25,ST023,MED014,7,7,0,24,0,54
2026-02-25,ST023,MED015,15,15,0,24,24,76
2026-02-25,ST023,MED016,7,7,0,0,0,33
2026-02-25,ST023,MED017,11,11,0,12,12,28
2026-02-25,ST023,MED018,4,4,0,0,0,31
2026-02-25,ST023,MED019,2,2,0,0,0,23
2026-02-25,ST023,MED020,11,11,0,0,24,10
2026-02-25,ST023,MED021,7,7,0,0,6,31
2026-02-25,ST023,MED022,6,6,0,0,6,31
2026-02-25,ST023,MED023,14,14,0,0,24,33
2026-02-25,ST023,MED024,9,9,0,12,12,67
2026-02-25,ST023,MED025,5,5,0,12,0,41
2026-02-25,ST023,MED026,7,7,0,0,0,39
2026-02-25,ST023,MED027,14,14,0,0,24,55
2026-02-25,ST023,MED028,5,5,0,0,0,40
2026-02-25,ST023,MED029,10,10,0,0,0,41
2026-02-25,ST023,MED030,4,4,0,0,6,31
2026-02-25,ST024,MED001,13,13,0,0,0,46
2026-02-25,ST024,MED002,14,14,0,30,12,40
2026-02-25,ST024,MED003,0,0,0,0,0,26
2026-02-25,ST024,MED004,18,18,0,24,24,41
2026-02-25,ST024,MED005,12,12,0,0,12,15
2026-02-25,ST024,MED006,8,8,0,12,0,39
2026-02-25,ST024,MED007,4,4,0,0,0,34
2026-02-25,ST024,MED008,5,5,0,0,12,23
2026-02-25,ST024,MED009,8,8,0,0,0,39
2026-02-25,ST024,MED010,3,3,0,0,0,21
2026-02-25,ST024,MED011,8,8,0,0,0,42
2026-02-25,ST024,MED012,11,11,0,0,12,32
2026-02-25,ST024,MED013,3,3,0,24,0,32
2026-02-25,ST024,MED014,6,6,0,0,0,44
2026-02-25,ST024,MED015,15,15,0,24,0,50
2026-02-25,ST024,MED016,7,7,0,0,24,46
2026-02-25,ST024,MED017,12,12,0,0,12,23
2026-02-25,ST024,MED018,4,4,0,24,0,39
2026-02-25,ST024,MED019,4,4,0,0,0,15
2026-02-25,ST024,MED020,8,8,0,24,24,50
2026-02-25,ST024,MED021,11,11,0,18,12,32
2026-02-25,ST024,MED022,10,10,0,0,12,26
2026-02-25,ST024,MED023,13,13,0,36,12,67
2026-02-25,ST024,MED024,12,12,0,12,12,55
2026-02-25,ST024,MED025,7,7,0,0,0,29
2026-02-25,ST024,MED026,10,10,0,24,24,77
2026-02-25,ST024,MED027,11,11,0,12,12,55
2026-02-25,ST024,MED028,4,4,0,0,0,38
2026-02-25,ST024,MED029,11,11,0,0,24,31
2026-02-25,ST024,MED030,9,9,0,6,6,13
2026-02-25,ST025,MED001,13,13,0,0,24,63
2026-02-25,ST025,MED002,11,11,0,12,6,62
2026-02-25,ST025,MED003,4,4,0,0,0,17
2026-02-25,ST025,MED004,6,6,0,0,0,32
2026-02-25,ST025,MED005,8,8,0,48,12,69
2026-02-25,ST025,MED006,11,11,0,0,12,55
2026-02-25,ST025,MED007,4,4,0,0,0,31
2026-02-25,ST025,MED008,7,7,0,0,12,15
2026-02-25,ST025,MED009,11,11,0,12,12,42
2026-02-25,ST025,MED010,5,5,0,12,12,29
2026-02-25,ST025,MED011,10,10,0,18,12,54
2026-02-25,ST025,MED012,13,13,0,12,24,42
2026-02-25,ST025,MED013,6,6,0,12,12,25
2026-02-25,ST025,MED014,2,2,0,0,0,42
2026-02-25,ST025,MED015,11,11,0,0,0,53
2026-02-25,ST025,MED016,8,8,0,0,0,19
2026-02-25,ST025,MED017,7,7,0,0,12,51
2026-02-25,ST025,MED018,11,11,0,0,0,14
2026-02-25,ST025,MED019,9,9,0,24,24,32
2026-02-25,ST025,MED020,8,8,0,24,24,43
2026-02-25,ST025,MED021,10,10,0,24,6,47
2026-02-25,ST025,MED022,6,6,0,12,6,54
2026-02-25,ST025,MED023,8,8,0,24,12,59
2026-02-25,ST025,MED024,14,14,0,12,12,39
2026-02-25,ST025,MED025,7,7,0,0,12,41
2026-02-25,ST025,MED026,12,12,0,0,0,46
2026-02-25,ST025,MED027,14,14,0,24,12,48
2026-02-25,ST025,MED028,7,7,0,0,0,27
2026-02-25,ST025,MED029,8,8,0,24,0,34
2026-02-25,ST025,MED030,8,8,0,6,12,25
2026-02-25,ST026,MED001,15,15,0,0,24,27
2026-02-25,ST026,MED002,9,9,0,24,12,58
2026-02-25,ST026,MED003,5,5,0,0,0,22
2026-02-25,ST026,MED004,12,12,0,0,24,36
2026-02-25,ST026,MED005,17,17,0,36,24,61
2026-02-25,ST026,MED006,8,8,0,12,12,52
2026-02-25,ST026,MED007,6,6,0,0,24,25
2026-02-25,ST026,MED008,3,3,0,0,12,34
2026-02-25,ST026,MED009,9,9,0,0,12,59
2026-02-25,ST026,MED010,4,4,0,0,0,10
2026-02-25,ST026,MED011,19,19,0,18,24,47
2026-02-25,ST026,MED012,11,11,0,24,12,69
2026-02-25,ST026,MED013,13,13,0,12,24,46
2026-02-25,ST026,MED014,6,6,0,24,0,47
2026-02-25,ST026,MED015,17,17,0,0,0,43
2026-02-25,ST026,MED016,11,11,0,0,0,27
2026-02-25,ST026,MED017,10,10,0,36,0,76
2026-02-25,ST026,MED018,6,6,0,0,0,43
2026-02-25,ST026,MED019,6,6,0,24,0,31
2026-02-25,ST026,MED020,8,8,0,0,24,31
2026-02-25,ST026,MED021,14,14,0,18,12,54
2026-02-25,ST026,MED022,6,6,0,18,6,36
2026-02-25,ST026,MED023,16,16,0,0,24,12
2026-02-25,ST026,MED024,13,13,0,12,12,60
2026-02-25,ST026,MED025,3,3,0,24,0,41
2026-02-25,ST026,MED026,16,16,0,24,0,79
2026-02-25,ST026,MED027,16,16,0,12,24,41
2026-02-25,ST026,MED028,11,11,0,0,0,37
2026-02-25,ST026,MED029,12,12,0,0,0,36
2026-02-25,ST026,MED030,10,10,0,6,6,27
2026-02-25,ST027,MED001,13,13,0,24,24,66
2026-02-25,ST027,MED002,18,18,0,0,18,58
2026-02-25,ST027,MED003,3,3,0,24,0,33
2026-02-25,ST027,MED004,8,8,0,24,12,49
2026-02-25,ST027,MED005,14,14,0,24,24,37
2026-02-25,ST027,MED006,11,11,0,12,12,39
2026-02-25,ST027,MED007,6,6,0,0,0,20
2026-02-25,ST027,MED008,4,4,0,0,12,21
2026-02-25,ST027,MED009,10,10,0,12,12,31
2026-02-25,ST027,MED010,6,6,0,0,12,21
2026-02-25,ST027,MED011,17,17,0,12,12,36
2026-02-25,ST027,MED012,13,13,0,12,24,64
2026-02-25,ST027,MED013,9,9,0,0,12,34
2026-02-25,ST027,MED014,6,6,0,24,24,43
2026-02-25,ST027,MED015,13,13,0,24,0,72
2026-02-25,ST027,MED016,9,9,0,24,24,71
2026-02-25,ST027,MED017,13,13,0,0,12,60
2026-02-25,ST027,MED018,8,8,0,0,0,40
2026-02-25,ST027,MED019,5,5,0,0,0,22
2026-02-25,ST027,MED020,3,3,0,0,0,42
2026-02-25,ST027,MED021,13,13,0,36,12,59
2026-02-25,ST027,MED022,11,11,0,12,6,35
2026-02-25,ST027,MED023,13,13,0,24,12,51
2026-02-25,ST027,MED024,12,12,0,0,12,66
2026-02-25,ST027,MED025,6,6,0,12,12,52
2026-02-25,ST027,MED026,15,15,0,0,24,74
2026-02-25,ST027,MED027,16,16,0,12,12,57
2026-02-25,ST027,MED028,7,7,0,0,0,47
2026-02-25,ST027,MED029,9,9,0,24,24,64
2026-02-25,ST027,MED030,4,4,0,12,6,39
2026-02-25,ST028,MED001,10,10,0,24,24,67
2026-02-25,ST028,MED002,9,9,0,0,6,12
2026-02-25,ST028,MED003,7,7,0,0,24,17
2026-02-25,ST028,MED004,5,5,0,0,0,32
2026-02-25,ST028,MED005,8,8,0,12,12,45
2026-02-25,ST028,MED006,4,4,0,12,12,35
2026-02-25,ST028,MED007,2,2,0,0,0,25
2026-02-25,ST028,MED008,4,4,0,12,12,17
2026-02-25,ST028,MED009,9,9,0,12,12,37
2026-02-25,ST028,MED010,5,5,0,0,12,13
2026-02-25,ST028,MED011,10,10,0,6,12,28
2026-02-25,ST028,MED012,4,4,0,12,0,49
2026-02-25,ST028,MED013,7,7,0,0,12,30
2026-02-25,ST028,MED014,1,1,0,24,0,46
2026-02-25,ST028,MED015,12,12,0,0,24,37
2026-02-25,ST028,MED016,4,4,0,0,0,31
2026-02-25,ST028,MED017,8,8,0,0,12,38
2026-02-25,ST028,MED018,7,4,3,0,0,0
2026-02-25,ST028,MED019,0,0,0,0,0,35
2026-02-25,ST028,MED020,7,7,0,24,0,35
2026-02-25,ST028,MED021,9,9,0,30,6,31
2026-02-25,ST028,MED022,2,2,0,0,0,24
2026-02-25,ST028,MED023,6,6,0,12,12,42
2026-02-25,ST028,MED024,10,10,0,12,12,23
2026-02-25,ST028,MED025,2,2,0,12,0,33
2026-02-25,ST028,MED026,9,9,0,0,24,38
2026-02-25,ST028,MED027,6,6,0,36,12,48
2026-02-25,ST028,MED028,2,2,0,0,0,42
2026-02-25,ST028,MED029,7,7,0,0,0,32
2026-02-25,ST028,MED030,3,3,0,6,0,19
2026-02-25,ST029,MED001,4,4,0,0,0,66
2026-02-25,ST029,MED002,9,9,0,0,6,39
2026-02-25,ST029,MED003,1,1,0,0,0,26
2026-02-25,ST029,MED004,7,7,0,24,0,57
2026-02-25,ST029,MED005,8,8,0,0,12,42
2026-02-25,ST029,MED006,11,11,0,48,12,59
2026-02-25,ST029,MED007,5,5,0,0,24,23
2026-02-25,ST029,MED008,0,0,0,12,0,27
2026-02-25,ST029,MED009,7,7,0,0,0,29
2026-02-25,ST029,MED010,4,4,0,12,12,18
2026-02-25,ST029,MED011,10,10,0,12,12,35
2026-02-25,ST029,MED012,10,10,0,0,12,11
2026-02-25,ST029,MED013,6,6,0,12,0,33
2026-02-25,ST029,MED014,4,4,0,0,0,30
2026-02-25,ST029,MED015,11,11,0,0,0,37
2026-02-25,ST029,MED016,10,10,0,0,0,28
2026-02-25,ST029,MED017,9,9,0,12,0,33
2026-02-25,ST029,MED018,7,7,0,0,0,36
2026-02-25,ST029,MED019,0,0,0,0,0,32
2026-02-25,ST029,MED020,13,13,0,0,24,29
2026-02-25,ST029,MED021,6,6,0,0,6,25
2026-02-25,ST029,MED022,7,7,0,6,6,14
2026-02-25,ST029,MED023,11,11,0,0,12,5
2026-02-25,ST029,MED024,13,13,0,12,12,40
2026-02-25,ST029,MED025,8,8,0,0,12,11
2026-02-25,ST029,MED026,10,10,0,0,0,49
2026-02-25,ST029,MED027,11,11,0,12,12,28
2026-02-25,ST029,MED028,5,5,0,0,0,14
2026-02-25,ST029,MED029,5,5,0,0,0,35
2026-02-25,ST029,MED030,4,4,0,0,0,22
2026-02-25,ST030,MED001,12,12,0,24,24,54
2026-02-25,ST030,MED002,6,6,0,0,6,47
2026-02-25,ST030,MED003,8,8,0,24,0,35
2026-02-25,ST030,MED004,7,7,0,0,0,7
2026-02-25,ST030,MED005,11,11,0,12,12,44
2026-02-25,ST030,MED006,11,11,0,24,12,57
2026-02-25,ST030,MED007,2,2,0,0,0,28
2026-02-25,ST030,MED008,7,7,0,0,12,22
2026-02-25,ST030,MED009,11,11,0,12,12,30
2026-02-25,ST030,MED010,3,3,0,0,0,25
2026-02-25,ST030,MED011,9,9,0,6,12,29
2026-02-25,ST030,MED012,8,8,0,0,12,48
2026-02-25,ST030,MED013,6,6,0,0,0,31
2026-02-25,ST030,MED014,1,1,0,24,0,46
2026-02-25,ST030,MED015,11,11,0,24,24,52
2026-02-25,ST030,MED016,8,8,0,24,0,53
2026-02-25,ST030,MED017,10,10,0,24,12,47
2026-02-25,ST030,MED018,6,6,0,0,24,39
2026-02-25,ST030,MED019,1,1,0,0,0,29
2026-02-25,ST030,MED020,4,4,0,0,24,47
2026-02-25,ST030,MED021,9,9,0,18,6,46
2026-02-25,ST030,MED022,10,10,0,6,12,23
2026-02-25,ST030,MED023,11,11,0,12,12,47
2026-02-25,ST030,MED024,12,12,0,0,12,35
2026-02-25,ST030,MED025,10,10,0,0,12,11
2026-02-25,ST030,MED026,12,12,0,0,24,38
2026-02-25,ST030,MED027,7,7,0,24,0,55
2026-02-25,ST030,MED028,11,11,0,0,0,32
2026-02-25,ST030,MED029,9,9,0,24,0,42
2026-02-25,ST030,MED030,8,8,0,6,12,28
2026-02-25,ST031,MED001,11,11,0,24,24,46
2026-02-25,ST031,MED002,9,9,0,0,6,22
2026-02-25,ST031,MED003,5,5,0,0,0,39
2026-02-25,ST031,MED004,9,9,0,0,12,24
2026-02-25,ST031,MED005,8,8,0,12,12,42
2026-02-25,ST031,MED006,10,10,0,12,12,31
2026-02-25,ST031,MED007,1,1,0,0,0,28
2026-02-25,ST031,MED008,7,7,0,12,0,7
2026-02-25,ST031,MED009,13,13,0,36,12,64
2026-02-25,ST031,MED010,3,3,0,0,0,23
2026-02-25,ST031,MED011,9,9,0,30,6,50
2026-02-25,ST031,MED012,15,15,0,36,24,27
2026-02-25,ST031,MED013,7,7,0,24,0,22
2026-02-25,ST031,MED014,0,0,0,0,0,23
2026-02-25,ST031,MED015,10,10,0,0,0,50
2026-02-25,ST031,MED016,9,9,0,0,0,16
2026-02-25,ST031,MED017,12,12,0,0,12,38
2026-02-25,ST031,MED018,6,6,0,0,0,38
2026-02-25,ST031,MED019,0,0,0,24,0,37
2026-02-25,ST031,MED020,8,8,0,0,24,31
2026-02-25,ST031,MED021,12,12,0,12,12,37
2026-02-25,ST031,MED022,10,10,0,6,12,24
2026-02-25,ST031,MED023,10,10,0,24,0,57
2026-02-25,ST031,MED024,10,10,0,0,12,30
2026-02-25,ST031,MED025,2,2,0,0,0,15
2026-02-25,ST031,MED026,12,12,0,0,0,44
2026-02-25,ST031,MED027,11,11,0,12,12,42
2026-02-25,ST031,MED028,5,5,0,0,0,55
2026-02-25,ST031,MED029,6,6,0,24,24,46
2026-02-25,ST031,MED030,4,4,0,0,6,18
2026-02-25,ST032,MED001,13,13,0,0,24,45
2026-02-25,ST032,MED002,12,12,0,30,12,42
2026-02-25,ST032,MED003,2,2,0,0,0,39
2026-02-25,ST032,MED004,12,12,0,12,12,36
2026-02-25,ST032,MED005,10,10,0,24,0,75
2026-02-25,ST032,MED006,9,9,0,12,12,43
2026-02-25,ST032,MED007,4,4,0,0,0,27
2026-02-25,ST032,MED008,2,2,0,0,12,17
2026-02-25,ST032,MED009,16,16,0,12,24,36
2026-02-25,ST032,MED010,5,5,0,0,12,32
2026-02-25,ST032,MED011,11,11,0,0,12,47
2026-02-25,ST032,MED012,12,12,0,24,12,24
2026-02-25,ST032,MED013,11,11,0,12,12,55
2026-02-25,ST032,MED014,5,5,0,0,24,39
2026-02-25,ST032,MED015,15,15,0,0,24,24
2026-02-25,ST032,MED016,7,7,0,24,0,56
2026-02-25,ST032,MED017,10,10,0,36,12,57
2026-02-25,ST032,MED018,4,4,0,0,0,26
2026-02-25,ST032,MED019,0,0,0,0,0,27
2026-02-25,ST032,MED020,5,5,0,24,0,67
2026-02-25,ST032,MED021,6,6,0,0,0,64
2026-02-25,ST032,MED022,7,7,0,0,6,19
2026-02-25,ST032,MED023,15,15,0,0,12,32
2026-02-25,ST032,MED024,11,11,0,0,12,47
2026-02-25,ST032,MED025,10,10,0,12,12,42
2026-02-25,ST032,MED026,14,14,0,24,0,92
2026-02-25,ST032,MED027,16,16,0,12,24,31
2026-02-25,ST032,MED028,5,5,0,24,0,55
2026-02-25,ST032,MED029,9,9,0,0,0,45
2026-02-25,ST032,MED030,4,4,0,0,6,27
2026-02-25,ST033,MED001,8,8,0,48,0,97
2026-02-25,ST033,MED002,12,12,0,12,12,59
2026-02-25,ST033,MED003,1,1,0,24,0,49
2026-02-25,ST033,MED004,10,10,0,0,12,40
2026-02-25,ST033,MED005,15,15,0,24,24,27
2026-02-25,ST033,MED006,13,13,0,0,12,45
2026-02-25,ST033,MED007,4,4,0,0,0,19
2026-02-25,ST033,MED008,6,6,0,0,0,22
2026-02-25,ST033,MED009,13,13,0,0,12,51
2026-02-25,ST033,MED010,6,6,0,0,12,22
2026-02-25,ST033,MED011,13,13,0,0,12,34
2026-02-25,ST033,MED012,13,13,0,0,12,51
2026-02-25,ST033,MED013,11,11,0,0,12,30
2026-02-25,ST033,MED014,2,2,0,0,0,39
2026-02-25,ST033,MED015,19,19,0,0,24,49
2026-02-25,ST033,MED016,5,5,0,0,0,41
2026-02-25,ST033,MED017,10,10,0,0,0,34
2026-02-25,ST033,MED018,7,7,0,0,0,40
2026-02-25,ST033,MED019,4,4,0,0,0,17
2026-02-25,ST033,MED020,10,10,0,24,0,65
2026-02-25,ST033,MED021,9,9,0,0,6,41
2026-02-25,ST033,MED022,7,7,0,0,6,22
2026-02-25,ST033,MED023,13,13,0,12,12,66
2026-02-25,ST033,MED024,12,12,0,0,12,38
2026-02-25,ST033,MED025,8,8,0,0,12,35
2026-02-25,ST033,MED026,12,12,0,0,24,29
2026-02-25,ST033,MED027,13,13,0,0,12,47
2026-02-25,ST033,MED028,9,9,0,0,24,45
2026-02-25,ST033,MED029,10,10,0,24,0,64
2026-02-25,ST033,MED030,6,6,0,12,6,27
2026-02-25,ST034,MED001,12,12,0,0,24,69
2026-02-25,ST034,MED002,14,14,0,24,12,63
2026-02-25,ST034,MED003,3,3,0,0,0,21
2026-02-25,ST034,MED004,12,12,0,0,12,42
2026-02-25,ST034,MED005,16,16,0,36,24,83
2026-02-25,ST034,MED006,15,15,0,12,12,60
2026-02-25,ST034,MED007,4,4,0,0,0,38
2026-02-25,ST034,MED008,4,4,0,0,0,15
2026-02-25,ST034,MED009,13,13,0,36,12,77
2026-02-25,ST034,MED010,5,5,0,0,0,26
2026-02-25,ST034,MED011,13,13,0,36,12,64
2026-02-25,ST034,MED012,11,11,0,0,12,32
2026-02-25,ST034,MED013,10,10,0,24,12,49
2026-02-25,ST034,MED014,8,8,0,0,0,39
2026-02-25,ST034,MED015,12,12,0,0,0,69
2026-02-25,ST034,MED016,9,9,0,24,24,60
2026-02-25,ST034,MED017,17,17,0,12,24,66
2026-02-25,ST034,MED018,7,7,0,0,0,49
2026-02-25,ST034,MED019,4,4,0,0,0,27
2026-02-25,ST034,MED020,11,11,0,0,0,49
2026-02-25,ST034,MED021,17,17,0,0,18,12
2026-02-25,ST034,MED022,10,10,0,0,12,32
2026-02-25,ST034,MED023,14,14,0,60,24,73
2026-02-25,ST034,MED024,16,16,0,24,12,38
2026-02-25,ST034,MED025,6,6,0,0,0,40
2026-02-25,ST034,MED026,13,13,0,24,24,82
2026-02-25,ST034,MED027,17,17,0,36,24,71
2026-02-25,ST034,MED028,5,5,0,0,24,57
2026-02-25,ST034,MED029,11,11,0,24,0,66
2026-02-25,ST034,MED030,7,7,0,12,12,22
2026-02-25,ST035,MED001,7,7,0,0,0,25
2026-02-25,ST035,MED002,6,6,0,0,6,24
2026-02-25,ST035,MED003,4,4,0,0,0,30
2026-02-25,ST035,MED004,2,2,0,12,0,44
2026-02-25,ST035,MED005,4,4,0,0,0,46
2026-02-25,ST035,MED006,6,6,0,0,12,27
2026-02-25,ST035,MED007,1,1,0,0,0,26
2026-02-25,ST035,MED008,1,1,0,0,0,6
2026-02-25,ST035,MED009,8,8,0,12,0,37
2026-02-25,ST035,MED010,5,5,0,0,12,18
2026-02-25,ST035,MED011,9,9,0,0,6,38
2026-02-25,ST035,MED012,10,10,0,0,12,35
2026-02-25,ST035,MED013,7,7,0,0,12,20
2026-02-25,ST035,MED014,4,4,0,0,0,22
2026-02-25,ST035,MED015,8,8,0,24,24,37
2026-02-25,ST035,MED016,4,4,0,24,0,48
2026-02-25,ST035,MED017,7,7,0,0,12,27
2026-02-25,ST035,MED018,3,3,0,24,0,38
2026-02-25,ST035,MED019,0,0,0,0,0,8
2026-02-25,ST035,MED020,8,8,0,0,0,47
2026-02-25,ST035,MED021,10,10,0,12,6,43
2026-02-25,ST035,MED022,7,7,0,0,12,21
2026-02-25,ST035,MED023,3,3,0,12,0,53
2026-02-25,ST035,MED024,6,6,0,12,0,42
2026-02-25,ST035,MED025,3,3,0,0,0,17
2026-02-25,ST035,MED026,3,3,0,0,0,69
2026-02-25,ST035,MED027,6,6,0,24,0,47
2026-02-25,ST035,MED028,4,4,0,0,0,28
2026-02-25,ST035,MED029,3,3,0,0,0,64
2026-02-25,ST035,MED030,2,2,0,0,0,22
2026-02-25,ST036,MED001,10,10,0,24,0,50
2026-02-25,ST036,MED002,9,9,0,24,12,46
2026-02-25,ST036,MED003,4,4,0,0,0,12
2026-02-25,ST036,MED004,7,7,0,12,0,28
2026-02-25,ST036,MED005,10,10,0,0,12,30
2026-02-25,ST036,MED006,7,7,0,12,0,51
2026-02-25,ST036,MED007,8,8,0,0,0,27
2026-02-25,ST036,MED008,0,0,0,0,0,17
2026-02-25,ST036,MED009,10,10,0,0,12,21
2026-02-25,ST036,MED010,7,7,0,12,12,14
2026-02-25,ST036,MED011,11,11,0,0,6,24
2026-02-25,ST036,MED012,8,8,0,0,0,33
2026-02-25,ST036,MED013,5,5,0,0,12,42
2026-02-25,ST036,MED014,5,5,0,0,0,36
2026-02-25,ST036,MED015,11,11,0,48,0,62
2026-02-25,ST036,MED016,8,8,0,0,24,43
2026-02-25,ST036,MED017,11,11,0,12,0,40
2026-02-25,ST036,MED018,9,9,0,0,0,4
2026-02-25,ST036,MED019,3,3,0,0,0,33
2026-02-25,ST036,MED020,8,8,0,0,0,25
2026-02-25,ST036,MED021,7,7,0,12,6,45
2026-02-25,ST036,MED022,1,1,0,0,0,30
2026-02-25,ST036,MED023,20,20,0,12,24,10
2026-02-25,ST036,MED024,10,10,0,0,12,14
2026-02-25,ST036,MED025,2,2,0,0,0,19
2026-02-25,ST036,MED026,10,10,0,24,0,55
2026-02-25,ST036,MED027,12,12,0,0,12,24
2026-02-25,ST036,MED028,2,2,0,0,0,22
2026-02-25,ST036,MED029,7,7,0,0,0,35
2026-02-25,ST036,MED030,4,4,0,0,6,32
2026-02-25,ST037,MED001,8,8,0,24,0,59
2026-02-25,ST037,MED002,9,9,0,18,6,65
2026-02-25,ST037,MED003,7,7,0,0,0,29
2026-02-25,ST037,MED004,8,8,0,24,12,48
2026-02-25,ST037,MED005,9,9,0,12,12,64
2026-02-25,ST037,MED006,12,12,0,0,12,26
2026-02-25,ST037,MED007,0,0,0,24,0,52
2026-02-25,ST037,MED008,4,4,0,0,0,16
2026-02-25,ST037,MED009,9,9,0,0,12,10
2026-02-25,ST037,MED010,3,3,0,12,0,14
2026-02-25,ST037,MED011,10,10,0,30,6,51
2026-02-25,ST037,MED012,11,11,0,0,12,40
2026-02-25,ST037,MED013,6,6,0,0,0,35
2026-02-25,ST037,MED014,4,4,0,0,0,2
2026-02-25,ST037,MED015,8,8,0,0,24,19
2026-02-25,ST037,MED016,6,6,0,0,0,50
2026-02-25,ST037,MED017,9,9,0,12,12,54
2026-02-25,ST037,MED018,8,8,0,0,0,35
2026-02-25,ST037,MED019,7,7,0,0,24,18
2026-02-25,ST037,MED020,8,8,0,24,0,42
2026-02-25,ST037,MED021,9,9,0,12,12,38
2026-02-25,ST037,MED022,4,4,0,0,6,28
2026-02-25,ST037,MED023,5,5,0,0,0,44
2026-02-25,ST037,MED024,9,9,0,24,0,76
2026-02-25,ST037,MED025,7,7,0,0,0,26
2026-02-25,ST037,MED026,10,10,0,0,0,38
2026-02-25,ST037,MED027,15,15,0,0,12,31
2026-02-25,ST037,MED028,6,6,0,0,24,40
2026-02-25,ST037,MED029,12,12,0,0,24,35
2026-02-25,ST037,MED030,5,5,0,0,6,10
2026-02-25,ST038,MED001,13,13,0,0,0,64
2026-02-25,ST038,MED002,10,10,0,0,6,51
2026-02-25,ST038,MED003,3,3,0,0,0,28
2026-02-25,ST038,MED004,9,9,0,0,12,26
2026-02-25,ST038,MED005,13,13,0,0,12,51
2026-02-25,ST038,MED006,13,13,0,12,12,52
2026-02-25,ST038,MED007,1,1,0,0,0,20
2026-02-25,ST038,MED008,2,2,0,12,0,31
2026-02-25,ST038,MED009,7,7,0,12,0,37
2026-02-25,ST038,MED010,4,4,0,0,0,19
2026-02-25,ST038,MED011,12,12,0,18,12,38
2026-02-25,ST038,MED012,10,10,0,0,0,40
2026-02-25,ST038,MED013,9,9,0,0,0,33
2026-02-25,ST038,MED014,5,5,0,0,0,32
2026-02-25,ST038,MED015,13,13,0,0,24,54
2026-02-25,ST038,MED016,10,10,0,0,0,37
2026-02-25,ST038,MED017,12,12,0,0,12,42
2026-02-25,ST038,MED018,7,7,0,0,0,20
2026-02-25,ST038,MED019,3,3,0,0,0,37
2026-02-25,ST038,MED020,4,4,0,0,0,36
2026-02-25,ST038,MED021,9,9,0,24,12,48
2026-02-25,ST038,MED022,10,10,0,0,12,27
2026-02-25,ST038,MED023,12,12,0,12,12,32
2026-02-25,ST038,MED024,12,12,0,24,12,62
2026-02-25,ST038,MED025,4,4,0,0,0,43
2026-02-25,ST038,MED026,9,9,0,0,0,33
2026-02-25,ST038,MED027,14,14,0,12,12,47
2026-02-25,ST038,MED028,7,7,0,0,24,15
2026-02-25,ST038,MED029,14,14,0,0,0,39
2026-02-25,ST038,MED030,6,6,0,12,6,15
2026-02-25,ST039,MED001,12,12,0,24,0,54
2026-02-25,ST039,MED002,13,13,0,30,12,29
2026-02-25,ST039,MED003,5,5,0,0,0,19
2026-02-25,ST039,MED004,11,11,0,0,12,3
2026-02-25,ST039,MED005,10,10,0,12,0,31
2026-02-25,ST039,MED006,10,10,0,12,12,49
2026-02-25,ST039,MED007,2,2,0,0,0,39
2026-02-25,ST039,MED008,0,0,0,12,0,25
2026-02-25,ST039,MED009,14,14,0,12,12,35
2026-02-25,ST039,MED010,0,0,0,0,0,37
2026-02-25,ST039,MED011,16,16,0,12,18,16
2026-02-25,ST039,MED012,9,9,0,12,0,32
2026-02-25,ST039,MED013,7,7,0,0,0,20
2026-02-25,ST039,MED014,3,3,0,0,0,37
2026-02-25,ST039,MED015,14,14,0,24,0,83
2026-02-25,ST039,MED016,13,13,0,0,0,17
2026-02-25,ST039,MED017,17,17,0,12,24,40
2026-02-25,ST039,MED018,5,5,0,0,0,12
2026-02-25,ST039,MED019,5,5,0,0,0,6
2026-02-25,ST039,MED020,9,9,0,24,24,36
2026-02-25,ST039,MED021,12,12,0,0,18,45
2026-02-25,ST039,MED022,9,9,0,30,6,29
2026-02-25,ST039,MED023,12,12,0,12,12,45
2026-02-25,ST039,MED024,13,13,0,12,12,61
2026-02-25,ST039,MED025,9,9,0,0,12,29
2026-02-25,ST039,MED026,12,12,0,0,0,46
2026-02-25,ST039,MED027,11,11,0,24,12,77
2026-02-25,ST039,MED028,14,14,0,0,24,15
2026-02-25,ST039,MED029,11,11,0,0,0,39
2026-02-25,ST039,MED030,8,8,0,0,6,28
2026-02-25,ST040,MED001,13,13,0,24,24,48
2026-02-25,ST040,MED002,16,16,0,30,18,56
2026-02-25,ST040,MED003,5,5,0,0,24,22
2026-02-25,ST040,MED004,11,11,0,12,12,44
2026-02-25,ST040,MED005,14,14,0,0,12,26
2026-02-25,ST040,MED006,16,16,0,0,24,40
2026-02-25,ST040,MED007,3,3,0,24,0,25
2026-02-25,ST040,MED008,2,2,0,12,12,25
2026-02-25,ST040,MED009,7,7,0,0,0,47
2026-02-25,ST040,MED010,5,5,0,0,12,33
2026-02-25,ST040,MED011,12,12,0,18,12,62
2026-02-25,ST040,MED012,15,15,0,0,12,67
2026-02-25,ST040,MED013,14,14,0,24,12,29
2026-02-25,ST040,MED014,12,12,0,48,24,48
2026-02-25,ST040,MED015,16,16,0,24,0,92
2026-02-25,ST040,MED016,5,5,0,0,0,2
2026-02-25,ST040,MED017,13,13,0,48,24,58
2026-02-25,ST040,MED018,8,8,0,24,24,51
2026-02-25,ST040,MED019,1,1,0,24,0,38
2026-02-25,ST040,MED020,5,5,0,0,0,53
2026-02-25,ST040,MED021,12,12,0,12,12,45
2026-02-25,ST040,MED022,10,10,0,0,12,17
2026-02-25,ST040,MED023,13,13,0,36,12,58
2026-02-25,ST040,MED024,17,17,0,0,12,53
2026-02-25,ST040,MED025,5,5,0,12,0,32
2026-02-25,ST040,MED026,14,14,0,0,0,32
2026-02-25,ST040,MED027,16,16,0,60,24,59
2026-02-25,ST040,MED028,7,7,0,0,0,39
2026-02-25,ST040,MED029,12,12,0,0,24,80
2026-02-25,ST040,MED030,1,1,0,6,0,24
2026-02-26,ST001,MED001,9,9,0,0,0,27
2026-02-26,ST001,MED002,13,13,0,0,12,36
2026-02-26,ST001,MED003,3,3,0,0,0,31
2026-02-26,ST001,MED004,5,5,0,0,0,39
2026-02-26,ST001,MED005,10,10,0,0,0,27
2026-02-26,ST001,MED006,4,4,0,24,0,56
2026-02-26,ST001,MED007,4,4,0,0,0,11
2026-02-26,ST001,MED008,1,1,0,12,0,23
2026-02-26,ST001,MED009,9,9,0,12,0,30
2026-02-26,ST001,MED010,3,3,0,0,0,33
2026-02-26,ST001,MED011,13,13,0,0,12,30
2026-02-26,ST001,MED012,7,7,0,12,0,32
2026-02-26,ST001,MED013,4,4,0,0,12,37
2026-02-26,ST001,MED014,4,4,0,0,0,43
2026-02-26,ST001,MED015,8,8,0,24,0,54
2026-02-26,ST001,MED016,10,10,0,24,0,52
2026-02-26,ST001,MED017,9,9,0,0,12,17
2026-02-26,ST001,MED018,6,6,0,0,0,25
2026-02-26,ST001,MED019,6,6,0,0,24,28
2026-02-26,ST001,MED020,6,6,0,24,24,39
2026-02-26,ST001,MED021,9,9,0,18,6,36
2026-02-26,ST001,MED022,8,8,0,6,6,13
2026-02-26,ST001,MED023,7,7,0,0,12,37
2026-02-26,ST001,MED024,10,10,0,0,12,34
2026-02-26,ST001,MED025,5,5,0,24,0,19
2026-02-26,ST001,MED026,9,9,0,0,24,44
2026-02-26,ST001,MED027,6,6,0,12,12,45
2026-02-26,ST001,MED028,4,4,0,0,0,33
2026-02-26,ST001,MED029,5,5,0,0,0,40
2026-02-26,ST001,MED030,8,8,0,6,12,18
2026-02-26,ST002,MED001,8,8,0,0,0,48
2026-02-26,ST002,MED002,7,7,0,24,6,50
2026-02-26,ST002,MED003,6,6,0,0,0,28
2026-02-26,ST002,MED004,8,8,0,0,0,22
2026-02-26,ST002,MED005,11,11,0,0,12,32
2026-02-26,ST002,MED006,9,9,0,0,12,33
2026-02-26,ST002,MED007,3,3,0,24,0,32
2026-02-26,ST002,MED008,4,4,0,0,0,30
2026-02-26,ST002,MED009,10,10,0,12,12,33
2026-02-26,ST002,MED010,3,3,0,12,0,22
2026-02-26,ST002,MED011,10,10,0,0,6,27
2026-02-26,ST002,MED012,11,11,0,12,12,30
2026-02-26,ST002,MED013,5,5,0,0,0,17
2026-02-26,ST002,MED014,3,3,0,0,0,33
2026-02-26,ST002,MED015,8,8,0,0,24,63
2026-02-26,ST002,MED016,11,11,0,0,24,19
2026-02-26,ST002,MED017,13,13,0,0,12,41
2026-02-26,ST002,MED018,5,5,0,0,0,28
2026-02-26,ST002,MED019,1,1,0,0,0,26
2026-02-26,ST002,MED020,9,9,0,0,0,33
2026-02-26,ST002,MED021,12,12,0,12,18,45
2026-02-26,ST002,MED022,9,9,0,24,6,42
2026-02-26,ST002,MED023,9,9,0,0,12,35
2026-02-26,ST002,MED024,11,11,0,0,12,47
2026-02-26,ST002,MED025,3,3,0,12,0,43
2026-02-26,ST002,MED026,11,11,0,0,24,47
2026-02-26,ST002,MED027,10,10,0,24,0,56
2026-02-26,ST002,MED028,9,9,0,0,0,15
2026-02-26,ST002,MED029,9,9,0,0,0,27
2026-02-26,ST002,MED030,5,5,0,0,6,20
2026-02-26,ST003,MED001,12,12,0,0,0,52
2026-02-26,ST003,MED002,13,13,0,12,18,41
2026-02-26,ST003,MED003,1,1,0,0,0,36
2026-02-26,ST003,MED004,7,7,0,0,0,22
2026-02-26,ST003,MED005,12,12,0,12,12,68
2026-02-26,ST003,MED006,9,9,0,0,12,35
2026-02-26,ST003,MED007,10,10,0,0,0,11
2026-02-26,ST003,MED008,7,7,0,24,12,26
2026-02-26,ST003,MED009,11,11,0,12,12,44
2026-02-26,ST003,MED010,3,3,0,12,12,28
2026-02-26,ST003,MED011,13,13,0,18,18,34
2026-02-26,ST003,MED012,13,13,0,12,12,24
2026-02-26,ST003,MED013,7,7,0,0,0,31
2026-02-26,ST003,MED014,6,6,0,0,24,40
2026-02-26,ST003,MED015,13,13,0,0,24,16
2026-02-26,ST003,MED016,5,5,0,0,24,25
2026-02-26,ST003,MED017,10,10,0,0,12,57
2026-02-26,ST003,MED018,6,6,0,0,0,52
2026-02-26,ST003,MED019,4,4,0,24,0,20
2026-02-26,ST003,MED020,10,10,0,24,24,49
2026-02-26,ST003,MED021,10,10,0,36,12,43
2026-02-26,ST003,MED022,7,7,0,18,6,38
2026-02-26,ST003,MED023,14,14,0,36,12,52
2026-02-26,ST003,MED024,23,23,0,0,24,28
2026-02-26,ST003,MED025,7,7,0,12,12,39
2026-02-26,ST003,MED026,8,8,0,0,0,47
2026-02-26,ST003,MED027,11,11,0,0,12,35
2026-02-26,ST003,MED028,3,3,0,0,0,43
2026-02-26,ST003,MED029,11,11,0,0,24,40
2026-02-26,ST003,MED030,2,2,0,0,0,31
2026-02-26,ST004,MED001,11,11,0,0,0,21
2026-02-26,ST004,MED002,14,14,0,0,18,25
2026-02-26,ST004,MED003,1,1,0,24,0,33
2026-02-26,ST004,MED004,11,11,0,24,12,54
2026-02-26,ST004,MED005,14,14,0,12,12,40
2026-02-26,ST004,MED006,12,12,0,12,12,16
2026-02-26,ST004,MED007,2,2,0,0,24,26
2026-02-26,ST004,MED008,4,4,0,0,12,16
2026-02-26,ST004,MED009,10,10,0,0,12,53
2026-02-26,ST004,MED010,7,7,0,0,12,8
2026-02-26,ST004,MED011,11,11,0,0,12,47
2026-02-26,ST004,MED012,12,12,0,24,12,40
2026-02-26,ST004,MED013,8,8,0,0,12,30
2026-02-26,ST004,MED014,8,8,0,0,0,28
2026-02-26,ST004,MED015,12,12,0,0,24,71
2026-02-26,ST004,MED016,11,11,0,0,0,42
2026-02-26,ST004,MED017,15,15,0,24,24,53
2026-02-26,ST004,MED018,5,5,0,0,0,36
2026-02-26,ST004,MED019,5,5,0,24,24,31
2026-02-26,ST004,MED020,5,5,0,0,0,51
2026-02-26,ST004,MED021,15,15,0,0,18,35
2026-02-26,ST004,MED022,8,8,0,18,12,33
2026-02-26,ST004,MED023,16,16,0,0,24,43
2026-02-26,ST004,MED024,13,13,0,24,24,62
2026-02-26,ST004,MED025,5,5,0,0,12,41
2026-02-26,ST004,MED026,11,11,0,0,0,60
2026-02-26,ST004,MED027,25,25,0,24,36,53
2026-02-26,ST004,MED028,5,5,0,0,0,35
2026-02-26,ST004,MED029,18,18,0,0,24,31
2026-02-26,ST004,MED030,8,8,0,0,12,27
2026-02-26,ST005,MED001,14,14,0,24,0,55
2026-02-26,ST005,MED002,12,12,0,0,12,38
2026-02-26,ST005,MED003,2,2,0,0,0,23
2026-02-26,ST005,MED004,7,7,0,12,0,45
2026-02-26,ST005,MED005,15,15,0,0,24,55
2026-02-26,ST005,MED006,12,12,0,36,12,62
2026-02-26,ST005,MED007,3,3,0,0,0,20
2026-02-26,ST005,MED008,1,1,0,0,0,21
2026-02-26,ST005,MED009,13,13,0,24,12,69
2026-02-26,ST005,MED010,7,7,0,12,12,31
2026-02-26,ST005,MED011,14,14,0,24,18,47
2026-02-26,ST005,MED012,12,12,0,36,12,59
2026-02-26,ST005,MED013,6,6,0,0,0,28
2026-02-26,ST005,MED014,3,3,0,0,0,44
2026-02-26,ST005,MED015,13,13,0,48,0,97
2026-02-26,ST005,MED016,6,6,0,0,0,41
2026-02-26,ST005,MED017,13,13,0,36,12,56
2026-02-26,ST005,MED018,3,3,0,24,0,21
2026-02-26,ST005,MED019,5,5,0,0,0,8
2026-02-26,ST005,MED020,13,13,0,0,24,38
2026-02-26,ST005,MED021,9,9,0,12,6,63
2026-02-26,ST005,MED022,8,8,0,12,6,44
2026-02-26,ST005,MED023,12,12,0,12,12,57
2026-02-26,ST005,MED024,13,13,0,0,12,17
2026-02-26,ST005,MED025,7,7,0,24,12,40
2026-02-26,ST005,MED026,15,15,0,0,24,50
2026-02-26,ST005,MED027,13,13,0,0,12,32
2026-02-26,ST005,MED028,6,6,0,24,0,65
2026-02-26,ST005,MED029,9,9,0,24,0,50
2026-02-26,ST005,MED030,4,4,0,0,6,28
2026-02-26,ST006,MED001,12,12,0,24,0,69
2026-02-26,ST006,MED002,15,15,0,0,12,42
2026-02-26,ST006,MED003,5,5,0,24,0,36
2026-02-26,ST006,MED004,11,11,0,0,0,30
2026-02-26,ST006,MED005,12,12,0,0,0,50
2026-02-26,ST006,MED006,15,15,0,24,24,54
2026-02-26,ST006,MED007,4,4,0,0,0,40
2026-02-26,ST006,MED008,4,4,0,24,0,37
2026-02-26,ST006,MED009,15,15,0,24,12,68
2026-02-26,ST006,MED010,4,4,0,0,0,15
2026-02-26,ST006,MED011,14,14,0,0,12,51
2026-02-26,ST006,MED012,14,14,0,0,12,31
2026-02-26,ST006,MED013,7,7,0,12,12,59
2026-02-26,ST006,MED014,7,7,0,24,24,56
2026-02-26,ST006,MED015,15,15,0,0,24,62
2026-02-26,ST006,MED016,14,14,0,24,24,36
2026-02-26,ST006,MED017,14,14,0,0,12,55
2026-02-26,ST006,MED018,9,9,0,24,0,36
2026-02-26,ST006,MED019,5,5,0,0,0,23
2026-02-26,ST006,MED020,11,11,0,0,0,60
2026-02-26,ST006,MED021,13,13,0,0,12,43
2026-02-26,ST006,MED022,9,9,0,12,12,37
2026-02-26,ST006,MED023,16,16,0,48,12,65
2026-02-26,ST006,MED024,14,14,0,36,12,69
2026-02-26,ST006,MED025,8,8,0,0,12,32
2026-02-26,ST006,MED026,12,12,0,0,0,45
2026-02-26,ST006,MED027,18,18,0,0,24,53
2026-02-26,ST006,MED028,8,8,0,0,0,24
2026-02-26,ST006,MED029,10,10,0,0,0,32
2026-02-26,ST006,MED030,5,5,0,12,6,24
2026-02-26,ST007,MED001,9,9,0,0,0,38
2026-02-26,ST007,MED002,10,10,0,0,6,6
2026-02-26,ST007,MED003,0,0,0,0,0,24
2026-02-26,ST007,MED004,8,8,0,12,12,27
2026-02-26,ST007,MED005,9,9,0,36,0,46
2026-02-26,ST007,MED006,7,7,0,12,12,34
2026-02-26,ST007,MED007,3,3,0,0,0,31
2026-02-26,ST007,MED008,0,0,0,0,0,13
2026-02-26,ST007,MED009,9,9,0,0,0,24
2026-02-26,ST007,MED010,5,5,0,24,12,22
2026-02-26,ST007,MED011,6,6,0,0,0,30
2026-02-26,ST007,MED012,10,10,0,0,12,22
2026-02-26,ST007,MED013,1,1,0,0,0,23
2026-02-26,ST007,MED014,3,3,0,0,0,28
2026-02-26,ST007,MED015,10,10,0,24,0,39
2026-02-26,ST007,MED016,3,3,0,0,24,36
2026-02-26,ST007,MED017,9,9,0,24,12,24
2026-02-26,ST007,MED018,4,4,0,0,0,34
2026-02-26,ST007,MED019,3,3,0,0,0,19
2026-02-26,ST007,MED020,6,6,0,0,0,7
2026-02-26,ST007,MED021,10,10,0,12,6,24
2026-02-26,ST007,MED022,7,7,0,12,6,18
2026-02-26,ST007,MED023,6,6,0,0,0,37
2026-02-26,ST007,MED024,9,9,0,24,12,51
2026-02-26,ST007,MED025,4,4,0,0,12,24
2026-02-26,ST007,MED026,8,8,0,24,0,51
2026-02-26,ST007,MED027,6,6,0,0,0,39
2026-02-26,ST007,MED028,5,5,0,0,0,41
2026-02-26,ST007,MED029,8,8,0,0,0,22
2026-02-26,ST007,MED030,6,6,0,0,12,25
2026-02-26,ST008,MED001,12,12,0,24,24,71
2026-02-26,ST008,MED002,13,13,0,30,18,58
2026-02-26,ST008,MED003,0,0,0,0,0,14
2026-02-26,ST008,MED004,8,8,0,0,0,21
2026-02-26,ST008,MED005,9,9,0,0,12,25
2026-02-26,ST008,MED006,8,8,0,0,12,31
2026-02-26,ST008,MED007,2,2,0,24,0,40
2026-02-26,ST008,MED008,2,2,0,0,0,24
2026-02-26,ST008,MED009,9,9,0,0,12,19
2026-02-26,ST008,MED010,6,6,0,12,0,33
2026-02-26,ST008,MED011,8,8,0,6,6,40
2026-02-26,ST008,MED012,10,10,0,0,12,33
2026-02-26,ST008,MED013,4,4,0,24,12,38
2026-02-26,ST008,MED014,9,9,0,24,0,44
2026-02-26,ST008,MED015,9,9,0,0,0,42
2026-02-26,ST008,MED016,2,2,0,0,0,36
2026-02-26,ST008,MED017,9,9,0,24,0,63
2026-02-26,ST008,MED018,1,1,0,0,0,44
2026-02-26,ST008,MED019,1,1,0,0,0,15
2026-02-26,ST008,MED020,7,7,0,0,24,41
2026-02-26,ST008,MED021,7,7,0,6,6,37
2026-02-26,ST008,MED022,10,10,0,12,12,20
2026-02-26,ST008,MED023,10,10,0,0,12,42
2026-02-26,ST008,MED024,12,12,0,12,12,52
2026-02-26,ST008,MED025,1,1,0,12,0,29
2026-02-26,ST008,MED026,18,18,0,0,24,53
2026-02-26,ST008,MED027,9,9,0,12,12,53
2026-02-26,ST008,MED028,5,5,0,0,0,38
2026-02-26,ST008,MED029,8,8,0,0,0,32
2026-02-26,ST008,MED030,6,6,0,12,6,19
2026-02-26,ST009,MED001,10,10,0,0,24,25
2026-02-26,ST009,MED002,9,9,0,18,6,54
2026-02-26,ST009,MED003,2,2,0,0,0,25
2026-02-26,ST009,MED004,6,6,0,0,12,30
2026-02-26,ST009,MED005,9,9,0,0,0,42
2026-02-26,ST009,MED006,9,9,0,36,12,33
2026-02-26,ST009,MED007,3,3,0,0,24,29
2026-02-26,ST009,MED008,1,1,0,0,0,21
2026-02-26,ST009,MED009,8,8,0,12,12,27
2026-02-26,ST009,MED010,5,5,0,0,12,13
2026-02-26,ST009,MED011,8,8,0,24,6,58
2026-02-26,ST009,MED012,11,11,0,12,12,58
2026-02-26,ST009,MED013,7,7,0,0,0,37
2026-02-26,ST009,MED014,3,3,0,0,0,33
2026-02-26,ST009,MED015,10,10,0,0,0,64
2026-02-26,ST009,MED016,7,7,0,24,0,57
2026-02-26,ST009,MED017,14,14,0,24,12,65
2026-02-26,ST009,MED018,2,2,0,0,0,30
2026-02-26,ST009,MED019,1,1,0,0,0,20
2026-02-26,ST009,MED020,4,4,0,24,0,41
2026-02-26,ST009,MED021,8,8,0,18,6,52
2026-02-26,ST009,MED022,7,7,0,6,6,25
2026-02-26,ST009,MED023,13,13,0,36,0,56
2026-02-26,ST009,MED024,8,8,0,12,0,59
2026-02-26,ST009,MED025,5,5,0,12,0,36
2026-02-26,ST009,MED026,14,14,0,0,24,52
2026-02-26,ST009,MED027,12,12,0,12,12,47
2026-02-26,ST009,MED028,10,10,0,24,0,37
2026-02-26,ST009,MED029,11,11,0,24,24,50
2026-02-26,ST009,MED030,5,5,0,6,6,31
2026-02-26,ST010,MED001,12,12,0,24,24,60
2026-02-26,ST010,MED002,12,12,0,0,12,44
2026-02-26,ST010,MED003,4,4,0,0,0,17
2026-02-26,ST010,MED004,11,11,0,0,12,16
2026-02-26,ST010,MED005,11,11,0,0,12,22
2026-02-26,ST010,MED006,13,13,0,12,12,44
2026-02-26,ST010,MED007,9,9,0,24,24,29
2026-02-26,ST010,MED008,7,7,0,12,12,15
2026-02-26,ST010,MED009,11,11,0,0,12,27
2026-02-26,ST010,MED010,3,3,0,0,0,37
2026-02-26,ST010,MED011,13,13,0,0,18,31
2026-02-26,ST010,MED012,11,11,0,12,12,25
2026-02-26,ST010,MED013,6,6,0,0,0,47
2026-02-26,ST010,MED014,5,5,0,0,24,35
2026-02-26,ST010,MED015,15,15,0,0,0,77
2026-02-26,ST010,MED016,8,8,0,24,0,34
2026-02-26,ST010,MED017,11,11,0,0,12,46
2026-02-26,ST010,MED018,4,4,0,0,0,20
2026-02-26,ST010,MED019,0,0,0,0,0,14
2026-02-26,ST010,MED020,5,5,0,0,0,51
2026-02-26,ST010,MED021,11,11,0,24,12,51
2026-02-26,ST010,MED022,10,10,0,12,12,31
2026-02-26,ST010,MED023,8,8,0,36,0,52
2026-02-26,ST010,MED024,9,9,0,0,12,43
2026-02-26,ST010,MED025,7,7,0,0,12,23
2026-02-26,ST010,MED026,12,12,0,0,0,22
2026-02-26,ST010,MED027,10,10,0,24,12,51
2026-02-26,ST010,MED028,6,6,0,24,24,35
2026-02-26,ST010,MED029,6,6,0,24,0,56
2026-02-26,ST010,MED030,6,6,0,0,0,25
2026-02-26,ST011,MED001,13,13,0,0,0,57
2026-02-26,ST011,MED002,11,11,0,6,12,41
2026-02-26,ST011,MED003,2,2,0,0,0,52
2026-02-26,ST011,MED004,10,10,0,12,12,39
2026-02-26,ST011,MED005,14,14,0,48,12,64
2026-02-26,ST011,MED006,9,9,0,36,12,54
2026-02-26,ST011,MED007,0,0,0,0,0,43
2026-02-26,ST011,MED008,1,1,0,0,0,25
2026-02-26,ST011,MED009,14,14,0,12,12,55
2026-02-26,ST011,MED010,12,12,0,0,12,20
2026-02-26,ST011,MED011,10,10,0,12,12,39
2026-02-26,ST011,MED012,11,11,0,12,12,55
2026-02-26,ST011,MED013,4,4,0,24,12,49
2026-02-26,ST011,MED014,7,7,0,0,0,8
2026-02-26,ST011,MED015,17,17,0,24,24,60
2026-02-26,ST011,MED016,6,6,0,0,0,27
2026-02-26,ST011,MED017,16,16,0,12,24,62
2026-02-26,ST011,MED018,8,8,0,0,0,51
2026-02-26,ST011,MED019,0,0,0,0,0,14
2026-02-26,ST011,MED020,7,7,0,0,0,45
2026-02-26,ST011,MED021,12,12,0,12,12,29
2026-02-26,ST011,MED022,10,10,0,18,12,35
2026-02-26,ST011,MED023,15,15,0,12,12,46
2026-02-26,ST011,MED024,13,13,0,24,12,42
2026-02-26,ST011,MED025,8,8,0,12,12,20
2026-02-26,ST011,MED026,12,12,0,0,24,50
2026-02-26,ST011,MED027,16,16,0,0,24,24
2026-02-26,ST011,MED028,10,10,0,0,0,38
2026-02-26,ST011,MED029,5,5,0,0,0,64
2026-02-26,ST011,MED030,7,7,0,0,6,17
2026-02-26,ST012,MED001,14,14,0,24,24,69
2026-02-26,ST012,MED002,14,14,0,6,12,18
2026-02-26,ST012,MED003,6,6,0,0,0,14
2026-02-26,ST012,MED004,11,11,0,0,12,31
2026-02-26,ST012,MED005,14,14,0,0,24,34
2026-02-26,ST012,MED006,11,11,0,0,0,39
2026-02-26,ST012,MED007,2,2,0,0,0,25
2026-02-26,ST012,MED008,4,4,0,0,12,23
2026-02-26,ST012,MED009,13,13,0,24,12,47
2026-02-26,ST012,MED010,5,5,0,0,0,26
2026-02-26,ST012,MED011,9,9,0,0,12,17
2026-02-26,ST012,MED012,12,12,0,0,12,20
2026-02-26,ST012,MED013,5,5,0,0,0,33
2026-02-26,ST012,MED014,6,6,0,0,24,46
2026-02-26,ST012,MED015,14,14,0,24,0,92
2026-02-26,ST012,MED016,11,11,0,0,24,52
2026-02-26,ST012,MED017,11,11,0,12,12,64
2026-02-26,ST012,MED018,8,8,0,0,0,23
2026-02-26,ST012,MED019,2,2,0,0,0,38
2026-02-26,ST012,MED020,7,7,0,0,24,60
2026-02-26,ST012,MED021,14,14,0,0,18,63
2026-02-26,ST012,MED022,4,4,0,0,6,14
2026-02-26,ST012,MED023,12,12,0,48,12,77
2026-02-26,ST012,MED024,13,13,0,36,12,71
2026-02-26,ST012,MED025,6,6,0,12,0,33
2026-02-26,ST012,MED026,15,15,0,0,24,62
2026-02-26,ST012,MED027,17,17,0,0,24,51
2026-02-26,ST012,MED028,6,6,0,0,0,34
2026-02-26,ST012,MED029,15,15,0,0,0,42
2026-02-26,ST012,MED030,6,6,0,12,6,31
2026-02-26,ST013,MED001,16,16,0,0,24,59
2026-02-26,ST013,MED002,11,11,0,36,12,39
2026-02-26,ST013,MED003,7,7,0,0,0,17
2026-02-26,ST013,MED004,12,12,0,12,12,42
2026-02-26,ST013,MED005,15,15,0,24,12,61
2026-02-26,ST013,MED006,13,13,0,24,12,67
2026-02-26,ST013,MED007,5,5,0,24,0,41
2026-02-26,ST013,MED008,5,5,0,12,0,21
2026-02-26,ST013,MED009,11,11,0,24,12,62
2026-02-26,ST013,MED010,8,8,0,0,12,24
2026-02-26,ST013,MED011,11,11,0,18,12,58
2026-02-26,ST013,MED012,13,13,0,0,12,50
2026-02-26,ST013,MED013,8,8,0,12,12,44
2026-02-26,ST013,MED014,6,6,0,0,0,40
2026-02-26,ST013,MED015,13,13,0,0,0,88
2026-02-26,ST013,MED016,13,13,0,0,24,42
2026-02-26,ST013,MED017,14,14,0,0,12,50
2026-02-26,ST013,MED018,8,8,0,24,0,43
2026-02-26,ST013,MED019,1,1,0,0,0,31
2026-02-26,ST013,MED020,11,11,0,0,24,37
2026-02-26,ST013,MED021,10,10,0,0,6,26
2026-02-26,ST013,MED022,6,6,0,42,6,49
2026-02-26,ST013,MED023,17,17,0,12,12,66
2026-02-26,ST013,MED024,11,11,0,0,12,64
2026-02-26,ST013,MED025,8,8,0,0,12,21
2026-02-26,ST013,MED026,16,16,0,48,24,101
2026-02-26,ST013,MED027,15,15,0,60,12,92
2026-02-26,ST013,MED028,9,9,0,0,0,37
2026-02-26,ST013,MED029,11,11,0,0,0,58
2026-02-26,ST013,MED030,7,7,0,24,6,42
2026-02-26,ST014,MED001,6,6,0,0,0,34
2026-02-26,ST014,MED002,7,7,0,18,6,34
2026-02-26,ST014,MED003,0,0,0,0,0,16
2026-02-26,ST014,MED004,5,5,0,0,0,21
2026-02-26,ST014,MED005,10,10,0,24,12,39
2026-02-26,ST014,MED006,11,11,0,0,12,47
2026-02-26,ST014,MED007,2,2,0,0,0,26
2026-02-26,ST014,MED008,3,3,0,0,0,34
2026-02-26,ST014,MED009,6,6,0,12,12,34
2026-02-26,ST014,MED010,4,4,0,0,0,15
2026-02-26,ST014,MED011,8,8,0,0,6,38
2026-02-26,ST014,MED012,7,7,0,0,0,21
2026-02-26,ST014,MED013,3,3,0,0,0,30
2026-02-26,ST014,MED014,4,4,0,24,0,20
2026-02-26,ST014,MED015,11,11,0,0,0,28
2026-02-26,ST014,MED016,4,4,0,0,24,41
2026-02-26,ST014,MED017,6,6,0,0,0,33
2026-02-26,ST014,MED018,2,2,0,0,0,35
2026-02-26,ST014,MED019,3,3,0,0,0,33
2026-02-26,ST014,MED020,4,4,0,0,0,19
2026-02-26,ST014,MED021,7,7,0,0,6,39
2026-02-26,ST014,MED022,6,6,0,0,6,27
2026-02-26,ST014,MED023,10,10,0,12,12,47
2026-02-26,ST014,MED024,7,7,0,12,12,30
2026-02-26,ST014,MED025,4,4,0,0,0,9
2026-02-26,ST014,MED026,7,7,0,0,0,47
2026-02-26,ST014,MED027,10,10,0,0,12,39
2026-02-26,ST014,MED028,4,4,0,0,0,25
2026-02-26,ST014,MED029,8,8,0,0,0,35
2026-02-26,ST014,MED030,6,6,0,0,12,19
2026-02-26,ST015,MED001,10,10,0,0,0,30
2026-02-26,ST015,MED002,7,7,0,18,6,36
2026-02-26,ST015,MED003,0,0,0,0,0,36
2026-02-26,ST015,MED004,8,8,0,12,12,24
2026-02-26,ST015,MED005,8,8,0,24,0,55
2026-02-26,ST015,MED006,8,8,0,0,0,19
2026-02-26,ST015,MED007,5,5,0,0,0,6
2026-02-26,ST015,MED008,0,0,0,0,0,20
2026-02-26,ST015,MED009,8,8,0,0,0,36
2026-02-26,ST015,MED010,2,2,0,0,0,11
2026-02-26,ST015,MED011,7,7,0,12,6,39
2026-02-26,ST015,MED012,10,10,0,0,0,38
2026-02-26,ST015,MED013,4,4,0,0,0,18
2026-02-26,ST015,MED014,3,3,0,0,0,14
2026-02-26,ST015,MED015,11,11,0,0,0,60
2026-02-26,ST015,MED016,6,6,0,0,0,32
2026-02-26,ST015,MED017,10,10,0,24,12,43
2026-02-26,ST015,MED018,10,10,0,0,0,25
2026-02-26,ST015,MED019,4,4,0,0,0,28
2026-02-26,ST015,MED020,8,8,0,24,24,39
2026-02-26,ST015,MED021,9,9,0,12,12,29
2026-02-26,ST015,MED022,6,6,0,0,6,34
2026-02-26,ST015,MED023,10,10,0,0,12,25
2026-02-26,ST015,MED024,11,11,0,0,12,46
2026-02-26,ST015,MED025,7,7,0,12,12,27
2026-02-26,ST015,MED026,11,11,0,24,0,50
2026-02-26,ST015,MED027,14,14,0,0,12,34
2026-02-26,ST015,MED028,3,3,0,0,0,34
2026-02-26,ST015,MED029,10,10,0,0,24,41
2026-02-26,ST015,MED030,5,5,0,0,6,23
2026-02-26,ST016,MED001,5,5,0,0,0,56
2026-02-26,ST016,MED002,12,12,0,18,12,29
2026-02-26,ST016,MED003,4,4,0,0,0,37
2026-02-26,ST016,MED004,8,8,0,0,0,17
2026-02-26,ST016,MED005,8,8,0,36,12,50
2026-02-26,ST016,MED006,6,6,0,12,0,49
2026-02-26,ST016,MED007,1,1,0,0,0,28
2026-02-26,ST016,MED008,3,3,0,0,0,4
2026-02-26,ST016,MED009,9,9,0,24,12,53
2026-02-26,ST016,MED010,0,0,0,0,0,32
2026-02-26,ST016,MED011,12,12,0,6,12,40
2026-02-26,ST016,MED012,11,11,0,24,12,37
2026-02-26,ST016,MED013,4,4,0,0,0,20
2026-02-26,ST016,MED014,1,1,0,24,0,37
2026-02-26,ST016,MED015,16,16,0,0,24,32
2026-02-26,ST016,MED016,12,12,0,0,24,46
2026-02-26,ST016,MED017,8,8,0,12,12,38
2026-02-26,ST016,MED018,3,3,0,0,0,37
2026-02-26,ST016,MED019,5,5,0,0,0,40
2026-02-26,ST016,MED020,4,4,0,0,0,26
2026-02-26,ST016,MED021,7,7,0,36,12,65
2026-02-26,ST016,MED022,2,2,0,18,0,32
2026-02-26,ST016,MED023,6,6,0,24,0,65
2026-02-26,ST016,MED024,10,10,0,12,0,38
2026-02-26,ST016,MED025,7,7,0,0,0,22
2026-02-26,ST016,MED026,11,11,0,0,0,58
2026-02-26,ST016,MED027,13,13,0,12,12,34
2026-02-26,ST016,MED028,3,3,0,0,0,35
2026-02-26,ST016,MED029,9,9,0,0,0,26
2026-02-26,ST016,MED030,5,5,0,6,6,23
2026-02-26,ST017,MED001,15,15,0,0,0,42
2026-02-26,ST017,MED002,13,13,0,18,18,35
2026-02-26,ST017,MED003,5,5,0,0,24,24
2026-02-26,ST017,MED004,8,8,0,24,12,52
2026-02-26,ST017,MED005,11,11,0,0,12,35
2026-02-26,ST017,MED006,11,11,0,12,12,48
2026-02-26,ST017,MED007,5,5,0,0,0,33
2026-02-26,ST017,MED008,1,1,0,12,0,33
2026-02-26,ST017,MED009,6,6,0,12,12,36
2026-02-26,ST017,MED010,7,7,0,0,12,8
2026-02-26,ST017,MED011,11,11,0,24,6,70
2026-02-26,ST017,MED012,13,13,0,12,12,39
2026-02-26,ST017,MED013,4,4,0,12,0,38
2026-02-26,ST017,MED014,6,6,0,0,0,31
2026-02-26,ST017,MED015,10,10,0,0,0,52
2026-02-26,ST017,MED016,9,9,0,24,0,55
2026-02-26,ST017,MED017,13,13,0,24,12,37
2026-02-26,ST017,MED018,10,10,0,0,0,22
2026-02-26,ST017,MED019,3,3,0,0,0,12
2026-02-26,ST017,MED020,10,10,0,0,0,32
2026-02-26,ST017,MED021,10,10,0,0,12,34
2026-02-26,ST017,MED022,6,6,0,6,0,26
2026-02-26,ST017,MED023,9,9,0,24,0,47
2026-02-26,ST017,MED024,19,19,0,0,12,40
2026-02-26,ST017,MED025,7,7,0,0,12,11
2026-02-26,ST017,MED026,10,10,0,0,24,53
2026-02-26,ST017,MED027,13,13,0,12,12,46
2026-02-26,ST017,MED028,7,7,0,0,24,47
2026-02-26,ST017,MED029,8,8,0,0,0,37
2026-02-26,ST017,MED030,5,5,0,12,6,22
2026-02-26,ST018,MED001,14,14,0,24,24,55
2026-02-26,ST018,MED002,11,11,0,18,12,56
2026-02-26,ST018,MED003,4,4,0,0,0,35
2026-02-26,ST018,MED004,11,11,0,24,12,43
2026-02-26,ST018,MED005,12,12,0,0,12,54
2026-02-26,ST018,MED006,12,12,0,12,12,42
2026-02-26,ST018,MED007,3,3,0,0,0,28
2026-02-26,ST018,MED008,3,3,0,0,0,14
2026-02-26,ST018,MED009,14,14,0,0,12,40
2026-02-26,ST018,MED010,8,8,0,12,12,31
2026-02-26,ST018,MED011,12,12,0,24,6,51
2026-02-26,ST018,MED012,9,9,0,12,12,49
2026-02-26,ST018,MED013,6,6,0,12,0,34
2026-02-26,ST018,MED014,8,8,0,0,0,15
2026-02-26,ST018,MED015,10,10,0,0,0,67
2026-02-26,ST018,MED016,8,8,0,0,0,41
2026-02-26,ST018,MED017,14,14,0,24,12,46
2026-02-26,ST018,MED018,11,11,0,48,0,37
2026-02-26,ST018,MED019,1,1,0,0,0,37
2026-02-26,ST018,MED020,11,11,0,0,0,40
2026-02-26,ST018,MED021,14,14,0,0,12,38
2026-02-26,ST018,MED022,9,9,0,12,6,36
2026-02-26,ST018,MED023,15,15,0,12,24,52
2026-02-26,ST018,MED024,9,9,0,0,0,58
2026-02-26,ST018,MED025,10,10,0,12,12,42
2026-02-26,ST018,MED026,14,14,0,24,0,66
2026-02-26,ST018,MED027,14,14,0,12,12,16
2026-02-26,ST018,MED028,6,6,0,0,0,20
2026-02-26,ST018,MED029,11,11,0,0,0,14
2026-02-26,ST018,MED030,5,5,0,0,6,20
2026-02-26,ST019,MED001,15,15,0,24,24,28
2026-02-26,ST019,MED002,10,10,0,0,12,20
2026-02-26,ST019,MED003,0,0,0,0,0,36
2026-02-26,ST019,MED004,11,11,0,12,12,49
2026-02-26,ST019,MED005,10,10,0,12,12,68
2026-02-26,ST019,MED006,11,11,0,0,12,52
2026-02-26,ST019,MED007,6,6,0,0,24,27
2026-02-26,ST019,MED008,3,3,0,0,0,26
2026-02-26,ST019,MED009,16,16,0,0,12,26
2026-02-26,ST019,MED010,5,5,0,0,0,27
2026-02-26,ST019,MED011,14,14,0,18,18,68
2026-02-26,ST019,MED012,11,11,0,36,12,61
2026-02-26,ST019,MED013,11,11,0,0,12,18
2026-02-26,ST019,MED014,4,4,0,24,0,54
2026-02-26,ST019,MED015,13,13,0,24,24,48
2026-02-26,ST019,MED016,10,10,0,24,24,54
2026-02-26,ST019,MED017,9,9,0,12,12,68
2026-02-26,ST019,MED018,5,5,0,0,24,30
2026-02-26,ST019,MED019,1,1,0,0,0,22
2026-02-26,ST019,MED020,9,9,0,24,24,48
2026-02-26,ST019,MED021,15,15,0,0,18,22
2026-02-26,ST019,MED022,7,7,0,0,6,40
2026-02-26,ST019,MED023,15,15,0,12,24,46
2026-02-26,ST019,MED024,17,17,0,0,24,39
2026-02-26,ST019,MED025,8,8,0,0,12,26
2026-02-26,ST019,MED026,15,15,0,0,0,78
2026-02-26,ST019,MED027,13,13,0,0,12,48
2026-02-26,ST019,MED028,8,8,0,0,0,43
2026-02-26,ST019,MED029,14,14,0,0,24,50
2026-02-26,ST019,MED030,8,8,0,0,12,27
2026-02-26,ST020,MED001,11,11,0,24,0,60
2026-02-26,ST020,MED002,13,13,0,0,18,39
2026-02-26,ST020,MED003,6,6,0,0,0,24
2026-02-26,ST020,MED004,7,7,0,12,12,56
2026-02-26,ST020,MED005,14,14,0,36,12,65
2026-02-26,ST020,MED006,11,11,0,0,12,25
2026-02-26,ST020,MED007,1,1,0,0,0,28
2026-02-26,ST020,MED008,7,7,0,0,12,13
2026-02-26,ST020,MED009,11,11,0,24,0,74
2026-02-26,ST020,MED010,4,4,0,12,12,34
2026-02-26,ST020,MED011,14,14,0,18,12,45
2026-02-26,ST020,MED012,16,16,0,12,12,29
2026-02-26,ST020,MED013,12,12,0,12,12,34
2026-02-26,ST020,MED014,8,8,0,0,0,16
2026-02-26,ST020,MED015,16,16,0,0,24,40
2026-02-26,ST020,MED016,7,7,0,24,24,71
2026-02-26,ST020,MED017,13,13,0,24,12,30
2026-02-26,ST020,MED018,7,7,0,0,0,57
2026-02-26,ST020,MED019,4,4,0,0,0,29
2026-02-26,ST020,MED020,10,10,0,0,24,34
2026-02-26,ST020,MED021,14,14,0,0,18,33
2026-02-26,ST020,MED022,6,6,0,18,6,57
2026-02-26,ST020,MED023,11,11,0,12,12,52
2026-02-26,ST020,MED024,16,16,0,24,12,67
2026-02-26,ST020,MED025,9,9,0,0,12,38
2026-02-26,ST020,MED026,11,11,0,0,0,48
2026-02-26,ST020,MED027,12,12,0,0,12,70
2026-02-26,ST020,MED028,6,6,0,0,0,15
2026-02-26,ST020,MED029,12,12,0,48,24,76
2026-02-26,ST020,MED030,4,4,0,0,0,30
2026-02-26,ST021,MED001,7,7,0,0,0,48
2026-02-26,ST021,MED002,7,7,0,6,6,35
2026-02-26,ST021,MED003,0,0,0,0,0,25
2026-02-26,ST021,MED004,7,7,0,0,12,25
2026-02-26,ST021,MED005,7,7,0,12,0,35
2026-02-26,ST021,MED006,6,6,0,0,0,42
2026-02-26,ST021,MED007,3,3,0,0,0,25
2026-02-26,ST021,MED008,6,6,0,0,0,24
2026-02-26,ST021,MED009,9,9,0,0,0,39
2026-02-26,ST021,MED010,6,6,0,0,12,22
2026-02-26,ST021,MED011,7,7,0,12,6,46
2026-02-26,ST021,MED012,8,8,0,12,12,39
2026-02-26,ST021,MED013,2,2,0,0,0,27
2026-02-26,ST021,MED014,6,6,0,0,0,17
2026-02-26,ST021,MED015,8,8,0,0,0,23
2026-02-26,ST021,MED016,5,5,0,0,0,20
2026-02-26,ST021,MED017,7,7,0,0,0,44
2026-02-26,ST021,MED018,4,4,0,0,24,34
2026-02-26,ST021,MED019,3,3,0,0,0,16
2026-02-26,ST021,MED020,3,3,0,0,0,37
2026-02-26,ST021,MED021,7,7,0,6,12,27
2026-02-26,ST021,MED022,5,5,0,6,6,24
2026-02-26,ST021,MED023,11,11,0,12,12,34
2026-02-26,ST021,MED024,13,13,0,12,12,37
2026-02-26,ST021,MED025,3,3,0,0,0,27
2026-02-26,ST021,MED026,10,10,0,0,0,44
2026-02-26,ST021,MED027,12,12,0,0,12,12
2026-02-26,ST021,MED028,4,4,0,0,0,23
2026-02-26,ST021,MED029,7,7,0,0,0,38
2026-02-26,ST021,MED030,6,6,0,0,6,15
2026-02-26,ST022,MED001,12,12,0,0,24,59
2026-02-26,ST022,MED002,7,7,0,18,6,45
2026-02-26,ST022,MED003,4,4,0,0,0,30
2026-02-26,ST022,MED004,4,4,0,0,0,27
2026-02-26,ST022,MED005,8,8,0,0,0,36
2026-02-26,ST022,MED006,9,9,0,0,12,19
2026-02-26,ST022,MED007,0,0,0,0,0,34
2026-02-26,ST022,MED008,3,3,0,0,0,15
2026-02-26,ST022,MED009,10,10,0,12,12,49
2026-02-26,ST022,MED010,3,3,0,0,0,34
2026-02-26,ST022,MED011,7,7,0,6,6,39
2026-02-26,ST022,MED012,8,8,0,12,12,33
2026-02-26,ST022,MED013,7,7,0,0,0,21
2026-02-26,ST022,MED014,1,1,0,0,0,50
2026-02-26,ST022,MED015,12,12,0,0,0,53
2026-02-26,ST022,MED016,8,8,0,24,0,34
2026-02-26,ST022,MED017,7,7,0,0,12,29
2026-02-26,ST022,MED018,7,7,0,0,24,34
2026-02-26,ST022,MED019,0,0,0,0,0,18
2026-02-26,ST022,MED020,5,5,0,0,0,55
2026-02-26,ST022,MED021,6,6,0,12,0,51
2026-02-26,ST022,MED022,8,8,0,30,12,31
2026-02-26,ST022,MED023,7,7,0,12,0,23
2026-02-26,ST022,MED024,10,10,0,0,12,53
2026-02-26,ST022,MED025,7,7,0,0,0,27
2026-02-26,ST022,MED026,11,11,0,24,0,62
2026-02-26,ST022,MED027,11,11,0,0,12,45
2026-02-26,ST022,MED028,5,5,0,0,0,30
2026-02-26,ST022,MED029,8,8,0,0,0,41
2026-02-26,ST022,MED030,3,3,0,6,0,16
2026-02-26,ST023,MED001,13,13,0,24,0,60
2026-02-26,ST023,MED002,10,10,0,12,6,66
2026-02-26,ST023,MED003,4,4,0,0,0,29
2026-02-26,ST023,MED004,6,6,0,12,12,54
2026-02-26,ST023,MED005,8,8,0,0,12,36
2026-02-26,ST023,MED006,5,5,0,0,0,34
2026-02-26,ST023,MED007,1,1,0,0,0,26
2026-02-26,ST023,MED008,4,4,0,12,0,25
2026-02-26,ST023,MED009,11,11,0,12,12,39
2026-02-26,ST023,MED010,7,7,0,0,12,29
2026-02-26,ST023,MED011,11,11,0,12,12,41
2026-02-26,ST023,MED012,7,7,0,24,12,54
2026-02-26,ST023,MED013,6,6,0,0,12,29
2026-02-26,ST023,MED014,8,8,0,0,24,46
2026-02-26,ST023,MED015,10,10,0,0,0,66
2026-02-26,ST023,MED016,5,5,0,0,0,28
2026-02-26,ST023,MED017,10,10,0,36,12,54
2026-02-26,ST023,MED018,7,7,0,0,0,24
2026-02-26,ST023,MED019,3,3,0,24,0,44
2026-02-26,ST023,MED020,3,3,0,24,0,31
2026-02-26,ST023,MED021,7,7,0,6,6,30
2026-02-26,ST023,MED022,5,5,0,0,6,26
2026-02-26,ST023,MED023,9,9,0,24,0,48
2026-02-26,ST023,MED024,11,11,0,12,0,68
2026-02-26,ST023,MED025,4,4,0,0,12,37
2026-02-26,ST023,MED026,13,13,0,48,24,74
2026-02-26,ST023,MED027,9,9,0,12,0,58
2026-02-26,ST023,MED028,11,11,0,0,0,29
2026-02-26,ST023,MED029,6,6,0,0,24,35
2026-02-26,ST023,MED030,7,7,0,0,6,24
2026-02-26,ST024,MED001,10,10,0,0,24,36
2026-02-26,ST024,MED002,11,11,0,0,6,29
2026-02-26,ST024,MED003,2,2,0,0,0,24
2026-02-26,ST024,MED004,6,6,0,0,0,35
2026-02-26,ST024,MED005,13,13,0,24,24,26
2026-02-26,ST024,MED006,11,11,0,24,12,52
2026-02-26,ST024,MED007,2,2,0,0,0,32
2026-02-26,ST024,MED008,3,3,0,0,0,20
2026-02-26,ST024,MED009,7,7,0,24,12,56
2026-02-26,ST024,MED010,2,2,0,0,12,19
2026-02-26,ST024,MED011,11,11,0,18,12,49
2026-02-26,ST024,MED012,12,12,0,12,12,32
2026-02-26,ST024,MED013,7,7,0,12,12,37
2026-02-26,ST024,MED014,11,11,0,0,24,33
2026-02-26,ST024,MED015,16,16,0,24,24,58
2026-02-26,ST024,MED016,9,9,0,0,0,37
2026-02-26,ST024,MED017,8,8,0,24,12,39
2026-02-26,ST024,MED018,8,8,0,0,0,31
2026-02-26,ST024,MED019,2,2,0,0,0,13
2026-02-26,ST024,MED020,10,10,0,0,0,40
2026-02-26,ST024,MED021,12,12,0,12,12,32
2026-02-26,ST024,MED022,4,4,0,12,0,34
2026-02-26,ST024,MED023,10,10,0,12,12,69
2026-02-26,ST024,MED024,12,12,0,0,12,43
2026-02-26,ST024,MED025,5,5,0,0,12,24
2026-02-26,ST024,MED026,7,7,0,0,0,70
2026-02-26,ST024,MED027,12,12,0,0,12,43
2026-02-26,ST024,MED028,11,11,0,0,0,27
2026-02-26,ST024,MED029,9,9,0,0,0,22
2026-02-26,ST024,MED030,5,5,0,18,12,26
2026-02-26,ST025,MED001,14,14,0,0,0,49
2026-02-26,ST025,MED002,15,15,0,18,18,65
2026-02-26,ST025,MED003,2,2,0,0,0,15
2026-02-26,ST025,MED004,10,10,0,0,12,22
2026-02-26,ST025,MED005,12,12,0,0,0,57
2026-02-26,ST025,MED006,11,11,0,0,0,44
2026-02-26,ST025,MED007,1,1,0,0,0,30
2026-02-26,ST025,MED008,7,7,0,0,0,8
2026-02-26,ST025,MED009,11,11,0,0,12,31
2026-02-26,ST025,MED010,4,4,0,0,0,25
2026-02-26,ST025,MED011,8,8,0,0,0,46
2026-02-26,ST025,MED012,10,10,0,0,0,32
2026-02-26,ST025,MED013,8,8,0,24,0,41
2026-02-26,ST025,MED014,6,6,0,0,24,36
2026-02-26,ST025,MED015,14,14,0,0,24,39
2026-02-26,ST025,MED016,9,9,0,0,24,10
2026-02-26,ST025,MED017,12,12,0,12,12,51
2026-02-26,ST025,MED018,6,6,0,48,0,56
2026-02-26,ST025,MED019,1,1,0,0,0,31
2026-02-26,ST025,MED020,9,9,0,0,0,34
2026-02-26,ST025,MED021,12,12,0,12,18,47
2026-02-26,ST025,MED022,7,7,0,12,0,59
2026-02-26,ST025,MED023,12,12,0,0,12,47
2026-02-26,ST025,MED024,16,16,0,24,24,47
2026-02-26,ST025,MED025,5,5,0,0,0,36
2026-02-26,ST025,MED026,14,14,0,24,24,56
2026-02-26,ST025,MED027,12,12,0,0,24,36
2026-02-26,ST025,MED028,9,9,0,24,24,42
2026-02-26,ST025,MED029,11,11,0,0,24,23
2026-02-26,ST025,MED030,11,11,0,0,12,14
2026-02-26,ST026,MED001,11,11,0,48,0,64
2026-02-26,ST026,MED002,16,16,0,30,12,72
2026-02-26,ST026,MED003,4,4,0,0,0,18
2026-02-26,ST026,MED004,9,9,0,12,0,39
2026-02-26,ST026,MED005,19,19,0,0,24,42
2026-02-26,ST026,MED006,11,11,0,12,0,53
2026-02-26,ST026,MED007,4,4,0,0,0,21
2026-02-26,ST026,MED008,5,5,0,0,0,29
2026-02-26,ST026,MED009,12,12,0,0,12,47
2026-02-26,ST026,MED010,3,3,0,24,0,31
2026-02-26,ST026,MED011,13,13,0,6,12,40
2026-02-26,ST026,MED012,11,11,0,0,12,58
2026-02-26,ST026,MED013,8,8,0,12,12,50
2026-02-26,ST026,MED014,3,3,0,0,0,44
2026-02-26,ST026,MED015,13,13,0,24,24,54
2026-02-26,ST026,MED016,15,15,0,24,24,36
2026-02-26,ST026,MED017,14,14,0,0,24,62
2026-02-26,ST026,MED018,7,7,0,0,0,36
2026-02-26,ST026,MED019,0,0,0,0,0,31
2026-02-26,ST026,MED020,11,11,0,24,0,44
2026-02-26,ST026,MED021,7,7,0,12,6,59
2026-02-26,ST026,MED022,6,6,0,0,0,30
2026-02-26,ST026,MED023,11,11,0,36,0,37
2026-02-26,ST026,MED024,16,16,0,36,24,80
2026-02-26,ST026,MED025,7,7,0,12,12,46
2026-02-26,ST026,MED026,10,10,0,0,24,69
2026-02-26,ST026,MED027,14,14,0,0,12,27
2026-02-26,ST026,MED028,10,10,0,0,24,27
2026-02-26,ST026,MED029,13,13,0,48,24,71
2026-02-26,ST026,MED030,8,8,0,0,12,19
2026-02-26,ST027,MED001,18,18,0,24,24,72
2026-02-26,ST027,MED002,17,17,0,0,24,41
2026-02-26,ST027,MED003,7,7,0,0,24,26
2026-02-26,ST027,MED004,9,9,0,12,12,52
2026-02-26,ST027,MED005,15,15,0,24,12,46
2026-02-26,ST027,MED006,10,10,0,12,12,41
2026-02-26,ST027,MED007,4,4,0,0,0,16
2026-02-26,ST027,MED008,3,3,0,0,0,18
2026-02-26,ST027,MED009,15,15,0,48,12,64
2026-02-26,ST027,MED010,4,4,0,12,0,29
2026-02-26,ST027,MED011,14,14,0,36,18,58
2026-02-26,ST027,MED012,15,15,0,0,12,49
2026-02-26,ST027,MED013,9,9,0,0,12,25
2026-02-26,ST027,MED014,6,6,0,0,0,37
2026-02-26,ST027,MED015,17,17,0,24,24,79
2026-02-26,ST027,MED016,11,11,0,0,0,60
2026-02-26,ST027,MED017,13,13,0,24,12,71
2026-02-26,ST027,MED018,6,6,0,0,0,34
2026-02-26,ST027,MED019,3,3,0,24,0,43
2026-02-26,ST027,MED020,7,7,0,0,0,35
2026-02-26,ST027,MED021,13,13,0,0,12,46
2026-02-26,ST027,MED022,10,10,0,6,12,31
2026-02-26,ST027,MED023,13,13,0,0,12,38
2026-02-26,ST027,MED024,14,14,0,12,12,64
2026-02-26,ST027,MED025,9,9,0,0,12,43
2026-02-26,ST027,MED026,15,15,0,0,24,59
2026-02-26,ST027,MED027,14,14,0,12,12,55
2026-02-26,ST027,MED028,6,6,0,0,0,41
2026-02-26,ST027,MED029,11,11,0,0,0,53
2026-02-26,ST027,MED030,4,4,0,0,6,35
2026-02-26,ST028,MED001,6,6,0,0,0,61
2026-02-26,ST028,MED002,9,9,0,0,12,3
2026-02-26,ST028,MED003,0,0,0,0,0,17
2026-02-26,ST028,MED004,7,7,0,0,12,25
2026-02-26,ST028,MED005,11,11,0,12,12,46
2026-02-26,ST028,MED006,13,13,0,24,12,46
2026-02-26,ST028,MED007,0,0,0,0,0,25
2026-02-26,ST028,MED008,1,1,0,0,0,16
2026-02-26,ST028,MED009,7,7,0,0,12,30
2026-02-26,ST028,MED010,1,1,0,12,0,24
2026-02-26,ST028,MED011,8,8,0,6,6,26
2026-02-26,ST028,MED012,8,8,0,0,0,41
2026-02-26,ST028,MED013,4,4,0,12,0,38
2026-02-26,ST028,MED014,2,2,0,0,0,44
2026-02-26,ST028,MED015,12,12,0,24,0,49
2026-02-26,ST028,MED016,2,2,0,0,0,29
2026-02-26,ST028,MED017,5,5,0,0,0,33
2026-02-26,ST028,MED018,2,2,0,24,0,22
2026-02-26,ST028,MED019,0,0,0,0,0,35
2026-02-26,ST028,MED020,6,6,0,0,0,29
2026-02-26,ST028,MED021,8,8,0,12,6,35
2026-02-26,ST028,MED022,11,11,0,0,18,13
2026-02-26,ST028,MED023,11,11,0,12,12,43
2026-02-26,ST028,MED024,7,7,0,24,12,40
2026-02-26,ST028,MED025,3,3,0,12,12,42
2026-02-26,ST028,MED026,12,12,0,0,0,26
2026-02-26,ST028,MED027,8,8,0,12,0,52
2026-02-26,ST028,MED028,4,4,0,0,0,38
2026-02-26,ST028,MED029,10,10,0,0,24,22
2026-02-26,ST028,MED030,4,4,0,12,6,27
2026-02-26,ST029,MED001,10,10,0,0,24,56
2026-02-26,ST029,MED002,10,10,0,6,12,35
2026-02-26,ST029,MED003,0,0,0,0,0,26
2026-02-26,ST029,MED004,6,6,0,0,12,51
2026-02-26,ST029,MED005,6,6,0,12,0,48
2026-02-26,ST029,MED006,7,7,0,0,12,52
2026-02-26,ST029,MED007,2,2,0,0,0,21
2026-02-26,ST029,MED008,1,1,0,0,0,26
2026-02-26,ST029,MED009,6,6,0,0,0,23
2026-02-26,ST029,MED010,3,3,0,0,0,15
2026-02-26,ST029,MED011,8,8,0,6,6,33
2026-02-26,ST029,MED012,9,9,0,12,12,14
2026-02-26,ST029,MED013,6,6,0,0,12,27
2026-02-26,ST029,MED014,9,9,0,24,0,45
2026-02-26,ST029,MED015,12,12,0,48,24,73
2026-02-26,ST029,MED016,7,7,0,0,24,21
2026-02-26,ST029,MED017,14,14,0,0,24,19
2026-02-26,ST029,MED018,9,9,0,0,0,27
2026-02-26,ST029,MED019,7,7,0,0,0,25
2026-02-26,ST029,MED020,7,7,0,0,0,22
2026-02-26,ST029,MED021,6,6,0,12,6,31
2026-02-26,ST029,MED022,5,5,0,18,0,27
2026-02-26,ST029,MED023,12,12,0,36,12,29
2026-02-26,ST029,MED024,11,11,0,24,12,53
2026-02-26,ST029,MED025,7,7,0,24,12,28
2026-02-26,ST029,MED026,6,6,0,0,24,43
2026-02-26,ST029,MED027,9,9,0,12,12,31
2026-02-26,ST029,MED028,3,3,0,0,0,11
2026-02-26,ST029,MED029,7,7,0,24,24,52
2026-02-26,ST029,MED030,1,1,0,0,0,21
2026-02-26,ST030,MED001,11,11,0,0,0,43
2026-02-26,ST030,MED002,13,13,0,18,12,52
2026-02-26,ST030,MED003,2,2,0,0,0,33
2026-02-26,ST030,MED004,5,5,0,12,0,14
2026-02-26,ST030,MED005,11,11,0,24,12,57
2026-02-26,ST030,MED006,7,7,0,0,0,50
2026-02-26,ST030,MED007,7,7,0,0,24,21
2026-02-26,ST030,MED008,4,4,0,0,0,18
2026-02-26,ST030,MED009,7,7,0,24,0,47
2026-02-26,ST030,MED010,10,10,0,0,12,15
2026-02-26,ST030,MED011,10,10,0,18,6,37
2026-02-26,ST030,MED012,9,9,0,0,12,39
2026-02-26,ST030,MED013,8,8,0,0,12,23
2026-02-26,ST030,MED014,5,5,0,0,0,41
2026-02-26,ST030,MED015,14,14,0,0,0,38
2026-02-26,ST030,MED016,5,5,0,0,24,48
2026-02-26,ST030,MED017,7,7,0,12,0,52
2026-02-26,ST030,MED018,8,8,0,0,0,31
2026-02-26,ST030,MED019,9,9,0,0,24,20
2026-02-26,ST030,MED020,8,8,0,0,0,39
2026-02-26,ST030,MED021,6,6,0,12,0,52
2026-02-26,ST030,MED022,5,5,0,24,6,42
2026-02-26,ST030,MED023,8,8,0,12,0,51
2026-02-26,ST030,MED024,11,11,0,12,12,36
2026-02-26,ST030,MED025,8,8,0,12,12,15
2026-02-26,ST030,MED026,11,11,0,24,24,51
2026-02-26,ST030,MED027,11,11,0,12,12,56
2026-02-26,ST030,MED028,11,11,0,0,24,21
2026-02-26,ST030,MED029,11,11,0,24,24,55
2026-02-26,ST030,MED030,5,5,0,0,0,23
2026-02-26,ST031,MED001,9,9,0,0,0,37
2026-02-26,ST031,MED002,12,12,0,36,12,46
2026-02-26,ST031,MED003,3,3,0,0,0,36
2026-02-26,ST031,MED004,4,4,0,12,0,32
2026-02-26,ST031,MED005,11,11,0,24,12,55
2026-02-26,ST031,MED006,12,12,0,12,12,31
2026-02-26,ST031,MED007,4,4,0,0,0,24
2026-02-26,ST031,MED008,3,3,0,12,12,16
2026-02-26,ST031,MED009,9,9,0,0,0,55
2026-02-26,ST031,MED010,5,5,0,0,12,18
2026-02-26,ST031,MED011,10,10,0,0,12,40
2026-02-26,ST031,MED012,9,9,0,24,0,42
2026-02-26,ST031,MED013,10,10,0,36,12,48
2026-02-26,ST031,MED014,8,8,0,0,0,15
2026-02-26,ST031,MED015,7,7,0,24,0,67
2026-02-26,ST031,MED016,3,3,0,24,0,37
2026-02-26,ST031,MED017,9,9,0,0,12,29
2026-02-26,ST031,MED018,10,10,0,0,0,28
2026-02-26,ST031,MED019,1,1,0,0,0,36
2026-02-26,ST031,MED020,9,9,0,24,0,46
2026-02-26,ST031,MED021,8,8,0,12,6,41
2026-02-26,ST031,MED022,12,12,0,6,12,18
2026-02-26,ST031,MED023,12,12,0,0,12,45
2026-02-26,ST031,MED024,13,13,0,36,12,53
2026-02-26,ST031,MED025,11,11,0,12,12,16
2026-02-26,ST031,MED026,12,12,0,48,24,80
2026-02-26,ST031,MED027,10,10,0,0,12,32
2026-02-26,ST031,MED028,3,3,0,0,0,52
2026-02-26,ST031,MED029,9,9,0,0,0,37
2026-02-26,ST031,MED030,10,10,0,6,12,14
2026-02-26,ST032,MED001,9,9,0,0,0,36
2026-02-26,ST032,MED002,11,11,0,24,12,55
2026-02-26,ST032,MED003,5,5,0,0,0,34
2026-02-26,ST032,MED004,8,8,0,24,0,52
2026-02-26,ST032,MED005,15,15,0,12,24,72
2026-02-26,ST032,MED006,9,9,0,0,12,34
2026-02-26,ST032,MED007,6,6,0,0,0,21
2026-02-26,ST032,MED008,4,4,0,0,0,13
2026-02-26,ST032,MED009,7,7,0,12,0,41
2026-02-26,ST032,MED010,6,6,0,0,0,26
2026-02-26,ST032,MED011,15,15,0,6,18,38
2026-02-26,ST032,MED012,12,12,0,24,12,36
2026-02-26,ST032,MED013,10,10,0,0,12,45
2026-02-26,ST032,MED014,9,9,0,0,0,30
2026-02-26,ST032,MED015,12,12,0,24,0,36
2026-02-26,ST032,MED016,6,6,0,0,24,50
2026-02-26,ST032,MED017,14,14,0,12,12,55
2026-02-26,ST032,MED018,6,6,0,24,24,44
2026-02-26,ST032,MED019,3,3,0,0,0,24
2026-02-26,ST032,MED020,10,10,0,0,0,57
2026-02-26,ST032,MED021,8,8,0,18,6,74
2026-02-26,ST032,MED022,8,8,0,0,6,11
2026-02-26,ST032,MED023,11,11,0,0,12,21
2026-02-26,ST032,MED024,11,11,0,0,0,36
2026-02-26,ST032,MED025,5,5,0,12,0,49
2026-02-26,ST032,MED026,14,14,0,0,24,78
2026-02-26,ST032,MED027,15,15,0,24,12,40
2026-02-26,ST032,MED028,6,6,0,0,0,49
2026-02-26,ST032,MED029,13,13,0,24,0,56
2026-02-26,ST032,MED030,7,7,0,6,6,26
2026-02-26,ST033,MED001,19,19,0,0,24,78
2026-02-26,ST033,MED002,14,14,0,0,12,45
2026-02-26,ST033,MED003,7,7,0,0,0,42
2026-02-26,ST033,MED004,6,6,0,12,0,46
2026-02-26,ST033,MED005,13,13,0,36,12,50
2026-02-26,ST033,MED006,13,13,0,0,12,32
2026-02-26,ST033,MED007,6,6,0,0,0,13
2026-02-26,ST033,MED008,7,7,0,12,12,27
2026-02-26,ST033,MED009,13,13,0,0,12,38
2026-02-26,ST033,MED010,5,5,0,12,0,29
2026-02-26,ST033,MED011,12,12,0,18,12,40
2026-02-26,ST033,MED012,15,15,0,12,12,48
2026-02-26,ST033,MED013,9,9,0,0,12,21
2026-02-26,ST033,MED014,6,6,0,0,24,33
2026-02-26,ST033,MED015,15,15,0,0,0,34
2026-02-26,ST033,MED016,4,4,0,0,0,37
2026-02-26,ST033,MED017,16,16,0,0,24,18
2026-02-26,ST033,MED018,6,6,0,24,0,58
2026-02-26,ST033,MED019,4,4,0,24,0,37
2026-02-26,ST033,MED020,8,8,0,0,24,57
2026-02-26,ST033,MED021,24,24,0,12,30,29
2026-02-26,ST033,MED022,8,8,0,6,12,20
2026-02-26,ST033,MED023,13,13,0,24,12,77
2026-02-26,ST033,MED024,15,15,0,36,12,59
2026-02-26,ST033,MED025,12,12,0,0,12,23
2026-02-26,ST033,MED026,15,15,0,48,24,62
2026-02-26,ST033,MED027,16,16,0,0,12,31
2026-02-26,ST033,MED028,10,10,0,0,0,35
2026-02-26,ST033,MED029,14,14,0,0,24,50
2026-02-26,ST033,MED030,6,6,0,0,6,21
2026-02-26,ST034,MED001,17,17,0,0,24,52
2026-02-26,ST034,MED002,12,12,0,30,12,81
2026-02-26,ST034,MED003,4,4,0,24,0,41
2026-02-26,ST034,MED004,12,12,0,0,12,30
2026-02-26,ST034,MED005,13,13,0,0,12,70
2026-02-26,ST034,MED006,11,11,0,0,12,49
2026-02-26,ST034,MED007,3,3,0,0,0,35
2026-02-26,ST034,MED008,2,2,0,0,12,13
2026-02-26,ST034,MED009,14,14,0,24,12,87
2026-02-26,ST034,MED010,5,5,0,12,12,33
2026-02-26,ST034,MED011,14,14,0,18,12,68
2026-02-26,ST034,MED012,14,14,0,12,12,30
2026-02-26,ST034,MED013,11,11,0,12,12,50
2026-02-26,ST034,MED014,4,4,0,0,0,35
2026-02-26,ST034,MED015,15,15,0,0,24,54
2026-02-26,ST034,MED016,10,10,0,0,0,50
2026-02-26,ST034,MED017,15,15,0,12,0,63
2026-02-26,ST034,MED018,6,6,0,0,0,43
2026-02-26,ST034,MED019,2,2,0,0,0,25
2026-02-26,ST034,MED020,10,10,0,0,0,39
2026-02-26,ST034,MED021,13,13,0,12,18,11
2026-02-26,ST034,MED022,11,11,0,6,12,27
2026-02-26,ST034,MED023,15,15,0,12,12,70
2026-02-26,ST034,MED024,12,12,0,24,12,50
2026-02-26,ST034,MED025,13,13,0,24,12,51
2026-02-26,ST034,MED026,16,16,0,0,0,66
2026-02-26,ST034,MED027,14,14,0,24,12,81
2026-02-26,ST034,MED028,12,12,0,0,0,45
2026-02-26,ST034,MED029,15,15,0,0,24,51
2026-02-26,ST034,MED030,4,4,0,12,0,30
2026-02-26,ST035,MED001,8,8,0,48,24,65
2026-02-26,ST035,MED002,9,9,0,12,6,27
2026-02-26,ST035,MED003,3,3,0,0,0,27
2026-02-26,ST035,MED004,5,5,0,0,12,39
2026-02-26,ST035,MED005,10,10,0,0,0,36
2026-02-26,ST035,MED006,6,6,0,12,0,33
2026-02-26,ST035,MED007,1,1,0,0,0,25
2026-02-26,ST035,MED008,3,3,0,12,12,15
2026-02-26,ST035,MED009,9,9,0,0,12,28
2026-02-26,ST035,MED010,0,0,0,0,0,18
2026-02-26,ST035,MED011,8,8,0,6,12,36
2026-02-26,ST035,MED012,6,6,0,12,0,41
2026-02-26,ST035,MED013,3,3,0,0,0,17
2026-02-26,ST035,MED014,5,5,0,24,0,41
2026-02-26,ST035,MED015,8,8,0,0,0,29
2026-02-26,ST035,MED016,6,6,0,0,0,42
2026-02-26,ST035,MED017,7,7,0,12,12,32
2026-02-26,ST035,MED018,6,6,0,0,24,32
2026-02-26,ST035,MED019,0,0,0,24,0,32
2026-02-26,ST035,MED020,6,6,0,0,24,41
2026-02-26,ST035,MED021,10,10,0,0,12,33
2026-02-26,ST035,MED022,5,5,0,0,6,16
2026-02-26,ST035,MED023,11,11,0,12,12,54
2026-02-26,ST035,MED024,9,9,0,12,12,45
2026-02-26,ST035,MED025,9,9,0,0,12,8
2026-02-26,ST035,MED026,10,10,0,0,24,59
2026-02-26,ST035,MED027,10,10,0,0,12,37
2026-02-26,ST035,MED028,4,4,0,0,24,24
2026-02-26,ST035,MED029,5,5,0,0,0,59
2026-02-26,ST035,MED030,7,7,0,0,12,15
2026-02-26,ST036,MED001,18,18,0,0,24,32
2026-02-26,ST036,MED002,10,10,0,0,12,36
2026-02-26,ST036,MED003,4,4,0,0,0,8
2026-02-26,ST036,MED004,9,9,0,24,12,43
2026-02-26,ST036,MED005,9,9,0,12,0,33
2026-02-26,ST036,MED006,6,6,0,0,12,45
2026-02-26,ST036,MED007,1,1,0,0,0,26
2026-02-26,ST036,MED008,0,0,0,0,0,17
2026-02-26,ST036,MED009,7,7,0,12,12,26
2026-02-26,ST036,MED010,2,2,0,0,0,12
2026-02-26,ST036,MED011,12,12,0,42,18,54
2026-02-26,ST036,MED012,10,10,0,0,12,23
2026-02-26,ST036,MED013,7,7,0,0,0,35
2026-02-26,ST036,MED014,1,1,0,0,0,35
2026-02-26,ST036,MED015,9,9,0,0,0,53
2026-02-26,ST036,MED016,7,7,0,0,0,36
2026-02-26,ST036,MED017,6,6,0,0,12,34
2026-02-26,ST036,MED018,6,6,0,24,0,22
2026-02-26,ST036,MED019,4,4,0,0,0,29
2026-02-26,ST036,MED020,1,1,0,0,0,24
2026-02-26,ST036,MED021,8,8,0,0,0,37
2026-02-26,ST036,MED022,7,7,0,6,0,29
2026-02-26,ST036,MED023,11,10,1,0,12,0
2026-02-26,ST036,MED024,7,7,0,0,0,7
2026-02-26,ST036,MED025,4,4,0,12,0,27
2026-02-26,ST036,MED026,14,14,0,0,24,41
2026-02-26,ST036,MED027,8,8,0,12,0,28
2026-02-26,ST036,MED028,7,7,0,0,0,15
2026-02-26,ST036,MED029,11,11,0,24,24,48
2026-02-26,ST036,MED030,1,1,0,0,0,31
2026-02-26,ST037,MED001,7,7,0,0,0,52
2026-02-26,ST037,MED002,14,14,0,0,18,51
2026-02-26,ST037,MED003,0,0,0,0,0,29
2026-02-26,ST037,MED004,8,8,0,0,0,40
2026-02-26,ST037,MED005,12,12,0,0,12,52
2026-02-26,ST037,MED006,11,11,0,12,0,27
2026-02-26,ST037,MED007,4,4,0,0,0,48
2026-02-26,ST037,MED008,1,1,0,0,0,15
2026-02-26,ST037,MED009,12,12,0,48,12,46
2026-02-26,ST037,MED010,2,2,0,12,0,24
2026-02-26,ST037,MED011,11,11,0,12,12,52
2026-02-26,ST037,MED012,3,3,0,12,0,49
2026-02-26,ST037,MED013,5,5,0,0,12,30
2026-02-26,ST037,MED014,0,0,0,24,0,26
2026-02-26,ST037,MED015,16,16,0,24,24,27
2026-02-26,ST037,MED016,9,9,0,0,0,41
2026-02-26,ST037,MED017,12,12,0,0,12,42
2026-02-26,ST037,MED018,7,7,0,0,0,28
2026-02-26,ST037,MED019,5,5,0,0,0,13
2026-02-26,ST037,MED020,2,2,0,24,0,64
2026-02-26,ST037,MED021,10,10,0,18,6,46
2026-02-26,ST037,MED022,7,7,0,6,6,27
2026-02-26,ST037,MED023,9,9,0,0,12,35
2026-02-26,ST037,MED024,11,11,0,0,12,65
2026-02-26,ST037,MED025,9,9,0,0,12,17
2026-02-26,ST037,MED026,7,7,0,24,24,55
2026-02-26,ST037,MED027,13,13,0,12,12,30
2026-02-26,ST037,MED028,6,6,0,0,0,34
2026-02-26,ST037,MED029,7,7,0,0,0,28
2026-02-26,ST037,MED030,6,6,0,0,6,4
2026-02-26,ST038,MED001,13,13,0,0,24,51
2026-02-26,ST038,MED002,8,8,0,12,12,55
2026-02-26,ST038,MED003,6,6,0,0,24,22
2026-02-26,ST038,MED004,9,9,0,36,0,53
2026-02-26,ST038,MED005,5,5,0,12,0,58
2026-02-26,ST038,MED006,7,7,0,12,0,57
2026-02-26,ST038,MED007,3,3,0,0,0,17
2026-02-26,ST038,MED008,4,4,0,0,0,27
2026-02-26,ST038,MED009,9,9,0,12,12,40
2026-02-26,ST038,MED010,3,3,0,0,12,16
2026-02-26,ST038,MED011,13,13,0,12,18,37
2026-02-26,ST038,MED012,13,13,0,36,12,63
2026-02-26,ST038,MED013,9,9,0,0,12,24
2026-02-26,ST038,MED014,5,5,0,0,0,27
2026-02-26,ST038,MED015,13,13,0,0,0,41
2026-02-26,ST038,MED016,9,9,0,0,24,28
2026-02-26,ST038,MED017,13,13,0,12,24,41
2026-02-26,ST038,MED018,8,8,0,0,24,12
2026-02-26,ST038,MED019,0,0,0,0,0,37
2026-02-26,ST038,MED020,7,7,0,0,24,29
2026-02-26,ST038,MED021,7,7,0,12,6,53
2026-02-26,ST038,MED022,5,5,0,0,0,22
2026-02-26,ST038,MED023,7,7,0,12,12,37
2026-02-26,ST038,MED024,11,11,0,0,12,51
2026-02-26,ST038,MED025,9,9,0,12,0,46
2026-02-26,ST038,MED026,10,10,0,24,24,47
2026-02-26,ST038,MED027,12,12,0,0,12,35
2026-02-26,ST038,MED028,4,4,0,0,0,11
2026-02-26,ST038,MED029,12,12,0,0,24,27
2026-02-26,ST038,MED030,2,2,0,12,0,25
2026-02-26,ST039,MED001,12,12,0,24,24,66
2026-02-26,ST039,MED002,11,11,0,12,12,30
2026-02-26,ST039,MED003,1,1,0,0,0,18
2026-02-26,ST039,MED004,8,8,0,24,0,19
2026-02-26,ST039,MED005,10,10,0,36,12,57
2026-02-26,ST039,MED006,8,8,0,12,0,53
2026-02-26,ST039,MED007,6,6,0,0,0,33
2026-02-26,ST039,MED008,0,0,0,0,0,25
2026-02-26,ST039,MED009,8,8,0,24,12,51
2026-02-26,ST039,MED010,5,5,0,0,0,32
2026-02-26,ST039,MED011,8,8,0,18,6,26
2026-02-26,ST039,MED012,16,16,0,0,24,16
2026-02-26,ST039,MED013,7,7,0,12,0,25
2026-02-26,ST039,MED014,6,6,0,0,0,31
2026-02-26,ST039,MED015,14,14,0,0,24,69
2026-02-26,ST039,MED016,9,9,0,48,24,56
2026-02-26,ST039,MED017,17,17,0,24,12,47
2026-02-26,ST039,MED018,6,6,0,24,24,30
2026-02-26,ST039,MED019,4,4,0,24,24,26
2026-02-26,ST039,MED020,9,9,0,0,0,27
2026-02-26,ST039,MED021,12,12,0,0,12,33
2026-02-26,ST039,MED022,6,6,0,6,6,29
2026-02-26,ST039,MED023,9,9,0,0,12,36
2026-02-26,ST039,MED024,15,15,0,0,12,46
2026-02-26,ST039,MED025,6,6,0,0,12,23
2026-02-26,ST039,MED026,12,12,0,24,24,58
2026-02-26,ST039,MED027,16,16,0,12,24,73
2026-02-26,ST039,MED028,7,7,0,24,0,32
2026-02-26,ST039,MED029,14,14,0,24,24,49
2026-02-26,ST039,MED030,10,10,0,0,12,18
2026-02-26,ST040,MED001,15,15,0,24,0,57
2026-02-26,ST040,MED002,14,14,0,0,12,42
2026-02-26,ST040,MED003,2,2,0,0,0,20
2026-02-26,ST040,MED004,12,12,0,12,12,44
2026-02-26,ST040,MED005,14,14,0,36,12,48
2026-02-26,ST040,MED006,9,9,0,0,12,31
2026-02-26,ST040,MED007,8,8,0,24,0,41
2026-02-26,ST040,MED008,4,4,0,0,0,21
2026-02-26,ST040,MED009,14,14,0,0,12,33
2026-02-26,ST040,MED010,7,7,0,0,0,26
2026-02-26,ST040,MED011,11,11,0,6,12,57
2026-02-26,ST040,MED012,9,9,0,0,0,58
2026-02-26,ST040,MED013,9,9,0,12,12,32
2026-02-26,ST040,MED014,9,9,0,0,0,39
2026-02-26,ST040,MED015,13,13,0,0,0,79
2026-02-26,ST040,MED016,11,11,0,24,0,15
2026-02-26,ST040,MED017,13,13,0,24,12,69
2026-02-26,ST040,MED018,7,7,0,0,0,44
2026-02-26,ST040,MED019,0,0,0,0,0,38
2026-02-26,ST040,MED020,10,10,0,0,0,43
2026-02-26,ST040,MED021,11,11,0,0,6,34
2026-02-26,ST040,MED022,7,7,0,12,6,22
2026-02-26,ST040,MED023,12,12,0,12,12,58
2026-02-26,ST040,MED024,11,11,0,24,12,66
2026-02-26,ST040,MED025,8,8,0,0,12,24
2026-02-26,ST040,MED026,8,8,0,48,24,72
2026-02-26,ST040,MED027,15,15,0,0,12,44
2026-02-26,ST040,MED028,7,7,0,24,0,56
2026-02-26,ST040,MED029,12,12,0,0,0,68
2026-02-26,ST040,MED030,4,4,0,6,6,26
2026-02-27,ST001,MED001,7,7,0,24,24,44
2026-02-27,ST001,MED002,9,9,0,0,6,27
2026-02-27,ST001,MED003,5,5,0,0,0,26
2026-02-27,ST001,MED004,5,5,0,0,12,34
2026-02-27,ST001,MED005,9,9,0,12,12,30
2026-02-27,ST001,MED006,7,7,0,0,12,49
2026-02-27,ST001,MED007,4,4,0,0,0,7
2026-02-27,ST001,MED008,3,3,0,12,0,32
2026-02-27,ST001,MED009,12,12,0,12,24,30
2026-02-27,ST001,MED010,1,1,0,0,0,32
2026-02-27,ST001,MED011,8,8,0,0,6,22
2026-02-27,ST001,MED012,6,6,0,12,12,38
2026-02-27,ST001,MED013,5,5,0,0,0,32
2026-02-27,ST001,MED014,1,1,0,0,0,42
2026-02-27,ST001,MED015,9,9,0,0,24,45
2026-02-27,ST001,MED016,6,6,0,0,0,46
2026-02-27,ST001,MED017,11,11,0,24,12,30
2026-02-27,ST001,MED018,5,5,0,24,0,44
2026-02-27,ST001,MED019,0,0,0,0,0,28
2026-02-27,ST001,MED020,3,3,0,0,0,36
2026-02-27,ST001,MED021,10,10,0,0,12,26
2026-02-27,ST001,MED022,7,7,0,12,12,18
2026-02-27,ST001,MED023,11,11,0,12,12,38
2026-02-27,ST001,MED024,14,14,0,0,12,20
2026-02-27,ST001,MED025,8,8,0,12,12,23
2026-02-27,ST001,MED026,9,9,0,0,0,35
2026-02-27,ST001,MED027,10,10,0,24,12,59
2026-02-27,ST001,MED028,5,5,0,24,0,52
2026-02-27,ST001,MED029,6,6,0,0,0,34
2026-02-27,ST001,MED030,4,4,0,12,6,26
2026-02-27,ST002,MED001,15,15,0,24,24,57
2026-02-27,ST002,MED002,12,12,0,24,18,62
2026-02-27,ST002,MED003,1,1,0,0,0,27
2026-02-27,ST002,MED004,6,6,0,36,12,52
2026-02-27,ST002,MED005,11,11,0,36,12,57
2026-02-27,ST002,MED006,11,11,0,24,12,46
2026-02-27,ST002,MED007,1,1,0,0,0,31
2026-02-27,ST002,MED008,1,1,0,0,0,29
2026-02-27,ST002,MED009,7,7,0,12,0,38
2026-02-27,ST002,MED010,1,1,0,0,0,21
2026-02-27,ST002,MED011,11,11,0,24,12,40
2026-02-27,ST002,MED012,17,17,0,12,24,25
2026-02-27,ST002,MED013,10,10,0,24,12,31
2026-02-27,ST002,MED014,5,5,0,0,0,28
2026-02-27,ST002,MED015,12,12,0,0,0,51
2026-02-27,ST002,MED016,9,9,0,0,0,10
2026-02-27,ST002,MED017,8,8,0,0,12,33
2026-02-27,ST002,MED018,3,3,0,0,0,25
2026-02-27,ST002,MED019,5,5,0,24,0,45
2026-02-27,ST002,MED020,7,7,0,0,0,26
2026-02-27,ST002,MED021,8,8,0,0,6,37
2026-02-27,ST002,MED022,3,3,0,0,0,39
2026-02-27,ST002,MED023,12,12,0,24,12,47
2026-02-27,ST002,MED024,12,12,0,0,12,35
2026-02-27,ST002,MED025,5,5,0,0,0,38
2026-02-27,ST002,MED026,12,12,0,24,0,59
2026-02-27,ST002,MED027,13,13,0,12,24,55
2026-02-27,ST002,MED028,4,4,0,24,0,35
2026-02-27,ST002,MED029,11,11,0,24,24,40
2026-02-27,ST002,MED030,2,2,0,6,0,24
2026-02-27,ST003,MED001,11,11,0,24,24,65
2026-02-27,ST003,MED002,12,12,0,18,12,47
2026-02-27,ST003,MED003,3,3,0,0,0,33
2026-02-27,ST003,MED004,9,9,0,12,12,25
2026-02-27,ST003,MED005,8,8,0,0,0,60
2026-02-27,ST003,MED006,9,9,0,12,12,38
2026-02-27,ST003,MED007,6,6,0,0,0,5
2026-02-27,ST003,MED008,3,3,0,0,0,23
2026-02-27,ST003,MED009,11,11,0,12,12,45
2026-02-27,ST003,MED010,4,4,0,0,0,24
2026-02-27,ST003,MED011,12,12,0,30,12,52
2026-02-27,ST003,MED012,10,10,0,24,12,38
2026-02-27,ST003,MED013,7,7,0,0,12,24
2026-02-27,ST003,MED014,2,2,0,0,0,38
2026-02-27,ST003,MED015,12,12,0,24,0,28
2026-02-27,ST003,MED016,10,10,0,24,0,39
2026-02-27,ST003,MED017,20,20,0,24,24,61
2026-02-27,ST003,MED018,2,2,0,0,0,50
2026-02-27,ST003,MED019,1,1,0,0,0,19
2026-02-27,ST003,MED020,11,11,0,0,0,38
2026-02-27,ST003,MED021,10,10,0,0,12,33
2026-02-27,ST003,MED022,10,10,0,6,12,34
2026-02-27,ST003,MED023,11,11,0,12,12,53
2026-02-27,ST003,MED024,11,11,0,24,12,41
2026-02-27,ST003,MED025,5,5,0,0,0,34
2026-02-27,ST003,MED026,12,12,0,24,0,59
2026-02-27,ST003,MED027,14,14,0,24,12,45
2026-02-27,ST003,MED028,5,5,0,0,24,38
2026-02-27,ST003,MED029,7,7,0,0,0,33
2026-02-27,ST003,MED030,5,5,0,6,6,32
2026-02-27,ST004,MED001,17,17,0,0,24,4
2026-02-27,ST004,MED002,16,16,0,24,18,33
2026-02-27,ST004,MED003,7,7,0,0,0,26
2026-02-27,ST004,MED004,9,9,0,0,0,45
2026-02-27,ST004,MED005,14,14,0,24,12,50
2026-02-27,ST004,MED006,13,13,0,12,24,15
2026-02-27,ST004,MED007,5,5,0,0,0,21
2026-02-27,ST004,MED008,4,4,0,0,0,12
2026-02-27,ST004,MED009,12,12,0,0,12,41
2026-02-27,ST004,MED010,4,4,0,12,0,16
2026-02-27,ST004,MED011,12,12,0,12,12,47
2026-02-27,ST004,MED012,14,14,0,12,12,38
2026-02-27,ST004,MED013,5,5,0,0,0,25
2026-02-27,ST004,MED014,7,7,0,0,0,21
2026-02-27,ST004,MED015,15,15,0,24,0,80
2026-02-27,ST004,MED016,6,6,0,0,0,36
2026-02-27,ST004,MED017,10,10,0,0,0,43
2026-02-27,ST004,MED018,6,6,0,0,0,30
2026-02-27,ST004,MED019,6,6,0,0,0,25
2026-02-27,ST004,MED020,12,12,0,24,0,63
2026-02-27,ST004,MED021,14,14,0,12,18,33
2026-02-27,ST004,MED022,6,6,0,18,6,45
2026-02-27,ST004,MED023,11,11,0,0,12,32
2026-02-27,ST004,MED024,14,14,0,24,12,72
2026-02-27,ST004,MED025,7,7,0,0,0,34
2026-02-27,ST004,MED026,13,13,0,24,24,71
2026-02-27,ST004,MED027,16,16,0,0,12,37
2026-02-27,ST004,MED028,8,8,0,0,24,27
2026-02-27,ST004,MED029,9,9,0,0,0,22
2026-02-27,ST004,MED030,6,6,0,6,6,27
2026-02-27,ST005,MED001,12,12,0,0,24,43
2026-02-27,ST005,MED002,12,12,0,12,12,38
2026-02-27,ST005,MED003,3,3,0,0,0,20
2026-02-27,ST005,MED004,10,10,0,12,12,47
2026-02-27,ST005,MED005,12,12,0,0,12,43
2026-02-27,ST005,MED006,13,13,0,0,12,49
2026-02-27,ST005,MED007,3,3,0,0,0,17
2026-02-27,ST005,MED008,3,3,0,0,0,18
2026-02-27,ST005,MED009,10,10,0,0,12,59
2026-02-27,ST005,MED010,5,5,0,0,0,26
2026-02-27,ST005,MED011,15,15,0,12,12,44
2026-02-27,ST005,MED012,12,12,0,0,12,47
2026-02-27,ST005,MED013,10,10,0,0,12,18
2026-02-27,ST005,MED014,9,9,0,0,24,35
2026-02-27,ST005,MED015,14,14,0,0,24,83
2026-02-27,ST005,MED016,10,10,0,0,24,31
2026-02-27,ST005,MED017,14,14,0,12,12,54
2026-02-27,ST005,MED018,6,6,0,48,0,63
2026-02-27,ST005,MED019,8,8,0,24,24,24
2026-02-27,ST005,MED020,11,11,0,0,0,27
2026-02-27,ST005,MED021,13,13,0,6,12,56
2026-02-27,ST005,MED022,4,4,0,0,0,40
2026-02-27,ST005,MED023,11,11,0,12,12,58
2026-02-27,ST005,MED024,10,10,0,36,0,43
2026-02-27,ST005,MED025,9,9,0,12,0,43
2026-02-27,ST005,MED026,13,13,0,24,0,61
2026-02-27,ST005,MED027,17,17,0,24,24,39
2026-02-27,ST005,MED028,5,5,0,0,0,60
2026-02-27,ST005,MED029,7,7,0,48,0,91
2026-02-27,ST005,MED030,4,4,0,6,0,30
2026-02-27,ST006,MED001,19,19,0,24,24,74
2026-02-27,ST006,MED002,12,12,0,18,12,48
2026-02-27,ST006,MED003,3,3,0,0,0,33
2026-02-27,ST006,MED004,11,11,0,24,24,43
2026-02-27,ST006,MED005,14,14,0,12,24,48
2026-02-27,ST006,MED006,16,16,0,12,12,50
2026-02-27,ST006,MED007,0,0,0,0,0,40
2026-02-27,ST006,MED008,4,4,0,0,12,33
2026-02-27,ST006,MED009,7,7,0,0,12,61
2026-02-27,ST006,MED010,4,4,0,12,12,23
2026-02-27,ST006,MED011,13,13,0,0,6,38
2026-02-27,ST006,MED012,11,11,0,60,12,80
2026-02-27,ST006,MED013,12,12,0,0,0,47
2026-02-27,ST006,MED014,5,5,0,0,0,51
2026-02-27,ST006,MED015,14,14,0,24,0,72
2026-02-27,ST006,MED016,9,9,0,0,0,27
2026-02-27,ST006,MED017,15,15,0,0,24,40
2026-02-27,ST006,MED018,6,6,0,0,24,30
2026-02-27,ST006,MED019,3,3,0,0,0,20
2026-02-27,ST006,MED020,7,7,0,0,0,53
2026-02-27,ST006,MED021,12,12,0,24,12,55
2026-02-27,ST006,MED022,10,10,0,0,12,27
2026-02-27,ST006,MED023,15,15,0,0,12,50
2026-02-27,ST006,MED024,15,15,0,0,12,54
2026-02-27,ST006,MED025,5,5,0,24,0,51
2026-02-27,ST006,MED026,15,15,0,24,24,54
2026-02-27,ST006,MED027,18,18,0,0,12,35
2026-02-27,ST006,MED028,6,6,0,24,0,42
2026-02-27,ST006,MED029,12,12,0,0,0,20
2026-02-27,ST006,MED030,7,7,0,6,12,23
2026-02-27,ST007,MED001,10,10,0,24,24,52
2026-02-27,ST007,MED002,10,10,0,12,12,8
2026-02-27,ST007,MED003,0,0,0,0,0,24
2026-02-27,ST007,MED004,4,4,0,0,0,23
2026-02-27,ST007,MED005,10,10,0,12,12,48
2026-02-27,ST007,MED006,6,6,0,24,12,52
2026-02-27,ST007,MED007,4,4,0,0,0,27
2026-02-27,ST007,MED008,3,3,0,0,12,10
2026-02-27,ST007,MED009,5,5,0,0,12,19
2026-02-27,ST007,MED010,1,1,0,0,0,21
2026-02-27,ST007,MED011,7,7,0,24,12,47
2026-02-27,ST007,MED012,10,10,0,0,12,12
2026-02-27,ST007,MED013,5,5,0,0,0,18
2026-02-27,ST007,MED014,2,2,0,0,0,26
2026-02-27,ST007,MED015,9,9,0,24,0,54
2026-02-27,ST007,MED016,3,3,0,0,0,33
2026-02-27,ST007,MED017,13,13,0,0,12,11
2026-02-27,ST007,MED018,1,1,0,24,0,57
2026-02-27,ST007,MED019,2,2,0,0,0,17
2026-02-27,ST007,MED020,7,7,0,24,0,24
2026-02-27,ST007,MED021,9,9,0,12,12,27
2026-02-27,ST007,MED022,1,1,0,12,0,29
2026-02-27,ST007,MED023,8,8,0,12,12,41
2026-02-27,ST007,MED024,11,11,0,0,12,40
2026-02-27,ST007,MED025,5,5,0,0,0,19
2026-02-27,ST007,MED026,4,4,0,0,0,47
2026-02-27,ST007,MED027,13,13,0,0,24,26
2026-02-27,ST007,MED028,5,5,0,0,0,36
2026-02-27,ST007,MED029,7,7,0,24,0,39
2026-02-27,ST007,MED030,1,1,0,0,0,24
2026-02-27,ST008,MED001,6,6,0,0,0,65
2026-02-27,ST008,MED002,8,8,0,0,6,50
2026-02-27,ST008,MED003,4,4,0,24,0,34
2026-02-27,ST008,MED004,10,10,0,0,12,11
2026-02-27,ST008,MED005,7,7,0,12,0,30
2026-02-27,ST008,MED006,8,8,0,24,12,47
2026-02-27,ST008,MED007,6,6,0,0,0,34
2026-02-27,ST008,MED008,4,4,0,0,0,20
2026-02-27,ST008,MED009,10,10,0,0,12,9
2026-02-27,ST008,MED010,6,6,0,0,12,27
2026-02-27,ST008,MED011,15,15,0,0,18,25
2026-02-27,ST008,MED012,9,9,0,0,12,24
2026-02-27,ST008,MED013,7,7,0,0,0,31
2026-02-27,ST008,MED014,3,3,0,0,0,41
2026-02-27,ST008,MED015,8,8,0,24,0,58
2026-02-27,ST008,MED016,5,5,0,0,0,31
2026-02-27,ST008,MED017,8,8,0,12,12,67
2026-02-27,ST008,MED018,6,6,0,0,0,38
2026-02-27,ST008,MED019,0,0,0,0,0,15
2026-02-27,ST008,MED020,5,5,0,0,0,36
2026-02-27,ST008,MED021,11,11,0,18,12,44
2026-02-27,ST008,MED022,5,5,0,12,12,27
2026-02-27,ST008,MED023,9,9,0,0,0,33
2026-02-27,ST008,MED024,13,13,0,0,12,39
2026-02-27,ST008,MED025,7,7,0,0,12,22
2026-02-27,ST008,MED026,8,8,0,0,24,45
2026-02-27,ST008,MED027,10,10,0,0,12,43
2026-02-27,ST008,MED028,10,10,0,0,24,28
2026-02-27,ST008,MED029,6,6,0,48,0,74
2026-02-27,ST008,MED030,6,6,0,6,12,19
2026-02-27,ST009,MED001,13,13,0,48,0,60
2026-02-27,ST009,MED002,11,11,0,0,12,43
2026-02-27,ST009,MED003,2,2,0,24,0,47
2026-02-27,ST009,MED004,6,6,0,0,0,24
2026-02-27,ST009,MED005,13,13,0,12,12,41
2026-02-27,ST009,MED006,9,9,0,36,12,60
2026-02-27,ST009,MED007,2,2,0,0,0,27
2026-02-27,ST009,MED008,6,6,0,0,0,15
2026-02-27,ST009,MED009,9,9,0,24,12,42
2026-02-27,ST009,MED010,5,5,0,0,0,8
2026-02-27,ST009,MED011,16,16,0,6,18,48
2026-02-27,ST009,MED012,8,8,0,12,12,62
2026-02-27,ST009,MED013,4,4,0,0,12,33
2026-02-27,ST009,MED014,3,3,0,0,0,30
2026-02-27,ST009,MED015,9,9,0,0,24,55
2026-02-27,ST009,MED016,10,10,0,0,24,47
2026-02-27,ST009,MED017,12,12,0,0,24,53
2026-02-27,ST009,MED018,5,5,0,0,0,25
2026-02-27,ST009,MED019,4,4,0,24,0,40
2026-02-27,ST009,MED020,11,11,0,24,0,54
2026-02-27,ST009,MED021,8,8,0,0,12,44
2026-02-27,ST009,MED022,2,2,0,12,0,35
2026-02-27,ST009,MED023,5,5,0,0,12,51
2026-02-27,ST009,MED024,12,12,0,0,12,47
2026-02-27,ST009,MED025,7,7,0,0,12,29
2026-02-27,ST009,MED026,10,10,0,0,0,42
2026-02-27,ST009,MED027,11,11,0,0,12,36
2026-02-27,ST009,MED028,11,11,0,0,24,26
2026-02-27,ST009,MED029,11,11,0,0,0,39
2026-02-27,ST009,MED030,4,4,0,0,0,27
2026-02-27,ST010,MED001,14,14,0,0,0,46
2026-02-27,ST010,MED002,12,12,0,0,12,32
2026-02-27,ST010,MED003,3,3,0,0,0,14
2026-02-27,ST010,MED004,8,8,0,0,12,8
2026-02-27,ST010,MED005,11,11,0,12,12,23
2026-02-27,ST010,MED006,11,11,0,0,12,33
2026-02-27,ST010,MED007,3,3,0,0,0,26
2026-02-27,ST010,MED008,0,0,0,12,0,27
2026-02-27,ST010,MED009,11,11,0,12,12,28
2026-02-27,ST010,MED010,6,6,0,0,0,31
2026-02-27,ST010,MED011,14,14,0,24,12,41
2026-02-27,ST010,MED012,11,11,0,24,0,38
2026-02-27,ST010,MED013,7,7,0,0,12,40
2026-02-27,ST010,MED014,5,5,0,0,0,30
2026-02-27,ST010,MED015,12,12,0,0,24,65
2026-02-27,ST010,MED016,10,10,0,24,24,48
2026-02-27,ST010,MED017,10,10,0,12,12,48
2026-02-27,ST010,MED018,5,5,0,24,0,39
2026-02-27,ST010,MED019,1,1,0,0,0,13
2026-02-27,ST010,MED020,6,6,0,0,0,45
2026-02-27,ST010,MED021,11,11,0,0,12,40
2026-02-27,ST010,MED022,6,6,0,18,0,43
2026-02-27,ST010,MED023,11,11,0,0,12,41
2026-02-27,ST010,MED024,16,16,0,24,24,51
2026-02-27,ST010,MED025,10,10,0,0,12,13
2026-02-27,ST010,MED026,13,13,0,24,24,33
2026-02-27,ST010,MED027,14,14,0,0,12,37
2026-02-27,ST010,MED028,5,5,0,0,0,30
2026-02-27,ST010,MED029,8,8,0,0,0,48
2026-02-27,ST010,MED030,4,4,0,0,6,21
2026-02-27,ST011,MED001,12,12,0,0,24,45
2026-02-27,ST011,MED002,13,13,0,0,12,28
2026-02-27,ST011,MED003,3,3,0,0,0,49
2026-02-27,ST011,MED004,10,10,0,12,12,41
2026-02-27,ST011,MED005,13,13,0,0,12,51
2026-02-27,ST011,MED006,10,10,0,12,12,56
2026-02-27,ST011,MED007,4,4,0,0,0,39
2026-02-27,ST011,MED008,1,1,0,12,0,36
2026-02-27,ST011,MED009,10,10,0,12,12,57
2026-02-27,ST011,MED010,5,5,0,0,12,15
2026-02-27,ST011,MED011,12,12,0,18,12,45
2026-02-27,ST011,MED012,16,16,0,24,24,63
2026-02-27,ST011,MED013,12,12,0,0,12,37
2026-02-27,ST011,MED014,6,6,0,0,0,2
2026-02-27,ST011,MED015,14,14,0,0,24,46
2026-02-27,ST011,MED016,8,8,0,0,0,19
2026-02-27,ST011,MED017,13,13,0,0,12,49
2026-02-27,ST011,MED018,7,7,0,0,24,44
2026-02-27,ST011,MED019,6,6,0,24,0,32
2026-02-27,ST011,MED020,8,8,0,0,0,37
2026-02-27,ST011,MED021,5,5,0,12,6,36
2026-02-27,ST011,MED022,10,10,0,0,12,25
2026-02-27,ST011,MED023,14,14,0,0,12,32
2026-02-27,ST011,MED024,10,10,0,12,12,44
2026-02-27,ST011,MED025,3,3,0,12,0,29
2026-02-27,ST011,MED026,13,13,0,24,0,61
2026-02-27,ST011,MED027,7,7,0,24,0,41
2026-02-27,ST011,MED028,7,7,0,0,24,31
2026-02-27,ST011,MED029,10,10,0,0,0,54
2026-02-27,ST011,MED030,7,7,0,0,12,10
2026-02-27,ST012,MED001,14,14,0,0,0,55
2026-02-27,ST012,MED002,17,17,0,0,18,1
2026-02-27,ST012,MED003,3,3,0,0,0,11
2026-02-27,ST012,MED004,8,8,0,12,0,35
2026-02-27,ST012,MED005,12,12,0,36,0,58
2026-02-27,ST012,MED006,13,13,0,24,24,50
2026-02-27,ST012,MED007,2,2,0,24,0,47
2026-02-27,ST012,MED008,3,3,0,0,0,20
2026-02-27,ST012,MED009,10,10,0,0,0,37
2026-02-27,ST012,MED010,4,4,0,0,12,22
2026-02-27,ST012,MED011,11,11,0,60,6,66
2026-02-27,ST012,MED012,14,14,0,36,12,42
2026-02-27,ST012,MED013,8,8,0,36,12,61
2026-02-27,ST012,MED014,4,4,0,0,0,42
2026-02-27,ST012,MED015,20,20,0,0,24,72
2026-02-27,ST012,MED016,11,11,0,0,0,41
2026-02-27,ST012,MED017,11,11,0,0,0,53
2026-02-27,ST012,MED018,4,4,0,0,0,19
2026-02-27,ST012,MED019,6,6,0,0,24,32
2026-02-27,ST012,MED020,7,7,0,0,0,53
2026-02-27,ST012,MED021,12,12,0,0,6,51
2026-02-27,ST012,MED022,12,12,0,12,12,14
2026-02-27,ST012,MED023,12,12,0,0,12,65
2026-02-27,ST012,MED024,13,13,0,12,12,70
2026-02-27,ST012,MED025,4,4,0,0,12,29
2026-02-27,ST012,MED026,12,12,0,0,0,50
2026-02-27,ST012,MED027,11,11,0,12,12,52
2026-02-27,ST012,MED028,6,6,0,0,0,28
2026-02-27,ST012,MED029,13,13,0,24,24,53
2026-02-27,ST012,MED030,12,12,0,6,18,25
2026-02-27,ST013,MED001,14,14,0,24,0,69
2026-02-27,ST013,MED002,17,17,0,66,12,88
2026-02-27,ST013,MED003,3,3,0,0,0,14
2026-02-27,ST013,MED004,8,8,0,12,0,46
2026-02-27,ST013,MED005,17,17,0,24,24,68
2026-02-27,ST013,MED006,12,12,0,24,12,79
2026-02-27,ST013,MED007,5,5,0,0,0,36
2026-02-27,ST013,MED008,0,0,0,12,0,33
2026-02-27,ST013,MED009,9,9,0,0,12,53
2026-02-27,ST013,MED010,5,5,0,0,0,19
2026-02-27,ST013,MED011,13,13,0,12,12,57
2026-02-27,ST013,MED012,13,13,0,12,12,49
2026-02-27,ST013,MED013,6,6,0,0,0,38
2026-02-27,ST013,MED014,4,4,0,0,0,36
2026-02-27,ST013,MED015,15,15,0,0,24,73
2026-02-27,ST013,MED016,12,12,0,24,0,54
2026-02-27,ST013,MED017,14,14,0,12,12,48
2026-02-27,ST013,MED018,8,8,0,0,24,35
2026-02-27,ST013,MED019,5,5,0,0,24,26
2026-02-27,ST013,MED020,12,12,0,24,0,49
2026-02-27,ST013,MED021,9,9,0,48,12,65
2026-02-27,ST013,MED022,11,11,0,0,12,38
2026-02-27,ST013,MED023,13,13,0,24,12,77
2026-02-27,ST013,MED024,15,15,0,36,12,85
2026-02-27,ST013,MED025,8,8,0,12,0,25
2026-02-27,ST013,MED026,16,16,0,0,24,85
2026-02-27,ST013,MED027,12,12,0,0,0,80
2026-02-27,ST013,MED028,7,7,0,0,24,30
2026-02-27,ST013,MED029,21,21,0,0,48,37
2026-02-27,ST013,MED030,8,8,0,6,12,40
2026-02-27,ST014,MED001,6,6,0,24,0,52
2026-02-27,ST014,MED002,5,5,0,12,0,41
2026-02-27,ST014,MED003,4,4,0,24,0,36
2026-02-27,ST014,MED004,6,6,0,0,12,15
2026-02-27,ST014,MED005,12,12,0,12,12,39
2026-02-27,ST014,MED006,11,11,0,0,12,36
2026-02-27,ST014,MED007,5,5,0,0,24,21
2026-02-27,ST014,MED008,0,0,0,0,0,34
2026-02-27,ST014,MED009,5,5,0,12,0,41
2026-02-27,ST014,MED010,1,1,0,12,0,26
2026-02-27,ST014,MED011,11,11,0,12,12,39
2026-02-27,ST014,MED012,7,7,0,0,12,14
2026-02-27,ST014,MED013,6,6,0,12,12,36
2026-02-27,ST014,MED014,3,3,0,0,0,17
2026-02-27,ST014,MED015,7,7,0,48,0,69
2026-02-27,ST014,MED016,4,4,0,0,0,37
2026-02-27,ST014,MED017,8,8,0,24,12,49
2026-02-27,ST014,MED018,2,2,0,0,0,33
2026-02-27,ST014,MED019,2,2,0,0,0,31
2026-02-27,ST014,MED020,8,8,0,0,24,11
2026-02-27,ST014,MED021,7,7,0,6,6,38
2026-02-27,ST014,MED022,2,2,0,0,0,25
2026-02-27,ST014,MED023,6,6,0,12,0,53
2026-02-27,ST014,MED024,8,8,0,12,12,34
2026-02-27,ST014,MED025,10,10,0,12,12,11
2026-02-27,ST014,MED026,11,11,0,0,24,36
2026-02-27,ST014,MED027,13,13,0,0,12,26
2026-02-27,ST014,MED028,4,4,0,0,0,21
2026-02-27,ST014,MED029,7,7,0,0,24,28
2026-02-27,ST014,MED030,5,5,0,0,0,14
2026-02-27,ST015,MED001,10,10,0,0,24,20
2026-02-27,ST015,MED002,10,10,0,24,6,50
2026-02-27,ST015,MED003,0,0,0,0,0,36
2026-02-27,ST015,MED004,6,6,0,12,12,30
2026-02-27,ST015,MED005,7,7,0,0,12,48
2026-02-27,ST015,MED006,10,10,0,0,12,9
2026-02-27,ST015,MED007,3,3,0,24,0,27
2026-02-27,ST015,MED008,2,2,0,0,0,18
2026-02-27,ST015,MED009,6,6,0,0,0,30
2026-02-27,ST015,MED010,3,3,0,12,12,20
2026-02-27,ST015,MED011,12,12,0,0,18,27
2026-02-27,ST015,MED012,10,10,0,12,12,40
2026-02-27,ST015,MED013,10,10,0,12,12,20
2026-02-27,ST015,MED014,5,5,0,0,24,9
2026-02-27,ST015,MED015,13,13,0,24,24,71
2026-02-27,ST015,MED016,7,7,0,0,24,25
2026-02-27,ST015,MED017,9,9,0,24,12,58
2026-02-27,ST015,MED018,5,5,0,0,0,20
2026-02-27,ST015,MED019,3,3,0,0,0,25
2026-02-27,ST015,MED020,5,5,0,0,0,34
2026-02-27,ST015,MED021,14,14,0,6,18,21
2026-02-27,ST015,MED022,8,8,0,0,6,26
2026-02-27,ST015,MED023,6,6,0,12,0,31
2026-02-27,ST015,MED024,10,10,0,0,12,36
2026-02-27,ST015,MED025,7,7,0,12,0,32
2026-02-27,ST015,MED026,14,14,0,0,24,36
2026-02-27,ST015,MED027,7,7,0,12,0,39
2026-02-27,ST015,MED028,2,2,0,0,0,32
2026-02-27,ST015,MED029,6,6,0,0,0,35
2026-02-27,ST015,MED030,7,7,0,0,6,16
2026-02-27,ST016,MED001,10,10,0,24,24,70
2026-02-27,ST016,MED002,12,12,0,36,12,53
2026-02-27,ST016,MED003,4,4,0,0,0,33
2026-02-27,ST016,MED004,8,8,0,0,12,9
2026-02-27,ST016,MED005,8,8,0,0,0,42
2026-02-27,ST016,MED006,7,7,0,0,0,42
2026-02-27,ST016,MED007,5,5,0,0,24,23
2026-02-27,ST016,MED008,5,5,0,12,12,11
2026-02-27,ST016,MED009,9,9,0,12,0,56
2026-02-27,ST016,MED010,5,5,0,0,0,27
2026-02-27,ST016,MED011,9,9,0,6,12,37
2026-02-27,ST016,MED012,10,10,0,0,12,27
2026-02-27,ST016,MED013,5,5,0,12,12,27
2026-02-27,ST016,MED014,7,7,0,24,0,54
2026-02-27,ST016,MED015,12,12,0,48,0,68
2026-02-27,ST016,MED016,6,6,0,0,0,40
2026-02-27,ST016,MED017,12,12,0,0,12,26
2026-02-27,ST016,MED018,6,6,0,0,0,31
2026-02-27,ST016,MED019,0,0,0,0,0,40
2026-02-27,ST016,MED020,5,5,0,24,0,45
2026-02-27,ST016,MED021,12,12,0,6,12,59
2026-02-27,ST016,MED022,3,3,0,12,0,41
2026-02-27,ST016,MED023,9,9,0,12,12,68
2026-02-27,ST016,MED024,9,9,0,24,12,53
2026-02-27,ST016,MED025,2,2,0,0,12,20
2026-02-27,ST016,MED026,11,11,0,0,24,47
2026-02-27,ST016,MED027,9,9,0,24,12,49
2026-02-27,ST016,MED028,4,4,0,24,0,55
2026-02-27,ST016,MED029,9,9,0,24,24,41
2026-02-27,ST016,MED030,3,3,0,0,0,20
2026-02-27,ST017,MED001,10,10,0,24,24,56
2026-02-27,ST017,MED002,10,10,0,24,6,49
2026-02-27,ST017,MED003,4,4,0,0,0,20
2026-02-27,ST017,MED004,6,6,0,0,0,46
2026-02-27,ST017,MED005,9,9,0,36,12,62
2026-02-27,ST017,MED006,16,16,0,24,24,56
2026-02-27,ST017,MED007,1,1,0,0,0,32
2026-02-27,ST017,MED008,5,5,0,0,0,28
2026-02-27,ST017,MED009,9,9,0,12,12,39
2026-02-27,ST017,MED010,1,1,0,12,0,19
2026-02-27,ST017,MED011,13,13,0,6,18,63
2026-02-27,ST017,MED012,15,15,0,24,24,48
2026-02-27,ST017,MED013,15,15,0,12,24,35
2026-02-27,ST017,MED014,5,5,0,0,0,26
2026-02-27,ST017,MED015,11,11,0,24,24,65
2026-02-27,ST017,MED016,7,7,0,0,24,48
2026-02-27,ST017,MED017,14,14,0,0,24,23
2026-02-27,ST017,MED018,3,3,0,0,24,19
2026-02-27,ST017,MED019,2,2,0,0,0,10
2026-02-27,ST017,MED020,13,13,0,24,24,43
2026-02-27,ST017,MED021,11,11,0,18,12,41
2026-02-27,ST017,MED022,7,7,0,12,12,31
2026-02-27,ST017,MED023,11,11,0,24,12,60
2026-02-27,ST017,MED024,13,13,0,24,12,51
2026-02-27,ST017,MED025,8,8,0,24,0,27
2026-02-27,ST017,MED026,9,9,0,0,0,44
2026-02-27,ST017,MED027,14,14,0,24,12,56
2026-02-27,ST017,MED028,7,7,0,0,0,40
2026-02-27,ST017,MED029,7,7,0,24,24,54
2026-02-27,ST017,MED030,7,7,0,6,12,21
2026-02-27,ST018,MED001,10,10,0,0,0,45
2026-02-27,ST018,MED002,16,16,0,18,18,58
2026-02-27,ST018,MED003,0,0,0,0,0,35
2026-02-27,ST018,MED004,6,6,0,0,0,37
2026-02-27,ST018,MED005,11,11,0,24,12,67
2026-02-27,ST018,MED006,17,17,0,0,24,25
2026-02-27,ST018,MED007,5,5,0,0,0,23
2026-02-27,ST018,MED008,3,3,0,0,0,11
2026-02-27,ST018,MED009,13,13,0,12,12,39
2026-02-27,ST018,MED010,6,6,0,0,0,25
2026-02-27,ST018,MED011,10,10,0,0,12,41
2026-02-27,ST018,MED012,7,7,0,24,0,66
2026-02-27,ST018,MED013,4,4,0,0,12,30
2026-02-27,ST018,MED014,7,7,0,24,0,32
2026-02-27,ST018,MED015,11,11,0,0,0,56
2026-02-27,ST018,MED016,5,5,0,24,0,60
2026-02-27,ST018,MED017,14,14,0,12,24,44
2026-02-27,ST018,MED018,9,9,0,24,24,52
2026-02-27,ST018,MED019,3,3,0,0,0,34
2026-02-27,ST018,MED020,4,4,0,0,24,36
2026-02-27,ST018,MED021,13,13,0,0,18,25
2026-02-27,ST018,MED022,6,6,0,6,6,36
2026-02-27,ST018,MED023,12,12,0,12,12,52
2026-02-27,ST018,MED024,14,14,0,12,24,56
2026-02-27,ST018,MED025,5,5,0,0,12,37
2026-02-27,ST018,MED026,13,13,0,0,24,53
2026-02-27,ST018,MED027,22,22,0,48,36,42
2026-02-27,ST018,MED028,5,5,0,24,0,39
2026-02-27,ST018,MED029,11,11,0,0,24,3
2026-02-27,ST018,MED030,2,2,0,6,0,24
2026-02-27,ST019,MED001,14,14,0,24,0,38
2026-02-27,ST019,MED002,15,15,0,48,18,53
2026-02-27,ST019,MED003,5,5,0,0,0,31
2026-02-27,ST019,MED004,8,8,0,0,12,41
2026-02-27,ST019,MED005,15,15,0,12,12,65
2026-02-27,ST019,MED006,9,9,0,0,12,43
2026-02-27,ST019,MED007,2,2,0,0,0,25
2026-02-27,ST019,MED008,5,5,0,0,0,21
2026-02-27,ST019,MED009,15,15,0,12,24,23
2026-02-27,ST019,MED010,5,5,0,0,0,22
2026-02-27,ST019,MED011,13,13,0,0,6,55
2026-02-27,ST019,MED012,14,14,0,12,12,59
2026-02-27,ST019,MED013,10,10,0,12,0,20
2026-02-27,ST019,MED014,10,10,0,0,0,44
2026-02-27,ST019,MED015,15,15,0,0,24,33
2026-02-27,ST019,MED016,10,10,0,0,0,44
2026-02-27,ST019,MED017,12,12,0,0,0,56
2026-02-27,ST019,MED018,8,8,0,24,0,46
2026-02-27,ST019,MED019,2,2,0,24,0,44
2026-02-27,ST019,MED020,6,6,0,0,0,42
2026-02-27,ST019,MED021,10,10,0,30,12,42
2026-02-27,ST019,MED022,9,9,0,18,12,49
2026-02-27,ST019,MED023,12,12,0,12,12,46
2026-02-27,ST019,MED024,12,12,0,36,12,63
2026-02-27,ST019,MED025,0,0,0,12,0,38
2026-02-27,ST019,MED026,15,15,0,24,24,87
2026-02-27,ST019,MED027,11,11,0,0,12,37
2026-02-27,ST019,MED028,11,11,0,24,0,56
2026-02-27,ST019,MED029,15,15,0,0,24,35
2026-02-27,ST019,MED030,9,9,0,0,6,18
2026-02-27,ST020,MED001,14,14,0,24,24,70
2026-02-27,ST020,MED002,13,13,0,30,12,56
2026-02-27,ST020,MED003,5,5,0,0,0,19
2026-02-27,ST020,MED004,11,11,0,0,12,45
2026-02-27,ST020,MED005,14,14,0,24,24,75
2026-02-27,ST020,MED006,13,13,0,24,12,36
2026-02-27,ST020,MED007,4,4,0,0,24,24
2026-02-27,ST020,MED008,5,5,0,0,0,8
2026-02-27,ST020,MED009,15,15,0,0,24,59
2026-02-27,ST020,MED010,7,7,0,0,12,27
2026-02-27,ST020,MED011,15,15,0,36,18,66
2026-02-27,ST020,MED012,14,14,0,24,12,39
2026-02-27,ST020,MED013,8,8,0,12,0,38
2026-02-27,ST020,MED014,11,11,0,24,24,29
2026-02-27,ST020,MED015,12,12,0,48,0,76
2026-02-27,ST020,MED016,6,6,0,0,0,65
2026-02-27,ST020,MED017,14,14,0,48,12,64
2026-02-27,ST020,MED018,7,7,0,0,24,50
2026-02-27,ST020,MED019,5,5,0,0,0,24
2026-02-27,ST020,MED020,9,9,0,24,0,49
2026-02-27,ST020,MED021,8,8,0,18,6,43
2026-02-27,ST020,MED022,8,8,0,0,6,49
2026-02-27,ST020,MED023,14,14,0,24,12,62
2026-02-27,ST020,MED024,19,19,0,12,24,60
2026-02-27,ST020,MED025,11,11,0,0,12,27
2026-02-27,ST020,MED026,13,13,0,48,0,83
2026-02-27,ST020,MED027,15,15,0,0,12,55
2026-02-27,ST020,MED028,11,11,0,0,24,4
2026-02-27,ST020,MED029,14,14,0,0,24,62
2026-02-27,ST020,MED030,9,9,0,12,12,33
2026-02-27,ST021,MED001,11,11,0,0,24,37
2026-02-27,ST021,MED002,6,6,0,6,6,35
2026-02-27,ST021,MED003,5,5,0,0,0,20
2026-02-27,ST021,MED004,2,2,0,0,0,23
2026-02-27,ST021,MED005,8,8,0,0,12,27
2026-02-27,ST021,MED006,9,9,0,24,12,57
2026-02-27,ST021,MED007,3,3,0,0,0,22
2026-02-27,ST021,MED008,2,2,0,0,0,22
2026-02-27,ST021,MED009,7,7,0,12,12,44
2026-02-27,ST021,MED010,2,2,0,0,0,20
2026-02-27,ST021,MED011,8,8,0,0,6,38
2026-02-27,ST021,MED012,6,6,0,12,0,45
2026-02-27,ST021,MED013,6,6,0,0,12,21
2026-02-27,ST021,MED014,4,4,0,0,0,13
2026-02-27,ST021,MED015,13,13,0,24,24,34
2026-02-27,ST021,MED016,5,5,0,24,24,39
2026-02-27,ST021,MED017,7,7,0,0,12,37
2026-02-27,ST021,MED018,5,5,0,0,0,29
2026-02-27,ST021,MED019,2,2,0,0,24,14
2026-02-27,ST021,MED020,8,8,0,0,0,29
2026-02-27,ST021,MED021,6,6,0,0,6,21
2026-02-27,ST021,MED022,5,5,0,0,6,19
2026-02-27,ST021,MED023,9,9,0,0,12,25
2026-02-27,ST021,MED024,11,11,0,12,12,38
2026-02-27,ST021,MED025,4,4,0,0,12,23
2026-02-27,ST021,MED026,8,8,0,0,24,36
2026-02-27,ST021,MED027,11,11,0,12,12,13
2026-02-27,ST021,MED028,4,4,0,24,0,43
2026-02-27,ST021,MED029,5,5,0,0,0,33
2026-02-27,ST021,MED030,3,3,0,6,0,18
2026-02-27,ST022,MED001,9,9,0,0,0,50
2026-02-27,ST022,MED002,8,8,0,0,6,37
2026-02-27,ST022,MED003,1,1,0,0,0,29
2026-02-27,ST022,MED004,1,1,0,12,0,38
2026-02-27,ST022,MED005,8,8,0,24,12,52
2026-02-27,ST022,MED006,10,10,0,0,12,9
2026-02-27,ST022,MED007,1,1,0,0,0,33
2026-02-27,ST022,MED008,2,2,0,12,0,25
2026-02-27,ST022,MED009,8,8,0,0,12,41
2026-02-27,ST022,MED010,4,4,0,0,12,30
2026-02-27,ST022,MED011,7,7,0,12,6,44
2026-02-27,ST022,MED012,10,10,0,12,12,35
2026-02-27,ST022,MED013,5,5,0,12,12,28
2026-02-27,ST022,MED014,3,3,0,0,0,47
2026-02-27,ST022,MED015,9,9,0,0,24,44
2026-02-27,ST022,MED016,7,7,0,0,0,27
2026-02-27,ST022,MED017,9,9,0,24,0,44
2026-02-27,ST022,MED018,6,6,0,0,0,28
2026-02-27,ST022,MED019,2,2,0,0,0,16
2026-02-27,ST022,MED020,4,4,0,0,0,51
2026-02-27,ST022,MED021,7,7,0,6,6,50
2026-02-27,ST022,MED022,3,3,0,0,0,28
2026-02-27,ST022,MED023,9,9,0,24,12,38
2026-02-27,ST022,MED024,15,15,0,12,12,50
2026-02-27,ST022,MED025,4,4,0,0,12,23
2026-02-27,ST022,MED026,8,8,0,0,0,54
2026-02-27,ST022,MED027,11,11,0,12,12,46
2026-02-27,ST022,MED028,6,6,0,0,0,24
2026-02-27,ST022,MED029,4,4,0,0,0,37
2026-02-27,ST022,MED030,6,6,0,0,12,10
2026-02-27,ST023,MED001,9,9,0,24,24,75
2026-02-27,ST023,MED002,5,5,0,0,6,61
2026-02-27,ST023,MED003,1,1,0,0,0,28
2026-02-27,ST023,MED004,3,3,0,0,0,51
2026-02-27,ST023,MED005,10,10,0,0,12,26
2026-02-27,ST023,MED006,10,10,0,12,12,36
2026-02-27,ST023,MED007,0,0,0,0,0,26
2026-02-27,ST023,MED008,0,0,0,0,0,25
2026-02-27,ST023,MED009,10,10,0,36,12,65
2026-02-27,ST023,MED010,0,0,0,0,0,29
2026-02-27,ST023,MED011,15,15,0,0,18,26
2026-02-27,ST023,MED012,10,10,0,0,0,44
2026-02-27,ST023,MED013,5,5,0,12,0,36
2026-02-27,ST023,MED014,1,1,0,0,0,45
2026-02-27,ST023,MED015,14,14,0,0,24,52
2026-02-27,ST023,MED016,4,4,0,24,0,48
2026-02-27,ST023,MED017,9,9,0,0,12,45
2026-02-27,ST023,MED018,5,5,0,0,24,19
2026-02-27,ST023,MED019,2,2,0,0,0,42
2026-02-27,ST023,MED020,7,7,0,0,0,24
2026-02-27,ST023,MED021,11,11,0,12,12,31
2026-02-27,ST023,MED022,6,6,0,12,6,32
2026-02-27,ST023,MED023,8,8,0,24,12,64
2026-02-27,ST023,MED024,9,9,0,0,12,59
2026-02-27,ST023,MED025,8,8,0,0,0,29
2026-02-27,ST023,MED026,9,9,0,0,0,65
2026-02-27,ST023,MED027,13,13,0,0,12,45
2026-02-27,ST023,MED028,3,3,0,0,0,26
2026-02-27,ST023,MED029,5,5,0,24,0,54
2026-02-27,ST023,MED030,8,8,0,6,12,22
2026-02-27,ST024,MED001,10,10,0,24,0,50
2026-02-27,ST024,MED002,9,9,0,30,12,50
2026-02-27,ST024,MED003,5,5,0,0,0,19
2026-02-27,ST024,MED004,11,11,0,24,12,48
2026-02-27,ST024,MED005,6,6,0,24,0,44
2026-02-27,ST024,MED006,11,11,0,0,12,41
2026-02-27,ST024,MED007,3,3,0,0,0,29
2026-02-27,ST024,MED008,0,0,0,0,0,20
2026-02-27,ST024,MED009,10,10,0,12,12,58
2026-02-27,ST024,MED010,4,4,0,12,0,27
2026-02-27,ST024,MED011,11,11,0,12,12,50
2026-02-27,ST024,MED012,8,8,0,12,12,36
2026-02-27,ST024,MED013,7,7,0,12,0,42
2026-02-27,ST024,MED014,7,7,0,0,0,26
2026-02-27,ST024,MED015,23,23,0,0,24,35
2026-02-27,ST024,MED016,5,5,0,0,0,32
2026-02-27,ST024,MED017,8,8,0,24,0,55
2026-02-27,ST024,MED018,6,6,0,24,0,49
2026-02-27,ST024,MED019,2,2,0,0,0,11
2026-02-27,ST024,MED020,6,6,0,24,24,58
2026-02-27,ST024,MED021,15,15,0,12,18,29
2026-02-27,ST024,MED022,11,11,0,12,12,35
2026-02-27,ST024,MED023,13,13,0,0,24,56
2026-02-27,ST024,MED024,17,17,0,12,24,38
2026-02-27,ST024,MED025,4,4,0,0,0,20
2026-02-27,ST024,MED026,11,11,0,0,0,59
2026-02-27,ST024,MED027,14,14,0,24,12,53
2026-02-27,ST024,MED028,9,9,0,24,24,42
2026-02-27,ST024,MED029,12,12,0,48,0,58
2026-02-27,ST024,MED030,5,5,0,6,0,27
2026-02-27,ST025,MED001,9,9,0,0,24,40
2026-02-27,ST025,MED002,11,11,0,6,12,60
2026-02-27,ST025,MED003,2,2,0,0,0,13
2026-02-27,ST025,MED004,11,11,0,36,12,47
2026-02-27,ST025,MED005,12,12,0,0,24,45
2026-02-27,ST025,MED006,15,15,0,0,24,29
2026-02-27,ST025,MED007,3,3,0,0,0,27
2026-02-27,ST025,MED008,5,5,0,24,12,27
2026-02-27,ST025,MED009,12,12,0,12,12,31
2026-02-27,ST025,MED010,3,3,0,0,0,22
2026-02-27,ST025,MED011,15,15,0,24,18,55
2026-02-27,ST025,MED012,8,8,0,0,12,24
2026-02-27,ST025,MED013,10,10,0,0,12,31
2026-02-27,ST025,MED014,3,3,0,0,0,33
2026-02-27,ST025,MED015,8,8,0,0,0,31
2026-02-27,ST025,MED016,8,8,0,0,0,2
2026-02-27,ST025,MED017,13,13,0,24,12,62
2026-02-27,ST025,MED018,5,5,0,0,0,51
2026-02-27,ST025,MED019,3,3,0,0,0,28
2026-02-27,ST025,MED020,9,9,0,0,24,25
2026-02-27,ST025,MED021,11,11,0,0,6,36
2026-02-27,ST025,MED022,5,5,0,0,6,54
2026-02-27,ST025,MED023,12,12,0,12,12,47
2026-02-27,ST025,MED024,12,12,0,12,12,47
2026-02-27,ST025,MED025,12,12,0,0,12,24
2026-02-27,ST025,MED026,11,11,0,0,0,45
2026-02-27,ST025,MED027,13,13,0,12,12,35
2026-02-27,ST025,MED028,7,7,0,0,0,35
2026-02-27,ST025,MED029,14,14,0,24,0,33
2026-02-27,ST025,MED030,6,6,0,0,6,8
2026-02-27,ST026,MED001,14,14,0,0,24,50
2026-02-27,ST026,MED002,11,11,0,0,12,61
2026-02-27,ST026,MED003,2,2,0,24,0,40
2026-02-27,ST026,MED004,9,9,0,12,12,42
2026-02-27,ST026,MED005,10,10,0,12,12,44
2026-02-27,ST026,MED006,15,15,0,24,24,62
2026-02-27,ST026,MED007,6,6,0,0,0,15
2026-02-27,ST026,MED008,2,2,0,0,0,27
2026-02-27,ST026,MED009,10,10,0,0,12,37
2026-02-27,ST026,MED010,8,8,0,0,12,23
2026-02-27,ST026,MED011,12,12,0,30,12,58
2026-02-27,ST026,MED012,11,11,0,0,12,47
2026-02-27,ST026,MED013,7,7,0,0,0,43
2026-02-27,ST026,MED014,6,6,0,0,24,38
2026-02-27,ST026,MED015,18,18,0,0,24,36
2026-02-27,ST026,MED016,10,10,0,0,0,26
2026-02-27,ST026,MED017,14,14,0,0,12,48
2026-02-27,ST026,MED018,10,10,0,24,24,50
2026-02-27,ST026,MED019,0,0,0,0,0,31
2026-02-27,ST026,MED020,9,9,0,0,24,35
2026-02-27,ST026,MED021,14,14,0,0,18,45
2026-02-27,ST026,MED022,6,6,0,12,6,36
2026-02-27,ST026,MED023,18,18,0,12,24,31
2026-02-27,ST026,MED024,16,16,0,0,12,64
2026-02-27,ST026,MED025,6,6,0,0,0,40
2026-02-27,ST026,MED026,12,12,0,0,0,57
2026-02-27,ST026,MED027,13,13,0,0,12,14
2026-02-27,ST026,MED028,11,11,0,24,0,40
2026-02-27,ST026,MED029,13,13,0,0,24,58
2026-02-27,ST026,MED030,4,4,0,0,0,15
2026-02-27,ST027,MED001,15,15,0,0,24,57
2026-02-27,ST027,MED002,15,15,0,0,12,26
2026-02-27,ST027,MED003,5,5,0,0,0,21
2026-02-27,ST027,MED004,16,16,0,0,12,36
2026-02-27,ST027,MED005,13,13,0,36,12,69
2026-02-27,ST027,MED006,11,11,0,24,0,54
2026-02-27,ST027,MED007,7,7,0,24,24,33
2026-02-27,ST027,MED008,3,3,0,12,0,27
2026-02-27,ST027,MED009,12,12,0,0,12,52
2026-02-27,ST027,MED010,6,6,0,0,12,23
2026-02-27,ST027,MED011,23,23,0,0,24,35
2026-02-27,ST027,MED012,14,14,0,12,12,47
2026-02-27,ST027,MED013,10,10,0,0,12,15
2026-02-27,ST027,MED014,7,7,0,0,0,30
2026-02-27,ST027,MED015,11,11,0,0,0,68
2026-02-27,ST027,MED016,7,7,0,0,24,53
2026-02-27,ST027,MED017,15,15,0,12,12,68
2026-02-27,ST027,MED018,7,7,0,0,24,27
2026-02-27,ST027,MED019,2,2,0,0,0,41
2026-02-27,ST027,MED020,8,8,0,48,0,75
2026-02-27,ST027,MED021,14,14,0,18,18,50
2026-02-27,ST027,MED022,5,5,0,12,6,38
2026-02-27,ST027,MED023,13,13,0,48,12,73
2026-02-27,ST027,MED024,18,18,0,36,12,82
2026-02-27,ST027,MED025,5,5,0,0,0,38
2026-02-27,ST027,MED026,17,17,0,0,0,42
2026-02-27,ST027,MED027,16,16,0,24,12,63
2026-02-27,ST027,MED028,8,8,0,24,0,57
2026-02-27,ST027,MED029,10,10,0,0,24,43
2026-02-27,ST027,MED030,7,7,0,12,6,40
2026-02-27,ST028,MED001,8,8,0,24,0,77
2026-02-27,ST028,MED002,7,7,0,36,6,32
2026-02-27,ST028,MED003,3,3,0,0,0,14
2026-02-27,ST028,MED004,4,4,0,24,0,45
2026-02-27,ST028,MED005,6,6,0,12,0,52
2026-02-27,ST028,MED006,10,10,0,0,12,36
2026-02-27,ST028,MED007,0,0,0,0,0,25
2026-02-27,ST028,MED008,1,1,0,0,0,15
2026-02-27,ST028,MED009,6,6,0,0,0,24
2026-02-27,ST028,MED010,2,2,0,0,0,22
2026-02-27,ST028,MED011,9,9,0,18,12,35
2026-02-27,ST028,MED012,13,13,0,12,12,40
2026-02-27,ST028,MED013,10,10,0,0,12,28
2026-02-27,ST028,MED014,4,4,0,0,0,40
2026-02-27,ST028,MED015,10,10,0,0,24,39
2026-02-27,ST028,MED016,7,7,0,24,0,46
2026-02-27,ST028,MED017,9,9,0,12,12,36
2026-02-27,ST028,MED018,4,4,0,24,0,42
2026-02-27,ST028,MED019,1,1,0,0,0,34
2026-02-27,ST028,MED020,6,6,0,0,0,23
2026-02-27,ST028,MED021,7,7,0,0,12,28
2026-02-27,ST028,MED022,5,5,0,0,0,8
2026-02-27,ST028,MED023,6,6,0,0,0,37
2026-02-27,ST028,MED024,6,6,0,0,0,34
2026-02-27,ST028,MED025,2,2,0,0,0,40
2026-02-27,ST028,MED026,12,12,0,24,24,38
2026-02-27,ST028,MED027,7,7,0,12,12,57
2026-02-27,ST028,MED028,4,4,0,24,0,58
2026-02-27,ST028,MED029,7,7,0,0,0,15
2026-02-27,ST028,MED030,3,3,0,0,0,24
2026-02-27,ST029,MED001,8,8,0,0,0,48
2026-02-27,ST029,MED002,8,8,0,6,12,33
2026-02-27,ST029,MED003,8,8,0,0,24,18
2026-02-27,ST029,MED004,8,8,0,0,0,43
2026-02-27,ST029,MED005,10,10,0,24,12,62
2026-02-27,ST029,MED006,9,9,0,0,0,43
2026-02-27,ST029,MED007,3,3,0,0,0,18
2026-02-27,ST029,MED008,3,3,0,0,0,23
2026-02-27,ST029,MED009,8,8,0,36,12,51
2026-02-27,ST029,MED010,5,5,0,12,12,22
2026-02-27,ST029,MED011,16,16,0,24,18,41
2026-02-27,ST029,MED012,5,5,0,12,0,21
2026-02-27,ST029,MED013,11,11,0,0,12,16
2026-02-27,ST029,MED014,7,7,0,0,24,38
2026-02-27,ST029,MED015,3,3,0,0,0,70
2026-02-27,ST029,MED016,4,4,0,0,0,17
2026-02-27,ST029,MED017,13,13,0,12,12,18
2026-02-27,ST029,MED018,7,7,0,24,24,44
2026-02-27,ST029,MED019,6,6,0,0,24,19
2026-02-27,ST029,MED020,6,6,0,0,24,16
2026-02-27,ST029,MED021,12,12,0,12,12,31
2026-02-27,ST029,MED022,7,7,0,24,6,44
2026-02-27,ST029,MED023,11,11,0,12,12,30
2026-02-27,ST029,MED024,11,11,0,12,12,54
2026-02-27,ST029,MED025,3,3,0,0,0,25
2026-02-27,ST029,MED026,4,4,0,24,0,63
2026-02-27,ST029,MED027,11,11,0,24,12,44
2026-02-27,ST029,MED028,5,5,0,24,24,30
2026-02-27,ST029,MED029,7,7,0,0,0,45
2026-02-27,ST029,MED030,2,2,0,6,0,25
2026-02-27,ST030,MED001,11,11,0,0,24,32
2026-02-27,ST030,MED002,6,6,0,0,6,46
2026-02-27,ST030,MED003,2,2,0,0,0,31
2026-02-27,ST030,MED004,10,10,0,24,12,28
2026-02-27,ST030,MED005,8,8,0,12,0,61
2026-02-27,ST030,MED006,11,11,0,0,12,39
2026-02-27,ST030,MED007,2,2,0,0,0,19
2026-02-27,ST030,MED008,3,3,0,0,12,15
2026-02-27,ST030,MED009,10,10,0,12,12,49
2026-02-27,ST030,MED010,6,6,0,0,12,9
2026-02-27,ST030,MED011,9,9,0,12,12,40
2026-02-27,ST030,MED012,10,10,0,0,12,29
2026-02-27,ST030,MED013,8,8,0,0,12,15
2026-02-27,ST030,MED014,6,6,0,0,0,35
2026-02-27,ST030,MED015,12,12,0,48,24,74
2026-02-27,ST030,MED016,6,6,0,0,0,42
2026-02-27,ST030,MED017,8,8,0,0,12,44
2026-02-27,ST030,MED018,2,2,0,0,0,29
2026-02-27,ST030,MED019,0,0,0,0,0,20
2026-02-27,ST030,MED020,9,9,0,24,0,54
2026-02-27,ST030,MED021,11,11,0,12,18,53
2026-02-27,ST030,MED022,6,6,0,0,6,36
2026-02-27,ST030,MED023,12,12,0,12,12,51
2026-02-27,ST030,MED024,11,11,0,12,0,37
2026-02-27,ST030,MED025,8,8,0,0,12,7
2026-02-27,ST030,MED026,12,12,0,0,0,39
2026-02-27,ST030,MED027,10,10,0,12,12,58
2026-02-27,ST030,MED028,6,6,0,24,0,39
2026-02-27,ST030,MED029,9,9,0,0,0,46
2026-02-27,ST030,MED030,6,6,0,0,6,17
2026-02-27,ST031,MED001,13,13,0,24,24,48
2026-02-27,ST031,MED002,12,12,0,6,12,40
2026-02-27,ST031,MED003,0,0,0,0,0,36
2026-02-27,ST031,MED004,7,7,0,24,0,49
2026-02-27,ST031,MED005,8,8,0,0,0,47
2026-02-27,ST031,MED006,9,9,0,12,12,34
2026-02-27,ST031,MED007,4,4,0,0,24,20
2026-02-27,ST031,MED008,4,4,0,0,0,12
2026-02-27,ST031,MED009,10,10,0,24,12,69
2026-02-27,ST031,MED010,8,8,0,0,12,10
2026-02-27,ST031,MED011,10,10,0,24,6,54
2026-02-27,ST031,MED012,9,9,0,0,12,33
2026-02-27,ST031,MED013,7,7,0,0,12,41
2026-02-27,ST031,MED014,4,4,0,24,24,35
2026-02-27,ST031,MED015,12,12,0,0,24,55
2026-02-27,ST031,MED016,7,7,0,24,0,54
2026-02-27,ST031,MED017,12,12,0,24,12,41
2026-02-27,ST031,MED018,10,10,0,24,24,42
2026-02-27,ST031,MED019,5,5,0,0,0,31
2026-02-27,ST031,MED020,7,7,0,24,0,63
2026-02-27,ST031,MED021,17,17,0,18,24,42
2026-02-27,ST031,MED022,8,8,0,24,12,34
2026-02-27,ST031,MED023,14,14,0,12,24,43
2026-02-27,ST031,MED024,8,8,0,12,0,57
2026-02-27,ST031,MED025,4,4,0,24,0,36
2026-02-27,ST031,MED026,14,14,0,0,24,66
2026-02-27,ST031,MED027,12,12,0,36,12,56
2026-02-27,ST031,MED028,2,2,0,0,0,50
2026-02-27,ST031,MED029,10,10,0,24,0,51
2026-02-27,ST031,MED030,3,3,0,12,0,23
2026-02-27,ST032,MED001,12,12,0,24,24,48
2026-02-27,ST032,MED002,14,14,0,12,12,53
2026-02-27,ST032,MED003,3,3,0,0,0,31
2026-02-27,ST032,MED004,9,9,0,12,12,55
2026-02-27,ST032,MED005,6,6,0,12,0,78
2026-02-27,ST032,MED006,10,10,0,12,0,36
2026-02-27,ST032,MED007,5,5,0,24,0,40
2026-02-27,ST032,MED008,5,5,0,0,12,8
2026-02-27,ST032,MED009,12,12,0,12,12,41
2026-02-27,ST032,MED010,8,8,0,0,12,18
2026-02-27,ST032,MED011,13,13,0,0,12,25
2026-02-27,ST032,MED012,14,14,0,0,12,22
2026-02-27,ST032,MED013,8,8,0,0,12,37
2026-02-27,ST032,MED014,4,4,0,24,0,50
2026-02-27,ST032,MED015,14,14,0,24,24,46
2026-02-27,ST032,MED016,8,8,0,0,0,42
2026-02-27,ST032,MED017,8,8,0,12,12,59
2026-02-27,ST032,MED018,8,8,0,0,0,36
2026-02-27,ST032,MED019,7,7,0,0,24,17
2026-02-27,ST032,MED020,5,5,0,0,24,52
2026-02-27,ST032,MED021,14,14,0,0,18,60
2026-02-27,ST032,MED022,3,3,0,0,0,8
2026-02-27,ST032,MED023,12,12,0,36,24,45
2026-02-27,ST032,MED024,14,14,0,36,24,58
2026-02-27,ST032,MED025,8,8,0,12,12,53
2026-02-27,ST032,MED026,9,9,0,0,0,69
2026-02-27,ST032,MED027,13,13,0,24,12,51
2026-02-27,ST032,MED028,4,4,0,0,0,45
2026-02-27,ST032,MED029,12,12,0,24,24,68
2026-02-27,ST032,MED030,2,2,0,6,0,30
2026-02-27,ST033,MED001,12,12,0,0,24,66
2026-02-27,ST033,MED002,17,17,0,12,24,40
2026-02-27,ST033,MED003,5,5,0,0,0,37
2026-02-27,ST033,MED004,10,10,0,12,12,48
2026-02-27,ST033,MED005,11,11,0,12,12,51
2026-02-27,ST033,MED006,11,11,0,12,12,33
2026-02-27,ST033,MED007,7,7,0,0,24,6
2026-02-27,ST033,MED008,5,5,0,0,0,22
2026-02-27,ST033,MED009,13,13,0,12,12,37
2026-02-27,ST033,MED010,5,5,0,12,12,36
2026-02-27,ST033,MED011,10,10,0,18,6,48
2026-02-27,ST033,MED012,13,13,0,12,12,47
2026-02-27,ST033,MED013,6,6,0,0,0,15
2026-02-27,ST033,MED014,6,6,0,0,0,27
2026-02-27,ST033,MED015,11,11,0,0,24,23
2026-02-27,ST033,MED016,8,8,0,0,24,29
2026-02-27,ST033,MED017,13,13,0,24,12,29
2026-02-27,ST033,MED018,7,7,0,0,24,51
2026-02-27,ST033,MED019,3,3,0,0,0,34
2026-02-27,ST033,MED020,10,10,0,0,0,47
2026-02-27,ST033,MED021,13,13,0,12,12,28
2026-02-27,ST033,MED022,10,10,0,18,12,28
2026-02-27,ST033,MED023,12,12,0,0,12,65
2026-02-27,ST033,MED024,12,12,0,12,12,59
2026-02-27,ST033,MED025,8,8,0,0,0,15
2026-02-27,ST033,MED026,12,12,0,0,0,50
2026-02-27,ST033,MED027,19,19,0,48,24,60
2026-02-27,ST033,MED028,7,7,0,0,24,28
2026-02-27,ST033,MED029,8,8,0,0,0,42
2026-02-27,ST033,MED030,5,5,0,12,0,28
2026-02-27,ST034,MED001,13,13,0,24,0,63
2026-02-27,ST034,MED002,20,20,0,12,24,73
2026-02-27,ST034,MED003,3,3,0,0,0,38
2026-02-27,ST034,MED004,11,11,0,12,12,31
2026-02-27,ST034,MED005,11,11,0,0,12,59
2026-02-27,ST034,MED006,13,13,0,12,12,48
2026-02-27,ST034,MED007,3,3,0,0,0,32
2026-02-27,ST034,MED008,6,6,0,12,0,19
2026-02-27,ST034,MED009,13,13,0,0,12,74
2026-02-27,ST034,MED010,0,0,0,0,0,33
2026-02-27,ST034,MED011,17,17,0,12,18,63
2026-02-27,ST034,MED012,11,11,0,24,12,43
2026-02-27,ST034,MED013,10,10,0,0,12,40
2026-02-27,ST034,MED014,7,7,0,0,0,28
2026-02-27,ST034,MED015,16,16,0,24,24,62
2026-02-27,ST034,MED016,9,9,0,0,24,41
2026-02-27,ST034,MED017,17,17,0,0,24,46
2026-02-27,ST034,MED018,7,7,0,0,0,36
2026-02-27,ST034,MED019,2,2,0,0,0,23
2026-02-27,ST034,MED020,13,13,0,24,24,50
2026-02-27,ST034,MED021,8,8,0,60,6,63
2026-02-27,ST034,MED022,8,8,0,0,6,19
2026-02-27,ST034,MED023,14,14,0,24,12,80
2026-02-27,ST034,MED024,17,17,0,12,24,45
2026-02-27,ST034,MED025,9,9,0,12,0,54
2026-02-27,ST034,MED026,11,11,0,0,24,55
2026-02-27,ST034,MED027,18,18,0,0,24,63
2026-02-27,ST034,MED028,9,9,0,24,0,60
2026-02-27,ST034,MED029,14,14,0,0,24,37
2026-02-27,ST034,MED030,7,7,0,0,6,23
2026-02-27,ST035,MED001,7,7,0,0,0,58
2026-02-27,ST035,MED002,3,3,0,0,6,24
2026-02-27,ST035,MED003,3,3,0,0,0,24
2026-02-27,ST035,MED004,3,3,0,0,0,36
2026-02-27,ST035,MED005,9,9,0,24,12,51
2026-02-27,ST035,MED006,7,7,0,12,12,38
2026-02-27,ST035,MED007,4,4,0,0,24,21
2026-02-27,ST035,MED008,2,2,0,12,0,25
2026-02-27,ST035,MED009,7,7,0,24,0,45
2026-02-27,ST035,MED010,4,4,0,0,0,14
2026-02-27,ST035,MED011,11,11,0,0,12,25
2026-02-27,ST035,MED012,10,10,0,0,12,31
2026-02-27,ST035,MED013,5,5,0,12,0,24
2026-02-27,ST035,MED014,5,5,0,0,0,36
2026-02-27,ST035,MED015,7,7,0,0,0,22
2026-02-27,ST035,MED016,4,4,0,0,24,38
2026-02-27,ST035,MED017,9,9,0,12,0,35
2026-02-27,ST035,MED018,7,7,0,0,0,25
2026-02-27,ST035,MED019,2,2,0,0,0,30
2026-02-27,ST035,MED020,5,5,0,0,0,36
2026-02-27,ST035,MED021,4,4,0,18,0,47
2026-02-27,ST035,MED022,4,4,0,0,0,12
2026-02-27,ST035,MED023,9,9,0,0,12,45
2026-02-27,ST035,MED024,11,11,0,0,12,34
2026-02-27,ST035,MED025,7,7,0,24,12,25
2026-02-27,ST035,MED026,6,6,0,0,0,53
2026-02-27,ST035,MED027,10,10,0,12,12,39
2026-02-27,ST035,MED028,5,5,0,0,0,19
2026-02-27,ST035,MED029,8,8,0,0,24,51
2026-02-27,ST035,MED030,3,3,0,0,0,12
2026-02-27,ST036,MED001,7,7,0,24,0,49
2026-02-27,ST036,MED002,10,10,0,18,6,44
2026-02-27,ST036,MED003,2,2,0,0,0,6
2026-02-27,ST036,MED004,10,10,0,0,12,33
2026-02-27,ST036,MED005,9,9,0,12,12,36
2026-02-27,ST036,MED006,7,7,0,0,0,38
2026-02-27,ST036,MED007,4,4,0,0,0,22
2026-02-27,ST036,MED008,4,4,0,0,0,13
2026-02-27,ST036,MED009,6,6,0,24,0,44
2026-02-27,ST036,MED010,8,8,0,24,12,28
2026-02-27,ST036,MED011,15,15,0,0,18,39
2026-02-27,ST036,MED012,6,6,0,12,12,29
2026-02-27,ST036,MED013,7,7,0,0,12,28
2026-02-27,ST036,MED014,5,5,0,0,24,30
2026-02-27,ST036,MED015,12,12,0,24,24,65
2026-02-27,ST036,MED016,6,6,0,0,0,30
2026-02-27,ST036,MED017,9,9,0,36,0,61
2026-02-27,ST036,MED018,6,6,0,0,0,16
2026-02-27,ST036,MED019,5,5,0,0,0,24
2026-02-27,ST036,MED020,7,7,0,0,24,17
2026-02-27,ST036,MED021,9,9,0,6,12,34
2026-02-27,ST036,MED022,8,8,0,18,12,39
2026-02-27,ST036,MED023,10,10,0,24,12,14
2026-02-27,ST036,MED024,12,12,0,72,12,67
2026-02-27,ST036,MED025,7,7,0,0,12,20
2026-02-27,ST036,MED026,9,9,0,0,0,32
2026-02-27,ST036,MED027,10,10,0,0,12,18
2026-02-27,ST036,MED028,3,3,0,0,24,12
2026-02-27,ST036,MED029,8,8,0,0,0,40
2026-02-27,ST036,MED030,0,0,0,6,0,37
2026-02-27,ST037,MED001,11,11,0,0,24,41
2026-02-27,ST037,MED002,8,8,0,0,6,43
2026-02-27,ST037,MED003,4,4,0,0,0,25
2026-02-27,ST037,MED004,4,4,0,0,0,36
2026-02-27,ST037,MED005,11,11,0,0,12,41
2026-02-27,ST037,MED006,7,7,0,24,12,44
2026-02-27,ST037,MED007,3,3,0,0,0,45
2026-02-27,ST037,MED008,6,6,0,12,0,21
2026-02-27,ST037,MED009,13,13,0,12,12,45
2026-02-27,ST037,MED010,7,7,0,12,12,29
2026-02-27,ST037,MED011,7,7,0,12,6,57
2026-02-27,ST037,MED012,11,11,0,0,12,38
2026-02-27,ST037,MED013,6,6,0,12,0,36
2026-02-27,ST037,MED014,4,4,0,0,0,22
2026-02-27,ST037,MED015,10,10,0,0,0,17
2026-02-27,ST037,MED016,7,7,0,24,24,58
2026-02-27,ST037,MED017,9,9,0,0,12,33
2026-02-27,ST037,MED018,4,4,0,24,0,48
2026-02-27,ST037,MED019,2,2,0,0,0,11
2026-02-27,ST037,MED020,7,7,0,0,0,57
2026-02-27,ST037,MED021,10,10,0,6,12,42
2026-02-27,ST037,MED022,4,4,0,12,0,35
2026-02-27,ST037,MED023,7,7,0,12,0,40
2026-02-27,ST037,MED024,5,5,0,12,0,72
2026-02-27,ST037,MED025,8,8,0,12,12,21
2026-02-27,ST037,MED026,9,9,0,0,0,46
2026-02-27,ST037,MED027,10,10,0,0,12,20
2026-02-27,ST037,MED028,10,10,0,0,0,24
2026-02-27,ST037,MED029,10,10,0,0,0,18
2026-02-27,ST037,MED030,6,6,0,18,6,16
2026-02-27,ST038,MED001,6,6,0,0,0,45
2026-02-27,ST038,MED002,13,13,0,12,12,54
2026-02-27,ST038,MED003,4,4,0,0,0,18
2026-02-27,ST038,MED004,6,6,0,0,12,47
2026-02-27,ST038,MED005,13,13,0,24,12,69
2026-02-27,ST038,MED006,10,10,0,0,12,47
2026-02-27,ST038,MED007,6,6,0,0,0,11
2026-02-27,ST038,MED008,2,2,0,0,0,25
2026-02-27,ST038,MED009,9,9,0,12,0,43
2026-02-27,ST038,MED010,5,5,0,0,0,11
2026-02-27,ST038,MED011,15,15,0,12,12,34
2026-02-27,ST038,MED012,8,8,0,0,12,55
2026-02-27,ST038,MED013,10,10,0,0,12,14
2026-02-27,ST038,MED014,4,4,0,24,0,47
2026-02-27,ST038,MED015,13,13,0,0,24,28
2026-02-27,ST038,MED016,7,7,0,0,0,21
2026-02-27,ST038,MED017,11,11,0,12,0,42
2026-02-27,ST038,MED018,4,4,0,0,0,8
2026-02-27,ST038,MED019,0,0,0,0,0,37
2026-02-27,ST038,MED020,9,9,0,24,0,44
2026-02-27,ST038,MED021,8,8,0,6,12,51
2026-02-27,ST038,MED022,7,7,0,6,6,21
2026-02-27,ST038,MED023,14,14,0,24,12,47
2026-02-27,ST038,MED024,12,12,0,12,12,51
2026-02-27,ST038,MED025,5,5,0,0,12,41
2026-02-27,ST038,MED026,9,9,0,0,0,38
2026-02-27,ST038,MED027,15,15,0,36,12,56
2026-02-27,ST038,MED028,6,6,0,24,0,29
2026-02-27,ST038,MED029,11,11,0,24,0,40
2026-02-27,ST038,MED030,4,4,0,0,6,21
2026-02-27,ST039,MED001,10,10,0,24,0,80
2026-02-27,ST039,MED002,11,11,0,12,6,31
2026-02-27,ST039,MED003,8,8,0,24,0,34
2026-02-27,ST039,MED004,10,10,0,36,12,45
2026-02-27,ST039,MED005,11,11,0,0,12,46
2026-02-27,ST039,MED006,10,10,0,24,12,67
2026-02-27,ST039,MED007,4,4,0,0,0,29
2026-02-27,ST039,MED008,3,3,0,12,0,34
2026-02-27,ST039,MED009,12,12,0,24,0,63
2026-02-27,ST039,MED010,3,3,0,0,0,29
2026-02-27,ST039,MED011,13,13,0,36,18,49
2026-02-27,ST039,MED012,12,12,0,48,12,52
2026-02-27,ST039,MED013,6,6,0,12,12,31
2026-02-27,ST039,MED014,10,10,0,0,0,21
2026-02-27,ST039,MED015,15,15,0,0,0,54
2026-02-27,ST039,MED016,10,10,0,0,0,46
2026-02-27,ST039,MED017,12,12,0,12,12,47
2026-02-27,ST039,MED018,8,8,0,24,0,46
2026-02-27,ST039,MED019,2,2,0,0,0,24
2026-02-27,ST039,MED020,9,9,0,24,0,42
2026-02-27,ST039,MED021,11,11,0,12,6,34
2026-02-27,ST039,MED022,11,11,0,6,18,24
2026-02-27,ST039,MED023,12,12,0,0,12,24
2026-02-27,ST039,MED024,14,14,0,0,12,32
2026-02-27,ST039,MED025,6,6,0,12,0,29
2026-02-27,ST039,MED026,11,11,0,24,0,71
2026-02-27,ST039,MED027,15,15,0,12,12,70
2026-02-27,ST039,MED028,6,6,0,0,24,26
2026-02-27,ST039,MED029,14,14,0,24,0,59
2026-02-27,ST039,MED030,5,5,0,12,6,25
2026-02-27,ST040,MED001,12,12,0,0,24,45
2026-02-27,ST040,MED002,14,14,0,0,18,28
2026-02-27,ST040,MED003,7,7,0,0,0,13
2026-02-27,ST040,MED004,13,13,0,0,24,31
2026-02-27,ST040,MED005,12,12,0,12,12,48
2026-02-27,ST040,MED006,9,9,0,12,0,34
2026-02-27,ST040,MED007,0,0,0,0,0,41
2026-02-27,ST040,MED008,5,5,0,12,0,28
2026-02-27,ST040,MED009,11,11,0,12,12,34
2026-02-27,ST040,MED010,5,5,0,12,12,33
2026-02-27,ST040,MED011,14,14,0,0,12,43
2026-02-27,ST040,MED012,12,12,0,12,12,58
2026-02-27,ST040,MED013,7,7,0,12,0,37
2026-02-27,ST040,MED014,5,5,0,0,24,34
2026-02-27,ST040,MED015,16,16,0,0,24,63
2026-02-27,ST040,MED016,4,4,0,48,24,59
2026-02-27,ST040,MED017,13,13,0,0,12,56
2026-02-27,ST040,MED018,7,7,0,24,0,61
2026-02-27,ST040,MED019,0,0,0,0,0,38
2026-02-27,ST040,MED020,6,6,0,24,0,61
2026-02-27,ST040,MED021,13,13,0,30,12,51
2026-02-27,ST040,MED022,8,8,0,18,6,32
2026-02-27,ST040,MED023,18,18,0,0,24,40
2026-02-27,ST040,MED024,11,11,0,0,12,55
2026-02-27,ST040,MED025,9,9,0,24,12,39
2026-02-27,ST040,MED026,12,12,0,24,0,84
2026-02-27,ST040,MED027,12,12,0,48,12,80
2026-02-27,ST040,MED028,10,10,0,0,24,46
2026-02-27,ST040,MED029,10,10,0,0,0,58
2026-02-27,ST040,MED030,4,4,0,6,0,28
2026-02-28,ST001,MED001,7,7,0,24,0,61
2026-02-28,ST001,MED002,8,8,0,0,12,19
2026-02-28,ST001,MED003,4,4,0,0,24,22
2026-02-28,ST001,MED004,5,5,0,0,0,29
2026-02-28,ST001,MED005,13,13,0,12,12,29
2026-02-28,ST001,MED006,12,12,0,0,12,37
2026-02-28,ST001,MED007,4,4,0,24,0,27
2026-02-28,ST001,MED008,2,2,0,0,0,30
2026-02-28,ST001,MED009,5,5,0,24,0,49
2026-02-28,ST001,MED010,4,4,0,0,0,28
2026-02-28,ST001,MED011,11,11,0,30,12,41
2026-02-28,ST001,MED012,9,9,0,24,0,53
2026-02-28,ST001,MED013,8,8,0,12,12,36
2026-02-28,ST001,MED014,7,7,0,0,0,35
2026-02-28,ST001,MED015,4,4,0,0,0,41
2026-02-28,ST001,MED016,6,6,0,0,24,40
2026-02-28,ST001,MED017,14,14,0,12,12,28
2026-02-28,ST001,MED018,5,5,0,0,0,39
2026-02-28,ST001,MED019,3,3,0,24,0,49
2026-02-28,ST001,MED020,7,7,0,0,0,29
2026-02-28,ST001,MED021,8,8,0,12,12,30
2026-02-28,ST001,MED022,4,4,0,0,0,14
2026-02-28,ST001,MED023,9,9,0,12,12,41
2026-02-28,ST001,MED024,13,13,0,48,12,55
2026-02-28,ST001,MED025,10,10,0,0,12,13
2026-02-28,ST001,MED026,14,14,0,48,24,69
2026-02-28,ST001,MED027,15,15,0,0,12,44
2026-02-28,ST001,MED028,6,6,0,0,0,46
2026-02-28,ST001,MED029,10,10,0,0,24,24
2026-02-28,ST001,MED030,6,6,0,0,6,20
2026-02-28,ST002,MED001,11,11,0,24,0,70
2026-02-28,ST002,MED002,11,11,0,0,6,51
2026-02-28,ST002,MED003,6,6,0,0,24,21
2026-02-28,ST002,MED004,8,8,0,0,0,44
2026-02-28,ST002,MED005,10,10,0,12,0,59
2026-02-28,ST002,MED006,7,7,0,0,0,39
2026-02-28,ST002,MED007,1,1,0,0,0,30
2026-02-28,ST002,MED008,3,3,0,0,0,26
2026-02-28,ST002,MED009,4,4,0,12,12,46
2026-02-28,ST002,MED010,3,3,0,12,0,30
2026-02-28,ST002,MED011,9,9,0,12,6,43
2026-02-28,ST002,MED012,14,14,0,0,12,11
2026-02-28,ST002,MED013,5,5,0,0,0,26
2026-02-28,ST002,MED014,3,3,0,24,0,49
2026-02-28,ST002,MED015,11,11,0,24,0,64
2026-02-28,ST002,MED016,6,6,0,0,0,4
2026-02-28,ST002,MED017,10,10,0,24,12,47
2026-02-28,ST002,MED018,7,7,0,0,0,18
2026-02-28,ST002,MED019,2,2,0,0,0,43
2026-02-28,ST002,MED020,11,11,0,0,24,15
2026-02-28,ST002,MED021,9,9,0,6,6,34
2026-02-28,ST002,MED022,8,8,0,6,6,37
2026-02-28,ST002,MED023,13,13,0,12,12,46
2026-02-28,ST002,MED024,12,12,0,24,12,47
2026-02-28,ST002,MED025,9,9,0,0,24,29
2026-02-28,ST002,MED026,10,10,0,0,24,49
2026-02-28,ST002,MED027,7,7,0,12,0,60
2026-02-28,ST002,MED028,7,7,0,24,0,52
2026-02-28,ST002,MED029,8,8,0,0,0,32
2026-02-28,ST002,MED030,8,8,0,6,6,22
2026-02-28,ST003,MED001,10,10,0,0,0,55
2026-02-28,ST003,MED002,15,15,0,0,12,32
2026-02-28,ST003,MED003,5,5,0,0,0,28
2026-02-28,ST003,MED004,8,8,0,12,12,29
2026-02-28,ST003,MED005,11,11,0,0,12,49
2026-02-28,ST003,MED006,12,12,0,0,12,26
2026-02-28,ST003,MED007,3,3,0,0,24,2
2026-02-28,ST003,MED008,3,3,0,12,0,32
2026-02-28,ST003,MED009,15,15,0,12,12,42
2026-02-28,ST003,MED010,4,4,0,12,0,32
2026-02-28,ST003,MED011,16,16,0,0,18,36
2026-02-28,ST003,MED012,13,13,0,12,12,37
2026-02-28,ST003,MED013,6,6,0,0,0,18
2026-02-28,ST003,MED014,8,8,0,0,0,30
2026-02-28,ST003,MED015,15,15,0,0,24,13
2026-02-28,ST003,MED016,8,8,0,0,0,31
2026-02-28,ST003,MED017,13,13,0,0,12,48
2026-02-28,ST003,MED018,6,6,0,0,24,44
2026-02-28,ST003,MED019,1,1,0,0,0,18
2026-02-28,ST003,MED020,11,11,0,24,24,51
2026-02-28,ST003,MED021,11,11,0,24,12,46
2026-02-28,ST003,MED022,11,11,0,6,12,29
2026-02-28,ST003,MED023,7,7,0,12,12,58
2026-02-28,ST003,MED024,17,17,0,0,12,24
2026-02-28,ST003,MED025,11,11,0,0,24,23
2026-02-28,ST003,MED026,15,15,0,24,24,68
2026-02-28,ST003,MED027,14,14,0,0,12,31
2026-02-28,ST003,MED028,8,8,0,0,0,30
2026-02-28,ST003,MED029,9,9,0,24,24,48
2026-02-28,ST003,MED030,3,3,0,0,0,29
2026-02-28,ST004,MED001,11,11,0,48,24,41
2026-02-28,ST004,MED002,14,14,0,12,18,31
2026-02-28,ST004,MED003,1,1,0,0,0,25
2026-02-28,ST004,MED004,9,9,0,0,12,36
2026-02-28,ST004,MED005,15,15,0,12,24,47
2026-02-28,ST004,MED006,14,14,0,36,12,37
2026-02-28,ST004,MED007,3,3,0,24,0,42
2026-02-28,ST004,MED008,1,1,0,0,0,11
2026-02-28,ST004,MED009,12,12,0,36,12,65
2026-02-28,ST004,MED010,4,4,0,0,0,12
2026-02-28,ST004,MED011,14,14,0,12,12,45
2026-02-28,ST004,MED012,11,11,0,12,12,39
2026-02-28,ST004,MED013,7,7,0,12,12,30
2026-02-28,ST004,MED014,11,11,0,24,24,34
2026-02-28,ST004,MED015,12,12,0,0,24,68
2026-02-28,ST004,MED016,9,9,0,0,24,27
2026-02-28,ST004,MED017,11,11,0,12,12,44
2026-02-28,ST004,MED018,8,8,0,24,0,46
2026-02-28,ST004,MED019,5,5,0,0,0,20
2026-02-28,ST004,MED020,11,11,0,0,24,52
2026-02-28,ST004,MED021,15,15,0,12,12,30
2026-02-28,ST004,MED022,10,10,0,0,6,35
2026-02-28,ST004,MED023,13,13,0,36,12,55
2026-02-28,ST004,MED024,19,19,0,12,12,65
2026-02-28,ST004,MED025,7,7,0,0,12,27
2026-02-28,ST004,MED026,11,11,0,24,0,84
2026-02-28,ST004,MED027,14,14,0,48,12,71
2026-02-28,ST004,MED028,6,6,0,0,0,21
2026-02-28,ST004,MED029,12,12,0,0,0,10
2026-02-28,ST004,MED030,9,9,0,12,12,30
2026-02-28,ST005,MED001,16,16,0,0,24,27
2026-02-28,ST005,MED002,14,14,0,42,12,66
2026-02-28,ST005,MED003,4,4,0,24,0,40
2026-02-28,ST005,MED004,12,12,0,12,12,47
2026-02-28,ST005,MED005,15,15,0,36,12,64
2026-02-28,ST005,MED006,17,17,0,12,12,44
2026-02-28,ST005,MED007,5,5,0,0,0,12
2026-02-28,ST005,MED008,1,1,0,0,0,17
2026-02-28,ST005,MED009,15,15,0,12,12,56
2026-02-28,ST005,MED010,5,5,0,0,0,21
2026-02-28,ST005,MED011,15,15,0,0,18,29
2026-02-28,ST005,MED012,16,16,0,24,12,55
2026-02-28,ST005,MED013,8,8,0,12,12,22
2026-02-28,ST005,MED014,6,6,0,0,0,29
2026-02-28,ST005,MED015,16,16,0,24,0,91
2026-02-28,ST005,MED016,9,9,0,24,0,46
2026-02-28,ST005,MED017,18,18,0,24,24,60
2026-02-28,ST005,MED018,10,10,0,0,24,53
2026-02-28,ST005,MED019,2,2,0,0,0,22
2026-02-28,ST005,MED020,7,7,0,0,24,20
2026-02-28,ST005,MED021,9,9,0,18,6,65
2026-02-28,ST005,MED022,8,8,0,12,6,44
2026-02-28,ST005,MED023,18,18,0,12,24,52
2026-02-28,ST005,MED024,18,18,0,36,24,61
2026-02-28,ST005,MED025,6,6,0,0,12,37
2026-02-28,ST005,MED026,14,14,0,24,24,71
2026-02-28,ST005,MED027,14,14,0,24,12,49
2026-02-28,ST005,MED028,10,10,0,0,24,50
2026-02-28,ST005,MED029,12,12,0,0,24,79
2026-02-28,ST005,MED030,5,5,0,12,6,37
2026-02-28,ST006,MED001,15,15,0,0,24,59
2026-02-28,ST006,MED002,17,17,0,0,18,31
2026-02-28,ST006,MED003,3,3,0,0,24,30
2026-02-28,ST006,MED004,11,11,0,24,0,56
2026-02-28,ST006,MED005,15,15,0,0,12,33
2026-02-28,ST006,MED006,15,15,0,12,12,47
2026-02-28,ST006,MED007,3,3,0,0,0,37
2026-02-28,ST006,MED008,5,5,0,0,0,28
2026-02-28,ST006,MED009,14,14,0,24,12,71
2026-02-28,ST006,MED010,6,6,0,0,0,17
2026-02-28,ST006,MED011,18,18,0,12,24,32
2026-02-28,ST006,MED012,16,16,0,0,12,64
2026-02-28,ST006,MED013,10,10,0,0,12,37
2026-02-28,ST006,MED014,6,6,0,24,0,69
2026-02-28,ST006,MED015,16,16,0,24,24,80
2026-02-28,ST006,MED016,9,9,0,48,24,66
2026-02-28,ST006,MED017,20,20,0,12,24,32
2026-02-28,ST006,MED018,12,12,0,0,0,18
2026-02-28,ST006,MED019,4,4,0,0,0,16
2026-02-28,ST006,MED020,7,7,0,0,24,46
2026-02-28,ST006,MED021,15,15,0,12,18,52
2026-02-28,ST006,MED022,10,10,0,12,6,29
2026-02-28,ST006,MED023,15,15,0,0,12,35
2026-02-28,ST006,MED024,15,15,0,12,12,51
2026-02-28,ST006,MED025,11,11,0,0,12,40
2026-02-28,ST006,MED026,19,19,0,24,24,59
2026-02-28,ST006,MED027,18,18,0,36,24,53
2026-02-28,ST006,MED028,8,8,0,24,24,58
2026-02-28,ST006,MED029,9,9,0,0,24,11
2026-02-28,ST006,MED030,7,7,0,6,6,22
2026-02-28,ST007,MED001,13,13,0,0,24,39
2026-02-28,ST007,MED002,14,14,0,30,18,24
2026-02-28,ST007,MED003,1,1,0,0,0,23
2026-02-28,ST007,MED004,5,5,0,24,12,42
2026-02-28,ST007,MED005,11,11,0,0,12,37
2026-02-28,ST007,MED006,7,7,0,12,0,57
2026-02-28,ST007,MED007,5,5,0,0,0,22
2026-02-28,ST007,MED008,0,0,0,0,0,10
2026-02-28,ST007,MED009,10,10,0,12,12,21
2026-02-28,ST007,MED010,3,3,0,0,0,18
2026-02-28,ST007,MED011,6,6,0,0,0,41
2026-02-28,ST007,MED012,13,13,0,12,12,11
2026-02-28,ST007,MED013,4,4,0,0,0,14
2026-02-28,ST007,MED014,4,4,0,0,24,22
2026-02-28,ST007,MED015,10,10,0,0,0,44
2026-02-28,ST007,MED016,3,3,0,0,0,30
2026-02-28,ST007,MED017,7,7,0,0,12,4
2026-02-28,ST007,MED018,6,6,0,0,0,51
2026-02-28,ST007,MED019,6,6,0,0,0,11
2026-02-28,ST007,MED020,8,8,0,0,0,16
2026-02-28,ST007,MED021,9,9,0,18,6,36
2026-02-28,ST007,MED022,3,3,0,12,0,38
2026-02-28,ST007,MED023,12,12,0,12,12,41
2026-02-28,ST007,MED024,9,9,0,24,12,55
2026-02-28,ST007,MED025,5,5,0,12,0,26
2026-02-28,ST007,MED026,7,7,0,0,0,40
2026-02-28,ST007,MED027,18,18,0,12,24,20
2026-02-28,ST007,MED028,0,0,0,0,0,36
2026-02-28,ST007,MED029,5,5,0,0,0,34
2026-02-28,ST007,MED030,3,3,0,0,0,21
2026-02-28,ST008,MED001,10,10,0,0,0,55
2026-02-28,ST008,MED002,8,8,0,0,0,42
2026-02-28,ST008,MED003,1,1,0,0,0,33
2026-02-28,ST008,MED004,5,5,0,12,12,18
2026-02-28,ST008,MED005,12,12,0,24,12,42
2026-02-28,ST008,MED006,10,10,0,0,12,37
2026-02-28,ST008,MED007,3,3,0,0,0,31
2026-02-28,ST008,MED008,3,3,0,0,12,17
2026-02-28,ST008,MED009,10,10,0,36,12,35
2026-02-28,ST008,MED010,1,1,0,0,0,26
2026-02-28,ST008,MED011,13,13,0,24,12,36
2026-02-28,ST008,MED012,11,11,0,12,12,25
2026-02-28,ST008,MED013,3,3,0,0,0,28
2026-02-28,ST008,MED014,7,7,0,0,24,34
2026-02-28,ST008,MED015,11,11,0,0,24,47
2026-02-28,ST008,MED016,8,8,0,24,0,47
2026-02-28,ST008,MED017,10,10,0,0,0,57
2026-02-28,ST008,MED018,7,7,0,0,24,31
2026-02-28,ST008,MED019,0,0,0,24,0,39
2026-02-28,ST008,MED020,1,1,0,24,0,59
2026-02-28,ST008,MED021,6,6,0,6,6,44
2026-02-28,ST008,MED022,11,11,0,0,12,16
2026-02-28,ST008,MED023,10,10,0,24,12,47
2026-02-28,ST008,MED024,5,5,0,24,0,58
2026-02-28,ST008,MED025,3,3,0,0,0,19
2026-02-28,ST008,MED026,15,15,0,24,0,54
2026-02-28,ST008,MED027,13,13,0,12,12,42
2026-02-28,ST008,MED028,5,5,0,0,0,23
2026-02-28,ST008,MED029,11,11,0,0,24,63
2026-02-28,ST008,MED030,4,4,0,6,0,21
2026-02-28,ST009,MED001,12,12,0,24,24,72
2026-02-28,ST009,MED002,12,12,0,0,12,31
2026-02-28,ST009,MED003,3,3,0,0,0,44
2026-02-28,ST009,MED004,4,4,0,12,0,32
2026-02-28,ST009,MED005,9,9,0,0,12,32
2026-02-28,ST009,MED006,7,7,0,0,0,53
2026-02-28,ST009,MED007,5,5,0,0,0,22
2026-02-28,ST009,MED008,4,4,0,0,12,11
2026-02-28,ST009,MED009,8,8,0,0,0,34
2026-02-28,ST009,MED010,3,3,0,12,0,17
2026-02-28,ST009,MED011,11,11,0,6,12,43
2026-02-28,ST009,MED012,13,13,0,0,12,49
2026-02-28,ST009,MED013,9,9,0,0,0,24
2026-02-28,ST009,MED014,1,1,0,24,0,53
2026-02-28,ST009,MED015,13,13,0,0,0,42
2026-02-28,ST009,MED016,5,5,0,0,0,42
2026-02-28,ST009,MED017,7,7,0,12,0,58
2026-02-28,ST009,MED018,6,6,0,0,0,19
2026-02-28,ST009,MED019,3,3,0,0,0,37
2026-02-28,ST009,MED020,10,10,0,0,24,44
2026-02-28,ST009,MED021,8,8,0,0,6,36
2026-02-28,ST009,MED022,7,7,0,0,6,28
2026-02-28,ST009,MED023,11,11,0,24,0,64
2026-02-28,ST009,MED024,12,12,0,12,12,47
2026-02-28,ST009,MED025,4,4,0,12,0,37
2026-02-28,ST009,MED026,8,8,0,24,0,58
2026-02-28,ST009,MED027,13,13,0,24,12,47
2026-02-28,ST009,MED028,5,5,0,0,0,21
2026-02-28,ST009,MED029,11,11,0,0,24,28
2026-02-28,ST009,MED030,8,8,0,0,12,19
2026-02-28,ST010,MED001,14,14,0,0,24,32
2026-02-28,ST010,MED002,13,13,0,18,18,37
2026-02-28,ST010,MED003,2,2,0,24,0,36
2026-02-28,ST010,MED004,4,4,0,36,0,40
2026-02-28,ST010,MED005,12,12,0,36,12,47
2026-02-28,ST010,MED006,23,23,0,12,24,22
2026-02-28,ST010,MED007,5,5,0,0,0,21
2026-02-28,ST010,MED008,4,4,0,0,0,23
2026-02-28,ST010,MED009,11,11,0,0,12,17
2026-02-28,ST010,MED010,2,2,0,0,0,29
2026-02-28,ST010,MED011,13,13,0,30,12,58
2026-02-28,ST010,MED012,11,11,0,24,12,51
2026-02-28,ST010,MED013,5,5,0,12,0,47
2026-02-28,ST010,MED014,8,8,0,0,0,22
2026-02-28,ST010,MED015,16,16,0,0,24,49
2026-02-28,ST010,MED016,10,10,0,0,0,38
2026-02-28,ST010,MED017,14,14,0,0,12,34
2026-02-28,ST010,MED018,8,8,0,24,0,55
2026-02-28,ST010,MED019,3,3,0,0,0,10
2026-02-28,ST010,MED020,10,10,0,0,0,35
2026-02-28,ST010,MED021,12,12,0,0,6,28
2026-02-28,ST010,MED022,13,13,0,6,18,36
2026-02-28,ST010,MED023,15,15,0,12,24,38
2026-02-28,ST010,MED024,12,12,0,12,0,51
2026-02-28,ST010,MED025,5,5,0,0,12,8
2026-02-28,ST010,MED026,14,14,0,0,0,19
2026-02-28,ST010,MED027,15,15,0,24,12,46
2026-02-28,ST010,MED028,10,10,0,0,0,20
2026-02-28,ST010,MED029,9,9,0,0,24,39
2026-02-28,ST010,MED030,8,8,0,0,6,13
2026-02-28,ST011,MED001,14,14,0,0,0,31
2026-02-28,ST011,MED002,8,8,0,12,6,32
2026-02-28,ST011,MED003,4,4,0,0,0,45
2026-02-28,ST011,MED004,8,8,0,12,12,45
2026-02-28,ST011,MED005,15,15,0,24,12,60
2026-02-28,ST011,MED006,11,11,0,12,12,57
2026-02-28,ST011,MED007,0,0,0,0,0,39
2026-02-28,ST011,MED008,5,5,0,0,0,31
2026-02-28,ST011,MED009,16,16,0,12,12,53
2026-02-28,ST011,MED010,5,5,0,0,0,10
2026-02-28,ST011,MED011,8,8,0,24,0,61
2026-02-28,ST011,MED012,15,15,0,0,12,48
2026-02-28,ST011,MED013,4,4,0,12,0,45
2026-02-28,ST011,MED014,4,4,0,24,0,22
2026-02-28,ST011,MED015,15,15,0,0,0,31
2026-02-28,ST011,MED016,11,11,0,24,24,32
2026-02-28,ST011,MED017,14,14,0,0,12,35
2026-02-28,ST011,MED018,10,10,0,0,0,34
2026-02-28,ST011,MED019,5,5,0,0,24,27
2026-02-28,ST011,MED020,7,7,0,0,24,30
2026-02-28,ST011,MED021,13,13,0,18,12,41
2026-02-28,ST011,MED022,10,10,0,6,12,21
2026-02-28,ST011,MED023,11,11,0,12,12,33
2026-02-28,ST011,MED024,11,11,0,12,12,45
2026-02-28,ST011,MED025,7,7,0,0,0,22
2026-02-28,ST011,MED026,14,14,0,0,24,47
2026-02-28,ST011,MED027,12,12,0,24,12,53
2026-02-28,ST011,MED028,7,7,0,0,0,24
2026-02-28,ST011,MED029,7,7,0,0,0,47
2026-02-28,ST011,MED030,7,7,0,24,6,27
2026-02-28,ST012,MED001,13,13,0,24,24,66
2026-02-28,ST012,MED002,16,16,0,36,18,21
2026-02-28,ST012,MED003,3,3,0,0,0,8
2026-02-28,ST012,MED004,11,11,0,12,12,36
2026-02-28,ST012,MED005,18,18,0,24,24,64
2026-02-28,ST012,MED006,14,14,0,12,12,48
2026-02-28,ST012,MED007,2,2,0,0,0,45
2026-02-28,ST012,MED008,3,3,0,12,0,29
2026-02-28,ST012,MED009,15,15,0,12,12,34
2026-02-28,ST012,MED010,5,5,0,0,0,17
2026-02-28,ST012,MED011,15,15,0,18,12,69
2026-02-28,ST012,MED012,12,12,0,36,12,66
2026-02-28,ST012,MED013,11,11,0,0,12,50
2026-02-28,ST012,MED014,9,9,0,0,0,33
2026-02-28,ST012,MED015,15,15,0,0,24,57
2026-02-28,ST012,MED016,10,10,0,0,24,31
2026-02-28,ST012,MED017,15,15,0,24,12,62
2026-02-28,ST012,MED018,14,14,0,24,24,29
2026-02-28,ST012,MED019,3,3,0,0,0,29
2026-02-28,ST012,MED020,11,11,0,24,0,66
2026-02-28,ST012,MED021,19,19,0,6,24,38
2026-02-28,ST012,MED022,6,6,0,30,6,38
2026-02-28,ST012,MED023,27,27,0,0,36,38
2026-02-28,ST012,MED024,18,18,0,12,24,64
2026-02-28,ST012,MED025,11,11,0,24,12,42
2026-02-28,ST012,MED026,15,15,0,48,24,83
2026-02-28,ST012,MED027,17,17,0,24,12,59
2026-02-28,ST012,MED028,10,10,0,24,24,42
2026-02-28,ST012,MED029,13,13,0,0,0,40
2026-02-28,ST012,MED030,8,8,0,0,12,17
2026-02-28,ST013,MED001,11,11,0,24,0,82
2026-02-28,ST013,MED002,15,15,0,0,18,73
2026-02-28,ST013,MED003,1,1,0,0,0,13
2026-02-28,ST013,MED004,14,14,0,12,24,44
2026-02-28,ST013,MED005,16,16,0,0,12,52
2026-02-28,ST013,MED006,15,15,0,0,12,64
2026-02-28,ST013,MED007,3,3,0,0,0,33
2026-02-28,ST013,MED008,4,4,0,0,12,29
2026-02-28,ST013,MED009,17,17,0,24,12,60
2026-02-28,ST013,MED010,4,4,0,12,0,27
2026-02-28,ST013,MED011,15,15,0,0,12,42
2026-02-28,ST013,MED012,16,16,0,12,12,45
2026-02-28,ST013,MED013,11,11,0,0,12,27
2026-02-28,ST013,MED014,7,7,0,24,0,53
2026-02-28,ST013,MED015,15,15,0,0,0,58
2026-02-28,ST013,MED016,8,8,0,0,24,46
2026-02-28,ST013,MED017,16,16,0,24,24,56
2026-02-28,ST013,MED018,10,10,0,24,0,49
2026-02-28,ST013,MED019,6,6,0,0,0,20
2026-02-28,ST013,MED020,11,11,0,0,24,38
2026-02-28,ST013,MED021,15,15,0,6,12,56
2026-02-28,ST013,MED022,11,11,0,0,12,27
2026-02-28,ST013,MED023,14,14,0,12,12,75
2026-02-28,ST013,MED024,20,20,0,0,24,65
2026-02-28,ST013,MED025,7,7,0,12,12,30
2026-02-28,ST013,MED026,15,15,0,24,0,94
2026-02-28,ST013,MED027,30,30,0,24,36,74
2026-02-28,ST013,MED028,9,9,0,0,0,21
2026-02-28,ST013,MED029,12,12,0,24,0,49
2026-02-28,ST013,MED030,4,4,0,0,0,36
2026-02-28,ST014,MED001,6,6,0,0,24,46
2026-02-28,ST014,MED002,6,6,0,0,6,35
2026-02-28,ST014,MED003,5,5,0,0,0,31
2026-02-28,ST014,MED004,7,7,0,12,12,20
2026-02-28,ST014,MED005,11,11,0,12,12,40
2026-02-28,ST014,MED006,8,8,0,0,0,28
2026-02-28,ST014,MED007,2,2,0,0,0,19
2026-02-28,ST014,MED008,6,6,0,0,0,28
2026-02-28,ST014,MED009,6,6,0,12,0,47
2026-02-28,ST014,MED010,4,4,0,0,0,22
2026-02-28,ST014,MED011,15,15,0,0,12,24
2026-02-28,ST014,MED012,9,9,0,36,12,41
2026-02-28,ST014,MED013,6,6,0,0,0,30
2026-02-28,ST014,MED014,3,3,0,24,0,38
2026-02-28,ST014,MED015,10,10,0,0,24,59
2026-02-28,ST014,MED016,11,11,0,0,0,26
2026-02-28,ST014,MED017,8,8,0,0,12,41
2026-02-28,ST014,MED018,2,2,0,0,0,31
2026-02-28,ST014,MED019,6,6,0,0,0,25
2026-02-28,ST014,MED020,4,4,0,24,0,31
2026-02-28,ST014,MED021,5,5,0,12,0,45
2026-02-28,ST014,MED022,5,5,0,6,6,26
2026-02-28,ST014,MED023,11,11,0,0,12,42
2026-02-28,ST014,MED024,12,12,0,12,12,34
2026-02-28,ST014,MED025,6,6,0,24,0,29
2026-02-28,ST014,MED026,7,7,0,0,0,29
2026-02-28,ST014,MED027,11,11,0,24,12,39
2026-02-28,ST014,MED028,7,7,0,0,0,14
2026-02-28,ST014,MED029,7,7,0,24,0,45
2026-02-28,ST014,MED030,3,3,0,6,0,17
2026-02-28,ST015,MED001,9,9,0,48,0,59
2026-02-28,ST015,MED002,9,9,0,6,12,47
2026-02-28,ST015,MED003,2,2,0,0,0,34
2026-02-28,ST015,MED004,7,7,0,0,0,23
2026-02-28,ST015,MED005,14,14,0,0,12,34
2026-02-28,ST015,MED006,10,10,0,24,12,23
2026-02-28,ST015,MED007,6,6,0,0,24,21
2026-02-28,ST015,MED008,1,1,0,0,0,17
2026-02-28,ST015,MED009,11,11,0,0,12,19
2026-02-28,ST015,MED010,6,6,0,0,0,14
2026-02-28,ST015,MED011,9,9,0,12,6,30
2026-02-28,ST015,MED012,7,7,0,12,12,45
2026-02-28,ST015,MED013,3,3,0,0,0,17
2026-02-28,ST015,MED014,4,4,0,24,0,29
2026-02-28,ST015,MED015,9,9,0,0,0,62
2026-02-28,ST015,MED016,7,7,0,0,0,18
2026-02-28,ST015,MED017,13,13,0,12,12,57
2026-02-28,ST015,MED018,7,7,0,24,24,37
2026-02-28,ST015,MED019,3,3,0,0,0,22
2026-02-28,ST015,MED020,6,6,0,0,0,28
2026-02-28,ST015,MED021,13,13,0,42,12,50
2026-02-28,ST015,MED022,6,6,0,12,6,32
2026-02-28,ST015,MED023,10,10,0,12,12,33
2026-02-28,ST015,MED024,14,14,0,12,12,34
2026-02-28,ST015,MED025,4,4,0,0,0,28
2026-02-28,ST015,MED026,13,13,0,24,0,47
2026-02-28,ST015,MED027,14,14,0,0,24,25
2026-02-28,ST015,MED028,6,6,0,0,0,26
2026-02-28,ST015,MED029,8,8,0,24,0,51
2026-02-28,ST015,MED030,8,8,0,0,12,8
2026-02-28,ST016,MED001,14,14,0,0,0,56
2026-02-28,ST016,MED002,9,9,0,6,6,50
2026-02-28,ST016,MED003,4,4,0,0,0,29
2026-02-28,ST016,MED004,8,8,0,12,0,13
2026-02-28,ST016,MED005,12,12,0,12,24,42
2026-02-28,ST016,MED006,8,8,0,12,12,46
2026-02-28,ST016,MED007,2,2,0,0,0,21
2026-02-28,ST016,MED008,8,8,0,0,12,3
2026-02-28,ST016,MED009,10,10,0,12,12,58
2026-02-28,ST016,MED010,4,4,0,0,12,23
2026-02-28,ST016,MED011,10,10,0,12,6,39
2026-02-28,ST016,MED012,12,12,0,24,12,39
2026-02-28,ST016,MED013,8,8,0,0,0,19
2026-02-28,ST016,MED014,4,4,0,0,0,50
2026-02-28,ST016,MED015,15,15,0,0,24,53
2026-02-28,ST016,MED016,6,6,0,0,0,34
2026-02-28,ST016,MED017,14,14,0,12,24,24
2026-02-28,ST016,MED018,7,7,0,24,0,48
2026-02-28,ST016,MED019,3,3,0,0,0,37
2026-02-28,ST016,MED020,8,8,0,24,0,61
2026-02-28,ST016,MED021,11,11,0,0,6,48
2026-02-28,ST016,MED022,8,8,0,0,12,33
2026-02-28,ST016,MED023,13,13,0,0,12,55
2026-02-28,ST016,MED024,12,12,0,12,12,53
2026-02-28,ST016,MED025,8,8,0,24,0,36
2026-02-28,ST016,MED026,10,10,0,0,0,37
2026-02-28,ST016,MED027,13,13,0,12,12,48
2026-02-28,ST016,MED028,6,6,0,0,0,49
2026-02-28,ST016,MED029,7,7,0,0,0,34
2026-02-28,ST016,MED030,5,5,0,12,6,27
2026-02-28,ST017,MED001,9,9,0,0,0,47
2026-02-28,ST017,MED002,14,14,0,12,18,47
2026-02-28,ST017,MED003,5,5,0,0,0,15
2026-02-28,ST017,MED004,10,10,0,12,12,48
2026-02-28,ST017,MED005,11,11,0,12,12,63
2026-02-28,ST017,MED006,9,9,0,0,0,47
2026-02-28,ST017,MED007,3,3,0,0,0,29
2026-02-28,ST017,MED008,4,4,0,0,12,24
2026-02-28,ST017,MED009,10,10,0,0,0,29
2026-02-28,ST017,MED010,3,3,0,0,0,16
2026-02-28,ST017,MED011,14,14,0,6,12,55
2026-02-28,ST017,MED012,9,9,0,0,0,39
2026-02-28,ST017,MED013,6,6,0,0,0,29
2026-02-28,ST017,MED014,10,10,0,24,24,40
2026-02-28,ST017,MED015,12,12,0,0,0,53
2026-02-28,ST017,MED016,8,8,0,0,0,40
2026-02-28,ST017,MED017,12,12,0,12,0,23
2026-02-28,ST017,MED018,3,3,0,24,0,40
2026-02-28,ST017,MED019,4,4,0,0,0,6
2026-02-28,ST017,MED020,7,7,0,0,0,36
2026-02-28,ST017,MED021,14,14,0,0,12,27
2026-02-28,ST017,MED022,8,8,0,12,6,35
2026-02-28,ST017,MED023,10,10,0,12,12,62
2026-02-28,ST017,MED024,11,11,0,24,12,64
2026-02-28,ST017,MED025,3,3,0,0,12,24
2026-02-28,ST017,MED026,13,13,0,24,0,55
2026-02-28,ST017,MED027,12,12,0,12,12,56
2026-02-28,ST017,MED028,8,8,0,0,0,32
2026-02-28,ST017,MED029,6,6,0,0,0,48
2026-02-28,ST017,MED030,6,6,0,18,0,33
2026-02-28,ST018,MED001,12,12,0,24,24,57
2026-02-28,ST018,MED002,14,14,0,0,12,44
2026-02-28,ST018,MED003,3,3,0,0,0,32
2026-02-28,ST018,MED004,10,10,0,36,12,63
2026-02-28,ST018,MED005,16,16,0,0,12,51
2026-02-28,ST018,MED006,9,9,0,24,0,40
2026-02-28,ST018,MED007,3,3,0,0,0,20
2026-02-28,ST018,MED008,6,6,0,0,12,5
2026-02-28,ST018,MED009,13,13,0,24,0,50
2026-02-28,ST018,MED010,7,7,0,0,12,18
2026-02-28,ST018,MED011,13,13,0,30,12,58
2026-02-28,ST018,MED012,12,12,0,12,12,66
2026-02-28,ST018,MED013,6,6,0,12,0,36
2026-02-28,ST018,MED014,13,13,0,0,24,19
2026-02-28,ST018,MED015,17,17,0,48,24,87
2026-02-28,ST018,MED016,7,7,0,0,0,53
2026-02-28,ST018,MED017,12,12,0,12,12,44
2026-02-28,ST018,MED018,7,7,0,0,0,45
2026-02-28,ST018,MED019,3,3,0,0,0,31
2026-02-28,ST018,MED020,9,9,0,0,0,27
2026-02-28,ST018,MED021,16,16,0,12,18,21
2026-02-28,ST018,MED022,17,17,0,6,18,25
2026-02-28,ST018,MED023,12,12,0,12,0,52
2026-02-28,ST018,MED024,15,15,0,0,12,41
2026-02-28,ST018,MED025,9,9,0,0,0,28
2026-02-28,ST018,MED026,13,13,0,24,24,64
2026-02-28,ST018,MED027,12,12,0,24,12,54
2026-02-28,ST018,MED028,6,6,0,0,0,33
2026-02-28,ST018,MED029,15,15,0,48,0,36
2026-02-28,ST018,MED030,2,2,0,0,0,22
2026-02-28,ST019,MED001,17,17,0,72,24,93
2026-02-28,ST019,MED002,16,16,0,0,12,37
2026-02-28,ST019,MED003,3,3,0,0,0,28
2026-02-28,ST019,MED004,10,10,0,12,0,43
2026-02-28,ST019,MED005,16,16,0,0,0,49
2026-02-28,ST019,MED006,16,16,0,0,12,27
2026-02-28,ST019,MED007,0,0,0,0,0,25
2026-02-28,ST019,MED008,1,1,0,0,12,20
2026-02-28,ST019,MED009,12,12,0,12,0,23
2026-02-28,ST019,MED010,8,8,0,0,12,14
2026-02-28,ST019,MED011,15,15,0,6,18,46
2026-02-28,ST019,MED012,16,16,0,0,24,43
2026-02-28,ST019,MED013,9,9,0,24,12,35
2026-02-28,ST019,MED014,8,8,0,0,24,36
2026-02-28,ST019,MED015,14,14,0,24,0,43
2026-02-28,ST019,MED016,9,9,0,0,24,35
2026-02-28,ST019,MED017,13,13,0,12,12,55
2026-02-28,ST019,MED018,8,8,0,0,0,38
2026-02-28,ST019,MED019,5,5,0,0,0,39
2026-02-28,ST019,MED020,11,11,0,0,24,31
2026-02-28,ST019,MED021,16,16,0,18,18,44
2026-02-28,ST019,MED022,12,12,0,0,12,37
2026-02-28,ST019,MED023,15,15,0,24,12,55
2026-02-28,ST019,MED024,18,18,0,0,12,45
2026-02-28,ST019,MED025,5,5,0,12,0,45
2026-02-28,ST019,MED026,15,15,0,0,0,72
2026-02-28,ST019,MED027,16,16,0,24,12,45
2026-02-28,ST019,MED028,11,11,0,0,24,45
2026-02-28,ST019,MED029,13,13,0,0,0,22
2026-02-28,ST019,MED030,5,5,0,0,6,13
2026-02-28,ST020,MED001,16,16,0,0,24,54
2026-02-28,ST020,MED002,16,16,0,24,12,64
2026-02-28,ST020,MED003,8,8,0,0,0,11
2026-02-28,ST020,MED004,9,9,0,12,12,48
2026-02-28,ST020,MED005,18,18,0,12,12,69
2026-02-28,ST020,MED006,13,13,0,36,12,59
2026-02-28,ST020,MED007,11,11,0,0,0,13
2026-02-28,ST020,MED008,4,4,0,0,12,4
2026-02-28,ST020,MED009,10,10,0,0,0,49
2026-02-28,ST020,MED010,10,10,0,0,12,17
2026-02-28,ST020,MED011,16,16,0,18,18,68
2026-02-28,ST020,MED012,14,14,0,0,12,25
2026-02-28,ST020,MED013,10,10,0,24,12,52
2026-02-28,ST020,MED014,9,9,0,24,0,44
2026-02-28,ST020,MED015,14,14,0,24,24,86
2026-02-28,ST020,MED016,10,10,0,0,0,55
2026-02-28,ST020,MED017,18,18,0,24,12,70
2026-02-28,ST020,MED018,6,6,0,0,0,44
2026-02-28,ST020,MED019,3,3,0,24,0,45
2026-02-28,ST020,MED020,14,14,0,24,24,59
2026-02-28,ST020,MED021,18,18,0,36,18,61
2026-02-28,ST020,MED022,9,9,0,6,12,46
2026-02-28,ST020,MED023,18,18,0,0,24,44
2026-02-28,ST020,MED024,14,14,0,0,12,46
2026-02-28,ST020,MED025,10,10,0,0,12,17
2026-02-28,ST020,MED026,18,18,0,24,24,89
2026-02-28,ST020,MED027,20,20,0,24,24,59
2026-02-28,ST020,MED028,12,12,0,48,0,40
2026-02-28,ST020,MED029,17,17,0,24,0,69
2026-02-28,ST020,MED030,8,8,0,6,6,31
2026-02-28,ST021,MED001,10,10,0,0,0,27
2026-02-28,ST021,MED002,9,9,0,12,6,38
2026-02-28,ST021,MED003,5,5,0,0,24,15
2026-02-28,ST021,MED004,9,9,0,0,12,14
2026-02-28,ST021,MED005,8,8,0,24,12,43
2026-02-28,ST021,MED006,7,7,0,0,0,50
2026-02-28,ST021,MED007,2,2,0,0,0,20
2026-02-28,ST021,MED008,4,4,0,0,12,18
2026-02-28,ST021,MED009,10,10,0,12,12,46
2026-02-28,ST021,MED010,7,7,0,0,12,13
2026-02-28,ST021,MED011,9,9,0,12,12,41
2026-02-28,ST021,MED012,8,8,0,0,12,37
2026-02-28,ST021,MED013,3,3,0,12,0,30
2026-02-28,ST021,MED014,6,6,0,24,0,31
2026-02-28,ST021,MED015,11,11,0,24,0,47
2026-02-28,ST021,MED016,5,5,0,0,0,34
2026-02-28,ST021,MED017,10,10,0,12,12,39
2026-02-28,ST021,MED018,7,7,0,24,0,46
2026-02-28,ST021,MED019,4,4,0,0,0,10
2026-02-28,ST021,MED020,4,4,0,24,0,49
2026-02-28,ST021,MED021,8,8,0,24,6,37
2026-02-28,ST021,MED022,7,7,0,6,6,18
2026-02-28,ST021,MED023,12,12,0,24,12,37
2026-02-28,ST021,MED024,9,9,0,0,12,29
2026-02-28,ST021,MED025,4,4,0,0,0,19
2026-02-28,ST021,MED026,7,7,0,24,0,53
2026-02-28,ST021,MED027,16,16,0,24,24,21
2026-02-28,ST021,MED028,6,6,0,0,0,37
2026-02-28,ST021,MED029,8,8,0,0,24,25
2026-02-28,ST021,MED030,3,3,0,6,6,21
2026-02-28,ST022,MED001,10,10,0,0,24,40
2026-02-28,ST022,MED002,8,8,0,12,12,41
2026-02-28,ST022,MED003,0,0,0,0,0,29
2026-02-28,ST022,MED004,7,7,0,0,12,31
2026-02-28,ST022,MED005,12,12,0,12,12,52
2026-02-28,ST022,MED006,10,10,0,36,12,35
2026-02-28,ST022,MED007,3,3,0,0,0,30
2026-02-28,ST022,MED008,4,4,0,0,12,21
2026-02-28,ST022,MED009,11,11,0,12,0,42
2026-02-28,ST022,MED010,7,7,0,0,0,23
2026-02-28,ST022,MED011,10,10,0,0,6,34
2026-02-28,ST022,MED012,7,7,0,12,12,40
2026-02-28,ST022,MED013,7,7,0,12,0,33
2026-02-28,ST022,MED014,3,3,0,0,0,44
2026-02-28,ST022,MED015,9,9,0,0,0,35
2026-02-28,ST022,MED016,7,7,0,0,24,20
2026-02-28,ST022,MED017,21,21,0,12,36,35
2026-02-28,ST022,MED018,6,6,0,0,0,22
2026-02-28,ST022,MED019,1,1,0,24,0,39
2026-02-28,ST022,MED020,7,7,0,0,24,44
2026-02-28,ST022,MED021,9,9,0,0,6,41
2026-02-28,ST022,MED022,8,8,0,6,12,26
2026-02-28,ST022,MED023,10,10,0,0,12,28
2026-02-28,ST022,MED024,9,9,0,12,0,53
2026-02-28,ST022,MED025,9,9,0,0,12,14
2026-02-28,ST022,MED026,13,13,0,0,24,41
2026-02-28,ST022,MED027,10,10,0,0,0,36
2026-02-28,ST022,MED028,5,5,0,24,0,43
2026-02-28,ST022,MED029,15,15,0,0,24,22
2026-02-28,ST022,MED030,3,3,0,0,0,7
2026-02-28,ST023,MED001,12,12,0,0,0,63
2026-02-28,ST023,MED002,12,12,0,6,12,55
2026-02-28,ST023,MED003,3,3,0,0,0,25
2026-02-28,ST023,MED004,7,7,0,0,12,44
2026-02-28,ST023,MED005,13,13,0,12,12,25
2026-02-28,ST023,MED006,8,8,0,12,0,40
2026-02-28,ST023,MED007,3,3,0,0,0,23
2026-02-28,ST023,MED008,2,2,0,0,0,23
2026-02-28,ST023,MED009,12,12,0,0,12,53
2026-02-28,ST023,MED010,7,7,0,0,12,22
2026-02-28,ST023,MED011,10,10,0,12,6,28
2026-02-28,ST023,MED012,15,15,0,0,24,29
2026-02-28,ST023,MED013,9,9,0,0,12,27
2026-02-28,ST023,MED014,7,7,0,24,0,62
2026-02-28,ST023,MED015,15,15,0,0,0,37
2026-02-28,ST023,MED016,6,6,0,0,24,42
2026-02-28,ST023,MED017,13,13,0,12,12,44
2026-02-28,ST023,MED018,9,9,0,24,0,34
2026-02-28,ST023,MED019,5,5,0,0,0,37
2026-02-28,ST023,MED020,6,6,0,24,24,42
2026-02-28,ST023,MED021,12,12,0,12,12,31
2026-02-28,ST023,MED022,8,8,0,18,6,42
2026-02-28,ST023,MED023,12,12,0,12,12,64
2026-02-28,ST023,MED024,15,15,0,12,12,56
2026-02-28,ST023,MED025,5,5,0,12,0,36
2026-02-28,ST023,MED026,13,13,0,24,0,76
2026-02-28,ST023,MED027,12,12,0,0,12,33
2026-02-28,ST023,MED028,6,6,0,0,24,20
2026-02-28,ST023,MED029,9,9,0,0,0,45
2026-02-28,ST023,MED030,8,8,0,0,6,14
2026-02-28,ST024,MED001,16,16,0,24,24,58
2026-02-28,ST024,MED002,15,15,0,18,12,53
2026-02-28,ST024,MED003,3,3,0,24,0,40
2026-02-28,ST024,MED004,10,10,0,12,12,50
2026-02-28,ST024,MED005,14,14,0,12,12,42
2026-02-28,ST024,MED006,14,14,0,0,12,27
2026-02-28,ST024,MED007,3,3,0,0,0,26
2026-02-28,ST024,MED008,6,6,0,12,0,26
2026-02-28,ST024,MED009,11,11,0,0,12,47
2026-02-28,ST024,MED010,8,8,0,12,12,31
2026-02-28,ST024,MED011,13,13,0,0,12,37
2026-02-28,ST024,MED012,10,10,0,12,12,38
2026-02-28,ST024,MED013,5,5,0,12,12,49
2026-02-28,ST024,MED014,8,8,0,0,24,18
2026-02-28,ST024,MED015,13,13,0,24,24,46
2026-02-28,ST024,MED016,8,8,0,24,24,48
2026-02-28,ST024,MED017,14,14,0,12,24,53
2026-02-28,ST024,MED018,9,9,0,0,24,40
2026-02-28,ST024,MED019,5,5,0,24,0,30
2026-02-28,ST024,MED020,9,9,0,0,0,49
2026-02-28,ST024,MED021,14,14,0,30,18,45
2026-02-28,ST024,MED022,9,9,0,12,12,38
2026-02-28,ST024,MED023,9,9,0,0,0,47
2026-02-28,ST024,MED024,15,15,0,12,12,35
2026-02-28,ST024,MED025,9,9,0,24,12,35
2026-02-28,ST024,MED026,11,11,0,0,24,48
2026-02-28,ST024,MED027,10,10,0,0,12,43
2026-02-28,ST024,MED028,7,7,0,0,0,35
2026-02-28,ST024,MED029,9,9,0,24,24,73
2026-02-28,ST024,MED030,5,5,0,0,6,22
2026-02-28,ST025,MED001,9,9,0,24,0,55
2026-02-28,ST025,MED002,19,19,0,0,18,41
2026-02-28,ST025,MED003,4,4,0,0,0,9
2026-02-28,ST025,MED004,10,10,0,0,12,37
2026-02-28,ST025,MED005,12,12,0,12,0,45
2026-02-28,ST025,MED006,9,9,0,24,12,44
2026-02-28,ST025,MED007,1,1,0,0,0,26
2026-02-28,ST025,MED008,6,6,0,0,0,21
2026-02-28,ST025,MED009,9,9,0,0,12,22
2026-02-28,ST025,MED010,8,8,0,0,12,14
2026-02-28,ST025,MED011,15,15,0,0,18,40
2026-02-28,ST025,MED012,12,12,0,24,12,36
2026-02-28,ST025,MED013,8,8,0,0,12,23
2026-02-28,ST025,MED014,8,8,0,0,0,25
2026-02-28,ST025,MED015,11,11,0,48,24,68
2026-02-28,ST025,MED016,11,11,0,48,24,39
2026-02-28,ST025,MED017,15,15,0,12,12,59
2026-02-28,ST025,MED018,8,8,0,0,24,43
2026-02-28,ST025,MED019,2,2,0,24,0,50
2026-02-28,ST025,MED020,9,9,0,0,0,16
2026-02-28,ST025,MED021,10,10,0,42,12,68
2026-02-28,ST025,MED022,8,8,0,6,0,52
2026-02-28,ST025,MED023,15,15,0,12,12,44
2026-02-28,ST025,MED024,15,15,0,12,12,44
2026-02-28,ST025,MED025,9,9,0,12,12,27
2026-02-28,ST025,MED026,14,14,0,24,24,55
2026-02-28,ST025,MED027,13,13,0,0,12,22
2026-02-28,ST025,MED028,8,8,0,0,0,27
2026-02-28,ST025,MED029,12,12,0,24,24,45
2026-02-28,ST025,MED030,4,4,0,30,6,34
2026-02-28,ST026,MED001,17,17,0,0,0,33
2026-02-28,ST026,MED002,10,10,0,0,12,51
2026-02-28,ST026,MED003,7,7,0,0,0,33
2026-02-28,ST026,MED004,11,11,0,0,12,31
2026-02-28,ST026,MED005,15,15,0,0,12,29
2026-02-28,ST026,MED006,11,11,0,0,12,51
2026-02-28,ST026,MED007,2,2,0,0,0,13
2026-02-28,ST026,MED008,6,6,0,12,12,33
2026-02-28,ST026,MED009,14,14,0,12,12,35
2026-02-28,ST026,MED010,5,5,0,12,0,30
2026-02-28,ST026,MED011,17,17,0,0,18,41
2026-02-28,ST026,MED012,10,10,0,0,0,37
2026-02-28,ST026,MED013,10,10,0,24,12,57
2026-02-28,ST026,MED014,10,10,0,0,0,28
2026-02-28,ST026,MED015,18,18,0,48,0,66
2026-02-28,ST026,MED016,9,9,0,24,24,41
2026-02-28,ST026,MED017,18,18,0,36,12,66
2026-02-28,ST026,MED018,8,8,0,0,0,42
2026-02-28,ST026,MED019,5,5,0,0,0,26
2026-02-28,ST026,MED020,8,8,0,24,0,51
2026-02-28,ST026,MED021,13,13,0,12,12,44
2026-02-28,ST026,MED022,9,9,0,12,12,39
2026-02-28,ST026,MED023,18,18,0,0,24,13
2026-02-28,ST026,MED024,17,17,0,0,12,47
2026-02-28,ST026,MED025,6,6,0,12,0,46
2026-02-28,ST026,MED026,17,17,0,48,24,88
2026-02-28,ST026,MED027,16,16,0,48,12,46
2026-02-28,ST026,MED028,9,9,0,0,24,31
2026-02-28,ST026,MED029,12,12,0,0,0,46
2026-02-28,ST026,MED030,3,3,0,30,0,42
2026-02-28,ST027,MED001,11,11,0,24,0,70
2026-02-28,ST027,MED002,13,13,0,48,12,61
2026-02-28,ST027,MED003,3,3,0,0,0,18
2026-02-28,ST027,MED004,23,23,0,12,36,25
2026-02-28,ST027,MED005,20,20,0,0,12,49
2026-02-28,ST027,MED006,15,15,0,48,12,87
2026-02-28,ST027,MED007,1,1,0,0,0,32
2026-02-28,ST027,MED008,4,4,0,0,0,23
2026-02-28,ST027,MED009,10,10,0,24,12,66
2026-02-28,ST027,MED010,4,4,0,0,0,19
2026-02-28,ST027,MED011,17,17,0,0,18,18
2026-02-28,ST027,MED012,14,14,0,36,12,69
2026-02-28,ST027,MED013,10,10,0,48,12,53
2026-02-28,ST027,MED014,15,15,0,24,24,39
2026-02-28,ST027,MED015,19,19,0,0,24,49
2026-02-28,ST027,MED016,12,12,0,24,0,65
2026-02-28,ST027,MED017,15,15,0,0,24,53
2026-02-28,ST027,MED018,6,6,0,24,0,45
2026-02-28,ST027,MED019,3,3,0,0,0,38
2026-02-28,ST027,MED020,10,10,0,0,24,65
2026-02-28,ST027,MED021,15,15,0,30,12,65
2026-02-28,ST027,MED022,11,11,0,12,6,39
2026-02-28,ST027,MED023,12,12,0,24,12,85
2026-02-28,ST027,MED024,21,21,0,0,24,61
2026-02-28,ST027,MED025,7,7,0,12,0,43
2026-02-28,ST027,MED026,18,18,0,24,24,48
2026-02-28,ST027,MED027,17,17,0,0,24,46
2026-02-28,ST027,MED028,12,12,0,0,24,45
2026-02-28,ST027,MED029,9,9,0,0,0,34
2026-02-28,ST027,MED030,4,4,0,6,0,42
2026-02-28,ST028,MED001,7,7,0,0,24,70
2026-02-28,ST028,MED002,11,11,0,24,12,45
2026-02-28,ST028,MED003,2,2,0,0,0,12
2026-02-28,ST028,MED004,11,11,0,0,12,34
2026-02-28,ST028,MED005,10,10,0,12,12,54
2026-02-28,ST028,MED006,10,10,0,0,12,26
2026-02-28,ST028,MED007,1,1,0,0,0,24
2026-02-28,ST028,MED008,2,2,0,12,0,25
2026-02-28,ST028,MED009,11,11,0,12,12,25
2026-02-28,ST028,MED010,6,6,0,0,0,16
2026-02-28,ST028,MED011,20,20,0,0,24,15
2026-02-28,ST028,MED012,8,8,0,0,12,32
2026-02-28,ST028,MED013,9,9,0,0,12,19
2026-02-28,ST028,MED014,6,6,0,0,0,34
2026-02-28,ST028,MED015,12,12,0,0,0,27
2026-02-28,ST028,MED016,6,6,0,0,0,40
2026-02-28,ST028,MED017,9,9,0,24,0,51
2026-02-28,ST028,MED018,4,4,0,0,0,38
2026-02-28,ST028,MED019,0,0,0,0,0,34
2026-02-28,ST028,MED020,9,9,0,0,24,14
2026-02-28,ST028,MED021,9,9,0,0,6,19
2026-02-28,ST028,MED022,7,7,0,6,12,7
2026-02-28,ST028,MED023,9,9,0,12,12,40
2026-02-28,ST028,MED024,11,11,0,0,12,23
2026-02-28,ST028,MED025,6,6,0,0,0,34
2026-02-28,ST028,MED026,13,13,0,24,0,49
2026-02-28,ST028,MED027,8,8,0,0,12,49
2026-02-28,ST028,MED028,5,5,0,0,0,53
2026-02-28,ST028,MED029,11,11,0,0,0,4
2026-02-28,ST028,MED030,4,4,0,0,6,20
2026-02-28,ST029,MED001,9,9,0,0,0,39
2026-02-28,ST029,MED002,12,12,0,0,12,21
2026-02-28,ST029,MED003,3,3,0,0,0,15
2026-02-28,ST029,MED004,10,10,0,0,12,33
2026-02-28,ST029,MED005,10,10,0,0,12,52
2026-02-28,ST029,MED006,8,8,0,0,12,35
2026-02-28,ST029,MED007,6,6,0,0,0,12
2026-02-28,ST029,MED008,1,1,0,0,0,22
2026-02-28,ST029,MED009,9,9,0,0,12,42
2026-02-28,ST029,MED010,5,5,0,12,0,29
2026-02-28,ST029,MED011,11,11,0,0,12,30
2026-02-28,ST029,MED012,12,12,0,12,24,21
2026-02-28,ST029,MED013,7,7,0,0,0,9
2026-02-28,ST029,MED014,3,3,0,0,0,35
2026-02-28,ST029,MED015,11,11,0,0,0,59
2026-02-28,ST029,MED016,7,7,0,0,0,10
2026-02-28,ST029,MED017,4,4,0,0,0,14
2026-02-28,ST029,MED018,8,8,0,0,0,36
2026-02-28,ST029,MED019,0,0,0,0,0,19
2026-02-28,ST029,MED020,7,7,0,0,0,9
2026-02-28,ST029,MED021,9,9,0,0,12,22
2026-02-28,ST029,MED022,1,1,0,0,0,43
2026-02-28,ST029,MED023,10,10,0,0,12,20
2026-02-28,ST029,MED024,10,10,0,12,0,56
2026-02-28,ST029,MED025,6,6,0,12,0,31
2026-02-28,ST029,MED026,9,9,0,0,0,54
2026-02-28,ST029,MED027,14,14,0,24,12,54
2026-02-28,ST029,MED028,8,8,0,0,0,22
2026-02-28,ST029,MED029,9,9,0,0,0,36
2026-02-28,ST029,MED030,5,5,0,0,6,20
2026-02-28,ST030,MED001,11,11,0,24,0,45
2026-02-28,ST030,MED002,10,10,0,6,12,42
2026-02-28,ST030,MED003,4,4,0,0,0,27
2026-02-28,ST030,MED004,10,10,0,0,24,18
2026-02-28,ST030,MED005,15,15,0,0,24,46
2026-02-28,ST030,MED006,13,13,0,12,12,38
2026-02-28,ST030,MED007,5,5,0,0,0,14
2026-02-28,ST030,MED008,5,5,0,12,0,22
2026-02-28,ST030,MED009,9,9,0,12,12,52
2026-02-28,ST030,MED010,7,7,0,24,12,26
2026-02-28,ST030,MED011,12,12,0,12,12,40
2026-02-28,ST030,MED012,11,11,0,24,0,42
2026-02-28,ST030,MED013,8,8,0,12,12,19
2026-02-28,ST030,MED014,6,6,0,0,24,29
2026-02-28,ST030,MED015,22,22,0,0,24,52
2026-02-28,ST030,MED016,8,8,0,0,0,34
2026-02-28,ST030,MED017,11,11,0,12,12,45
2026-02-28,ST030,MED018,6,6,0,0,0,23
2026-02-28,ST030,MED019,6,6,0,0,0,14
2026-02-28,ST030,MED020,8,8,0,0,24,46
2026-02-28,ST030,MED021,8,8,0,0,6,45
2026-02-28,ST030,MED022,6,6,0,0,6,30
2026-02-28,ST030,MED023,11,11,0,12,12,52
2026-02-28,ST030,MED024,9,9,0,24,12,52
2026-02-28,ST030,MED025,4,4,0,12,0,15
2026-02-28,ST030,MED026,15,15,0,0,24,24
2026-02-28,ST030,MED027,12,12,0,0,12,46
2026-02-28,ST030,MED028,1,1,0,0,0,38
2026-02-28,ST030,MED029,9,9,0,0,24,37
2026-02-28,ST030,MED030,6,6,0,6,12,17
2026-02-28,ST031,MED001,15,15,0,24,24,57
2026-02-28,ST031,MED002,15,15,0,12,18,37
2026-02-28,ST031,MED003,3,3,0,0,0,33
2026-02-28,ST031,MED004,10,10,0,0,12,39
2026-02-28,ST031,MED005,13,13,0,12,12,46
2026-02-28,ST031,MED006,7,7,0,0,0,27
2026-02-28,ST031,MED007,1,1,0,0,0,19
2026-02-28,ST031,MED008,2,2,0,12,0,22
2026-02-28,ST031,MED009,16,16,0,0,24,53
2026-02-28,ST031,MED010,4,4,0,0,0,6
2026-02-28,ST031,MED011,12,12,0,6,12,48
2026-02-28,ST031,MED012,13,13,0,12,12,32
2026-02-28,ST031,MED013,11,11,0,0,12,30
2026-02-28,ST031,MED014,8,8,0,0,0,27
2026-02-28,ST031,MED015,16,16,0,0,24,39
2026-02-28,ST031,MED016,11,11,0,0,24,43
2026-02-28,ST031,MED017,20,20,0,12,24,33
2026-02-28,ST031,MED018,9,9,0,0,0,33
2026-02-28,ST031,MED019,2,2,0,0,0,29
2026-02-28,ST031,MED020,8,8,0,0,0,55
2026-02-28,ST031,MED021,9,9,0,0,6,33
2026-02-28,ST031,MED022,12,12,0,6,18,28
2026-02-28,ST031,MED023,12,12,0,24,0,55
2026-02-28,ST031,MED024,13,13,0,0,12,44
2026-02-28,ST031,MED025,6,6,0,0,12,30
2026-02-28,ST031,MED026,13,13,0,0,0,53
2026-02-28,ST031,MED027,12,12,0,12,12,56
2026-02-28,ST031,MED028,6,6,0,0,0,44
2026-02-28,ST031,MED029,12,12,0,0,24,39
2026-02-28,ST031,MED030,4,4,0,0,6,19
2026-02-28,ST032,MED001,14,14,0,48,0,82
2026-02-28,ST032,MED002,14,14,0,0,18,39
2026-02-28,ST032,MED003,1,1,0,0,0,30
2026-02-28,ST032,MED004,9,9,0,0,12,46
2026-02-28,ST032,MED005,13,13,0,24,12,89
2026-02-28,ST032,MED006,12,12,0,36,12,60
2026-02-28,ST032,MED007,7,7,0,0,24,33
2026-02-28,ST032,MED008,2,2,0,12,0,18
2026-02-28,ST032,MED009,7,7,0,0,0,34
2026-02-28,ST032,MED010,6,6,0,0,12,12
2026-02-28,ST032,MED011,13,13,0,18,12,30
2026-02-28,ST032,MED012,12,12,0,24,12,34
2026-02-28,ST032,MED013,8,8,0,12,0,41
2026-02-28,ST032,MED014,4,4,0,0,0,46
2026-02-28,ST032,MED015,17,17,0,0,0,29
2026-02-28,ST032,MED016,7,7,0,0,0,35
2026-02-28,ST032,MED017,13,13,0,12,12,58
2026-02-28,ST032,MED018,5,5,0,0,0,31
2026-02-28,ST032,MED019,6,6,0,0,0,11
2026-02-28,ST032,MED020,10,10,0,0,0,42
2026-02-28,ST032,MED021,9,9,0,0,6,51
2026-02-28,ST032,MED022,7,7,0,48,6,49
2026-02-28,ST032,MED023,15,15,0,24,12,54
2026-02-28,ST032,MED024,10,10,0,12,0,60
2026-02-28,ST032,MED025,5,5,0,0,0,48
2026-02-28,ST032,MED026,13,13,0,0,24,56
2026-02-28,ST032,MED027,14,14,0,12,12,49
2026-02-28,ST032,MED028,8,8,0,0,24,37
2026-02-28,ST032,MED029,10,10,0,0,0,58
2026-02-28,ST032,MED030,8,8,0,0,12,22
2026-02-28,ST033,MED001,17,17,0,24,24,73
2026-02-28,ST033,MED002,18,18,0,0,18,22
2026-02-28,ST033,MED003,2,2,0,0,0,35
2026-02-28,ST033,MED004,10,10,0,0,12,38
2026-02-28,ST033,MED005,14,14,0,0,12,37
2026-02-28,ST033,MED006,12,12,0,0,12,21
2026-02-28,ST033,MED007,5,5,0,0,0,1
2026-02-28,ST033,MED008,1,1,0,0,0,21
2026-02-28,ST033,MED009,15,15,0,36,12,58
2026-02-28,ST033,MED010,5,5,0,0,0,31
2026-02-28,ST033,MED011,13,13,0,30,12,65
2026-02-28,ST033,MED012,12,12,0,36,12,71
2026-02-28,ST033,MED013,12,12,0,24,12,27
2026-02-28,ST033,MED014,6,6,0,24,0,45
2026-02-28,ST033,MED015,14,14,0,48,0,57
2026-02-28,ST033,MED016,10,10,0,24,0,43
2026-02-28,ST033,MED017,13,13,0,24,12,40
2026-02-28,ST033,MED018,6,6,0,0,0,45
2026-02-28,ST033,MED019,8,8,0,0,24,26
2026-02-28,ST033,MED020,7,7,0,0,0,40
2026-02-28,ST033,MED021,13,13,0,18,12,33
2026-02-28,ST033,MED022,7,7,0,6,0,27
2026-02-28,ST033,MED023,14,14,0,12,12,63
2026-02-28,ST033,MED024,16,16,0,24,12,67
2026-02-28,ST033,MED025,8,8,0,12,12,19
2026-02-28,ST033,MED026,16,16,0,48,24,82
2026-02-28,ST033,MED027,12,12,0,0,12,48
2026-02-28,ST033,MED028,8,8,0,24,0,44
2026-02-28,ST033,MED029,12,12,0,24,0,54
2026-02-28,ST033,MED030,6,6,0,0,12,22
2026-02-28,ST034,MED001,15,15,0,24,24,72
2026-02-28,ST034,MED002,17,17,0,0,12,56
2026-02-28,ST034,MED003,1,1,0,0,0,37
2026-02-28,ST034,MED004,16,16,0,24,24,39
2026-02-28,ST034,MED005,18,18,0,12,12,53
2026-02-28,ST034,MED006,15,15,0,0,12,33
2026-02-28,ST034,MED007,5,5,0,0,24,27
2026-02-28,ST034,MED008,3,3,0,0,0,16
2026-02-28,ST034,MED009,16,16,0,0,12,58
2026-02-28,ST034,MED010,7,7,0,0,0,26
2026-02-28,ST034,MED011,15,15,0,0,18,48
2026-02-28,ST034,MED012,22,22,0,24,24,45
2026-02-28,ST034,MED013,9,9,0,0,12,31
2026-02-28,ST034,MED014,7,7,0,0,24,21
2026-02-28,ST034,MED015,21,21,0,0,0,41
2026-02-28,ST034,MED016,10,10,0,0,0,31
2026-02-28,ST034,MED017,17,17,0,24,12,53
2026-02-28,ST034,MED018,12,12,0,0,24,24
2026-02-28,ST034,MED019,3,3,0,0,0,20
2026-02-28,ST034,MED020,8,8,0,0,0,42
2026-02-28,ST034,MED021,15,15,0,18,12,66
2026-02-28,ST034,MED022,8,8,0,24,6,35
2026-02-28,ST034,MED023,15,15,0,0,12,65
2026-02-28,ST034,MED024,15,15,0,48,12,78
2026-02-28,ST034,MED025,9,9,0,0,12,45
2026-02-28,ST034,MED026,15,15,0,0,0,40
2026-02-28,ST034,MED027,18,18,0,12,12,57
2026-02-28,ST034,MED028,12,12,0,0,24,48
2026-02-28,ST034,MED029,11,11,0,24,0,50
2026-02-28,ST034,MED030,8,8,0,6,12,21
2026-02-28,ST035,MED001,8,8,0,0,0,50
2026-02-28,ST035,MED002,20,20,0,0,24,4
2026-02-28,ST035,MED003,2,2,0,0,0,22
2026-02-28,ST035,MED004,8,8,0,0,0,28
2026-02-28,ST035,MED005,9,9,0,0,12,42
2026-02-28,ST035,MED006,13,13,0,12,12,37
2026-02-28,ST035,MED007,2,2,0,0,0,19
2026-02-28,ST035,MED008,4,4,0,12,0,33
2026-02-28,ST035,MED009,14,14,0,0,24,31
2026-02-28,ST035,MED010,2,2,0,12,12,24
2026-02-28,ST035,MED011,9,9,0,30,6,46
2026-02-28,ST035,MED012,5,5,0,24,0,50
2026-02-28,ST035,MED013,5,5,0,12,12,31
2026-02-28,ST035,MED014,0,0,0,0,0,36
2026-02-28,ST035,MED015,11,11,0,0,24,11
2026-02-28,ST035,MED016,6,6,0,0,0,32
2026-02-28,ST035,MED017,9,9,0,0,12,26
2026-02-28,ST035,MED018,5,5,0,0,0,20
2026-02-28,ST035,MED019,3,3,0,0,0,27
2026-02-28,ST035,MED020,6,6,0,0,0,30
2026-02-28,ST035,MED021,15,15,0,12,18,44
2026-02-28,ST035,MED022,3,3,0,12,6,21
2026-02-28,ST035,MED023,5,5,0,12,0,52
2026-02-28,ST035,MED024,18,18,0,0,24,16
2026-02-28,ST035,MED025,5,5,0,0,0,20
2026-02-28,ST035,MED026,9,9,0,0,0,44
2026-02-28,ST035,MED027,12,12,0,0,12,27
2026-02-28,ST035,MED028,8,8,0,0,0,11
2026-02-28,ST035,MED029,8,8,0,0,0,43
2026-02-28,ST035,MED030,6,6,0,18,12,24
2026-02-28,ST036,MED001,14,14,0,0,24,35
2026-02-28,ST036,MED002,10,10,0,12,12,46
2026-02-28,ST036,MED003,2,2,0,0,0,4
2026-02-28,ST036,MED004,6,6,0,0,0,27
2026-02-28,ST036,MED005,9,9,0,0,12,27
2026-02-28,ST036,MED006,10,10,0,12,12,40
2026-02-28,ST036,MED007,0,0,0,0,0,22
2026-02-28,ST036,MED008,4,4,0,0,0,9
2026-02-28,ST036,MED009,17,17,0,0,24,27
2026-02-28,ST036,MED010,5,5,0,0,0,23
2026-02-28,ST036,MED011,10,10,0,0,6,29
2026-02-28,ST036,MED012,7,7,0,12,0,34
2026-02-28,ST036,MED013,10,10,0,0,12,18
2026-02-28,ST036,MED014,5,5,0,0,0,25
2026-02-28,ST036,MED015,10,10,0,0,0,55
2026-02-28,ST036,MED016,9,9,0,0,24,21
2026-02-28,ST036,MED017,12,12,0,0,24,49
2026-02-28,ST036,MED018,6,6,0,24,24,34
2026-02-28,ST036,MED019,5,5,0,0,24,19
2026-02-28,ST036,MED020,7,7,0,24,0,34
2026-02-28,ST036,MED021,8,8,0,0,6,26
2026-02-28,ST036,MED022,6,6,0,0,6,33
2026-02-28,ST036,MED023,10,10,0,60,12,64
2026-02-28,ST036,MED024,10,10,0,0,12,57
2026-02-28,ST036,MED025,7,7,0,0,0,13
2026-02-28,ST036,MED026,11,11,0,24,24,45
2026-02-28,ST036,MED027,13,13,0,36,12,41
2026-02-28,ST036,MED028,9,9,0,0,0,3
2026-02-28,ST036,MED029,11,11,0,0,24,29
2026-02-28,ST036,MED030,8,8,0,0,6,29
2026-02-28,ST037,MED001,12,12,0,24,0,53
2026-02-28,ST037,MED002,12,12,0,18,12,49
2026-02-28,ST037,MED003,6,6,0,0,24,19
2026-02-28,ST037,MED004,11,11,0,0,12,25
2026-02-28,ST037,MED005,11,11,0,12,12,42
2026-02-28,ST037,MED006,11,11,0,0,12,33
2026-02-28,ST037,MED007,2,2,0,0,0,43
2026-02-28,ST037,MED008,3,3,0,0,12,18
2026-02-28,ST037,MED009,8,8,0,0,12,37
2026-02-28,ST037,MED010,6,6,0,0,0,23
2026-02-28,ST037,MED011,13,13,0,0,12,44
2026-02-28,ST037,MED012,14,14,0,0,12,24
2026-02-28,ST037,MED013,9,9,0,12,12,39
2026-02-28,ST037,MED014,6,6,0,24,0,40
2026-02-28,ST037,MED015,15,15,0,0,24,2
2026-02-28,ST037,MED016,8,8,0,0,0,50
2026-02-28,ST037,MED017,12,12,0,12,12,33
2026-02-28,ST037,MED018,10,10,0,0,24,38
2026-02-28,ST037,MED019,3,3,0,0,0,8
2026-02-28,ST037,MED020,8,8,0,0,24,49
2026-02-28,ST037,MED021,11,11,0,12,12,43
2026-02-28,ST037,MED022,7,7,0,0,6,28
2026-02-28,ST037,MED023,13,13,0,12,12,39
2026-02-28,ST037,MED024,13,13,0,0,12,59
2026-02-28,ST037,MED025,3,3,0,0,0,18
2026-02-28,ST037,MED026,10,10,0,24,0,60
2026-02-28,ST037,MED027,14,14,0,0,12,6
2026-02-28,ST037,MED028,6,6,0,0,24,18
2026-02-28,ST037,MED029,10,10,0,24,24,32
2026-02-28,ST037,MED030,4,4,0,6,6,18
2026-02-28,ST038,MED001,7,7,0,0,0,38
2026-02-28,ST038,MED002,10,10,0,0,6,44
2026-02-28,ST038,MED003,0,0,0,0,0,18
2026-02-28,ST038,MED004,12,12,0,0,12,35
2026-02-28,ST038,MED005,14,14,0,12,12,67
2026-02-28,ST038,MED006,12,12,0,0,12,35
2026-02-28,ST038,MED007,3,3,0,0,0,8
2026-02-28,ST038,MED008,8,8,0,0,12,17
2026-02-28,ST038,MED009,11,11,0,12,12,44
2026-02-28,ST038,MED010,4,4,0,12,0,19
2026-02-28,ST038,MED011,9,9,0,0,6,25
2026-02-28,ST038,MED012,9,9,0,0,0,46
2026-02-28,ST038,MED013,12,12,0,12,12,14
2026-02-28,ST038,MED014,5,5,0,0,24,42
2026-02-28,ST038,MED015,9,9,0,24,0,43
2026-02-28,ST038,MED016,9,9,0,48,24,60
2026-02-28,ST038,MED017,12,12,0,12,24,42
2026-02-28,ST038,MED018,8,8,0,24,0,24
2026-02-28,ST038,MED019,3,3,0,0,0,34
2026-02-28,ST038,MED020,4,4,0,0,0,40
2026-02-28,ST038,MED021,13,13,0,6,12,44
2026-02-28,ST038,MED022,9,9,0,12,12,24
2026-02-28,ST038,MED023,9,9,0,24,0,62
2026-02-28,ST038,MED024,14,14,0,12,12,49
2026-02-28,ST038,MED025,8,8,0,0,0,33
2026-02-28,ST038,MED026,14,14,0,24,24,48
2026-02-28,ST038,MED027,16,16,0,0,24,40
2026-02-28,ST038,MED028,7,7,0,24,0,46
2026-02-28,ST038,MED029,11,11,0,0,24,29
2026-02-28,ST038,MED030,7,7,0,0,6,14
2026-02-28,ST039,MED001,16,16,0,0,24,64
2026-02-28,ST039,MED002,10,10,0,36,12,57
2026-02-28,ST039,MED003,2,2,0,0,0,32
2026-02-28,ST039,MED004,7,7,0,0,12,38
2026-02-28,ST039,MED005,14,14,0,0,12,32
2026-02-28,ST039,MED006,13,13,0,0,12,54
2026-02-28,ST039,MED007,4,4,0,0,24,25
2026-02-28,ST039,MED008,3,3,0,0,0,31
2026-02-28,ST039,MED009,10,10,0,12,12,65
2026-02-28,ST039,MED010,6,6,0,0,0,23
2026-02-28,ST039,MED011,14,14,0,6,12,41
2026-02-28,ST039,MED012,12,12,0,12,12,52
2026-02-28,ST039,MED013,7,7,0,0,0,24
2026-02-28,ST039,MED014,6,6,0,0,24,15
2026-02-28,ST039,MED015,17,17,0,48,24,85
2026-02-28,ST039,MED016,9,9,0,24,24,61
2026-02-28,ST039,MED017,11,11,0,0,12,36
2026-02-28,ST039,MED018,6,6,0,0,0,40
2026-02-28,ST039,MED019,4,4,0,0,0,20
2026-02-28,ST039,MED020,10,10,0,24,24,56
2026-02-28,ST039,MED021,18,18,0,0,24,16
2026-02-28,ST039,MED022,13,13,0,0,12,11
2026-02-28,ST039,MED023,13,13,0,12,12,23
2026-02-28,ST039,MED024,17,17,0,24,24,39
2026-02-28,ST039,MED025,10,10,0,12,12,31
2026-02-28,ST039,MED026,13,13,0,0,24,58
2026-02-28,ST039,MED027,15,15,0,24,12,79
2026-02-28,ST039,MED028,9,9,0,0,0,17
2026-02-28,ST039,MED029,12,12,0,0,24,47
2026-02-28,ST039,MED030,8,8,0,6,12,23
2026-02-28,ST040,MED001,13,13,0,24,0,56
2026-02-28,ST040,MED002,15,15,0,12,12,25
2026-02-28,ST040,MED003,7,7,0,0,24,6
2026-02-28,ST040,MED004,6,6,0,12,0,37
2026-02-28,ST040,MED005,12,12,0,24,12,60
2026-02-28,ST040,MED006,10,10,0,24,12,48
2026-02-28,ST040,MED007,5,5,0,0,0,36
2026-02-28,ST040,MED008,6,6,0,0,12,22
2026-02-28,ST040,MED009,17,17,0,48,12,65
2026-02-28,ST040,MED010,8,8,0,0,12,25
2026-02-28,ST040,MED011,16,16,0,36,18,63
2026-02-28,ST040,MED012,13,13,0,12,24,57
2026-02-28,ST040,MED013,9,9,0,12,12,40
2026-02-28,ST040,MED014,6,6,0,0,0,28
2026-02-28,ST040,MED015,14,14,0,0,24,49
2026-02-28,ST040,MED016,15,15,0,0,0,44
2026-02-28,ST040,MED017,17,17,0,0,12,39
2026-02-28,ST040,MED018,10,10,0,0,24,51
2026-02-28,ST040,MED019,1,1,0,0,0,37
2026-02-28,ST040,MED020,12,12,0,0,24,49
2026-02-28,ST040,MED021,12,12,0,12,12,51
2026-02-28,ST040,MED022,10,10,0,12,12,34
2026-02-28,ST040,MED023,11,11,0,24,0,53
2026-02-28,ST040,MED024,14,14,0,24,12,65
2026-02-28,ST040,MED025,8,8,0,0,12,31
2026-02-28,ST040,MED026,16,16,0,24,24,92
2026-02-28,ST040,MED027,16,16,0,36,12,100
2026-02-28,ST040,MED028,8,8,0,0,0,38
2026-02-28,ST040,MED029,10,10,0,24,24,72
2026-02-28,ST040,MED030,7,7,0,6,6,27
2026-03-01,ST001,MED001,9,9,0,0,0,52
2026-03-01,ST001,MED002,11,11,0,12,6,20
2026-03-01,ST001,MED003,4,4,0,0,0,18
2026-03-01,ST001,MED004,6,6,0,0,12,23
2026-03-01,ST001,MED005,5,5,0,12,0,36
2026-03-01,ST001,MED006,11,11,0,0,12,26
2026-03-01,ST001,MED007,3,3,0,0,0,24
2026-03-01,ST001,MED008,2,2,0,0,0,28
2026-03-01,ST001,MED009,10,10,0,0,12,39
2026-03-01,ST001,MED010,6,6,0,0,12,22
2026-03-01,ST001,MED011,8,8,0,0,12,33
2026-03-01,ST001,MED012,10,10,0,12,12,55
2026-03-01,ST001,MED013,6,6,0,0,0,30
2026-03-01,ST001,MED014,6,6,0,0,24,29
2026-03-01,ST001,MED015,11,11,0,0,0,30
2026-03-01,ST001,MED016,7,7,0,0,0,33
2026-03-01,ST001,MED017,8,8,0,12,12,32
2026-03-01,ST001,MED018,4,4,0,0,0,35
2026-03-01,ST001,MED019,4,4,0,0,0,45
2026-03-01,ST001,MED020,10,10,0,0,24,19
2026-03-01,ST001,MED021,10,10,0,12,6,32
2026-03-01,ST001,MED022,7,7,0,18,12,25
2026-03-01,ST001,MED023,7,7,0,0,0,34
2026-03-01,ST001,MED024,10,10,0,0,12,45
2026-03-01,ST001,MED025,6,6,0,12,12,19
2026-03-01,ST001,MED026,8,8,0,0,0,61
2026-03-01,ST001,MED027,10,10,0,0,12,34
2026-03-01,ST001,MED028,5,5,0,0,0,41
2026-03-01,ST001,MED029,9,9,0,0,0,15
2026-03-01,ST001,MED030,4,4,0,0,6,16
2026-03-01,ST002,MED001,13,13,0,0,24,57
2026-03-01,ST002,MED002,10,10,0,0,12,41
2026-03-01,ST002,MED003,3,3,0,0,0,18
2026-03-01,ST002,MED004,8,8,0,0,12,36
2026-03-01,ST002,MED005,9,9,0,12,12,62
2026-03-01,ST002,MED006,10,10,0,12,12,41
2026-03-01,ST002,MED007,3,3,0,0,24,27
2026-03-01,ST002,MED008,0,0,0,0,0,26
2026-03-01,ST002,MED009,8,8,0,12,0,50
2026-03-01,ST002,MED010,4,4,0,0,12,26
2026-03-01,ST002,MED011,15,15,0,12,18,40
2026-03-01,ST002,MED012,10,10,0,36,12,37
2026-03-01,ST002,MED013,8,8,0,0,12,18
2026-03-01,ST002,MED014,9,9,0,0,0,40
2026-03-01,ST002,MED015,9,9,0,24,0,79
2026-03-01,ST002,MED016,4,4,0,24,0,24
2026-03-01,ST002,MED017,15,15,0,12,12,44
2026-03-01,ST002,MED018,10,10,0,0,24,8
2026-03-01,ST002,MED019,1,1,0,0,0,42
2026-03-01,ST002,MED020,9,9,0,24,0,30
2026-03-01,ST002,MED021,13,13,0,24,18,45
2026-03-01,ST002,MED022,5,5,0,0,6,32
2026-03-01,ST002,MED023,11,11,0,0,12,35
2026-03-01,ST002,MED024,13,13,0,24,12,58
2026-03-01,ST002,MED025,5,5,0,0,0,24
2026-03-01,ST002,MED026,9,9,0,0,0,40
2026-03-01,ST002,MED027,17,17,0,24,24,67
2026-03-01,ST002,MED028,3,3,0,0,0,49
2026-03-01,ST002,MED029,9,9,0,0,0,23
2026-03-01,ST002,MED030,4,4,0,6,6,24
2026-03-01,ST003,MED001,14,14,0,24,24,65
2026-03-01,ST003,MED002,12,12,0,12,12,32
2026-03-01,ST003,MED003,1,1,0,0,0,27
2026-03-01,ST003,MED004,11,11,0,12,12,30
2026-03-01,ST003,MED005,15,15,0,0,12,34
2026-03-01,ST003,MED006,12,12,0,48,12,62
2026-03-01,ST003,MED007,3,3,0,24,0,23
2026-03-01,ST003,MED008,3,3,0,0,0,29
2026-03-01,ST003,MED009,12,12,0,12,12,42
2026-03-01,ST003,MED010,5,5,0,0,12,27
2026-03-01,ST003,MED011,10,10,0,24,6,50
2026-03-01,ST003,MED012,7,7,0,12,0,42
2026-03-01,ST003,MED013,10,10,0,12,12,20
2026-03-01,ST003,MED014,5,5,0,0,0,25
2026-03-01,ST003,MED015,14,14,0,48,0,47
2026-03-01,ST003,MED016,6,6,0,0,24,25
2026-03-01,ST003,MED017,9,9,0,0,12,39
2026-03-01,ST003,MED018,9,9,0,0,0,35
2026-03-01,ST003,MED019,6,6,0,24,0,36
2026-03-01,ST003,MED020,6,6,0,0,0,45
2026-03-01,ST003,MED021,10,10,0,0,6,36
2026-03-01,ST003,MED022,8,8,0,0,12,21
2026-03-01,ST003,MED023,9,9,0,12,0,61
2026-03-01,ST003,MED024,19,19,0,0,24,5
2026-03-01,ST003,MED025,10,10,0,0,0,13
2026-03-01,ST003,MED026,13,13,0,0,24,55
2026-03-01,ST003,MED027,13,13,0,12,12,30
2026-03-01,ST003,MED028,6,6,0,0,0,24
2026-03-01,ST003,MED029,10,10,0,0,0,38
2026-03-01,ST003,MED030,8,8,0,0,12,21
2026-03-01,ST004,MED001,15,15,0,0,0,26
2026-03-01,ST004,MED002,13,13,0,12,12,30
2026-03-01,ST004,MED003,4,4,0,0,24,21
2026-03-01,ST004,MED004,9,9,0,12,12,39
2026-03-01,ST004,MED005,13,13,0,0,0,34
2026-03-01,ST004,MED006,11,11,0,36,12,62
2026-03-01,ST004,MED007,2,2,0,0,0,40
2026-03-01,ST004,MED008,4,4,0,0,0,7
2026-03-01,ST004,MED009,9,9,0,12,0,68
2026-03-01,ST004,MED010,6,6,0,12,12,18
2026-03-01,ST004,MED011,15,15,0,12,18,42
2026-03-01,ST004,MED012,11,11,0,12,12,40
2026-03-01,ST004,MED013,12,12,0,12,12,30
2026-03-01,ST004,MED014,9,9,0,0,0,25
2026-03-01,ST004,MED015,17,17,0,0,24,51
2026-03-01,ST004,MED016,10,10,0,24,0,41
2026-03-01,ST004,MED017,13,13,0,12,12,43
2026-03-01,ST004,MED018,10,10,0,0,24,36
2026-03-01,ST004,MED019,3,3,0,0,0,17
2026-03-01,ST004,MED020,8,8,0,0,0,44
2026-03-01,ST004,MED021,13,13,0,18,12,35
2026-03-01,ST004,MED022,8,8,0,12,12,39
2026-03-01,ST004,MED023,11,11,0,12,0,56
2026-03-01,ST004,MED024,19,19,0,24,12,70
2026-03-01,ST004,MED025,8,8,0,0,12,19
2026-03-01,ST004,MED026,15,15,0,0,24,69
2026-03-01,ST004,MED027,16,16,0,0,24,55
2026-03-01,ST004,MED028,11,11,0,0,0,10
2026-03-01,ST004,MED029,12,12,0,48,24,46
2026-03-01,ST004,MED030,8,8,0,0,6,22
2026-03-01,ST005,MED001,15,15,0,48,0,60
2026-03-01,ST005,MED002,18,18,0,0,18,48
2026-03-01,ST005,MED003,2,2,0,0,0,38
2026-03-01,ST005,MED004,11,11,0,0,12,36
2026-03-01,ST005,MED005,15,15,0,0,12,49
2026-03-01,ST005,MED006,9,9,0,0,12,35
2026-03-01,ST005,MED007,4,4,0,24,0,32
2026-03-01,ST005,MED008,6,6,0,12,0,23
2026-03-01,ST005,MED009,12,12,0,0,12,44
2026-03-01,ST005,MED010,2,2,0,0,12,19
2026-03-01,ST005,MED011,21,21,0,12,24,20
2026-03-01,ST005,MED012,11,11,0,12,12,56
2026-03-01,ST005,MED013,10,10,0,12,12,24
2026-03-01,ST005,MED014,6,6,0,0,0,23
2026-03-01,ST005,MED015,15,15,0,0,24,76
2026-03-01,ST005,MED016,11,11,0,0,24,35
2026-03-01,ST005,MED017,15,15,0,24,12,69
2026-03-01,ST005,MED018,8,8,0,0,0,45
2026-03-01,ST005,MED019,5,5,0,0,0,17
2026-03-01,ST005,MED020,14,14,0,24,0,30
2026-03-01,ST005,MED021,11,11,0,0,12,54
2026-03-01,ST005,MED022,14,14,0,6,18,36
2026-03-01,ST005,MED023,14,14,0,0,12,38
2026-03-01,ST005,MED024,19,19,0,24,24,66
2026-03-01,ST005,MED025,11,11,0,0,12,26
2026-03-01,ST005,MED026,13,13,0,0,0,58
2026-03-01,ST005,MED027,17,17,0,24,24,56
2026-03-01,ST005,MED028,6,6,0,0,0,44
2026-03-01,ST005,MED029,11,11,0,0,0,68
2026-03-01,ST005,MED030,9,9,0,0,6,28
2026-03-01,ST006,MED001,13,13,0,24,0,70
2026-03-01,ST006,MED002,16,16,0,18,18,33
2026-03-01,ST006,MED003,8,8,0,0,0,22
2026-03-01,ST006,MED004,25,25,0,0,36,31
2026-03-01,ST006,MED005,18,18,0,36,24,51
2026-03-01,ST006,MED006,16,16,0,0,24,31
2026-03-01,ST006,MED007,4,4,0,0,0,33
2026-03-01,ST006,MED008,5,5,0,12,12,35
2026-03-01,ST006,MED009,13,13,0,0,12,58
2026-03-01,ST006,MED010,7,7,0,12,12,22
2026-03-01,ST006,MED011,16,16,0,24,12,40
2026-03-01,ST006,MED012,15,15,0,0,24,49
2026-03-01,ST006,MED013,7,7,0,12,12,42
2026-03-01,ST006,MED014,10,10,0,0,0,59
2026-03-01,ST006,MED015,16,16,0,0,0,64
2026-03-01,ST006,MED016,14,14,0,0,0,52
2026-03-01,ST006,MED017,12,12,0,48,0,68
2026-03-01,ST006,MED018,8,8,0,24,0,34
2026-03-01,ST006,MED019,4,4,0,24,0,36
2026-03-01,ST006,MED020,6,6,0,0,0,40
2026-03-01,ST006,MED021,16,16,0,30,12,66
2026-03-01,ST006,MED022,9,9,0,0,6,20
2026-03-01,ST006,MED023,15,15,0,36,12,56
2026-03-01,ST006,MED024,17,17,0,12,24,46
2026-03-01,ST006,MED025,7,7,0,0,12,33
2026-03-01,ST006,MED026,13,13,0,24,0,70
2026-03-01,ST006,MED027,15,15,0,0,12,38
2026-03-01,ST006,MED028,8,8,0,0,0,50
2026-03-01,ST006,MED029,13,13,0,72,0,70
2026-03-01,ST006,MED030,5,5,0,12,0,29
2026-03-01,ST007,MED001,10,10,0,24,0,53
2026-03-01,ST007,MED002,11,11,0,18,12,31
2026-03-01,ST007,MED003,5,5,0,0,24,18
2026-03-01,ST007,MED004,7,7,0,0,0,35
2026-03-01,ST007,MED005,11,11,0,0,12,26
2026-03-01,ST007,MED006,12,12,0,0,12,45
2026-03-01,ST007,MED007,6,6,0,0,24,16
2026-03-01,ST007,MED008,0,0,0,0,0,10
2026-03-01,ST007,MED009,10,10,0,24,12,35
2026-03-01,ST007,MED010,3,3,0,0,0,15
2026-03-01,ST007,MED011,9,9,0,0,12,32
2026-03-01,ST007,MED012,8,8,0,0,12,3
2026-03-01,ST007,MED013,9,9,0,24,12,29
2026-03-01,ST007,MED014,0,0,0,0,0,22
2026-03-01,ST007,MED015,10,10,0,0,24,34
2026-03-01,ST007,MED016,7,7,0,0,0,23
2026-03-01,ST007,MED017,3,3,0,12,0,13
2026-03-01,ST007,MED018,7,7,0,0,0,44
2026-03-01,ST007,MED019,3,3,0,0,0,8
2026-03-01,ST007,MED020,4,4,0,24,24,36
2026-03-01,ST007,MED021,9,9,0,6,12,33
2026-03-01,ST007,MED022,5,5,0,0,0,33
2026-03-01,ST007,MED023,10,10,0,0,12,31
2026-03-01,ST007,MED024,9,9,0,0,0,46
2026-03-01,ST007,MED025,6,6,0,0,12,20
2026-03-01,ST007,MED026,9,9,0,0,24,31
2026-03-01,ST007,MED027,11,11,0,12,0,21
2026-03-01,ST007,MED028,2,2,0,0,0,34
2026-03-01,ST007,MED029,8,8,0,0,24,26
2026-03-01,ST007,MED030,2,2,0,0,0,19
2026-03-01,ST008,MED001,12,12,0,24,24,67
2026-03-01,ST008,MED002,10,10,0,12,12,44
2026-03-01,ST008,MED003,3,3,0,0,0,30
2026-03-01,ST008,MED004,10,10,0,12,12,20
2026-03-01,ST008,MED005,9,9,0,0,12,33
2026-03-01,ST008,MED006,6,6,0,24,0,55
2026-03-01,ST008,MED007,3,3,0,0,0,28
2026-03-01,ST008,MED008,4,4,0,0,0,13
2026-03-01,ST008,MED009,9,9,0,12,12,38
2026-03-01,ST008,MED010,5,5,0,0,0,21
2026-03-01,ST008,MED011,11,11,0,0,12,25
2026-03-01,ST008,MED012,9,9,0,0,12,16
2026-03-01,ST008,MED013,6,6,0,0,12,22
2026-03-01,ST008,MED014,4,4,0,0,0,30
2026-03-01,ST008,MED015,12,12,0,24,0,59
2026-03-01,ST008,MED016,4,4,0,0,0,43
2026-03-01,ST008,MED017,8,8,0,0,12,49
2026-03-01,ST008,MED018,8,8,0,0,0,23
2026-03-01,ST008,MED019,3,3,0,0,0,36
2026-03-01,ST008,MED020,8,8,0,0,0,51
2026-03-01,ST008,MED021,8,8,0,0,6,36
2026-03-01,ST008,MED022,6,6,0,12,6,22
2026-03-01,ST008,MED023,10,10,0,12,12,49
2026-03-01,ST008,MED024,12,12,0,0,24,46
2026-03-01,ST008,MED025,5,5,0,12,12,26
2026-03-01,ST008,MED026,13,13,0,0,24,41
2026-03-01,ST008,MED027,11,11,0,0,12,31
2026-03-01,ST008,MED028,5,5,0,0,0,18
2026-03-01,ST008,MED029,4,4,0,0,0,59
2026-03-01,ST008,MED030,3,3,0,0,6,18
2026-03-01,ST009,MED001,12,12,0,0,0,60
2026-03-01,ST009,MED002,6,6,0,6,6,31
2026-03-01,ST009,MED003,2,2,0,0,0,42
2026-03-01,ST009,MED004,11,11,0,12,12,33
2026-03-01,ST009,MED005,15,15,0,0,12,17
2026-03-01,ST009,MED006,13,13,0,12,12,52
2026-03-01,ST009,MED007,3,3,0,24,0,43
2026-03-01,ST009,MED008,6,6,0,12,0,17
2026-03-01,ST009,MED009,9,9,0,12,12,37
2026-03-01,ST009,MED010,3,3,0,0,12,14
2026-03-01,ST009,MED011,8,8,0,18,6,53
2026-03-01,ST009,MED012,9,9,0,12,12,52
2026-03-01,ST009,MED013,6,6,0,12,12,30
2026-03-01,ST009,MED014,3,3,0,0,0,50
2026-03-01,ST009,MED015,9,9,0,24,0,57
2026-03-01,ST009,MED016,10,10,0,0,24,32
2026-03-01,ST009,MED017,10,10,0,0,12,48
2026-03-01,ST009,MED018,5,5,0,24,0,38
2026-03-01,ST009,MED019,6,6,0,0,0,31
2026-03-01,ST009,MED020,11,11,0,0,0,33
2026-03-01,ST009,MED021,10,10,0,0,6,26
2026-03-01,ST009,MED022,8,8,0,0,12,20
2026-03-01,ST009,MED023,12,12,0,12,24,64
2026-03-01,ST009,MED024,11,11,0,12,12,48
2026-03-01,ST009,MED025,8,8,0,0,0,29
2026-03-01,ST009,MED026,9,9,0,0,24,49
2026-03-01,ST009,MED027,15,15,0,24,12,56
2026-03-01,ST009,MED028,7,7,0,0,0,14
2026-03-01,ST009,MED029,10,10,0,0,0,18
2026-03-01,ST009,MED030,7,7,0,0,6,12
2026-03-01,ST010,MED001,16,16,0,24,24,40
2026-03-01,ST010,MED002,12,12,0,12,12,37
2026-03-01,ST010,MED003,6,6,0,0,0,30
2026-03-01,ST010,MED004,15,15,0,12,24,37
2026-03-01,ST010,MED005,15,15,0,12,12,44
2026-03-01,ST010,MED006,6,6,0,12,12,28
2026-03-01,ST010,MED007,2,2,0,0,0,19
2026-03-01,ST010,MED008,3,3,0,0,0,20
2026-03-01,ST010,MED009,15,15,0,12,12,14
2026-03-01,ST010,MED010,9,9,0,12,12,32
2026-03-01,ST010,MED011,12,12,0,0,12,46
2026-03-01,ST010,MED012,9,9,0,12,12,54
2026-03-01,ST010,MED013,8,8,0,0,12,39
2026-03-01,ST010,MED014,11,11,0,0,24,11
2026-03-01,ST010,MED015,13,13,0,0,0,36
2026-03-01,ST010,MED016,11,11,0,0,24,27
2026-03-01,ST010,MED017,14,14,0,24,12,44
2026-03-01,ST010,MED018,9,9,0,0,24,46
2026-03-01,ST010,MED019,2,2,0,0,0,8
2026-03-01,ST010,MED020,8,8,0,0,24,27
2026-03-01,ST010,MED021,11,11,0,6,12,23
2026-03-01,ST010,MED022,7,7,0,12,6,41
2026-03-01,ST010,MED023,14,14,0,0,12,24
2026-03-01,ST010,MED024,10,10,0,0,12,41
2026-03-01,ST010,MED025,4,4,0,12,0,16
2026-03-01,ST010,MED026,14,14,0,0,24,5
2026-03-01,ST010,MED027,15,15,0,12,12,43
2026-03-01,ST010,MED028,7,7,0,24,24,37
2026-03-01,ST010,MED029,13,13,0,24,0,50
2026-03-01,ST010,MED030,4,4,0,12,6,21
2026-03-01,ST011,MED001,11,11,0,48,24,68
2026-03-01,ST011,MED002,14,14,0,18,12,36
2026-03-01,ST011,MED003,4,4,0,0,0,41
2026-03-01,ST011,MED004,8,8,0,12,0,49
2026-03-01,ST011,MED005,13,13,0,12,12,59
2026-03-01,ST011,MED006,12,12,0,0,12,45
2026-03-01,ST011,MED007,5,5,0,0,0,34
2026-03-01,ST011,MED008,3,3,0,0,0,28
2026-03-01,ST011,MED009,13,13,0,0,12,40
2026-03-01,ST011,MED010,2,2,0,0,0,8
2026-03-01,ST011,MED011,10,10,0,12,12,63
2026-03-01,ST011,MED012,14,14,0,0,12,34
2026-03-01,ST011,MED013,10,10,0,0,12,35
2026-03-01,ST011,MED014,7,7,0,24,24,39
2026-03-01,ST011,MED015,16,16,0,24,24,39
2026-03-01,ST011,MED016,9,9,0,0,0,23
2026-03-01,ST011,MED017,14,14,0,24,12,45
2026-03-01,ST011,MED018,7,7,0,0,24,27
2026-03-01,ST011,MED019,7,7,0,0,0,20
2026-03-01,ST011,MED020,8,8,0,0,0,22
2026-03-01,ST011,MED021,10,10,0,12,12,43
2026-03-01,ST011,MED022,8,8,0,0,6,13
2026-03-01,ST011,MED023,14,14,0,36,12,55
2026-03-01,ST011,MED024,17,17,0,36,12,64
2026-03-01,ST011,MED025,7,7,0,12,12,27
2026-03-01,ST011,MED026,20,20,0,24,24,51
2026-03-01,ST011,MED027,19,19,0,12,24,46
2026-03-01,ST011,MED028,8,8,0,0,0,16
2026-03-01,ST011,MED029,10,10,0,0,0,37
2026-03-01,ST011,MED030,6,6,0,0,6,21
2026-03-01,ST012,MED001,14,14,0,0,0,52
2026-03-01,ST012,MED002,13,13,0,18,12,26
2026-03-01,ST012,MED003,7,7,0,24,24,25
2026-03-01,ST012,MED004,8,8,0,12,12,40
2026-03-01,ST012,MED005,16,16,0,12,12,60
2026-03-01,ST012,MED006,9,9,0,0,0,39
2026-03-01,ST012,MED007,2,2,0,0,0,43
2026-03-01,ST012,MED008,6,6,0,0,12,23
2026-03-01,ST012,MED009,11,11,0,12,12,35
2026-03-01,ST012,MED010,8,8,0,12,12,21
2026-03-01,ST012,MED011,15,15,0,0,18,54
2026-03-01,ST012,MED012,14,14,0,0,12,52
2026-03-01,ST012,MED013,12,12,0,0,12,38
2026-03-01,ST012,MED014,9,9,0,0,0,24
2026-03-01,ST012,MED015,14,14,0,0,0,43
2026-03-01,ST012,MED016,9,9,0,0,0,22
2026-03-01,ST012,MED017,15,15,0,12,24,59
2026-03-01,ST012,MED018,5,5,0,24,0,48
2026-03-01,ST012,MED019,3,3,0,0,0,26
2026-03-01,ST012,MED020,11,11,0,0,24,55
2026-03-01,ST012,MED021,14,14,0,12,18,36
2026-03-01,ST012,MED022,13,13,0,18,12,43
2026-03-01,ST012,MED023,20,20,0,0,24,18
2026-03-01,ST012,MED024,17,17,0,12,12,59
2026-03-01,ST012,MED025,6,6,0,12,0,48
2026-03-01,ST012,MED026,18,18,0,0,24,65
2026-03-01,ST012,MED027,19,19,0,24,24,64
2026-03-01,ST012,MED028,9,9,0,0,0,33
2026-03-01,ST012,MED029,11,11,0,0,24,29
2026-03-01,ST012,MED030,7,7,0,0,6,10
2026-03-01,ST013,MED001,19,19,0,24,24,87
2026-03-01,ST013,MED002,17,17,0,12,18,68
2026-03-01,ST013,MED003,9,9,0,24,24,28
2026-03-01,ST013,MED004,11,11,0,0,12,33
2026-03-01,ST013,MED005,15,15,0,0,12,37
2026-03-01,ST013,MED006,13,13,0,12,12,63
2026-03-01,ST013,MED007,7,7,0,0,24,26
2026-03-01,ST013,MED008,3,3,0,0,0,26
2026-03-01,ST013,MED009,14,14,0,0,12,46
2026-03-01,ST013,MED010,1,1,0,0,0,26
2026-03-01,ST013,MED011,16,16,0,12,12,38
2026-03-01,ST013,MED012,16,16,0,12,12,41
2026-03-01,ST013,MED013,12,12,0,12,12,27
2026-03-01,ST013,MED014,6,6,0,0,24,47
2026-03-01,ST013,MED015,18,18,0,24,24,64
2026-03-01,ST013,MED016,10,10,0,0,0,36
2026-03-01,ST013,MED017,14,14,0,12,12,54
2026-03-01,ST013,MED018,8,8,0,24,0,65
2026-03-01,ST013,MED019,4,4,0,0,0,16
2026-03-01,ST013,MED020,12,12,0,24,0,50
2026-03-01,ST013,MED021,17,17,0,18,18,57
2026-03-01,ST013,MED022,8,8,0,18,6,37
2026-03-01,ST013,MED023,15,15,0,0,24,60
2026-03-01,ST013,MED024,20,20,0,12,24,57
2026-03-01,ST013,MED025,9,9,0,12,12,33
2026-03-01,ST013,MED026,13,13,0,0,24,81
2026-03-01,ST013,MED027,16,16,0,0,12,58
2026-03-01,ST013,MED028,5,5,0,24,0,40
2026-03-01,ST013,MED029,12,12,0,48,24,85
2026-03-01,ST013,MED030,5,5,0,0,6,31
2026-03-01,ST014,MED001,10,10,0,0,0,36
2026-03-01,ST014,MED002,12,12,0,6,18,29
2026-03-01,ST014,MED003,0,0,0,0,0,31
2026-03-01,ST014,MED004,6,6,0,12,0,26
2026-03-01,ST014,MED005,9,9,0,12,0,43
2026-03-01,ST014,MED006,7,7,0,12,12,33
2026-03-01,ST014,MED007,0,0,0,0,0,19
2026-03-01,ST014,MED008,0,0,0,0,0,28
2026-03-01,ST014,MED009,8,8,0,12,12,51
2026-03-01,ST014,MED010,3,3,0,0,0,19
2026-03-01,ST014,MED011,9,9,0,12,6,27
2026-03-01,ST014,MED012,5,5,0,0,0,36
2026-03-01,ST014,MED013,7,7,0,12,12,35
2026-03-01,ST014,MED014,2,2,0,0,0,36
2026-03-01,ST014,MED015,12,12,0,0,0,47
2026-03-01,ST014,MED016,7,7,0,24,24,43
2026-03-01,ST014,MED017,8,8,0,0,0,33
2026-03-01,ST014,MED018,6,6,0,0,24,25
2026-03-01,ST014,MED019,0,0,0,0,0,25
2026-03-01,ST014,MED020,7,7,0,0,0,24
2026-03-01,ST014,MED021,6,6,0,0,6,39
2026-03-01,ST014,MED022,4,4,0,0,0,22
2026-03-01,ST014,MED023,10,10,0,0,12,32
2026-03-01,ST014,MED024,13,13,0,12,12,33
2026-03-01,ST014,MED025,5,5,0,0,12,24
2026-03-01,ST014,MED026,6,6,0,24,0,47
2026-03-01,ST014,MED027,10,10,0,0,12,29
2026-03-01,ST014,MED028,3,3,0,24,24,35
2026-03-01,ST014,MED029,10,10,0,0,0,35
2026-03-01,ST014,MED030,5,5,0,6,6,18
2026-03-01,ST015,MED001,19,19,0,24,24,64
2026-03-01,ST015,MED002,10,10,0,0,6,37
2026-03-01,ST015,MED003,3,3,0,0,0,31
2026-03-01,ST015,MED004,8,8,0,12,12,27
2026-03-01,ST015,MED005,11,11,0,12,12,35
2026-03-01,ST015,MED006,10,10,0,12,12,25
2026-03-01,ST015,MED007,7,7,0,0,0,14
2026-03-01,ST015,MED008,5,5,0,0,0,12
2026-03-01,ST015,MED009,9,9,0,12,12,22
2026-03-01,ST015,MED010,4,4,0,0,12,10
2026-03-01,ST015,MED011,12,12,0,12,12,30
2026-03-01,ST015,MED012,8,8,0,0,12,37
2026-03-01,ST015,MED013,6,6,0,12,12,23
2026-03-01,ST015,MED014,5,5,0,0,0,24
2026-03-01,ST015,MED015,9,9,0,0,0,53
2026-03-01,ST015,MED016,4,4,0,24,0,38
2026-03-01,ST015,MED017,10,10,0,0,12,47
2026-03-01,ST015,MED018,7,7,0,0,0,30
2026-03-01,ST015,MED019,1,1,0,0,0,21
2026-03-01,ST015,MED020,2,2,0,24,0,50
2026-03-01,ST015,MED021,10,10,0,0,12,40
2026-03-01,ST015,MED022,7,7,0,6,0,31
2026-03-01,ST015,MED023,12,12,0,12,12,33
2026-03-01,ST015,MED024,14,14,0,0,12,20
2026-03-01,ST015,MED025,5,5,0,12,12,35
2026-03-01,ST015,MED026,12,12,0,24,24,59
2026-03-01,ST015,MED027,13,13,0,24,12,36
2026-03-01,ST015,MED028,6,6,0,24,0,44
2026-03-01,ST015,MED029,6,6,0,0,24,45
2026-03-01,ST015,MED030,5,5,0,0,6,3
2026-03-01,ST016,MED001,20,20,0,0,24,36
2026-03-01,ST016,MED002,11,11,0,0,12,39
2026-03-01,ST016,MED003,3,3,0,0,0,26
2026-03-01,ST016,MED004,8,8,0,48,12,53
2026-03-01,ST016,MED005,11,11,0,12,12,43
2026-03-01,ST016,MED006,10,10,0,12,12,48
2026-03-01,ST016,MED007,3,3,0,0,0,18
2026-03-01,ST016,MED008,6,6,0,12,0,9
2026-03-01,ST016,MED009,9,9,0,0,12,49
2026-03-01,ST016,MED010,3,3,0,0,0,20
2026-03-01,ST016,MED011,8,8,0,6,6,37
2026-03-01,ST016,MED012,10,10,0,0,12,29
2026-03-01,ST016,MED013,5,5,0,0,12,14
2026-03-01,ST016,MED014,5,5,0,0,0,45
2026-03-01,ST016,MED015,11,11,0,0,0,42
2026-03-01,ST016,MED016,5,5,0,0,0,29
2026-03-01,ST016,MED017,11,11,0,0,0,13
2026-03-01,ST016,MED018,5,5,0,0,24,43
2026-03-01,ST016,MED019,5,5,0,0,0,32
2026-03-01,ST016,MED020,8,8,0,0,24,53
2026-03-01,ST016,MED021,10,10,0,12,6,50
2026-03-01,ST016,MED022,7,7,0,0,6,26
2026-03-01,ST016,MED023,12,12,0,0,12,43
2026-03-01,ST016,MED024,11,11,0,24,12,66
2026-03-01,ST016,MED025,8,8,0,0,12,28
2026-03-01,ST016,MED026,11,11,0,24,24,50
2026-03-01,ST016,MED027,13,13,0,0,12,35
2026-03-01,ST016,MED028,10,10,0,0,24,39
2026-03-01,ST016,MED029,7,7,0,0,0,27
2026-03-01,ST016,MED030,6,6,0,0,6,21
2026-03-01,ST017,MED001,10,10,0,24,0,61
2026-03-01,ST017,MED002,14,14,0,18,12,51
2026-03-01,ST017,MED003,4,4,0,0,0,11
2026-03-01,ST017,MED004,8,8,0,0,12,40
2026-03-01,ST017,MED005,14,14,0,0,12,49
2026-03-01,ST017,MED006,12,12,0,0,12,35
2026-03-01,ST017,MED007,2,2,0,0,0,27
2026-03-01,ST017,MED008,0,0,0,0,0,24
2026-03-01,ST017,MED009,8,8,0,24,12,45
2026-03-01,ST017,MED010,6,6,0,0,0,10
2026-03-01,ST017,MED011,9,9,0,6,12,52
2026-03-01,ST017,MED012,11,11,0,12,12,40
2026-03-01,ST017,MED013,4,4,0,0,12,25
2026-03-01,ST017,MED014,1,1,0,0,0,39
2026-03-01,ST017,MED015,16,16,0,24,24,61
2026-03-01,ST017,MED016,7,7,0,24,0,57
2026-03-01,ST017,MED017,12,12,0,0,12,11
2026-03-01,ST017,MED018,8,8,0,0,0,32
2026-03-01,ST017,MED019,4,4,0,24,24,26
2026-03-01,ST017,MED020,3,3,0,0,0,33
2026-03-01,ST017,MED021,12,12,0,6,12,21
2026-03-01,ST017,MED022,8,8,0,0,12,27
2026-03-01,ST017,MED023,14,14,0,0,24,48
2026-03-01,ST017,MED024,13,13,0,0,12,51
2026-03-01,ST017,MED025,6,6,0,12,0,30
2026-03-01,ST017,MED026,16,16,0,24,24,63
2026-03-01,ST017,MED027,15,15,0,12,24,53
2026-03-01,ST017,MED028,8,8,0,0,0,24
2026-03-01,ST017,MED029,11,11,0,0,0,37
2026-03-01,ST017,MED030,1,1,0,0,0,32
2026-03-01,ST018,MED001,17,17,0,0,24,40
2026-03-01,ST018,MED002,12,12,0,42,12,74
2026-03-01,ST018,MED003,5,5,0,0,24,27
2026-03-01,ST018,MED004,13,13,0,0,12,50
2026-03-01,ST018,MED005,16,16,0,0,12,35
2026-03-01,ST018,MED006,13,13,0,12,12,39
2026-03-01,ST018,MED007,3,3,0,24,0,41
2026-03-01,ST018,MED008,5,5,0,12,0,12
2026-03-01,ST018,MED009,10,10,0,24,12,64
2026-03-01,ST018,MED010,5,5,0,12,0,25
2026-03-01,ST018,MED011,14,14,0,0,6,44
2026-03-01,ST018,MED012,14,14,0,0,24,52
2026-03-01,ST018,MED013,8,8,0,12,12,40
2026-03-01,ST018,MED014,4,4,0,24,0,39
2026-03-01,ST018,MED015,15,15,0,0,0,72
2026-03-01,ST018,MED016,7,7,0,0,24,46
2026-03-01,ST018,MED017,15,15,0,12,12,41
2026-03-01,ST018,MED018,7,7,0,0,0,38
2026-03-01,ST018,MED019,1,1,0,0,0,30
2026-03-01,ST018,MED020,8,8,0,24,0,43
2026-03-01,ST018,MED021,13,13,0,42,12,50
2026-03-01,ST018,MED022,9,9,0,0,12,16
2026-03-01,ST018,MED023,13,13,0,36,12,75
2026-03-01,ST018,MED024,14,14,0,24,12,51
2026-03-01,ST018,MED025,10,10,0,12,12,30
2026-03-01,ST018,MED026,11,11,0,0,0,53
2026-03-01,ST018,MED027,16,16,0,36,12,74
2026-03-01,ST018,MED028,10,10,0,24,24,47
2026-03-01,ST018,MED029,9,9,0,0,24,27
2026-03-01,ST018,MED030,8,8,0,12,6,26
2026-03-01,ST019,MED001,18,18,0,0,24,75
2026-03-01,ST019,MED002,19,19,0,54,24,72
2026-03-01,ST019,MED003,4,4,0,0,24,24
2026-03-01,ST019,MED004,11,11,0,12,12,44
2026-03-01,ST019,MED005,13,13,0,36,12,72
2026-03-01,ST019,MED006,15,15,0,24,12,36
2026-03-01,ST019,MED007,6,6,0,0,0,19
2026-03-01,ST019,MED008,4,4,0,0,0,16
2026-03-01,ST019,MED009,14,14,0,24,24,33
2026-03-01,ST019,MED010,3,3,0,12,0,23
2026-03-01,ST019,MED011,11,11,0,0,6,35
2026-03-01,ST019,MED012,17,17,0,24,12,50
2026-03-01,ST019,MED013,10,10,0,12,12,37
2026-03-01,ST019,MED014,4,4,0,0,0,32
2026-03-01,ST019,MED015,17,17,0,24,24,50
2026-03-01,ST019,MED016,10,10,0,24,0,49
2026-03-01,ST019,MED017,27,27,0,0,36,28
2026-03-01,ST019,MED018,7,7,0,0,0,31
2026-03-01,ST019,MED019,7,7,0,0,0,32
2026-03-01,ST019,MED020,11,11,0,0,0,20
2026-03-01,ST019,MED021,15,15,0,18,12,47
2026-03-01,ST019,MED022,10,10,0,0,6,27
2026-03-01,ST019,MED023,14,14,0,24,12,65
2026-03-01,ST019,MED024,16,16,0,12,12,41
2026-03-01,ST019,MED025,3,3,0,12,0,54
2026-03-01,ST019,MED026,14,14,0,0,24,58
2026-03-01,ST019,MED027,20,20,0,0,24,25
2026-03-01,ST019,MED028,8,8,0,0,0,37
2026-03-01,ST019,MED029,15,15,0,0,24,7
2026-03-01,ST019,MED030,8,8,0,12,12,17
2026-03-01,ST020,MED001,18,18,0,24,0,60
2026-03-01,ST020,MED002,16,16,0,18,18,66
2026-03-01,ST020,MED003,5,5,0,24,24,30
2026-03-01,ST020,MED004,8,8,0,24,0,64
2026-03-01,ST020,MED005,19,19,0,12,12,62
2026-03-01,ST020,MED006,16,16,0,12,24,55
2026-03-01,ST020,MED007,3,3,0,0,0,10
2026-03-01,ST020,MED008,6,4,2,0,0,0
2026-03-01,ST020,MED009,13,13,0,24,12,60
2026-03-01,ST020,MED010,5,5,0,0,0,12
2026-03-01,ST020,MED011,16,16,0,0,18,52
2026-03-01,ST020,MED012,14,14,0,60,12,71
2026-03-01,ST020,MED013,6,6,0,0,0,46
2026-03-01,ST020,MED014,7,7,0,0,0,37
2026-03-01,ST020,MED015,18,18,0,24,24,92
2026-03-01,ST020,MED016,10,10,0,24,24,69
2026-03-01,ST020,MED017,19,19,0,0,24,51
2026-03-01,ST020,MED018,7,7,0,24,0,61
2026-03-01,ST020,MED019,4,4,0,0,0,41
2026-03-01,ST020,MED020,11,11,0,0,0,48
2026-03-01,ST020,MED021,14,14,0,0,18,47
2026-03-01,ST020,MED022,12,12,0,6,12,40
2026-03-01,ST020,MED023,13,13,0,12,12,43
2026-03-01,ST020,MED024,17,17,0,36,12,65
2026-03-01,ST020,MED025,9,9,0,24,0,32
2026-03-01,ST020,MED026,16,16,0,0,24,73
2026-03-01,ST020,MED027,17,17,0,12,12,54
2026-03-01,ST020,MED028,7,7,0,24,24,57
2026-03-01,ST020,MED029,14,14,0,0,24,55
2026-03-01,ST020,MED030,7,7,0,12,6,36
2026-03-01,ST021,MED001,4,4,0,24,0,47
2026-03-01,ST021,MED002,8,8,0,0,12,30
2026-03-01,ST021,MED003,4,4,0,0,0,11
2026-03-01,ST021,MED004,3,3,0,12,0,23
2026-03-01,ST021,MED005,14,14,0,0,12,29
2026-03-01,ST021,MED006,6,6,0,0,12,44
2026-03-01,ST021,MED007,1,1,0,0,0,19
2026-03-01,ST021,MED008,3,3,0,0,0,15
2026-03-01,ST021,MED009,9,9,0,12,0,49
2026-03-01,ST021,MED010,7,7,0,12,12,18
2026-03-01,ST021,MED011,10,10,0,6,6,37
2026-03-01,ST021,MED012,9,9,0,0,12,28
2026-03-01,ST021,MED013,6,6,0,0,12,24
2026-03-01,ST021,MED014,3,3,0,0,24,28
2026-03-01,ST021,MED015,12,12,0,0,24,35
2026-03-01,ST021,MED016,7,7,0,0,0,27
2026-03-01,ST021,MED017,12,12,0,12,12,39
2026-03-01,ST021,MED018,4,4,0,0,0,42
2026-03-01,ST021,MED019,4,4,0,0,0,6
2026-03-01,ST021,MED020,7,7,0,0,24,42
2026-03-01,ST021,MED021,7,7,0,0,6,30
2026-03-01,ST021,MED022,6,6,0,12,6,24
2026-03-01,ST021,MED023,7,7,0,24,12,54
2026-03-01,ST021,MED024,11,11,0,24,12,42
2026-03-01,ST021,MED025,5,5,0,12,12,26
2026-03-01,ST021,MED026,10,10,0,24,0,67
2026-03-01,ST021,MED027,10,10,0,12,0,23
2026-03-01,ST021,MED028,6,6,0,0,24,31
2026-03-01,ST021,MED029,10,10,0,24,0,39
2026-03-01,ST021,MED030,5,5,0,6,0,22
2026-03-01,ST022,MED001,12,12,0,0,0,28
2026-03-01,ST022,MED002,12,12,0,0,12,29
2026-03-01,ST022,MED003,2,2,0,0,0,27
2026-03-01,ST022,MED004,6,6,0,12,0,37
2026-03-01,ST022,MED005,12,12,0,12,12,52
2026-03-01,ST022,MED006,9,9,0,12,12,38
2026-03-01,ST022,MED007,5,5,0,0,0,25
2026-03-01,ST022,MED008,2,2,0,0,0,19
2026-03-01,ST022,MED009,9,9,0,24,12,57
2026-03-01,ST022,MED010,0,0,0,0,0,23
2026-03-01,ST022,MED011,11,11,0,30,12,53
2026-03-01,ST022,MED012,7,7,0,0,0,33
2026-03-01,ST022,MED013,6,6,0,0,12,27
2026-03-01,ST022,MED014,6,6,0,0,0,38
2026-03-01,ST022,MED015,12,12,0,0,24,23
2026-03-01,ST022,MED016,6,6,0,24,0,38
2026-03-01,ST022,MED017,12,12,0,0,12,23
2026-03-01,ST022,MED018,4,4,0,0,0,18
2026-03-01,ST022,MED019,2,2,0,0,0,37
2026-03-01,ST022,MED020,10,10,0,0,0,34
2026-03-01,ST022,MED021,11,11,0,0,12,30
2026-03-01,ST022,MED022,7,7,0,0,6,19
2026-03-01,ST022,MED023,12,12,0,36,12,52
2026-03-01,ST022,MED024,11,11,0,0,24,42
2026-03-01,ST022,MED025,11,11,0,0,12,3
2026-03-01,ST022,MED026,12,12,0,0,0,29
2026-03-01,ST022,MED027,10,10,0,36,12,62
2026-03-01,ST022,MED028,7,7,0,0,24,36
2026-03-01,ST022,MED029,12,12,0,24,24,34
2026-03-01,ST022,MED030,6,6,0,12,12,13
2026-03-01,ST023,MED001,6,6,0,0,0,57
2026-03-01,ST023,MED002,13,13,0,0,12,42
2026-03-01,ST023,MED003,5,5,0,0,24,20
2026-03-01,ST023,MED004,7,7,0,0,0,37
2026-03-01,ST023,MED005,17,17,0,36,24,44
2026-03-01,ST023,MED006,9,9,0,0,12,31
2026-03-01,ST023,MED007,3,3,0,0,0,20
2026-03-01,ST023,MED008,1,1,0,0,0,22
2026-03-01,ST023,MED009,10,10,0,0,0,43
2026-03-01,ST023,MED010,3,3,0,0,0,19
2026-03-01,ST023,MED011,8,8,0,18,6,38
2026-03-01,ST023,MED012,13,13,0,12,12,28
2026-03-01,ST023,MED013,4,4,0,12,0,35
2026-03-01,ST023,MED014,2,2,0,0,0,60
2026-03-01,ST023,MED015,11,11,0,48,24,74
2026-03-01,ST023,MED016,9,9,0,0,0,33
2026-03-01,ST023,MED017,12,12,0,0,12,32
2026-03-01,ST023,MED018,2,2,0,24,0,56
2026-03-01,ST023,MED019,8,8,0,0,0,29
2026-03-01,ST023,MED020,5,5,0,0,0,37
2026-03-01,ST023,MED021,10,10,0,0,12,21
2026-03-01,ST023,MED022,7,7,0,0,6,35
2026-03-01,ST023,MED023,13,13,0,0,12,51
2026-03-01,ST023,MED024,9,9,0,0,12,47
2026-03-01,ST023,MED025,7,7,0,0,12,29
2026-03-01,ST023,MED026,12,12,0,0,24,64
2026-03-01,ST023,MED027,15,15,0,0,24,18
2026-03-01,ST023,MED028,5,5,0,0,0,15
2026-03-01,ST023,MED029,10,10,0,24,24,59
2026-03-01,ST023,MED030,6,6,0,6,6,14
2026-03-01,ST024,MED001,14,14,0,0,0,44
2026-03-01,ST024,MED002,14,14,0,0,18,39
2026-03-01,ST024,MED003,5,5,0,0,0,35
2026-03-01,ST024,MED004,8,8,0,0,12,42
2026-03-01,ST024,MED005,14,14,0,0,12,28
2026-03-01,ST024,MED006,14,14,0,36,12,49
2026-03-01,ST024,MED007,3,3,0,0,24,23
2026-03-01,ST024,MED008,3,3,0,0,12,23
2026-03-01,ST024,MED009,12,12,0,12,12,47
2026-03-01,ST024,MED010,4,4,0,0,0,27
2026-03-01,ST024,MED011,11,11,0,0,12,26
2026-03-01,ST024,MED012,15,15,0,24,12,47
2026-03-01,ST024,MED013,9,9,0,0,0,40
2026-03-01,ST024,MED014,10,10,0,0,0,8
2026-03-01,ST024,MED015,12,12,0,0,0,34
2026-03-01,ST024,MED016,9,9,0,0,0,39
2026-03-01,ST024,MED017,12,12,0,0,12,41
2026-03-01,ST024,MED018,7,7,0,0,0,33
2026-03-01,ST024,MED019,5,5,0,0,0,25
2026-03-01,ST024,MED020,7,7,0,0,0,42
2026-03-01,ST024,MED021,13,13,0,0,6,32
2026-03-01,ST024,MED022,9,9,0,0,12,29
2026-03-01,ST024,MED023,13,13,0,24,12,58
2026-03-01,ST024,MED024,13,13,0,0,12,22
2026-03-01,ST024,MED025,10,10,0,0,12,25
2026-03-01,ST024,MED026,10,10,0,0,0,38
2026-03-01,ST024,MED027,15,15,0,0,12,28
2026-03-01,ST024,MED028,7,7,0,0,0,28
2026-03-01,ST024,MED029,8,8,0,0,0,65
2026-03-01,ST024,MED030,7,7,0,12,6,27
2026-03-01,ST025,MED001,11,11,0,24,0,68
2026-03-01,ST025,MED002,13,13,0,6,18,34
2026-03-01,ST025,MED003,0,0,0,24,0,33
2026-03-01,ST025,MED004,14,14,0,0,12,23
2026-03-01,ST025,MED005,14,14,0,24,12,55
2026-03-01,ST025,MED006,14,14,0,24,12,54
2026-03-01,ST025,MED007,9,9,0,0,24,17
2026-03-01,ST025,MED008,5,5,0,12,12,28
2026-03-01,ST025,MED009,11,11,0,12,0,23
2026-03-01,ST025,MED010,2,2,0,0,0,12
2026-03-01,ST025,MED011,12,12,0,12,12,40
2026-03-01,ST025,MED012,10,10,0,0,12,26
2026-03-01,ST025,MED013,8,8,0,24,0,39
2026-03-01,ST025,MED014,4,4,0,0,0,21
2026-03-01,ST025,MED015,19,19,0,0,0,49
2026-03-01,ST025,MED016,5,5,0,24,0,58
2026-03-01,ST025,MED017,12,12,0,12,12,59
2026-03-01,ST025,MED018,7,7,0,0,0,36
2026-03-01,ST025,MED019,6,6,0,0,0,44
2026-03-01,ST025,MED020,5,5,0,24,0,35
2026-03-01,ST025,MED021,13,13,0,0,12,55
2026-03-01,ST025,MED022,11,11,0,6,12,47
2026-03-01,ST025,MED023,14,14,0,24,12,54
2026-03-01,ST025,MED024,14,14,0,12,12,42
2026-03-01,ST025,MED025,4,4,0,0,0,23
2026-03-01,ST025,MED026,16,16,0,24,24,63
2026-03-01,ST025,MED027,13,13,0,12,12,21
2026-03-01,ST025,MED028,7,7,0,24,24,44
2026-03-01,ST025,MED029,11,11,0,0,0,34
2026-03-01,ST025,MED030,4,4,0,18,0,48
2026-03-01,ST026,MED001,13,13,0,24,24,44
2026-03-01,ST026,MED002,17,17,0,0,18,34
2026-03-01,ST026,MED003,6,6,0,0,24,27
2026-03-01,ST026,MED004,6,6,0,24,0,49
2026-03-01,ST026,MED005,12,12,0,60,12,77
2026-03-01,ST026,MED006,11,11,0,24,12,64
2026-03-01,ST026,MED007,3,3,0,0,0,10
2026-03-01,ST026,MED008,2,2,0,0,0,31
2026-03-01,ST026,MED009,15,15,0,36,12,56
2026-03-01,ST026,MED010,7,7,0,0,12,23
2026-03-01,ST026,MED011,12,12,0,12,12,41
2026-03-01,ST026,MED012,27,27,0,24,36,34
2026-03-01,ST026,MED013,14,14,0,0,12,43
2026-03-01,ST026,MED014,9,9,0,24,0,43
2026-03-01,ST026,MED015,17,17,0,0,24,49
2026-03-01,ST026,MED016,9,9,0,24,0,56
2026-03-01,ST026,MED017,13,13,0,12,12,65
2026-03-01,ST026,MED018,6,6,0,0,0,36
2026-03-01,ST026,MED019,4,4,0,0,24,22
2026-03-01,ST026,MED020,11,11,0,24,0,64
2026-03-01,ST026,MED021,17,17,0,18,18,45
2026-03-01,ST026,MED022,11,11,0,12,12,40
2026-03-01,ST026,MED023,13,13,0,24,12,24
2026-03-01,ST026,MED024,16,16,0,12,24,43
2026-03-01,ST026,MED025,6,6,0,0,0,40
2026-03-01,ST026,MED026,14,14,0,0,24,74
2026-03-01,ST026,MED027,15,15,0,36,24,67
2026-03-01,ST026,MED028,8,8,0,24,0,47
2026-03-01,ST026,MED029,7,7,0,0,0,39
2026-03-01,ST026,MED030,8,8,0,6,6,40
2026-03-01,ST027,MED001,14,14,0,48,0,104
2026-03-01,ST027,MED002,16,16,0,24,18,69
2026-03-01,ST027,MED003,6,6,0,0,0,12
2026-03-01,ST027,MED004,14,14,0,12,12,23
2026-03-01,ST027,MED005,18,18,0,48,24,79
2026-03-01,ST027,MED006,14,14,0,0,24,73
2026-03-01,ST027,MED007,8,8,0,24,0,48
2026-03-01,ST027,MED008,3,3,0,0,12,20
2026-03-01,ST027,MED009,17,17,0,24,12,73
2026-03-01,ST027,MED010,4,4,0,12,0,27
2026-03-01,ST027,MED011,17,17,0,42,18,43
2026-03-01,ST027,MED012,16,16,0,24,12,77
2026-03-01,ST027,MED013,12,12,0,0,12,41
2026-03-01,ST027,MED014,8,8,0,0,0,31
2026-03-01,ST027,MED015,20,20,0,48,24,77
2026-03-01,ST027,MED016,15,15,0,0,0,50
2026-03-01,ST027,MED017,17,17,0,24,12,60
2026-03-01,ST027,MED018,12,12,0,24,24,57
2026-03-01,ST027,MED019,0,0,0,0,0,38
2026-03-01,ST027,MED020,7,7,0,0,0,58
2026-03-01,ST027,MED021,13,13,0,18,12,70
2026-03-01,ST027,MED022,10,10,0,12,12,41
2026-03-01,ST027,MED023,15,15,0,0,12,70
2026-03-01,ST027,MED024,17,17,0,12,12,56
2026-03-01,ST027,MED025,7,7,0,0,12,36
2026-03-01,ST027,MED026,17,17,0,24,24,55
2026-03-01,ST027,MED027,18,18,0,24,12,52
2026-03-01,ST027,MED028,12,12,0,0,24,33
2026-03-01,ST027,MED029,13,13,0,48,0,69
2026-03-01,ST027,MED030,7,7,0,6,6,41
2026-03-01,ST028,MED001,9,9,0,0,0,61
2026-03-01,ST028,MED002,12,12,0,0,12,33
2026-03-01,ST028,MED003,5,5,0,24,0,31
2026-03-01,ST028,MED004,7,7,0,12,0,39
2026-03-01,ST028,MED005,10,10,0,0,12,44
2026-03-01,ST028,MED006,7,7,0,12,0,31
2026-03-01,ST028,MED007,2,2,0,0,0,22
2026-03-01,ST028,MED008,0,0,0,0,0,25
2026-03-01,ST028,MED009,8,8,0,24,12,41
2026-03-01,ST028,MED010,2,2,0,12,0,26
2026-03-01,ST028,MED011,7,7,0,12,12,20
2026-03-01,ST028,MED012,6,6,0,12,12,38
2026-03-01,ST028,MED013,3,3,0,12,0,28
2026-03-01,ST028,MED014,6,6,0,0,24,28
2026-03-01,ST028,MED015,14,14,0,24,24,37
2026-03-01,ST028,MED016,4,4,0,0,24,36
2026-03-01,ST028,MED017,14,14,0,0,24,37
2026-03-01,ST028,MED018,7,7,0,0,24,31
2026-03-01,ST028,MED019,1,1,0,0,0,33
2026-03-01,ST028,MED020,10,10,0,24,0,28
2026-03-01,ST028,MED021,5,5,0,12,6,26
2026-03-01,ST028,MED022,5,5,0,6,0,8
2026-03-01,ST028,MED023,9,9,0,12,12,43
2026-03-01,ST028,MED024,12,12,0,24,12,35
2026-03-01,ST028,MED025,8,8,0,12,12,38
2026-03-01,ST028,MED026,10,10,0,24,24,63
2026-03-01,ST028,MED027,6,6,0,12,0,55
2026-03-01,ST028,MED028,4,4,0,0,0,49
2026-03-01,ST028,MED029,6,4,2,0,0,0
2026-03-01,ST028,MED030,6,6,0,6,6,20
2026-03-01,ST029,MED001,12,12,0,24,24,51
2026-03-01,ST029,MED002,9,9,0,30,6,42
2026-03-01,ST029,MED003,2,2,0,24,0,37
2026-03-01,ST029,MED004,9,9,0,0,12,24
2026-03-01,ST029,MED005,13,13,0,0,12,39
2026-03-01,ST029,MED006,11,11,0,0,12,24
2026-03-01,ST029,MED007,6,6,0,0,0,6
2026-03-01,ST029,MED008,9,9,0,0,24,13
2026-03-01,ST029,MED009,12,12,0,0,12,30
2026-03-01,ST029,MED010,2,2,0,12,0,39
2026-03-01,ST029,MED011,13,13,0,6,12,23
2026-03-01,ST029,MED012,11,11,0,24,12,34
2026-03-01,ST029,MED013,5,5,0,12,12,16
2026-03-01,ST029,MED014,7,7,0,0,0,28
2026-03-01,ST029,MED015,10,10,0,0,0,49
2026-03-01,ST029,MED016,6,6,0,0,0,4
2026-03-01,ST029,MED017,6,6,0,60,12,68
2026-03-01,ST029,MED018,2,2,0,0,0,34
2026-03-01,ST029,MED019,3,3,0,24,0,40
2026-03-01,ST029,MED020,10,10,0,24,0,23
2026-03-01,ST029,MED021,6,6,0,24,0,40
2026-03-01,ST029,MED022,6,6,0,0,6,37
2026-03-01,ST029,MED023,22,22,0,12,24,10
2026-03-01,ST029,MED024,22,22,0,12,36,46
2026-03-01,ST029,MED025,5,5,0,0,12,26
2026-03-01,ST029,MED026,11,11,0,0,24,43
2026-03-01,ST029,MED027,10,10,0,0,12,44
2026-03-01,ST029,MED028,7,7,0,0,0,15
2026-03-01,ST029,MED029,8,8,0,24,24,52
2026-03-01,ST029,MED030,7,7,0,6,6,19
2026-03-01,ST030,MED001,10,10,0,0,24,35
2026-03-01,ST030,MED002,15,15,0,0,18,27
2026-03-01,ST030,MED003,2,2,0,0,24,25
2026-03-01,ST030,MED004,6,6,0,0,0,12
2026-03-01,ST030,MED005,12,12,0,12,12,46
2026-03-01,ST030,MED006,12,12,0,0,12,26
2026-03-01,ST030,MED007,4,4,0,0,0,10
2026-03-01,ST030,MED008,6,6,0,12,12,28
2026-03-01,ST030,MED009,8,8,0,0,0,44
2026-03-01,ST030,MED010,8,8,0,0,0,18
2026-03-01,ST030,MED011,13,13,0,24,12,51
2026-03-01,ST030,MED012,9,9,0,0,12,33
2026-03-01,ST030,MED013,10,10,0,24,12,33
2026-03-01,ST030,MED014,5,5,0,0,0,24
2026-03-01,ST030,MED015,10,10,0,0,0,42
2026-03-01,ST030,MED016,8,8,0,24,0,50
2026-03-01,ST030,MED017,15,15,0,0,12,30
2026-03-01,ST030,MED018,6,6,0,24,24,41
2026-03-01,ST030,MED019,2,2,0,0,0,12
2026-03-01,ST030,MED020,7,7,0,0,0,39
2026-03-01,ST030,MED021,8,8,0,18,6,55
2026-03-01,ST030,MED022,11,11,0,0,12,19
2026-03-01,ST030,MED023,15,15,0,0,24,37
2026-03-01,ST030,MED024,10,10,0,12,12,54
2026-03-01,ST030,MED025,7,7,0,12,0,20
2026-03-01,ST030,MED026,10,10,0,48,0,62
2026-03-01,ST030,MED027,15,15,0,0,12,31
2026-03-01,ST030,MED028,9,9,0,24,24,53
2026-03-01,ST030,MED029,2,2,0,0,0,35
2026-03-01,ST030,MED030,5,5,0,12,0,24
2026-03-01,ST031,MED001,13,13,0,0,0,44
2026-03-01,ST031,MED002,15,15,0,18,12,40
2026-03-01,ST031,MED003,5,5,0,0,0,28
2026-03-01,ST031,MED004,11,11,0,12,12,40
2026-03-01,ST031,MED005,13,13,0,12,24,45
2026-03-01,ST031,MED006,11,11,0,24,12,40
2026-03-01,ST031,MED007,8,8,0,0,0,11
2026-03-01,ST031,MED008,7,7,0,0,12,15
2026-03-01,ST031,MED009,14,14,0,0,12,39
2026-03-01,ST031,MED010,1,1,0,0,0,5
2026-03-01,ST031,MED011,17,17,0,0,18,31
2026-03-01,ST031,MED012,15,15,0,0,24,17
2026-03-01,ST031,MED013,4,4,0,0,0,26
2026-03-01,ST031,MED014,7,7,0,0,0,20
2026-03-01,ST031,MED015,12,12,0,0,0,27
2026-03-01,ST031,MED016,10,10,0,0,0,33
2026-03-01,ST031,MED017,9,9,0,12,0,36
2026-03-01,ST031,MED018,5,5,0,24,0,52
2026-03-01,ST031,MED019,4,4,0,0,24,25
2026-03-01,ST031,MED020,7,7,0,0,24,48
2026-03-01,ST031,MED021,20,20,0,6,24,19
2026-03-01,ST031,MED022,5,5,0,12,0,35
2026-03-01,ST031,MED023,10,10,0,0,12,45
2026-03-01,ST031,MED024,11,11,0,24,12,57
2026-03-01,ST031,MED025,10,10,0,12,12,32
2026-03-01,ST031,MED026,14,14,0,0,0,39
2026-03-01,ST031,MED027,16,16,0,24,12,64
2026-03-01,ST031,MED028,6,6,0,0,24,38
2026-03-01,ST031,MED029,10,10,0,0,0,29
2026-03-01,ST031,MED030,1,1,0,0,0,18
2026-03-01,ST032,MED001,15,15,0,24,24,91
2026-03-01,ST032,MED002,12,12,0,0,12,27
2026-03-01,ST032,MED003,1,1,0,0,0,29
2026-03-01,ST032,MED004,10,10,0,12,0,48
2026-03-01,ST032,MED005,15,15,0,0,12,74
2026-03-01,ST032,MED006,14,14,0,0,12,46
2026-03-01,ST032,MED007,5,5,0,0,0,28
2026-03-01,ST032,MED008,4,4,0,0,0,14
2026-03-01,ST032,MED009,18,18,0,0,24,16
2026-03-01,ST032,MED010,5,5,0,12,0,19
2026-03-01,ST032,MED011,14,14,0,18,18,34
2026-03-01,ST032,MED012,12,12,0,12,12,34
2026-03-01,ST032,MED013,9,9,0,12,12,44
2026-03-01,ST032,MED014,10,10,0,0,24,36
2026-03-01,ST032,MED015,17,17,0,24,24,36
2026-03-01,ST032,MED016,9,9,0,0,24,26
2026-03-01,ST032,MED017,15,15,0,12,12,55
2026-03-01,ST032,MED018,5,5,0,24,0,50
2026-03-01,ST032,MED019,5,5,0,0,0,6
2026-03-01,ST032,MED020,6,6,0,24,0,60
2026-03-01,ST032,MED021,13,13,0,0,12,38
2026-03-01,ST032,MED022,12,12,0,0,12,37
2026-03-01,ST032,MED023,16,16,0,0,12,38
2026-03-01,ST032,MED024,16,16,0,12,12,56
2026-03-01,ST032,MED025,4,4,0,12,0,56
2026-03-01,ST032,MED026,15,15,0,0,24,41
2026-03-01,ST032,MED027,16,16,0,24,24,57
2026-03-01,ST032,MED028,5,5,0,0,0,32
2026-03-01,ST032,MED029,16,16,0,24,24,66
2026-03-01,ST032,MED030,7,7,0,6,6,21
2026-03-01,ST033,MED001,16,16,0,24,0,81
2026-03-01,ST033,MED002,18,18,0,30,18,34
2026-03-01,ST033,MED003,6,6,0,0,0,29
2026-03-01,ST033,MED004,10,10,0,12,12,40
2026-03-01,ST033,MED005,12,12,0,24,12,49
2026-03-01,ST033,MED006,18,18,0,36,24,39
2026-03-01,ST033,MED007,6,1,5,0,0,0
2026-03-01,ST033,MED008,6,6,0,12,12,27
2026-03-01,ST033,MED009,14,14,0,0,12,44
2026-03-01,ST033,MED010,4,4,0,12,0,39
2026-03-01,ST033,MED011,13,13,0,0,18,52
2026-03-01,ST033,MED012,11,11,0,0,12,60
2026-03-01,ST033,MED013,5,5,0,24,12,46
2026-03-01,ST033,MED014,5,5,0,0,0,40
2026-03-01,ST033,MED015,16,16,0,24,24,65
2026-03-01,ST033,MED016,11,11,0,0,24,32
2026-03-01,ST033,MED017,28,28,0,12,36,24
2026-03-01,ST033,MED018,9,9,0,0,0,36
2026-03-01,ST033,MED019,3,3,0,0,0,23
2026-03-01,ST033,MED020,11,11,0,24,24,53
2026-03-01,ST033,MED021,9,9,0,6,6,30
2026-03-01,ST033,MED022,9,9,0,24,12,42
2026-03-01,ST033,MED023,14,14,0,12,12,61
2026-03-01,ST033,MED024,16,16,0,0,24,51
2026-03-01,ST033,MED025,10,10,0,0,12,9
2026-03-01,ST033,MED026,17,17,0,24,24,89
2026-03-01,ST033,MED027,14,14,0,36,12,70
2026-03-01,ST033,MED028,11,11,0,24,24,57
2026-03-01,ST033,MED029,9,9,0,0,24,45
2026-03-01,ST033,MED030,7,7,0,0,6,15
2026-03-01,ST034,MED001,18,18,0,24,24,78
2026-03-01,ST034,MED002,19,19,0,12,24,49
2026-03-01,ST034,MED003,2,2,0,0,0,35
2026-03-01,ST034,MED004,13,13,0,12,12,38
2026-03-01,ST034,MED005,16,16,0,0,24,37
2026-03-01,ST034,MED006,16,16,0,24,12,41
2026-03-01,ST034,MED007,3,3,0,0,0,24
2026-03-01,ST034,MED008,5,5,0,0,12,11
2026-03-01,ST034,MED009,14,14,0,24,12,68
2026-03-01,ST034,MED010,5,5,0,0,12,21
2026-03-01,ST034,MED011,17,17,0,0,18,31
2026-03-01,ST034,MED012,13,13,0,0,12,32
2026-03-01,ST034,MED013,10,10,0,12,12,33
2026-03-01,ST034,MED014,8,8,0,24,0,37
2026-03-01,ST034,MED015,17,17,0,24,24,48
2026-03-01,ST034,MED016,8,8,0,24,0,47
2026-03-01,ST034,MED017,18,18,0,0,24,35
2026-03-01,ST034,MED018,6,6,0,24,0,42
2026-03-01,ST034,MED019,9,9,0,24,24,35
2026-03-01,ST034,MED020,10,10,0,0,24,32
2026-03-01,ST034,MED021,14,14,0,0,18,52
2026-03-01,ST034,MED022,8,8,0,12,6,39
2026-03-01,ST034,MED023,15,15,0,12,12,62
2026-03-01,ST034,MED024,16,16,0,24,12,86
2026-03-01,ST034,MED025,11,11,0,0,12,34
2026-03-01,ST034,MED026,13,13,0,24,24,51
2026-03-01,ST034,MED027,16,16,0,24,12,65
2026-03-01,ST034,MED028,9,9,0,0,0,39
2026-03-01,ST034,MED029,11,11,0,24,24,63
2026-03-01,ST034,MED030,4,4,0,12,6,29
2026-03-01,ST035,MED001,9,9,0,0,0,41
2026-03-01,ST035,MED002,10,10,0,18,12,12
2026-03-01,ST035,MED003,3,3,0,0,0,19
2026-03-01,ST035,MED004,6,6,0,0,12,22
2026-03-01,ST035,MED005,7,7,0,0,12,35
2026-03-01,ST035,MED006,8,8,0,0,12,29
2026-03-01,ST035,MED007,4,4,0,0,0,15
2026-03-01,ST035,MED008,1,1,0,0,0,32
2026-03-01,ST035,MED009,7,7,0,0,12,24
2026-03-01,ST035,MED010,1,1,0,0,0,23
2026-03-01,ST035,MED011,5,5,0,0,0,41
2026-03-01,ST035,MED012,10,10,0,12,12,52
2026-03-01,ST035,MED013,1,1,0,0,0,30
2026-03-01,ST035,MED014,5,5,0,0,0,31
2026-03-01,ST035,MED015,9,9,0,48,0,50
2026-03-01,ST035,MED016,5,5,0,0,0,27
2026-03-01,ST035,MED017,6,6,0,12,12,32
2026-03-01,ST035,MED018,1,1,0,0,0,19
2026-03-01,ST035,MED019,3,3,0,0,0,24
2026-03-01,ST035,MED020,8,8,0,24,0,46
2026-03-01,ST035,MED021,9,9,0,0,12,35
2026-03-01,ST035,MED022,7,7,0,0,6,14
2026-03-01,ST035,MED023,10,10,0,12,12,54
2026-03-01,ST035,MED024,9,9,0,12,12,19
2026-03-01,ST035,MED025,7,7,0,12,12,25
2026-03-01,ST035,MED026,7,7,0,0,24,37
2026-03-01,ST035,MED027,6,6,0,12,0,33
2026-03-01,ST035,MED028,9,9,0,24,24,26
2026-03-01,ST035,MED029,9,9,0,0,0,34
2026-03-01,ST035,MED030,6,6,0,0,6,18
2026-03-01,ST036,MED001,12,12,0,0,24,23
2026-03-01,ST036,MED002,12,12,0,0,12,34
2026-03-01,ST036,MED003,4,4,0,24,0,24
2026-03-01,ST036,MED004,7,7,0,0,12,20
2026-03-01,ST036,MED005,9,9,0,12,0,30
2026-03-01,ST036,MED006,11,11,0,0,12,29
2026-03-01,ST036,MED007,4,4,0,0,24,18
2026-03-01,ST036,MED008,4,4,0,12,12,17
2026-03-01,ST036,MED009,9,9,0,12,12,30
2026-03-01,ST036,MED010,1,1,0,0,0,22
2026-03-01,ST036,MED011,7,7,0,6,6,28
2026-03-01,ST036,MED012,15,15,0,12,24,31
2026-03-01,ST036,MED013,5,5,0,12,0,25
2026-03-01,ST036,MED014,2,2,0,0,0,23
2026-03-01,ST036,MED015,10,10,0,0,24,45
2026-03-01,ST036,MED016,5,5,0,0,0,16
2026-03-01,ST036,MED017,8,8,0,0,0,41
2026-03-01,ST036,MED018,7,7,0,0,0,27
2026-03-01,ST036,MED019,6,6,0,0,0,13
2026-03-01,ST036,MED020,11,11,0,24,0,47
2026-03-01,ST036,MED021,9,9,0,0,12,17
2026-03-01,ST036,MED022,2,2,0,12,0,43
2026-03-01,ST036,MED023,14,14,0,0,12,50
2026-03-01,ST036,MED024,12,12,0,12,12,57
2026-03-01,ST036,MED025,6,6,0,12,12,19
2026-03-01,ST036,MED026,9,9,0,0,0,36
2026-03-01,ST036,MED027,10,10,0,12,12,43
2026-03-01,ST036,MED028,7,7,0,24,0,20
2026-03-01,ST036,MED029,9,9,0,0,0,20
2026-03-01,ST036,MED030,5,5,0,0,6,24
2026-03-01,ST037,MED001,15,15,0,0,24,38
2026-03-01,ST037,MED002,12,12,0,12,12,49
2026-03-01,ST037,MED003,5,5,0,0,0,14
2026-03-01,ST037,MED004,11,11,0,12,12,26
2026-03-01,ST037,MED005,9,9,0,0,12,33
2026-03-01,ST037,MED006,12,12,0,0,12,21
2026-03-01,ST037,MED007,3,3,0,0,0,40
2026-03-01,ST037,MED008,0,0,0,0,0,18
2026-03-01,ST037,MED009,12,12,0,12,12,37
2026-03-01,ST037,MED010,5,5,0,12,12,30
2026-03-01,ST037,MED011,11,11,0,0,12,33
2026-03-01,ST037,MED012,10,10,0,0,12,14
2026-03-01,ST037,MED013,6,6,0,0,0,33
2026-03-01,ST037,MED014,4,4,0,0,0,36
2026-03-01,ST037,MED015,13,13,0,48,0,37
2026-03-01,ST037,MED016,5,5,0,0,0,45
2026-03-01,ST037,MED017,13,13,0,12,12,32
2026-03-01,ST037,MED018,2,2,0,0,0,36
2026-03-01,ST037,MED019,5,5,0,24,0,27
2026-03-01,ST037,MED020,7,7,0,0,0,42
2026-03-01,ST037,MED021,9,9,0,0,6,34
2026-03-01,ST037,MED022,10,10,0,12,12,30
2026-03-01,ST037,MED023,11,11,0,24,12,52
2026-03-01,ST037,MED024,13,13,0,0,12,46
2026-03-01,ST037,MED025,5,5,0,12,0,25
2026-03-01,ST037,MED026,15,15,0,0,24,45
2026-03-01,ST037,MED027,15,15,0,48,24,39
2026-03-01,ST037,MED028,10,10,0,0,0,8
2026-03-01,ST037,MED029,7,7,0,24,0,49
2026-03-01,ST037,MED030,7,7,0,0,6,11
2026-03-01,ST038,MED001,13,13,0,0,24,25
2026-03-01,ST038,MED002,14,14,0,6,18,36
2026-03-01,ST038,MED003,2,2,0,24,0,40
2026-03-01,ST038,MED004,12,12,0,12,12,35
2026-03-01,ST038,MED005,8,8,0,0,0,59
2026-03-01,ST038,MED006,15,15,0,12,12,32
2026-03-01,ST038,MED007,0,0,0,24,0,32
2026-03-01,ST038,MED008,6,6,0,0,12,11
2026-03-01,ST038,MED009,9,9,0,12,12,47
2026-03-01,ST038,MED010,6,6,0,0,12,13
2026-03-01,ST038,MED011,13,13,0,6,18,18
2026-03-01,ST038,MED012,12,12,0,12,12,46
2026-03-01,ST038,MED013,9,9,0,24,12,29
2026-03-01,ST038,MED014,3,3,0,0,0,39
2026-03-01,ST038,MED015,13,13,0,0,24,30
2026-03-01,ST038,MED016,7,7,0,0,0,53
2026-03-01,ST038,MED017,10,10,0,12,0,44
2026-03-01,ST038,MED018,8,8,0,0,24,16
2026-03-01,ST038,MED019,5,5,0,0,0,29
2026-03-01,ST038,MED020,6,6,0,24,0,58
2026-03-01,ST038,MED021,8,8,0,0,0,36
2026-03-01,ST038,MED022,7,7,0,18,6,35
2026-03-01,ST038,MED023,15,15,0,12,24,59
2026-03-01,ST038,MED024,17,17,0,12,12,44
2026-03-01,ST038,MED025,7,7,0,0,12,26
2026-03-01,ST038,MED026,16,16,0,0,24,32
2026-03-01,ST038,MED027,13,13,0,36,12,63
2026-03-01,ST038,MED028,9,9,0,0,24,37
2026-03-01,ST038,MED029,12,12,0,24,0,41
2026-03-01,ST038,MED030,6,6,0,6,12,14
2026-03-01,ST039,MED001,16,16,0,0,0,48
2026-03-01,ST039,MED002,11,11,0,12,12,58
2026-03-01,ST039,MED003,2,2,0,0,0,30
2026-03-01,ST039,MED004,13,13,0,12,12,37
2026-03-01,ST039,MED005,17,17,0,36,24,51
2026-03-01,ST039,MED006,11,11,0,12,12,55
2026-03-01,ST039,MED007,2,2,0,0,0,23
2026-03-01,ST039,MED008,4,4,0,0,12,27
2026-03-01,ST039,MED009,17,17,0,12,24,60
2026-03-01,ST039,MED010,4,4,0,12,12,31
2026-03-01,ST039,MED011,16,16,0,18,18,43
2026-03-01,ST039,MED012,11,11,0,12,0,53
2026-03-01,ST039,MED013,9,9,0,24,12,39
2026-03-01,ST039,MED014,7,7,0,24,0,32
2026-03-01,ST039,MED015,12,12,0,0,24,73
2026-03-01,ST039,MED016,10,10,0,0,0,51
2026-03-01,ST039,MED017,14,14,0,24,12,46
2026-03-01,ST039,MED018,5,5,0,0,0,35
2026-03-01,ST039,MED019,5,5,0,0,0,15
2026-03-01,ST039,MED020,13,13,0,0,24,43
2026-03-01,ST039,MED021,12,12,0,6,12,10
2026-03-01,ST039,MED022,7,7,0,36,6,40
2026-03-01,ST039,MED023,18,18,0,12,24,17
2026-03-01,ST039,MED024,13,13,0,12,12,38
2026-03-01,ST039,MED025,10,10,0,0,12,21
2026-03-01,ST039,MED026,13,13,0,24,0,69
2026-03-01,ST039,MED027,17,17,0,0,24,62
2026-03-01,ST039,MED028,10,10,0,0,24,7
2026-03-01,ST039,MED029,13,13,0,0,0,34
2026-03-01,ST039,MED030,7,7,0,0,6,16
2026-03-01,ST040,MED001,14,14,0,24,24,66
2026-03-01,ST040,MED002,13,13,0,36,12,48
2026-03-01,ST040,MED003,1,1,0,24,0,29
2026-03-01,ST040,MED004,12,12,0,0,12,25
2026-03-01,ST040,MED005,14,14,0,0,12,46
2026-03-01,ST040,MED006,12,12,0,0,12,36
2026-03-01,ST040,MED007,3,3,0,0,0,33
2026-03-01,ST040,MED008,0,0,0,0,0,22
2026-03-01,ST040,MED009,13,13,0,12,12,64
2026-03-01,ST040,MED010,6,6,0,12,0,31
2026-03-01,ST040,MED011,18,18,0,6,18,51
2026-03-01,ST040,MED012,16,16,0,12,12,53
2026-03-01,ST040,MED013,10,10,0,24,12,54
2026-03-01,ST040,MED014,10,10,0,24,0,42
2026-03-01,ST040,MED015,19,19,0,0,24,30
2026-03-01,ST040,MED016,16,16,0,24,24,52
2026-03-01,ST040,MED017,12,12,0,0,12,27
2026-03-01,ST040,MED018,9,9,0,0,0,42
2026-03-01,ST040,MED019,3,3,0,0,0,34
2026-03-01,ST040,MED020,11,11,0,0,24,38
2026-03-01,ST040,MED021,16,16,0,0,18,35
2026-03-01,ST040,MED022,9,9,0,0,12,25
2026-03-01,ST040,MED023,15,15,0,24,24,62
2026-03-01,ST040,MED024,19,19,0,12,12,58
2026-03-01,ST040,MED025,6,6,0,12,0,37
2026-03-01,ST040,MED026,17,17,0,0,24,75
2026-03-01,ST040,MED027,17,17,0,0,24,83
2026-03-01,ST040,MED028,6,6,0,0,0,32
2026-03-01,ST040,MED029,8,8,0,0,0,64
2026-03-01,ST040,MED030,6,6,0,6,6,27
