date,store_id,sku,requested_units,fulfilled_units,unmet_units,supplier_received_units,transfer_received_units,closing_units
2026-02-15,ST001,MED001,11,11,0,0,0,46
2026-02-15,ST001,MED002,13,13,0,0,0,40
2026-02-15,ST001,MED003,4,4,0,0,0,7
2026-02-15,ST001,MED004,7,7,0,0,0,34
2026-02-15,ST001,MED005,10,10,0,0,14,19
2026-02-15,ST001,MED006,6,6,0,0,0,1
2026-02-15,ST001,MED007,6,6,0,0,0,13
2026-02-15,ST001,MED008,3,3,0,24,0,25
2026-02-15,ST001,MED009,9,9,0,0,0,23
2026-02-15,ST001,MED010,3,3,0,0,0,25
2026-02-15,ST001,MED011,10,10,0,0,0,19
2026-02-15,ST001,MED012,11,11,0,0,0,20
2026-02-15,ST001,MED013,4,4,0,0,0,23
2026-02-15,ST001,MED014,1,1,0,0,0,15
2026-02-15,ST001,MED015,10,10,0,0,0,43
2026-02-15,ST001,MED016,6,6,0,48,0,49
2026-02-15,ST001,MED017,16,16,0,0,0,21
2026-02-15,ST001,MED018,4,4,0,0,0,44
2026-02-15,ST001,MED019,7,7,0,0,0,11
2026-02-15,ST001,MED020,2,2,0,0,0,4
2026-02-15,ST001,MED021,9,9,0,0,0,37
2026-02-15,ST001,MED022,3,3,0,0,0,28
2026-02-15,ST001,MED023,11,11,0,0,0,43
2026-02-15,ST001,MED024,12,12,0,0,0,42
2026-02-15,ST001,MED025,7,7,0,0,0,23
2026-02-15,ST001,MED026,11,11,0,0,0,51
2026-02-15,ST001,MED027,7,7,0,72,25,90
2026-02-15,ST001,MED028,8,8,0,0,0,18
2026-02-15,ST001,MED029,9,9,0,0,0,40
2026-02-15,ST001,MED030,3,3,0,0,0,19
2026-02-15,ST002,MED001,9,9,0,0,0,29
2026-02-15,ST002,MED002,12,12,0,0,0,45
2026-02-15,ST002,MED003,1,1,0,0,0,18
2026-02-15,ST002,MED004,8,8,0,0,0,18
2026-02-15,ST002,MED005,12,12,0,0,0,37
2026-02-15,ST002,MED006,19,19,0,0,0,17
2026-02-15,ST002,MED007,1,1,0,0,0,2
2026-02-15,ST002,MED008,4,4,0,0,0,15
2026-02-15,ST002,MED009,12,12,0,0,0,13
2026-02-15,ST002,MED010,4,4,0,0,0,7
2026-02-15,ST002,MED011,11,11,0,0,0,21
2026-02-15,ST002,MED012,13,7,6,0,0,0
2026-02-15,ST002,MED013,4,4,0,0,0,38
2026-02-15,ST002,MED014,6,6,0,0,0,27
2026-02-15,ST002,MED015,25,25,0,0,0,38
2026-02-15,ST002,MED016,3,3,0,0,0,38
2026-02-15,ST002,MED017,12,12,0,0,0,15
2026-02-15,ST002,MED018,8,8,0,0,0,30
2026-02-15,ST002,MED019,4,1,3,0,0,0
2026-02-15,ST002,MED020,7,7,0,0,0,30
2026-02-15,ST002,MED021,8,8,0,66,12,70
2026-02-15,ST002,MED022,4,4,0,0,0,9
2026-02-15,ST002,MED023,11,11,0,60,0,70
2026-02-15,ST002,MED024,13,13,0,0,0,47
2026-02-15,ST002,MED025,7,7,0,0,0,26
2026-02-15,ST002,MED026,12,12,0,0,0,28
2026-02-15,ST002,MED027,11,11,0,0,0,16
2026-02-15,ST002,MED028,7,7,0,0,0,17
2026-02-15,ST002,MED029,10,8,2,0,0,0
2026-02-15,ST002,MED030,3,3,0,0,0,20
2026-02-15,ST003,MED001,13,9,4,0,0,0
2026-02-15,ST003,MED002,12,12,0,60,0,76
2026-02-15,ST003,MED003,4,4,0,0,0,10
2026-02-15,ST003,MED004,10,10,0,48,0,43
2026-02-15,ST003,MED005,12,12,0,0,0,44
2026-02-15,ST003,MED006,11,11,0,0,0,37
2026-02-15,ST003,MED007,1,1,0,0,0,7
2026-02-15,ST003,MED008,6,6,0,0,0,17
2026-02-15,ST003,MED009,13,13,0,0,0,46
2026-02-15,ST003,MED010,3,3,0,0,0,7
2026-02-15,ST003,MED011,10,10,0,0,0,57
2026-02-15,ST003,MED012,11,11,0,0,0,48
2026-02-15,ST003,MED013,13,13,0,48,0,52
2026-02-15,ST003,MED014,6,6,0,48,11,56
2026-02-15,ST003,MED015,13,13,0,0,0,15
2026-02-15,ST003,MED016,8,8,0,0,0,0
2026-02-15,ST003,MED017,11,11,0,0,0,33
2026-02-15,ST003,MED018,10,10,0,0,0,32
2026-02-15,ST003,MED019,3,3,0,0,0,9
2026-02-15,ST003,MED020,8,8,0,0,0,33
2026-02-15,ST003,MED021,12,12,0,0,0,24
2026-02-15,ST003,MED022,9,9,0,0,0,25
2026-02-15,ST003,MED023,15,15,0,72,15,72
2026-02-15,ST003,MED024,17,17,0,0,0,23
2026-02-15,ST003,MED025,12,12,0,0,0,3
2026-02-15,ST003,MED026,16,16,0,0,18,2
2026-02-15,ST003,MED027,13,13,0,72,0,86
2026-02-15,ST003,MED028,4,4,0,0,0,9
2026-02-15,ST003,MED029,15,15,0,0,28,13
2026-02-15,ST003,MED030,7,7,0,0,0,11
2026-02-15,ST004,MED001,16,16,0,0,0,9
2026-02-15,ST004,MED002,14,14,0,0,0,32
2026-02-15,ST004,MED003,2,2,0,0,0,19
2026-02-15,ST004,MED004,13,13,0,48,0,35
2026-02-15,ST004,MED005,19,19,0,0,0,21
2026-02-15,ST004,MED006,9,9,0,60,0,52
2026-02-15,ST004,MED007,5,5,0,0,0,13
2026-02-15,ST004,MED008,6,6,0,0,0,10
2026-02-15,ST004,MED009,11,11,0,0,0,35
2026-02-15,ST004,MED010,3,3,0,0,0,12
2026-02-15,ST004,MED011,14,14,0,0,0,24
2026-02-15,ST004,MED012,10,10,0,0,19,9
2026-02-15,ST004,MED013,10,10,0,0,0,12
2026-02-15,ST004,MED014,3,3,0,0,0,31
2026-02-15,ST004,MED015,17,17,0,72,0,78
2026-02-15,ST004,MED016,9,9,0,0,0,6
2026-02-15,ST004,MED017,14,14,0,0,0,37
2026-02-15,ST004,MED018,9,9,0,0,0,24
2026-02-15,ST004,MED019,4,4,0,0,0,3
2026-02-15,ST004,MED020,9,9,0,48,4,43
2026-02-15,ST004,MED021,15,15,0,0,0,1
2026-02-15,ST004,MED022,5,5,0,0,0,12
2026-02-15,ST004,MED023,16,16,0,0,0,32
2026-02-15,ST004,MED024,30,30,0,0,0,34
2026-02-15,ST004,MED025,9,9,0,0,0,3
2026-02-15,ST004,MED026,11,11,0,0,0,67
2026-02-15,ST004,MED027,16,16,0,0,0,39
2026-02-15,ST004,MED028,8,8,0,0,0,9
2026-02-15,ST004,MED029,12,12,0,0,0,13
2026-02-15,ST004,MED030,8,8,0,0,0,9
2026-02-15,ST005,MED001,14,14,0,0,0,15
2026-02-15,ST005,MED002,17,17,0,0,0,17
2026-02-15,ST005,MED003,5,5,0,0,0,8
2026-02-15,ST005,MED004,15,10,5,0,10,0
2026-02-15,ST005,MED005,17,17,0,0,0,49
2026-02-15,ST005,MED006,12,12,0,0,0,31
2026-02-15,ST005,MED007,5,5,0,0,0,11
2026-02-15,ST005,MED008,4,4,0,0,0,2
2026-02-15,ST005,MED009,16,16,0,0,0,38
2026-02-15,ST005,MED010,6,6,0,0,0,15
2026-02-15,ST005,MED011,13,13,0,72,0,73
2026-02-15,ST005,MED012,11,11,0,0,0,41
2026-02-15,ST005,MED013,9,9,0,0,0,37
2026-02-15,ST005,MED014,6,6,0,0,0,42
2026-02-15,ST005,MED015,20,11,9,0,0,0
2026-02-15,ST005,MED016,11,11,0,48,20,57
2026-02-15,ST005,MED017,18,18,0,0,25,22
2026-02-15,ST005,MED018,5,5,0,0,7,15
2026-02-15,ST005,MED019,4,3,1,0,0,0
2026-02-15,ST005,MED020,11,11,0,0,0,16
2026-02-15,ST005,MED021,13,13,0,0,0,11
2026-02-15,ST005,MED022,10,1,9,0,1,0
2026-02-15,ST005,MED023,12,12,0,0,0,45
2026-02-15,ST005,MED024,15,15,0,0,0,69
2026-02-15,ST005,MED025,7,7,0,0,22,15
2026-02-15,ST005,MED026,15,15,0,0,10,10
2026-02-15,ST005,MED027,13,13,0,0,0,59
2026-02-15,ST005,MED028,6,6,0,0,23,17
2026-02-15,ST005,MED029,16,16,0,0,0,10
2026-02-15,ST005,MED030,15,12,3,0,0,0
2026-02-15,ST006,MED001,18,4,14,0,0,0
2026-02-15,ST006,MED002,16,16,0,0,0,53
2026-02-15,ST006,MED003,4,4,0,0,0,8
2026-02-15,ST006,MED004,10,2,8,0,0,0
2026-02-15,ST006,MED005,13,0,13,0,0,0
2026-02-15,ST006,MED006,11,11,0,0,0,1
2026-02-15,ST006,MED007,5,5,0,0,0,6
2026-02-15,ST006,MED008,4,4,0,0,0,8
2026-02-15,ST006,MED009,15,15,0,0,5,16
2026-02-15,ST006,MED010,5,5,0,24,4,23
2026-02-15,ST006,MED011,19,19,0,66,0,47
2026-02-15,ST006,MED012,15,0,15,0,0,0
2026-02-15,ST006,MED013,11,11,0,48,16,53
2026-02-15,ST006,MED014,8,8,0,0,15,13
2026-02-15,ST006,MED015,18,18,0,0,40,22
2026-02-15,ST006,MED016,10,10,0,0,0,3
2026-02-15,ST006,MED017,19,19,0,72,2,55
2026-02-15,ST006,MED018,6,6,0,0,0,22
2026-02-15,ST006,MED019,2,2,0,24,0,22
2026-02-15,ST006,MED020,14,14,0,48,9,43
2026-02-15,ST006,MED021,25,25,0,0,0,26
2026-02-15,ST006,MED022,12,0,12,0,0,0
2026-02-15,ST006,MED023,22,22,0,72,22,76
2026-02-15,ST006,MED024,17,17,0,72,0,55
2026-02-15,ST006,MED025,6,6,0,0,0,26
2026-02-15,ST006,MED026,16,10,6,0,0,0
2026-02-15,ST006,MED027,22,22,0,0,0,34
2026-02-15,ST006,MED028,12,12,0,0,0,17
2026-02-15,ST006,MED029,13,13,0,0,18,5
2026-02-15,ST006,MED030,7,7,0,0,0,9
2026-02-15,ST007,MED001,7,7,0,0,0,42
2026-02-15,ST007,MED002,8,8,0,66,0,65
2026-02-15,ST007,MED003,2,2,0,0,0,12
2026-02-15,ST007,MED004,7,7,0,0,0,28
2026-02-15,ST007,MED005,12,12,0,0,0,33
2026-02-15,ST007,MED006,10,10,0,0,0,32
2026-02-15,ST007,MED007,2,2,0,0,5,3
2026-02-15,ST007,MED008,1,1,0,0,0,11
2026-02-15,ST007,MED009,9,9,0,0,0,31
2026-02-15,ST007,MED010,3,3,0,0,0,10
2026-02-15,ST007,MED011,11,11,0,0,0,42
2026-02-15,ST007,MED012,8,8,0,0,0,39
2026-02-15,ST007,MED013,6,6,0,0,0,8
2026-02-15,ST007,MED014,3,3,0,0,0,33
2026-02-15,ST007,MED015,8,8,0,72,0,74
2026-02-15,ST007,MED016,5,5,0,0,0,17
2026-02-15,ST007,MED017,10,10,0,0,0,34
2026-02-15,ST007,MED018,4,4,0,0,0,32
2026-02-15,ST007,MED019,1,1,0,24,0,25
2026-02-15,ST007,MED020,7,7,0,48,0,59
2026-02-15,ST007,MED021,12,12,0,0,0,31
2026-02-15,ST007,MED022,5,5,0,0,19,14
2026-02-15,ST007,MED023,9,9,0,0,0,41
2026-02-15,ST007,MED024,13,0,13,0,0,0
2026-02-15,ST007,MED025,5,5,0,0,0,20
2026-02-15,ST007,MED026,10,10,0,0,0,23
2026-02-15,ST007,MED027,10,10,0,0,0,47
2026-02-15,ST007,MED028,6,6,0,0,0,24
2026-02-15,ST007,MED029,6,6,0,0,0,35
2026-02-15,ST007,MED030,1,1,0,30,0,34
2026-02-15,ST008,MED001,9,9,0,0,0,49
2026-02-15,ST008,MED002,13,13,0,0,0,47
2026-02-15,ST008,MED003,0,0,0,0,0,10
2026-02-15,ST008,MED004,7,7,0,0,0,29
2026-02-15,ST008,MED005,7,7,0,0,0,30
2026-02-15,ST008,MED006,12,12,0,60,0,61
2026-02-15,ST008,MED007,2,2,0,0,0,17
2026-02-15,ST008,MED008,0,0,0,0,2,7
2026-02-15,ST008,MED009,7,7,0,0,0,3
2026-02-15,ST008,MED010,1,1,0,0,0,6
2026-02-15,ST008,MED011,11,11,0,0,0,27
2026-02-15,ST008,MED012,9,9,0,0,0,35
2026-02-15,ST008,MED013,2,2,0,0,0,38
2026-02-15,ST008,MED014,6,3,3,0,0,0
2026-02-15,ST008,MED015,11,11,0,72,0,93
2026-02-15,ST008,MED016,6,6,0,0,21,15
2026-02-15,ST008,MED017,9,8,1,0,0,0
2026-02-15,ST008,MED018,6,6,0,48,0,47
2026-02-15,ST008,MED019,5,5,0,0,0,4
2026-02-15,ST008,MED020,7,7,0,0,0,38
2026-02-15,ST008,MED021,8,8,0,0,0,12
2026-02-15,ST008,MED022,4,4,0,0,0,21
2026-02-15,ST008,MED023,8,8,0,0,0,55
2026-02-15,ST008,MED024,11,11,0,0,0,28
2026-02-15,ST008,MED025,9,9,0,0,0,9
2026-02-15,ST008,MED026,10,10,0,72,0,67
2026-02-15,ST008,MED027,8,8,0,0,0,45
2026-02-15,ST008,MED028,1,1,0,0,0,28
2026-02-15,ST008,MED029,11,11,0,0,0,16
2026-02-15,ST008,MED030,7,7,0,0,0,13
2026-02-15,ST009,MED001,12,12,0,0,13,12
2026-02-15,ST009,MED002,14,14,0,0,0,26
2026-02-15,ST009,MED003,4,4,0,0,0,22
2026-02-15,ST009,MED004,7,7,0,0,0,36
2026-02-15,ST009,MED005,10,10,0,0,0,31
2026-02-15,ST009,MED006,13,13,0,0,0,31
2026-02-15,ST009,MED007,3,3,0,0,4,6
2026-02-15,ST009,MED008,3,3,0,0,0,14
2026-02-15,ST009,MED009,11,11,0,0,0,22
2026-02-15,ST009,MED010,1,1,0,0,0,16
2026-02-15,ST009,MED011,11,11,0,66,2,57
2026-02-15,ST009,MED012,11,11,0,0,0,36
2026-02-15,ST009,MED013,10,10,0,0,0,4
2026-02-15,ST009,MED014,8,8,0,0,0,17
2026-02-15,ST009,MED015,15,15,0,0,0,18
2026-02-15,ST009,MED016,2,0,2,0,0,0
2026-02-15,ST009,MED017,13,13,0,60,32,80
2026-02-15,ST009,MED018,4,4,0,0,0,33
2026-02-15,ST009,MED019,3,3,0,0,0,8
2026-02-15,ST009,MED020,7,7,0,0,0,13
2026-02-15,ST009,MED021,11,11,0,54,0,72
2026-02-15,ST009,MED022,6,6,0,0,0,2
2026-02-15,ST009,MED023,9,9,0,0,0,33
2026-02-15,ST009,MED024,15,15,0,0,0,19
2026-02-15,ST009,MED025,5,5,0,0,0,32
2026-02-15,ST009,MED026,11,11,0,0,0,52
2026-02-15,ST009,MED027,16,16,0,0,0,46
2026-02-15,ST009,MED028,6,6,0,0,0,18
2026-02-15,ST009,MED029,8,8,0,0,0,44
2026-02-15,ST009,MED030,9,9,0,0,0,4
2026-02-15,ST010,MED001,10,10,0,0,0,8
2026-02-15,ST010,MED002,12,12,0,0,0,14
2026-02-15,ST010,MED003,3,3,0,0,0,13
2026-02-15,ST010,MED004,10,10,0,0,0,35
2026-02-15,ST010,MED005,12,12,0,0,0,38
2026-02-15,ST010,MED006,9,9,0,0,0,29
2026-02-15,ST010,MED007,1,1,0,0,0,6
2026-02-15,ST010,MED008,0,0,0,0,0,13
2026-02-15,ST010,MED009,12,12,0,0,0,24
2026-02-15,ST010,MED010,11,5,6,0,0,0
2026-02-15,ST010,MED011,12,12,0,0,0,30
2026-02-15,ST010,MED012,10,10,0,0,0,8
2026-02-15,ST010,MED013,6,6,0,0,0,21
2026-02-15,ST010,MED014,6,6,0,0,15,9
2026-02-15,ST010,MED015,15,15,0,0,0,12
2026-02-15,ST010,MED016,4,4,0,0,0,34
2026-02-15,ST010,MED017,15,15,0,0,0,18
2026-02-15,ST010,MED018,6,6,0,0,0,36
2026-02-15,ST010,MED019,2,2,0,0,0,13
2026-02-15,ST010,MED020,10,10,0,48,0,43
2026-02-15,ST010,MED021,13,13,0,0,0,12
2026-02-15,ST010,MED022,12,12,0,0,0,6
2026-02-15,ST010,MED023,13,13,0,0,0,41
2026-02-15,ST010,MED024,17,17,0,0,0,47
2026-02-15,ST010,MED025,10,10,0,0,0,24
2026-02-15,ST010,MED026,12,12,0,0,0,22
2026-02-15,ST010,MED027,14,14,0,0,0,39
2026-02-15,ST010,MED028,4,4,0,0,0,21
2026-02-15,ST010,MED029,6,6,0,0,0,23
2026-02-15,ST010,MED030,4,4,0,0,0,18
2026-02-15,ST011,MED001,11,11,0,0,0,47
2026-02-15,ST011,MED002,14,14,0,60,7,53
2026-02-15,ST011,MED003,4,4,0,0,0,8
2026-02-15,ST011,MED004,7,7,0,0,0,35
2026-02-15,ST011,MED005,17,17,0,0,0,33
2026-02-15,ST011,MED006,12,12,0,60,34,82
2026-02-15,ST011,MED007,7,4,3,0,0,0
2026-02-15,ST011,MED008,10,10,0,0,0,0
2026-02-15,ST011,MED009,9,9,0,60,0,74
2026-02-15,ST011,MED010,6,6,0,24,2,20
2026-02-15,ST011,MED011,13,13,0,0,0,32
2026-02-15,ST011,MED012,11,11,0,0,0,44
2026-02-15,ST011,MED013,10,10,0,0,0,23
2026-02-15,ST011,MED014,7,7,0,0,0,18
2026-02-15,ST011,MED015,14,14,0,72,0,62
2026-02-15,ST011,MED016,8,8,0,0,0,21
2026-02-15,ST011,MED017,12,12,0,72,0,80
2026-02-15,ST011,MED018,8,8,0,0,8,12
2026-02-15,ST011,MED019,5,3,2,0,0,0
2026-02-15,ST011,MED020,9,9,0,0,0,39
2026-02-15,ST011,MED021,14,14,0,0,0,33
2026-02-15,ST011,MED022,11,11,0,0,0,16
2026-02-15,ST011,MED023,16,7,9,0,0,0
2026-02-15,ST011,MED024,13,13,0,0,0,62
2026-02-15,ST011,MED025,10,10,0,0,0,23
2026-02-15,ST011,MED026,13,13,0,0,0,4
2026-02-15,ST011,MED027,15,15,0,0,0,41
2026-02-15,ST011,MED028,8,8,0,0,0,27
2026-02-15,ST011,MED029,16,16,0,72,17,73
2026-02-15,ST011,MED030,3,3,0,0,0,11
2026-02-15,ST012,MED001,16,16,0,0,0,19
2026-02-15,ST012,MED002,15,0,15,0,0,0
2026-02-15,ST012,MED003,5,5,0,0,0,5
2026-02-15,ST012,MED004,9,9,0,48,0,58
2026-02-15,ST012,MED005,13,13,0,0,0,12
2026-02-15,ST012,MED006,16,16,0,0,0,11
2026-02-15,ST012,MED007,5,5,0,0,0,6
2026-02-15,ST012,MED008,5,5,0,0,0,5
2026-02-15,ST012,MED009,15,15,0,60,0,45
2026-02-15,ST012,MED010,6,6,0,0,0,6
2026-02-15,ST012,MED011,14,14,0,0,0,6
2026-02-15,ST012,MED012,16,16,0,60,0,62
2026-02-15,ST012,MED013,9,9,0,0,0,11
2026-02-15,ST012,MED014,6,6,0,0,0,12
2026-02-15,ST012,MED015,16,0,16,0,0,0
2026-02-15,ST012,MED016,6,6,0,0,0,5
2026-02-15,ST012,MED017,12,12,0,0,0,17
2026-02-15,ST012,MED018,5,5,0,0,0,5
2026-02-15,ST012,MED019,5,5,0,0,0,6
2026-02-15,ST012,MED020,13,13,0,0,0,20
2026-02-15,ST012,MED021,11,11,0,0,0,35
2026-02-15,ST012,MED022,12,12,0,0,0,8
2026-02-15,ST012,MED023,14,14,0,0,0,33
2026-02-15,ST012,MED024,17,17,0,0,0,9
2026-02-15,ST012,MED025,8,8,0,0,0,20
2026-02-15,ST012,MED026,18,18,0,0,0,38
2026-02-15,ST012,MED027,17,17,0,0,0,5
2026-02-15,ST012,MED028,5,5,0,0,0,37
2026-02-15,ST012,MED029,12,12,0,72,0,68
2026-02-15,ST012,MED030,7,7,0,30,0,33
2026-02-15,ST013,MED001,15,15,0,0,0,3
2026-02-15,ST013,MED002,17,17,0,0,19,2
2026-02-15,ST013,MED003,4,4,0,0,0,15
2026-02-15,ST013,MED004,14,14,0,0,0,5
2026-02-15,ST013,MED005,16,16,0,0,18,32
2026-02-15,ST013,MED006,12,1,11,0,1,0
2026-02-15,ST013,MED007,10,10,0,0,0,5
2026-02-15,ST013,MED008,0,0,0,0,2,5
2026-02-15,ST013,MED009,13,9,4,0,0,0
2026-02-15,ST013,MED010,7,7,0,0,0,10
2026-02-15,ST013,MED011,14,14,0,60,0,46
2026-02-15,ST013,MED012,18,18,0,0,0,26
2026-02-15,ST013,MED013,8,8,0,48,21,61
2026-02-15,ST013,MED014,7,7,0,0,0,15
2026-02-15,ST013,MED015,19,19,0,0,0,6
2026-02-15,ST013,MED016,11,11,0,0,0,9
2026-02-15,ST013,MED017,13,13,0,0,0,44
2026-02-15,ST013,MED018,8,8,0,0,0,18
2026-02-15,ST013,MED019,3,3,0,24,0,26
2026-02-15,ST013,MED020,10,10,0,0,12,2
2026-02-15,ST013,MED021,16,16,0,0,0,12
2026-02-15,ST013,MED022,11,11,0,0,0,14
2026-02-15,ST013,MED023,16,9,7,0,9,0
2026-02-15,ST013,MED024,19,19,0,0,0,40
2026-02-15,ST013,MED025,7,7,0,0,2,12
2026-02-15,ST013,MED026,16,16,0,0,0,65
2026-02-15,ST013,MED027,19,0,19,0,0,0
2026-02-15,ST013,MED028,7,7,0,48,18,68
2026-02-15,ST013,MED029,11,11,0,0,27,23
2026-02-15,ST013,MED030,9,9,0,0,4,3
2026-02-15,ST014,MED001,7,7,0,72,0,85
2026-02-15,ST014,MED002,7,7,0,0,0,8
2026-02-15,ST014,MED003,1,1,0,0,0,16
2026-02-15,ST014,MED004,10,10,0,0,0,9
2026-02-15,ST014,MED005,12,10,2,0,0,0
2026-02-15,ST014,MED006,10,10,0,0,0,40
2026-02-15,ST014,MED007,3,3,0,0,0,7
2026-02-15,ST014,MED008,5,5,0,0,0,0
2026-02-15,ST014,MED009,5,5,0,0,0,41
2026-02-15,ST014,MED010,3,1,2,0,0,0
2026-02-15,ST014,MED011,8,8,0,0,0,21
2026-02-15,ST014,MED012,7,7,0,0,0,23
2026-02-15,ST014,MED013,10,10,0,48,0,45
2026-02-15,ST014,MED014,5,5,0,0,0,10
2026-02-15,ST014,MED015,8,8,0,0,0,46
2026-02-15,ST014,MED016,6,6,0,0,0,30
2026-02-15,ST014,MED017,5,5,0,0,0,46
2026-02-15,ST014,MED018,8,8,0,48,0,51
2026-02-15,ST014,MED019,1,1,0,0,0,6
2026-02-15,ST014,MED020,3,3,0,0,0,29
2026-02-15,ST014,MED021,9,9,0,0,0,40
2026-02-15,ST014,MED022,6,6,0,0,0,6
2026-02-15,ST014,MED023,11,11,0,0,0,38
2026-02-15,ST014,MED024,10,10,0,0,0,34
2026-02-15,ST014,MED025,1,1,0,0,0,28
2026-02-15,ST014,MED026,8,8,0,0,0,12
2026-02-15,ST014,MED027,11,11,0,72,19,81
2026-02-15,ST014,MED028,5,5,0,0,0,55
2026-02-15,ST014,MED029,12,12,0,0,0,6
2026-02-15,ST014,MED030,6,6,0,0,0,12
2026-02-15,ST015,MED001,12,12,0,72,0,65
2026-02-15,ST015,MED002,8,8,0,0,0,57
2026-02-15,ST015,MED003,1,1,0,0,0,12
2026-02-15,ST015,MED004,9,9,0,0,0,3
2026-02-15,ST015,MED005,10,10,0,0,0,40
2026-02-15,ST015,MED006,7,7,0,0,0,42
2026-02-15,ST015,MED007,2,2,0,0,0,11
2026-02-15,ST015,MED008,0,0,0,0,0,20
2026-02-15,ST015,MED009,9,9,0,0,0,29
2026-02-15,ST015,MED010,2,2,0,0,0,16
2026-02-15,ST015,MED011,11,11,0,0,0,33
2026-02-15,ST015,MED012,9,9,0,0,29,20
2026-02-15,ST015,MED013,5,5,0,0,0,29
2026-02-15,ST015,MED014,6,6,0,0,0,24
2026-02-15,ST015,MED015,14,14,0,0,0,57
2026-02-15,ST015,MED016,12,12,0,0,0,27
2026-02-15,ST015,MED017,15,15,0,72,0,58
2026-02-15,ST015,MED018,4,4,0,48,0,64
2026-02-15,ST015,MED019,5,5,0,24,0,25
2026-02-15,ST015,MED020,7,7,0,0,0,38
2026-02-15,ST015,MED021,8,8,0,0,0,45
2026-02-15,ST015,MED022,11,11,0,0,0,33
2026-02-15,ST015,MED023,11,11,0,0,0,22
2026-02-15,ST015,MED024,8,8,0,0,0,40
2026-02-15,ST015,MED025,5,5,0,0,0,11
2026-02-15,ST015,MED026,9,9,0,0,0,43
2026-02-15,ST015,MED027,13,13,0,0,0,39
2026-02-15,ST015,MED028,11,11,0,0,0,27
2026-02-15,ST015,MED029,7,7,0,0,0,21
2026-02-15,ST015,MED030,5,5,0,0,0,19
2026-02-15,ST016,MED001,13,13,0,72,0,70
2026-02-15,ST016,MED002,11,11,0,0,0,15
2026-02-15,ST016,MED003,6,6,0,0,0,15
2026-02-15,ST016,MED004,9,9,0,48,0,39
2026-02-15,ST016,MED005,8,8,0,0,0,54
2026-02-15,ST016,MED006,11,5,6,0,0,0
2026-02-15,ST016,MED007,4,4,0,0,0,11
2026-02-15,ST016,MED008,3,3,0,24,0,27
2026-02-15,ST016,MED009,8,8,0,0,0,12
2026-02-15,ST016,MED010,2,2,0,0,0,8
2026-02-15,ST016,MED011,11,11,0,0,0,35
2026-02-15,ST016,MED012,8,8,0,0,0,28
2026-02-15,ST016,MED013,4,4,0,0,10,6
2026-02-15,ST016,MED014,1,1,0,0,0,23
2026-02-15,ST016,MED015,11,11,0,0,0,40
2026-02-15,ST016,MED016,6,6,0,0,0,35
2026-02-15,ST016,MED017,13,13,0,0,0,10
2026-02-15,ST016,MED018,8,8,0,0,0,29
2026-02-15,ST016,MED019,2,2,0,24,8,30
2026-02-15,ST016,MED020,5,5,0,0,0,31
2026-02-15,ST016,MED021,10,10,0,0,0,20
2026-02-15,ST016,MED022,5,5,0,0,6,1
2026-02-15,ST016,MED023,10,10,0,0,0,13
2026-02-15,ST016,MED024,9,9,0,0,0,8
2026-02-15,ST016,MED025,9,9,0,48,0,44
2026-02-15,ST016,MED026,13,13,0,0,0,38
2026-02-15,ST016,MED027,9,9,0,72,0,86
2026-02-15,ST016,MED028,7,7,0,0,14,12
2026-02-15,ST016,MED029,7,7,0,0,0,32
2026-02-15,ST016,MED030,5,5,0,0,0,21
2026-02-15,ST017,MED001,14,14,0,72,0,74
2026-02-15,ST017,MED002,11,8,3,0,0,0
2026-02-15,ST017,MED003,6,6,0,0,0,10
2026-02-15,ST017,MED004,11,11,0,48,0,37
2026-02-15,ST017,MED005,15,15,0,0,0,45
2026-02-15,ST017,MED006,12,12,0,0,0,12
2026-02-15,ST017,MED007,6,6,0,0,0,14
2026-02-15,ST017,MED008,3,3,0,24,13,34
2026-02-15,ST017,MED009,10,10,0,0,0,44
2026-02-15,ST017,MED010,4,4,0,0,0,7
2026-02-15,ST017,MED011,11,11,0,60,0,49
2026-02-15,ST017,MED012,10,10,0,0,0,24
2026-02-15,ST017,MED013,9,9,0,0,0,32
2026-02-15,ST017,MED014,6,6,0,0,0,17
2026-02-15,ST017,MED015,14,14,0,0,0,4
2026-02-15,ST017,MED016,6,6,0,0,0,10
2026-02-15,ST017,MED017,14,14,0,0,0,34
2026-02-15,ST017,MED018,0,0,0,0,0,42
2026-02-15,ST017,MED019,2,2,0,0,0,5
2026-02-15,ST017,MED020,9,9,0,48,0,41
2026-02-15,ST017,MED021,10,10,0,60,0,50
2026-02-15,ST017,MED022,4,4,0,0,0,35
2026-02-15,ST017,MED023,9,9,0,0,0,58
2026-02-15,ST017,MED024,18,18,0,0,0,57
2026-02-15,ST017,MED025,7,7,0,0,0,17
2026-02-15,ST017,MED026,10,10,0,0,0,50
2026-02-15,ST017,MED027,15,15,0,0,0,55
2026-02-15,ST017,MED028,15,15,0,0,0,12
2026-02-15,ST017,MED029,10,10,0,0,0,41
2026-02-15,ST017,MED030,5,5,0,0,0,25
2026-02-15,ST018,MED001,14,14,0,0,0,21
2026-02-15,ST018,MED002,13,13,0,0,41,28
2026-02-15,ST018,MED003,3,3,0,0,10,7
2026-02-15,ST018,MED004,17,17,0,0,0,31
2026-02-15,ST018,MED005,16,0,16,0,0,0
2026-02-15,ST018,MED006,10,10,0,0,0,26
2026-02-15,ST018,MED007,4,0,4,0,0,0
2026-02-15,ST018,MED008,0,0,0,0,0,19
2026-02-15,ST018,MED009,16,16,0,0,27,21
2026-02-15,ST018,MED010,6,6,0,0,0,12
2026-02-15,ST018,MED011,22,2,20,0,0,0
2026-02-15,ST018,MED012,9,9,0,0,0,3
2026-02-15,ST018,MED013,7,7,0,0,0,9
2026-02-15,ST018,MED014,12,12,0,0,0,15
2026-02-15,ST018,MED015,26,26,0,72,0,46
2026-02-15,ST018,MED016,8,8,0,0,0,12
2026-02-15,ST018,MED017,12,12,0,0,0,55
2026-02-15,ST018,MED018,9,9,0,0,8,10
2026-02-15,ST018,MED019,0,0,0,0,0,7
2026-02-15,ST018,MED020,9,9,0,0,0,10
2026-02-15,ST018,MED021,14,14,0,0,0,29
2026-02-15,ST018,MED022,8,8,0,0,0,15
2026-02-15,ST018,MED023,14,14,0,0,0,16
2026-02-15,ST018,MED024,10,10,0,0,0,47
2026-02-15,ST018,MED025,8,8,0,0,0,30
2026-02-15,ST018,MED026,15,15,0,0,0,29
2026-02-15,ST018,MED027,13,13,0,0,0,32
2026-02-15,ST018,MED028,9,9,0,0,0,16
2026-02-15,ST018,MED029,10,10,0,0,0,29
2026-02-15,ST018,MED030,6,6,0,0,0,9
2026-02-15,ST019,MED001,16,16,0,0,31,15
2026-02-15,ST019,MED002,15,15,0,0,0,17
2026-02-15,ST019,MED003,5,5,0,0,15,10
2026-02-15,ST019,MED004,11,11,0,0,0,7
2026-02-15,ST019,MED005,16,16,0,0,40,26
2026-02-15,ST019,MED006,17,17,0,60,16,59
2026-02-15,ST019,MED007,1,1,0,0,0,5
2026-02-15,ST019,MED008,1,1,0,24,5,36
2026-02-15,ST019,MED009,14,4,10,0,0,0
2026-02-15,ST019,MED010,3,3,0,0,0,27
2026-02-15,ST019,MED011,18,18,0,0,0,34
2026-02-15,ST019,MED012,10,10,0,0,0,13
2026-02-15,ST019,MED013,11,11,0,0,0,11
2026-02-15,ST019,MED014,8,8,0,0,0,9
2026-02-15,ST019,MED015,20,20,0,72,0,65
2026-02-15,ST019,MED016,9,5,4,0,0,0
2026-02-15,ST019,MED017,15,2,13,0,0,0
2026-02-15,ST019,MED018,10,10,0,0,0,13
2026-02-15,ST019,MED019,3,2,1,0,0,0
2026-02-15,ST019,MED020,9,9,0,0,0,38
2026-02-15,ST019,MED021,13,13,0,0,0,21
2026-02-15,ST019,MED022,11,11,0,0,16,16
2026-02-15,ST019,MED023,11,11,0,0,0,36
2026-02-15,ST019,MED024,17,13,4,0,0,0
2026-02-15,ST019,MED025,7,7,0,0,0,5
2026-02-15,ST019,MED026,12,12,0,0,0,29
2026-02-15,ST019,MED027,19,19,0,0,0,48
2026-02-15,ST019,MED028,5,5,0,0,0,4
2026-02-15,ST019,MED029,14,14,0,0,0,22
2026-02-15,ST019,MED030,8,8,0,30,16,38
2026-02-15,ST020,MED001,16,16,0,0,0,71
2026-02-15,ST020,MED002,18,18,0,72,0,54
2026-02-15,ST020,MED003,6,6,0,24,10,29
2026-02-15,ST020,MED004,11,7,4,0,0,0
2026-02-15,ST020,MED005,23,23,0,60,0,61
2026-02-15,ST020,MED006,12,12,0,0,0,28
2026-02-15,ST020,MED007,1,1,0,24,12,35
2026-02-15,ST020,MED008,2,2,0,0,0,7
2026-02-15,ST020,MED009,19,19,0,0,0,5
2026-02-15,ST020,MED010,4,4,0,0,0,19
2026-02-15,ST020,MED011,14,6,8,0,2,0
2026-02-15,ST020,MED012,16,0,16,0,0,0
2026-02-15,ST020,MED013,13,13,0,48,0,35
2026-02-15,ST020,MED014,9,9,0,0,0,16
2026-02-15,ST020,MED015,14,14,0,72,0,58
2026-02-15,ST020,MED016,7,7,0,48,22,63
2026-02-15,ST020,MED017,13,13,0,60,0,47
2026-02-15,ST020,MED018,3,3,0,48,4,49
2026-02-15,ST020,MED019,0,0,0,24,0,24
2026-02-15,ST020,MED020,13,13,0,0,0,13
2026-02-15,ST020,MED021,10,10,0,0,0,41
2026-02-15,ST020,MED022,11,11,0,0,0,18
2026-02-15,ST020,MED023,14,14,0,0,0,8
2026-02-15,ST020,MED024,17,17,0,0,26,9
2026-02-15,ST020,MED025,9,7,2,0,5,0
2026-02-15,ST020,MED026,17,17,0,0,0,40
2026-02-15,ST020,MED027,20,20,0,0,0,47
2026-02-15,ST020,MED028,7,7,0,0,0,29
2026-02-15,ST020,MED029,17,17,0,72,30,89
2026-02-15,ST020,MED030,10,10,0,0,0,7
2026-02-15,ST021,MED001,10,10,0,0,0,25
2026-02-15,ST021,MED002,10,10,0,0,0,16
2026-02-15,ST021,MED003,0,0,0,0,0,16
2026-02-15,ST021,MED004,4,4,0,0,0,26
2026-02-15,ST021,MED005,3,3,0,0,0,45
2026-02-15,ST021,MED006,9,9,0,0,0,5
2026-02-15,ST021,MED007,1,1,0,0,0,17
2026-02-15,ST021,MED008,3,3,0,0,0,17
2026-02-15,ST021,MED009,10,10,0,0,0,24
2026-02-15,ST021,MED010,3,3,0,24,0,28
2026-02-15,ST021,MED011,12,12,0,0,0,30
2026-02-15,ST021,MED012,9,9,0,0,0,40
2026-02-15,ST021,MED013,5,5,0,0,0,28
2026-02-15,ST021,MED014,5,5,0,0,0,31
2026-02-15,ST021,MED015,9,9,0,0,0,45
2026-02-15,ST021,MED016,4,4,0,0,0,30
2026-02-15,ST021,MED017,11,11,0,0,0,37
2026-02-15,ST021,MED018,5,5,0,0,0,34
2026-02-15,ST021,MED019,1,1,0,0,0,14
2026-02-15,ST021,MED020,7,7,0,0,0,23
2026-02-15,ST021,MED021,10,10,0,0,0,20
2026-02-15,ST021,MED022,8,8,0,0,0,15
2026-02-15,ST021,MED023,10,10,0,0,0,29
2026-02-15,ST021,MED024,11,11,0,0,0,44
2026-02-15,ST021,MED025,7,7,0,0,0,16
2026-02-15,ST021,MED026,9,9,0,0,0,18
2026-02-15,ST021,MED027,11,11,0,0,0,47
2026-02-15,ST021,MED028,6,6,0,0,0,21
2026-02-15,ST021,MED029,8,8,0,0,0,40
2026-02-15,ST021,MED030,7,7,0,0,0,15
2026-02-15,ST022,MED001,8,8,0,0,0,46
2026-02-15,ST022,MED002,4,4,0,0,0,47
2026-02-15,ST022,MED003,4,4,0,0,0,15
2026-02-15,ST022,MED004,8,8,0,0,0,1
2026-02-15,ST022,MED005,13,13,0,0,0,15
2026-02-15,ST022,MED006,9,9,0,0,0,39
2026-02-15,ST022,MED007,4,4,0,24,0,20
2026-02-15,ST022,MED008,5,5,0,24,7,26
2026-02-15,ST022,MED009,12,12,0,0,0,14
2026-02-15,ST022,MED010,4,4,0,0,0,13
2026-02-15,ST022,MED011,10,10,0,0,0,41
2026-02-15,ST022,MED012,10,10,0,0,0,23
2026-02-15,ST022,MED013,5,5,0,0,0,13
2026-02-15,ST022,MED014,4,4,0,0,0,7
2026-02-15,ST022,MED015,13,13,0,0,0,47
2026-02-15,ST022,MED016,9,9,0,0,0,25
2026-02-15,ST022,MED017,8,8,0,0,0,22
2026-02-15,ST022,MED018,8,8,0,0,0,24
2026-02-15,ST022,MED019,2,0,2,0,0,0
2026-02-15,ST022,MED020,7,7,0,0,0,30
2026-02-15,ST022,MED021,7,7,0,54,0,72
2026-02-15,ST022,MED022,6,6,0,0,0,25
2026-02-15,ST022,MED023,12,12,0,0,0,45
2026-02-15,ST022,MED024,8,8,0,72,0,100
2026-02-15,ST022,MED025,6,6,0,36,0,33
2026-02-15,ST022,MED026,11,11,0,0,0,7
2026-02-15,ST022,MED027,10,10,0,0,0,57
2026-02-15,ST022,MED028,5,5,0,0,0,44
2026-02-15,ST022,MED029,11,11,0,72,0,81
2026-02-15,ST022,MED030,1,1,0,0,0,19
2026-02-15,ST023,MED001,11,11,0,0,0,42
2026-02-15,ST023,MED002,12,12,0,0,0,2
2026-02-15,ST023,MED003,3,3,0,0,0,7
2026-02-15,ST023,MED004,8,8,0,0,0,25
2026-02-15,ST023,MED005,12,12,0,0,0,33
2026-02-15,ST023,MED006,12,12,0,0,0,27
2026-02-15,ST023,MED007,3,3,0,24,0,21
2026-02-15,ST023,MED008,7,7,0,24,5,26
2026-02-15,ST023,MED009,14,14,0,60,4,50
2026-02-15,ST023,MED010,5,5,0,0,0,10
2026-02-15,ST023,MED011,16,16,0,66,6,56
2026-02-15,ST023,MED012,14,14,0,0,0,37
2026-02-15,ST023,MED013,5,5,0,0,7,14
2026-02-15,ST023,MED014,9,9,0,48,15,54
2026-02-15,ST023,MED015,13,13,0,0,0,57
2026-02-15,ST023,MED016,6,3,3,0,0,0
2026-02-15,ST023,MED017,11,11,0,0,0,25
2026-02-15,ST023,MED018,7,7,0,48,17,61
2026-02-15,ST023,MED019,3,3,0,0,0,6
2026-02-15,ST023,MED020,8,8,0,0,0,32
2026-02-15,ST023,MED021,8,8,0,0,0,29
2026-02-15,ST023,MED022,12,12,0,0,0,16
2026-02-15,ST023,MED023,11,11,0,0,0,52
2026-02-15,ST023,MED024,10,10,0,0,0,18
2026-02-15,ST023,MED025,6,0,6,0,0,0
2026-02-15,ST023,MED026,11,11,0,0,0,62
2026-02-15,ST023,MED027,11,11,0,0,0,37
2026-02-15,ST023,MED028,4,4,0,0,0,31
2026-02-15,ST023,MED029,5,5,0,0,0,33
2026-02-15,ST023,MED030,7,7,0,0,0,24
2026-02-15,ST024,MED001,11,11,0,0,0,46
2026-02-15,ST024,MED002,11,11,0,0,0,50
2026-02-15,ST024,MED003,7,7,0,0,0,12
2026-02-15,ST024,MED004,12,12,0,48,0,55
2026-02-15,ST024,MED005,13,13,0,0,0,23
2026-02-15,ST024,MED006,16,16,0,0,0,24
2026-02-15,ST024,MED007,4,4,0,0,0,11
2026-02-15,ST024,MED008,5,5,0,0,0,15
2026-02-15,ST024,MED009,13,9,4,0,0,0
2026-02-15,ST024,MED010,2,2,0,0,0,7
2026-02-15,ST024,MED011,13,13,0,0,0,35
2026-02-15,ST024,MED012,13,13,0,0,0,18
2026-02-15,ST024,MED013,5,5,0,0,0,18
2026-02-15,ST024,MED014,5,5,0,0,0,7
2026-02-15,ST024,MED015,13,13,0,0,0,23
2026-02-15,ST024,MED016,10,10,0,0,0,20
2026-02-15,ST024,MED017,12,12,0,0,0,52
2026-02-15,ST024,MED018,6,6,0,0,0,31
2026-02-15,ST024,MED019,2,2,0,0,0,17
2026-02-15,ST024,MED020,7,7,0,0,0,26
2026-02-15,ST024,MED021,17,4,13,0,1,0
2026-02-15,ST024,MED022,8,8,0,0,0,22
2026-02-15,ST024,MED023,15,15,0,84,9,78
2026-02-15,ST024,MED024,14,14,0,0,0,44
2026-02-15,ST024,MED025,5,5,0,0,0,31
2026-02-15,ST024,MED026,16,10,6,0,0,0
2026-02-15,ST024,MED027,11,11,0,0,0,39
2026-02-15,ST024,MED028,8,8,0,0,0,10
2026-02-15,ST024,MED029,9,9,0,0,0,22
2026-02-15,ST024,MED030,6,6,0,0,0,16
2026-02-15,ST025,MED001,13,13,0,0,0,46
2026-02-15,ST025,MED002,11,11,0,0,0,32
2026-02-15,ST025,MED003,4,4,0,24,0,26
2026-02-15,ST025,MED004,14,1,13,0,0,0
2026-02-15,ST025,MED005,24,24,0,0,0,53
2026-02-15,ST025,MED006,12,12,0,0,0,5
2026-02-15,ST025,MED007,3,3,0,0,0,16
2026-02-15,ST025,MED008,4,4,0,0,0,15
2026-02-15,ST025,MED009,14,14,0,60,26,75
2026-02-15,ST025,MED010,1,1,0,0,0,19
2026-02-15,ST025,MED011,12,0,12,0,0,0
2026-02-15,ST025,MED012,12,12,0,0,0,58
2026-02-15,ST025,MED013,11,11,0,0,0,9
2026-02-15,ST025,MED014,10,10,0,0,0,41
2026-02-15,ST025,MED015,16,16,0,0,0,14
2026-02-15,ST025,MED016,10,10,0,0,0,10
2026-02-15,ST025,MED017,16,16,0,0,0,56
2026-02-15,ST025,MED018,7,7,0,0,0,16
2026-02-15,ST025,MED019,8,8,0,0,0,5
2026-02-15,ST025,MED020,9,9,0,48,0,62
2026-02-15,ST025,MED021,14,6,8,0,0,0
2026-02-15,ST025,MED022,10,0,10,0,0,0
2026-02-15,ST025,MED023,12,12,0,0,0,54
2026-02-15,ST025,MED024,13,13,0,72,0,89
2026-02-15,ST025,MED025,6,6,0,0,0,20
2026-02-15,ST025,MED026,17,17,0,0,0,22
2026-02-15,ST025,MED027,15,15,0,0,0,30
2026-02-15,ST025,MED028,6,6,0,0,0,14
2026-02-15,ST025,MED029,10,10,0,0,0,10
2026-02-15,ST025,MED030,8,8,0,0,0,16
2026-02-15,ST026,MED001,19,19,0,0,0,46
2026-02-15,ST026,MED002,12,12,0,0,4,4
2026-02-15,ST026,MED003,5,5,0,0,0,9
2026-02-15,ST026,MED004,10,3,7,0,0,0
2026-02-15,ST026,MED005,15,15,0,0,0,1
2026-02-15,ST026,MED006,11,11,0,0,0,0
2026-02-15,ST026,MED007,4,4,0,0,0,5
2026-02-15,ST026,MED008,7,7,0,0,12,5
2026-02-15,ST026,MED009,10,10,0,0,0,36
2026-02-15,ST026,MED010,5,0,5,0,0,0
2026-02-15,ST026,MED011,13,13,0,0,0,21
2026-02-15,ST026,MED012,13,0,13,0,0,0
2026-02-15,ST026,MED013,15,15,0,0,0,23
2026-02-15,ST026,MED014,7,7,0,0,0,26
2026-02-15,ST026,MED015,16,16,0,0,0,50
2026-02-15,ST026,MED016,8,8,0,48,22,65
2026-02-15,ST026,MED017,20,3,17,0,0,0
2026-02-15,ST026,MED018,9,9,0,48,15,60
2026-02-15,ST026,MED019,3,3,0,0,0,16
2026-02-15,ST026,MED020,14,14,0,48,0,34
2026-02-15,ST026,MED021,14,14,0,0,0,34
2026-02-15,ST026,MED022,9,9,0,0,0,17
2026-02-15,ST026,MED023,14,14,0,0,0,29
2026-02-15,ST026,MED024,16,16,0,0,0,38
2026-02-15,ST026,MED025,10,3,7,0,0,0
2026-02-15,ST026,MED026,14,14,0,0,0,50
2026-02-15,ST026,MED027,14,12,2,0,0,0
2026-02-15,ST026,MED028,7,7,0,0,0,41
2026-02-15,ST026,MED029,15,15,0,0,0,10
2026-02-15,ST026,MED030,3,3,0,30,17,44
2026-02-15,ST027,MED001,16,16,0,0,0,23
2026-02-15,ST027,MED002,15,15,0,0,0,42
2026-02-15,ST027,MED003,5,5,0,0,0,5
2026-02-15,ST027,MED004,13,13,0,0,0,14
2026-02-15,ST027,MED005,15,15,0,72,0,75
2026-02-15,ST027,MED006,12,12,0,60,0,48
2026-02-15,ST027,MED007,7,7,0,24,0,17
2026-02-15,ST027,MED008,1,1,0,0,0,15
2026-02-15,ST027,MED009,15,15,0,0,0,46
2026-02-15,ST027,MED010,4,4,0,0,0,16
2026-02-15,ST027,MED011,18,18,0,0,0,12
2026-02-15,ST027,MED012,15,5,10,0,5,0
2026-02-15,ST027,MED013,8,8,0,48,27,67
2026-02-15,ST027,MED014,10,10,0,0,0,28
2026-02-15,ST027,MED015,16,16,0,0,0,36
2026-02-15,ST027,MED016,9,9,0,48,9,48
2026-02-15,ST027,MED017,17,17,0,0,0,31
2026-02-15,ST027,MED018,10,10,0,0,0,6
2026-02-15,ST027,MED019,5,5,0,0,0,1
2026-02-15,ST027,MED020,9,9,0,0,0,18
2026-02-15,ST027,MED021,13,13,0,0,0,23
2026-02-15,ST027,MED022,14,14,0,0,0,18
2026-02-15,ST027,MED023,17,2,15,0,0,0
2026-02-15,ST027,MED024,22,22,0,72,0,51
2026-02-15,ST027,MED025,9,9,0,48,0,39
2026-02-15,ST027,MED026,17,17,0,0,0,24
2026-02-15,ST027,MED027,17,17,0,0,0,33
2026-02-15,ST027,MED028,9,9,0,0,0,7
2026-02-15,ST027,MED029,13,13,0,0,0,26
2026-02-15,ST027,MED030,10,10,0,0,0,8
2026-02-15,ST028,MED001,14,14,0,0,0,41
2026-02-15,ST028,MED002,11,11,0,0,0,46
2026-02-15,ST028,MED003,2,2,0,0,0,17
2026-02-15,ST028,MED004,2,2,0,0,0,6
2026-02-15,ST028,MED005,10,10,0,0,0,41
2026-02-15,ST028,MED006,7,7,0,0,0,34
2026-02-15,ST028,MED007,5,5,0,0,0,7
2026-02-15,ST028,MED008,3,3,0,0,0,7
2026-02-15,ST028,MED009,8,8,0,60,0,61
2026-02-15,ST028,MED010,4,4,0,0,0,19
2026-02-15,ST028,MED011,6,6,0,0,0,42
2026-02-15,ST028,MED012,7,7,0,0,0,28
2026-02-15,ST028,MED013,7,7,0,0,0,14
2026-02-15,ST028,MED014,7,7,0,0,0,13
2026-02-15,ST028,MED015,10,10,0,0,0,8
2026-02-15,ST028,MED016,2,2,0,0,0,28
2026-02-15,ST028,MED017,7,7,0,0,0,30
2026-02-15,ST028,MED018,1,1,0,48,0,48
2026-02-15,ST028,MED019,5,5,0,0,0,3
2026-02-15,ST028,MED020,7,7,0,0,0,20
2026-02-15,ST028,MED021,8,8,0,0,0,36
2026-02-15,ST028,MED022,7,7,0,0,0,19
2026-02-15,ST028,MED023,12,12,0,0,0,36
2026-02-15,ST028,MED024,10,10,0,72,0,86
2026-02-15,ST028,MED025,8,8,0,0,0,22
2026-02-15,ST028,MED026,11,11,0,0,0,42
2026-02-15,ST028,MED027,11,11,0,0,0,26
2026-02-15,ST028,MED028,3,3,0,0,0,34
2026-02-15,ST028,MED029,9,9,0,0,0,34
2026-02-15,ST028,MED030,5,5,0,0,0,22
2026-02-15,ST029,MED001,8,8,0,0,0,49
2026-02-15,ST029,MED002,13,13,0,0,0,32
2026-02-15,ST029,MED003,6,6,0,0,0,6
2026-02-15,ST029,MED004,5,5,0,0,0,28
2026-02-15,ST029,MED005,9,9,0,0,0,16
2026-02-15,ST029,MED006,10,10,0,0,0,43
2026-02-15,ST029,MED007,1,1,0,0,0,7
2026-02-15,ST029,MED008,2,2,0,0,0,14
2026-02-15,ST029,MED009,11,11,0,0,0,38
2026-02-15,ST029,MED010,3,3,0,0,0,20
2026-02-15,ST029,MED011,11,11,0,0,0,46
2026-02-15,ST029,MED012,9,9,0,0,0,48
2026-02-15,ST029,MED013,2,2,0,0,0,37
2026-02-15,ST029,MED014,5,5,0,0,0,30
2026-02-15,ST029,MED015,10,10,0,0,0,13
2026-02-15,ST029,MED016,4,4,0,0,0,26
2026-02-15,ST029,MED017,5,5,0,0,0,49
2026-02-15,ST029,MED018,9,9,0,0,0,26
2026-02-15,ST029,MED019,4,4,0,24,0,20
2026-02-15,ST029,MED020,5,5,0,0,0,14
2026-02-15,ST029,MED021,10,10,0,0,0,29
2026-02-15,ST029,MED022,6,0,6,0,0,0
2026-02-15,ST029,MED023,12,12,0,0,0,1
2026-02-15,ST029,MED024,11,11,0,0,12,15
2026-02-15,ST029,MED025,8,8,0,0,0,17
2026-02-15,ST029,MED026,11,11,0,0,0,33
2026-02-15,ST029,MED027,11,11,0,72,0,94
2026-02-15,ST029,MED028,3,3,0,0,0,30
2026-02-15,ST029,MED029,8,8,0,72,24,91
2026-02-15,ST029,MED030,5,5,0,0,0,20
2026-02-15,ST030,MED001,13,13,0,0,0,30
2026-02-15,ST030,MED002,10,10,0,0,0,12
2026-02-15,ST030,MED003,2,2,0,0,0,23
2026-02-15,ST030,MED004,8,8,0,0,0,42
2026-02-15,ST030,MED005,8,8,0,0,0,2
2026-02-15,ST030,MED006,13,13,0,0,0,42
2026-02-15,ST030,MED007,0,0,0,0,0,12
2026-02-15,ST030,MED008,6,6,0,0,0,10
2026-02-15,ST030,MED009,10,10,0,0,0,44
2026-02-15,ST030,MED010,7,7,0,36,0,29
2026-02-15,ST030,MED011,15,15,0,0,0,32
2026-02-15,ST030,MED012,11,11,0,0,0,8
2026-02-15,ST030,MED013,6,6,0,0,0,24
2026-02-15,ST030,MED014,1,1,0,0,0,32
2026-02-15,ST030,MED015,8,8,0,0,0,44
2026-02-15,ST030,MED016,10,10,0,0,8,5
2026-02-15,ST030,MED017,15,15,0,0,0,35
2026-02-15,ST030,MED018,4,4,0,0,0,26
2026-02-15,ST030,MED019,2,2,0,0,0,14
2026-02-15,ST030,MED020,5,5,0,0,0,21
2026-02-15,ST030,MED021,11,11,0,0,0,32
2026-02-15,ST030,MED022,9,9,0,0,0,24
2026-02-15,ST030,MED023,12,12,0,0,0,48
2026-02-15,ST030,MED024,11,11,0,72,0,61
2026-02-15,ST030,MED025,9,9,0,0,0,12
2026-02-15,ST030,MED026,12,12,0,0,0,50
2026-02-15,ST030,MED027,11,11,0,0,0,26
2026-02-15,ST030,MED028,10,10,0,0,0,7
2026-02-15,ST030,MED029,7,7,0,0,0,38
2026-02-15,ST030,MED030,10,10,0,0,0,23
2026-02-15,ST031,MED001,12,12,0,72,0,85
2026-02-15,ST031,MED002,15,0,15,0,0,0
2026-02-15,ST031,MED003,6,6,0,0,0,12
2026-02-15,ST031,MED004,8,8,0,48,0,45
2026-02-15,ST031,MED005,9,9,0,0,0,59
2026-02-15,ST031,MED006,13,13,0,60,0,47
2026-02-15,ST031,MED007,5,0,5,0,0,0
2026-02-15,ST031,MED008,5,5,0,24,0,27
2026-02-15,ST031,MED009,12,12,0,72,0,69
2026-02-15,ST031,MED010,0,0,0,0,0,12
2026-02-15,ST031,MED011,15,13,2,0,0,0
2026-02-15,ST031,MED012,10,10,0,0,0,8
2026-02-15,ST031,MED013,5,5,0,0,0,32
2026-02-15,ST031,MED014,5,5,0,0,0,33
2026-02-15,ST031,MED015,10,10,0,0,36,26
2026-02-15,ST031,MED016,10,10,0,0,0,14
2026-02-15,ST031,MED017,13,13,0,0,0,29
2026-02-15,ST031,MED018,4,4,0,0,0,27
2026-02-15,ST031,MED019,1,1,0,0,2,1
2026-02-15,ST031,MED020,8,8,0,0,0,27
2026-02-15,ST031,MED021,14,14,0,0,0,19
2026-02-15,ST031,MED022,8,8,0,0,0,29
2026-02-15,ST031,MED023,17,3,14,0,0,0
2026-02-15,ST031,MED024,10,10,0,0,0,46
2026-02-15,ST031,MED025,7,7,0,0,0,24
2026-02-15,ST031,MED026,24,24,0,0,0,24
2026-02-15,ST031,MED027,12,12,0,72,33,96
2026-02-15,ST031,MED028,6,6,0,48,5,50
2026-02-15,ST031,MED029,15,15,0,0,0,40
2026-02-15,ST031,MED030,6,6,0,0,0,23
2026-02-15,ST032,MED001,13,13,0,72,0,69
2026-02-15,ST032,MED002,11,11,0,0,0,33
2026-02-15,ST032,MED003,4,4,0,0,8,8
2026-02-15,ST032,MED004,12,12,0,48,0,57
2026-02-15,ST032,MED005,15,15,0,0,0,46
2026-02-15,ST032,MED006,18,18,0,0,0,22
2026-02-15,ST032,MED007,5,5,0,24,10,29
2026-02-15,ST032,MED008,0,0,0,0,0,15
2026-02-15,ST032,MED009,17,7,10,0,0,0
2026-02-15,ST032,MED010,5,5,0,0,0,11
2026-02-15,ST032,MED011,12,12,0,0,0,25
2026-02-15,ST032,MED012,10,10,0,0,0,39
2026-02-15,ST032,MED013,5,5,0,0,0,31
2026-02-15,ST032,MED014,3,3,0,0,3,3
2026-02-15,ST032,MED015,17,17,0,0,0,20
2026-02-15,ST032,MED016,9,5,4,0,0,0
2026-02-15,ST032,MED017,14,14,0,0,0,37
2026-02-15,ST032,MED018,8,8,0,0,0,8
2026-02-15,ST032,MED019,4,4,0,0,0,16
2026-02-15,ST032,MED020,10,10,0,0,0,16
2026-02-15,ST032,MED021,13,13,0,60,0,57
2026-02-15,ST032,MED022,13,13,0,0,0,29
2026-02-15,ST032,MED023,14,14,0,72,0,81
2026-02-15,ST032,MED024,19,0,19,0,0,0
2026-02-15,ST032,MED025,7,7,0,0,0,22
2026-02-15,ST032,MED026,12,12,0,0,0,34
2026-02-15,ST032,MED027,15,15,0,72,0,57
2026-02-15,ST032,MED028,5,5,0,48,23,66
2026-02-15,ST032,MED029,12,12,0,0,0,50
2026-02-15,ST032,MED030,6,6,0,0,0,27
2026-02-15,ST033,MED001,14,14,0,0,0,38
2026-02-15,ST033,MED002,14,6,8,0,0,0
2026-02-15,ST033,MED003,6,6,0,0,0,6
2026-02-15,ST033,MED004,11,5,6,0,0,0
2026-02-15,ST033,MED005,15,15,0,0,0,47
2026-02-15,ST033,MED006,12,12,0,0,0,26
2026-02-15,ST033,MED007,0,0,0,0,0,16
2026-02-15,ST033,MED008,2,2,0,0,0,14
2026-02-15,ST033,MED009,15,15,0,60,0,53
2026-02-15,ST033,MED010,9,9,0,0,0,24
2026-02-15,ST033,MED011,12,12,0,66,0,54
2026-02-15,ST033,MED012,14,14,0,60,33,87
2026-02-15,ST033,MED013,9,9,0,48,0,39
2026-02-15,ST033,MED014,6,6,0,0,0,12
2026-02-15,ST033,MED015,15,15,0,0,0,4
2026-02-15,ST033,MED016,9,9,0,0,0,17
2026-02-15,ST033,MED017,13,13,0,0,0,33
2026-02-15,ST033,MED018,9,9,0,0,0,25
2026-02-15,ST033,MED019,6,6,0,0,0,15
2026-02-15,ST033,MED020,9,9,0,0,0,11
2026-02-15,ST033,MED021,17,17,0,0,0,18
2026-02-15,ST033,MED022,9,9,0,0,0,20
2026-02-15,ST033,MED023,14,0,14,0,0,0
2026-02-15,ST033,MED024,16,16,0,0,0,42
2026-02-15,ST033,MED025,9,9,0,0,0,12
2026-02-15,ST033,MED026,21,21,0,0,0,43
2026-02-15,ST033,MED027,17,17,0,0,0,40
2026-02-15,ST033,MED028,8,8,0,0,8,16
2026-02-15,ST033,MED029,12,12,0,0,0,47
2026-02-15,ST033,MED030,3,3,0,0,0,17
2026-02-15,ST034,MED001,19,19,0,0,0,11
2026-02-15,ST034,MED002,13,13,0,0,0,41
2026-02-15,ST034,MED003,7,7,0,0,0,6
2026-02-15,ST034,MED004,11,11,0,0,0,27
2026-02-15,ST034,MED005,15,15,0,72,0,57
2026-02-15,ST034,MED006,18,18,0,0,0,14
2026-02-15,ST034,MED007,2,2,0,0,0,3
2026-02-15,ST034,MED008,0,0,0,0,0,15
2026-02-15,ST034,MED009,18,18,0,0,0,31
2026-02-15,ST034,MED010,5,5,0,0,0,0
2026-02-15,ST034,MED011,16,16,0,0,0,42
2026-02-15,ST034,MED012,13,13,0,0,0,0
2026-02-15,ST034,MED013,8,5,3,0,0,0
2026-02-15,ST034,MED014,4,4,0,0,3,6
2026-02-15,ST034,MED015,20,20,0,0,0,76
2026-02-15,ST034,MED016,11,9,2,0,0,0
2026-02-15,ST034,MED017,13,0,13,0,0,0
2026-02-15,ST034,MED018,9,9,0,0,0,36
2026-02-15,ST034,MED019,5,5,0,0,0,4
2026-02-15,ST034,MED020,14,14,0,0,0,32
2026-02-15,ST034,MED021,12,12,0,0,0,22
2026-02-15,ST034,MED022,11,1,10,0,0,0
2026-02-15,ST034,MED023,15,15,0,0,0,17
2026-02-15,ST034,MED024,17,17,0,72,0,58
2026-02-15,ST034,MED025,7,7,0,0,11,4
2026-02-15,ST034,MED026,14,14,0,0,22,16
2026-02-15,ST034,MED027,20,20,0,0,0,62
2026-02-15,ST034,MED028,6,6,0,0,0,12
2026-02-15,ST034,MED029,11,11,0,0,0,24
2026-02-15,ST034,MED030,7,7,0,0,0,2
2026-02-15,ST035,MED001,13,13,0,0,0,48
2026-02-15,ST035,MED002,7,7,0,0,0,29
2026-02-15,ST035,MED003,1,1,0,0,0,2
2026-02-15,ST035,MED004,5,5,0,48,0,50
2026-02-15,ST035,MED005,9,9,0,0,0,41
2026-02-15,ST035,MED006,12,12,0,0,0,22
2026-02-15,ST035,MED007,4,4,0,24,0,31
2026-02-15,ST035,MED008,2,2,0,0,0,8
2026-02-15,ST035,MED009,8,8,0,0,0,40
2026-02-15,ST035,MED010,6,6,0,0,0,11
2026-02-15,ST035,MED011,10,10,0,0,0,10
2026-02-15,ST035,MED012,13,13,0,0,0,39
2026-02-15,ST035,MED013,5,5,0,0,0,44
2026-02-15,ST035,MED014,4,4,0,0,13,9
2026-02-15,ST035,MED015,13,13,0,0,0,43
2026-02-15,ST035,MED016,3,3,0,0,0,34
2026-02-15,ST035,MED017,2,2,0,0,0,46
2026-02-15,ST035,MED018,3,3,0,0,0,16
2026-02-15,ST035,MED019,0,0,0,24,0,26
2026-02-15,ST035,MED020,7,7,0,0,0,56
2026-02-15,ST035,MED021,10,10,0,0,0,26
2026-02-15,ST035,MED022,4,4,0,0,0,31
2026-02-15,ST035,MED023,11,11,0,72,0,78
2026-02-15,ST035,MED024,9,9,0,0,0,44
2026-02-15,ST035,MED025,6,6,0,0,0,13
2026-02-15,ST035,MED026,10,10,0,0,0,36
2026-02-15,ST035,MED027,8,8,0,0,0,45
2026-02-15,ST035,MED028,4,4,0,0,0,15
2026-02-15,ST035,MED029,7,7,0,0,0,35
2026-02-15,ST035,MED030,5,5,0,0,0,15
2026-02-15,ST036,MED001,12,12,0,0,0,15
2026-02-15,ST036,MED002,11,11,0,0,0,36
2026-02-15,ST036,MED003,3,3,0,0,0,15
2026-02-15,ST036,MED004,10,10,0,0,0,1
2026-02-15,ST036,MED005,11,11,0,0,0,24
2026-02-15,ST036,MED006,9,9,0,0,0,1
2026-02-15,ST036,MED007,2,2,0,24,1,24
2026-02-15,ST036,MED008,0,0,0,0,0,12
2026-02-15,ST036,MED009,7,7,0,0,0,43
2026-02-15,ST036,MED010,4,4,0,0,4,0
2026-02-15,ST036,MED011,16,16,0,0,0,38
2026-02-15,ST036,MED012,8,8,0,0,0,43
2026-02-15,ST036,MED013,11,11,0,0,0,21
2026-02-15,ST036,MED014,6,6,0,0,0,7
2026-02-15,ST036,MED015,11,11,0,0,0,48
2026-02-15,ST036,MED016,10,10,0,0,0,28
2026-02-15,ST036,MED017,7,7,0,60,0,87
2026-02-15,ST036,MED018,3,3,0,0,0,31
2026-02-15,ST036,MED019,0,0,0,0,0,7
2026-02-15,ST036,MED020,4,4,0,0,0,34
2026-02-15,ST036,MED021,10,10,0,0,0,14
2026-02-15,ST036,MED022,8,8,0,0,0,23
2026-02-15,ST036,MED023,8,8,0,0,0,22
2026-02-15,ST036,MED024,9,9,0,0,0,55
2026-02-15,ST036,MED025,4,4,0,0,0,6
2026-02-15,ST036,MED026,11,3,8,0,2,0
2026-02-15,ST036,MED027,10,10,0,0,0,34
2026-02-15,ST036,MED028,7,7,0,0,0,12
2026-02-15,ST036,MED029,8,8,0,0,0,3
2026-02-15,ST036,MED030,4,4,0,0,0,10
2026-02-15,ST037,MED001,10,10,0,0,0,3
2026-02-15,ST037,MED002,11,11,0,0,0,43
2026-02-15,ST037,MED003,2,2,0,0,10,8
2026-02-15,ST037,MED004,10,10,0,0,0,16
2026-02-15,ST037,MED005,13,13,0,72,2,82
2026-02-15,ST037,MED006,6,6,0,60,0,73
2026-02-15,ST037,MED007,8,8,0,0,0,8
2026-02-15,ST037,MED008,3,3,0,24,0,26
2026-02-15,ST037,MED009,15,15,0,0,0,16
2026-02-15,ST037,MED010,6,6,0,0,0,9
2026-02-15,ST037,MED011,7,7,0,0,0,40
2026-02-15,ST037,MED012,8,8,0,0,0,38
2026-02-15,ST037,MED013,13,13,0,0,0,16
2026-02-15,ST037,MED014,3,3,0,0,0,52
2026-02-15,ST037,MED015,13,13,0,0,0,53
2026-02-15,ST037,MED016,9,9,0,0,0,10
2026-02-15,ST037,MED017,12,12,0,0,0,50
2026-02-15,ST037,MED018,5,5,0,0,8,13
2026-02-15,ST037,MED019,1,1,0,0,0,21
2026-02-15,ST037,MED020,9,9,0,0,0,3
2026-02-15,ST037,MED021,12,0,12,0,0,0
2026-02-15,ST037,MED022,6,6,0,0,0,29
2026-02-15,ST037,MED023,11,11,0,0,0,50
2026-02-15,ST037,MED024,11,11,0,0,24,25
2026-02-15,ST037,MED025,7,7,0,0,0,25
2026-02-15,ST037,MED026,10,10,0,0,0,21
2026-02-15,ST037,MED027,14,14,0,0,0,45
2026-02-15,ST037,MED028,5,5,0,0,0,30
2026-02-15,ST037,MED029,9,9,0,0,0,43
2026-02-15,ST037,MED030,8,8,0,0,0,4
2026-02-15,ST038,MED001,16,16,0,72,0,56
2026-02-15,ST038,MED002,13,13,0,0,0,8
2026-02-15,ST038,MED003,3,3,0,0,0,10
2026-02-15,ST038,MED004,11,5,6,0,5,0
2026-02-15,ST038,MED005,13,13,0,0,0,22
2026-02-15,ST038,MED006,15,11,4,0,0,0
2026-02-15,ST038,MED007,5,5,0,0,0,4
2026-02-15,ST038,MED008,1,1,0,0,0,17
2026-02-15,ST038,MED009,12,12,0,0,0,43
2026-02-15,ST038,MED010,0,0,0,0,0,21
2026-02-15,ST038,MED011,12,12,0,0,0,22
2026-02-15,ST038,MED012,12,12,0,60,0,48
2026-02-15,ST038,MED013,6,6,0,0,0,13
2026-02-15,ST038,MED014,8,8,0,0,0,10
2026-02-15,ST038,MED015,14,14,0,72,0,58
2026-02-15,ST038,MED016,10,10,0,0,0,0
2026-02-15,ST038,MED017,20,20,0,0,0,44
2026-02-15,ST038,MED018,9,9,0,0,0,27
2026-02-15,ST038,MED019,2,2,0,0,0,15
2026-02-15,ST038,MED020,11,0,11,0,0,0
2026-02-15,ST038,MED021,14,14,0,0,0,22
2026-02-15,ST038,MED022,8,8,0,0,0,29
2026-02-15,ST038,MED023,15,15,0,0,0,22
2026-02-15,ST038,MED024,13,13,0,72,0,93
2026-02-15,ST038,MED025,6,6,0,0,0,26
2026-02-15,ST038,MED026,12,12,0,0,0,15
2026-02-15,ST038,MED027,15,15,0,0,0,35
2026-02-15,ST038,MED028,8,8,0,0,0,23
2026-02-15,ST038,MED029,10,0,10,0,0,0
2026-02-15,ST038,MED030,2,2,0,30,0,32
2026-02-15,ST039,MED001,15,15,0,0,0,42
2026-02-15,ST039,MED002,11,11,0,0,0,60
2026-02-15,ST039,MED003,0,0,0,0,0,12
2026-02-15,ST039,MED004,11,10,1,0,10,0
2026-02-15,ST039,MED005,13,13,0,0,0,30
2026-02-15,ST039,MED006,9,0,9,0,0,0
2026-02-15,ST039,MED007,3,0,3,0,0,0
2026-02-15,ST039,MED008,7,7,0,0,9,5
2026-02-15,ST039,MED009,13,13,0,0,0,16
2026-02-15,ST039,MED010,4,4,0,0,0,15
2026-02-15,ST039,MED011,10,10,0,0,0,59
2026-02-15,ST039,MED012,10,0,10,0,0,0
2026-02-15,ST039,MED013,6,6,0,0,0,21
2026-02-15,ST039,MED014,5,5,0,0,0,19
2026-02-15,ST039,MED015,15,15,0,0,0,14
2026-02-15,ST039,MED016,14,14,0,0,0,27
2026-02-15,ST039,MED017,16,16,0,0,0,24
2026-02-15,ST039,MED018,8,8,0,0,0,13
2026-02-15,ST039,MED019,4,4,0,0,0,16
2026-02-15,ST039,MED020,8,8,0,0,0,30
2026-02-15,ST039,MED021,14,1,13,0,1,0
2026-02-15,ST039,MED022,8,8,0,0,0,39
2026-02-15,ST039,MED023,12,12,0,0,0,46
2026-02-15,ST039,MED024,14,14,0,0,0,55
2026-02-15,ST039,MED025,6,6,0,0,0,19
2026-02-15,ST039,MED026,12,12,0,0,0,62
2026-02-15,ST039,MED027,14,14,0,72,36,102
2026-02-15,ST039,MED028,6,6,0,0,20,14
2026-02-15,ST039,MED029,10,10,0,0,0,22
2026-02-15,ST039,MED030,6,6,0,0,0,6
2026-02-15,ST040,MED001,16,16,0,72,9,65
2026-02-15,ST040,MED002,14,14,0,0,0,3
2026-02-15,ST040,MED003,3,3,0,0,0,12
2026-02-15,ST040,MED004,9,9,0,0,0,17
2026-02-15,ST040,MED005,16,5,11,0,1,0
2026-02-15,ST040,MED006,13,13,0,60,0,74
2026-02-15,ST040,MED007,5,5,0,0,0,13
2026-02-15,ST040,MED008,2,2,0,0,10,8
2026-02-15,ST040,MED009,15,15,0,0,0,30
2026-02-15,ST040,MED010,3,3,0,0,0,29
2026-02-15,ST040,MED011,17,17,0,0,0,48
2026-02-15,ST040,MED012,14,14,0,0,0,36
2026-02-15,ST040,MED013,10,10,0,0,0,1
2026-02-15,ST040,MED014,3,3,0,0,0,39
2026-02-15,ST040,MED015,17,0,17,0,0,0
2026-02-15,ST040,MED016,8,8,0,48,0,40
2026-02-15,ST040,MED017,12,12,0,72,0,60
2026-02-15,ST040,MED018,13,13,0,0,0,29
2026-02-15,ST040,MED019,2,2,0,0,0,3
2026-02-15,ST040,MED020,7,7,0,48,0,41
2026-02-15,ST040,MED021,15,15,0,0,0,22
2026-02-15,ST040,MED022,6,6,0,0,0,14
2026-02-15,ST040,MED023,14,14,0,0,0,57
2026-02-15,ST040,MED024,15,15,0,0,0,51
2026-02-15,ST040,MED025,9,9,0,0,0,23
2026-02-15,ST040,MED026,15,15,0,0,0,30
2026-02-15,ST040,MED027,16,16,0,0,0,22
2026-02-15,ST040,MED028,9,9,0,0,0,11
2026-02-15,ST040,MED029,15,15,0,0,0,45
2026-02-15,ST040,MED030,5,5,0,30,4,30
2026-02-16,ST001,MED001,9,9,0,0,0,37
2026-02-16,ST001,MED002,6,6,0,0,0,34
2026-02-16,ST001,MED003,6,6,0,0,0,1
2026-02-16,ST001,MED004,8,8,0,0,0,26
2026-02-16,ST001,MED005,7,7,0,72,0,84
2026-02-16,ST001,MED006,6,6,0,60,0,55
2026-02-16,ST001,MED007,1,1,0,0,0,12
2026-02-16,ST001,MED008,1,1,0,0,0,24
2026-02-16,ST001,MED009,9,9,0,0,0,14
2026-02-16,ST001,MED010,3,3,0,0,0,22
2026-02-16,ST001,MED011,9,9,0,0,0,10
2026-02-16,ST001,MED012,10,10,0,60,0,70
2026-02-16,ST001,MED013,5,5,0,36,0,54
2026-02-16,ST001,MED014,3,3,0,0,0,12
2026-02-16,ST001,MED015,13,13,0,0,0,30
2026-02-16,ST001,MED016,9,9,0,0,0,40
2026-02-16,ST001,MED017,7,7,0,0,0,14
2026-02-16,ST001,MED018,4,4,0,0,0,40
2026-02-16,ST001,MED019,4,4,0,0,0,7
2026-02-16,ST001,MED020,6,6,0,48,0,46
2026-02-16,ST001,MED021,5,5,0,0,0,32
2026-02-16,ST001,MED022,8,8,0,0,0,20
2026-02-16,ST001,MED023,8,8,0,0,0,35
2026-02-16,ST001,MED024,10,10,0,0,0,32
2026-02-16,ST001,MED025,8,8,0,0,0,15
2026-02-16,ST001,MED026,9,9,0,0,0,42
2026-02-16,ST001,MED027,14,14,0,0,0,76
2026-02-16,ST001,MED028,3,3,0,0,0,15
2026-02-16,ST001,MED029,10,10,0,0,0,30
2026-02-16,ST001,MED030,5,5,0,0,0,14
2026-02-16,ST002,MED001,14,14,0,0,0,15
2026-02-16,ST002,MED002,10,10,0,0,0,35
2026-02-16,ST002,MED003,3,3,0,0,0,15
2026-02-16,ST002,MED004,4,4,0,0,0,14
2026-02-16,ST002,MED005,13,13,0,0,0,24
2026-02-16,ST002,MED006,9,9,0,0,0,8
2026-02-16,ST002,MED007,2,2,0,0,0,0
2026-02-16,ST002,MED008,0,0,0,0,0,15
2026-02-16,ST002,MED009,12,12,0,0,0,1
2026-02-16,ST002,MED010,7,7,0,36,0,36
2026-02-16,ST002,MED011,8,8,0,0,0,13
2026-02-16,ST002,MED012,7,7,0,60,0,53
2026-02-16,ST002,MED013,6,6,0,0,0,32
2026-02-16,ST002,MED014,4,4,0,0,0,23
2026-02-16,ST002,MED015,8,8,0,0,0,30
2026-02-16,ST002,MED016,5,5,0,0,0,33
2026-02-16,ST002,MED017,11,11,0,0,0,4
2026-02-16,ST002,MED018,1,1,0,0,0,29
2026-02-16,ST002,MED019,5,0,5,0,0,0
2026-02-16,ST002,MED020,5,5,0,0,0,25
2026-02-16,ST002,MED021,6,6,0,0,0,64
2026-02-16,ST002,MED022,9,9,0,0,0,0
2026-02-16,ST002,MED023,11,11,0,0,0,59
2026-02-16,ST002,MED024,11,11,0,0,0,36
2026-02-16,ST002,MED025,9,9,0,0,0,17
2026-02-16,ST002,MED026,15,15,0,72,0,85
2026-02-16,ST002,MED027,13,13,0,0,0,3
2026-02-16,ST002,MED028,2,2,0,0,0,15
2026-02-16,ST002,MED029,8,8,0,48,0,40
2026-02-16,ST002,MED030,3,3,0,0,0,17
2026-02-16,ST003,MED001,11,0,11,0,0,0
2026-02-16,ST003,MED002,10,10,0,0,0,66
2026-02-16,ST003,MED003,5,5,0,0,0,5
2026-02-16,ST003,MED004,7,7,0,0,0,36
2026-02-16,ST003,MED005,8,8,0,0,0,36
2026-02-16,ST003,MED006,13,13,0,0,0,24
2026-02-16,ST003,MED007,3,3,0,24,0,28
2026-02-16,ST003,MED008,0,0,0,0,0,17
2026-02-16,ST003,MED009,13,13,0,0,0,33
2026-02-16,ST003,MED010,1,1,0,0,0,6
2026-02-16,ST003,MED011,13,13,0,0,0,44
2026-02-16,ST003,MED012,9,9,0,0,0,39
2026-02-16,ST003,MED013,6,6,0,0,0,46
2026-02-16,ST003,MED014,4,4,0,0,0,52
2026-02-16,ST003,MED015,12,12,0,72,0,75
2026-02-16,ST003,MED016,8,8,0,48,0,40
2026-02-16,ST003,MED017,10,10,0,0,0,23
2026-02-16,ST003,MED018,8,8,0,0,0,24
2026-02-16,ST003,MED019,3,3,0,0,0,6
2026-02-16,ST003,MED020,5,5,0,0,0,28
2026-02-16,ST003,MED021,12,12,0,0,0,12
2026-02-16,ST003,MED022,7,7,0,0,0,18
2026-02-16,ST003,MED023,14,14,0,0,0,58
2026-02-16,ST003,MED024,12,12,0,72,0,83
2026-02-16,ST003,MED025,4,3,1,0,0,0
2026-02-16,ST003,MED026,11,11,0,72,0,63
2026-02-16,ST003,MED027,14,14,0,0,0,72
2026-02-16,ST003,MED028,6,6,0,0,0,3
2026-02-16,ST003,MED029,2,2,0,72,0,83
2026-02-16,ST003,MED030,6,6,0,0,0,5
2026-02-16,ST004,MED001,11,9,2,0,0,0
2026-02-16,ST004,MED002,16,16,0,0,0,16
2026-02-16,ST004,MED003,5,5,0,0,0,14
2026-02-16,ST004,MED004,9,9,0,0,0,26
2026-02-16,ST004,MED005,12,12,0,0,0,9
2026-02-16,ST004,MED006,10,10,0,0,0,42
2026-02-16,ST004,MED007,0,0,0,0,0,13
2026-02-16,ST004,MED008,4,4,0,0,0,6
2026-02-16,ST004,MED009,13,13,0,0,0,22
2026-02-16,ST004,MED010,3,3,0,0,0,9
2026-02-16,ST004,MED011,12,12,0,0,0,12
2026-02-16,ST004,MED012,14,9,5,0,0,0
2026-02-16,ST004,MED013,9,9,0,0,0,3
2026-02-16,ST004,MED014,6,6,0,0,0,25
2026-02-16,ST004,MED015,12,12,0,0,0,66
2026-02-16,ST004,MED016,6,6,0,48,0,48
2026-02-16,ST004,MED017,9,9,0,0,0,28
2026-02-16,ST004,MED018,6,6,0,0,0,18
2026-02-16,ST004,MED019,3,3,0,0,0,0
2026-02-16,ST004,MED020,6,6,0,0,0,37
2026-02-16,ST004,MED021,10,1,9,0,0,0
2026-02-16,ST004,MED022,7,7,0,0,0,5
2026-02-16,ST004,MED023,9,9,0,0,0,23
2026-02-16,ST004,MED024,11,11,0,0,0,23
2026-02-16,ST004,MED025,6,3,3,0,0,0
2026-02-16,ST004,MED026,16,16,0,0,0,51
2026-02-16,ST004,MED027,17,17,0,0,0,22
2026-02-16,ST004,MED028,7,7,0,0,0,2
2026-02-16,ST004,MED029,14,14,0,72,0,71
2026-02-16,ST004,MED030,4,4,0,0,0,5
2026-02-16,ST005,MED001,12,12,0,0,0,3
2026-02-16,ST005,MED002,11,11,0,0,0,6
2026-02-16,ST005,MED003,2,2,0,0,0,6
2026-02-16,ST005,MED004,11,0,11,0,0,0
2026-02-16,ST005,MED005,11,11,0,0,0,38
2026-02-16,ST005,MED006,13,13,0,0,0,18
2026-02-16,ST005,MED007,0,0,0,0,0,11
2026-02-16,ST005,MED008,2,2,0,0,0,0
2026-02-16,ST005,MED009,10,10,0,0,0,28
2026-02-16,ST005,MED010,1,1,0,0,0,14
2026-02-16,ST005,MED011,13,13,0,0,0,60
2026-02-16,ST005,MED012,13,13,0,0,0,28
2026-02-16,ST005,MED013,9,9,0,0,0,28
2026-02-16,ST005,MED014,9,9,0,0,0,33
2026-02-16,ST005,MED015,17,0,17,0,0,0
2026-02-16,ST005,MED016,10,10,0,0,0,47
2026-02-16,ST005,MED017,15,15,0,72,0,79
2026-02-16,ST005,MED018,3,3,0,48,0,60
2026-02-16,ST005,MED019,5,5,0,24,0,19
2026-02-16,ST005,MED020,9,9,0,0,0,7
2026-02-16,ST005,MED021,23,11,12,0,0,0
2026-02-16,ST005,MED022,12,0,12,0,0,0
2026-02-16,ST005,MED023,13,13,0,0,0,32
2026-02-16,ST005,MED024,16,16,0,0,0,53
2026-02-16,ST005,MED025,5,5,0,36,0,46
2026-02-16,ST005,MED026,13,10,3,0,0,0
2026-02-16,ST005,MED027,12,12,0,0,0,47
2026-02-16,ST005,MED028,4,4,0,0,0,13
2026-02-16,ST005,MED029,10,10,0,0,0,0
2026-02-16,ST005,MED030,4,0,4,0,0,0
2026-02-16,ST006,MED001,12,0,12,0,0,0
2026-02-16,ST006,MED002,11,11,0,0,0,42
2026-02-16,ST006,MED003,3,3,0,0,0,5
2026-02-16,ST006,MED004,8,8,0,48,0,40
2026-02-16,ST006,MED005,12,12,0,72,0,60
2026-02-16,ST006,MED006,11,11,0,72,0,62
2026-02-16,ST006,MED007,6,6,0,0,0,0
2026-02-16,ST006,MED008,3,3,0,0,0,5
2026-02-16,ST006,MED009,10,10,0,0,0,6
2026-02-16,ST006,MED010,1,1,0,0,0,22
2026-02-16,ST006,MED011,12,12,0,0,0,35
2026-02-16,ST006,MED012,14,14,0,60,0,46
2026-02-16,ST006,MED013,10,10,0,0,0,43
2026-02-16,ST006,MED014,9,9,0,48,0,52
2026-02-16,ST006,MED015,17,17,0,72,0,77
2026-02-16,ST006,MED016,10,3,7,0,0,0
2026-02-16,ST006,MED017,13,13,0,0,0,42
2026-02-16,ST006,MED018,6,6,0,0,0,16
2026-02-16,ST006,MED019,8,8,0,0,0,14
2026-02-16,ST006,MED020,14,14,0,0,0,29
2026-02-16,ST006,MED021,13,13,0,0,0,13
2026-02-16,ST006,MED022,8,8,0,42,0,34
2026-02-16,ST006,MED023,16,16,0,0,0,60
2026-02-16,ST006,MED024,16,16,0,0,0,39
2026-02-16,ST006,MED025,10,10,0,0,0,16
2026-02-16,ST006,MED026,15,0,15,0,0,0
2026-02-16,ST006,MED027,15,15,0,0,0,19
2026-02-16,ST006,MED028,7,7,0,0,0,10
2026-02-16,ST006,MED029,13,5,8,0,0,0
2026-02-16,ST006,MED030,6,6,0,0,0,3
2026-02-16,ST007,MED001,11,11,0,0,0,31
2026-02-16,ST007,MED002,7,7,0,0,0,58
2026-02-16,ST007,MED003,7,7,0,0,0,5
2026-02-16,ST007,MED004,5,5,0,0,0,23
2026-02-16,ST007,MED005,7,7,0,0,0,26
2026-02-16,ST007,MED006,11,11,0,0,0,21
2026-02-16,ST007,MED007,2,2,0,0,0,1
2026-02-16,ST007,MED008,3,3,0,0,0,8
2026-02-16,ST007,MED009,11,11,0,0,0,20
2026-02-16,ST007,MED010,0,0,0,0,0,10
2026-02-16,ST007,MED011,8,8,0,0,0,34
2026-02-16,ST007,MED012,8,8,0,0,0,31
2026-02-16,ST007,MED013,7,7,0,0,0,1
2026-02-16,ST007,MED014,2,2,0,0,0,31
2026-02-16,ST007,MED015,8,8,0,0,0,66
2026-02-16,ST007,MED016,6,6,0,48,0,59
2026-02-16,ST007,MED017,7,7,0,0,0,27
2026-02-16,ST007,MED018,4,4,0,0,0,28
2026-02-16,ST007,MED019,2,2,0,0,0,23
2026-02-16,ST007,MED020,3,3,0,0,0,56
2026-02-16,ST007,MED021,6,6,0,0,0,25
2026-02-16,ST007,MED022,4,4,0,0,0,10
2026-02-16,ST007,MED023,9,9,0,0,0,32
2026-02-16,ST007,MED024,11,0,11,0,0,0
2026-02-16,ST007,MED025,6,6,0,0,0,14
2026-02-16,ST007,MED026,7,7,0,0,0,16
2026-02-16,ST007,MED027,6,6,0,0,0,41
2026-02-16,ST007,MED028,4,4,0,0,0,20
2026-02-16,ST007,MED029,9,9,0,0,0,26
2026-02-16,ST007,MED030,4,4,0,0,0,30
2026-02-16,ST008,MED001,11,11,0,0,0,38
2026-02-16,ST008,MED002,13,13,0,0,0,34
2026-02-16,ST008,MED003,0,0,0,0,0,10
2026-02-16,ST008,MED004,6,6,0,0,0,23
2026-02-16,ST008,MED005,8,8,0,0,0,22
2026-02-16,ST008,MED006,4,4,0,0,0,57
2026-02-16,ST008,MED007,3,3,0,0,0,14
2026-02-16,ST008,MED008,4,4,0,0,0,3
2026-02-16,ST008,MED009,10,10,0,60,0,53
2026-02-16,ST008,MED010,4,4,0,24,0,26
2026-02-16,ST008,MED011,11,11,0,0,0,16
2026-02-16,ST008,MED012,10,10,0,0,0,25
2026-02-16,ST008,MED013,7,7,0,0,0,31
2026-02-16,ST008,MED014,4,4,0,48,0,44
2026-02-16,ST008,MED015,10,10,0,0,0,83
2026-02-16,ST008,MED016,4,4,0,48,0,59
2026-02-16,ST008,MED017,8,0,8,0,0,0
2026-02-16,ST008,MED018,6,6,0,0,0,41
2026-02-16,ST008,MED019,1,1,0,0,0,3
2026-02-16,ST008,MED020,6,6,0,0,0,32
2026-02-16,ST008,MED021,6,6,0,0,0,6
2026-02-16,ST008,MED022,6,6,0,0,0,15
2026-02-16,ST008,MED023,8,8,0,0,0,47
2026-02-16,ST008,MED024,8,8,0,0,0,20
2026-02-16,ST008,MED025,9,9,0,0,0,0
2026-02-16,ST008,MED026,7,7,0,0,0,60
2026-02-16,ST008,MED027,8,8,0,0,0,37
2026-02-16,ST008,MED028,5,5,0,0,0,23
2026-02-16,ST008,MED029,11,11,0,72,0,77
2026-02-16,ST008,MED030,2,2,0,0,0,11
2026-02-16,ST009,MED001,10,10,0,72,0,74
2026-02-16,ST009,MED002,12,12,0,60,0,74
2026-02-16,ST009,MED003,5,5,0,0,0,17
2026-02-16,ST009,MED004,10,10,0,0,0,26
2026-02-16,ST009,MED005,13,13,0,0,0,18
2026-02-16,ST009,MED006,8,8,0,0,0,23
2026-02-16,ST009,MED007,1,1,0,0,0,5
2026-02-16,ST009,MED008,2,2,0,0,0,12
2026-02-16,ST009,MED009,8,8,0,60,0,74
2026-02-16,ST009,MED010,4,4,0,0,0,12
2026-02-16,ST009,MED011,12,12,0,0,0,45
2026-02-16,ST009,MED012,12,12,0,0,0,24
2026-02-16,ST009,MED013,7,4,3,0,0,0
2026-02-16,ST009,MED014,2,2,0,0,0,15
2026-02-16,ST009,MED015,9,9,0,0,0,9
2026-02-16,ST009,MED016,8,8,0,48,0,40
2026-02-16,ST009,MED017,9,9,0,0,0,71
2026-02-16,ST009,MED018,6,6,0,0,0,27
2026-02-16,ST009,MED019,3,3,0,0,0,5
2026-02-16,ST009,MED020,5,5,0,0,0,8
2026-02-16,ST009,MED021,14,14,0,0,0,58
2026-02-16,ST009,MED022,5,5,0,42,0,39
2026-02-16,ST009,MED023,8,8,0,0,0,25
2026-02-16,ST009,MED024,11,11,0,0,0,8
2026-02-16,ST009,MED025,7,7,0,0,0,25
2026-02-16,ST009,MED026,7,7,0,0,0,45
2026-02-16,ST009,MED027,8,8,0,0,0,38
2026-02-16,ST009,MED028,11,11,0,0,0,7
2026-02-16,ST009,MED029,6,6,0,0,0,38
2026-02-16,ST009,MED030,8,8,0,30,0,26
2026-02-16,ST010,MED001,12,12,0,72,0,68
2026-02-16,ST010,MED002,10,10,0,0,0,4
2026-02-16,ST010,MED003,4,4,0,0,0,9
2026-02-16,ST010,MED004,6,6,0,0,0,29
2026-02-16,ST010,MED005,7,7,0,0,0,31
2026-02-16,ST010,MED006,7,7,0,0,0,22
2026-02-16,ST010,MED007,4,4,0,0,0,2
2026-02-16,ST010,MED008,3,3,0,0,0,10
2026-02-16,ST010,MED009,12,12,0,0,0,12
2026-02-16,ST010,MED010,4,0,4,0,0,0
2026-02-16,ST010,MED011,12,12,0,60,0,78
2026-02-16,ST010,MED012,10,8,2,0,0,0
2026-02-16,ST010,MED013,7,7,0,0,0,14
2026-02-16,ST010,MED014,7,7,0,48,0,50
2026-02-16,ST010,MED015,12,12,0,0,0,0
2026-02-16,ST010,MED016,7,7,0,0,0,27
2026-02-16,ST010,MED017,10,10,0,0,0,8
2026-02-16,ST010,MED018,8,8,0,0,0,28
2026-02-16,ST010,MED019,4,4,0,0,0,9
2026-02-16,ST010,MED020,8,8,0,0,0,35
2026-02-16,ST010,MED021,10,10,0,66,0,68
2026-02-16,ST010,MED022,6,6,0,0,0,0
2026-02-16,ST010,MED023,13,13,0,0,0,28
2026-02-16,ST010,MED024,14,14,0,0,0,33
2026-02-16,ST010,MED025,9,9,0,0,0,15
2026-02-16,ST010,MED026,8,8,0,0,0,14
2026-02-16,ST010,MED027,9,9,0,0,0,30
2026-02-16,ST010,MED028,4,4,0,0,0,17
2026-02-16,ST010,MED029,9,9,0,0,0,14
2026-02-16,ST010,MED030,3,3,0,0,0,15
2026-02-16,ST011,MED001,14,14,0,0,0,33
2026-02-16,ST011,MED002,9,9,0,0,0,44
2026-02-16,ST011,MED003,4,4,0,0,0,4
2026-02-16,ST011,MED004,12,12,0,0,0,23
2026-02-16,ST011,MED005,12,12,0,0,0,21
2026-02-16,ST011,MED006,12,12,0,0,0,70
2026-02-16,ST011,MED007,2,0,2,0,0,0
2026-02-16,ST011,MED008,2,0,2,0,0,0
2026-02-16,ST011,MED009,21,21,0,0,0,53
2026-02-16,ST011,MED010,5,5,0,0,0,15
2026-02-16,ST011,MED011,11,11,0,0,0,21
2026-02-16,ST011,MED012,13,13,0,0,0,31
2026-02-16,ST011,MED013,11,11,0,0,0,12
2026-02-16,ST011,MED014,5,5,0,0,0,13
2026-02-16,ST011,MED015,14,14,0,0,0,48
2026-02-16,ST011,MED016,16,16,0,0,0,5
2026-02-16,ST011,MED017,14,14,0,0,0,66
2026-02-16,ST011,MED018,7,7,0,0,0,5
2026-02-16,ST011,MED019,3,0,3,0,0,0
2026-02-16,ST011,MED020,7,7,0,0,0,32
2026-02-16,ST011,MED021,11,11,0,0,0,22
2026-02-16,ST011,MED022,3,3,0,0,0,13
2026-02-16,ST011,MED023,12,0,12,0,0,0
2026-02-16,ST011,MED024,14,14,0,0,0,48
2026-02-16,ST011,MED025,7,7,0,0,0,16
2026-02-16,ST011,MED026,10,4,6,0,0,0
2026-02-16,ST011,MED027,14,14,0,0,0,27
2026-02-16,ST011,MED028,7,7,0,0,0,20
2026-02-16,ST011,MED029,8,8,0,0,0,65
2026-02-16,ST011,MED030,7,7,0,0,0,4
2026-02-16,ST012,MED001,11,11,0,0,0,8
2026-02-16,ST012,MED002,14,14,0,66,0,52
2026-02-16,ST012,MED003,3,3,0,24,0,26
2026-02-16,ST012,MED004,13,13,0,0,0,45
2026-02-16,ST012,MED005,15,12,3,0,0,0
2026-02-16,ST012,MED006,11,11,0,0,0,0
2026-02-16,ST012,MED007,5,5,0,0,0,1
2026-02-16,ST012,MED008,4,4,0,0,0,1
2026-02-16,ST012,MED009,14,14,0,0,0,31
2026-02-16,ST012,MED010,5,5,0,0,0,1
2026-02-16,ST012,MED011,16,6,10,0,0,0
2026-02-16,ST012,MED012,12,12,0,0,0,50
2026-02-16,ST012,MED013,9,9,0,0,0,2
2026-02-16,ST012,MED014,6,6,0,0,0,6
2026-02-16,ST012,MED015,14,14,0,72,0,58
2026-02-16,ST012,MED016,6,5,1,0,0,0
2026-02-16,ST012,MED017,10,10,0,0,0,7
2026-02-16,ST012,MED018,4,4,0,0,0,1
2026-02-16,ST012,MED019,5,5,0,0,0,1
2026-02-16,ST012,MED020,10,10,0,0,0,10
2026-02-16,ST012,MED021,13,13,0,0,0,22
2026-02-16,ST012,MED022,10,10,0,48,0,46
2026-02-16,ST012,MED023,13,13,0,0,0,20
2026-02-16,ST012,MED024,15,9,6,0,0,0
2026-02-16,ST012,MED025,8,8,0,0,0,12
2026-02-16,ST012,MED026,9,9,0,0,0,29
2026-02-16,ST012,MED027,17,17,0,72,0,60
2026-02-16,ST012,MED028,11,11,0,0,0,26
2026-02-16,ST012,MED029,10,10,0,0,0,58
2026-02-16,ST012,MED030,5,5,0,0,0,28
2026-02-16,ST013,MED001,15,3,12,0,0,0
2026-02-16,ST013,MED002,16,16,0,72,0,58
2026-02-16,ST013,MED003,6,6,0,0,0,9
2026-02-16,ST013,MED004,14,5,9,0,0,0
2026-02-16,ST013,MED005,13,13,0,72,0,91
2026-02-16,ST013,MED006,11,11,0,60,0,49
2026-02-16,ST013,MED007,2,2,0,0,0,3
2026-02-16,ST013,MED008,9,5,4,0,0,0
2026-02-16,ST013,MED009,13,13,0,60,0,47
2026-02-16,ST013,MED010,3,3,0,0,0,7
2026-02-16,ST013,MED011,15,15,0,0,0,31
2026-02-16,ST013,MED012,13,13,0,0,0,13
2026-02-16,ST013,MED013,9,9,0,0,0,52
2026-02-16,ST013,MED014,8,8,0,0,0,7
2026-02-16,ST013,MED015,14,6,8,0,0,0
2026-02-16,ST013,MED016,12,12,0,48,0,45
2026-02-16,ST013,MED017,16,16,0,0,0,28
2026-02-16,ST013,MED018,6,6,0,0,0,12
2026-02-16,ST013,MED019,2,2,0,0,0,24
2026-02-16,ST013,MED020,10,10,0,48,0,40
2026-02-16,ST013,MED021,15,12,3,0,0,0
2026-02-16,ST013,MED022,11,11,0,0,0,3
2026-02-16,ST013,MED023,13,13,0,60,0,47
2026-02-16,ST013,MED024,15,15,0,0,0,25
2026-02-16,ST013,MED025,6,6,0,0,0,6
2026-02-16,ST013,MED026,14,14,0,0,0,51
2026-02-16,ST013,MED027,15,15,0,72,0,57
2026-02-16,ST013,MED028,6,6,0,0,0,62
2026-02-16,ST013,MED029,9,9,0,0,0,14
2026-02-16,ST013,MED030,8,3,5,0,0,0
2026-02-16,ST014,MED001,8,8,0,0,0,77
2026-02-16,ST014,MED002,9,9,0,60,0,59
2026-02-16,ST014,MED003,4,4,0,0,0,12
2026-02-16,ST014,MED004,3,3,0,0,0,6
2026-02-16,ST014,MED005,4,4,0,72,0,68
2026-02-16,ST014,MED006,6,6,0,0,0,34
2026-02-16,ST014,MED007,4,4,0,24,0,27
2026-02-16,ST014,MED008,4,0,4,0,0,0
2026-02-16,ST014,MED009,9,9,0,0,0,32
2026-02-16,ST014,MED010,4,0,4,0,0,0
2026-02-16,ST014,MED011,7,7,0,0,0,14
2026-02-16,ST014,MED012,7,7,0,60,0,76
2026-02-16,ST014,MED013,6,6,0,0,0,39
2026-02-16,ST014,MED014,4,4,0,0,0,6
2026-02-16,ST014,MED015,7,7,0,0,0,39
2026-02-16,ST014,MED016,7,7,0,0,0,23
2026-02-16,ST014,MED017,6,6,0,0,0,40
2026-02-16,ST014,MED018,1,1,0,0,0,50
2026-02-16,ST014,MED019,2,2,0,0,0,4
2026-02-16,ST014,MED020,0,0,0,0,0,29
2026-02-16,ST014,MED021,7,7,0,0,0,33
2026-02-16,ST014,MED022,2,2,0,0,0,4
2026-02-16,ST014,MED023,11,11,0,0,0,27
2026-02-16,ST014,MED024,15,15,0,0,0,19
2026-02-16,ST014,MED025,2,2,0,0,0,26
2026-02-16,ST014,MED026,5,5,0,0,0,7
2026-02-16,ST014,MED027,5,5,0,0,0,76
2026-02-16,ST014,MED028,1,1,0,0,0,54
2026-02-16,ST014,MED029,7,6,1,0,0,0
2026-02-16,ST014,MED030,6,6,0,0,0,6
2026-02-16,ST015,MED001,8,8,0,0,0,57
2026-02-16,ST015,MED002,8,8,0,0,0,49
2026-02-16,ST015,MED003,4,4,0,0,0,8
2026-02-16,ST015,MED004,11,11,0,48,0,40
2026-02-16,ST015,MED005,8,8,0,0,0,32
2026-02-16,ST015,MED006,8,8,0,0,0,34
2026-02-16,ST015,MED007,1,1,0,0,0,10
2026-02-16,ST015,MED008,1,1,0,0,0,19
2026-02-16,ST015,MED009,7,7,0,60,0,82
2026-02-16,ST015,MED010,0,0,0,0,0,16
2026-02-16,ST015,MED011,10,10,0,0,0,23
2026-02-16,ST015,MED012,9,9,0,60,0,71
2026-02-16,ST015,MED013,4,4,0,0,0,25
2026-02-16,ST015,MED014,4,4,0,0,0,20
2026-02-16,ST015,MED015,12,12,0,0,0,45
2026-02-16,ST015,MED016,9,9,0,0,0,18
2026-02-16,ST015,MED017,6,6,0,0,0,52
2026-02-16,ST015,MED018,7,7,0,0,0,57
2026-02-16,ST015,MED019,1,1,0,0,0,24
2026-02-16,ST015,MED020,4,4,0,0,0,34
2026-02-16,ST015,MED021,10,10,0,0,0,35
2026-02-16,ST015,MED022,4,4,0,0,0,29
2026-02-16,ST015,MED023,10,10,0,0,0,12
2026-02-16,ST015,MED024,11,11,0,0,0,29
2026-02-16,ST015,MED025,5,5,0,0,0,6
2026-02-16,ST015,MED026,11,11,0,0,0,32
2026-02-16,ST015,MED027,9,9,0,0,0,30
2026-02-16,ST015,MED028,6,6,0,0,0,21
2026-02-16,ST015,MED029,6,6,0,0,0,15
2026-02-16,ST015,MED030,2,2,0,0,0,17
2026-02-16,ST016,MED001,12,12,0,0,0,58
2026-02-16,ST016,MED002,13,13,0,0,0,2
2026-02-16,ST016,MED003,2,2,0,0,0,13
2026-02-16,ST016,MED004,12,12,0,0,0,27
2026-02-16,ST016,MED005,9,9,0,0,0,45
2026-02-16,ST016,MED006,9,9,0,60,0,51
2026-02-16,ST016,MED007,2,2,0,0,0,9
2026-02-16,ST016,MED008,1,1,0,0,0,26
2026-02-16,ST016,MED009,6,6,0,0,0,6
2026-02-16,ST016,MED010,6,6,0,0,0,2
2026-02-16,ST016,MED011,12,12,0,0,0,23
2026-02-16,ST016,MED012,8,8,0,60,0,80
2026-02-16,ST016,MED013,9,6,3,0,0,0
2026-02-16,ST016,MED014,6,6,0,0,0,17
2026-02-16,ST016,MED015,6,6,0,0,0,34
2026-02-16,ST016,MED016,4,4,0,0,0,31
2026-02-16,ST016,MED017,9,9,0,60,0,61
2026-02-16,ST016,MED018,4,4,0,0,0,25
2026-02-16,ST016,MED019,6,6,0,0,0,24
2026-02-16,ST016,MED020,8,8,0,0,0,23
2026-02-16,ST016,MED021,9,9,0,60,0,71
2026-02-16,ST016,MED022,8,8,0,42,0,35
2026-02-16,ST016,MED023,11,11,0,72,0,74
2026-02-16,ST016,MED024,11,11,0,72,0,69
2026-02-16,ST016,MED025,5,5,0,0,0,39
2026-02-16,ST016,MED026,11,11,0,0,0,27
2026-02-16,ST016,MED027,8,8,0,0,0,78
2026-02-16,ST016,MED028,2,2,0,0,0,10
2026-02-16,ST016,MED029,6,6,0,0,0,26
2026-02-16,ST016,MED030,7,7,0,0,0,14
2026-02-16,ST017,MED001,13,13,0,0,0,61
2026-02-16,ST017,MED002,12,12,0,60,0,48
2026-02-16,ST017,MED003,0,0,0,0,0,10
2026-02-16,ST017,MED004,11,11,0,0,0,26
2026-02-16,ST017,MED005,10,10,0,0,0,35
2026-02-16,ST017,MED006,11,11,0,0,0,1
2026-02-16,ST017,MED007,0,0,0,0,0,14
2026-02-16,ST017,MED008,0,0,0,0,0,34
2026-02-16,ST017,MED009,8,8,0,0,0,36
2026-02-16,ST017,MED010,2,2,0,24,0,29
2026-02-16,ST017,MED011,18,18,0,0,0,31
2026-02-16,ST017,MED012,8,8,0,60,0,76
2026-02-16,ST017,MED013,9,9,0,0,0,23
2026-02-16,ST017,MED014,7,7,0,0,0,10
2026-02-16,ST017,MED015,13,13,0,96,0,87
2026-02-16,ST017,MED016,7,7,0,0,0,3
2026-02-16,ST017,MED017,8,8,0,0,0,26
2026-02-16,ST017,MED018,5,5,0,0,0,37
2026-02-16,ST017,MED019,6,6,0,24,0,23
2026-02-16,ST017,MED020,6,6,0,0,0,35
2026-02-16,ST017,MED021,12,12,0,0,0,38
2026-02-16,ST017,MED022,4,4,0,0,0,31
2026-02-16,ST017,MED023,7,7,0,0,0,51
2026-02-16,ST017,MED024,13,13,0,0,0,44
2026-02-16,ST017,MED025,7,7,0,0,0,10
2026-02-16,ST017,MED026,10,10,0,0,0,40
2026-02-16,ST017,MED027,11,11,0,0,0,44
2026-02-16,ST017,MED028,4,4,0,0,0,8
2026-02-16,ST017,MED029,8,8,0,0,0,33
2026-02-16,ST017,MED030,4,4,0,0,0,21
2026-02-16,ST018,MED001,9,9,0,0,0,12
2026-02-16,ST018,MED002,15,15,0,0,0,13
2026-02-16,ST018,MED003,5,5,0,0,0,2
2026-02-16,ST018,MED004,10,10,0,0,0,21
2026-02-16,ST018,MED005,11,0,11,0,0,0
2026-02-16,ST018,MED006,10,10,0,60,0,76
2026-02-16,ST018,MED007,4,0,4,0,0,0
2026-02-16,ST018,MED008,3,3,0,0,0,16
2026-02-16,ST018,MED009,9,9,0,0,0,12
2026-02-16,ST018,MED010,7,7,0,0,0,5
2026-02-16,ST018,MED011,11,11,0,72,0,61
2026-02-16,ST018,MED012,13,3,10,0,0,0
2026-02-16,ST018,MED013,11,9,2,0,0,0
2026-02-16,ST018,MED014,6,6,0,0,0,9
2026-02-16,ST018,MED015,11,11,0,0,0,35
2026-02-16,ST018,MED016,9,9,0,0,0,3
2026-02-16,ST018,MED017,14,14,0,0,0,41
2026-02-16,ST018,MED018,6,6,0,48,0,52
2026-02-16,ST018,MED019,6,6,0,24,0,25
2026-02-16,ST018,MED020,7,7,0,0,0,3
2026-02-16,ST018,MED021,10,10,0,0,0,19
2026-02-16,ST018,MED022,9,9,0,0,0,6
2026-02-16,ST018,MED023,17,17,0,72,0,71
2026-02-16,ST018,MED024,13,13,0,0,0,34
2026-02-16,ST018,MED025,6,6,0,0,0,24
2026-02-16,ST018,MED026,9,9,0,0,0,20
2026-02-16,ST018,MED027,16,16,0,72,0,88
2026-02-16,ST018,MED028,8,8,0,0,0,8
2026-02-16,ST018,MED029,9,9,0,0,0,20
2026-02-16,ST018,MED030,2,2,0,30,0,37
2026-02-16,ST019,MED001,13,13,0,72,0,74
2026-02-16,ST019,MED002,13,13,0,0,0,4
2026-02-16,ST019,MED003,0,0,0,24,0,34
2026-02-16,ST019,MED004,10,10,0,48,0,45
2026-02-16,ST019,MED005,14,14,0,72,0,84
2026-02-16,ST019,MED006,20,20,0,0,0,39
2026-02-16,ST019,MED007,3,3,0,0,0,2
2026-02-16,ST019,MED008,6,6,0,0,0,30
2026-02-16,ST019,MED009,14,0,14,0,0,0
2026-02-16,ST019,MED010,5,5,0,0,0,22
2026-02-16,ST019,MED011,14,14,0,0,0,20
2026-02-16,ST019,MED012,11,11,0,60,0,62
2026-02-16,ST019,MED013,5,5,0,48,0,54
2026-02-16,ST019,MED014,2,2,0,0,0,7
2026-02-16,ST019,MED015,11,11,0,0,0,54
2026-02-16,ST019,MED016,11,11,0,48,0,37
2026-02-16,ST019,MED017,10,0,10,0,0,0
2026-02-16,ST019,MED018,8,8,0,0,0,5
2026-02-16,ST019,MED019,4,4,0,24,0,20
2026-02-16,ST019,MED020,9,9,0,0,0,29
2026-02-16,ST019,MED021,11,11,0,0,0,10
2026-02-16,ST019,MED022,10,10,0,0,0,6
2026-02-16,ST019,MED023,13,13,0,0,0,23
2026-02-16,ST019,MED024,11,0,11,0,0,0
2026-02-16,ST019,MED025,3,3,0,0,0,2
2026-02-16,ST019,MED026,10,10,0,72,0,91
2026-02-16,ST019,MED027,16,16,0,0,0,32
2026-02-16,ST019,MED028,9,4,5,0,0,0
2026-02-16,ST019,MED029,14,14,0,0,0,8
2026-02-16,ST019,MED030,6,6,0,0,0,32
2026-02-16,ST020,MED001,16,16,0,0,0,55
2026-02-16,ST020,MED002,14,14,0,0,0,40
2026-02-16,ST020,MED003,4,4,0,0,0,25
2026-02-16,ST020,MED004,11,11,0,48,0,37
2026-02-16,ST020,MED005,16,16,0,0,0,45
2026-02-16,ST020,MED006,14,14,0,0,0,14
2026-02-16,ST020,MED007,4,4,0,0,0,31
2026-02-16,ST020,MED008,2,2,0,0,0,5
2026-02-16,ST020,MED009,12,5,7,0,0,0
2026-02-16,ST020,MED010,5,5,0,0,0,14
2026-02-16,ST020,MED011,17,0,17,0,0,0
2026-02-16,ST020,MED012,17,17,0,60,0,43
2026-02-16,ST020,MED013,10,10,0,0,0,25
2026-02-16,ST020,MED014,7,7,0,0,0,9
2026-02-16,ST020,MED015,14,14,0,0,0,44
2026-02-16,ST020,MED016,11,11,0,0,0,52
2026-02-16,ST020,MED017,10,10,0,0,0,37
2026-02-16,ST020,MED018,9,9,0,0,0,40
2026-02-16,ST020,MED019,5,5,0,0,0,19
2026-02-16,ST020,MED020,10,10,0,48,0,51
2026-02-16,ST020,MED021,12,12,0,0,0,29
2026-02-16,ST020,MED022,6,6,0,0,0,12
2026-02-16,ST020,MED023,18,8,10,0,0,0
2026-02-16,ST020,MED024,16,16,0,72,0,65
2026-02-16,ST020,MED025,5,0,5,0,0,0
2026-02-16,ST020,MED026,10,10,0,0,0,30
2026-02-16,ST020,MED027,17,17,0,0,0,30
2026-02-16,ST020,MED028,6,6,0,0,0,23
2026-02-16,ST020,MED029,10,10,0,0,0,79
2026-02-16,ST020,MED030,8,8,0,30,0,29
2026-02-16,ST021,MED001,8,8,0,72,0,89
2026-02-16,ST021,MED002,8,8,0,66,0,74
2026-02-16,ST021,MED003,3,3,0,0,0,13
2026-02-16,ST021,MED004,3,3,0,0,0,23
2026-02-16,ST021,MED005,10,10,0,0,0,35
2026-02-16,ST021,MED006,11,11,0,60,0,54
2026-02-16,ST021,MED007,2,2,0,0,0,15
2026-02-16,ST021,MED008,4,4,0,0,0,13
2026-02-16,ST021,MED009,7,7,0,0,0,17
2026-02-16,ST021,MED010,5,5,0,0,0,23
2026-02-16,ST021,MED011,10,10,0,0,0,20
2026-02-16,ST021,MED012,7,7,0,0,0,33
2026-02-16,ST021,MED013,4,4,0,0,0,24
2026-02-16,ST021,MED014,0,0,0,0,0,31
2026-02-16,ST021,MED015,8,8,0,0,0,37
2026-02-16,ST021,MED016,4,4,0,0,0,26
2026-02-16,ST021,MED017,10,10,0,0,0,27
2026-02-16,ST021,MED018,4,4,0,0,0,30
2026-02-16,ST021,MED019,0,0,0,0,0,14
2026-02-16,ST021,MED020,7,7,0,0,0,16
2026-02-16,ST021,MED021,7,7,0,0,0,13
2026-02-16,ST021,MED022,6,6,0,0,0,9
2026-02-16,ST021,MED023,12,12,0,0,0,17
2026-02-16,ST021,MED024,12,12,0,0,0,32
2026-02-16,ST021,MED025,2,2,0,0,0,14
2026-02-16,ST021,MED026,8,8,0,0,0,10
2026-02-16,ST021,MED027,5,5,0,0,0,42
2026-02-16,ST021,MED028,6,6,0,0,0,15
2026-02-16,ST021,MED029,7,7,0,0,0,33
2026-02-16,ST021,MED030,4,4,0,0,0,11
2026-02-16,ST022,MED001,9,9,0,0,0,37
2026-02-16,ST022,MED002,7,7,0,0,0,40
2026-02-16,ST022,MED003,4,4,0,0,0,11
2026-02-16,ST022,MED004,8,8,0,48,0,41
2026-02-16,ST022,MED005,11,11,0,0,0,4
2026-02-16,ST022,MED006,9,9,0,0,0,30
2026-02-16,ST022,MED007,6,6,0,0,0,14
2026-02-16,ST022,MED008,4,4,0,0,0,22
2026-02-16,ST022,MED009,8,8,0,60,0,66
2026-02-16,ST022,MED010,1,1,0,0,0,12
2026-02-16,ST022,MED011,13,13,0,0,0,28
2026-02-16,ST022,MED012,7,7,0,0,0,16
2026-02-16,ST022,MED013,4,4,0,48,0,57
2026-02-16,ST022,MED014,0,0,0,0,0,7
2026-02-16,ST022,MED015,11,11,0,0,0,36
2026-02-16,ST022,MED016,7,7,0,0,0,18
2026-02-16,ST022,MED017,9,9,0,0,0,13
2026-02-16,ST022,MED018,2,2,0,0,0,22
2026-02-16,ST022,MED019,3,3,0,24,0,21
2026-02-16,ST022,MED020,8,8,0,0,0,22
2026-02-16,ST022,MED021,10,10,0,0,0,62
2026-02-16,ST022,MED022,3,3,0,0,0,22
2026-02-16,ST022,MED023,15,15,0,0,0,30
2026-02-16,ST022,MED024,11,11,0,0,0,89
2026-02-16,ST022,MED025,5,5,0,0,0,28
2026-02-16,ST022,MED026,11,11,0,72,0,68
2026-02-16,ST022,MED027,11,11,0,0,0,46
2026-02-16,ST022,MED028,4,4,0,0,0,40
2026-02-16,ST022,MED029,5,5,0,0,0,76
2026-02-16,ST022,MED030,6,6,0,0,0,13
2026-02-16,ST023,MED001,10,10,0,0,0,32
2026-02-16,ST023,MED002,8,8,0,66,0,60
2026-02-16,ST023,MED003,8,7,1,0,0,0
2026-02-16,ST023,MED004,5,5,0,0,0,20
2026-02-16,ST023,MED005,9,9,0,0,0,24
2026-02-16,ST023,MED006,7,7,0,60,0,80
2026-02-16,ST023,MED007,2,2,0,0,0,19
2026-02-16,ST023,MED008,2,2,0,0,0,24
2026-02-16,ST023,MED009,9,9,0,0,0,41
2026-02-16,ST023,MED010,4,4,0,0,0,6
2026-02-16,ST023,MED011,8,8,0,0,0,48
2026-02-16,ST023,MED012,13,13,0,0,0,24
2026-02-16,ST023,MED013,8,8,0,0,0,6
2026-02-16,ST023,MED014,6,6,0,0,0,48
2026-02-16,ST023,MED015,7,7,0,0,0,50
2026-02-16,ST023,MED016,5,5,0,48,0,43
2026-02-16,ST023,MED017,12,12,0,0,0,13
2026-02-16,ST023,MED018,7,7,0,0,0,54
2026-02-16,ST023,MED019,1,1,0,24,0,29
2026-02-16,ST023,MED020,4,4,0,0,0,28
2026-02-16,ST023,MED021,7,7,0,0,0,22
2026-02-16,ST023,MED022,8,8,0,0,0,8
2026-02-16,ST023,MED023,17,17,0,0,0,35
2026-02-16,ST023,MED024,14,14,0,72,0,76
2026-02-16,ST023,MED025,1,0,1,0,0,0
2026-02-16,ST023,MED026,8,8,0,0,0,54
2026-02-16,ST023,MED027,12,12,0,0,0,25
2026-02-16,ST023,MED028,9,9,0,0,0,22
2026-02-16,ST023,MED029,12,12,0,0,0,21
2026-02-16,ST023,MED030,8,8,0,0,0,16
2026-02-16,ST024,MED001,8,8,0,0,0,38
2026-02-16,ST024,MED002,9,9,0,0,0,41
2026-02-16,ST024,MED003,5,5,0,0,0,7
2026-02-16,ST024,MED004,7,7,0,0,0,48
2026-02-16,ST024,MED005,14,14,0,72,0,81
2026-02-16,ST024,MED006,7,7,0,0,0,17
2026-02-16,ST024,MED007,5,5,0,0,0,6
2026-02-16,ST024,MED008,5,5,0,0,0,10
2026-02-16,ST024,MED009,9,0,9,0,0,0
2026-02-16,ST024,MED010,1,1,0,0,0,6
2026-02-16,ST024,MED011,8,8,0,0,0,27
2026-02-16,ST024,MED012,13,13,0,60,0,65
2026-02-16,ST024,MED013,5,5,0,0,0,13
2026-02-16,ST024,MED014,6,6,0,0,0,1
2026-02-16,ST024,MED015,12,12,0,0,0,11
2026-02-16,ST024,MED016,5,5,0,0,0,15
2026-02-16,ST024,MED017,8,8,0,0,0,44
2026-02-16,ST024,MED018,7,7,0,0,0,24
2026-02-16,ST024,MED019,5,5,0,0,0,12
2026-02-16,ST024,MED020,9,9,0,0,0,17
2026-02-16,ST024,MED021,13,13,0,60,0,47
2026-02-16,ST024,MED022,5,5,0,0,0,17
2026-02-16,ST024,MED023,10,10,0,0,0,68
2026-02-16,ST024,MED024,11,11,0,0,0,33
2026-02-16,ST024,MED025,6,6,0,0,0,25
2026-02-16,ST024,MED026,12,12,0,72,0,60
2026-02-16,ST024,MED027,16,16,0,0,0,23
2026-02-16,ST024,MED028,4,4,0,0,0,6
2026-02-16,ST024,MED029,8,8,0,0,0,14
2026-02-16,ST024,MED030,7,7,0,0,0,9
2026-02-16,ST025,MED001,15,15,0,0,0,31
2026-02-16,ST025,MED002,13,13,0,0,0,19
2026-02-16,ST025,MED003,3,3,0,0,0,23
2026-02-16,ST025,MED004,10,10,0,48,0,38
2026-02-16,ST025,MED005,10,10,0,0,0,43
2026-02-16,ST025,MED006,11,5,6,0,0,0
2026-02-16,ST025,MED007,3,3,0,0,0,13
2026-02-16,ST025,MED008,2,2,0,0,0,13
2026-02-16,ST025,MED009,14,14,0,0,0,61
2026-02-16,ST025,MED010,4,4,0,0,0,15
2026-02-16,ST025,MED011,12,12,0,66,0,54
2026-02-16,ST025,MED012,12,12,0,0,0,46
2026-02-16,ST025,MED013,4,4,0,0,0,5
2026-02-16,ST025,MED014,9,9,0,0,0,32
2026-02-16,ST025,MED015,10,10,0,0,0,4
2026-02-16,ST025,MED016,6,6,0,0,0,4
2026-02-16,ST025,MED017,13,13,0,0,0,43
2026-02-16,ST025,MED018,5,5,0,48,0,59
2026-02-16,ST025,MED019,7,5,2,0,0,0
2026-02-16,ST025,MED020,7,7,0,0,0,55
2026-02-16,ST025,MED021,7,7,0,54,0,47
2026-02-16,ST025,MED022,6,0,6,0,0,0
2026-02-16,ST025,MED023,10,10,0,0,0,44
2026-02-16,ST025,MED024,15,15,0,0,0,74
2026-02-16,ST025,MED025,5,5,0,0,0,15
2026-02-16,ST025,MED026,8,8,0,0,0,14
2026-02-16,ST025,MED027,13,13,0,0,0,17
2026-02-16,ST025,MED028,4,4,0,0,0,10
2026-02-16,ST025,MED029,7,7,0,0,0,3
2026-02-16,ST025,MED030,13,13,0,0,0,3
2026-02-16,ST026,MED001,15,15,0,0,0,31
2026-02-16,ST026,MED002,10,10,0,66,0,60
2026-02-16,ST026,MED003,7,7,0,0,0,2
2026-02-16,ST026,MED004,12,12,0,48,0,36
2026-02-16,ST026,MED005,16,1,15,0,0,0
2026-02-16,ST026,MED006,11,11,0,60,0,49
2026-02-16,ST026,MED007,5,5,0,0,0,0
2026-02-16,ST026,MED008,4,4,0,0,0,1
2026-02-16,ST026,MED009,12,12,0,0,0,24
2026-02-16,ST026,MED010,8,8,0,24,0,16
2026-02-16,ST026,MED011,23,23,0,66,0,64
2026-02-16,ST026,MED012,9,0,9,0,0,0
2026-02-16,ST026,MED013,13,13,0,0,0,10
2026-02-16,ST026,MED014,7,7,0,0,0,19
2026-02-16,ST026,MED015,15,15,0,0,0,35
2026-02-16,ST026,MED016,6,6,0,0,0,59
2026-02-16,ST026,MED017,12,0,12,0,0,0
2026-02-16,ST026,MED018,9,9,0,0,0,51
2026-02-16,ST026,MED019,1,1,0,0,0,15
2026-02-16,ST026,MED020,10,10,0,0,0,24
2026-02-16,ST026,MED021,9,9,0,0,0,25
2026-02-16,ST026,MED022,6,6,0,0,0,11
2026-02-16,ST026,MED023,10,10,0,0,0,19
2026-02-16,ST026,MED024,13,13,0,0,0,25
2026-02-16,ST026,MED025,5,0,5,0,0,0
2026-02-16,ST026,MED026,17,17,0,0,0,33
2026-02-16,ST026,MED027,14,14,0,72,0,58
2026-02-16,ST026,MED028,5,5,0,0,0,36
2026-02-16,ST026,MED029,9,9,0,0,0,1
2026-02-16,ST026,MED030,4,4,0,0,0,40
2026-02-16,ST027,MED001,15,15,0,0,0,8
2026-02-16,ST027,MED002,14,14,0,0,0,28
2026-02-16,ST027,MED003,6,6,0,24,0,23
2026-02-16,ST027,MED004,8,8,0,0,0,6
2026-02-16,ST027,MED005,17,17,0,0,0,58
2026-02-16,ST027,MED006,10,10,0,0,0,38
2026-02-16,ST027,MED007,7,7,0,0,0,10
2026-02-16,ST027,MED008,2,2,0,0,0,13
2026-02-16,ST027,MED009,15,15,0,0,0,31
2026-02-16,ST027,MED010,6,6,0,0,0,10
2026-02-16,ST027,MED011,13,12,1,0,0,0
2026-02-16,ST027,MED012,12,12,0,72,0,60
2026-02-16,ST027,MED013,10,10,0,0,0,57
2026-02-16,ST027,MED014,4,4,0,0,0,24
2026-02-16,ST027,MED015,16,16,0,0,0,20
2026-02-16,ST027,MED016,14,14,0,0,0,34
2026-02-16,ST027,MED017,14,14,0,0,0,17
2026-02-16,ST027,MED018,8,6,2,0,0,0
2026-02-16,ST027,MED019,7,1,6,0,0,0
2026-02-16,ST027,MED020,13,13,0,48,0,53
2026-02-16,ST027,MED021,14,14,0,54,0,63
2026-02-16,ST027,MED022,4,4,0,0,0,14
2026-02-16,ST027,MED023,10,10,0,72,0,62
2026-02-16,ST027,MED024,14,14,0,0,0,37
2026-02-16,ST027,MED025,7,7,0,0,0,32
2026-02-16,ST027,MED026,11,11,0,0,0,13
2026-02-16,ST027,MED027,17,17,0,0,0,16
2026-02-16,ST027,MED028,8,7,1,0,0,0
2026-02-16,ST027,MED029,11,11,0,0,0,15
2026-02-16,ST027,MED030,8,8,0,30,0,30
2026-02-16,ST028,MED001,5,5,0,0,0,36
2026-02-16,ST028,MED002,10,10,0,0,0,36
2026-02-16,ST028,MED003,3,3,0,0,0,14
2026-02-16,ST028,MED004,6,6,0,48,0,48
2026-02-16,ST028,MED005,9,9,0,0,0,32
2026-02-16,ST028,MED006,7,7,0,0,0,27
2026-02-16,ST028,MED007,2,2,0,0,0,5
2026-02-16,ST028,MED008,5,5,0,0,0,2
2026-02-16,ST028,MED009,5,5,0,0,0,56
2026-02-16,ST028,MED010,1,1,0,0,0,18
2026-02-16,ST028,MED011,9,9,0,0,0,33
2026-02-16,ST028,MED012,5,5,0,0,0,23
2026-02-16,ST028,MED013,8,8,0,0,0,6
2026-02-16,ST028,MED014,3,3,0,0,0,10
2026-02-16,ST028,MED015,8,8,0,72,0,72
2026-02-16,ST028,MED016,4,4,0,0,0,24
2026-02-16,ST028,MED017,6,6,0,0,0,24
2026-02-16,ST028,MED018,3,3,0,0,0,45
2026-02-16,ST028,MED019,0,0,0,0,0,3
2026-02-16,ST028,MED020,7,7,0,0,0,13
2026-02-16,ST028,MED021,9,9,0,0,0,27
2026-02-16,ST028,MED022,6,6,0,0,0,13
2026-02-16,ST028,MED023,9,9,0,0,0,27
2026-02-16,ST028,MED024,8,8,0,0,0,78
2026-02-16,ST028,MED025,5,5,0,0,0,17
2026-02-16,ST028,MED026,8,8,0,0,0,34
2026-02-16,ST028,MED027,12,12,0,0,0,14
2026-02-16,ST028,MED028,8,8,0,0,0,26
2026-02-16,ST028,MED029,5,5,0,0,0,29
2026-02-16,ST028,MED030,6,6,0,0,0,16
2026-02-16,ST029,MED001,10,10,0,0,0,39
2026-02-16,ST029,MED002,7,7,0,0,0,25
2026-02-16,ST029,MED003,0,0,0,0,0,6
2026-02-16,ST029,MED004,9,9,0,0,0,19
2026-02-16,ST029,MED005,12,12,0,0,0,4
2026-02-16,ST029,MED006,6,6,0,0,0,37
2026-02-16,ST029,MED007,1,1,0,0,0,6
2026-02-16,ST029,MED008,6,6,0,0,0,8
2026-02-16,ST029,MED009,9,9,0,0,0,29
2026-02-16,ST029,MED010,2,2,0,0,0,18
2026-02-16,ST029,MED011,9,9,0,0,0,37
2026-02-16,ST029,MED012,2,2,0,0,0,46
2026-02-16,ST029,MED013,6,6,0,0,0,31
2026-02-16,ST029,MED014,5,5,0,0,0,25
2026-02-16,ST029,MED015,12,12,0,0,0,1
2026-02-16,ST029,MED016,10,10,0,0,0,16
2026-02-16,ST029,MED017,9,9,0,0,0,40
2026-02-16,ST029,MED018,10,10,0,0,0,16
2026-02-16,ST029,MED019,0,0,0,0,0,20
2026-02-16,ST029,MED020,4,4,0,0,0,10
2026-02-16,ST029,MED021,11,11,0,0,0,18
2026-02-16,ST029,MED022,5,5,0,42,0,37
2026-02-16,ST029,MED023,7,1,6,0,0,0
2026-02-16,ST029,MED024,9,9,0,72,0,78
2026-02-16,ST029,MED025,5,5,0,0,0,12
2026-02-16,ST029,MED026,12,12,0,0,0,21
2026-02-16,ST029,MED027,12,12,0,0,0,82
2026-02-16,ST029,MED028,6,6,0,0,0,24
2026-02-16,ST029,MED029,5,5,0,0,0,86
2026-02-16,ST029,MED030,4,4,0,0,0,16
2026-02-16,ST030,MED001,11,11,0,72,0,91
2026-02-16,ST030,MED002,17,12,5,0,0,0
2026-02-16,ST030,MED003,5,5,0,0,0,18
2026-02-16,ST030,MED004,8,8,0,0,0,34
2026-02-16,ST030,MED005,8,8,0,72,0,66
2026-02-16,ST030,MED006,10,10,0,0,0,32
2026-02-16,ST030,MED007,3,3,0,0,0,9
2026-02-16,ST030,MED008,4,4,0,0,0,6
2026-02-16,ST030,MED009,7,7,0,0,0,37
2026-02-16,ST030,MED010,1,1,0,0,0,28
2026-02-16,ST030,MED011,7,7,0,0,0,25
2026-02-16,ST030,MED012,9,8,1,0,0,0
2026-02-16,ST030,MED013,6,6,0,0,0,18
2026-02-16,ST030,MED014,2,2,0,0,0,30
2026-02-16,ST030,MED015,11,11,0,0,0,33
2026-02-16,ST030,MED016,8,8,0,48,0,45
2026-02-16,ST030,MED017,12,12,0,0,0,23
2026-02-16,ST030,MED018,5,5,0,0,0,21
2026-02-16,ST030,MED019,3,3,0,0,0,11
2026-02-16,ST030,MED020,6,6,0,48,0,63
2026-02-16,ST030,MED021,12,12,0,0,0,20
2026-02-16,ST030,MED022,7,7,0,0,0,17
2026-02-16,ST030,MED023,11,11,0,0,0,37
2026-02-16,ST030,MED024,13,13,0,0,0,48
2026-02-16,ST030,MED025,6,6,0,0,0,6
2026-02-16,ST030,MED026,9,9,0,0,0,41
2026-02-16,ST030,MED027,13,13,0,72,0,85
2026-02-16,ST030,MED028,7,7,0,0,0,0
2026-02-16,ST030,MED029,6,6,0,0,0,32
2026-02-16,ST030,MED030,8,8,0,0,0,15
2026-02-16,ST031,MED001,11,11,0,0,0,74
2026-02-16,ST031,MED002,14,14,0,72,0,58
2026-02-16,ST031,MED003,0,0,0,0,0,12
2026-02-16,ST031,MED004,6,6,0,0,0,39
2026-02-16,ST031,MED005,13,13,0,0,0,46
2026-02-16,ST031,MED006,8,8,0,0,0,39
2026-02-16,ST031,MED007,2,0,2,0,0,0
2026-02-16,ST031,MED008,3,3,0,0,0,24
2026-02-16,ST031,MED009,14,14,0,0,0,55
2026-02-16,ST031,MED010,3,3,0,0,0,9
2026-02-16,ST031,MED011,8,8,0,66,0,58
2026-02-16,ST031,MED012,10,10,0,60,0,58
2026-02-16,ST031,MED013,8,8,0,0,0,24
2026-02-16,ST031,MED014,3,3,0,0,0,30
2026-02-16,ST031,MED015,15,15,0,0,0,11
2026-02-16,ST031,MED016,5,5,0,0,0,9
2026-02-16,ST031,MED017,13,13,0,0,0,16
2026-02-16,ST031,MED018,8,8,0,0,0,19
2026-02-16,ST031,MED019,4,4,0,24,0,21
2026-02-16,ST031,MED020,6,6,0,0,0,21
2026-02-16,ST031,MED021,12,12,0,0,0,7
2026-02-16,ST031,MED022,8,8,0,0,0,21
2026-02-16,ST031,MED023,10,0,10,0,0,0
2026-02-16,ST031,MED024,11,11,0,0,0,35
2026-02-16,ST031,MED025,5,5,0,0,0,19
2026-02-16,ST031,MED026,11,11,0,0,0,13
2026-02-16,ST031,MED027,10,10,0,0,0,86
2026-02-16,ST031,MED028,6,6,0,0,0,44
2026-02-16,ST031,MED029,11,11,0,0,0,29
2026-02-16,ST031,MED030,2,2,0,0,0,21
2026-02-16,ST032,MED001,22,22,0,0,0,47
2026-02-16,ST032,MED002,11,11,0,0,0,22
2026-02-16,ST032,MED003,4,4,0,24,0,28
2026-02-16,ST032,MED004,9,9,0,0,0,48
2026-02-16,ST032,MED005,12,12,0,0,0,34
2026-02-16,ST032,MED006,10,10,0,0,0,12
2026-02-16,ST032,MED007,4,4,0,0,0,25
2026-02-16,ST032,MED008,4,4,0,0,0,11
2026-02-16,ST032,MED009,9,0,9,0,0,0
2026-02-16,ST032,MED010,6,6,0,0,0,5
2026-02-16,ST032,MED011,12,12,0,0,0,13
2026-02-16,ST032,MED012,13,13,0,0,0,26
2026-02-16,ST032,MED013,8,8,0,0,0,23
2026-02-16,ST032,MED014,6,3,3,0,0,0
2026-02-16,ST032,MED015,15,15,0,0,0,5
2026-02-16,ST032,MED016,8,0,8,0,0,0
2026-02-16,ST032,MED017,15,15,0,0,0,22
2026-02-16,ST032,MED018,6,6,0,0,0,2
2026-02-16,ST032,MED019,4,4,0,0,0,12
2026-02-16,ST032,MED020,6,6,0,0,0,10
2026-02-16,ST032,MED021,10,10,0,0,0,47
2026-02-16,ST032,MED022,7,7,0,0,0,22
2026-02-16,ST032,MED023,14,14,0,0,0,67
2026-02-16,ST032,MED024,12,12,0,72,0,60
2026-02-16,ST032,MED025,10,10,0,0,0,12
2026-02-16,ST032,MED026,15,15,0,0,0,19
2026-02-16,ST032,MED027,16,16,0,0,0,41
2026-02-16,ST032,MED028,3,3,0,0,0,63
2026-02-16,ST032,MED029,6,6,0,0,0,44
2026-02-16,ST032,MED030,3,3,0,0,0,24
2026-02-16,ST033,MED001,12,12,0,0,0,26
2026-02-16,ST033,MED002,16,0,16,0,0,0
2026-02-16,ST033,MED003,3,3,0,0,0,3
2026-02-16,ST033,MED004,11,0,11,0,0,0
2026-02-16,ST033,MED005,10,10,0,0,0,37
2026-02-16,ST033,MED006,8,8,0,0,0,18
2026-02-16,ST033,MED007,1,1,0,0,0,15
2026-02-16,ST033,MED008,5,5,0,0,0,9
2026-02-16,ST033,MED009,14,14,0,0,0,39
2026-02-16,ST033,MED010,5,5,0,0,0,19
2026-02-16,ST033,MED011,14,14,0,0,0,40
2026-02-16,ST033,MED012,9,9,0,0,0,78
2026-02-16,ST033,MED013,9,9,0,0,0,30
2026-02-16,ST033,MED014,4,4,0,0,0,8
2026-02-16,ST033,MED015,8,4,4,0,0,0
2026-02-16,ST033,MED016,13,13,0,0,0,4
2026-02-16,ST033,MED017,13,13,0,0,0,20
2026-02-16,ST033,MED018,9,9,0,0,0,16
2026-02-16,ST033,MED019,3,3,0,0,0,12
2026-02-16,ST033,MED020,13,11,2,0,0,0
2026-02-16,ST033,MED021,10,10,0,0,0,8
2026-02-16,ST033,MED022,7,7,0,0,0,13
2026-02-16,ST033,MED023,15,15,0,72,0,57
2026-02-16,ST033,MED024,14,14,0,0,0,28
2026-02-16,ST033,MED025,3,3,0,36,0,45
2026-02-16,ST033,MED026,10,10,0,0,0,33
2026-02-16,ST033,MED027,14,14,0,0,0,26
2026-02-16,ST033,MED028,7,7,0,0,0,9
2026-02-16,ST033,MED029,8,8,0,0,0,39
2026-02-16,ST033,MED030,5,5,0,0,0,12
2026-02-16,ST034,MED001,15,11,4,0,0,0
2026-02-16,ST034,MED002,16,16,0,0,0,25
2026-02-16,ST034,MED003,0,0,0,0,0,6
2026-02-16,ST034,MED004,10,10,0,0,0,17
2026-02-16,ST034,MED005,11,11,0,0,0,46
2026-02-16,ST034,MED006,11,11,0,60,0,63
2026-02-16,ST034,MED007,5,3,2,0,0,0
2026-02-16,ST034,MED008,3,3,0,0,0,12
2026-02-16,ST034,MED009,14,14,0,0,0,17
2026-02-16,ST034,MED010,5,5,0,36,0,31
2026-02-16,ST034,MED011,15,15,0,0,0,27
2026-02-16,ST034,MED012,15,0,15,0,0,0
2026-02-16,ST034,MED013,9,9,0,48,0,39
2026-02-16,ST034,MED014,7,6,1,0,0,0
2026-02-16,ST034,MED015,13,13,0,0,0,63
2026-02-16,ST034,MED016,9,0,9,0,0,0
2026-02-16,ST034,MED017,15,15,0,60,0,45
2026-02-16,ST034,MED018,10,10,0,0,0,26
2026-02-16,ST034,MED019,4,4,0,24,0,24
2026-02-16,ST034,MED020,6,6,0,0,0,26
2026-02-16,ST034,MED021,11,11,0,60,0,71
2026-02-16,ST034,MED022,16,0,16,0,0,0
2026-02-16,ST034,MED023,11,11,0,0,0,6
2026-02-16,ST034,MED024,13,13,0,0,0,45
2026-02-16,ST034,MED025,9,4,5,0,0,0
2026-02-16,ST034,MED026,17,17,0,72,0,71
2026-02-16,ST034,MED027,14,14,0,0,0,48
2026-02-16,ST034,MED028,8,8,0,0,0,4
2026-02-16,ST034,MED029,14,14,0,0,0,10
2026-02-16,ST034,MED030,5,2,3,0,0,0
2026-02-16,ST035,MED001,9,9,0,0,0,39
2026-02-16,ST035,MED002,7,7,0,0,0,22
2026-02-16,ST035,MED003,0,0,0,24,0,26
2026-02-16,ST035,MED004,8,8,0,0,0,42
2026-02-16,ST035,MED005,10,10,0,0,0,31
2026-02-16,ST035,MED006,6,6,0,0,0,16
2026-02-16,ST035,MED007,1,1,0,0,0,30
2026-02-16,ST035,MED008,6,6,0,0,0,2
2026-02-16,ST035,MED009,9,9,0,0,0,31
2026-02-16,ST035,MED010,0,0,0,0,0,11
2026-02-16,ST035,MED011,10,10,0,0,0,0
2026-02-16,ST035,MED012,8,8,0,0,0,31
2026-02-16,ST035,MED013,2,2,0,0,0,42
2026-02-16,ST035,MED014,4,4,0,0,0,5
2026-02-16,ST035,MED015,8,8,0,0,0,35
2026-02-16,ST035,MED016,8,8,0,0,0,26
2026-02-16,ST035,MED017,6,6,0,0,0,40
2026-02-16,ST035,MED018,0,0,0,0,0,16
2026-02-16,ST035,MED019,0,0,0,0,0,26
2026-02-16,ST035,MED020,1,1,0,0,0,55
2026-02-16,ST035,MED021,7,7,0,0,0,19
2026-02-16,ST035,MED022,7,7,0,0,0,24
2026-02-16,ST035,MED023,7,7,0,0,0,71
2026-02-16,ST035,MED024,10,10,0,0,0,34
2026-02-16,ST035,MED025,6,6,0,0,0,7
2026-02-16,ST035,MED026,11,11,0,0,0,25
2026-02-16,ST035,MED027,5,5,0,0,0,40
2026-02-16,ST035,MED028,2,2,0,0,0,13
2026-02-16,ST035,MED029,5,5,0,0,0,30
2026-02-16,ST035,MED030,7,7,0,0,0,8
2026-02-16,ST036,MED001,8,8,0,0,0,7
2026-02-16,ST036,MED002,11,11,0,0,0,25
2026-02-16,ST036,MED003,4,4,0,0,0,11
2026-02-16,ST036,MED004,9,9,0,48,0,40
2026-02-16,ST036,MED005,9,9,0,0,0,15
2026-02-16,ST036,MED006,12,12,0,60,0,49
2026-02-16,ST036,MED007,2,2,0,0,0,22
2026-02-16,ST036,MED008,0,0,0,0,0,12
2026-02-16,ST036,MED009,4,4,0,0,0,39
2026-02-16,ST036,MED010,1,0,1,0,0,0
2026-02-16,ST036,MED011,9,9,0,0,0,29
2026-02-16,ST036,MED012,8,8,0,0,0,35
2026-02-16,ST036,MED013,6,6,0,0,0,15
2026-02-16,ST036,MED014,4,4,0,0,0,3
2026-02-16,ST036,MED015,8,8,0,0,0,40
2026-02-16,ST036,MED016,6,6,0,0,0,22
2026-02-16,ST036,MED017,7,7,0,0,0,80
2026-02-16,ST036,MED018,0,0,0,0,0,31
2026-02-16,ST036,MED019,0,0,0,0,0,7
2026-02-16,ST036,MED020,10,10,0,0,0,24
2026-02-16,ST036,MED021,6,6,0,54,0,62
2026-02-16,ST036,MED022,4,4,0,0,0,19
2026-02-16,ST036,MED023,11,11,0,0,0,11
2026-02-16,ST036,MED024,8,8,0,0,0,47
2026-02-16,ST036,MED025,1,1,0,36,0,41
2026-02-16,ST036,MED026,9,0,9,0,0,0
2026-02-16,ST036,MED027,12,12,0,0,0,22
2026-02-16,ST036,MED028,7,7,0,0,0,5
2026-02-16,ST036,MED029,11,3,8,0,0,0
2026-02-16,ST036,MED030,5,5,0,36,0,41
2026-02-16,ST037,MED001,7,3,4,0,0,0
2026-02-16,ST037,MED002,7,7,0,0,0,36
2026-02-16,ST037,MED003,0,0,0,24,0,32
2026-02-16,ST037,MED004,3,3,0,0,0,13
2026-02-16,ST037,MED005,12,12,0,0,0,70
2026-02-16,ST037,MED006,7,7,0,0,0,66
2026-02-16,ST037,MED007,3,3,0,0,0,5
2026-02-16,ST037,MED008,0,0,0,0,0,26
2026-02-16,ST037,MED009,10,10,0,60,0,66
2026-02-16,ST037,MED010,2,2,0,24,0,31
2026-02-16,ST037,MED011,9,9,0,0,0,31
2026-02-16,ST037,MED012,8,8,0,0,0,30
2026-02-16,ST037,MED013,5,5,0,0,0,11
2026-02-16,ST037,MED014,4,4,0,0,0,48
2026-02-16,ST037,MED015,8,8,0,0,0,45
2026-02-16,ST037,MED016,9,9,0,0,0,1
2026-02-16,ST037,MED017,8,8,0,0,0,42
2026-02-16,ST037,MED018,5,5,0,48,0,56
2026-02-16,ST037,MED019,1,1,0,0,0,20
2026-02-16,ST037,MED020,8,3,5,0,0,0
2026-02-16,ST037,MED021,6,6,0,66,0,60
2026-02-16,ST037,MED022,7,7,0,0,0,22
2026-02-16,ST037,MED023,12,12,0,0,0,38
2026-02-16,ST037,MED024,14,14,0,72,0,83
2026-02-16,ST037,MED025,13,13,0,0,0,12
2026-02-16,ST037,MED026,11,11,0,0,0,10
2026-02-16,ST037,MED027,9,9,0,0,0,36
2026-02-16,ST037,MED028,11,11,0,0,0,19
2026-02-16,ST037,MED029,7,7,0,0,0,36
2026-02-16,ST037,MED030,6,4,2,0,0,0
2026-02-16,ST038,MED001,11,11,0,0,0,45
2026-02-16,ST038,MED002,8,8,0,0,0,0
2026-02-16,ST038,MED003,1,1,0,0,0,9
2026-02-16,ST038,MED004,6,6,0,48,0,42
2026-02-16,ST038,MED005,10,10,0,0,0,12
2026-02-16,ST038,MED006,12,0,12,0,0,0
2026-02-16,ST038,MED007,3,3,0,0,0,1
2026-02-16,ST038,MED008,4,4,0,0,0,13
2026-02-16,ST038,MED009,8,8,0,0,0,35
2026-02-16,ST038,MED010,7,7,0,0,0,14
2026-02-16,ST038,MED011,12,12,0,0,0,10
2026-02-16,ST038,MED012,9,9,0,0,0,39
2026-02-16,ST038,MED013,6,6,0,48,0,55
2026-02-16,ST038,MED014,8,8,0,0,0,2
2026-02-16,ST038,MED015,12,12,0,0,0,46
2026-02-16,ST038,MED016,7,7,0,48,0,41
2026-02-16,ST038,MED017,13,13,0,0,0,31
2026-02-16,ST038,MED018,6,6,0,0,0,21
2026-02-16,ST038,MED019,0,0,0,0,0,15
2026-02-16,ST038,MED020,5,0,5,0,0,0
2026-02-16,ST038,MED021,10,10,0,0,0,12
2026-02-16,ST038,MED022,9,9,0,0,0,20
2026-02-16,ST038,MED023,10,10,0,0,0,12
2026-02-16,ST038,MED024,13,13,0,0,0,80
2026-02-16,ST038,MED025,3,3,0,0,0,23
2026-02-16,ST038,MED026,12,12,0,0,0,3
2026-02-16,ST038,MED027,11,11,0,0,0,24
2026-02-16,ST038,MED028,8,8,0,0,0,15
2026-02-16,ST038,MED029,10,0,10,0,0,0
2026-02-16,ST038,MED030,3,3,0,0,0,29
2026-02-16,ST039,MED001,14,14,0,0,0,28
2026-02-16,ST039,MED002,12,12,0,0,0,48
2026-02-16,ST039,MED003,3,3,0,0,0,9
2026-02-16,ST039,MED004,9,9,0,48,0,39
2026-02-16,ST039,MED005,13,13,0,0,0,17
2026-02-16,ST039,MED006,13,0,13,0,0,0
2026-02-16,ST039,MED007,4,4,0,24,0,20
2026-02-16,ST039,MED008,4,4,0,0,0,1
2026-02-16,ST039,MED009,10,10,0,60,0,66
2026-02-16,ST039,MED010,6,6,0,0,0,9
2026-02-16,ST039,MED011,8,8,0,0,0,51
2026-02-16,ST039,MED012,13,13,0,72,0,59
2026-02-16,ST039,MED013,6,6,0,0,0,15
2026-02-16,ST039,MED014,10,10,0,0,0,9
2026-02-16,ST039,MED015,13,13,0,0,0,1
2026-02-16,ST039,MED016,8,8,0,0,0,19
2026-02-16,ST039,MED017,11,11,0,0,0,13
2026-02-16,ST039,MED018,5,5,0,0,0,8
2026-02-16,ST039,MED019,4,4,0,0,0,12
2026-02-16,ST039,MED020,8,8,0,0,0,22
2026-02-16,ST039,MED021,12,12,0,60,0,48
2026-02-16,ST039,MED022,10,10,0,0,0,29
2026-02-16,ST039,MED023,13,13,0,0,0,33
2026-02-16,ST039,MED024,11,11,0,0,0,44
2026-02-16,ST039,MED025,9,9,0,0,0,10
2026-02-16,ST039,MED026,10,10,0,0,0,52
2026-02-16,ST039,MED027,16,16,0,0,0,86
2026-02-16,ST039,MED028,10,10,0,48,0,52
2026-02-16,ST039,MED029,7,7,0,0,0,15
2026-02-16,ST039,MED030,15,6,9,0,0,0
2026-02-16,ST040,MED001,12,12,0,0,0,53
2026-02-16,ST040,MED002,11,3,8,0,0,0
2026-02-16,ST040,MED003,4,4,0,0,0,8
2026-02-16,ST040,MED004,8,8,0,0,0,9
2026-02-16,ST040,MED005,11,11,0,72,0,61
2026-02-16,ST040,MED006,13,13,0,0,0,61
2026-02-16,ST040,MED007,4,4,0,0,0,9
2026-02-16,ST040,MED008,2,2,0,24,0,30
2026-02-16,ST040,MED009,11,11,0,0,0,19
2026-02-16,ST040,MED010,5,5,0,0,0,24
2026-02-16,ST040,MED011,17,17,0,0,0,31
2026-02-16,ST040,MED012,15,15,0,0,0,21
2026-02-16,ST040,MED013,9,9,0,48,0,40
2026-02-16,ST040,MED014,10,10,0,0,0,29
2026-02-16,ST040,MED015,12,12,0,72,0,60
2026-02-16,ST040,MED016,6,6,0,0,0,34
2026-02-16,ST040,MED017,8,8,0,0,0,52
2026-02-16,ST040,MED018,6,6,0,0,0,23
2026-02-16,ST040,MED019,4,4,0,24,0,23
2026-02-16,ST040,MED020,11,11,0,0,0,30
2026-02-16,ST040,MED021,13,13,0,0,0,9
2026-02-16,ST040,MED022,4,4,0,0,0,10
2026-02-16,ST040,MED023,16,16,0,0,0,41
2026-02-16,ST040,MED024,16,16,0,0,0,35
2026-02-16,ST040,MED025,10,10,0,0,0,13
2026-02-16,ST040,MED026,12,12,0,0,0,18
2026-02-16,ST040,MED027,13,13,0,0,0,9
2026-02-16,ST040,MED028,6,6,0,0,0,5
2026-02-16,ST040,MED029,15,15,0,0,0,30
2026-02-16,ST040,MED030,7,7,0,0,0,23
2026-02-17,ST001,MED001,11,11,0,0,0,26
2026-02-17,ST001,MED002,8,8,0,0,0,26
2026-02-17,ST001,MED003,2,1,1,0,0,0
2026-02-17,ST001,MED004,6,6,0,0,0,20
2026-02-17,ST001,MED005,12,12,0,0,0,72
2026-02-17,ST001,MED006,12,12,0,0,0,43
2026-02-17,ST001,MED007,2,2,0,0,0,10
2026-02-17,ST001,MED008,7,7,0,0,0,17
2026-02-17,ST001,MED009,8,8,0,0,0,6
2026-02-17,ST001,MED010,6,6,0,0,0,16
2026-02-17,ST001,MED011,9,9,0,0,0,1
2026-02-17,ST001,MED012,8,8,0,0,0,62
2026-02-17,ST001,MED013,6,6,0,0,0,48
2026-02-17,ST001,MED014,8,8,0,48,0,52
2026-02-17,ST001,MED015,8,8,0,0,0,22
2026-02-17,ST001,MED016,7,7,0,0,0,33
2026-02-17,ST001,MED017,7,7,0,0,0,7
2026-02-17,ST001,MED018,2,2,0,0,0,38
2026-02-17,ST001,MED019,3,3,0,0,0,4
2026-02-17,ST001,MED020,5,5,0,0,0,41
2026-02-17,ST001,MED021,7,7,0,0,0,25
2026-02-17,ST001,MED022,3,3,0,0,0,17
2026-02-17,ST001,MED023,9,9,0,0,0,26
2026-02-17,ST001,MED024,9,9,0,0,0,23
2026-02-17,ST001,MED025,4,4,0,0,0,11
2026-02-17,ST001,MED026,9,9,0,0,0,33
2026-02-17,ST001,MED027,12,12,0,0,0,64
2026-02-17,ST001,MED028,9,9,0,0,0,6
2026-02-17,ST001,MED029,5,5,0,0,0,25
2026-02-17,ST001,MED030,10,10,0,0,0,4
2026-02-17,ST002,MED001,12,12,0,0,0,3
2026-02-17,ST002,MED002,13,13,0,0,0,22
2026-02-17,ST002,MED003,6,6,0,0,0,9
2026-02-17,ST002,MED004,6,6,0,48,0,56
2026-02-17,ST002,MED005,11,11,0,0,0,13
2026-02-17,ST002,MED006,10,8,2,0,0,0
2026-02-17,ST002,MED007,6,6,0,24,0,18
2026-02-17,ST002,MED008,0,0,0,0,0,15
2026-02-17,ST002,MED009,8,8,0,60,0,53
2026-02-17,ST002,MED010,4,4,0,0,0,32
2026-02-17,ST002,MED011,13,13,0,0,0,0
2026-02-17,ST002,MED012,10,10,0,0,0,43
2026-02-17,ST002,MED013,4,4,0,0,0,28
2026-02-17,ST002,MED014,5,5,0,0,0,18
2026-02-17,ST002,MED015,12,12,0,0,0,18
2026-02-17,ST002,MED016,4,4,0,0,0,29
2026-02-17,ST002,MED017,13,13,0,72,0,63
2026-02-17,ST002,MED018,6,6,0,0,0,23
2026-02-17,ST002,MED019,1,0,1,0,0,0
2026-02-17,ST002,MED020,11,11,0,0,0,14
2026-02-17,ST002,MED021,10,10,0,0,0,54
2026-02-17,ST002,MED022,2,2,0,42,0,40
2026-02-17,ST002,MED023,8,8,0,0,0,51
2026-02-17,ST002,MED024,9,9,0,72,0,99
2026-02-17,ST002,MED025,6,6,0,0,0,11
2026-02-17,ST002,MED026,9,9,0,0,0,76
2026-02-17,ST002,MED027,10,10,0,72,0,65
2026-02-17,ST002,MED028,8,8,0,0,0,7
2026-02-17,ST002,MED029,10,10,0,0,0,30
2026-02-17,ST002,MED030,8,8,0,0,0,9
2026-02-17,ST003,MED001,11,11,0,72,0,61
2026-02-17,ST003,MED002,10,10,0,0,0,56
2026-02-17,ST003,MED003,1,1,0,0,0,4
2026-02-17,ST003,MED004,4,4,0,0,0,32
2026-02-17,ST003,MED005,15,15,0,0,0,21
2026-02-17,ST003,MED006,10,10,0,0,0,14
2026-02-17,ST003,MED007,4,4,0,0,0,24
2026-02-17,ST003,MED008,1,1,0,0,0,16
2026-02-17,ST003,MED009,8,8,0,0,0,25
2026-02-17,ST003,MED010,1,1,0,0,0,5
2026-02-17,ST003,MED011,14,14,0,0,0,30
2026-02-17,ST003,MED012,7,7,0,0,0,32
2026-02-17,ST003,MED013,7,7,0,0,0,39
2026-02-17,ST003,MED014,4,4,0,0,0,48
2026-02-17,ST003,MED015,10,10,0,0,0,65
2026-02-17,ST003,MED016,8,8,0,0,0,32
2026-02-17,ST003,MED017,10,10,0,0,0,13
2026-02-17,ST003,MED018,9,9,0,0,0,15
2026-02-17,ST003,MED019,3,3,0,24,0,27
2026-02-17,ST003,MED020,11,11,0,0,0,17
2026-02-17,ST003,MED021,7,7,0,54,0,59
2026-02-17,ST003,MED022,5,5,0,0,0,13
2026-02-17,ST003,MED023,12,12,0,0,0,46
2026-02-17,ST003,MED024,10,10,0,0,0,73
2026-02-17,ST003,MED025,6,0,6,0,0,0
2026-02-17,ST003,MED026,11,11,0,0,0,52
2026-02-17,ST003,MED027,12,12,0,0,0,60
2026-02-17,ST003,MED028,5,3,2,0,0,0
2026-02-17,ST003,MED029,7,7,0,0,0,76
2026-02-17,ST003,MED030,0,0,0,0,0,5
2026-02-17,ST004,MED001,10,10,0,72,0,62
2026-02-17,ST004,MED002,11,11,0,0,0,5
2026-02-17,ST004,MED003,1,1,0,0,0,13
2026-02-17,ST004,MED004,7,7,0,0,0,19
2026-02-17,ST004,MED005,13,9,4,0,0,0
2026-02-17,ST004,MED006,7,7,0,0,0,35
2026-02-17,ST004,MED007,6,6,0,0,0,7
2026-02-17,ST004,MED008,5,5,0,24,0,25
2026-02-17,ST004,MED009,15,15,0,0,0,7
2026-02-17,ST004,MED010,7,7,0,24,0,26
2026-02-17,ST004,MED011,10,10,0,0,0,2
2026-02-17,ST004,MED012,10,0,10,0,0,0
2026-02-17,ST004,MED013,8,3,5,0,0,0
2026-02-17,ST004,MED014,6,6,0,0,0,19
2026-02-17,ST004,MED015,13,13,0,0,0,53
2026-02-17,ST004,MED016,5,5,0,0,0,43
2026-02-17,ST004,MED017,12,12,0,72,0,88
2026-02-17,ST004,MED018,4,4,0,0,0,14
2026-02-17,ST004,MED019,1,0,1,0,0,0
2026-02-17,ST004,MED020,10,10,0,0,0,27
2026-02-17,ST004,MED021,10,0,10,0,0,0
2026-02-17,ST004,MED022,8,5,3,0,0,0
2026-02-17,ST004,MED023,11,11,0,0,0,12
2026-02-17,ST004,MED024,15,15,0,0,0,8
2026-02-17,ST004,MED025,9,9,0,48,0,39
2026-02-17,ST004,MED026,15,15,0,0,0,36
2026-02-17,ST004,MED027,15,15,0,72,0,79
2026-02-17,ST004,MED028,7,2,5,0,0,0
2026-02-17,ST004,MED029,9,9,0,0,0,62
2026-02-17,ST004,MED030,8,5,3,0,0,0
2026-02-17,ST005,MED001,17,17,0,72,0,58
2026-02-17,ST005,MED002,13,6,7,0,0,0
2026-02-17,ST005,MED003,5,5,0,0,0,1
2026-02-17,ST005,MED004,10,0,10,0,0,0
2026-02-17,ST005,MED005,11,11,0,0,0,27
2026-02-17,ST005,MED006,12,12,0,0,0,6
2026-02-17,ST005,MED007,4,4,0,24,0,31
2026-02-17,ST005,MED008,3,3,0,24,0,21
2026-02-17,ST005,MED009,14,14,0,0,0,14
2026-02-17,ST005,MED010,4,4,0,0,0,10
2026-02-17,ST005,MED011,12,12,0,0,0,48
2026-02-17,ST005,MED012,10,10,0,0,0,18
2026-02-17,ST005,MED013,11,11,0,0,0,17
2026-02-17,ST005,MED014,3,3,0,0,0,30
2026-02-17,ST005,MED015,13,0,13,0,0,0
2026-02-17,ST005,MED016,10,10,0,0,0,37
2026-02-17,ST005,MED017,12,12,0,0,0,67
2026-02-17,ST005,MED018,8,8,0,0,0,52
2026-02-17,ST005,MED019,5,5,0,0,0,14
2026-02-17,ST005,MED020,8,7,1,0,0,0
2026-02-17,ST005,MED021,15,15,0,54,0,39
2026-02-17,ST005,MED022,10,10,0,48,0,38
2026-02-17,ST005,MED023,11,11,0,0,0,21
2026-02-17,ST005,MED024,14,14,0,0,0,39
2026-02-17,ST005,MED025,7,7,0,0,0,39
2026-02-17,ST005,MED026,15,15,0,72,0,57
2026-02-17,ST005,MED027,15,15,0,0,0,32
2026-02-17,ST005,MED028,7,7,0,48,0,54
2026-02-17,ST005,MED029,21,21,0,72,0,51
2026-02-17,ST005,MED030,7,0,7,0,0,0
2026-02-17,ST006,MED001,26,26,0,72,0,46
2026-02-17,ST006,MED002,15,15,0,0,0,27
2026-02-17,ST006,MED003,2,2,0,0,0,3
2026-02-17,ST006,MED004,11,11,0,0,0,29
2026-02-17,ST006,MED005,14,14,0,0,0,46
2026-02-17,ST006,MED006,12,12,0,0,0,50
2026-02-17,ST006,MED007,2,0,2,0,0,0
2026-02-17,ST006,MED008,4,4,0,0,0,1
2026-02-17,ST006,MED009,13,6,7,0,0,0
2026-02-17,ST006,MED010,5,5,0,0,0,17
2026-02-17,ST006,MED011,17,17,0,0,0,18
2026-02-17,ST006,MED012,14,14,0,0,0,32
2026-02-17,ST006,MED013,9,9,0,0,0,34
2026-02-17,ST006,MED014,5,5,0,0,0,47
2026-02-17,ST006,MED015,14,14,0,0,0,63
2026-02-17,ST006,MED016,5,0,5,0,0,0
2026-02-17,ST006,MED017,13,13,0,0,0,29
2026-02-17,ST006,MED018,5,5,0,48,0,59
2026-02-17,ST006,MED019,5,5,0,0,0,9
2026-02-17,ST006,MED020,9,9,0,0,0,20
2026-02-17,ST006,MED021,17,13,4,0,0,0
2026-02-17,ST006,MED022,4,4,0,0,0,30
2026-02-17,ST006,MED023,12,12,0,0,0,48
2026-02-17,ST006,MED024,14,14,0,0,0,25
2026-02-17,ST006,MED025,10,10,0,0,0,6
2026-02-17,ST006,MED026,16,16,0,72,0,56
2026-02-17,ST006,MED027,16,16,0,0,0,3
2026-02-17,ST006,MED028,11,10,1,0,0,0
2026-02-17,ST006,MED029,12,0,12,0,0,0
2026-02-17,ST006,MED030,6,6,0,30,0,27
2026-02-17,ST007,MED001,6,6,0,0,0,25
2026-02-17,ST007,MED002,5,5,0,0,0,53
2026-02-17,ST007,MED003,4,4,0,0,0,1
2026-02-17,ST007,MED004,5,5,0,0,0,18
2026-02-17,ST007,MED005,10,10,0,0,0,16
2026-02-17,ST007,MED006,6,6,0,0,0,15
2026-02-17,ST007,MED007,1,1,0,24,0,24
2026-02-17,ST007,MED008,4,4,0,0,0,4
2026-02-17,ST007,MED009,4,4,0,60,0,76
2026-02-17,ST007,MED010,1,1,0,0,0,9
2026-02-17,ST007,MED011,10,10,0,0,0,24
2026-02-17,ST007,MED012,9,9,0,0,0,22
2026-02-17,ST007,MED013,6,6,0,48,0,43
2026-02-17,ST007,MED014,3,3,0,0,0,28
2026-02-17,ST007,MED015,8,8,0,0,0,58
2026-02-17,ST007,MED016,2,2,0,0,0,57
2026-02-17,ST007,MED017,8,8,0,0,0,19
2026-02-17,ST007,MED018,6,6,0,0,0,22
2026-02-17,ST007,MED019,2,2,0,0,0,21
2026-02-17,ST007,MED020,2,2,0,0,0,54
2026-02-17,ST007,MED021,8,8,0,0,0,17
2026-02-17,ST007,MED022,4,4,0,0,0,6
2026-02-17,ST007,MED023,8,8,0,0,0,24
2026-02-17,ST007,MED024,11,11,0,72,0,61
2026-02-17,ST007,MED025,7,7,0,0,0,7
2026-02-17,ST007,MED026,11,11,0,0,0,5
2026-02-17,ST007,MED027,4,4,0,0,0,37
2026-02-17,ST007,MED028,4,4,0,0,0,16
2026-02-17,ST007,MED029,8,8,0,0,0,18
2026-02-17,ST007,MED030,1,1,0,0,0,29
2026-02-17,ST008,MED001,10,10,0,0,0,28
2026-02-17,ST008,MED002,10,10,0,0,0,24
2026-02-17,ST008,MED003,0,0,0,0,0,10
2026-02-17,ST008,MED004,6,6,0,0,0,17
2026-02-17,ST008,MED005,13,13,0,0,0,9
2026-02-17,ST008,MED006,10,10,0,0,0,47
2026-02-17,ST008,MED007,2,2,0,0,0,12
2026-02-17,ST008,MED008,0,0,0,0,0,3
2026-02-17,ST008,MED009,7,7,0,0,0,46
2026-02-17,ST008,MED010,3,3,0,0,0,23
2026-02-17,ST008,MED011,10,10,0,0,0,6
2026-02-17,ST008,MED012,7,7,0,0,0,18
2026-02-17,ST008,MED013,3,3,0,0,0,28
2026-02-17,ST008,MED014,7,7,0,0,0,37
2026-02-17,ST008,MED015,10,10,0,0,0,73
2026-02-17,ST008,MED016,9,9,0,0,0,50
2026-02-17,ST008,MED017,8,8,0,72,0,64
2026-02-17,ST008,MED018,7,7,0,0,0,34
2026-02-17,ST008,MED019,3,3,0,0,0,0
2026-02-17,ST008,MED020,4,4,0,0,0,28
2026-02-17,ST008,MED021,7,7,0,54,0,53
2026-02-17,ST008,MED022,7,7,0,36,0,44
2026-02-17,ST008,MED023,5,5,0,0,0,42
2026-02-17,ST008,MED024,9,9,0,0,0,11
2026-02-17,ST008,MED025,7,0,7,0,0,0
2026-02-17,ST008,MED026,7,7,0,0,0,53
2026-02-17,ST008,MED027,15,15,0,72,0,94
2026-02-17,ST008,MED028,4,4,0,0,0,19
2026-02-17,ST008,MED029,10,10,0,0,0,67
2026-02-17,ST008,MED030,6,6,0,0,0,5
2026-02-17,ST009,MED001,9,9,0,0,0,65
2026-02-17,ST009,MED002,9,9,0,0,0,65
2026-02-17,ST009,MED003,4,4,0,0,0,13
2026-02-17,ST009,MED004,9,9,0,0,0,17
2026-02-17,ST009,MED005,11,11,0,0,0,7
2026-02-17,ST009,MED006,9,9,0,0,0,14
2026-02-17,ST009,MED007,7,7,0,24,0,22
2026-02-17,ST009,MED008,4,4,0,0,0,8
2026-02-17,ST009,MED009,7,7,0,0,0,67
2026-02-17,ST009,MED010,10,10,0,0,0,2
2026-02-17,ST009,MED011,12,12,0,0,0,33
2026-02-17,ST009,MED012,10,10,0,0,0,14
2026-02-17,ST009,MED013,3,3,0,48,0,45
2026-02-17,ST009,MED014,6,6,0,0,0,9
2026-02-17,ST009,MED015,13,9,4,0,0,0
2026-02-17,ST009,MED016,8,8,0,0,0,32
2026-02-17,ST009,MED017,11,11,0,0,0,60
2026-02-17,ST009,MED018,0,0,0,0,0,27
2026-02-17,ST009,MED019,4,4,0,24,0,25
2026-02-17,ST009,MED020,5,5,0,0,0,3
2026-02-17,ST009,MED021,9,9,0,0,0,49
2026-02-17,ST009,MED022,7,7,0,0,0,32
2026-02-17,ST009,MED023,5,5,0,0,0,20
2026-02-17,ST009,MED024,12,8,4,0,0,0
2026-02-17,ST009,MED025,4,4,0,0,0,21
2026-02-17,ST009,MED026,10,10,0,0,0,35
2026-02-17,ST009,MED027,12,12,0,0,0,26
2026-02-17,ST009,MED028,5,5,0,0,0,2
2026-02-17,ST009,MED029,6,6,0,0,0,32
2026-02-17,ST009,MED030,2,2,0,0,0,24
2026-02-17,ST010,MED001,12,12,0,0,0,56
2026-02-17,ST010,MED002,11,11,0,66,0,59
2026-02-17,ST010,MED003,0,0,0,0,0,9
2026-02-17,ST010,MED004,8,8,0,0,0,21
2026-02-17,ST010,MED005,11,11,0,0,0,20
2026-02-17,ST010,MED006,9,9,0,60,0,73
2026-02-17,ST010,MED007,4,2,2,0,0,0
2026-02-17,ST010,MED008,4,4,0,0,0,6
2026-02-17,ST010,MED009,10,10,0,0,0,2
2026-02-17,ST010,MED010,7,7,0,36,0,29
2026-02-17,ST010,MED011,13,13,0,0,0,65
2026-02-17,ST010,MED012,10,0,10,0,0,0
2026-02-17,ST010,MED013,10,10,0,0,0,4
2026-02-17,ST010,MED014,4,4,0,0,0,46
2026-02-17,ST010,MED015,21,0,21,0,0,0
2026-02-17,ST010,MED016,11,11,0,0,0,16
2026-02-17,ST010,MED017,12,12,0,72,0,68
2026-02-17,ST010,MED018,7,7,0,0,0,21
2026-02-17,ST010,MED019,2,2,0,0,0,7
2026-02-17,ST010,MED020,10,10,0,0,0,25
2026-02-17,ST010,MED021,13,13,0,0,0,55
2026-02-17,ST010,MED022,9,9,0,36,0,27
2026-02-17,ST010,MED023,14,14,0,60,0,74
2026-02-17,ST010,MED024,12,12,0,0,0,21
2026-02-17,ST010,MED025,7,7,0,0,0,8
2026-02-17,ST010,MED026,11,11,0,0,0,3
2026-02-17,ST010,MED027,6,6,0,0,0,24
2026-02-17,ST010,MED028,5,5,0,0,0,12
2026-02-17,ST010,MED029,9,9,0,72,0,77
2026-02-17,ST010,MED030,6,6,0,0,0,9
2026-02-17,ST011,MED001,10,10,0,0,0,23
2026-02-17,ST011,MED002,14,14,0,0,0,30
2026-02-17,ST011,MED003,4,4,0,24,0,24
2026-02-17,ST011,MED004,11,11,0,0,0,12
2026-02-17,ST011,MED005,11,11,0,0,0,10
2026-02-17,ST011,MED006,12,12,0,0,0,58
2026-02-17,ST011,MED007,6,0,6,0,0,0
2026-02-17,ST011,MED008,0,0,0,0,0,0
2026-02-17,ST011,MED009,7,7,0,0,0,46
2026-02-17,ST011,MED010,5,5,0,0,0,10
2026-02-17,ST011,MED011,11,11,0,0,0,10
2026-02-17,ST011,MED012,8,8,0,0,0,23
2026-02-17,ST011,MED013,11,11,0,48,0,49
2026-02-17,ST011,MED014,4,4,0,48,0,57
2026-02-17,ST011,MED015,13,13,0,0,0,35
2026-02-17,ST011,MED016,10,5,5,0,0,0
2026-02-17,ST011,MED017,18,18,0,0,0,48
2026-02-17,ST011,MED018,8,8,0,48,0,45
2026-02-17,ST011,MED019,4,0,4,0,0,0
2026-02-17,ST011,MED020,10,10,0,0,0,22
2026-02-17,ST011,MED021,13,13,0,60,0,69
2026-02-17,ST011,MED022,9,9,0,0,0,4
2026-02-17,ST011,MED023,10,10,0,72,0,62
2026-02-17,ST011,MED024,12,12,0,0,0,36
2026-02-17,ST011,MED025,7,7,0,36,0,45
2026-02-17,ST011,MED026,11,11,0,72,0,61
2026-02-17,ST011,MED027,16,16,0,0,0,11
2026-02-17,ST011,MED028,5,5,0,0,0,15
2026-02-17,ST011,MED029,9,9,0,0,0,56
2026-02-17,ST011,MED030,5,4,1,0,0,0
2026-02-17,ST012,MED001,12,8,4,0,0,0
2026-02-17,ST012,MED002,11,11,0,0,0,41
2026-02-17,ST012,MED003,4,4,0,0,0,22
2026-02-17,ST012,MED004,11,11,0,0,0,34
2026-02-17,ST012,MED005,10,0,10,0,0,0
2026-02-17,ST012,MED006,16,0,16,0,0,0
2026-02-17,ST012,MED007,7,1,6,0,0,0
2026-02-17,ST012,MED008,5,1,4,0,0,0
2026-02-17,ST012,MED009,11,11,0,0,0,20
2026-02-17,ST012,MED010,5,1,4,0,0,0
2026-02-17,ST012,MED011,11,0,11,0,0,0
2026-02-17,ST012,MED012,9,9,0,0,0,41
2026-02-17,ST012,MED013,10,10,0,36,0,28
2026-02-17,ST012,MED014,4,4,0,0,0,2
2026-02-17,ST012,MED015,11,11,0,0,0,47
2026-02-17,ST012,MED016,9,9,0,48,0,39
2026-02-17,ST012,MED017,15,7,8,0,0,0
2026-02-17,ST012,MED018,11,1,10,0,0,0
2026-02-17,ST012,MED019,5,1,4,0,0,0
2026-02-17,ST012,MED020,10,10,0,0,0,0
2026-02-17,ST012,MED021,15,15,0,0,0,7
2026-02-17,ST012,MED022,9,9,0,0,0,37
2026-02-17,ST012,MED023,16,16,0,0,0,4
2026-02-17,ST012,MED024,11,0,11,0,0,0
2026-02-17,ST012,MED025,9,9,0,0,0,3
2026-02-17,ST012,MED026,10,10,0,0,0,19
2026-02-17,ST012,MED027,14,14,0,0,0,46
2026-02-17,ST012,MED028,5,5,0,0,0,21
2026-02-17,ST012,MED029,13,13,0,0,0,45
2026-02-17,ST012,MED030,8,8,0,0,0,20
2026-02-17,ST013,MED001,15,0,15,0,0,0
2026-02-17,ST013,MED002,15,15,0,0,0,43
2026-02-17,ST013,MED003,3,3,0,0,0,6
2026-02-17,ST013,MED004,11,0,11,0,0,0
2026-02-17,ST013,MED005,18,18,0,0,0,73
2026-02-17,ST013,MED006,11,11,0,0,0,38
2026-02-17,ST013,MED007,7,3,4,0,0,0
2026-02-17,ST013,MED008,3,0,3,0,0,0
2026-02-17,ST013,MED009,16,16,0,0,0,31
2026-02-17,ST013,MED010,8,7,1,0,0,0
2026-02-17,ST013,MED011,14,14,0,0,0,17
2026-02-17,ST013,MED012,14,14,0,72,0,71
2026-02-17,ST013,MED013,13,13,0,0,0,39
2026-02-17,ST013,MED014,5,5,0,0,0,2
2026-02-17,ST013,MED015,14,0,14,0,0,0
2026-02-17,ST013,MED016,9,9,0,0,0,36
2026-02-17,ST013,MED017,15,15,0,0,0,13
2026-02-17,ST013,MED018,9,9,0,0,0,3
2026-02-17,ST013,MED019,6,6,0,0,0,18
2026-02-17,ST013,MED020,9,9,0,0,0,31
2026-02-17,ST013,MED021,13,13,0,66,0,53
2026-02-17,ST013,MED022,6,3,3,0,0,0
2026-02-17,ST013,MED023,13,13,0,0,0,34
2026-02-17,ST013,MED024,16,16,0,0,0,9
2026-02-17,ST013,MED025,7,6,1,0,0,0
2026-02-17,ST013,MED026,17,17,0,0,0,34
2026-02-17,ST013,MED027,17,17,0,0,0,40
2026-02-17,ST013,MED028,9,9,0,0,0,53
2026-02-17,ST013,MED029,12,12,0,48,0,50
2026-02-17,ST013,MED030,6,6,0,30,0,24
2026-02-17,ST014,MED001,5,5,0,0,0,72
2026-02-17,ST014,MED002,4,4,0,0,0,55
2026-02-17,ST014,MED003,0,0,0,0,0,12
2026-02-17,ST014,MED004,3,3,0,0,0,3
2026-02-17,ST014,MED005,5,5,0,0,0,63
2026-02-17,ST014,MED006,5,5,0,0,0,29
2026-02-17,ST014,MED007,2,2,0,0,0,25
2026-02-17,ST014,MED008,3,3,0,24,0,21
2026-02-17,ST014,MED009,9,9,0,0,0,23
2026-02-17,ST014,MED010,2,0,2,0,0,0
2026-02-17,ST014,MED011,4,4,0,0,0,10
2026-02-17,ST014,MED012,7,7,0,0,0,69
2026-02-17,ST014,MED013,4,4,0,0,0,35
2026-02-17,ST014,MED014,4,4,0,0,0,2
2026-02-17,ST014,MED015,12,12,0,0,0,27
2026-02-17,ST014,MED016,10,10,0,0,0,13
2026-02-17,ST014,MED017,6,6,0,0,0,34
2026-02-17,ST014,MED018,3,3,0,0,0,47
2026-02-17,ST014,MED019,1,1,0,24,0,27
2026-02-17,ST014,MED020,6,6,0,0,0,23
2026-02-17,ST014,MED021,11,11,0,0,0,22
2026-02-17,ST014,MED022,6,6,0,42,0,40
2026-02-17,ST014,MED023,6,6,0,0,0,21
2026-02-17,ST014,MED024,8,8,0,72,0,83
2026-02-17,ST014,MED025,9,9,0,0,0,17
2026-02-17,ST014,MED026,12,7,5,0,0,0
2026-02-17,ST014,MED027,10,10,0,0,0,66
2026-02-17,ST014,MED028,3,3,0,0,0,51
2026-02-17,ST014,MED029,6,0,6,0,0,0
2026-02-17,ST014,MED030,6,6,0,30,0,30
2026-02-17,ST015,MED001,10,10,0,0,0,47
2026-02-17,ST015,MED002,9,9,0,0,0,40
2026-02-17,ST015,MED003,1,1,0,0,0,7
2026-02-17,ST015,MED004,6,6,0,0,0,34
2026-02-17,ST015,MED005,8,8,0,0,0,24
2026-02-17,ST015,MED006,4,4,0,0,0,30
2026-02-17,ST015,MED007,2,2,0,0,0,8
2026-02-17,ST015,MED008,3,3,0,0,0,16
2026-02-17,ST015,MED009,5,5,0,0,0,77
2026-02-17,ST015,MED010,2,2,0,0,0,14
2026-02-17,ST015,MED011,8,8,0,0,0,15
2026-02-17,ST015,MED012,7,7,0,0,0,64
2026-02-17,ST015,MED013,4,4,0,0,0,21
2026-02-17,ST015,MED014,6,6,0,0,0,14
2026-02-17,ST015,MED015,11,11,0,0,0,34
2026-02-17,ST015,MED016,3,3,0,0,0,15
2026-02-17,ST015,MED017,11,11,0,0,0,41
2026-02-17,ST015,MED018,7,7,0,0,0,50
2026-02-17,ST015,MED019,4,4,0,0,0,20
2026-02-17,ST015,MED020,9,9,0,0,0,25
2026-02-17,ST015,MED021,10,10,0,0,0,25
2026-02-17,ST015,MED022,8,8,0,0,0,21
2026-02-17,ST015,MED023,6,6,0,0,0,6
2026-02-17,ST015,MED024,10,10,0,0,0,19
2026-02-17,ST015,MED025,5,5,0,0,0,1
2026-02-17,ST015,MED026,4,4,0,0,0,28
2026-02-17,ST015,MED027,10,10,0,0,0,20
2026-02-17,ST015,MED028,4,4,0,0,0,17
2026-02-17,ST015,MED029,5,5,0,0,0,10
2026-02-17,ST015,MED030,5,5,0,0,0,12
2026-02-17,ST016,MED001,12,12,0,0,0,46
2026-02-17,ST016,MED002,12,2,10,0,0,0
2026-02-17,ST016,MED003,1,1,0,0,0,12
2026-02-17,ST016,MED004,6,6,0,0,0,21
2026-02-17,ST016,MED005,13,13,0,0,0,32
2026-02-17,ST016,MED006,5,5,0,0,0,46
2026-02-17,ST016,MED007,5,5,0,0,0,4
2026-02-17,ST016,MED008,1,1,0,0,0,25
2026-02-17,ST016,MED009,13,13,0,60,0,53
2026-02-17,ST016,MED010,2,2,0,0,0,0
2026-02-17,ST016,MED011,9,9,0,0,0,14
2026-02-17,ST016,MED012,8,8,0,0,0,72
2026-02-17,ST016,MED013,5,5,0,48,0,43
2026-02-17,ST016,MED014,8,8,0,0,0,9
2026-02-17,ST016,MED015,10,10,0,0,0,24
2026-02-17,ST016,MED016,11,11,0,0,0,20
2026-02-17,ST016,MED017,7,7,0,0,0,54
2026-02-17,ST016,MED018,3,3,0,0,0,22
2026-02-17,ST016,MED019,1,1,0,0,0,23
2026-02-17,ST016,MED020,7,7,0,0,0,16
2026-02-17,ST016,MED021,5,5,0,0,0,66
2026-02-17,ST016,MED022,4,4,0,0,0,31
2026-02-17,ST016,MED023,12,12,0,0,0,62
2026-02-17,ST016,MED024,12,12,0,0,0,57
2026-02-17,ST016,MED025,5,5,0,0,0,34
2026-02-17,ST016,MED026,13,13,0,72,0,86
2026-02-17,ST016,MED027,14,14,0,0,0,64
2026-02-17,ST016,MED028,8,8,0,48,0,50
2026-02-17,ST016,MED029,6,6,0,0,0,20
2026-02-17,ST016,MED030,3,3,0,0,0,11
2026-02-17,ST017,MED001,11,11,0,0,0,50
2026-02-17,ST017,MED002,15,15,0,0,0,33
2026-02-17,ST017,MED003,3,3,0,0,0,7
2026-02-17,ST017,MED004,12,12,0,0,0,14
2026-02-17,ST017,MED005,10,10,0,0,0,25
2026-02-17,ST017,MED006,7,1,6,0,0,0
2026-02-17,ST017,MED007,3,3,0,0,0,11
2026-02-17,ST017,MED008,4,4,0,0,0,30
2026-02-17,ST017,MED009,11,11,0,0,0,25
2026-02-17,ST017,MED010,2,2,0,0,0,27
2026-02-17,ST017,MED011,17,17,0,0,0,14
2026-02-17,ST017,MED012,13,13,0,0,0,63
2026-02-17,ST017,MED013,3,3,0,0,0,20
2026-02-17,ST017,MED014,6,6,0,48,0,52
2026-02-17,ST017,MED015,14,14,0,0,0,73
2026-02-17,ST017,MED016,8,3,5,0,0,0
2026-02-17,ST017,MED017,10,10,0,72,0,88
2026-02-17,ST017,MED018,5,5,0,0,0,32
2026-02-17,ST017,MED019,6,6,0,0,0,17
2026-02-17,ST017,MED020,5,5,0,0,0,30
2026-02-17,ST017,MED021,8,8,0,0,0,30
2026-02-17,ST017,MED022,5,5,0,0,0,26
2026-02-17,ST017,MED023,16,16,0,0,0,35
2026-02-17,ST017,MED024,15,15,0,0,0,29
2026-02-17,ST017,MED025,8,8,0,48,0,50
2026-02-17,ST017,MED026,11,11,0,0,0,29
2026-02-17,ST017,MED027,12,12,0,0,0,32
2026-02-17,ST017,MED028,6,6,0,0,0,2
2026-02-17,ST017,MED029,9,9,0,0,0,24
2026-02-17,ST017,MED030,4,4,0,0,0,17
2026-02-17,ST018,MED001,11,11,0,72,0,73
2026-02-17,ST018,MED002,13,13,0,0,0,0
2026-02-17,ST018,MED003,3,3,0,24,0,23
2026-02-17,ST018,MED004,7,7,0,0,0,14
2026-02-17,ST018,MED005,16,16,0,72,0,56
2026-02-17,ST018,MED006,12,12,0,0,0,64
2026-02-17,ST018,MED007,5,0,5,0,0,0
2026-02-17,ST018,MED008,1,1,0,0,0,15
2026-02-17,ST018,MED009,9,9,0,0,0,3
2026-02-17,ST018,MED010,9,5,4,0,0,0
2026-02-17,ST018,MED011,11,11,0,0,0,50
2026-02-17,ST018,MED012,12,12,0,60,0,48
2026-02-17,ST018,MED013,8,8,0,48,0,40
2026-02-17,ST018,MED014,6,6,0,48,0,51
2026-02-17,ST018,MED015,11,11,0,0,0,24
2026-02-17,ST018,MED016,3,3,0,0,0,0
2026-02-17,ST018,MED017,13,13,0,0,0,28
2026-02-17,ST018,MED018,6,6,0,0,0,46
2026-02-17,ST018,MED019,4,4,0,0,0,21
2026-02-17,ST018,MED020,11,3,8,0,0,0
2026-02-17,ST018,MED021,8,8,0,0,0,11
2026-02-17,ST018,MED022,8,6,2,0,0,0
2026-02-17,ST018,MED023,10,10,0,0,0,61
2026-02-17,ST018,MED024,13,13,0,0,0,21
2026-02-17,ST018,MED025,10,10,0,0,0,14
2026-02-17,ST018,MED026,14,14,0,0,0,6
2026-02-17,ST018,MED027,16,16,0,0,0,72
2026-02-17,ST018,MED028,7,7,0,48,0,49
2026-02-17,ST018,MED029,10,10,0,0,0,10
2026-02-17,ST018,MED030,7,7,0,0,0,30
2026-02-17,ST019,MED001,10,10,0,0,0,64
2026-02-17,ST019,MED002,14,14,0,72,0,62
2026-02-17,ST019,MED003,3,3,0,0,0,31
2026-02-17,ST019,MED004,14,14,0,0,0,31
2026-02-17,ST019,MED005,16,16,0,0,0,68
2026-02-17,ST019,MED006,12,12,0,0,0,27
2026-02-17,ST019,MED007,4,2,2,0,0,0
2026-02-17,ST019,MED008,5,5,0,0,0,25
2026-02-17,ST019,MED009,13,13,0,60,0,47
2026-02-17,ST019,MED010,6,6,0,0,0,16
2026-02-17,ST019,MED011,14,14,0,0,0,6
2026-02-17,ST019,MED012,11,11,0,0,0,51
2026-02-17,ST019,MED013,14,14,0,0,0,40
2026-02-17,ST019,MED014,6,6,0,0,0,1
2026-02-17,ST019,MED015,13,13,0,0,0,41
2026-02-17,ST019,MED016,8,8,0,0,0,29
2026-02-17,ST019,MED017,12,12,0,72,0,60
2026-02-17,ST019,MED018,6,6,0,48,0,47
2026-02-17,ST019,MED019,1,1,0,0,0,19
2026-02-17,ST019,MED020,11,11,0,0,0,18
2026-02-17,ST019,MED021,15,10,5,0,0,0
2026-02-17,ST019,MED022,9,6,3,0,0,0
2026-02-17,ST019,MED023,13,13,0,0,0,10
2026-02-17,ST019,MED024,9,9,0,72,0,63
2026-02-17,ST019,MED025,3,2,1,0,0,0
2026-02-17,ST019,MED026,11,11,0,0,0,80
2026-02-17,ST019,MED027,15,15,0,0,0,17
2026-02-17,ST019,MED028,7,7,0,48,0,41
2026-02-17,ST019,MED029,10,8,2,0,0,0
2026-02-17,ST019,MED030,10,10,0,0,0,22
2026-02-17,ST020,MED001,15,15,0,0,0,40
2026-02-17,ST020,MED002,16,16,0,0,0,24
2026-02-17,ST020,MED003,1,1,0,0,0,24
2026-02-17,ST020,MED004,8,8,0,0,0,29
2026-02-17,ST020,MED005,14,14,0,0,0,31
2026-02-17,ST020,MED006,13,13,0,0,0,1
2026-02-17,ST020,MED007,0,0,0,0,0,31
2026-02-17,ST020,MED008,4,4,0,24,0,25
2026-02-17,ST020,MED009,14,0,14,0,0,0
2026-02-17,ST020,MED010,5,5,0,0,0,9
2026-02-17,ST020,MED011,14,14,0,72,0,58
2026-02-17,ST020,MED012,10,10,0,0,0,33
2026-02-17,ST020,MED013,6,6,0,0,0,19
2026-02-17,ST020,MED014,8,8,0,0,0,1
2026-02-17,ST020,MED015,18,18,0,0,0,26
2026-02-17,ST020,MED016,10,10,0,0,0,42
2026-02-17,ST020,MED017,13,13,0,0,0,24
2026-02-17,ST020,MED018,9,9,0,0,0,31
2026-02-17,ST020,MED019,5,5,0,0,0,14
2026-02-17,ST020,MED020,8,8,0,0,0,43
2026-02-17,ST020,MED021,12,12,0,0,0,17
2026-02-17,ST020,MED022,10,10,0,0,0,2
2026-02-17,ST020,MED023,18,0,18,0,0,0
2026-02-17,ST020,MED024,16,16,0,0,0,49
2026-02-17,ST020,MED025,11,11,0,48,0,37
2026-02-17,ST020,MED026,19,19,0,0,0,11
2026-02-17,ST020,MED027,17,17,0,0,0,13
2026-02-17,ST020,MED028,12,12,0,0,0,11
2026-02-17,ST020,MED029,8,8,0,0,0,71
2026-02-17,ST020,MED030,8,8,0,0,0,21
2026-02-17,ST021,MED001,11,11,0,0,0,78
2026-02-17,ST021,MED002,9,9,0,0,0,65
2026-02-17,ST021,MED003,1,1,0,0,0,12
2026-02-17,ST021,MED004,9,9,0,0,0,14
2026-02-17,ST021,MED005,10,10,0,0,0,25
2026-02-17,ST021,MED006,9,9,0,0,0,45
2026-02-17,ST021,MED007,0,0,0,0,0,15
2026-02-17,ST021,MED008,5,5,0,0,0,8
2026-02-17,ST021,MED009,10,10,0,60,0,67
2026-02-17,ST021,MED010,7,7,0,0,0,16
2026-02-17,ST021,MED011,12,12,0,0,0,8
2026-02-17,ST021,MED012,11,11,0,0,0,22
2026-02-17,ST021,MED013,6,6,0,0,0,18
2026-02-17,ST021,MED014,1,1,0,0,0,30
2026-02-17,ST021,MED015,8,8,0,72,0,101
2026-02-17,ST021,MED016,5,5,0,0,0,21
2026-02-17,ST021,MED017,9,9,0,0,0,18
2026-02-17,ST021,MED018,4,4,0,0,0,26
2026-02-17,ST021,MED019,4,4,0,0,0,10
2026-02-17,ST021,MED020,4,4,0,0,0,12
2026-02-17,ST021,MED021,6,6,0,0,0,7
2026-02-17,ST021,MED022,8,8,0,0,0,1
2026-02-17,ST021,MED023,10,10,0,0,0,7
2026-02-17,ST021,MED024,11,11,0,0,0,21
2026-02-17,ST021,MED025,8,8,0,0,0,6
2026-02-17,ST021,MED026,7,7,0,0,0,3
2026-02-17,ST021,MED027,5,5,0,0,0,37
2026-02-17,ST021,MED028,2,2,0,0,0,13
2026-02-17,ST021,MED029,10,10,0,0,0,23
2026-02-17,ST021,MED030,7,7,0,30,0,34
2026-02-17,ST022,MED001,10,10,0,0,0,27
2026-02-17,ST022,MED002,11,11,0,0,0,29
2026-02-17,ST022,MED003,2,2,0,0,0,9
2026-02-17,ST022,MED004,7,7,0,0,0,34
2026-02-17,ST022,MED005,9,4,5,0,0,0
2026-02-17,ST022,MED006,7,7,0,60,0,83
2026-02-17,ST022,MED007,7,7,0,0,0,7
2026-02-17,ST022,MED008,0,0,0,0,0,22
2026-02-17,ST022,MED009,12,12,0,0,0,54
2026-02-17,ST022,MED010,2,2,0,0,0,10
2026-02-17,ST022,MED011,14,14,0,0,0,14
2026-02-17,ST022,MED012,8,8,0,0,0,8
2026-02-17,ST022,MED013,6,6,0,0,0,51
2026-02-17,ST022,MED014,3,3,0,0,0,4
2026-02-17,ST022,MED015,10,10,0,0,0,26
2026-02-17,ST022,MED016,6,6,0,0,0,12
2026-02-17,ST022,MED017,10,10,0,0,0,3
2026-02-17,ST022,MED018,5,5,0,0,0,17
2026-02-17,ST022,MED019,3,3,0,0,0,18
2026-02-17,ST022,MED020,5,5,0,0,0,17
2026-02-17,ST022,MED021,8,8,0,0,0,54
2026-02-17,ST022,MED022,6,6,0,42,0,58
2026-02-17,ST022,MED023,11,11,0,0,0,19
2026-02-17,ST022,MED024,8,8,0,0,0,81
2026-02-17,ST022,MED025,6,6,0,0,0,22
2026-02-17,ST022,MED026,13,13,0,0,0,55
2026-02-17,ST022,MED027,11,11,0,0,0,35
2026-02-17,ST022,MED028,0,0,0,0,0,40
2026-02-17,ST022,MED029,6,6,0,0,0,70
2026-02-17,ST022,MED030,2,2,0,0,0,11
2026-02-17,ST023,MED001,11,11,0,0,0,21
2026-02-17,ST023,MED002,7,7,0,0,0,53
2026-02-17,ST023,MED003,5,0,5,0,0,0
2026-02-17,ST023,MED004,10,10,0,0,0,10
2026-02-17,ST023,MED005,8,8,0,0,0,16
2026-02-17,ST023,MED006,5,5,0,0,0,75
2026-02-17,ST023,MED007,6,6,0,0,0,13
2026-02-17,ST023,MED008,3,3,0,0,0,21
2026-02-17,ST023,MED009,9,9,0,0,0,32
2026-02-17,ST023,MED010,10,10,0,24,0,20
2026-02-17,ST023,MED011,7,7,0,0,0,41
2026-02-17,ST023,MED012,9,9,0,0,0,15
2026-02-17,ST023,MED013,2,2,0,48,0,52
2026-02-17,ST023,MED014,3,3,0,0,0,45
2026-02-17,ST023,MED015,13,13,0,0,0,37
2026-02-17,ST023,MED016,4,4,0,0,0,39
2026-02-17,ST023,MED017,9,9,0,0,0,4
2026-02-17,ST023,MED018,6,6,0,0,0,48
2026-02-17,ST023,MED019,0,0,0,0,0,29
2026-02-17,ST023,MED020,8,8,0,0,0,20
2026-02-17,ST023,MED021,7,7,0,0,0,15
2026-02-17,ST023,MED022,5,5,0,0,0,3
2026-02-17,ST023,MED023,13,13,0,0,0,22
2026-02-17,ST023,MED024,13,13,0,0,0,63
2026-02-17,ST023,MED025,5,5,0,48,0,43
2026-02-17,ST023,MED026,10,10,0,0,0,44
2026-02-17,ST023,MED027,11,11,0,0,0,14
2026-02-17,ST023,MED028,9,9,0,0,0,13
2026-02-17,ST023,MED029,11,11,0,0,0,10
2026-02-17,ST023,MED030,5,5,0,0,0,11
2026-02-17,ST024,MED001,14,14,0,0,0,24
2026-02-17,ST024,MED002,13,13,0,0,0,28
2026-02-17,ST024,MED003,3,3,0,0,0,4
2026-02-17,ST024,MED004,6,6,0,0,0,42
2026-02-17,ST024,MED005,9,9,0,0,0,72
2026-02-17,ST024,MED006,14,14,0,72,0,75
2026-02-17,ST024,MED007,5,5,0,0,0,1
2026-02-17,ST024,MED008,0,0,0,0,0,10
2026-02-17,ST024,MED009,8,0,8,0,0,0
2026-02-17,ST024,MED010,5,5,0,0,0,1
2026-02-17,ST024,MED011,14,14,0,0,0,13
2026-02-17,ST024,MED012,7,7,0,0,0,58
2026-02-17,ST024,MED013,6,6,0,0,0,7
2026-02-17,ST024,MED014,2,2,0,48,0,47
2026-02-17,ST024,MED015,11,11,0,0,0,0
2026-02-17,ST024,MED016,4,4,0,0,0,11
2026-02-17,ST024,MED017,11,11,0,0,0,33
2026-02-17,ST024,MED018,6,6,0,0,0,18
2026-02-17,ST024,MED019,3,3,0,0,0,9
2026-02-17,ST024,MED020,10,10,0,0,0,7
2026-02-17,ST024,MED021,13,13,0,0,0,34
2026-02-17,ST024,MED022,9,9,0,0,0,8
2026-02-17,ST024,MED023,11,11,0,0,0,57
2026-02-17,ST024,MED024,11,11,0,72,0,94
2026-02-17,ST024,MED025,7,7,0,0,0,18
2026-02-17,ST024,MED026,12,12,0,0,0,48
2026-02-17,ST024,MED027,12,12,0,0,0,11
2026-02-17,ST024,MED028,11,6,5,0,0,0
2026-02-17,ST024,MED029,10,10,0,0,0,4
2026-02-17,ST024,MED030,7,7,0,0,0,2
2026-02-17,ST025,MED001,8,8,0,0,0,23
2026-02-17,ST025,MED002,12,12,0,0,0,7
2026-02-17,ST025,MED003,5,5,0,0,0,18
2026-02-17,ST025,MED004,5,5,0,0,0,33
2026-02-17,ST025,MED005,8,8,0,0,0,35
2026-02-17,ST025,MED006,12,12,0,60,0,48
2026-02-17,ST025,MED007,0,0,0,0,0,13
2026-02-17,ST025,MED008,4,4,0,0,0,9
2026-02-17,ST025,MED009,10,10,0,0,0,51
2026-02-17,ST025,MED010,0,0,0,0,0,15
2026-02-17,ST025,MED011,15,15,0,0,0,39
2026-02-17,ST025,MED012,14,14,0,0,0,32
2026-02-17,ST025,MED013,10,5,5,0,0,0
2026-02-17,ST025,MED014,4,4,0,0,0,28
2026-02-17,ST025,MED015,13,4,9,0,0,0
2026-02-17,ST025,MED016,9,4,5,0,0,0
2026-02-17,ST025,MED017,15,15,0,0,0,28
2026-02-17,ST025,MED018,5,5,0,0,0,54
2026-02-17,ST025,MED019,3,3,0,24,0,21
2026-02-17,ST025,MED020,6,6,0,0,0,49
2026-02-17,ST025,MED021,15,15,0,0,0,32
2026-02-17,ST025,MED022,11,11,0,42,0,31
2026-02-17,ST025,MED023,10,10,0,0,0,34
2026-02-17,ST025,MED024,15,15,0,0,0,59
2026-02-17,ST025,MED025,5,5,0,0,0,10
2026-02-17,ST025,MED026,12,12,0,72,0,74
2026-02-17,ST025,MED027,16,16,0,0,0,1
2026-02-17,ST025,MED028,10,10,0,0,0,0
2026-02-17,ST025,MED029,6,6,0,72,0,69
2026-02-17,ST025,MED030,7,3,4,0,0,0
2026-02-17,ST026,MED001,14,14,0,0,0,17
2026-02-17,ST026,MED002,14,14,0,0,0,46
2026-02-17,ST026,MED003,2,2,0,0,0,0
2026-02-17,ST026,MED004,10,10,0,0,0,26
2026-02-17,ST026,MED005,9,0,9,0,0,0
2026-02-17,ST026,MED006,10,10,0,0,0,39
2026-02-17,ST026,MED007,3,0,3,0,0,0
2026-02-17,ST026,MED008,6,6,0,24,0,19
2026-02-17,ST026,MED009,11,11,0,0,0,13
2026-02-17,ST026,MED010,3,3,0,0,0,13
2026-02-17,ST026,MED011,14,14,0,0,0,50
2026-02-17,ST026,MED012,12,0,12,0,0,0
2026-02-17,ST026,MED013,13,10,3,0,0,0
2026-02-17,ST026,MED014,6,6,0,0,0,13
2026-02-17,ST026,MED015,21,21,0,0,0,14
2026-02-17,ST026,MED016,8,8,0,0,0,51
2026-02-17,ST026,MED017,12,0,12,0,0,0
2026-02-17,ST026,MED018,6,6,0,0,0,45
2026-02-17,ST026,MED019,4,4,0,0,0,11
2026-02-17,ST026,MED020,3,3,0,0,0,21
2026-02-17,ST026,MED021,12,12,0,60,0,73
2026-02-17,ST026,MED022,7,7,0,42,0,46
2026-02-17,ST026,MED023,15,15,0,60,0,64
2026-02-17,ST026,MED024,18,18,0,0,0,7
2026-02-17,ST026,MED025,7,7,0,48,0,41
2026-02-17,ST026,MED026,16,16,0,0,0,17
2026-02-17,ST026,MED027,17,17,0,0,0,41
2026-02-17,ST026,MED028,6,6,0,0,0,30
2026-02-17,ST026,MED029,10,1,9,0,0,0
2026-02-17,ST026,MED030,8,8,0,0,0,32
2026-02-17,ST027,MED001,14,8,6,0,0,0
2026-02-17,ST027,MED002,18,18,0,0,0,10
2026-02-17,ST027,MED003,3,3,0,0,0,20
2026-02-17,ST027,MED004,10,10,0,48,0,44
2026-02-17,ST027,MED005,11,11,0,0,0,47
2026-02-17,ST027,MED006,13,13,0,0,0,25
2026-02-17,ST027,MED007,7,7,0,0,0,3
2026-02-17,ST027,MED008,3,3,0,0,0,10
2026-02-17,ST027,MED009,14,14,0,0,0,17
2026-02-17,ST027,MED010,5,5,0,0,0,5
2026-02-17,ST027,MED011,15,15,0,72,0,57
2026-02-17,ST027,MED012,11,11,0,0,0,49
2026-02-17,ST027,MED013,10,10,0,0,0,47
2026-02-17,ST027,MED014,7,7,0,0,0,17
2026-02-17,ST027,MED015,13,13,0,0,0,7
2026-02-17,ST027,MED016,7,7,0,0,0,27
2026-02-17,ST027,MED017,15,15,0,0,0,2
2026-02-17,ST027,MED018,9,0,9,0,0,0
2026-02-17,ST027,MED019,5,0,5,0,0,0
2026-02-17,ST027,MED020,9,9,0,0,0,44
2026-02-17,ST027,MED021,16,16,0,0,0,47
2026-02-17,ST027,MED022,9,9,0,48,0,53
2026-02-17,ST027,MED023,12,12,0,0,0,50
2026-02-17,ST027,MED024,16,16,0,0,0,21
2026-02-17,ST027,MED025,4,4,0,0,0,28
2026-02-17,ST027,MED026,16,13,3,0,0,0
2026-02-17,ST027,MED027,14,14,0,84,0,86
2026-02-17,ST027,MED028,7,0,7,0,0,0
2026-02-17,ST027,MED029,11,11,0,0,0,4
2026-02-17,ST027,MED030,4,4,0,0,0,26
2026-02-17,ST028,MED001,9,9,0,0,0,27
2026-02-17,ST028,MED002,7,7,0,0,0,29
2026-02-17,ST028,MED003,2,2,0,0,0,12
2026-02-17,ST028,MED004,8,8,0,0,0,40
2026-02-17,ST028,MED005,4,4,0,0,0,28
2026-02-17,ST028,MED006,9,9,0,60,0,78
2026-02-17,ST028,MED007,2,2,0,0,0,3
2026-02-17,ST028,MED008,0,0,0,24,0,26
2026-02-17,ST028,MED009,5,5,0,0,0,51
2026-02-17,ST028,MED010,6,6,0,0,0,12
2026-02-17,ST028,MED011,11,11,0,0,0,22
2026-02-17,ST028,MED012,9,9,0,60,0,74
2026-02-17,ST028,MED013,5,5,0,36,0,37
2026-02-17,ST028,MED014,0,0,0,0,0,10
2026-02-17,ST028,MED015,10,10,0,0,0,62
2026-02-17,ST028,MED016,5,5,0,0,0,19
2026-02-17,ST028,MED017,11,11,0,0,0,13
2026-02-17,ST028,MED018,7,7,0,0,0,38
2026-02-17,ST028,MED019,3,3,0,0,0,0
2026-02-17,ST028,MED020,4,4,0,48,0,57
2026-02-17,ST028,MED021,10,10,0,0,0,17
2026-02-17,ST028,MED022,2,2,0,0,0,11
2026-02-17,ST028,MED023,9,9,0,0,0,18
2026-02-17,ST028,MED024,7,7,0,0,0,71
2026-02-17,ST028,MED025,3,3,0,0,0,14
2026-02-17,ST028,MED026,6,6,0,0,0,28
2026-02-17,ST028,MED027,7,7,0,0,0,7
2026-02-17,ST028,MED028,7,7,0,0,0,19
2026-02-17,ST028,MED029,5,5,0,0,0,24
2026-02-17,ST028,MED030,6,6,0,0,0,10
2026-02-17,ST029,MED001,12,12,0,0,0,27
2026-02-17,ST029,MED002,10,10,0,0,0,15
2026-02-17,ST029,MED003,8,8,0,24,0,22
2026-02-17,ST029,MED004,6,6,0,0,0,13
2026-02-17,ST029,MED005,9,9,0,72,0,67
2026-02-17,ST029,MED006,13,13,0,0,0,24
2026-02-17,ST029,MED007,1,1,0,0,0,5
2026-02-17,ST029,MED008,3,3,0,0,0,5
2026-02-17,ST029,MED009,9,9,0,0,0,20
2026-02-17,ST029,MED010,5,5,0,0,0,13
2026-02-17,ST029,MED011,9,9,0,0,0,28
2026-02-17,ST029,MED012,12,12,0,0,0,34
2026-02-17,ST029,MED013,4,4,0,0,0,27
2026-02-17,ST029,MED014,6,6,0,0,0,19
2026-02-17,ST029,MED015,10,1,9,0,0,0
2026-02-17,ST029,MED016,5,5,0,0,0,11
2026-02-17,ST029,MED017,12,12,0,0,0,28
2026-02-17,ST029,MED018,1,1,0,0,0,15
2026-02-17,ST029,MED019,0,0,0,0,0,20
2026-02-17,ST029,MED020,4,4,0,0,0,6
2026-02-17,ST029,MED021,7,7,0,54,0,65
2026-02-17,ST029,MED022,6,6,0,0,0,31
2026-02-17,ST029,MED023,9,0,9,0,0,0
2026-02-17,ST029,MED024,12,12,0,0,0,66
2026-02-17,ST029,MED025,7,7,0,0,0,5
2026-02-17,ST029,MED026,12,12,0,0,0,9
2026-02-17,ST029,MED027,8,8,0,0,0,74
2026-02-17,ST029,MED028,4,4,0,0,0,20
2026-02-17,ST029,MED029,7,7,0,0,0,79
2026-02-17,ST029,MED030,2,2,0,0,0,14
2026-02-17,ST030,MED001,13,13,0,0,0,78
2026-02-17,ST030,MED002,9,9,0,60,0,51
2026-02-17,ST030,MED003,3,3,0,0,0,15
2026-02-17,ST030,MED004,4,4,0,0,0,30
2026-02-17,ST030,MED005,9,9,0,0,0,57
2026-02-17,ST030,MED006,11,11,0,0,0,21
2026-02-17,ST030,MED007,0,0,0,0,0,9
2026-02-17,ST030,MED008,2,2,0,0,0,4
2026-02-17,ST030,MED009,9,9,0,0,0,28
2026-02-17,ST030,MED010,7,7,0,0,0,21
2026-02-17,ST030,MED011,10,10,0,0,0,15
2026-02-17,ST030,MED012,5,0,5,0,0,0
2026-02-17,ST030,MED013,4,4,0,0,0,14
2026-02-17,ST030,MED014,6,6,0,0,0,24
2026-02-17,ST030,MED015,12,12,0,0,0,21
2026-02-17,ST030,MED016,6,6,0,0,0,39
2026-02-17,ST030,MED017,7,7,0,0,0,16
2026-02-17,ST030,MED018,7,7,0,0,0,14
2026-02-17,ST030,MED019,2,2,0,0,0,9
2026-02-17,ST030,MED020,10,10,0,0,0,53
2026-02-17,ST030,MED021,9,9,0,0,0,11
2026-02-17,ST030,MED022,10,10,0,0,0,7
2026-02-17,ST030,MED023,10,10,0,0,0,27
2026-02-17,ST030,MED024,10,10,0,0,0,38
2026-02-17,ST030,MED025,3,3,0,0,0,3
2026-02-17,ST030,MED026,7,7,0,0,0,34
2026-02-17,ST030,MED027,10,10,0,0,0,75
2026-02-17,ST030,MED028,9,0,9,0,0,0
2026-02-17,ST030,MED029,8,8,0,0,0,24
2026-02-17,ST030,MED030,6,6,0,0,0,9
2026-02-17,ST031,MED001,11,11,0,0,0,63
2026-02-17,ST031,MED002,13,13,0,0,0,45
2026-02-17,ST031,MED003,6,6,0,0,0,6
2026-02-17,ST031,MED004,5,5,0,0,0,34
2026-02-17,ST031,MED005,13,13,0,0,0,33
2026-02-17,ST031,MED006,8,8,0,0,0,31
2026-02-17,ST031,MED007,4,4,0,24,0,20
2026-02-17,ST031,MED008,4,4,0,0,0,20
2026-02-17,ST031,MED009,13,13,0,0,0,42
2026-02-17,ST031,MED010,5,5,0,0,0,4
2026-02-17,ST031,MED011,12,12,0,0,0,46
2026-02-17,ST031,MED012,13,13,0,0,0,45
2026-02-17,ST031,MED013,7,7,0,0,0,17
2026-02-17,ST031,MED014,3,3,0,0,0,27
2026-02-17,ST031,MED015,13,13,0,72,0,70
2026-02-17,ST031,MED016,6,6,0,48,0,51
2026-02-17,ST031,MED017,11,11,0,0,0,5
2026-02-17,ST031,MED018,10,10,0,0,0,9
2026-02-17,ST031,MED019,1,1,0,0,0,20
2026-02-17,ST031,MED020,5,5,0,0,0,16
2026-02-17,ST031,MED021,13,7,6,0,0,0
2026-02-17,ST031,MED022,8,8,0,0,0,13
2026-02-17,ST031,MED023,9,9,0,72,0,63
2026-02-17,ST031,MED024,12,12,0,0,0,23
2026-02-17,ST031,MED025,5,5,0,0,0,14
2026-02-17,ST031,MED026,12,12,0,0,0,1
2026-02-17,ST031,MED027,11,11,0,0,0,75
2026-02-17,ST031,MED028,6,6,0,0,0,38
2026-02-17,ST031,MED029,13,13,0,0,0,16
2026-02-17,ST031,MED030,4,4,0,0,0,17
2026-02-17,ST032,MED001,16,16,0,0,0,31
2026-02-17,ST032,MED002,13,13,0,0,0,9
2026-02-17,ST032,MED003,4,4,0,0,0,24
2026-02-17,ST032,MED004,13,13,0,0,0,35
2026-02-17,ST032,MED005,10,10,0,0,0,24
2026-02-17,ST032,MED006,13,12,1,0,0,0
2026-02-17,ST032,MED007,4,4,0,0,0,21
2026-02-17,ST032,MED008,5,5,0,0,0,6
2026-02-17,ST032,MED009,12,12,0,72,0,60
2026-02-17,ST032,MED010,6,5,1,0,0,0
2026-02-17,ST032,MED011,11,11,0,66,0,68
2026-02-17,ST032,MED012,11,11,0,60,0,75
2026-02-17,ST032,MED013,9,9,0,0,0,14
2026-02-17,ST032,MED014,6,0,6,0,0,0
2026-02-17,ST032,MED015,14,14,0,72,0,63
2026-02-17,ST032,MED016,8,8,0,48,0,40
2026-02-17,ST032,MED017,12,12,0,0,0,10
2026-02-17,ST032,MED018,7,2,5,0,0,0
2026-02-17,ST032,MED019,0,0,0,0,0,12
2026-02-17,ST032,MED020,4,4,0,0,0,6
2026-02-17,ST032,MED021,12,12,0,0,0,35
2026-02-17,ST032,MED022,6,6,0,0,0,16
2026-02-17,ST032,MED023,10,10,0,0,0,57
2026-02-17,ST032,MED024,10,10,0,0,0,50
2026-02-17,ST032,MED025,6,6,0,0,0,6
2026-02-17,ST032,MED026,21,19,2,0,0,0
2026-02-17,ST032,MED027,14,14,0,0,0,27
2026-02-17,ST032,MED028,6,6,0,0,0,57
2026-02-17,ST032,MED029,15,15,0,0,0,29
2026-02-17,ST032,MED030,9,9,0,0,0,15
2026-02-17,ST033,MED001,15,15,0,72,0,83
2026-02-17,ST033,MED002,14,14,0,72,0,58
2026-02-17,ST033,MED003,4,3,1,0,0,0
2026-02-17,ST033,MED004,6,0,6,0,0,0
2026-02-17,ST033,MED005,12,12,0,0,0,25
2026-02-17,ST033,MED006,12,12,0,0,0,6
2026-02-17,ST033,MED007,5,5,0,0,0,10
2026-02-17,ST033,MED008,5,5,0,0,0,4
2026-02-17,ST033,MED009,10,10,0,0,0,29
2026-02-17,ST033,MED010,4,4,0,0,0,15
2026-02-17,ST033,MED011,16,16,0,0,0,24
2026-02-17,ST033,MED012,10,10,0,0,0,68
2026-02-17,ST033,MED013,9,9,0,0,0,21
2026-02-17,ST033,MED014,5,5,0,0,0,3
2026-02-17,ST033,MED015,16,0,16,0,0,0
2026-02-17,ST033,MED016,9,4,5,0,0,0
2026-02-17,ST033,MED017,16,16,0,72,0,76
2026-02-17,ST033,MED018,6,6,0,0,0,10
2026-02-17,ST033,MED019,7,7,0,0,0,5
2026-02-17,ST033,MED020,9,0,9,0,0,0
2026-02-17,ST033,MED021,9,8,1,0,0,0
2026-02-17,ST033,MED022,9,9,0,0,0,4
2026-02-17,ST033,MED023,18,18,0,0,0,39
2026-02-17,ST033,MED024,11,11,0,0,0,17
2026-02-17,ST033,MED025,7,7,0,0,0,38
2026-02-17,ST033,MED026,19,19,0,0,0,14
2026-02-17,ST033,MED027,11,11,0,0,0,15
2026-02-17,ST033,MED028,7,7,0,0,0,2
2026-02-17,ST033,MED029,13,13,0,0,0,26
2026-02-17,ST033,MED030,8,8,0,0,0,4
2026-02-17,ST034,MED001,15,15,0,72,0,57
2026-02-17,ST034,MED002,12,12,0,60,0,73
2026-02-17,ST034,MED003,5,5,0,0,0,1
2026-02-17,ST034,MED004,6,6,0,0,0,11
2026-02-17,ST034,MED005,15,15,0,0,0,31
2026-02-17,ST034,MED006,14,14,0,0,0,49
2026-02-17,ST034,MED007,3,3,0,24,0,21
2026-02-17,ST034,MED008,4,4,0,0,0,8
2026-02-17,ST034,MED009,16,16,0,60,0,61
2026-02-17,ST034,MED010,7,7,0,0,0,24
2026-02-17,ST034,MED011,13,13,0,0,0,14
2026-02-17,ST034,MED012,11,0,11,0,0,0
2026-02-17,ST034,MED013,11,11,0,0,0,28
2026-02-17,ST034,MED014,7,7,0,48,0,41
2026-02-17,ST034,MED015,20,20,0,0,0,43
2026-02-17,ST034,MED016,10,10,0,48,0,38
2026-02-17,ST034,MED017,18,18,0,0,0,27
2026-02-17,ST034,MED018,9,9,0,0,0,17
2026-02-17,ST034,MED019,2,2,0,0,0,22
2026-02-17,ST034,MED020,10,10,0,0,0,16
2026-02-17,ST034,MED021,13,13,0,0,0,58
2026-02-17,ST034,MED022,7,7,0,48,0,41
2026-02-17,ST034,MED023,17,6,11,0,0,0
2026-02-17,ST034,MED024,17,17,0,0,0,28
2026-02-17,ST034,MED025,8,8,0,36,0,28
2026-02-17,ST034,MED026,13,13,0,0,0,58
2026-02-17,ST034,MED027,14,14,0,0,0,34
2026-02-17,ST034,MED028,9,4,5,0,0,0
2026-02-17,ST034,MED029,14,14,0,48,0,44
2026-02-17,ST034,MED030,6,6,0,30,0,24
2026-02-17,ST035,MED001,8,8,0,0,0,31
2026-02-17,ST035,MED002,7,7,0,66,0,81
2026-02-17,ST035,MED003,2,2,0,0,0,24
2026-02-17,ST035,MED004,7,7,0,0,0,35
2026-02-17,ST035,MED005,9,9,0,0,0,22
2026-02-17,ST035,MED006,5,5,0,60,0,71
2026-02-17,ST035,MED007,0,0,0,0,0,30
2026-02-17,ST035,MED008,4,2,2,0,0,0
2026-02-17,ST035,MED009,7,7,0,0,0,24
2026-02-17,ST035,MED010,2,2,0,0,0,9
2026-02-17,ST035,MED011,9,9,0,60,0,51
2026-02-17,ST035,MED012,6,6,0,0,0,25
2026-02-17,ST035,MED013,3,3,0,0,0,39
2026-02-17,ST035,MED014,2,2,0,0,0,3
2026-02-17,ST035,MED015,10,10,0,0,0,25
2026-02-17,ST035,MED016,7,7,0,0,0,19
2026-02-17,ST035,MED017,9,9,0,0,0,31
2026-02-17,ST035,MED018,9,9,0,0,0,7
2026-02-17,ST035,MED019,5,5,0,0,0,21
2026-02-17,ST035,MED020,8,8,0,0,0,47
2026-02-17,ST035,MED021,6,6,0,0,0,13
2026-02-17,ST035,MED022,5,5,0,0,0,19
2026-02-17,ST035,MED023,10,10,0,0,0,61
2026-02-17,ST035,MED024,9,9,0,72,0,97
2026-02-17,ST035,MED025,3,3,0,36,0,40
2026-02-17,ST035,MED026,8,8,0,0,0,17
2026-02-17,ST035,MED027,13,13,0,0,0,27
2026-02-17,ST035,MED028,1,1,0,0,0,12
2026-02-17,ST035,MED029,1,1,0,0,0,29
2026-02-17,ST035,MED030,4,4,0,0,0,4
2026-02-17,ST036,MED001,5,5,0,72,0,74
2026-02-17,ST036,MED002,7,7,0,0,0,18
2026-02-17,ST036,MED003,0,0,0,0,0,11
2026-02-17,ST036,MED004,7,7,0,0,0,33
2026-02-17,ST036,MED005,11,11,0,72,0,76
2026-02-17,ST036,MED006,8,8,0,0,0,41
2026-02-17,ST036,MED007,2,2,0,0,0,20
2026-02-17,ST036,MED008,4,4,0,0,0,8
2026-02-17,ST036,MED009,12,12,0,0,0,27
2026-02-17,ST036,MED010,3,3,0,24,0,21
2026-02-17,ST036,MED011,11,11,0,0,0,18
2026-02-17,ST036,MED012,9,9,0,0,0,26
2026-02-17,ST036,MED013,7,7,0,0,0,8
2026-02-17,ST036,MED014,2,2,0,48,0,49
2026-02-17,ST036,MED015,10,10,0,0,0,30
2026-02-17,ST036,MED016,7,7,0,0,0,15
2026-02-17,ST036,MED017,13,13,0,0,0,67
2026-02-17,ST036,MED018,4,4,0,0,0,27
2026-02-17,ST036,MED019,7,7,0,24,0,24
2026-02-17,ST036,MED020,1,1,0,0,0,23
2026-02-17,ST036,MED021,6,6,0,0,0,56
2026-02-17,ST036,MED022,10,10,0,0,0,9
2026-02-17,ST036,MED023,11,11,0,72,0,72
2026-02-17,ST036,MED024,12,12,0,0,0,35
2026-02-17,ST036,MED025,5,5,0,0,0,36
2026-02-17,ST036,MED026,6,6,0,72,0,66
2026-02-17,ST036,MED027,10,10,0,72,0,84
2026-02-17,ST036,MED028,4,4,0,0,0,1
2026-02-17,ST036,MED029,5,5,0,72,0,67
2026-02-17,ST036,MED030,5,5,0,0,0,36
2026-02-17,ST037,MED001,8,8,0,72,0,64
2026-02-17,ST037,MED002,10,10,0,0,0,26
2026-02-17,ST037,MED003,0,0,0,0,0,32
2026-02-17,ST037,MED004,5,5,0,48,0,56
2026-02-17,ST037,MED005,11,11,0,0,0,59
2026-02-17,ST037,MED006,7,7,0,0,0,59
2026-02-17,ST037,MED007,5,5,0,0,0,0
2026-02-17,ST037,MED008,1,1,0,0,0,25
2026-02-17,ST037,MED009,16,16,0,0,0,50
2026-02-17,ST037,MED010,0,0,0,0,0,31
2026-02-17,ST037,MED011,11,11,0,60,0,80
2026-02-17,ST037,MED012,11,11,0,0,0,19
2026-02-17,ST037,MED013,6,6,0,0,0,5
2026-02-17,ST037,MED014,3,3,0,0,0,45
2026-02-17,ST037,MED015,11,11,0,0,0,34
2026-02-17,ST037,MED016,7,7,0,48,0,42
2026-02-17,ST037,MED017,10,10,0,0,0,32
2026-02-17,ST037,MED018,12,12,0,0,0,44
2026-02-17,ST037,MED019,0,0,0,0,0,20
2026-02-17,ST037,MED020,7,0,7,0,0,0
2026-02-17,ST037,MED021,9,9,0,0,0,51
2026-02-17,ST037,MED022,5,5,0,0,0,17
2026-02-17,ST037,MED023,7,7,0,0,0,31
2026-02-17,ST037,MED024,16,16,0,0,0,67
2026-02-17,ST037,MED025,8,8,0,0,0,4
2026-02-17,ST037,MED026,14,10,4,0,0,0
2026-02-17,ST037,MED027,11,11,0,0,0,25
2026-02-17,ST037,MED028,12,12,0,0,0,7
2026-02-17,ST037,MED029,8,8,0,0,0,28
2026-02-17,ST037,MED030,0,0,0,0,0,0
2026-02-17,ST038,MED001,11,11,0,0,0,34
2026-02-17,ST038,MED002,12,0,12,0,0,0
2026-02-17,ST038,MED003,2,2,0,24,0,31
2026-02-17,ST038,MED004,8,8,0,0,0,34
2026-02-17,ST038,MED005,13,13,0,72,0,71
2026-02-17,ST038,MED006,12,12,0,60,0,48
2026-02-17,ST038,MED007,1,1,0,0,0,0
2026-02-17,ST038,MED008,1,1,0,0,0,12
2026-02-17,ST038,MED009,7,7,0,0,0,28
2026-02-17,ST038,MED010,2,2,0,0,0,12
2026-02-17,ST038,MED011,7,7,0,0,0,3
2026-02-17,ST038,MED012,9,9,0,0,0,30
2026-02-17,ST038,MED013,12,12,0,0,0,43
2026-02-17,ST038,MED014,8,2,6,0,0,0
2026-02-17,ST038,MED015,10,10,0,0,0,36
2026-02-17,ST038,MED016,6,6,0,0,0,35
2026-02-17,ST038,MED017,12,12,0,0,0,19
2026-02-17,ST038,MED018,2,2,0,0,0,19
2026-02-17,ST038,MED019,4,4,0,0,0,11
2026-02-17,ST038,MED020,6,0,6,0,0,0
2026-02-17,ST038,MED021,11,11,0,0,0,1
2026-02-17,ST038,MED022,3,3,0,0,0,17
2026-02-17,ST038,MED023,11,11,0,0,0,1
2026-02-17,ST038,MED024,12,12,0,0,0,68
2026-02-17,ST038,MED025,7,7,0,0,0,16
2026-02-17,ST038,MED026,12,3,9,0,0,0
2026-02-17,ST038,MED027,14,14,0,0,0,10
2026-02-17,ST038,MED028,10,10,0,0,0,5
2026-02-17,ST038,MED029,13,0,13,0,0,0
2026-02-17,ST038,MED030,3,3,0,0,0,26
2026-02-17,ST039,MED001,14,14,0,0,0,14
2026-02-17,ST039,MED002,10,10,0,0,0,38
2026-02-17,ST039,MED003,4,4,0,0,0,5
2026-02-17,ST039,MED004,3,3,0,0,0,36
2026-02-17,ST039,MED005,16,16,0,0,0,1
2026-02-17,ST039,MED006,10,0,10,0,0,0
2026-02-17,ST039,MED007,4,4,0,0,0,16
2026-02-17,ST039,MED008,0,0,0,24,0,25
2026-02-17,ST039,MED009,13,13,0,0,0,53
2026-02-17,ST039,MED010,7,7,0,24,0,26
2026-02-17,ST039,MED011,12,12,0,0,0,39
2026-02-17,ST039,MED012,13,13,0,0,0,46
2026-02-17,ST039,MED013,10,10,0,0,0,5
2026-02-17,ST039,MED014,3,3,0,0,0,6
2026-02-17,ST039,MED015,12,1,11,0,0,0
2026-02-17,ST039,MED016,11,11,0,0,0,8
2026-02-17,ST039,MED017,11,11,0,0,0,2
2026-02-17,ST039,MED018,2,2,0,48,0,54
2026-02-17,ST039,MED019,2,2,0,0,0,10
2026-02-17,ST039,MED020,4,4,0,0,0,18
2026-02-17,ST039,MED021,11,11,0,0,0,37
2026-02-17,ST039,MED022,6,6,0,0,0,23
2026-02-17,ST039,MED023,11,11,0,0,0,22
2026-02-17,ST039,MED024,12,12,0,0,0,32
2026-02-17,ST039,MED025,7,7,0,0,0,3
2026-02-17,ST039,MED026,11,11,0,0,0,41
2026-02-17,ST039,MED027,14,14,0,0,0,72
2026-02-17,ST039,MED028,7,7,0,0,0,45
2026-02-17,ST039,MED029,9,9,0,0,0,6
2026-02-17,ST039,MED030,6,0,6,0,0,0
2026-02-17,ST040,MED001,14,14,0,0,0,39
2026-02-17,ST040,MED002,17,17,0,66,0,49
2026-02-17,ST040,MED003,2,2,0,0,0,6
2026-02-17,ST040,MED004,11,9,2,0,0,0
2026-02-17,ST040,MED005,13,13,0,0,0,48
2026-02-17,ST040,MED006,15,15,0,0,0,46
2026-02-17,ST040,MED007,4,4,0,0,0,5
2026-02-17,ST040,MED008,3,3,0,0,0,27
2026-02-17,ST040,MED009,14,14,0,60,0,65
2026-02-17,ST040,MED010,4,4,0,0,0,20
2026-02-17,ST040,MED011,15,15,0,0,0,16
2026-02-17,ST040,MED012,11,11,0,60,0,70
2026-02-17,ST040,MED013,11,11,0,0,0,29
2026-02-17,ST040,MED014,5,5,0,0,0,24
2026-02-17,ST040,MED015,14,14,0,0,0,46
2026-02-17,ST040,MED016,12,12,0,0,0,22
2026-02-17,ST040,MED017,14,14,0,0,0,38
2026-02-17,ST040,MED018,7,7,0,0,0,16
2026-02-17,ST040,MED019,8,8,0,0,0,15
2026-02-17,ST040,MED020,12,12,0,0,0,18
2026-02-17,ST040,MED021,11,9,2,0,0,0
2026-02-17,ST040,MED022,6,6,0,48,0,52
2026-02-17,ST040,MED023,15,15,0,0,0,26
2026-02-17,ST040,MED024,15,15,0,0,0,20
2026-02-17,ST040,MED025,6,6,0,0,0,7
2026-02-17,ST040,MED026,14,14,0,0,0,4
2026-02-17,ST040,MED027,14,9,5,0,0,0
2026-02-17,ST040,MED028,6,5,1,0,0,0
2026-02-17,ST040,MED029,8,8,0,0,0,22
2026-02-17,ST040,MED030,6,6,0,0,0,17
2026-02-18,ST001,MED001,9,9,0,0,0,17
2026-02-18,ST001,MED002,9,9,0,0,0,17
2026-02-18,ST001,MED003,2,0,2,0,0,0
2026-02-18,ST001,MED004,8,8,0,0,0,12
2026-02-18,ST001,MED005,9,9,0,0,0,63
2026-02-18,ST001,MED006,15,15,0,0,0,28
2026-02-18,ST001,MED007,3,3,0,0,0,7
2026-02-18,ST001,MED008,5,5,0,0,0,12
2026-02-18,ST001,MED009,7,6,1,0,0,0
2026-02-18,ST001,MED010,3,3,0,0,0,13
2026-02-18,ST001,MED011,10,10,0,66,0,57
2026-02-18,ST001,MED012,7,7,0,0,0,55
2026-02-18,ST001,MED013,7,7,0,0,0,41
2026-02-18,ST001,MED014,2,2,0,0,0,50
2026-02-18,ST001,MED015,7,7,0,0,0,15
2026-02-18,ST001,MED016,7,7,0,0,0,26
2026-02-18,ST001,MED017,5,5,0,72,0,74
2026-02-18,ST001,MED018,7,7,0,0,0,31
2026-02-18,ST001,MED019,4,4,0,0,0,0
2026-02-18,ST001,MED020,5,5,0,0,0,36
2026-02-18,ST001,MED021,8,8,0,0,0,17
2026-02-18,ST001,MED022,5,5,0,0,0,12
2026-02-18,ST001,MED023,10,10,0,0,0,16
2026-02-18,ST001,MED024,11,11,0,0,0,12
2026-02-18,ST001,MED025,5,5,0,36,0,42
2026-02-18,ST001,MED026,10,10,0,0,0,23
2026-02-18,ST001,MED027,14,14,0,0,0,50
2026-02-18,ST001,MED028,5,5,0,48,0,49
2026-02-18,ST001,MED029,5,5,0,0,0,20
2026-02-18,ST001,MED030,4,4,0,30,0,30
2026-02-18,ST002,MED001,12,12,0,72,0,63
2026-02-18,ST002,MED002,11,11,0,0,0,11
2026-02-18,ST002,MED003,0,0,0,0,0,9
2026-02-18,ST002,MED004,8,8,0,0,0,48
2026-02-18,ST002,MED005,8,8,0,0,0,5
2026-02-18,ST002,MED006,12,0,12,0,0,0
2026-02-18,ST002,MED007,7,7,0,0,0,11
2026-02-18,ST002,MED008,1,1,0,0,0,14
2026-02-18,ST002,MED009,11,11,0,0,0,42
2026-02-18,ST002,MED010,4,4,0,0,0,28
2026-02-18,ST002,MED011,13,0,13,0,0,0
2026-02-18,ST002,MED012,10,10,0,0,0,33
2026-02-18,ST002,MED013,7,7,0,0,0,21
2026-02-18,ST002,MED014,6,6,0,0,0,12
2026-02-18,ST002,MED015,7,7,0,0,0,11
2026-02-18,ST002,MED016,5,5,0,0,0,24
2026-02-18,ST002,MED017,11,11,0,0,0,52
2026-02-18,ST002,MED018,5,5,0,0,0,18
2026-02-18,ST002,MED019,3,0,3,0,0,0
2026-02-18,ST002,MED020,6,6,0,0,0,8
2026-02-18,ST002,MED021,9,9,0,0,0,45
2026-02-18,ST002,MED022,7,7,0,0,0,33
2026-02-18,ST002,MED023,13,13,0,0,0,38
2026-02-18,ST002,MED024,13,13,0,0,0,86
2026-02-18,ST002,MED025,4,4,0,0,0,7
2026-02-18,ST002,MED026,14,14,0,0,0,62
2026-02-18,ST002,MED027,14,14,0,0,0,51
2026-02-18,ST002,MED028,7,7,0,0,0,0
2026-02-18,ST002,MED029,7,7,0,0,0,23
2026-02-18,ST002,MED030,5,5,0,0,0,4
2026-02-18,ST003,MED001,22,22,0,0,0,39
2026-02-18,ST003,MED002,16,16,0,0,0,40
2026-02-18,ST003,MED003,2,2,0,24,0,26
2026-02-18,ST003,MED004,9,9,0,0,0,23
2026-02-18,ST003,MED005,9,9,0,72,0,84
2026-02-18,ST003,MED006,13,13,0,0,0,1
2026-02-18,ST003,MED007,3,3,0,0,0,21
2026-02-18,ST003,MED008,1,1,0,0,0,15
2026-02-18,ST003,MED009,9,9,0,0,0,16
2026-02-18,ST003,MED010,7,5,2,0,0,0
2026-02-18,ST003,MED011,8,8,0,0,0,22
2026-02-18,ST003,MED012,13,13,0,0,0,19
2026-02-18,ST003,MED013,7,7,0,0,0,32
2026-02-18,ST003,MED014,9,9,0,0,0,39
2026-02-18,ST003,MED015,11,11,0,0,0,54
2026-02-18,ST003,MED016,6,6,0,0,0,26
2026-02-18,ST003,MED017,12,12,0,72,0,73
2026-02-18,ST003,MED018,5,5,0,0,0,10
2026-02-18,ST003,MED019,0,0,0,0,0,27
2026-02-18,ST003,MED020,6,6,0,0,0,11
2026-02-18,ST003,MED021,13,13,0,0,0,46
2026-02-18,ST003,MED022,8,8,0,42,0,47
2026-02-18,ST003,MED023,13,13,0,0,0,33
2026-02-18,ST003,MED024,10,10,0,0,0,63
2026-02-18,ST003,MED025,6,0,6,0,0,0
2026-02-18,ST003,MED026,13,13,0,0,0,39
2026-02-18,ST003,MED027,13,13,0,0,0,47
2026-02-18,ST003,MED028,7,7,0,48,0,41
2026-02-18,ST003,MED029,9,9,0,0,0,67
2026-02-18,ST003,MED030,10,10,0,30,0,25
2026-02-18,ST004,MED001,12,12,0,0,0,50
2026-02-18,ST004,MED002,13,5,8,0,0,0
2026-02-18,ST004,MED003,0,0,0,0,0,13
2026-02-18,ST004,MED004,10,10,0,0,0,9
2026-02-18,ST004,MED005,12,0,12,0,0,0
2026-02-18,ST004,MED006,9,9,0,0,0,26
2026-02-18,ST004,MED007,4,4,0,0,0,3
2026-02-18,ST004,MED008,2,2,0,0,0,23
2026-02-18,ST004,MED009,7,7,0,0,0,0
2026-02-18,ST004,MED010,5,5,0,0,0,21
2026-02-18,ST004,MED011,13,2,11,0,0,0
2026-02-18,ST004,MED012,13,13,0,60,0,47
2026-02-18,ST004,MED013,5,5,0,48,0,43
2026-02-18,ST004,MED014,3,3,0,0,0,16
2026-02-18,ST004,MED015,13,13,0,0,0,40
2026-02-18,ST004,MED016,9,9,0,0,0,34
2026-02-18,ST004,MED017,10,10,0,0,0,78
2026-02-18,ST004,MED018,7,7,0,0,0,7
2026-02-18,ST004,MED019,2,0,2,0,0,0
2026-02-18,ST004,MED020,7,7,0,0,0,20
2026-02-18,ST004,MED021,11,11,0,66,0,55
2026-02-18,ST004,MED022,10,10,0,36,0,26
2026-02-18,ST004,MED023,10,10,0,0,0,2
2026-02-18,ST004,MED024,17,8,9,0,0,0
2026-02-18,ST004,MED025,5,5,0,0,0,34
2026-02-18,ST004,MED026,17,17,0,0,0,19
2026-02-18,ST004,MED027,14,14,0,0,0,65
2026-02-18,ST004,MED028,4,0,4,0,0,0
2026-02-18,ST004,MED029,13,13,0,0,0,49
2026-02-18,ST004,MED030,7,7,0,30,0,23
2026-02-18,ST005,MED001,13,13,0,0,0,45
2026-02-18,ST005,MED002,13,0,13,0,0,0
2026-02-18,ST005,MED003,5,5,0,24,0,20
2026-02-18,ST005,MED004,14,0,14,0,0,0
2026-02-18,ST005,MED005,25,25,0,72,0,74
2026-02-18,ST005,MED006,12,6,6,0,0,0
2026-02-18,ST005,MED007,4,4,0,0,0,27
2026-02-18,ST005,MED008,3,3,0,0,0,18
2026-02-18,ST005,MED009,13,13,0,60,0,61
2026-02-18,ST005,MED010,2,2,0,0,0,8
2026-02-18,ST005,MED011,14,14,0,0,0,34
2026-02-18,ST005,MED012,13,13,0,72,0,77
2026-02-18,ST005,MED013,6,6,0,0,0,11
2026-02-18,ST005,MED014,7,7,0,0,0,23
2026-02-18,ST005,MED015,15,0,15,0,0,0
2026-02-18,ST005,MED016,8,8,0,0,0,29
2026-02-18,ST005,MED017,12,12,0,0,0,55
2026-02-18,ST005,MED018,4,4,0,0,0,48
2026-02-18,ST005,MED019,0,0,0,0,0,14
2026-02-18,ST005,MED020,6,0,6,0,0,0
2026-02-18,ST005,MED021,10,10,0,0,0,29
2026-02-18,ST005,MED022,6,6,0,0,0,32
2026-02-18,ST005,MED023,17,17,0,0,0,4
2026-02-18,ST005,MED024,15,15,0,0,0,24
2026-02-18,ST005,MED025,7,7,0,0,0,32
2026-02-18,ST005,MED026,16,16,0,0,0,41
2026-02-18,ST005,MED027,13,13,0,0,0,19
2026-02-18,ST005,MED028,11,11,0,0,0,43
2026-02-18,ST005,MED029,11,11,0,0,0,40
2026-02-18,ST005,MED030,9,9,0,30,0,21
2026-02-18,ST006,MED001,12,12,0,0,0,34
2026-02-18,ST006,MED002,11,11,0,60,0,76
2026-02-18,ST006,MED003,3,3,0,0,0,0
2026-02-18,ST006,MED004,11,11,0,0,0,18
2026-02-18,ST006,MED005,15,15,0,0,0,31
2026-02-18,ST006,MED006,13,13,0,0,0,37
2026-02-18,ST006,MED007,2,2,0,24,0,22
2026-02-18,ST006,MED008,9,1,8,0,0,0
2026-02-18,ST006,MED009,16,0,16,0,0,0
2026-02-18,ST006,MED010,6,6,0,0,0,11
2026-02-18,ST006,MED011,11,11,0,0,0,7
2026-02-18,ST006,MED012,13,13,0,0,0,19
2026-02-18,ST006,MED013,11,11,0,0,0,23
2026-02-18,ST006,MED014,12,12,0,0,0,35
2026-02-18,ST006,MED015,13,13,0,0,0,50
2026-02-18,ST006,MED016,9,9,0,48,0,39
2026-02-18,ST006,MED017,14,14,0,0,0,15
2026-02-18,ST006,MED018,7,7,0,0,0,52
2026-02-18,ST006,MED019,3,3,0,0,0,6
2026-02-18,ST006,MED020,12,12,0,0,0,8
2026-02-18,ST006,MED021,15,15,0,66,0,51
2026-02-18,ST006,MED022,8,8,0,0,0,22
2026-02-18,ST006,MED023,14,14,0,0,0,34
2026-02-18,ST006,MED024,15,15,0,72,0,82
2026-02-18,ST006,MED025,8,8,0,48,0,46
2026-02-18,ST006,MED026,9,9,0,0,0,47
2026-02-18,ST006,MED027,18,3,15,0,0,0
2026-02-18,ST006,MED028,7,7,0,48,0,41
2026-02-18,ST006,MED029,10,10,0,48,0,38
2026-02-18,ST006,MED030,7,7,0,0,0,20
2026-02-18,ST007,MED001,8,8,0,0,0,17
2026-02-18,ST007,MED002,10,10,0,0,0,43
2026-02-18,ST007,MED003,0,0,0,0,0,1
2026-02-18,ST007,MED004,5,5,0,0,0,13
2026-02-18,ST007,MED005,6,6,0,0,0,10
2026-02-18,ST007,MED006,4,4,0,0,0,11
2026-02-18,ST007,MED007,0,0,0,0,0,24
2026-02-18,ST007,MED008,3,3,0,0,0,1
2026-02-18,ST007,MED009,5,5,0,0,0,71
2026-02-18,ST007,MED010,4,4,0,24,0,29
2026-02-18,ST007,MED011,9,9,0,0,0,15
2026-02-18,ST007,MED012,13,13,0,0,0,9
2026-02-18,ST007,MED013,6,6,0,0,0,37
2026-02-18,ST007,MED014,1,1,0,0,0,27
2026-02-18,ST007,MED015,10,10,0,0,0,48
2026-02-18,ST007,MED016,4,4,0,0,0,53
2026-02-18,ST007,MED017,8,8,0,72,0,83
2026-02-18,ST007,MED018,2,2,0,0,0,20
2026-02-18,ST007,MED019,3,3,0,0,0,18
2026-02-18,ST007,MED020,4,4,0,0,0,50
2026-02-18,ST007,MED021,6,6,0,0,0,11
2026-02-18,ST007,MED022,0,0,0,42,0,48
2026-02-18,ST007,MED023,10,10,0,0,0,14
2026-02-18,ST007,MED024,9,9,0,0,0,52
2026-02-18,ST007,MED025,6,6,0,36,0,37
2026-02-18,ST007,MED026,9,9,0,72,0,68
2026-02-18,ST007,MED027,10,10,0,0,0,27
2026-02-18,ST007,MED028,1,1,0,0,0,15
2026-02-18,ST007,MED029,5,5,0,0,0,13
2026-02-18,ST007,MED030,11,11,0,0,0,18
2026-02-18,ST008,MED001,9,9,0,0,0,19
2026-02-18,ST008,MED002,8,8,0,66,0,82
2026-02-18,ST008,MED003,3,3,0,0,0,7
2026-02-18,ST008,MED004,7,7,0,0,0,10
2026-02-18,ST008,MED005,6,6,0,72,0,75
2026-02-18,ST008,MED006,11,11,0,0,0,36
2026-02-18,ST008,MED007,3,3,0,0,0,9
2026-02-18,ST008,MED008,4,3,1,0,0,0
2026-02-18,ST008,MED009,8,8,0,0,0,38
2026-02-18,ST008,MED010,2,2,0,0,0,21
2026-02-18,ST008,MED011,10,10,0,66,0,62
2026-02-18,ST008,MED012,9,9,0,60,0,69
2026-02-18,ST008,MED013,4,4,0,0,0,24
2026-02-18,ST008,MED014,6,6,0,0,0,31
2026-02-18,ST008,MED015,9,9,0,0,0,64
2026-02-18,ST008,MED016,5,5,0,0,0,45
2026-02-18,ST008,MED017,4,4,0,0,0,60
2026-02-18,ST008,MED018,4,4,0,0,0,30
2026-02-18,ST008,MED019,2,2,0,24,0,22
2026-02-18,ST008,MED020,6,6,0,0,0,22
2026-02-18,ST008,MED021,6,6,0,0,0,47
2026-02-18,ST008,MED022,7,7,0,0,0,37
2026-02-18,ST008,MED023,13,13,0,0,0,29
2026-02-18,ST008,MED024,8,8,0,72,0,75
2026-02-18,ST008,MED025,7,7,0,36,0,29
2026-02-18,ST008,MED026,12,12,0,0,0,41
2026-02-18,ST008,MED027,8,8,0,0,0,86
2026-02-18,ST008,MED028,8,8,0,0,0,11
2026-02-18,ST008,MED029,4,4,0,0,0,63
2026-02-18,ST008,MED030,5,5,0,0,0,0
2026-02-18,ST009,MED001,5,5,0,0,0,60
2026-02-18,ST009,MED002,8,8,0,0,0,57
2026-02-18,ST009,MED003,5,5,0,0,0,8
2026-02-18,ST009,MED004,9,9,0,0,0,8
2026-02-18,ST009,MED005,9,7,2,0,0,0
2026-02-18,ST009,MED006,8,8,0,0,0,6
2026-02-18,ST009,MED007,6,6,0,0,0,16
2026-02-18,ST009,MED008,6,6,0,0,0,2
2026-02-18,ST009,MED009,5,5,0,0,0,62
2026-02-18,ST009,MED010,3,3,0,24,0,23
2026-02-18,ST009,MED011,12,12,0,0,0,21
2026-02-18,ST009,MED012,10,10,0,0,0,4
2026-02-18,ST009,MED013,7,7,0,0,0,38
2026-02-18,ST009,MED014,4,4,0,48,0,53
2026-02-18,ST009,MED015,13,13,0,72,0,59
2026-02-18,ST009,MED016,10,10,0,0,0,22
2026-02-18,ST009,MED017,9,9,0,0,0,51
2026-02-18,ST009,MED018,4,4,0,0,0,23
2026-02-18,ST009,MED019,0,0,0,0,0,25
2026-02-18,ST009,MED020,4,3,1,0,0,0
2026-02-18,ST009,MED021,11,11,0,0,0,38
2026-02-18,ST009,MED022,8,8,0,0,0,24
2026-02-18,ST009,MED023,10,10,0,0,0,10
2026-02-18,ST009,MED024,10,10,0,72,0,62
2026-02-18,ST009,MED025,3,3,0,0,0,18
2026-02-18,ST009,MED026,11,11,0,0,0,24
2026-02-18,ST009,MED027,14,14,0,0,0,12
2026-02-18,ST009,MED028,8,2,6,0,0,0
2026-02-18,ST009,MED029,6,6,0,0,0,26
2026-02-18,ST009,MED030,6,6,0,0,0,18
2026-02-18,ST010,MED001,15,15,0,0,0,41
2026-02-18,ST010,MED002,11,11,0,0,0,48
2026-02-18,ST010,MED003,2,2,0,0,0,7
2026-02-18,ST010,MED004,9,9,0,0,0,12
2026-02-18,ST010,MED005,9,9,0,0,0,11
2026-02-18,ST010,MED006,24,24,0,0,0,49
2026-02-18,ST010,MED007,3,0,3,0,0,0
2026-02-18,ST010,MED008,4,4,0,0,0,2
2026-02-18,ST010,MED009,12,2,10,0,0,0
2026-02-18,ST010,MED010,9,9,0,0,0,20
2026-02-18,ST010,MED011,7,7,0,0,0,58
2026-02-18,ST010,MED012,10,10,0,72,0,62
2026-02-18,ST010,MED013,9,9,0,36,0,31
2026-02-18,ST010,MED014,6,6,0,0,0,40
2026-02-18,ST010,MED015,10,10,0,72,0,62
2026-02-18,ST010,MED016,5,5,0,0,0,11
2026-02-18,ST010,MED017,11,11,0,0,0,57
2026-02-18,ST010,MED018,6,6,0,0,0,15
2026-02-18,ST010,MED019,3,3,0,0,0,4
2026-02-18,ST010,MED020,4,4,0,0,0,21
2026-02-18,ST010,MED021,14,14,0,0,0,41
2026-02-18,ST010,MED022,7,7,0,0,0,20
2026-02-18,ST010,MED023,9,9,0,0,0,65
2026-02-18,ST010,MED024,15,15,0,0,0,6
2026-02-18,ST010,MED025,9,8,1,0,0,0
2026-02-18,ST010,MED026,11,3,8,0,0,0
2026-02-18,ST010,MED027,14,14,0,72,0,82
2026-02-18,ST010,MED028,9,9,0,0,0,3
2026-02-18,ST010,MED029,11,11,0,0,0,66
2026-02-18,ST010,MED030,1,1,0,0,0,8
2026-02-18,ST011,MED001,13,13,0,0,0,10
2026-02-18,ST011,MED002,10,10,0,0,0,20
2026-02-18,ST011,MED003,6,6,0,0,0,18
2026-02-18,ST011,MED004,4,4,0,0,0,8
2026-02-18,ST011,MED005,12,10,2,0,0,0
2026-02-18,ST011,MED006,10,10,0,0,0,48
2026-02-18,ST011,MED007,4,4,0,24,0,20
2026-02-18,ST011,MED008,3,0,3,0,0,0
2026-02-18,ST011,MED009,10,10,0,0,0,36
2026-02-18,ST011,MED010,6,6,0,0,0,4
2026-02-18,ST011,MED011,14,10,4,0,0,0
2026-02-18,ST011,MED012,13,13,0,0,0,10
2026-02-18,ST011,MED013,11,11,0,0,0,38
2026-02-18,ST011,MED014,5,5,0,0,0,52
2026-02-18,ST011,MED015,11,11,0,0,0,24
2026-02-18,ST011,MED016,8,0,8,0,0,0
2026-02-18,ST011,MED017,12,12,0,0,0,36
2026-02-18,ST011,MED018,7,7,0,0,0,38
2026-02-18,ST011,MED019,3,3,0,24,0,21
2026-02-18,ST011,MED020,9,9,0,0,0,13
2026-02-18,ST011,MED021,13,13,0,0,0,56
2026-02-18,ST011,MED022,7,4,3,0,0,0
2026-02-18,ST011,MED023,14,14,0,0,0,48
2026-02-18,ST011,MED024,14,14,0,0,0,22
2026-02-18,ST011,MED025,6,6,0,0,0,39
2026-02-18,ST011,MED026,10,10,0,0,0,51
2026-02-18,ST011,MED027,7,7,0,0,0,4
2026-02-18,ST011,MED028,6,6,0,0,0,9
2026-02-18,ST011,MED029,11,11,0,0,0,45
2026-02-18,ST011,MED030,7,7,0,36,0,29
2026-02-18,ST012,MED001,14,0,14,0,0,0
2026-02-18,ST012,MED002,16,16,0,0,0,25
2026-02-18,ST012,MED003,3,3,0,0,0,19
2026-02-18,ST012,MED004,8,8,0,0,0,26
2026-02-18,ST012,MED005,9,9,0,84,0,75
2026-02-18,ST012,MED006,16,0,16,0,0,0
2026-02-18,ST012,MED007,4,0,4,0,0,0
2026-02-18,ST012,MED008,4,0,4,0,0,0
2026-02-18,ST012,MED009,14,14,0,60,0,66
2026-02-18,ST012,MED010,5,0,5,0,0,0
2026-02-18,ST012,MED011,10,0,10,0,0,0
2026-02-18,ST012,MED012,10,10,0,0,0,31
2026-02-18,ST012,MED013,9,9,0,0,0,19
2026-02-18,ST012,MED014,4,4,0,48,0,46
2026-02-18,ST012,MED015,15,15,0,0,0,32
2026-02-18,ST012,MED016,9,9,0,0,0,30
2026-02-18,ST012,MED017,18,18,0,72,0,54
2026-02-18,ST012,MED018,8,0,8,0,0,0
2026-02-18,ST012,MED019,8,0,8,0,0,0
2026-02-18,ST012,MED020,7,7,0,48,0,41
2026-02-18,ST012,MED021,15,7,8,0,0,0
2026-02-18,ST012,MED022,7,7,0,0,0,30
2026-02-18,ST012,MED023,11,11,0,72,0,65
2026-02-18,ST012,MED024,14,0,14,0,0,0
2026-02-18,ST012,MED025,9,3,6,0,0,0
2026-02-18,ST012,MED026,15,15,0,0,0,4
2026-02-18,ST012,MED027,14,14,0,0,0,32
2026-02-18,ST012,MED028,9,9,0,0,0,12
2026-02-18,ST012,MED029,9,9,0,0,0,36
2026-02-18,ST012,MED030,6,6,0,0,0,14
2026-02-18,ST013,MED001,17,17,0,72,0,55
2026-02-18,ST013,MED002,15,15,0,0,0,28
2026-02-18,ST013,MED003,5,5,0,24,0,25
2026-02-18,ST013,MED004,10,10,0,60,0,50
2026-02-18,ST013,MED005,12,12,0,0,0,61
2026-02-18,ST013,MED006,11,11,0,0,0,27
2026-02-18,ST013,MED007,3,0,3,0,0,0
2026-02-18,ST013,MED008,6,0,6,0,0,0
2026-02-18,ST013,MED009,12,12,0,0,0,19
2026-02-18,ST013,MED010,4,0,4,0,0,0
2026-02-18,ST013,MED011,11,11,0,0,0,6
2026-02-18,ST013,MED012,16,16,0,0,0,55
2026-02-18,ST013,MED013,9,9,0,0,0,30
2026-02-18,ST013,MED014,4,4,0,48,0,46
2026-02-18,ST013,MED015,16,0,16,0,0,0
2026-02-18,ST013,MED016,7,7,0,0,0,29
2026-02-18,ST013,MED017,15,13,2,0,0,0
2026-02-18,ST013,MED018,10,3,7,0,0,0
2026-02-18,ST013,MED019,4,4,0,0,0,14
2026-02-18,ST013,MED020,7,7,0,0,0,24
2026-02-18,ST013,MED021,14,14,0,0,0,39
2026-02-18,ST013,MED022,8,0,8,0,0,0
2026-02-18,ST013,MED023,12,12,0,0,0,22
2026-02-18,ST013,MED024,15,15,0,72,0,66
2026-02-18,ST013,MED025,4,0,4,0,0,0
2026-02-18,ST013,MED026,27,27,0,0,0,7
2026-02-18,ST013,MED027,16,16,0,0,0,24
2026-02-18,ST013,MED028,11,11,0,0,0,42
2026-02-18,ST013,MED029,11,11,0,0,0,39
2026-02-18,ST013,MED030,12,12,0,0,0,12
2026-02-18,ST014,MED001,10,10,0,0,0,62
2026-02-18,ST014,MED002,8,8,0,0,0,47
2026-02-18,ST014,MED003,3,3,0,0,0,9
2026-02-18,ST014,MED004,5,3,2,0,0,0
2026-02-18,ST014,MED005,12,12,0,0,0,51
2026-02-18,ST014,MED006,6,6,0,0,0,23
2026-02-18,ST014,MED007,2,2,0,0,0,23
2026-02-18,ST014,MED008,2,2,0,0,0,19
2026-02-18,ST014,MED009,12,12,0,0,0,11
2026-02-18,ST014,MED010,2,2,0,24,0,22
2026-02-18,ST014,MED011,9,9,0,72,0,73
2026-02-18,ST014,MED012,9,9,0,0,0,60
2026-02-18,ST014,MED013,7,7,0,0,0,28
2026-02-18,ST014,MED014,4,2,2,0,0,0
2026-02-18,ST014,MED015,9,9,0,0,0,18
2026-02-18,ST014,MED016,4,4,0,0,0,9
2026-02-18,ST014,MED017,5,5,0,0,0,29
2026-02-18,ST014,MED018,7,7,0,0,0,40
2026-02-18,ST014,MED019,3,3,0,0,0,24
2026-02-18,ST014,MED020,8,8,0,0,0,15
2026-02-18,ST014,MED021,6,6,0,0,0,16
2026-02-18,ST014,MED022,6,6,0,0,0,34
2026-02-18,ST014,MED023,5,5,0,72,0,88
2026-02-18,ST014,MED024,11,11,0,0,0,72
2026-02-18,ST014,MED025,2,2,0,0,0,15
2026-02-18,ST014,MED026,13,0,13,0,0,0
2026-02-18,ST014,MED027,10,10,0,0,0,56
2026-02-18,ST014,MED028,2,2,0,0,0,49
2026-02-18,ST014,MED029,6,6,0,72,0,66
2026-02-18,ST014,MED030,6,6,0,0,0,24
2026-02-18,ST015,MED001,10,10,0,0,0,37
2026-02-18,ST015,MED002,8,8,0,0,0,32
2026-02-18,ST015,MED003,3,3,0,0,0,4
2026-02-18,ST015,MED004,6,6,0,0,0,28
2026-02-18,ST015,MED005,9,9,0,0,0,15
2026-02-18,ST015,MED006,8,8,0,0,0,22
2026-02-18,ST015,MED007,6,6,0,0,0,2
2026-02-18,ST015,MED008,6,6,0,0,0,10
2026-02-18,ST015,MED009,8,8,0,0,0,69
2026-02-18,ST015,MED010,5,5,0,0,0,9
2026-02-18,ST015,MED011,8,8,0,0,0,7
2026-02-18,ST015,MED012,2,2,0,0,0,62
2026-02-18,ST015,MED013,4,4,0,0,0,17
2026-02-18,ST015,MED014,3,3,0,0,0,11
2026-02-18,ST015,MED015,8,8,0,0,0,26
2026-02-18,ST015,MED016,5,5,0,0,0,10
2026-02-18,ST015,MED017,8,8,0,0,0,33
2026-02-18,ST015,MED018,6,6,0,0,0,44
2026-02-18,ST015,MED019,0,0,0,0,0,20
2026-02-18,ST015,MED020,6,6,0,0,0,19
2026-02-18,ST015,MED021,13,13,0,0,0,12
2026-02-18,ST015,MED022,7,7,0,0,0,14
2026-02-18,ST015,MED023,4,4,0,0,0,2
2026-02-18,ST015,MED024,12,12,0,72,0,79
2026-02-18,ST015,MED025,7,7,0,36,0,30
2026-02-18,ST015,MED026,7,7,0,0,0,21
2026-02-18,ST015,MED027,9,9,0,0,0,11
2026-02-18,ST015,MED028,3,3,0,0,0,14
2026-02-18,ST015,MED029,5,5,0,0,0,5
2026-02-18,ST015,MED030,1,1,0,0,0,11
2026-02-18,ST016,MED001,14,14,0,0,0,32
2026-02-18,ST016,MED002,10,10,0,66,0,56
2026-02-18,ST016,MED003,2,2,0,0,0,10
2026-02-18,ST016,MED004,10,10,0,0,0,11
2026-02-18,ST016,MED005,12,12,0,0,0,20
2026-02-18,ST016,MED006,8,8,0,0,0,38
2026-02-18,ST016,MED007,4,4,0,0,0,0
2026-02-18,ST016,MED008,0,0,0,0,0,25
2026-02-18,ST016,MED009,12,12,0,0,0,41
2026-02-18,ST016,MED010,4,4,0,24,0,20
2026-02-18,ST016,MED011,12,12,0,0,0,2
2026-02-18,ST016,MED012,10,10,0,0,0,62
2026-02-18,ST016,MED013,4,4,0,0,0,39
2026-02-18,ST016,MED014,2,2,0,48,0,55
2026-02-18,ST016,MED015,14,14,0,72,0,82
2026-02-18,ST016,MED016,5,5,0,0,0,15
2026-02-18,ST016,MED017,10,10,0,0,0,44
2026-02-18,ST016,MED018,6,6,0,0,0,16
2026-02-18,ST016,MED019,3,3,0,0,0,20
2026-02-18,ST016,MED020,9,9,0,0,0,7
2026-02-18,ST016,MED021,10,10,0,0,0,56
2026-02-18,ST016,MED022,5,5,0,0,0,26
2026-02-18,ST016,MED023,14,14,0,0,0,48
2026-02-18,ST016,MED024,12,12,0,0,0,45
2026-02-18,ST016,MED025,5,5,0,0,0,29
2026-02-18,ST016,MED026,10,10,0,0,0,76
2026-02-18,ST016,MED027,13,13,0,0,0,51
2026-02-18,ST016,MED028,5,5,0,0,0,45
2026-02-18,ST016,MED029,12,12,0,72,0,80
2026-02-18,ST016,MED030,3,3,0,0,0,8
2026-02-18,ST017,MED001,12,12,0,0,0,38
2026-02-18,ST017,MED002,12,12,0,0,0,21
2026-02-18,ST017,MED003,4,4,0,24,0,27
2026-02-18,ST017,MED004,7,7,0,0,0,7
2026-02-18,ST017,MED005,5,5,0,0,0,20
2026-02-18,ST017,MED006,11,11,0,72,0,61
2026-02-18,ST017,MED007,5,5,0,0,0,6
2026-02-18,ST017,MED008,3,3,0,0,0,27
2026-02-18,ST017,MED009,10,10,0,0,0,15
2026-02-18,ST017,MED010,4,4,0,0,0,23
2026-02-18,ST017,MED011,11,11,0,72,0,75
2026-02-18,ST017,MED012,9,9,0,0,0,54
2026-02-18,ST017,MED013,6,6,0,0,0,14
2026-02-18,ST017,MED014,7,7,0,0,0,45
2026-02-18,ST017,MED015,13,13,0,0,0,60
2026-02-18,ST017,MED016,7,7,0,48,0,41
2026-02-18,ST017,MED017,9,9,0,0,0,79
2026-02-18,ST017,MED018,6,6,0,0,0,26
2026-02-18,ST017,MED019,3,3,0,0,0,14
2026-02-18,ST017,MED020,6,6,0,0,0,24
2026-02-18,ST017,MED021,13,13,0,0,0,17
2026-02-18,ST017,MED022,9,9,0,0,0,17
2026-02-18,ST017,MED023,12,12,0,0,0,23
2026-02-18,ST017,MED024,14,14,0,0,0,15
2026-02-18,ST017,MED025,9,9,0,0,0,41
2026-02-18,ST017,MED026,11,11,0,72,0,90
2026-02-18,ST017,MED027,14,14,0,72,0,90
2026-02-18,ST017,MED028,7,2,5,0,0,0
2026-02-18,ST017,MED029,10,10,0,0,0,14
2026-02-18,ST017,MED030,5,5,0,0,0,12
2026-02-18,ST018,MED001,9,9,0,0,0,64
2026-02-18,ST018,MED002,14,14,0,60,0,46
2026-02-18,ST018,MED003,5,5,0,0,0,18
2026-02-18,ST018,MED004,6,6,0,0,0,8
2026-02-18,ST018,MED005,13,13,0,0,0,43
2026-02-18,ST018,MED006,7,7,0,0,0,57
2026-02-18,ST018,MED007,5,5,0,24,0,19
2026-02-18,ST018,MED008,2,2,0,0,0,13
2026-02-18,ST018,MED009,10,10,0,60,0,53
2026-02-18,ST018,MED010,1,0,1,0,0,0
2026-02-18,ST018,MED011,6,6,0,0,0,44
2026-02-18,ST018,MED012,6,6,0,0,0,42
2026-02-18,ST018,MED013,7,7,0,0,0,33
2026-02-18,ST018,MED014,9,9,0,0,0,42
2026-02-18,ST018,MED015,16,16,0,0,0,8
2026-02-18,ST018,MED016,8,0,8,0,0,0
2026-02-18,ST018,MED017,11,11,0,0,0,17
2026-02-18,ST018,MED018,9,9,0,0,0,37
2026-02-18,ST018,MED019,0,0,0,0,0,21
2026-02-18,ST018,MED020,10,10,0,48,0,38
2026-02-18,ST018,MED021,11,11,0,0,0,0
2026-02-18,ST018,MED022,10,10,0,42,0,32
2026-02-18,ST018,MED023,12,12,0,0,0,49
2026-02-18,ST018,MED024,14,14,0,72,0,79
2026-02-18,ST018,MED025,6,6,0,0,0,8
2026-02-18,ST018,MED026,12,6,6,0,0,0
2026-02-18,ST018,MED027,13,13,0,0,0,59
2026-02-18,ST018,MED028,3,3,0,0,0,46
2026-02-18,ST018,MED029,9,9,0,0,0,1
2026-02-18,ST018,MED030,5,5,0,0,0,25
2026-02-18,ST019,MED001,12,12,0,0,0,52
2026-02-18,ST019,MED002,10,10,0,0,0,52
2026-02-18,ST019,MED003,6,6,0,0,0,25
2026-02-18,ST019,MED004,12,12,0,0,0,19
2026-02-18,ST019,MED005,12,12,0,0,0,56
2026-02-18,ST019,MED006,14,14,0,0,0,13
2026-02-18,ST019,MED007,4,4,0,24,0,20
2026-02-18,ST019,MED008,7,7,0,0,0,18
2026-02-18,ST019,MED009,14,14,0,0,0,33
2026-02-18,ST019,MED010,4,4,0,0,0,12
2026-02-18,ST019,MED011,12,12,0,66,0,60
2026-02-18,ST019,MED012,13,13,0,0,0,38
2026-02-18,ST019,MED013,11,11,0,0,0,29
2026-02-18,ST019,MED014,7,1,6,0,0,0
2026-02-18,ST019,MED015,13,13,0,0,0,28
2026-02-18,ST019,MED016,7,7,0,0,0,22
2026-02-18,ST019,MED017,14,14,0,0,0,46
2026-02-18,ST019,MED018,7,7,0,0,0,40
2026-02-18,ST019,MED019,4,4,0,0,0,15
2026-02-18,ST019,MED020,8,8,0,0,0,10
2026-02-18,ST019,MED021,14,0,14,0,0,0
2026-02-18,ST019,MED022,7,0,7,0,0,0
2026-02-18,ST019,MED023,11,11,0,72,0,71
2026-02-18,ST019,MED024,15,15,0,0,0,48
2026-02-18,ST019,MED025,7,7,0,36,0,29
2026-02-18,ST019,MED026,12,12,0,0,0,68
2026-02-18,ST019,MED027,12,12,0,84,0,89
2026-02-18,ST019,MED028,14,14,0,0,0,27
2026-02-18,ST019,MED029,6,0,6,0,0,0
2026-02-18,ST019,MED030,7,7,0,0,0,15
2026-02-18,ST020,MED001,13,13,0,0,0,27
2026-02-18,ST020,MED002,14,14,0,0,0,10
2026-02-18,ST020,MED003,3,3,0,0,0,21
2026-02-18,ST020,MED004,11,11,0,0,0,18
2026-02-18,ST020,MED005,14,14,0,0,0,17
2026-02-18,ST020,MED006,14,1,13,0,0,0
2026-02-18,ST020,MED007,6,6,0,0,0,25
2026-02-18,ST020,MED008,1,1,0,0,0,24
2026-02-18,ST020,MED009,13,13,0,60,0,47
2026-02-18,ST020,MED010,4,4,0,24,0,29
2026-02-18,ST020,MED011,24,24,0,0,0,34
2026-02-18,ST020,MED012,13,13,0,0,0,20
2026-02-18,ST020,MED013,7,7,0,0,0,12
2026-02-18,ST020,MED014,7,7,0,48,0,42
2026-02-18,ST020,MED015,13,13,0,72,0,85
2026-02-18,ST020,MED016,10,10,0,0,0,32
2026-02-18,ST020,MED017,9,9,0,0,0,15
2026-02-18,ST020,MED018,10,10,0,0,0,21
2026-02-18,ST020,MED019,2,2,0,0,0,12
2026-02-18,ST020,MED020,10,10,0,0,0,33
2026-02-18,ST020,MED021,13,13,0,0,0,4
2026-02-18,ST020,MED022,13,13,0,48,0,37
2026-02-18,ST020,MED023,16,16,0,72,0,56
2026-02-18,ST020,MED024,17,17,0,0,0,32
2026-02-18,ST020,MED025,7,7,0,0,0,30
2026-02-18,ST020,MED026,16,11,5,0,0,0
2026-02-18,ST020,MED027,13,13,0,0,0,0
2026-02-18,ST020,MED028,9,9,0,0,0,2
2026-02-18,ST020,MED029,12,12,0,0,0,59
2026-02-18,ST020,MED030,3,3,0,0,0,18
2026-02-18,ST021,MED001,5,5,0,0,0,73
2026-02-18,ST021,MED002,10,10,0,0,0,55
2026-02-18,ST021,MED003,0,0,0,0,0,12
2026-02-18,ST021,MED004,5,5,0,48,0,57
2026-02-18,ST021,MED005,9,9,0,0,0,16
2026-02-18,ST021,MED006,8,8,0,0,0,37
2026-02-18,ST021,MED007,0,0,0,0,0,15
2026-02-18,ST021,MED008,5,5,0,0,0,3
2026-02-18,ST021,MED009,10,10,0,0,0,57
2026-02-18,ST021,MED010,1,1,0,0,0,15
2026-02-18,ST021,MED011,7,7,0,0,0,1
2026-02-18,ST021,MED012,10,10,0,0,0,12
2026-02-18,ST021,MED013,0,0,0,0,0,18
2026-02-18,ST021,MED014,3,3,0,0,0,27
2026-02-18,ST021,MED015,8,8,0,0,0,93
2026-02-18,ST021,MED016,4,4,0,0,0,17
2026-02-18,ST021,MED017,7,7,0,0,0,11
2026-02-18,ST021,MED018,4,4,0,0,0,22
2026-02-18,ST021,MED019,1,1,0,0,0,9
2026-02-18,ST021,MED020,7,7,0,0,0,5
2026-02-18,ST021,MED021,9,7,2,0,0,0
2026-02-18,ST021,MED022,5,1,4,0,0,0
2026-02-18,ST021,MED023,10,10,0,60,0,57
2026-02-18,ST021,MED024,10,10,0,0,0,11
2026-02-18,ST021,MED025,6,6,0,0,0,0
2026-02-18,ST021,MED026,10,10,0,72,0,65
2026-02-18,ST021,MED027,6,6,0,0,0,31
2026-02-18,ST021,MED028,2,2,0,0,0,11
2026-02-18,ST021,MED029,6,6,0,0,0,17
2026-02-18,ST021,MED030,4,4,0,0,0,30
2026-02-18,ST022,MED001,7,7,0,0,0,20
2026-02-18,ST022,MED002,7,7,0,0,0,22
2026-02-18,ST022,MED003,3,3,0,24,0,30
2026-02-18,ST022,MED004,7,7,0,0,0,27
2026-02-18,ST022,MED005,9,9,0,72,0,63
2026-02-18,ST022,MED006,6,6,0,0,0,77
2026-02-18,ST022,MED007,0,0,0,0,0,7
2026-02-18,ST022,MED008,3,3,0,0,0,19
2026-02-18,ST022,MED009,7,7,0,0,0,47
2026-02-18,ST022,MED010,8,8,0,0,0,2
2026-02-18,ST022,MED011,10,10,0,0,0,4
2026-02-18,ST022,MED012,9,9,0,60,0,59
2026-02-18,ST022,MED013,3,3,0,0,0,48
2026-02-18,ST022,MED014,3,3,0,48,0,49
2026-02-18,ST022,MED015,11,11,0,72,0,87
2026-02-18,ST022,MED016,7,7,0,0,0,5
2026-02-18,ST022,MED017,7,3,4,0,0,0
2026-02-18,ST022,MED018,4,4,0,0,0,13
2026-02-18,ST022,MED019,3,3,0,0,0,15
2026-02-18,ST022,MED020,8,8,0,0,0,9
2026-02-18,ST022,MED021,12,12,0,0,0,42
2026-02-18,ST022,MED022,3,3,0,0,0,55
2026-02-18,ST022,MED023,7,7,0,0,0,12
2026-02-18,ST022,MED024,11,11,0,0,0,70
2026-02-18,ST022,MED025,2,2,0,0,0,20
2026-02-18,ST022,MED026,12,12,0,0,0,43
2026-02-18,ST022,MED027,12,12,0,0,0,23
2026-02-18,ST022,MED028,4,4,0,0,0,36
2026-02-18,ST022,MED029,9,9,0,0,0,61
2026-02-18,ST022,MED030,3,3,0,0,0,8
2026-02-18,ST023,MED001,14,14,0,72,0,79
2026-02-18,ST023,MED002,16,16,0,0,0,37
2026-02-18,ST023,MED003,0,0,0,0,0,0
2026-02-18,ST023,MED004,8,8,0,0,0,2
2026-02-18,ST023,MED005,10,10,0,0,0,6
2026-02-18,ST023,MED006,8,8,0,0,0,67
2026-02-18,ST023,MED007,1,1,0,0,0,12
2026-02-18,ST023,MED008,5,5,0,0,0,16
2026-02-18,ST023,MED009,9,9,0,0,0,23
2026-02-18,ST023,MED010,4,4,0,0,0,16
2026-02-18,ST023,MED011,13,13,0,0,0,28
2026-02-18,ST023,MED012,9,9,0,0,0,6
2026-02-18,ST023,MED013,6,6,0,0,0,46
2026-02-18,ST023,MED014,6,6,0,0,0,39
2026-02-18,ST023,MED015,10,10,0,0,0,27
2026-02-18,ST023,MED016,10,10,0,0,0,29
2026-02-18,ST023,MED017,10,4,6,0,0,0
2026-02-18,ST023,MED018,5,5,0,0,0,43
2026-02-18,ST023,MED019,4,4,0,0,0,25
2026-02-18,ST023,MED020,7,7,0,0,0,13
2026-02-18,ST023,MED021,11,11,0,0,0,4
2026-02-18,ST023,MED022,8,3,5,0,0,0
2026-02-18,ST023,MED023,20,20,0,0,0,2
2026-02-18,ST023,MED024,9,9,0,0,0,54
2026-02-18,ST023,MED025,2,2,0,0,0,41
2026-02-18,ST023,MED026,9,9,0,0,0,35
2026-02-18,ST023,MED027,9,9,0,0,0,5
2026-02-18,ST023,MED028,4,4,0,48,0,57
2026-02-18,ST023,MED029,11,10,1,0,0,0
2026-02-18,ST023,MED030,3,3,0,0,0,8
2026-02-18,ST024,MED001,9,9,0,0,0,15
2026-02-18,ST024,MED002,9,9,0,0,0,19
2026-02-18,ST024,MED003,3,3,0,0,0,1
2026-02-18,ST024,MED004,8,8,0,0,0,34
2026-02-18,ST024,MED005,13,13,0,0,0,59
2026-02-18,ST024,MED006,7,7,0,0,0,68
2026-02-18,ST024,MED007,4,1,3,0,0,0
2026-02-18,ST024,MED008,4,4,0,0,0,6
2026-02-18,ST024,MED009,10,10,0,72,0,62
2026-02-18,ST024,MED010,8,8,0,24,0,17
2026-02-18,ST024,MED011,22,13,9,0,0,0
2026-02-18,ST024,MED012,9,9,0,0,0,49
2026-02-18,ST024,MED013,6,6,0,48,0,49
2026-02-18,ST024,MED014,11,11,0,0,0,36
2026-02-18,ST024,MED015,16,0,16,0,0,0
2026-02-18,ST024,MED016,6,6,0,0,0,5
2026-02-18,ST024,MED017,10,10,0,0,0,23
2026-02-18,ST024,MED018,5,5,0,0,0,13
2026-02-18,ST024,MED019,1,1,0,0,0,8
2026-02-18,ST024,MED020,9,7,2,0,0,0
2026-02-18,ST024,MED021,10,10,0,0,0,24
2026-02-18,ST024,MED022,8,8,0,42,0,42
2026-02-18,ST024,MED023,11,11,0,0,0,46
2026-02-18,ST024,MED024,10,10,0,0,0,84
2026-02-18,ST024,MED025,8,8,0,0,0,10
2026-02-18,ST024,MED026,12,12,0,0,0,36
2026-02-18,ST024,MED027,12,12,0,72,0,71
2026-02-18,ST024,MED028,3,0,3,0,0,0
2026-02-18,ST024,MED029,11,11,0,72,0,65
2026-02-18,ST024,MED030,5,5,0,30,0,27
2026-02-18,ST025,MED001,12,12,0,0,0,11
2026-02-18,ST025,MED002,13,7,6,0,0,0
2026-02-18,ST025,MED003,1,1,0,0,0,17
2026-02-18,ST025,MED004,6,6,0,0,0,27
2026-02-18,ST025,MED005,13,13,0,0,0,22
2026-02-18,ST025,MED006,11,11,0,0,0,37
2026-02-18,ST025,MED007,6,6,0,0,0,7
2026-02-18,ST025,MED008,4,4,0,0,0,5
2026-02-18,ST025,MED009,12,12,0,0,0,39
2026-02-18,ST025,MED010,2,2,0,0,0,13
2026-02-18,ST025,MED011,13,13,0,0,0,26
2026-02-18,ST025,MED012,9,9,0,0,0,23
2026-02-18,ST025,MED013,9,0,9,0,0,0
2026-02-18,ST025,MED014,4,4,0,0,0,24
2026-02-18,ST025,MED015,13,13,0,72,0,59
2026-02-18,ST025,MED016,8,0,8,0,0,0
2026-02-18,ST025,MED017,13,13,0,0,0,15
2026-02-18,ST025,MED018,8,8,0,0,0,46
2026-02-18,ST025,MED019,6,6,0,0,0,15
2026-02-18,ST025,MED020,7,7,0,0,0,42
2026-02-18,ST025,MED021,15,15,0,0,0,17
2026-02-18,ST025,MED022,16,16,0,0,0,15
2026-02-18,ST025,MED023,18,18,0,0,0,16
2026-02-18,ST025,MED024,12,12,0,0,0,47
2026-02-18,ST025,MED025,5,5,0,0,0,5
2026-02-18,ST025,MED026,9,9,0,0,0,65
2026-02-18,ST025,MED027,15,1,14,0,0,0
2026-02-18,ST025,MED028,7,7,0,48,0,41
2026-02-18,ST025,MED029,13,13,0,0,0,56
2026-02-18,ST025,MED030,4,0,4,0,0,0
2026-02-18,ST026,MED001,13,13,0,72,0,76
2026-02-18,ST026,MED002,14,14,0,0,0,32
2026-02-18,ST026,MED003,2,0,2,0,0,0
2026-02-18,ST026,MED004,7,7,0,0,0,19
2026-02-18,ST026,MED005,15,15,0,72,0,57
2026-02-18,ST026,MED006,14,14,0,0,0,25
2026-02-18,ST026,MED007,0,0,0,24,0,24
2026-02-18,ST026,MED008,5,5,0,0,0,14
2026-02-18,ST026,MED009,14,13,1,0,0,0
2026-02-18,ST026,MED010,3,3,0,0,0,10
2026-02-18,ST026,MED011,12,12,0,0,0,38
2026-02-18,ST026,MED012,17,17,0,72,0,55
2026-02-18,ST026,MED013,4,0,4,0,0,0
2026-02-18,ST026,MED014,4,4,0,0,0,9
2026-02-18,ST026,MED015,18,18,0,96,0,92
2026-02-18,ST026,MED016,11,11,0,0,0,40
2026-02-18,ST026,MED017,15,0,15,0,0,0
2026-02-18,ST026,MED018,5,5,0,0,0,40
2026-02-18,ST026,MED019,2,2,0,0,0,9
2026-02-18,ST026,MED020,8,8,0,0,0,13
2026-02-18,ST026,MED021,15,15,0,0,0,58
2026-02-18,ST026,MED022,11,11,0,0,0,35
2026-02-18,ST026,MED023,12,12,0,0,0,52
2026-02-18,ST026,MED024,13,7,6,0,0,0
2026-02-18,ST026,MED025,5,5,0,0,0,36
2026-02-18,ST026,MED026,10,10,0,0,0,7
2026-02-18,ST026,MED027,12,12,0,0,0,29
2026-02-18,ST026,MED028,11,11,0,0,0,19
2026-02-18,ST026,MED029,10,0,10,0,0,0
2026-02-18,ST026,MED030,1,1,0,0,0,31
2026-02-18,ST027,MED001,13,0,13,0,0,0
2026-02-18,ST027,MED002,15,10,5,0,0,0
2026-02-18,ST027,MED003,4,4,0,0,0,16
2026-02-18,ST027,MED004,10,10,0,0,0,34
2026-02-18,ST027,MED005,14,14,0,0,0,33
2026-02-18,ST027,MED006,11,11,0,0,0,14
2026-02-18,ST027,MED007,7,3,4,0,0,0
2026-02-18,ST027,MED008,1,1,0,0,0,9
2026-02-18,ST027,MED009,18,17,1,0,0,0
2026-02-18,ST027,MED010,8,8,0,36,0,33
2026-02-18,ST027,MED011,15,15,0,0,0,42
2026-02-18,ST027,MED012,15,15,0,0,0,34
2026-02-18,ST027,MED013,9,9,0,0,0,38
2026-02-18,ST027,MED014,7,7,0,0,0,10
2026-02-18,ST027,MED015,15,7,8,0,0,0
2026-02-18,ST027,MED016,9,9,0,0,0,18
2026-02-18,ST027,MED017,12,2,10,0,0,0
2026-02-18,ST027,MED018,6,0,6,0,0,0
2026-02-18,ST027,MED019,5,5,0,24,0,19
2026-02-18,ST027,MED020,6,6,0,0,0,38
2026-02-18,ST027,MED021,17,17,0,0,0,30
2026-02-18,ST027,MED022,10,10,0,0,0,43
2026-02-18,ST027,MED023,18,18,0,0,0,32
2026-02-18,ST027,MED024,14,14,0,72,0,79
2026-02-18,ST027,MED025,7,7,0,0,0,21
2026-02-18,ST027,MED026,16,16,0,72,0,56
2026-02-18,ST027,MED027,15,15,0,0,0,71
2026-02-18,ST027,MED028,10,10,0,48,0,38
2026-02-18,ST027,MED029,15,4,11,0,0,0
2026-02-18,ST027,MED030,11,11,0,0,0,15
2026-02-18,ST028,MED001,17,17,0,0,0,10
2026-02-18,ST028,MED002,5,5,0,0,0,24
2026-02-18,ST028,MED003,6,6,0,0,0,6
2026-02-18,ST028,MED004,5,5,0,0,0,35
2026-02-18,ST028,MED005,8,8,0,0,0,20
2026-02-18,ST028,MED006,10,10,0,0,0,68
2026-02-18,ST028,MED007,5,5,0,24,0,22
2026-02-18,ST028,MED008,3,3,0,0,0,23
2026-02-18,ST028,MED009,8,8,0,0,0,43
2026-02-18,ST028,MED010,0,0,0,0,0,12
2026-02-18,ST028,MED011,10,10,0,0,0,12
2026-02-18,ST028,MED012,8,8,0,0,0,66
2026-02-18,ST028,MED013,10,10,0,0,0,27
2026-02-18,ST028,MED014,0,0,0,48,0,58
2026-02-18,ST028,MED015,6,6,0,0,0,56
2026-02-18,ST028,MED016,4,4,0,0,0,15
2026-02-18,ST028,MED017,11,11,0,0,0,2
2026-02-18,ST028,MED018,0,0,0,0,0,38
2026-02-18,ST028,MED019,3,0,3,0,0,0
2026-02-18,ST028,MED020,5,5,0,0,0,52
2026-02-18,ST028,MED021,4,4,0,54,0,67
2026-02-18,ST028,MED022,6,6,0,42,0,47
2026-02-18,ST028,MED023,8,8,0,0,0,10
2026-02-18,ST028,MED024,8,8,0,0,0,63
2026-02-18,ST028,MED025,8,8,0,0,0,6
2026-02-18,ST028,MED026,6,6,0,0,0,22
2026-02-18,ST028,MED027,8,8,0,72,0,71
2026-02-18,ST028,MED028,4,4,0,0,0,15
2026-02-18,ST028,MED029,9,9,0,0,0,15
2026-02-18,ST028,MED030,2,2,0,0,0,8
2026-02-18,ST029,MED001,9,9,0,72,0,90
2026-02-18,ST029,MED002,12,12,0,0,0,3
2026-02-18,ST029,MED003,2,2,0,0,0,20
2026-02-18,ST029,MED004,9,9,0,0,0,4
2026-02-18,ST029,MED005,14,14,0,0,0,53
2026-02-18,ST029,MED006,11,11,0,0,0,13
2026-02-18,ST029,MED007,3,3,0,0,0,2
2026-02-18,ST029,MED008,3,3,0,0,0,2
2026-02-18,ST029,MED009,10,10,0,0,0,10
2026-02-18,ST029,MED010,8,8,0,0,0,5
2026-02-18,ST029,MED011,13,13,0,60,0,75
2026-02-18,ST029,MED012,10,10,0,0,0,24
2026-02-18,ST029,MED013,5,5,0,0,0,22
2026-02-18,ST029,MED014,2,2,0,0,0,17
2026-02-18,ST029,MED015,12,12,0,72,0,60
2026-02-18,ST029,MED016,5,5,0,0,0,6
2026-02-18,ST029,MED017,8,8,0,0,0,20
2026-02-18,ST029,MED018,6,6,0,48,0,57
2026-02-18,ST029,MED019,1,1,0,0,0,19
2026-02-18,ST029,MED020,9,9,0,48,0,45
2026-02-18,ST029,MED021,8,8,0,0,0,57
2026-02-18,ST029,MED022,3,3,0,0,0,28
2026-02-18,ST029,MED023,9,0,9,0,0,0
2026-02-18,ST029,MED024,10,10,0,0,0,56
2026-02-18,ST029,MED025,4,4,0,0,0,1
2026-02-18,ST029,MED026,16,16,0,72,0,65
2026-02-18,ST029,MED027,9,9,0,0,0,65
2026-02-18,ST029,MED028,4,4,0,0,0,16
2026-02-18,ST029,MED029,16,16,0,0,0,63
2026-02-18,ST029,MED030,5,5,0,0,0,9
2026-02-18,ST030,MED001,10,10,0,0,0,68
2026-02-18,ST030,MED002,8,8,0,0,0,43
2026-02-18,ST030,MED003,4,4,0,0,0,11
2026-02-18,ST030,MED004,8,8,0,0,0,22
2026-02-18,ST030,MED005,9,9,0,0,0,48
2026-02-18,ST030,MED006,9,9,0,0,0,12
2026-02-18,ST030,MED007,4,4,0,0,0,5
2026-02-18,ST030,MED008,6,4,2,0,0,0
2026-02-18,ST030,MED009,9,9,0,0,0,19
2026-02-18,ST030,MED010,4,4,0,0,0,17
2026-02-18,ST030,MED011,15,15,0,0,0,0
2026-02-18,ST030,MED012,9,0,9,0,0,0
2026-02-18,ST030,MED013,6,6,0,0,0,8
2026-02-18,ST030,MED014,8,8,0,0,0,16
2026-02-18,ST030,MED015,12,12,0,0,0,9
2026-02-18,ST030,MED016,5,5,0,0,0,34
2026-02-18,ST030,MED017,8,8,0,72,0,80
2026-02-18,ST030,MED018,10,10,0,48,0,52
2026-02-18,ST030,MED019,3,3,0,0,0,6
2026-02-18,ST030,MED020,9,9,0,0,0,44
2026-02-18,ST030,MED021,10,10,0,0,0,1
2026-02-18,ST030,MED022,8,7,1,0,0,0
2026-02-18,ST030,MED023,9,9,0,0,0,18
2026-02-18,ST030,MED024,14,14,0,0,0,24
2026-02-18,ST030,MED025,5,3,2,0,0,0
2026-02-18,ST030,MED026,11,11,0,0,0,23
2026-02-18,ST030,MED027,11,11,0,0,0,64
2026-02-18,ST030,MED028,10,10,0,48,0,38
2026-02-18,ST030,MED029,10,10,0,0,0,14
2026-02-18,ST030,MED030,9,9,0,0,0,0
2026-02-18,ST031,MED001,11,11,0,0,0,52
2026-02-18,ST031,MED002,7,7,0,0,0,38
2026-02-18,ST031,MED003,9,6,3,0,0,0
2026-02-18,ST031,MED004,9,9,0,0,0,25
2026-02-18,ST031,MED005,12,12,0,0,0,21
2026-02-18,ST031,MED006,9,9,0,0,0,22
2026-02-18,ST031,MED007,3,3,0,0,0,17
2026-02-18,ST031,MED008,3,3,0,0,0,17
2026-02-18,ST031,MED009,9,9,0,0,0,33
2026-02-18,ST031,MED010,1,1,0,24,0,27
2026-02-18,ST031,MED011,14,14,0,0,0,32
2026-02-18,ST031,MED012,14,14,0,0,0,31
2026-02-18,ST031,MED013,6,6,0,0,0,11
2026-02-18,ST031,MED014,4,4,0,0,0,23
2026-02-18,ST031,MED015,12,12,0,0,0,58
2026-02-18,ST031,MED016,5,5,0,0,0,46
2026-02-18,ST031,MED017,9,9,0,60,0,56
2026-02-18,ST031,MED018,5,5,0,0,0,4
2026-02-18,ST031,MED019,4,4,0,0,0,16
2026-02-18,ST031,MED020,12,12,0,48,0,52
2026-02-18,ST031,MED021,5,0,5,0,0,0
2026-02-18,ST031,MED022,9,9,0,0,0,4
2026-02-18,ST031,MED023,14,14,0,0,0,49
2026-02-18,ST031,MED024,12,12,0,0,0,11
2026-02-18,ST031,MED025,11,11,0,0,0,3
2026-02-18,ST031,MED026,10,10,0,96,0,87
2026-02-18,ST031,MED027,10,10,0,0,0,65
2026-02-18,ST031,MED028,2,2,0,0,0,36
2026-02-18,ST031,MED029,9,9,0,0,0,7
2026-02-18,ST031,MED030,5,5,0,0,0,12
2026-02-18,ST032,MED001,13,13,0,0,0,18
2026-02-18,ST032,MED002,12,9,3,0,0,0
2026-02-18,ST032,MED003,1,1,0,0,0,23
2026-02-18,ST032,MED004,7,7,0,0,0,28
2026-02-18,ST032,MED005,14,14,0,0,0,10
2026-02-18,ST032,MED006,10,0,10,0,0,0
2026-02-18,ST032,MED007,11,11,0,0,0,10
2026-02-18,ST032,MED008,1,1,0,0,0,5
2026-02-18,ST032,MED009,9,9,0,0,0,51
2026-02-18,ST032,MED010,3,0,3,0,0,0
2026-02-18,ST032,MED011,12,12,0,0,0,56
2026-02-18,ST032,MED012,7,7,0,0,0,68
2026-02-18,ST032,MED013,10,10,0,0,0,4
2026-02-18,ST032,MED014,1,1,0,48,0,47
2026-02-18,ST032,MED015,12,12,0,0,0,51
2026-02-18,ST032,MED016,8,8,0,0,0,32
2026-02-18,ST032,MED017,11,10,1,0,0,0
2026-02-18,ST032,MED018,4,0,4,0,0,0
2026-02-18,ST032,MED019,1,1,0,0,0,11
2026-02-18,ST032,MED020,11,11,0,48,0,43
2026-02-18,ST032,MED021,12,12,0,0,0,23
2026-02-18,ST032,MED022,8,8,0,42,0,50
2026-02-18,ST032,MED023,9,9,0,0,0,48
2026-02-18,ST032,MED024,12,12,0,0,0,38
2026-02-18,ST032,MED025,10,10,0,36,0,32
2026-02-18,ST032,MED026,10,0,10,0,0,0
2026-02-18,ST032,MED027,8,8,0,0,0,19
2026-02-18,ST032,MED028,6,6,0,0,0,51
2026-02-18,ST032,MED029,10,10,0,0,0,19
2026-02-18,ST032,MED030,8,8,0,0,0,7
2026-02-18,ST033,MED001,12,12,0,0,0,71
2026-02-18,ST033,MED002,11,11,0,0,0,47
2026-02-18,ST033,MED003,8,8,0,24,0,16
2026-02-18,ST033,MED004,8,8,0,48,0,40
2026-02-18,ST033,MED005,12,12,0,72,0,85
2026-02-18,ST033,MED006,10,6,4,0,0,0
2026-02-18,ST033,MED007,6,6,0,0,0,4
2026-02-18,ST033,MED008,4,4,0,24,0,24
2026-02-18,ST033,MED009,11,11,0,0,0,18
2026-02-18,ST033,MED010,5,5,0,0,0,10
2026-02-18,ST033,MED011,13,13,0,0,0,11
2026-02-18,ST033,MED012,9,9,0,0,0,59
2026-02-18,ST033,MED013,7,7,0,0,0,14
2026-02-18,ST033,MED014,3,3,0,0,0,0
2026-02-18,ST033,MED015,15,15,0,72,0,57
2026-02-18,ST033,MED016,6,0,6,0,0,0
2026-02-18,ST033,MED017,14,14,0,0,0,62
2026-02-18,ST033,MED018,7,7,0,0,0,3
2026-02-18,ST033,MED019,2,2,0,0,0,3
2026-02-18,ST033,MED020,7,7,0,48,0,41
2026-02-18,ST033,MED021,7,7,0,60,0,53
2026-02-18,ST033,MED022,7,7,0,48,0,45
2026-02-18,ST033,MED023,13,13,0,0,0,26
2026-02-18,ST033,MED024,9,9,0,0,0,8
2026-02-18,ST033,MED025,10,10,0,0,0,28
2026-02-18,ST033,MED026,14,14,0,0,0,0
2026-02-18,ST033,MED027,9,9,0,72,0,78
2026-02-18,ST033,MED028,5,2,3,0,0,0
2026-02-18,ST033,MED029,9,9,0,0,0,17
2026-02-18,ST033,MED030,5,4,1,0,0,0
2026-02-18,ST034,MED001,11,11,0,0,0,46
2026-02-18,ST034,MED002,15,15,0,0,0,58
2026-02-18,ST034,MED003,6,1,5,0,0,0
2026-02-18,ST034,MED004,9,9,0,48,0,50
2026-02-18,ST034,MED005,9,9,0,0,0,22
2026-02-18,ST034,MED006,10,10,0,0,0,39
2026-02-18,ST034,MED007,1,1,0,0,0,20
2026-02-18,ST034,MED008,4,4,0,0,0,4
2026-02-18,ST034,MED009,13,13,0,0,0,48
2026-02-18,ST034,MED010,4,4,0,0,0,20
2026-02-18,ST034,MED011,16,16,0,60,0,58
2026-02-18,ST034,MED012,12,12,0,72,0,60
2026-02-18,ST034,MED013,15,15,0,0,0,13
2026-02-18,ST034,MED014,7,7,0,0,0,34
2026-02-18,ST034,MED015,16,16,0,0,0,27
2026-02-18,ST034,MED016,11,11,0,0,0,27
2026-02-18,ST034,MED017,11,11,0,0,0,16
2026-02-18,ST034,MED018,7,7,0,0,0,10
2026-02-18,ST034,MED019,6,6,0,0,0,16
2026-02-18,ST034,MED020,9,9,0,0,0,7
2026-02-18,ST034,MED021,11,11,0,0,0,47
2026-02-18,ST034,MED022,9,9,0,0,0,32
2026-02-18,ST034,MED023,15,15,0,72,0,57
2026-02-18,ST034,MED024,16,16,0,0,0,12
2026-02-18,ST034,MED025,14,14,0,0,0,14
2026-02-18,ST034,MED026,16,16,0,0,0,42
2026-02-18,ST034,MED027,15,15,0,0,0,19
2026-02-18,ST034,MED028,8,0,8,0,0,0
2026-02-18,ST034,MED029,14,14,0,0,0,30
2026-02-18,ST034,MED030,5,5,0,0,0,19
2026-02-18,ST035,MED001,9,9,0,0,0,22
2026-02-18,ST035,MED002,7,7,0,0,0,74
2026-02-18,ST035,MED003,3,3,0,0,0,21
2026-02-18,ST035,MED004,9,9,0,0,0,26
2026-02-18,ST035,MED005,7,7,0,60,0,75
2026-02-18,ST035,MED006,5,5,0,0,0,66
2026-02-18,ST035,MED007,4,4,0,0,0,26
2026-02-18,ST035,MED008,3,3,0,24,0,21
2026-02-18,ST035,MED009,6,6,0,60,0,78
2026-02-18,ST035,MED010,5,5,0,0,0,4
2026-02-18,ST035,MED011,14,14,0,0,0,37
2026-02-18,ST035,MED012,12,12,0,0,0,13
2026-02-18,ST035,MED013,4,4,0,0,0,35
2026-02-18,ST035,MED014,3,3,0,0,0,0
2026-02-18,ST035,MED015,8,8,0,0,0,17
2026-02-18,ST035,MED016,6,6,0,0,0,13
2026-02-18,ST035,MED017,7,7,0,0,0,24
2026-02-18,ST035,MED018,4,4,0,0,0,3
2026-02-18,ST035,MED019,1,1,0,0,0,20
2026-02-18,ST035,MED020,6,6,0,0,0,41
2026-02-18,ST035,MED021,10,10,0,0,0,3
2026-02-18,ST035,MED022,5,5,0,0,0,14
2026-02-18,ST035,MED023,13,13,0,0,0,48
2026-02-18,ST035,MED024,7,7,0,0,0,90
2026-02-18,ST035,MED025,6,6,0,0,0,34
2026-02-18,ST035,MED026,9,9,0,0,0,8
2026-02-18,ST035,MED027,7,7,0,0,0,20
2026-02-18,ST035,MED028,4,4,0,0,0,8
2026-02-18,ST035,MED029,10,10,0,0,0,19
2026-02-18,ST035,MED030,2,2,0,30,0,32
2026-02-18,ST036,MED001,12,12,0,0,0,62
2026-02-18,ST036,MED002,9,9,0,66,0,75
2026-02-18,ST036,MED003,0,0,0,0,0,11
2026-02-18,ST036,MED004,7,7,0,0,0,26
2026-02-18,ST036,MED005,10,10,0,0,0,66
2026-02-18,ST036,MED006,10,10,0,0,0,31
2026-02-18,ST036,MED007,1,1,0,0,0,19
2026-02-18,ST036,MED008,5,5,0,0,0,3
2026-02-18,ST036,MED009,13,13,0,0,0,14
2026-02-18,ST036,MED010,0,0,0,0,0,21
2026-02-18,ST036,MED011,10,10,0,0,0,8
2026-02-18,ST036,MED012,5,5,0,0,0,21
2026-02-18,ST036,MED013,7,7,0,48,0,49
2026-02-18,ST036,MED014,3,3,0,0,0,46
2026-02-18,ST036,MED015,11,11,0,0,0,19
2026-02-18,ST036,MED016,7,7,0,0,0,8
2026-02-18,ST036,MED017,11,11,0,0,0,56
2026-02-18,ST036,MED018,7,7,0,0,0,20
2026-02-18,ST036,MED019,2,2,0,0,0,22
2026-02-18,ST036,MED020,5,5,0,48,0,66
2026-02-18,ST036,MED021,7,7,0,0,0,49
2026-02-18,ST036,MED022,10,10,0,42,0,41
2026-02-18,ST036,MED023,8,8,0,0,0,64
2026-02-18,ST036,MED024,9,9,0,0,0,26
2026-02-18,ST036,MED025,5,5,0,0,0,31
2026-02-18,ST036,MED026,9,9,0,0,0,57
2026-02-18,ST036,MED027,13,13,0,0,0,71
2026-02-18,ST036,MED028,7,1,6,0,0,0
2026-02-18,ST036,MED029,5,5,0,0,0,62
2026-02-18,ST036,MED030,5,5,0,0,0,31
2026-02-18,ST037,MED001,10,10,0,0,0,54
2026-02-18,ST037,MED002,17,17,0,0,0,9
2026-02-18,ST037,MED003,1,1,0,0,0,31
2026-02-18,ST037,MED004,7,7,0,0,0,49
2026-02-18,ST037,MED005,8,8,0,0,0,51
2026-02-18,ST037,MED006,9,9,0,0,0,50
2026-02-18,ST037,MED007,0,0,0,24,0,24
2026-02-18,ST037,MED008,4,4,0,0,0,21
2026-02-18,ST037,MED009,8,8,0,0,0,42
2026-02-18,ST037,MED010,0,0,0,0,0,31
2026-02-18,ST037,MED011,14,14,0,0,0,66
2026-02-18,ST037,MED012,11,11,0,60,0,68
2026-02-18,ST037,MED013,8,5,3,0,0,0
2026-02-18,ST037,MED014,3,3,0,0,0,42
2026-02-18,ST037,MED015,7,7,0,0,0,27
2026-02-18,ST037,MED016,6,6,0,0,0,36
2026-02-18,ST037,MED017,11,11,0,0,0,21
2026-02-18,ST037,MED018,8,8,0,0,0,36
2026-02-18,ST037,MED019,0,0,0,0,0,20
2026-02-18,ST037,MED020,7,7,0,48,0,41
2026-02-18,ST037,MED021,7,7,0,0,0,44
2026-02-18,ST037,MED022,5,5,0,0,0,12
2026-02-18,ST037,MED023,14,14,0,0,0,17
2026-02-18,ST037,MED024,11,11,0,0,0,56
2026-02-18,ST037,MED025,2,2,0,0,0,2
2026-02-18,ST037,MED026,8,8,0,72,0,64
2026-02-18,ST037,MED027,12,12,0,72,0,85
2026-02-18,ST037,MED028,4,4,0,0,0,3
2026-02-18,ST037,MED029,8,8,0,0,0,20
2026-02-18,ST037,MED030,1,1,0,30,0,29
2026-02-18,ST038,MED001,15,15,0,0,0,19
2026-02-18,ST038,MED002,12,12,0,66,0,54
2026-02-18,ST038,MED003,4,4,0,0,0,27
2026-02-18,ST038,MED004,6,6,0,0,0,28
2026-02-18,ST038,MED005,13,13,0,0,0,58
2026-02-18,ST038,MED006,10,10,0,0,0,38
2026-02-18,ST038,MED007,6,6,0,24,0,18
2026-02-18,ST038,MED008,3,3,0,0,0,9
2026-02-18,ST038,MED009,9,9,0,0,0,19
2026-02-18,ST038,MED010,4,4,0,24,0,32
2026-02-18,ST038,MED011,11,3,8,0,0,0
2026-02-18,ST038,MED012,8,8,0,60,0,82
2026-02-18,ST038,MED013,6,6,0,0,0,37
2026-02-18,ST038,MED014,3,0,3,0,0,0
2026-02-18,ST038,MED015,10,10,0,72,0,98
2026-02-18,ST038,MED016,4,4,0,0,0,31
2026-02-18,ST038,MED017,12,12,0,0,0,7
2026-02-18,ST038,MED018,7,7,0,0,0,12
2026-02-18,ST038,MED019,2,2,0,0,0,9
2026-02-18,ST038,MED020,13,13,0,48,0,35
2026-02-18,ST038,MED021,11,1,10,0,0,0
2026-02-18,ST038,MED022,12,12,0,0,0,5
2026-02-18,ST038,MED023,13,1,12,0,0,0
2026-02-18,ST038,MED024,15,15,0,0,0,53
2026-02-18,ST038,MED025,7,7,0,0,0,9
2026-02-18,ST038,MED026,12,12,0,72,0,60
2026-02-18,ST038,MED027,24,10,14,0,0,0
2026-02-18,ST038,MED028,4,4,0,48,0,49
2026-02-18,ST038,MED029,10,0,10,0,0,0
2026-02-18,ST038,MED030,4,4,0,0,0,22
2026-02-18,ST039,MED001,18,18,0,72,0,68
2026-02-18,ST039,MED002,14,14,0,0,0,24
2026-02-18,ST039,MED003,3,3,0,0,0,2
2026-02-18,ST039,MED004,10,10,0,0,0,26
2026-02-18,ST039,MED005,11,1,10,0,0,0
2026-02-18,ST039,MED006,11,0,11,0,0,0
2026-02-18,ST039,MED007,3,3,0,0,0,13
2026-02-18,ST039,MED008,7,7,0,0,0,18
2026-02-18,ST039,MED009,8,8,0,0,0,45
2026-02-18,ST039,MED010,8,8,0,0,0,18
2026-02-18,ST039,MED011,13,13,0,0,0,26
2026-02-18,ST039,MED012,10,10,0,0,0,36
2026-02-18,ST039,MED013,10,10,0,36,0,31
2026-02-18,ST039,MED014,7,6,1,0,0,0
2026-02-18,ST039,MED015,8,8,0,72,0,64
2026-02-18,ST039,MED016,10,8,2,0,0,0
2026-02-18,ST039,MED017,11,2,9,0,0,0
2026-02-18,ST039,MED018,9,9,0,0,0,45
2026-02-18,ST039,MED019,4,4,0,0,0,6
2026-02-18,ST039,MED020,10,10,0,0,0,8
2026-02-18,ST039,MED021,6,6,0,0,0,31
2026-02-18,ST039,MED022,7,7,0,0,0,16
2026-02-18,ST039,MED023,13,13,0,0,0,9
2026-02-18,ST039,MED024,12,12,0,0,0,20
2026-02-18,ST039,MED025,8,8,0,36,0,31
2026-02-18,ST039,MED026,11,11,0,0,0,30
2026-02-18,ST039,MED027,14,14,0,0,0,58
2026-02-18,ST039,MED028,3,3,0,0,0,42
2026-02-18,ST039,MED029,12,6,6,0,0,0
2026-02-18,ST039,MED030,5,5,0,30,0,25
2026-02-18,ST040,MED001,8,8,0,0,0,31
2026-02-18,ST040,MED002,12,12,0,0,0,37
2026-02-18,ST040,MED003,3,3,0,0,0,3
2026-02-18,ST040,MED004,8,8,0,48,0,40
2026-02-18,ST040,MED005,13,13,0,0,0,35
2026-02-18,ST040,MED006,12,12,0,0,0,34
2026-02-18,ST040,MED007,1,1,0,24,0,28
2026-02-18,ST040,MED008,8,8,0,0,0,19
2026-02-18,ST040,MED009,8,8,0,0,0,57
2026-02-18,ST040,MED010,2,2,0,0,0,18
2026-02-18,ST040,MED011,13,13,0,0,0,3
2026-02-18,ST040,MED012,16,16,0,0,0,54
2026-02-18,ST040,MED013,11,11,0,0,0,18
2026-02-18,ST040,MED014,10,10,0,0,0,14
2026-02-18,ST040,MED015,14,14,0,0,0,32
2026-02-18,ST040,MED016,7,7,0,0,0,15
2026-02-18,ST040,MED017,17,17,0,0,0,21
2026-02-18,ST040,MED018,10,10,0,0,0,6
2026-02-18,ST040,MED019,2,2,0,0,0,13
2026-02-18,ST040,MED020,10,10,0,0,0,8
2026-02-18,ST040,MED021,14,0,14,0,0,0
2026-02-18,ST040,MED022,6,6,0,0,0,46
2026-02-18,ST040,MED023,14,14,0,0,0,12
2026-02-18,ST040,MED024,14,14,0,0,0,6
2026-02-18,ST040,MED025,4,4,0,0,0,3
2026-02-18,ST040,MED026,15,4,11,0,0,0
2026-02-18,ST040,MED027,15,0,15,0,0,0
2026-02-18,ST040,MED028,7,7,0,48,0,41
2026-02-18,ST040,MED029,12,12,0,0,0,10
2026-02-18,ST040,MED030,2,2,0,0,0,15
2026-02-19,ST001,MED001,7,7,0,72,0,82
2026-02-19,ST001,MED002,10,10,0,0,0,7
2026-02-19,ST001,MED003,1,1,0,24,0,23
2026-02-19,ST001,MED004,6,6,0,0,0,6
2026-02-19,ST001,MED005,12,12,0,0,0,51
2026-02-19,ST001,MED006,11,11,0,0,0,17
2026-02-19,ST001,MED007,4,4,0,0,0,3
2026-02-19,ST001,MED008,5,5,0,0,0,7
2026-02-19,ST001,MED009,8,0,8,0,0,0
2026-02-19,ST001,MED010,2,2,0,0,0,11
2026-02-19,ST001,MED011,13,13,0,0,0,44
2026-02-19,ST001,MED012,9,9,0,0,0,46
2026-02-19,ST001,MED013,2,2,0,0,0,39
2026-02-19,ST001,MED014,7,7,0,0,0,43
2026-02-19,ST001,MED015,9,9,0,0,0,6
2026-02-19,ST001,MED016,4,4,0,0,0,22
2026-02-19,ST001,MED017,10,10,0,0,0,64
2026-02-19,ST001,MED018,4,4,0,0,0,27
2026-02-19,ST001,MED019,4,4,0,24,0,20
2026-02-19,ST001,MED020,2,2,0,0,0,34
2026-02-19,ST001,MED021,9,9,0,54,0,62
2026-02-19,ST001,MED022,8,8,0,0,0,4
2026-02-19,ST001,MED023,11,11,0,0,0,5
2026-02-19,ST001,MED024,8,8,0,72,0,76
2026-02-19,ST001,MED025,4,4,0,0,0,38
2026-02-19,ST001,MED026,14,14,0,0,0,9
2026-02-19,ST001,MED027,10,10,0,72,0,112
2026-02-19,ST001,MED028,7,7,0,0,0,42
2026-02-19,ST001,MED029,7,7,0,72,0,85
2026-02-19,ST001,MED030,7,7,0,0,0,23
2026-02-19,ST002,MED001,12,12,0,0,0,51
2026-02-19,ST002,MED002,10,10,0,66,0,67
2026-02-19,ST002,MED003,1,1,0,24,0,32
2026-02-19,ST002,MED004,10,10,0,0,0,38
2026-02-19,ST002,MED005,14,14,0,72,0,63
2026-02-19,ST002,MED006,11,11,0,60,0,49
2026-02-19,ST002,MED007,3,3,0,0,0,8
2026-02-19,ST002,MED008,3,3,0,0,0,11
2026-02-19,ST002,MED009,8,8,0,0,0,34
2026-02-19,ST002,MED010,2,2,0,0,0,26
2026-02-19,ST002,MED011,7,7,0,72,0,65
2026-02-19,ST002,MED012,8,8,0,0,0,25
2026-02-19,ST002,MED013,7,7,0,0,0,14
2026-02-19,ST002,MED014,4,4,0,0,0,8
2026-02-19,ST002,MED015,10,10,0,72,0,73
2026-02-19,ST002,MED016,5,5,0,0,0,19
2026-02-19,ST002,MED017,6,6,0,0,0,46
2026-02-19,ST002,MED018,5,5,0,48,0,61
2026-02-19,ST002,MED019,3,0,3,0,0,0
2026-02-19,ST002,MED020,8,8,0,48,0,48
2026-02-19,ST002,MED021,11,11,0,0,0,34
2026-02-19,ST002,MED022,6,6,0,0,0,27
2026-02-19,ST002,MED023,13,13,0,0,0,25
2026-02-19,ST002,MED024,11,11,0,0,0,75
2026-02-19,ST002,MED025,8,7,1,0,0,0
2026-02-19,ST002,MED026,8,8,0,0,0,54
2026-02-19,ST002,MED027,15,15,0,0,0,36
2026-02-19,ST002,MED028,8,0,8,0,0,0
2026-02-19,ST002,MED029,10,10,0,0,0,13
2026-02-19,ST002,MED030,4,4,0,0,0,0
2026-02-19,ST003,MED001,22,22,0,0,0,17
2026-02-19,ST003,MED002,10,10,0,0,0,30
2026-02-19,ST003,MED003,5,5,0,0,0,21
2026-02-19,ST003,MED004,8,8,0,0,0,15
2026-02-19,ST003,MED005,14,14,0,0,0,70
2026-02-19,ST003,MED006,8,1,7,0,0,0
2026-02-19,ST003,MED007,3,3,0,0,0,18
2026-02-19,ST003,MED008,7,7,0,0,0,8
2026-02-19,ST003,MED009,8,8,0,0,0,8
2026-02-19,ST003,MED010,1,1,0,36,0,35
2026-02-19,ST003,MED011,10,10,0,0,0,12
2026-02-19,ST003,MED012,10,10,0,0,0,9
2026-02-19,ST003,MED013,8,8,0,0,0,24
2026-02-19,ST003,MED014,9,9,0,0,0,30
2026-02-19,ST003,MED015,9,9,0,0,0,45
2026-02-19,ST003,MED016,6,6,0,0,0,20
2026-02-19,ST003,MED017,12,12,0,0,0,61
2026-02-19,ST003,MED018,9,9,0,0,0,1
2026-02-19,ST003,MED019,6,6,0,0,0,21
2026-02-19,ST003,MED020,4,4,0,0,0,7
2026-02-19,ST003,MED021,13,13,0,0,0,33
2026-02-19,ST003,MED022,9,9,0,0,0,38
2026-02-19,ST003,MED023,11,11,0,0,0,22
2026-02-19,ST003,MED024,14,14,0,0,0,49
2026-02-19,ST003,MED025,3,3,0,36,0,33
2026-02-19,ST003,MED026,8,8,0,0,0,31
2026-02-19,ST003,MED027,14,14,0,0,0,33
2026-02-19,ST003,MED028,11,11,0,0,0,30
2026-02-19,ST003,MED029,2,2,0,0,0,65
2026-02-19,ST003,MED030,7,7,0,0,0,18
2026-02-19,ST004,MED001,11,11,0,0,0,39
2026-02-19,ST004,MED002,12,0,12,0,0,0
2026-02-19,ST004,MED003,5,5,0,0,0,8
2026-02-19,ST004,MED004,9,9,0,0,0,0
2026-02-19,ST004,MED005,10,10,0,60,0,50
2026-02-19,ST004,MED006,8,8,0,0,0,18
2026-02-19,ST004,MED007,2,2,0,0,0,1
2026-02-19,ST004,MED008,1,1,0,0,0,22
2026-02-19,ST004,MED009,12,12,0,60,0,48
2026-02-19,ST004,MED010,1,1,0,0,0,20
2026-02-19,ST004,MED011,18,18,0,66,0,48
2026-02-19,ST004,MED012,10,10,0,0,0,37
2026-02-19,ST004,MED013,5,5,0,0,0,38
2026-02-19,ST004,MED014,3,3,0,0,0,13
2026-02-19,ST004,MED015,21,21,0,0,0,19
2026-02-19,ST004,MED016,11,11,0,0,0,23
2026-02-19,ST004,MED017,11,11,0,0,0,67
2026-02-19,ST004,MED018,4,4,0,0,0,3
2026-02-19,ST004,MED019,6,6,0,24,0,18
2026-02-19,ST004,MED020,6,6,0,48,0,62
2026-02-19,ST004,MED021,11,11,0,0,0,44
2026-02-19,ST004,MED022,9,9,0,0,0,17
2026-02-19,ST004,MED023,25,2,23,0,0,0
2026-02-19,ST004,MED024,10,10,0,84,0,74
2026-02-19,ST004,MED025,5,5,0,0,0,29
2026-02-19,ST004,MED026,15,15,0,72,0,76
2026-02-19,ST004,MED027,7,7,0,0,0,58
2026-02-19,ST004,MED028,9,9,0,48,0,39
2026-02-19,ST004,MED029,10,10,0,0,0,39
2026-02-19,ST004,MED030,7,7,0,0,0,16
2026-02-19,ST005,MED001,10,10,0,0,0,35
2026-02-19,ST005,MED002,14,14,0,66,0,52
2026-02-19,ST005,MED003,2,2,0,0,0,18
2026-02-19,ST005,MED004,10,10,0,48,0,38
2026-02-19,ST005,MED005,15,15,0,0,0,59
2026-02-19,ST005,MED006,15,0,15,0,0,0
2026-02-19,ST005,MED007,6,6,0,0,0,21
2026-02-19,ST005,MED008,1,1,0,0,0,17
2026-02-19,ST005,MED009,15,15,0,0,0,46
2026-02-19,ST005,MED010,3,3,0,0,0,5
2026-02-19,ST005,MED011,16,16,0,0,0,18
2026-02-19,ST005,MED012,15,15,0,0,0,62
2026-02-19,ST005,MED013,9,9,0,0,0,2
2026-02-19,ST005,MED014,6,6,0,0,0,17
2026-02-19,ST005,MED015,16,16,0,72,0,56
2026-02-19,ST005,MED016,10,10,0,0,0,19
2026-02-19,ST005,MED017,14,14,0,0,0,41
2026-02-19,ST005,MED018,9,9,0,0,0,39
2026-02-19,ST005,MED019,4,4,0,0,0,10
2026-02-19,ST005,MED020,10,10,0,48,0,38
2026-02-19,ST005,MED021,11,11,0,54,0,72
2026-02-19,ST005,MED022,6,6,0,0,0,26
2026-02-19,ST005,MED023,14,4,10,0,0,0
2026-02-19,ST005,MED024,15,15,0,0,0,9
2026-02-19,ST005,MED025,4,4,0,0,0,28
2026-02-19,ST005,MED026,12,12,0,0,0,29
2026-02-19,ST005,MED027,13,13,0,0,0,6
2026-02-19,ST005,MED028,7,7,0,0,0,36
2026-02-19,ST005,MED029,10,10,0,0,0,30
2026-02-19,ST005,MED030,7,7,0,0,0,14
2026-02-19,ST006,MED001,10,10,0,0,0,24
2026-02-19,ST006,MED002,15,15,0,0,0,61
2026-02-19,ST006,MED003,6,0,6,0,0,0
2026-02-19,ST006,MED004,14,14,0,48,0,52
2026-02-19,ST006,MED005,16,16,0,0,0,15
2026-02-19,ST006,MED006,11,11,0,0,0,26
2026-02-19,ST006,MED007,9,9,0,0,0,13
2026-02-19,ST006,MED008,4,4,0,24,0,20
2026-02-19,ST006,MED009,12,0,12,0,0,0
2026-02-19,ST006,MED010,3,3,0,24,0,32
2026-02-19,ST006,MED011,12,12,0,66,0,61
2026-02-19,ST006,MED012,14,14,0,0,0,5
2026-02-19,ST006,MED013,11,11,0,0,0,12
2026-02-19,ST006,MED014,10,10,0,0,0,25
2026-02-19,ST006,MED015,16,16,0,0,0,34
2026-02-19,ST006,MED016,6,6,0,0,0,33
2026-02-19,ST006,MED017,16,15,1,0,0,0
2026-02-19,ST006,MED018,6,6,0,0,0,46
2026-02-19,ST006,MED019,2,2,0,24,0,28
2026-02-19,ST006,MED020,9,8,1,0,0,0
2026-02-19,ST006,MED021,15,15,0,0,0,36
2026-02-19,ST006,MED022,12,12,0,0,0,10
2026-02-19,ST006,MED023,11,11,0,0,0,23
2026-02-19,ST006,MED024,16,16,0,0,0,66
2026-02-19,ST006,MED025,8,8,0,0,0,38
2026-02-19,ST006,MED026,11,11,0,0,0,36
2026-02-19,ST006,MED027,17,17,0,84,0,67
2026-02-19,ST006,MED028,6,6,0,0,0,35
2026-02-19,ST006,MED029,13,13,0,0,0,25
2026-02-19,ST006,MED030,6,6,0,0,0,14
2026-02-19,ST007,MED001,11,11,0,0,0,6
2026-02-19,ST007,MED002,8,8,0,0,0,35
2026-02-19,ST007,MED003,1,1,0,0,0,0
2026-02-19,ST007,MED004,3,3,0,0,0,10
2026-02-19,ST007,MED005,5,5,0,60,0,65
2026-02-19,ST007,MED006,10,10,0,0,0,1
2026-02-19,ST007,MED007,1,1,0,0,0,23
2026-02-19,ST007,MED008,7,1,6,0,0,0
2026-02-19,ST007,MED009,11,11,0,0,0,60
2026-02-19,ST007,MED010,1,1,0,0,0,28
2026-02-19,ST007,MED011,7,7,0,0,0,8
2026-02-19,ST007,MED012,6,6,0,0,0,3
2026-02-19,ST007,MED013,6,6,0,0,0,31
2026-02-19,ST007,MED014,4,4,0,0,0,23
2026-02-19,ST007,MED015,7,7,0,0,0,41
2026-02-19,ST007,MED016,7,7,0,0,0,46
2026-02-19,ST007,MED017,11,11,0,0,0,72
2026-02-19,ST007,MED018,7,7,0,0,0,13
2026-02-19,ST007,MED019,3,3,0,0,0,15
2026-02-19,ST007,MED020,5,5,0,0,0,45
2026-02-19,ST007,MED021,9,9,0,0,0,2
2026-02-19,ST007,MED022,5,5,0,0,0,43
2026-02-19,ST007,MED023,11,11,0,0,0,3
2026-02-19,ST007,MED024,8,8,0,0,0,44
2026-02-19,ST007,MED025,5,5,0,0,0,32
2026-02-19,ST007,MED026,6,6,0,0,0,62
2026-02-19,ST007,MED027,11,11,0,0,0,16
2026-02-19,ST007,MED028,7,7,0,0,0,8
2026-02-19,ST007,MED029,6,6,0,0,0,7
2026-02-19,ST007,MED030,3,3,0,0,0,15
2026-02-19,ST008,MED001,11,11,0,0,0,8
2026-02-19,ST008,MED002,7,7,0,0,0,75
2026-02-19,ST008,MED003,2,2,0,24,0,29
2026-02-19,ST008,MED004,5,5,0,48,0,53
2026-02-19,ST008,MED005,11,11,0,0,0,64
2026-02-19,ST008,MED006,8,8,0,0,0,28
2026-02-19,ST008,MED007,3,3,0,0,0,6
2026-02-19,ST008,MED008,6,0,6,0,0,0
2026-02-19,ST008,MED009,9,9,0,0,0,29
2026-02-19,ST008,MED010,4,4,0,0,0,17
2026-02-19,ST008,MED011,11,11,0,0,0,51
2026-02-19,ST008,MED012,7,7,0,0,0,62
2026-02-19,ST008,MED013,9,9,0,0,0,15
2026-02-19,ST008,MED014,3,3,0,0,0,28
2026-02-19,ST008,MED015,19,19,0,0,0,45
2026-02-19,ST008,MED016,5,5,0,0,0,40
2026-02-19,ST008,MED017,10,10,0,0,0,50
2026-02-19,ST008,MED018,0,0,0,0,0,30
2026-02-19,ST008,MED019,3,3,0,0,0,19
2026-02-19,ST008,MED020,5,5,0,0,0,17
2026-02-19,ST008,MED021,7,7,0,0,0,40
2026-02-19,ST008,MED022,6,6,0,0,0,31
2026-02-19,ST008,MED023,7,7,0,0,0,22
2026-02-19,ST008,MED024,10,10,0,0,0,65
2026-02-19,ST008,MED025,4,4,0,0,0,25
2026-02-19,ST008,MED026,3,3,0,0,0,38
2026-02-19,ST008,MED027,12,12,0,0,0,74
2026-02-19,ST008,MED028,4,4,0,0,0,7
2026-02-19,ST008,MED029,9,9,0,0,0,54
2026-02-19,ST008,MED030,7,0,7,0,0,0
2026-02-19,ST009,MED001,15,15,0,0,0,45
2026-02-19,ST009,MED002,11,11,0,0,0,46
2026-02-19,ST009,MED003,5,5,0,0,0,3
2026-02-19,ST009,MED004,8,8,0,0,0,0
2026-02-19,ST009,MED005,11,0,11,0,0,0
2026-02-19,ST009,MED006,11,11,0,60,0,55
2026-02-19,ST009,MED007,3,3,0,0,0,13
2026-02-19,ST009,MED008,5,2,3,0,0,0
2026-02-19,ST009,MED009,8,8,0,0,0,54
2026-02-19,ST009,MED010,3,3,0,0,0,20
2026-02-19,ST009,MED011,8,8,0,0,0,13
2026-02-19,ST009,MED012,16,4,12,0,0,0
2026-02-19,ST009,MED013,8,8,0,0,0,30
2026-02-19,ST009,MED014,6,6,0,0,0,47
2026-02-19,ST009,MED015,14,14,0,0,0,45
2026-02-19,ST009,MED016,8,8,0,0,0,14
2026-02-19,ST009,MED017,13,13,0,0,0,38
2026-02-19,ST009,MED018,5,5,0,0,0,18
2026-02-19,ST009,MED019,6,6,0,0,0,19
2026-02-19,ST009,MED020,11,11,0,48,0,37
2026-02-19,ST009,MED021,7,7,0,0,0,31
2026-02-19,ST009,MED022,8,8,0,0,0,16
2026-02-19,ST009,MED023,8,8,0,60,0,62
2026-02-19,ST009,MED024,13,13,0,0,0,49
2026-02-19,ST009,MED025,5,5,0,0,0,13
2026-02-19,ST009,MED026,10,10,0,0,0,14
2026-02-19,ST009,MED027,10,10,0,72,0,74
2026-02-19,ST009,MED028,3,3,0,48,0,45
2026-02-19,ST009,MED029,10,10,0,0,0,16
2026-02-19,ST009,MED030,9,9,0,0,0,9
2026-02-19,ST010,MED001,9,9,0,0,0,32
2026-02-19,ST010,MED002,13,13,0,0,0,35
2026-02-19,ST010,MED003,5,5,0,0,0,2
2026-02-19,ST010,MED004,9,9,0,0,0,3
2026-02-19,ST010,MED005,11,11,0,72,0,72
2026-02-19,ST010,MED006,8,8,0,0,0,41
2026-02-19,ST010,MED007,1,0,1,0,0,0
2026-02-19,ST010,MED008,3,2,1,0,0,0
2026-02-19,ST010,MED009,12,12,0,60,0,48
2026-02-19,ST010,MED010,2,2,0,0,0,18
2026-02-19,ST010,MED011,12,12,0,0,0,46
2026-02-19,ST010,MED012,10,10,0,0,0,52
2026-02-19,ST010,MED013,6,6,0,0,0,25
2026-02-19,ST010,MED014,6,6,0,0,0,34
2026-02-19,ST010,MED015,15,15,0,0,0,47
2026-02-19,ST010,MED016,9,9,0,0,0,2
2026-02-19,ST010,MED017,15,15,0,0,0,42
2026-02-19,ST010,MED018,9,9,0,0,0,6
2026-02-19,ST010,MED019,1,1,0,0,0,3
2026-02-19,ST010,MED020,9,9,0,48,0,60
2026-02-19,ST010,MED021,10,10,0,0,0,31
2026-02-19,ST010,MED022,8,8,0,0,0,12
2026-02-19,ST010,MED023,15,15,0,0,0,50
2026-02-19,ST010,MED024,11,6,5,0,0,0
2026-02-19,ST010,MED025,8,8,0,36,0,28
2026-02-19,ST010,MED026,13,13,0,72,0,59
2026-02-19,ST010,MED027,10,10,0,0,0,72
2026-02-19,ST010,MED028,4,4,0,48,0,47
2026-02-19,ST010,MED029,12,12,0,0,0,54
2026-02-19,ST010,MED030,4,4,0,0,0,4
2026-02-19,ST011,MED001,16,10,6,0,0,0
2026-02-19,ST011,MED002,13,13,0,0,0,7
2026-02-19,ST011,MED003,3,3,0,0,0,15
2026-02-19,ST011,MED004,9,8,1,0,0,0
2026-02-19,ST011,MED005,8,0,8,0,0,0
2026-02-19,ST011,MED006,11,11,0,0,0,37
2026-02-19,ST011,MED007,4,4,0,0,0,16
2026-02-19,ST011,MED008,2,2,0,24,0,22
2026-02-19,ST011,MED009,8,8,0,0,0,28
2026-02-19,ST011,MED010,8,4,4,0,0,0
2026-02-19,ST011,MED011,11,0,11,0,0,0
2026-02-19,ST011,MED012,14,14,0,60,0,56
2026-02-19,ST011,MED013,8,8,0,0,0,30
2026-02-19,ST011,MED014,4,4,0,0,0,48
2026-02-19,ST011,MED015,13,13,0,0,0,11
2026-02-19,ST011,MED016,5,0,5,0,0,0
2026-02-19,ST011,MED017,11,11,0,0,0,25
2026-02-19,ST011,MED018,12,12,0,0,0,26
2026-02-19,ST011,MED019,5,5,0,0,0,16
2026-02-19,ST011,MED020,8,8,0,48,0,53
2026-02-19,ST011,MED021,7,7,0,0,0,49
2026-02-19,ST011,MED022,6,6,0,36,0,30
2026-02-19,ST011,MED023,10,10,0,0,0,38
2026-02-19,ST011,MED024,13,13,0,0,0,9
2026-02-19,ST011,MED025,1,1,0,0,0,38
2026-02-19,ST011,MED026,13,13,0,0,0,38
2026-02-19,ST011,MED027,12,4,8,0,0,0
2026-02-19,ST011,MED028,10,9,1,0,0,0
2026-02-19,ST011,MED029,7,7,0,0,0,38
2026-02-19,ST011,MED030,6,6,0,0,0,23
2026-02-19,ST012,MED001,11,11,0,72,0,61
2026-02-19,ST012,MED002,10,10,0,60,0,75
2026-02-19,ST012,MED003,4,4,0,0,0,15
2026-02-19,ST012,MED004,11,11,0,0,0,15
2026-02-19,ST012,MED005,12,12,0,0,0,63
2026-02-19,ST012,MED006,18,18,0,72,0,54
2026-02-19,ST012,MED007,1,1,0,24,0,23
2026-02-19,ST012,MED008,4,4,0,24,0,20
2026-02-19,ST012,MED009,13,13,0,0,0,53
2026-02-19,ST012,MED010,4,4,0,24,0,20
2026-02-19,ST012,MED011,10,10,0,66,0,56
2026-02-19,ST012,MED012,11,11,0,0,0,20
2026-02-19,ST012,MED013,10,10,0,0,0,9
2026-02-19,ST012,MED014,6,6,0,0,0,40
2026-02-19,ST012,MED015,13,13,0,0,0,19
2026-02-19,ST012,MED016,7,7,0,0,0,23
2026-02-19,ST012,MED017,15,15,0,0,0,39
2026-02-19,ST012,MED018,7,7,0,48,0,41
2026-02-19,ST012,MED019,4,4,0,24,0,20
2026-02-19,ST012,MED020,5,5,0,0,0,36
2026-02-19,ST012,MED021,12,0,12,0,0,0
2026-02-19,ST012,MED022,9,9,0,0,0,21
2026-02-19,ST012,MED023,13,13,0,0,0,52
2026-02-19,ST012,MED024,15,0,15,0,0,0
2026-02-19,ST012,MED025,6,0,6,0,0,0
2026-02-19,ST012,MED026,12,4,8,0,0,0
2026-02-19,ST012,MED027,17,17,0,0,0,15
2026-02-19,ST012,MED028,6,6,0,0,0,6
2026-02-19,ST012,MED029,7,7,0,0,0,29
2026-02-19,ST012,MED030,7,7,0,0,0,7
2026-02-19,ST013,MED001,14,14,0,0,0,41
2026-02-19,ST013,MED002,17,17,0,0,0,11
2026-02-19,ST013,MED003,2,2,0,0,0,23
2026-02-19,ST013,MED004,10,10,0,0,0,40
2026-02-19,ST013,MED005,15,15,0,0,0,46
2026-02-19,ST013,MED006,13,13,0,0,0,14
2026-02-19,ST013,MED007,3,3,0,24,0,21
2026-02-19,ST013,MED008,3,3,0,24,0,21
2026-02-19,ST013,MED009,15,15,0,0,0,4
2026-02-19,ST013,MED010,3,0,3,0,0,0
2026-02-19,ST013,MED011,17,6,11,0,0,0
2026-02-19,ST013,MED012,16,16,0,0,0,39
2026-02-19,ST013,MED013,7,7,0,0,0,23
2026-02-19,ST013,MED014,8,8,0,0,0,38
2026-02-19,ST013,MED015,32,0,32,0,0,0
2026-02-19,ST013,MED016,12,12,0,0,0,17
2026-02-19,ST013,MED017,16,0,16,0,0,0
2026-02-19,ST013,MED018,17,0,17,0,0,0
2026-02-19,ST013,MED019,0,0,0,0,0,14
2026-02-19,ST013,MED020,10,10,0,0,0,14
2026-02-19,ST013,MED021,10,10,0,0,0,29
2026-02-19,ST013,MED022,9,9,0,42,0,33
2026-02-19,ST013,MED023,13,13,0,0,0,9
2026-02-19,ST013,MED024,17,17,0,0,0,49
2026-02-19,ST013,MED025,8,8,0,48,0,40
2026-02-19,ST013,MED026,14,14,0,72,0,65
2026-02-19,ST013,MED027,16,16,0,72,0,80
2026-02-19,ST013,MED028,5,5,0,0,0,37
2026-02-19,ST013,MED029,12,12,0,0,0,27
2026-02-19,ST013,MED030,8,8,0,0,0,4
2026-02-19,ST014,MED001,11,11,0,0,0,51
2026-02-19,ST014,MED002,10,10,0,0,0,37
2026-02-19,ST014,MED003,5,5,0,0,0,4
2026-02-19,ST014,MED004,11,11,0,48,0,37
2026-02-19,ST014,MED005,10,10,0,0,0,41
2026-02-19,ST014,MED006,10,10,0,60,0,73
2026-02-19,ST014,MED007,1,1,0,0,0,22
2026-02-19,ST014,MED008,2,2,0,0,0,17
2026-02-19,ST014,MED009,7,7,0,0,0,4
2026-02-19,ST014,MED010,2,2,0,0,0,20
2026-02-19,ST014,MED011,5,5,0,0,0,68
2026-02-19,ST014,MED012,4,4,0,0,0,56
2026-02-19,ST014,MED013,8,8,0,0,0,20
2026-02-19,ST014,MED014,2,2,0,48,0,46
2026-02-19,ST014,MED015,7,7,0,0,0,11
2026-02-19,ST014,MED016,4,4,0,0,0,5
2026-02-19,ST014,MED017,11,11,0,60,0,78
2026-02-19,ST014,MED018,7,7,0,0,0,33
2026-02-19,ST014,MED019,2,2,0,0,0,22
2026-02-19,ST014,MED020,5,5,0,0,0,10
2026-02-19,ST014,MED021,9,9,0,0,0,7
2026-02-19,ST014,MED022,1,1,0,0,0,33
2026-02-19,ST014,MED023,13,13,0,0,0,75
2026-02-19,ST014,MED024,8,8,0,0,0,64
2026-02-19,ST014,MED025,7,7,0,0,0,8
2026-02-19,ST014,MED026,12,12,0,72,0,60
2026-02-19,ST014,MED027,7,7,0,0,0,49
2026-02-19,ST014,MED028,4,4,0,0,0,45
2026-02-19,ST014,MED029,4,4,0,0,0,62
2026-02-19,ST014,MED030,5,5,0,0,0,19
2026-02-19,ST015,MED001,8,8,0,0,0,29
2026-02-19,ST015,MED002,14,14,0,0,0,18
2026-02-19,ST015,MED003,3,3,0,0,0,1
2026-02-19,ST015,MED004,7,7,0,0,0,21
2026-02-19,ST015,MED005,11,11,0,0,0,4
2026-02-19,ST015,MED006,7,7,0,0,0,15
2026-02-19,ST015,MED007,1,1,0,0,0,1
2026-02-19,ST015,MED008,4,4,0,0,0,6
2026-02-19,ST015,MED009,6,6,0,0,0,63
2026-02-19,ST015,MED010,3,3,0,0,0,6
2026-02-19,ST015,MED011,13,13,0,66,0,60
2026-02-19,ST015,MED012,9,9,0,0,0,53
2026-02-19,ST015,MED013,5,5,0,0,0,12
2026-02-19,ST015,MED014,4,4,0,0,0,7
2026-02-19,ST015,MED015,7,7,0,0,0,19
2026-02-19,ST015,MED016,10,10,0,0,0,0
2026-02-19,ST015,MED017,10,10,0,0,0,23
2026-02-19,ST015,MED018,9,9,0,0,0,35
2026-02-19,ST015,MED019,2,2,0,0,0,18
2026-02-19,ST015,MED020,10,10,0,0,0,9
2026-02-19,ST015,MED021,11,11,0,54,0,55
2026-02-19,ST015,MED022,7,7,0,42,0,49
2026-02-19,ST015,MED023,10,10,0,72,0,64
2026-02-19,ST015,MED024,12,12,0,0,0,67
2026-02-19,ST015,MED025,2,2,0,0,0,28
2026-02-19,ST015,MED026,7,7,0,72,0,86
2026-02-19,ST015,MED027,11,11,0,72,0,72
2026-02-19,ST015,MED028,3,3,0,0,0,11
2026-02-19,ST015,MED029,9,9,0,72,0,68
2026-02-19,ST015,MED030,5,5,0,0,0,6
2026-02-19,ST016,MED001,9,9,0,0,0,23
2026-02-19,ST016,MED002,8,8,0,0,0,48
2026-02-19,ST016,MED003,3,3,0,0,0,7
2026-02-19,ST016,MED004,5,5,0,48,0,54
2026-02-19,ST016,MED005,12,12,0,0,0,8
2026-02-19,ST016,MED006,8,8,0,0,0,30
2026-02-19,ST016,MED007,2,0,2,0,0,0
2026-02-19,ST016,MED008,6,6,0,0,0,19
2026-02-19,ST016,MED009,11,11,0,0,0,30
2026-02-19,ST016,MED010,6,6,0,0,0,14
2026-02-19,ST016,MED011,9,2,7,0,0,0
2026-02-19,ST016,MED012,10,10,0,0,0,52
2026-02-19,ST016,MED013,6,6,0,0,0,33
2026-02-19,ST016,MED014,7,7,0,0,0,48
2026-02-19,ST016,MED015,13,13,0,0,0,69
2026-02-19,ST016,MED016,9,9,0,0,0,6
2026-02-19,ST016,MED017,11,11,0,0,0,33
2026-02-19,ST016,MED018,9,9,0,0,0,7
2026-02-19,ST016,MED019,4,4,0,0,0,16
2026-02-19,ST016,MED020,5,5,0,48,0,50
2026-02-19,ST016,MED021,9,9,0,0,0,47
2026-02-19,ST016,MED022,8,8,0,0,0,18
2026-02-19,ST016,MED023,10,10,0,0,0,38
2026-02-19,ST016,MED024,12,12,0,0,0,33
2026-02-19,ST016,MED025,8,8,0,0,0,21
2026-02-19,ST016,MED026,12,12,0,0,0,64
2026-02-19,ST016,MED027,10,10,0,0,0,41
2026-02-19,ST016,MED028,10,10,0,0,0,35
2026-02-19,ST016,MED029,8,8,0,0,0,72
2026-02-19,ST016,MED030,6,6,0,0,0,2
2026-02-19,ST017,MED001,11,11,0,0,0,27
2026-02-19,ST017,MED002,8,8,0,0,0,13
2026-02-19,ST017,MED003,1,1,0,0,0,26
2026-02-19,ST017,MED004,11,7,4,0,0,0
2026-02-19,ST017,MED005,11,11,0,0,0,9
2026-02-19,ST017,MED006,11,11,0,0,0,50
2026-02-19,ST017,MED007,6,6,0,24,0,24
2026-02-19,ST017,MED008,5,5,0,0,0,22
2026-02-19,ST017,MED009,7,7,0,0,0,8
2026-02-19,ST017,MED010,4,4,0,0,0,19
2026-02-19,ST017,MED011,12,12,0,0,0,63
2026-02-19,ST017,MED012,11,11,0,0,0,43
2026-02-19,ST017,MED013,8,8,0,48,0,54
2026-02-19,ST017,MED014,9,9,0,0,0,36
2026-02-19,ST017,MED015,12,12,0,0,0,48
2026-02-19,ST017,MED016,7,7,0,0,0,34
2026-02-19,ST017,MED017,10,10,0,0,0,69
2026-02-19,ST017,MED018,8,8,0,0,0,18
2026-02-19,ST017,MED019,2,2,0,0,0,12
2026-02-19,ST017,MED020,7,7,0,0,0,17
2026-02-19,ST017,MED021,9,9,0,0,0,8
2026-02-19,ST017,MED022,9,9,0,0,0,8
2026-02-19,ST017,MED023,13,13,0,0,0,10
2026-02-19,ST017,MED024,12,12,0,72,0,75
2026-02-19,ST017,MED025,2,2,0,0,0,39
2026-02-19,ST017,MED026,11,11,0,0,0,79
2026-02-19,ST017,MED027,13,13,0,0,0,77
2026-02-19,ST017,MED028,5,0,5,0,0,0
2026-02-19,ST017,MED029,9,9,0,0,0,5
2026-02-19,ST017,MED030,9,9,0,0,0,3
2026-02-19,ST018,MED001,12,12,0,0,0,52
2026-02-19,ST018,MED002,14,14,0,0,0,32
2026-02-19,ST018,MED003,5,5,0,0,0,13
2026-02-19,ST018,MED004,10,10,0,48,0,46
2026-02-19,ST018,MED005,9,9,0,0,0,34
2026-02-19,ST018,MED006,8,8,0,0,0,49
2026-02-19,ST018,MED007,8,8,0,0,0,11
2026-02-19,ST018,MED008,3,3,0,0,0,10
2026-02-19,ST018,MED009,12,12,0,0,0,41
2026-02-19,ST018,MED010,1,0,1,0,0,0
2026-02-19,ST018,MED011,17,17,0,0,0,27
2026-02-19,ST018,MED012,9,9,0,0,0,33
2026-02-19,ST018,MED013,6,6,0,0,0,27
2026-02-19,ST018,MED014,4,4,0,0,0,38
2026-02-19,ST018,MED015,14,8,6,0,0,0
2026-02-19,ST018,MED016,8,8,0,48,0,40
2026-02-19,ST018,MED017,13,13,0,60,0,64
2026-02-19,ST018,MED018,5,5,0,0,0,32
2026-02-19,ST018,MED019,5,5,0,0,0,16
2026-02-19,ST018,MED020,5,5,0,0,0,33
2026-02-19,ST018,MED021,11,11,0,66,0,55
2026-02-19,ST018,MED022,5,5,0,0,0,27
2026-02-19,ST018,MED023,14,14,0,0,0,35
2026-02-19,ST018,MED024,16,16,0,0,0,63
2026-02-19,ST018,MED025,6,6,0,0,0,2
2026-02-19,ST018,MED026,12,12,0,72,0,60
2026-02-19,ST018,MED027,13,13,0,0,0,46
2026-02-19,ST018,MED028,7,7,0,0,0,39
2026-02-19,ST018,MED029,10,10,0,72,0,63
2026-02-19,ST018,MED030,6,6,0,0,0,19
2026-02-19,ST019,MED001,14,14,0,0,0,38
2026-02-19,ST019,MED002,12,12,0,0,0,40
2026-02-19,ST019,MED003,6,6,0,0,0,19
2026-02-19,ST019,MED004,11,11,0,0,0,8
2026-02-19,ST019,MED005,11,11,0,0,0,45
2026-02-19,ST019,MED006,12,12,0,0,0,1
2026-02-19,ST019,MED007,9,9,0,0,0,11
2026-02-19,ST019,MED008,4,4,0,0,0,14
2026-02-19,ST019,MED009,14,14,0,0,0,19
2026-02-19,ST019,MED010,1,1,0,0,0,11
2026-02-19,ST019,MED011,15,15,0,0,0,45
2026-02-19,ST019,MED012,12,12,0,0,0,26
2026-02-19,ST019,MED013,5,5,0,0,0,24
2026-02-19,ST019,MED014,3,3,0,48,0,45
2026-02-19,ST019,MED015,16,16,0,0,0,12
2026-02-19,ST019,MED016,7,7,0,0,0,15
2026-02-19,ST019,MED017,16,16,0,0,0,30
2026-02-19,ST019,MED018,6,6,0,0,0,34
2026-02-19,ST019,MED019,2,2,0,0,0,13
2026-02-19,ST019,MED020,10,10,0,0,0,0
2026-02-19,ST019,MED021,12,12,0,60,0,48
2026-02-19,ST019,MED022,5,5,0,42,0,37
2026-02-19,ST019,MED023,11,11,0,0,0,60
2026-02-19,ST019,MED024,12,12,0,0,0,36
2026-02-19,ST019,MED025,10,10,0,0,0,19
2026-02-19,ST019,MED026,13,13,0,0,0,55
2026-02-19,ST019,MED027,13,13,0,0,0,76
2026-02-19,ST019,MED028,8,8,0,0,0,19
2026-02-19,ST019,MED029,9,9,0,72,0,63
2026-02-19,ST019,MED030,6,6,0,0,0,9
2026-02-19,ST020,MED001,15,15,0,0,0,12
2026-02-19,ST020,MED002,16,16,0,60,0,54
2026-02-19,ST020,MED003,7,7,0,0,0,14
2026-02-19,ST020,MED004,8,8,0,0,0,10
2026-02-19,ST020,MED005,16,16,0,0,0,1
2026-02-19,ST020,MED006,11,11,0,72,0,61
2026-02-19,ST020,MED007,6,6,0,0,0,19
2026-02-19,ST020,MED008,4,4,0,0,0,20
2026-02-19,ST020,MED009,14,14,0,0,0,33
2026-02-19,ST020,MED010,4,4,0,0,0,25
2026-02-19,ST020,MED011,17,17,0,0,0,17
2026-02-19,ST020,MED012,10,10,0,60,0,70
2026-02-19,ST020,MED013,11,11,0,0,0,1
2026-02-19,ST020,MED014,6,6,0,0,0,36
2026-02-19,ST020,MED015,16,16,0,0,0,69
2026-02-19,ST020,MED016,7,7,0,0,0,25
2026-02-19,ST020,MED017,16,15,1,0,0,0
2026-02-19,ST020,MED018,7,7,0,0,0,14
2026-02-19,ST020,MED019,5,5,0,0,0,7
2026-02-19,ST020,MED020,10,10,0,0,0,23
2026-02-19,ST020,MED021,11,4,7,0,0,0
2026-02-19,ST020,MED022,11,11,0,0,0,26
2026-02-19,ST020,MED023,16,16,0,0,0,40
2026-02-19,ST020,MED024,17,17,0,72,0,87
2026-02-19,ST020,MED025,6,6,0,0,0,24
2026-02-19,ST020,MED026,13,0,13,0,0,0
2026-02-19,ST020,MED027,14,14,0,72,0,58
2026-02-19,ST020,MED028,6,2,4,0,0,0
2026-02-19,ST020,MED029,8,8,0,0,0,51
2026-02-19,ST020,MED030,6,6,0,0,0,12
2026-02-19,ST021,MED001,7,7,0,0,0,66
2026-02-19,ST021,MED002,10,10,0,0,0,45
2026-02-19,ST021,MED003,2,2,0,0,0,10
2026-02-19,ST021,MED004,2,2,0,0,0,55
2026-02-19,ST021,MED005,4,4,0,0,0,12
2026-02-19,ST021,MED006,8,8,0,0,0,29
2026-02-19,ST021,MED007,1,1,0,0,0,14
2026-02-19,ST021,MED008,2,2,0,24,0,25
2026-02-19,ST021,MED009,8,8,0,0,0,49
2026-02-19,ST021,MED010,7,7,0,0,0,8
2026-02-19,ST021,MED011,10,10,0,60,0,51
2026-02-19,ST021,MED012,9,9,0,0,0,3
2026-02-19,ST021,MED013,5,5,0,0,0,13
2026-02-19,ST021,MED014,2,2,0,0,0,25
2026-02-19,ST021,MED015,9,9,0,0,0,84
2026-02-19,ST021,MED016,6,6,0,48,0,59
2026-02-19,ST021,MED017,4,4,0,0,0,7
2026-02-19,ST021,MED018,3,3,0,0,0,19
2026-02-19,ST021,MED019,1,1,0,0,0,8
2026-02-19,ST021,MED020,7,5,2,0,0,0
2026-02-19,ST021,MED021,5,5,0,60,0,55
2026-02-19,ST021,MED022,3,3,0,42,0,39
2026-02-19,ST021,MED023,10,10,0,0,0,47
2026-02-19,ST021,MED024,7,7,0,0,0,4
2026-02-19,ST021,MED025,6,0,6,0,0,0
2026-02-19,ST021,MED026,8,8,0,0,0,57
2026-02-19,ST021,MED027,9,9,0,0,0,22
2026-02-19,ST021,MED028,7,7,0,0,0,4
2026-02-19,ST021,MED029,10,10,0,0,0,7
2026-02-19,ST021,MED030,6,6,0,0,0,24
2026-02-19,ST022,MED001,9,9,0,72,0,83
2026-02-19,ST022,MED002,8,8,0,0,0,14
2026-02-19,ST022,MED003,4,4,0,0,0,26
2026-02-19,ST022,MED004,7,7,0,0,0,20
2026-02-19,ST022,MED005,11,11,0,0,0,52
2026-02-19,ST022,MED006,9,9,0,0,0,68
2026-02-19,ST022,MED007,5,5,0,0,0,2
2026-02-19,ST022,MED008,2,2,0,0,0,17
2026-02-19,ST022,MED009,8,8,0,0,0,39
2026-02-19,ST022,MED010,8,2,6,0,0,0
2026-02-19,ST022,MED011,6,4,2,0,0,0
2026-02-19,ST022,MED012,7,7,0,0,0,52
2026-02-19,ST022,MED013,9,9,0,0,0,39
2026-02-19,ST022,MED014,1,1,0,0,0,48
2026-02-19,ST022,MED015,6,6,0,0,0,81
2026-02-19,ST022,MED016,6,6,0,48,0,47
2026-02-19,ST022,MED017,9,0,9,0,0,0
2026-02-19,ST022,MED018,9,9,0,0,0,4
2026-02-19,ST022,MED019,4,4,0,0,0,11
2026-02-19,ST022,MED020,6,6,0,0,0,3
2026-02-19,ST022,MED021,6,6,0,0,0,36
2026-02-19,ST022,MED022,3,3,0,0,0,52
2026-02-19,ST022,MED023,6,6,0,0,0,6
2026-02-19,ST022,MED024,11,11,0,0,0,59
2026-02-19,ST022,MED025,4,4,0,36,0,52
2026-02-19,ST022,MED026,10,10,0,0,0,33
2026-02-19,ST022,MED027,13,13,0,0,0,10
2026-02-19,ST022,MED028,6,6,0,0,0,30
2026-02-19,ST022,MED029,10,10,0,0,0,51
2026-02-19,ST022,MED030,3,3,0,0,0,5
2026-02-19,ST023,MED001,12,12,0,0,0,67
2026-02-19,ST023,MED002,10,10,0,0,0,27
2026-02-19,ST023,MED003,4,0,4,0,0,0
2026-02-19,ST023,MED004,8,8,0,48,0,42
2026-02-19,ST023,MED005,13,13,0,72,0,65
2026-02-19,ST023,MED006,9,9,0,0,0,58
2026-02-19,ST023,MED007,0,0,0,0,0,12
2026-02-19,ST023,MED008,3,3,0,0,0,13
2026-02-19,ST023,MED009,13,13,0,0,0,10
2026-02-19,ST023,MED010,2,2,0,0,0,14
2026-02-19,ST023,MED011,8,8,0,0,0,20
2026-02-19,ST023,MED012,10,10,0,60,0,56
2026-02-19,ST023,MED013,6,6,0,0,0,40
2026-02-19,ST023,MED014,8,8,0,0,0,31
2026-02-19,ST023,MED015,13,13,0,0,0,14
2026-02-19,ST023,MED016,6,6,0,0,0,23
2026-02-19,ST023,MED017,7,0,7,0,0,0
2026-02-19,ST023,MED018,4,4,0,0,0,39
2026-02-19,ST023,MED019,2,2,0,0,0,23
2026-02-19,ST023,MED020,4,4,0,0,0,9
2026-02-19,ST023,MED021,7,7,0,54,0,51
2026-02-19,ST023,MED022,3,3,0,48,0,45
2026-02-19,ST023,MED023,8,8,0,72,0,66
2026-02-19,ST023,MED024,16,16,0,0,0,38
2026-02-19,ST023,MED025,7,7,0,0,0,34
2026-02-19,ST023,MED026,10,10,0,0,0,25
2026-02-19,ST023,MED027,8,8,0,72,0,69
2026-02-19,ST023,MED028,1,1,0,0,0,56
2026-02-19,ST023,MED029,5,0,5,0,0,0
2026-02-19,ST023,MED030,3,3,0,0,0,5
2026-02-19,ST024,MED001,11,11,0,0,0,4
2026-02-19,ST024,MED002,13,13,0,0,0,6
2026-02-19,ST024,MED003,7,1,6,0,0,0
2026-02-19,ST024,MED004,5,5,0,0,0,29
2026-02-19,ST024,MED005,10,10,0,0,0,49
2026-02-19,ST024,MED006,9,9,0,0,0,59
2026-02-19,ST024,MED007,1,0,1,0,0,0
2026-02-19,ST024,MED008,3,3,0,0,0,3
2026-02-19,ST024,MED009,10,10,0,0,0,52
2026-02-19,ST024,MED010,8,8,0,0,0,9
2026-02-19,ST024,MED011,11,11,0,66,0,55
2026-02-19,ST024,MED012,11,11,0,0,0,38
2026-02-19,ST024,MED013,6,6,0,0,0,43
2026-02-19,ST024,MED014,9,9,0,0,0,27
2026-02-19,ST024,MED015,14,14,0,72,0,58
2026-02-19,ST024,MED016,8,8,0,48,0,45
2026-02-19,ST024,MED017,13,13,0,0,0,10
2026-02-19,ST024,MED018,6,6,0,0,0,7
2026-02-19,ST024,MED019,3,3,0,0,0,5
2026-02-19,ST024,MED020,8,0,8,0,0,0
2026-02-19,ST024,MED021,11,11,0,0,0,13
2026-02-19,ST024,MED022,4,4,0,0,0,38
2026-02-19,ST024,MED023,14,14,0,0,0,32
2026-02-19,ST024,MED024,8,8,0,0,0,76
2026-02-19,ST024,MED025,9,9,0,36,0,37
2026-02-19,ST024,MED026,15,15,0,0,0,21
2026-02-19,ST024,MED027,11,11,0,0,0,60
2026-02-19,ST024,MED028,3,3,0,48,0,45
2026-02-19,ST024,MED029,11,11,0,0,0,54
2026-02-19,ST024,MED030,5,5,0,0,0,22
2026-02-19,ST025,MED001,11,11,0,0,0,0
2026-02-19,ST025,MED002,17,17,0,60,0,43
2026-02-19,ST025,MED003,2,2,0,0,0,15
2026-02-19,ST025,MED004,9,9,0,0,0,18
2026-02-19,ST025,MED005,9,9,0,0,0,13
2026-02-19,ST025,MED006,11,11,0,0,0,26
2026-02-19,ST025,MED007,3,3,0,0,0,4
2026-02-19,ST025,MED008,3,3,0,0,0,2
2026-02-19,ST025,MED009,10,10,0,0,0,29
2026-02-19,ST025,MED010,5,5,0,0,0,8
2026-02-19,ST025,MED011,7,7,0,0,0,19
2026-02-19,ST025,MED012,7,7,0,0,0,16
2026-02-19,ST025,MED013,7,7,0,48,0,41
2026-02-19,ST025,MED014,3,3,0,0,0,21
2026-02-19,ST025,MED015,13,13,0,0,0,46
2026-02-19,ST025,MED016,7,7,0,48,0,41
2026-02-19,ST025,MED017,14,14,0,0,0,1
2026-02-19,ST025,MED018,3,3,0,0,0,43
2026-02-19,ST025,MED019,1,1,0,0,0,14
2026-02-19,ST025,MED020,6,6,0,0,0,36
2026-02-19,ST025,MED021,12,12,0,0,0,5
2026-02-19,ST025,MED022,8,8,0,0,0,7
2026-02-19,ST025,MED023,10,10,0,0,0,6
2026-02-19,ST025,MED024,13,13,0,0,0,34
2026-02-19,ST025,MED025,5,5,0,0,0,0
2026-02-19,ST025,MED026,14,14,0,0,0,51
2026-02-19,ST025,MED027,14,14,0,72,0,58
2026-02-19,ST025,MED028,7,7,0,0,0,34
2026-02-19,ST025,MED029,9,9,0,0,0,47
2026-02-19,ST025,MED030,5,0,5,0,0,0
2026-02-19,ST026,MED001,11,11,0,0,0,65
2026-02-19,ST026,MED002,15,15,0,0,0,17
2026-02-19,ST026,MED003,0,0,0,0,0,0
2026-02-19,ST026,MED004,8,8,0,0,0,11
2026-02-19,ST026,MED005,15,15,0,0,0,42
2026-02-19,ST026,MED006,13,13,0,0,0,12
2026-02-19,ST026,MED007,0,0,0,0,0,24
2026-02-19,ST026,MED008,6,6,0,0,0,8
2026-02-19,ST026,MED009,10,0,10,0,0,0
2026-02-19,ST026,MED010,1,1,0,0,0,9
2026-02-19,ST026,MED011,15,15,0,0,0,23
2026-02-19,ST026,MED012,12,12,0,0,0,43
2026-02-19,ST026,MED013,10,10,0,48,0,38
2026-02-19,ST026,MED014,6,6,0,0,0,3
2026-02-19,ST026,MED015,15,15,0,0,0,77
2026-02-19,ST026,MED016,13,13,0,0,0,27
2026-02-19,ST026,MED017,11,11,0,72,0,61
2026-02-19,ST026,MED018,11,11,0,0,0,29
2026-02-19,ST026,MED019,5,5,0,0,0,4
2026-02-19,ST026,MED020,8,8,0,48,0,53
2026-02-19,ST026,MED021,11,11,0,0,0,47
2026-02-19,ST026,MED022,9,9,0,0,0,26
2026-02-19,ST026,MED023,8,8,0,0,0,44
2026-02-19,ST026,MED024,14,0,14,0,0,0
2026-02-19,ST026,MED025,5,5,0,0,0,31
2026-02-19,ST026,MED026,11,7,4,0,0,0
2026-02-19,ST026,MED027,15,15,0,0,0,14
2026-02-19,ST026,MED028,8,8,0,0,0,11
2026-02-19,ST026,MED029,7,0,7,0,0,0
2026-02-19,ST026,MED030,11,11,0,0,0,20
2026-02-19,ST027,MED001,16,16,0,72,0,56
2026-02-19,ST027,MED002,12,12,0,60,0,48
2026-02-19,ST027,MED003,5,5,0,0,0,11
2026-02-19,ST027,MED004,15,15,0,0,0,19
2026-02-19,ST027,MED005,15,15,0,0,0,18
2026-02-19,ST027,MED006,14,14,0,60,0,60
2026-02-19,ST027,MED007,4,0,4,0,0,0
2026-02-19,ST027,MED008,3,3,0,24,0,30
2026-02-19,ST027,MED009,16,16,0,60,0,44
2026-02-19,ST027,MED010,8,8,0,0,0,25
2026-02-19,ST027,MED011,18,18,0,0,0,24
2026-02-19,ST027,MED012,14,14,0,0,0,20
2026-02-19,ST027,MED013,7,7,0,48,0,79
2026-02-19,ST027,MED014,7,7,0,0,0,3
2026-02-19,ST027,MED015,16,0,16,0,0,0
2026-02-19,ST027,MED016,6,6,0,48,0,60
2026-02-19,ST027,MED017,14,14,0,72,0,58
2026-02-19,ST027,MED018,8,8,0,48,0,40
2026-02-19,ST027,MED019,5,5,0,0,0,14
2026-02-19,ST027,MED020,11,11,0,0,0,27
2026-02-19,ST027,MED021,12,12,0,0,0,18
2026-02-19,ST027,MED022,9,9,0,0,0,34
2026-02-19,ST027,MED023,19,19,0,0,0,13
2026-02-19,ST027,MED024,14,14,0,0,0,65
2026-02-19,ST027,MED025,7,7,0,0,0,14
2026-02-19,ST027,MED026,12,12,0,0,0,44
2026-02-19,ST027,MED027,16,16,0,0,0,55
2026-02-19,ST027,MED028,9,9,0,0,0,29
2026-02-19,ST027,MED029,10,0,10,0,0,0
2026-02-19,ST027,MED030,9,9,0,0,0,6
2026-02-19,ST028,MED001,6,6,0,0,0,4
2026-02-19,ST028,MED002,9,9,0,0,0,15
2026-02-19,ST028,MED003,4,4,0,0,0,2
2026-02-19,ST028,MED004,7,7,0,0,0,28
2026-02-19,ST028,MED005,10,10,0,60,0,70
2026-02-19,ST028,MED006,10,10,0,0,0,58
2026-02-19,ST028,MED007,1,1,0,0,0,21
2026-02-19,ST028,MED008,1,1,0,0,0,22
2026-02-19,ST028,MED009,6,6,0,0,0,37
2026-02-19,ST028,MED010,0,0,0,0,0,12
2026-02-19,ST028,MED011,7,7,0,0,0,5
2026-02-19,ST028,MED012,5,5,0,0,0,61
2026-02-19,ST028,MED013,3,3,0,0,0,24
2026-02-19,ST028,MED014,5,5,0,0,0,53
2026-02-19,ST028,MED015,6,6,0,0,0,50
2026-02-19,ST028,MED016,7,7,0,0,0,8
2026-02-19,ST028,MED017,9,9,0,72,0,65
2026-02-19,ST028,MED018,10,10,0,0,0,28
2026-02-19,ST028,MED019,4,0,4,0,0,0
2026-02-19,ST028,MED020,3,3,0,0,0,49
2026-02-19,ST028,MED021,7,7,0,0,0,60
2026-02-19,ST028,MED022,1,1,0,0,0,46
2026-02-19,ST028,MED023,7,7,0,0,0,3
2026-02-19,ST028,MED024,10,10,0,0,0,53
2026-02-19,ST028,MED025,8,6,2,0,0,0
2026-02-19,ST028,MED026,9,9,0,0,0,13
2026-02-19,ST028,MED027,11,11,0,0,0,60
2026-02-19,ST028,MED028,6,6,0,0,0,9
2026-02-19,ST028,MED029,4,4,0,0,0,11
2026-02-19,ST028,MED030,3,3,0,30,0,35
2026-02-19,ST029,MED001,10,10,0,0,0,80
2026-02-19,ST029,MED002,13,3,10,0,0,0
2026-02-19,ST029,MED003,4,4,0,0,0,16
2026-02-19,ST029,MED004,8,8,0,48,0,44
2026-02-19,ST029,MED005,7,7,0,0,0,46
2026-02-19,ST029,MED006,3,3,0,60,0,70
2026-02-19,ST029,MED007,3,3,0,24,0,23
2026-02-19,ST029,MED008,3,2,1,0,0,0
2026-02-19,ST029,MED009,6,6,0,0,0,4
2026-02-19,ST029,MED010,8,5,3,0,0,0
2026-02-19,ST029,MED011,10,10,0,0,0,65
2026-02-19,ST029,MED012,9,9,0,0,0,15
2026-02-19,ST029,MED013,6,6,0,0,0,16
2026-02-19,ST029,MED014,8,8,0,48,0,57
2026-02-19,ST029,MED015,7,7,0,0,0,53
2026-02-19,ST029,MED016,3,3,0,0,0,3
2026-02-19,ST029,MED017,8,8,0,0,0,12
2026-02-19,ST029,MED018,7,7,0,0,0,50
2026-02-19,ST029,MED019,5,5,0,0,0,14
2026-02-19,ST029,MED020,7,7,0,0,0,38
2026-02-19,ST029,MED021,10,10,0,0,0,47
2026-02-19,ST029,MED022,6,6,0,0,0,22
2026-02-19,ST029,MED023,10,10,0,72,0,62
2026-02-19,ST029,MED024,8,8,0,0,0,48
2026-02-19,ST029,MED025,8,1,7,0,0,0
2026-02-19,ST029,MED026,10,10,0,0,0,55
2026-02-19,ST029,MED027,10,10,0,0,0,55
2026-02-19,ST029,MED028,2,2,0,0,0,14
2026-02-19,ST029,MED029,8,8,0,0,0,55
2026-02-19,ST029,MED030,3,3,0,0,0,6
2026-02-19,ST030,MED001,16,16,0,0,0,52
2026-02-19,ST030,MED002,10,10,0,0,0,33
2026-02-19,ST030,MED003,5,5,0,0,0,6
2026-02-19,ST030,MED004,7,7,0,48,0,63
2026-02-19,ST030,MED005,15,15,0,0,0,33
2026-02-19,ST030,MED006,10,10,0,0,0,2
2026-02-19,ST030,MED007,3,3,0,0,0,2
2026-02-19,ST030,MED008,4,0,4,0,0,0
2026-02-19,ST030,MED009,10,10,0,0,0,9
2026-02-19,ST030,MED010,3,3,0,0,0,14
2026-02-19,ST030,MED011,9,9,0,72,0,63
2026-02-19,ST030,MED012,8,8,0,60,0,52
2026-02-19,ST030,MED013,0,0,0,48,0,56
2026-02-19,ST030,MED014,3,3,0,0,0,13
2026-02-19,ST030,MED015,9,9,0,0,0,0
2026-02-19,ST030,MED016,5,5,0,0,0,29
2026-02-19,ST030,MED017,11,11,0,0,0,69
2026-02-19,ST030,MED018,8,8,0,0,0,44
2026-02-19,ST030,MED019,3,3,0,0,0,3
2026-02-19,ST030,MED020,8,8,0,0,0,36
2026-02-19,ST030,MED021,12,12,0,60,0,49
2026-02-19,ST030,MED022,5,5,0,42,0,37
2026-02-19,ST030,MED023,11,11,0,0,0,7
2026-02-19,ST030,MED024,13,13,0,0,0,11
2026-02-19,ST030,MED025,5,5,0,36,0,31
2026-02-19,ST030,MED026,10,10,0,0,0,13
2026-02-19,ST030,MED027,8,8,0,0,0,56
2026-02-19,ST030,MED028,6,6,0,0,0,32
2026-02-19,ST030,MED029,12,12,0,0,0,2
2026-02-19,ST030,MED030,3,0,3,0,0,0
2026-02-19,ST031,MED001,7,7,0,0,0,45
2026-02-19,ST031,MED002,12,12,0,0,0,26
2026-02-19,ST031,MED003,4,0,4,0,0,0
2026-02-19,ST031,MED004,9,9,0,0,0,16
2026-02-19,ST031,MED005,9,9,0,0,0,12
2026-02-19,ST031,MED006,9,9,0,0,0,13
2026-02-19,ST031,MED007,2,2,0,0,0,15
2026-02-19,ST031,MED008,3,3,0,0,0,14
2026-02-19,ST031,MED009,13,13,0,0,0,20
2026-02-19,ST031,MED010,2,2,0,0,0,25
2026-02-19,ST031,MED011,12,12,0,0,0,20
2026-02-19,ST031,MED012,8,8,0,0,0,23
2026-02-19,ST031,MED013,5,5,0,0,0,6
2026-02-19,ST031,MED014,7,7,0,0,0,16
2026-02-19,ST031,MED015,18,18,0,0,0,40
2026-02-19,ST031,MED016,12,12,0,0,0,34
2026-02-19,ST031,MED017,12,12,0,0,0,44
2026-02-19,ST031,MED018,2,2,0,0,0,2
2026-02-19,ST031,MED019,3,3,0,0,0,13
2026-02-19,ST031,MED020,6,6,0,0,0,46
2026-02-19,ST031,MED021,10,10,0,60,0,50
2026-02-19,ST031,MED022,9,4,5,0,0,0
2026-02-19,ST031,MED023,10,10,0,0,0,39
2026-02-19,ST031,MED024,8,8,0,0,0,3
2026-02-19,ST031,MED025,2,2,0,36,0,37
2026-02-19,ST031,MED026,6,6,0,0,0,81
2026-02-19,ST031,MED027,11,11,0,0,0,54
2026-02-19,ST031,MED028,10,10,0,0,0,26
2026-02-19,ST031,MED029,10,7,3,0,0,0
2026-02-19,ST031,MED030,7,7,0,0,0,5
2026-02-19,ST032,MED001,16,16,0,0,0,2
2026-02-19,ST032,MED002,14,0,14,0,0,0
2026-02-19,ST032,MED003,6,6,0,0,0,17
2026-02-19,ST032,MED004,11,11,0,0,0,17
2026-02-19,ST032,MED005,25,10,15,0,0,0
2026-02-19,ST032,MED006,10,10,0,72,0,62
2026-02-19,ST032,MED007,0,0,0,0,0,10
2026-02-19,ST032,MED008,5,5,0,0,0,0
2026-02-19,ST032,MED009,10,10,0,0,0,41
2026-02-19,ST032,MED010,4,4,0,36,0,32
2026-02-19,ST032,MED011,13,13,0,0,0,43
2026-02-19,ST032,MED012,9,9,0,0,0,59
2026-02-19,ST032,MED013,9,4,5,0,0,0
2026-02-19,ST032,MED014,9,9,0,0,0,38
2026-02-19,ST032,MED015,12,12,0,0,0,39
2026-02-19,ST032,MED016,5,5,0,0,0,27
2026-02-19,ST032,MED017,10,0,10,0,0,0
2026-02-19,ST032,MED018,5,5,0,48,0,43
2026-02-19,ST032,MED019,2,2,0,0,0,9
2026-02-19,ST032,MED020,7,7,0,0,0,36
2026-02-19,ST032,MED021,9,9,0,0,0,14
2026-02-19,ST032,MED022,6,6,0,0,0,44
2026-02-19,ST032,MED023,11,11,0,0,0,37
2026-02-19,ST032,MED024,9,9,0,0,0,29
2026-02-19,ST032,MED025,8,8,0,0,0,24
2026-02-19,ST032,MED026,13,13,0,72,0,59
2026-02-19,ST032,MED027,11,11,0,0,0,8
2026-02-19,ST032,MED028,7,7,0,0,0,44
2026-02-19,ST032,MED029,9,9,0,72,0,82
2026-02-19,ST032,MED030,10,7,3,0,0,0
2026-02-19,ST033,MED001,14,14,0,0,0,57
2026-02-19,ST033,MED002,10,10,0,0,0,37
2026-02-19,ST033,MED003,0,0,0,0,0,16
2026-02-19,ST033,MED004,12,12,0,0,0,28
2026-02-19,ST033,MED005,11,11,0,0,0,74
2026-02-19,ST033,MED006,12,0,12,0,0,0
2026-02-19,ST033,MED007,2,2,0,0,0,2
2026-02-19,ST033,MED008,1,1,0,0,0,23
2026-02-19,ST033,MED009,15,15,0,0,0,3
2026-02-19,ST033,MED010,6,6,0,24,0,28
2026-02-19,ST033,MED011,15,11,4,0,0,0
2026-02-19,ST033,MED012,12,12,0,0,0,47
2026-02-19,ST033,MED013,5,5,0,0,0,9
2026-02-19,ST033,MED014,4,4,0,48,0,44
2026-02-19,ST033,MED015,14,14,0,0,0,43
2026-02-19,ST033,MED016,5,0,5,0,0,0
2026-02-19,ST033,MED017,7,7,0,0,0,55
2026-02-19,ST033,MED018,7,3,4,0,0,0
2026-02-19,ST033,MED019,7,3,4,0,0,0
2026-02-19,ST033,MED020,9,9,0,0,0,32
2026-02-19,ST033,MED021,11,11,0,0,0,42
2026-02-19,ST033,MED022,8,8,0,0,0,37
2026-02-19,ST033,MED023,11,11,0,0,0,15
2026-02-19,ST033,MED024,14,8,6,0,0,0
2026-02-19,ST033,MED025,3,3,0,0,0,25
2026-02-19,ST033,MED026,16,0,16,0,0,0
2026-02-19,ST033,MED027,10,10,0,0,0,68
2026-02-19,ST033,MED028,10,0,10,0,0,0
2026-02-19,ST033,MED029,11,11,0,0,0,6
2026-02-19,ST033,MED030,7,0,7,0,0,0
2026-02-19,ST034,MED001,14,14,0,0,0,32
2026-02-19,ST034,MED002,12,12,0,0,0,46
2026-02-19,ST034,MED003,7,0,7,0,0,0
2026-02-19,ST034,MED004,11,11,0,0,0,39
2026-02-19,ST034,MED005,14,14,0,0,0,8
2026-02-19,ST034,MED006,12,12,0,0,0,27
2026-02-19,ST034,MED007,5,5,0,0,0,15
2026-02-19,ST034,MED008,3,3,0,0,0,1
2026-02-19,ST034,MED009,12,12,0,0,0,36
2026-02-19,ST034,MED010,5,5,0,0,0,15
2026-02-19,ST034,MED011,17,17,0,0,0,41
2026-02-19,ST034,MED012,9,9,0,0,0,51
2026-02-19,ST034,MED013,11,11,0,0,0,2
2026-02-19,ST034,MED014,10,10,0,0,0,24
2026-02-19,ST034,MED015,17,17,0,72,0,82
2026-02-19,ST034,MED016,6,6,0,0,0,21
2026-02-19,ST034,MED017,14,14,0,0,0,2
2026-02-19,ST034,MED018,5,5,0,0,0,5
2026-02-19,ST034,MED019,5,5,0,0,0,11
2026-02-19,ST034,MED020,10,7,3,0,0,0
2026-02-19,ST034,MED021,14,14,0,0,0,33
2026-02-19,ST034,MED022,12,12,0,0,0,20
2026-02-19,ST034,MED023,17,17,0,0,0,40
2026-02-19,ST034,MED024,32,12,20,0,0,0
2026-02-19,ST034,MED025,8,8,0,0,0,6
2026-02-19,ST034,MED026,17,17,0,0,0,25
2026-02-19,ST034,MED027,16,16,0,0,0,3
2026-02-19,ST034,MED028,10,10,0,48,0,38
2026-02-19,ST034,MED029,11,11,0,0,0,19
2026-02-19,ST034,MED030,4,4,0,0,0,15
2026-02-19,ST035,MED001,9,9,0,0,0,13
2026-02-19,ST035,MED002,9,9,0,0,0,65
2026-02-19,ST035,MED003,3,3,0,0,0,18
2026-02-19,ST035,MED004,4,4,0,0,0,22
2026-02-19,ST035,MED005,7,7,0,0,0,68
2026-02-19,ST035,MED006,3,3,0,0,0,63
2026-02-19,ST035,MED007,4,4,0,0,0,22
2026-02-19,ST035,MED008,5,5,0,0,0,16
2026-02-19,ST035,MED009,10,10,0,0,0,68
2026-02-19,ST035,MED010,4,4,0,24,0,24
2026-02-19,ST035,MED011,9,9,0,0,0,28
2026-02-19,ST035,MED012,7,7,0,0,0,6
2026-02-19,ST035,MED013,10,10,0,0,0,25
2026-02-19,ST035,MED014,2,2,0,48,0,46
2026-02-19,ST035,MED015,9,9,0,0,0,8
2026-02-19,ST035,MED016,8,8,0,0,0,5
2026-02-19,ST035,MED017,7,7,0,60,0,77
2026-02-19,ST035,MED018,7,3,4,0,0,0
2026-02-19,ST035,MED019,0,0,0,0,0,20
2026-02-19,ST035,MED020,5,5,0,0,0,36
2026-02-19,ST035,MED021,8,8,0,54,0,49
2026-02-19,ST035,MED022,5,5,0,0,0,9
2026-02-19,ST035,MED023,9,9,0,0,0,39
2026-02-19,ST035,MED024,8,8,0,0,0,82
2026-02-19,ST035,MED025,6,6,0,0,0,28
2026-02-19,ST035,MED026,14,14,0,72,0,66
2026-02-19,ST035,MED027,8,8,0,0,0,12
2026-02-19,ST035,MED028,5,5,0,48,0,51
2026-02-19,ST035,MED029,6,6,0,0,0,13
2026-02-19,ST035,MED030,2,2,0,0,0,30
2026-02-19,ST036,MED001,8,8,0,0,0,54
2026-02-19,ST036,MED002,10,10,0,0,0,65
2026-02-19,ST036,MED003,4,4,0,0,0,7
2026-02-19,ST036,MED004,10,10,0,0,0,16
2026-02-19,ST036,MED005,7,7,0,0,0,59
2026-02-19,ST036,MED006,6,6,0,0,0,25
2026-02-19,ST036,MED007,0,0,0,0,0,19
2026-02-19,ST036,MED008,2,2,0,24,0,25
2026-02-19,ST036,MED009,7,7,0,0,0,7
2026-02-19,ST036,MED010,5,5,0,0,0,16
2026-02-19,ST036,MED011,7,7,0,66,0,67
2026-02-19,ST036,MED012,8,8,0,0,0,13
2026-02-19,ST036,MED013,7,7,0,0,0,42
2026-02-19,ST036,MED014,2,2,0,0,0,44
2026-02-19,ST036,MED015,14,14,0,0,0,5
2026-02-19,ST036,MED016,6,6,0,0,0,2
2026-02-19,ST036,MED017,7,7,0,0,0,49
2026-02-19,ST036,MED018,5,5,0,0,0,15
2026-02-19,ST036,MED019,2,2,0,0,0,20
2026-02-19,ST036,MED020,3,3,0,0,0,63
2026-02-19,ST036,MED021,7,7,0,0,0,42
2026-02-19,ST036,MED022,10,10,0,0,0,31
2026-02-19,ST036,MED023,9,9,0,0,0,55
2026-02-19,ST036,MED024,10,10,0,0,0,16
2026-02-19,ST036,MED025,4,4,0,0,0,27
2026-02-19,ST036,MED026,12,12,0,0,0,45
2026-02-19,ST036,MED027,4,4,0,0,0,67
2026-02-19,ST036,MED028,3,3,0,48,0,45
2026-02-19,ST036,MED029,7,7,0,0,0,55
2026-02-19,ST036,MED030,4,4,0,0,0,27
2026-02-19,ST037,MED001,11,11,0,0,0,43
2026-02-19,ST037,MED002,10,10,0,60,0,59
2026-02-19,ST037,MED003,1,1,0,0,0,30
2026-02-19,ST037,MED004,13,13,0,0,0,36
2026-02-19,ST037,MED005,6,6,0,0,0,45
2026-02-19,ST037,MED006,9,9,0,0,0,41
2026-02-19,ST037,MED007,2,2,0,0,0,22
2026-02-19,ST037,MED008,3,3,0,0,0,18
2026-02-19,ST037,MED009,12,12,0,0,0,30
2026-02-19,ST037,MED010,3,3,0,0,0,28
2026-02-19,ST037,MED011,12,12,0,0,0,54
2026-02-19,ST037,MED012,9,9,0,0,0,59
2026-02-19,ST037,MED013,6,0,6,0,0,0
2026-02-19,ST037,MED014,6,6,0,0,0,36
2026-02-19,ST037,MED015,13,13,0,0,0,14
2026-02-19,ST037,MED016,9,9,0,0,0,27
2026-02-19,ST037,MED017,9,9,0,72,0,84
2026-02-19,ST037,MED018,6,6,0,0,0,30
2026-02-19,ST037,MED019,5,5,0,0,0,15
2026-02-19,ST037,MED020,2,2,0,0,0,39
2026-02-19,ST037,MED021,12,12,0,0,0,32
2026-02-19,ST037,MED022,7,7,0,0,0,5
2026-02-19,ST037,MED023,14,14,0,72,0,75
2026-02-19,ST037,MED024,11,11,0,0,0,45
2026-02-19,ST037,MED025,6,2,4,0,0,0
2026-02-19,ST037,MED026,11,11,0,0,0,53
2026-02-19,ST037,MED027,11,11,0,0,0,74
2026-02-19,ST037,MED028,3,3,0,0,0,0
2026-02-19,ST037,MED029,6,6,0,0,0,14
2026-02-19,ST037,MED030,5,5,0,0,0,24
2026-02-19,ST038,MED001,10,10,0,0,0,9
2026-02-19,ST038,MED002,13,13,0,0,0,41
2026-02-19,ST038,MED003,2,2,0,0,0,25
2026-02-19,ST038,MED004,10,10,0,0,0,18
2026-02-19,ST038,MED005,9,9,0,0,0,49
2026-02-19,ST038,MED006,9,9,0,0,0,29
2026-02-19,ST038,MED007,3,3,0,0,0,15
2026-02-19,ST038,MED008,3,3,0,0,0,6
2026-02-19,ST038,MED009,9,9,0,0,0,10
2026-02-19,ST038,MED010,6,6,0,0,0,26
2026-02-19,ST038,MED011,10,10,0,66,0,56
2026-02-19,ST038,MED012,8,8,0,0,0,74
2026-02-19,ST038,MED013,3,3,0,0,0,34
2026-02-19,ST038,MED014,4,4,0,48,0,44
2026-02-19,ST038,MED015,13,13,0,0,0,85
2026-02-19,ST038,MED016,8,8,0,0,0,23
2026-02-19,ST038,MED017,12,12,0,72,0,67
2026-02-19,ST038,MED018,8,8,0,0,0,4
2026-02-19,ST038,MED019,5,5,0,0,0,4
2026-02-19,ST038,MED020,8,8,0,0,0,27
2026-02-19,ST038,MED021,12,12,0,54,0,42
2026-02-19,ST038,MED022,10,5,5,0,0,0
2026-02-19,ST038,MED023,9,9,0,72,0,63
2026-02-19,ST038,MED024,13,13,0,0,0,40
2026-02-19,ST038,MED025,4,4,0,0,0,5
2026-02-19,ST038,MED026,12,12,0,0,0,48
2026-02-19,ST038,MED027,13,13,0,84,0,71
2026-02-19,ST038,MED028,3,3,0,0,0,46
2026-02-19,ST038,MED029,11,11,0,72,0,61
2026-02-19,ST038,MED030,2,2,0,0,0,20
2026-02-19,ST039,MED001,11,11,0,0,0,57
2026-02-19,ST039,MED002,10,10,0,0,0,14
2026-02-19,ST039,MED003,4,4,0,24,0,22
2026-02-19,ST039,MED004,8,8,0,0,0,18
2026-02-19,ST039,MED005,18,18,0,60,0,42
2026-02-19,ST039,MED006,14,14,0,60,0,46
2026-02-19,ST039,MED007,5,5,0,0,0,8
2026-02-19,ST039,MED008,5,5,0,0,0,13
2026-02-19,ST039,MED009,13,13,0,0,0,32
2026-02-19,ST039,MED010,0,0,0,0,0,18
2026-02-19,ST039,MED011,15,15,0,0,0,11
2026-02-19,ST039,MED012,12,12,0,0,0,24
2026-02-19,ST039,MED013,10,10,0,0,0,21
2026-02-19,ST039,MED014,6,0,6,0,0,0
2026-02-19,ST039,MED015,14,14,0,0,0,50
2026-02-19,ST039,MED016,3,0,3,0,0,0
2026-02-19,ST039,MED017,9,9,0,60,0,51
2026-02-19,ST039,MED018,10,10,0,0,0,35
2026-02-19,ST039,MED019,3,3,0,0,0,3
2026-02-19,ST039,MED020,10,8,2,0,0,0
2026-02-19,ST039,MED021,11,11,0,54,0,74
2026-02-19,ST039,MED022,4,4,0,0,0,12
2026-02-19,ST039,MED023,11,11,0,72,0,70
2026-02-19,ST039,MED024,13,13,0,0,0,7
2026-02-19,ST039,MED025,4,4,0,0,0,27
2026-02-19,ST039,MED026,8,8,0,0,0,22
2026-02-19,ST039,MED027,18,18,0,0,0,40
2026-02-19,ST039,MED028,5,5,0,0,0,37
2026-02-19,ST039,MED029,8,0,8,0,0,0
2026-02-19,ST039,MED030,8,8,0,0,0,17
2026-02-19,ST040,MED001,12,12,0,0,0,19
2026-02-19,ST040,MED002,14,14,0,0,0,23
2026-02-19,ST040,MED003,5,3,2,0,0,0
2026-02-19,ST040,MED004,11,11,0,0,0,29
2026-02-19,ST040,MED005,16,16,0,0,0,19
2026-02-19,ST040,MED006,11,11,0,0,0,23
2026-02-19,ST040,MED007,5,5,0,0,0,23
2026-02-19,ST040,MED008,1,1,0,0,0,18
2026-02-19,ST040,MED009,13,13,0,0,0,44
2026-02-19,ST040,MED010,4,4,0,0,0,14
2026-02-19,ST040,MED011,15,3,12,0,0,0
2026-02-19,ST040,MED012,13,13,0,0,0,41
2026-02-19,ST040,MED013,8,8,0,0,0,10
2026-02-19,ST040,MED014,4,4,0,0,0,10
2026-02-19,ST040,MED015,20,20,0,0,0,12
2026-02-19,ST040,MED016,7,7,0,0,0,8
2026-02-19,ST040,MED017,15,15,0,0,0,6
2026-02-19,ST040,MED018,7,6,1,0,0,0
2026-02-19,ST040,MED019,2,2,0,0,0,11
2026-02-19,ST040,MED020,6,6,0,48,0,50
2026-02-19,ST040,MED021,15,15,0,54,0,39
2026-02-19,ST040,MED022,9,9,0,0,0,37
2026-02-19,ST040,MED023,12,12,0,0,0,0
2026-02-19,ST040,MED024,17,17,0,84,0,73
2026-02-19,ST040,MED025,5,3,2,0,0,0
2026-02-19,ST040,MED026,15,0,15,0,0,0
2026-02-19,ST040,MED027,16,16,0,72,0,56
2026-02-19,ST040,MED028,7,7,0,0,0,34
2026-02-19,ST040,MED029,13,10,3,0,0,0
2026-02-19,ST040,MED030,5,5,0,0,0,10
2026-02-20,ST001,MED001,12,12,0,0,0,70
2026-02-20,ST001,MED002,10,7,3,0,0,0
2026-02-20,ST001,MED003,3,3,0,0,0,20
2026-02-20,ST001,MED004,10,6,4,0,0,0
2026-02-20,ST001,MED005,8,8,0,0,0,43
2026-02-20,ST001,MED006,8,8,0,0,0,9
2026-02-20,ST001,MED007,5,3,2,0,0,0
2026-02-20,ST001,MED008,3,3,0,0,0,4
2026-02-20,ST001,MED009,9,9,0,60,0,51
2026-02-20,ST001,MED010,10,10,0,0,0,1
2026-02-20,ST001,MED011,10,10,0,0,0,34
2026-02-20,ST001,MED012,14,14,0,0,0,32
2026-02-20,ST001,MED013,8,8,0,0,0,31
2026-02-20,ST001,MED014,6,6,0,0,0,37
2026-02-20,ST001,MED015,10,10,0,72,0,68
2026-02-20,ST001,MED016,4,4,0,48,0,66
2026-02-20,ST001,MED017,9,9,0,0,0,55
2026-02-20,ST001,MED018,4,4,0,0,0,23
2026-02-20,ST001,MED019,2,2,0,0,0,18
2026-02-20,ST001,MED020,7,7,0,0,0,27
2026-02-20,ST001,MED021,5,5,0,0,0,57
2026-02-20,ST001,MED022,5,5,0,48,0,47
2026-02-20,ST001,MED023,10,5,5,0,0,0
2026-02-20,ST001,MED024,11,11,0,0,0,65
2026-02-20,ST001,MED025,6,6,0,0,0,32
2026-02-20,ST001,MED026,10,9,1,0,0,0
2026-02-20,ST001,MED027,12,12,0,0,0,100
2026-02-20,ST001,MED028,4,4,0,0,0,38
2026-02-20,ST001,MED029,7,7,0,0,0,78
2026-02-20,ST001,MED030,7,7,0,0,0,16
2026-02-20,ST002,MED001,10,10,0,0,0,41
2026-02-20,ST002,MED002,7,7,0,0,0,60
2026-02-20,ST002,MED003,6,6,0,0,0,26
2026-02-20,ST002,MED004,6,6,0,0,0,32
2026-02-20,ST002,MED005,11,11,0,0,0,52
2026-02-20,ST002,MED006,9,9,0,0,0,40
2026-02-20,ST002,MED007,3,3,0,0,0,5
2026-02-20,ST002,MED008,5,5,0,0,0,6
2026-02-20,ST002,MED009,10,10,0,0,0,24
2026-02-20,ST002,MED010,7,7,0,0,0,19
2026-02-20,ST002,MED011,13,13,0,0,0,52
2026-02-20,ST002,MED012,10,10,0,60,0,75
2026-02-20,ST002,MED013,7,7,0,0,0,7
2026-02-20,ST002,MED014,8,8,0,0,0,0
2026-02-20,ST002,MED015,12,12,0,0,0,61
2026-02-20,ST002,MED016,7,7,0,0,0,12
2026-02-20,ST002,MED017,11,11,0,0,0,35
2026-02-20,ST002,MED018,6,6,0,0,0,55
2026-02-20,ST002,MED019,3,3,0,24,0,21
2026-02-20,ST002,MED020,6,6,0,0,0,42
2026-02-20,ST002,MED021,7,7,0,0,0,27
2026-02-20,ST002,MED022,9,9,0,0,0,18
2026-02-20,ST002,MED023,11,11,0,0,0,14
2026-02-20,ST002,MED024,16,16,0,0,0,59
2026-02-20,ST002,MED025,5,5,0,48,0,43
2026-02-20,ST002,MED026,12,12,0,0,0,42
2026-02-20,ST002,MED027,12,12,0,0,0,24
2026-02-20,ST002,MED028,4,0,4,0,0,0
2026-02-20,ST002,MED029,9,9,0,0,0,4
2026-02-20,ST002,MED030,5,5,0,30,0,25
2026-02-20,ST003,MED001,14,14,0,0,0,3
2026-02-20,ST003,MED002,9,9,0,60,0,81
2026-02-20,ST003,MED003,0,0,0,0,0,21
2026-02-20,ST003,MED004,8,8,0,0,0,7
2026-02-20,ST003,MED005,14,14,0,0,0,56
2026-02-20,ST003,MED006,13,13,0,60,0,47
2026-02-20,ST003,MED007,3,3,0,0,0,15
2026-02-20,ST003,MED008,6,6,0,0,0,2
2026-02-20,ST003,MED009,10,8,2,0,0,0
2026-02-20,ST003,MED010,5,5,0,0,0,30
2026-02-20,ST003,MED011,13,13,0,72,0,71
2026-02-20,ST003,MED012,8,8,0,60,0,61
2026-02-20,ST003,MED013,2,2,0,0,0,22
2026-02-20,ST003,MED014,2,2,0,0,0,28
2026-02-20,ST003,MED015,12,12,0,0,0,33
2026-02-20,ST003,MED016,3,3,0,0,0,17
2026-02-20,ST003,MED017,15,15,0,0,0,46
2026-02-20,ST003,MED018,6,1,5,0,0,0
2026-02-20,ST003,MED019,5,5,0,0,0,16
2026-02-20,ST003,MED020,7,7,0,48,0,48
2026-02-20,ST003,MED021,6,6,0,0,0,27
2026-02-20,ST003,MED022,9,9,0,0,0,29
2026-02-20,ST003,MED023,11,11,0,0,0,11
2026-02-20,ST003,MED024,14,14,0,0,0,35
2026-02-20,ST003,MED025,7,7,0,0,0,26
2026-02-20,ST003,MED026,10,10,0,0,0,21
2026-02-20,ST003,MED027,12,12,0,0,0,21
2026-02-20,ST003,MED028,5,5,0,0,0,25
2026-02-20,ST003,MED029,19,19,0,0,0,46
2026-02-20,ST003,MED030,4,4,0,0,0,14
2026-02-20,ST004,MED001,12,12,0,0,0,27
2026-02-20,ST004,MED002,9,9,0,72,0,63
2026-02-20,ST004,MED003,4,4,0,0,0,4
2026-02-20,ST004,MED004,9,9,0,48,0,39
2026-02-20,ST004,MED005,14,14,0,0,0,36
2026-02-20,ST004,MED006,13,13,0,0,0,5
2026-02-20,ST004,MED007,3,1,2,0,0,0
2026-02-20,ST004,MED008,7,7,0,0,0,15
2026-02-20,ST004,MED009,12,12,0,0,0,36
2026-02-20,ST004,MED010,6,6,0,0,0,14
2026-02-20,ST004,MED011,9,9,0,0,0,39
2026-02-20,ST004,MED012,15,15,0,0,0,22
2026-02-20,ST004,MED013,13,13,0,0,0,25
2026-02-20,ST004,MED014,2,2,0,0,0,11
2026-02-20,ST004,MED015,11,11,0,0,0,8
2026-02-20,ST004,MED016,7,7,0,0,0,16
2026-02-20,ST004,MED017,14,14,0,0,0,53
2026-02-20,ST004,MED018,6,3,3,0,0,0
2026-02-20,ST004,MED019,3,3,0,0,0,15
2026-02-20,ST004,MED020,8,8,0,0,0,54
2026-02-20,ST004,MED021,14,14,0,0,0,30
2026-02-20,ST004,MED022,11,11,0,0,0,6
2026-02-20,ST004,MED023,11,11,0,72,0,61
2026-02-20,ST004,MED024,11,11,0,0,0,63
2026-02-20,ST004,MED025,1,1,0,0,0,28
2026-02-20,ST004,MED026,13,13,0,0,0,63
2026-02-20,ST004,MED027,12,12,0,0,0,46
2026-02-20,ST004,MED028,6,6,0,0,0,33
2026-02-20,ST004,MED029,11,11,0,0,0,28
2026-02-20,ST004,MED030,4,4,0,0,0,12
2026-02-20,ST005,MED001,16,16,0,0,0,19
2026-02-20,ST005,MED002,12,12,0,0,0,40
2026-02-20,ST005,MED003,1,1,0,0,0,17
2026-02-20,ST005,MED004,6,6,0,0,0,32
2026-02-20,ST005,MED005,15,15,0,0,0,44
2026-02-20,ST005,MED006,11,11,0,60,0,49
2026-02-20,ST005,MED007,3,3,0,0,0,18
2026-02-20,ST005,MED008,3,3,0,0,0,14
2026-02-20,ST005,MED009,11,11,0,0,0,35
2026-02-20,ST005,MED010,7,5,2,0,0,0
2026-02-20,ST005,MED011,14,14,0,0,0,4
2026-02-20,ST005,MED012,15,15,0,0,0,47
2026-02-20,ST005,MED013,8,2,6,0,0,0
2026-02-20,ST005,MED014,4,4,0,0,0,13
2026-02-20,ST005,MED015,18,18,0,0,0,38
2026-02-20,ST005,MED016,9,9,0,0,0,10
2026-02-20,ST005,MED017,12,12,0,0,0,29
2026-02-20,ST005,MED018,8,8,0,0,0,31
2026-02-20,ST005,MED019,4,4,0,0,0,6
2026-02-20,ST005,MED020,11,11,0,0,0,27
2026-02-20,ST005,MED021,7,7,0,0,0,65
2026-02-20,ST005,MED022,12,12,0,0,0,14
2026-02-20,ST005,MED023,12,12,0,72,0,60
2026-02-20,ST005,MED024,15,15,0,72,0,66
2026-02-20,ST005,MED025,8,8,0,0,0,20
2026-02-20,ST005,MED026,15,15,0,0,0,14
2026-02-20,ST005,MED027,17,6,11,0,0,0
2026-02-20,ST005,MED028,7,7,0,0,0,29
2026-02-20,ST005,MED029,12,12,0,0,0,18
2026-02-20,ST005,MED030,5,5,0,0,0,9
2026-02-20,ST006,MED001,15,15,0,0,0,9
2026-02-20,ST006,MED002,14,14,0,0,0,47
2026-02-20,ST006,MED003,6,6,0,24,0,18
2026-02-20,ST006,MED004,13,13,0,0,0,39
2026-02-20,ST006,MED005,12,12,0,0,0,3
2026-02-20,ST006,MED006,12,12,0,0,0,14
2026-02-20,ST006,MED007,1,1,0,0,0,12
2026-02-20,ST006,MED008,0,0,0,0,0,20
2026-02-20,ST006,MED009,12,0,12,0,0,0
2026-02-20,ST006,MED010,5,5,0,0,0,27
2026-02-20,ST006,MED011,15,15,0,0,0,46
2026-02-20,ST006,MED012,12,12,0,60,0,53
2026-02-20,ST006,MED013,5,5,0,0,0,7
2026-02-20,ST006,MED014,8,8,0,0,0,17
2026-02-20,ST006,MED015,20,20,0,0,0,14
2026-02-20,ST006,MED016,2,2,0,0,0,31
2026-02-20,ST006,MED017,10,0,10,0,0,0
2026-02-20,ST006,MED018,7,7,0,0,0,39
2026-02-20,ST006,MED019,4,4,0,0,0,24
2026-02-20,ST006,MED020,9,9,0,48,0,39
2026-02-20,ST006,MED021,9,9,0,0,0,27
2026-02-20,ST006,MED022,7,7,0,42,0,45
2026-02-20,ST006,MED023,15,15,0,72,0,80
2026-02-20,ST006,MED024,11,11,0,0,0,55
2026-02-20,ST006,MED025,6,6,0,0,0,32
2026-02-20,ST006,MED026,14,14,0,0,0,22
2026-02-20,ST006,MED027,13,13,0,0,0,54
2026-02-20,ST006,MED028,6,6,0,0,0,29
2026-02-20,ST006,MED029,9,9,0,0,0,16
2026-02-20,ST006,MED030,7,7,0,0,0,7
2026-02-20,ST007,MED001,10,6,4,0,0,0
2026-02-20,ST007,MED002,12,12,0,0,0,23
2026-02-20,ST007,MED003,2,0,2,0,0,0
2026-02-20,ST007,MED004,6,6,0,0,0,4
2026-02-20,ST007,MED005,10,10,0,0,0,55
2026-02-20,ST007,MED006,19,1,18,0,0,0
2026-02-20,ST007,MED007,0,0,0,0,0,23
2026-02-20,ST007,MED008,3,0,3,0,0,0
2026-02-20,ST007,MED009,11,11,0,0,0,49
2026-02-20,ST007,MED010,2,2,0,0,0,26
2026-02-20,ST007,MED011,8,8,0,0,0,0
2026-02-20,ST007,MED012,6,6,0,60,0,57
2026-02-20,ST007,MED013,5,5,0,0,0,26
2026-02-20,ST007,MED014,5,5,0,0,0,18
2026-02-20,ST007,MED015,10,10,0,0,0,31
2026-02-20,ST007,MED016,6,6,0,0,0,40
2026-02-20,ST007,MED017,10,10,0,0,0,62
2026-02-20,ST007,MED018,5,5,0,0,0,8
2026-02-20,ST007,MED019,8,8,0,0,0,7
2026-02-20,ST007,MED020,4,4,0,0,0,41
2026-02-20,ST007,MED021,7,2,5,0,0,0
2026-02-20,ST007,MED022,7,7,0,0,0,36
2026-02-20,ST007,MED023,11,3,8,0,0,0
2026-02-20,ST007,MED024,7,7,0,0,0,37
2026-02-20,ST007,MED025,4,4,0,0,0,28
2026-02-20,ST007,MED026,8,8,0,0,0,54
2026-02-20,ST007,MED027,12,12,0,0,0,4
2026-02-20,ST007,MED028,4,4,0,0,0,4
2026-02-20,ST007,MED029,9,7,2,0,0,0
2026-02-20,ST007,MED030,1,1,0,0,0,14
2026-02-20,ST008,MED001,7,7,0,0,0,1
2026-02-20,ST008,MED002,17,17,0,0,0,58
2026-02-20,ST008,MED003,3,3,0,0,0,26
2026-02-20,ST008,MED004,6,6,0,0,0,47
2026-02-20,ST008,MED005,10,10,0,0,0,54
2026-02-20,ST008,MED006,3,3,0,60,0,85
2026-02-20,ST008,MED007,1,1,0,0,0,5
2026-02-20,ST008,MED008,0,0,0,24,0,24
2026-02-20,ST008,MED009,9,9,0,0,0,20
2026-02-20,ST008,MED010,3,3,0,0,0,14
2026-02-20,ST008,MED011,9,9,0,0,0,42
2026-02-20,ST008,MED012,10,10,0,0,0,52
2026-02-20,ST008,MED013,6,6,0,0,0,9
2026-02-20,ST008,MED014,4,4,0,0,0,24
2026-02-20,ST008,MED015,10,10,0,0,0,35
2026-02-20,ST008,MED016,5,5,0,0,0,35
2026-02-20,ST008,MED017,10,10,0,0,0,40
2026-02-20,ST008,MED018,6,6,0,0,0,24
2026-02-20,ST008,MED019,4,4,0,0,0,15
2026-02-20,ST008,MED020,9,9,0,0,0,8
2026-02-20,ST008,MED021,10,10,0,0,0,30
2026-02-20,ST008,MED022,5,5,0,0,0,26
2026-02-20,ST008,MED023,8,8,0,60,0,74
2026-02-20,ST008,MED024,11,11,0,0,0,54
2026-02-20,ST008,MED025,5,5,0,0,0,20
2026-02-20,ST008,MED026,10,10,0,0,0,28
2026-02-20,ST008,MED027,10,10,0,0,0,64
2026-02-20,ST008,MED028,7,7,0,0,0,0
2026-02-20,ST008,MED029,10,10,0,0,0,44
2026-02-20,ST008,MED030,2,2,0,30,0,28
2026-02-20,ST009,MED001,13,13,0,0,0,32
2026-02-20,ST009,MED002,10,10,0,0,0,36
2026-02-20,ST009,MED003,7,7,0,24,0,20
2026-02-20,ST009,MED004,7,0,7,0,0,0
2026-02-20,ST009,MED005,9,0,9,0,0,0
2026-02-20,ST009,MED006,6,6,0,0,0,49
2026-02-20,ST009,MED007,5,5,0,0,0,8
2026-02-20,ST009,MED008,0,0,0,0,0,0
2026-02-20,ST009,MED009,9,9,0,0,0,45
2026-02-20,ST009,MED010,2,2,0,0,0,18
2026-02-20,ST009,MED011,13,13,0,60,0,60
2026-02-20,ST009,MED012,8,8,0,60,0,52
2026-02-20,ST009,MED013,6,6,0,0,0,24
2026-02-20,ST009,MED014,9,9,0,0,0,38
2026-02-20,ST009,MED015,11,11,0,0,0,34
2026-02-20,ST009,MED016,4,4,0,48,0,58
2026-02-20,ST009,MED017,12,12,0,0,0,26
2026-02-20,ST009,MED018,8,8,0,0,0,10
2026-02-20,ST009,MED019,0,0,0,0,0,19
2026-02-20,ST009,MED020,6,6,0,0,0,31
2026-02-20,ST009,MED021,12,12,0,0,0,19
2026-02-20,ST009,MED022,2,2,0,0,0,14
2026-02-20,ST009,MED023,11,11,0,0,0,51
2026-02-20,ST009,MED024,10,10,0,0,0,39
2026-02-20,ST009,MED025,5,5,0,0,0,8
2026-02-20,ST009,MED026,9,9,0,72,0,77
2026-02-20,ST009,MED027,12,12,0,0,0,62
2026-02-20,ST009,MED028,9,9,0,0,0,36
2026-02-20,ST009,MED029,9,9,0,0,0,7
2026-02-20,ST009,MED030,5,5,0,30,0,34
2026-02-20,ST010,MED001,14,14,0,0,0,18
2026-02-20,ST010,MED002,11,11,0,0,0,24
2026-02-20,ST010,MED003,5,2,3,0,0,0
2026-02-20,ST010,MED004,6,6,0,48,0,45
2026-02-20,ST010,MED005,8,8,0,0,0,64
2026-02-20,ST010,MED006,9,9,0,0,0,32
2026-02-20,ST010,MED007,4,0,4,0,0,0
2026-02-20,ST010,MED008,8,8,0,24,0,16
2026-02-20,ST010,MED009,10,10,0,0,0,38
2026-02-20,ST010,MED010,6,6,0,0,0,12
2026-02-20,ST010,MED011,6,6,0,0,0,40
2026-02-20,ST010,MED012,9,9,0,0,0,43
2026-02-20,ST010,MED013,10,10,0,0,0,15
2026-02-20,ST010,MED014,6,6,0,0,0,28
2026-02-20,ST010,MED015,11,11,0,0,0,36
2026-02-20,ST010,MED016,8,2,6,0,0,0
2026-02-20,ST010,MED017,8,8,0,0,0,34
2026-02-20,ST010,MED018,3,3,0,0,0,3
2026-02-20,ST010,MED019,0,0,0,0,0,3
2026-02-20,ST010,MED020,9,9,0,0,0,51
2026-02-20,ST010,MED021,10,10,0,0,0,21
2026-02-20,ST010,MED022,6,6,0,36,0,42
2026-02-20,ST010,MED023,12,12,0,0,0,38
2026-02-20,ST010,MED024,20,20,0,72,0,52
2026-02-20,ST010,MED025,3,3,0,0,0,25
2026-02-20,ST010,MED026,11,11,0,0,0,48
2026-02-20,ST010,MED027,15,15,0,0,0,57
2026-02-20,ST010,MED028,4,4,0,0,0,43
2026-02-20,ST010,MED029,12,12,0,0,0,42
2026-02-20,ST010,MED030,7,7,0,30,0,27
2026-02-20,ST011,MED001,17,17,0,72,0,55
2026-02-20,ST011,MED002,13,7,6,0,0,0
2026-02-20,ST011,MED003,4,4,0,0,0,11
2026-02-20,ST011,MED004,7,0,7,0,0,0
2026-02-20,ST011,MED005,13,13,0,72,0,59
2026-02-20,ST011,MED006,11,11,0,60,0,86
2026-02-20,ST011,MED007,4,4,0,0,0,12
2026-02-20,ST011,MED008,5,5,0,0,0,17
2026-02-20,ST011,MED009,10,10,0,0,0,18
2026-02-20,ST011,MED010,2,0,2,0,0,0
2026-02-20,ST011,MED011,14,14,0,72,0,58
2026-02-20,ST011,MED012,15,15,0,0,0,41
2026-02-20,ST011,MED013,8,8,0,0,0,22
2026-02-20,ST011,MED014,4,4,0,0,0,44
2026-02-20,ST011,MED015,10,10,0,96,0,97
2026-02-20,ST011,MED016,8,8,0,48,0,40
2026-02-20,ST011,MED017,12,12,0,0,0,13
2026-02-20,ST011,MED018,7,7,0,0,0,19
2026-02-20,ST011,MED019,3,3,0,0,0,13
2026-02-20,ST011,MED020,9,9,0,0,0,44
2026-02-20,ST011,MED021,12,12,0,0,0,37
2026-02-20,ST011,MED022,6,6,0,0,0,24
2026-02-20,ST011,MED023,9,9,0,0,0,29
2026-02-20,ST011,MED024,12,9,3,0,0,0
2026-02-20,ST011,MED025,3,3,0,0,0,35
2026-02-20,ST011,MED026,12,12,0,0,0,26
2026-02-20,ST011,MED027,11,11,0,72,0,61
2026-02-20,ST011,MED028,12,12,0,48,0,36
2026-02-20,ST011,MED029,8,8,0,0,0,30
2026-02-20,ST011,MED030,3,3,0,0,0,20
2026-02-20,ST012,MED001,11,11,0,0,0,50
2026-02-20,ST012,MED002,16,16,0,0,0,59
2026-02-20,ST012,MED003,3,3,0,0,0,12
2026-02-20,ST012,MED004,9,9,0,0,0,6
2026-02-20,ST012,MED005,11,11,0,0,0,52
2026-02-20,ST012,MED006,12,12,0,0,0,42
2026-02-20,ST012,MED007,4,4,0,0,0,19
2026-02-20,ST012,MED008,2,2,0,0,0,18
2026-02-20,ST012,MED009,16,16,0,0,0,37
2026-02-20,ST012,MED010,7,7,0,0,0,13
2026-02-20,ST012,MED011,10,10,0,0,0,46
2026-02-20,ST012,MED012,11,11,0,0,0,9
2026-02-20,ST012,MED013,9,9,0,0,0,0
2026-02-20,ST012,MED014,9,9,0,0,0,31
2026-02-20,ST012,MED015,14,14,0,0,0,5
2026-02-20,ST012,MED016,11,11,0,0,0,12
2026-02-20,ST012,MED017,13,13,0,0,0,26
2026-02-20,ST012,MED018,4,4,0,0,0,37
2026-02-20,ST012,MED019,3,3,0,0,0,17
2026-02-20,ST012,MED020,11,11,0,0,0,25
2026-02-20,ST012,MED021,9,0,9,0,0,0
2026-02-20,ST012,MED022,8,8,0,0,0,13
2026-02-20,ST012,MED023,13,13,0,0,0,39
2026-02-20,ST012,MED024,13,13,0,72,0,59
2026-02-20,ST012,MED025,6,6,0,36,0,30
2026-02-20,ST012,MED026,15,0,15,0,0,0
2026-02-20,ST012,MED027,16,16,0,72,0,71
2026-02-20,ST012,MED028,9,6,3,0,0,0
2026-02-20,ST012,MED029,13,13,0,0,0,16
2026-02-20,ST012,MED030,4,4,0,0,0,3
2026-02-20,ST013,MED001,10,10,0,0,0,31
2026-02-20,ST013,MED002,14,14,0,60,0,57
2026-02-20,ST013,MED003,2,2,0,0,0,21
2026-02-20,ST013,MED004,12,12,0,0,0,28
2026-02-20,ST013,MED005,10,10,0,0,0,36
2026-02-20,ST013,MED006,17,17,0,60,0,57
2026-02-20,ST013,MED007,7,7,0,0,0,14
2026-02-20,ST013,MED008,3,3,0,0,0,18
2026-02-20,ST013,MED009,9,4,5,0,0,0
2026-02-20,ST013,MED010,5,5,0,36,0,31
2026-02-20,ST013,MED011,13,13,0,72,0,59
2026-02-20,ST013,MED012,13,13,0,0,0,26
2026-02-20,ST013,MED013,9,9,0,0,0,14
2026-02-20,ST013,MED014,8,8,0,0,0,30
2026-02-20,ST013,MED015,18,0,18,0,0,0
2026-02-20,ST013,MED016,11,11,0,0,0,6
2026-02-20,ST013,MED017,15,0,15,0,0,0
2026-02-20,ST013,MED018,6,6,0,48,0,42
2026-02-20,ST013,MED019,3,3,0,0,0,11
2026-02-20,ST013,MED020,12,12,0,0,0,2
2026-02-20,ST013,MED021,14,14,0,0,0,15
2026-02-20,ST013,MED022,7,7,0,0,0,26
2026-02-20,ST013,MED023,14,9,5,0,0,0
2026-02-20,ST013,MED024,16,16,0,0,0,33
2026-02-20,ST013,MED025,5,5,0,0,0,35
2026-02-20,ST013,MED026,14,14,0,0,0,51
2026-02-20,ST013,MED027,13,13,0,0,0,67
2026-02-20,ST013,MED028,6,6,0,0,0,31
2026-02-20,ST013,MED029,11,11,0,72,0,88
2026-02-20,ST013,MED030,6,4,2,0,0,0
2026-02-20,ST014,MED001,5,5,0,0,0,46
2026-02-20,ST014,MED002,8,8,0,0,0,29
2026-02-20,ST014,MED003,6,4,2,0,0,0
2026-02-20,ST014,MED004,6,6,0,0,0,31
2026-02-20,ST014,MED005,5,5,0,0,0,36
2026-02-20,ST014,MED006,9,9,0,0,0,64
2026-02-20,ST014,MED007,3,3,0,0,0,19
2026-02-20,ST014,MED008,2,2,0,0,0,15
2026-02-20,ST014,MED009,9,9,0,60,0,55
2026-02-20,ST014,MED010,2,2,0,0,0,18
2026-02-20,ST014,MED011,8,8,0,0,0,60
2026-02-20,ST014,MED012,5,5,0,0,0,51
2026-02-20,ST014,MED013,1,1,0,0,0,19
2026-02-20,ST014,MED014,4,4,0,0,0,42
2026-02-20,ST014,MED015,11,11,0,0,0,0
2026-02-20,ST014,MED016,5,5,0,0,0,0
2026-02-20,ST014,MED017,9,9,0,0,0,69
2026-02-20,ST014,MED018,4,4,0,0,0,29
2026-02-20,ST014,MED019,0,0,0,0,0,22
2026-02-20,ST014,MED020,8,8,0,0,0,2
2026-02-20,ST014,MED021,14,7,7,0,0,0
2026-02-20,ST014,MED022,8,8,0,0,0,25
2026-02-20,ST014,MED023,8,8,0,0,0,67
2026-02-20,ST014,MED024,7,7,0,0,0,57
2026-02-20,ST014,MED025,3,3,0,48,0,53
2026-02-20,ST014,MED026,7,7,0,0,0,53
2026-02-20,ST014,MED027,10,10,0,0,0,39
2026-02-20,ST014,MED028,5,5,0,0,0,40
2026-02-20,ST014,MED029,8,8,0,0,0,54
2026-02-20,ST014,MED030,4,4,0,0,0,15
2026-02-20,ST015,MED001,12,12,0,0,0,17
2026-02-20,ST015,MED002,4,4,0,0,0,14
2026-02-20,ST015,MED003,4,4,0,24,0,21
2026-02-20,ST015,MED004,7,7,0,0,0,14
2026-02-20,ST015,MED005,9,4,5,0,0,0
2026-02-20,ST015,MED006,10,10,0,0,0,5
2026-02-20,ST015,MED007,1,1,0,0,0,0
2026-02-20,ST015,MED008,6,6,0,0,0,0
2026-02-20,ST015,MED009,10,10,0,0,0,53
2026-02-20,ST015,MED010,0,0,0,0,0,6
2026-02-20,ST015,MED011,10,10,0,0,0,50
2026-02-20,ST015,MED012,12,12,0,0,0,41
2026-02-20,ST015,MED013,7,7,0,0,0,5
2026-02-20,ST015,MED014,3,3,0,0,0,4
2026-02-20,ST015,MED015,7,7,0,72,0,84
2026-02-20,ST015,MED016,3,0,3,0,0,0
2026-02-20,ST015,MED017,10,10,0,60,0,73
2026-02-20,ST015,MED018,3,3,0,0,0,32
2026-02-20,ST015,MED019,4,4,0,0,0,14
2026-02-20,ST015,MED020,7,7,0,0,0,2
2026-02-20,ST015,MED021,7,7,0,0,0,48
2026-02-20,ST015,MED022,6,6,0,0,0,43
2026-02-20,ST015,MED023,11,11,0,0,0,53
2026-02-20,ST015,MED024,9,9,0,0,0,58
2026-02-20,ST015,MED025,2,2,0,0,0,26
2026-02-20,ST015,MED026,10,10,0,0,0,76
2026-02-20,ST015,MED027,10,10,0,0,0,62
2026-02-20,ST015,MED028,4,4,0,0,0,7
2026-02-20,ST015,MED029,6,6,0,0,0,62
2026-02-20,ST015,MED030,6,6,0,0,0,0
2026-02-20,ST016,MED001,10,10,0,72,0,85
2026-02-20,ST016,MED002,7,7,0,0,0,41
2026-02-20,ST016,MED003,2,2,0,0,0,5
2026-02-20,ST016,MED004,9,9,0,0,0,45
2026-02-20,ST016,MED005,13,8,5,0,0,0
2026-02-20,ST016,MED006,14,14,0,0,0,16
2026-02-20,ST016,MED007,3,0,3,0,0,0
2026-02-20,ST016,MED008,2,2,0,0,0,17
2026-02-20,ST016,MED009,6,6,0,0,0,24
2026-02-20,ST016,MED010,0,0,0,0,0,14
2026-02-20,ST016,MED011,13,13,0,66,0,53
2026-02-20,ST016,MED012,10,10,0,0,0,42
2026-02-20,ST016,MED013,5,5,0,0,0,28
2026-02-20,ST016,MED014,1,1,0,0,0,47
2026-02-20,ST016,MED015,10,10,0,0,0,59
2026-02-20,ST016,MED016,4,4,0,0,0,2
2026-02-20,ST016,MED017,6,6,0,0,0,27
2026-02-20,ST016,MED018,9,7,2,0,0,0
2026-02-20,ST016,MED019,3,3,0,0,0,13
2026-02-20,ST016,MED020,12,12,0,0,0,38
2026-02-20,ST016,MED021,13,13,0,0,0,34
2026-02-20,ST016,MED022,5,5,0,42,0,55
2026-02-20,ST016,MED023,12,12,0,0,0,26
2026-02-20,ST016,MED024,9,9,0,0,0,24
2026-02-20,ST016,MED025,7,7,0,0,0,14
2026-02-20,ST016,MED026,7,7,0,0,0,57
2026-02-20,ST016,MED027,14,14,0,0,0,27
2026-02-20,ST016,MED028,5,5,0,0,0,30
2026-02-20,ST016,MED029,6,6,0,0,0,66
2026-02-20,ST016,MED030,2,2,0,36,0,36
2026-02-20,ST017,MED001,11,11,0,72,0,88
2026-02-20,ST017,MED002,10,10,0,0,0,3
2026-02-20,ST017,MED003,4,4,0,0,0,22
2026-02-20,ST017,MED004,9,0,9,0,0,0
2026-02-20,ST017,MED005,14,9,5,0,0,0
2026-02-20,ST017,MED006,10,10,0,0,0,40
2026-02-20,ST017,MED007,3,3,0,0,0,21
2026-02-20,ST017,MED008,1,1,0,0,0,21
2026-02-20,ST017,MED009,10,10,0,60,0,58
2026-02-20,ST017,MED010,4,4,0,0,0,15
2026-02-20,ST017,MED011,12,12,0,0,0,51
2026-02-20,ST017,MED012,12,12,0,0,0,31
2026-02-20,ST017,MED013,3,3,0,0,0,51
2026-02-20,ST017,MED014,7,7,0,0,0,29
2026-02-20,ST017,MED015,17,17,0,0,0,31
2026-02-20,ST017,MED016,6,6,0,0,0,28
2026-02-20,ST017,MED017,11,11,0,0,0,58
2026-02-20,ST017,MED018,7,7,0,0,0,11
2026-02-20,ST017,MED019,2,2,0,0,0,10
2026-02-20,ST017,MED020,9,9,0,0,0,8
2026-02-20,ST017,MED021,13,8,5,0,0,0
2026-02-20,ST017,MED022,8,8,0,36,0,36
2026-02-20,ST017,MED023,10,10,0,72,0,72
2026-02-20,ST017,MED024,11,11,0,0,0,64
2026-02-20,ST017,MED025,8,8,0,0,0,31
2026-02-20,ST017,MED026,9,9,0,0,0,70
2026-02-20,ST017,MED027,12,12,0,0,0,65
2026-02-20,ST017,MED028,9,0,9,0,0,0
2026-02-20,ST017,MED029,6,5,1,0,0,0
2026-02-20,ST017,MED030,5,3,2,0,0,0
2026-02-20,ST018,MED001,13,13,0,0,0,39
2026-02-20,ST018,MED002,12,12,0,0,0,20
2026-02-20,ST018,MED003,0,0,0,0,0,13
2026-02-20,ST018,MED004,6,6,0,0,0,40
2026-02-20,ST018,MED005,15,15,0,60,0,79
2026-02-20,ST018,MED006,16,16,0,0,0,33
2026-02-20,ST018,MED007,4,4,0,0,0,7
2026-02-20,ST018,MED008,4,4,0,0,0,6
2026-02-20,ST018,MED009,10,10,0,0,0,31
2026-02-20,ST018,MED010,5,5,0,24,0,19
2026-02-20,ST018,MED011,12,12,0,0,0,15
2026-02-20,ST018,MED012,10,10,0,0,0,23
2026-02-20,ST018,MED013,10,10,0,0,0,17
2026-02-20,ST018,MED014,6,6,0,0,0,32
2026-02-20,ST018,MED015,13,0,13,0,0,0
2026-02-20,ST018,MED016,7,7,0,0,0,33
2026-02-20,ST018,MED017,12,12,0,0,0,52
2026-02-20,ST018,MED018,9,9,0,0,0,23
2026-02-20,ST018,MED019,4,4,0,0,0,12
2026-02-20,ST018,MED020,6,6,0,0,0,27
2026-02-20,ST018,MED021,19,19,0,0,0,36
2026-02-20,ST018,MED022,7,7,0,0,0,20
2026-02-20,ST018,MED023,10,10,0,0,0,25
2026-02-20,ST018,MED024,11,11,0,0,0,52
2026-02-20,ST018,MED025,5,5,0,48,0,45
2026-02-20,ST018,MED026,11,11,0,0,0,49
2026-02-20,ST018,MED027,12,12,0,0,0,34
2026-02-20,ST018,MED028,7,7,0,0,0,32
2026-02-20,ST018,MED029,9,9,0,0,0,54
2026-02-20,ST018,MED030,4,4,0,0,0,15
2026-02-20,ST019,MED001,10,10,0,0,0,28
2026-02-20,ST019,MED002,14,14,0,0,0,26
2026-02-20,ST019,MED003,2,2,0,0,0,17
2026-02-20,ST019,MED004,12,12,0,48,0,44
2026-02-20,ST019,MED005,14,14,0,0,0,31
2026-02-20,ST019,MED006,10,10,0,72,0,63
2026-02-20,ST019,MED007,5,5,0,0,0,6
2026-02-20,ST019,MED008,7,7,0,0,0,7
2026-02-20,ST019,MED009,9,9,0,0,0,10
2026-02-20,ST019,MED010,4,4,0,0,0,7
2026-02-20,ST019,MED011,14,14,0,0,0,31
2026-02-20,ST019,MED012,13,13,0,0,0,13
2026-02-20,ST019,MED013,7,7,0,0,0,17
2026-02-20,ST019,MED014,5,5,0,0,0,40
2026-02-20,ST019,MED015,14,14,0,72,0,70
2026-02-20,ST019,MED016,10,10,0,48,0,53
2026-02-20,ST019,MED017,13,13,0,0,0,17
2026-02-20,ST019,MED018,5,5,0,0,0,29
2026-02-20,ST019,MED019,6,6,0,0,0,7
2026-02-20,ST019,MED020,7,0,7,0,0,0
2026-02-20,ST019,MED021,13,13,0,0,0,35
2026-02-20,ST019,MED022,7,7,0,0,0,30
2026-02-20,ST019,MED023,11,11,0,0,0,49
2026-02-20,ST019,MED024,16,16,0,0,0,20
2026-02-20,ST019,MED025,8,8,0,0,0,11
2026-02-20,ST019,MED026,16,16,0,0,0,39
2026-02-20,ST019,MED027,15,15,0,0,0,61
2026-02-20,ST019,MED028,6,6,0,0,0,13
2026-02-20,ST019,MED029,10,10,0,0,0,53
2026-02-20,ST019,MED030,4,4,0,0,0,5
2026-02-20,ST020,MED001,13,13,0,72,0,71
2026-02-20,ST020,MED002,11,11,0,0,0,43
2026-02-20,ST020,MED003,1,1,0,24,0,37
2026-02-20,ST020,MED004,11,10,1,0,0,0
2026-02-20,ST020,MED005,14,1,13,0,0,0
2026-02-20,ST020,MED006,13,13,0,0,0,48
2026-02-20,ST020,MED007,6,6,0,0,0,13
2026-02-20,ST020,MED008,2,2,0,0,0,18
2026-02-20,ST020,MED009,13,13,0,0,0,20
2026-02-20,ST020,MED010,4,4,0,0,0,21
2026-02-20,ST020,MED011,11,11,0,0,0,6
2026-02-20,ST020,MED012,14,14,0,0,0,56
2026-02-20,ST020,MED013,10,1,9,0,0,0
2026-02-20,ST020,MED014,5,5,0,0,0,31
2026-02-20,ST020,MED015,18,18,0,0,0,51
2026-02-20,ST020,MED016,10,10,0,0,0,15
2026-02-20,ST020,MED017,16,0,16,0,0,0
2026-02-20,ST020,MED018,6,6,0,0,0,8
2026-02-20,ST020,MED019,3,3,0,0,0,4
2026-02-20,ST020,MED020,11,11,0,0,0,12
2026-02-20,ST020,MED021,10,10,0,66,0,56
2026-02-20,ST020,MED022,12,12,0,0,0,14
2026-02-20,ST020,MED023,15,15,0,0,0,25
2026-02-20,ST020,MED024,15,15,0,0,0,72
2026-02-20,ST020,MED025,9,9,0,0,0,15
2026-02-20,ST020,MED026,13,13,0,72,0,59
2026-02-20,ST020,MED027,19,19,0,0,0,39
2026-02-20,ST020,MED028,7,7,0,48,0,41
2026-02-20,ST020,MED029,15,15,0,0,0,36
2026-02-20,ST020,MED030,11,11,0,0,0,1
2026-02-20,ST021,MED001,8,8,0,0,0,58
2026-02-20,ST021,MED002,6,6,0,0,0,39
2026-02-20,ST021,MED003,5,5,0,0,0,5
2026-02-20,ST021,MED004,5,5,0,0,0,50
2026-02-20,ST021,MED005,9,9,0,0,0,3
2026-02-20,ST021,MED006,4,4,0,0,0,25
2026-02-20,ST021,MED007,3,3,0,0,0,11
2026-02-20,ST021,MED008,0,0,0,0,0,25
2026-02-20,ST021,MED009,8,8,0,0,0,41
2026-02-20,ST021,MED010,1,1,0,0,0,7
2026-02-20,ST021,MED011,6,6,0,0,0,45
2026-02-20,ST021,MED012,6,3,3,0,0,0
2026-02-20,ST021,MED013,5,5,0,0,0,8
2026-02-20,ST021,MED014,0,0,0,0,0,25
2026-02-20,ST021,MED015,5,5,0,0,0,79
2026-02-20,ST021,MED016,5,5,0,0,0,54
2026-02-20,ST021,MED017,14,7,7,0,0,0
2026-02-20,ST021,MED018,3,3,0,0,0,16
2026-02-20,ST021,MED019,2,2,0,0,0,6
2026-02-20,ST021,MED020,6,0,6,0,0,0
2026-02-20,ST021,MED021,8,8,0,0,0,47
2026-02-20,ST021,MED022,3,3,0,0,0,36
2026-02-20,ST021,MED023,5,5,0,0,0,42
2026-02-20,ST021,MED024,11,4,7,0,0,0
2026-02-20,ST021,MED025,6,0,6,0,0,0
2026-02-20,ST021,MED026,9,9,0,0,0,48
2026-02-20,ST021,MED027,11,11,0,0,0,11
2026-02-20,ST021,MED028,5,4,1,0,0,0
2026-02-20,ST021,MED029,6,6,0,72,0,73
2026-02-20,ST021,MED030,6,6,0,0,0,18
2026-02-20,ST022,MED001,11,11,0,0,0,72
2026-02-20,ST022,MED002,10,10,0,0,0,4
2026-02-20,ST022,MED003,4,4,0,0,0,22
2026-02-20,ST022,MED004,9,9,0,0,0,11
2026-02-20,ST022,MED005,6,6,0,0,0,46
2026-02-20,ST022,MED006,7,7,0,0,0,61
2026-02-20,ST022,MED007,5,5,0,24,0,21
2026-02-20,ST022,MED008,2,2,0,0,0,15
2026-02-20,ST022,MED009,7,7,0,0,0,32
2026-02-20,ST022,MED010,3,0,3,0,0,0
2026-02-20,ST022,MED011,11,11,0,60,0,49
2026-02-20,ST022,MED012,11,11,0,0,0,41
2026-02-20,ST022,MED013,7,7,0,0,0,32
2026-02-20,ST022,MED014,9,9,0,0,0,39
2026-02-20,ST022,MED015,11,11,0,0,0,70
2026-02-20,ST022,MED016,6,6,0,0,0,41
2026-02-20,ST022,MED017,10,0,10,0,0,0
2026-02-20,ST022,MED018,4,4,0,0,0,0
2026-02-20,ST022,MED019,2,2,0,0,0,9
2026-02-20,ST022,MED020,13,3,10,0,0,0
2026-02-20,ST022,MED021,7,7,0,0,0,29
2026-02-20,ST022,MED022,3,3,0,0,0,49
2026-02-20,ST022,MED023,14,6,8,0,0,0
2026-02-20,ST022,MED024,11,11,0,0,0,48
2026-02-20,ST022,MED025,4,4,0,0,0,48
2026-02-20,ST022,MED026,10,10,0,0,0,23
2026-02-20,ST022,MED027,10,10,0,0,0,0
2026-02-20,ST022,MED028,4,4,0,0,0,26
2026-02-20,ST022,MED029,6,6,0,0,0,45
2026-02-20,ST022,MED030,0,0,0,0,0,5
2026-02-20,ST023,MED001,9,9,0,0,0,58
2026-02-20,ST023,MED002,10,10,0,0,0,17
2026-02-20,ST023,MED003,1,0,1,0,0,0
2026-02-20,ST023,MED004,11,11,0,0,0,31
2026-02-20,ST023,MED005,13,13,0,0,0,52
2026-02-20,ST023,MED006,9,9,0,0,0,49
2026-02-20,ST023,MED007,2,2,0,0,0,10
2026-02-20,ST023,MED008,2,2,0,0,0,11
2026-02-20,ST023,MED009,10,10,0,60,0,60
2026-02-20,ST023,MED010,6,6,0,0,0,8
2026-02-20,ST023,MED011,10,10,0,0,0,10
2026-02-20,ST023,MED012,6,6,0,0,0,50
2026-02-20,ST023,MED013,6,6,0,0,0,34
2026-02-20,ST023,MED014,4,4,0,0,0,27
2026-02-20,ST023,MED015,14,14,0,72,0,72
2026-02-20,ST023,MED016,10,10,0,0,0,13
2026-02-20,ST023,MED017,10,10,0,72,0,62
2026-02-20,ST023,MED018,7,7,0,0,0,32
2026-02-20,ST023,MED019,3,3,0,0,0,20
2026-02-20,ST023,MED020,7,7,0,48,0,50
2026-02-20,ST023,MED021,12,12,0,0,0,39
2026-02-20,ST023,MED022,7,7,0,0,0,38
2026-02-20,ST023,MED023,5,5,0,0,0,61
2026-02-20,ST023,MED024,7,7,0,0,0,31
2026-02-20,ST023,MED025,7,7,0,0,0,27
2026-02-20,ST023,MED026,10,10,0,0,0,15
2026-02-20,ST023,MED027,10,10,0,0,0,59
2026-02-20,ST023,MED028,10,10,0,0,0,46
2026-02-20,ST023,MED029,5,5,0,48,0,43
2026-02-20,ST023,MED030,4,4,0,0,0,1
2026-02-20,ST024,MED001,14,4,10,0,0,0
2026-02-20,ST024,MED002,8,8,0,60,0,58
2026-02-20,ST024,MED003,7,0,7,0,0,0
2026-02-20,ST024,MED004,9,9,0,0,0,20
2026-02-20,ST024,MED005,12,12,0,0,0,37
2026-02-20,ST024,MED006,12,12,0,0,0,47
2026-02-20,ST024,MED007,5,0,5,0,0,0
2026-02-20,ST024,MED008,4,3,1,0,0,0
2026-02-20,ST024,MED009,13,13,0,0,0,39
2026-02-20,ST024,MED010,5,5,0,0,0,4
2026-02-20,ST024,MED011,9,9,0,0,0,46
2026-02-20,ST024,MED012,10,10,0,0,0,28
2026-02-20,ST024,MED013,12,12,0,0,0,31
2026-02-20,ST024,MED014,8,8,0,0,0,19
2026-02-20,ST024,MED015,13,13,0,0,0,45
2026-02-20,ST024,MED016,8,8,0,0,0,37
2026-02-20,ST024,MED017,11,10,1,0,0,0
2026-02-20,ST024,MED018,7,7,0,48,0,48
2026-02-20,ST024,MED019,0,0,0,0,0,5
2026-02-20,ST024,MED020,6,6,0,48,0,42
2026-02-20,ST024,MED021,7,7,0,0,0,6
2026-02-20,ST024,MED022,11,11,0,0,0,27
2026-02-20,ST024,MED023,10,10,0,0,0,22
2026-02-20,ST024,MED024,16,16,0,0,0,60
2026-02-20,ST024,MED025,9,9,0,0,0,28
2026-02-20,ST024,MED026,11,11,0,0,0,10
2026-02-20,ST024,MED027,10,10,0,0,0,50
2026-02-20,ST024,MED028,5,5,0,0,0,40
2026-02-20,ST024,MED029,13,13,0,0,0,41
2026-02-20,ST024,MED030,4,4,0,0,0,18
2026-02-20,ST025,MED001,12,12,0,72,0,60
2026-02-20,ST025,MED002,13,13,0,0,0,30
2026-02-20,ST025,MED003,1,1,0,0,0,14
2026-02-20,ST025,MED004,10,10,0,0,0,8
2026-02-20,ST025,MED005,13,13,0,0,0,0
2026-02-20,ST025,MED006,11,11,0,0,0,15
2026-02-20,ST025,MED007,3,3,0,0,0,1
2026-02-20,ST025,MED008,2,2,0,24,0,24
2026-02-20,ST025,MED009,12,12,0,0,0,17
2026-02-20,ST025,MED010,4,4,0,0,0,4
2026-02-20,ST025,MED011,8,8,0,0,0,11
2026-02-20,ST025,MED012,11,11,0,0,0,5
2026-02-20,ST025,MED013,5,5,0,0,0,36
2026-02-20,ST025,MED014,6,6,0,0,0,15
2026-02-20,ST025,MED015,17,17,0,0,0,29
2026-02-20,ST025,MED016,8,8,0,0,0,33
2026-02-20,ST025,MED017,13,1,12,0,0,0
2026-02-20,ST025,MED018,8,8,0,0,0,35
2026-02-20,ST025,MED019,8,8,0,0,0,6
2026-02-20,ST025,MED020,7,7,0,0,0,29
2026-02-20,ST025,MED021,12,5,7,0,0,0
2026-02-20,ST025,MED022,5,5,0,48,0,50
2026-02-20,ST025,MED023,13,6,7,0,0,0
2026-02-20,ST025,MED024,11,11,0,0,0,23
2026-02-20,ST025,MED025,5,5,0,36,0,31
2026-02-20,ST025,MED026,9,9,0,0,0,42
2026-02-20,ST025,MED027,12,12,0,0,0,46
2026-02-20,ST025,MED028,6,6,0,0,0,28
2026-02-20,ST025,MED029,12,12,0,0,0,35
2026-02-20,ST025,MED030,6,6,0,30,0,24
2026-02-20,ST026,MED001,17,17,0,0,0,48
2026-02-20,ST026,MED002,13,13,0,0,0,4
2026-02-20,ST026,MED003,1,0,1,0,0,0
2026-02-20,ST026,MED004,8,8,0,0,0,3
2026-02-20,ST026,MED005,13,13,0,0,0,29
2026-02-20,ST026,MED006,16,12,4,0,0,0
2026-02-20,ST026,MED007,5,5,0,0,0,19
2026-02-20,ST026,MED008,4,4,0,0,0,4
2026-02-20,ST026,MED009,8,8,0,60,0,52
2026-02-20,ST026,MED010,0,0,0,0,0,9
2026-02-20,ST026,MED011,12,12,0,66,0,77
2026-02-20,ST026,MED012,11,11,0,0,0,32
2026-02-20,ST026,MED013,8,8,0,0,0,30
2026-02-20,ST026,MED014,5,3,2,0,0,0
2026-02-20,ST026,MED015,14,14,0,0,0,63
2026-02-20,ST026,MED016,5,5,0,0,0,22
2026-02-20,ST026,MED017,13,13,0,0,0,48
2026-02-20,ST026,MED018,8,8,0,0,0,21
2026-02-20,ST026,MED019,2,2,0,0,0,2
2026-02-20,ST026,MED020,5,5,0,0,0,48
2026-02-20,ST026,MED021,12,12,0,0,0,35
2026-02-20,ST026,MED022,10,10,0,0,0,16
2026-02-20,ST026,MED023,13,13,0,0,0,31
2026-02-20,ST026,MED024,15,15,0,72,0,57
2026-02-20,ST026,MED025,9,9,0,0,0,22
2026-02-20,ST026,MED026,16,16,0,72,0,56
2026-02-20,ST026,MED027,14,14,0,0,0,0
2026-02-20,ST026,MED028,9,9,0,0,0,2
2026-02-20,ST026,MED029,10,0,10,0,0,0
2026-02-20,ST026,MED030,2,2,0,30,0,48
2026-02-20,ST027,MED001,12,12,0,0,0,44
2026-02-20,ST027,MED002,12,12,0,0,0,36
2026-02-20,ST027,MED003,5,5,0,0,0,6
2026-02-20,ST027,MED004,12,12,0,0,0,7
2026-02-20,ST027,MED005,14,14,0,0,0,4
2026-02-20,ST027,MED006,16,16,0,0,0,44
2026-02-20,ST027,MED007,5,5,0,24,0,19
2026-02-20,ST027,MED008,5,5,0,0,0,25
2026-02-20,ST027,MED009,7,7,0,0,0,37
2026-02-20,ST027,MED010,3,3,0,0,0,22
2026-02-20,ST027,MED011,13,13,0,60,0,71
2026-02-20,ST027,MED012,13,13,0,60,0,67
2026-02-20,ST027,MED013,8,8,0,0,0,71
2026-02-20,ST027,MED014,4,4,0,48,0,47
2026-02-20,ST027,MED015,16,0,16,0,0,0
2026-02-20,ST027,MED016,10,10,0,0,0,50
2026-02-20,ST027,MED017,8,8,0,0,0,50
2026-02-20,ST027,MED018,9,9,0,0,0,31
2026-02-20,ST027,MED019,2,2,0,0,0,12
2026-02-20,ST027,MED020,9,9,0,0,0,18
2026-02-20,ST027,MED021,16,16,0,0,0,2
2026-02-20,ST027,MED022,11,11,0,0,0,23
2026-02-20,ST027,MED023,13,13,0,0,0,0
2026-02-20,ST027,MED024,14,14,0,0,0,51
2026-02-20,ST027,MED025,6,6,0,0,0,8
2026-02-20,ST027,MED026,14,14,0,0,0,30
2026-02-20,ST027,MED027,13,13,0,0,0,42
2026-02-20,ST027,MED028,7,7,0,0,0,22
2026-02-20,ST027,MED029,12,0,12,0,0,0
2026-02-20,ST027,MED030,5,5,0,0,0,1
2026-02-20,ST028,MED001,11,4,7,0,0,0
2026-02-20,ST028,MED002,12,12,0,66,0,69
2026-02-20,ST028,MED003,0,0,0,0,0,2
2026-02-20,ST028,MED004,7,7,0,0,0,21
2026-02-20,ST028,MED005,5,5,0,0,0,65
2026-02-20,ST028,MED006,10,10,0,0,0,48
2026-02-20,ST028,MED007,6,6,0,0,0,15
2026-02-20,ST028,MED008,5,5,0,0,0,17
2026-02-20,ST028,MED009,8,8,0,0,0,29
2026-02-20,ST028,MED010,5,5,0,0,0,7
2026-02-20,ST028,MED011,11,11,0,66,0,60
2026-02-20,ST028,MED012,6,6,0,0,0,55
2026-02-20,ST028,MED013,10,10,0,0,0,14
2026-02-20,ST028,MED014,11,11,0,0,0,42
2026-02-20,ST028,MED015,10,10,0,0,0,40
2026-02-20,ST028,MED016,5,5,0,0,0,3
2026-02-20,ST028,MED017,10,10,0,0,0,55
2026-02-20,ST028,MED018,6,6,0,0,0,22
2026-02-20,ST028,MED019,4,4,0,24,0,20
2026-02-20,ST028,MED020,8,8,0,0,0,41
2026-02-20,ST028,MED021,11,11,0,0,0,49
2026-02-20,ST028,MED022,7,7,0,0,0,39
2026-02-20,ST028,MED023,10,3,7,0,0,0
2026-02-20,ST028,MED024,3,3,0,0,0,50
2026-02-20,ST028,MED025,3,0,3,0,0,0
2026-02-20,ST028,MED026,7,7,0,72,0,78
2026-02-20,ST028,MED027,14,14,0,0,0,46
2026-02-20,ST028,MED028,8,8,0,0,0,1
2026-02-20,ST028,MED029,4,4,0,0,0,7
2026-02-20,ST028,MED030,5,5,0,0,0,30
2026-02-20,ST029,MED001,6,6,0,0,0,74
2026-02-20,ST029,MED002,9,9,0,72,0,63
2026-02-20,ST029,MED003,3,3,0,0,0,13
2026-02-20,ST029,MED004,9,9,0,0,0,35
2026-02-20,ST029,MED005,5,5,0,0,0,41
2026-02-20,ST029,MED006,11,11,0,0,0,59
2026-02-20,ST029,MED007,0,0,0,0,0,23
2026-02-20,ST029,MED008,5,0,5,0,0,0
2026-02-20,ST029,MED009,8,4,4,0,0,0
2026-02-20,ST029,MED010,4,0,4,0,0,0
2026-02-20,ST029,MED011,8,8,0,0,0,57
2026-02-20,ST029,MED012,6,6,0,0,0,9
2026-02-20,ST029,MED013,5,5,0,0,0,11
2026-02-20,ST029,MED014,2,2,0,0,0,55
2026-02-20,ST029,MED015,12,12,0,0,0,41
2026-02-20,ST029,MED016,8,3,5,0,0,0
2026-02-20,ST029,MED017,13,12,1,0,0,0
2026-02-20,ST029,MED018,9,9,0,0,0,41
2026-02-20,ST029,MED019,2,2,0,0,0,12
2026-02-20,ST029,MED020,7,7,0,0,0,31
2026-02-20,ST029,MED021,8,8,0,0,0,39
2026-02-20,ST029,MED022,6,6,0,0,0,16
2026-02-20,ST029,MED023,9,9,0,0,0,53
2026-02-20,ST029,MED024,7,7,0,0,0,41
2026-02-20,ST029,MED025,4,4,0,36,0,32
2026-02-20,ST029,MED026,10,10,0,0,0,45
2026-02-20,ST029,MED027,5,5,0,0,0,50
2026-02-20,ST029,MED028,5,5,0,0,0,9
2026-02-20,ST029,MED029,8,8,0,0,0,47
2026-02-20,ST029,MED030,3,3,0,30,0,33
2026-02-20,ST030,MED001,10,10,0,0,0,42
2026-02-20,ST030,MED002,10,10,0,0,0,23
2026-02-20,ST030,MED003,7,6,1,0,0,0
2026-02-20,ST030,MED004,2,2,0,0,0,61
2026-02-20,ST030,MED005,11,11,0,0,0,22
2026-02-20,ST030,MED006,7,2,5,0,0,0
2026-02-20,ST030,MED007,8,2,6,0,0,0
2026-02-20,ST030,MED008,2,2,0,24,0,22
2026-02-20,ST030,MED009,8,8,0,60,0,61
2026-02-20,ST030,MED010,3,3,0,0,0,11
2026-02-20,ST030,MED011,8,8,0,0,0,55
2026-02-20,ST030,MED012,11,11,0,0,0,41
2026-02-20,ST030,MED013,7,7,0,0,0,49
2026-02-20,ST030,MED014,2,2,0,0,0,11
2026-02-20,ST030,MED015,8,8,0,72,0,64
2026-02-20,ST030,MED016,7,7,0,0,0,22
2026-02-20,ST030,MED017,11,11,0,0,0,58
2026-02-20,ST030,MED018,2,2,0,0,0,42
2026-02-20,ST030,MED019,6,6,0,24,0,21
2026-02-20,ST030,MED020,10,10,0,0,0,26
2026-02-20,ST030,MED021,8,8,0,0,0,41
2026-02-20,ST030,MED022,8,8,0,0,0,29
2026-02-20,ST030,MED023,11,7,4,0,0,0
2026-02-20,ST030,MED024,13,13,0,72,0,70
2026-02-20,ST030,MED025,4,4,0,0,0,27
2026-02-20,ST030,MED026,12,12,0,0,0,1
2026-02-20,ST030,MED027,6,6,0,0,0,50
2026-02-20,ST030,MED028,8,8,0,0,0,24
2026-02-20,ST030,MED029,8,2,6,0,0,0
2026-02-20,ST030,MED030,2,0,2,0,0,0
2026-02-20,ST031,MED001,10,10,0,0,0,35
2026-02-20,ST031,MED002,9,9,0,0,0,17
2026-02-20,ST031,MED003,7,7,0,24,0,17
2026-02-20,ST031,MED004,8,8,0,48,0,56
2026-02-20,ST031,MED005,15,15,0,72,0,69
2026-02-20,ST031,MED006,9,9,0,60,0,64
2026-02-20,ST031,MED007,3,3,0,0,0,12
2026-02-20,ST031,MED008,4,4,0,0,0,10
2026-02-20,ST031,MED009,10,10,0,0,0,10
2026-02-20,ST031,MED010,1,1,0,0,0,24
2026-02-20,ST031,MED011,12,12,0,0,0,8
2026-02-20,ST031,MED012,8,8,0,0,0,15
2026-02-20,ST031,MED013,9,6,3,0,0,0
2026-02-20,ST031,MED014,4,4,0,0,0,12
2026-02-20,ST031,MED015,9,9,0,0,0,31
2026-02-20,ST031,MED016,5,5,0,0,0,29
2026-02-20,ST031,MED017,9,9,0,0,0,35
2026-02-20,ST031,MED018,4,4,0,48,0,46
2026-02-20,ST031,MED019,3,3,0,0,0,10
2026-02-20,ST031,MED020,5,5,0,0,0,41
2026-02-20,ST031,MED021,13,13,0,0,0,37
2026-02-20,ST031,MED022,10,0,10,0,0,0
2026-02-20,ST031,MED023,10,10,0,0,0,29
2026-02-20,ST031,MED024,11,11,0,72,0,64
2026-02-20,ST031,MED025,6,6,0,0,0,31
2026-02-20,ST031,MED026,10,10,0,0,0,71
2026-02-20,ST031,MED027,14,14,0,72,0,112
2026-02-20,ST031,MED028,9,9,0,0,0,17
2026-02-20,ST031,MED029,10,0,10,0,0,0
2026-02-20,ST031,MED030,3,3,0,0,0,2
2026-02-20,ST032,MED001,14,2,12,0,0,0
2026-02-20,ST032,MED002,12,0,12,0,0,0
2026-02-20,ST032,MED003,3,3,0,0,0,14
2026-02-20,ST032,MED004,12,12,0,0,0,5
2026-02-20,ST032,MED005,17,0,17,0,0,0
2026-02-20,ST032,MED006,8,8,0,0,0,54
2026-02-20,ST032,MED007,1,1,0,0,0,9
2026-02-20,ST032,MED008,5,0,5,0,0,0
2026-02-20,ST032,MED009,8,8,0,0,0,33
2026-02-20,ST032,MED010,0,0,0,0,0,32
2026-02-20,ST032,MED011,12,12,0,0,0,31
2026-02-20,ST032,MED012,14,14,0,0,0,45
2026-02-20,ST032,MED013,11,11,0,48,0,37
2026-02-20,ST032,MED014,4,4,0,0,0,34
2026-02-20,ST032,MED015,11,11,0,0,0,28
2026-02-20,ST032,MED016,6,6,0,0,0,21
2026-02-20,ST032,MED017,10,10,0,72,0,62
2026-02-20,ST032,MED018,8,8,0,0,0,35
2026-02-20,ST032,MED019,0,0,0,0,0,9
2026-02-20,ST032,MED020,8,8,0,0,0,28
2026-02-20,ST032,MED021,14,14,0,0,0,0
2026-02-20,ST032,MED022,6,6,0,0,0,38
2026-02-20,ST032,MED023,13,13,0,0,0,24
2026-02-20,ST032,MED024,17,17,0,0,0,12
2026-02-20,ST032,MED025,7,7,0,0,0,17
2026-02-20,ST032,MED026,9,9,0,0,0,50
2026-02-20,ST032,MED027,10,10,0,72,0,70
2026-02-20,ST032,MED028,7,7,0,0,0,37
2026-02-20,ST032,MED029,13,13,0,0,0,69
2026-02-20,ST032,MED030,9,9,0,30,0,21
2026-02-20,ST033,MED001,12,12,0,0,0,45
2026-02-20,ST033,MED002,15,15,0,0,0,22
2026-02-20,ST033,MED003,0,0,0,0,0,16
2026-02-20,ST033,MED004,10,10,0,0,0,18
2026-02-20,ST033,MED005,16,16,0,0,0,58
2026-02-20,ST033,MED006,13,0,13,0,0,0
2026-02-20,ST033,MED007,8,2,6,0,0,0
2026-02-20,ST033,MED008,2,2,0,0,0,21
2026-02-20,ST033,MED009,13,3,10,0,0,0
2026-02-20,ST033,MED010,6,6,0,0,0,22
2026-02-20,ST033,MED011,10,0,10,0,0,0
2026-02-20,ST033,MED012,10,10,0,0,0,37
2026-02-20,ST033,MED013,6,6,0,0,0,3
2026-02-20,ST033,MED014,6,6,0,0,0,38
2026-02-20,ST033,MED015,15,15,0,0,0,28
2026-02-20,ST033,MED016,6,0,6,0,0,0
2026-02-20,ST033,MED017,11,11,0,0,0,44
2026-02-20,ST033,MED018,9,0,9,0,0,0
2026-02-20,ST033,MED019,1,1,0,24,0,23
2026-02-20,ST033,MED020,8,8,0,0,0,24
2026-02-20,ST033,MED021,11,11,0,0,0,31
2026-02-20,ST033,MED022,8,8,0,0,0,29
2026-02-20,ST033,MED023,15,15,0,0,0,0
2026-02-20,ST033,MED024,17,17,0,72,0,55
2026-02-20,ST033,MED025,8,8,0,0,0,17
2026-02-20,ST033,MED026,14,14,0,72,0,58
2026-02-20,ST033,MED027,17,17,0,0,0,51
2026-02-20,ST033,MED028,7,7,0,48,0,41
2026-02-20,ST033,MED029,11,6,5,0,0,0
2026-02-20,ST033,MED030,7,7,0,30,0,23
2026-02-20,ST034,MED001,20,20,0,0,0,12
2026-02-20,ST034,MED002,11,11,0,0,0,35
2026-02-20,ST034,MED003,3,3,0,24,0,21
2026-02-20,ST034,MED004,14,14,0,0,0,25
2026-02-20,ST034,MED005,29,8,21,0,0,0
2026-02-20,ST034,MED006,13,13,0,0,0,14
2026-02-20,ST034,MED007,7,7,0,0,0,8
2026-02-20,ST034,MED008,5,1,4,0,0,0
2026-02-20,ST034,MED009,15,15,0,0,0,21
2026-02-20,ST034,MED010,7,7,0,0,0,8
2026-02-20,ST034,MED011,11,11,0,0,0,30
2026-02-20,ST034,MED012,11,11,0,0,0,40
2026-02-20,ST034,MED013,9,2,7,0,0,0
2026-02-20,ST034,MED014,3,3,0,0,0,21
2026-02-20,ST034,MED015,14,14,0,0,0,68
2026-02-20,ST034,MED016,8,8,0,0,0,13
2026-02-20,ST034,MED017,12,2,10,0,0,0
2026-02-20,ST034,MED018,11,5,6,0,0,0
2026-02-20,ST034,MED019,5,5,0,0,0,6
2026-02-20,ST034,MED020,7,7,0,48,0,41
2026-02-20,ST034,MED021,15,15,0,0,0,18
2026-02-20,ST034,MED022,4,4,0,0,0,16
2026-02-20,ST034,MED023,14,14,0,0,0,26
2026-02-20,ST034,MED024,16,0,16,0,0,0
2026-02-20,ST034,MED025,7,6,1,0,0,0
2026-02-20,ST034,MED026,14,14,0,0,0,11
2026-02-20,ST034,MED027,17,3,14,0,0,0
2026-02-20,ST034,MED028,8,8,0,0,0,30
2026-02-20,ST034,MED029,11,11,0,0,0,8
2026-02-20,ST034,MED030,5,5,0,0,0,10
2026-02-20,ST035,MED001,10,10,0,0,0,3
2026-02-20,ST035,MED002,8,8,0,0,0,57
2026-02-20,ST035,MED003,3,3,0,0,0,15
2026-02-20,ST035,MED004,5,5,0,0,0,17
2026-02-20,ST035,MED005,11,11,0,0,0,57
2026-02-20,ST035,MED006,8,8,0,0,0,55
2026-02-20,ST035,MED007,7,7,0,0,0,15
2026-02-20,ST035,MED008,4,4,0,0,0,12
2026-02-20,ST035,MED009,7,7,0,0,0,61
2026-02-20,ST035,MED010,2,2,0,0,0,22
2026-02-20,ST035,MED011,9,9,0,0,0,19
2026-02-20,ST035,MED012,9,6,3,0,0,0
2026-02-20,ST035,MED013,4,4,0,0,0,21
2026-02-20,ST035,MED014,2,2,0,0,0,44
2026-02-20,ST035,MED015,9,9,0,72,0,71
2026-02-20,ST035,MED016,4,4,0,0,0,1
2026-02-20,ST035,MED017,11,11,0,0,0,66
2026-02-20,ST035,MED018,1,0,1,0,0,0
2026-02-20,ST035,MED019,2,2,0,0,0,18
2026-02-20,ST035,MED020,5,5,0,0,0,31
2026-02-20,ST035,MED021,8,8,0,0,0,41
2026-02-20,ST035,MED022,4,4,0,0,0,5
2026-02-20,ST035,MED023,8,8,0,0,0,31
2026-02-20,ST035,MED024,10,10,0,0,0,72
2026-02-20,ST035,MED025,2,2,0,0,0,26
2026-02-20,ST035,MED026,10,10,0,0,0,56
2026-02-20,ST035,MED027,13,12,1,0,0,0
2026-02-20,ST035,MED028,1,1,0,0,0,50
2026-02-20,ST035,MED029,10,10,0,0,0,3
2026-02-20,ST035,MED030,7,7,0,0,0,23
2026-02-20,ST036,MED001,10,10,0,0,0,44
2026-02-20,ST036,MED002,10,10,0,0,0,55
2026-02-20,ST036,MED003,2,2,0,0,0,5
2026-02-20,ST036,MED004,11,11,0,0,0,5
2026-02-20,ST036,MED005,9,9,0,0,0,50
2026-02-20,ST036,MED006,5,5,0,0,0,20
2026-02-20,ST036,MED007,0,0,0,0,0,19
2026-02-20,ST036,MED008,3,3,0,0,0,22
2026-02-20,ST036,MED009,9,9,0,60,0,58
2026-02-20,ST036,MED010,5,5,0,0,0,11
2026-02-20,ST036,MED011,10,10,0,0,0,57
2026-02-20,ST036,MED012,9,9,0,0,0,4
2026-02-20,ST036,MED013,7,7,0,0,0,35
2026-02-20,ST036,MED014,6,6,0,0,0,38
2026-02-20,ST036,MED015,10,5,5,0,0,0
2026-02-20,ST036,MED016,9,2,7,0,0,0
2026-02-20,ST036,MED017,12,12,0,0,0,37
2026-02-20,ST036,MED018,5,5,0,0,0,10
2026-02-20,ST036,MED019,4,4,0,0,0,16
2026-02-20,ST036,MED020,4,4,0,0,0,59
2026-02-20,ST036,MED021,7,7,0,0,0,35
2026-02-20,ST036,MED022,8,8,0,0,0,23
2026-02-20,ST036,MED023,11,11,0,0,0,44
2026-02-20,ST036,MED024,12,12,0,0,0,4
2026-02-20,ST036,MED025,8,8,0,0,0,19
2026-02-20,ST036,MED026,12,12,0,0,0,33
2026-02-20,ST036,MED027,9,9,0,0,0,58
2026-02-20,ST036,MED028,1,1,0,0,0,44
2026-02-20,ST036,MED029,8,8,0,0,0,47
2026-02-20,ST036,MED030,3,3,0,0,0,24
2026-02-20,ST037,MED001,6,6,0,0,0,37
2026-02-20,ST037,MED002,10,10,0,0,0,49
2026-02-20,ST037,MED003,0,0,0,0,0,30
2026-02-20,ST037,MED004,10,10,0,0,0,26
2026-02-20,ST037,MED005,11,11,0,0,0,34
2026-02-20,ST037,MED006,6,6,0,0,0,35
2026-02-20,ST037,MED007,3,3,0,0,0,19
2026-02-20,ST037,MED008,3,3,0,0,0,15
2026-02-20,ST037,MED009,11,11,0,0,0,19
2026-02-20,ST037,MED010,1,1,0,0,0,27
2026-02-20,ST037,MED011,10,10,0,0,0,44
2026-02-20,ST037,MED012,8,8,0,0,0,51
2026-02-20,ST037,MED013,6,6,0,48,0,42
2026-02-20,ST037,MED014,8,8,0,0,0,28
2026-02-20,ST037,MED015,9,9,0,72,0,77
2026-02-20,ST037,MED016,15,15,0,0,0,12
2026-02-20,ST037,MED017,11,11,0,0,0,73
2026-02-20,ST037,MED018,4,4,0,0,0,26
2026-02-20,ST037,MED019,0,0,0,0,0,15
2026-02-20,ST037,MED020,5,5,0,0,0,34
2026-02-20,ST037,MED021,8,8,0,0,0,24
2026-02-20,ST037,MED022,10,10,0,42,0,37
2026-02-20,ST037,MED023,8,8,0,0,0,67
2026-02-20,ST037,MED024,9,9,0,0,0,36
2026-02-20,ST037,MED025,3,0,3,0,0,0
2026-02-20,ST037,MED026,10,10,0,0,0,43
2026-02-20,ST037,MED027,11,11,0,0,0,63
2026-02-20,ST037,MED028,4,0,4,0,0,0
2026-02-20,ST037,MED029,8,8,0,0,0,6
2026-02-20,ST037,MED030,3,3,0,0,0,21
2026-02-20,ST038,MED001,12,9,3,0,0,0
2026-02-20,ST038,MED002,14,14,0,0,0,27
2026-02-20,ST038,MED003,3,3,0,0,0,22
2026-02-20,ST038,MED004,9,9,0,0,0,9
2026-02-20,ST038,MED005,10,10,0,0,0,39
2026-02-20,ST038,MED006,8,8,0,0,0,21
2026-02-20,ST038,MED007,3,3,0,0,0,12
2026-02-20,ST038,MED008,8,6,2,0,0,0
2026-02-20,ST038,MED009,9,9,0,60,0,61
2026-02-20,ST038,MED010,0,0,0,0,0,26
2026-02-20,ST038,MED011,15,15,0,0,0,41
2026-02-20,ST038,MED012,9,9,0,0,0,65
2026-02-20,ST038,MED013,5,5,0,0,0,29
2026-02-20,ST038,MED014,8,8,0,0,0,36
2026-02-20,ST038,MED015,12,12,0,0,0,73
2026-02-20,ST038,MED016,9,9,0,0,0,14
2026-02-20,ST038,MED017,8,8,0,0,0,59
2026-02-20,ST038,MED018,2,2,0,0,0,2
2026-02-20,ST038,MED019,5,4,1,0,0,0
2026-02-20,ST038,MED020,5,5,0,0,0,22
2026-02-20,ST038,MED021,9,9,0,0,0,33
2026-02-20,ST038,MED022,10,0,10,0,0,0
2026-02-20,ST038,MED023,12,12,0,0,0,51
2026-02-20,ST038,MED024,11,11,0,0,0,29
2026-02-20,ST038,MED025,5,5,0,0,0,0
2026-02-20,ST038,MED026,8,8,0,0,0,40
2026-02-20,ST038,MED027,11,11,0,0,0,60
2026-02-20,ST038,MED028,3,3,0,0,0,43
2026-02-20,ST038,MED029,20,20,0,0,0,41
2026-02-20,ST038,MED030,7,7,0,0,0,13
2026-02-20,ST039,MED001,15,15,0,0,0,42
2026-02-20,ST039,MED002,13,13,0,0,0,1
2026-02-20,ST039,MED003,4,4,0,0,0,18
2026-02-20,ST039,MED004,9,9,0,0,0,9
2026-02-20,ST039,MED005,12,12,0,0,0,30
2026-02-20,ST039,MED006,11,11,0,0,0,35
2026-02-20,ST039,MED007,6,6,0,0,0,2
2026-02-20,ST039,MED008,1,1,0,0,0,12
2026-02-20,ST039,MED009,15,15,0,0,0,17
2026-02-20,ST039,MED010,4,4,0,0,0,14
2026-02-20,ST039,MED011,12,11,1,0,0,0
2026-02-20,ST039,MED012,10,10,0,0,0,14
2026-02-20,ST039,MED013,6,6,0,0,0,15
2026-02-20,ST039,MED014,5,5,0,48,0,43
2026-02-20,ST039,MED015,22,22,0,0,0,28
2026-02-20,ST039,MED016,6,0,6,0,0,0
2026-02-20,ST039,MED017,15,15,0,0,0,36
2026-02-20,ST039,MED018,7,7,0,0,0,28
2026-02-20,ST039,MED019,3,3,0,0,0,0
2026-02-20,ST039,MED020,11,0,11,0,0,0
2026-02-20,ST039,MED021,16,16,0,0,0,58
2026-02-20,ST039,MED022,4,4,0,42,0,50
2026-02-20,ST039,MED023,14,14,0,0,0,56
2026-02-20,ST039,MED024,10,10,0,72,0,69
2026-02-20,ST039,MED025,5,5,0,0,0,22
2026-02-20,ST039,MED026,12,12,0,0,0,10
2026-02-20,ST039,MED027,10,10,0,72,0,102
2026-02-20,ST039,MED028,12,12,0,0,0,25
2026-02-20,ST039,MED029,12,0,12,0,0,0
2026-02-20,ST039,MED030,2,2,0,0,0,15
2026-02-20,ST040,MED001,12,12,0,72,0,79
2026-02-20,ST040,MED002,12,12,0,0,0,11
2026-02-20,ST040,MED003,3,3,0,24,0,21
2026-02-20,ST040,MED004,13,13,0,0,0,16
2026-02-20,ST040,MED005,13,13,0,0,0,6
2026-02-20,ST040,MED006,13,13,0,0,0,10
2026-02-20,ST040,MED007,3,3,0,0,0,20
2026-02-20,ST040,MED008,2,2,0,0,0,16
2026-02-20,ST040,MED009,10,10,0,0,0,34
2026-02-20,ST040,MED010,4,4,0,0,0,10
2026-02-20,ST040,MED011,12,0,12,0,0,0
2026-02-20,ST040,MED012,13,13,0,0,0,28
2026-02-20,ST040,MED013,12,12,0,48,0,46
2026-02-20,ST040,MED014,7,7,0,48,0,51
2026-02-20,ST040,MED015,13,13,0,72,0,71
2026-02-20,ST040,MED016,10,10,0,48,0,46
2026-02-20,ST040,MED017,14,6,8,0,0,0
2026-02-20,ST040,MED018,6,0,6,0,0,0
2026-02-20,ST040,MED019,4,4,0,0,0,7
2026-02-20,ST040,MED020,6,6,0,0,0,44
2026-02-20,ST040,MED021,12,12,0,0,0,27
2026-02-20,ST040,MED022,8,8,0,0,0,29
2026-02-20,ST040,MED023,14,14,0,60,0,46
2026-02-20,ST040,MED024,14,14,0,0,0,59
2026-02-20,ST040,MED025,6,6,0,36,0,30
2026-02-20,ST040,MED026,15,15,0,72,0,57
2026-02-20,ST040,MED027,16,16,0,0,0,40
2026-02-20,ST040,MED028,5,5,0,0,0,29
2026-02-20,ST040,MED029,11,11,0,72,0,61
2026-02-20,ST040,MED030,7,7,0,0,0,3
2026-02-21,ST001,MED001,10,10,0,0,0,60
2026-02-21,ST001,MED002,9,0,9,0,0,0
2026-02-21,ST001,MED003,0,0,0,0,0,20
2026-02-21,ST001,MED004,6,0,6,0,0,0
2026-02-21,ST001,MED005,10,10,0,72,0,105
2026-02-21,ST001,MED006,10,10,0,72,0,71
2026-02-21,ST001,MED007,0,0,0,0,0,0
2026-02-21,ST001,MED008,3,3,0,0,0,1
2026-02-21,ST001,MED009,9,9,0,0,0,42
2026-02-21,ST001,MED010,9,1,8,0,0,0
2026-02-21,ST001,MED011,6,6,0,0,0,28
2026-02-21,ST001,MED012,8,8,0,0,0,24
2026-02-21,ST001,MED013,8,8,0,0,0,23
2026-02-21,ST001,MED014,6,6,0,0,0,31
2026-02-21,ST001,MED015,8,8,0,0,0,60
2026-02-21,ST001,MED016,5,5,0,0,0,61
2026-02-21,ST001,MED017,10,10,0,0,0,45
2026-02-21,ST001,MED018,5,5,0,0,0,18
2026-02-21,ST001,MED019,0,0,0,0,0,18
2026-02-21,ST001,MED020,4,4,0,0,0,23
2026-02-21,ST001,MED021,11,11,0,0,0,46
2026-02-21,ST001,MED022,6,6,0,0,0,41
2026-02-21,ST001,MED023,9,0,9,0,0,0
2026-02-21,ST001,MED024,12,12,0,0,0,53
2026-02-21,ST001,MED025,9,9,0,0,0,23
2026-02-21,ST001,MED026,11,11,0,72,0,61
2026-02-21,ST001,MED027,10,10,0,0,0,90
2026-02-21,ST001,MED028,4,4,0,0,0,34
2026-02-21,ST001,MED029,7,7,0,0,0,71
2026-02-21,ST001,MED030,2,2,0,0,0,14
2026-02-21,ST002,MED001,11,11,0,0,0,30
2026-02-21,ST002,MED002,10,10,0,0,0,50
2026-02-21,ST002,MED003,3,3,0,0,0,23
2026-02-21,ST002,MED004,11,11,0,0,0,21
2026-02-21,ST002,MED005,12,12,0,0,0,40
2026-02-21,ST002,MED006,9,9,0,0,0,31
2026-02-21,ST002,MED007,8,8,0,24,0,21
2026-02-21,ST002,MED008,4,4,0,0,0,2
2026-02-21,ST002,MED009,9,9,0,0,0,15
2026-02-21,ST002,MED010,3,3,0,0,0,16
2026-02-21,ST002,MED011,13,13,0,0,0,39
2026-02-21,ST002,MED012,11,11,0,0,0,64
2026-02-21,ST002,MED013,8,7,1,0,0,0
2026-02-21,ST002,MED014,8,0,8,0,0,0
2026-02-21,ST002,MED015,11,11,0,0,0,50
2026-02-21,ST002,MED016,8,8,0,0,0,4
2026-02-21,ST002,MED017,12,12,0,0,0,23
2026-02-21,ST002,MED018,6,6,0,0,0,49
2026-02-21,ST002,MED019,6,6,0,0,0,15
2026-02-21,ST002,MED020,3,3,0,0,0,39
2026-02-21,ST002,MED021,11,11,0,60,0,76
2026-02-21,ST002,MED022,9,9,0,0,0,9
2026-02-21,ST002,MED023,11,11,0,0,0,3
2026-02-21,ST002,MED024,15,15,0,0,0,44
2026-02-21,ST002,MED025,6,6,0,0,0,37
2026-02-21,ST002,MED026,13,13,0,0,0,29
2026-02-21,ST002,MED027,11,11,0,0,0,13
2026-02-21,ST002,MED028,6,0,6,0,0,0
2026-02-21,ST002,MED029,10,10,0,72,0,66
2026-02-21,ST002,MED030,2,2,0,0,0,23
2026-02-21,ST003,MED001,16,3,13,0,0,0
2026-02-21,ST003,MED002,12,12,0,0,0,69
2026-02-21,ST003,MED003,1,1,0,0,0,20
2026-02-21,ST003,MED004,6,6,0,0,0,1
2026-02-21,ST003,MED005,9,9,0,0,0,47
2026-02-21,ST003,MED006,10,10,0,0,0,37
2026-02-21,ST003,MED007,1,1,0,0,0,14
2026-02-21,ST003,MED008,5,2,3,0,0,0
2026-02-21,ST003,MED009,14,14,0,60,0,46
2026-02-21,ST003,MED010,5,5,0,0,0,25
2026-02-21,ST003,MED011,13,13,0,0,0,58
2026-02-21,ST003,MED012,16,16,0,0,0,45
2026-02-21,ST003,MED013,6,6,0,0,0,16
2026-02-21,ST003,MED014,7,7,0,0,0,21
2026-02-21,ST003,MED015,14,14,0,0,0,19
2026-02-21,ST003,MED016,6,6,0,0,0,11
2026-02-21,ST003,MED017,9,9,0,0,0,37
2026-02-21,ST003,MED018,9,0,9,0,0,0
2026-02-21,ST003,MED019,5,5,0,0,0,11
2026-02-21,ST003,MED020,7,7,0,0,0,41
2026-02-21,ST003,MED021,10,10,0,0,0,17
2026-02-21,ST003,MED022,8,8,0,0,0,21
2026-02-21,ST003,MED023,15,15,0,60,0,56
2026-02-21,ST003,MED024,10,10,0,0,0,25
2026-02-21,ST003,MED025,7,7,0,0,0,19
2026-02-21,ST003,MED026,15,15,0,72,0,78
2026-02-21,ST003,MED027,12,12,0,0,0,9
2026-02-21,ST003,MED028,6,6,0,0,0,19
2026-02-21,ST003,MED029,11,11,0,0,0,35
2026-02-21,ST003,MED030,6,6,0,0,0,8
2026-02-21,ST004,MED001,14,14,0,72,0,85
2026-02-21,ST004,MED002,14,14,0,0,0,49
2026-02-21,ST004,MED003,3,3,0,24,0,25
2026-02-21,ST004,MED004,14,14,0,0,0,25
2026-02-21,ST004,MED005,14,14,0,0,0,22
2026-02-21,ST004,MED006,15,5,10,0,0,0
2026-02-21,ST004,MED007,5,0,5,0,0,0
2026-02-21,ST004,MED008,2,2,0,0,0,13
2026-02-21,ST004,MED009,23,23,0,0,0,13
2026-02-21,ST004,MED010,4,4,0,0,0,10
2026-02-21,ST004,MED011,12,12,0,0,0,27
2026-02-21,ST004,MED012,11,11,0,0,0,11
2026-02-21,ST004,MED013,7,7,0,0,0,18
2026-02-21,ST004,MED014,7,7,0,48,0,52
2026-02-21,ST004,MED015,15,8,7,0,0,0
2026-02-21,ST004,MED016,7,7,0,0,0,9
2026-02-21,ST004,MED017,14,14,0,0,0,39
2026-02-21,ST004,MED018,7,7,0,48,0,41
2026-02-21,ST004,MED019,2,2,0,0,0,13
2026-02-21,ST004,MED020,8,8,0,0,0,46
2026-02-21,ST004,MED021,12,12,0,0,0,18
2026-02-21,ST004,MED022,7,6,1,0,0,0
2026-02-21,ST004,MED023,11,11,0,0,0,50
2026-02-21,ST004,MED024,17,17,0,0,0,46
2026-02-21,ST004,MED025,7,7,0,0,0,21
2026-02-21,ST004,MED026,17,17,0,0,0,46
2026-02-21,ST004,MED027,16,16,0,0,0,30
2026-02-21,ST004,MED028,4,4,0,0,0,29
2026-02-21,ST004,MED029,11,11,0,0,0,17
2026-02-21,ST004,MED030,8,8,0,0,0,4
2026-02-21,ST005,MED001,10,10,0,0,0,9
2026-02-21,ST005,MED002,19,19,0,0,0,21
2026-02-21,ST005,MED003,2,2,0,0,0,15
2026-02-21,ST005,MED004,11,11,0,0,0,21
2026-02-21,ST005,MED005,16,16,0,0,0,28
2026-02-21,ST005,MED006,13,13,0,0,0,36
2026-02-21,ST005,MED007,4,4,0,0,0,14
2026-02-21,ST005,MED008,4,4,0,0,0,10
2026-02-21,ST005,MED009,14,14,0,0,0,21
2026-02-21,ST005,MED010,4,4,0,24,0,20
2026-02-21,ST005,MED011,13,13,0,66,0,57
2026-02-21,ST005,MED012,14,14,0,0,0,33
2026-02-21,ST005,MED013,8,0,8,0,0,0
2026-02-21,ST005,MED014,3,3,0,0,0,10
2026-02-21,ST005,MED015,20,20,0,0,0,18
2026-02-21,ST005,MED016,9,9,0,48,0,49
2026-02-21,ST005,MED017,15,15,0,0,0,14
2026-02-21,ST005,MED018,6,6,0,0,0,25
2026-02-21,ST005,MED019,5,5,0,0,0,1
2026-02-21,ST005,MED020,9,9,0,0,0,18
2026-02-21,ST005,MED021,14,14,0,0,0,51
2026-02-21,ST005,MED022,11,11,0,0,0,3
2026-02-21,ST005,MED023,14,14,0,0,0,46
2026-02-21,ST005,MED024,19,19,0,0,0,47
2026-02-21,ST005,MED025,6,6,0,0,0,14
2026-02-21,ST005,MED026,14,14,0,0,0,0
2026-02-21,ST005,MED027,16,16,0,72,0,56
2026-02-21,ST005,MED028,8,8,0,0,0,21
2026-02-21,ST005,MED029,16,16,0,72,0,74
2026-02-21,ST005,MED030,10,9,1,0,0,0
2026-02-21,ST006,MED001,15,9,6,0,0,0
2026-02-21,ST006,MED002,15,15,0,0,0,32
2026-02-21,ST006,MED003,3,3,0,0,0,15
2026-02-21,ST006,MED004,12,12,0,0,0,27
2026-02-21,ST006,MED005,16,3,13,0,0,0
2026-02-21,ST006,MED006,12,12,0,0,0,2
2026-02-21,ST006,MED007,1,1,0,0,0,11
2026-02-21,ST006,MED008,5,5,0,0,0,15
2026-02-21,ST006,MED009,16,16,0,72,0,56
2026-02-21,ST006,MED010,3,3,0,0,0,24
2026-02-21,ST006,MED011,20,20,0,0,0,26
2026-02-21,ST006,MED012,18,18,0,0,0,35
2026-02-21,ST006,MED013,9,9,0,36,0,34
2026-02-21,ST006,MED014,4,4,0,0,0,13
2026-02-21,ST006,MED015,16,16,0,72,0,70
2026-02-21,ST006,MED016,10,10,0,0,0,21
2026-02-21,ST006,MED017,14,14,0,60,0,46
2026-02-21,ST006,MED018,4,4,0,0,0,35
2026-02-21,ST006,MED019,1,1,0,0,0,23
2026-02-21,ST006,MED020,9,9,0,0,0,30
2026-02-21,ST006,MED021,19,19,0,0,0,8
2026-02-21,ST006,MED022,8,8,0,0,0,37
2026-02-21,ST006,MED023,17,17,0,0,0,63
2026-02-21,ST006,MED024,14,14,0,0,0,41
2026-02-21,ST006,MED025,6,6,0,0,0,26
2026-02-21,ST006,MED026,16,16,0,0,0,6
2026-02-21,ST006,MED027,16,16,0,0,0,38
2026-02-21,ST006,MED028,10,10,0,0,0,19
2026-02-21,ST006,MED029,15,15,0,0,0,1
2026-02-21,ST006,MED030,8,7,1,0,0,0
2026-02-21,ST007,MED001,10,10,0,72,0,62
2026-02-21,ST007,MED002,13,13,0,0,0,10
2026-02-21,ST007,MED003,3,0,3,0,0,0
2026-02-21,ST007,MED004,8,8,0,48,0,44
2026-02-21,ST007,MED005,10,10,0,0,0,45
2026-02-21,ST007,MED006,10,0,10,0,0,0
2026-02-21,ST007,MED007,7,7,0,0,0,16
2026-02-21,ST007,MED008,1,1,0,24,0,23
2026-02-21,ST007,MED009,9,9,0,0,0,40
2026-02-21,ST007,MED010,3,3,0,0,0,23
2026-02-21,ST007,MED011,8,8,0,60,0,52
2026-02-21,ST007,MED012,4,4,0,0,0,53
2026-02-21,ST007,MED013,6,6,0,0,0,20
2026-02-21,ST007,MED014,6,6,0,0,0,12
2026-02-21,ST007,MED015,10,10,0,0,0,21
2026-02-21,ST007,MED016,1,1,0,0,0,39
2026-02-21,ST007,MED017,13,13,0,0,0,49
2026-02-21,ST007,MED018,6,6,0,0,0,2
2026-02-21,ST007,MED019,2,2,0,0,0,5
2026-02-21,ST007,MED020,6,6,0,0,0,35
2026-02-21,ST007,MED021,7,7,0,60,0,53
2026-02-21,ST007,MED022,8,8,0,0,0,28
2026-02-21,ST007,MED023,11,0,11,0,0,0
2026-02-21,ST007,MED024,9,9,0,0,0,28
2026-02-21,ST007,MED025,6,6,0,0,0,22
2026-02-21,ST007,MED026,7,7,0,0,0,47
2026-02-21,ST007,MED027,9,4,5,0,0,0
2026-02-21,ST007,MED028,6,4,2,0,0,0
2026-02-21,ST007,MED029,7,7,0,48,0,41
2026-02-21,ST007,MED030,2,2,0,0,0,12
2026-02-21,ST008,MED001,15,15,0,72,0,58
2026-02-21,ST008,MED002,11,11,0,0,0,47
2026-02-21,ST008,MED003,3,3,0,0,0,23
2026-02-21,ST008,MED004,8,8,0,0,0,39
2026-02-21,ST008,MED005,10,10,0,0,0,44
2026-02-21,ST008,MED006,10,10,0,0,0,75
2026-02-21,ST008,MED007,4,4,0,0,0,1
2026-02-21,ST008,MED008,2,2,0,0,0,22
2026-02-21,ST008,MED009,16,16,0,0,0,4
2026-02-21,ST008,MED010,7,7,0,0,0,7
2026-02-21,ST008,MED011,10,10,0,0,0,32
2026-02-21,ST008,MED012,12,12,0,0,0,40
2026-02-21,ST008,MED013,7,7,0,0,0,2
2026-02-21,ST008,MED014,6,6,0,0,0,18
2026-02-21,ST008,MED015,14,14,0,0,0,21
2026-02-21,ST008,MED016,6,6,0,48,0,77
2026-02-21,ST008,MED017,14,14,0,0,0,26
2026-02-21,ST008,MED018,8,8,0,0,0,16
2026-02-21,ST008,MED019,6,6,0,0,0,9
2026-02-21,ST008,MED020,7,7,0,0,0,1
2026-02-21,ST008,MED021,14,14,0,0,0,16
2026-02-21,ST008,MED022,6,6,0,0,0,20
2026-02-21,ST008,MED023,10,10,0,0,0,64
2026-02-21,ST008,MED024,12,12,0,0,0,42
2026-02-21,ST008,MED025,3,3,0,0,0,17
2026-02-21,ST008,MED026,10,10,0,0,0,18
2026-02-21,ST008,MED027,13,13,0,0,0,51
2026-02-21,ST008,MED028,8,0,8,0,0,0
2026-02-21,ST008,MED029,9,9,0,0,0,35
2026-02-21,ST008,MED030,8,8,0,0,0,20
2026-02-21,ST009,MED001,13,13,0,0,0,19
2026-02-21,ST009,MED002,11,11,0,0,0,25
2026-02-21,ST009,MED003,5,5,0,0,0,15
2026-02-21,ST009,MED004,10,10,0,48,0,38
2026-02-21,ST009,MED005,13,13,0,60,0,47
2026-02-21,ST009,MED006,10,10,0,0,0,39
2026-02-21,ST009,MED007,2,2,0,0,0,6
2026-02-21,ST009,MED008,1,0,1,0,0,0
2026-02-21,ST009,MED009,10,10,0,0,0,35
2026-02-21,ST009,MED010,5,5,0,0,0,13
2026-02-21,ST009,MED011,13,13,0,0,0,47
2026-02-21,ST009,MED012,9,9,0,0,0,43
2026-02-21,ST009,MED013,7,7,0,0,0,17
2026-02-21,ST009,MED014,6,6,0,0,0,32
2026-02-21,ST009,MED015,10,10,0,0,0,24
2026-02-21,ST009,MED016,8,8,0,0,0,50
2026-02-21,ST009,MED017,6,6,0,0,0,20
2026-02-21,ST009,MED018,8,8,0,0,0,2
2026-02-21,ST009,MED019,5,5,0,0,0,14
2026-02-21,ST009,MED020,6,6,0,0,0,25
2026-02-21,ST009,MED021,10,10,0,0,0,9
2026-02-21,ST009,MED022,10,10,0,0,0,4
2026-02-21,ST009,MED023,14,14,0,0,0,37
2026-02-21,ST009,MED024,14,14,0,0,0,25
2026-02-21,ST009,MED025,7,7,0,36,0,37
2026-02-21,ST009,MED026,13,13,0,0,0,64
2026-02-21,ST009,MED027,17,17,0,0,0,45
2026-02-21,ST009,MED028,7,7,0,0,0,29
2026-02-21,ST009,MED029,11,7,4,0,0,0
2026-02-21,ST009,MED030,1,1,0,0,0,33
2026-02-21,ST010,MED001,13,13,0,0,0,5
2026-02-21,ST010,MED002,13,13,0,0,0,11
2026-02-21,ST010,MED003,5,5,0,24,0,19
2026-02-21,ST010,MED004,11,11,0,0,0,34
2026-02-21,ST010,MED005,8,8,0,0,0,56
2026-02-21,ST010,MED006,13,13,0,0,0,19
2026-02-21,ST010,MED007,6,6,0,24,0,18
2026-02-21,ST010,MED008,3,3,0,0,0,13
2026-02-21,ST010,MED009,8,8,0,0,0,30
2026-02-21,ST010,MED010,3,3,0,0,0,9
2026-02-21,ST010,MED011,11,11,0,0,0,29
2026-02-21,ST010,MED012,12,12,0,0,0,31
2026-02-21,ST010,MED013,8,8,0,48,0,55
2026-02-21,ST010,MED014,6,6,0,0,0,22
2026-02-21,ST010,MED015,13,13,0,0,0,23
2026-02-21,ST010,MED016,5,0,5,0,0,0
2026-02-21,ST010,MED017,13,13,0,0,0,21
2026-02-21,ST010,MED018,5,5,0,48,0,46
2026-02-21,ST010,MED019,4,4,0,24,0,23
2026-02-21,ST010,MED020,12,12,0,0,0,39
2026-02-21,ST010,MED021,9,9,0,0,0,12
2026-02-21,ST010,MED022,12,12,0,0,0,30
2026-02-21,ST010,MED023,13,13,0,0,0,25
2026-02-21,ST010,MED024,17,17,0,0,0,35
2026-02-21,ST010,MED025,13,13,0,0,0,12
2026-02-21,ST010,MED026,12,12,0,0,0,36
2026-02-21,ST010,MED027,15,15,0,0,0,42
2026-02-21,ST010,MED028,8,8,0,0,0,35
2026-02-21,ST010,MED029,14,14,0,0,0,28
2026-02-21,ST010,MED030,4,4,0,0,0,23
2026-02-21,ST011,MED001,13,13,0,0,0,42
2026-02-21,ST011,MED002,13,13,0,66,0,53
2026-02-21,ST011,MED003,5,5,0,0,0,6
2026-02-21,ST011,MED004,12,0,12,0,0,0
2026-02-21,ST011,MED005,17,17,0,0,0,42
2026-02-21,ST011,MED006,13,13,0,0,0,73
2026-02-21,ST011,MED007,4,4,0,0,0,8
2026-02-21,ST011,MED008,3,3,0,0,0,14
2026-02-21,ST011,MED009,14,14,0,60,0,64
2026-02-21,ST011,MED010,4,4,0,24,0,20
2026-02-21,ST011,MED011,14,14,0,0,0,44
2026-02-21,ST011,MED012,13,13,0,0,0,28
2026-02-21,ST011,MED013,10,10,0,0,0,12
2026-02-21,ST011,MED014,10,10,0,0,0,34
2026-02-21,ST011,MED015,9,9,0,0,0,88
2026-02-21,ST011,MED016,7,7,0,0,0,33
2026-02-21,ST011,MED017,9,9,0,72,0,76
2026-02-21,ST011,MED018,3,3,0,0,0,16
2026-02-21,ST011,MED019,6,6,0,0,0,7
2026-02-21,ST011,MED020,9,9,0,0,0,35
2026-02-21,ST011,MED021,11,11,0,0,0,26
2026-02-21,ST011,MED022,8,8,0,0,0,16
2026-02-21,ST011,MED023,14,14,0,0,0,15
2026-02-21,ST011,MED024,16,0,16,0,0,0
2026-02-21,ST011,MED025,4,4,0,0,0,31
2026-02-21,ST011,MED026,12,12,0,0,0,14
2026-02-21,ST011,MED027,17,17,0,0,0,44
2026-02-21,ST011,MED028,10,10,0,0,0,26
2026-02-21,ST011,MED029,7,7,0,72,0,95
2026-02-21,ST011,MED030,7,7,0,0,0,13
2026-02-21,ST012,MED001,14,14,0,0,0,36
2026-02-21,ST012,MED002,13,13,0,0,0,46
2026-02-21,ST012,MED003,3,3,0,0,0,9
2026-02-21,ST012,MED004,12,12,0,48,0,42
2026-02-21,ST012,MED005,14,14,0,0,0,38
2026-02-21,ST012,MED006,13,13,0,0,0,29
2026-02-21,ST012,MED007,3,3,0,0,0,16
2026-02-21,ST012,MED008,2,2,0,0,0,16
2026-02-21,ST012,MED009,12,12,0,0,0,25
2026-02-21,ST012,MED010,6,6,0,0,0,7
2026-02-21,ST012,MED011,15,15,0,0,0,31
2026-02-21,ST012,MED012,11,9,2,0,0,0
2026-02-21,ST012,MED013,11,11,0,48,0,37
2026-02-21,ST012,MED014,5,5,0,0,0,26
2026-02-21,ST012,MED015,29,5,24,0,0,0
2026-02-21,ST012,MED016,11,11,0,0,0,1
2026-02-21,ST012,MED017,12,12,0,0,0,14
2026-02-21,ST012,MED018,7,7,0,0,0,30
2026-02-21,ST012,MED019,6,6,0,0,0,11
2026-02-21,ST012,MED020,8,8,0,0,0,17
2026-02-21,ST012,MED021,14,0,14,0,0,0
2026-02-21,ST012,MED022,13,13,0,0,0,0
2026-02-21,ST012,MED023,14,14,0,0,0,25
2026-02-21,ST012,MED024,15,15,0,0,0,44
2026-02-21,ST012,MED025,9,9,0,0,0,21
2026-02-21,ST012,MED026,17,17,0,72,0,55
2026-02-21,ST012,MED027,30,30,0,0,0,41
2026-02-21,ST012,MED028,11,0,11,0,0,0
2026-02-21,ST012,MED029,16,16,0,0,0,0
2026-02-21,ST012,MED030,5,3,2,0,0,0
2026-02-21,ST013,MED001,15,15,0,0,0,16
2026-02-21,ST013,MED002,19,19,0,0,0,38
2026-02-21,ST013,MED003,6,6,0,0,0,15
2026-02-21,ST013,MED004,14,14,0,0,0,14
2026-02-21,ST013,MED005,15,15,0,0,0,21
2026-02-21,ST013,MED006,14,14,0,0,0,43
2026-02-21,ST013,MED007,2,2,0,0,0,12
2026-02-21,ST013,MED008,8,8,0,0,0,10
2026-02-21,ST013,MED009,16,0,16,0,0,0
2026-02-21,ST013,MED010,6,6,0,0,0,25
2026-02-21,ST013,MED011,16,16,0,0,0,43
2026-02-21,ST013,MED012,15,15,0,0,0,11
2026-02-21,ST013,MED013,10,10,0,48,0,52
2026-02-21,ST013,MED014,9,9,0,0,0,21
2026-02-21,ST013,MED015,15,0,15,0,0,0
2026-02-21,ST013,MED016,9,9,0,48,0,45
2026-02-21,ST013,MED017,16,16,0,72,0,56
2026-02-21,ST013,MED018,8,8,0,0,0,34
2026-02-21,ST013,MED019,8,8,0,0,0,3
2026-02-21,ST013,MED020,10,2,8,0,0,0
2026-02-21,ST013,MED021,16,15,1,0,0,0
2026-02-21,ST013,MED022,19,19,0,0,0,7
2026-02-21,ST013,MED023,19,19,0,72,0,53
2026-02-21,ST013,MED024,17,17,0,0,0,16
2026-02-21,ST013,MED025,15,15,0,0,0,20
2026-02-21,ST013,MED026,15,15,0,0,0,36
2026-02-21,ST013,MED027,18,18,0,0,0,49
2026-02-21,ST013,MED028,10,10,0,0,0,21
2026-02-21,ST013,MED029,12,12,0,0,0,76
2026-02-21,ST013,MED030,7,0,7,0,0,0
2026-02-21,ST014,MED001,6,6,0,0,0,40
2026-02-21,ST014,MED002,10,10,0,0,0,19
2026-02-21,ST014,MED003,1,0,1,0,0,0
2026-02-21,ST014,MED004,5,5,0,0,0,26
2026-02-21,ST014,MED005,8,8,0,60,0,88
2026-02-21,ST014,MED006,14,14,0,0,0,50
2026-02-21,ST014,MED007,0,0,0,0,0,19
2026-02-21,ST014,MED008,6,6,0,0,0,9
2026-02-21,ST014,MED009,11,11,0,0,0,44
2026-02-21,ST014,MED010,5,5,0,0,0,13
2026-02-21,ST014,MED011,9,9,0,0,0,51
2026-02-21,ST014,MED012,12,12,0,0,0,39
2026-02-21,ST014,MED013,0,0,0,0,0,19
2026-02-21,ST014,MED014,5,5,0,0,0,37
2026-02-21,ST014,MED015,9,0,9,0,0,0
2026-02-21,ST014,MED016,7,0,7,0,0,0
2026-02-21,ST014,MED017,9,9,0,0,0,60
2026-02-21,ST014,MED018,3,3,0,0,0,26
2026-02-21,ST014,MED019,4,4,0,0,0,18
2026-02-21,ST014,MED020,9,9,0,48,0,41
2026-02-21,ST014,MED021,7,0,7,0,0,0
2026-02-21,ST014,MED022,5,5,0,0,0,20
2026-02-21,ST014,MED023,8,8,0,0,0,59
2026-02-21,ST014,MED024,12,12,0,0,0,45
2026-02-21,ST014,MED025,5,5,0,0,0,48
2026-02-21,ST014,MED026,11,11,0,0,0,42
2026-02-21,ST014,MED027,12,12,0,0,0,27
2026-02-21,ST014,MED028,10,10,0,0,0,30
2026-02-21,ST014,MED029,5,5,0,0,0,49
2026-02-21,ST014,MED030,4,4,0,0,0,11
2026-02-21,ST015,MED001,7,7,0,0,0,10
2026-02-21,ST015,MED002,11,11,0,0,0,3
2026-02-21,ST015,MED003,2,2,0,0,0,19
2026-02-21,ST015,MED004,8,8,0,48,0,54
2026-02-21,ST015,MED005,10,0,10,0,0,0
2026-02-21,ST015,MED006,7,5,2,0,0,0
2026-02-21,ST015,MED007,6,6,0,24,0,18
2026-02-21,ST015,MED008,0,0,0,0,0,0
2026-02-21,ST015,MED009,8,8,0,0,0,45
2026-02-21,ST015,MED010,5,5,0,24,0,25
2026-02-21,ST015,MED011,9,9,0,0,0,41
2026-02-21,ST015,MED012,11,11,0,0,0,30
2026-02-21,ST015,MED013,2,2,0,0,0,3
2026-02-21,ST015,MED014,6,4,2,0,0,0
2026-02-21,ST015,MED015,11,11,0,0,0,73
2026-02-21,ST015,MED016,8,8,0,48,0,40
2026-02-21,ST015,MED017,8,8,0,0,0,65
2026-02-21,ST015,MED018,9,9,0,0,0,23
2026-02-21,ST015,MED019,1,1,0,0,0,13
2026-02-21,ST015,MED020,6,6,0,48,0,44
2026-02-21,ST015,MED021,11,11,0,0,0,37
2026-02-21,ST015,MED022,3,3,0,0,0,40
2026-02-21,ST015,MED023,6,6,0,0,0,47
2026-02-21,ST015,MED024,8,8,0,0,0,50
2026-02-21,ST015,MED025,4,4,0,0,0,22
2026-02-21,ST015,MED026,11,11,0,0,0,65
2026-02-21,ST015,MED027,9,9,0,0,0,53
2026-02-21,ST015,MED028,7,7,0,48,0,48
2026-02-21,ST015,MED029,7,7,0,0,0,55
2026-02-21,ST015,MED030,6,6,0,30,0,24
2026-02-21,ST016,MED001,8,8,0,0,0,77
2026-02-21,ST016,MED002,14,14,0,0,0,27
2026-02-21,ST016,MED003,10,5,5,0,0,0
2026-02-21,ST016,MED004,9,9,0,0,0,36
2026-02-21,ST016,MED005,9,0,9,0,0,0
2026-02-21,ST016,MED006,10,10,0,0,0,6
2026-02-21,ST016,MED007,6,0,6,0,0,0
2026-02-21,ST016,MED008,3,3,0,0,0,14
2026-02-21,ST016,MED009,12,12,0,0,0,12
2026-02-21,ST016,MED010,3,3,0,24,0,35
2026-02-21,ST016,MED011,13,13,0,0,0,40
2026-02-21,ST016,MED012,13,13,0,0,0,29
2026-02-21,ST016,MED013,6,6,0,0,0,22
2026-02-21,ST016,MED014,5,5,0,0,0,42
2026-02-21,ST016,MED015,12,12,0,0,0,47
2026-02-21,ST016,MED016,4,2,2,0,0,0
2026-02-21,ST016,MED017,11,11,0,0,0,16
2026-02-21,ST016,MED018,8,0,8,0,0,0
2026-02-21,ST016,MED019,3,3,0,24,0,34
2026-02-21,ST016,MED020,9,9,0,0,0,29
2026-02-21,ST016,MED021,6,6,0,0,0,28
2026-02-21,ST016,MED022,9,9,0,0,0,46
2026-02-21,ST016,MED023,11,11,0,0,0,15
2026-02-21,ST016,MED024,14,14,0,72,0,82
2026-02-21,ST016,MED025,8,8,0,36,0,42
2026-02-21,ST016,MED026,14,14,0,0,0,43
2026-02-21,ST016,MED027,9,9,0,0,0,18
2026-02-21,ST016,MED028,4,4,0,0,0,26
2026-02-21,ST016,MED029,8,8,0,0,0,58
2026-02-21,ST016,MED030,4,4,0,0,0,32
2026-02-21,ST017,MED001,13,13,0,0,0,75
2026-02-21,ST017,MED002,12,12,0,66,0,57
2026-02-21,ST017,MED003,4,4,0,0,0,18
2026-02-21,ST017,MED004,10,10,0,48,0,38
2026-02-21,ST017,MED005,17,0,17,0,0,0
2026-02-21,ST017,MED006,11,11,0,0,0,29
2026-02-21,ST017,MED007,1,1,0,0,0,20
2026-02-21,ST017,MED008,4,4,0,0,0,17
2026-02-21,ST017,MED009,10,10,0,0,0,48
2026-02-21,ST017,MED010,7,7,0,0,0,8
2026-02-21,ST017,MED011,16,16,0,0,0,35
2026-02-21,ST017,MED012,16,16,0,0,0,15
2026-02-21,ST017,MED013,8,8,0,0,0,43
2026-02-21,ST017,MED014,6,6,0,0,0,23
2026-02-21,ST017,MED015,12,12,0,0,0,19
2026-02-21,ST017,MED016,7,7,0,0,0,21
2026-02-21,ST017,MED017,14,14,0,0,0,44
2026-02-21,ST017,MED018,8,8,0,0,0,3
2026-02-21,ST017,MED019,5,5,0,0,0,5
2026-02-21,ST017,MED020,7,7,0,0,0,1
2026-02-21,ST017,MED021,10,10,0,54,0,44
2026-02-21,ST017,MED022,8,8,0,0,0,28
2026-02-21,ST017,MED023,13,13,0,0,0,59
2026-02-21,ST017,MED024,15,15,0,0,0,49
2026-02-21,ST017,MED025,5,5,0,0,0,26
2026-02-21,ST017,MED026,13,13,0,0,0,57
2026-02-21,ST017,MED027,12,12,0,0,0,53
2026-02-21,ST017,MED028,6,0,6,0,0,0
2026-02-21,ST017,MED029,8,0,8,0,0,0
2026-02-21,ST017,MED030,12,12,0,30,0,18
2026-02-21,ST018,MED001,14,14,0,0,0,25
2026-02-21,ST018,MED002,14,14,0,0,0,6
2026-02-21,ST018,MED003,5,5,0,0,0,8
2026-02-21,ST018,MED004,11,11,0,0,0,29
2026-02-21,ST018,MED005,13,13,0,0,0,66
2026-02-21,ST018,MED006,16,16,0,0,0,17
2026-02-21,ST018,MED007,4,4,0,0,0,3
2026-02-21,ST018,MED008,2,2,0,0,0,4
2026-02-21,ST018,MED009,12,12,0,0,0,19
2026-02-21,ST018,MED010,10,10,0,0,0,9
2026-02-21,ST018,MED011,14,14,0,72,0,73
2026-02-21,ST018,MED012,17,17,0,0,0,6
2026-02-21,ST018,MED013,9,9,0,36,0,44
2026-02-21,ST018,MED014,11,11,0,0,0,21
2026-02-21,ST018,MED015,16,16,0,72,0,56
2026-02-21,ST018,MED016,7,7,0,0,0,26
2026-02-21,ST018,MED017,15,15,0,0,0,37
2026-02-21,ST018,MED018,10,10,0,0,0,13
2026-02-21,ST018,MED019,6,6,0,0,0,6
2026-02-21,ST018,MED020,6,6,0,0,0,21
2026-02-21,ST018,MED021,12,12,0,0,0,24
2026-02-21,ST018,MED022,10,10,0,0,0,10
2026-02-21,ST018,MED023,13,13,0,0,0,12
2026-02-21,ST018,MED024,13,13,0,0,0,39
2026-02-21,ST018,MED025,9,9,0,0,0,36
2026-02-21,ST018,MED026,9,9,0,0,0,40
2026-02-21,ST018,MED027,12,12,0,0,0,22
2026-02-21,ST018,MED028,11,11,0,0,0,21
2026-02-21,ST018,MED029,10,10,0,0,0,44
2026-02-21,ST018,MED030,10,10,0,30,0,35
2026-02-21,ST019,MED001,11,11,0,0,0,17
2026-02-21,ST019,MED002,13,13,0,60,0,73
2026-02-21,ST019,MED003,7,7,0,0,0,10
2026-02-21,ST019,MED004,15,15,0,0,0,29
2026-02-21,ST019,MED005,12,12,0,0,0,19
2026-02-21,ST019,MED006,13,13,0,0,0,50
2026-02-21,ST019,MED007,3,3,0,0,0,3
2026-02-21,ST019,MED008,6,6,0,0,0,1
2026-02-21,ST019,MED009,13,10,3,0,0,0
2026-02-21,ST019,MED010,6,6,0,0,0,1
2026-02-21,ST019,MED011,11,11,0,0,0,20
2026-02-21,ST019,MED012,12,12,0,0,0,1
2026-02-21,ST019,MED013,12,12,0,0,0,5
2026-02-21,ST019,MED014,6,6,0,0,0,34
2026-02-21,ST019,MED015,19,19,0,0,0,51
2026-02-21,ST019,MED016,10,10,0,0,0,43
2026-02-21,ST019,MED017,14,14,0,0,0,3
2026-02-21,ST019,MED018,8,8,0,0,0,21
2026-02-21,ST019,MED019,0,0,0,0,0,7
2026-02-21,ST019,MED020,7,0,7,0,0,0
2026-02-21,ST019,MED021,12,12,0,0,0,23
2026-02-21,ST019,MED022,10,10,0,0,0,20
2026-02-21,ST019,MED023,14,14,0,0,0,35
2026-02-21,ST019,MED024,15,15,0,0,0,5
2026-02-21,ST019,MED025,10,10,0,0,0,1
2026-02-21,ST019,MED026,13,13,0,0,0,26
2026-02-21,ST019,MED027,15,15,0,0,0,46
2026-02-21,ST019,MED028,7,7,0,0,0,6
2026-02-21,ST019,MED029,12,12,0,0,0,41
2026-02-21,ST019,MED030,9,9,0,30,0,26
2026-02-21,ST020,MED001,16,16,0,0,0,55
2026-02-21,ST020,MED002,19,19,0,0,0,24
2026-02-21,ST020,MED003,8,8,0,0,0,29
2026-02-21,ST020,MED004,18,0,18,0,0,0
2026-02-21,ST020,MED005,15,0,15,0,0,0
2026-02-21,ST020,MED006,14,14,0,0,0,34
2026-02-21,ST020,MED007,3,3,0,0,0,10
2026-02-21,ST020,MED008,6,6,0,0,0,12
2026-02-21,ST020,MED009,16,16,0,0,0,4
2026-02-21,ST020,MED010,9,9,0,0,0,12
2026-02-21,ST020,MED011,16,6,10,0,0,0
2026-02-21,ST020,MED012,17,17,0,0,0,39
2026-02-21,ST020,MED013,10,10,0,48,0,38
2026-02-21,ST020,MED014,10,10,0,0,0,21
2026-02-21,ST020,MED015,16,16,0,0,0,35
2026-02-21,ST020,MED016,17,15,2,0,0,0
2026-02-21,ST020,MED017,17,17,0,72,0,55
2026-02-21,ST020,MED018,9,8,1,0,0,0
2026-02-21,ST020,MED019,3,3,0,0,0,1
2026-02-21,ST020,MED020,9,9,0,0,0,3
2026-02-21,ST020,MED021,15,15,0,0,0,41
2026-02-21,ST020,MED022,9,9,0,42,0,47
2026-02-21,ST020,MED023,16,16,0,0,0,9
2026-02-21,ST020,MED024,18,18,0,0,0,54
2026-02-21,ST020,MED025,10,10,0,0,0,5
2026-02-21,ST020,MED026,15,15,0,0,0,44
2026-02-21,ST020,MED027,17,17,0,0,0,22
2026-02-21,ST020,MED028,9,9,0,0,0,32
2026-02-21,ST020,MED029,14,14,0,72,0,94
2026-02-21,ST020,MED030,0,0,0,0,0,1
2026-02-21,ST021,MED001,10,10,0,0,0,48
2026-02-21,ST021,MED002,9,9,0,0,0,30
2026-02-21,ST021,MED003,4,4,0,0,0,1
2026-02-21,ST021,MED004,6,6,0,0,0,44
2026-02-21,ST021,MED005,7,3,4,0,0,0
2026-02-21,ST021,MED006,8,8,0,0,0,17
2026-02-21,ST021,MED007,3,3,0,0,0,8
2026-02-21,ST021,MED008,3,3,0,0,0,22
2026-02-21,ST021,MED009,9,9,0,0,0,32
2026-02-21,ST021,MED010,4,4,0,24,0,27
2026-02-21,ST021,MED011,14,14,0,0,0,31
2026-02-21,ST021,MED012,6,0,6,0,0,0
2026-02-21,ST021,MED013,4,4,0,48,0,52
2026-02-21,ST021,MED014,7,7,0,0,0,18
2026-02-21,ST021,MED015,12,12,0,0,0,67
2026-02-21,ST021,MED016,5,5,0,0,0,49
2026-02-21,ST021,MED017,10,0,10,0,0,0
2026-02-21,ST021,MED018,4,4,0,0,0,12
2026-02-21,ST021,MED019,4,4,0,0,0,2
2026-02-21,ST021,MED020,9,9,0,48,0,39
2026-02-21,ST021,MED021,5,5,0,0,0,42
2026-02-21,ST021,MED022,4,4,0,0,0,32
2026-02-21,ST021,MED023,11,11,0,0,0,31
2026-02-21,ST021,MED024,10,0,10,0,0,0
2026-02-21,ST021,MED025,3,0,3,0,0,0
2026-02-21,ST021,MED026,8,8,0,0,0,40
2026-02-21,ST021,MED027,10,10,0,72,0,73
2026-02-21,ST021,MED028,7,0,7,0,0,0
2026-02-21,ST021,MED029,9,9,0,0,0,64
2026-02-21,ST021,MED030,4,4,0,0,0,14
2026-02-21,ST022,MED001,10,10,0,0,0,62
2026-02-21,ST022,MED002,8,4,4,0,0,0
2026-02-21,ST022,MED003,0,0,0,0,0,22
2026-02-21,ST022,MED004,2,2,0,0,0,9
2026-02-21,ST022,MED005,12,12,0,0,0,34
2026-02-21,ST022,MED006,9,9,0,0,0,52
2026-02-21,ST022,MED007,2,2,0,0,0,19
2026-02-21,ST022,MED008,2,2,0,0,0,13
2026-02-21,ST022,MED009,12,12,0,0,0,20
2026-02-21,ST022,MED010,5,0,5,0,0,0
2026-02-21,ST022,MED011,8,8,0,0,0,41
2026-02-21,ST022,MED012,8,8,0,0,0,33
2026-02-21,ST022,MED013,4,4,0,0,0,28
2026-02-21,ST022,MED014,0,0,0,0,0,39
2026-02-21,ST022,MED015,11,11,0,0,0,59
2026-02-21,ST022,MED016,8,8,0,0,0,33
2026-02-21,ST022,MED017,9,0,9,0,0,0
2026-02-21,ST022,MED018,5,0,5,0,0,0
2026-02-21,ST022,MED019,0,0,0,24,0,33
2026-02-21,ST022,MED020,5,5,0,48,0,43
2026-02-21,ST022,MED021,5,5,0,0,0,24
2026-02-21,ST022,MED022,8,8,0,0,0,41
2026-02-21,ST022,MED023,8,8,0,72,0,64
2026-02-21,ST022,MED024,11,11,0,0,0,37
2026-02-21,ST022,MED025,8,8,0,0,0,40
2026-02-21,ST022,MED026,12,12,0,0,0,11
2026-02-21,ST022,MED027,11,0,11,0,0,0
2026-02-21,ST022,MED028,7,7,0,0,0,19
2026-02-21,ST022,MED029,8,8,0,0,0,37
2026-02-21,ST022,MED030,6,5,1,0,0,0
2026-02-21,ST023,MED001,16,16,0,0,0,42
2026-02-21,ST023,MED002,16,16,0,66,0,67
2026-02-21,ST023,MED003,1,1,0,24,0,23
2026-02-21,ST023,MED004,9,9,0,0,0,22
2026-02-21,ST023,MED005,13,13,0,0,0,39
2026-02-21,ST023,MED006,10,10,0,0,0,39
2026-02-21,ST023,MED007,1,1,0,0,0,9
2026-02-21,ST023,MED008,5,5,0,0,0,6
2026-02-21,ST023,MED009,14,14,0,0,0,46
2026-02-21,ST023,MED010,5,5,0,0,0,3
2026-02-21,ST023,MED011,12,12,0,60,0,58
2026-02-21,ST023,MED012,9,9,0,0,0,41
2026-02-21,ST023,MED013,5,5,0,0,0,29
2026-02-21,ST023,MED014,9,9,0,0,0,18
2026-02-21,ST023,MED015,9,9,0,0,0,63
2026-02-21,ST023,MED016,6,6,0,0,0,7
2026-02-21,ST023,MED017,14,14,0,0,0,48
2026-02-21,ST023,MED018,8,8,0,48,0,72
2026-02-21,ST023,MED019,4,4,0,0,0,16
2026-02-21,ST023,MED020,8,8,0,0,0,42
2026-02-21,ST023,MED021,4,4,0,0,0,35
2026-02-21,ST023,MED022,9,9,0,0,0,29
2026-02-21,ST023,MED023,11,11,0,0,0,50
2026-02-21,ST023,MED024,11,11,0,72,0,92
2026-02-21,ST023,MED025,7,7,0,0,0,20
2026-02-21,ST023,MED026,11,11,0,72,0,76
2026-02-21,ST023,MED027,14,14,0,0,0,45
2026-02-21,ST023,MED028,2,2,0,0,0,44
2026-02-21,ST023,MED029,7,7,0,0,0,36
2026-02-21,ST023,MED030,10,10,0,30,0,21
2026-02-21,ST024,MED001,9,9,0,72,0,63
2026-02-21,ST024,MED002,12,12,0,0,0,46
2026-02-21,ST024,MED003,4,0,4,0,0,0
2026-02-21,ST024,MED004,11,11,0,0,0,9
2026-02-21,ST024,MED005,13,13,0,0,0,24
2026-02-21,ST024,MED006,13,13,0,0,0,34
2026-02-21,ST024,MED007,1,1,0,24,0,23
2026-02-21,ST024,MED008,1,1,0,24,0,23
2026-02-21,ST024,MED009,14,14,0,0,0,25
2026-02-21,ST024,MED010,2,2,0,0,0,2
2026-02-21,ST024,MED011,12,12,0,0,0,34
2026-02-21,ST024,MED012,11,11,0,0,0,17
2026-02-21,ST024,MED013,9,9,0,0,0,22
2026-02-21,ST024,MED014,2,2,0,0,0,17
2026-02-21,ST024,MED015,14,14,0,0,0,31
2026-02-21,ST024,MED016,11,11,0,0,0,26
2026-02-21,ST024,MED017,10,0,10,0,0,0
2026-02-21,ST024,MED018,7,7,0,0,0,41
2026-02-21,ST024,MED019,1,1,0,0,0,4
2026-02-21,ST024,MED020,5,5,0,0,0,37
2026-02-21,ST024,MED021,13,6,7,0,0,0
2026-02-21,ST024,MED022,10,10,0,0,0,17
2026-02-21,ST024,MED023,14,14,0,0,0,8
2026-02-21,ST024,MED024,14,14,0,0,0,46
2026-02-21,ST024,MED025,8,8,0,0,0,20
2026-02-21,ST024,MED026,9,9,0,0,0,1
2026-02-21,ST024,MED027,11,11,0,0,0,39
2026-02-21,ST024,MED028,7,7,0,0,0,33
2026-02-21,ST024,MED029,10,10,0,0,0,31
2026-02-21,ST024,MED030,8,8,0,0,0,10
2026-02-21,ST025,MED001,15,15,0,0,0,45
2026-02-21,ST025,MED002,10,10,0,0,0,20
2026-02-21,ST025,MED003,1,1,0,0,0,13
2026-02-21,ST025,MED004,10,8,2,0,0,0
2026-02-21,ST025,MED005,11,11,0,60,0,49
2026-02-21,ST025,MED006,15,15,0,0,0,0
2026-02-21,ST025,MED007,3,3,0,24,0,22
2026-02-21,ST025,MED008,4,4,0,0,0,20
2026-02-21,ST025,MED009,10,10,0,60,0,67
2026-02-21,ST025,MED010,6,6,0,24,0,22
2026-02-21,ST025,MED011,11,11,0,60,0,60
2026-02-21,ST025,MED012,10,10,0,60,0,55
2026-02-21,ST025,MED013,11,11,0,0,0,25
2026-02-21,ST025,MED014,4,4,0,0,0,11
2026-02-21,ST025,MED015,16,16,0,72,0,85
2026-02-21,ST025,MED016,10,10,0,0,0,23
2026-02-21,ST025,MED017,12,12,0,60,0,48
2026-02-21,ST025,MED018,11,11,0,0,0,24
2026-02-21,ST025,MED019,3,3,0,0,0,3
2026-02-21,ST025,MED020,7,7,0,0,0,22
2026-02-21,ST025,MED021,10,10,0,60,0,50
2026-02-21,ST025,MED022,11,11,0,0,0,39
2026-02-21,ST025,MED023,12,0,12,0,0,0
2026-02-21,ST025,MED024,17,17,0,0,0,6
2026-02-21,ST025,MED025,8,8,0,0,0,23
2026-02-21,ST025,MED026,16,16,0,0,0,26
2026-02-21,ST025,MED027,14,14,0,0,0,32
2026-02-21,ST025,MED028,8,8,0,0,0,20
2026-02-21,ST025,MED029,11,11,0,0,0,24
2026-02-21,ST025,MED030,10,10,0,0,0,14
2026-02-21,ST026,MED001,17,17,0,0,0,31
2026-02-21,ST026,MED002,16,16,0,60,0,48
2026-02-21,ST026,MED003,5,0,5,0,0,0
2026-02-21,ST026,MED004,11,3,8,0,0,0
2026-02-21,ST026,MED005,16,16,0,0,0,13
2026-02-21,ST026,MED006,13,13,0,60,0,47
2026-02-21,ST026,MED007,5,5,0,0,0,14
2026-02-21,ST026,MED008,6,4,2,0,0,0
2026-02-21,ST026,MED009,17,17,0,0,0,35
2026-02-21,ST026,MED010,10,9,1,0,0,0
2026-02-21,ST026,MED011,15,15,0,0,0,62
2026-02-21,ST026,MED012,16,16,0,0,0,16
2026-02-21,ST026,MED013,9,9,0,0,0,21
2026-02-21,ST026,MED014,3,3,0,48,0,45
2026-02-21,ST026,MED015,14,14,0,0,0,49
2026-02-21,ST026,MED016,7,7,0,0,0,15
2026-02-21,ST026,MED017,16,16,0,0,0,32
2026-02-21,ST026,MED018,5,5,0,48,0,64
2026-02-21,ST026,MED019,3,2,1,0,0,0
2026-02-21,ST026,MED020,11,11,0,0,0,37
2026-02-21,ST026,MED021,18,18,0,0,0,17
2026-02-21,ST026,MED022,7,7,0,42,0,51
2026-02-21,ST026,MED023,15,15,0,0,0,16
2026-02-21,ST026,MED024,16,16,0,0,0,41
2026-02-21,ST026,MED025,7,7,0,0,0,15
2026-02-21,ST026,MED026,15,15,0,0,0,41
2026-02-21,ST026,MED027,18,18,0,72,0,54
2026-02-21,ST026,MED028,7,7,0,48,0,43
2026-02-21,ST026,MED029,9,9,0,72,0,63
2026-02-21,ST026,MED030,5,5,0,0,0,43
2026-02-21,ST027,MED001,18,18,0,0,0,26
2026-02-21,ST027,MED002,14,14,0,0,0,22
2026-02-21,ST027,MED003,5,5,0,0,0,1
2026-02-21,ST027,MED004,12,12,0,60,0,55
2026-02-21,ST027,MED005,17,4,13,0,0,0
2026-02-21,ST027,MED006,15,15,0,0,0,29
2026-02-21,ST027,MED007,3,3,0,0,0,16
2026-02-21,ST027,MED008,6,6,0,0,0,19
2026-02-21,ST027,MED009,14,14,0,0,0,23
2026-02-21,ST027,MED010,3,3,0,0,0,19
2026-02-21,ST027,MED011,14,14,0,0,0,57
2026-02-21,ST027,MED012,19,19,0,0,0,48
2026-02-21,ST027,MED013,6,6,0,0,0,65
2026-02-21,ST027,MED014,6,6,0,0,0,41
2026-02-21,ST027,MED015,20,20,0,72,0,52
2026-02-21,ST027,MED016,13,13,0,0,0,37
2026-02-21,ST027,MED017,19,19,0,0,0,31
2026-02-21,ST027,MED018,6,6,0,0,0,25
2026-02-21,ST027,MED019,4,4,0,0,0,8
2026-02-21,ST027,MED020,10,10,0,48,0,56
2026-02-21,ST027,MED021,16,2,14,0,0,0
2026-02-21,ST027,MED022,8,8,0,0,0,15
2026-02-21,ST027,MED023,14,0,14,0,0,0
2026-02-21,ST027,MED024,22,22,0,0,0,29
2026-02-21,ST027,MED025,10,8,2,0,0,0
2026-02-21,ST027,MED026,11,11,0,0,0,19
2026-02-21,ST027,MED027,17,17,0,0,0,25
2026-02-21,ST027,MED028,8,8,0,0,0,14
2026-02-21,ST027,MED029,12,12,0,72,0,60
2026-02-21,ST027,MED030,10,1,9,0,0,0
2026-02-21,ST028,MED001,10,0,10,0,0,0
2026-02-21,ST028,MED002,11,11,0,0,0,58
2026-02-21,ST028,MED003,2,2,0,0,0,0
2026-02-21,ST028,MED004,8,8,0,0,0,13
2026-02-21,ST028,MED005,9,9,0,0,0,56
2026-02-21,ST028,MED006,7,7,0,0,0,41
2026-02-21,ST028,MED007,4,4,0,0,0,11
2026-02-21,ST028,MED008,2,2,0,0,0,15
2026-02-21,ST028,MED009,8,8,0,0,0,21
2026-02-21,ST028,MED010,0,0,0,24,0,31
2026-02-21,ST028,MED011,6,6,0,0,0,54
2026-02-21,ST028,MED012,5,5,0,0,0,50
2026-02-21,ST028,MED013,4,4,0,0,0,10
2026-02-21,ST028,MED014,5,5,0,0,0,37
2026-02-21,ST028,MED015,12,12,0,0,0,28
2026-02-21,ST028,MED016,6,3,3,0,0,0
2026-02-21,ST028,MED017,9,9,0,0,0,46
2026-02-21,ST028,MED018,2,2,0,0,0,20
2026-02-21,ST028,MED019,0,0,0,0,0,20
2026-02-21,ST028,MED020,5,5,0,0,0,36
2026-02-21,ST028,MED021,10,10,0,0,0,39
2026-02-21,ST028,MED022,1,1,0,0,0,38
2026-02-21,ST028,MED023,9,9,0,72,0,63
2026-02-21,ST028,MED024,9,9,0,0,0,41
2026-02-21,ST028,MED025,5,5,0,36,0,31
2026-02-21,ST028,MED026,9,9,0,0,0,69
2026-02-21,ST028,MED027,22,22,0,0,0,24
2026-02-21,ST028,MED028,5,1,4,0,0,0
2026-02-21,ST028,MED029,3,3,0,0,0,4
2026-02-21,ST028,MED030,2,2,0,0,0,28
2026-02-21,ST029,MED001,11,11,0,0,0,63
2026-02-21,ST029,MED002,12,12,0,0,0,51
2026-02-21,ST029,MED003,2,2,0,0,0,11
2026-02-21,ST029,MED004,13,13,0,0,0,22
2026-02-21,ST029,MED005,7,7,0,0,0,34
2026-02-21,ST029,MED006,17,17,0,0,0,42
2026-02-21,ST029,MED007,6,6,0,0,0,17
2026-02-21,ST029,MED008,2,2,0,24,0,22
2026-02-21,ST029,MED009,9,0,9,0,0,0
2026-02-21,ST029,MED010,4,4,0,24,0,20
2026-02-21,ST029,MED011,10,10,0,0,0,47
2026-02-21,ST029,MED012,5,5,0,60,0,64
2026-02-21,ST029,MED013,5,5,0,0,0,6
2026-02-21,ST029,MED014,6,6,0,0,0,49
2026-02-21,ST029,MED015,11,11,0,0,0,30
2026-02-21,ST029,MED016,7,7,0,48,0,41
2026-02-21,ST029,MED017,9,0,9,0,0,0
2026-02-21,ST029,MED018,6,6,0,0,0,35
2026-02-21,ST029,MED019,2,2,0,0,0,10
2026-02-21,ST029,MED020,2,2,0,0,0,29
2026-02-21,ST029,MED021,7,7,0,0,0,32
2026-02-21,ST029,MED022,10,10,0,42,0,48
2026-02-21,ST029,MED023,11,11,0,0,0,42
2026-02-21,ST029,MED024,11,11,0,0,0,30
2026-02-21,ST029,MED025,6,6,0,0,0,26
2026-02-21,ST029,MED026,10,10,0,0,0,35
2026-02-21,ST029,MED027,12,12,0,0,0,38
2026-02-21,ST029,MED028,3,3,0,0,0,6
2026-02-21,ST029,MED029,10,10,0,72,0,109
2026-02-21,ST029,MED030,7,7,0,0,0,26
2026-02-21,ST030,MED001,13,13,0,0,0,29
2026-02-21,ST030,MED002,10,10,0,0,0,13
2026-02-21,ST030,MED003,1,1,0,24,0,23
2026-02-21,ST030,MED004,10,10,0,0,0,51
2026-02-21,ST030,MED005,12,12,0,0,0,10
2026-02-21,ST030,MED006,13,13,0,60,0,47
2026-02-21,ST030,MED007,0,0,0,24,0,24
2026-02-21,ST030,MED008,3,3,0,0,0,19
2026-02-21,ST030,MED009,12,12,0,0,0,49
2026-02-21,ST030,MED010,3,3,0,0,0,8
2026-02-21,ST030,MED011,13,13,0,0,0,42
2026-02-21,ST030,MED012,7,7,0,0,0,34
2026-02-21,ST030,MED013,9,9,0,0,0,40
2026-02-21,ST030,MED014,5,5,0,0,0,6
2026-02-21,ST030,MED015,16,16,0,0,0,48
2026-02-21,ST030,MED016,6,6,0,48,0,64
2026-02-21,ST030,MED017,15,15,0,0,0,43
2026-02-21,ST030,MED018,8,8,0,0,0,34
2026-02-21,ST030,MED019,0,0,0,0,0,21
2026-02-21,ST030,MED020,3,3,0,0,0,23
2026-02-21,ST030,MED021,10,10,0,0,0,31
2026-02-21,ST030,MED022,7,7,0,0,0,22
2026-02-21,ST030,MED023,12,0,12,0,0,0
2026-02-21,ST030,MED024,13,13,0,0,0,57
2026-02-21,ST030,MED025,3,3,0,0,0,24
2026-02-21,ST030,MED026,15,1,14,0,0,0
2026-02-21,ST030,MED027,14,14,0,0,0,36
2026-02-21,ST030,MED028,5,5,0,0,0,19
2026-02-21,ST030,MED029,9,0,9,0,0,0
2026-02-21,ST030,MED030,5,5,0,30,0,25
2026-02-21,ST031,MED001,12,12,0,0,0,23
2026-02-21,ST031,MED002,13,13,0,0,0,4
2026-02-21,ST031,MED003,2,2,0,0,0,15
2026-02-21,ST031,MED004,7,7,0,0,0,49
2026-02-21,ST031,MED005,9,9,0,0,0,60
2026-02-21,ST031,MED006,13,13,0,0,0,51
2026-02-21,ST031,MED007,2,2,0,0,0,10
2026-02-21,ST031,MED008,6,6,0,0,0,4
2026-02-21,ST031,MED009,12,12,0,60,0,58
2026-02-21,ST031,MED010,3,3,0,0,0,21
2026-02-21,ST031,MED011,9,8,1,0,0,0
2026-02-21,ST031,MED012,9,9,0,0,0,6
2026-02-21,ST031,MED013,9,9,0,48,0,39
2026-02-21,ST031,MED014,6,6,0,0,0,6
2026-02-21,ST031,MED015,13,13,0,72,0,90
2026-02-21,ST031,MED016,8,8,0,0,0,21
2026-02-21,ST031,MED017,10,10,0,0,0,25
2026-02-21,ST031,MED018,8,8,0,0,0,38
2026-02-21,ST031,MED019,2,2,0,0,0,8
2026-02-21,ST031,MED020,7,7,0,0,0,34
2026-02-21,ST031,MED021,12,12,0,0,0,25
2026-02-21,ST031,MED022,8,0,8,0,0,0
2026-02-21,ST031,MED023,13,13,0,60,0,76
2026-02-21,ST031,MED024,12,12,0,0,0,52
2026-02-21,ST031,MED025,5,5,0,0,0,26
2026-02-21,ST031,MED026,16,16,0,0,0,55
2026-02-21,ST031,MED027,12,12,0,0,0,100
2026-02-21,ST031,MED028,6,6,0,0,0,11
2026-02-21,ST031,MED029,10,0,10,0,0,0
2026-02-21,ST031,MED030,9,9,0,30,0,23
2026-02-21,ST032,MED001,13,0,13,0,0,0
2026-02-21,ST032,MED002,12,12,0,66,0,54
2026-02-21,ST032,MED003,2,2,0,0,0,12
2026-02-21,ST032,MED004,12,5,7,0,0,0
2026-02-21,ST032,MED005,12,0,12,0,0,0
2026-02-21,ST032,MED006,12,12,0,0,0,42
2026-02-21,ST032,MED007,3,3,0,0,0,6
2026-02-21,ST032,MED008,0,0,0,0,0,0
2026-02-21,ST032,MED009,12,12,0,0,0,21
2026-02-21,ST032,MED010,5,5,0,0,0,27
2026-02-21,ST032,MED011,12,12,0,60,0,79
2026-02-21,ST032,MED012,12,12,0,0,0,33
2026-02-21,ST032,MED013,8,8,0,0,0,29
2026-02-21,ST032,MED014,4,4,0,0,0,30
2026-02-21,ST032,MED015,16,16,0,0,0,12
2026-02-21,ST032,MED016,8,8,0,48,0,61
2026-02-21,ST032,MED017,11,11,0,0,0,51
2026-02-21,ST032,MED018,3,3,0,0,0,32
2026-02-21,ST032,MED019,3,3,0,0,0,6
2026-02-21,ST032,MED020,8,8,0,0,0,20
2026-02-21,ST032,MED021,15,0,15,0,0,0
2026-02-21,ST032,MED022,8,8,0,0,0,30
2026-02-21,ST032,MED023,17,17,0,0,0,7
2026-02-21,ST032,MED024,14,14,0,72,0,70
2026-02-21,ST032,MED025,8,8,0,0,0,9
2026-02-21,ST032,MED026,11,11,0,0,0,39
2026-02-21,ST032,MED027,17,17,0,0,0,53
2026-02-21,ST032,MED028,3,3,0,0,0,34
2026-02-21,ST032,MED029,14,14,0,0,0,55
2026-02-21,ST032,MED030,8,8,0,0,0,13
2026-02-21,ST033,MED001,15,15,0,0,0,30
2026-02-21,ST033,MED002,15,15,0,0,0,7
2026-02-21,ST033,MED003,2,2,0,0,0,14
2026-02-21,ST033,MED004,11,11,0,0,0,7
2026-02-21,ST033,MED005,14,14,0,0,0,44
2026-02-21,ST033,MED006,15,0,15,0,0,0
2026-02-21,ST033,MED007,6,6,0,24,0,18
2026-02-21,ST033,MED008,4,4,0,0,0,17
2026-02-21,ST033,MED009,14,14,0,60,0,46
2026-02-21,ST033,MED010,4,4,0,0,0,18
2026-02-21,ST033,MED011,13,13,0,60,0,47
2026-02-21,ST033,MED012,22,22,0,60,0,75
2026-02-21,ST033,MED013,9,9,0,48,0,42
2026-02-21,ST033,MED014,4,4,0,0,0,34
2026-02-21,ST033,MED015,14,14,0,0,0,14
2026-02-21,ST033,MED016,8,8,0,48,0,40
2026-02-21,ST033,MED017,16,16,0,0,0,28
2026-02-21,ST033,MED018,9,9,0,48,0,39
2026-02-21,ST033,MED019,6,6,0,0,0,17
2026-02-21,ST033,MED020,9,9,0,0,0,15
2026-02-21,ST033,MED021,14,14,0,0,0,17
2026-02-21,ST033,MED022,14,14,0,0,0,15
2026-02-21,ST033,MED023,14,14,0,60,0,46
2026-02-21,ST033,MED024,19,19,0,0,0,36
2026-02-21,ST033,MED025,5,5,0,0,0,12
2026-02-21,ST033,MED026,19,19,0,0,0,39
2026-02-21,ST033,MED027,17,17,0,0,0,34
2026-02-21,ST033,MED028,11,11,0,0,0,30
2026-02-21,ST033,MED029,13,0,13,0,0,0
2026-02-21,ST033,MED030,6,6,0,0,0,17
2026-02-21,ST034,MED001,10,10,0,0,0,2
2026-02-21,ST034,MED002,18,18,0,0,0,17
2026-02-21,ST034,MED003,5,5,0,0,0,16
2026-02-21,ST034,MED004,13,13,0,0,0,12
2026-02-21,ST034,MED005,14,14,0,72,0,58
2026-02-21,ST034,MED006,13,13,0,60,0,61
2026-02-21,ST034,MED007,3,3,0,0,0,5
2026-02-21,ST034,MED008,2,2,0,24,0,22
2026-02-21,ST034,MED009,19,19,0,0,0,2
2026-02-21,ST034,MED010,6,6,0,0,0,2
2026-02-21,ST034,MED011,19,19,0,60,0,71
2026-02-21,ST034,MED012,13,13,0,0,0,27
2026-02-21,ST034,MED013,10,0,10,0,0,0
2026-02-21,ST034,MED014,5,5,0,0,0,16
2026-02-21,ST034,MED015,16,16,0,0,0,52
2026-02-21,ST034,MED016,12,12,0,0,0,1
2026-02-21,ST034,MED017,14,0,14,0,0,0
2026-02-21,ST034,MED018,10,10,0,48,0,38
2026-02-21,ST034,MED019,9,6,3,0,0,0
2026-02-21,ST034,MED020,9,9,0,0,0,32
2026-02-21,ST034,MED021,16,16,0,0,0,2
2026-02-21,ST034,MED022,7,7,0,0,0,9
2026-02-21,ST034,MED023,17,17,0,0,0,9
2026-02-21,ST034,MED024,14,0,14,0,0,0
2026-02-21,ST034,MED025,9,0,9,0,0,0
2026-02-21,ST034,MED026,19,11,8,0,0,0
2026-02-21,ST034,MED027,19,0,19,0,0,0
2026-02-21,ST034,MED028,11,11,0,0,0,19
2026-02-21,ST034,MED029,17,8,9,0,0,0
2026-02-21,ST034,MED030,9,9,0,0,0,1
2026-02-21,ST035,MED001,5,3,2,0,0,0
2026-02-21,ST035,MED002,9,9,0,0,0,48
2026-02-21,ST035,MED003,1,1,0,0,0,14
2026-02-21,ST035,MED004,4,4,0,48,0,61
2026-02-21,ST035,MED005,9,9,0,0,0,48
2026-02-21,ST035,MED006,9,9,0,0,0,46
2026-02-21,ST035,MED007,4,4,0,0,0,11
2026-02-21,ST035,MED008,0,0,0,0,0,12
2026-02-21,ST035,MED009,7,7,0,0,0,54
2026-02-21,ST035,MED010,2,2,0,0,0,20
2026-02-21,ST035,MED011,8,8,0,66,0,77
2026-02-21,ST035,MED012,11,11,0,60,0,49
2026-02-21,ST035,MED013,3,3,0,0,0,18
2026-02-21,ST035,MED014,10,10,0,0,0,34
2026-02-21,ST035,MED015,12,12,0,0,0,59
2026-02-21,ST035,MED016,6,1,5,0,0,0
2026-02-21,ST035,MED017,6,6,0,0,0,60
2026-02-21,ST035,MED018,7,7,0,48,0,41
2026-02-21,ST035,MED019,5,5,0,0,0,13
2026-02-21,ST035,MED020,8,8,0,0,0,23
2026-02-21,ST035,MED021,7,7,0,0,0,34
2026-02-21,ST035,MED022,5,5,0,0,0,0
2026-02-21,ST035,MED023,9,9,0,0,0,22
2026-02-21,ST035,MED024,9,9,0,0,0,63
2026-02-21,ST035,MED025,4,4,0,0,0,22
2026-02-21,ST035,MED026,9,9,0,0,0,47
2026-02-21,ST035,MED027,14,0,14,0,0,0
2026-02-21,ST035,MED028,2,2,0,0,0,48
2026-02-21,ST035,MED029,7,3,4,0,0,0
2026-02-21,ST035,MED030,3,3,0,0,0,20
2026-02-21,ST036,MED001,6,6,0,0,0,38
2026-02-21,ST036,MED002,11,11,0,0,0,44
2026-02-21,ST036,MED003,0,0,0,24,0,29
2026-02-21,ST036,MED004,6,6,0,48,0,47
2026-02-21,ST036,MED005,9,9,0,0,0,41
2026-02-21,ST036,MED006,13,13,0,60,0,67
2026-02-21,ST036,MED007,1,1,0,0,0,18
2026-02-21,ST036,MED008,2,2,0,0,0,20
2026-02-21,ST036,MED009,11,11,0,0,0,47
2026-02-21,ST036,MED010,0,0,0,0,0,11
2026-02-21,ST036,MED011,9,9,0,0,0,48
2026-02-21,ST036,MED012,6,4,2,0,0,0
2026-02-21,ST036,MED013,8,8,0,0,0,27
2026-02-21,ST036,MED014,5,5,0,0,0,33
2026-02-21,ST036,MED015,15,0,15,0,0,0
2026-02-21,ST036,MED016,9,9,0,48,0,39
2026-02-21,ST036,MED017,11,11,0,0,0,26
2026-02-21,ST036,MED018,4,4,0,0,0,6
2026-02-21,ST036,MED019,4,4,0,0,0,12
2026-02-21,ST036,MED020,5,5,0,0,0,54
2026-02-21,ST036,MED021,8,8,0,0,0,27
2026-02-21,ST036,MED022,6,6,0,0,0,17
2026-02-21,ST036,MED023,11,11,0,0,0,33
2026-02-21,ST036,MED024,11,11,0,72,0,65
2026-02-21,ST036,MED025,5,5,0,0,0,14
2026-02-21,ST036,MED026,8,8,0,0,0,25
2026-02-21,ST036,MED027,13,13,0,0,0,45
2026-02-21,ST036,MED028,6,6,0,0,0,38
2026-02-21,ST036,MED029,6,6,0,0,0,41
2026-02-21,ST036,MED030,5,5,0,0,0,19
2026-02-21,ST037,MED001,12,12,0,0,0,25
2026-02-21,ST037,MED002,13,13,0,0,0,36
2026-02-21,ST037,MED003,1,1,0,0,0,29
2026-02-21,ST037,MED004,7,7,0,0,0,19
2026-02-21,ST037,MED005,22,22,0,0,0,12
2026-02-21,ST037,MED006,9,9,0,0,0,26
2026-02-21,ST037,MED007,6,6,0,0,0,13
2026-02-21,ST037,MED008,2,2,0,0,0,13
2026-02-21,ST037,MED009,6,6,0,60,0,73
2026-02-21,ST037,MED010,9,9,0,0,0,18
2026-02-21,ST037,MED011,13,13,0,0,0,31
2026-02-21,ST037,MED012,13,13,0,0,0,38
2026-02-21,ST037,MED013,8,8,0,0,0,34
2026-02-21,ST037,MED014,4,4,0,0,0,24
2026-02-21,ST037,MED015,15,15,0,0,0,62
2026-02-21,ST037,MED016,6,6,0,0,0,6
2026-02-21,ST037,MED017,10,10,0,0,0,63
2026-02-21,ST037,MED018,8,8,0,48,0,66
2026-02-21,ST037,MED019,4,4,0,0,0,11
2026-02-21,ST037,MED020,10,10,0,0,0,24
2026-02-21,ST037,MED021,12,12,0,0,0,12
2026-02-21,ST037,MED022,6,6,0,0,0,31
2026-02-21,ST037,MED023,13,13,0,0,0,54
2026-02-21,ST037,MED024,13,13,0,0,0,23
2026-02-21,ST037,MED025,4,4,0,48,0,44
2026-02-21,ST037,MED026,14,14,0,0,0,29
2026-02-21,ST037,MED027,14,14,0,0,0,49
2026-02-21,ST037,MED028,2,2,0,48,0,46
2026-02-21,ST037,MED029,10,6,4,0,0,0
2026-02-21,ST037,MED030,6,6,0,0,0,15
2026-02-21,ST038,MED001,13,0,13,0,0,0
2026-02-21,ST038,MED002,12,12,0,0,0,15
2026-02-21,ST038,MED003,2,2,0,0,0,20
2026-02-21,ST038,MED004,10,9,1,0,0,0
2026-02-21,ST038,MED005,12,12,0,0,0,27
2026-02-21,ST038,MED006,9,9,0,0,0,12
2026-02-21,ST038,MED007,5,5,0,0,0,7
2026-02-21,ST038,MED008,5,0,5,0,0,0
2026-02-21,ST038,MED009,13,13,0,0,0,48
2026-02-21,ST038,MED010,2,2,0,0,0,24
2026-02-21,ST038,MED011,6,6,0,0,0,35
2026-02-21,ST038,MED012,11,11,0,0,0,54
2026-02-21,ST038,MED013,7,7,0,0,0,22
2026-02-21,ST038,MED014,7,7,0,0,0,29
2026-02-21,ST038,MED015,17,17,0,0,0,56
2026-02-21,ST038,MED016,7,7,0,0,0,7
2026-02-21,ST038,MED017,12,12,0,0,0,47
2026-02-21,ST038,MED018,6,2,4,0,0,0
2026-02-21,ST038,MED019,4,0,4,0,0,0
2026-02-21,ST038,MED020,7,7,0,0,0,15
2026-02-21,ST038,MED021,9,9,0,0,0,24
2026-02-21,ST038,MED022,5,5,0,48,0,43
2026-02-21,ST038,MED023,13,13,0,0,0,38
2026-02-21,ST038,MED024,11,11,0,0,0,18
2026-02-21,ST038,MED025,6,0,6,0,0,0
2026-02-21,ST038,MED026,16,16,0,0,0,24
2026-02-21,ST038,MED027,12,12,0,0,0,48
2026-02-21,ST038,MED028,8,8,0,0,0,35
2026-02-21,ST038,MED029,10,10,0,0,0,31
2026-02-21,ST038,MED030,3,3,0,0,0,10
2026-02-21,ST039,MED001,13,13,0,0,0,29
2026-02-21,ST039,MED002,16,16,0,66,0,51
2026-02-21,ST039,MED003,6,6,0,0,0,12
2026-02-21,ST039,MED004,11,9,2,0,0,0
2026-02-21,ST039,MED005,13,13,0,0,0,17
2026-02-21,ST039,MED006,15,15,0,0,0,20
2026-02-21,ST039,MED007,0,0,0,0,0,2
2026-02-21,ST039,MED008,4,4,0,0,0,8
2026-02-21,ST039,MED009,14,14,0,0,0,3
2026-02-21,ST039,MED010,5,5,0,0,0,9
2026-02-21,ST039,MED011,14,14,0,60,0,46
2026-02-21,ST039,MED012,12,12,0,0,0,2
2026-02-21,ST039,MED013,5,5,0,0,0,10
2026-02-21,ST039,MED014,5,5,0,0,0,38
2026-02-21,ST039,MED015,15,15,0,0,0,13
2026-02-21,ST039,MED016,6,6,0,48,0,42
2026-02-21,ST039,MED017,13,13,0,0,0,23
2026-02-21,ST039,MED018,9,9,0,0,0,19
2026-02-21,ST039,MED019,5,5,0,24,0,19
2026-02-21,ST039,MED020,7,7,0,48,0,41
2026-02-21,ST039,MED021,12,12,0,0,0,46
2026-02-21,ST039,MED022,8,8,0,0,0,42
2026-02-21,ST039,MED023,16,16,0,0,0,40
2026-02-21,ST039,MED024,15,15,0,0,0,54
2026-02-21,ST039,MED025,7,7,0,0,0,15
2026-02-21,ST039,MED026,15,10,5,0,0,0
2026-02-21,ST039,MED027,15,15,0,0,0,87
2026-02-21,ST039,MED028,7,7,0,0,0,18
2026-02-21,ST039,MED029,15,15,0,72,0,57
2026-02-21,ST039,MED030,2,2,0,0,0,13
2026-02-21,ST040,MED001,13,13,0,0,0,66
2026-02-21,ST040,MED002,16,11,5,0,0,0
2026-02-21,ST040,MED003,4,4,0,0,0,17
2026-02-21,ST040,MED004,7,7,0,0,0,9
2026-02-21,ST040,MED005,14,14,0,72,0,64
2026-02-21,ST040,MED006,15,10,5,0,0,0
2026-02-21,ST040,MED007,4,4,0,0,0,16
2026-02-21,ST040,MED008,8,8,0,24,0,32
2026-02-21,ST040,MED009,16,16,0,0,0,18
2026-02-21,ST040,MED010,8,8,0,0,0,2
2026-02-21,ST040,MED011,13,13,0,72,0,59
2026-02-21,ST040,MED012,15,15,0,0,0,13
2026-02-21,ST040,MED013,9,9,0,0,0,37
2026-02-21,ST040,MED014,9,9,0,0,0,42
2026-02-21,ST040,MED015,14,14,0,0,0,57
2026-02-21,ST040,MED016,13,13,0,0,0,33
2026-02-21,ST040,MED017,13,13,0,72,0,59
2026-02-21,ST040,MED018,8,8,0,48,0,40
2026-02-21,ST040,MED019,4,4,0,24,0,27
2026-02-21,ST040,MED020,9,9,0,0,0,35
2026-02-21,ST040,MED021,12,12,0,0,0,15
2026-02-21,ST040,MED022,8,8,0,0,0,21
2026-02-21,ST040,MED023,18,18,0,0,0,28
2026-02-21,ST040,MED024,17,17,0,0,0,42
2026-02-21,ST040,MED025,14,14,0,0,0,16
2026-02-21,ST040,MED026,17,17,0,0,0,40
2026-02-21,ST040,MED027,29,29,0,0,0,11
2026-02-21,ST040,MED028,8,8,0,0,0,21
2026-02-21,ST040,MED029,9,9,0,0,0,52
2026-02-21,ST040,MED030,6,6,0,30,0,27
2026-02-22,ST001,MED001,11,11,0,0,0,49
2026-02-22,ST001,MED002,9,0,9,0,0,0
2026-02-22,ST001,MED003,5,5,0,0,0,15
2026-02-22,ST001,MED004,8,8,0,48,0,40
2026-02-22,ST001,MED005,12,12,0,0,0,93
2026-02-22,ST001,MED006,12,12,0,0,0,59
2026-02-22,ST001,MED007,4,0,4,0,0,0
2026-02-22,ST001,MED008,4,1,3,0,0,0
2026-02-22,ST001,MED009,11,11,0,0,0,31
2026-02-22,ST001,MED010,5,0,5,0,0,0
2026-02-22,ST001,MED011,12,12,0,0,0,16
2026-02-22,ST001,MED012,7,7,0,0,0,17
2026-02-22,ST001,MED013,4,4,0,0,0,19
2026-02-22,ST001,MED014,0,0,0,0,0,31
2026-02-22,ST001,MED015,11,11,0,0,0,49
2026-02-22,ST001,MED016,4,4,0,0,0,57
2026-02-22,ST001,MED017,11,11,0,0,0,34
2026-02-22,ST001,MED018,5,5,0,0,0,13
2026-02-22,ST001,MED019,5,5,0,0,0,13
2026-02-22,ST001,MED020,7,7,0,0,0,16
2026-02-22,ST001,MED021,9,9,0,0,0,37
2026-02-22,ST001,MED022,6,6,0,0,0,35
2026-02-22,ST001,MED023,8,8,0,72,0,64
2026-02-22,ST001,MED024,11,11,0,0,0,42
2026-02-22,ST001,MED025,7,7,0,0,0,16
2026-02-22,ST001,MED026,11,11,0,0,0,50
2026-02-22,ST001,MED027,10,10,0,0,0,80
2026-02-22,ST001,MED028,6,6,0,0,0,28
2026-02-22,ST001,MED029,5,5,0,0,0,66
2026-02-22,ST001,MED030,4,4,0,30,0,40
2026-02-22,ST002,MED001,15,15,0,0,0,15
2026-02-22,ST002,MED002,15,15,0,0,0,35
2026-02-22,ST002,MED003,1,1,0,0,0,22
2026-02-22,ST002,MED004,7,7,0,0,0,14
2026-02-22,ST002,MED005,10,10,0,0,0,30
2026-02-22,ST002,MED006,9,9,0,0,0,22
2026-02-22,ST002,MED007,5,5,0,0,0,16
2026-02-22,ST002,MED008,4,2,2,0,0,0
2026-02-22,ST002,MED009,12,12,0,60,0,63
2026-02-22,ST002,MED010,5,5,0,0,0,11
2026-02-22,ST002,MED011,12,12,0,0,0,27
2026-02-22,ST002,MED012,9,9,0,0,0,55
2026-02-22,ST002,MED013,11,0,11,0,0,0
2026-02-22,ST002,MED014,7,0,7,0,0,0
2026-02-22,ST002,MED015,14,14,0,0,0,36
2026-02-22,ST002,MED016,6,4,2,0,0,0
2026-02-22,ST002,MED017,9,9,0,72,0,86
2026-02-22,ST002,MED018,4,4,0,0,0,45
2026-02-22,ST002,MED019,3,3,0,0,0,12
2026-02-22,ST002,MED020,6,6,0,0,0,33
2026-02-22,ST002,MED021,10,10,0,0,0,66
2026-02-22,ST002,MED022,6,6,0,0,0,3
2026-02-22,ST002,MED023,13,3,10,0,0,0
2026-02-22,ST002,MED024,15,15,0,0,0,29
2026-02-22,ST002,MED025,6,6,0,0,0,31
2026-02-22,ST002,MED026,15,15,0,0,0,14
2026-02-22,ST002,MED027,13,13,0,0,0,0
2026-02-22,ST002,MED028,10,10,0,48,0,38
2026-02-22,ST002,MED029,7,7,0,0,0,59
2026-02-22,ST002,MED030,5,5,0,0,0,18
2026-02-22,ST003,MED001,13,13,0,72,0,59
2026-02-22,ST003,MED002,10,10,0,0,0,59
2026-02-22,ST003,MED003,0,0,0,0,0,20
2026-02-22,ST003,MED004,7,7,0,60,0,54
2026-02-22,ST003,MED005,12,12,0,0,0,35
2026-02-22,ST003,MED006,10,10,0,0,0,27
2026-02-22,ST003,MED007,5,5,0,0,0,9
2026-02-22,ST003,MED008,3,3,0,24,0,21
2026-02-22,ST003,MED009,10,10,0,0,0,36
2026-02-22,ST003,MED010,5,5,0,0,0,20
2026-02-22,ST003,MED011,12,12,0,0,0,46
2026-02-22,ST003,MED012,14,14,0,0,0,31
2026-02-22,ST003,MED013,7,7,0,0,0,9
2026-02-22,ST003,MED014,6,6,0,48,0,63
2026-02-22,ST003,MED015,16,16,0,0,0,3
2026-02-22,ST003,MED016,8,8,0,0,0,3
2026-02-22,ST003,MED017,12,12,0,0,0,25
2026-02-22,ST003,MED018,8,8,0,48,0,40
2026-02-22,ST003,MED019,0,0,0,0,0,11
2026-02-22,ST003,MED020,12,12,0,0,0,29
2026-02-22,ST003,MED021,22,17,5,0,0,0
2026-02-22,ST003,MED022,9,9,0,0,0,12
2026-02-22,ST003,MED023,11,11,0,0,0,45
2026-02-22,ST003,MED024,14,14,0,0,0,11
2026-02-22,ST003,MED025,4,4,0,0,0,15
2026-02-22,ST003,MED026,11,11,0,0,0,67
2026-02-22,ST003,MED027,14,9,5,0,0,0
2026-02-22,ST003,MED028,5,5,0,0,0,14
2026-02-22,ST003,MED029,7,7,0,0,0,28
2026-02-22,ST003,MED030,3,3,0,30,0,35
2026-02-22,ST004,MED001,16,16,0,0,0,69
2026-02-22,ST004,MED002,12,12,0,0,0,37
2026-02-22,ST004,MED003,7,7,0,0,0,18
2026-02-22,ST004,MED004,8,8,0,0,0,17
2026-02-22,ST004,MED005,14,14,0,0,0,8
2026-02-22,ST004,MED006,11,11,0,60,0,49
2026-02-22,ST004,MED007,4,0,4,0,0,0
2026-02-22,ST004,MED008,5,5,0,0,0,8
2026-02-22,ST004,MED009,14,13,1,0,0,0
2026-02-22,ST004,MED010,7,7,0,0,0,3
2026-02-22,ST004,MED011,16,16,0,60,0,71
2026-02-22,ST004,MED012,12,11,1,0,0,0
2026-02-22,ST004,MED013,9,9,0,0,0,9
2026-02-22,ST004,MED014,4,4,0,0,0,48
2026-02-22,ST004,MED015,18,0,18,0,0,0
2026-02-22,ST004,MED016,9,9,0,48,0,48
2026-02-22,ST004,MED017,16,16,0,0,0,23
2026-02-22,ST004,MED018,3,3,0,0,0,38
2026-02-22,ST004,MED019,4,4,0,0,0,9
2026-02-22,ST004,MED020,8,8,0,0,0,38
2026-02-22,ST004,MED021,13,13,0,0,0,5
2026-02-22,ST004,MED022,8,0,8,0,0,0
2026-02-22,ST004,MED023,13,13,0,0,0,37
2026-02-22,ST004,MED024,15,15,0,0,0,31
2026-02-22,ST004,MED025,9,9,0,0,0,12
2026-02-22,ST004,MED026,12,12,0,0,0,34
2026-02-22,ST004,MED027,16,16,0,0,0,14
2026-02-22,ST004,MED028,8,8,0,0,0,21
2026-02-22,ST004,MED029,9,9,0,0,0,8
2026-02-22,ST004,MED030,2,2,0,0,0,2
2026-02-22,ST005,MED001,16,9,7,0,0,0
2026-02-22,ST005,MED002,15,15,0,60,0,66
2026-02-22,ST005,MED003,5,5,0,0,0,10
2026-02-22,ST005,MED004,9,9,0,0,0,12
2026-02-22,ST005,MED005,15,15,0,0,0,13
2026-02-22,ST005,MED006,12,12,0,0,0,24
2026-02-22,ST005,MED007,4,4,0,0,0,10
2026-02-22,ST005,MED008,4,4,0,0,0,6
2026-02-22,ST005,MED009,14,14,0,0,0,7
2026-02-22,ST005,MED010,4,4,0,0,0,16
2026-02-22,ST005,MED011,13,13,0,0,0,44
2026-02-22,ST005,MED012,10,10,0,0,0,23
2026-02-22,ST005,MED013,8,8,0,48,0,40
2026-02-22,ST005,MED014,3,3,0,0,0,7
2026-02-22,ST005,MED015,12,12,0,0,0,6
2026-02-22,ST005,MED016,7,7,0,0,0,42
2026-02-22,ST005,MED017,17,14,3,0,0,0
2026-02-22,ST005,MED018,11,11,0,0,0,14
2026-02-22,ST005,MED019,0,0,0,0,0,1
2026-02-22,ST005,MED020,12,12,0,0,0,6
2026-02-22,ST005,MED021,10,10,0,0,0,41
2026-02-22,ST005,MED022,10,10,0,42,0,35
2026-02-22,ST005,MED023,10,10,0,0,0,36
2026-02-22,ST005,MED024,14,14,0,0,0,33
2026-02-22,ST005,MED025,8,8,0,0,0,6
2026-02-22,ST005,MED026,14,0,14,0,0,0
2026-02-22,ST005,MED027,17,17,0,0,0,39
2026-02-22,ST005,MED028,10,10,0,0,0,11
2026-02-22,ST005,MED029,10,10,0,0,0,64
2026-02-22,ST005,MED030,9,0,9,0,0,0
2026-02-22,ST006,MED001,17,0,17,0,0,0
2026-02-22,ST006,MED002,17,17,0,0,0,15
2026-02-22,ST006,MED003,5,5,0,0,0,10
2026-02-22,ST006,MED004,13,13,0,0,0,14
2026-02-22,ST006,MED005,14,14,0,72,0,58
2026-02-22,ST006,MED006,16,2,14,0,0,0
2026-02-22,ST006,MED007,6,6,0,0,0,5
2026-02-22,ST006,MED008,5,5,0,0,0,10
2026-02-22,ST006,MED009,16,16,0,0,0,40
2026-02-22,ST006,MED010,8,8,0,0,0,16
2026-02-22,ST006,MED011,12,12,0,0,0,14
2026-02-22,ST006,MED012,18,18,0,0,0,17
2026-02-22,ST006,MED013,10,10,0,0,0,24
2026-02-22,ST006,MED014,6,6,0,48,0,55
2026-02-22,ST006,MED015,18,18,0,0,0,52
2026-02-22,ST006,MED016,17,17,0,0,0,4
2026-02-22,ST006,MED017,18,18,0,0,0,28
2026-02-22,ST006,MED018,10,10,0,0,0,25
2026-02-22,ST006,MED019,6,6,0,0,0,17
2026-02-22,ST006,MED020,12,12,0,0,0,18
2026-02-22,ST006,MED021,17,17,0,54,0,45
2026-02-22,ST006,MED022,9,9,0,0,0,28
2026-02-22,ST006,MED023,14,14,0,0,0,49
2026-02-22,ST006,MED024,16,16,0,0,0,25
2026-02-22,ST006,MED025,10,10,0,0,0,16
2026-02-22,ST006,MED026,19,19,0,72,0,59
2026-02-22,ST006,MED027,19,19,0,0,0,19
2026-02-22,ST006,MED028,10,10,0,0,0,9
2026-02-22,ST006,MED029,13,1,12,0,0,0
2026-02-22,ST006,MED030,5,5,0,36,0,31
2026-02-22,ST007,MED001,10,10,0,0,0,52
2026-02-22,ST007,MED002,9,9,0,60,0,61
2026-02-22,ST007,MED003,2,0,2,0,0,0
2026-02-22,ST007,MED004,8,8,0,0,0,36
2026-02-22,ST007,MED005,11,11,0,0,0,34
2026-02-22,ST007,MED006,9,0,9,0,0,0
2026-02-22,ST007,MED007,1,1,0,0,0,15
2026-02-22,ST007,MED008,2,2,0,0,0,21
2026-02-22,ST007,MED009,7,7,0,0,0,33
2026-02-22,ST007,MED010,6,6,0,0,0,17
2026-02-22,ST007,MED011,13,13,0,0,0,39
2026-02-22,ST007,MED012,8,8,0,0,0,45
2026-02-22,ST007,MED013,7,7,0,0,0,13
2026-02-22,ST007,MED014,8,8,0,0,0,4
2026-02-22,ST007,MED015,9,9,0,72,0,84
2026-02-22,ST007,MED016,7,7,0,0,0,32
2026-02-22,ST007,MED017,9,9,0,0,0,40
2026-02-22,ST007,MED018,6,2,4,0,0,0
2026-02-22,ST007,MED019,2,2,0,0,0,3
2026-02-22,ST007,MED020,9,9,0,0,0,26
2026-02-22,ST007,MED021,6,6,0,0,0,47
2026-02-22,ST007,MED022,7,7,0,0,0,21
2026-02-22,ST007,MED023,9,9,0,72,0,63
2026-02-22,ST007,MED024,12,12,0,0,0,16
2026-02-22,ST007,MED025,5,5,0,0,0,17
2026-02-22,ST007,MED026,13,13,0,0,0,34
2026-02-22,ST007,MED027,8,0,8,0,0,0
2026-02-22,ST007,MED028,5,5,0,48,0,43
2026-02-22,ST007,MED029,3,3,0,0,0,38
2026-02-22,ST007,MED030,8,8,0,0,0,4
2026-02-22,ST008,MED001,21,21,0,0,0,37
2026-02-22,ST008,MED002,13,13,0,0,0,34
2026-02-22,ST008,MED003,3,3,0,0,0,20
2026-02-22,ST008,MED004,4,4,0,0,0,35
2026-02-22,ST008,MED005,7,7,0,0,0,37
2026-02-22,ST008,MED006,7,7,0,0,0,68
2026-02-22,ST008,MED007,2,1,1,0,0,0
2026-02-22,ST008,MED008,2,2,0,0,0,20
2026-02-22,ST008,MED009,6,6,0,60,0,58
2026-02-22,ST008,MED010,4,4,0,24,0,27
2026-02-22,ST008,MED011,8,8,0,0,0,24
2026-02-22,ST008,MED012,10,10,0,0,0,30
2026-02-22,ST008,MED013,3,2,1,0,0,0
2026-02-22,ST008,MED014,4,4,0,0,0,14
2026-02-22,ST008,MED015,13,13,0,0,0,8
2026-02-22,ST008,MED016,6,6,0,0,0,71
2026-02-22,ST008,MED017,10,10,0,60,0,76
2026-02-22,ST008,MED018,7,7,0,0,0,9
2026-02-22,ST008,MED019,5,5,0,0,0,4
2026-02-22,ST008,MED020,10,1,9,0,0,0
2026-02-22,ST008,MED021,8,8,0,0,0,8
2026-02-22,ST008,MED022,7,7,0,0,0,13
2026-02-22,ST008,MED023,8,8,0,0,0,56
2026-02-22,ST008,MED024,10,10,0,0,0,32
2026-02-22,ST008,MED025,8,8,0,0,0,9
2026-02-22,ST008,MED026,12,12,0,72,0,78
2026-02-22,ST008,MED027,9,9,0,0,0,42
2026-02-22,ST008,MED028,4,0,4,0,0,0
2026-02-22,ST008,MED029,7,7,0,0,0,28
2026-02-22,ST008,MED030,6,6,0,0,0,14
2026-02-22,ST009,MED001,10,10,0,0,0,9
2026-02-22,ST009,MED002,11,11,0,0,0,14
2026-02-22,ST009,MED003,2,2,0,0,0,13
2026-02-22,ST009,MED004,9,9,0,0,0,29
2026-02-22,ST009,MED005,11,11,0,0,0,36
2026-02-22,ST009,MED006,11,11,0,0,0,28
2026-02-22,ST009,MED007,6,6,0,0,0,0
2026-02-22,ST009,MED008,2,0,2,0,0,0
2026-02-22,ST009,MED009,11,11,0,0,0,24
2026-02-22,ST009,MED010,0,0,0,0,0,13
2026-02-22,ST009,MED011,10,10,0,0,0,37
2026-02-22,ST009,MED012,19,19,0,0,0,24
2026-02-22,ST009,MED013,7,7,0,0,0,10
2026-02-22,ST009,MED014,9,9,0,0,0,23
2026-02-22,ST009,MED015,10,10,0,0,0,14
2026-02-22,ST009,MED016,8,8,0,0,0,42
2026-02-22,ST009,MED017,14,14,0,60,0,66
2026-02-22,ST009,MED018,5,5,0,48,0,45
2026-02-22,ST009,MED019,5,5,0,0,0,9
2026-02-22,ST009,MED020,11,11,0,0,0,14
2026-02-22,ST009,MED021,11,9,2,0,0,0
2026-02-22,ST009,MED022,7,4,3,0,0,0
2026-02-22,ST009,MED023,13,13,0,0,0,24
2026-02-22,ST009,MED024,11,11,0,72,0,86
2026-02-22,ST009,MED025,3,3,0,0,0,34
2026-02-22,ST009,MED026,13,13,0,0,0,51
2026-02-22,ST009,MED027,13,13,0,0,0,32
2026-02-22,ST009,MED028,6,6,0,0,0,23
2026-02-22,ST009,MED029,8,8,0,72,0,64
2026-02-22,ST009,MED030,0,0,0,0,0,33
2026-02-22,ST010,MED001,9,5,4,0,0,0
2026-02-22,ST010,MED002,12,11,1,0,0,0
2026-02-22,ST010,MED003,7,7,0,0,0,12
2026-02-22,ST010,MED004,7,7,0,0,0,27
2026-02-22,ST010,MED005,13,13,0,0,0,43
2026-02-22,ST010,MED006,16,16,0,0,0,3
2026-02-22,ST010,MED007,3,3,0,0,0,15
2026-02-22,ST010,MED008,1,1,0,0,0,12
2026-02-22,ST010,MED009,12,12,0,60,0,78
2026-02-22,ST010,MED010,2,2,0,0,0,7
2026-02-22,ST010,MED011,10,10,0,60,0,79
2026-02-22,ST010,MED012,12,12,0,0,0,19
2026-02-22,ST010,MED013,9,9,0,0,0,46
2026-02-22,ST010,MED014,2,2,0,48,0,68
2026-02-22,ST010,MED015,15,15,0,72,0,80
2026-02-22,ST010,MED016,8,0,8,0,0,0
2026-02-22,ST010,MED017,8,8,0,0,0,13
2026-02-22,ST010,MED018,7,7,0,0,0,39
2026-02-22,ST010,MED019,2,2,0,0,0,21
2026-02-22,ST010,MED020,7,7,0,0,0,32
2026-02-22,ST010,MED021,9,9,0,0,0,3
2026-02-22,ST010,MED022,10,10,0,0,0,20
2026-02-22,ST010,MED023,17,17,0,0,0,8
2026-02-22,ST010,MED024,14,14,0,0,0,21
2026-02-22,ST010,MED025,8,8,0,0,0,4
2026-02-22,ST010,MED026,15,15,0,0,0,21
2026-02-22,ST010,MED027,16,16,0,0,0,26
2026-02-22,ST010,MED028,9,9,0,0,0,26
2026-02-22,ST010,MED029,9,9,0,0,0,19
2026-02-22,ST010,MED030,4,4,0,0,0,19
2026-02-22,ST011,MED001,15,15,0,0,0,27
2026-02-22,ST011,MED002,15,15,0,0,0,38
2026-02-22,ST011,MED003,0,0,0,0,0,6
2026-02-22,ST011,MED004,15,0,15,0,0,0
2026-02-22,ST011,MED005,14,14,0,0,0,28
2026-02-22,ST011,MED006,14,14,0,0,0,59
2026-02-22,ST011,MED007,5,5,0,0,0,3
2026-02-22,ST011,MED008,2,2,0,0,0,12
2026-02-22,ST011,MED009,13,13,0,0,0,51
2026-02-22,ST011,MED010,1,1,0,0,0,19
2026-02-22,ST011,MED011,10,10,0,0,0,34
2026-02-22,ST011,MED012,12,12,0,0,0,16
2026-02-22,ST011,MED013,7,7,0,0,0,5
2026-02-22,ST011,MED014,4,4,0,0,0,30
2026-02-22,ST011,MED015,18,18,0,0,0,70
2026-02-22,ST011,MED016,8,8,0,0,0,25
2026-02-22,ST011,MED017,13,13,0,0,0,63
2026-02-22,ST011,MED018,8,8,0,0,0,8
2026-02-22,ST011,MED019,4,4,0,0,0,3
2026-02-22,ST011,MED020,8,8,0,0,0,27
2026-02-22,ST011,MED021,12,12,0,0,0,14
2026-02-22,ST011,MED022,9,9,0,0,0,7
2026-02-22,ST011,MED023,14,14,0,0,0,1
2026-02-22,ST011,MED024,15,15,0,72,0,57
2026-02-22,ST011,MED025,9,9,0,0,0,22
2026-02-22,ST011,MED026,10,10,0,0,0,4
2026-02-22,ST011,MED027,14,14,0,0,0,30
2026-02-22,ST011,MED028,9,9,0,0,0,17
2026-02-22,ST011,MED029,9,9,0,0,0,86
2026-02-22,ST011,MED030,7,7,0,0,0,6
2026-02-22,ST012,MED001,14,14,0,0,0,22
2026-02-22,ST012,MED002,13,13,0,0,0,33
2026-02-22,ST012,MED003,2,2,0,0,0,7
2026-02-22,ST012,MED004,6,6,0,0,0,36
2026-02-22,ST012,MED005,11,11,0,0,0,27
2026-02-22,ST012,MED006,11,11,0,0,0,18
2026-02-22,ST012,MED007,3,3,0,0,0,13
2026-02-22,ST012,MED008,3,3,0,0,0,13
2026-02-22,ST012,MED009,13,13,0,0,0,12
2026-02-22,ST012,MED010,5,5,0,0,0,2
2026-02-22,ST012,MED011,17,17,0,0,0,14
2026-02-22,ST012,MED012,17,17,0,60,0,43
2026-02-22,ST012,MED013,10,10,0,0,0,27
2026-02-22,ST012,MED014,5,5,0,0,0,21
2026-02-22,ST012,MED015,17,17,0,72,0,55
2026-02-22,ST012,MED016,8,8,0,48,0,41
2026-02-22,ST012,MED017,15,15,0,60,0,59
2026-02-22,ST012,MED018,5,5,0,0,0,25
2026-02-22,ST012,MED019,7,7,0,0,0,4
2026-02-22,ST012,MED020,8,8,0,0,0,9
2026-02-22,ST012,MED021,17,17,0,60,0,43
2026-02-22,ST012,MED022,10,0,10,0,0,0
2026-02-22,ST012,MED023,12,12,0,0,0,13
2026-02-22,ST012,MED024,16,16,0,0,0,28
2026-02-22,ST012,MED025,8,8,0,0,0,13
2026-02-22,ST012,MED026,13,13,0,0,0,42
2026-02-22,ST012,MED027,14,14,0,0,0,27
2026-02-22,ST012,MED028,11,11,0,48,0,37
2026-02-22,ST012,MED029,10,0,10,0,0,0
2026-02-22,ST012,MED030,1,0,1,0,0,0
2026-02-22,ST013,MED001,17,16,1,0,0,0
2026-02-22,ST013,MED002,16,16,0,0,0,22
2026-02-22,ST013,MED003,2,2,0,0,0,13
2026-02-22,ST013,MED004,12,12,0,48,0,50
2026-02-22,ST013,MED005,17,17,0,0,0,4
2026-02-22,ST013,MED006,19,19,0,0,0,24
2026-02-22,ST013,MED007,4,4,0,0,0,8
2026-02-22,ST013,MED008,2,2,0,0,0,8
2026-02-22,ST013,MED009,14,14,0,60,0,46
2026-02-22,ST013,MED010,4,4,0,0,0,21
2026-02-22,ST013,MED011,17,17,0,0,0,26
2026-02-22,ST013,MED012,14,14,0,60,0,57
2026-02-22,ST013,MED013,15,15,0,0,0,37
2026-02-22,ST013,MED014,5,5,0,0,0,16
2026-02-22,ST013,MED015,18,18,0,96,0,78
2026-02-22,ST013,MED016,10,10,0,0,0,35
2026-02-22,ST013,MED017,14,14,0,0,0,42
2026-02-22,ST013,MED018,7,7,0,0,0,27
2026-02-22,ST013,MED019,4,3,1,0,0,0
2026-02-22,ST013,MED020,8,0,8,0,0,0
2026-02-22,ST013,MED021,16,0,16,0,0,0
2026-02-22,ST013,MED022,11,7,4,0,0,0
2026-02-22,ST013,MED023,13,13,0,0,0,40
2026-02-22,ST013,MED024,19,19,0,84,0,81
2026-02-22,ST013,MED025,9,9,0,0,0,11
2026-02-22,ST013,MED026,19,19,0,0,0,17
2026-02-22,ST013,MED027,15,15,0,0,0,34
2026-02-22,ST013,MED028,7,7,0,0,0,14
2026-02-22,ST013,MED029,11,11,0,0,0,65
2026-02-22,ST013,MED030,6,0,6,0,0,0
2026-02-22,ST014,MED001,9,9,0,0,0,31
2026-02-22,ST014,MED002,11,11,0,66,0,74
2026-02-22,ST014,MED003,3,0,3,0,0,0
2026-02-22,ST014,MED004,6,6,0,0,0,20
2026-02-22,ST014,MED005,10,10,0,0,0,78
2026-02-22,ST014,MED006,8,8,0,0,0,42
2026-02-22,ST014,MED007,4,4,0,0,0,15
2026-02-22,ST014,MED008,7,7,0,0,0,2
2026-02-22,ST014,MED009,8,8,0,0,0,36
2026-02-22,ST014,MED010,3,3,0,0,0,10
2026-02-22,ST014,MED011,12,12,0,0,0,39
2026-02-22,ST014,MED012,7,7,0,0,0,32
2026-02-22,ST014,MED013,4,4,0,48,0,63
2026-02-22,ST014,MED014,8,8,0,0,0,29
2026-02-22,ST014,MED015,13,0,13,0,0,0
2026-02-22,ST014,MED016,11,0,11,0,0,0
2026-02-22,ST014,MED017,7,7,0,0,0,53
2026-02-22,ST014,MED018,2,2,0,0,0,24
2026-02-22,ST014,MED019,2,2,0,0,0,16
2026-02-22,ST014,MED020,4,4,0,0,0,37
2026-02-22,ST014,MED021,12,0,12,0,0,0
2026-02-22,ST014,MED022,5,5,0,0,0,15
2026-02-22,ST014,MED023,13,13,0,0,0,46
2026-02-22,ST014,MED024,10,10,0,0,0,35
2026-02-22,ST014,MED025,7,7,0,0,0,41
2026-02-22,ST014,MED026,9,9,0,0,0,33
2026-02-22,ST014,MED027,7,7,0,72,0,92
2026-02-22,ST014,MED028,7,7,0,0,0,23
2026-02-22,ST014,MED029,11,11,0,0,0,38
2026-02-22,ST014,MED030,3,3,0,0,0,8
2026-02-22,ST015,MED001,13,10,3,0,0,0
2026-02-22,ST015,MED002,8,3,5,0,0,0
2026-02-22,ST015,MED003,4,4,0,0,0,15
2026-02-22,ST015,MED004,7,7,0,0,0,47
2026-02-22,ST015,MED005,6,6,0,72,0,66
2026-02-22,ST015,MED006,8,8,0,60,0,52
2026-02-22,ST015,MED007,0,0,0,0,0,18
2026-02-22,ST015,MED008,5,0,5,0,0,0
2026-02-22,ST015,MED009,3,3,0,0,0,42
2026-02-22,ST015,MED010,0,0,0,0,0,25
2026-02-22,ST015,MED011,9,9,0,0,0,32
2026-02-22,ST015,MED012,11,11,0,0,0,19
2026-02-22,ST015,MED013,5,3,2,0,0,0
2026-02-22,ST015,MED014,4,0,4,0,0,0
2026-02-22,ST015,MED015,11,11,0,0,0,62
2026-02-22,ST015,MED016,9,9,0,0,0,31
2026-02-22,ST015,MED017,20,20,0,0,0,45
2026-02-22,ST015,MED018,0,0,0,0,0,23
2026-02-22,ST015,MED019,0,0,0,0,0,13
2026-02-22,ST015,MED020,6,6,0,0,0,38
2026-02-22,ST015,MED021,6,6,0,0,0,31
2026-02-22,ST015,MED022,6,6,0,0,0,34
2026-02-22,ST015,MED023,11,11,0,0,0,36
2026-02-22,ST015,MED024,12,12,0,0,0,38
2026-02-22,ST015,MED025,6,6,0,0,0,16
2026-02-22,ST015,MED026,11,11,0,0,0,54
2026-02-22,ST015,MED027,15,15,0,0,0,38
2026-02-22,ST015,MED028,6,6,0,0,0,42
2026-02-22,ST015,MED029,8,8,0,0,0,47
2026-02-22,ST015,MED030,7,7,0,0,0,17
2026-02-22,ST016,MED001,12,12,0,0,0,65
2026-02-22,ST016,MED002,14,14,0,0,0,13
2026-02-22,ST016,MED003,1,0,1,0,0,0
2026-02-22,ST016,MED004,9,9,0,0,0,27
2026-02-22,ST016,MED005,14,0,14,0,0,0
2026-02-22,ST016,MED006,10,6,4,0,0,0
2026-02-22,ST016,MED007,6,6,0,24,0,18
2026-02-22,ST016,MED008,7,7,0,0,0,7
2026-02-22,ST016,MED009,12,12,0,0,0,0
2026-02-22,ST016,MED010,5,5,0,0,0,30
2026-02-22,ST016,MED011,9,9,0,0,0,31
2026-02-22,ST016,MED012,12,12,0,0,0,17
2026-02-22,ST016,MED013,8,8,0,0,0,14
2026-02-22,ST016,MED014,6,6,0,0,0,36
2026-02-22,ST016,MED015,14,14,0,0,0,33
2026-02-22,ST016,MED016,6,0,6,0,0,0
2026-02-22,ST016,MED017,9,9,0,72,0,79
2026-02-22,ST016,MED018,5,5,0,48,0,43
2026-02-22,ST016,MED019,0,0,0,0,0,34
2026-02-22,ST016,MED020,10,10,0,0,0,19
2026-02-22,ST016,MED021,12,12,0,0,0,16
2026-02-22,ST016,MED022,6,6,0,0,0,40
2026-02-22,ST016,MED023,10,10,0,72,0,77
2026-02-22,ST016,MED024,15,15,0,0,0,67
2026-02-22,ST016,MED025,7,7,0,0,0,35
2026-02-22,ST016,MED026,13,13,0,0,0,30
2026-02-22,ST016,MED027,14,14,0,72,0,76
2026-02-22,ST016,MED028,8,8,0,0,0,18
2026-02-22,ST016,MED029,13,13,0,0,0,45
2026-02-22,ST016,MED030,7,7,0,0,0,25
2026-02-22,ST017,MED001,10,10,0,0,0,65
2026-02-22,ST017,MED002,9,9,0,0,0,48
2026-02-22,ST017,MED003,1,1,0,0,0,17
2026-02-22,ST017,MED004,7,7,0,0,0,31
2026-02-22,ST017,MED005,13,13,0,72,0,59
2026-02-22,ST017,MED006,10,10,0,0,0,19
2026-02-22,ST017,MED007,4,4,0,0,0,16
2026-02-22,ST017,MED008,6,6,0,0,0,11
2026-02-22,ST017,MED009,12,12,0,0,0,36
2026-02-22,ST017,MED010,2,2,0,0,0,6
2026-02-22,ST017,MED011,13,13,0,0,0,22
2026-02-22,ST017,MED012,11,11,0,0,0,4
2026-02-22,ST017,MED013,6,6,0,0,0,37
2026-02-22,ST017,MED014,6,6,0,0,0,17
2026-02-22,ST017,MED015,13,13,0,0,0,6
2026-02-22,ST017,MED016,8,8,0,0,0,13
2026-02-22,ST017,MED017,11,11,0,0,0,33
2026-02-22,ST017,MED018,11,11,0,48,0,40
2026-02-22,ST017,MED019,3,3,0,0,0,2
2026-02-22,ST017,MED020,7,1,6,0,0,0
2026-02-22,ST017,MED021,9,9,0,0,0,35
2026-02-22,ST017,MED022,5,5,0,0,0,23
2026-02-22,ST017,MED023,14,14,0,0,0,45
2026-02-22,ST017,MED024,11,11,0,0,0,38
2026-02-22,ST017,MED025,12,12,0,0,0,14
2026-02-22,ST017,MED026,10,10,0,0,0,47
2026-02-22,ST017,MED027,18,18,0,0,0,35
2026-02-22,ST017,MED028,6,0,6,0,0,0
2026-02-22,ST017,MED029,6,0,6,0,0,0
2026-02-22,ST017,MED030,2,2,0,0,0,16
2026-02-22,ST018,MED001,12,12,0,0,0,13
2026-02-22,ST018,MED002,15,6,9,0,0,0
2026-02-22,ST018,MED003,4,4,0,0,0,4
2026-02-22,ST018,MED004,12,12,0,0,0,17
2026-02-22,ST018,MED005,11,11,0,0,0,55
2026-02-22,ST018,MED006,12,12,0,0,0,5
2026-02-22,ST018,MED007,6,6,0,24,0,21
2026-02-22,ST018,MED008,1,1,0,0,0,3
2026-02-22,ST018,MED009,12,12,0,60,0,67
2026-02-22,ST018,MED010,6,6,0,0,0,3
2026-02-22,ST018,MED011,18,18,0,0,0,55
2026-02-22,ST018,MED012,10,10,0,60,0,56
2026-02-22,ST018,MED013,8,8,0,0,0,36
2026-02-22,ST018,MED014,6,6,0,0,0,15
2026-02-22,ST018,MED015,14,14,0,0,0,42
2026-02-22,ST018,MED016,8,8,0,0,0,18
2026-02-22,ST018,MED017,14,14,0,0,0,23
2026-02-22,ST018,MED018,7,7,0,0,0,6
2026-02-22,ST018,MED019,6,6,0,0,0,0
2026-02-22,ST018,MED020,10,10,0,0,0,11
2026-02-22,ST018,MED021,9,9,0,0,0,15
2026-02-22,ST018,MED022,7,7,0,0,0,3
2026-02-22,ST018,MED023,24,24,0,72,0,60
2026-02-22,ST018,MED024,15,15,0,0,0,24
2026-02-22,ST018,MED025,8,8,0,0,0,28
2026-02-22,ST018,MED026,15,15,0,0,0,25
2026-02-22,ST018,MED027,19,19,0,72,0,75
2026-02-22,ST018,MED028,6,6,0,0,0,15
2026-02-22,ST018,MED029,13,13,0,0,0,31
2026-02-22,ST018,MED030,6,6,0,0,0,29
2026-02-22,ST019,MED001,17,17,0,0,0,0
2026-02-22,ST019,MED002,14,14,0,0,0,59
2026-02-22,ST019,MED003,1,1,0,0,0,9
2026-02-22,ST019,MED004,10,10,0,0,0,19
2026-02-22,ST019,MED005,10,10,0,0,0,9
2026-02-22,ST019,MED006,14,14,0,0,0,36
2026-02-22,ST019,MED007,6,6,0,24,0,21
2026-02-22,ST019,MED008,4,1,3,0,0,0
2026-02-22,ST019,MED009,14,14,0,60,0,46
2026-02-22,ST019,MED010,8,1,7,0,0,0
2026-02-22,ST019,MED011,15,15,0,0,0,5
2026-02-22,ST019,MED012,13,1,12,0,0,0
2026-02-22,ST019,MED013,9,5,4,0,0,0
2026-02-22,ST019,MED014,9,9,0,0,0,25
2026-02-22,ST019,MED015,19,19,0,0,0,32
2026-02-22,ST019,MED016,9,9,0,0,0,34
2026-02-22,ST019,MED017,10,10,0,72,0,65
2026-02-22,ST019,MED018,8,8,0,0,0,13
2026-02-22,ST019,MED019,2,2,0,0,0,5
2026-02-22,ST019,MED020,6,6,0,48,0,42
2026-02-22,ST019,MED021,14,14,0,60,0,69
2026-02-22,ST019,MED022,7,7,0,0,0,13
2026-02-22,ST019,MED023,17,17,0,0,0,18
2026-02-22,ST019,MED024,14,5,9,0,0,0
2026-02-22,ST019,MED025,9,1,8,0,0,0
2026-02-22,ST019,MED026,15,15,0,0,0,11
2026-02-22,ST019,MED027,13,13,0,0,0,33
2026-02-22,ST019,MED028,5,5,0,0,0,1
2026-02-22,ST019,MED029,13,13,0,0,0,28
2026-02-22,ST019,MED030,4,4,0,0,0,22
2026-02-22,ST020,MED001,14,14,0,0,0,41
2026-02-22,ST020,MED002,18,18,0,0,0,6
2026-02-22,ST020,MED003,5,5,0,0,0,24
2026-02-22,ST020,MED004,9,0,9,0,0,0
2026-02-22,ST020,MED005,19,19,0,72,0,53
2026-02-22,ST020,MED006,16,16,0,0,0,18
2026-02-22,ST020,MED007,2,2,0,0,0,8
2026-02-22,ST020,MED008,1,1,0,0,0,11
2026-02-22,ST020,MED009,12,12,0,60,0,52
2026-02-22,ST020,MED010,4,4,0,0,0,8
2026-02-22,ST020,MED011,14,14,0,66,0,52
2026-02-22,ST020,MED012,16,16,0,0,0,23
2026-02-22,ST020,MED013,12,12,0,0,0,26
2026-02-22,ST020,MED014,8,8,0,0,0,13
2026-02-22,ST020,MED015,17,17,0,0,0,18
2026-02-22,ST020,MED016,13,0,13,0,0,0
2026-02-22,ST020,MED017,15,15,0,0,0,40
2026-02-22,ST020,MED018,8,0,8,0,0,0
2026-02-22,ST020,MED019,5,1,4,0,0,0
2026-02-22,ST020,MED020,13,3,10,0,0,0
2026-02-22,ST020,MED021,13,13,0,0,0,28
2026-02-22,ST020,MED022,9,9,0,0,0,38
2026-02-22,ST020,MED023,12,9,3,0,0,0
2026-02-22,ST020,MED024,15,15,0,0,0,39
2026-02-22,ST020,MED025,15,5,10,0,0,0
2026-02-22,ST020,MED026,18,18,0,0,0,26
2026-02-22,ST020,MED027,19,19,0,0,0,3
2026-02-22,ST020,MED028,8,8,0,0,0,24
2026-02-22,ST020,MED029,15,15,0,0,0,79
2026-02-22,ST020,MED030,6,1,5,0,0,0
2026-02-22,ST021,MED001,13,13,0,0,0,35
2026-02-22,ST021,MED002,14,14,0,60,0,76
2026-02-22,ST021,MED003,2,1,1,0,0,0
2026-02-22,ST021,MED004,8,8,0,0,0,36
2026-02-22,ST021,MED005,7,7,0,72,0,65
2026-02-22,ST021,MED006,10,10,0,60,0,67
2026-02-22,ST021,MED007,2,2,0,0,0,6
2026-02-22,ST021,MED008,1,1,0,0,0,21
2026-02-22,ST021,MED009,5,5,0,0,0,27
2026-02-22,ST021,MED010,6,6,0,0,0,21
2026-02-22,ST021,MED011,9,9,0,0,0,22
2026-02-22,ST021,MED012,7,0,7,0,0,0
2026-02-22,ST021,MED013,10,10,0,0,0,42
2026-02-22,ST021,MED014,5,5,0,0,0,13
2026-02-22,ST021,MED015,6,6,0,0,0,61
2026-02-22,ST021,MED016,9,9,0,0,0,40
2026-02-22,ST021,MED017,9,0,9,0,0,0
2026-02-22,ST021,MED018,6,6,0,48,0,54
2026-02-22,ST021,MED019,0,0,0,24,0,26
2026-02-22,ST021,MED020,6,6,0,0,0,33
2026-02-22,ST021,MED021,12,12,0,0,0,30
2026-02-22,ST021,MED022,5,5,0,0,0,27
2026-02-22,ST021,MED023,7,7,0,0,0,24
2026-02-22,ST021,MED024,7,0,7,0,0,0
2026-02-22,ST021,MED025,6,0,6,0,0,0
2026-02-22,ST021,MED026,10,10,0,0,0,30
2026-02-22,ST021,MED027,10,10,0,0,0,63
2026-02-22,ST021,MED028,2,0,2,0,0,0
2026-02-22,ST021,MED029,7,7,0,0,0,57
2026-02-22,ST021,MED030,2,2,0,0,0,12
2026-02-22,ST022,MED001,11,11,0,0,0,51
2026-02-22,ST022,MED002,8,0,8,0,0,0
2026-02-22,ST022,MED003,5,5,0,0,0,17
2026-02-22,ST022,MED004,8,8,0,48,0,49
2026-02-22,ST022,MED005,10,10,0,0,0,24
2026-02-22,ST022,MED006,13,13,0,0,0,39
2026-02-22,ST022,MED007,2,2,0,0,0,17
2026-02-22,ST022,MED008,4,4,0,0,0,9
2026-02-22,ST022,MED009,9,9,0,60,0,71
2026-02-22,ST022,MED010,7,7,0,24,0,17
2026-02-22,ST022,MED011,13,13,0,0,0,28
2026-02-22,ST022,MED012,10,10,0,0,0,23
2026-02-22,ST022,MED013,8,8,0,0,0,20
2026-02-22,ST022,MED014,7,7,0,0,0,32
2026-02-22,ST022,MED015,12,12,0,0,0,47
2026-02-22,ST022,MED016,6,6,0,0,0,27
2026-02-22,ST022,MED017,11,11,0,72,0,61
2026-02-22,ST022,MED018,7,0,7,0,0,0
2026-02-22,ST022,MED019,6,6,0,0,0,27
2026-02-22,ST022,MED020,7,7,0,0,0,36
2026-02-22,ST022,MED021,10,10,0,54,0,68
2026-02-22,ST022,MED022,8,8,0,0,0,33
2026-02-22,ST022,MED023,13,13,0,0,0,51
2026-02-22,ST022,MED024,14,14,0,0,0,23
2026-02-22,ST022,MED025,5,5,0,0,0,35
2026-02-22,ST022,MED026,7,7,0,0,0,4
2026-02-22,ST022,MED027,13,13,0,72,0,59
2026-02-22,ST022,MED028,14,14,0,0,0,5
2026-02-22,ST022,MED029,9,9,0,0,0,28
2026-02-22,ST022,MED030,3,3,0,30,0,27
2026-02-22,ST023,MED001,12,12,0,0,0,30
2026-02-22,ST023,MED002,12,12,0,0,0,55
2026-02-22,ST023,MED003,6,6,0,0,0,17
2026-02-22,ST023,MED004,13,13,0,0,0,9
2026-02-22,ST023,MED005,12,12,0,0,0,27
2026-02-22,ST023,MED006,10,10,0,0,0,29
2026-02-22,ST023,MED007,0,0,0,0,0,9
2026-02-22,ST023,MED008,1,1,0,0,0,5
2026-02-22,ST023,MED009,12,12,0,0,0,34
2026-02-22,ST023,MED010,4,3,1,0,0,0
2026-02-22,ST023,MED011,8,8,0,0,0,50
2026-02-22,ST023,MED012,13,13,0,0,0,28
2026-02-22,ST023,MED013,10,10,0,0,0,19
2026-02-22,ST023,MED014,6,6,0,0,0,12
2026-02-22,ST023,MED015,14,14,0,0,0,49
2026-02-22,ST023,MED016,4,4,0,0,0,3
2026-02-22,ST023,MED017,10,10,0,0,0,38
2026-02-22,ST023,MED018,4,4,0,0,0,68
2026-02-22,ST023,MED019,2,2,0,0,0,14
2026-02-22,ST023,MED020,11,11,0,0,0,31
2026-02-22,ST023,MED021,9,9,0,0,0,26
2026-02-22,ST023,MED022,6,6,0,0,0,23
2026-02-22,ST023,MED023,11,11,0,0,0,39
2026-02-22,ST023,MED024,11,11,0,0,0,81
2026-02-22,ST023,MED025,3,3,0,0,0,17
2026-02-22,ST023,MED026,12,12,0,0,0,64
2026-02-22,ST023,MED027,13,13,0,0,0,32
2026-02-22,ST023,MED028,6,6,0,0,0,38
2026-02-22,ST023,MED029,9,9,0,0,0,27
2026-02-22,ST023,MED030,8,8,0,0,0,13
2026-02-22,ST024,MED001,8,8,0,0,0,55
2026-02-22,ST024,MED002,10,10,0,0,0,36
2026-02-22,ST024,MED003,5,5,0,24,0,19
2026-02-22,ST024,MED004,19,9,10,0,0,0
2026-02-22,ST024,MED005,10,10,0,72,0,86
2026-02-22,ST024,MED006,11,11,0,0,0,23
2026-02-22,ST024,MED007,3,3,0,0,0,20
2026-02-22,ST024,MED008,2,2,0,0,0,21
2026-02-22,ST024,MED009,11,11,0,0,0,14
2026-02-22,ST024,MED010,6,6,0,36,0,32
2026-02-22,ST024,MED011,16,16,0,0,0,18
2026-02-22,ST024,MED012,11,11,0,60,0,66
2026-02-22,ST024,MED013,9,9,0,0,0,13
2026-02-22,ST024,MED014,7,7,0,0,0,10
2026-02-22,ST024,MED015,13,13,0,0,0,18
2026-02-22,ST024,MED016,8,8,0,0,0,18
2026-02-22,ST024,MED017,12,12,0,72,0,60
2026-02-22,ST024,MED018,5,5,0,0,0,36
2026-02-22,ST024,MED019,3,3,0,0,0,1
2026-02-22,ST024,MED020,5,5,0,0,0,32
2026-02-22,ST024,MED021,11,11,0,60,0,49
2026-02-22,ST024,MED022,9,9,0,0,0,8
2026-02-22,ST024,MED023,16,8,8,0,0,0
2026-02-22,ST024,MED024,16,16,0,0,0,30
2026-02-22,ST024,MED025,5,5,0,0,0,15
2026-02-22,ST024,MED026,11,11,0,72,0,62
2026-02-22,ST024,MED027,13,13,0,0,0,26
2026-02-22,ST024,MED028,8,8,0,0,0,25
2026-02-22,ST024,MED029,19,19,0,0,0,12
2026-02-22,ST024,MED030,14,10,4,0,0,0
2026-02-22,ST025,MED001,16,16,0,0,0,29
2026-02-22,ST025,MED002,13,13,0,0,0,7
2026-02-22,ST025,MED003,7,7,0,0,0,6
2026-02-22,ST025,MED004,8,0,8,0,0,0
2026-02-22,ST025,MED005,14,14,0,0,0,35
2026-02-22,ST025,MED006,13,0,13,0,0,0
2026-02-22,ST025,MED007,2,2,0,0,0,20
2026-02-22,ST025,MED008,0,0,0,0,0,20
2026-02-22,ST025,MED009,12,12,0,0,0,55
2026-02-22,ST025,MED010,3,3,0,0,0,19
2026-02-22,ST025,MED011,13,13,0,0,0,47
2026-02-22,ST025,MED012,12,12,0,0,0,43
2026-02-22,ST025,MED013,9,9,0,0,0,16
2026-02-22,ST025,MED014,3,3,0,0,0,8
2026-02-22,ST025,MED015,18,18,0,0,0,67
2026-02-22,ST025,MED016,8,8,0,0,0,15
2026-02-22,ST025,MED017,14,14,0,0,0,34
2026-02-22,ST025,MED018,11,11,0,0,0,13
2026-02-22,ST025,MED019,6,3,3,0,0,0
2026-02-22,ST025,MED020,4,4,0,0,0,18
2026-02-22,ST025,MED021,13,13,0,0,0,37
2026-02-22,ST025,MED022,8,8,0,0,0,31
2026-02-22,ST025,MED023,11,11,0,72,0,61
2026-02-22,ST025,MED024,13,6,7,0,0,0
2026-02-22,ST025,MED025,5,5,0,0,0,18
2026-02-22,ST025,MED026,13,13,0,0,0,13
2026-02-22,ST025,MED027,16,16,0,0,0,16
2026-02-22,ST025,MED028,3,3,0,0,0,17
2026-02-22,ST025,MED029,11,11,0,48,0,61
2026-02-22,ST025,MED030,8,8,0,0,0,6
2026-02-22,ST026,MED001,14,14,0,0,0,17
2026-02-22,ST026,MED002,15,15,0,0,0,33
2026-02-22,ST026,MED003,6,6,0,24,0,18
2026-02-22,ST026,MED004,10,10,0,48,0,38
2026-02-22,ST026,MED005,15,15,0,60,0,58
2026-02-22,ST026,MED006,13,13,0,0,0,34
2026-02-22,ST026,MED007,1,1,0,0,0,13
2026-02-22,ST026,MED008,4,0,4,0,0,0
2026-02-22,ST026,MED009,13,13,0,0,0,22
2026-02-22,ST026,MED010,9,9,0,24,0,15
2026-02-22,ST026,MED011,10,10,0,0,0,52
2026-02-22,ST026,MED012,10,10,0,0,0,6
2026-02-22,ST026,MED013,13,13,0,0,0,8
2026-02-22,ST026,MED014,7,7,0,0,0,38
2026-02-22,ST026,MED015,13,13,0,0,0,36
2026-02-22,ST026,MED016,15,15,0,48,0,48
2026-02-22,ST026,MED017,13,13,0,0,0,19
2026-02-22,ST026,MED018,8,8,0,0,0,56
2026-02-22,ST026,MED019,1,1,0,24,0,23
2026-02-22,ST026,MED020,7,7,0,0,0,30
2026-02-22,ST026,MED021,8,8,0,0,0,9
2026-02-22,ST026,MED022,12,12,0,0,0,39
2026-02-22,ST026,MED023,17,16,1,0,0,0
2026-02-22,ST026,MED024,14,14,0,0,0,27
2026-02-22,ST026,MED025,15,15,0,0,0,0
2026-02-22,ST026,MED026,15,15,0,0,0,26
2026-02-22,ST026,MED027,16,16,0,0,0,38
2026-02-22,ST026,MED028,6,6,0,0,0,37
2026-02-22,ST026,MED029,13,13,0,0,0,50
2026-02-22,ST026,MED030,6,6,0,0,0,37
2026-02-22,ST027,MED001,17,17,0,0,0,9
2026-02-22,ST027,MED002,16,16,0,0,0,6
2026-02-22,ST027,MED003,4,4,0,24,0,21
2026-02-22,ST027,MED004,12,12,0,0,0,43
2026-02-22,ST027,MED005,17,0,17,0,0,0
2026-02-22,ST027,MED006,16,16,0,0,0,13
2026-02-22,ST027,MED007,5,5,0,0,0,11
2026-02-22,ST027,MED008,0,0,0,0,0,19
2026-02-22,ST027,MED009,16,16,0,0,0,7
2026-02-22,ST027,MED010,5,5,0,0,0,14
2026-02-22,ST027,MED011,21,21,0,0,0,36
2026-02-22,ST027,MED012,15,15,0,0,0,33
2026-02-22,ST027,MED013,10,10,0,0,0,55
2026-02-22,ST027,MED014,8,8,0,0,0,33
2026-02-22,ST027,MED015,18,18,0,0,0,34
2026-02-22,ST027,MED016,8,8,0,0,0,29
2026-02-22,ST027,MED017,16,16,0,0,0,15
2026-02-22,ST027,MED018,5,5,0,0,0,20
2026-02-22,ST027,MED019,3,3,0,0,0,5
2026-02-22,ST027,MED020,12,12,0,0,0,44
2026-02-22,ST027,MED021,15,15,0,60,0,45
2026-02-22,ST027,MED022,11,11,0,0,0,4
2026-02-22,ST027,MED023,17,17,0,72,0,55
2026-02-22,ST027,MED024,19,19,0,0,0,10
2026-02-22,ST027,MED025,9,0,9,0,0,0
2026-02-22,ST027,MED026,18,18,0,0,0,1
2026-02-22,ST027,MED027,18,18,0,0,0,7
2026-02-22,ST027,MED028,9,9,0,0,0,5
2026-02-22,ST027,MED029,13,13,0,0,0,47
2026-02-22,ST027,MED030,10,0,10,0,0,0
2026-02-22,ST028,MED001,11,11,0,72,0,61
2026-02-22,ST028,MED002,10,10,0,0,0,48
2026-02-22,ST028,MED003,1,0,1,0,0,0
2026-02-22,ST028,MED004,8,8,0,0,0,5
2026-02-22,ST028,MED005,11,11,0,0,0,45
2026-02-22,ST028,MED006,8,8,0,0,0,33
2026-02-22,ST028,MED007,4,4,0,0,0,7
2026-02-22,ST028,MED008,2,2,0,0,0,13
2026-02-22,ST028,MED009,10,10,0,60,0,71
2026-02-22,ST028,MED010,7,7,0,0,0,24
2026-02-22,ST028,MED011,9,9,0,0,0,45
2026-02-22,ST028,MED012,6,6,0,0,0,44
2026-02-22,ST028,MED013,3,3,0,0,0,7
2026-02-22,ST028,MED014,5,5,0,0,0,32
2026-02-22,ST028,MED015,11,11,0,0,0,17
2026-02-22,ST028,MED016,8,0,8,0,0,0
2026-02-22,ST028,MED017,7,7,0,0,0,39
2026-02-22,ST028,MED018,6,6,0,0,0,14
2026-02-22,ST028,MED019,2,2,0,0,0,18
2026-02-22,ST028,MED020,5,5,0,0,0,31
2026-02-22,ST028,MED021,11,11,0,0,0,28
2026-02-22,ST028,MED022,5,5,0,0,0,33
2026-02-22,ST028,MED023,7,7,0,0,0,56
2026-02-22,ST028,MED024,11,11,0,0,0,30
2026-02-22,ST028,MED025,8,8,0,0,0,23
2026-02-22,ST028,MED026,8,8,0,0,0,61
2026-02-22,ST028,MED027,12,12,0,0,0,12
2026-02-22,ST028,MED028,4,4,0,48,0,44
2026-02-22,ST028,MED029,9,4,5,0,0,0
2026-02-22,ST028,MED030,6,6,0,0,0,22
2026-02-22,ST029,MED001,9,9,0,0,0,54
2026-02-22,ST029,MED002,8,8,0,0,0,43
2026-02-22,ST029,MED003,5,5,0,0,0,6
2026-02-22,ST029,MED004,6,6,0,0,0,16
2026-02-22,ST029,MED005,14,14,0,60,0,80
2026-02-22,ST029,MED006,7,7,0,0,0,35
2026-02-22,ST029,MED007,6,6,0,0,0,11
2026-02-22,ST029,MED008,3,3,0,0,0,19
2026-02-22,ST029,MED009,10,0,10,0,0,0
2026-02-22,ST029,MED010,7,7,0,0,0,13
2026-02-22,ST029,MED011,12,12,0,0,0,35
2026-02-22,ST029,MED012,4,4,0,0,0,60
2026-02-22,ST029,MED013,7,6,1,0,0,0
2026-02-22,ST029,MED014,8,8,0,0,0,41
2026-02-22,ST029,MED015,13,13,0,0,0,17
2026-02-22,ST029,MED016,5,5,0,0,0,36
2026-02-22,ST029,MED017,10,10,0,72,0,62
2026-02-22,ST029,MED018,7,7,0,0,0,28
2026-02-22,ST029,MED019,1,1,0,0,0,9
2026-02-22,ST029,MED020,4,4,0,0,0,25
2026-02-22,ST029,MED021,10,10,0,0,0,22
2026-02-22,ST029,MED022,8,8,0,0,0,40
2026-02-22,ST029,MED023,10,10,0,0,0,32
2026-02-22,ST029,MED024,12,12,0,0,0,18
2026-02-22,ST029,MED025,6,6,0,0,0,20
2026-02-22,ST029,MED026,7,7,0,0,0,28
2026-02-22,ST029,MED027,13,13,0,0,0,25
2026-02-22,ST029,MED028,6,6,0,0,0,0
2026-02-22,ST029,MED029,7,7,0,0,0,102
2026-02-22,ST029,MED030,3,3,0,0,0,23
2026-02-22,ST030,MED001,11,11,0,0,0,18
2026-02-22,ST030,MED002,9,9,0,0,0,4
2026-02-22,ST030,MED003,3,3,0,0,0,20
2026-02-22,ST030,MED004,9,9,0,0,0,42
2026-02-22,ST030,MED005,11,10,1,0,0,0
2026-02-22,ST030,MED006,10,10,0,0,0,37
2026-02-22,ST030,MED007,5,5,0,0,0,19
2026-02-22,ST030,MED008,1,1,0,0,0,18
2026-02-22,ST030,MED009,12,12,0,0,0,37
2026-02-22,ST030,MED010,9,9,0,24,0,23
2026-02-22,ST030,MED011,11,11,0,0,0,31
2026-02-22,ST030,MED012,9,9,0,0,0,25
2026-02-22,ST030,MED013,6,6,0,0,0,34
2026-02-22,ST030,MED014,6,6,0,0,0,0
2026-02-22,ST030,MED015,10,10,0,0,0,38
2026-02-22,ST030,MED016,10,10,0,0,0,54
2026-02-22,ST030,MED017,7,7,0,0,0,36
2026-02-22,ST030,MED018,4,4,0,0,0,30
2026-02-22,ST030,MED019,0,0,0,0,0,21
2026-02-22,ST030,MED020,9,9,0,48,0,62
2026-02-22,ST030,MED021,10,10,0,0,0,21
2026-02-22,ST030,MED022,9,9,0,0,0,13
2026-02-22,ST030,MED023,13,0,13,0,0,0
2026-02-22,ST030,MED024,10,10,0,0,0,47
2026-02-22,ST030,MED025,5,5,0,0,0,19
2026-02-22,ST030,MED026,11,0,11,0,0,0
2026-02-22,ST030,MED027,11,11,0,0,0,25
2026-02-22,ST030,MED028,10,10,0,0,0,9
2026-02-22,ST030,MED029,11,0,11,0,0,0
2026-02-22,ST030,MED030,3,3,0,0,0,22
2026-02-22,ST031,MED001,14,14,0,0,0,9
2026-02-22,ST031,MED002,16,4,12,0,0,0
2026-02-22,ST031,MED003,2,2,0,0,0,13
2026-02-22,ST031,MED004,12,12,0,0,0,37
2026-02-22,ST031,MED005,14,14,0,0,0,46
2026-02-22,ST031,MED006,13,13,0,0,0,38
2026-02-22,ST031,MED007,2,2,0,0,0,8
2026-02-22,ST031,MED008,5,4,1,0,0,0
2026-02-22,ST031,MED009,12,12,0,0,0,46
2026-02-22,ST031,MED010,1,1,0,0,0,20
2026-02-22,ST031,MED011,10,0,10,0,0,0
2026-02-22,ST031,MED012,10,6,4,0,0,0
2026-02-22,ST031,MED013,13,13,0,0,0,26
2026-02-22,ST031,MED014,7,6,1,0,0,0
2026-02-22,ST031,MED015,15,15,0,0,0,75
2026-02-22,ST031,MED016,6,6,0,0,0,15
2026-02-22,ST031,MED017,14,14,0,0,0,11
2026-02-22,ST031,MED018,6,6,0,0,0,32
2026-02-22,ST031,MED019,7,7,0,0,0,1
2026-02-22,ST031,MED020,9,9,0,0,0,25
2026-02-22,ST031,MED021,11,11,0,0,0,14
2026-02-22,ST031,MED022,8,8,0,42,0,34
2026-02-22,ST031,MED023,16,16,0,0,0,60
2026-02-22,ST031,MED024,17,17,0,0,0,35
2026-02-22,ST031,MED025,7,7,0,0,0,19
2026-02-22,ST031,MED026,12,12,0,0,0,43
2026-02-22,ST031,MED027,10,10,0,0,0,90
2026-02-22,ST031,MED028,8,8,0,0,0,3
2026-02-22,ST031,MED029,11,0,11,0,0,0
2026-02-22,ST031,MED030,7,7,0,0,0,16
2026-02-22,ST032,MED001,12,12,0,72,0,60
2026-02-22,ST032,MED002,12,12,0,0,0,42
2026-02-22,ST032,MED003,2,2,0,24,0,34
2026-02-22,ST032,MED004,10,0,10,0,0,0
2026-02-22,ST032,MED005,12,0,12,0,0,0
2026-02-22,ST032,MED006,9,9,0,0,0,33
2026-02-22,ST032,MED007,5,5,0,24,0,25
2026-02-22,ST032,MED008,2,0,2,0,0,0
2026-02-22,ST032,MED009,10,10,0,0,0,11
2026-02-22,ST032,MED010,0,0,0,0,0,27
2026-02-22,ST032,MED011,16,16,0,0,0,63
2026-02-22,ST032,MED012,14,14,0,0,0,19
2026-02-22,ST032,MED013,7,7,0,0,0,22
2026-02-22,ST032,MED014,3,3,0,0,0,27
2026-02-22,ST032,MED015,17,12,5,0,0,0
2026-02-22,ST032,MED016,8,8,0,0,0,53
2026-02-22,ST032,MED017,19,19,0,0,0,32
2026-02-22,ST032,MED018,12,12,0,0,0,20
2026-02-22,ST032,MED019,0,0,0,0,0,6
2026-02-22,ST032,MED020,10,10,0,0,0,10
2026-02-22,ST032,MED021,9,0,9,0,0,0
2026-02-22,ST032,MED022,18,18,0,0,0,12
2026-02-22,ST032,MED023,14,14,0,72,0,65
2026-02-22,ST032,MED024,13,13,0,0,0,57
2026-02-22,ST032,MED025,8,8,0,0,0,1
2026-02-22,ST032,MED026,11,11,0,0,0,28
2026-02-22,ST032,MED027,16,16,0,0,0,37
2026-02-22,ST032,MED028,9,9,0,48,0,73
2026-02-22,ST032,MED029,10,10,0,0,0,45
2026-02-22,ST032,MED030,7,7,0,0,0,6
2026-02-22,ST033,MED001,16,16,0,0,0,14
2026-02-22,ST033,MED002,13,7,6,0,0,0
2026-02-22,ST033,MED003,7,7,0,0,0,7
2026-02-22,ST033,MED004,11,7,4,0,0,0
2026-02-22,ST033,MED005,19,19,0,0,0,25
2026-02-22,ST033,MED006,13,13,0,60,0,47
2026-02-22,ST033,MED007,4,4,0,0,0,14
2026-02-22,ST033,MED008,7,7,0,0,0,10
2026-02-22,ST033,MED009,13,13,0,0,0,33
2026-02-22,ST033,MED010,4,4,0,0,0,14
2026-02-22,ST033,MED011,15,15,0,0,0,32
2026-02-22,ST033,MED012,12,12,0,0,0,63
2026-02-22,ST033,MED013,9,9,0,0,0,33
2026-02-22,ST033,MED014,4,4,0,0,0,30
2026-02-22,ST033,MED015,13,13,0,72,0,73
2026-02-22,ST033,MED016,10,10,0,0,0,30
2026-02-22,ST033,MED017,17,17,0,0,0,11
2026-02-22,ST033,MED018,13,13,0,0,0,26
2026-02-22,ST033,MED019,7,7,0,0,0,10
2026-02-22,ST033,MED020,9,9,0,0,0,6
2026-02-22,ST033,MED021,15,15,0,60,0,62
2026-02-22,ST033,MED022,8,8,0,0,0,7
2026-02-22,ST033,MED023,13,13,0,0,0,33
2026-02-22,ST033,MED024,14,14,0,0,0,22
2026-02-22,ST033,MED025,3,3,0,0,0,9
2026-02-22,ST033,MED026,13,13,0,0,0,26
2026-02-22,ST033,MED027,17,17,0,0,0,17
2026-02-22,ST033,MED028,10,10,0,0,0,20
2026-02-22,ST033,MED029,12,12,0,72,0,60
2026-02-22,ST033,MED030,5,5,0,0,0,12
2026-02-22,ST034,MED001,16,16,0,72,0,58
2026-02-22,ST034,MED002,18,17,1,0,0,0
2026-02-22,ST034,MED003,6,6,0,0,0,10
2026-02-22,ST034,MED004,9,9,0,48,0,51
2026-02-22,ST034,MED005,16,16,0,0,0,42
2026-02-22,ST034,MED006,24,24,0,0,0,37
2026-02-22,ST034,MED007,6,5,1,0,0,0
2026-02-22,ST034,MED008,4,4,0,0,0,18
2026-02-22,ST034,MED009,14,2,12,0,0,0
2026-02-22,ST034,MED010,3,3,0,24,0,23
2026-02-22,ST034,MED011,16,16,0,0,0,55
2026-02-22,ST034,MED012,15,15,0,0,0,12
2026-02-22,ST034,MED013,10,10,0,60,0,50
2026-02-22,ST034,MED014,6,6,0,0,0,10
2026-02-22,ST034,MED015,13,13,0,0,0,39
2026-02-22,ST034,MED016,11,1,10,0,0,0
2026-02-22,ST034,MED017,15,0,15,0,0,0
2026-02-22,ST034,MED018,7,7,0,0,0,31
2026-02-22,ST034,MED019,4,0,4,0,0,0
2026-02-22,ST034,MED020,5,5,0,0,0,27
2026-02-22,ST034,MED021,20,20,0,60,0,42
2026-02-22,ST034,MED022,6,6,0,0,0,3
2026-02-22,ST034,MED023,17,9,8,0,0,0
2026-02-22,ST034,MED024,32,0,32,0,0,0
2026-02-22,ST034,MED025,8,0,8,0,0,0
2026-02-22,ST034,MED026,15,0,15,0,0,0
2026-02-22,ST034,MED027,18,18,0,84,0,66
2026-02-22,ST034,MED028,8,8,0,0,0,11
2026-02-22,ST034,MED029,11,11,0,72,0,61
2026-02-22,ST034,MED030,9,1,8,0,0,0
2026-02-22,ST035,MED001,9,9,0,72,0,63
2026-02-22,ST035,MED002,11,11,0,0,0,37
2026-02-22,ST035,MED003,2,2,0,0,0,12
2026-02-22,ST035,MED004,4,4,0,0,0,57
2026-02-22,ST035,MED005,9,9,0,0,0,39
2026-02-22,ST035,MED006,8,8,0,0,0,38
2026-02-22,ST035,MED007,3,3,0,0,0,8
2026-02-22,ST035,MED008,7,7,0,0,0,5
2026-02-22,ST035,MED009,11,11,0,0,0,43
2026-02-22,ST035,MED010,1,1,0,0,0,19
2026-02-22,ST035,MED011,13,13,0,0,0,64
2026-02-22,ST035,MED012,8,8,0,0,0,41
2026-02-22,ST035,MED013,3,3,0,0,0,15
2026-02-22,ST035,MED014,4,4,0,0,0,30
2026-02-22,ST035,MED015,8,8,0,0,0,51
2026-02-22,ST035,MED016,7,7,0,48,0,41
2026-02-22,ST035,MED017,9,9,0,0,0,51
2026-02-22,ST035,MED018,3,3,0,0,0,38
2026-02-22,ST035,MED019,1,1,0,0,0,12
2026-02-22,ST035,MED020,4,4,0,0,0,19
2026-02-22,ST035,MED021,8,8,0,0,0,26
2026-02-22,ST035,MED022,4,0,4,0,0,0
2026-02-22,ST035,MED023,8,8,0,0,0,14
2026-02-22,ST035,MED024,10,10,0,0,0,53
2026-02-22,ST035,MED025,5,5,0,0,0,17
2026-02-22,ST035,MED026,8,8,0,0,0,39
2026-02-22,ST035,MED027,8,0,8,0,0,0
2026-02-22,ST035,MED028,7,7,0,0,0,41
2026-02-22,ST035,MED029,9,0,9,0,0,0
2026-02-22,ST035,MED030,1,1,0,0,0,19
2026-02-22,ST036,MED001,10,10,0,0,0,28
2026-02-22,ST036,MED002,10,10,0,0,0,34
2026-02-22,ST036,MED003,3,3,0,0,0,26
2026-02-22,ST036,MED004,7,7,0,0,0,40
2026-02-22,ST036,MED005,8,8,0,0,0,33
2026-02-22,ST036,MED006,9,9,0,0,0,58
2026-02-22,ST036,MED007,3,3,0,0,0,15
2026-02-22,ST036,MED008,2,2,0,0,0,18
2026-02-22,ST036,MED009,10,10,0,0,0,37
2026-02-22,ST036,MED010,5,5,0,0,0,6
2026-02-22,ST036,MED011,11,11,0,0,0,37
2026-02-22,ST036,MED012,5,5,0,60,0,55
2026-02-22,ST036,MED013,6,6,0,0,0,21
2026-02-22,ST036,MED014,11,11,0,0,0,22
2026-02-22,ST036,MED015,14,14,0,72,0,58
2026-02-22,ST036,MED016,7,7,0,0,0,32
2026-02-22,ST036,MED017,10,10,0,0,0,16
2026-02-22,ST036,MED018,5,5,0,0,0,1
2026-02-22,ST036,MED019,0,0,0,0,0,12
2026-02-22,ST036,MED020,9,9,0,0,0,45
2026-02-22,ST036,MED021,10,10,0,60,0,77
2026-02-22,ST036,MED022,4,4,0,0,0,13
2026-02-22,ST036,MED023,15,15,0,0,0,18
2026-02-22,ST036,MED024,11,11,0,0,0,54
2026-02-22,ST036,MED025,7,7,0,0,0,7
2026-02-22,ST036,MED026,12,12,0,0,0,13
2026-02-22,ST036,MED027,13,13,0,0,0,32
2026-02-22,ST036,MED028,1,1,0,0,0,37
2026-02-22,ST036,MED029,6,6,0,0,0,35
2026-02-22,ST036,MED030,7,7,0,0,0,12
2026-02-22,ST037,MED001,11,11,0,0,0,14
2026-02-22,ST037,MED002,15,15,0,0,0,21
2026-02-22,ST037,MED003,5,5,0,0,0,24
2026-02-22,ST037,MED004,9,9,0,0,0,10
2026-02-22,ST037,MED005,10,10,0,0,0,2
2026-02-22,ST037,MED006,7,7,0,60,0,79
2026-02-22,ST037,MED007,3,3,0,0,0,10
2026-02-22,ST037,MED008,0,0,0,0,0,13
2026-02-22,ST037,MED009,9,9,0,0,0,64
2026-02-22,ST037,MED010,8,8,0,0,0,10
2026-02-22,ST037,MED011,14,14,0,0,0,17
2026-02-22,ST037,MED012,10,10,0,0,0,28
2026-02-22,ST037,MED013,7,7,0,0,0,27
2026-02-22,ST037,MED014,3,3,0,0,0,21
2026-02-22,ST037,MED015,13,13,0,0,0,49
2026-02-22,ST037,MED016,6,6,0,48,0,48
2026-02-22,ST037,MED017,12,12,0,0,0,51
2026-02-22,ST037,MED018,4,4,0,0,0,62
2026-02-22,ST037,MED019,4,4,0,0,0,7
2026-02-22,ST037,MED020,6,6,0,0,0,18
2026-02-22,ST037,MED021,9,9,0,0,0,3
2026-02-22,ST037,MED022,6,6,0,0,0,25
2026-02-22,ST037,MED023,10,10,0,0,0,44
2026-02-22,ST037,MED024,15,15,0,72,0,80
2026-02-22,ST037,MED025,9,9,0,0,0,35
2026-02-22,ST037,MED026,8,8,0,0,0,21
2026-02-22,ST037,MED027,12,12,0,0,0,37
2026-02-22,ST037,MED028,4,4,0,0,0,42
2026-02-22,ST037,MED029,11,11,0,72,0,61
2026-02-22,ST037,MED030,9,9,0,0,0,6
2026-02-22,ST038,MED001,9,0,9,0,0,0
2026-02-22,ST038,MED002,9,9,0,0,0,6
2026-02-22,ST038,MED003,6,6,0,0,0,14
2026-02-22,ST038,MED004,9,9,0,48,0,39
2026-02-22,ST038,MED005,10,10,0,0,0,17
2026-02-22,ST038,MED006,11,11,0,0,0,1
2026-02-22,ST038,MED007,1,1,0,0,0,6
2026-02-22,ST038,MED008,5,0,5,0,0,0
2026-02-22,ST038,MED009,10,10,0,0,0,38
2026-02-22,ST038,MED010,5,5,0,0,0,19
2026-02-22,ST038,MED011,10,10,0,0,0,25
2026-02-22,ST038,MED012,8,8,0,0,0,46
2026-02-22,ST038,MED013,11,11,0,0,0,11
2026-02-22,ST038,MED014,6,6,0,0,0,23
2026-02-22,ST038,MED015,14,14,0,0,0,42
2026-02-22,ST038,MED016,11,7,4,0,0,0
2026-02-22,ST038,MED017,18,18,0,0,0,29
2026-02-22,ST038,MED018,8,0,8,0,0,0
2026-02-22,ST038,MED019,2,2,0,24,0,22
2026-02-22,ST038,MED020,6,6,0,0,0,9
2026-02-22,ST038,MED021,12,12,0,0,0,12
2026-02-22,ST038,MED022,7,7,0,0,0,36
2026-02-22,ST038,MED023,16,16,0,0,0,22
2026-02-22,ST038,MED024,15,15,0,72,0,75
2026-02-22,ST038,MED025,10,0,10,0,0,0
2026-02-22,ST038,MED026,9,9,0,0,0,15
2026-02-22,ST038,MED027,16,16,0,0,0,32
2026-02-22,ST038,MED028,8,8,0,0,0,27
2026-02-22,ST038,MED029,10,10,0,0,0,21
2026-02-22,ST038,MED030,6,6,0,0,0,4
2026-02-22,ST039,MED001,11,11,0,0,0,18
2026-02-22,ST039,MED002,13,13,0,0,0,38
2026-02-22,ST039,MED003,6,6,0,0,0,6
2026-02-22,ST039,MED004,12,12,0,48,0,36
2026-02-22,ST039,MED005,10,10,0,0,0,7
2026-02-22,ST039,MED006,12,12,0,0,0,8
2026-02-22,ST039,MED007,2,2,0,0,0,0
2026-02-22,ST039,MED008,7,7,0,0,0,1
2026-02-22,ST039,MED009,16,3,13,0,0,0
2026-02-22,ST039,MED010,5,5,0,0,0,4
2026-02-22,ST039,MED011,13,13,0,0,0,33
2026-02-22,ST039,MED012,14,14,0,60,0,48
2026-02-22,ST039,MED013,6,6,0,0,0,4
2026-02-22,ST039,MED014,6,6,0,0,0,32
2026-02-22,ST039,MED015,14,14,0,96,0,95
2026-02-22,ST039,MED016,11,11,0,0,0,31
2026-02-22,ST039,MED017,12,12,0,0,0,11
2026-02-22,ST039,MED018,12,12,0,0,0,7
2026-02-22,ST039,MED019,2,2,0,0,0,17
2026-02-22,ST039,MED020,12,12,0,0,0,29
2026-02-22,ST039,MED021,13,13,0,0,0,33
2026-02-22,ST039,MED022,8,8,0,0,0,34
2026-02-22,ST039,MED023,10,10,0,0,0,30
2026-02-22,ST039,MED024,12,12,0,0,0,42
2026-02-22,ST039,MED025,5,5,0,0,0,10
2026-02-22,ST039,MED026,14,14,0,72,0,58
2026-02-22,ST039,MED027,10,10,0,0,0,77
2026-02-22,ST039,MED028,6,6,0,0,0,12
2026-02-22,ST039,MED029,12,12,0,0,0,45
2026-02-22,ST039,MED030,5,5,0,0,0,8
2026-02-22,ST040,MED001,16,16,0,0,0,50
2026-02-22,ST040,MED002,14,0,14,0,0,0
2026-02-22,ST040,MED003,6,6,0,0,0,11
2026-02-22,ST040,MED004,10,9,1,0,0,0
2026-02-22,ST040,MED005,12,12,0,0,0,52
2026-02-22,ST040,MED006,11,0,11,0,0,0
2026-02-22,ST040,MED007,5,5,0,0,0,11
2026-02-22,ST040,MED008,3,3,0,0,0,29
2026-02-22,ST040,MED009,13,13,0,0,0,5
2026-02-22,ST040,MED010,9,2,7,0,0,0
2026-02-22,ST040,MED011,16,16,0,0,0,43
2026-02-22,ST040,MED012,12,12,0,0,0,1
2026-02-22,ST040,MED013,10,10,0,0,0,27
2026-02-22,ST040,MED014,10,10,0,0,0,32
2026-02-22,ST040,MED015,18,18,0,0,0,39
2026-02-22,ST040,MED016,10,10,0,0,0,23
2026-02-22,ST040,MED017,15,15,0,0,0,44
2026-02-22,ST040,MED018,8,8,0,0,0,32
2026-02-22,ST040,MED019,7,7,0,0,0,20
2026-02-22,ST040,MED020,11,11,0,0,0,24
2026-02-22,ST040,MED021,14,14,0,0,0,1
2026-02-22,ST040,MED022,9,9,0,0,0,12
2026-02-22,ST040,MED023,17,17,0,0,0,11
2026-02-22,ST040,MED024,17,17,0,0,0,25
2026-02-22,ST040,MED025,8,8,0,0,0,8
2026-02-22,ST040,MED026,15,15,0,0,0,25
2026-02-22,ST040,MED027,19,11,8,0,0,0
2026-02-22,ST040,MED028,7,7,0,0,0,14
2026-02-22,ST040,MED029,10,10,0,0,0,42
2026-02-22,ST040,MED030,5,5,0,0,0,22
2026-02-23,ST001,MED001,10,10,0,0,0,39
2026-02-23,ST001,MED002,8,0,8,0,0,0
2026-02-23,ST001,MED003,0,0,0,0,0,15
2026-02-23,ST001,MED004,4,4,0,0,0,36
2026-02-23,ST001,MED005,7,7,0,0,0,86
2026-02-23,ST001,MED006,5,5,0,0,0,54
2026-02-23,ST001,MED007,3,3,0,24,0,21
2026-02-23,ST001,MED008,5,0,5,0,0,0
2026-02-23,ST001,MED009,7,7,0,0,0,24
2026-02-23,ST001,MED010,3,3,0,24,0,21
2026-02-23,ST001,MED011,8,8,0,66,0,74
2026-02-23,ST001,MED012,5,5,0,0,0,12
2026-02-23,ST001,MED013,4,4,0,48,0,63
2026-02-23,ST001,MED014,3,3,0,0,0,28
2026-02-23,ST001,MED015,12,12,0,0,0,37
2026-02-23,ST001,MED016,7,7,0,0,0,50
2026-02-23,ST001,MED017,8,8,0,0,0,26
2026-02-23,ST001,MED018,6,6,0,0,0,7
2026-02-23,ST001,MED019,2,2,0,0,0,11
2026-02-23,ST001,MED020,2,2,0,48,0,62
2026-02-23,ST001,MED021,12,12,0,0,0,25
2026-02-23,ST001,MED022,7,7,0,0,0,28
2026-02-23,ST001,MED023,10,10,0,0,0,54
2026-02-23,ST001,MED024,12,12,0,0,0,30
2026-02-23,ST001,MED025,7,7,0,36,0,45
2026-02-23,ST001,MED026,10,10,0,0,0,40
2026-02-23,ST001,MED027,11,11,0,0,0,69
2026-02-23,ST001,MED028,4,4,0,0,0,24
2026-02-23,ST001,MED029,6,6,0,0,0,60
2026-02-23,ST001,MED030,3,3,0,0,0,37
2026-02-23,ST002,MED001,9,9,0,0,0,6
2026-02-23,ST002,MED002,12,12,0,0,0,23
2026-02-23,ST002,MED003,3,3,0,0,0,19
2026-02-23,ST002,MED004,11,11,0,0,0,3
2026-02-23,ST002,MED005,8,8,0,0,0,22
2026-02-23,ST002,MED006,8,8,0,60,0,74
2026-02-23,ST002,MED007,3,3,0,0,0,13
2026-02-23,ST002,MED008,0,0,0,24,0,24
2026-02-23,ST002,MED009,9,9,0,0,0,54
2026-02-23,ST002,MED010,7,7,0,0,0,4
2026-02-23,ST002,MED011,12,12,0,0,0,15
2026-02-23,ST002,MED012,8,8,0,0,0,47
2026-02-23,ST002,MED013,6,0,6,0,0,0
2026-02-23,ST002,MED014,2,0,2,0,0,0
2026-02-23,ST002,MED015,8,8,0,0,0,28
2026-02-23,ST002,MED016,8,0,8,0,0,0
2026-02-23,ST002,MED017,10,10,0,0,0,76
2026-02-23,ST002,MED018,2,2,0,0,0,43
2026-02-23,ST002,MED019,8,8,0,0,0,4
2026-02-23,ST002,MED020,8,8,0,0,0,25
2026-02-23,ST002,MED021,7,7,0,0,0,59
2026-02-23,ST002,MED022,7,3,4,0,0,0
2026-02-23,ST002,MED023,11,11,0,72,0,61
2026-02-23,ST002,MED024,10,10,0,72,0,91
2026-02-23,ST002,MED025,6,6,0,0,0,25
2026-02-23,ST002,MED026,7,7,0,0,0,7
2026-02-23,ST002,MED027,8,0,8,0,0,0
2026-02-23,ST002,MED028,6,6,0,0,0,32
2026-02-23,ST002,MED029,5,5,0,0,0,54
2026-02-23,ST002,MED030,4,4,0,0,0,14
2026-02-23,ST003,MED001,9,9,0,0,0,50
2026-02-23,ST003,MED002,12,12,0,0,0,47
2026-02-23,ST003,MED003,2,2,0,0,0,18
2026-02-23,ST003,MED004,7,7,0,0,0,47
2026-02-23,ST003,MED005,10,10,0,0,0,25
2026-02-23,ST003,MED006,12,12,0,0,0,15
2026-02-23,ST003,MED007,4,4,0,0,0,5
2026-02-23,ST003,MED008,2,2,0,0,0,19
2026-02-23,ST003,MED009,8,8,0,0,0,28
2026-02-23,ST003,MED010,4,4,0,0,0,16
2026-02-23,ST003,MED011,13,13,0,0,0,33
2026-02-23,ST003,MED012,9,9,0,0,0,22
2026-02-23,ST003,MED013,5,5,0,0,0,4
2026-02-23,ST003,MED014,4,4,0,0,0,59
2026-02-23,ST003,MED015,10,10,0,72,0,65
2026-02-23,ST003,MED016,6,6,0,48,0,45
2026-02-23,ST003,MED017,14,14,0,0,0,11
2026-02-23,ST003,MED018,7,7,0,0,0,33
2026-02-23,ST003,MED019,2,2,0,0,0,9
2026-02-23,ST003,MED020,5,5,0,0,0,24
2026-02-23,ST003,MED021,5,0,5,0,0,0
2026-02-23,ST003,MED022,6,6,0,0,0,6
2026-02-23,ST003,MED023,8,8,0,0,0,37
2026-02-23,ST003,MED024,11,11,0,84,0,84
2026-02-23,ST003,MED025,5,5,0,0,0,10
2026-02-23,ST003,MED026,12,12,0,0,0,55
2026-02-23,ST003,MED027,11,11,0,72,0,61
2026-02-23,ST003,MED028,5,5,0,0,0,9
2026-02-23,ST003,MED029,9,9,0,0,0,19
2026-02-23,ST003,MED030,0,0,0,0,0,35
2026-02-23,ST004,MED001,13,13,0,0,0,56
2026-02-23,ST004,MED002,14,14,0,0,0,23
2026-02-23,ST004,MED003,2,2,0,0,0,16
2026-02-23,ST004,MED004,6,6,0,0,0,11
2026-02-23,ST004,MED005,14,8,6,0,0,0
2026-02-23,ST004,MED006,12,12,0,0,0,37
2026-02-23,ST004,MED007,2,0,2,0,0,0
2026-02-23,ST004,MED008,4,4,0,0,0,4
2026-02-23,ST004,MED009,12,0,12,0,0,0
2026-02-23,ST004,MED010,0,0,0,0,0,3
2026-02-23,ST004,MED011,12,12,0,0,0,59
2026-02-23,ST004,MED012,6,6,0,60,0,54
2026-02-23,ST004,MED013,9,9,0,0,0,0
2026-02-23,ST004,MED014,3,3,0,0,0,45
2026-02-23,ST004,MED015,11,11,0,72,0,61
2026-02-23,ST004,MED016,7,7,0,0,0,41
2026-02-23,ST004,MED017,8,8,0,60,0,75
2026-02-23,ST004,MED018,9,9,0,0,0,29
2026-02-23,ST004,MED019,9,9,0,0,0,0
2026-02-23,ST004,MED020,8,8,0,0,0,30
2026-02-23,ST004,MED021,9,9,0,60,0,56
2026-02-23,ST004,MED022,9,9,0,42,0,33
2026-02-23,ST004,MED023,12,12,0,0,0,25
2026-02-23,ST004,MED024,14,14,0,0,0,17
2026-02-23,ST004,MED025,6,6,0,0,0,6
2026-02-23,ST004,MED026,12,12,0,0,0,22
2026-02-23,ST004,MED027,11,11,0,0,0,3
2026-02-23,ST004,MED028,6,6,0,0,0,15
2026-02-23,ST004,MED029,10,8,2,0,0,0
2026-02-23,ST004,MED030,5,2,3,0,0,0
2026-02-23,ST005,MED001,14,0,14,0,0,0
2026-02-23,ST005,MED002,11,11,0,0,0,55
2026-02-23,ST005,MED003,4,4,0,0,0,6
2026-02-23,ST005,MED004,12,12,0,0,0,0
2026-02-23,ST005,MED005,12,12,0,0,0,1
2026-02-23,ST005,MED006,13,13,0,0,0,11
2026-02-23,ST005,MED007,7,7,0,0,0,3
2026-02-23,ST005,MED008,1,1,0,0,0,5
2026-02-23,ST005,MED009,11,11,0,60,0,56
2026-02-23,ST005,MED010,6,6,0,0,0,10
2026-02-23,ST005,MED011,10,10,0,0,0,34
2026-02-23,ST005,MED012,11,11,0,0,0,12
2026-02-23,ST005,MED013,10,10,0,0,0,30
2026-02-23,ST005,MED014,5,5,0,48,0,50
2026-02-23,ST005,MED015,15,6,9,0,0,0
2026-02-23,ST005,MED016,9,9,0,0,0,33
2026-02-23,ST005,MED017,11,0,11,0,0,0
2026-02-23,ST005,MED018,13,13,0,0,0,1
2026-02-23,ST005,MED019,2,1,1,0,0,0
2026-02-23,ST005,MED020,8,6,2,0,0,0
2026-02-23,ST005,MED021,6,6,0,0,0,35
2026-02-23,ST005,MED022,11,11,0,0,0,24
2026-02-23,ST005,MED023,16,16,0,0,0,20
2026-02-23,ST005,MED024,11,11,0,72,0,94
2026-02-23,ST005,MED025,11,6,5,0,0,0
2026-02-23,ST005,MED026,13,13,0,72,0,59
2026-02-23,ST005,MED027,13,13,0,0,0,26
2026-02-23,ST005,MED028,10,10,0,48,0,49
2026-02-23,ST005,MED029,12,12,0,0,0,52
2026-02-23,ST005,MED030,8,8,0,36,0,28
2026-02-23,ST006,MED001,11,0,11,0,0,0
2026-02-23,ST006,MED002,15,15,0,72,0,72
2026-02-23,ST006,MED003,5,5,0,0,0,5
2026-02-23,ST006,MED004,10,10,0,48,0,52
2026-02-23,ST006,MED005,16,16,0,0,0,42
2026-02-23,ST006,MED006,17,17,0,60,0,43
2026-02-23,ST006,MED007,3,3,0,24,0,26
2026-02-23,ST006,MED008,4,4,0,0,0,6
2026-02-23,ST006,MED009,11,11,0,0,0,29
2026-02-23,ST006,MED010,6,6,0,0,0,10
2026-02-23,ST006,MED011,12,12,0,0,0,2
2026-02-23,ST006,MED012,16,16,0,0,0,1
2026-02-23,ST006,MED013,8,8,0,36,0,52
2026-02-23,ST006,MED014,8,8,0,0,0,47
2026-02-23,ST006,MED015,16,16,0,0,0,36
2026-02-23,ST006,MED016,11,4,7,0,0,0
2026-02-23,ST006,MED017,13,13,0,0,0,15
2026-02-23,ST006,MED018,10,10,0,0,0,15
2026-02-23,ST006,MED019,7,7,0,0,0,10
2026-02-23,ST006,MED020,16,16,0,0,0,2
2026-02-23,ST006,MED021,14,14,0,0,0,31
2026-02-23,ST006,MED022,12,12,0,0,0,16
2026-02-23,ST006,MED023,15,15,0,60,0,94
2026-02-23,ST006,MED024,13,13,0,0,0,12
2026-02-23,ST006,MED025,7,7,0,0,0,9
2026-02-23,ST006,MED026,17,17,0,0,0,42
2026-02-23,ST006,MED027,13,13,0,0,0,6
2026-02-23,ST006,MED028,10,10,0,48,0,47
2026-02-23,ST006,MED029,15,0,15,0,0,0
2026-02-23,ST006,MED030,5,5,0,0,0,26
2026-02-23,ST007,MED001,6,6,0,0,0,46
2026-02-23,ST007,MED002,8,8,0,0,0,53
2026-02-23,ST007,MED003,1,0,1,0,0,0
2026-02-23,ST007,MED004,7,7,0,0,0,29
2026-02-23,ST007,MED005,14,14,0,0,0,20
2026-02-23,ST007,MED006,8,8,0,60,0,52
2026-02-23,ST007,MED007,3,3,0,0,0,12
2026-02-23,ST007,MED008,4,4,0,0,0,17
2026-02-23,ST007,MED009,8,8,0,0,0,25
2026-02-23,ST007,MED010,6,6,0,0,0,11
2026-02-23,ST007,MED011,9,9,0,0,0,30
2026-02-23,ST007,MED012,9,9,0,0,0,36
2026-02-23,ST007,MED013,6,6,0,0,0,7
2026-02-23,ST007,MED014,3,3,0,0,0,1
2026-02-23,ST007,MED015,10,10,0,0,0,74
2026-02-23,ST007,MED016,4,4,0,0,0,28
2026-02-23,ST007,MED017,12,12,0,0,0,28
2026-02-23,ST007,MED018,3,0,3,0,0,0
2026-02-23,ST007,MED019,0,0,0,24,0,27
2026-02-23,ST007,MED020,5,5,0,0,0,21
2026-02-23,ST007,MED021,8,8,0,0,0,39
2026-02-23,ST007,MED022,4,4,0,0,0,17
2026-02-23,ST007,MED023,6,6,0,0,0,57
2026-02-23,ST007,MED024,9,9,0,0,0,7
2026-02-23,ST007,MED025,3,3,0,0,0,14
2026-02-23,ST007,MED026,9,9,0,0,0,25
2026-02-23,ST007,MED027,7,0,7,0,0,0
2026-02-23,ST007,MED028,7,7,0,0,0,36
2026-02-23,ST007,MED029,7,7,0,0,0,31
2026-02-23,ST007,MED030,4,4,0,30,0,30
2026-02-23,ST008,MED001,10,10,0,0,0,27
2026-02-23,ST008,MED002,10,10,0,0,0,24
2026-02-23,ST008,MED003,5,5,0,0,0,15
2026-02-23,ST008,MED004,7,7,0,0,0,28
2026-02-23,ST008,MED005,8,8,0,0,0,29
2026-02-23,ST008,MED006,10,10,0,0,0,58
2026-02-23,ST008,MED007,5,0,5,0,0,0
2026-02-23,ST008,MED008,0,0,0,0,0,20
2026-02-23,ST008,MED009,4,4,0,0,0,54
2026-02-23,ST008,MED010,7,7,0,0,0,20
2026-02-23,ST008,MED011,13,13,0,0,0,11
2026-02-23,ST008,MED012,9,9,0,0,0,21
2026-02-23,ST008,MED013,4,4,0,48,0,44
2026-02-23,ST008,MED014,4,4,0,0,0,10
2026-02-23,ST008,MED015,11,8,3,0,0,0
2026-02-23,ST008,MED016,6,6,0,0,0,65
2026-02-23,ST008,MED017,8,8,0,0,0,68
2026-02-23,ST008,MED018,4,4,0,0,0,5
2026-02-23,ST008,MED019,3,3,0,0,0,1
2026-02-23,ST008,MED020,8,8,0,48,0,40
2026-02-23,ST008,MED021,8,8,0,0,0,0
2026-02-23,ST008,MED022,6,6,0,0,0,7
2026-02-23,ST008,MED023,7,7,0,0,0,49
2026-02-23,ST008,MED024,10,10,0,0,0,22
2026-02-23,ST008,MED025,4,4,0,36,0,41
2026-02-23,ST008,MED026,10,10,0,0,0,68
2026-02-23,ST008,MED027,11,11,0,0,0,31
2026-02-23,ST008,MED028,7,0,7,0,0,0
2026-02-23,ST008,MED029,9,9,0,0,0,19
2026-02-23,ST008,MED030,5,5,0,0,0,9
2026-02-23,ST009,MED001,13,13,0,72,0,68
2026-02-23,ST009,MED002,6,6,0,66,0,74
2026-02-23,ST009,MED003,2,2,0,0,0,11
2026-02-23,ST009,MED004,8,8,0,0,0,21
2026-02-23,ST009,MED005,8,8,0,0,0,28
2026-02-23,ST009,MED006,10,10,0,0,0,18
2026-02-23,ST009,MED007,3,0,3,0,0,0
2026-02-23,ST009,MED008,0,0,0,0,0,0
2026-02-23,ST009,MED009,17,17,0,0,0,7
2026-02-23,ST009,MED010,4,4,0,0,0,9
2026-02-23,ST009,MED011,14,14,0,0,0,23
2026-02-23,ST009,MED012,9,9,0,0,0,15
2026-02-23,ST009,MED013,3,3,0,0,0,7
2026-02-23,ST009,MED014,4,4,0,0,0,19
2026-02-23,ST009,MED015,10,10,0,0,0,4
2026-02-23,ST009,MED016,7,7,0,0,0,35
2026-02-23,ST009,MED017,12,12,0,0,0,54
2026-02-23,ST009,MED018,5,5,0,0,0,40
2026-02-23,ST009,MED019,4,4,0,0,0,5
2026-02-23,ST009,MED020,8,8,0,0,0,6
2026-02-23,ST009,MED021,9,9,0,54,0,45
2026-02-23,ST009,MED022,8,8,0,42,0,34
2026-02-23,ST009,MED023,12,12,0,0,0,12
2026-02-23,ST009,MED024,10,10,0,0,0,76
2026-02-23,ST009,MED025,7,7,0,0,0,27
2026-02-23,ST009,MED026,10,10,0,0,0,41
2026-02-23,ST009,MED027,10,10,0,0,0,22
2026-02-23,ST009,MED028,8,8,0,0,0,15
2026-02-23,ST009,MED029,9,9,0,0,0,55
2026-02-23,ST009,MED030,8,8,0,0,0,25
2026-02-23,ST010,MED001,12,0,12,0,0,0
2026-02-23,ST010,MED002,13,13,0,66,0,53
2026-02-23,ST010,MED003,6,6,0,0,0,6
2026-02-23,ST010,MED004,7,7,0,0,0,20
2026-02-23,ST010,MED005,11,11,0,0,0,32
2026-02-23,ST010,MED006,9,3,6,0,0,0
2026-02-23,ST010,MED007,7,7,0,0,0,8
2026-02-23,ST010,MED008,3,3,0,0,0,9
2026-02-23,ST010,MED009,14,14,0,0,0,64
2026-02-23,ST010,MED010,9,7,2,0,0,0
2026-02-23,ST010,MED011,12,12,0,0,0,67
2026-02-23,ST010,MED012,10,10,0,60,0,69
2026-02-23,ST010,MED013,4,4,0,0,0,42
2026-02-23,ST010,MED014,7,7,0,0,0,61
2026-02-23,ST010,MED015,10,10,0,0,0,70
2026-02-23,ST010,MED016,11,11,0,48,0,37
2026-02-23,ST010,MED017,7,7,0,0,0,6
2026-02-23,ST010,MED018,9,9,0,0,0,30
2026-02-23,ST010,MED019,0,0,0,0,0,21
2026-02-23,ST010,MED020,9,9,0,0,0,23
2026-02-23,ST010,MED021,11,11,0,60,0,52
2026-02-23,ST010,MED022,5,5,0,0,0,15
2026-02-23,ST010,MED023,14,8,6,0,0,0
2026-02-23,ST010,MED024,13,13,0,0,0,8
2026-02-23,ST010,MED025,5,5,0,36,0,35
2026-02-23,ST010,MED026,12,12,0,72,0,81
2026-02-23,ST010,MED027,14,14,0,72,0,84
2026-02-23,ST010,MED028,4,4,0,0,0,22
2026-02-23,ST010,MED029,10,10,0,0,0,9
2026-02-23,ST010,MED030,5,5,0,0,0,14
2026-02-23,ST011,MED001,17,17,0,0,0,10
2026-02-23,ST011,MED002,10,10,0,0,0,28
2026-02-23,ST011,MED003,4,4,0,0,0,2
2026-02-23,ST011,MED004,10,10,0,48,0,38
2026-02-23,ST011,MED005,12,12,0,60,0,76
2026-02-23,ST011,MED006,10,10,0,0,0,49
2026-02-23,ST011,MED007,0,0,0,0,0,3
2026-02-23,ST011,MED008,4,4,0,0,0,8
2026-02-23,ST011,MED009,10,10,0,0,0,41
2026-02-23,ST011,MED010,4,4,0,0,0,15
2026-02-23,ST011,MED011,13,13,0,0,0,21
2026-02-23,ST011,MED012,11,11,0,0,0,5
2026-02-23,ST011,MED013,8,5,3,0,0,0
2026-02-23,ST011,MED014,5,5,0,0,0,25
2026-02-23,ST011,MED015,13,13,0,0,0,57
2026-02-23,ST011,MED016,7,7,0,0,0,18
2026-02-23,ST011,MED017,11,11,0,0,0,52
2026-02-23,ST011,MED018,2,2,0,0,0,6
2026-02-23,ST011,MED019,3,3,0,0,0,0
2026-02-23,ST011,MED020,5,5,0,0,0,22
2026-02-23,ST011,MED021,13,13,0,54,0,55
2026-02-23,ST011,MED022,9,7,2,0,0,0
2026-02-23,ST011,MED023,14,1,13,0,0,0
2026-02-23,ST011,MED024,11,11,0,0,0,46
2026-02-23,ST011,MED025,8,8,0,0,0,14
2026-02-23,ST011,MED026,13,13,0,72,0,63
2026-02-23,ST011,MED027,16,16,0,0,0,14
2026-02-23,ST011,MED028,6,6,0,0,0,11
2026-02-23,ST011,MED029,10,10,0,0,0,76
2026-02-23,ST011,MED030,1,1,0,36,0,41
2026-02-23,ST012,MED001,13,13,0,0,0,9
2026-02-23,ST012,MED002,13,13,0,0,0,20
2026-02-23,ST012,MED003,4,4,0,0,0,3
2026-02-23,ST012,MED004,10,10,0,0,0,26
2026-02-23,ST012,MED005,9,9,0,0,0,18
2026-02-23,ST012,MED006,14,14,0,0,0,4
2026-02-23,ST012,MED007,5,5,0,0,0,8
2026-02-23,ST012,MED008,0,0,0,0,0,13
2026-02-23,ST012,MED009,13,12,1,0,0,0
2026-02-23,ST012,MED010,8,2,6,0,0,0
2026-02-23,ST012,MED011,15,15,0,72,0,71
2026-02-23,ST012,MED012,10,10,0,0,0,33
2026-02-23,ST012,MED013,5,5,0,0,0,22
2026-02-23,ST012,MED014,4,4,0,0,0,17
2026-02-23,ST012,MED015,16,16,0,0,0,39
2026-02-23,ST012,MED016,8,8,0,0,0,33
2026-02-23,ST012,MED017,13,13,0,0,0,46
2026-02-23,ST012,MED018,6,6,0,0,0,19
2026-02-23,ST012,MED019,2,2,0,0,0,2
2026-02-23,ST012,MED020,8,8,0,0,0,1
2026-02-23,ST012,MED021,11,11,0,0,0,32
2026-02-23,ST012,MED022,9,9,0,42,0,33
2026-02-23,ST012,MED023,15,15,0,60,0,58
2026-02-23,ST012,MED024,13,13,0,72,0,87
2026-02-23,ST012,MED025,6,6,0,0,0,7
2026-02-23,ST012,MED026,12,12,0,0,0,30
2026-02-23,ST012,MED027,11,11,0,0,0,16
2026-02-23,ST012,MED028,3,3,0,0,0,34
2026-02-23,ST012,MED029,9,9,0,72,0,63
2026-02-23,ST012,MED030,5,0,5,0,0,0
2026-02-23,ST013,MED001,12,12,0,72,0,60
2026-02-23,ST013,MED002,14,14,0,0,0,8
2026-02-23,ST013,MED003,4,4,0,0,0,9
2026-02-23,ST013,MED004,10,10,0,0,0,40
2026-02-23,ST013,MED005,17,17,0,60,0,47
2026-02-23,ST013,MED006,11,11,0,0,0,13
2026-02-23,ST013,MED007,3,3,0,0,0,5
2026-02-23,ST013,MED008,5,5,0,24,0,27
2026-02-23,ST013,MED009,11,11,0,0,0,35
2026-02-23,ST013,MED010,3,3,0,0,0,18
2026-02-23,ST013,MED011,12,12,0,0,0,14
2026-02-23,ST013,MED012,13,13,0,0,0,44
2026-02-23,ST013,MED013,7,7,0,0,0,30
2026-02-23,ST013,MED014,12,12,0,0,0,4
2026-02-23,ST013,MED015,17,17,0,0,0,61
2026-02-23,ST013,MED016,12,12,0,0,0,23
2026-02-23,ST013,MED017,12,12,0,0,0,30
2026-02-23,ST013,MED018,10,10,0,0,0,17
2026-02-23,ST013,MED019,2,0,2,0,0,0
2026-02-23,ST013,MED020,10,10,0,48,0,38
2026-02-23,ST013,MED021,13,13,0,54,0,41
2026-02-23,ST013,MED022,5,0,5,0,0,0
2026-02-23,ST013,MED023,10,10,0,0,0,30
2026-02-23,ST013,MED024,19,19,0,0,0,62
2026-02-23,ST013,MED025,10,10,0,36,0,37
2026-02-23,ST013,MED026,14,14,0,0,0,3
2026-02-23,ST013,MED027,17,17,0,0,0,17
2026-02-23,ST013,MED028,6,6,0,48,0,56
2026-02-23,ST013,MED029,10,10,0,0,0,55
2026-02-23,ST013,MED030,7,7,0,36,0,29
2026-02-23,ST014,MED001,5,5,0,0,0,26
2026-02-23,ST014,MED002,6,6,0,0,0,68
2026-02-23,ST014,MED003,4,4,0,24,0,20
2026-02-23,ST014,MED004,3,3,0,0,0,17
2026-02-23,ST014,MED005,10,10,0,0,0,68
2026-02-23,ST014,MED006,6,6,0,0,0,36
2026-02-23,ST014,MED007,6,6,0,0,0,9
2026-02-23,ST014,MED008,0,0,0,0,0,2
2026-02-23,ST014,MED009,4,4,0,0,0,32
2026-02-23,ST014,MED010,5,5,0,0,0,5
2026-02-23,ST014,MED011,6,6,0,0,0,33
2026-02-23,ST014,MED012,7,7,0,60,0,85
2026-02-23,ST014,MED013,5,5,0,0,0,58
2026-02-23,ST014,MED014,2,2,0,0,0,27
2026-02-23,ST014,MED015,9,0,9,0,0,0
2026-02-23,ST014,MED016,7,0,7,0,0,0
2026-02-23,ST014,MED017,10,10,0,0,0,43
2026-02-23,ST014,MED018,4,4,0,0,0,20
2026-02-23,ST014,MED019,4,4,0,0,0,12
2026-02-23,ST014,MED020,7,7,0,0,0,30
2026-02-23,ST014,MED021,7,0,7,0,0,0
2026-02-23,ST014,MED022,5,5,0,42,0,52
2026-02-23,ST014,MED023,9,9,0,0,0,37
2026-02-23,ST014,MED024,9,9,0,0,0,26
2026-02-23,ST014,MED025,7,7,0,0,0,34
2026-02-23,ST014,MED026,8,8,0,72,0,97
2026-02-23,ST014,MED027,11,11,0,0,0,81
2026-02-23,ST014,MED028,6,6,0,0,0,17
2026-02-23,ST014,MED029,6,6,0,0,0,32
2026-02-23,ST014,MED030,4,4,0,30,0,34
2026-02-23,ST015,MED001,10,10,0,72,0,62
2026-02-23,ST015,MED002,9,9,0,60,0,51
2026-02-23,ST015,MED003,3,3,0,0,0,12
2026-02-23,ST015,MED004,10,10,0,0,0,37
2026-02-23,ST015,MED005,6,6,0,0,0,60
2026-02-23,ST015,MED006,7,7,0,0,0,45
2026-02-23,ST015,MED007,7,7,0,0,0,11
2026-02-23,ST015,MED008,0,0,0,0,0,0
2026-02-23,ST015,MED009,7,7,0,0,0,35
2026-02-23,ST015,MED010,6,6,0,0,0,19
2026-02-23,ST015,MED011,5,5,0,0,0,27
2026-02-23,ST015,MED012,9,9,0,0,0,10
2026-02-23,ST015,MED013,2,0,2,0,0,0
2026-02-23,ST015,MED014,5,5,0,48,0,43
2026-02-23,ST015,MED015,8,8,0,0,0,54
2026-02-23,ST015,MED016,9,9,0,0,0,22
2026-02-23,ST015,MED017,14,14,0,0,0,31
2026-02-23,ST015,MED018,4,4,0,0,0,19
2026-02-23,ST015,MED019,4,4,0,0,0,9
2026-02-23,ST015,MED020,3,3,0,0,0,35
2026-02-23,ST015,MED021,13,13,0,0,0,18
2026-02-23,ST015,MED022,4,4,0,0,0,30
2026-02-23,ST015,MED023,9,9,0,0,0,27
2026-02-23,ST015,MED024,11,11,0,0,0,27
2026-02-23,ST015,MED025,9,9,0,0,0,7
2026-02-23,ST015,MED026,10,10,0,0,0,44
2026-02-23,ST015,MED027,9,9,0,0,0,29
2026-02-23,ST015,MED028,4,4,0,0,0,38
2026-02-23,ST015,MED029,8,8,0,0,0,39
2026-02-23,ST015,MED030,3,3,0,0,0,14
2026-02-23,ST016,MED001,8,8,0,0,0,57
2026-02-23,ST016,MED002,13,13,0,0,0,0
2026-02-23,ST016,MED003,0,0,0,0,0,0
2026-02-23,ST016,MED004,9,9,0,0,0,18
2026-02-23,ST016,MED005,9,9,0,72,0,63
2026-02-23,ST016,MED006,9,9,0,60,0,51
2026-02-23,ST016,MED007,3,3,0,0,0,15
2026-02-23,ST016,MED008,5,5,0,0,0,2
2026-02-23,ST016,MED009,7,7,0,60,0,53
2026-02-23,ST016,MED010,2,2,0,0,0,28
2026-02-23,ST016,MED011,6,6,0,0,0,25
2026-02-23,ST016,MED012,10,10,0,0,0,7
2026-02-23,ST016,MED013,1,1,0,0,0,13
2026-02-23,ST016,MED014,4,4,0,0,0,32
2026-02-23,ST016,MED015,14,14,0,0,0,19
2026-02-23,ST016,MED016,8,0,8,0,0,0
2026-02-23,ST016,MED017,13,13,0,0,0,66
2026-02-23,ST016,MED018,6,6,0,0,0,37
2026-02-23,ST016,MED019,0,0,0,0,0,34
2026-02-23,ST016,MED020,11,11,0,0,0,8
2026-02-23,ST016,MED021,6,6,0,0,0,10
2026-02-23,ST016,MED022,8,8,0,0,0,32
2026-02-23,ST016,MED023,11,11,0,0,0,66
2026-02-23,ST016,MED024,12,12,0,0,0,55
2026-02-23,ST016,MED025,4,4,0,0,0,31
2026-02-23,ST016,MED026,14,14,0,0,0,16
2026-02-23,ST016,MED027,9,9,0,0,0,67
2026-02-23,ST016,MED028,7,7,0,0,0,11
2026-02-23,ST016,MED029,9,9,0,0,0,36
2026-02-23,ST016,MED030,4,4,0,0,0,21
2026-02-23,ST017,MED001,10,10,0,0,0,55
2026-02-23,ST017,MED002,12,12,0,0,0,36
2026-02-23,ST017,MED003,2,2,0,0,0,15
2026-02-23,ST017,MED004,10,10,0,0,0,21
2026-02-23,ST017,MED005,12,12,0,0,0,47
2026-02-23,ST017,MED006,10,10,0,72,0,81
2026-02-23,ST017,MED007,0,0,0,0,0,16
2026-02-23,ST017,MED008,3,3,0,24,0,32
2026-02-23,ST017,MED009,18,18,0,0,0,18
2026-02-23,ST017,MED010,6,6,0,0,0,0
2026-02-23,ST017,MED011,8,8,0,0,0,14
2026-02-23,ST017,MED012,15,4,11,0,0,0
2026-02-23,ST017,MED013,8,8,0,0,0,29
2026-02-23,ST017,MED014,1,1,0,0,0,16
2026-02-23,ST017,MED015,12,6,6,0,0,0
2026-02-23,ST017,MED016,6,6,0,48,0,55
2026-02-23,ST017,MED017,9,9,0,0,0,24
2026-02-23,ST017,MED018,3,3,0,0,0,37
2026-02-23,ST017,MED019,1,1,0,0,0,1
2026-02-23,ST017,MED020,9,9,0,48,0,39
2026-02-23,ST017,MED021,11,11,0,0,0,24
2026-02-23,ST017,MED022,8,8,0,0,0,15
2026-02-23,ST017,MED023,12,12,0,0,0,33
2026-02-23,ST017,MED024,12,12,0,0,0,26
2026-02-23,ST017,MED025,6,6,0,0,0,8
2026-02-23,ST017,MED026,8,8,0,0,0,39
2026-02-23,ST017,MED027,14,14,0,0,0,21
2026-02-23,ST017,MED028,8,8,0,48,0,40
2026-02-23,ST017,MED029,6,0,6,0,0,0
2026-02-23,ST017,MED030,4,4,0,0,0,12
2026-02-23,ST018,MED001,12,12,0,0,0,1
2026-02-23,ST018,MED002,13,13,0,72,0,59
2026-02-23,ST018,MED003,0,0,0,0,0,4
2026-02-23,ST018,MED004,6,6,0,48,0,59
2026-02-23,ST018,MED005,14,14,0,0,0,41
2026-02-23,ST018,MED006,12,5,7,0,0,0
2026-02-23,ST018,MED007,2,2,0,0,0,19
2026-02-23,ST018,MED008,2,2,0,0,0,1
2026-02-23,ST018,MED009,9,9,0,0,0,58
2026-02-23,ST018,MED010,7,3,4,0,0,0
2026-02-23,ST018,MED011,11,11,0,0,0,44
2026-02-23,ST018,MED012,10,10,0,0,0,46
2026-02-23,ST018,MED013,9,9,0,0,0,27
2026-02-23,ST018,MED014,7,7,0,0,0,8
2026-02-23,ST018,MED015,13,13,0,0,0,29
2026-02-23,ST018,MED016,6,6,0,0,0,12
2026-02-23,ST018,MED017,13,13,0,0,0,10
2026-02-23,ST018,MED018,7,7,0,48,0,47
2026-02-23,ST018,MED019,5,0,5,0,0,0
2026-02-23,ST018,MED020,13,13,0,48,0,46
2026-02-23,ST018,MED021,12,12,0,0,0,3
2026-02-23,ST018,MED022,8,3,5,0,0,0
2026-02-23,ST018,MED023,17,17,0,0,0,43
2026-02-23,ST018,MED024,11,11,0,0,0,13
2026-02-23,ST018,MED025,7,7,0,0,0,21
2026-02-23,ST018,MED026,14,14,0,0,0,11
2026-02-23,ST018,MED027,18,18,0,0,0,57
2026-02-23,ST018,MED028,5,5,0,0,0,10
2026-02-23,ST018,MED029,11,11,0,0,0,20
2026-02-23,ST018,MED030,6,6,0,0,0,23
2026-02-23,ST019,MED001,25,25,0,72,0,47
2026-02-23,ST019,MED002,25,25,0,0,0,34
2026-02-23,ST019,MED003,1,1,0,0,0,8
2026-02-23,ST019,MED004,9,9,0,48,0,58
2026-02-23,ST019,MED005,14,14,0,60,0,55
2026-02-23,ST019,MED006,10,10,0,0,0,26
2026-02-23,ST019,MED007,2,2,0,0,0,19
2026-02-23,ST019,MED008,4,0,4,0,0,0
2026-02-23,ST019,MED009,13,13,0,0,0,33
2026-02-23,ST019,MED010,3,3,0,24,0,21
2026-02-23,ST019,MED011,14,5,9,0,0,0
2026-02-23,ST019,MED012,12,0,12,0,0,0
2026-02-23,ST019,MED013,7,7,0,48,0,41
2026-02-23,ST019,MED014,5,5,0,0,0,20
2026-02-23,ST019,MED015,13,13,0,0,0,19
2026-02-23,ST019,MED016,3,3,0,0,0,31
2026-02-23,ST019,MED017,12,12,0,0,0,53
2026-02-23,ST019,MED018,10,10,0,0,0,3
2026-02-23,ST019,MED019,1,1,0,0,0,4
2026-02-23,ST019,MED020,5,5,0,0,0,37
2026-02-23,ST019,MED021,15,15,0,0,0,54
2026-02-23,ST019,MED022,11,11,0,0,0,2
2026-02-23,ST019,MED023,13,13,0,0,0,5
2026-02-23,ST019,MED024,12,0,12,0,0,0
2026-02-23,ST019,MED025,7,0,7,0,0,0
2026-02-23,ST019,MED026,16,11,5,0,0,0
2026-02-23,ST019,MED027,18,18,0,0,0,15
2026-02-23,ST019,MED028,7,1,6,0,0,0
2026-02-23,ST019,MED029,11,11,0,0,0,17
2026-02-23,ST019,MED030,4,4,0,0,0,18
2026-02-23,ST020,MED001,11,11,0,0,0,30
2026-02-23,ST020,MED002,12,12,0,60,0,54
2026-02-23,ST020,MED003,2,2,0,0,0,22
2026-02-23,ST020,MED004,12,12,0,48,0,36
2026-02-23,ST020,MED005,17,17,0,0,0,36
2026-02-23,ST020,MED006,14,14,0,0,0,4
2026-02-23,ST020,MED007,5,5,0,24,0,27
2026-02-23,ST020,MED008,6,6,0,0,0,5
2026-02-23,ST020,MED009,16,16,0,0,0,36
2026-02-23,ST020,MED010,6,6,0,0,0,2
2026-02-23,ST020,MED011,14,14,0,0,0,38
2026-02-23,ST020,MED012,12,12,0,0,0,11
2026-02-23,ST020,MED013,11,11,0,0,0,15
2026-02-23,ST020,MED014,8,8,0,0,0,5
2026-02-23,ST020,MED015,15,15,0,0,0,3
2026-02-23,ST020,MED016,9,0,9,0,0,0
2026-02-23,ST020,MED017,17,17,0,0,0,23
2026-02-23,ST020,MED018,6,6,0,48,0,42
2026-02-23,ST020,MED019,5,5,0,24,0,19
2026-02-23,ST020,MED020,7,0,7,0,0,0
2026-02-23,ST020,MED021,17,17,0,0,0,11
2026-02-23,ST020,MED022,9,9,0,0,0,29
2026-02-23,ST020,MED023,15,0,15,0,0,0
2026-02-23,ST020,MED024,13,13,0,0,0,26
2026-02-23,ST020,MED025,10,0,10,0,0,0
2026-02-23,ST020,MED026,16,16,0,0,0,10
2026-02-23,ST020,MED027,15,3,12,0,0,0
2026-02-23,ST020,MED028,9,9,0,0,0,15
2026-02-23,ST020,MED029,10,10,0,0,0,69
2026-02-23,ST020,MED030,4,0,4,0,0,0
2026-02-23,ST021,MED001,11,11,0,0,0,24
2026-02-23,ST021,MED002,7,7,0,0,0,69
2026-02-23,ST021,MED003,7,0,7,0,0,0
2026-02-23,ST021,MED004,7,7,0,0,0,29
2026-02-23,ST021,MED005,9,9,0,0,0,56
2026-02-23,ST021,MED006,11,11,0,0,0,56
2026-02-23,ST021,MED007,0,0,0,24,0,30
2026-02-23,ST021,MED008,3,3,0,0,0,18
2026-02-23,ST021,MED009,9,9,0,60,0,78
2026-02-23,ST021,MED010,1,1,0,0,0,20
2026-02-23,ST021,MED011,8,8,0,0,0,14
2026-02-23,ST021,MED012,9,9,0,60,0,51
2026-02-23,ST021,MED013,5,5,0,0,0,37
2026-02-23,ST021,MED014,5,5,0,0,0,8
2026-02-23,ST021,MED015,9,9,0,0,0,52
2026-02-23,ST021,MED016,6,6,0,0,0,34
2026-02-23,ST021,MED017,8,8,0,72,0,64
2026-02-23,ST021,MED018,1,1,0,0,0,53
2026-02-23,ST021,MED019,3,3,0,0,0,23
2026-02-23,ST021,MED020,9,9,0,0,0,24
2026-02-23,ST021,MED021,10,10,0,0,0,20
2026-02-23,ST021,MED022,3,3,0,0,0,24
2026-02-23,ST021,MED023,7,7,0,0,0,17
2026-02-23,ST021,MED024,11,0,11,0,0,0
2026-02-23,ST021,MED025,2,2,0,36,0,34
2026-02-23,ST021,MED026,5,5,0,0,0,25
2026-02-23,ST021,MED027,7,7,0,0,0,56
2026-02-23,ST021,MED028,4,0,4,0,0,0
2026-02-23,ST021,MED029,6,6,0,0,0,51
2026-02-23,ST021,MED030,6,6,0,0,0,6
2026-02-23,ST022,MED001,9,9,0,0,0,42
2026-02-23,ST022,MED002,13,0,13,0,0,0
2026-02-23,ST022,MED003,0,0,0,0,0,17
2026-02-23,ST022,MED004,6,6,0,0,0,43
2026-02-23,ST022,MED005,7,7,0,0,0,17
2026-02-23,ST022,MED006,8,8,0,0,0,31
2026-02-23,ST022,MED007,3,3,0,0,0,14
2026-02-23,ST022,MED008,4,4,0,0,0,5
2026-02-23,ST022,MED009,9,9,0,0,0,62
2026-02-23,ST022,MED010,1,1,0,0,0,16
2026-02-23,ST022,MED011,8,8,0,60,0,80
2026-02-23,ST022,MED012,10,10,0,0,0,13
2026-02-23,ST022,MED013,7,7,0,0,0,13
2026-02-23,ST022,MED014,2,2,0,0,0,30
2026-02-23,ST022,MED015,10,10,0,0,0,37
2026-02-23,ST022,MED016,7,7,0,0,0,20
2026-02-23,ST022,MED017,9,9,0,0,0,52
2026-02-23,ST022,MED018,3,0,3,0,0,0
2026-02-23,ST022,MED019,1,1,0,0,0,26
2026-02-23,ST022,MED020,2,2,0,0,0,34
2026-02-23,ST022,MED021,8,8,0,0,0,60
2026-02-23,ST022,MED022,13,13,0,0,0,20
2026-02-23,ST022,MED023,13,13,0,0,0,38
2026-02-23,ST022,MED024,10,10,0,72,0,85
2026-02-23,ST022,MED025,2,2,0,0,0,33
2026-02-23,ST022,MED026,10,10,0,72,0,66
2026-02-23,ST022,MED027,12,12,0,0,0,47
2026-02-23,ST022,MED028,6,5,1,0,0,0
2026-02-23,ST022,MED029,6,6,0,0,0,22
2026-02-23,ST022,MED030,9,9,0,0,0,18
2026-02-23,ST023,MED001,9,9,0,0,0,21
2026-02-23,ST023,MED002,10,10,0,0,0,45
2026-02-23,ST023,MED003,3,3,0,0,0,14
2026-02-23,ST023,MED004,7,7,0,48,0,50
2026-02-23,ST023,MED005,8,8,0,0,0,19
2026-02-23,ST023,MED006,8,8,0,0,0,21
2026-02-23,ST023,MED007,4,4,0,0,0,5
2026-02-23,ST023,MED008,2,2,0,0,0,3
2026-02-23,ST023,MED009,10,10,0,0,0,24
2026-02-23,ST023,MED010,3,0,3,0,0,0
2026-02-23,ST023,MED011,15,15,0,0,0,35
2026-02-23,ST023,MED012,13,13,0,0,0,15
2026-02-23,ST023,MED013,5,5,0,48,0,62
2026-02-23,ST023,MED014,4,4,0,0,0,8
2026-02-23,ST023,MED015,8,8,0,0,0,41
2026-02-23,ST023,MED016,8,3,5,0,0,0
2026-02-23,ST023,MED017,10,10,0,0,0,28
2026-02-23,ST023,MED018,10,10,0,0,0,58
2026-02-23,ST023,MED019,8,8,0,0,0,6
2026-02-23,ST023,MED020,5,5,0,0,0,26
2026-02-23,ST023,MED021,10,10,0,0,0,16
2026-02-23,ST023,MED022,9,9,0,0,0,14
2026-02-23,ST023,MED023,7,7,0,0,0,32
2026-02-23,ST023,MED024,10,10,0,0,0,71
2026-02-23,ST023,MED025,3,3,0,0,0,14
2026-02-23,ST023,MED026,9,9,0,0,0,55
2026-02-23,ST023,MED027,12,12,0,0,0,20
2026-02-23,ST023,MED028,9,9,0,0,0,29
2026-02-23,ST023,MED029,10,10,0,0,0,17
2026-02-23,ST023,MED030,1,1,0,0,0,12
2026-02-23,ST024,MED001,21,21,0,0,0,34
2026-02-23,ST024,MED002,12,12,0,0,0,24
2026-02-23,ST024,MED003,3,3,0,0,0,16
2026-02-23,ST024,MED004,9,9,0,48,0,39
2026-02-23,ST024,MED005,11,11,0,0,0,75
2026-02-23,ST024,MED006,13,13,0,0,0,10
2026-02-23,ST024,MED007,3,3,0,0,0,17
2026-02-23,ST024,MED008,3,3,0,0,0,18
2026-02-23,ST024,MED009,9,9,0,0,0,5
2026-02-23,ST024,MED010,4,4,0,0,0,28
2026-02-23,ST024,MED011,14,14,0,0,0,4
2026-02-23,ST024,MED012,10,10,0,0,0,56
2026-02-23,ST024,MED013,8,8,0,0,0,5
2026-02-23,ST024,MED014,5,5,0,0,0,5
2026-02-23,ST024,MED015,11,11,0,0,0,7
2026-02-23,ST024,MED016,6,6,0,0,0,12
2026-02-23,ST024,MED017,11,11,0,0,0,49
2026-02-23,ST024,MED018,9,9,0,0,0,27
2026-02-23,ST024,MED019,5,5,0,24,0,20
2026-02-23,ST024,MED020,12,12,0,0,0,20
2026-02-23,ST024,MED021,11,11,0,0,0,38
2026-02-23,ST024,MED022,7,7,0,0,0,1
2026-02-23,ST024,MED023,12,0,12,0,0,0
2026-02-23,ST024,MED024,13,13,0,0,0,17
2026-02-23,ST024,MED025,7,7,0,0,0,8
2026-02-23,ST024,MED026,14,14,0,0,0,48
2026-02-23,ST024,MED027,13,13,0,0,0,13
2026-02-23,ST024,MED028,1,1,0,0,0,24
2026-02-23,ST024,MED029,9,9,0,0,0,3
2026-02-23,ST024,MED030,3,0,3,0,0,0
2026-02-23,ST025,MED001,10,10,0,0,0,19
2026-02-23,ST025,MED002,12,7,5,0,0,0
2026-02-23,ST025,MED003,4,4,0,0,0,2
2026-02-23,ST025,MED004,11,11,0,48,0,37
2026-02-23,ST025,MED005,16,16,0,0,0,19
2026-02-23,ST025,MED006,10,0,10,0,0,0
2026-02-23,ST025,MED007,5,5,0,0,0,15
2026-02-23,ST025,MED008,6,6,0,0,0,14
2026-02-23,ST025,MED009,9,9,0,0,0,46
2026-02-23,ST025,MED010,2,2,0,0,0,17
2026-02-23,ST025,MED011,15,15,0,0,0,32
2026-02-23,ST025,MED012,13,13,0,0,0,30
2026-02-23,ST025,MED013,12,12,0,48,0,52
2026-02-23,ST025,MED014,5,5,0,0,0,3
2026-02-23,ST025,MED015,14,14,0,0,0,53
2026-02-23,ST025,MED016,13,13,0,0,0,2
2026-02-23,ST025,MED017,14,14,0,0,0,20
2026-02-23,ST025,MED018,7,7,0,0,0,6
2026-02-23,ST025,MED019,1,1,0,24,0,23
2026-02-23,ST025,MED020,8,8,0,0,0,10
2026-02-23,ST025,MED021,12,12,0,0,0,25
2026-02-23,ST025,MED022,9,9,0,0,0,22
2026-02-23,ST025,MED023,13,13,0,0,0,48
2026-02-23,ST025,MED024,13,13,0,72,0,59
2026-02-23,ST025,MED025,4,4,0,36,0,50
2026-02-23,ST025,MED026,13,13,0,0,0,0
2026-02-23,ST025,MED027,11,11,0,0,0,5
2026-02-23,ST025,MED028,5,5,0,48,0,60
2026-02-23,ST025,MED029,7,7,0,0,0,54
2026-02-23,ST025,MED030,4,4,0,36,0,38
2026-02-23,ST026,MED001,10,10,0,0,0,7
2026-02-23,ST026,MED002,15,15,0,0,0,18
2026-02-23,ST026,MED003,5,5,0,0,0,13
2026-02-23,ST026,MED004,8,8,0,0,0,30
2026-02-23,ST026,MED005,14,14,0,0,0,44
2026-02-23,ST026,MED006,14,14,0,0,0,20
2026-02-23,ST026,MED007,0,0,0,0,0,13
2026-02-23,ST026,MED008,3,0,3,0,0,0
2026-02-23,ST026,MED009,14,14,0,0,0,8
2026-02-23,ST026,MED010,4,4,0,0,0,11
2026-02-23,ST026,MED011,12,12,0,0,0,40
2026-02-23,ST026,MED012,12,6,6,0,0,0
2026-02-23,ST026,MED013,10,8,2,0,0,0
2026-02-23,ST026,MED014,5,5,0,0,0,33
2026-02-23,ST026,MED015,10,10,0,0,0,26
2026-02-23,ST026,MED016,5,5,0,0,0,43
2026-02-23,ST026,MED017,13,13,0,0,0,6
2026-02-23,ST026,MED018,9,9,0,0,0,47
2026-02-23,ST026,MED019,3,3,0,0,0,20
2026-02-23,ST026,MED020,7,7,0,0,0,23
2026-02-23,ST026,MED021,16,9,7,0,0,0
2026-02-23,ST026,MED022,4,4,0,0,0,35
2026-02-23,ST026,MED023,14,0,14,0,0,0
2026-02-23,ST026,MED024,15,15,0,0,0,12
2026-02-23,ST026,MED025,8,0,8,0,0,0
2026-02-23,ST026,MED026,11,11,0,0,0,15
2026-02-23,ST026,MED027,15,15,0,0,0,23
2026-02-23,ST026,MED028,7,7,0,0,0,30
2026-02-23,ST026,MED029,12,12,0,0,0,38
2026-02-23,ST026,MED030,7,7,0,0,0,30
2026-02-23,ST027,MED001,12,9,3,0,0,0
2026-02-23,ST027,MED002,16,16,0,66,0,56
2026-02-23,ST027,MED003,4,4,0,0,0,17
2026-02-23,ST027,MED004,11,11,0,0,0,32
2026-02-23,ST027,MED005,17,17,0,72,0,55
2026-02-23,ST027,MED006,12,12,0,0,0,1
2026-02-23,ST027,MED007,5,5,0,0,0,6
2026-02-23,ST027,MED008,2,2,0,0,0,17
2026-02-23,ST027,MED009,13,13,0,60,0,54
2026-02-23,ST027,MED010,6,6,0,0,0,8
2026-02-23,ST027,MED011,14,14,0,0,0,22
2026-02-23,ST027,MED012,12,12,0,0,0,21
2026-02-23,ST027,MED013,10,10,0,0,0,45
2026-02-23,ST027,MED014,3,3,0,0,0,30
2026-02-23,ST027,MED015,12,12,0,0,0,22
2026-02-23,ST027,MED016,5,5,0,0,0,24
2026-02-23,ST027,MED017,13,13,0,0,0,2
2026-02-23,ST027,MED018,9,9,0,0,0,11
2026-02-23,ST027,MED019,0,0,0,0,0,5
2026-02-23,ST027,MED020,12,12,0,0,0,32
2026-02-23,ST027,MED021,16,16,0,0,0,29
2026-02-23,ST027,MED022,11,11,0,42,0,35
2026-02-23,ST027,MED023,12,12,0,0,0,43
2026-02-23,ST027,MED024,15,10,5,0,0,0
2026-02-23,ST027,MED025,8,8,0,36,0,28
2026-02-23,ST027,MED026,14,1,13,0,0,0
2026-02-23,ST027,MED027,16,7,9,0,0,0
2026-02-23,ST027,MED028,6,5,1,0,0,0
2026-02-23,ST027,MED029,21,21,0,0,0,26
2026-02-23,ST027,MED030,8,8,0,30,0,22
2026-02-23,ST028,MED001,13,13,0,0,0,48
2026-02-23,ST028,MED002,9,9,0,0,0,39
2026-02-23,ST028,MED003,4,0,4,0,0,0
2026-02-23,ST028,MED004,8,8,0,48,0,45
2026-02-23,ST028,MED005,6,6,0,0,0,39
2026-02-23,ST028,MED006,6,6,0,0,0,27
2026-02-23,ST028,MED007,3,3,0,24,0,28
2026-02-23,ST028,MED008,4,4,0,0,0,9
2026-02-23,ST028,MED009,5,5,0,0,0,66
2026-02-23,ST028,MED010,6,6,0,0,0,18
2026-02-23,ST028,MED011,9,9,0,0,0,36
2026-02-23,ST028,MED012,8,8,0,0,0,36
2026-02-23,ST028,MED013,3,3,0,0,0,4
2026-02-23,ST028,MED014,4,4,0,0,0,28
2026-02-23,ST028,MED015,9,9,0,0,0,8
2026-02-23,ST028,MED016,7,7,0,48,0,41
2026-02-23,ST028,MED017,7,7,0,0,0,32
2026-02-23,ST028,MED018,5,5,0,0,0,9
2026-02-23,ST028,MED019,3,3,0,0,0,15
2026-02-23,ST028,MED020,4,4,0,0,0,27
2026-02-23,ST028,MED021,5,5,0,0,0,23
2026-02-23,ST028,MED022,3,3,0,0,0,30
2026-02-23,ST028,MED023,6,6,0,0,0,50
2026-02-23,ST028,MED024,11,11,0,0,0,19
2026-02-23,ST028,MED025,3,3,0,0,0,20
2026-02-23,ST028,MED026,10,10,0,0,0,51
2026-02-23,ST028,MED027,6,6,0,0,0,6
2026-02-23,ST028,MED028,6,6,0,0,0,38
2026-02-23,ST028,MED029,6,0,6,0,0,0
2026-02-23,ST028,MED030,3,3,0,0,0,19
2026-02-23,ST029,MED001,2,2,0,0,0,52
2026-02-23,ST029,MED002,8,8,0,0,0,35
2026-02-23,ST029,MED003,4,4,0,0,0,2
2026-02-23,ST029,MED004,7,7,0,0,0,9
2026-02-23,ST029,MED005,7,7,0,0,0,73
2026-02-23,ST029,MED006,10,10,0,0,0,25
2026-02-23,ST029,MED007,1,1,0,0,0,10
2026-02-23,ST029,MED008,0,0,0,0,0,19
2026-02-23,ST029,MED009,3,0,3,0,0,0
2026-02-23,ST029,MED010,2,2,0,0,0,11
2026-02-23,ST029,MED011,11,11,0,0,0,24
2026-02-23,ST029,MED012,10,10,0,0,0,50
2026-02-23,ST029,MED013,7,7,0,48,0,41
2026-02-23,ST029,MED014,0,0,0,0,0,41
2026-02-23,ST029,MED015,9,9,0,0,0,8
2026-02-23,ST029,MED016,6,6,0,0,0,30
2026-02-23,ST029,MED017,11,11,0,0,0,51
2026-02-23,ST029,MED018,4,4,0,0,0,24
2026-02-23,ST029,MED019,0,0,0,24,0,33
2026-02-23,ST029,MED020,4,4,0,0,0,21
2026-02-23,ST029,MED021,11,11,0,54,0,65
2026-02-23,ST029,MED022,3,3,0,0,0,37
2026-02-23,ST029,MED023,9,9,0,0,0,23
2026-02-23,ST029,MED024,14,14,0,72,0,76
2026-02-23,ST029,MED025,2,2,0,0,0,18
2026-02-23,ST029,MED026,10,10,0,0,0,18
2026-02-23,ST029,MED027,13,13,0,72,0,84
2026-02-23,ST029,MED028,8,8,0,48,0,40
2026-02-23,ST029,MED029,7,7,0,0,0,95
2026-02-23,ST029,MED030,4,4,0,0,0,19
2026-02-23,ST030,MED001,15,15,0,72,0,75
2026-02-23,ST030,MED002,13,13,0,60,0,51
2026-02-23,ST030,MED003,0,0,0,0,0,20
2026-02-23,ST030,MED004,8,8,0,0,0,34
2026-02-23,ST030,MED005,10,10,0,72,0,62
2026-02-23,ST030,MED006,7,7,0,0,0,30
2026-02-23,ST030,MED007,3,3,0,0,0,16
2026-02-23,ST030,MED008,3,3,0,0,0,15
2026-02-23,ST030,MED009,9,9,0,0,0,28
2026-02-23,ST030,MED010,5,5,0,0,0,18
2026-02-23,ST030,MED011,10,10,0,0,0,21
2026-02-23,ST030,MED012,13,13,0,60,0,72
2026-02-23,ST030,MED013,7,7,0,0,0,27
2026-02-23,ST030,MED014,6,0,6,0,0,0
2026-02-23,ST030,MED015,10,10,0,0,0,28
2026-02-23,ST030,MED016,6,6,0,0,0,48
2026-02-23,ST030,MED017,12,12,0,0,0,24
2026-02-23,ST030,MED018,4,4,0,0,0,26
2026-02-23,ST030,MED019,8,8,0,0,0,13
2026-02-23,ST030,MED020,5,5,0,0,0,57
2026-02-23,ST030,MED021,10,10,0,0,0,11
2026-02-23,ST030,MED022,6,6,0,0,0,7
2026-02-23,ST030,MED023,10,10,0,72,0,62
2026-02-23,ST030,MED024,12,12,0,0,0,35
2026-02-23,ST030,MED025,3,3,0,0,0,16
2026-02-23,ST030,MED026,9,9,0,72,0,63
2026-02-23,ST030,MED027,9,9,0,0,0,16
2026-02-23,ST030,MED028,6,6,0,0,0,3
2026-02-23,ST030,MED029,8,8,0,72,0,64
2026-02-23,ST030,MED030,4,4,0,0,0,18
2026-02-23,ST031,MED001,12,12,0,72,0,69
2026-02-23,ST031,MED002,11,11,0,66,0,55
2026-02-23,ST031,MED003,0,0,0,0,0,13
2026-02-23,ST031,MED004,8,8,0,0,0,29
2026-02-23,ST031,MED005,11,11,0,0,0,35
2026-02-23,ST031,MED006,10,10,0,0,0,28
2026-02-23,ST031,MED007,1,1,0,0,0,7
2026-02-23,ST031,MED008,3,0,3,0,0,0
2026-02-23,ST031,MED009,10,10,0,0,0,36
2026-02-23,ST031,MED010,3,3,0,0,0,17
2026-02-23,ST031,MED011,7,7,0,72,0,65
2026-02-23,ST031,MED012,16,16,0,60,0,44
2026-02-23,ST031,MED013,8,8,0,0,0,18
2026-02-23,ST031,MED014,7,0,7,0,0,0
2026-02-23,ST031,MED015,16,16,0,0,0,59
2026-02-23,ST031,MED016,5,5,0,0,0,10
2026-02-23,ST031,MED017,8,8,0,0,0,3
2026-02-23,ST031,MED018,5,5,0,0,0,27
2026-02-23,ST031,MED019,7,1,6,0,0,0
2026-02-23,ST031,MED020,6,6,0,0,0,19
2026-02-23,ST031,MED021,8,8,0,0,0,6
2026-02-23,ST031,MED022,6,6,0,0,0,28
2026-02-23,ST031,MED023,13,13,0,0,0,47
2026-02-23,ST031,MED024,11,11,0,0,0,24
2026-02-23,ST031,MED025,7,7,0,0,0,12
2026-02-23,ST031,MED026,11,11,0,0,0,32
2026-02-23,ST031,MED027,15,15,0,0,0,75
2026-02-23,ST031,MED028,6,3,3,0,0,0
2026-02-23,ST031,MED029,7,0,7,0,0,0
2026-02-23,ST031,MED030,4,4,0,0,0,12
2026-02-23,ST032,MED001,14,14,0,0,0,46
2026-02-23,ST032,MED002,15,15,0,0,0,27
2026-02-23,ST032,MED003,5,5,0,0,0,29
2026-02-23,ST032,MED004,11,11,0,48,0,37
2026-02-23,ST032,MED005,14,14,0,72,0,58
2026-02-23,ST032,MED006,14,14,0,0,0,19
2026-02-23,ST032,MED007,3,3,0,0,0,22
2026-02-23,ST032,MED008,3,0,3,0,0,0
2026-02-23,ST032,MED009,8,8,0,0,0,3
2026-02-23,ST032,MED010,7,7,0,0,0,20
2026-02-23,ST032,MED011,13,13,0,0,0,50
2026-02-23,ST032,MED012,11,11,0,0,0,8
2026-02-23,ST032,MED013,5,5,0,0,0,17
2026-02-23,ST032,MED014,4,4,0,0,0,23
2026-02-23,ST032,MED015,15,0,15,0,0,0
2026-02-23,ST032,MED016,6,6,0,0,0,47
2026-02-23,ST032,MED017,13,13,0,0,0,19
2026-02-23,ST032,MED018,8,8,0,0,0,12
2026-02-23,ST032,MED019,1,1,0,0,0,5
2026-02-23,ST032,MED020,7,7,0,0,0,3
2026-02-23,ST032,MED021,8,0,8,0,0,0
2026-02-23,ST032,MED022,11,11,0,0,0,1
2026-02-23,ST032,MED023,12,12,0,0,0,53
2026-02-23,ST032,MED024,10,10,0,0,0,47
2026-02-23,ST032,MED025,5,1,4,0,0,0
2026-02-23,ST032,MED026,9,9,0,0,0,19
2026-02-23,ST032,MED027,15,15,0,0,0,22
2026-02-23,ST032,MED028,6,6,0,0,0,67
2026-02-23,ST032,MED029,8,8,0,0,0,37
2026-02-23,ST032,MED030,8,8,0,36,0,34
2026-02-23,ST033,MED001,16,16,0,72,0,70
2026-02-23,ST033,MED002,13,0,13,0,0,0
2026-02-23,ST033,MED003,4,4,0,0,0,3
2026-02-23,ST033,MED004,10,0,10,0,0,0
2026-02-23,ST033,MED005,15,15,0,0,0,10
2026-02-23,ST033,MED006,9,9,0,0,0,38
2026-02-23,ST033,MED007,7,7,0,0,0,7
2026-02-23,ST033,MED008,2,2,0,0,0,8
2026-02-23,ST033,MED009,10,10,0,0,0,23
2026-02-23,ST033,MED010,5,5,0,0,0,9
2026-02-23,ST033,MED011,14,14,0,0,0,18
2026-02-23,ST033,MED012,13,13,0,0,0,50
2026-02-23,ST033,MED013,7,7,0,0,0,26
2026-02-23,ST033,MED014,4,4,0,0,0,26
2026-02-23,ST033,MED015,16,16,0,0,0,57
2026-02-23,ST033,MED016,8,8,0,0,0,22
2026-02-23,ST033,MED017,11,11,0,0,0,0
2026-02-23,ST033,MED018,7,7,0,0,0,19
2026-02-23,ST033,MED019,6,6,0,0,0,4
2026-02-23,ST033,MED020,8,8,0,48,0,46
2026-02-23,ST033,MED021,10,10,0,0,0,52
2026-02-23,ST033,MED022,11,11,0,48,0,44
2026-02-23,ST033,MED023,13,13,0,0,0,20
2026-02-23,ST033,MED024,14,14,0,0,0,8
2026-02-23,ST033,MED025,7,7,0,0,0,2
2026-02-23,ST033,MED026,14,14,0,72,0,84
2026-02-23,ST033,MED027,16,16,0,84,0,85
2026-02-23,ST033,MED028,9,9,0,0,0,11
2026-02-23,ST033,MED029,10,10,0,0,0,50
2026-02-23,ST033,MED030,4,4,0,0,0,8
2026-02-23,ST034,MED001,13,13,0,0,0,45
2026-02-23,ST034,MED002,14,0,14,0,0,0
2026-02-23,ST034,MED003,4,4,0,0,0,6
2026-02-23,ST034,MED004,8,8,0,0,0,43
2026-02-23,ST034,MED005,15,15,0,0,0,27
2026-02-23,ST034,MED006,12,12,0,0,0,25
2026-02-23,ST034,MED007,0,0,0,0,0,0
2026-02-23,ST034,MED008,5,5,0,0,0,13
2026-02-23,ST034,MED009,12,12,0,60,0,48
2026-02-23,ST034,MED010,2,2,0,0,0,21
2026-02-23,ST034,MED011,12,12,0,0,0,43
2026-02-23,ST034,MED012,13,12,1,0,0,0
2026-02-23,ST034,MED013,13,13,0,0,0,37
2026-02-23,ST034,MED014,6,6,0,0,0,4
2026-02-23,ST034,MED015,18,18,0,0,0,21
2026-02-23,ST034,MED016,9,0,9,0,0,0
2026-02-23,ST034,MED017,14,0,14,0,0,0
2026-02-23,ST034,MED018,10,10,0,0,0,21
2026-02-23,ST034,MED019,5,0,5,0,0,0
2026-02-23,ST034,MED020,3,3,0,0,0,24
2026-02-23,ST034,MED021,17,17,0,0,0,25
2026-02-23,ST034,MED022,11,11,0,48,0,40
2026-02-23,ST034,MED023,12,0,12,0,0,0
2026-02-23,ST034,MED024,14,14,0,72,0,58
2026-02-23,ST034,MED025,9,9,0,48,0,39
2026-02-23,ST034,MED026,18,18,0,72,0,54
2026-02-23,ST034,MED027,16,16,0,0,0,50
2026-02-23,ST034,MED028,8,8,0,0,0,3
2026-02-23,ST034,MED029,11,11,0,0,0,50
2026-02-23,ST034,MED030,10,10,0,30,0,20
2026-02-23,ST035,MED001,11,11,0,0,0,52
2026-02-23,ST035,MED002,7,7,0,0,0,30
2026-02-23,ST035,MED003,2,2,0,0,0,10
2026-02-23,ST035,MED004,6,6,0,0,0,51
2026-02-23,ST035,MED005,7,7,0,0,0,32
2026-02-23,ST035,MED006,7,7,0,0,0,31
2026-02-23,ST035,MED007,3,3,0,24,0,29
2026-02-23,ST035,MED008,4,4,0,0,0,1
2026-02-23,ST035,MED009,10,10,0,0,0,33
2026-02-23,ST035,MED010,4,4,0,0,0,15
2026-02-23,ST035,MED011,15,15,0,0,0,49
2026-02-23,ST035,MED012,6,6,0,0,0,35
2026-02-23,ST035,MED013,7,7,0,0,0,8
2026-02-23,ST035,MED014,0,0,0,0,0,30
2026-02-23,ST035,MED015,9,9,0,0,0,42
2026-02-23,ST035,MED016,3,3,0,0,0,38
2026-02-23,ST035,MED017,5,5,0,0,0,46
2026-02-23,ST035,MED018,4,4,0,0,0,34
2026-02-23,ST035,MED019,4,4,0,0,0,8
2026-02-23,ST035,MED020,8,8,0,0,0,11
2026-02-23,ST035,MED021,7,7,0,60,0,79
2026-02-23,ST035,MED022,2,0,2,0,0,0
2026-02-23,ST035,MED023,10,10,0,0,0,4
2026-02-23,ST035,MED024,10,10,0,0,0,43
2026-02-23,ST035,MED025,2,2,0,0,0,15
2026-02-23,ST035,MED026,7,7,0,0,0,32
2026-02-23,ST035,MED027,8,0,8,0,0,0
2026-02-23,ST035,MED028,5,5,0,0,0,36
2026-02-23,ST035,MED029,3,3,0,72,0,69
2026-02-23,ST035,MED030,3,3,0,0,0,16
2026-02-23,ST036,MED001,8,8,0,72,0,92
2026-02-23,ST036,MED002,10,10,0,0,0,24
2026-02-23,ST036,MED003,5,5,0,0,0,21
2026-02-23,ST036,MED004,10,10,0,0,0,30
2026-02-23,ST036,MED005,6,6,0,60,0,87
2026-02-23,ST036,MED006,7,7,0,0,0,51
2026-02-23,ST036,MED007,1,1,0,0,0,14
2026-02-23,ST036,MED008,0,0,0,0,0,18
2026-02-23,ST036,MED009,9,9,0,0,0,28
2026-02-23,ST036,MED010,7,6,1,0,0,0
2026-02-23,ST036,MED011,11,11,0,0,0,26
2026-02-23,ST036,MED012,10,10,0,0,0,45
2026-02-23,ST036,MED013,4,4,0,0,0,17
2026-02-23,ST036,MED014,2,2,0,0,0,20
2026-02-23,ST036,MED015,7,7,0,0,0,51
2026-02-23,ST036,MED016,3,3,0,0,0,29
2026-02-23,ST036,MED017,13,13,0,0,0,3
2026-02-23,ST036,MED018,4,4,0,48,0,45
2026-02-23,ST036,MED019,0,0,0,0,0,12
2026-02-23,ST036,MED020,8,8,0,0,0,37
2026-02-23,ST036,MED021,5,5,0,0,0,72
2026-02-23,ST036,MED022,5,5,0,0,0,8
2026-02-23,ST036,MED023,11,11,0,0,0,7
2026-02-23,ST036,MED024,7,7,0,0,0,47
2026-02-23,ST036,MED025,7,7,0,0,0,0
2026-02-23,ST036,MED026,12,12,0,0,0,1
2026-02-23,ST036,MED027,9,9,0,0,0,23
2026-02-23,ST036,MED028,8,8,0,0,0,29
2026-02-23,ST036,MED029,7,7,0,0,0,28
2026-02-23,ST036,MED030,4,4,0,0,0,8
2026-02-23,ST037,MED001,14,14,0,0,0,0
2026-02-23,ST037,MED002,14,14,0,0,0,7
2026-02-23,ST037,MED003,1,1,0,0,0,23
2026-02-23,ST037,MED004,6,6,0,48,0,52
2026-02-23,ST037,MED005,12,2,10,0,0,0
2026-02-23,ST037,MED006,7,7,0,0,0,72
2026-02-23,ST037,MED007,6,6,0,0,0,4
2026-02-23,ST037,MED008,4,4,0,0,0,9
2026-02-23,ST037,MED009,11,11,0,0,0,53
2026-02-23,ST037,MED010,5,5,0,0,0,5
2026-02-23,ST037,MED011,11,11,0,0,0,6
2026-02-23,ST037,MED012,6,6,0,0,0,22
2026-02-23,ST037,MED013,1,1,0,0,0,26
2026-02-23,ST037,MED014,6,6,0,0,0,15
2026-02-23,ST037,MED015,10,10,0,0,0,39
2026-02-23,ST037,MED016,8,8,0,0,0,40
2026-02-23,ST037,MED017,9,9,0,0,0,42
2026-02-23,ST037,MED018,8,8,0,0,0,54
2026-02-23,ST037,MED019,2,2,0,0,0,5
2026-02-23,ST037,MED020,8,8,0,0,0,10
2026-02-23,ST037,MED021,12,12,0,60,0,51
2026-02-23,ST037,MED022,4,4,0,0,0,21
2026-02-23,ST037,MED023,8,8,0,0,0,36
2026-02-23,ST037,MED024,9,9,0,0,0,71
2026-02-23,ST037,MED025,5,5,0,0,0,30
2026-02-23,ST037,MED026,13,13,0,0,0,8
2026-02-23,ST037,MED027,14,14,0,0,0,23
2026-02-23,ST037,MED028,4,4,0,0,0,38
2026-02-23,ST037,MED029,14,14,0,0,0,47
2026-02-23,ST037,MED030,5,5,0,30,0,31
2026-02-23,ST038,MED001,9,0,9,0,0,0
2026-02-23,ST038,MED002,6,6,0,60,0,60
2026-02-23,ST038,MED003,5,5,0,0,0,9
2026-02-23,ST038,MED004,6,6,0,0,0,33
2026-02-23,ST038,MED005,11,11,0,0,0,6
2026-02-23,ST038,MED006,12,12,0,60,0,49
2026-02-23,ST038,MED007,3,3,0,0,0,3
2026-02-23,ST038,MED008,2,2,0,24,0,22
2026-02-23,ST038,MED009,8,8,0,0,0,30
2026-02-23,ST038,MED010,3,3,0,0,0,16
2026-02-23,ST038,MED011,12,12,0,60,0,73
2026-02-23,ST038,MED012,8,8,0,0,0,38
2026-02-23,ST038,MED013,7,7,0,48,0,52
2026-02-23,ST038,MED014,4,4,0,0,0,19
2026-02-23,ST038,MED015,11,11,0,0,0,31
2026-02-23,ST038,MED016,13,13,0,48,0,35
2026-02-23,ST038,MED017,12,12,0,0,0,17
2026-02-23,ST038,MED018,2,2,0,48,0,46
2026-02-23,ST038,MED019,1,1,0,0,0,21
2026-02-23,ST038,MED020,6,6,0,48,0,51
2026-02-23,ST038,MED021,11,11,0,0,0,1
2026-02-23,ST038,MED022,7,7,0,0,0,29
2026-02-23,ST038,MED023,13,13,0,72,0,81
2026-02-23,ST038,MED024,12,12,0,0,0,63
2026-02-23,ST038,MED025,3,3,0,36,0,33
2026-02-23,ST038,MED026,11,11,0,0,0,4
2026-02-23,ST038,MED027,15,15,0,0,0,17
2026-02-23,ST038,MED028,3,3,0,0,0,24
2026-02-23,ST038,MED029,7,7,0,0,0,14
2026-02-23,ST038,MED030,0,0,0,0,0,4
2026-02-23,ST039,MED001,13,13,0,0,0,5
2026-02-23,ST039,MED002,13,13,0,0,0,25
2026-02-23,ST039,MED003,4,4,0,0,0,2
2026-02-23,ST039,MED004,9,9,0,0,0,27
2026-02-23,ST039,MED005,10,7,3,0,0,0
2026-02-23,ST039,MED006,12,12,0,60,0,56
2026-02-23,ST039,MED007,5,5,0,24,0,19
2026-02-23,ST039,MED008,6,1,5,0,0,0
2026-02-23,ST039,MED009,12,12,0,60,0,48
2026-02-23,ST039,MED010,3,3,0,0,0,1
2026-02-23,ST039,MED011,12,12,0,0,0,21
2026-02-23,ST039,MED012,17,17,0,0,0,31
2026-02-23,ST039,MED013,9,9,0,48,0,43
2026-02-23,ST039,MED014,5,5,0,0,0,27
2026-02-23,ST039,MED015,12,12,0,0,0,83
2026-02-23,ST039,MED016,7,7,0,0,0,24
2026-02-23,ST039,MED017,13,11,2,0,0,0
2026-02-23,ST039,MED018,6,6,0,0,0,1
2026-02-23,ST039,MED019,3,3,0,0,0,14
2026-02-23,ST039,MED020,9,9,0,0,0,20
2026-02-23,ST039,MED021,8,8,0,0,0,25
2026-02-23,ST039,MED022,7,7,0,0,0,27
2026-02-23,ST039,MED023,14,14,0,0,0,16
2026-02-23,ST039,MED024,14,14,0,0,0,28
2026-02-23,ST039,MED025,8,8,0,0,0,2
2026-02-23,ST039,MED026,13,13,0,0,0,45
2026-02-23,ST039,MED027,14,14,0,0,0,63
2026-02-23,ST039,MED028,8,8,0,48,0,52
2026-02-23,ST039,MED029,10,10,0,0,0,35
2026-02-23,ST039,MED030,6,6,0,0,0,2
2026-02-23,ST040,MED001,13,13,0,0,0,37
2026-02-23,ST040,MED002,14,14,0,66,0,52
2026-02-23,ST040,MED003,3,3,0,0,0,8
2026-02-23,ST040,MED004,7,0,7,0,0,0
2026-02-23,ST040,MED005,24,24,0,0,0,28
2026-02-23,ST040,MED006,12,0,12,0,0,0
2026-02-23,ST040,MED007,3,3,0,0,0,8
2026-02-23,ST040,MED008,3,3,0,0,0,26
2026-02-23,ST040,MED009,11,11,0,60,0,54
2026-02-23,ST040,MED010,1,1,0,24,0,23
2026-02-23,ST040,MED011,12,12,0,0,0,31
2026-02-23,ST040,MED012,16,1,15,0,0,0
2026-02-23,ST040,MED013,11,11,0,0,0,16
2026-02-23,ST040,MED014,9,9,0,0,0,23
2026-02-23,ST040,MED015,13,13,0,0,0,26
2026-02-23,ST040,MED016,7,7,0,0,0,16
2026-02-23,ST040,MED017,10,10,0,0,0,34
2026-02-23,ST040,MED018,6,6,0,0,0,26
2026-02-23,ST040,MED019,4,4,0,0,0,16
2026-02-23,ST040,MED020,5,5,0,0,0,19
2026-02-23,ST040,MED021,11,11,0,54,0,44
2026-02-23,ST040,MED022,8,8,0,42,0,46
2026-02-23,ST040,MED023,13,11,2,0,0,0
2026-02-23,ST040,MED024,12,12,0,72,0,85
2026-02-23,ST040,MED025,9,8,1,0,0,0
2026-02-23,ST040,MED026,13,13,0,72,0,84
2026-02-23,ST040,MED027,14,0,14,0,0,0
2026-02-23,ST040,MED028,8,8,0,0,0,6
2026-02-23,ST040,MED029,10,10,0,0,0,32
2026-02-23,ST040,MED030,4,4,0,0,0,18
2026-02-24,ST001,MED001,7,7,0,0,0,32
2026-02-24,ST001,MED002,10,0,10,0,0,0
2026-02-24,ST001,MED003,3,3,0,0,0,12
2026-02-24,ST001,MED004,8,8,0,0,0,28
2026-02-24,ST001,MED005,13,13,0,0,0,73
2026-02-24,ST001,MED006,8,8,0,0,0,46
2026-02-24,ST001,MED007,2,2,0,0,0,19
2026-02-24,ST001,MED008,0,0,0,24,0,24
2026-02-24,ST001,MED009,9,9,0,60,0,75
2026-02-24,ST001,MED010,4,4,0,0,0,17
2026-02-24,ST001,MED011,8,8,0,0,0,66
2026-02-24,ST001,MED012,8,8,0,0,0,4
2026-02-24,ST001,MED013,4,4,0,0,0,59
2026-02-24,ST001,MED014,2,2,0,0,0,26
2026-02-24,ST001,MED015,12,12,0,0,0,25
2026-02-24,ST001,MED016,6,6,0,0,0,44
2026-02-24,ST001,MED017,11,11,0,0,0,15
2026-02-24,ST001,MED018,4,4,0,0,0,3
2026-02-24,ST001,MED019,1,1,0,0,0,10
2026-02-24,ST001,MED020,8,8,0,0,0,54
2026-02-24,ST001,MED021,8,8,0,0,0,17
2026-02-24,ST001,MED022,5,5,0,0,0,23
2026-02-24,ST001,MED023,8,8,0,0,0,46
2026-02-24,ST001,MED024,15,15,0,0,0,15
2026-02-24,ST001,MED025,5,5,0,0,0,40
2026-02-24,ST001,MED026,10,10,0,0,0,30
2026-02-24,ST001,MED027,6,6,0,0,0,63
2026-02-24,ST001,MED028,6,6,0,0,0,18
2026-02-24,ST001,MED029,6,6,0,0,0,54
2026-02-24,ST001,MED030,8,8,0,0,0,29
2026-02-24,ST002,MED001,11,11,0,72,0,67
2026-02-24,ST002,MED002,12,12,0,0,0,11
2026-02-24,ST002,MED003,5,5,0,0,0,14
2026-02-24,ST002,MED004,8,3,5,0,0,0
2026-02-24,ST002,MED005,14,14,0,60,0,68
2026-02-24,ST002,MED006,10,10,0,0,0,64
2026-02-24,ST002,MED007,2,2,0,0,0,11
2026-02-24,ST002,MED008,0,0,0,0,0,24
2026-02-24,ST002,MED009,10,10,0,0,0,44
2026-02-24,ST002,MED010,1,1,0,0,0,3
2026-02-24,ST002,MED011,10,10,0,0,0,5
2026-02-24,ST002,MED012,9,9,0,0,0,38
2026-02-24,ST002,MED013,6,0,6,0,0,0
2026-02-24,ST002,MED014,3,3,0,48,0,45
2026-02-24,ST002,MED015,18,18,0,0,0,10
2026-02-24,ST002,MED016,4,4,0,48,0,44
2026-02-24,ST002,MED017,12,12,0,0,0,64
2026-02-24,ST002,MED018,4,4,0,0,0,39
2026-02-24,ST002,MED019,0,0,0,0,0,4
2026-02-24,ST002,MED020,7,7,0,0,0,18
2026-02-24,ST002,MED021,6,6,0,0,0,53
2026-02-24,ST002,MED022,8,8,0,36,0,28
2026-02-24,ST002,MED023,10,10,0,0,0,51
2026-02-24,ST002,MED024,10,10,0,0,0,81
2026-02-24,ST002,MED025,2,2,0,0,0,23
2026-02-24,ST002,MED026,13,7,6,0,0,0
2026-02-24,ST002,MED027,12,12,0,72,0,60
2026-02-24,ST002,MED028,8,8,0,0,0,24
2026-02-24,ST002,MED029,10,10,0,0,0,44
2026-02-24,ST002,MED030,2,2,0,30,0,42
2026-02-24,ST003,MED001,11,11,0,0,0,39
2026-02-24,ST003,MED002,11,11,0,0,0,36
2026-02-24,ST003,MED003,4,4,0,0,0,14
2026-02-24,ST003,MED004,9,9,0,0,0,38
2026-02-24,ST003,MED005,9,9,0,72,0,88
2026-02-24,ST003,MED006,11,11,0,60,0,64
2026-02-24,ST003,MED007,5,5,0,0,0,0
2026-02-24,ST003,MED008,4,4,0,0,0,15
2026-02-24,ST003,MED009,10,10,0,0,0,18
2026-02-24,ST003,MED010,4,4,0,0,0,12
2026-02-24,ST003,MED011,11,11,0,0,0,22
2026-02-24,ST003,MED012,12,12,0,0,0,10
2026-02-24,ST003,MED013,6,6,0,48,0,46
2026-02-24,ST003,MED014,8,8,0,0,0,51
2026-02-24,ST003,MED015,25,25,0,0,0,40
2026-02-24,ST003,MED016,10,10,0,0,0,35
2026-02-24,ST003,MED017,10,10,0,0,0,1
2026-02-24,ST003,MED018,7,7,0,0,0,26
2026-02-24,ST003,MED019,3,3,0,24,0,30
2026-02-24,ST003,MED020,9,9,0,0,0,15
2026-02-24,ST003,MED021,13,13,0,60,0,47
2026-02-24,ST003,MED022,9,9,0,42,0,39
2026-02-24,ST003,MED023,14,14,0,0,0,23
2026-02-24,ST003,MED024,12,12,0,0,0,72
2026-02-24,ST003,MED025,5,5,0,0,0,5
2026-02-24,ST003,MED026,12,12,0,0,0,43
2026-02-24,ST003,MED027,11,11,0,0,0,50
2026-02-24,ST003,MED028,3,3,0,48,0,54
2026-02-24,ST003,MED029,9,9,0,0,0,10
2026-02-24,ST003,MED030,6,6,0,0,0,29
2026-02-24,ST004,MED001,12,12,0,0,0,44
2026-02-24,ST004,MED002,11,11,0,0,0,12
2026-02-24,ST004,MED003,4,4,0,0,0,12
2026-02-24,ST004,MED004,8,8,0,0,0,3
2026-02-24,ST004,MED005,9,9,0,72,0,63
2026-02-24,ST004,MED006,11,11,0,0,0,26
2026-02-24,ST004,MED007,4,4,0,24,0,20
2026-02-24,ST004,MED008,5,4,1,0,0,0
2026-02-24,ST004,MED009,11,0,11,0,0,0
2026-02-24,ST004,MED010,4,3,1,0,0,0
2026-02-24,ST004,MED011,12,12,0,0,0,47
2026-02-24,ST004,MED012,14,14,0,0,0,40
2026-02-24,ST004,MED013,9,0,9,0,0,0
2026-02-24,ST004,MED014,8,8,0,0,0,37
2026-02-24,ST004,MED015,11,11,0,0,0,50
2026-02-24,ST004,MED016,5,5,0,0,0,36
2026-02-24,ST004,MED017,11,11,0,0,0,64
2026-02-24,ST004,MED018,3,3,0,0,0,26
2026-02-24,ST004,MED019,8,8,0,24,0,16
2026-02-24,ST004,MED020,10,10,0,0,0,20
2026-02-24,ST004,MED021,13,13,0,0,0,43
2026-02-24,ST004,MED022,7,7,0,0,0,26
2026-02-24,ST004,MED023,12,12,0,72,0,85
2026-02-24,ST004,MED024,15,15,0,0,0,2
2026-02-24,ST004,MED025,0,0,0,0,0,6
2026-02-24,ST004,MED026,13,13,0,72,0,81
2026-02-24,ST004,MED027,14,14,0,72,0,61
2026-02-24,ST004,MED028,12,12,0,48,0,51
2026-02-24,ST004,MED029,9,0,9,0,0,0
2026-02-24,ST004,MED030,3,0,3,0,0,0
2026-02-24,ST005,MED001,15,15,0,72,0,57
2026-02-24,ST005,MED002,13,13,0,0,0,42
2026-02-24,ST005,MED003,0,0,0,0,0,6
2026-02-24,ST005,MED004,10,0,10,0,0,0
2026-02-24,ST005,MED005,13,13,0,72,0,60
2026-02-24,ST005,MED006,10,10,0,60,0,61
2026-02-24,ST005,MED007,4,3,1,0,0,0
2026-02-24,ST005,MED008,3,3,0,0,0,2
2026-02-24,ST005,MED009,12,12,0,0,0,44
2026-02-24,ST005,MED010,1,1,0,0,0,9
2026-02-24,ST005,MED011,14,14,0,0,0,20
2026-02-24,ST005,MED012,13,12,1,0,0,0
2026-02-24,ST005,MED013,10,10,0,0,0,20
2026-02-24,ST005,MED014,3,3,0,0,0,47
2026-02-24,ST005,MED015,12,12,0,72,0,60
2026-02-24,ST005,MED016,7,7,0,0,0,26
2026-02-24,ST005,MED017,14,14,0,72,0,58
2026-02-24,ST005,MED018,11,1,10,0,0,0
2026-02-24,ST005,MED019,7,7,0,24,0,17
2026-02-24,ST005,MED020,8,0,8,0,0,0
2026-02-24,ST005,MED021,12,12,0,0,0,23
2026-02-24,ST005,MED022,9,9,0,0,0,15
2026-02-24,ST005,MED023,13,13,0,0,0,7
2026-02-24,ST005,MED024,16,16,0,0,0,78
2026-02-24,ST005,MED025,7,0,7,0,0,0
2026-02-24,ST005,MED026,12,12,0,0,0,47
2026-02-24,ST005,MED027,12,12,0,0,0,14
2026-02-24,ST005,MED028,9,9,0,0,0,40
2026-02-24,ST005,MED029,9,9,0,0,0,43
2026-02-24,ST005,MED030,4,4,0,0,0,24
2026-02-24,ST006,MED001,14,14,0,72,0,58
2026-02-24,ST006,MED002,18,18,0,0,0,54
2026-02-24,ST006,MED003,5,5,0,0,0,0
2026-02-24,ST006,MED004,13,13,0,0,0,39
2026-02-24,ST006,MED005,17,17,0,0,0,25
2026-02-24,ST006,MED006,10,10,0,0,0,33
2026-02-24,ST006,MED007,6,6,0,0,0,20
2026-02-24,ST006,MED008,7,7,0,24,0,23
2026-02-24,ST006,MED009,15,15,0,0,0,14
2026-02-24,ST006,MED010,5,5,0,0,0,5
2026-02-24,ST006,MED011,21,2,19,0,0,0
2026-02-24,ST006,MED012,6,6,0,60,0,55
2026-02-24,ST006,MED013,9,9,0,0,0,43
2026-02-24,ST006,MED014,10,10,0,0,0,37
2026-02-24,ST006,MED015,18,18,0,0,0,18
2026-02-24,ST006,MED016,5,5,0,48,0,43
2026-02-24,ST006,MED017,16,15,1,0,0,0
2026-02-24,ST006,MED018,10,10,0,0,0,5
2026-02-24,ST006,MED019,3,3,0,0,0,7
2026-02-24,ST006,MED020,5,5,0,48,0,45
2026-02-24,ST006,MED021,13,13,0,0,0,18
2026-02-24,ST006,MED022,11,11,0,0,0,5
2026-02-24,ST006,MED023,15,15,0,0,0,79
2026-02-24,ST006,MED024,17,17,0,72,0,67
2026-02-24,ST006,MED025,8,8,0,48,0,49
2026-02-24,ST006,MED026,16,16,0,0,0,26
2026-02-24,ST006,MED027,17,6,11,0,0,0
2026-02-24,ST006,MED028,8,8,0,0,0,39
2026-02-24,ST006,MED029,13,0,13,0,0,0
2026-02-24,ST006,MED030,7,7,0,0,0,19
2026-02-24,ST007,MED001,5,5,0,0,0,41
2026-02-24,ST007,MED002,9,9,0,0,0,44
2026-02-24,ST007,MED003,3,0,3,0,0,0
2026-02-24,ST007,MED004,3,3,0,0,0,26
2026-02-24,ST007,MED005,13,13,0,0,0,7
2026-02-24,ST007,MED006,8,8,0,0,0,44
2026-02-24,ST007,MED007,1,1,0,0,0,11
2026-02-24,ST007,MED008,3,3,0,0,0,14
2026-02-24,ST007,MED009,8,8,0,0,0,17
2026-02-24,ST007,MED010,7,7,0,0,0,4
2026-02-24,ST007,MED011,13,13,0,0,0,17
2026-02-24,ST007,MED012,6,6,0,0,0,30
2026-02-24,ST007,MED013,3,3,0,0,0,4
2026-02-24,ST007,MED014,3,1,2,0,0,0
2026-02-24,ST007,MED015,11,11,0,0,0,63
2026-02-24,ST007,MED016,4,4,0,0,0,24
2026-02-24,ST007,MED017,9,9,0,0,0,19
2026-02-24,ST007,MED018,6,6,0,48,0,42
2026-02-24,ST007,MED019,0,0,0,0,0,27
2026-02-24,ST007,MED020,4,4,0,0,0,17
2026-02-24,ST007,MED021,7,7,0,0,0,32
2026-02-24,ST007,MED022,9,9,0,0,0,8
2026-02-24,ST007,MED023,3,3,0,0,0,54
2026-02-24,ST007,MED024,7,7,0,0,0,0
2026-02-24,ST007,MED025,6,6,0,0,0,8
2026-02-24,ST007,MED026,8,8,0,0,0,17
2026-02-24,ST007,MED027,6,0,6,0,0,0
2026-02-24,ST007,MED028,3,3,0,0,0,33
2026-02-24,ST007,MED029,10,10,0,0,0,21
2026-02-24,ST007,MED030,0,0,0,0,0,30
2026-02-24,ST008,MED001,11,11,0,72,0,88
2026-02-24,ST008,MED002,8,8,0,66,0,82
2026-02-24,ST008,MED003,1,1,0,0,0,14
2026-02-24,ST008,MED004,3,3,0,0,0,25
2026-02-24,ST008,MED005,7,7,0,0,0,22
2026-02-24,ST008,MED006,9,9,0,0,0,49
2026-02-24,ST008,MED007,5,0,5,0,0,0
2026-02-24,ST008,MED008,4,4,0,0,0,16
2026-02-24,ST008,MED009,3,3,0,0,0,51
2026-02-24,ST008,MED010,1,1,0,0,0,19
2026-02-24,ST008,MED011,9,9,0,0,0,2
2026-02-24,ST008,MED012,6,6,0,0,0,15
2026-02-24,ST008,MED013,6,6,0,0,0,38
2026-02-24,ST008,MED014,3,3,0,0,0,7
2026-02-24,ST008,MED015,10,10,0,72,0,62
2026-02-24,ST008,MED016,6,6,0,0,0,59
2026-02-24,ST008,MED017,11,11,0,0,0,57
2026-02-24,ST008,MED018,3,3,0,0,0,2
2026-02-24,ST008,MED019,6,1,5,0,0,0
2026-02-24,ST008,MED020,5,5,0,0,0,35
2026-02-24,ST008,MED021,8,8,0,60,0,52
2026-02-24,ST008,MED022,8,7,1,0,0,0
2026-02-24,ST008,MED023,9,9,0,0,0,40
2026-02-24,ST008,MED024,11,11,0,0,0,11
2026-02-24,ST008,MED025,3,3,0,0,0,38
2026-02-24,ST008,MED026,8,8,0,0,0,60
2026-02-24,ST008,MED027,8,8,0,0,0,23
2026-02-24,ST008,MED028,1,0,1,0,0,0
2026-02-24,ST008,MED029,11,11,0,0,0,8
2026-02-24,ST008,MED030,6,6,0,0,0,3
2026-02-24,ST009,MED001,9,9,0,0,0,59
2026-02-24,ST009,MED002,9,9,0,0,0,65
2026-02-24,ST009,MED003,4,4,0,0,0,7
2026-02-24,ST009,MED004,6,6,0,0,0,15
2026-02-24,ST009,MED005,7,7,0,0,0,21
2026-02-24,ST009,MED006,8,8,0,60,0,70
2026-02-24,ST009,MED007,4,4,0,24,0,20
2026-02-24,ST009,MED008,5,5,0,24,0,19
2026-02-24,ST009,MED009,11,7,4,0,0,0
2026-02-24,ST009,MED010,2,2,0,0,0,7
2026-02-24,ST009,MED011,9,9,0,0,0,14
2026-02-24,ST009,MED012,11,11,0,0,0,4
2026-02-24,ST009,MED013,5,5,0,48,0,50
2026-02-24,ST009,MED014,3,3,0,0,0,16
2026-02-24,ST009,MED015,10,4,6,0,0,0
2026-02-24,ST009,MED016,9,9,0,0,0,26
2026-02-24,ST009,MED017,10,10,0,0,0,44
2026-02-24,ST009,MED018,4,4,0,0,0,36
2026-02-24,ST009,MED019,4,4,0,0,0,1
2026-02-24,ST009,MED020,11,6,5,0,0,0
2026-02-24,ST009,MED021,8,8,0,0,0,37
2026-02-24,ST009,MED022,7,7,0,0,0,27
2026-02-24,ST009,MED023,15,12,3,0,0,0
2026-02-24,ST009,MED024,10,10,0,0,0,66
2026-02-24,ST009,MED025,8,8,0,0,0,19
2026-02-24,ST009,MED026,10,10,0,0,0,31
2026-02-24,ST009,MED027,11,11,0,0,0,11
2026-02-24,ST009,MED028,5,5,0,0,0,10
2026-02-24,ST009,MED029,7,7,0,0,0,48
2026-02-24,ST009,MED030,6,6,0,0,0,19
2026-02-24,ST010,MED001,11,11,0,72,0,61
2026-02-24,ST010,MED002,12,12,0,0,0,41
2026-02-24,ST010,MED003,2,2,0,0,0,4
2026-02-24,ST010,MED004,9,9,0,0,0,11
2026-02-24,ST010,MED005,14,14,0,0,0,18
2026-02-24,ST010,MED006,10,0,10,0,0,0
2026-02-24,ST010,MED007,6,6,0,0,0,2
2026-02-24,ST010,MED008,4,4,0,0,0,5
2026-02-24,ST010,MED009,13,13,0,0,0,51
2026-02-24,ST010,MED010,4,4,0,24,0,20
2026-02-24,ST010,MED011,12,12,0,0,0,55
2026-02-24,ST010,MED012,10,10,0,0,0,59
2026-02-24,ST010,MED013,7,7,0,0,0,35
2026-02-24,ST010,MED014,7,7,0,0,0,54
2026-02-24,ST010,MED015,16,16,0,0,0,54
2026-02-24,ST010,MED016,8,8,0,0,0,29
2026-02-24,ST010,MED017,9,6,3,0,0,0
2026-02-24,ST010,MED018,5,5,0,0,0,25
2026-02-24,ST010,MED019,3,3,0,0,0,18
2026-02-24,ST010,MED020,9,9,0,0,0,14
2026-02-24,ST010,MED021,9,9,0,0,0,43
2026-02-24,ST010,MED022,9,9,0,0,0,6
2026-02-24,ST010,MED023,10,10,0,72,0,62
2026-02-24,ST010,MED024,12,12,0,84,0,80
2026-02-24,ST010,MED025,5,5,0,0,0,30
2026-02-24,ST010,MED026,10,10,0,0,0,71
2026-02-24,ST010,MED027,11,11,0,0,0,73
2026-02-24,ST010,MED028,5,5,0,0,0,17
2026-02-24,ST010,MED029,11,11,0,72,0,70
2026-02-24,ST010,MED030,6,6,0,30,0,38
2026-02-24,ST011,MED001,15,10,5,0,0,0
2026-02-24,ST011,MED002,13,13,0,0,0,15
2026-02-24,ST011,MED003,2,2,0,0,0,0
2026-02-24,ST011,MED004,8,8,0,0,0,30
2026-02-24,ST011,MED005,11,11,0,0,0,65
2026-02-24,ST011,MED006,14,14,0,60,0,95
2026-02-24,ST011,MED007,2,2,0,0,0,1
2026-02-24,ST011,MED008,3,3,0,0,0,5
2026-02-24,ST011,MED009,11,11,0,0,0,30
2026-02-24,ST011,MED010,6,6,0,0,0,9
2026-02-24,ST011,MED011,17,17,0,0,0,4
2026-02-24,ST011,MED012,11,5,6,0,0,0
2026-02-24,ST011,MED013,9,0,9,0,0,0
2026-02-24,ST011,MED014,3,3,0,0,0,22
2026-02-24,ST011,MED015,15,15,0,0,0,42
2026-02-24,ST011,MED016,6,6,0,0,0,12
2026-02-24,ST011,MED017,13,13,0,0,0,39
2026-02-24,ST011,MED018,7,7,0,48,0,47
2026-02-24,ST011,MED019,5,5,0,24,0,19
2026-02-24,ST011,MED020,8,8,0,0,0,14
2026-02-24,ST011,MED021,11,11,0,0,0,44
2026-02-24,ST011,MED022,7,0,7,0,0,0
2026-02-24,ST011,MED023,12,12,0,72,0,60
2026-02-24,ST011,MED024,14,14,0,0,0,32
2026-02-24,ST011,MED025,3,3,0,0,0,11
2026-02-24,ST011,MED026,13,13,0,0,0,50
2026-02-24,ST011,MED027,13,13,0,0,0,1
2026-02-24,ST011,MED028,4,4,0,48,0,55
2026-02-24,ST011,MED029,6,6,0,0,0,70
2026-02-24,ST011,MED030,12,12,0,0,0,29
2026-02-24,ST012,MED001,15,9,6,0,0,0
2026-02-24,ST012,MED002,14,14,0,0,0,6
2026-02-24,ST012,MED003,4,4,0,24,0,23
2026-02-24,ST012,MED004,10,10,0,0,0,16
2026-02-24,ST012,MED005,15,15,0,72,0,75
2026-02-24,ST012,MED006,10,4,6,0,0,0
2026-02-24,ST012,MED007,5,5,0,0,0,3
2026-02-24,ST012,MED008,1,1,0,0,0,12
2026-02-24,ST012,MED009,7,7,0,60,0,53
2026-02-24,ST012,MED010,2,0,2,0,0,0
2026-02-24,ST012,MED011,16,16,0,0,0,55
2026-02-24,ST012,MED012,11,11,0,0,0,22
2026-02-24,ST012,MED013,12,12,0,36,0,46
2026-02-24,ST012,MED014,6,6,0,0,0,11
2026-02-24,ST012,MED015,15,15,0,0,0,24
2026-02-24,ST012,MED016,7,7,0,0,0,26
2026-02-24,ST012,MED017,16,16,0,0,0,30
2026-02-24,ST012,MED018,9,9,0,0,0,10
2026-02-24,ST012,MED019,6,2,4,0,0,0
2026-02-24,ST012,MED020,8,1,7,0,0,0
2026-02-24,ST012,MED021,11,11,0,0,0,21
2026-02-24,ST012,MED022,7,7,0,0,0,26
2026-02-24,ST012,MED023,18,18,0,0,0,40
2026-02-24,ST012,MED024,14,14,0,0,0,73
2026-02-24,ST012,MED025,11,7,4,0,0,0
2026-02-24,ST012,MED026,10,10,0,0,0,20
2026-02-24,ST012,MED027,16,16,0,0,0,0
2026-02-24,ST012,MED028,6,6,0,0,0,28
2026-02-24,ST012,MED029,10,10,0,0,0,53
2026-02-24,ST012,MED030,8,0,8,0,0,0
2026-02-24,ST013,MED001,17,17,0,0,0,43
2026-02-24,ST013,MED002,17,8,9,0,0,0
2026-02-24,ST013,MED003,5,5,0,0,0,4
2026-02-24,ST013,MED004,12,12,0,0,0,28
2026-02-24,ST013,MED005,12,12,0,0,0,35
2026-02-24,ST013,MED006,14,13,1,0,0,0
2026-02-24,ST013,MED007,3,3,0,24,0,26
2026-02-24,ST013,MED008,1,1,0,0,0,26
2026-02-24,ST013,MED009,11,11,0,0,0,24
2026-02-24,ST013,MED010,4,4,0,0,0,14
2026-02-24,ST013,MED011,12,12,0,0,0,2
2026-02-24,ST013,MED012,13,13,0,0,0,31
2026-02-24,ST013,MED013,9,9,0,0,0,21
2026-02-24,ST013,MED014,5,4,1,0,0,0
2026-02-24,ST013,MED015,18,18,0,0,0,43
2026-02-24,ST013,MED016,8,8,0,0,0,15
2026-02-24,ST013,MED017,15,15,0,60,0,75
2026-02-24,ST013,MED018,8,8,0,0,0,9
2026-02-24,ST013,MED019,6,0,6,0,0,0
2026-02-24,ST013,MED020,10,10,0,0,0,28
2026-02-24,ST013,MED021,12,12,0,0,0,29
2026-02-24,ST013,MED022,9,0,9,0,0,0
2026-02-24,ST013,MED023,13,13,0,0,0,17
2026-02-24,ST013,MED024,17,17,0,0,0,45
2026-02-24,ST013,MED025,6,6,0,0,0,31
2026-02-24,ST013,MED026,16,3,13,0,0,0
2026-02-24,ST013,MED027,14,14,0,0,0,3
2026-02-24,ST013,MED028,9,9,0,0,0,47
2026-02-24,ST013,MED029,11,11,0,0,0,44
2026-02-24,ST013,MED030,7,7,0,0,0,22
2026-02-24,ST014,MED001,5,5,0,0,0,21
2026-02-24,ST014,MED002,10,10,0,0,0,58
2026-02-24,ST014,MED003,1,1,0,0,0,19
2026-02-24,ST014,MED004,4,4,0,0,0,13
2026-02-24,ST014,MED005,8,8,0,0,0,60
2026-02-24,ST014,MED006,5,5,0,0,0,31
2026-02-24,ST014,MED007,0,0,0,0,0,9
2026-02-24,ST014,MED008,1,1,0,0,0,1
2026-02-24,ST014,MED009,9,9,0,0,0,23
2026-02-24,ST014,MED010,5,5,0,0,0,0
2026-02-24,ST014,MED011,11,11,0,0,0,22
2026-02-24,ST014,MED012,10,10,0,0,0,75
2026-02-24,ST014,MED013,3,3,0,0,0,55
2026-02-24,ST014,MED014,10,10,0,0,0,17
2026-02-24,ST014,MED015,8,0,8,0,0,0
2026-02-24,ST014,MED016,3,3,0,48,0,45
2026-02-24,ST014,MED017,8,8,0,0,0,35
2026-02-24,ST014,MED018,5,5,0,0,0,15
2026-02-24,ST014,MED019,0,0,0,0,0,12
2026-02-24,ST014,MED020,6,6,0,0,0,24
2026-02-24,ST014,MED021,7,7,0,60,0,53
2026-02-24,ST014,MED022,5,5,0,0,0,47
2026-02-24,ST014,MED023,9,9,0,0,0,28
2026-02-24,ST014,MED024,12,12,0,0,0,14
2026-02-24,ST014,MED025,6,6,0,0,0,28
2026-02-24,ST014,MED026,11,11,0,0,0,86
2026-02-24,ST014,MED027,7,7,0,0,0,74
2026-02-24,ST014,MED028,9,9,0,0,0,8
2026-02-24,ST014,MED029,6,6,0,0,0,26
2026-02-24,ST014,MED030,5,5,0,0,0,29
2026-02-24,ST015,MED001,9,9,0,0,0,53
2026-02-24,ST015,MED002,9,9,0,0,0,42
2026-02-24,ST015,MED003,0,0,0,0,0,12
2026-02-24,ST015,MED004,7,7,0,0,0,30
2026-02-24,ST015,MED005,10,10,0,0,0,50
2026-02-24,ST015,MED006,6,6,0,0,0,39
2026-02-24,ST015,MED007,6,6,0,0,0,5
2026-02-24,ST015,MED008,5,0,5,0,0,0
2026-02-24,ST015,MED009,7,7,0,0,0,28
2026-02-24,ST015,MED010,2,2,0,0,0,17
2026-02-24,ST015,MED011,11,11,0,0,0,16
2026-02-24,ST015,MED012,10,10,0,60,0,60
2026-02-24,ST015,MED013,6,6,0,48,0,42
2026-02-24,ST015,MED014,4,4,0,0,0,39
2026-02-24,ST015,MED015,9,9,0,0,0,45
2026-02-24,ST015,MED016,7,7,0,0,0,15
2026-02-24,ST015,MED017,8,8,0,0,0,23
2026-02-24,ST015,MED018,5,5,0,0,0,14
2026-02-24,ST015,MED019,0,0,0,0,0,9
2026-02-24,ST015,MED020,6,6,0,0,0,29
2026-02-24,ST015,MED021,10,10,0,54,0,62
2026-02-24,ST015,MED022,6,6,0,0,0,24
2026-02-24,ST015,MED023,6,6,0,0,0,21
2026-02-24,ST015,MED024,5,5,0,0,0,22
2026-02-24,ST015,MED025,3,3,0,36,0,40
2026-02-24,ST015,MED026,10,10,0,0,0,34
2026-02-24,ST015,MED027,8,8,0,0,0,21
2026-02-24,ST015,MED028,3,3,0,0,0,35
2026-02-24,ST015,MED029,7,7,0,0,0,32
2026-02-24,ST015,MED030,2,2,0,0,0,12
2026-02-24,ST016,MED001,9,9,0,0,0,48
2026-02-24,ST016,MED002,7,0,7,0,0,0
2026-02-24,ST016,MED003,0,0,0,24,0,24
2026-02-24,ST016,MED004,6,6,0,0,0,12
2026-02-24,ST016,MED005,13,13,0,0,0,50
2026-02-24,ST016,MED006,9,9,0,0,0,42
2026-02-24,ST016,MED007,0,0,0,0,0,15
2026-02-24,ST016,MED008,5,2,3,0,0,0
2026-02-24,ST016,MED009,7,7,0,0,0,46
2026-02-24,ST016,MED010,2,2,0,0,0,26
2026-02-24,ST016,MED011,9,9,0,60,0,76
2026-02-24,ST016,MED012,10,10,0,72,0,69
2026-02-24,ST016,MED013,6,6,0,48,0,55
2026-02-24,ST016,MED014,9,9,0,0,0,23
2026-02-24,ST016,MED015,10,10,0,0,0,9
2026-02-24,ST016,MED016,8,8,0,48,0,40
2026-02-24,ST016,MED017,11,11,0,0,0,55
2026-02-24,ST016,MED018,6,6,0,0,0,31
2026-02-24,ST016,MED019,2,2,0,0,0,32
2026-02-24,ST016,MED020,6,6,0,0,0,2
2026-02-24,ST016,MED021,16,16,0,60,0,54
2026-02-24,ST016,MED022,9,9,0,0,0,23
2026-02-24,ST016,MED023,11,11,0,0,0,55
2026-02-24,ST016,MED024,19,19,0,0,0,36
2026-02-24,ST016,MED025,5,5,0,0,0,26
2026-02-24,ST016,MED026,7,7,0,0,0,9
2026-02-24,ST016,MED027,10,10,0,0,0,57
2026-02-24,ST016,MED028,3,3,0,0,0,8
2026-02-24,ST016,MED029,12,12,0,0,0,24
2026-02-24,ST016,MED030,6,6,0,0,0,15
2026-02-24,ST017,MED001,9,9,0,0,0,46
2026-02-24,ST017,MED002,13,13,0,0,0,23
2026-02-24,ST017,MED003,5,5,0,0,0,10
2026-02-24,ST017,MED004,9,9,0,0,0,12
2026-02-24,ST017,MED005,25,25,0,0,0,22
2026-02-24,ST017,MED006,12,12,0,0,0,69
2026-02-24,ST017,MED007,2,2,0,0,0,14
2026-02-24,ST017,MED008,4,4,0,0,0,28
2026-02-24,ST017,MED009,13,13,0,0,0,5
2026-02-24,ST017,MED010,4,0,4,0,0,0
2026-02-24,ST017,MED011,12,12,0,0,0,2
2026-02-24,ST017,MED012,12,0,12,0,0,0
2026-02-24,ST017,MED013,6,6,0,0,0,23
2026-02-24,ST017,MED014,2,2,0,48,0,62
2026-02-24,ST017,MED015,14,0,14,0,0,0
2026-02-24,ST017,MED016,8,8,0,0,0,47
2026-02-24,ST017,MED017,12,12,0,0,0,12
2026-02-24,ST017,MED018,5,5,0,0,0,32
2026-02-24,ST017,MED019,4,1,3,0,0,0
2026-02-24,ST017,MED020,8,8,0,0,0,31
2026-02-24,ST017,MED021,13,13,0,0,0,11
2026-02-24,ST017,MED022,7,7,0,42,0,50
2026-02-24,ST017,MED023,15,15,0,0,0,18
2026-02-24,ST017,MED024,10,10,0,0,0,16
2026-02-24,ST017,MED025,6,6,0,48,0,50
2026-02-24,ST017,MED026,13,13,0,0,0,26
2026-02-24,ST017,MED027,8,8,0,84,0,97
2026-02-24,ST017,MED028,6,6,0,0,0,34
2026-02-24,ST017,MED029,10,10,0,48,0,38
2026-02-24,ST017,MED030,7,7,0,0,0,5
2026-02-24,ST018,MED001,16,1,15,0,0,0
2026-02-24,ST018,MED002,9,9,0,0,0,50
2026-02-24,ST018,MED003,5,5,0,24,0,23
2026-02-24,ST018,MED004,9,9,0,0,0,50
2026-02-24,ST018,MED005,11,11,0,0,0,30
2026-02-24,ST018,MED006,12,0,12,0,0,0
2026-02-24,ST018,MED007,2,2,0,0,0,17
2026-02-24,ST018,MED008,3,3,0,24,0,22
2026-02-24,ST018,MED009,13,13,0,0,0,45
2026-02-24,ST018,MED010,4,0,4,0,0,0
2026-02-24,ST018,MED011,14,14,0,0,0,30
2026-02-24,ST018,MED012,14,14,0,0,0,32
2026-02-24,ST018,MED013,3,3,0,0,0,24
2026-02-24,ST018,MED014,4,4,0,0,0,4
2026-02-24,ST018,MED015,13,13,0,0,0,16
2026-02-24,ST018,MED016,6,6,0,0,0,6
2026-02-24,ST018,MED017,11,11,0,60,0,59
2026-02-24,ST018,MED018,7,7,0,0,0,40
2026-02-24,ST018,MED019,5,5,0,24,0,19
2026-02-24,ST018,MED020,10,10,0,0,0,36
2026-02-24,ST018,MED021,15,3,12,0,0,0
2026-02-24,ST018,MED022,5,5,0,36,0,31
2026-02-24,ST018,MED023,12,12,0,0,0,31
2026-02-24,ST018,MED024,16,16,0,72,0,69
2026-02-24,ST018,MED025,5,5,0,0,0,16
2026-02-24,ST018,MED026,11,11,0,0,0,0
2026-02-24,ST018,MED027,15,15,0,0,0,42
2026-02-24,ST018,MED028,6,6,0,48,0,52
2026-02-24,ST018,MED029,6,6,0,0,0,14
2026-02-24,ST018,MED030,11,11,0,0,0,12
2026-02-24,ST019,MED001,13,13,0,0,0,34
2026-02-24,ST019,MED002,14,14,0,0,0,20
2026-02-24,ST019,MED003,3,3,0,24,0,29
2026-02-24,ST019,MED004,12,12,0,0,0,46
2026-02-24,ST019,MED005,12,12,0,0,0,43
2026-02-24,ST019,MED006,11,11,0,0,0,15
2026-02-24,ST019,MED007,8,8,0,0,0,11
2026-02-24,ST019,MED008,5,5,0,24,0,19
2026-02-24,ST019,MED009,12,12,0,0,0,21
2026-02-24,ST019,MED010,4,4,0,0,0,17
2026-02-24,ST019,MED011,12,0,12,0,0,0
2026-02-24,ST019,MED012,22,0,22,0,0,0
2026-02-24,ST019,MED013,13,13,0,0,0,28
2026-02-24,ST019,MED014,4,4,0,0,0,16
2026-02-24,ST019,MED015,15,15,0,96,0,100
2026-02-24,ST019,MED016,6,6,0,0,0,25
2026-02-24,ST019,MED017,16,16,0,0,0,37
2026-02-24,ST019,MED018,7,3,4,0,0,0
2026-02-24,ST019,MED019,2,2,0,0,0,2
2026-02-24,ST019,MED020,9,9,0,0,0,28
2026-02-24,ST019,MED021,13,13,0,0,0,41
2026-02-24,ST019,MED022,7,2,5,0,0,0
2026-02-24,ST019,MED023,14,14,0,72,0,63
2026-02-24,ST019,MED024,16,16,0,72,0,56
2026-02-24,ST019,MED025,3,0,3,0,0,0
2026-02-24,ST019,MED026,13,0,13,0,0,0
2026-02-24,ST019,MED027,13,13,0,0,0,2
2026-02-24,ST019,MED028,8,8,0,48,0,40
2026-02-24,ST019,MED029,8,8,0,0,0,9
2026-02-24,ST019,MED030,4,4,0,0,0,14
2026-02-24,ST020,MED001,17,17,0,0,0,13
2026-02-24,ST020,MED002,12,12,0,0,0,42
2026-02-24,ST020,MED003,3,3,0,0,0,19
2026-02-24,ST020,MED004,9,9,0,0,0,27
2026-02-24,ST020,MED005,12,12,0,0,0,24
2026-02-24,ST020,MED006,16,4,12,0,0,0
2026-02-24,ST020,MED007,3,3,0,0,0,24
2026-02-24,ST020,MED008,3,3,0,0,0,2
2026-02-24,ST020,MED009,14,14,0,0,0,22
2026-02-24,ST020,MED010,7,2,5,0,0,0
2026-02-24,ST020,MED011,17,17,0,0,0,21
2026-02-24,ST020,MED012,22,11,11,0,0,0
2026-02-24,ST020,MED013,12,12,0,0,0,3
2026-02-24,ST020,MED014,4,4,0,48,0,49
2026-02-24,ST020,MED015,27,3,24,0,0,0
2026-02-24,ST020,MED016,11,0,11,0,0,0
2026-02-24,ST020,MED017,17,17,0,60,0,66
2026-02-24,ST020,MED018,7,7,0,0,0,35
2026-02-24,ST020,MED019,0,0,0,0,0,19
2026-02-24,ST020,MED020,5,5,0,48,0,43
2026-02-24,ST020,MED021,17,11,6,0,0,0
2026-02-24,ST020,MED022,13,13,0,0,0,16
2026-02-24,ST020,MED023,14,0,14,0,0,0
2026-02-24,ST020,MED024,17,17,0,72,0,81
2026-02-24,ST020,MED025,9,9,0,48,0,39
2026-02-24,ST020,MED026,14,10,4,0,0,0
2026-02-24,ST020,MED027,11,11,0,72,0,61
2026-02-24,ST020,MED028,4,4,0,0,0,11
2026-02-24,ST020,MED029,11,11,0,0,0,58
2026-02-24,ST020,MED030,7,0,7,0,0,0
2026-02-24,ST021,MED001,7,7,0,0,0,17
2026-02-24,ST021,MED002,7,7,0,0,0,62
2026-02-24,ST021,MED003,1,1,0,24,0,23
2026-02-24,ST021,MED004,6,6,0,0,0,23
2026-02-24,ST021,MED005,9,9,0,0,0,47
2026-02-24,ST021,MED006,11,11,0,0,0,45
2026-02-24,ST021,MED007,0,0,0,0,0,30
2026-02-24,ST021,MED008,0,0,0,0,0,18
2026-02-24,ST021,MED009,8,8,0,0,0,70
2026-02-24,ST021,MED010,1,1,0,0,0,19
2026-02-24,ST021,MED011,6,6,0,72,0,80
2026-02-24,ST021,MED012,9,9,0,0,0,42
2026-02-24,ST021,MED013,5,5,0,0,0,32
2026-02-24,ST021,MED014,5,5,0,48,0,51
2026-02-24,ST021,MED015,12,12,0,0,0,40
2026-02-24,ST021,MED016,6,6,0,0,0,28
2026-02-24,ST021,MED017,9,9,0,0,0,55
2026-02-24,ST021,MED018,6,6,0,0,0,47
2026-02-24,ST021,MED019,1,1,0,0,0,22
2026-02-24,ST021,MED020,8,8,0,0,0,16
2026-02-24,ST021,MED021,10,10,0,0,0,10
2026-02-24,ST021,MED022,8,8,0,0,0,16
2026-02-24,ST021,MED023,11,11,0,0,0,6
2026-02-24,ST021,MED024,8,8,0,72,0,64
2026-02-24,ST021,MED025,8,8,0,0,0,26
2026-02-24,ST021,MED026,12,12,0,0,0,13
2026-02-24,ST021,MED027,13,13,0,0,0,43
2026-02-24,ST021,MED028,2,0,2,0,0,0
2026-02-24,ST021,MED029,4,4,0,0,0,47
2026-02-24,ST021,MED030,3,3,0,0,0,3
2026-02-24,ST022,MED001,9,9,0,0,0,33
2026-02-24,ST022,MED002,10,0,10,0,0,0
2026-02-24,ST022,MED003,4,4,0,0,0,13
2026-02-24,ST022,MED004,8,8,0,0,0,35
2026-02-24,ST022,MED005,12,12,0,72,0,77
2026-02-24,ST022,MED006,9,9,0,0,0,22
2026-02-24,ST022,MED007,4,4,0,0,0,10
2026-02-24,ST022,MED008,4,4,0,24,0,25
2026-02-24,ST022,MED009,7,7,0,0,0,55
2026-02-24,ST022,MED010,3,3,0,0,0,13
2026-02-24,ST022,MED011,9,9,0,0,0,71
2026-02-24,ST022,MED012,14,13,1,0,0,0
2026-02-24,ST022,MED013,3,3,0,48,0,58
2026-02-24,ST022,MED014,2,2,0,0,0,28
2026-02-24,ST022,MED015,9,9,0,0,0,28
2026-02-24,ST022,MED016,2,2,0,0,0,18
2026-02-24,ST022,MED017,7,7,0,0,0,45
2026-02-24,ST022,MED018,4,4,0,48,0,44
2026-02-24,ST022,MED019,3,3,0,0,0,23
2026-02-24,ST022,MED020,7,7,0,0,0,27
2026-02-24,ST022,MED021,8,8,0,0,0,52
2026-02-24,ST022,MED022,7,7,0,0,0,13
2026-02-24,ST022,MED023,16,16,0,0,0,22
2026-02-24,ST022,MED024,11,11,0,0,0,74
2026-02-24,ST022,MED025,6,6,0,0,0,27
2026-02-24,ST022,MED026,8,8,0,0,0,58
2026-02-24,ST022,MED027,11,11,0,0,0,36
2026-02-24,ST022,MED028,9,0,9,0,0,0
2026-02-24,ST022,MED029,7,7,0,0,0,15
2026-02-24,ST022,MED030,3,3,0,0,0,15
2026-02-24,ST023,MED001,10,10,0,0,0,11
2026-02-24,ST023,MED002,11,11,0,0,0,34
2026-02-24,ST023,MED003,2,2,0,0,0,12
2026-02-24,ST023,MED004,8,8,0,0,0,42
2026-02-24,ST023,MED005,12,12,0,60,0,67
2026-02-24,ST023,MED006,12,12,0,60,0,69
2026-02-24,ST023,MED007,2,2,0,24,0,27
2026-02-24,ST023,MED008,2,2,0,0,0,1
2026-02-24,ST023,MED009,10,10,0,0,0,14
2026-02-24,ST023,MED010,4,0,4,0,0,0
2026-02-24,ST023,MED011,13,13,0,0,0,22
2026-02-24,ST023,MED012,6,6,0,0,0,9
2026-02-24,ST023,MED013,4,4,0,0,0,58
2026-02-24,ST023,MED014,4,4,0,0,0,4
2026-02-24,ST023,MED015,9,9,0,0,0,32
2026-02-24,ST023,MED016,3,0,3,0,0,0
2026-02-24,ST023,MED017,6,6,0,72,0,94
2026-02-24,ST023,MED018,6,6,0,0,0,52
2026-02-24,ST023,MED019,5,5,0,0,0,1
2026-02-24,ST023,MED020,5,5,0,0,0,21
2026-02-24,ST023,MED021,8,8,0,54,0,62
2026-02-24,ST023,MED022,8,8,0,0,0,6
2026-02-24,ST023,MED023,11,11,0,0,0,21
2026-02-24,ST023,MED024,7,7,0,0,0,64
2026-02-24,ST023,MED025,4,4,0,0,0,10
2026-02-24,ST023,MED026,9,9,0,0,0,46
2026-02-24,ST023,MED027,11,11,0,0,0,9
2026-02-24,ST023,MED028,8,8,0,0,0,21
2026-02-24,ST023,MED029,9,9,0,0,0,8
2026-02-24,ST023,MED030,4,4,0,0,0,8
2026-02-24,ST024,MED001,13,13,0,0,0,21
2026-02-24,ST024,MED002,12,12,0,0,0,12
2026-02-24,ST024,MED003,5,5,0,0,0,11
2026-02-24,ST024,MED004,6,6,0,0,0,33
2026-02-24,ST024,MED005,12,12,0,0,0,63
2026-02-24,ST024,MED006,15,15,0,60,0,55
2026-02-24,ST024,MED007,4,4,0,0,0,13
2026-02-24,ST024,MED008,5,5,0,0,0,13
2026-02-24,ST024,MED009,6,6,0,60,0,59
2026-02-24,ST024,MED010,4,4,0,0,0,24
2026-02-24,ST024,MED011,14,4,10,0,0,0
2026-02-24,ST024,MED012,13,13,0,0,0,43
2026-02-24,ST024,MED013,6,5,1,0,0,0
2026-02-24,ST024,MED014,3,3,0,0,0,2
2026-02-24,ST024,MED015,14,7,7,0,0,0
2026-02-24,ST024,MED016,7,7,0,0,0,5
2026-02-24,ST024,MED017,15,15,0,0,0,34
2026-02-24,ST024,MED018,8,8,0,0,0,19
2026-02-24,ST024,MED019,1,1,0,0,0,19
2026-02-24,ST024,MED020,10,10,0,0,0,10
2026-02-24,ST024,MED021,12,12,0,0,0,26
2026-02-24,ST024,MED022,7,7,0,36,0,30
2026-02-24,ST024,MED023,11,11,0,72,0,61
2026-02-24,ST024,MED024,10,10,0,72,0,79
2026-02-24,ST024,MED025,8,8,0,0,0,0
2026-02-24,ST024,MED026,9,9,0,0,0,39
2026-02-24,ST024,MED027,8,8,0,0,0,5
2026-02-24,ST024,MED028,6,6,0,0,0,18
2026-02-24,ST024,MED029,9,9,0,72,0,66
2026-02-24,ST024,MED030,7,0,7,0,0,0
2026-02-24,ST025,MED001,15,15,0,72,0,76
2026-02-24,ST025,MED002,12,12,0,60,0,48
2026-02-24,ST025,MED003,5,2,3,0,0,0
2026-02-24,ST025,MED004,13,13,0,0,0,24
2026-02-24,ST025,MED005,14,14,0,0,0,5
2026-02-24,ST025,MED006,7,0,7,0,0,0
2026-02-24,ST025,MED007,4,4,0,0,0,11
2026-02-24,ST025,MED008,4,4,0,0,0,10
2026-02-24,ST025,MED009,15,15,0,0,0,31
2026-02-24,ST025,MED010,7,7,0,0,0,10
2026-02-24,ST025,MED011,10,10,0,0,0,22
2026-02-24,ST025,MED012,11,11,0,0,0,19
2026-02-24,ST025,MED013,9,9,0,0,0,43
2026-02-24,ST025,MED014,7,7,0,48,0,44
2026-02-24,ST025,MED015,13,13,0,0,0,40
2026-02-24,ST025,MED016,10,2,8,0,0,0
2026-02-24,ST025,MED017,10,10,0,0,0,10
2026-02-24,ST025,MED018,5,5,0,0,0,1
2026-02-24,ST025,MED019,6,6,0,0,0,17
2026-02-24,ST025,MED020,7,7,0,0,0,3
2026-02-24,ST025,MED021,9,9,0,0,0,16
2026-02-24,ST025,MED022,10,10,0,0,0,12
2026-02-24,ST025,MED023,10,10,0,0,0,38
2026-02-24,ST025,MED024,11,11,0,0,0,48
2026-02-24,ST025,MED025,2,2,0,0,0,48
2026-02-24,ST025,MED026,14,0,14,0,0,0
2026-02-24,ST025,MED027,15,5,10,0,0,0
2026-02-24,ST025,MED028,2,2,0,0,0,58
2026-02-24,ST025,MED029,12,12,0,0,0,42
2026-02-24,ST025,MED030,6,6,0,0,0,32
2026-02-24,ST026,MED001,13,7,6,0,0,0
2026-02-24,ST026,MED002,13,13,0,72,0,77
2026-02-24,ST026,MED003,2,2,0,0,0,11
2026-02-24,ST026,MED004,10,10,0,0,0,20
2026-02-24,ST026,MED005,14,14,0,0,0,30
2026-02-24,ST026,MED006,16,16,0,60,0,64
2026-02-24,ST026,MED007,6,6,0,0,0,7
2026-02-24,ST026,MED008,1,0,1,0,0,0
2026-02-24,ST026,MED009,13,8,5,0,0,0
2026-02-24,ST026,MED010,8,8,0,0,0,3
2026-02-24,ST026,MED011,16,16,0,0,0,24
2026-02-24,ST026,MED012,10,10,0,60,0,50
2026-02-24,ST026,MED013,4,4,0,48,0,44
2026-02-24,ST026,MED014,2,2,0,0,0,31
2026-02-24,ST026,MED015,18,18,0,0,0,8
2026-02-24,ST026,MED016,7,7,0,0,0,36
2026-02-24,ST026,MED017,13,6,7,0,0,0
2026-02-24,ST026,MED018,7,7,0,0,0,40
2026-02-24,ST026,MED019,6,6,0,0,0,14
2026-02-24,ST026,MED020,8,8,0,0,0,15
2026-02-24,ST026,MED021,9,9,0,60,0,51
2026-02-24,ST026,MED022,11,11,0,0,0,24
2026-02-24,ST026,MED023,17,0,17,0,0,0
2026-02-24,ST026,MED024,15,12,3,0,0,0
2026-02-24,ST026,MED025,8,8,0,36,0,28
2026-02-24,ST026,MED026,12,12,0,0,0,3
2026-02-24,ST026,MED027,14,14,0,0,0,9
2026-02-24,ST026,MED028,6,6,0,0,0,24
2026-02-24,ST026,MED029,14,14,0,0,0,24
2026-02-24,ST026,MED030,6,6,0,0,0,24
2026-02-24,ST027,MED001,14,0,14,0,0,0
2026-02-24,ST027,MED002,16,16,0,0,0,40
2026-02-24,ST027,MED003,5,5,0,0,0,12
2026-02-24,ST027,MED004,11,11,0,0,0,21
2026-02-24,ST027,MED005,10,10,0,0,0,45
2026-02-24,ST027,MED006,23,23,0,72,0,50
2026-02-24,ST027,MED007,4,4,0,0,0,2
2026-02-24,ST027,MED008,4,4,0,0,0,13
2026-02-24,ST027,MED009,24,24,0,0,0,30
2026-02-24,ST027,MED010,5,5,0,0,0,3
2026-02-24,ST027,MED011,11,11,0,0,0,11
2026-02-24,ST027,MED012,16,16,0,0,0,5
2026-02-24,ST027,MED013,11,11,0,0,0,34
2026-02-24,ST027,MED014,5,5,0,0,0,25
2026-02-24,ST027,MED015,17,17,0,0,0,5
2026-02-24,ST027,MED016,7,7,0,0,0,17
2026-02-24,ST027,MED017,13,2,11,0,0,0
2026-02-24,ST027,MED018,11,11,0,48,0,48
2026-02-24,ST027,MED019,2,2,0,24,0,27
2026-02-24,ST027,MED020,11,11,0,0,0,21
2026-02-24,ST027,MED021,15,15,0,0,0,14
2026-02-24,ST027,MED022,6,6,0,0,0,29
2026-02-24,ST027,MED023,13,13,0,0,0,30
2026-02-24,ST027,MED024,13,0,13,0,0,0
2026-02-24,ST027,MED025,7,7,0,0,0,21
2026-02-24,ST027,MED026,18,0,18,0,0,0
2026-02-24,ST027,MED027,13,13,0,72,0,59
2026-02-24,ST027,MED028,10,10,0,48,0,38
2026-02-24,ST027,MED029,16,16,0,0,0,10
2026-02-24,ST027,MED030,8,8,0,0,0,14
2026-02-24,ST028,MED001,8,8,0,0,0,40
2026-02-24,ST028,MED002,6,6,0,0,0,33
2026-02-24,ST028,MED003,5,0,5,0,0,0
2026-02-24,ST028,MED004,8,8,0,0,0,37
2026-02-24,ST028,MED005,11,11,0,0,0,28
2026-02-24,ST028,MED006,12,12,0,0,0,15
2026-02-24,ST028,MED007,1,1,0,0,0,27
2026-02-24,ST028,MED008,0,0,0,0,0,9
2026-02-24,ST028,MED009,8,8,0,0,0,58
2026-02-24,ST028,MED010,2,2,0,0,0,16
2026-02-24,ST028,MED011,6,6,0,0,0,30
2026-02-24,ST028,MED012,7,7,0,0,0,29
2026-02-24,ST028,MED013,3,3,0,36,0,37
2026-02-24,ST028,MED014,5,5,0,0,0,23
2026-02-24,ST028,MED015,7,7,0,0,0,1
2026-02-24,ST028,MED016,7,7,0,0,0,34
2026-02-24,ST028,MED017,10,10,0,60,0,82
2026-02-24,ST028,MED018,5,5,0,0,0,4
2026-02-24,ST028,MED019,1,1,0,0,0,14
2026-02-24,ST028,MED020,9,9,0,0,0,18
2026-02-24,ST028,MED021,8,8,0,0,0,15
2026-02-24,ST028,MED022,4,4,0,0,0,26
2026-02-24,ST028,MED023,4,4,0,0,0,46
2026-02-24,ST028,MED024,10,10,0,72,0,81
2026-02-24,ST028,MED025,9,9,0,36,0,47
2026-02-24,ST028,MED026,4,4,0,0,0,47
2026-02-24,ST028,MED027,12,12,0,72,0,66
2026-02-24,ST028,MED028,3,3,0,0,0,35
2026-02-24,ST028,MED029,4,4,0,48,0,44
2026-02-24,ST028,MED030,4,4,0,0,0,15
2026-02-24,ST029,MED001,8,8,0,0,0,44
2026-02-24,ST029,MED002,8,8,0,0,0,27
2026-02-24,ST029,MED003,3,2,1,0,0,0
2026-02-24,ST029,MED004,5,5,0,0,0,4
2026-02-24,ST029,MED005,11,11,0,0,0,62
2026-02-24,ST029,MED006,4,4,0,0,0,21
2026-02-24,ST029,MED007,6,6,0,0,0,4
2026-02-24,ST029,MED008,3,3,0,0,0,16
2026-02-24,ST029,MED009,12,12,0,60,0,48
2026-02-24,ST029,MED010,6,6,0,0,0,5
2026-02-24,ST029,MED011,11,11,0,66,0,79
2026-02-24,ST029,MED012,10,10,0,0,0,40
2026-02-24,ST029,MED013,3,3,0,0,0,38
2026-02-24,ST029,MED014,7,7,0,0,0,34
2026-02-24,ST029,MED015,8,8,0,72,0,72
2026-02-24,ST029,MED016,4,4,0,0,0,26
2026-02-24,ST029,MED017,12,12,0,0,0,39
2026-02-24,ST029,MED018,5,5,0,0,0,19
2026-02-24,ST029,MED019,1,1,0,0,0,32
2026-02-24,ST029,MED020,3,3,0,0,0,18
2026-02-24,ST029,MED021,10,10,0,0,0,55
2026-02-24,ST029,MED022,10,10,0,0,0,27
2026-02-24,ST029,MED023,7,7,0,0,0,16
2026-02-24,ST029,MED024,11,11,0,0,0,65
2026-02-24,ST029,MED025,7,7,0,0,0,11
2026-02-24,ST029,MED026,7,7,0,0,0,11
2026-02-24,ST029,MED027,9,9,0,0,0,75
2026-02-24,ST029,MED028,4,4,0,0,0,36
2026-02-24,ST029,MED029,7,7,0,0,0,88
2026-02-24,ST029,MED030,5,5,0,0,0,14
2026-02-24,ST030,MED001,9,9,0,0,0,66
2026-02-24,ST030,MED002,10,10,0,0,0,41
2026-02-24,ST030,MED003,0,0,0,0,0,20
2026-02-24,ST030,MED004,8,8,0,0,0,26
2026-02-24,ST030,MED005,6,6,0,0,0,56
2026-02-24,ST030,MED006,5,5,0,60,0,85
2026-02-24,ST030,MED007,4,4,0,0,0,12
2026-02-24,ST030,MED008,7,7,0,0,0,8
2026-02-24,ST030,MED009,9,9,0,0,0,19
2026-02-24,ST030,MED010,2,2,0,0,0,16
2026-02-24,ST030,MED011,7,7,0,0,0,14
2026-02-24,ST030,MED012,7,7,0,0,0,65
2026-02-24,ST030,MED013,2,2,0,0,0,25
2026-02-24,ST030,MED014,8,8,0,48,0,40
2026-02-24,ST030,MED015,13,13,0,72,0,87
2026-02-24,ST030,MED016,6,6,0,0,0,42
2026-02-24,ST030,MED017,6,6,0,0,0,18
2026-02-24,ST030,MED018,5,5,0,0,0,21
2026-02-24,ST030,MED019,7,7,0,0,0,6
2026-02-24,ST030,MED020,6,6,0,0,0,51
2026-02-24,ST030,MED021,9,9,0,0,0,2
2026-02-24,ST030,MED022,9,9,0,42,0,40
2026-02-24,ST030,MED023,7,7,0,0,0,55
2026-02-24,ST030,MED024,12,12,0,0,0,23
2026-02-24,ST030,MED025,7,7,0,0,0,9
2026-02-24,ST030,MED026,10,10,0,0,0,53
2026-02-24,ST030,MED027,14,14,0,0,0,2
2026-02-24,ST030,MED028,8,3,5,0,0,0
2026-02-24,ST030,MED029,5,5,0,0,0,59
2026-02-24,ST030,MED030,2,2,0,0,0,16
2026-02-24,ST031,MED001,12,12,0,0,0,57
2026-02-24,ST031,MED002,12,12,0,0,0,43
2026-02-24,ST031,MED003,0,0,0,0,0,13
2026-02-24,ST031,MED004,8,8,0,0,0,21
2026-02-24,ST031,MED005,13,13,0,0,0,22
2026-02-24,ST031,MED006,11,11,0,0,0,17
2026-02-24,ST031,MED007,2,2,0,0,0,5
2026-02-24,ST031,MED008,6,0,6,0,0,0
2026-02-24,ST031,MED009,7,7,0,0,0,29
2026-02-24,ST031,MED010,3,3,0,0,0,14
2026-02-24,ST031,MED011,13,13,0,0,0,52
2026-02-24,ST031,MED012,10,10,0,0,0,34
2026-02-24,ST031,MED013,10,10,0,0,0,8
2026-02-24,ST031,MED014,6,6,0,48,0,42
2026-02-24,ST031,MED015,12,12,0,0,0,47
2026-02-24,ST031,MED016,9,9,0,48,0,49
2026-02-24,ST031,MED017,13,13,0,72,0,62
2026-02-24,ST031,MED018,7,7,0,0,0,20
2026-02-24,ST031,MED019,4,4,0,24,0,20
2026-02-24,ST031,MED020,6,6,0,0,0,13
2026-02-24,ST031,MED021,11,6,5,0,0,0
2026-02-24,ST031,MED022,8,8,0,0,0,20
2026-02-24,ST031,MED023,16,16,0,0,0,31
2026-02-24,ST031,MED024,8,8,0,0,0,16
2026-02-24,ST031,MED025,7,7,0,36,0,41
2026-02-24,ST031,MED026,9,9,0,0,0,23
2026-02-24,ST031,MED027,13,13,0,0,0,62
2026-02-24,ST031,MED028,4,4,0,48,0,44
2026-02-24,ST031,MED029,12,12,0,72,0,60
2026-02-24,ST031,MED030,8,8,0,0,0,4
2026-02-24,ST032,MED001,11,11,0,0,0,35
2026-02-24,ST032,MED002,13,13,0,0,0,14
2026-02-24,ST032,MED003,4,4,0,0,0,25
2026-02-24,ST032,MED004,8,8,0,0,0,29
2026-02-24,ST032,MED005,9,9,0,0,0,49
2026-02-24,ST032,MED006,13,13,0,0,0,6
2026-02-24,ST032,MED007,5,5,0,0,0,17
2026-02-24,ST032,MED008,3,3,0,24,0,21
2026-02-24,ST032,MED009,11,3,8,0,0,0
2026-02-24,ST032,MED010,7,7,0,0,0,13
2026-02-24,ST032,MED011,10,10,0,0,0,40
2026-02-24,ST032,MED012,8,8,0,60,0,60
2026-02-24,ST032,MED013,6,6,0,0,0,11
2026-02-24,ST032,MED014,3,3,0,0,0,20
2026-02-24,ST032,MED015,13,13,0,72,0,59
2026-02-24,ST032,MED016,8,8,0,0,0,39
2026-02-24,ST032,MED017,13,13,0,0,0,6
2026-02-24,ST032,MED018,6,6,0,0,0,6
2026-02-24,ST032,MED019,6,5,1,0,0,0
2026-02-24,ST032,MED020,3,3,0,48,0,48
2026-02-24,ST032,MED021,12,0,12,0,0,0
2026-02-24,ST032,MED022,11,1,10,0,0,0
2026-02-24,ST032,MED023,18,18,0,0,0,35
2026-02-24,ST032,MED024,13,13,0,0,0,34
2026-02-24,ST032,MED025,4,4,0,48,0,44
2026-02-24,ST032,MED026,9,9,0,0,0,10
2026-02-24,ST032,MED027,11,11,0,72,0,83
2026-02-24,ST032,MED028,8,8,0,0,0,59
2026-02-24,ST032,MED029,7,7,0,0,0,30
2026-02-24,ST032,MED030,6,6,0,0,0,28
2026-02-24,ST033,MED001,13,13,0,0,0,57
2026-02-24,ST033,MED002,18,18,0,66,0,48
2026-02-24,ST033,MED003,1,1,0,24,0,26
2026-02-24,ST033,MED004,8,8,0,48,0,40
2026-02-24,ST033,MED005,16,10,6,0,0,0
2026-02-24,ST033,MED006,16,16,0,0,0,22
2026-02-24,ST033,MED007,2,2,0,0,0,5
2026-02-24,ST033,MED008,4,4,0,0,0,4
2026-02-24,ST033,MED009,9,9,0,0,0,14
2026-02-24,ST033,MED010,5,5,0,0,0,4
2026-02-24,ST033,MED011,17,17,0,0,0,1
2026-02-24,ST033,MED012,13,13,0,60,0,97
2026-02-24,ST033,MED013,9,9,0,0,0,17
2026-02-24,ST033,MED014,9,9,0,0,0,17
2026-02-24,ST033,MED015,13,13,0,0,0,44
2026-02-24,ST033,MED016,7,7,0,0,0,15
2026-02-24,ST033,MED017,14,0,14,0,0,0
2026-02-24,ST033,MED018,7,7,0,0,0,12
2026-02-24,ST033,MED019,3,3,0,0,0,1
2026-02-24,ST033,MED020,10,10,0,0,0,36
2026-02-24,ST033,MED021,14,14,0,0,0,38
2026-02-24,ST033,MED022,9,9,0,0,0,35
2026-02-24,ST033,MED023,13,13,0,0,0,7
2026-02-24,ST033,MED024,12,8,4,0,0,0
2026-02-24,ST033,MED025,7,2,5,0,0,0
2026-02-24,ST033,MED026,27,27,0,0,0,57
2026-02-24,ST033,MED027,13,13,0,0,0,72
2026-02-24,ST033,MED028,5,5,0,0,0,6
2026-02-24,ST033,MED029,6,6,0,0,0,44
2026-02-24,ST033,MED030,5,5,0,30,0,33
2026-02-24,ST034,MED001,12,12,0,0,0,33
2026-02-24,ST034,MED002,10,0,10,0,0,0
2026-02-24,ST034,MED003,6,6,0,0,0,0
2026-02-24,ST034,MED004,13,13,0,0,0,30
2026-02-24,ST034,MED005,15,15,0,0,0,12
2026-02-24,ST034,MED006,10,10,0,0,0,15
2026-02-24,ST034,MED007,5,5,0,24,0,19
2026-02-24,ST034,MED008,2,2,0,0,0,11
2026-02-24,ST034,MED009,18,18,0,0,0,30
2026-02-24,ST034,MED010,2,2,0,0,0,19
2026-02-24,ST034,MED011,16,16,0,0,0,27
2026-02-24,ST034,MED012,16,16,0,72,0,56
2026-02-24,ST034,MED013,9,9,0,0,0,28
2026-02-24,ST034,MED014,5,4,1,0,0,0
2026-02-24,ST034,MED015,12,12,0,0,0,9
2026-02-24,ST034,MED016,8,0,8,0,0,0
2026-02-24,ST034,MED017,20,0,20,0,0,0
2026-02-24,ST034,MED018,7,7,0,0,0,14
2026-02-24,ST034,MED019,5,5,0,24,0,19
2026-02-24,ST034,MED020,9,9,0,0,0,15
2026-02-24,ST034,MED021,14,14,0,0,0,11
2026-02-24,ST034,MED022,10,10,0,0,0,30
2026-02-24,ST034,MED023,14,0,14,0,0,0
2026-02-24,ST034,MED024,18,18,0,0,0,40
2026-02-24,ST034,MED025,11,11,0,0,0,28
2026-02-24,ST034,MED026,16,16,0,0,0,38
2026-02-24,ST034,MED027,13,13,0,0,0,37
2026-02-24,ST034,MED028,5,3,2,0,0,0
2026-02-24,ST034,MED029,12,12,0,0,0,38
2026-02-24,ST034,MED030,7,7,0,0,0,13
2026-02-24,ST035,MED001,7,7,0,0,0,45
2026-02-24,ST035,MED002,6,6,0,0,0,24
2026-02-24,ST035,MED003,0,0,0,0,0,10
2026-02-24,ST035,MED004,5,5,0,0,0,46
2026-02-24,ST035,MED005,6,6,0,60,0,86
2026-02-24,ST035,MED006,10,10,0,0,0,21
2026-02-24,ST035,MED007,2,2,0,0,0,27
2026-02-24,ST035,MED008,6,1,5,0,0,0
2026-02-24,ST035,MED009,4,4,0,0,0,29
2026-02-24,ST035,MED010,5,5,0,0,0,10
2026-02-24,ST035,MED011,8,8,0,0,0,41
2026-02-24,ST035,MED012,7,7,0,0,0,28
2026-02-24,ST035,MED013,0,0,0,0,0,8
2026-02-24,ST035,MED014,4,4,0,0,0,26
2026-02-24,ST035,MED015,11,11,0,0,0,31
2026-02-24,ST035,MED016,8,8,0,0,0,30
2026-02-24,ST035,MED017,12,12,0,0,0,34
2026-02-24,ST035,MED018,5,5,0,0,0,29
2026-02-24,ST035,MED019,0,0,0,0,0,8
2026-02-24,ST035,MED020,4,4,0,0,0,7
2026-02-24,ST035,MED021,8,8,0,0,0,71
2026-02-24,ST035,MED022,3,3,0,42,0,39
2026-02-24,ST035,MED023,8,8,0,60,0,56
2026-02-24,ST035,MED024,7,7,0,0,0,36
2026-02-24,ST035,MED025,7,7,0,36,0,44
2026-02-24,ST035,MED026,8,8,0,0,0,24
2026-02-24,ST035,MED027,12,0,12,0,0,0
2026-02-24,ST035,MED028,4,4,0,0,0,32
2026-02-24,ST035,MED029,8,8,0,0,0,61
2026-02-24,ST035,MED030,1,1,0,0,0,15
2026-02-24,ST036,MED001,8,8,0,0,0,84
2026-02-24,ST036,MED002,11,11,0,0,0,13
2026-02-24,ST036,MED003,5,5,0,0,0,16
2026-02-24,ST036,MED004,7,7,0,0,0,23
2026-02-24,ST036,MED005,11,11,0,0,0,76
2026-02-24,ST036,MED006,5,5,0,0,0,46
2026-02-24,ST036,MED007,2,2,0,0,0,12
2026-02-24,ST036,MED008,1,1,0,0,0,17
2026-02-24,ST036,MED009,9,9,0,0,0,19
2026-02-24,ST036,MED010,2,0,2,0,0,0
2026-02-24,ST036,MED011,9,9,0,0,0,17
2026-02-24,ST036,MED012,9,9,0,0,0,36
2026-02-24,ST036,MED013,4,4,0,0,0,13
2026-02-24,ST036,MED014,3,3,0,0,0,17
2026-02-24,ST036,MED015,6,6,0,0,0,45
2026-02-24,ST036,MED016,10,10,0,0,0,19
2026-02-24,ST036,MED017,12,12,0,72,0,63
2026-02-24,ST036,MED018,8,8,0,0,0,37
2026-02-24,ST036,MED019,0,0,0,0,0,12
2026-02-24,ST036,MED020,7,7,0,0,0,30
2026-02-24,ST036,MED021,8,8,0,0,0,64
2026-02-24,ST036,MED022,7,7,0,0,0,1
2026-02-24,ST036,MED023,13,7,6,0,0,0
2026-02-24,ST036,MED024,13,13,0,0,0,34
2026-02-24,ST036,MED025,3,0,3,0,0,0
2026-02-24,ST036,MED026,8,8,0,72,0,65
2026-02-24,ST036,MED027,11,11,0,0,0,12
2026-02-24,ST036,MED028,5,5,0,0,0,24
2026-02-24,ST036,MED029,10,10,0,0,0,18
2026-02-24,ST036,MED030,2,2,0,0,0,6
2026-02-24,ST037,MED001,5,5,0,72,0,67
2026-02-24,ST037,MED002,11,11,0,66,0,62
2026-02-24,ST037,MED003,3,3,0,0,0,20
2026-02-24,ST037,MED004,8,8,0,0,0,44
2026-02-24,ST037,MED005,11,11,0,60,0,49
2026-02-24,ST037,MED006,10,10,0,0,0,62
2026-02-24,ST037,MED007,0,0,0,0,0,4
2026-02-24,ST037,MED008,1,1,0,0,0,8
2026-02-24,ST037,MED009,10,10,0,0,0,43
2026-02-24,ST037,MED010,0,0,0,0,0,5
2026-02-24,ST037,MED011,11,6,5,0,0,0
2026-02-24,ST037,MED012,8,8,0,0,0,14
2026-02-24,ST037,MED013,3,3,0,0,0,23
2026-02-24,ST037,MED014,9,9,0,0,0,6
2026-02-24,ST037,MED015,12,12,0,0,0,27
2026-02-24,ST037,MED016,8,8,0,0,0,32
2026-02-24,ST037,MED017,8,8,0,0,0,34
2026-02-24,ST037,MED018,3,3,0,0,0,51
2026-02-24,ST037,MED019,4,4,0,0,0,1
2026-02-24,ST037,MED020,8,8,0,0,0,2
2026-02-24,ST037,MED021,4,4,0,0,0,47
2026-02-24,ST037,MED022,7,7,0,0,0,14
2026-02-24,ST037,MED023,11,11,0,0,0,25
2026-02-24,ST037,MED024,10,10,0,0,0,61
2026-02-24,ST037,MED025,6,6,0,0,0,24
2026-02-24,ST037,MED026,8,8,0,72,0,72
2026-02-24,ST037,MED027,13,13,0,0,0,10
2026-02-24,ST037,MED028,6,6,0,0,0,32
2026-02-24,ST037,MED029,6,6,0,0,0,41
2026-02-24,ST037,MED030,4,4,0,0,0,27
2026-02-24,ST038,MED001,9,9,0,72,0,63
2026-02-24,ST038,MED002,11,11,0,0,0,49
2026-02-24,ST038,MED003,2,2,0,0,0,7
2026-02-24,ST038,MED004,9,9,0,0,0,24
2026-02-24,ST038,MED005,14,14,0,60,0,52
2026-02-24,ST038,MED006,8,8,0,0,0,41
2026-02-24,ST038,MED007,6,3,3,0,0,0
2026-02-24,ST038,MED008,1,1,0,0,0,21
2026-02-24,ST038,MED009,10,10,0,0,0,20
2026-02-24,ST038,MED010,5,5,0,0,0,11
2026-02-24,ST038,MED011,9,9,0,0,0,64
2026-02-24,ST038,MED012,12,12,0,0,0,26
2026-02-24,ST038,MED013,10,10,0,0,0,42
2026-02-24,ST038,MED014,6,6,0,0,0,13
2026-02-24,ST038,MED015,12,12,0,0,0,19
2026-02-24,ST038,MED016,8,8,0,0,0,27
2026-02-24,ST038,MED017,11,11,0,0,0,6
2026-02-24,ST038,MED018,7,7,0,0,0,39
2026-02-24,ST038,MED019,0,0,0,0,0,21
2026-02-24,ST038,MED020,11,11,0,0,0,40
2026-02-24,ST038,MED021,10,1,9,0,0,0
2026-02-24,ST038,MED022,7,7,0,0,0,22
2026-02-24,ST038,MED023,13,13,0,0,0,68
2026-02-24,ST038,MED024,13,13,0,0,0,50
2026-02-24,ST038,MED025,6,6,0,0,0,27
2026-02-24,ST038,MED026,10,4,6,0,0,0
2026-02-24,ST038,MED027,16,16,0,0,0,1
2026-02-24,ST038,MED028,2,2,0,0,0,22
2026-02-24,ST038,MED029,9,9,0,72,0,77
2026-02-24,ST038,MED030,7,7,0,36,0,33
2026-02-24,ST039,MED001,11,11,0,72,0,66
2026-02-24,ST039,MED002,25,25,0,0,0,0
2026-02-24,ST039,MED003,4,2,2,0,0,0
2026-02-24,ST039,MED004,11,11,0,0,0,16
2026-02-24,ST039,MED005,16,0,16,0,0,0
2026-02-24,ST039,MED006,9,9,0,0,0,47
2026-02-24,ST039,MED007,2,2,0,0,0,17
2026-02-24,ST039,MED008,5,0,5,0,0,0
2026-02-24,ST039,MED009,10,10,0,0,0,38
2026-02-24,ST039,MED010,6,1,5,0,0,0
2026-02-24,ST039,MED011,12,12,0,0,0,9
2026-02-24,ST039,MED012,14,14,0,0,0,17
2026-02-24,ST039,MED013,16,16,0,0,0,27
2026-02-24,ST039,MED014,4,4,0,0,0,23
2026-02-24,ST039,MED015,10,10,0,0,0,73
2026-02-24,ST039,MED016,7,7,0,0,0,17
2026-02-24,ST039,MED017,13,13,0,72,0,59
2026-02-24,ST039,MED018,8,1,7,0,0,0
2026-02-24,ST039,MED019,5,5,0,0,0,9
2026-02-24,ST039,MED020,12,12,0,0,0,8
2026-02-24,ST039,MED021,10,10,0,0,0,15
2026-02-24,ST039,MED022,10,10,0,0,0,17
2026-02-24,ST039,MED023,15,15,0,0,0,1
2026-02-24,ST039,MED024,14,14,0,0,0,14
2026-02-24,ST039,MED025,5,2,3,0,0,0
2026-02-24,ST039,MED026,13,13,0,0,0,32
2026-02-24,ST039,MED027,11,11,0,0,0,52
2026-02-24,ST039,MED028,9,9,0,0,0,43
2026-02-24,ST039,MED029,9,9,0,0,0,26
2026-02-24,ST039,MED030,2,2,0,30,0,30
2026-02-24,ST040,MED001,15,15,0,0,0,22
2026-02-24,ST040,MED002,15,15,0,0,0,37
2026-02-24,ST040,MED003,5,5,0,0,0,3
2026-02-24,ST040,MED004,9,9,0,48,0,39
2026-02-24,ST040,MED005,12,12,0,0,0,16
2026-02-24,ST040,MED006,12,12,0,60,0,48
2026-02-24,ST040,MED007,4,4,0,24,0,28
2026-02-24,ST040,MED008,3,3,0,0,0,23
2026-02-24,ST040,MED009,12,12,0,0,0,42
2026-02-24,ST040,MED010,4,4,0,0,0,19
2026-02-24,ST040,MED011,11,11,0,0,0,20
2026-02-24,ST040,MED012,11,0,11,0,0,0
2026-02-24,ST040,MED013,9,9,0,0,0,7
2026-02-24,ST040,MED014,11,11,0,0,0,12
2026-02-24,ST040,MED015,14,14,0,0,0,12
2026-02-24,ST040,MED016,9,9,0,48,0,55
2026-02-24,ST040,MED017,15,15,0,0,0,19
2026-02-24,ST040,MED018,10,10,0,0,0,16
2026-02-24,ST040,MED019,1,1,0,0,0,15
2026-02-24,ST040,MED020,9,9,0,0,0,10
2026-02-24,ST040,MED021,11,11,0,0,0,33
2026-02-24,ST040,MED022,7,7,0,0,0,39
2026-02-24,ST040,MED023,11,0,11,0,0,0
2026-02-24,ST040,MED024,15,15,0,0,0,70
2026-02-24,ST040,MED025,8,8,0,48,0,40
2026-02-24,ST040,MED026,14,14,0,0,0,70
2026-02-24,ST040,MED027,23,0,23,0,0,0
2026-02-24,ST040,MED028,8,8,0,48,0,46
2026-02-24,ST040,MED029,9,9,0,0,0,23
2026-02-24,ST040,MED030,7,7,0,30,0,41
2026-02-25,ST001,MED001,7,7,0,0,0,25
2026-02-25,ST001,MED002,9,0,9,0,0,0
2026-02-25,ST001,MED003,2,2,0,0,0,10
2026-02-25,ST001,MED004,8,8,0,0,0,20
2026-02-25,ST001,MED005,10,10,0,0,0,63
2026-02-25,ST001,MED006,10,10,0,0,0,36
2026-02-25,ST001,MED007,2,2,0,0,0,17
2026-02-25,ST001,MED008,4,4,0,0,0,20
2026-02-25,ST001,MED009,12,12,0,0,0,63
2026-02-25,ST001,MED010,4,4,0,0,0,13
2026-02-25,ST001,MED011,11,11,0,0,0,55
2026-02-25,ST001,MED012,13,13,0,60,0,51
2026-02-25,ST001,MED013,6,6,0,0,0,53
2026-02-25,ST001,MED014,3,3,0,0,0,23
2026-02-25,ST001,MED015,11,11,0,72,0,86
2026-02-25,ST001,MED016,6,6,0,0,0,38
2026-02-25,ST001,MED017,13,13,0,72,0,74
2026-02-25,ST001,MED018,4,3,1,0,0,0
2026-02-25,ST001,MED019,4,4,0,0,0,6
2026-02-25,ST001,MED020,9,9,0,0,0,45
2026-02-25,ST001,MED021,8,8,0,54,0,63
2026-02-25,ST001,MED022,8,8,0,0,0,15
2026-02-25,ST001,MED023,9,9,0,0,0,37
2026-02-25,ST001,MED024,7,7,0,0,0,8
2026-02-25,ST001,MED025,5,5,0,0,0,35
2026-02-25,ST001,MED026,10,10,0,0,0,20
2026-02-25,ST001,MED027,11,11,0,0,0,52
2026-02-25,ST001,MED028,5,5,0,0,0,13
2026-02-25,ST001,MED029,9,9,0,0,0,45
2026-02-25,ST001,MED030,3,3,0,0,0,26
2026-02-25,ST002,MED001,11,11,0,0,0,56
2026-02-25,ST002,MED002,13,11,2,0,0,0
2026-02-25,ST002,MED003,4,4,0,0,0,10
2026-02-25,ST002,MED004,1,1,0,60,0,59
2026-02-25,ST002,MED005,13,13,0,0,0,55
2026-02-25,ST002,MED006,10,10,0,0,0,54
2026-02-25,ST002,MED007,3,3,0,0,0,8
2026-02-25,ST002,MED008,0,0,0,0,0,24
2026-02-25,ST002,MED009,13,13,0,0,0,31
2026-02-25,ST002,MED010,2,2,0,0,0,1
2026-02-25,ST002,MED011,10,10,0,60,0,55
2026-02-25,ST002,MED012,9,9,0,0,0,29
2026-02-25,ST002,MED013,6,6,0,48,0,42
2026-02-25,ST002,MED014,2,2,0,0,0,43
2026-02-25,ST002,MED015,11,10,1,0,0,0
2026-02-25,ST002,MED016,4,4,0,0,0,40
2026-02-25,ST002,MED017,10,10,0,0,0,54
2026-02-25,ST002,MED018,6,6,0,0,0,33
2026-02-25,ST002,MED019,1,1,0,0,0,3
2026-02-25,ST002,MED020,5,5,0,0,0,13
2026-02-25,ST002,MED021,8,8,0,0,0,45
2026-02-25,ST002,MED022,9,9,0,0,0,19
2026-02-25,ST002,MED023,9,9,0,0,0,42
2026-02-25,ST002,MED024,11,11,0,0,0,70
2026-02-25,ST002,MED025,0,0,0,0,0,23
2026-02-25,ST002,MED026,8,8,0,72,0,64
2026-02-25,ST002,MED027,10,10,0,0,0,50
2026-02-25,ST002,MED028,6,6,0,0,0,18
2026-02-25,ST002,MED029,8,8,0,0,0,36
2026-02-25,ST002,MED030,5,5,0,0,0,37
2026-02-25,ST003,MED001,10,10,0,0,0,29
2026-02-25,ST003,MED002,12,12,0,0,0,24
2026-02-25,ST003,MED003,1,1,0,0,0,13
2026-02-25,ST003,MED004,9,9,0,0,0,29
2026-02-25,ST003,MED005,8,8,0,0,0,80
2026-02-25,ST003,MED006,13,13,0,0,0,51
2026-02-25,ST003,MED007,3,3,0,24,0,21
2026-02-25,ST003,MED008,3,3,0,0,0,12
2026-02-25,ST003,MED009,9,9,0,60,0,69
2026-02-25,ST003,MED010,5,5,0,0,0,7
2026-02-25,ST003,MED011,11,11,0,0,0,11
2026-02-25,ST003,MED012,9,9,0,0,0,1
2026-02-25,ST003,MED013,8,8,0,0,0,38
2026-02-25,ST003,MED014,2,2,0,0,0,49
2026-02-25,ST003,MED015,11,11,0,0,0,29
2026-02-25,ST003,MED016,5,5,0,0,0,30
2026-02-25,ST003,MED017,18,1,17,0,0,0
2026-02-25,ST003,MED018,2,2,0,0,0,24
2026-02-25,ST003,MED019,8,8,0,0,0,22
2026-02-25,ST003,MED020,4,4,0,48,0,59
2026-02-25,ST003,MED021,14,14,0,0,0,33
2026-02-25,ST003,MED022,6,6,0,0,0,33
2026-02-25,ST003,MED023,14,14,0,0,0,9
2026-02-25,ST003,MED024,9,9,0,0,0,63
2026-02-25,ST003,MED025,7,5,2,0,0,0
2026-02-25,ST003,MED026,10,10,0,0,0,33
2026-02-25,ST003,MED027,11,11,0,0,0,39
2026-02-25,ST003,MED028,8,8,0,0,0,46
2026-02-25,ST003,MED029,18,10,8,0,0,0
2026-02-25,ST003,MED030,2,2,0,0,0,27
2026-02-25,ST004,MED001,12,12,0,0,0,32
2026-02-25,ST004,MED002,13,13,0,66,0,65
2026-02-25,ST004,MED003,2,2,0,0,0,10
2026-02-25,ST004,MED004,10,3,7,0,0,0
2026-02-25,ST004,MED005,15,15,0,0,0,48
2026-02-25,ST004,MED006,12,12,0,0,0,14
2026-02-25,ST004,MED007,3,3,0,0,0,17
2026-02-25,ST004,MED008,4,0,4,0,0,0
2026-02-25,ST004,MED009,9,9,0,60,0,51
2026-02-25,ST004,MED010,8,8,0,24,0,16
2026-02-25,ST004,MED011,13,13,0,0,0,34
2026-02-25,ST004,MED012,11,11,0,0,0,29
2026-02-25,ST004,MED013,8,8,0,48,0,40
2026-02-25,ST004,MED014,4,4,0,0,0,33
2026-02-25,ST004,MED015,14,14,0,0,0,36
2026-02-25,ST004,MED016,7,7,0,0,0,29
2026-02-25,ST004,MED017,17,17,0,0,0,47
2026-02-25,ST004,MED018,6,6,0,0,0,20
2026-02-25,ST004,MED019,4,4,0,0,0,12
2026-02-25,ST004,MED020,8,8,0,0,0,12
2026-02-25,ST004,MED021,13,13,0,0,0,30
2026-02-25,ST004,MED022,6,6,0,0,0,20
2026-02-25,ST004,MED023,14,14,0,0,0,71
2026-02-25,ST004,MED024,14,2,12,0,0,0
2026-02-25,ST004,MED025,8,8,0,36,0,34
2026-02-25,ST004,MED026,12,12,0,0,0,69
2026-02-25,ST004,MED027,14,14,0,0,0,47
2026-02-25,ST004,MED028,7,7,0,0,0,44
2026-02-25,ST004,MED029,12,12,0,72,0,60
2026-02-25,ST004,MED030,1,1,0,30,0,29
2026-02-25,ST005,MED001,15,15,0,0,0,42
2026-02-25,ST005,MED002,15,15,0,0,0,27
2026-02-25,ST005,MED003,5,5,0,24,0,25
2026-02-25,ST005,MED004,10,0,10,0,0,0
2026-02-25,ST005,MED005,14,14,0,0,0,46
2026-02-25,ST005,MED006,14,14,0,0,0,47
2026-02-25,ST005,MED007,3,0,3,0,0,0
2026-02-25,ST005,MED008,4,4,0,24,0,22
2026-02-25,ST005,MED009,10,10,0,0,0,34
2026-02-25,ST005,MED010,5,5,0,0,0,4
2026-02-25,ST005,MED011,13,13,0,0,0,7
2026-02-25,ST005,MED012,12,0,12,0,0,0
2026-02-25,ST005,MED013,8,8,0,0,0,12
2026-02-25,ST005,MED014,0,0,0,0,0,47
2026-02-25,ST005,MED015,13,13,0,0,0,47
2026-02-25,ST005,MED016,7,7,0,0,0,19
2026-02-25,ST005,MED017,13,13,0,0,0,45
2026-02-25,ST005,MED018,8,8,0,48,0,40
2026-02-25,ST005,MED019,3,3,0,0,0,14
2026-02-25,ST005,MED020,11,11,0,48,0,37
2026-02-25,ST005,MED021,11,11,0,0,0,12
2026-02-25,ST005,MED022,11,11,0,42,0,46
2026-02-25,ST005,MED023,12,12,0,72,0,67
2026-02-25,ST005,MED024,12,12,0,0,0,66
2026-02-25,ST005,MED025,10,10,0,48,0,38
2026-02-25,ST005,MED026,16,16,0,0,0,31
2026-02-25,ST005,MED027,18,14,4,0,0,0
2026-02-25,ST005,MED028,4,4,0,0,0,36
2026-02-25,ST005,MED029,8,8,0,0,0,35
2026-02-25,ST005,MED030,6,6,0,0,0,18
2026-02-25,ST006,MED001,15,15,0,0,0,43
2026-02-25,ST006,MED002,15,15,0,0,0,39
2026-02-25,ST006,MED003,7,7,0,24,0,17
2026-02-25,ST006,MED004,10,10,0,0,0,29
2026-02-25,ST006,MED005,10,10,0,0,0,15
2026-02-25,ST006,MED006,10,10,0,0,0,23
2026-02-25,ST006,MED007,0,0,0,0,0,20
2026-02-25,ST006,MED008,6,6,0,0,0,17
2026-02-25,ST006,MED009,15,14,1,0,0,0
2026-02-25,ST006,MED010,6,5,1,0,0,0
2026-02-25,ST006,MED011,12,0,12,0,0,0
2026-02-25,ST006,MED012,10,10,0,0,0,45
2026-02-25,ST006,MED013,13,13,0,0,0,30
2026-02-25,ST006,MED014,9,9,0,0,0,28
2026-02-25,ST006,MED015,15,15,0,0,0,3
2026-02-25,ST006,MED016,10,10,0,0,0,33
2026-02-25,ST006,MED017,13,0,13,0,0,0
2026-02-25,ST006,MED018,8,5,3,0,0,0
2026-02-25,ST006,MED019,3,3,0,0,0,4
2026-02-25,ST006,MED020,12,12,0,0,0,33
2026-02-25,ST006,MED021,13,13,0,60,0,65
2026-02-25,ST006,MED022,13,5,8,0,0,0
2026-02-25,ST006,MED023,12,12,0,0,0,67
2026-02-25,ST006,MED024,20,20,0,0,0,47
2026-02-25,ST006,MED025,7,7,0,0,0,42
2026-02-25,ST006,MED026,17,17,0,72,0,81
2026-02-25,ST006,MED027,14,0,14,0,0,0
2026-02-25,ST006,MED028,6,6,0,0,0,33
2026-02-25,ST006,MED029,14,0,14,0,0,0
2026-02-25,ST006,MED030,7,7,0,0,0,12
2026-02-25,ST007,MED001,8,8,0,0,0,33
2026-02-25,ST007,MED002,10,10,0,0,0,34
2026-02-25,ST007,MED003,4,4,0,24,0,20
2026-02-25,ST007,MED004,8,8,0,0,0,18
2026-02-25,ST007,MED005,10,7,3,0,0,0
2026-02-25,ST007,MED006,10,10,0,0,0,34
2026-02-25,ST007,MED007,0,0,0,0,0,11
2026-02-25,ST007,MED008,5,5,0,0,0,9
2026-02-25,ST007,MED009,8,8,0,60,0,69
2026-02-25,ST007,MED010,1,1,0,0,0,3
2026-02-25,ST007,MED011,11,11,0,0,0,6
2026-02-25,ST007,MED012,15,15,0,0,0,15
2026-02-25,ST007,MED013,4,4,0,48,0,48
2026-02-25,ST007,MED014,2,0,2,0,0,0
2026-02-25,ST007,MED015,14,14,0,0,0,49
2026-02-25,ST007,MED016,9,9,0,0,0,15
2026-02-25,ST007,MED017,10,10,0,0,0,9
2026-02-25,ST007,MED018,5,5,0,0,0,37
2026-02-25,ST007,MED019,5,5,0,0,0,22
2026-02-25,ST007,MED020,4,4,0,0,0,13
2026-02-25,ST007,MED021,11,11,0,54,0,75
2026-02-25,ST007,MED022,3,3,0,42,0,47
2026-02-25,ST007,MED023,5,5,0,0,0,49
2026-02-25,ST007,MED024,12,12,0,72,0,60
2026-02-25,ST007,MED025,4,4,0,0,0,4
2026-02-25,ST007,MED026,6,6,0,0,0,11
2026-02-25,ST007,MED027,10,0,10,0,0,0
2026-02-25,ST007,MED028,3,3,0,0,0,30
2026-02-25,ST007,MED029,6,6,0,0,0,15
2026-02-25,ST007,MED030,5,5,0,0,0,25
2026-02-25,ST008,MED001,8,8,0,0,0,80
2026-02-25,ST008,MED002,11,11,0,0,0,71
2026-02-25,ST008,MED003,0,0,0,0,0,14
2026-02-25,ST008,MED004,8,8,0,48,0,65
2026-02-25,ST008,MED005,12,12,0,72,0,82
2026-02-25,ST008,MED006,10,10,0,0,0,39
2026-02-25,ST008,MED007,1,1,0,24,0,23
2026-02-25,ST008,MED008,2,2,0,0,0,14
2026-02-25,ST008,MED009,11,11,0,0,0,40
2026-02-25,ST008,MED010,4,4,0,0,0,15
2026-02-25,ST008,MED011,8,8,0,60,0,54
2026-02-25,ST008,MED012,8,8,0,0,0,7
2026-02-25,ST008,MED013,7,7,0,0,0,31
2026-02-25,ST008,MED014,2,2,0,0,0,5
2026-02-25,ST008,MED015,8,8,0,0,0,54
2026-02-25,ST008,MED016,6,6,0,0,0,53
2026-02-25,ST008,MED017,9,9,0,0,0,48
2026-02-25,ST008,MED018,5,5,0,48,0,45
2026-02-25,ST008,MED019,3,3,0,24,0,21
2026-02-25,ST008,MED020,3,3,0,0,0,32
2026-02-25,ST008,MED021,8,8,0,0,0,44
2026-02-25,ST008,MED022,5,0,5,0,0,0
2026-02-25,ST008,MED023,12,12,0,0,0,28
2026-02-25,ST008,MED024,7,7,0,72,0,76
2026-02-25,ST008,MED025,8,8,0,0,0,30
2026-02-25,ST008,MED026,13,13,0,0,0,47
2026-02-25,ST008,MED027,9,9,0,72,0,86
2026-02-25,ST008,MED028,4,4,0,48,0,44
2026-02-25,ST008,MED029,16,16,0,48,0,40
2026-02-25,ST008,MED030,2,2,0,0,0,1
2026-02-25,ST009,MED001,12,12,0,0,0,47
2026-02-25,ST009,MED002,8,8,0,0,0,57
2026-02-25,ST009,MED003,4,4,0,24,0,27
2026-02-25,ST009,MED004,8,8,0,0,0,7
2026-02-25,ST009,MED005,10,10,0,0,0,11
2026-02-25,ST009,MED006,16,16,0,0,0,54
2026-02-25,ST009,MED007,5,5,0,0,0,15
2026-02-25,ST009,MED008,0,0,0,0,0,19
2026-02-25,ST009,MED009,9,9,0,60,0,51
2026-02-25,ST009,MED010,2,2,0,24,0,29
2026-02-25,ST009,MED011,12,12,0,0,0,2
2026-02-25,ST009,MED012,7,4,3,0,0,0
2026-02-25,ST009,MED013,6,6,0,0,0,44
2026-02-25,ST009,MED014,4,4,0,0,0,12
2026-02-25,ST009,MED015,16,0,16,0,0,0
2026-02-25,ST009,MED016,10,10,0,0,0,16
2026-02-25,ST009,MED017,5,5,0,0,0,39
2026-02-25,ST009,MED018,4,4,0,0,0,32
2026-02-25,ST009,MED019,4,1,3,0,0,0
2026-02-25,ST009,MED020,3,3,0,48,0,45
2026-02-25,ST009,MED021,5,5,0,0,0,32
2026-02-25,ST009,MED022,10,10,0,0,0,17
2026-02-25,ST009,MED023,12,0,12,0,0,0
2026-02-25,ST009,MED024,11,11,0,0,0,55
2026-02-25,ST009,MED025,2,2,0,0,0,17
2026-02-25,ST009,MED026,13,13,0,0,0,18
2026-02-25,ST009,MED027,12,11,1,0,0,0
2026-02-25,ST009,MED028,5,5,0,0,0,5
2026-02-25,ST009,MED029,7,7,0,0,0,41
2026-02-25,ST009,MED030,1,1,0,0,0,18
2026-02-25,ST010,MED001,21,21,0,0,0,40
2026-02-25,ST010,MED002,14,14,0,0,0,27
2026-02-25,ST010,MED003,4,4,0,24,0,24
2026-02-25,ST010,MED004,13,11,2,0,0,0
2026-02-25,ST010,MED005,9,9,0,0,0,9
2026-02-25,ST010,MED006,11,11,0,60,0,49
2026-02-25,ST010,MED007,2,2,0,0,0,0
2026-02-25,ST010,MED008,3,3,0,0,0,2
2026-02-25,ST010,MED009,13,13,0,0,0,38
2026-02-25,ST010,MED010,2,2,0,0,0,18
2026-02-25,ST010,MED011,11,11,0,0,0,44
2026-02-25,ST010,MED012,11,11,0,0,0,48
2026-02-25,ST010,MED013,6,6,0,0,0,29
2026-02-25,ST010,MED014,5,5,0,0,0,49
2026-02-25,ST010,MED015,13,13,0,0,0,41
2026-02-25,ST010,MED016,9,9,0,0,0,20
2026-02-25,ST010,MED017,12,12,0,60,0,48
2026-02-25,ST010,MED018,9,9,0,0,0,16
2026-02-25,ST010,MED019,4,4,0,0,0,14
2026-02-25,ST010,MED020,6,6,0,0,0,8
2026-02-25,ST010,MED021,17,17,0,0,0,26
2026-02-25,ST010,MED022,7,6,1,0,0,0
2026-02-25,ST010,MED023,8,8,0,0,0,54
2026-02-25,ST010,MED024,11,11,0,0,0,69
2026-02-25,ST010,MED025,7,7,0,0,0,23
2026-02-25,ST010,MED026,13,13,0,0,0,58
2026-02-25,ST010,MED027,12,12,0,0,0,61
2026-02-25,ST010,MED028,5,5,0,0,0,12
2026-02-25,ST010,MED029,8,8,0,0,0,62
2026-02-25,ST010,MED030,1,1,0,0,0,37
2026-02-25,ST011,MED001,15,0,15,0,0,0
2026-02-25,ST011,MED002,16,16,0,66,0,65
2026-02-25,ST011,MED003,0,0,0,0,0,0
2026-02-25,ST011,MED004,11,11,0,0,0,19
2026-02-25,ST011,MED005,13,13,0,0,0,52
2026-02-25,ST011,MED006,10,10,0,0,0,85
2026-02-25,ST011,MED007,6,1,5,0,0,0
2026-02-25,ST011,MED008,0,0,0,0,0,5
2026-02-25,ST011,MED009,9,9,0,0,0,21
2026-02-25,ST011,MED010,5,5,0,0,0,4
2026-02-25,ST011,MED011,10,4,6,0,0,0
2026-02-25,ST011,MED012,12,0,12,0,0,0
2026-02-25,ST011,MED013,7,7,0,48,0,41
2026-02-25,ST011,MED014,7,7,0,0,0,15
2026-02-25,ST011,MED015,13,13,0,0,0,29
2026-02-25,ST011,MED016,9,9,0,0,0,3
2026-02-25,ST011,MED017,9,9,0,0,0,30
2026-02-25,ST011,MED018,7,7,0,0,0,40
2026-02-25,ST011,MED019,5,5,0,0,0,14
2026-02-25,ST011,MED020,10,10,0,48,0,52
2026-02-25,ST011,MED021,13,13,0,0,0,31
2026-02-25,ST011,MED022,6,6,0,42,0,36
2026-02-25,ST011,MED023,10,10,0,0,0,50
2026-02-25,ST011,MED024,18,18,0,0,0,14
2026-02-25,ST011,MED025,7,7,0,0,0,4
2026-02-25,ST011,MED026,12,12,0,0,0,38
2026-02-25,ST011,MED027,13,13,0,72,0,60
2026-02-25,ST011,MED028,6,6,0,0,0,49
2026-02-25,ST011,MED029,8,8,0,0,0,62
2026-02-25,ST011,MED030,5,5,0,0,0,24
2026-02-25,ST012,MED001,17,0,17,0,0,0
2026-02-25,ST012,MED002,16,16,0,66,0,56
2026-02-25,ST012,MED003,3,3,0,0,0,20
2026-02-25,ST012,MED004,10,10,0,0,0,6
2026-02-25,ST012,MED005,17,17,0,0,0,58
2026-02-25,ST012,MED006,16,16,0,72,0,56
2026-02-25,ST012,MED007,0,0,0,0,0,3
2026-02-25,ST012,MED008,5,5,0,0,0,7
2026-02-25,ST012,MED009,16,16,0,0,0,37
2026-02-25,ST012,MED010,4,4,0,24,0,20
2026-02-25,ST012,MED011,23,23,0,0,0,32
2026-02-25,ST012,MED012,24,22,2,0,0,0
2026-02-25,ST012,MED013,8,8,0,0,0,38
2026-02-25,ST012,MED014,7,7,0,48,0,52
2026-02-25,ST012,MED015,14,14,0,0,0,10
2026-02-25,ST012,MED016,11,11,0,0,0,15
2026-02-25,ST012,MED017,15,15,0,0,0,15
2026-02-25,ST012,MED018,9,9,0,0,0,1
2026-02-25,ST012,MED019,4,0,4,0,0,0
2026-02-25,ST012,MED020,5,0,5,0,0,0
2026-02-25,ST012,MED021,11,11,0,0,0,10
2026-02-25,ST012,MED022,4,4,0,0,0,22
2026-02-25,ST012,MED023,11,11,0,0,0,29
2026-02-25,ST012,MED024,13,13,0,0,0,60
2026-02-25,ST012,MED025,5,0,5,0,0,0
2026-02-25,ST012,MED026,8,8,0,0,0,12
2026-02-25,ST012,MED027,16,0,16,0,0,0
2026-02-25,ST012,MED028,6,6,0,0,0,22
2026-02-25,ST012,MED029,10,10,0,0,0,43
2026-02-25,ST012,MED030,7,7,0,36,0,29
2026-02-25,ST013,MED001,15,15,0,0,0,28
2026-02-25,ST013,MED002,17,17,0,66,0,49
2026-02-25,ST013,MED003,4,4,0,0,0,0
2026-02-25,ST013,MED004,10,10,0,0,0,18
2026-02-25,ST013,MED005,13,13,0,0,0,22
2026-02-25,ST013,MED006,15,15,0,72,0,57
2026-02-25,ST013,MED007,4,4,0,0,0,22
2026-02-25,ST013,MED008,3,3,0,0,0,23
2026-02-25,ST013,MED009,14,14,0,0,0,10
2026-02-25,ST013,MED010,5,5,0,0,0,9
2026-02-25,ST013,MED011,12,12,0,60,0,50
2026-02-25,ST013,MED012,13,13,0,0,0,18
2026-02-25,ST013,MED013,8,8,0,48,0,61
2026-02-25,ST013,MED014,3,0,3,0,0,0
2026-02-25,ST013,MED015,14,14,0,0,0,29
2026-02-25,ST013,MED016,8,8,0,0,0,7
2026-02-25,ST013,MED017,16,16,0,0,0,59
2026-02-25,ST013,MED018,6,6,0,0,0,3
2026-02-25,ST013,MED019,7,7,0,24,0,17
2026-02-25,ST013,MED020,10,10,0,0,0,18
2026-02-25,ST013,MED021,24,24,0,0,0,5
2026-02-25,ST013,MED022,9,9,0,42,0,33
2026-02-25,ST013,MED023,13,13,0,0,0,4
2026-02-25,ST013,MED024,17,17,0,0,0,28
2026-02-25,ST013,MED025,10,10,0,0,0,21
2026-02-25,ST013,MED026,14,14,0,72,0,58
2026-02-25,ST013,MED027,16,16,0,84,0,71
2026-02-25,ST013,MED028,7,7,0,0,0,40
2026-02-25,ST013,MED029,9,9,0,0,0,35
2026-02-25,ST013,MED030,6,6,0,0,0,16
2026-02-25,ST014,MED001,5,5,0,0,0,16
2026-02-25,ST014,MED002,11,11,0,0,0,47
2026-02-25,ST014,MED003,7,7,0,0,0,12
2026-02-25,ST014,MED004,11,11,0,48,0,50
2026-02-25,ST014,MED005,11,11,0,0,0,49
2026-02-25,ST014,MED006,9,9,0,0,0,22
2026-02-25,ST014,MED007,5,5,0,0,0,4
2026-02-25,ST014,MED008,0,0,0,24,0,25
2026-02-25,ST014,MED009,5,5,0,0,0,18
2026-02-25,ST014,MED010,5,0,5,0,0,0
2026-02-25,ST014,MED011,6,6,0,60,0,76
2026-02-25,ST014,MED012,11,11,0,0,0,64
2026-02-25,ST014,MED013,10,10,0,0,0,45
2026-02-25,ST014,MED014,3,3,0,0,0,14
2026-02-25,ST014,MED015,10,0,10,0,0,0
2026-02-25,ST014,MED016,5,5,0,0,0,40
2026-02-25,ST014,MED017,8,8,0,0,0,27
2026-02-25,ST014,MED018,2,2,0,0,0,13
2026-02-25,ST014,MED019,0,0,0,0,0,12
2026-02-25,ST014,MED020,5,5,0,0,0,19
2026-02-25,ST014,MED021,10,10,0,0,0,43
2026-02-25,ST014,MED022,2,2,0,0,0,45
2026-02-25,ST014,MED023,7,7,0,72,0,93
2026-02-25,ST014,MED024,13,13,0,0,0,1
2026-02-25,ST014,MED025,3,3,0,0,0,25
2026-02-25,ST014,MED026,8,8,0,0,0,78
2026-02-25,ST014,MED027,6,6,0,0,0,68
2026-02-25,ST014,MED028,3,3,0,48,0,53
2026-02-25,ST014,MED029,7,7,0,0,0,19
2026-02-25,ST014,MED030,4,4,0,0,0,25
2026-02-25,ST015,MED001,10,10,0,0,0,43
2026-02-25,ST015,MED002,13,13,0,0,0,29
2026-02-25,ST015,MED003,0,0,0,0,0,12
2026-02-25,ST015,MED004,10,10,0,0,0,20
2026-02-25,ST015,MED005,10,10,0,0,0,40
2026-02-25,ST015,MED006,4,4,0,0,0,35
2026-02-25,ST015,MED007,0,0,0,0,0,5
2026-02-25,ST015,MED008,0,0,0,24,0,24
2026-02-25,ST015,MED009,8,8,0,60,0,80
2026-02-25,ST015,MED010,5,5,0,0,0,12
2026-02-25,ST015,MED011,12,12,0,0,0,4
2026-02-25,ST015,MED012,4,4,0,0,0,56
2026-02-25,ST015,MED013,7,7,0,0,0,35
2026-02-25,ST015,MED014,7,7,0,0,0,32
2026-02-25,ST015,MED015,9,9,0,0,0,36
2026-02-25,ST015,MED016,4,4,0,0,0,11
2026-02-25,ST015,MED017,6,6,0,0,0,17
2026-02-25,ST015,MED018,3,3,0,0,0,11
2026-02-25,ST015,MED019,1,1,0,0,0,8
2026-02-25,ST015,MED020,6,6,0,0,0,23
2026-02-25,ST015,MED021,13,13,0,0,0,49
2026-02-25,ST015,MED022,2,2,0,0,0,22
2026-02-25,ST015,MED023,10,10,0,72,0,83
2026-02-25,ST015,MED024,13,13,0,0,0,9
2026-02-25,ST015,MED025,6,6,0,0,0,34
2026-02-25,ST015,MED026,8,8,0,0,0,26
2026-02-25,ST015,MED027,9,9,0,0,0,12
2026-02-25,ST015,MED028,5,5,0,0,0,30
2026-02-25,ST015,MED029,5,5,0,0,0,27
2026-02-25,ST015,MED030,6,6,0,0,0,6
2026-02-25,ST016,MED001,11,11,0,0,0,37
2026-02-25,ST016,MED002,12,12,0,60,0,48
2026-02-25,ST016,MED003,1,1,0,0,0,23
2026-02-25,ST016,MED004,11,11,0,0,0,1
2026-02-25,ST016,MED005,12,12,0,0,0,38
2026-02-25,ST016,MED006,7,7,0,0,0,35
2026-02-25,ST016,MED007,6,6,0,0,0,9
2026-02-25,ST016,MED008,2,0,2,0,0,0
2026-02-25,ST016,MED009,8,8,0,0,0,38
2026-02-25,ST016,MED010,6,6,0,0,0,20
2026-02-25,ST016,MED011,11,11,0,0,0,65
2026-02-25,ST016,MED012,9,9,0,0,0,60
2026-02-25,ST016,MED013,7,7,0,0,0,48
2026-02-25,ST016,MED014,10,10,0,0,0,13
2026-02-25,ST016,MED015,12,9,3,0,0,0
2026-02-25,ST016,MED016,6,6,0,0,0,34
2026-02-25,ST016,MED017,9,9,0,0,0,46
2026-02-25,ST016,MED018,7,7,0,0,0,24
2026-02-25,ST016,MED019,3,3,0,0,0,29
2026-02-25,ST016,MED020,6,2,4,0,0,0
2026-02-25,ST016,MED021,12,12,0,0,0,42
2026-02-25,ST016,MED022,6,6,0,0,0,17
2026-02-25,ST016,MED023,8,8,0,0,0,47
2026-02-25,ST016,MED024,12,12,0,0,0,24
2026-02-25,ST016,MED025,9,9,0,0,0,17
2026-02-25,ST016,MED026,12,12,0,72,0,69
2026-02-25,ST016,MED027,10,10,0,0,0,47
2026-02-25,ST016,MED028,8,8,0,0,0,0
2026-02-25,ST016,MED029,13,13,0,0,0,11
2026-02-25,ST016,MED030,5,5,0,0,0,10
2026-02-25,ST017,MED001,13,13,0,0,0,33
2026-02-25,ST017,MED002,11,11,0,66,0,78
2026-02-25,ST017,MED003,5,5,0,0,0,5
2026-02-25,ST017,MED004,11,11,0,0,0,1
2026-02-25,ST017,MED005,14,14,0,0,0,8
2026-02-25,ST017,MED006,10,10,0,0,0,59
2026-02-25,ST017,MED007,0,0,0,0,0,14
2026-02-25,ST017,MED008,5,5,0,0,0,23
2026-02-25,ST017,MED009,11,5,6,0,0,0
2026-02-25,ST017,MED010,5,0,5,0,0,0
2026-02-25,ST017,MED011,8,8,0,66,0,60
2026-02-25,ST017,MED012,9,9,0,60,0,51
2026-02-25,ST017,MED013,6,6,0,0,0,17
2026-02-25,ST017,MED014,4,4,0,0,0,58
2026-02-25,ST017,MED015,14,14,0,96,0,82
2026-02-25,ST017,MED016,7,7,0,0,0,40
2026-02-25,ST017,MED017,10,10,0,0,0,2
2026-02-25,ST017,MED018,7,7,0,0,0,25
2026-02-25,ST017,MED019,6,0,6,0,0,0
2026-02-25,ST017,MED020,7,7,0,0,0,24
2026-02-25,ST017,MED021,10,10,0,0,0,1
2026-02-25,ST017,MED022,7,7,0,0,0,43
2026-02-25,ST017,MED023,10,10,0,72,0,80
2026-02-25,ST017,MED024,15,15,0,72,0,73
2026-02-25,ST017,MED025,5,5,0,0,0,45
2026-02-25,ST017,MED026,11,11,0,0,0,15
2026-02-25,ST017,MED027,9,9,0,0,0,88
2026-02-25,ST017,MED028,7,7,0,0,0,27
2026-02-25,ST017,MED029,6,6,0,0,0,32
2026-02-25,ST017,MED030,6,5,1,0,0,0
2026-02-25,ST018,MED001,12,0,12,0,0,0
2026-02-25,ST018,MED002,9,9,0,0,0,41
2026-02-25,ST018,MED003,6,6,0,0,0,17
2026-02-25,ST018,MED004,8,8,0,0,0,42
2026-02-25,ST018,MED005,12,12,0,0,0,18
2026-02-25,ST018,MED006,11,11,0,60,0,49
2026-02-25,ST018,MED007,5,5,0,0,0,12
2026-02-25,ST018,MED008,5,5,0,0,0,17
2026-02-25,ST018,MED009,12,12,0,0,0,33
2026-02-25,ST018,MED010,7,0,7,0,0,0
2026-02-25,ST018,MED011,15,15,0,0,0,15
2026-02-25,ST018,MED012,10,10,0,0,0,22
2026-02-25,ST018,MED013,8,8,0,0,0,16
2026-02-25,ST018,MED014,5,5,0,48,0,47
2026-02-25,ST018,MED015,16,16,0,0,0,0
2026-02-25,ST018,MED016,5,5,0,0,0,1
2026-02-25,ST018,MED017,13,13,0,0,0,46
2026-02-25,ST018,MED018,9,9,0,0,0,31
2026-02-25,ST018,MED019,0,0,0,0,0,19
2026-02-25,ST018,MED020,9,9,0,0,0,27
2026-02-25,ST018,MED021,7,7,0,54,0,47
2026-02-25,ST018,MED022,5,5,0,0,0,26
2026-02-25,ST018,MED023,12,12,0,60,0,79
2026-02-25,ST018,MED024,14,14,0,0,0,55
2026-02-25,ST018,MED025,3,3,0,0,0,13
2026-02-25,ST018,MED026,10,0,10,0,0,0
2026-02-25,ST018,MED027,12,12,0,0,0,30
2026-02-25,ST018,MED028,11,11,0,0,0,41
2026-02-25,ST018,MED029,13,13,0,0,0,1
2026-02-25,ST018,MED030,5,5,0,0,0,7
2026-02-25,ST019,MED001,24,24,0,0,0,10
2026-02-25,ST019,MED002,14,14,0,0,0,6
2026-02-25,ST019,MED003,7,7,0,0,0,22
2026-02-25,ST019,MED004,10,10,0,0,0,36
2026-02-25,ST019,MED005,11,11,0,0,0,32
2026-02-25,ST019,MED006,11,11,0,60,0,64
2026-02-25,ST019,MED007,0,0,0,0,0,11
2026-02-25,ST019,MED008,2,2,0,0,0,17
2026-02-25,ST019,MED009,12,12,0,0,0,9
2026-02-25,ST019,MED010,2,2,0,0,0,15
2026-02-25,ST019,MED011,11,11,0,72,0,61
2026-02-25,ST019,MED012,14,14,0,60,0,46
2026-02-25,ST019,MED013,7,7,0,0,0,21
2026-02-25,ST019,MED014,6,6,0,0,0,10
2026-02-25,ST019,MED015,15,15,0,0,0,85
2026-02-25,ST019,MED016,9,9,0,0,0,16
2026-02-25,ST019,MED017,8,8,0,0,0,29
2026-02-25,ST019,MED018,9,9,0,48,0,39
2026-02-25,ST019,MED019,3,3,0,24,0,23
2026-02-25,ST019,MED020,5,5,0,0,0,23
2026-02-25,ST019,MED021,10,10,0,0,0,31
2026-02-25,ST019,MED022,8,8,0,48,0,40
2026-02-25,ST019,MED023,15,15,0,0,0,48
2026-02-25,ST019,MED024,15,15,0,0,0,41
2026-02-25,ST019,MED025,8,0,8,0,0,0
2026-02-25,ST019,MED026,9,0,9,0,0,0
2026-02-25,ST019,MED027,13,2,11,0,0,0
2026-02-25,ST019,MED028,7,7,0,0,0,33
2026-02-25,ST019,MED029,17,17,0,72,0,64
2026-02-25,ST019,MED030,6,6,0,30,0,38
2026-02-25,ST020,MED001,14,13,1,0,0,0
2026-02-25,ST020,MED002,14,14,0,0,0,28
2026-02-25,ST020,MED003,3,3,0,0,0,16
2026-02-25,ST020,MED004,8,8,0,0,0,19
2026-02-25,ST020,MED005,13,13,0,0,0,11
2026-02-25,ST020,MED006,11,0,11,0,0,0
2026-02-25,ST020,MED007,7,7,0,0,0,17
2026-02-25,ST020,MED008,6,2,4,0,0,0
2026-02-25,ST020,MED009,9,9,0,0,0,13
2026-02-25,ST020,MED010,5,0,5,0,0,0
2026-02-25,ST020,MED011,18,18,0,0,0,3
2026-02-25,ST020,MED012,16,0,16,0,0,0
2026-02-25,ST020,MED013,8,3,5,0,0,0
2026-02-25,ST020,MED014,7,7,0,0,0,42
2026-02-25,ST020,MED015,16,0,16,0,0,0
2026-02-25,ST020,MED016,9,9,0,48,0,39
2026-02-25,ST020,MED017,18,18,0,0,0,48
2026-02-25,ST020,MED018,6,6,0,0,0,29
2026-02-25,ST020,MED019,6,6,0,0,0,13
2026-02-25,ST020,MED020,6,6,0,0,0,37
2026-02-25,ST020,MED021,13,0,13,0,0,0
2026-02-25,ST020,MED022,11,11,0,0,0,5
2026-02-25,ST020,MED023,13,13,0,60,0,47
2026-02-25,ST020,MED024,13,13,0,0,0,68
2026-02-25,ST020,MED025,8,8,0,0,0,31
2026-02-25,ST020,MED026,15,15,0,96,0,81
2026-02-25,ST020,MED027,17,17,0,0,0,44
2026-02-25,ST020,MED028,10,10,0,0,0,1
2026-02-25,ST020,MED029,12,12,0,0,0,46
2026-02-25,ST020,MED030,4,4,0,30,0,26
2026-02-25,ST021,MED001,10,10,0,0,0,7
2026-02-25,ST021,MED002,8,8,0,0,0,54
2026-02-25,ST021,MED003,0,0,0,0,0,23
2026-02-25,ST021,MED004,3,3,0,0,0,20
2026-02-25,ST021,MED005,11,11,0,0,0,36
2026-02-25,ST021,MED006,9,9,0,0,0,36
2026-02-25,ST021,MED007,2,2,0,0,0,28
2026-02-25,ST021,MED008,1,1,0,0,0,17
2026-02-25,ST021,MED009,10,10,0,0,0,60
2026-02-25,ST021,MED010,3,3,0,0,0,16
2026-02-25,ST021,MED011,9,9,0,0,0,71
2026-02-25,ST021,MED012,7,7,0,0,0,35
2026-02-25,ST021,MED013,9,9,0,0,0,23
2026-02-25,ST021,MED014,4,4,0,0,0,47
2026-02-25,ST021,MED015,9,9,0,0,0,31
2026-02-25,ST021,MED016,7,7,0,0,0,21
2026-02-25,ST021,MED017,5,5,0,0,0,50
2026-02-25,ST021,MED018,9,9,0,0,0,38
2026-02-25,ST021,MED019,3,3,0,0,0,19
2026-02-25,ST021,MED020,4,4,0,0,0,12
2026-02-25,ST021,MED021,6,6,0,0,0,4
2026-02-25,ST021,MED022,5,5,0,0,0,11
2026-02-25,ST021,MED023,9,6,3,0,0,0
2026-02-25,ST021,MED024,5,5,0,0,0,59
2026-02-25,ST021,MED025,8,8,0,0,0,18
2026-02-25,ST021,MED026,7,7,0,0,0,6
2026-02-25,ST021,MED027,8,8,0,0,0,35
2026-02-25,ST021,MED028,5,5,0,48,0,43
2026-02-25,ST021,MED029,9,9,0,0,0,38
2026-02-25,ST021,MED030,4,3,1,0,0,0
2026-02-25,ST022,MED001,10,10,0,0,0,23
2026-02-25,ST022,MED002,7,0,7,0,0,0
2026-02-25,ST022,MED003,3,3,0,0,0,10
2026-02-25,ST022,MED004,4,4,0,0,0,31
2026-02-25,ST022,MED005,9,9,0,0,0,68
2026-02-25,ST022,MED006,6,6,0,0,0,16
2026-02-25,ST022,MED007,0,0,0,0,0,10
2026-02-25,ST022,MED008,0,0,0,0,0,25
2026-02-25,ST022,MED009,8,8,0,0,0,47
2026-02-25,ST022,MED010,2,2,0,0,0,11
2026-02-25,ST022,MED011,11,11,0,0,0,60
2026-02-25,ST022,MED012,6,6,0,60,0,54
2026-02-25,ST022,MED013,6,6,0,0,0,52
2026-02-25,ST022,MED014,1,1,0,0,0,27
2026-02-25,ST022,MED015,11,11,0,0,0,17
2026-02-25,ST022,MED016,7,7,0,48,0,59
2026-02-25,ST022,MED017,9,9,0,0,0,36
2026-02-25,ST022,MED018,3,3,0,0,0,41
2026-02-25,ST022,MED019,5,5,0,0,0,18
2026-02-25,ST022,MED020,5,5,0,0,0,22
2026-02-25,ST022,MED021,7,7,0,0,0,45
2026-02-25,ST022,MED022,4,4,0,0,0,9
2026-02-25,ST022,MED023,10,10,0,0,0,12
2026-02-25,ST022,MED024,11,11,0,0,0,63
2026-02-25,ST022,MED025,5,5,0,0,0,22
2026-02-25,ST022,MED026,9,9,0,0,0,49
2026-02-25,ST022,MED027,12,12,0,0,0,24
2026-02-25,ST022,MED028,4,0,4,0,0,0
2026-02-25,ST022,MED029,14,14,0,0,0,1
2026-02-25,ST022,MED030,5,5,0,0,0,10
2026-02-25,ST023,MED001,10,10,0,72,0,73
2026-02-25,ST023,MED002,6,6,0,0,0,28
2026-02-25,ST023,MED003,2,2,0,0,0,10
2026-02-25,ST023,MED004,6,6,0,0,0,36
2026-02-25,ST023,MED005,11,11,0,0,0,56
2026-02-25,ST023,MED006,6,6,0,0,0,63
2026-02-25,ST023,MED007,0,0,0,0,0,27
2026-02-25,ST023,MED008,3,3,0,24,0,22
2026-02-25,ST023,MED009,8,8,0,0,0,6
2026-02-25,ST023,MED010,4,4,0,24,0,20
2026-02-25,ST023,MED011,12,12,0,72,0,82
2026-02-25,ST023,MED012,5,5,0,60,0,64
2026-02-25,ST023,MED013,5,5,0,0,0,53
2026-02-25,ST023,MED014,7,7,0,48,0,45
2026-02-25,ST023,MED015,15,15,0,0,0,17
2026-02-25,ST023,MED016,7,7,0,48,0,41
2026-02-25,ST023,MED017,11,11,0,0,0,83
2026-02-25,ST023,MED018,4,4,0,0,0,48
2026-02-25,ST023,MED019,2,1,1,0,0,0
2026-02-25,ST023,MED020,11,11,0,0,0,10
2026-02-25,ST023,MED021,7,7,0,0,0,55
2026-02-25,ST023,MED022,6,6,0,42,0,42
2026-02-25,ST023,MED023,14,14,0,0,0,7
2026-02-25,ST023,MED024,9,9,0,0,0,55
2026-02-25,ST023,MED025,5,5,0,36,0,41
2026-02-25,ST023,MED026,7,7,0,0,0,39
2026-02-25,ST023,MED027,14,9,5,0,0,0
2026-02-25,ST023,MED028,5,5,0,0,0,16
2026-02-25,ST023,MED029,10,8,2,0,0,0
2026-02-25,ST023,MED030,4,4,0,0,0,4
2026-02-25,ST024,MED001,13,13,0,72,0,80
2026-02-25,ST024,MED002,14,12,2,0,0,0
2026-02-25,ST024,MED003,0,0,0,0,0,11
2026-02-25,ST024,MED004,18,18,0,0,0,15
2026-02-25,ST024,MED005,12,12,0,0,0,51
2026-02-25,ST024,MED006,8,8,0,0,0,47
2026-02-25,ST024,MED007,4,4,0,0,0,9
2026-02-25,ST024,MED008,5,5,0,0,0,8
2026-02-25,ST024,MED009,8,8,0,0,0,51
2026-02-25,ST024,MED010,3,3,0,0,0,21
2026-02-25,ST024,MED011,8,8,0,66,0,58
2026-02-25,ST024,MED012,11,11,0,0,0,32
2026-02-25,ST024,MED013,3,3,0,48,0,45
2026-02-25,ST024,MED014,6,6,0,48,0,44
2026-02-25,ST024,MED015,15,0,15,0,0,0
2026-02-25,ST024,MED016,7,7,0,48,0,46
2026-02-25,ST024,MED017,12,12,0,0,0,22
2026-02-25,ST024,MED018,4,4,0,0,0,15
2026-02-25,ST024,MED019,4,4,0,0,0,15
2026-02-25,ST024,MED020,8,8,0,48,0,50
2026-02-25,ST024,MED021,11,11,0,0,0,15
2026-02-25,ST024,MED022,10,10,0,0,0,20
2026-02-25,ST024,MED023,13,13,0,0,0,48
2026-02-25,ST024,MED024,12,12,0,0,0,67
2026-02-25,ST024,MED025,7,7,0,36,0,29
2026-02-25,ST024,MED026,10,10,0,0,0,29
2026-02-25,ST024,MED027,11,5,6,0,0,0
2026-02-25,ST024,MED028,4,4,0,0,0,14
2026-02-25,ST024,MED029,11,11,0,0,0,55
2026-02-25,ST024,MED030,9,9,0,30,0,21
2026-02-25,ST025,MED001,13,13,0,0,0,63
2026-02-25,ST025,MED002,11,11,0,0,0,37
2026-02-25,ST025,MED003,4,0,4,0,0,0
2026-02-25,ST025,MED004,6,6,0,0,0,18
2026-02-25,ST025,MED005,8,8,0,72,0,69
2026-02-25,ST025,MED006,11,0,11,0,0,0
2026-02-25,ST025,MED007,4,4,0,0,0,7
2026-02-25,ST025,MED008,7,7,0,0,0,3
2026-02-25,ST025,MED009,11,11,0,0,0,20
2026-02-25,ST025,MED010,5,5,0,0,0,5
2026-02-25,ST025,MED011,10,10,0,0,0,12
2026-02-25,ST025,MED012,13,13,0,60,0,66
2026-02-25,ST025,MED013,6,6,0,0,0,37
2026-02-25,ST025,MED014,2,2,0,0,0,42
2026-02-25,ST025,MED015,11,11,0,0,0,29
2026-02-25,ST025,MED016,8,8,0,48,0,40
2026-02-25,ST025,MED017,7,7,0,0,0,3
2026-02-25,ST025,MED018,11,1,10,0,0,0
2026-02-25,ST025,MED019,9,9,0,0,0,8
2026-02-25,ST025,MED020,8,3,5,0,0,0
2026-02-25,ST025,MED021,10,10,0,54,0,60
2026-02-25,ST025,MED022,6,6,0,0,0,6
2026-02-25,ST025,MED023,8,8,0,0,0,30
2026-02-25,ST025,MED024,14,14,0,0,0,34
2026-02-25,ST025,MED025,7,7,0,0,0,41
2026-02-25,ST025,MED026,12,12,0,72,0,60
2026-02-25,ST025,MED027,14,0,14,0,0,0
2026-02-25,ST025,MED028,7,7,0,0,0,51
2026-02-25,ST025,MED029,8,8,0,0,0,34
2026-02-25,ST025,MED030,8,8,0,0,0,24
2026-02-25,ST026,MED001,15,0,15,0,0,0
2026-02-25,ST026,MED002,9,9,0,0,0,68
2026-02-25,ST026,MED003,5,5,0,0,0,6
2026-02-25,ST026,MED004,12,12,0,0,0,8
2026-02-25,ST026,MED005,17,17,0,0,0,13
2026-02-25,ST026,MED006,8,8,0,0,0,56
2026-02-25,ST026,MED007,6,6,0,0,0,1
2026-02-25,ST026,MED008,3,3,0,24,0,21
2026-02-25,ST026,MED009,9,0,9,0,0,0
2026-02-25,ST026,MED010,4,3,1,0,0,0
2026-02-25,ST026,MED011,19,19,0,60,0,65
2026-02-25,ST026,MED012,11,11,0,0,0,39
2026-02-25,ST026,MED013,13,13,0,0,0,31
2026-02-25,ST026,MED014,6,6,0,0,0,25
2026-02-25,ST026,MED015,17,8,9,0,0,0
2026-02-25,ST026,MED016,11,11,0,0,0,25
2026-02-25,ST026,MED017,10,10,0,72,0,62
2026-02-25,ST026,MED018,6,6,0,0,0,34
2026-02-25,ST026,MED019,6,6,0,0,0,8
2026-02-25,ST026,MED020,8,8,0,0,0,7
2026-02-25,ST026,MED021,14,14,0,0,0,37
2026-02-25,ST026,MED022,6,6,0,0,0,18
2026-02-25,ST026,MED023,16,16,0,72,0,56
2026-02-25,ST026,MED024,13,0,13,0,0,0
2026-02-25,ST026,MED025,3,3,0,0,0,25
2026-02-25,ST026,MED026,16,16,0,72,0,59
2026-02-25,ST026,MED027,16,9,7,0,0,0
2026-02-25,ST026,MED028,11,11,0,0,0,13
2026-02-25,ST026,MED029,12,12,0,0,0,12
2026-02-25,ST026,MED030,10,10,0,0,0,14
2026-02-25,ST027,MED001,13,13,0,96,0,83
2026-02-25,ST027,MED002,18,18,0,0,0,22
2026-02-25,ST027,MED003,3,3,0,0,0,9
2026-02-25,ST027,MED004,8,8,0,0,0,13
2026-02-25,ST027,MED005,14,14,0,0,0,31
2026-02-25,ST027,MED006,11,11,0,0,0,39
2026-02-25,ST027,MED007,6,2,4,0,0,0
2026-02-25,ST027,MED008,4,4,0,0,0,9
2026-02-25,ST027,MED009,10,10,0,0,0,20
2026-02-25,ST027,MED010,6,6,0,24,0,21
2026-02-25,ST027,MED011,17,11,6,0,0,0
2026-02-25,ST027,MED012,13,5,8,0,0,0
2026-02-25,ST027,MED013,9,9,0,0,0,25
2026-02-25,ST027,MED014,6,6,0,0,0,19
2026-02-25,ST027,MED015,13,5,8,0,0,0
2026-02-25,ST027,MED016,9,9,0,0,0,8
2026-02-25,ST027,MED017,13,0,13,0,0,0
2026-02-25,ST027,MED018,8,8,0,0,0,40
2026-02-25,ST027,MED019,5,5,0,0,0,22
2026-02-25,ST027,MED020,3,3,0,0,0,18
2026-02-25,ST027,MED021,13,13,0,0,0,1
2026-02-25,ST027,MED022,11,11,0,0,0,18
2026-02-25,ST027,MED023,13,13,0,60,0,77
2026-02-25,ST027,MED024,12,0,12,0,0,0
2026-02-25,ST027,MED025,6,6,0,0,0,15
2026-02-25,ST027,MED026,15,15,0,72,0,57
2026-02-25,ST027,MED027,16,16,0,0,0,43
2026-02-25,ST027,MED028,7,7,0,0,0,31
2026-02-25,ST027,MED029,9,9,0,0,0,1
2026-02-25,ST027,MED030,4,4,0,0,0,10
2026-02-25,ST028,MED001,10,10,0,0,0,30
2026-02-25,ST028,MED002,9,9,0,0,0,24
2026-02-25,ST028,MED003,7,7,0,24,0,17
2026-02-25,ST028,MED004,5,5,0,0,0,32
2026-02-25,ST028,MED005,8,8,0,0,0,20
2026-02-25,ST028,MED006,4,4,0,0,0,11
2026-02-25,ST028,MED007,2,2,0,0,0,25
2026-02-25,ST028,MED008,4,4,0,0,0,5
2026-02-25,ST028,MED009,9,9,0,0,0,49
2026-02-25,ST028,MED010,5,5,0,0,0,11
2026-02-25,ST028,MED011,10,10,0,0,0,20
2026-02-25,ST028,MED012,4,4,0,0,0,25
2026-02-25,ST028,MED013,7,7,0,0,0,30
2026-02-25,ST028,MED014,1,1,0,0,0,22
2026-02-25,ST028,MED015,12,12,0,72,0,61
2026-02-25,ST028,MED016,4,4,0,0,0,30
2026-02-25,ST028,MED017,8,8,0,0,0,74
2026-02-25,ST028,MED018,7,7,0,48,0,45
2026-02-25,ST028,MED019,0,0,0,0,0,14
2026-02-25,ST028,MED020,7,7,0,0,0,11
2026-02-25,ST028,MED021,9,9,0,66,0,72
2026-02-25,ST028,MED022,2,2,0,0,0,24
2026-02-25,ST028,MED023,6,6,0,0,0,40
2026-02-25,ST028,MED024,10,10,0,0,0,71
2026-02-25,ST028,MED025,2,2,0,0,0,45
2026-02-25,ST028,MED026,9,9,0,0,0,38
2026-02-25,ST028,MED027,6,6,0,0,0,60
2026-02-25,ST028,MED028,2,2,0,0,0,33
2026-02-25,ST028,MED029,7,7,0,0,0,37
2026-02-25,ST028,MED030,3,3,0,0,0,12
2026-02-25,ST029,MED001,4,4,0,0,0,40
2026-02-25,ST029,MED002,9,9,0,60,0,78
2026-02-25,ST029,MED003,1,0,1,0,0,0
2026-02-25,ST029,MED004,7,4,3,0,0,0
2026-02-25,ST029,MED005,8,8,0,0,0,54
2026-02-25,ST029,MED006,11,11,0,0,0,10
2026-02-25,ST029,MED007,5,4,1,0,0,0
2026-02-25,ST029,MED008,0,0,0,0,0,16
2026-02-25,ST029,MED009,7,7,0,0,0,41
2026-02-25,ST029,MED010,4,4,0,0,0,1
2026-02-25,ST029,MED011,10,10,0,0,0,69
2026-02-25,ST029,MED012,10,10,0,0,0,30
2026-02-25,ST029,MED013,6,6,0,0,0,32
2026-02-25,ST029,MED014,4,4,0,0,0,30
2026-02-25,ST029,MED015,11,11,0,0,0,61
2026-02-25,ST029,MED016,10,10,0,0,0,16
2026-02-25,ST029,MED017,9,9,0,0,0,30
2026-02-25,ST029,MED018,7,7,0,0,0,12
2026-02-25,ST029,MED019,0,0,0,0,0,32
2026-02-25,ST029,MED020,13,13,0,48,0,53
2026-02-25,ST029,MED021,6,6,0,0,0,49
2026-02-25,ST029,MED022,7,7,0,0,0,20
2026-02-25,ST029,MED023,11,11,0,0,0,5
2026-02-25,ST029,MED024,13,13,0,0,0,52
2026-02-25,ST029,MED025,8,8,0,36,0,39
2026-02-25,ST029,MED026,10,10,0,0,0,1
2026-02-25,ST029,MED027,11,11,0,0,0,64
2026-02-25,ST029,MED028,5,5,0,0,0,31
2026-02-25,ST029,MED029,5,5,0,0,0,83
2026-02-25,ST029,MED030,4,4,0,0,0,10
2026-02-25,ST030,MED001,12,12,0,0,0,54
2026-02-25,ST030,MED002,6,6,0,0,0,35
2026-02-25,ST030,MED003,8,8,0,0,0,12
2026-02-25,ST030,MED004,7,7,0,0,0,19
2026-02-25,ST030,MED005,11,11,0,0,0,45
2026-02-25,ST030,MED006,11,11,0,0,0,74
2026-02-25,ST030,MED007,2,2,0,0,0,10
2026-02-25,ST030,MED008,7,7,0,0,0,1
2026-02-25,ST030,MED009,11,11,0,0,0,8
2026-02-25,ST030,MED010,3,3,0,0,0,13
2026-02-25,ST030,MED011,9,9,0,0,0,5
2026-02-25,ST030,MED012,8,8,0,0,0,57
2026-02-25,ST030,MED013,6,6,0,0,0,19
2026-02-25,ST030,MED014,1,1,0,0,0,39
2026-02-25,ST030,MED015,11,11,0,0,0,76
2026-02-25,ST030,MED016,8,8,0,0,0,34
2026-02-25,ST030,MED017,10,10,0,0,0,8
2026-02-25,ST030,MED018,6,6,0,0,0,15
2026-02-25,ST030,MED019,1,1,0,0,0,5
2026-02-25,ST030,MED020,4,4,0,0,0,47
2026-02-25,ST030,MED021,9,2,7,0,0,0
2026-02-25,ST030,MED022,10,10,0,0,0,30
2026-02-25,ST030,MED023,11,11,0,0,0,44
2026-02-25,ST030,MED024,12,12,0,0,0,11
2026-02-25,ST030,MED025,10,9,1,0,0,0
2026-02-25,ST030,MED026,12,12,0,0,0,41
2026-02-25,ST030,MED027,7,2,5,0,0,0
2026-02-25,ST030,MED028,11,11,0,48,0,37
2026-02-25,ST030,MED029,9,9,0,0,0,50
2026-02-25,ST030,MED030,8,8,0,0,0,8
2026-02-25,ST031,MED001,11,11,0,0,0,46
2026-02-25,ST031,MED002,9,9,0,0,0,34
2026-02-25,ST031,MED003,5,5,0,0,0,8
2026-02-25,ST031,MED004,9,9,0,0,0,12
2026-02-25,ST031,MED005,8,8,0,0,0,14
2026-02-25,ST031,MED006,10,10,0,0,0,7
2026-02-25,ST031,MED007,1,1,0,24,0,28
2026-02-25,ST031,MED008,7,7,0,24,0,17
2026-02-25,ST031,MED009,13,13,0,0,0,16
2026-02-25,ST031,MED010,3,3,0,0,0,11
2026-02-25,ST031,MED011,9,9,0,0,0,43
2026-02-25,ST031,MED012,15,15,0,0,0,19
2026-02-25,ST031,MED013,7,7,0,0,0,1
2026-02-25,ST031,MED014,0,0,0,0,0,42
2026-02-25,ST031,MED015,10,10,0,0,0,37
2026-02-25,ST031,MED016,9,9,0,0,0,40
2026-02-25,ST031,MED017,12,12,0,0,0,50
2026-02-25,ST031,MED018,6,6,0,0,0,14
2026-02-25,ST031,MED019,0,0,0,0,0,20
2026-02-25,ST031,MED020,8,8,0,0,0,5
2026-02-25,ST031,MED021,12,12,0,54,0,42
2026-02-25,ST031,MED022,10,10,0,0,0,10
2026-02-25,ST031,MED023,10,10,0,0,0,21
2026-02-25,ST031,MED024,10,10,0,0,0,6
2026-02-25,ST031,MED025,2,2,0,0,0,39
2026-02-25,ST031,MED026,12,12,0,0,0,11
2026-02-25,ST031,MED027,11,11,0,72,0,123
2026-02-25,ST031,MED028,5,5,0,0,0,39
2026-02-25,ST031,MED029,6,6,0,0,0,54
2026-02-25,ST031,MED030,4,4,0,0,0,0
2026-02-25,ST032,MED001,13,13,0,0,0,22
2026-02-25,ST032,MED002,12,12,0,0,0,2
2026-02-25,ST032,MED003,2,2,0,0,0,23
2026-02-25,ST032,MED004,12,12,0,0,0,17
2026-02-25,ST032,MED005,10,10,0,0,0,39
2026-02-25,ST032,MED006,9,9,0,60,0,57
2026-02-25,ST032,MED007,4,4,0,0,0,13
2026-02-25,ST032,MED008,2,2,0,0,0,19
2026-02-25,ST032,MED009,16,0,16,0,0,0
2026-02-25,ST032,MED010,5,5,0,0,0,8
2026-02-25,ST032,MED011,11,11,0,0,0,29
2026-02-25,ST032,MED012,12,12,0,0,0,48
2026-02-25,ST032,MED013,11,11,0,0,0,0
2026-02-25,ST032,MED014,5,5,0,0,0,15
2026-02-25,ST032,MED015,15,15,0,0,0,44
2026-02-25,ST032,MED016,7,7,0,0,0,32
2026-02-25,ST032,MED017,10,10,0,72,0,68
2026-02-25,ST032,MED018,4,4,0,48,0,50
2026-02-25,ST032,MED019,0,0,0,0,0,0
2026-02-25,ST032,MED020,5,5,0,0,0,43
2026-02-25,ST032,MED021,6,6,0,60,0,54
2026-02-25,ST032,MED022,7,0,7,0,0,0
2026-02-25,ST032,MED023,15,15,0,0,0,20
2026-02-25,ST032,MED024,11,11,0,0,0,23
2026-02-25,ST032,MED025,10,10,0,0,0,34
2026-02-25,ST032,MED026,14,14,0,72,0,68
2026-02-25,ST032,MED027,16,16,0,0,0,67
2026-02-25,ST032,MED028,5,5,0,0,0,54
2026-02-25,ST032,MED029,9,9,0,0,0,21
2026-02-25,ST032,MED030,4,4,0,0,0,24
2026-02-25,ST033,MED001,8,8,0,0,0,49
2026-02-25,ST033,MED002,12,12,0,0,0,36
2026-02-25,ST033,MED003,1,1,0,0,0,25
2026-02-25,ST033,MED004,10,10,0,0,0,30
2026-02-25,ST033,MED005,15,0,15,0,0,0
2026-02-25,ST033,MED006,13,13,0,0,0,9
2026-02-25,ST033,MED007,4,4,0,0,0,1
2026-02-25,ST033,MED008,6,4,2,0,0,0
2026-02-25,ST033,MED009,13,13,0,0,0,1
2026-02-25,ST033,MED010,6,4,2,0,0,0
2026-02-25,ST033,MED011,13,1,12,0,0,0
2026-02-25,ST033,MED012,13,13,0,0,0,84
2026-02-25,ST033,MED013,11,11,0,0,0,6
2026-02-25,ST033,MED014,2,2,0,0,0,15
2026-02-25,ST033,MED015,19,19,0,0,0,25
2026-02-25,ST033,MED016,5,5,0,0,0,10
2026-02-25,ST033,MED017,10,0,10,0,0,0
2026-02-25,ST033,MED018,7,7,0,0,0,5
2026-02-25,ST033,MED019,4,1,3,0,0,0
2026-02-25,ST033,MED020,10,10,0,0,0,26
2026-02-25,ST033,MED021,9,9,0,0,0,29
2026-02-25,ST033,MED022,7,7,0,0,0,28
2026-02-25,ST033,MED023,13,7,6,0,0,0
2026-02-25,ST033,MED024,12,0,12,0,0,0
2026-02-25,ST033,MED025,8,8,0,48,0,40
2026-02-25,ST033,MED026,12,12,0,0,0,45
2026-02-25,ST033,MED027,13,13,0,0,0,59
2026-02-25,ST033,MED028,9,9,0,48,0,45
2026-02-25,ST033,MED029,10,10,0,0,0,34
2026-02-25,ST033,MED030,6,6,0,0,0,27
2026-02-25,ST034,MED001,12,12,0,0,0,21
2026-02-25,ST034,MED002,14,14,0,66,0,52
2026-02-25,ST034,MED003,3,0,3,0,0,0
2026-02-25,ST034,MED004,12,12,0,0,0,18
2026-02-25,ST034,MED005,16,12,4,0,0,0
2026-02-25,ST034,MED006,15,15,0,0,0,0
2026-02-25,ST034,MED007,4,4,0,0,0,15
2026-02-25,ST034,MED008,4,4,0,0,0,7
2026-02-25,ST034,MED009,13,13,0,0,0,17
2026-02-25,ST034,MED010,5,5,0,0,0,14
2026-02-25,ST034,MED011,13,13,0,0,0,14
2026-02-25,ST034,MED012,11,11,0,0,0,45
2026-02-25,ST034,MED013,10,10,0,0,0,18
2026-02-25,ST034,MED014,8,8,0,48,0,40
2026-02-25,ST034,MED015,12,12,0,72,0,69
2026-02-25,ST034,MED016,9,0,9,0,0,0
2026-02-25,ST034,MED017,17,17,0,72,0,55
2026-02-25,ST034,MED018,7,7,0,0,0,7
2026-02-25,ST034,MED019,4,4,0,0,0,15
2026-02-25,ST034,MED020,11,11,0,48,0,52
2026-02-25,ST034,MED021,17,17,0,66,0,60
2026-02-25,ST034,MED022,10,10,0,0,0,20
2026-02-25,ST034,MED023,14,0,14,0,0,0
2026-02-25,ST034,MED024,16,16,0,0,0,24
2026-02-25,ST034,MED025,6,6,0,0,0,22
2026-02-25,ST034,MED026,13,13,0,0,0,25
2026-02-25,ST034,MED027,17,17,0,0,0,20
2026-02-25,ST034,MED028,5,5,0,48,0,43
2026-02-25,ST034,MED029,11,11,0,0,0,27
2026-02-25,ST034,MED030,7,7,0,0,0,6
2026-02-25,ST035,MED001,7,7,0,0,0,38
2026-02-25,ST035,MED002,6,6,0,66,0,84
2026-02-25,ST035,MED003,4,4,0,0,0,6
2026-02-25,ST035,MED004,2,2,0,0,0,44
2026-02-25,ST035,MED005,4,4,0,0,0,82
2026-02-25,ST035,MED006,6,6,0,0,0,15
2026-02-25,ST035,MED007,1,1,0,0,0,26
2026-02-25,ST035,MED008,1,0,1,0,0,0
2026-02-25,ST035,MED009,8,8,0,0,0,21
2026-02-25,ST035,MED010,5,5,0,0,0,5
2026-02-25,ST035,MED011,9,9,0,0,0,32
2026-02-25,ST035,MED012,10,10,0,0,0,18
2026-02-25,ST035,MED013,7,7,0,0,0,1
2026-02-25,ST035,MED014,4,4,0,0,0,22
2026-02-25,ST035,MED015,8,8,0,0,0,23
2026-02-25,ST035,MED016,4,4,0,0,0,26
2026-02-25,ST035,MED017,7,7,0,0,0,27
2026-02-25,ST035,MED018,3,3,0,0,0,26
2026-02-25,ST035,MED019,0,0,0,24,0,32
2026-02-25,ST035,MED020,8,7,1,0,0,0
2026-02-25,ST035,MED021,10,10,0,0,0,61
2026-02-25,ST035,MED022,7,7,0,0,0,32
2026-02-25,ST035,MED023,3,3,0,0,0,53
2026-02-25,ST035,MED024,6,6,0,0,0,30
2026-02-25,ST035,MED025,3,3,0,0,0,41
2026-02-25,ST035,MED026,3,3,0,0,0,21
2026-02-25,ST035,MED027,6,6,0,84,0,78
2026-02-25,ST035,MED028,4,4,0,0,0,28
2026-02-25,ST035,MED029,3,3,0,0,0,58
2026-02-25,ST035,MED030,2,2,0,0,0,13
2026-02-25,ST036,MED001,10,10,0,0,0,74
2026-02-25,ST036,MED002,9,9,0,0,0,4
2026-02-25,ST036,MED003,4,4,0,0,0,12
2026-02-25,ST036,MED004,7,7,0,48,0,64
2026-02-25,ST036,MED005,10,10,0,0,0,66
2026-02-25,ST036,MED006,7,7,0,0,0,39
2026-02-25,ST036,MED007,8,8,0,0,0,4
2026-02-25,ST036,MED008,0,0,0,0,0,17
2026-02-25,ST036,MED009,10,10,0,60,0,69
2026-02-25,ST036,MED010,7,7,0,36,0,29
2026-02-25,ST036,MED011,11,11,0,66,0,72
2026-02-25,ST036,MED012,8,8,0,0,0,28
2026-02-25,ST036,MED013,5,5,0,0,0,8
2026-02-25,ST036,MED014,5,5,0,0,0,12
2026-02-25,ST036,MED015,11,11,0,0,0,34
2026-02-25,ST036,MED016,8,8,0,0,0,11
2026-02-25,ST036,MED017,11,11,0,0,0,52
2026-02-25,ST036,MED018,9,9,0,0,0,28
2026-02-25,ST036,MED019,3,3,0,0,0,9
2026-02-25,ST036,MED020,8,8,0,0,0,22
2026-02-25,ST036,MED021,7,7,0,0,0,57
2026-02-25,ST036,MED022,1,1,0,0,0,0
2026-02-25,ST036,MED023,20,0,20,0,0,0
2026-02-25,ST036,MED024,10,10,0,0,0,24
2026-02-25,ST036,MED025,2,2,0,36,0,34
2026-02-25,ST036,MED026,10,10,0,0,0,55
2026-02-25,ST036,MED027,12,12,0,72,0,72
2026-02-25,ST036,MED028,2,2,0,0,0,22
2026-02-25,ST036,MED029,7,7,0,0,0,11
2026-02-25,ST036,MED030,4,4,0,30,0,32
2026-02-25,ST037,MED001,8,8,0,0,0,59
2026-02-25,ST037,MED002,9,9,0,0,0,53
2026-02-25,ST037,MED003,7,7,0,0,0,13
2026-02-25,ST037,MED004,8,8,0,0,0,36
2026-02-25,ST037,MED005,9,9,0,0,0,40
2026-02-25,ST037,MED006,12,12,0,0,0,50
2026-02-25,ST037,MED007,0,0,0,24,0,28
2026-02-25,ST037,MED008,4,4,0,24,0,28
2026-02-25,ST037,MED009,9,9,0,0,0,34
2026-02-25,ST037,MED010,3,3,0,0,0,2
2026-02-25,ST037,MED011,10,0,10,0,0,0
2026-02-25,ST037,MED012,11,11,0,0,0,3
2026-02-25,ST037,MED013,6,6,0,0,0,17
2026-02-25,ST037,MED014,4,4,0,0,0,2
2026-02-25,ST037,MED015,8,8,0,72,0,91
2026-02-25,ST037,MED016,6,6,0,0,0,26
2026-02-25,ST037,MED017,9,9,0,0,0,25
2026-02-25,ST037,MED018,8,8,0,0,0,43
2026-02-25,ST037,MED019,7,1,6,0,0,0
2026-02-25,ST037,MED020,8,2,6,0,0,0
2026-02-25,ST037,MED021,9,9,0,0,0,38
2026-02-25,ST037,MED022,4,4,0,0,0,10
2026-02-25,ST037,MED023,5,5,0,0,0,20
2026-02-25,ST037,MED024,9,9,0,0,0,52
2026-02-25,ST037,MED025,7,7,0,0,0,17
2026-02-25,ST037,MED026,10,10,0,0,0,62
2026-02-25,ST037,MED027,15,10,5,0,0,0
2026-02-25,ST037,MED028,6,6,0,0,0,26
2026-02-25,ST037,MED029,12,12,0,0,0,29
2026-02-25,ST037,MED030,5,5,0,0,0,22
2026-02-25,ST038,MED001,13,13,0,0,0,50
2026-02-25,ST038,MED002,10,10,0,0,0,39
2026-02-25,ST038,MED003,3,3,0,24,0,28
2026-02-25,ST038,MED004,9,9,0,0,0,15
2026-02-25,ST038,MED005,13,13,0,0,0,39
2026-02-25,ST038,MED006,13,13,0,0,0,28
2026-02-25,ST038,MED007,1,0,1,0,0,0
2026-02-25,ST038,MED008,2,2,0,0,0,19
2026-02-25,ST038,MED009,7,7,0,0,0,13
2026-02-25,ST038,MED010,4,4,0,0,0,7
2026-02-25,ST038,MED011,12,12,0,0,0,52
2026-02-25,ST038,MED012,10,10,0,0,0,16
2026-02-25,ST038,MED013,9,9,0,0,0,33
2026-02-25,ST038,MED014,5,5,0,0,0,8
2026-02-25,ST038,MED015,13,13,0,72,0,78
2026-02-25,ST038,MED016,10,10,0,0,0,17
2026-02-25,ST038,MED017,12,12,0,72,0,66
2026-02-25,ST038,MED018,7,7,0,0,0,32
2026-02-25,ST038,MED019,3,3,0,0,0,18
2026-02-25,ST038,MED020,4,4,0,0,0,36
2026-02-25,ST038,MED021,9,9,0,60,0,51
2026-02-25,ST038,MED022,10,10,0,0,0,12
2026-02-25,ST038,MED023,12,12,0,0,0,56
2026-02-25,ST038,MED024,12,12,0,0,0,38
2026-02-25,ST038,MED025,4,4,0,0,0,23
2026-02-25,ST038,MED026,9,0,9,0,0,0
2026-02-25,ST038,MED027,14,14,0,84,0,71
2026-02-25,ST038,MED028,7,7,0,0,0,15
2026-02-25,ST038,MED029,14,14,0,0,0,63
2026-02-25,ST038,MED030,6,6,0,0,0,27
2026-02-25,ST039,MED001,12,12,0,0,0,54
2026-02-25,ST039,MED002,13,13,0,66,0,53
2026-02-25,ST039,MED003,5,5,0,24,0,19
2026-02-25,ST039,MED004,11,11,0,48,0,53
2026-02-25,ST039,MED005,10,0,10,0,0,0
2026-02-25,ST039,MED006,10,10,0,0,0,37
2026-02-25,ST039,MED007,2,2,0,0,0,15
2026-02-25,ST039,MED008,0,0,0,24,0,24
2026-02-25,ST039,MED009,14,14,0,0,0,24
2026-02-25,ST039,MED010,0,0,0,24,0,24
2026-02-25,ST039,MED011,16,9,7,0,0,0
2026-02-25,ST039,MED012,9,9,0,0,0,8
2026-02-25,ST039,MED013,7,7,0,0,0,20
2026-02-25,ST039,MED014,3,3,0,0,0,20
2026-02-25,ST039,MED015,14,14,0,0,0,59
2026-02-25,ST039,MED016,13,13,0,0,0,4
2026-02-25,ST039,MED017,17,17,0,0,0,42
2026-02-25,ST039,MED018,5,5,0,48,0,43
2026-02-25,ST039,MED019,5,5,0,0,0,4
2026-02-25,ST039,MED020,9,8,1,0,0,0
2026-02-25,ST039,MED021,12,12,0,0,0,3
2026-02-25,ST039,MED022,9,9,0,0,0,8
2026-02-25,ST039,MED023,12,1,11,0,0,0
2026-02-25,ST039,MED024,13,13,0,72,0,73
2026-02-25,ST039,MED025,9,0,9,0,0,0
2026-02-25,ST039,MED026,12,12,0,0,0,20
2026-02-25,ST039,MED027,11,11,0,0,0,41
2026-02-25,ST039,MED028,14,14,0,0,0,29
2026-02-25,ST039,MED029,11,11,0,0,0,15
2026-02-25,ST039,MED030,8,8,0,0,0,22
2026-02-25,ST040,MED001,13,13,0,0,0,9
2026-02-25,ST040,MED002,16,16,0,0,0,21
2026-02-25,ST040,MED003,5,5,0,24,0,22
2026-02-25,ST040,MED004,11,11,0,0,0,28
2026-02-25,ST040,MED005,14,14,0,0,0,2
2026-02-25,ST040,MED006,16,16,0,0,0,32
2026-02-25,ST040,MED007,3,3,0,0,0,25
2026-02-25,ST040,MED008,2,2,0,0,0,21
2026-02-25,ST040,MED009,7,7,0,0,0,35
2026-02-25,ST040,MED010,5,5,0,0,0,14
2026-02-25,ST040,MED011,12,12,0,0,0,8
2026-02-25,ST040,MED012,15,15,0,72,0,57
2026-02-25,ST040,MED013,14,7,7,0,0,0
2026-02-25,ST040,MED014,12,12,0,0,0,0
2026-02-25,ST040,MED015,16,12,4,0,0,0
2026-02-25,ST040,MED016,5,5,0,0,0,50
2026-02-25,ST040,MED017,13,13,0,0,0,6
2026-02-25,ST040,MED018,8,8,0,0,0,8
2026-02-25,ST040,MED019,1,1,0,0,0,14
2026-02-25,ST040,MED020,5,5,0,0,0,5
2026-02-25,ST040,MED021,12,12,0,0,0,21
2026-02-25,ST040,MED022,10,10,0,0,0,29
2026-02-25,ST040,MED023,13,13,0,72,0,59
2026-02-25,ST040,MED024,17,17,0,0,0,53
2026-02-25,ST040,MED025,5,5,0,0,0,35
2026-02-25,ST040,MED026,14,14,0,0,0,56
2026-02-25,ST040,MED027,16,16,0,72,0,56
2026-02-25,ST040,MED028,7,7,0,0,0,39
2026-02-25,ST040,MED029,12,12,0,0,0,11
2026-02-25,ST040,MED030,1,1,0,0,0,40
2026-02-26,ST001,MED001,9,9,0,0,0,16
2026-02-26,ST001,MED002,13,13,0,66,0,53
2026-02-26,ST001,MED003,3,3,0,0,0,7
2026-02-26,ST001,MED004,5,5,0,0,0,15
2026-02-26,ST001,MED005,10,10,0,0,0,53
2026-02-26,ST001,MED006,4,4,0,0,0,32
2026-02-26,ST001,MED007,4,4,0,0,0,13
2026-02-26,ST001,MED008,1,1,0,0,0,19
2026-02-26,ST001,MED009,9,9,0,0,0,54
2026-02-26,ST001,MED010,3,3,0,0,0,10
2026-02-26,ST001,MED011,13,13,0,0,0,42
2026-02-26,ST001,MED012,7,7,0,0,0,44
2026-02-26,ST001,MED013,4,4,0,0,0,49
2026-02-26,ST001,MED014,4,4,0,0,0,19
2026-02-26,ST001,MED015,8,8,0,0,0,78
2026-02-26,ST001,MED016,10,10,0,0,0,28
2026-02-26,ST001,MED017,9,9,0,0,0,65
2026-02-26,ST001,MED018,6,0,6,0,0,0
2026-02-26,ST001,MED019,6,6,0,0,0,0
2026-02-26,ST001,MED020,6,6,0,0,0,39
2026-02-26,ST001,MED021,9,9,0,0,0,54
2026-02-26,ST001,MED022,8,8,0,0,0,7
2026-02-26,ST001,MED023,7,7,0,0,0,30
2026-02-26,ST001,MED024,10,8,2,0,0,0
2026-02-26,ST001,MED025,5,5,0,0,0,30
2026-02-26,ST001,MED026,9,9,0,0,0,11
2026-02-26,ST001,MED027,6,6,0,0,0,46
2026-02-26,ST001,MED028,4,4,0,0,0,9
2026-02-26,ST001,MED029,5,5,0,0,0,40
2026-02-26,ST001,MED030,8,8,0,0,0,18
2026-02-26,ST002,MED001,8,8,0,0,0,48
2026-02-26,ST002,MED002,7,0,7,0,0,0
2026-02-26,ST002,MED003,6,6,0,0,0,4
2026-02-26,ST002,MED004,8,8,0,0,0,51
2026-02-26,ST002,MED005,11,11,0,0,0,44
2026-02-26,ST002,MED006,9,9,0,0,0,45
2026-02-26,ST002,MED007,3,3,0,0,0,5
2026-02-26,ST002,MED008,4,4,0,0,0,20
2026-02-26,ST002,MED009,10,10,0,0,0,21
2026-02-26,ST002,MED010,3,3,0,36,0,34
2026-02-26,ST002,MED011,10,10,0,0,0,45
2026-02-26,ST002,MED012,11,11,0,0,0,18
2026-02-26,ST002,MED013,5,5,0,0,0,37
2026-02-26,ST002,MED014,3,3,0,0,0,40
2026-02-26,ST002,MED015,8,8,0,72,0,64
2026-02-26,ST002,MED016,11,11,0,0,0,29
2026-02-26,ST002,MED017,13,13,0,0,0,41
2026-02-26,ST002,MED018,5,5,0,0,0,28
2026-02-26,ST002,MED019,1,1,0,0,0,2
2026-02-26,ST002,MED020,9,9,0,0,0,4
2026-02-26,ST002,MED021,12,12,0,0,0,33
2026-02-26,ST002,MED022,9,9,0,0,0,10
2026-02-26,ST002,MED023,9,9,0,0,0,33
2026-02-26,ST002,MED024,11,11,0,0,0,59
2026-02-26,ST002,MED025,3,3,0,0,0,20
2026-02-26,ST002,MED026,11,11,0,0,0,53
2026-02-26,ST002,MED027,10,10,0,0,0,40
2026-02-26,ST002,MED028,9,9,0,0,0,9
2026-02-26,ST002,MED029,9,9,0,0,0,27
2026-02-26,ST002,MED030,5,5,0,0,0,32
2026-02-26,ST003,MED001,12,12,0,0,0,17
2026-02-26,ST003,MED002,13,13,0,0,0,11
2026-02-26,ST003,MED003,1,1,0,0,0,12
2026-02-26,ST003,MED004,7,7,0,0,0,22
2026-02-26,ST003,MED005,12,12,0,0,0,68
2026-02-26,ST003,MED006,9,9,0,0,0,42
2026-02-26,ST003,MED007,10,10,0,0,0,11
2026-02-26,ST003,MED008,7,7,0,0,0,5
2026-02-26,ST003,MED009,11,11,0,0,0,58
2026-02-26,ST003,MED010,3,3,0,0,0,4
2026-02-26,ST003,MED011,13,11,2,0,0,0
2026-02-26,ST003,MED012,13,13,0,60,0,48
2026-02-26,ST003,MED013,7,7,0,0,0,31
2026-02-26,ST003,MED014,6,6,0,0,0,43
2026-02-26,ST003,MED015,13,13,0,0,0,16
2026-02-26,ST003,MED016,5,5,0,0,0,25
2026-02-26,ST003,MED017,10,10,0,72,0,62
2026-02-26,ST003,MED018,6,6,0,0,0,18
2026-02-26,ST003,MED019,4,4,0,0,0,18
2026-02-26,ST003,MED020,10,10,0,0,0,49
2026-02-26,ST003,MED021,10,10,0,0,0,23
2026-02-26,ST003,MED022,7,7,0,0,0,26
2026-02-26,ST003,MED023,14,9,5,0,0,0
2026-02-26,ST003,MED024,23,23,0,0,0,40
2026-02-26,ST003,MED025,7,0,7,0,0,0
2026-02-26,ST003,MED026,8,8,0,0,0,25
2026-02-26,ST003,MED027,11,11,0,0,0,28
2026-02-26,ST003,MED028,3,3,0,0,0,43
2026-02-26,ST003,MED029,11,0,11,0,0,0
2026-02-26,ST003,MED030,2,2,0,0,0,25
2026-02-26,ST004,MED001,11,11,0,0,0,21
2026-02-26,ST004,MED002,14,14,0,0,0,51
2026-02-26,ST004,MED003,1,1,0,0,0,9
2026-02-26,ST004,MED004,11,11,0,48,0,37
2026-02-26,ST004,MED005,14,14,0,0,0,34
2026-02-26,ST004,MED006,12,12,0,0,0,2
2026-02-26,ST004,MED007,2,2,0,0,0,15
2026-02-26,ST004,MED008,4,4,0,24,0,20
2026-02-26,ST004,MED009,10,10,0,0,0,41
2026-02-26,ST004,MED010,7,7,0,0,0,9
2026-02-26,ST004,MED011,11,11,0,0,0,23
2026-02-26,ST004,MED012,12,12,0,0,0,17
2026-02-26,ST004,MED013,8,8,0,0,0,32
2026-02-26,ST004,MED014,8,8,0,0,0,25
2026-02-26,ST004,MED015,12,12,0,0,0,24
2026-02-26,ST004,MED016,11,11,0,0,0,18
2026-02-26,ST004,MED017,15,15,0,0,0,32
2026-02-26,ST004,MED018,5,5,0,0,0,15
2026-02-26,ST004,MED019,5,5,0,0,0,7
2026-02-26,ST004,MED020,5,5,0,48,0,55
2026-02-26,ST004,MED021,15,15,0,0,0,15
2026-02-26,ST004,MED022,8,8,0,42,0,54
2026-02-26,ST004,MED023,16,16,0,0,0,55
2026-02-26,ST004,MED024,13,13,0,72,0,59
2026-02-26,ST004,MED025,5,5,0,0,0,29
2026-02-26,ST004,MED026,11,11,0,0,0,58
2026-02-26,ST004,MED027,25,25,0,0,0,22
2026-02-26,ST004,MED028,5,5,0,0,0,39
2026-02-26,ST004,MED029,18,18,0,0,0,42
2026-02-26,ST004,MED030,8,8,0,0,0,21
2026-02-26,ST005,MED001,14,14,0,0,0,28
2026-02-26,ST005,MED002,12,12,0,0,0,15
2026-02-26,ST005,MED003,2,2,0,0,0,23
2026-02-26,ST005,MED004,7,7,0,60,0,53
2026-02-26,ST005,MED005,15,15,0,0,0,31
2026-02-26,ST005,MED006,12,12,0,0,0,35
2026-02-26,ST005,MED007,3,3,0,24,0,21
2026-02-26,ST005,MED008,1,1,0,0,0,21
2026-02-26,ST005,MED009,13,13,0,0,0,21
2026-02-26,ST005,MED010,7,4,3,0,0,0
2026-02-26,ST005,MED011,14,14,0,66,0,59
2026-02-26,ST005,MED012,12,12,0,60,0,48
2026-02-26,ST005,MED013,6,6,0,0,0,6
2026-02-26,ST005,MED014,3,3,0,0,0,44
2026-02-26,ST005,MED015,13,13,0,0,0,34
2026-02-26,ST005,MED016,6,6,0,0,0,13
2026-02-26,ST005,MED017,13,13,0,0,0,32
2026-02-26,ST005,MED018,3,3,0,0,0,37
2026-02-26,ST005,MED019,5,5,0,0,0,9
2026-02-26,ST005,MED020,13,13,0,0,0,24
2026-02-26,ST005,MED021,9,9,0,0,0,3
2026-02-26,ST005,MED022,8,8,0,0,0,38
2026-02-26,ST005,MED023,12,12,0,0,0,55
2026-02-26,ST005,MED024,13,13,0,0,0,53
2026-02-26,ST005,MED025,7,7,0,0,0,31
2026-02-26,ST005,MED026,15,15,0,0,0,16
2026-02-26,ST005,MED027,13,13,0,72,0,59
2026-02-26,ST005,MED028,6,6,0,0,0,30
2026-02-26,ST005,MED029,9,9,0,0,0,26
2026-02-26,ST005,MED030,4,4,0,0,0,14
2026-02-26,ST006,MED001,12,12,0,0,0,31
2026-02-26,ST006,MED002,15,15,0,0,0,24
2026-02-26,ST006,MED003,5,5,0,0,0,12
2026-02-26,ST006,MED004,11,11,0,0,0,18
2026-02-26,ST006,MED005,12,12,0,0,0,3
2026-02-26,ST006,MED006,15,15,0,0,0,8
2026-02-26,ST006,MED007,4,4,0,0,0,16
2026-02-26,ST006,MED008,4,4,0,0,0,13
2026-02-26,ST006,MED009,15,0,15,0,0,0
2026-02-26,ST006,MED010,4,0,4,0,0,0
2026-02-26,ST006,MED011,14,14,0,78,0,64
2026-02-26,ST006,MED012,14,14,0,0,0,31
2026-02-26,ST006,MED013,7,7,0,0,0,23
2026-02-26,ST006,MED014,7,7,0,0,0,21
2026-02-26,ST006,MED015,15,15,0,72,0,60
2026-02-26,ST006,MED016,14,14,0,0,0,19
2026-02-26,ST006,MED017,14,0,14,0,0,0
2026-02-26,ST006,MED018,9,0,9,0,0,0
2026-02-26,ST006,MED019,5,4,1,0,0,0
2026-02-26,ST006,MED020,11,11,0,0,0,22
2026-02-26,ST006,MED021,13,13,0,0,0,52
2026-02-26,ST006,MED022,9,0,9,0,0,0
2026-02-26,ST006,MED023,16,16,0,0,0,51
2026-02-26,ST006,MED024,14,14,0,0,0,33
2026-02-26,ST006,MED025,8,8,0,0,0,34
2026-02-26,ST006,MED026,12,12,0,0,0,69
2026-02-26,ST006,MED027,18,0,18,0,0,0
2026-02-26,ST006,MED028,8,8,0,0,0,25
2026-02-26,ST006,MED029,10,10,0,72,0,62
2026-02-26,ST006,MED030,5,5,0,30,0,37
2026-02-26,ST007,MED001,9,9,0,0,0,24
2026-02-26,ST007,MED002,10,10,0,0,0,24
2026-02-26,ST007,MED003,0,0,0,0,0,20
2026-02-26,ST007,MED004,8,8,0,48,0,58
2026-02-26,ST007,MED005,9,9,0,72,0,63
2026-02-26,ST007,MED006,7,7,0,0,0,27
2026-02-26,ST007,MED007,3,3,0,24,0,32
2026-02-26,ST007,MED008,0,0,0,0,0,9
2026-02-26,ST007,MED009,9,9,0,0,0,60
2026-02-26,ST007,MED010,5,5,0,36,0,34
2026-02-26,ST007,MED011,6,6,0,0,0,0
2026-02-26,ST007,MED012,10,10,0,60,0,65
2026-02-26,ST007,MED013,1,1,0,0,0,47
2026-02-26,ST007,MED014,3,0,3,0,0,0
2026-02-26,ST007,MED015,10,10,0,0,0,39
2026-02-26,ST007,MED016,3,3,0,0,0,12
2026-02-26,ST007,MED017,9,9,0,0,0,0
2026-02-26,ST007,MED018,4,4,0,0,0,33
2026-02-26,ST007,MED019,3,3,0,0,0,19
2026-02-26,ST007,MED020,6,6,0,48,0,55
2026-02-26,ST007,MED021,10,10,0,0,0,65
2026-02-26,ST007,MED022,7,7,0,0,0,40
2026-02-26,ST007,MED023,6,6,0,0,0,43
2026-02-26,ST007,MED024,9,9,0,0,0,51
2026-02-26,ST007,MED025,4,4,0,36,0,36
2026-02-26,ST007,MED026,8,8,0,0,0,3
2026-02-26,ST007,MED027,6,6,0,72,0,66
2026-02-26,ST007,MED028,5,5,0,0,0,25
2026-02-26,ST007,MED029,8,8,0,0,0,7
2026-02-26,ST007,MED030,6,6,0,0,0,19
2026-02-26,ST008,MED001,12,12,0,0,0,68
2026-02-26,ST008,MED002,13,13,0,0,0,58
2026-02-26,ST008,MED003,0,0,0,0,0,14
2026-02-26,ST008,MED004,8,8,0,0,0,57
2026-02-26,ST008,MED005,9,9,0,0,0,73
2026-02-26,ST008,MED006,8,8,0,0,0,31
2026-02-26,ST008,MED007,2,2,0,0,0,21
2026-02-26,ST008,MED008,2,2,0,0,0,12
2026-02-26,ST008,MED009,9,9,0,0,0,31
2026-02-26,ST008,MED010,6,6,0,0,0,9
2026-02-26,ST008,MED011,8,8,0,0,0,46
2026-02-26,ST008,MED012,10,10,0,60,0,57
2026-02-26,ST008,MED013,4,4,0,0,0,27
2026-02-26,ST008,MED014,9,5,4,0,0,0
2026-02-26,ST008,MED015,9,9,0,0,0,45
2026-02-26,ST008,MED016,2,2,0,0,0,51
2026-02-26,ST008,MED017,9,9,0,0,0,39
2026-02-26,ST008,MED018,1,1,0,0,0,44
2026-02-26,ST008,MED019,1,1,0,0,0,20
2026-02-26,ST008,MED020,7,7,0,0,0,25
2026-02-26,ST008,MED021,7,7,0,0,0,37
2026-02-26,ST008,MED022,10,10,0,42,0,32
2026-02-26,ST008,MED023,10,10,0,60,0,78
2026-02-26,ST008,MED024,12,12,0,0,0,64
2026-02-26,ST008,MED025,1,1,0,0,0,29
2026-02-26,ST008,MED026,18,18,0,0,0,29
2026-02-26,ST008,MED027,9,9,0,0,0,77
2026-02-26,ST008,MED028,5,5,0,0,0,39
2026-02-26,ST008,MED029,8,8,0,0,0,32
2026-02-26,ST008,MED030,6,1,5,0,0,0
2026-02-26,ST009,MED001,10,10,0,0,0,37
2026-02-26,ST009,MED002,9,9,0,0,0,48
2026-02-26,ST009,MED003,2,2,0,0,0,25
2026-02-26,ST009,MED004,6,6,0,0,0,1
2026-02-26,ST009,MED005,9,9,0,0,0,2
2026-02-26,ST009,MED006,9,9,0,0,0,45
2026-02-26,ST009,MED007,3,3,0,0,0,12
2026-02-26,ST009,MED008,1,1,0,0,0,18
2026-02-26,ST009,MED009,8,8,0,0,0,43
2026-02-26,ST009,MED010,5,5,0,0,0,24
2026-02-26,ST009,MED011,8,2,6,0,0,0
2026-02-26,ST009,MED012,11,11,0,72,0,61
2026-02-26,ST009,MED013,7,7,0,0,0,37
2026-02-26,ST009,MED014,3,3,0,48,0,57
2026-02-26,ST009,MED015,10,0,10,0,0,0
2026-02-26,ST009,MED016,7,7,0,0,0,9
2026-02-26,ST009,MED017,14,14,0,0,0,25
2026-02-26,ST009,MED018,2,2,0,0,0,30
2026-02-26,ST009,MED019,1,0,1,0,0,0
2026-02-26,ST009,MED020,4,4,0,0,0,41
2026-02-26,ST009,MED021,8,8,0,0,0,24
2026-02-26,ST009,MED022,7,7,0,0,0,10
2026-02-26,ST009,MED023,13,13,0,72,0,59
2026-02-26,ST009,MED024,8,8,0,0,0,47
2026-02-26,ST009,MED025,5,5,0,0,0,12
2026-02-26,ST009,MED026,14,14,0,0,0,4
2026-02-26,ST009,MED027,12,12,0,72,0,60
2026-02-26,ST009,MED028,10,5,5,0,0,0
2026-02-26,ST009,MED029,11,11,0,0,0,30
2026-02-26,ST009,MED030,5,5,0,30,0,43
2026-02-26,ST010,MED001,12,12,0,0,0,28
2026-02-26,ST010,MED002,12,12,0,0,0,15
2026-02-26,ST010,MED003,4,4,0,0,0,20
2026-02-26,ST010,MED004,11,11,0,48,0,37
2026-02-26,ST010,MED005,11,9,2,0,0,0
2026-02-26,ST010,MED006,13,13,0,0,0,36
2026-02-26,ST010,MED007,9,9,0,24,0,15
2026-02-26,ST010,MED008,7,2,5,0,0,0
2026-02-26,ST010,MED009,11,11,0,0,0,27
2026-02-26,ST010,MED010,3,3,0,0,0,15
2026-02-26,ST010,MED011,13,13,0,0,0,31
2026-02-26,ST010,MED012,11,11,0,0,0,37
2026-02-26,ST010,MED013,6,6,0,0,0,23
2026-02-26,ST010,MED014,5,5,0,0,0,44
2026-02-26,ST010,MED015,15,15,0,0,0,26
2026-02-26,ST010,MED016,8,8,0,0,0,12
2026-02-26,ST010,MED017,11,11,0,0,0,37
2026-02-26,ST010,MED018,4,4,0,0,0,12
2026-02-26,ST010,MED019,0,0,0,0,0,14
2026-02-26,ST010,MED020,5,5,0,48,0,51
2026-02-26,ST010,MED021,11,11,0,0,0,15
2026-02-26,ST010,MED022,10,0,10,0,0,0
2026-02-26,ST010,MED023,8,8,0,0,0,46
2026-02-26,ST010,MED024,9,9,0,0,0,60
2026-02-26,ST010,MED025,7,7,0,0,0,16
2026-02-26,ST010,MED026,12,12,0,0,0,46
2026-02-26,ST010,MED027,10,10,0,0,0,51
2026-02-26,ST010,MED028,6,6,0,0,0,6
2026-02-26,ST010,MED029,6,6,0,0,0,56
2026-02-26,ST010,MED030,6,6,0,0,0,31
2026-02-26,ST011,MED001,13,13,0,72,0,59
2026-02-26,ST011,MED002,11,11,0,0,0,54
2026-02-26,ST011,MED003,2,0,2,0,0,0
2026-02-26,ST011,MED004,10,10,0,0,0,9
2026-02-26,ST011,MED005,14,14,0,0,0,38
2026-02-26,ST011,MED006,9,9,0,0,0,76
2026-02-26,ST011,MED007,0,0,0,24,0,24
2026-02-26,ST011,MED008,1,1,0,0,0,4
2026-02-26,ST011,MED009,14,14,0,0,0,7
2026-02-26,ST011,MED010,12,4,8,0,0,0
2026-02-26,ST011,MED011,10,0,10,0,0,0
2026-02-26,ST011,MED012,11,11,0,72,0,61
2026-02-26,ST011,MED013,4,4,0,0,0,37
2026-02-26,ST011,MED014,7,7,0,0,0,8
2026-02-26,ST011,MED015,17,17,0,0,0,12
2026-02-26,ST011,MED016,6,3,3,0,0,0
2026-02-26,ST011,MED017,16,16,0,0,0,14
2026-02-26,ST011,MED018,8,8,0,0,0,32
2026-02-26,ST011,MED019,0,0,0,0,0,14
2026-02-26,ST011,MED020,7,7,0,0,0,45
2026-02-26,ST011,MED021,12,12,0,0,0,19
2026-02-26,ST011,MED022,10,10,0,0,0,26
2026-02-26,ST011,MED023,15,15,0,0,0,35
2026-02-26,ST011,MED024,13,13,0,0,0,1
2026-02-26,ST011,MED025,8,4,4,0,0,0
2026-02-26,ST011,MED026,12,12,0,0,0,26
2026-02-26,ST011,MED027,16,16,0,0,0,44
2026-02-26,ST011,MED028,10,10,0,0,0,39
2026-02-26,ST011,MED029,5,5,0,0,0,57
2026-02-26,ST011,MED030,7,7,0,0,0,17
2026-02-26,ST012,MED001,14,0,14,0,0,0
2026-02-26,ST012,MED002,14,14,0,0,0,42
2026-02-26,ST012,MED003,6,6,0,0,0,14
2026-02-26,ST012,MED004,11,6,5,0,0,0
2026-02-26,ST012,MED005,14,14,0,0,0,44
2026-02-26,ST012,MED006,11,11,0,0,0,45
2026-02-26,ST012,MED007,2,2,0,0,0,1
2026-02-26,ST012,MED008,4,4,0,0,0,3
2026-02-26,ST012,MED009,13,13,0,0,0,24
2026-02-26,ST012,MED010,5,5,0,0,0,15
2026-02-26,ST012,MED011,9,9,0,0,0,23
2026-02-26,ST012,MED012,12,0,12,0,0,0
2026-02-26,ST012,MED013,5,5,0,0,0,33
2026-02-26,ST012,MED014,6,6,0,0,0,46
2026-02-26,ST012,MED015,14,14,0,72,0,68
2026-02-26,ST012,MED016,11,11,0,0,0,4
2026-02-26,ST012,MED017,11,11,0,0,0,4
2026-02-26,ST012,MED018,8,1,7,0,0,0
2026-02-26,ST012,MED019,2,2,0,24,0,22
2026-02-26,ST012,MED020,7,0,7,0,0,0
2026-02-26,ST012,MED021,14,10,4,0,0,0
2026-02-26,ST012,MED022,4,4,0,0,0,18
2026-02-26,ST012,MED023,12,12,0,0,0,17
2026-02-26,ST012,MED024,13,13,0,0,0,47
2026-02-26,ST012,MED025,6,6,0,36,0,30
2026-02-26,ST012,MED026,15,12,3,0,0,0
2026-02-26,ST012,MED027,17,17,0,72,0,55
2026-02-26,ST012,MED028,6,6,0,0,0,16
2026-02-26,ST012,MED029,15,15,0,0,0,28
2026-02-26,ST012,MED030,6,6,0,0,0,23
2026-02-26,ST013,MED001,16,16,0,72,0,84
2026-02-26,ST013,MED002,11,11,0,0,0,38
2026-02-26,ST013,MED003,7,0,7,0,0,0
2026-02-26,ST013,MED004,12,12,0,0,0,6
2026-02-26,ST013,MED005,15,15,0,60,0,67
2026-02-26,ST013,MED006,13,13,0,0,0,44
2026-02-26,ST013,MED007,5,5,0,0,0,17
2026-02-26,ST013,MED008,5,5,0,0,0,18
2026-02-26,ST013,MED009,11,10,1,0,0,0
2026-02-26,ST013,MED010,8,8,0,0,0,1
2026-02-26,ST013,MED011,11,11,0,0,0,39
2026-02-26,ST013,MED012,13,13,0,0,0,5
2026-02-26,ST013,MED013,8,8,0,0,0,53
2026-02-26,ST013,MED014,6,0,6,0,0,0
2026-02-26,ST013,MED015,13,13,0,0,0,16
2026-02-26,ST013,MED016,13,7,6,0,0,0
2026-02-26,ST013,MED017,14,14,0,0,0,45
2026-02-26,ST013,MED018,8,8,0,48,0,43
2026-02-26,ST013,MED019,1,1,0,0,0,16
2026-02-26,ST013,MED020,11,11,0,0,0,7
2026-02-26,ST013,MED021,10,5,5,0,0,0
2026-02-26,ST013,MED022,6,6,0,0,0,27
2026-02-26,ST013,MED023,17,17,0,60,0,47
2026-02-26,ST013,MED024,11,11,0,0,0,17
2026-02-26,ST013,MED025,8,8,0,0,0,13
2026-02-26,ST013,MED026,16,16,0,0,0,42
2026-02-26,ST013,MED027,15,15,0,0,0,56
2026-02-26,ST013,MED028,9,9,0,0,0,31
2026-02-26,ST013,MED029,11,11,0,0,0,24
2026-02-26,ST013,MED030,7,7,0,0,0,9
2026-02-26,ST014,MED001,6,6,0,72,0,82
2026-02-26,ST014,MED002,7,7,0,0,0,40
2026-02-26,ST014,MED003,0,0,0,0,0,12
2026-02-26,ST014,MED004,5,5,0,0,0,45
2026-02-26,ST014,MED005,10,10,0,0,0,39
2026-02-26,ST014,MED006,11,11,0,60,0,71
2026-02-26,ST014,MED007,2,2,0,0,0,2
2026-02-26,ST014,MED008,3,3,0,0,0,22
2026-02-26,ST014,MED009,6,6,0,0,0,12
2026-02-26,ST014,MED010,4,4,0,24,0,20
2026-02-26,ST014,MED011,8,8,0,0,0,68
2026-02-26,ST014,MED012,7,7,0,0,0,57
2026-02-26,ST014,MED013,3,3,0,0,0,42
2026-02-26,ST014,MED014,4,4,0,0,0,10
2026-02-26,ST014,MED015,11,0,11,0,0,0
2026-02-26,ST014,MED016,4,4,0,0,0,36
2026-02-26,ST014,MED017,6,6,0,60,0,81
2026-02-26,ST014,MED018,2,2,0,0,0,11
2026-02-26,ST014,MED019,3,3,0,0,0,9
2026-02-26,ST014,MED020,4,4,0,0,0,15
2026-02-26,ST014,MED021,7,7,0,0,0,36
2026-02-26,ST014,MED022,6,6,0,0,0,39
2026-02-26,ST014,MED023,10,10,0,0,0,83
2026-02-26,ST014,MED024,7,7,0,72,0,66
2026-02-26,ST014,MED025,4,4,0,0,0,21
2026-02-26,ST014,MED026,7,7,0,0,0,71
2026-02-26,ST014,MED027,10,10,0,0,0,58
2026-02-26,ST014,MED028,4,4,0,0,0,49
2026-02-26,ST014,MED029,8,8,0,0,0,11
2026-02-26,ST014,MED030,6,6,0,0,0,19
2026-02-26,ST015,MED001,10,10,0,0,0,33
2026-02-26,ST015,MED002,7,7,0,0,0,22
2026-02-26,ST015,MED003,0,0,0,0,0,12
2026-02-26,ST015,MED004,8,8,0,0,0,12
2026-02-26,ST015,MED005,8,8,0,0,0,32
2026-02-26,ST015,MED006,8,8,0,0,0,27
2026-02-26,ST015,MED007,5,5,0,0,0,0
2026-02-26,ST015,MED008,0,0,0,0,0,24
2026-02-26,ST015,MED009,8,8,0,0,0,72
2026-02-26,ST015,MED010,2,2,0,0,0,10
2026-02-26,ST015,MED011,7,7,0,60,0,57
2026-02-26,ST015,MED012,10,10,0,0,0,46
2026-02-26,ST015,MED013,4,4,0,0,0,31
2026-02-26,ST015,MED014,3,3,0,0,0,29
2026-02-26,ST015,MED015,11,11,0,0,0,25
2026-02-26,ST015,MED016,6,6,0,0,0,5
2026-02-26,ST015,MED017,10,10,0,0,0,7
2026-02-26,ST015,MED018,10,10,0,48,0,49
2026-02-26,ST015,MED019,4,4,0,24,0,28
2026-02-26,ST015,MED020,8,8,0,0,0,15
2026-02-26,ST015,MED021,9,9,0,0,0,40
2026-02-26,ST015,MED022,6,6,0,0,0,16
2026-02-26,ST015,MED023,10,10,0,0,0,73
2026-02-26,ST015,MED024,11,9,2,0,0,0
2026-02-26,ST015,MED025,7,7,0,0,0,27
2026-02-26,ST015,MED026,11,11,0,0,0,15
2026-02-26,ST015,MED027,14,12,2,0,0,0
2026-02-26,ST015,MED028,3,3,0,0,0,27
2026-02-26,ST015,MED029,10,10,0,0,0,17
2026-02-26,ST015,MED030,5,5,0,30,0,31
2026-02-26,ST016,MED001,5,5,0,0,0,32
2026-02-26,ST016,MED002,12,12,0,0,0,36
2026-02-26,ST016,MED003,4,4,0,0,0,19
2026-02-26,ST016,MED004,8,1,7,0,0,0
2026-02-26,ST016,MED005,8,8,0,0,0,30
2026-02-26,ST016,MED006,6,6,0,0,0,29
2026-02-26,ST016,MED007,1,1,0,0,0,8
2026-02-26,ST016,MED008,3,3,0,24,0,21
2026-02-26,ST016,MED009,9,9,0,0,0,29
2026-02-26,ST016,MED010,0,0,0,0,0,20
2026-02-26,ST016,MED011,12,12,0,0,0,53
2026-02-26,ST016,MED012,11,11,0,0,0,49
2026-02-26,ST016,MED013,4,4,0,0,0,44
2026-02-26,ST016,MED014,1,1,0,0,0,12
2026-02-26,ST016,MED015,16,16,0,72,0,56
2026-02-26,ST016,MED016,12,12,0,0,0,22
2026-02-26,ST016,MED017,8,8,0,0,0,38
2026-02-26,ST016,MED018,3,3,0,0,0,21
2026-02-26,ST016,MED019,5,5,0,0,0,24
2026-02-26,ST016,MED020,4,0,4,0,0,0
2026-02-26,ST016,MED021,7,7,0,0,0,35
2026-02-26,ST016,MED022,2,2,0,42,0,57
2026-02-26,ST016,MED023,6,6,0,0,0,41
2026-02-26,ST016,MED024,10,10,0,0,0,14
2026-02-26,ST016,MED025,7,7,0,0,0,10
2026-02-26,ST016,MED026,11,11,0,0,0,58
2026-02-26,ST016,MED027,13,13,0,0,0,34
2026-02-26,ST016,MED028,3,0,3,0,0,0
2026-02-26,ST016,MED029,9,9,0,0,0,2
2026-02-26,ST016,MED030,5,5,0,0,0,5
2026-02-26,ST017,MED001,15,15,0,0,0,18
2026-02-26,ST017,MED002,13,13,0,0,0,65
2026-02-26,ST017,MED003,5,5,0,0,0,0
2026-02-26,ST017,MED004,8,1,7,0,0,0
2026-02-26,ST017,MED005,11,8,3,0,0,0
2026-02-26,ST017,MED006,11,11,0,0,0,48
2026-02-26,ST017,MED007,5,5,0,0,0,9
2026-02-26,ST017,MED008,1,1,0,0,0,22
2026-02-26,ST017,MED009,6,0,6,0,0,0
2026-02-26,ST017,MED010,7,7,0,24,0,17
2026-02-26,ST017,MED011,11,11,0,0,0,49
2026-02-26,ST017,MED012,13,13,0,0,0,38
2026-02-26,ST017,MED013,4,4,0,0,0,13
2026-02-26,ST017,MED014,6,6,0,0,0,52
2026-02-26,ST017,MED015,10,10,0,0,0,72
2026-02-26,ST017,MED016,9,9,0,0,0,31
2026-02-26,ST017,MED017,13,13,0,72,0,61
2026-02-26,ST017,MED018,10,10,0,0,0,15
2026-02-26,ST017,MED019,3,0,3,0,0,0
2026-02-26,ST017,MED020,10,10,0,0,0,14
2026-02-26,ST017,MED021,10,10,0,60,0,51
2026-02-26,ST017,MED022,6,6,0,0,0,37
2026-02-26,ST017,MED023,9,9,0,0,0,71
2026-02-26,ST017,MED024,19,19,0,0,0,54
2026-02-26,ST017,MED025,7,7,0,0,0,38
2026-02-26,ST017,MED026,10,10,0,0,0,5
2026-02-26,ST017,MED027,13,13,0,0,0,75
2026-02-26,ST017,MED028,7,7,0,0,0,20
2026-02-26,ST017,MED029,8,8,0,0,0,24
2026-02-26,ST017,MED030,5,0,5,0,0,0
2026-02-26,ST018,MED001,14,0,14,0,0,0
2026-02-26,ST018,MED002,11,11,0,0,0,30
2026-02-26,ST018,MED003,4,4,0,0,0,13
2026-02-26,ST018,MED004,11,11,0,0,0,31
2026-02-26,ST018,MED005,12,12,0,60,0,66
2026-02-26,ST018,MED006,12,12,0,0,0,37
2026-02-26,ST018,MED007,3,3,0,0,0,9
2026-02-26,ST018,MED008,3,3,0,0,0,14
2026-02-26,ST018,MED009,14,14,0,0,0,19
2026-02-26,ST018,MED010,8,8,0,36,0,28
2026-02-26,ST018,MED011,12,12,0,0,0,3
2026-02-26,ST018,MED012,9,9,0,0,0,13
2026-02-26,ST018,MED013,6,6,0,0,0,10
2026-02-26,ST018,MED014,8,8,0,0,0,39
2026-02-26,ST018,MED015,10,0,10,0,0,0
2026-02-26,ST018,MED016,8,8,0,48,0,41
2026-02-26,ST018,MED017,14,14,0,0,0,32
2026-02-26,ST018,MED018,11,11,0,0,0,20
2026-02-26,ST018,MED019,1,1,0,0,0,18
2026-02-26,ST018,MED020,11,11,0,0,0,16
2026-02-26,ST018,MED021,14,14,0,0,0,33
2026-02-26,ST018,MED022,9,9,0,0,0,17
2026-02-26,ST018,MED023,15,15,0,0,0,64
2026-02-26,ST018,MED024,9,9,0,0,0,46
2026-02-26,ST018,MED025,10,10,0,0,0,3
2026-02-26,ST018,MED026,14,0,14,0,0,0
2026-02-26,ST018,MED027,14,14,0,0,0,16
2026-02-26,ST018,MED028,6,6,0,0,0,35
2026-02-26,ST018,MED029,11,11,0,72,0,62
2026-02-26,ST018,MED030,5,5,0,36,0,38
2026-02-26,ST019,MED001,15,10,5,0,0,0
2026-02-26,ST019,MED002,10,6,4,0,0,0
2026-02-26,ST019,MED003,0,0,0,0,0,22
2026-02-26,ST019,MED004,11,11,0,0,0,25
2026-02-26,ST019,MED005,10,10,0,72,0,94
2026-02-26,ST019,MED006,11,11,0,0,0,53
2026-02-26,ST019,MED007,6,6,0,24,0,29
2026-02-26,ST019,MED008,3,3,0,0,0,14
2026-02-26,ST019,MED009,16,16,0,60,0,53
2026-02-26,ST019,MED010,5,5,0,0,0,10
2026-02-26,ST019,MED011,14,14,0,0,0,47
2026-02-26,ST019,MED012,11,11,0,0,0,35
2026-02-26,ST019,MED013,11,11,0,0,0,10
2026-02-26,ST019,MED014,4,4,0,48,0,54
2026-02-26,ST019,MED015,13,13,0,0,0,72
2026-02-26,ST019,MED016,10,10,0,0,0,6
2026-02-26,ST019,MED017,9,9,0,72,0,92
2026-02-26,ST019,MED018,5,5,0,0,0,34
2026-02-26,ST019,MED019,1,1,0,0,0,22
2026-02-26,ST019,MED020,9,9,0,0,0,14
2026-02-26,ST019,MED021,15,15,0,0,0,16
2026-02-26,ST019,MED022,7,7,0,0,0,33
2026-02-26,ST019,MED023,15,15,0,0,0,33
2026-02-26,ST019,MED024,17,17,0,0,0,24
2026-02-26,ST019,MED025,8,8,0,36,0,28
2026-02-26,ST019,MED026,15,0,15,0,0,0
2026-02-26,ST019,MED027,13,0,13,0,0,0
2026-02-26,ST019,MED028,8,8,0,0,0,25
2026-02-26,ST019,MED029,14,14,0,0,0,50
2026-02-26,ST019,MED030,8,8,0,0,0,30
2026-02-26,ST020,MED001,11,11,0,72,0,61
2026-02-26,ST020,MED002,13,13,0,60,0,75
2026-02-26,ST020,MED003,6,6,0,0,0,10
2026-02-26,ST020,MED004,7,7,0,0,0,12
2026-02-26,ST020,MED005,14,14,0,72,0,69
2026-02-26,ST020,MED006,11,11,0,60,0,49
2026-02-26,ST020,MED007,1,1,0,0,0,16
2026-02-26,ST020,MED008,7,0,7,0,0,0
2026-02-26,ST020,MED009,11,11,0,0,0,2
2026-02-26,ST020,MED010,4,4,0,24,0,20
2026-02-26,ST020,MED011,14,3,11,0,0,0
2026-02-26,ST020,MED012,16,0,16,0,0,0
2026-02-26,ST020,MED013,12,12,0,48,0,36
2026-02-26,ST020,MED014,8,8,0,0,0,34
2026-02-26,ST020,MED015,16,0,16,0,0,0
2026-02-26,ST020,MED016,7,7,0,0,0,32
2026-02-26,ST020,MED017,13,13,0,0,0,35
2026-02-26,ST020,MED018,7,7,0,0,0,22
2026-02-26,ST020,MED019,4,4,0,0,0,9
2026-02-26,ST020,MED020,10,10,0,0,0,27
2026-02-26,ST020,MED021,14,0,14,0,0,0
2026-02-26,ST020,MED022,6,5,1,0,0,0
2026-02-26,ST020,MED023,11,11,0,0,0,36
2026-02-26,ST020,MED024,16,16,0,0,0,52
2026-02-26,ST020,MED025,9,9,0,0,0,22
2026-02-26,ST020,MED026,11,11,0,0,0,70
2026-02-26,ST020,MED027,12,12,0,0,0,32
2026-02-26,ST020,MED028,6,6,0,48,0,43
2026-02-26,ST020,MED029,12,12,0,0,0,34
2026-02-26,ST020,MED030,4,4,0,0,0,22
2026-02-26,ST021,MED001,7,7,0,0,0,0
2026-02-26,ST021,MED002,7,7,0,0,0,47
2026-02-26,ST021,MED003,0,0,0,0,0,23
2026-02-26,ST021,MED004,7,7,0,0,0,13
2026-02-26,ST021,MED005,7,7,0,0,0,29
2026-02-26,ST021,MED006,6,6,0,0,0,30
2026-02-26,ST021,MED007,3,3,0,0,0,25
2026-02-26,ST021,MED008,6,6,0,0,0,11
2026-02-26,ST021,MED009,9,9,0,0,0,51
2026-02-26,ST021,MED010,6,6,0,0,0,10
2026-02-26,ST021,MED011,7,7,0,0,0,64
2026-02-26,ST021,MED012,8,8,0,0,0,27
2026-02-26,ST021,MED013,2,2,0,0,0,21
2026-02-26,ST021,MED014,6,6,0,0,0,41
2026-02-26,ST021,MED015,8,8,0,0,0,23
2026-02-26,ST021,MED016,5,5,0,0,0,16
2026-02-26,ST021,MED017,7,7,0,0,0,43
2026-02-26,ST021,MED018,4,4,0,0,0,34
2026-02-26,ST021,MED019,3,3,0,0,0,16
2026-02-26,ST021,MED020,3,3,0,0,0,9
2026-02-26,ST021,MED021,7,4,3,0,0,0
2026-02-26,ST021,MED022,5,5,0,0,0,6
2026-02-26,ST021,MED023,11,11,0,60,0,49
2026-02-26,ST021,MED024,13,13,0,0,0,46
2026-02-26,ST021,MED025,3,3,0,0,0,15
2026-02-26,ST021,MED026,10,10,0,72,0,68
2026-02-26,ST021,MED027,12,12,0,0,0,23
2026-02-26,ST021,MED028,4,4,0,0,0,39
2026-02-26,ST021,MED029,7,7,0,0,0,31
2026-02-26,ST021,MED030,6,0,6,0,0,0
2026-02-26,ST022,MED001,12,12,0,0,0,11
2026-02-26,ST022,MED002,7,0,7,0,0,0
2026-02-26,ST022,MED003,4,4,0,0,0,6
2026-02-26,ST022,MED004,4,4,0,0,0,27
2026-02-26,ST022,MED005,8,8,0,0,0,60
2026-02-26,ST022,MED006,9,9,0,0,0,7
2026-02-26,ST022,MED007,0,0,0,0,0,10
2026-02-26,ST022,MED008,3,3,0,0,0,22
2026-02-26,ST022,MED009,10,10,0,0,0,37
2026-02-26,ST022,MED010,3,3,0,24,0,32
2026-02-26,ST022,MED011,7,7,0,0,0,53
2026-02-26,ST022,MED012,8,8,0,0,0,46
2026-02-26,ST022,MED013,7,7,0,0,0,45
2026-02-26,ST022,MED014,1,1,0,0,0,26
2026-02-26,ST022,MED015,12,12,0,72,0,77
2026-02-26,ST022,MED016,8,8,0,0,0,51
2026-02-26,ST022,MED017,7,7,0,0,0,29
2026-02-26,ST022,MED018,7,7,0,0,0,34
2026-02-26,ST022,MED019,0,0,0,0,0,18
2026-02-26,ST022,MED020,5,5,0,0,0,17
2026-02-26,ST022,MED021,6,6,0,0,0,39
2026-02-26,ST022,MED022,8,8,0,0,0,1
2026-02-26,ST022,MED023,7,7,0,0,0,5
2026-02-26,ST022,MED024,10,10,0,0,0,53
2026-02-26,ST022,MED025,7,7,0,0,0,15
2026-02-26,ST022,MED026,11,11,0,0,0,38
2026-02-26,ST022,MED027,11,11,0,72,0,85
2026-02-26,ST022,MED028,5,5,0,48,0,43
2026-02-26,ST022,MED029,8,8,0,72,0,65
2026-02-26,ST022,MED030,3,3,0,0,0,7
2026-02-26,ST023,MED001,13,13,0,0,0,60
2026-02-26,ST023,MED002,10,10,0,0,0,18
2026-02-26,ST023,MED003,4,4,0,0,0,6
2026-02-26,ST023,MED004,6,6,0,0,0,30
2026-02-26,ST023,MED005,8,8,0,0,0,48
2026-02-26,ST023,MED006,5,5,0,0,0,58
2026-02-26,ST023,MED007,1,1,0,0,0,26
2026-02-26,ST023,MED008,4,4,0,0,0,18
2026-02-26,ST023,MED009,11,6,5,0,0,0
2026-02-26,ST023,MED010,7,7,0,0,0,13
2026-02-26,ST023,MED011,11,11,0,0,0,71
2026-02-26,ST023,MED012,7,7,0,0,0,57
2026-02-26,ST023,MED013,6,6,0,0,0,47
2026-02-26,ST023,MED014,8,8,0,0,0,37
2026-02-26,ST023,MED015,10,10,0,0,0,7
2026-02-26,ST023,MED016,5,5,0,0,0,36
2026-02-26,ST023,MED017,10,10,0,0,0,73
2026-02-26,ST023,MED018,7,7,0,0,0,41
2026-02-26,ST023,MED019,3,0,3,0,0,0
2026-02-26,ST023,MED020,3,3,0,0,0,7
2026-02-26,ST023,MED021,7,7,0,0,0,48
2026-02-26,ST023,MED022,5,5,0,0,0,37
2026-02-26,ST023,MED023,9,9,0,60,0,58
2026-02-26,ST023,MED024,11,11,0,0,0,44
2026-02-26,ST023,MED025,4,4,0,0,0,37
2026-02-26,ST023,MED026,13,13,0,0,0,26
2026-02-26,ST023,MED027,9,0,9,0,0,0
2026-02-26,ST023,MED028,11,11,0,0,0,5
2026-02-26,ST023,MED029,6,0,6,0,0,0
2026-02-26,ST023,MED030,7,4,3,0,0,0
2026-02-26,ST024,MED001,10,10,0,0,0,70
2026-02-26,ST024,MED002,11,0,11,0,0,0
2026-02-26,ST024,MED003,2,2,0,0,0,9
2026-02-26,ST024,MED004,6,6,0,0,0,9
2026-02-26,ST024,MED005,13,13,0,0,0,38
2026-02-26,ST024,MED006,11,11,0,0,0,36
2026-02-26,ST024,MED007,2,2,0,0,0,7
2026-02-26,ST024,MED008,3,3,0,0,0,5
2026-02-26,ST024,MED009,7,7,0,0,0,44
2026-02-26,ST024,MED010,2,2,0,0,0,19
2026-02-26,ST024,MED011,11,11,0,0,0,47
2026-02-26,ST024,MED012,12,12,0,0,0,20
2026-02-26,ST024,MED013,7,7,0,0,0,38
2026-02-26,ST024,MED014,11,11,0,0,0,33
2026-02-26,ST024,MED015,16,0,16,0,0,0
2026-02-26,ST024,MED016,9,9,0,0,0,37
2026-02-26,ST024,MED017,8,8,0,0,0,14
2026-02-26,ST024,MED018,8,8,0,48,0,55
2026-02-26,ST024,MED019,2,2,0,0,0,13
2026-02-26,ST024,MED020,10,10,0,0,0,40
2026-02-26,ST024,MED021,12,12,0,0,0,3
2026-02-26,ST024,MED022,4,4,0,0,0,16
2026-02-26,ST024,MED023,10,10,0,0,0,38
2026-02-26,ST024,MED024,12,12,0,0,0,55
2026-02-26,ST024,MED025,5,5,0,0,0,24
2026-02-26,ST024,MED026,7,7,0,72,0,94
2026-02-26,ST024,MED027,12,12,0,72,0,60
2026-02-26,ST024,MED028,11,11,0,0,0,3
2026-02-26,ST024,MED029,9,9,0,0,0,46
2026-02-26,ST024,MED030,5,5,0,0,0,16
2026-02-26,ST025,MED001,14,14,0,0,0,49
2026-02-26,ST025,MED002,15,15,0,0,0,22
2026-02-26,ST025,MED003,2,0,2,0,0,0
2026-02-26,ST025,MED004,10,10,0,0,0,8
2026-02-26,ST025,MED005,12,12,0,0,0,57
2026-02-26,ST025,MED006,11,11,0,60,0,49
2026-02-26,ST025,MED007,1,1,0,0,0,6
2026-02-26,ST025,MED008,7,3,4,0,0,0
2026-02-26,ST025,MED009,11,11,0,0,0,9
2026-02-26,ST025,MED010,4,4,0,0,0,1
2026-02-26,ST025,MED011,8,8,0,0,0,4
2026-02-26,ST025,MED012,10,10,0,0,0,56
2026-02-26,ST025,MED013,8,8,0,0,0,29
2026-02-26,ST025,MED014,6,6,0,0,0,36
2026-02-26,ST025,MED015,14,14,0,0,0,15
2026-02-26,ST025,MED016,9,9,0,0,0,31
2026-02-26,ST025,MED017,12,12,0,72,0,63
2026-02-26,ST025,MED018,6,6,0,48,0,42
2026-02-26,ST025,MED019,1,1,0,0,0,7
2026-02-26,ST025,MED020,9,9,0,48,0,39
2026-02-26,ST025,MED021,12,12,0,0,0,48
2026-02-26,ST025,MED022,7,6,1,0,0,0
2026-02-26,ST025,MED023,12,12,0,0,0,18
2026-02-26,ST025,MED024,16,16,0,0,0,18
2026-02-26,ST025,MED025,5,5,0,0,0,36
2026-02-26,ST025,MED026,14,14,0,0,0,46
2026-02-26,ST025,MED027,12,12,0,72,0,60
2026-02-26,ST025,MED028,9,9,0,0,0,42
2026-02-26,ST025,MED029,11,11,0,0,0,23
2026-02-26,ST025,MED030,11,11,0,0,0,13
2026-02-26,ST026,MED001,11,0,11,0,0,0
2026-02-26,ST026,MED002,16,16,0,0,0,52
2026-02-26,ST026,MED003,4,4,0,0,0,2
2026-02-26,ST026,MED004,9,9,0,48,0,47
2026-02-26,ST026,MED005,19,19,0,72,0,66
2026-02-26,ST026,MED006,11,11,0,0,0,45
2026-02-26,ST026,MED007,4,4,0,24,0,21
2026-02-26,ST026,MED008,5,5,0,0,0,16
2026-02-26,ST026,MED009,12,12,0,60,0,48
2026-02-26,ST026,MED010,3,3,0,24,0,21
2026-02-26,ST026,MED011,13,13,0,0,0,52
2026-02-26,ST026,MED012,11,11,0,0,0,28
2026-02-26,ST026,MED013,8,8,0,0,0,23
2026-02-26,ST026,MED014,3,3,0,0,0,22
2026-02-26,ST026,MED015,13,13,0,72,0,59
2026-02-26,ST026,MED016,15,15,0,0,0,10
2026-02-26,ST026,MED017,14,14,0,0,0,48
2026-02-26,ST026,MED018,7,7,0,0,0,27
2026-02-26,ST026,MED019,0,0,0,0,0,8
2026-02-26,ST026,MED020,11,7,4,0,0,0
2026-02-26,ST026,MED021,7,7,0,0,0,30
2026-02-26,ST026,MED022,6,6,0,0,0,12
2026-02-26,ST026,MED023,11,11,0,0,0,45
2026-02-26,ST026,MED024,16,0,16,0,0,0
2026-02-26,ST026,MED025,7,7,0,0,0,18
2026-02-26,ST026,MED026,10,10,0,0,0,49
2026-02-26,ST026,MED027,14,0,14,0,0,0
2026-02-26,ST026,MED028,10,10,0,0,0,3
2026-02-26,ST026,MED029,13,12,1,0,0,0
2026-02-26,ST026,MED030,8,8,0,0,0,6
2026-02-26,ST027,MED001,18,18,0,0,0,65
2026-02-26,ST027,MED002,17,17,0,60,0,65
2026-02-26,ST027,MED003,7,7,0,0,0,2
2026-02-26,ST027,MED004,9,9,0,0,0,4
2026-02-26,ST027,MED005,15,15,0,0,0,16
2026-02-26,ST027,MED006,10,10,0,0,0,29
2026-02-26,ST027,MED007,4,4,0,24,0,20
2026-02-26,ST027,MED008,3,3,0,0,0,6
2026-02-26,ST027,MED009,15,15,0,0,0,5
2026-02-26,ST027,MED010,4,4,0,0,0,17
2026-02-26,ST027,MED011,14,0,14,0,0,0
2026-02-26,ST027,MED012,15,15,0,60,0,45
2026-02-26,ST027,MED013,9,9,0,48,0,64
2026-02-26,ST027,MED014,6,6,0,0,0,13
2026-02-26,ST027,MED015,17,17,0,96,0,79
2026-02-26,ST027,MED016,11,8,3,0,0,0
2026-02-26,ST027,MED017,13,13,0,72,0,59
2026-02-26,ST027,MED018,6,6,0,0,0,34
2026-02-26,ST027,MED019,3,3,0,0,0,19
2026-02-26,ST027,MED020,7,7,0,0,0,11
2026-02-26,ST027,MED021,13,1,12,0,0,0
2026-02-26,ST027,MED022,10,10,0,0,0,8
2026-02-26,ST027,MED023,13,13,0,0,0,64
2026-02-26,ST027,MED024,14,14,0,84,0,70
2026-02-26,ST027,MED025,9,9,0,0,0,6
2026-02-26,ST027,MED026,15,15,0,0,0,42
2026-02-26,ST027,MED027,14,14,0,0,0,29
2026-02-26,ST027,MED028,6,6,0,0,0,25
2026-02-26,ST027,MED029,11,11,0,72,0,62
2026-02-26,ST027,MED030,4,4,0,0,0,6
2026-02-26,ST028,MED001,6,6,0,0,0,24
2026-02-26,ST028,MED002,9,9,0,60,0,75
2026-02-26,ST028,MED003,0,0,0,0,0,17
2026-02-26,ST028,MED004,7,7,0,0,0,25
2026-02-26,ST028,MED005,11,11,0,0,0,9
2026-02-26,ST028,MED006,13,13,0,60,0,58
2026-02-26,ST028,MED007,0,0,0,0,0,25
2026-02-26,ST028,MED008,1,1,0,0,0,4
2026-02-26,ST028,MED009,7,7,0,0,0,42
2026-02-26,ST028,MED010,1,1,0,0,0,10
2026-02-26,ST028,MED011,8,8,0,66,0,78
2026-02-26,ST028,MED012,8,8,0,0,0,17
2026-02-26,ST028,MED013,4,4,0,0,0,26
2026-02-26,ST028,MED014,2,2,0,0,0,20
2026-02-26,ST028,MED015,12,12,0,0,0,49
2026-02-26,ST028,MED016,2,2,0,0,0,28
2026-02-26,ST028,MED017,5,5,0,0,0,69
2026-02-26,ST028,MED018,2,2,0,0,0,43
2026-02-26,ST028,MED019,0,0,0,0,0,14
2026-02-26,ST028,MED020,6,6,0,0,0,5
2026-02-26,ST028,MED021,8,8,0,0,0,64
2026-02-26,ST028,MED022,11,11,0,0,0,13
2026-02-26,ST028,MED023,11,11,0,0,0,29
2026-02-26,ST028,MED024,7,7,0,0,0,64
2026-02-26,ST028,MED025,3,3,0,0,0,42
2026-02-26,ST028,MED026,12,12,0,0,0,26
2026-02-26,ST028,MED027,8,8,0,0,0,52
2026-02-26,ST028,MED028,4,4,0,0,0,29
2026-02-26,ST028,MED029,10,10,0,0,0,27
2026-02-26,ST028,MED030,4,4,0,0,0,8
2026-02-26,ST029,MED001,10,10,0,0,0,30
2026-02-26,ST029,MED002,10,10,0,0,0,68
2026-02-26,ST029,MED003,0,0,0,0,0,0
2026-02-26,ST029,MED004,6,6,0,60,0,54
2026-02-26,ST029,MED005,6,6,0,0,0,48
2026-02-26,ST029,MED006,7,7,0,0,0,3
2026-02-26,ST029,MED007,2,2,0,24,0,22
2026-02-26,ST029,MED008,1,1,0,0,0,15
2026-02-26,ST029,MED009,6,6,0,0,0,35
2026-02-26,ST029,MED010,3,3,0,24,0,22
2026-02-26,ST029,MED011,8,8,0,0,0,61
2026-02-26,ST029,MED012,9,9,0,0,0,21
2026-02-26,ST029,MED013,6,6,0,0,0,26
2026-02-26,ST029,MED014,9,9,0,0,0,21
2026-02-26,ST029,MED015,12,12,0,0,0,49
2026-02-26,ST029,MED016,7,7,0,0,0,9
2026-02-26,ST029,MED017,14,14,0,0,0,16
2026-02-26,ST029,MED018,9,9,0,0,0,3
2026-02-26,ST029,MED019,7,7,0,0,0,25
2026-02-26,ST029,MED020,7,7,0,0,0,46
2026-02-26,ST029,MED021,6,6,0,0,0,43
2026-02-26,ST029,MED022,5,5,0,0,0,15
2026-02-26,ST029,MED023,12,12,0,60,0,53
2026-02-26,ST029,MED024,11,11,0,0,0,41
2026-02-26,ST029,MED025,7,7,0,0,0,32
2026-02-26,ST029,MED026,6,6,0,72,0,67
2026-02-26,ST029,MED027,9,9,0,0,0,55
2026-02-26,ST029,MED028,3,3,0,0,0,28
2026-02-26,ST029,MED029,7,7,0,0,0,76
2026-02-26,ST029,MED030,1,1,0,0,0,9
2026-02-26,ST030,MED001,11,11,0,0,0,43
2026-02-26,ST030,MED002,13,13,0,0,0,22
2026-02-26,ST030,MED003,2,2,0,0,0,10
2026-02-26,ST030,MED004,5,5,0,0,0,14
2026-02-26,ST030,MED005,11,11,0,0,0,34
2026-02-26,ST030,MED006,7,7,0,0,0,67
2026-02-26,ST030,MED007,7,7,0,0,0,3
2026-02-26,ST030,MED008,4,4,0,24,0,21
2026-02-26,ST030,MED009,7,7,0,0,0,1
2026-02-26,ST030,MED010,10,10,0,0,0,3
2026-02-26,ST030,MED011,10,10,0,60,0,55
2026-02-26,ST030,MED012,9,9,0,0,0,48
2026-02-26,ST030,MED013,8,8,0,0,0,11
2026-02-26,ST030,MED014,5,5,0,0,0,34
2026-02-26,ST030,MED015,14,14,0,0,0,62
2026-02-26,ST030,MED016,5,5,0,0,0,29
2026-02-26,ST030,MED017,7,7,0,60,0,61
2026-02-26,ST030,MED018,8,8,0,0,0,7
2026-02-26,ST030,MED019,9,5,4,0,0,0
2026-02-26,ST030,MED020,8,8,0,0,0,39
2026-02-26,ST030,MED021,6,0,6,0,0,0
2026-02-26,ST030,MED022,5,5,0,0,0,25
2026-02-26,ST030,MED023,8,8,0,0,0,36
2026-02-26,ST030,MED024,11,11,0,72,0,72
2026-02-26,ST030,MED025,8,0,8,0,0,0
2026-02-26,ST030,MED026,11,11,0,0,0,30
2026-02-26,ST030,MED027,11,11,0,72,0,61
2026-02-26,ST030,MED028,11,11,0,0,0,26
2026-02-26,ST030,MED029,11,11,0,0,0,39
2026-02-26,ST030,MED030,5,5,0,0,0,3
2026-02-26,ST031,MED001,9,9,0,0,0,37
2026-02-26,ST031,MED002,12,12,0,60,0,82
2026-02-26,ST031,MED003,3,3,0,0,0,5
2026-02-26,ST031,MED004,4,4,0,0,0,8
2026-02-26,ST031,MED005,11,11,0,0,0,3
2026-02-26,ST031,MED006,12,12,0,60,0,55
2026-02-26,ST031,MED007,4,4,0,0,0,24
2026-02-26,ST031,MED008,3,3,0,0,0,14
2026-02-26,ST031,MED009,9,9,0,0,0,7
2026-02-26,ST031,MED010,5,5,0,0,0,6
2026-02-26,ST031,MED011,10,10,0,0,0,33
2026-02-26,ST031,MED012,9,9,0,0,0,10
2026-02-26,ST031,MED013,10,1,9,0,0,0
2026-02-26,ST031,MED014,8,8,0,0,0,34
2026-02-26,ST031,MED015,7,7,0,0,0,30
2026-02-26,ST031,MED016,3,3,0,0,0,37
2026-02-26,ST031,MED017,9,9,0,0,0,41
2026-02-26,ST031,MED018,10,10,0,0,0,4
2026-02-26,ST031,MED019,1,1,0,0,0,19
2026-02-26,ST031,MED020,9,9,0,48,0,44
2026-02-26,ST031,MED021,8,8,0,0,0,34
2026-02-26,ST031,MED022,12,10,2,0,0,0
2026-02-26,ST031,MED023,12,12,0,0,0,9
2026-02-26,ST031,MED024,13,13,0,84,0,77
2026-02-26,ST031,MED025,11,11,0,0,0,28
2026-02-26,ST031,MED026,12,11,1,0,0,0
2026-02-26,ST031,MED027,10,10,0,0,0,113
2026-02-26,ST031,MED028,3,3,0,0,0,36
2026-02-26,ST031,MED029,9,9,0,0,0,45
2026-02-26,ST031,MED030,10,10,0,30,0,20
2026-02-26,ST032,MED001,9,9,0,0,0,13
2026-02-26,ST032,MED002,11,11,0,60,0,51
2026-02-26,ST032,MED003,5,5,0,0,0,18
2026-02-26,ST032,MED004,8,8,0,0,0,9
2026-02-26,ST032,MED005,15,15,0,0,0,24
2026-02-26,ST032,MED006,9,9,0,0,0,48
2026-02-26,ST032,MED007,6,6,0,0,0,7
2026-02-26,ST032,MED008,4,4,0,0,0,15
2026-02-26,ST032,MED009,7,0,7,0,0,0
2026-02-26,ST032,MED010,6,6,0,0,0,2
2026-02-26,ST032,MED011,15,15,0,0,0,14
2026-02-26,ST032,MED012,12,12,0,0,0,36
2026-02-26,ST032,MED013,10,0,10,0,0,0
2026-02-26,ST032,MED014,9,9,0,0,0,6
2026-02-26,ST032,MED015,12,12,0,0,0,32
2026-02-26,ST032,MED016,6,6,0,0,0,26
2026-02-26,ST032,MED017,14,14,0,0,0,54
2026-02-26,ST032,MED018,6,6,0,0,0,44
2026-02-26,ST032,MED019,3,3,0,24,0,21
2026-02-26,ST032,MED020,10,10,0,0,0,33
2026-02-26,ST032,MED021,8,8,0,0,0,46
2026-02-26,ST032,MED022,8,0,8,0,0,0
2026-02-26,ST032,MED023,11,11,0,0,0,9
2026-02-26,ST032,MED024,11,11,0,0,0,12
2026-02-26,ST032,MED025,5,5,0,0,0,29
2026-02-26,ST032,MED026,14,14,0,0,0,54
2026-02-26,ST032,MED027,15,15,0,0,0,52
2026-02-26,ST032,MED028,6,6,0,0,0,48
2026-02-26,ST032,MED029,13,13,0,0,0,8
2026-02-26,ST032,MED030,7,7,0,0,0,17
2026-02-26,ST033,MED001,19,19,0,0,0,30
2026-02-26,ST033,MED002,14,14,0,0,0,22
2026-02-26,ST033,MED003,7,7,0,0,0,18
2026-02-26,ST033,MED004,6,6,0,0,0,24
2026-02-26,ST033,MED005,13,13,0,84,0,71
2026-02-26,ST033,MED006,13,13,0,60,0,56
2026-02-26,ST033,MED007,6,1,5,0,0,0
2026-02-26,ST033,MED008,7,7,0,24,0,17
2026-02-26,ST033,MED009,13,1,12,0,0,0
2026-02-26,ST033,MED010,5,0,5,0,0,0
2026-02-26,ST033,MED011,12,12,0,72,0,60
2026-02-26,ST033,MED012,15,15,0,0,0,69
2026-02-26,ST033,MED013,9,6,3,0,0,0
2026-02-26,ST033,MED014,6,6,0,0,0,9
2026-02-26,ST033,MED015,15,15,0,0,0,10
2026-02-26,ST033,MED016,4,4,0,48,0,54
2026-02-26,ST033,MED017,16,0,16,0,0,0
2026-02-26,ST033,MED018,6,5,1,0,0,0
2026-02-26,ST033,MED019,4,0,4,0,0,0
2026-02-26,ST033,MED020,8,8,0,0,0,18
2026-02-26,ST033,MED021,24,24,0,0,0,5
2026-02-26,ST033,MED022,8,8,0,0,0,20
2026-02-26,ST033,MED023,13,13,0,72,0,59
2026-02-26,ST033,MED024,15,15,0,72,0,57
2026-02-26,ST033,MED025,12,12,0,0,0,28
2026-02-26,ST033,MED026,15,15,0,0,0,30
2026-02-26,ST033,MED027,16,16,0,0,0,43
2026-02-26,ST033,MED028,10,10,0,0,0,35
2026-02-26,ST033,MED029,14,14,0,0,0,20
2026-02-26,ST033,MED030,6,6,0,0,0,21
2026-02-26,ST034,MED001,17,17,0,0,0,4
2026-02-26,ST034,MED002,12,12,0,0,0,40
2026-02-26,ST034,MED003,4,4,0,24,0,20
2026-02-26,ST034,MED004,12,12,0,0,0,6
2026-02-26,ST034,MED005,13,13,0,60,0,47
2026-02-26,ST034,MED006,11,11,0,60,0,49
2026-02-26,ST034,MED007,3,3,0,0,0,12
2026-02-26,ST034,MED008,2,2,0,0,0,5
2026-02-26,ST034,MED009,14,14,0,60,0,63
2026-02-26,ST034,MED010,5,5,0,0,0,9
2026-02-26,ST034,MED011,14,14,0,60,0,60
2026-02-26,ST034,MED012,14,14,0,0,0,31
2026-02-26,ST034,MED013,11,11,0,0,0,7
2026-02-26,ST034,MED014,4,4,0,0,0,36
2026-02-26,ST034,MED015,15,15,0,0,0,54
2026-02-26,ST034,MED016,10,10,0,48,0,38
2026-02-26,ST034,MED017,15,15,0,0,0,40
2026-02-26,ST034,MED018,6,6,0,0,0,1
2026-02-26,ST034,MED019,2,2,0,0,0,13
2026-02-26,ST034,MED020,10,10,0,0,0,42
2026-02-26,ST034,MED021,13,13,0,0,0,47
2026-02-26,ST034,MED022,11,11,0,0,0,9
2026-02-26,ST034,MED023,15,15,0,60,0,45
2026-02-26,ST034,MED024,12,12,0,0,0,12
2026-02-26,ST034,MED025,13,13,0,0,0,9
2026-02-26,ST034,MED026,16,16,0,0,0,9
2026-02-26,ST034,MED027,14,14,0,72,0,78
2026-02-26,ST034,MED028,12,12,0,0,0,31
2026-02-26,ST034,MED029,15,15,0,0,0,12
2026-02-26,ST034,MED030,4,4,0,0,0,2
2026-02-26,ST035,MED001,8,8,0,0,0,30
2026-02-26,ST035,MED002,9,9,0,0,0,75
2026-02-26,ST035,MED003,3,3,0,0,0,3
2026-02-26,ST035,MED004,5,5,0,0,0,39
2026-02-26,ST035,MED005,10,10,0,0,0,72
2026-02-26,ST035,MED006,6,6,0,60,0,69
2026-02-26,ST035,MED007,1,1,0,0,0,25
2026-02-26,ST035,MED008,3,3,0,24,0,21
2026-02-26,ST035,MED009,9,9,0,0,0,12
2026-02-26,ST035,MED010,0,0,0,36,0,41
2026-02-26,ST035,MED011,8,8,0,60,0,84
2026-02-26,ST035,MED012,6,6,0,60,0,72
2026-02-26,ST035,MED013,3,3,0,48,0,46
2026-02-26,ST035,MED014,5,5,0,0,0,17
2026-02-26,ST035,MED015,8,8,0,0,0,15
2026-02-26,ST035,MED016,6,6,0,0,0,20
2026-02-26,ST035,MED017,7,7,0,0,0,20
2026-02-26,ST035,MED018,6,6,0,0,0,20
2026-02-26,ST035,MED019,0,0,0,0,0,32
2026-02-26,ST035,MED020,6,6,0,48,0,42
2026-02-26,ST035,MED021,10,10,0,0,0,51
2026-02-26,ST035,MED022,5,5,0,0,0,27
2026-02-26,ST035,MED023,11,11,0,0,0,42
2026-02-26,ST035,MED024,9,9,0,0,0,21
2026-02-26,ST035,MED025,9,9,0,0,0,32
2026-02-26,ST035,MED026,10,10,0,72,0,83
2026-02-26,ST035,MED027,10,10,0,0,0,68
2026-02-26,ST035,MED028,4,4,0,0,0,24
2026-02-26,ST035,MED029,5,5,0,0,0,53
2026-02-26,ST035,MED030,7,7,0,0,0,6
2026-02-26,ST036,MED001,18,18,0,0,0,56
2026-02-26,ST036,MED002,10,10,0,66,0,60
2026-02-26,ST036,MED003,4,4,0,0,0,8
2026-02-26,ST036,MED004,9,9,0,0,0,55
2026-02-26,ST036,MED005,9,9,0,0,0,57
2026-02-26,ST036,MED006,6,6,0,0,0,33
2026-02-26,ST036,MED007,1,1,0,0,0,3
2026-02-26,ST036,MED008,0,0,0,0,0,17
2026-02-26,ST036,MED009,7,7,0,0,0,62
2026-02-26,ST036,MED010,2,2,0,0,0,27
2026-02-26,ST036,MED011,12,12,0,0,0,60
2026-02-26,ST036,MED012,10,10,0,0,0,18
2026-02-26,ST036,MED013,7,7,0,0,0,1
2026-02-26,ST036,MED014,1,1,0,48,0,59
2026-02-26,ST036,MED015,9,9,0,0,0,25
2026-02-26,ST036,MED016,7,7,0,0,0,4
2026-02-26,ST036,MED017,6,6,0,0,0,46
2026-02-26,ST036,MED018,6,6,0,0,0,22
2026-02-26,ST036,MED019,4,4,0,0,0,5
2026-02-26,ST036,MED020,1,1,0,0,0,21
2026-02-26,ST036,MED021,8,8,0,0,0,49
2026-02-26,ST036,MED022,7,7,0,42,0,35
2026-02-26,ST036,MED023,11,11,0,72,0,61
2026-02-26,ST036,MED024,7,7,0,0,0,17
2026-02-26,ST036,MED025,4,4,0,0,0,30
2026-02-26,ST036,MED026,14,14,0,0,0,41
2026-02-26,ST036,MED027,8,8,0,0,0,64
2026-02-26,ST036,MED028,7,7,0,0,0,15
2026-02-26,ST036,MED029,11,11,0,48,0,48
2026-02-26,ST036,MED030,1,1,0,0,0,31
2026-02-26,ST037,MED001,7,7,0,0,0,52
2026-02-26,ST037,MED002,14,14,0,0,0,39
2026-02-26,ST037,MED003,0,0,0,0,0,13
2026-02-26,ST037,MED004,8,8,0,0,0,28
2026-02-26,ST037,MED005,12,12,0,0,0,28
2026-02-26,ST037,MED006,11,11,0,0,0,39
2026-02-26,ST037,MED007,4,4,0,0,0,24
2026-02-26,ST037,MED008,1,1,0,0,0,27
2026-02-26,ST037,MED009,12,12,0,0,0,22
2026-02-26,ST037,MED010,2,2,0,0,0,0
2026-02-26,ST037,MED011,11,11,0,72,0,61
2026-02-26,ST037,MED012,3,3,0,60,0,60
2026-02-26,ST037,MED013,5,5,0,0,0,12
2026-02-26,ST037,MED014,0,0,0,0,0,2
2026-02-26,ST037,MED015,16,16,0,0,0,75
2026-02-26,ST037,MED016,9,9,0,0,0,17
2026-02-26,ST037,MED017,12,12,0,0,0,13
2026-02-26,ST037,MED018,7,7,0,0,0,36
2026-02-26,ST037,MED019,5,5,0,24,0,19
2026-02-26,ST037,MED020,2,2,0,48,0,46
2026-02-26,ST037,MED021,10,10,0,0,0,28
2026-02-26,ST037,MED022,7,7,0,42,0,45
2026-02-26,ST037,MED023,9,9,0,72,0,83
2026-02-26,ST037,MED024,11,11,0,72,0,113
2026-02-26,ST037,MED025,9,9,0,0,0,8
2026-02-26,ST037,MED026,7,7,0,0,0,55
2026-02-26,ST037,MED027,13,0,13,0,0,0
2026-02-26,ST037,MED028,6,6,0,0,0,20
2026-02-26,ST037,MED029,7,7,0,0,0,22
2026-02-26,ST037,MED030,6,6,0,0,0,16
2026-02-26,ST038,MED001,13,13,0,0,0,37
2026-02-26,ST038,MED002,8,8,0,0,0,31
2026-02-26,ST038,MED003,6,6,0,0,0,22
2026-02-26,ST038,MED004,9,9,0,0,0,6
2026-02-26,ST038,MED005,5,5,0,0,0,34
2026-02-26,ST038,MED006,7,7,0,0,0,21
2026-02-26,ST038,MED007,3,3,0,24,0,21
2026-02-26,ST038,MED008,4,4,0,0,0,15
2026-02-26,ST038,MED009,9,9,0,0,0,4
2026-02-26,ST038,MED010,3,3,0,0,0,4
2026-02-26,ST038,MED011,13,13,0,0,0,39
2026-02-26,ST038,MED012,13,13,0,0,0,3
2026-02-26,ST038,MED013,9,9,0,0,0,24
2026-02-26,ST038,MED014,5,5,0,0,0,3
2026-02-26,ST038,MED015,13,13,0,0,0,65
2026-02-26,ST038,MED016,9,9,0,0,0,8
2026-02-26,ST038,MED017,13,13,0,0,0,53
2026-02-26,ST038,MED018,8,8,0,0,0,24
2026-02-26,ST038,MED019,0,0,0,0,0,18
2026-02-26,ST038,MED020,7,7,0,0,0,29
2026-02-26,ST038,MED021,7,7,0,0,0,44
2026-02-26,ST038,MED022,5,5,0,0,0,7
2026-02-26,ST038,MED023,7,7,0,0,0,49
2026-02-26,ST038,MED024,11,11,0,0,0,27
2026-02-26,ST038,MED025,9,9,0,0,0,14
2026-02-26,ST038,MED026,10,0,10,0,0,0
2026-02-26,ST038,MED027,12,12,0,0,0,59
2026-02-26,ST038,MED028,4,4,0,48,0,59
2026-02-26,ST038,MED029,12,12,0,0,0,51
2026-02-26,ST038,MED030,2,2,0,0,0,25
2026-02-26,ST039,MED001,12,12,0,0,0,42
2026-02-26,ST039,MED002,11,11,0,0,0,42
2026-02-26,ST039,MED003,1,1,0,0,0,18
2026-02-26,ST039,MED004,8,8,0,0,0,45
2026-02-26,ST039,MED005,10,0,10,0,0,0
2026-02-26,ST039,MED006,8,8,0,0,0,29
2026-02-26,ST039,MED007,6,6,0,0,0,9
2026-02-26,ST039,MED008,0,0,0,0,0,24
2026-02-26,ST039,MED009,8,8,0,0,0,16
2026-02-26,ST039,MED010,5,5,0,0,0,19
2026-02-26,ST039,MED011,8,8,0,66,0,58
2026-02-26,ST039,MED012,16,16,0,60,0,52
2026-02-26,ST039,MED013,7,7,0,36,0,49
2026-02-26,ST039,MED014,6,6,0,0,0,14
2026-02-26,ST039,MED015,14,14,0,0,0,45
2026-02-26,ST039,MED016,9,9,0,48,0,43
2026-02-26,ST039,MED017,17,17,0,0,0,25
2026-02-26,ST039,MED018,6,6,0,0,0,37
2026-02-26,ST039,MED019,4,4,0,24,0,24
2026-02-26,ST039,MED020,9,0,9,0,0,0
2026-02-26,ST039,MED021,12,12,0,60,0,51
2026-02-26,ST039,MED022,6,6,0,0,0,2
2026-02-26,ST039,MED023,9,0,9,0,0,0
2026-02-26,ST039,MED024,15,15,0,0,0,58
2026-02-26,ST039,MED025,6,0,6,0,0,0
2026-02-26,ST039,MED026,12,12,0,0,0,8
2026-02-26,ST039,MED027,16,16,0,72,0,97
2026-02-26,ST039,MED028,7,7,0,0,0,22
2026-02-26,ST039,MED029,14,14,0,48,0,49
2026-02-26,ST039,MED030,10,10,0,0,0,12
2026-02-26,ST040,MED001,15,9,6,0,0,0
2026-02-26,ST040,MED002,14,14,0,66,0,73
2026-02-26,ST040,MED003,2,2,0,0,0,20
2026-02-26,ST040,MED004,12,12,0,0,0,16
2026-02-26,ST040,MED005,14,2,12,0,0,0
2026-02-26,ST040,MED006,9,9,0,0,0,23
2026-02-26,ST040,MED007,8,8,0,0,0,17
2026-02-26,ST040,MED008,4,4,0,0,0,17
2026-02-26,ST040,MED009,14,14,0,0,0,21
2026-02-26,ST040,MED010,7,7,0,0,0,7
2026-02-26,ST040,MED011,11,8,3,0,0,0
2026-02-26,ST040,MED012,9,9,0,0,0,48
2026-02-26,ST040,MED013,9,9,0,36,0,27
2026-02-26,ST040,MED014,9,0,9,0,0,0
2026-02-26,ST040,MED015,13,13,0,72,0,59
2026-02-26,ST040,MED016,11,11,0,0,0,39
2026-02-26,ST040,MED017,13,6,7,0,0,0
2026-02-26,ST040,MED018,7,7,0,0,0,1
2026-02-26,ST040,MED019,0,0,0,0,0,14
2026-02-26,ST040,MED020,10,5,5,0,0,0
2026-02-26,ST040,MED021,11,11,0,0,0,10
2026-02-26,ST040,MED022,7,7,0,0,0,22
2026-02-26,ST040,MED023,12,12,0,0,0,47
2026-02-26,ST040,MED024,11,11,0,0,0,42
2026-02-26,ST040,MED025,8,8,0,0,0,27
2026-02-26,ST040,MED026,8,8,0,0,0,48
2026-02-26,ST040,MED027,15,15,0,0,0,41
2026-02-26,ST040,MED028,7,7,0,0,0,32
2026-02-26,ST040,MED029,12,11,1,0,0,0
2026-02-26,ST040,MED030,4,4,0,0,0,36
2026-02-27,ST001,MED001,7,7,0,0,0,9
2026-02-27,ST001,MED002,9,9,0,0,0,44
2026-02-27,ST001,MED003,5,5,0,24,0,26
2026-02-27,ST001,MED004,5,5,0,0,0,10
2026-02-27,ST001,MED005,9,9,0,0,0,44
2026-02-27,ST001,MED006,7,7,0,0,0,25
2026-02-27,ST001,MED007,4,4,0,0,0,9
2026-02-27,ST001,MED008,3,3,0,0,0,16
2026-02-27,ST001,MED009,12,12,0,0,0,42
2026-02-27,ST001,MED010,1,1,0,0,0,9
2026-02-27,ST001,MED011,8,8,0,0,0,34
2026-02-27,ST001,MED012,6,6,0,0,0,38
2026-02-27,ST001,MED013,5,5,0,0,0,44
2026-02-27,ST001,MED014,1,1,0,0,0,18
2026-02-27,ST001,MED015,9,9,0,0,0,69
2026-02-27,ST001,MED016,6,6,0,0,0,22
2026-02-27,ST001,MED017,11,11,0,0,0,54
2026-02-27,ST001,MED018,5,5,0,48,0,43
2026-02-27,ST001,MED019,0,0,0,24,0,24
2026-02-27,ST001,MED020,3,3,0,0,0,36
2026-02-27,ST001,MED021,10,10,0,0,0,44
2026-02-27,ST001,MED022,7,7,0,42,0,42
2026-02-27,ST001,MED023,11,11,0,0,0,19
2026-02-27,ST001,MED024,14,14,0,72,0,58
2026-02-27,ST001,MED025,8,8,0,0,0,22
2026-02-27,ST001,MED026,9,9,0,0,0,2
2026-02-27,ST001,MED027,10,10,0,0,0,36
2026-02-27,ST001,MED028,5,5,0,0,0,4
2026-02-27,ST001,MED029,6,6,0,0,0,34
2026-02-27,ST001,MED030,4,4,0,0,0,14
2026-02-27,ST002,MED001,15,15,0,0,0,33
2026-02-27,ST002,MED002,12,12,0,66,0,54
2026-02-27,ST002,MED003,1,1,0,0,0,3
2026-02-27,ST002,MED004,6,6,0,0,0,45
2026-02-27,ST002,MED005,11,11,0,0,0,33
2026-02-27,ST002,MED006,11,11,0,0,0,34
2026-02-27,ST002,MED007,1,1,0,24,0,28
2026-02-27,ST002,MED008,1,1,0,0,0,19
2026-02-27,ST002,MED009,7,7,0,0,0,14
2026-02-27,ST002,MED010,1,1,0,0,0,33
2026-02-27,ST002,MED011,11,11,0,0,0,34
2026-02-27,ST002,MED012,17,17,0,0,0,1
2026-02-27,ST002,MED013,10,10,0,0,0,27
2026-02-27,ST002,MED014,5,5,0,0,0,35
2026-02-27,ST002,MED015,12,12,0,0,0,52
2026-02-27,ST002,MED016,9,9,0,0,0,20
2026-02-27,ST002,MED017,8,8,0,0,0,33
2026-02-27,ST002,MED018,3,3,0,0,0,25
2026-02-27,ST002,MED019,5,2,3,0,0,0
2026-02-27,ST002,MED020,7,4,3,0,0,0
2026-02-27,ST002,MED021,8,8,0,0,0,25
2026-02-27,ST002,MED022,3,3,0,0,0,7
2026-02-27,ST002,MED023,12,12,0,0,0,21
2026-02-27,ST002,MED024,12,12,0,0,0,47
2026-02-27,ST002,MED025,5,5,0,36,0,51
2026-02-27,ST002,MED026,12,12,0,0,0,41
2026-02-27,ST002,MED027,13,13,0,0,0,27
2026-02-27,ST002,MED028,4,4,0,0,0,5
2026-02-27,ST002,MED029,11,11,0,0,0,16
2026-02-27,ST002,MED030,2,2,0,0,0,30
2026-02-27,ST003,MED001,11,11,0,0,0,6
2026-02-27,ST003,MED002,12,12,0,66,0,65
2026-02-27,ST003,MED003,3,3,0,0,0,9
2026-02-27,ST003,MED004,9,9,0,0,0,13
2026-02-27,ST003,MED005,8,8,0,0,0,60
2026-02-27,ST003,MED006,9,9,0,0,0,33
2026-02-27,ST003,MED007,6,6,0,0,0,5
2026-02-27,ST003,MED008,3,3,0,0,0,2
2026-02-27,ST003,MED009,11,11,0,0,0,47
2026-02-27,ST003,MED010,4,4,0,0,0,0
2026-02-27,ST003,MED011,12,12,0,66,0,54
2026-02-27,ST003,MED012,10,10,0,0,0,38
2026-02-27,ST003,MED013,7,7,0,0,0,24
2026-02-27,ST003,MED014,2,2,0,0,0,41
2026-02-27,ST003,MED015,12,12,0,0,0,4
2026-02-27,ST003,MED016,10,10,0,0,0,15
2026-02-27,ST003,MED017,20,20,0,0,0,42
2026-02-27,ST003,MED018,2,2,0,0,0,16
2026-02-27,ST003,MED019,1,1,0,0,0,17
2026-02-27,ST003,MED020,11,11,0,0,0,38
2026-02-27,ST003,MED021,10,10,0,60,0,73
2026-02-27,ST003,MED022,10,10,0,0,0,16
2026-02-27,ST003,MED023,11,11,0,72,0,61
2026-02-27,ST003,MED024,11,11,0,0,0,29
2026-02-27,ST003,MED025,5,0,5,0,0,0
2026-02-27,ST003,MED026,12,12,0,72,0,85
2026-02-27,ST003,MED027,14,14,0,0,0,14
2026-02-27,ST003,MED028,5,5,0,0,0,38
2026-02-27,ST003,MED029,7,7,0,48,0,41
2026-02-27,ST003,MED030,5,5,0,0,0,20
2026-02-27,ST004,MED001,17,17,0,0,0,4
2026-02-27,ST004,MED002,16,16,0,0,0,35
2026-02-27,ST004,MED003,7,7,0,24,0,26
2026-02-27,ST004,MED004,9,9,0,0,0,28
2026-02-27,ST004,MED005,14,14,0,0,0,20
2026-02-27,ST004,MED006,13,2,11,0,0,0
2026-02-27,ST004,MED007,5,5,0,0,0,10
2026-02-27,ST004,MED008,4,4,0,0,0,16
2026-02-27,ST004,MED009,12,12,0,0,0,29
2026-02-27,ST004,MED010,4,4,0,0,0,5
2026-02-27,ST004,MED011,12,12,0,0,0,11
2026-02-27,ST004,MED012,14,14,0,72,0,75
2026-02-27,ST004,MED013,5,5,0,0,0,27
2026-02-27,ST004,MED014,7,7,0,0,0,18
2026-02-27,ST004,MED015,15,15,0,0,0,9
2026-02-27,ST004,MED016,6,6,0,0,0,12
2026-02-27,ST004,MED017,10,10,0,0,0,22
2026-02-27,ST004,MED018,6,6,0,0,0,9
2026-02-27,ST004,MED019,6,6,0,0,0,1
2026-02-27,ST004,MED020,12,12,0,0,0,43
2026-02-27,ST004,MED021,14,14,0,60,0,61
2026-02-27,ST004,MED022,6,6,0,0,0,48
2026-02-27,ST004,MED023,11,11,0,0,0,44
2026-02-27,ST004,MED024,14,14,0,0,0,45
2026-02-27,ST004,MED025,7,7,0,0,0,22
2026-02-27,ST004,MED026,13,13,0,0,0,45
2026-02-27,ST004,MED027,16,16,0,72,0,78
2026-02-27,ST004,MED028,8,8,0,0,0,31
2026-02-27,ST004,MED029,9,9,0,0,0,33
2026-02-27,ST004,MED030,6,6,0,0,0,15
2026-02-27,ST005,MED001,12,12,0,72,0,88
2026-02-27,ST005,MED002,12,12,0,60,0,63
2026-02-27,ST005,MED003,3,3,0,0,0,20
2026-02-27,ST005,MED004,10,10,0,0,0,43
2026-02-27,ST005,MED005,12,12,0,0,0,19
2026-02-27,ST005,MED006,13,13,0,0,0,22
2026-02-27,ST005,MED007,3,3,0,0,0,18
2026-02-27,ST005,MED008,3,3,0,0,0,18
2026-02-27,ST005,MED009,10,10,0,0,0,11
2026-02-27,ST005,MED010,5,0,5,0,0,0
2026-02-27,ST005,MED011,15,15,0,0,0,44
2026-02-27,ST005,MED012,12,12,0,0,0,36
2026-02-27,ST005,MED013,10,6,4,0,0,0
2026-02-27,ST005,MED014,9,9,0,0,0,35
2026-02-27,ST005,MED015,14,14,0,0,0,20
2026-02-27,ST005,MED016,10,10,0,0,0,3
2026-02-27,ST005,MED017,14,14,0,0,0,18
2026-02-27,ST005,MED018,6,6,0,0,0,31
2026-02-27,ST005,MED019,8,8,0,0,0,1
2026-02-27,ST005,MED020,11,11,0,0,0,13
2026-02-27,ST005,MED021,13,3,10,0,0,0
2026-02-27,ST005,MED022,4,4,0,0,0,34
2026-02-27,ST005,MED023,11,11,0,0,0,44
2026-02-27,ST005,MED024,10,10,0,0,0,43
2026-02-27,ST005,MED025,9,9,0,0,0,22
2026-02-27,ST005,MED026,13,13,0,72,0,75
2026-02-27,ST005,MED027,17,17,0,0,0,42
2026-02-27,ST005,MED028,5,5,0,0,0,25
2026-02-27,ST005,MED029,7,7,0,0,0,19
2026-02-27,ST005,MED030,4,4,0,0,0,10
2026-02-27,ST006,MED001,19,19,0,0,0,12
2026-02-27,ST006,MED002,12,12,0,0,0,12
2026-02-27,ST006,MED003,3,3,0,0,0,9
2026-02-27,ST006,MED004,11,11,0,0,0,7
2026-02-27,ST006,MED005,14,3,11,0,0,0
2026-02-27,ST006,MED006,16,16,0,60,0,52
2026-02-27,ST006,MED007,0,0,0,0,0,16
2026-02-27,ST006,MED008,4,4,0,0,0,9
2026-02-27,ST006,MED009,7,0,7,0,0,0
2026-02-27,ST006,MED010,4,4,0,24,0,20
2026-02-27,ST006,MED011,13,13,0,0,0,51
2026-02-27,ST006,MED012,11,11,0,0,0,20
2026-02-27,ST006,MED013,12,12,0,0,0,11
2026-02-27,ST006,MED014,5,5,0,48,0,64
2026-02-27,ST006,MED015,14,14,0,0,0,46
2026-02-27,ST006,MED016,9,9,0,0,0,10
2026-02-27,ST006,MED017,15,15,0,72,0,57
2026-02-27,ST006,MED018,6,0,6,0,0,0
2026-02-27,ST006,MED019,3,0,3,0,0,0
2026-02-27,ST006,MED020,7,7,0,0,0,15
2026-02-27,ST006,MED021,12,12,0,0,0,40
2026-02-27,ST006,MED022,10,10,0,48,0,38
2026-02-27,ST006,MED023,15,15,0,0,0,36
2026-02-27,ST006,MED024,15,15,0,0,0,18
2026-02-27,ST006,MED025,5,5,0,0,0,29
2026-02-27,ST006,MED026,15,15,0,0,0,54
2026-02-27,ST006,MED027,18,0,18,0,0,0
2026-02-27,ST006,MED028,6,6,0,0,0,19
2026-02-27,ST006,MED029,12,12,0,0,0,50
2026-02-27,ST006,MED030,7,7,0,0,0,30
2026-02-27,ST007,MED001,10,10,0,0,0,14
2026-02-27,ST007,MED002,10,10,0,0,0,14
2026-02-27,ST007,MED003,0,0,0,0,0,20
2026-02-27,ST007,MED004,4,4,0,0,0,54
2026-02-27,ST007,MED005,10,10,0,0,0,53
2026-02-27,ST007,MED006,6,6,0,0,0,21
2026-02-27,ST007,MED007,4,4,0,0,0,28
2026-02-27,ST007,MED008,3,3,0,0,0,6
2026-02-27,ST007,MED009,5,5,0,0,0,55
2026-02-27,ST007,MED010,1,1,0,0,0,33
2026-02-27,ST007,MED011,7,7,0,66,0,59
2026-02-27,ST007,MED012,10,10,0,0,0,55
2026-02-27,ST007,MED013,5,5,0,0,0,42
2026-02-27,ST007,MED014,2,0,2,0,0,0
2026-02-27,ST007,MED015,9,9,0,0,0,30
2026-02-27,ST007,MED016,3,3,0,0,0,9
2026-02-27,ST007,MED017,13,13,0,60,0,47
2026-02-27,ST007,MED018,1,1,0,0,0,32
2026-02-27,ST007,MED019,2,2,0,0,0,17
2026-02-27,ST007,MED020,7,7,0,0,0,48
2026-02-27,ST007,MED021,9,9,0,0,0,56
2026-02-27,ST007,MED022,1,1,0,0,0,39
2026-02-27,ST007,MED023,8,8,0,0,0,35
2026-02-27,ST007,MED024,11,11,0,0,0,40
2026-02-27,ST007,MED025,5,5,0,0,0,31
2026-02-27,ST007,MED026,4,4,0,72,0,71
2026-02-27,ST007,MED027,13,13,0,0,0,53
2026-02-27,ST007,MED028,5,5,0,0,0,20
2026-02-27,ST007,MED029,7,7,0,72,0,72
2026-02-27,ST007,MED030,1,1,0,0,0,18
2026-02-27,ST008,MED001,6,6,0,0,0,62
2026-02-27,ST008,MED002,8,8,0,0,0,50
2026-02-27,ST008,MED003,4,4,0,0,0,10
2026-02-27,ST008,MED004,10,10,0,0,0,47
2026-02-27,ST008,MED005,7,7,0,0,0,66
2026-02-27,ST008,MED006,8,8,0,0,0,23
2026-02-27,ST008,MED007,6,6,0,0,0,15
2026-02-27,ST008,MED008,4,4,0,0,0,8
2026-02-27,ST008,MED009,10,10,0,0,0,21
2026-02-27,ST008,MED010,6,6,0,0,0,3
2026-02-27,ST008,MED011,15,15,0,0,0,31
2026-02-27,ST008,MED012,9,9,0,0,0,48
2026-02-27,ST008,MED013,7,7,0,0,0,20
2026-02-27,ST008,MED014,3,3,0,48,0,45
2026-02-27,ST008,MED015,8,8,0,0,0,37
2026-02-27,ST008,MED016,5,5,0,0,0,46
2026-02-27,ST008,MED017,8,8,0,0,0,31
2026-02-27,ST008,MED018,6,6,0,0,0,38
2026-02-27,ST008,MED019,0,0,0,0,0,20
2026-02-27,ST008,MED020,5,5,0,0,0,20
2026-02-27,ST008,MED021,11,11,0,0,0,26
2026-02-27,ST008,MED022,5,5,0,0,0,27
2026-02-27,ST008,MED023,9,9,0,0,0,69
2026-02-27,ST008,MED024,13,13,0,0,0,51
2026-02-27,ST008,MED025,7,7,0,0,0,22
2026-02-27,ST008,MED026,8,8,0,0,0,21
2026-02-27,ST008,MED027,10,10,0,0,0,67
2026-02-27,ST008,MED028,10,10,0,0,0,29
2026-02-27,ST008,MED029,6,6,0,0,0,26
2026-02-27,ST008,MED030,6,0,6,0,0,0
2026-02-27,ST009,MED001,13,13,0,0,0,24
2026-02-27,ST009,MED002,11,11,0,0,0,37
2026-02-27,ST009,MED003,2,2,0,0,0,23
2026-02-27,ST009,MED004,6,1,5,0,0,0
2026-02-27,ST009,MED005,13,13,0,72,0,61
2026-02-27,ST009,MED006,9,9,0,0,0,36
2026-02-27,ST009,MED007,2,2,0,0,0,10
2026-02-27,ST009,MED008,6,6,0,0,0,12
2026-02-27,ST009,MED009,9,9,0,0,0,34
2026-02-27,ST009,MED010,5,5,0,0,0,19
2026-02-27,ST009,MED011,16,16,0,66,0,50
2026-02-27,ST009,MED012,8,8,0,0,0,53
2026-02-27,ST009,MED013,4,4,0,0,0,33
2026-02-27,ST009,MED014,3,3,0,0,0,54
2026-02-27,ST009,MED015,9,9,0,72,0,63
2026-02-27,ST009,MED016,10,10,0,48,0,47
2026-02-27,ST009,MED017,12,12,0,0,0,13
2026-02-27,ST009,MED018,5,5,0,0,0,25
2026-02-27,ST009,MED019,4,4,0,24,0,20
2026-02-27,ST009,MED020,11,11,0,0,0,30
2026-02-27,ST009,MED021,8,8,0,0,0,16
2026-02-27,ST009,MED022,2,2,0,0,0,8
2026-02-27,ST009,MED023,5,5,0,0,0,54
2026-02-27,ST009,MED024,12,12,0,0,0,35
2026-02-27,ST009,MED025,7,7,0,0,0,5
2026-02-27,ST009,MED026,10,4,6,0,0,0
2026-02-27,ST009,MED027,11,11,0,0,0,49
2026-02-27,ST009,MED028,11,11,0,48,0,37
2026-02-27,ST009,MED029,11,11,0,0,0,19
2026-02-27,ST009,MED030,4,4,0,0,0,39
2026-02-27,ST010,MED001,14,14,0,0,0,14
2026-02-27,ST010,MED002,12,12,0,0,0,3
2026-02-27,ST010,MED003,3,3,0,0,0,17
2026-02-27,ST010,MED004,8,8,0,0,0,29
2026-02-27,ST010,MED005,11,0,11,0,0,0
2026-02-27,ST010,MED006,11,11,0,0,0,25
2026-02-27,ST010,MED007,3,3,0,0,0,12
2026-02-27,ST010,MED008,0,0,0,0,0,0
2026-02-27,ST010,MED009,11,11,0,0,0,16
2026-02-27,ST010,MED010,6,6,0,0,0,9
2026-02-27,ST010,MED011,14,14,0,0,0,17
2026-02-27,ST010,MED012,11,11,0,0,0,26
2026-02-27,ST010,MED013,7,7,0,0,0,16
2026-02-27,ST010,MED014,5,5,0,0,0,39
2026-02-27,ST010,MED015,12,12,0,0,0,14
2026-02-27,ST010,MED016,10,10,0,0,0,2
2026-02-27,ST010,MED017,10,10,0,0,0,27
2026-02-27,ST010,MED018,5,5,0,0,0,7
2026-02-27,ST010,MED019,1,1,0,0,0,13
2026-02-27,ST010,MED020,6,6,0,0,0,45
2026-02-27,ST010,MED021,11,11,0,0,0,4
2026-02-27,ST010,MED022,6,6,0,48,0,42
2026-02-27,ST010,MED023,11,11,0,0,0,35
2026-02-27,ST010,MED024,16,16,0,0,0,44
2026-02-27,ST010,MED025,10,10,0,0,0,6
2026-02-27,ST010,MED026,13,13,0,0,0,33
2026-02-27,ST010,MED027,14,14,0,0,0,37
2026-02-27,ST010,MED028,5,5,0,48,0,49
2026-02-27,ST010,MED029,8,8,0,0,0,48
2026-02-27,ST010,MED030,4,4,0,0,0,27
2026-02-27,ST011,MED001,12,12,0,0,0,47
2026-02-27,ST011,MED002,13,13,0,0,0,41
2026-02-27,ST011,MED003,3,3,0,24,0,21
2026-02-27,ST011,MED004,10,10,0,48,0,47
2026-02-27,ST011,MED005,13,13,0,0,0,25
2026-02-27,ST011,MED006,10,10,0,0,0,66
2026-02-27,ST011,MED007,4,4,0,0,0,20
2026-02-27,ST011,MED008,1,1,0,24,0,27
2026-02-27,ST011,MED009,10,7,3,0,0,0
2026-02-27,ST011,MED010,5,0,5,0,0,0
2026-02-27,ST011,MED011,12,12,0,66,0,54
2026-02-27,ST011,MED012,16,16,0,0,0,45
2026-02-27,ST011,MED013,12,12,0,0,0,25
2026-02-27,ST011,MED014,6,6,0,48,0,50
2026-02-27,ST011,MED015,14,12,2,0,0,0
2026-02-27,ST011,MED016,8,8,0,48,0,40
2026-02-27,ST011,MED017,13,13,0,0,0,1
2026-02-27,ST011,MED018,7,7,0,0,0,25
2026-02-27,ST011,MED019,6,6,0,0,0,8
2026-02-27,ST011,MED020,8,8,0,0,0,37
2026-02-27,ST011,MED021,5,5,0,0,0,14
2026-02-27,ST011,MED022,10,10,0,0,0,16
2026-02-27,ST011,MED023,14,14,0,0,0,21
2026-02-27,ST011,MED024,10,1,9,0,0,0
2026-02-27,ST011,MED025,3,3,0,36,0,33
2026-02-27,ST011,MED026,13,13,0,72,0,85
2026-02-27,ST011,MED027,7,7,0,0,0,37
2026-02-27,ST011,MED028,7,7,0,0,0,32
2026-02-27,ST011,MED029,10,10,0,0,0,47
2026-02-27,ST011,MED030,7,7,0,0,0,10
2026-02-27,ST012,MED001,14,0,14,0,0,0
2026-02-27,ST012,MED002,17,17,0,0,0,25
2026-02-27,ST012,MED003,3,3,0,0,0,11
2026-02-27,ST012,MED004,8,8,0,48,0,40
2026-02-27,ST012,MED005,12,12,0,0,0,32
2026-02-27,ST012,MED006,13,13,0,0,0,32
2026-02-27,ST012,MED007,2,1,1,0,0,0
2026-02-27,ST012,MED008,3,3,0,0,0,0
2026-02-27,ST012,MED009,10,10,0,60,0,74
2026-02-27,ST012,MED010,4,4,0,0,0,11
2026-02-27,ST012,MED011,11,11,0,0,0,12
2026-02-27,ST012,MED012,14,14,0,60,0,46
2026-02-27,ST012,MED013,8,8,0,0,0,25
2026-02-27,ST012,MED014,4,4,0,0,0,42
2026-02-27,ST012,MED015,20,20,0,0,0,48
2026-02-27,ST012,MED016,11,4,7,0,0,0
2026-02-27,ST012,MED017,11,11,0,72,0,65
2026-02-27,ST012,MED018,4,0,4,0,0,0
2026-02-27,ST012,MED019,6,6,0,0,0,16
2026-02-27,ST012,MED020,7,7,0,48,0,41
2026-02-27,ST012,MED021,12,0,12,0,0,0
2026-02-27,ST012,MED022,12,12,0,0,0,6
2026-02-27,ST012,MED023,12,12,0,0,0,5
2026-02-27,ST012,MED024,13,13,0,0,0,34
2026-02-27,ST012,MED025,4,4,0,0,0,26
2026-02-27,ST012,MED026,12,12,0,72,0,60
2026-02-27,ST012,MED027,11,11,0,0,0,44
2026-02-27,ST012,MED028,6,6,0,48,0,58
2026-02-27,ST012,MED029,13,13,0,0,0,15
2026-02-27,ST012,MED030,12,12,0,0,0,11
2026-02-27,ST013,MED001,14,14,0,0,0,70
2026-02-27,ST013,MED002,17,17,0,0,0,21
2026-02-27,ST013,MED003,3,0,3,0,0,0
2026-02-27,ST013,MED004,8,6,2,0,0,0
2026-02-27,ST013,MED005,17,17,0,0,0,50
2026-02-27,ST013,MED006,12,12,0,0,0,32
2026-02-27,ST013,MED007,5,5,0,0,0,12
2026-02-27,ST013,MED008,0,0,0,0,0,18
2026-02-27,ST013,MED009,9,9,0,60,0,51
2026-02-27,ST013,MED010,5,1,4,0,0,0
2026-02-27,ST013,MED011,13,13,0,0,0,26
2026-02-27,ST013,MED012,13,5,8,0,0,0
2026-02-27,ST013,MED013,6,6,0,0,0,47
2026-02-27,ST013,MED014,4,0,4,0,0,0
2026-02-27,ST013,MED015,15,15,0,0,0,1
2026-02-27,ST013,MED016,12,0,12,0,0,0
2026-02-27,ST013,MED017,14,14,0,0,0,31
2026-02-27,ST013,MED018,8,8,0,0,0,35
2026-02-27,ST013,MED019,5,5,0,0,0,11
2026-02-27,ST013,MED020,12,7,5,0,0,0
2026-02-27,ST013,MED021,9,0,9,0,0,0
2026-02-27,ST013,MED022,11,11,0,0,0,16
2026-02-27,ST013,MED023,13,13,0,0,0,34
2026-02-27,ST013,MED024,15,15,0,0,0,2
2026-02-27,ST013,MED025,8,8,0,0,0,5
2026-02-27,ST013,MED026,16,16,0,0,0,26
2026-02-27,ST013,MED027,12,12,0,0,0,44
2026-02-27,ST013,MED028,7,7,0,0,0,24
2026-02-27,ST013,MED029,21,21,0,0,0,3
2026-02-27,ST013,MED030,8,8,0,0,0,1
2026-02-27,ST014,MED001,6,6,0,0,0,76
2026-02-27,ST014,MED002,5,5,0,0,0,35
2026-02-27,ST014,MED003,4,4,0,0,0,8
2026-02-27,ST014,MED004,6,6,0,0,0,39
2026-02-27,ST014,MED005,12,12,0,0,0,27
2026-02-27,ST014,MED006,11,11,0,0,0,60
2026-02-27,ST014,MED007,5,5,0,24,0,21
2026-02-27,ST014,MED008,0,0,0,0,0,22
2026-02-27,ST014,MED009,5,5,0,0,0,7
2026-02-27,ST014,MED010,1,1,0,0,0,19
2026-02-27,ST014,MED011,11,11,0,0,0,57
2026-02-27,ST014,MED012,7,7,0,0,0,50
2026-02-27,ST014,MED013,6,6,0,0,0,36
2026-02-27,ST014,MED014,3,3,0,0,0,7
2026-02-27,ST014,MED015,7,0,7,0,0,0
2026-02-27,ST014,MED016,4,4,0,0,0,32
2026-02-27,ST014,MED017,8,8,0,0,0,73
2026-02-27,ST014,MED018,2,2,0,48,0,57
2026-02-27,ST014,MED019,2,2,0,0,0,7
2026-02-27,ST014,MED020,8,8,0,0,0,7
2026-02-27,ST014,MED021,7,7,0,0,0,29
2026-02-27,ST014,MED022,2,2,0,0,0,37
2026-02-27,ST014,MED023,6,6,0,0,0,77
2026-02-27,ST014,MED024,8,8,0,0,0,58
2026-02-27,ST014,MED025,10,10,0,0,0,11
2026-02-27,ST014,MED026,11,11,0,0,0,60
2026-02-27,ST014,MED027,13,13,0,0,0,45
2026-02-27,ST014,MED028,4,4,0,0,0,45
2026-02-27,ST014,MED029,7,7,0,0,0,4
2026-02-27,ST014,MED030,5,5,0,0,0,14
2026-02-27,ST015,MED001,10,10,0,0,0,23
2026-02-27,ST015,MED002,10,10,0,0,0,12
2026-02-27,ST015,MED003,0,0,0,0,0,12
2026-02-27,ST015,MED004,6,6,0,0,0,6
2026-02-27,ST015,MED005,7,7,0,0,0,25
2026-02-27,ST015,MED006,10,10,0,0,0,17
2026-02-27,ST015,MED007,3,0,3,0,0,0
2026-02-27,ST015,MED008,2,2,0,0,0,22
2026-02-27,ST015,MED009,6,6,0,0,0,66
2026-02-27,ST015,MED010,3,3,0,0,0,7
2026-02-27,ST015,MED011,12,12,0,0,0,45
2026-02-27,ST015,MED012,10,10,0,0,0,36
2026-02-27,ST015,MED013,10,10,0,0,0,21
2026-02-27,ST015,MED014,5,5,0,0,0,24
2026-02-27,ST015,MED015,13,13,0,0,0,12
2026-02-27,ST015,MED016,7,5,2,0,0,0
2026-02-27,ST015,MED017,9,7,2,0,0,0
2026-02-27,ST015,MED018,5,5,0,0,0,44
2026-02-27,ST015,MED019,3,3,0,0,0,25
2026-02-27,ST015,MED020,5,5,0,0,0,10
2026-02-27,ST015,MED021,14,14,0,0,0,26
2026-02-27,ST015,MED022,8,8,0,0,0,8
2026-02-27,ST015,MED023,6,6,0,0,0,67
2026-02-27,ST015,MED024,10,10,0,72,0,62
2026-02-27,ST015,MED025,7,7,0,0,0,20
2026-02-27,ST015,MED026,14,14,0,72,0,73
2026-02-27,ST015,MED027,7,7,0,72,0,65
2026-02-27,ST015,MED028,2,2,0,0,0,25
2026-02-27,ST015,MED029,6,6,0,72,0,83
2026-02-27,ST015,MED030,7,7,0,0,0,24
2026-02-27,ST016,MED001,10,10,0,0,0,22
2026-02-27,ST016,MED002,12,12,0,0,0,24
2026-02-27,ST016,MED003,4,4,0,0,0,15
2026-02-27,ST016,MED004,8,8,0,48,0,40
2026-02-27,ST016,MED005,8,8,0,72,0,94
2026-02-27,ST016,MED006,7,7,0,0,0,22
2026-02-27,ST016,MED007,5,5,0,0,0,3
2026-02-27,ST016,MED008,5,5,0,0,0,16
2026-02-27,ST016,MED009,9,9,0,0,0,20
2026-02-27,ST016,MED010,5,5,0,0,0,15
2026-02-27,ST016,MED011,9,9,0,0,0,44
2026-02-27,ST016,MED012,10,10,0,0,0,39
2026-02-27,ST016,MED013,5,5,0,0,0,39
2026-02-27,ST016,MED014,7,7,0,48,0,53
2026-02-27,ST016,MED015,12,12,0,0,0,44
2026-02-27,ST016,MED016,6,6,0,0,0,16
2026-02-27,ST016,MED017,12,12,0,0,0,26
2026-02-27,ST016,MED018,6,6,0,0,0,15
2026-02-27,ST016,MED019,0,0,0,0,0,24
2026-02-27,ST016,MED020,5,0,5,0,0,0
2026-02-27,ST016,MED021,12,12,0,0,0,23
2026-02-27,ST016,MED022,3,3,0,0,0,54
2026-02-27,ST016,MED023,9,9,0,0,0,32
2026-02-27,ST016,MED024,9,9,0,0,0,5
2026-02-27,ST016,MED025,2,2,0,0,0,8
2026-02-27,ST016,MED026,11,11,0,0,0,47
2026-02-27,ST016,MED027,9,9,0,72,0,97
2026-02-27,ST016,MED028,4,0,4,0,0,0
2026-02-27,ST016,MED029,9,2,7,0,0,0
2026-02-27,ST016,MED030,3,3,0,0,0,2
2026-02-27,ST017,MED001,10,10,0,0,0,8
2026-02-27,ST017,MED002,10,10,0,0,0,55
2026-02-27,ST017,MED003,4,0,4,0,0,0
2026-02-27,ST017,MED004,6,6,0,48,0,42
2026-02-27,ST017,MED005,9,0,9,0,0,0
2026-02-27,ST017,MED006,16,16,0,0,0,32
2026-02-27,ST017,MED007,1,1,0,0,0,8
2026-02-27,ST017,MED008,5,5,0,0,0,17
2026-02-27,ST017,MED009,9,9,0,60,0,51
2026-02-27,ST017,MED010,1,1,0,0,0,16
2026-02-27,ST017,MED011,13,13,0,0,0,36
2026-02-27,ST017,MED012,15,15,0,0,0,23
2026-02-27,ST017,MED013,15,15,0,48,0,46
2026-02-27,ST017,MED014,5,5,0,0,0,47
2026-02-27,ST017,MED015,11,11,0,0,0,61
2026-02-27,ST017,MED016,7,7,0,0,0,24
2026-02-27,ST017,MED017,14,14,0,0,0,47
2026-02-27,ST017,MED018,3,3,0,0,0,12
2026-02-27,ST017,MED019,2,2,0,24,0,22
2026-02-27,ST017,MED020,13,13,0,0,0,1
2026-02-27,ST017,MED021,11,11,0,0,0,40
2026-02-27,ST017,MED022,7,7,0,0,0,30
2026-02-27,ST017,MED023,11,11,0,0,0,60
2026-02-27,ST017,MED024,13,13,0,0,0,41
2026-02-27,ST017,MED025,8,8,0,0,0,30
2026-02-27,ST017,MED026,9,5,4,0,0,0
2026-02-27,ST017,MED027,14,14,0,0,0,61
2026-02-27,ST017,MED028,7,7,0,0,0,13
2026-02-27,ST017,MED029,7,7,0,0,0,17
2026-02-27,ST017,MED030,7,0,7,0,0,0
2026-02-27,ST018,MED001,10,0,10,0,0,0
2026-02-27,ST018,MED002,16,16,0,0,0,14
2026-02-27,ST018,MED003,0,0,0,0,0,13
2026-02-27,ST018,MED004,6,6,0,0,0,25
2026-02-27,ST018,MED005,11,11,0,0,0,55
2026-02-27,ST018,MED006,17,17,0,0,0,20
2026-02-27,ST018,MED007,5,5,0,0,0,4
2026-02-27,ST018,MED008,3,3,0,0,0,11
2026-02-27,ST018,MED009,13,13,0,0,0,6
2026-02-27,ST018,MED010,6,6,0,0,0,22
2026-02-27,ST018,MED011,10,3,7,0,0,0
2026-02-27,ST018,MED012,7,7,0,0,0,6
2026-02-27,ST018,MED013,4,4,0,36,0,42
2026-02-27,ST018,MED014,7,7,0,0,0,32
2026-02-27,ST018,MED015,11,11,0,72,0,61
2026-02-27,ST018,MED016,5,5,0,0,0,36
2026-02-27,ST018,MED017,14,14,0,0,0,18
2026-02-27,ST018,MED018,9,9,0,0,0,11
2026-02-27,ST018,MED019,3,3,0,0,0,15
2026-02-27,ST018,MED020,4,4,0,0,0,12
2026-02-27,ST018,MED021,13,13,0,0,0,20
2026-02-27,ST018,MED022,6,6,0,0,0,11
2026-02-27,ST018,MED023,12,12,0,0,0,52
2026-02-27,ST018,MED024,14,14,0,0,0,32
2026-02-27,ST018,MED025,5,3,2,0,0,0
2026-02-27,ST018,MED026,13,0,13,0,0,0
2026-02-27,ST018,MED027,22,16,6,0,0,0
2026-02-27,ST018,MED028,5,5,0,0,0,30
2026-02-27,ST018,MED029,11,11,0,0,0,51
2026-02-27,ST018,MED030,2,2,0,0,0,36
2026-02-27,ST019,MED001,14,0,14,0,0,0
2026-02-27,ST019,MED002,15,0,15,0,0,0
2026-02-27,ST019,MED003,5,5,0,0,0,17
2026-02-27,ST019,MED004,8,8,0,0,0,17
2026-02-27,ST019,MED005,15,15,0,0,0,79
2026-02-27,ST019,MED006,9,9,0,0,0,44
2026-02-27,ST019,MED007,2,2,0,0,0,27
2026-02-27,ST019,MED008,5,5,0,0,0,9
2026-02-27,ST019,MED009,15,15,0,0,0,38
2026-02-27,ST019,MED010,5,5,0,24,0,29
2026-02-27,ST019,MED011,13,13,0,0,0,34
2026-02-27,ST019,MED012,14,14,0,0,0,21
2026-02-27,ST019,MED013,10,10,0,48,0,48
2026-02-27,ST019,MED014,10,10,0,0,0,44
2026-02-27,ST019,MED015,15,15,0,0,0,57
2026-02-27,ST019,MED016,10,6,4,0,0,0
2026-02-27,ST019,MED017,12,12,0,0,0,80
2026-02-27,ST019,MED018,8,8,0,0,0,26
2026-02-27,ST019,MED019,2,2,0,0,0,20
2026-02-27,ST019,MED020,6,6,0,0,0,8
2026-02-27,ST019,MED021,10,10,0,60,0,66
2026-02-27,ST019,MED022,9,9,0,0,0,24
2026-02-27,ST019,MED023,12,12,0,0,0,21
2026-02-27,ST019,MED024,12,12,0,0,0,12
2026-02-27,ST019,MED025,0,0,0,0,0,28
2026-02-27,ST019,MED026,15,15,0,72,0,57
2026-02-27,ST019,MED027,11,11,0,72,0,61
2026-02-27,ST019,MED028,11,11,0,0,0,14
2026-02-27,ST019,MED029,15,15,0,0,0,35
2026-02-27,ST019,MED030,9,9,0,0,0,21
2026-02-27,ST020,MED001,14,14,0,0,0,47
2026-02-27,ST020,MED002,13,13,0,0,0,62
2026-02-27,ST020,MED003,5,5,0,0,0,5
2026-02-27,ST020,MED004,11,11,0,0,0,1
2026-02-27,ST020,MED005,14,14,0,0,0,55
2026-02-27,ST020,MED006,13,13,0,0,0,36
2026-02-27,ST020,MED007,4,4,0,24,0,36
2026-02-27,ST020,MED008,5,0,5,0,0,0
2026-02-27,ST020,MED009,15,2,13,0,0,0
2026-02-27,ST020,MED010,7,7,0,0,0,13
2026-02-27,ST020,MED011,15,15,0,66,0,51
2026-02-27,ST020,MED012,14,14,0,60,0,46
2026-02-27,ST020,MED013,8,8,0,0,0,28
2026-02-27,ST020,MED014,11,11,0,0,0,23
2026-02-27,ST020,MED015,12,12,0,96,0,84
2026-02-27,ST020,MED016,6,6,0,0,0,26
2026-02-27,ST020,MED017,14,14,0,0,0,21
2026-02-27,ST020,MED018,7,7,0,0,0,15
2026-02-27,ST020,MED019,5,5,0,0,0,4
2026-02-27,ST020,MED020,9,9,0,0,0,18
2026-02-27,ST020,MED021,8,0,8,0,0,0
2026-02-27,ST020,MED022,8,0,8,0,0,0
2026-02-27,ST020,MED023,14,14,0,0,0,22
2026-02-27,ST020,MED024,19,19,0,0,0,33
2026-02-27,ST020,MED025,11,11,0,0,0,11
2026-02-27,ST020,MED026,13,13,0,0,0,57
2026-02-27,ST020,MED027,15,15,0,0,0,17
2026-02-27,ST020,MED028,11,11,0,0,0,32
2026-02-27,ST020,MED029,14,14,0,0,0,20
2026-02-27,ST020,MED030,9,9,0,0,0,13
2026-02-27,ST021,MED001,11,11,0,72,0,61
2026-02-27,ST021,MED002,6,6,0,0,0,41
2026-02-27,ST021,MED003,5,5,0,0,0,18
2026-02-27,ST021,MED004,2,2,0,0,0,11
2026-02-27,ST021,MED005,8,8,0,0,0,21
2026-02-27,ST021,MED006,9,9,0,0,0,21
2026-02-27,ST021,MED007,3,3,0,0,0,22
2026-02-27,ST021,MED008,2,2,0,0,0,9
2026-02-27,ST021,MED009,7,7,0,0,0,44
2026-02-27,ST021,MED010,2,2,0,0,0,8
2026-02-27,ST021,MED011,8,8,0,0,0,56
2026-02-27,ST021,MED012,6,6,0,0,0,21
2026-02-27,ST021,MED013,6,6,0,0,0,15
2026-02-27,ST021,MED014,4,4,0,0,0,37
2026-02-27,ST021,MED015,13,13,0,0,0,10
2026-02-27,ST021,MED016,5,5,0,0,0,11
2026-02-27,ST021,MED017,7,7,0,0,0,36
2026-02-27,ST021,MED018,5,5,0,0,0,29
2026-02-27,ST021,MED019,2,2,0,0,0,14
2026-02-27,ST021,MED020,8,8,0,0,0,1
2026-02-27,ST021,MED021,6,6,0,60,0,54
2026-02-27,ST021,MED022,5,5,0,36,0,37
2026-02-27,ST021,MED023,9,9,0,0,0,40
2026-02-27,ST021,MED024,11,11,0,0,0,35
2026-02-27,ST021,MED025,4,4,0,0,0,11
2026-02-27,ST021,MED026,8,8,0,0,0,60
2026-02-27,ST021,MED027,11,11,0,0,0,12
2026-02-27,ST021,MED028,4,4,0,0,0,35
2026-02-27,ST021,MED029,5,5,0,0,0,26
2026-02-27,ST021,MED030,3,0,3,0,0,0
2026-02-27,ST022,MED001,9,9,0,0,0,2
2026-02-27,ST022,MED002,8,0,8,0,0,0
2026-02-27,ST022,MED003,1,1,0,0,0,5
2026-02-27,ST022,MED004,1,1,0,48,0,74
2026-02-27,ST022,MED005,8,8,0,0,0,52
2026-02-27,ST022,MED006,10,10,0,60,0,57
2026-02-27,ST022,MED007,1,1,0,0,0,9
2026-02-27,ST022,MED008,2,2,0,0,0,20
2026-02-27,ST022,MED009,8,8,0,0,0,29
2026-02-27,ST022,MED010,4,4,0,0,0,28
2026-02-27,ST022,MED011,7,7,0,0,0,46
2026-02-27,ST022,MED012,10,10,0,0,0,36
2026-02-27,ST022,MED013,5,5,0,0,0,40
2026-02-27,ST022,MED014,3,3,0,0,0,23
2026-02-27,ST022,MED015,9,9,0,0,0,68
2026-02-27,ST022,MED016,7,7,0,0,0,44
2026-02-27,ST022,MED017,9,9,0,0,0,20
2026-02-27,ST022,MED018,6,6,0,0,0,28
2026-02-27,ST022,MED019,2,2,0,0,0,16
2026-02-27,ST022,MED020,4,4,0,0,0,13
2026-02-27,ST022,MED021,7,7,0,0,0,32
2026-02-27,ST022,MED022,3,1,2,0,0,0
2026-02-27,ST022,MED023,9,5,4,0,0,0
2026-02-27,ST022,MED024,15,15,0,0,0,38
2026-02-27,ST022,MED025,4,4,0,0,0,11
2026-02-27,ST022,MED026,8,8,0,0,0,30
2026-02-27,ST022,MED027,11,11,0,0,0,74
2026-02-27,ST022,MED028,6,6,0,0,0,37
2026-02-27,ST022,MED029,4,4,0,0,0,61
2026-02-27,ST022,MED030,6,6,0,0,0,1
2026-02-27,ST023,MED001,9,9,0,0,0,51
2026-02-27,ST023,MED002,5,5,0,0,0,13
2026-02-27,ST023,MED003,1,1,0,0,0,5
2026-02-27,ST023,MED004,3,3,0,0,0,27
2026-02-27,ST023,MED005,10,10,0,0,0,38
2026-02-27,ST023,MED006,10,10,0,0,0,48
2026-02-27,ST023,MED007,0,0,0,0,0,26
2026-02-27,ST023,MED008,0,0,0,0,0,18
2026-02-27,ST023,MED009,10,10,0,60,0,50
2026-02-27,ST023,MED010,0,0,0,0,0,13
2026-02-27,ST023,MED011,15,15,0,0,0,56
2026-02-27,ST023,MED012,10,10,0,0,0,47
2026-02-27,ST023,MED013,5,5,0,0,0,42
2026-02-27,ST023,MED014,1,1,0,0,0,36
2026-02-27,ST023,MED015,14,7,7,0,0,0
2026-02-27,ST023,MED016,4,4,0,0,0,32
2026-02-27,ST023,MED017,9,9,0,0,0,64
2026-02-27,ST023,MED018,5,5,0,0,0,36
2026-02-27,ST023,MED019,2,0,2,0,0,0
2026-02-27,ST023,MED020,7,7,0,48,0,48
2026-02-27,ST023,MED021,11,11,0,0,0,37
2026-02-27,ST023,MED022,6,6,0,0,0,31
2026-02-27,ST023,MED023,8,8,0,0,0,50
2026-02-27,ST023,MED024,9,9,0,0,0,35
2026-02-27,ST023,MED025,8,8,0,0,0,29
2026-02-27,ST023,MED026,9,9,0,0,0,17
2026-02-27,ST023,MED027,13,0,13,0,0,0
2026-02-27,ST023,MED028,3,3,0,0,0,2
2026-02-27,ST023,MED029,5,5,0,72,0,67
2026-02-27,ST023,MED030,8,8,0,30,0,22
2026-02-27,ST024,MED001,10,10,0,0,0,60
2026-02-27,ST024,MED002,9,9,0,66,0,57
2026-02-27,ST024,MED003,5,5,0,0,0,4
2026-02-27,ST024,MED004,11,9,2,0,0,0
2026-02-27,ST024,MED005,6,6,0,0,0,32
2026-02-27,ST024,MED006,11,11,0,0,0,25
2026-02-27,ST024,MED007,3,3,0,24,0,28
2026-02-27,ST024,MED008,0,0,0,0,0,5
2026-02-27,ST024,MED009,10,10,0,0,0,34
2026-02-27,ST024,MED010,4,4,0,0,0,15
2026-02-27,ST024,MED011,11,11,0,0,0,36
2026-02-27,ST024,MED012,8,8,0,0,0,12
2026-02-27,ST024,MED013,7,7,0,0,0,31
2026-02-27,ST024,MED014,7,7,0,0,0,26
2026-02-27,ST024,MED015,23,23,0,72,0,49
2026-02-27,ST024,MED016,5,5,0,0,0,32
2026-02-27,ST024,MED017,8,8,0,0,0,6
2026-02-27,ST024,MED018,6,6,0,0,0,49
2026-02-27,ST024,MED019,2,2,0,0,0,11
2026-02-27,ST024,MED020,6,6,0,0,0,34
2026-02-27,ST024,MED021,15,3,12,0,0,0
2026-02-27,ST024,MED022,11,11,0,48,0,53
2026-02-27,ST024,MED023,13,13,0,0,0,25
2026-02-27,ST024,MED024,17,17,0,0,0,38
2026-02-27,ST024,MED025,4,4,0,0,0,20
2026-02-27,ST024,MED026,11,11,0,0,0,83
2026-02-27,ST024,MED027,14,14,0,0,0,46
2026-02-27,ST024,MED028,9,3,6,0,0,0
2026-02-27,ST024,MED029,12,12,0,0,0,34
2026-02-27,ST024,MED030,5,5,0,0,0,11
2026-02-27,ST025,MED001,9,9,0,0,0,40
2026-02-27,ST025,MED002,11,11,0,66,0,77
2026-02-27,ST025,MED003,2,2,0,24,0,22
2026-02-27,ST025,MED004,11,11,0,48,0,45
2026-02-27,ST025,MED005,12,12,0,0,0,45
2026-02-27,ST025,MED006,15,15,0,0,0,34
2026-02-27,ST025,MED007,3,3,0,24,0,27
2026-02-27,ST025,MED008,5,0,5,0,0,0
2026-02-27,ST025,MED009,12,12,0,60,0,57
2026-02-27,ST025,MED010,3,3,0,36,0,34
2026-02-27,ST025,MED011,15,4,11,0,0,0
2026-02-27,ST025,MED012,8,8,0,0,0,48
2026-02-27,ST025,MED013,10,10,0,0,0,19
2026-02-27,ST025,MED014,3,3,0,0,0,33
2026-02-27,ST025,MED015,8,8,0,0,0,7
2026-02-27,ST025,MED016,8,8,0,0,0,23
2026-02-27,ST025,MED017,13,13,0,0,0,50
2026-02-27,ST025,MED018,5,5,0,0,0,37
2026-02-27,ST025,MED019,3,3,0,24,0,28
2026-02-27,ST025,MED020,9,9,0,0,0,30
2026-02-27,ST025,MED021,11,11,0,0,0,37
2026-02-27,ST025,MED022,5,0,5,0,0,0
2026-02-27,ST025,MED023,12,12,0,0,0,6
2026-02-27,ST025,MED024,12,12,0,0,0,6
2026-02-27,ST025,MED025,12,12,0,0,0,24
2026-02-27,ST025,MED026,11,11,0,0,0,35
2026-02-27,ST025,MED027,13,13,0,0,0,47
2026-02-27,ST025,MED028,7,7,0,0,0,35
2026-02-27,ST025,MED029,14,14,0,48,0,57
2026-02-27,ST025,MED030,6,6,0,0,0,7
2026-02-27,ST026,MED001,14,0,14,0,0,0
2026-02-27,ST026,MED002,11,11,0,0,0,41
2026-02-27,ST026,MED003,2,2,0,24,0,24
2026-02-27,ST026,MED004,9,9,0,0,0,38
2026-02-27,ST026,MED005,10,10,0,0,0,56
2026-02-27,ST026,MED006,15,15,0,0,0,30
2026-02-27,ST026,MED007,6,6,0,0,0,15
2026-02-27,ST026,MED008,2,2,0,0,0,14
2026-02-27,ST026,MED009,10,10,0,0,0,38
2026-02-27,ST026,MED010,8,8,0,0,0,13
2026-02-27,ST026,MED011,12,12,0,0,0,40
2026-02-27,ST026,MED012,11,11,0,60,0,77
2026-02-27,ST026,MED013,7,7,0,0,0,16
2026-02-27,ST026,MED014,6,6,0,0,0,16
2026-02-27,ST026,MED015,18,18,0,0,0,41
2026-02-27,ST026,MED016,10,10,0,0,0,0
2026-02-27,ST026,MED017,14,14,0,0,0,34
2026-02-27,ST026,MED018,10,10,0,48,0,65
2026-02-27,ST026,MED019,0,0,0,0,0,8
2026-02-27,ST026,MED020,9,9,0,48,0,39
2026-02-27,ST026,MED021,14,14,0,0,0,16
2026-02-27,ST026,MED022,6,6,0,0,0,6
2026-02-27,ST026,MED023,18,18,0,0,0,27
2026-02-27,ST026,MED024,16,16,0,72,0,56
2026-02-27,ST026,MED025,6,6,0,0,0,12
2026-02-27,ST026,MED026,12,12,0,0,0,37
2026-02-27,ST026,MED027,13,0,13,0,0,0
2026-02-27,ST026,MED028,11,3,8,0,0,0
2026-02-27,ST026,MED029,13,0,13,0,0,0
2026-02-27,ST026,MED030,4,4,0,36,0,38
2026-02-27,ST027,MED001,15,15,0,0,0,50
2026-02-27,ST027,MED002,15,15,0,0,0,50
2026-02-27,ST027,MED003,5,2,3,0,0,0
2026-02-27,ST027,MED004,16,16,0,60,0,48
2026-02-27,ST027,MED005,13,13,0,0,0,3
2026-02-27,ST027,MED006,11,11,0,60,0,78
2026-02-27,ST027,MED007,7,7,0,0,0,13
2026-02-27,ST027,MED008,3,3,0,0,0,3
2026-02-27,ST027,MED009,12,5,7,0,0,0
2026-02-27,ST027,MED010,6,6,0,0,0,11
2026-02-27,ST027,MED011,23,0,23,0,0,0
2026-02-27,ST027,MED012,14,14,0,0,0,31
2026-02-27,ST027,MED013,10,10,0,0,0,54
2026-02-27,ST027,MED014,7,7,0,0,0,6
2026-02-27,ST027,MED015,11,11,0,0,0,68
2026-02-27,ST027,MED016,7,7,0,48,0,41
2026-02-27,ST027,MED017,15,15,0,0,0,44
2026-02-27,ST027,MED018,7,7,0,0,0,27
2026-02-27,ST027,MED019,2,2,0,0,0,17
2026-02-27,ST027,MED020,8,8,0,0,0,3
2026-02-27,ST027,MED021,14,0,14,0,0,0
2026-02-27,ST027,MED022,5,5,0,48,0,51
2026-02-27,ST027,MED023,13,13,0,0,0,51
2026-02-27,ST027,MED024,18,18,0,0,0,52
2026-02-27,ST027,MED025,5,5,0,0,0,1
2026-02-27,ST027,MED026,17,17,0,0,0,25
2026-02-27,ST027,MED027,16,16,0,0,0,13
2026-02-27,ST027,MED028,8,8,0,0,0,17
2026-02-27,ST027,MED029,10,10,0,0,0,52
2026-02-27,ST027,MED030,7,7,0,36,0,35
2026-02-27,ST028,MED001,8,8,0,0,0,16
2026-02-27,ST028,MED002,7,7,0,0,0,68
2026-02-27,ST028,MED003,3,3,0,0,0,14
2026-02-27,ST028,MED004,4,4,0,0,0,21
2026-02-27,ST028,MED005,6,6,0,60,0,63
2026-02-27,ST028,MED006,10,10,0,0,0,48
2026-02-27,ST028,MED007,0,0,0,0,0,25
2026-02-27,ST028,MED008,1,1,0,0,0,3
2026-02-27,ST028,MED009,6,6,0,0,0,36
2026-02-27,ST028,MED010,2,2,0,24,0,32
2026-02-27,ST028,MED011,9,9,0,0,0,69
2026-02-27,ST028,MED012,13,13,0,0,0,4
2026-02-27,ST028,MED013,10,10,0,0,0,16
2026-02-27,ST028,MED014,4,4,0,0,0,16
2026-02-27,ST028,MED015,10,10,0,0,0,39
2026-02-27,ST028,MED016,7,7,0,0,0,21
2026-02-27,ST028,MED017,9,9,0,0,0,60
2026-02-27,ST028,MED018,4,4,0,0,0,39
2026-02-27,ST028,MED019,1,1,0,0,0,13
2026-02-27,ST028,MED020,6,5,1,0,0,0
2026-02-27,ST028,MED021,7,7,0,0,0,57
2026-02-27,ST028,MED022,5,5,0,42,0,50
2026-02-27,ST028,MED023,6,6,0,0,0,23
2026-02-27,ST028,MED024,6,6,0,0,0,58
2026-02-27,ST028,MED025,2,2,0,0,0,40
2026-02-27,ST028,MED026,12,12,0,72,0,86
2026-02-27,ST028,MED027,7,7,0,0,0,45
2026-02-27,ST028,MED028,4,4,0,0,0,25
2026-02-27,ST028,MED029,7,7,0,0,0,20
2026-02-27,ST028,MED030,3,3,0,0,0,5
2026-02-27,ST029,MED001,8,8,0,0,0,22
2026-02-27,ST029,MED002,8,8,0,0,0,60
2026-02-27,ST029,MED003,8,0,8,0,0,0
2026-02-27,ST029,MED004,8,8,0,0,0,46
2026-02-27,ST029,MED005,10,10,0,0,0,38
2026-02-27,ST029,MED006,9,9,0,60,0,54
2026-02-27,ST029,MED007,3,3,0,0,0,19
2026-02-27,ST029,MED008,3,3,0,0,0,12
2026-02-27,ST029,MED009,8,8,0,0,0,27
2026-02-27,ST029,MED010,5,5,0,0,0,17
2026-02-27,ST029,MED011,16,16,0,0,0,45
2026-02-27,ST029,MED012,5,5,0,0,0,16
2026-02-27,ST029,MED013,11,11,0,0,0,15
2026-02-27,ST029,MED014,7,7,0,0,0,14
2026-02-27,ST029,MED015,3,3,0,0,0,46
2026-02-27,ST029,MED016,4,4,0,0,0,5
2026-02-27,ST029,MED017,13,13,0,0,0,3
2026-02-27,ST029,MED018,7,3,4,0,0,0
2026-02-27,ST029,MED019,6,6,0,0,0,19
2026-02-27,ST029,MED020,6,6,0,0,0,40
2026-02-27,ST029,MED021,12,12,0,0,0,31
2026-02-27,ST029,MED022,7,7,0,36,0,44
2026-02-27,ST029,MED023,11,11,0,0,0,42
2026-02-27,ST029,MED024,11,11,0,72,0,102
2026-02-27,ST029,MED025,3,3,0,0,0,29
2026-02-27,ST029,MED026,4,4,0,0,0,63
2026-02-27,ST029,MED027,11,11,0,0,0,44
2026-02-27,ST029,MED028,5,5,0,0,0,23
2026-02-27,ST029,MED029,7,7,0,0,0,69
2026-02-27,ST029,MED030,2,2,0,0,0,7
2026-02-27,ST030,MED001,11,11,0,0,0,32
2026-02-27,ST030,MED002,6,6,0,0,0,16
2026-02-27,ST030,MED003,2,2,0,0,0,8
2026-02-27,ST030,MED004,10,10,0,0,0,4
2026-02-27,ST030,MED005,8,8,0,0,0,26
2026-02-27,ST030,MED006,11,11,0,0,0,56
2026-02-27,ST030,MED007,2,2,0,24,0,25
2026-02-27,ST030,MED008,3,3,0,0,0,18
2026-02-27,ST030,MED009,10,1,9,0,0,0
2026-02-27,ST030,MED010,6,6,0,24,0,21
2026-02-27,ST030,MED011,9,9,0,0,0,46
2026-02-27,ST030,MED012,10,10,0,0,0,38
2026-02-27,ST030,MED013,8,8,0,0,0,3
2026-02-27,ST030,MED014,6,6,0,0,0,28
2026-02-27,ST030,MED015,12,12,0,0,0,50
2026-02-27,ST030,MED016,6,6,0,0,0,23
2026-02-27,ST030,MED017,8,8,0,0,0,53
2026-02-27,ST030,MED018,2,2,0,0,0,5
2026-02-27,ST030,MED019,0,0,0,0,0,0
2026-02-27,ST030,MED020,9,9,0,0,0,30
2026-02-27,ST030,MED021,11,0,11,0,0,0
2026-02-27,ST030,MED022,6,6,0,0,0,19
2026-02-27,ST030,MED023,12,12,0,0,0,24
2026-02-27,ST030,MED024,11,11,0,0,0,61
2026-02-27,ST030,MED025,8,8,0,36,0,28
2026-02-27,ST030,MED026,12,12,0,0,0,18
2026-02-27,ST030,MED027,10,10,0,0,0,51
2026-02-27,ST030,MED028,6,6,0,0,0,20
2026-02-27,ST030,MED029,9,9,0,0,0,30
2026-02-27,ST030,MED030,6,3,3,0,0,0
2026-02-27,ST031,MED001,13,13,0,0,0,24
2026-02-27,ST031,MED002,12,12,0,0,0,70
2026-02-27,ST031,MED003,0,0,0,0,0,5
2026-02-27,ST031,MED004,7,7,0,0,0,1
2026-02-27,ST031,MED005,8,3,5,0,0,0
2026-02-27,ST031,MED006,9,9,0,0,0,46
2026-02-27,ST031,MED007,4,4,0,0,0,20
2026-02-27,ST031,MED008,4,4,0,0,0,10
2026-02-27,ST031,MED009,10,10,0,60,0,57
2026-02-27,ST031,MED010,8,6,2,0,0,0
2026-02-27,ST031,MED011,10,10,0,60,0,83
2026-02-27,ST031,MED012,9,9,0,0,0,1
2026-02-27,ST031,MED013,7,7,0,48,0,41
2026-02-27,ST031,MED014,4,4,0,0,0,30
2026-02-27,ST031,MED015,12,12,0,0,0,18
2026-02-27,ST031,MED016,7,7,0,0,0,30
2026-02-27,ST031,MED017,12,12,0,0,0,29
2026-02-27,ST031,MED018,10,4,6,0,0,0
2026-02-27,ST031,MED019,5,5,0,0,0,14
2026-02-27,ST031,MED020,7,7,0,0,0,37
2026-02-27,ST031,MED021,17,17,0,0,0,17
2026-02-27,ST031,MED022,8,0,8,0,0,0
2026-02-27,ST031,MED023,14,9,5,0,0,0
2026-02-27,ST031,MED024,8,8,0,0,0,69
2026-02-27,ST031,MED025,4,4,0,0,0,24
2026-02-27,ST031,MED026,14,14,0,72,0,58
2026-02-27,ST031,MED027,12,12,0,0,0,101
2026-02-27,ST031,MED028,2,2,0,0,0,34
2026-02-27,ST031,MED029,10,10,0,0,0,35
2026-02-27,ST031,MED030,3,3,0,0,0,17
2026-02-27,ST032,MED001,12,12,0,72,0,73
2026-02-27,ST032,MED002,14,14,0,0,0,37
2026-02-27,ST032,MED003,3,3,0,0,0,15
2026-02-27,ST032,MED004,9,9,0,0,0,0
2026-02-27,ST032,MED005,6,6,0,0,0,18
2026-02-27,ST032,MED006,10,10,0,0,0,38
2026-02-27,ST032,MED007,5,5,0,24,0,26
2026-02-27,ST032,MED008,5,5,0,0,0,10
2026-02-27,ST032,MED009,12,12,0,60,0,48
2026-02-27,ST032,MED010,8,2,6,0,0,0
2026-02-27,ST032,MED011,13,13,0,0,0,1
2026-02-27,ST032,MED012,14,14,0,0,0,22
2026-02-27,ST032,MED013,8,0,8,0,0,0
2026-02-27,ST032,MED014,4,4,0,0,0,2
2026-02-27,ST032,MED015,14,14,0,0,0,18
2026-02-27,ST032,MED016,8,8,0,0,0,18
2026-02-27,ST032,MED017,8,8,0,0,0,46
2026-02-27,ST032,MED018,8,8,0,0,0,36
2026-02-27,ST032,MED019,7,7,0,0,0,14
2026-02-27,ST032,MED020,5,5,0,0,0,28
2026-02-27,ST032,MED021,14,14,0,0,0,32
2026-02-27,ST032,MED022,3,3,0,54,0,51
2026-02-27,ST032,MED023,12,9,3,0,0,0
2026-02-27,ST032,MED024,14,14,0,72,0,70
2026-02-27,ST032,MED025,8,8,0,0,0,21
2026-02-27,ST032,MED026,9,9,0,0,0,45
2026-02-27,ST032,MED027,13,13,0,0,0,39
2026-02-27,ST032,MED028,4,4,0,0,0,44
2026-02-27,ST032,MED029,12,8,4,0,0,0
2026-02-27,ST032,MED030,2,2,0,0,0,15
2026-02-27,ST033,MED001,12,12,0,0,0,18
2026-02-27,ST033,MED002,17,17,0,0,0,5
2026-02-27,ST033,MED003,5,5,0,0,0,13
2026-02-27,ST033,MED004,10,10,0,0,0,14
2026-02-27,ST033,MED005,11,11,0,0,0,60
2026-02-27,ST033,MED006,11,11,0,0,0,45
2026-02-27,ST033,MED007,7,0,7,0,0,0
2026-02-27,ST033,MED008,5,5,0,0,0,12
2026-02-27,ST033,MED009,13,13,0,60,0,47
2026-02-27,ST033,MED010,5,5,0,24,0,19
2026-02-27,ST033,MED011,10,10,0,0,0,50
2026-02-27,ST033,MED012,13,13,0,0,0,56
2026-02-27,ST033,MED013,6,0,6,0,0,0
2026-02-27,ST033,MED014,6,6,0,48,0,51
2026-02-27,ST033,MED015,11,11,0,72,0,71
2026-02-27,ST033,MED016,8,8,0,0,0,46
2026-02-27,ST033,MED017,13,13,0,72,0,59
2026-02-27,ST033,MED018,7,0,7,0,0,0
2026-02-27,ST033,MED019,3,3,0,24,0,21
2026-02-27,ST033,MED020,10,10,0,0,0,8
2026-02-27,ST033,MED021,13,5,8,0,0,0
2026-02-27,ST033,MED022,10,10,0,0,0,10
2026-02-27,ST033,MED023,12,12,0,0,0,47
2026-02-27,ST033,MED024,12,12,0,0,0,45
2026-02-27,ST033,MED025,8,8,0,0,0,20
2026-02-27,ST033,MED026,12,12,0,0,0,18
2026-02-27,ST033,MED027,19,19,0,0,0,24
2026-02-27,ST033,MED028,7,7,0,0,0,28
2026-02-27,ST033,MED029,8,8,0,0,0,12
2026-02-27,ST033,MED030,5,5,0,0,0,16
2026-02-27,ST034,MED001,13,4,9,0,0,0
2026-02-27,ST034,MED002,20,20,0,0,0,20
2026-02-27,ST034,MED003,3,3,0,0,0,17
2026-02-27,ST034,MED004,11,6,5,0,0,0
2026-02-27,ST034,MED005,11,11,0,0,0,36
2026-02-27,ST034,MED006,13,13,0,0,0,36
2026-02-27,ST034,MED007,3,3,0,0,0,9
2026-02-27,ST034,MED008,6,5,1,0,0,0
2026-02-27,ST034,MED009,13,13,0,0,0,50
2026-02-27,ST034,MED010,0,0,0,0,0,9
2026-02-27,ST034,MED011,17,17,0,0,0,43
2026-02-27,ST034,MED012,11,11,0,0,0,20
2026-02-27,ST034,MED013,10,7,3,0,0,0
2026-02-27,ST034,MED014,7,7,0,0,0,29
2026-02-27,ST034,MED015,16,16,0,0,0,38
2026-02-27,ST034,MED016,9,9,0,0,0,29
2026-02-27,ST034,MED017,17,17,0,0,0,23
2026-02-27,ST034,MED018,7,7,0,48,0,42
2026-02-27,ST034,MED019,2,2,0,0,0,11
2026-02-27,ST034,MED020,13,13,0,0,0,29
2026-02-27,ST034,MED021,8,8,0,0,0,39
2026-02-27,ST034,MED022,8,8,0,0,0,1
2026-02-27,ST034,MED023,14,14,0,0,0,31
2026-02-27,ST034,MED024,17,17,0,72,0,67
2026-02-27,ST034,MED025,9,9,0,0,0,0
2026-02-27,ST034,MED026,11,11,0,72,0,70
2026-02-27,ST034,MED027,18,18,0,0,0,60
2026-02-27,ST034,MED028,9,9,0,0,0,22
2026-02-27,ST034,MED029,14,12,2,0,0,0
2026-02-27,ST034,MED030,7,2,5,0,0,0
2026-02-27,ST035,MED001,7,7,0,0,0,23
2026-02-27,ST035,MED002,3,3,0,0,0,72
2026-02-27,ST035,MED003,3,3,0,24,0,24
2026-02-27,ST035,MED004,3,3,0,0,0,36
2026-02-27,ST035,MED005,9,9,0,0,0,63
2026-02-27,ST035,MED006,7,7,0,0,0,62
2026-02-27,ST035,MED007,4,4,0,0,0,21
2026-02-27,ST035,MED008,2,2,0,0,0,19
2026-02-27,ST035,MED009,7,7,0,60,0,65
2026-02-27,ST035,MED010,4,4,0,0,0,37
2026-02-27,ST035,MED011,11,11,0,0,0,73
2026-02-27,ST035,MED012,10,10,0,0,0,62
2026-02-27,ST035,MED013,5,5,0,0,0,41
2026-02-27,ST035,MED014,5,5,0,0,0,12
2026-02-27,ST035,MED015,7,7,0,0,0,8
2026-02-27,ST035,MED016,4,4,0,0,0,16
2026-02-27,ST035,MED017,9,9,0,72,0,83
2026-02-27,ST035,MED018,7,7,0,0,0,13
2026-02-27,ST035,MED019,2,2,0,0,0,30
2026-02-27,ST035,MED020,5,5,0,0,0,37
2026-02-27,ST035,MED021,4,4,0,0,0,47
2026-02-27,ST035,MED022,4,4,0,0,0,23
2026-02-27,ST035,MED023,9,9,0,0,0,33
2026-02-27,ST035,MED024,11,11,0,72,0,82
2026-02-27,ST035,MED025,7,7,0,0,0,25
2026-02-27,ST035,MED026,6,6,0,0,0,77
2026-02-27,ST035,MED027,10,10,0,0,0,58
2026-02-27,ST035,MED028,5,5,0,0,0,19
2026-02-27,ST035,MED029,8,8,0,0,0,45
2026-02-27,ST035,MED030,3,3,0,0,0,3
2026-02-27,ST036,MED001,7,7,0,0,0,49
2026-02-27,ST036,MED002,10,10,0,0,0,50
2026-02-27,ST036,MED003,2,2,0,0,0,6
2026-02-27,ST036,MED004,10,10,0,0,0,45
2026-02-27,ST036,MED005,9,9,0,0,0,48
2026-02-27,ST036,MED006,7,7,0,0,0,26
2026-02-27,ST036,MED007,4,4,0,24,0,23
2026-02-27,ST036,MED008,4,4,0,0,0,13
2026-02-27,ST036,MED009,6,6,0,0,0,56
2026-02-27,ST036,MED010,8,8,0,0,0,19
2026-02-27,ST036,MED011,15,15,0,0,0,45
2026-02-27,ST036,MED012,6,6,0,0,0,12
2026-02-27,ST036,MED013,7,1,6,0,0,0
2026-02-27,ST036,MED014,5,5,0,0,0,54
2026-02-27,ST036,MED015,12,12,0,0,0,13
2026-02-27,ST036,MED016,6,4,2,0,0,0
2026-02-27,ST036,MED017,9,9,0,0,0,37
2026-02-27,ST036,MED018,6,6,0,0,0,16
2026-02-27,ST036,MED019,5,5,0,24,0,24
2026-02-27,ST036,MED020,7,7,0,0,0,14
2026-02-27,ST036,MED021,9,9,0,0,0,40
2026-02-27,ST036,MED022,8,8,0,0,0,27
2026-02-27,ST036,MED023,10,10,0,0,0,51
2026-02-27,ST036,MED024,12,12,0,0,0,5
2026-02-27,ST036,MED025,7,7,0,0,0,23
2026-02-27,ST036,MED026,9,9,0,0,0,32
2026-02-27,ST036,MED027,10,10,0,0,0,54
2026-02-27,ST036,MED028,3,3,0,0,0,12
2026-02-27,ST036,MED029,8,8,0,0,0,40
2026-02-27,ST036,MED030,0,0,0,0,0,31
2026-02-27,ST037,MED001,11,11,0,0,0,41
2026-02-27,ST037,MED002,8,8,0,0,0,31
2026-02-27,ST037,MED003,4,4,0,0,0,9
2026-02-27,ST037,MED004,4,4,0,0,0,24
2026-02-27,ST037,MED005,11,11,0,0,0,17
2026-02-27,ST037,MED006,7,7,0,0,0,32
2026-02-27,ST037,MED007,3,3,0,0,0,21
2026-02-27,ST037,MED008,6,6,0,0,0,21
2026-02-27,ST037,MED009,13,13,0,0,0,9
2026-02-27,ST037,MED010,7,0,7,0,0,0
2026-02-27,ST037,MED011,7,7,0,0,0,54
2026-02-27,ST037,MED012,11,11,0,0,0,49
2026-02-27,ST037,MED013,6,6,0,36,0,42
2026-02-27,ST037,MED014,4,2,2,0,0,0
2026-02-27,ST037,MED015,10,10,0,0,0,65
2026-02-27,ST037,MED016,7,7,0,0,0,10
2026-02-27,ST037,MED017,9,9,0,0,0,4
2026-02-27,ST037,MED018,4,4,0,0,0,32
2026-02-27,ST037,MED019,2,2,0,0,0,17
2026-02-27,ST037,MED020,7,7,0,0,0,39
2026-02-27,ST037,MED021,10,10,0,0,0,18
2026-02-27,ST037,MED022,4,4,0,0,0,41
2026-02-27,ST037,MED023,7,7,0,0,0,76
2026-02-27,ST037,MED024,5,5,0,0,0,108
2026-02-27,ST037,MED025,8,8,0,0,0,0
2026-02-27,ST037,MED026,9,9,0,0,0,46
2026-02-27,ST037,MED027,10,10,0,72,0,62
2026-02-27,ST037,MED028,10,10,0,0,0,10
2026-02-27,ST037,MED029,10,10,0,0,0,12
2026-02-27,ST037,MED030,6,6,0,0,0,10
2026-02-27,ST038,MED001,6,6,0,0,0,31
2026-02-27,ST038,MED002,13,13,0,0,0,18
2026-02-27,ST038,MED003,4,4,0,0,0,18
2026-02-27,ST038,MED004,6,6,0,48,0,48
2026-02-27,ST038,MED005,13,13,0,0,0,21
2026-02-27,ST038,MED006,10,10,0,0,0,11
2026-02-27,ST038,MED007,6,6,0,0,0,15
2026-02-27,ST038,MED008,2,2,0,0,0,13
2026-02-27,ST038,MED009,9,9,0,60,0,55
2026-02-27,ST038,MED010,5,4,1,0,0,0
2026-02-27,ST038,MED011,15,15,0,0,0,24
2026-02-27,ST038,MED012,8,8,0,60,0,55
2026-02-27,ST038,MED013,10,10,0,0,0,14
2026-02-27,ST038,MED014,4,3,1,0,0,0
2026-02-27,ST038,MED015,13,13,0,0,0,52
2026-02-27,ST038,MED016,7,7,0,0,0,1
2026-02-27,ST038,MED017,11,11,0,0,0,42
2026-02-27,ST038,MED018,4,4,0,0,0,20
2026-02-27,ST038,MED019,0,0,0,0,0,18
2026-02-27,ST038,MED020,9,9,0,0,0,20
2026-02-27,ST038,MED021,8,8,0,0,0,36
2026-02-27,ST038,MED022,7,7,0,0,0,0
2026-02-27,ST038,MED023,14,14,0,0,0,35
2026-02-27,ST038,MED024,12,12,0,0,0,15
2026-02-27,ST038,MED025,5,5,0,36,0,45
2026-02-27,ST038,MED026,9,0,9,0,0,0
2026-02-27,ST038,MED027,15,15,0,0,0,44
2026-02-27,ST038,MED028,6,6,0,0,0,53
2026-02-27,ST038,MED029,11,11,0,0,0,40
2026-02-27,ST038,MED030,4,4,0,0,0,21
2026-02-27,ST039,MED001,10,10,0,0,0,32
2026-02-27,ST039,MED002,11,11,0,0,0,31
2026-02-27,ST039,MED003,8,8,0,0,0,10
2026-02-27,ST039,MED004,10,10,0,0,0,35
2026-02-27,ST039,MED005,11,11,0,60,0,49
2026-02-27,ST039,MED006,10,10,0,0,0,19
2026-02-27,ST039,MED007,4,4,0,0,0,5
2026-02-27,ST039,MED008,3,3,0,0,0,21
2026-02-27,ST039,MED009,12,12,0,0,0,4
2026-02-27,ST039,MED010,3,3,0,0,0,16
2026-02-27,ST039,MED011,13,13,0,0,0,45
2026-02-27,ST039,MED012,12,12,0,0,0,40
2026-02-27,ST039,MED013,6,6,0,0,0,43
2026-02-27,ST039,MED014,10,10,0,0,0,4
2026-02-27,ST039,MED015,15,15,0,0,0,30
2026-02-27,ST039,MED016,10,10,0,0,0,33
2026-02-27,ST039,MED017,12,12,0,0,0,13
2026-02-27,ST039,MED018,8,8,0,0,0,29
2026-02-27,ST039,MED019,2,2,0,0,0,22
2026-02-27,ST039,MED020,9,9,0,48,0,39
2026-02-27,ST039,MED021,11,11,0,0,0,40
2026-02-27,ST039,MED022,11,2,9,0,0,0
2026-02-27,ST039,MED023,12,0,12,0,0,0
2026-02-27,ST039,MED024,14,14,0,0,0,44
2026-02-27,ST039,MED025,6,0,6,0,0,0
2026-02-27,ST039,MED026,11,11,0,72,0,69
2026-02-27,ST039,MED027,15,15,0,0,0,82
2026-02-27,ST039,MED028,6,6,0,0,0,16
2026-02-27,ST039,MED029,14,14,0,0,0,35
2026-02-27,ST039,MED030,5,5,0,0,0,7
2026-02-27,ST040,MED001,12,12,0,72,0,60
2026-02-27,ST040,MED002,14,14,0,0,0,59
2026-02-27,ST040,MED003,7,7,0,0,0,13
2026-02-27,ST040,MED004,13,13,0,0,0,3
2026-02-27,ST040,MED005,12,0,12,0,0,0
2026-02-27,ST040,MED006,9,9,0,0,0,14
2026-02-27,ST040,MED007,0,0,0,0,0,17
2026-02-27,ST040,MED008,5,5,0,0,0,12
2026-02-27,ST040,MED009,11,11,0,0,0,10
2026-02-27,ST040,MED010,5,5,0,0,0,2
2026-02-27,ST040,MED011,14,0,14,0,0,0
2026-02-27,ST040,MED012,12,12,0,0,0,36
2026-02-27,ST040,MED013,7,7,0,0,0,20
2026-02-27,ST040,MED014,5,0,5,0,0,0
2026-02-27,ST040,MED015,16,16,0,0,0,43
2026-02-27,ST040,MED016,4,4,0,0,0,35
2026-02-27,ST040,MED017,13,13,0,72,0,59
2026-02-27,ST040,MED018,7,1,6,0,0,0
2026-02-27,ST040,MED019,0,0,0,0,0,14
2026-02-27,ST040,MED020,6,6,0,48,0,42
2026-02-27,ST040,MED021,13,13,0,60,0,57
2026-02-27,ST040,MED022,8,8,0,0,0,14
2026-02-27,ST040,MED023,18,18,0,0,0,29
2026-02-27,ST040,MED024,11,11,0,0,0,31
2026-02-27,ST040,MED025,9,9,0,0,0,18
2026-02-27,ST040,MED026,12,12,0,0,0,36
2026-02-27,ST040,MED027,12,12,0,0,0,29
2026-02-27,ST040,MED028,10,10,0,0,0,22
2026-02-27,ST040,MED029,10,10,0,72,0,62
2026-02-27,ST040,MED030,4,4,0,0,0,32
2026-02-28,ST001,MED001,7,7,0,72,0,74
2026-02-28,ST001,MED002,8,8,0,0,0,36
2026-02-28,ST001,MED003,4,4,0,0,0,22
2026-02-28,ST001,MED004,5,5,0,48,0,53
2026-02-28,ST001,MED005,13,13,0,0,0,31
2026-02-28,ST001,MED006,12,12,0,0,0,13
2026-02-28,ST001,MED007,4,4,0,0,0,5
2026-02-28,ST001,MED008,2,2,0,0,0,14
2026-02-28,ST001,MED009,5,5,0,0,0,37
2026-02-28,ST001,MED010,4,4,0,0,0,5
2026-02-28,ST001,MED011,11,11,0,0,0,23
2026-02-28,ST001,MED012,9,9,0,0,0,29
2026-02-28,ST001,MED013,8,8,0,0,0,36
2026-02-28,ST001,MED014,7,7,0,0,0,11
2026-02-28,ST001,MED015,4,4,0,0,0,65
2026-02-28,ST001,MED016,6,6,0,0,0,16
2026-02-28,ST001,MED017,14,14,0,0,0,40
2026-02-28,ST001,MED018,5,5,0,0,0,38
2026-02-28,ST001,MED019,3,3,0,0,0,21
2026-02-28,ST001,MED020,7,7,0,0,0,29
2026-02-28,ST001,MED021,8,8,0,0,0,36
2026-02-28,ST001,MED022,4,4,0,0,0,38
2026-02-28,ST001,MED023,9,9,0,0,0,10
2026-02-28,ST001,MED024,13,13,0,0,0,45
2026-02-28,ST001,MED025,10,10,0,0,0,12
2026-02-28,ST001,MED026,14,2,12,0,0,0
2026-02-28,ST001,MED027,15,15,0,0,0,21
2026-02-28,ST001,MED028,6,4,2,0,0,0
2026-02-28,ST001,MED029,10,10,0,0,0,24
2026-02-28,ST001,MED030,6,6,0,0,0,8
2026-02-28,ST002,MED001,11,11,0,0,0,22
2026-02-28,ST002,MED002,11,11,0,0,0,43
2026-02-28,ST002,MED003,6,3,3,0,0,0
2026-02-28,ST002,MED004,8,8,0,0,0,37
2026-02-28,ST002,MED005,10,10,0,0,0,23
2026-02-28,ST002,MED006,7,7,0,0,0,27
2026-02-28,ST002,MED007,1,1,0,0,0,27
2026-02-28,ST002,MED008,3,3,0,0,0,16
2026-02-28,ST002,MED009,4,4,0,60,0,70
2026-02-28,ST002,MED010,3,3,0,0,0,30
2026-02-28,ST002,MED011,9,9,0,0,0,25
2026-02-28,ST002,MED012,14,1,13,0,0,0
2026-02-28,ST002,MED013,5,5,0,0,0,22
2026-02-28,ST002,MED014,3,3,0,0,0,32
2026-02-28,ST002,MED015,11,11,0,0,0,41
2026-02-28,ST002,MED016,6,6,0,0,0,14
2026-02-28,ST002,MED017,10,10,0,0,0,23
2026-02-28,ST002,MED018,7,7,0,0,0,18
2026-02-28,ST002,MED019,2,0,2,0,0,0
2026-02-28,ST002,MED020,11,11,0,48,0,37
2026-02-28,ST002,MED021,9,9,0,60,0,76
2026-02-28,ST002,MED022,8,7,1,0,0,0
2026-02-28,ST002,MED023,13,13,0,60,0,68
2026-02-28,ST002,MED024,12,12,0,0,0,35
2026-02-28,ST002,MED025,9,9,0,0,0,42
2026-02-28,ST002,MED026,10,10,0,0,0,31
2026-02-28,ST002,MED027,7,7,0,0,0,20
2026-02-28,ST002,MED028,7,7,0,48,0,46
2026-02-28,ST002,MED029,8,8,0,72,0,80
2026-02-28,ST002,MED030,8,8,0,0,0,22
2026-02-28,ST003,MED001,10,6,4,0,0,0
2026-02-28,ST003,MED002,15,15,0,0,0,50
2026-02-28,ST003,MED003,5,5,0,0,0,4
2026-02-28,ST003,MED004,8,8,0,48,0,53
2026-02-28,ST003,MED005,11,11,0,0,0,49
2026-02-28,ST003,MED006,12,12,0,0,0,21
2026-02-28,ST003,MED007,3,3,0,0,0,2
2026-02-28,ST003,MED008,3,2,1,0,0,0
2026-02-28,ST003,MED009,15,15,0,0,0,32
2026-02-28,ST003,MED010,4,0,4,0,0,0
2026-02-28,ST003,MED011,16,16,0,0,0,38
2026-02-28,ST003,MED012,13,13,0,0,0,25
2026-02-28,ST003,MED013,6,6,0,0,0,18
2026-02-28,ST003,MED014,8,8,0,0,0,33
2026-02-28,ST003,MED015,15,15,0,72,0,61
2026-02-28,ST003,MED016,8,8,0,0,0,7
2026-02-28,ST003,MED017,13,13,0,0,0,29
2026-02-28,ST003,MED018,6,6,0,48,0,58
2026-02-28,ST003,MED019,1,1,0,0,0,16
2026-02-28,ST003,MED020,11,11,0,0,0,27
2026-02-28,ST003,MED021,11,11,0,0,0,62
2026-02-28,ST003,MED022,11,11,0,0,0,5
2026-02-28,ST003,MED023,7,7,0,0,0,54
2026-02-28,ST003,MED024,17,17,0,0,0,12
2026-02-28,ST003,MED025,11,11,0,36,0,25
2026-02-28,ST003,MED026,15,15,0,0,0,70
2026-02-28,ST003,MED027,14,14,0,0,0,0
2026-02-28,ST003,MED028,8,8,0,0,0,30
2026-02-28,ST003,MED029,9,9,0,0,0,32
2026-02-28,ST003,MED030,3,3,0,0,0,17
2026-02-28,ST004,MED001,11,4,7,0,0,0
2026-02-28,ST004,MED002,14,14,0,0,0,21
2026-02-28,ST004,MED003,1,1,0,0,0,25
2026-02-28,ST004,MED004,9,9,0,0,0,19
2026-02-28,ST004,MED005,15,15,0,0,0,5
2026-02-28,ST004,MED006,14,14,0,60,0,46
2026-02-28,ST004,MED007,3,3,0,0,0,7
2026-02-28,ST004,MED008,1,1,0,0,0,15
2026-02-28,ST004,MED009,12,12,0,0,0,17
2026-02-28,ST004,MED010,4,4,0,36,0,37
2026-02-28,ST004,MED011,14,11,3,0,0,0
2026-02-28,ST004,MED012,11,11,0,0,0,64
2026-02-28,ST004,MED013,7,7,0,0,0,20
2026-02-28,ST004,MED014,11,11,0,0,0,7
2026-02-28,ST004,MED015,12,9,3,0,0,0
2026-02-28,ST004,MED016,9,9,0,48,0,51
2026-02-28,ST004,MED017,11,11,0,0,0,11
2026-02-28,ST004,MED018,8,8,0,48,0,49
2026-02-28,ST004,MED019,5,1,4,0,0,0
2026-02-28,ST004,MED020,11,11,0,0,0,32
2026-02-28,ST004,MED021,15,15,0,0,0,46
2026-02-28,ST004,MED022,10,10,0,0,0,38
2026-02-28,ST004,MED023,13,13,0,0,0,31
2026-02-28,ST004,MED024,19,19,0,0,0,26
2026-02-28,ST004,MED025,7,7,0,0,0,15
2026-02-28,ST004,MED026,11,11,0,0,0,34
2026-02-28,ST004,MED027,14,14,0,0,0,64
2026-02-28,ST004,MED028,6,6,0,0,0,25
2026-02-28,ST004,MED029,12,12,0,0,0,21
2026-02-28,ST004,MED030,9,9,0,0,0,6
2026-02-28,ST005,MED001,16,16,0,0,0,72
2026-02-28,ST005,MED002,14,14,0,0,0,49
2026-02-28,ST005,MED003,4,4,0,0,0,16
2026-02-28,ST005,MED004,12,12,0,0,0,31
2026-02-28,ST005,MED005,15,15,0,0,0,4
2026-02-28,ST005,MED006,17,17,0,0,0,5
2026-02-28,ST005,MED007,5,5,0,0,0,13
2026-02-28,ST005,MED008,1,1,0,0,0,17
2026-02-28,ST005,MED009,15,11,4,0,0,0
2026-02-28,ST005,MED010,5,5,0,36,0,31
2026-02-28,ST005,MED011,15,15,0,0,0,29
2026-02-28,ST005,MED012,16,16,0,0,0,20
2026-02-28,ST005,MED013,8,0,8,0,0,0
2026-02-28,ST005,MED014,6,6,0,0,0,29
2026-02-28,ST005,MED015,16,16,0,72,0,76
2026-02-28,ST005,MED016,9,9,0,48,0,42
2026-02-28,ST005,MED017,18,18,0,0,0,0
2026-02-28,ST005,MED018,10,10,0,0,0,21
2026-02-28,ST005,MED019,2,1,1,0,0,0
2026-02-28,ST005,MED020,7,7,0,0,0,6
2026-02-28,ST005,MED021,9,9,0,60,0,51
2026-02-28,ST005,MED022,8,8,0,0,0,26
2026-02-28,ST005,MED023,18,18,0,0,0,26
2026-02-28,ST005,MED024,18,18,0,0,0,25
2026-02-28,ST005,MED025,6,6,0,0,0,16
2026-02-28,ST005,MED026,14,14,0,0,0,61
2026-02-28,ST005,MED027,14,14,0,0,0,28
2026-02-28,ST005,MED028,10,10,0,0,0,15
2026-02-28,ST005,MED029,12,12,0,0,0,7
2026-02-28,ST005,MED030,5,5,0,0,0,5
2026-02-28,ST006,MED001,15,12,3,0,0,0
2026-02-28,ST006,MED002,17,12,5,0,0,0
2026-02-28,ST006,MED003,3,3,0,0,0,6
2026-02-28,ST006,MED004,11,7,4,0,0,0
2026-02-28,ST006,MED005,15,0,15,0,0,0
2026-02-28,ST006,MED006,15,15,0,0,0,37
2026-02-28,ST006,MED007,3,3,0,0,0,13
2026-02-28,ST006,MED008,5,5,0,0,0,4
2026-02-28,ST006,MED009,14,0,14,0,0,0
2026-02-28,ST006,MED010,6,6,0,0,0,14
2026-02-28,ST006,MED011,18,18,0,0,0,33
2026-02-28,ST006,MED012,16,16,0,60,0,64
2026-02-28,ST006,MED013,10,10,0,0,0,1
2026-02-28,ST006,MED014,6,6,0,0,0,58
2026-02-28,ST006,MED015,16,16,0,0,0,30
2026-02-28,ST006,MED016,9,9,0,48,0,49
2026-02-28,ST006,MED017,20,20,0,0,0,37
2026-02-28,ST006,MED018,12,12,0,48,0,36
2026-02-28,ST006,MED019,4,4,0,24,0,20
2026-02-28,ST006,MED020,7,7,0,0,0,8
2026-02-28,ST006,MED021,15,15,0,0,0,25
2026-02-28,ST006,MED022,10,10,0,0,0,28
2026-02-28,ST006,MED023,15,15,0,0,0,21
2026-02-28,ST006,MED024,15,15,0,0,0,3
2026-02-28,ST006,MED025,11,11,0,0,0,18
2026-02-28,ST006,MED026,19,19,0,0,0,35
2026-02-28,ST006,MED027,18,0,18,0,0,0
2026-02-28,ST006,MED028,8,8,0,0,0,11
2026-02-28,ST006,MED029,9,9,0,0,0,41
2026-02-28,ST006,MED030,7,7,0,0,0,23
2026-02-28,ST007,MED001,13,13,0,0,0,1
2026-02-28,ST007,MED002,14,14,0,0,0,0
2026-02-28,ST007,MED003,1,1,0,0,0,19
2026-02-28,ST007,MED004,5,5,0,0,0,49
2026-02-28,ST007,MED005,11,11,0,0,0,42
2026-02-28,ST007,MED006,7,7,0,0,0,14
2026-02-28,ST007,MED007,5,5,0,0,0,23
2026-02-28,ST007,MED008,0,0,0,0,0,6
2026-02-28,ST007,MED009,10,10,0,0,0,45
2026-02-28,ST007,MED010,3,3,0,0,0,30
2026-02-28,ST007,MED011,6,6,0,0,0,53
2026-02-28,ST007,MED012,13,13,0,0,0,42
2026-02-28,ST007,MED013,4,4,0,0,0,38
2026-02-28,ST007,MED014,4,4,0,48,0,44
2026-02-28,ST007,MED015,10,10,0,0,0,20
2026-02-28,ST007,MED016,3,3,0,0,0,6
2026-02-28,ST007,MED017,7,7,0,0,0,40
2026-02-28,ST007,MED018,6,6,0,0,0,26
2026-02-28,ST007,MED019,6,6,0,0,0,11
2026-02-28,ST007,MED020,8,8,0,0,0,40
2026-02-28,ST007,MED021,9,9,0,0,0,47
2026-02-28,ST007,MED022,3,3,0,0,0,36
2026-02-28,ST007,MED023,12,12,0,60,0,83
2026-02-28,ST007,MED024,9,9,0,0,0,31
2026-02-28,ST007,MED025,5,5,0,0,0,26
2026-02-28,ST007,MED026,7,7,0,0,0,64
2026-02-28,ST007,MED027,18,18,0,0,0,35
2026-02-28,ST007,MED028,0,0,0,0,0,20
2026-02-28,ST007,MED029,5,5,0,0,0,67
2026-02-28,ST007,MED030,3,3,0,30,0,45
2026-02-28,ST008,MED001,10,10,0,0,0,52
2026-02-28,ST008,MED002,8,8,0,0,0,42
2026-02-28,ST008,MED003,1,1,0,0,0,9
2026-02-28,ST008,MED004,5,5,0,0,0,42
2026-02-28,ST008,MED005,12,12,0,0,0,54
2026-02-28,ST008,MED006,10,10,0,0,0,13
2026-02-28,ST008,MED007,3,3,0,0,0,12
2026-02-28,ST008,MED008,3,3,0,0,0,5
2026-02-28,ST008,MED009,10,10,0,60,0,71
2026-02-28,ST008,MED010,1,1,0,24,0,26
2026-02-28,ST008,MED011,13,13,0,0,0,18
2026-02-28,ST008,MED012,11,11,0,0,0,37
2026-02-28,ST008,MED013,3,3,0,0,0,17
2026-02-28,ST008,MED014,7,7,0,0,0,38
2026-02-28,ST008,MED015,11,11,0,72,0,98
2026-02-28,ST008,MED016,8,8,0,0,0,38
2026-02-28,ST008,MED017,10,10,0,0,0,21
2026-02-28,ST008,MED018,7,7,0,0,0,31
2026-02-28,ST008,MED019,0,0,0,0,0,20
2026-02-28,ST008,MED020,1,1,0,48,0,67
2026-02-28,ST008,MED021,6,6,0,0,0,20
2026-02-28,ST008,MED022,11,11,0,0,0,16
2026-02-28,ST008,MED023,10,10,0,0,0,59
2026-02-28,ST008,MED024,5,5,0,0,0,46
2026-02-28,ST008,MED025,3,3,0,0,0,19
2026-02-28,ST008,MED026,15,15,0,0,0,6
2026-02-28,ST008,MED027,13,13,0,0,0,54
2026-02-28,ST008,MED028,5,5,0,0,0,24
2026-02-28,ST008,MED029,11,11,0,0,0,15
2026-02-28,ST008,MED030,4,4,0,36,0,32
2026-02-28,ST009,MED001,12,12,0,0,0,12
2026-02-28,ST009,MED002,12,12,0,0,0,25
2026-02-28,ST009,MED003,3,3,0,0,0,20
2026-02-28,ST009,MED004,4,0,4,0,0,0
2026-02-28,ST009,MED005,9,9,0,0,0,52
2026-02-28,ST009,MED006,7,7,0,0,0,29
2026-02-28,ST009,MED007,5,5,0,0,0,5
2026-02-28,ST009,MED008,4,4,0,0,0,8
2026-02-28,ST009,MED009,8,8,0,0,0,26
2026-02-28,ST009,MED010,3,3,0,0,0,16
2026-02-28,ST009,MED011,11,11,0,0,0,39
2026-02-28,ST009,MED012,13,13,0,0,0,40
2026-02-28,ST009,MED013,9,9,0,0,0,24
2026-02-28,ST009,MED014,1,1,0,0,0,53
2026-02-28,ST009,MED015,13,13,0,0,0,50
2026-02-28,ST009,MED016,5,5,0,0,0,42
2026-02-28,ST009,MED017,7,7,0,0,0,6
2026-02-28,ST009,MED018,6,6,0,0,0,19
2026-02-28,ST009,MED019,3,3,0,0,0,17
2026-02-28,ST009,MED020,10,10,0,0,0,20
2026-02-28,ST009,MED021,8,8,0,54,0,62
2026-02-28,ST009,MED022,7,7,0,0,0,1
2026-02-28,ST009,MED023,11,11,0,0,0,43
2026-02-28,ST009,MED024,12,12,0,0,0,23
2026-02-28,ST009,MED025,4,4,0,36,0,37
2026-02-28,ST009,MED026,8,8,0,72,0,64
2026-02-28,ST009,MED027,13,13,0,0,0,36
2026-02-28,ST009,MED028,5,5,0,0,0,32
2026-02-28,ST009,MED029,11,11,0,0,0,8
2026-02-28,ST009,MED030,8,8,0,0,0,31
2026-02-28,ST010,MED001,14,14,0,0,0,0
2026-02-28,ST010,MED002,13,13,0,60,0,50
2026-02-28,ST010,MED003,2,2,0,0,0,15
2026-02-28,ST010,MED004,4,4,0,0,0,25
2026-02-28,ST010,MED005,12,12,0,60,0,48
2026-02-28,ST010,MED006,23,23,0,0,0,2
2026-02-28,ST010,MED007,5,5,0,0,0,7
2026-02-28,ST010,MED008,4,4,0,24,0,20
2026-02-28,ST010,MED009,11,11,0,0,0,5
2026-02-28,ST010,MED010,2,2,0,24,0,31
2026-02-28,ST010,MED011,13,13,0,0,0,4
2026-02-28,ST010,MED012,11,11,0,60,0,75
2026-02-28,ST010,MED013,5,5,0,0,0,11
2026-02-28,ST010,MED014,8,8,0,0,0,31
2026-02-28,ST010,MED015,16,16,0,72,0,70
2026-02-28,ST010,MED016,10,2,8,0,0,0
2026-02-28,ST010,MED017,14,14,0,0,0,13
2026-02-28,ST010,MED018,8,7,1,0,0,0
2026-02-28,ST010,MED019,3,3,0,0,0,10
2026-02-28,ST010,MED020,10,10,0,0,0,35
2026-02-28,ST010,MED021,12,4,8,0,0,0
2026-02-28,ST010,MED022,13,13,0,0,0,29
2026-02-28,ST010,MED023,15,15,0,0,0,20
2026-02-28,ST010,MED024,12,12,0,0,0,32
2026-02-28,ST010,MED025,5,5,0,0,0,1
2026-02-28,ST010,MED026,14,14,0,0,0,19
2026-02-28,ST010,MED027,15,15,0,0,0,22
2026-02-28,ST010,MED028,10,10,0,0,0,39
2026-02-28,ST010,MED029,9,9,0,0,0,39
2026-02-28,ST010,MED030,8,8,0,0,0,19
2026-02-28,ST011,MED001,14,14,0,0,0,33
2026-02-28,ST011,MED002,8,8,0,0,0,33
2026-02-28,ST011,MED003,4,4,0,0,0,17
2026-02-28,ST011,MED004,8,8,0,0,0,39
2026-02-28,ST011,MED005,15,15,0,0,0,10
2026-02-28,ST011,MED006,11,11,0,0,0,55
2026-02-28,ST011,MED007,0,0,0,0,0,20
2026-02-28,ST011,MED008,5,5,0,0,0,22
2026-02-28,ST011,MED009,16,16,0,60,0,44
2026-02-28,ST011,MED010,5,0,5,0,0,0
2026-02-28,ST011,MED011,8,8,0,0,0,46
2026-02-28,ST011,MED012,15,15,0,0,0,30
2026-02-28,ST011,MED013,4,4,0,0,0,21
2026-02-28,ST011,MED014,4,4,0,0,0,46
2026-02-28,ST011,MED015,15,0,15,0,0,0
2026-02-28,ST011,MED016,11,11,0,0,0,29
2026-02-28,ST011,MED017,14,1,13,0,0,0
2026-02-28,ST011,MED018,10,10,0,0,0,15
2026-02-28,ST011,MED019,5,5,0,0,0,3
2026-02-28,ST011,MED020,7,7,0,0,0,30
2026-02-28,ST011,MED021,13,13,0,60,0,61
2026-02-28,ST011,MED022,10,10,0,0,0,6
2026-02-28,ST011,MED023,11,11,0,0,0,10
2026-02-28,ST011,MED024,11,11,0,72,0,61
2026-02-28,ST011,MED025,7,7,0,0,0,26
2026-02-28,ST011,MED026,14,14,0,0,0,71
2026-02-28,ST011,MED027,12,12,0,0,0,25
2026-02-28,ST011,MED028,7,7,0,0,0,25
2026-02-28,ST011,MED029,7,7,0,0,0,40
2026-02-28,ST011,MED030,7,7,0,30,0,33
2026-02-28,ST012,MED001,13,13,0,72,0,59
2026-02-28,ST012,MED002,16,16,0,0,0,9
2026-02-28,ST012,MED003,3,3,0,0,0,8
2026-02-28,ST012,MED004,11,11,0,0,0,29
2026-02-28,ST012,MED005,18,18,0,0,0,14
2026-02-28,ST012,MED006,14,14,0,0,0,18
2026-02-28,ST012,MED007,2,2,0,24,0,22
2026-02-28,ST012,MED008,3,0,3,0,0,0
2026-02-28,ST012,MED009,15,15,0,0,0,59
2026-02-28,ST012,MED010,5,5,0,0,0,6
2026-02-28,ST012,MED011,15,15,0,72,0,69
2026-02-28,ST012,MED012,12,12,0,0,0,34
2026-02-28,ST012,MED013,11,11,0,0,0,14
2026-02-28,ST012,MED014,9,9,0,0,0,33
2026-02-28,ST012,MED015,15,15,0,0,0,33
2026-02-28,ST012,MED016,10,10,0,48,0,38
2026-02-28,ST012,MED017,15,15,0,0,0,50
2026-02-28,ST012,MED018,14,14,0,48,0,34
2026-02-28,ST012,MED019,3,3,0,0,0,13
2026-02-28,ST012,MED020,11,11,0,0,0,30
2026-02-28,ST012,MED021,19,0,19,0,0,0
2026-02-28,ST012,MED022,6,6,0,0,0,0
2026-02-28,ST012,MED023,27,27,0,60,0,38
2026-02-28,ST012,MED024,18,18,0,0,0,16
2026-02-28,ST012,MED025,11,11,0,0,0,15
2026-02-28,ST012,MED026,15,15,0,0,0,45
2026-02-28,ST012,MED027,17,17,0,0,0,27
2026-02-28,ST012,MED028,10,10,0,0,0,48
2026-02-28,ST012,MED029,13,13,0,0,0,2
2026-02-28,ST012,MED030,8,8,0,0,0,3
2026-02-28,ST013,MED001,11,11,0,0,0,59
2026-02-28,ST013,MED002,15,15,0,0,0,6
2026-02-28,ST013,MED003,1,1,0,24,0,23
2026-02-28,ST013,MED004,14,14,0,48,0,34
2026-02-28,ST013,MED005,16,16,0,0,0,34
2026-02-28,ST013,MED006,15,15,0,0,0,17
2026-02-28,ST013,MED007,3,3,0,0,0,9
2026-02-28,ST013,MED008,4,4,0,0,0,14
2026-02-28,ST013,MED009,17,17,0,0,0,34
2026-02-28,ST013,MED010,4,4,0,24,0,20
2026-02-28,ST013,MED011,15,15,0,60,0,71
2026-02-28,ST013,MED012,16,16,0,60,0,44
2026-02-28,ST013,MED013,11,11,0,0,0,36
2026-02-28,ST013,MED014,7,7,0,48,0,41
2026-02-28,ST013,MED015,15,15,0,72,0,58
2026-02-28,ST013,MED016,8,0,8,0,0,0
2026-02-28,ST013,MED017,16,16,0,0,0,15
2026-02-28,ST013,MED018,10,10,0,0,0,25
2026-02-28,ST013,MED019,6,6,0,0,0,5
2026-02-28,ST013,MED020,11,11,0,48,0,37
2026-02-28,ST013,MED021,15,0,15,0,0,0
2026-02-28,ST013,MED022,11,11,0,0,0,5
2026-02-28,ST013,MED023,14,14,0,0,0,20
2026-02-28,ST013,MED024,20,20,0,72,0,54
2026-02-28,ST013,MED025,7,5,2,0,0,0
2026-02-28,ST013,MED026,15,15,0,0,0,11
2026-02-28,ST013,MED027,30,30,0,0,0,14
2026-02-28,ST013,MED028,9,9,0,48,0,63
2026-02-28,ST013,MED029,12,3,9,0,0,0
2026-02-28,ST013,MED030,4,1,3,0,0,0
2026-02-28,ST014,MED001,6,6,0,0,0,70
2026-02-28,ST014,MED002,6,6,0,0,0,29
2026-02-28,ST014,MED003,5,5,0,0,0,3
2026-02-28,ST014,MED004,7,7,0,0,0,32
2026-02-28,ST014,MED005,11,11,0,0,0,16
2026-02-28,ST014,MED006,8,8,0,0,0,52
2026-02-28,ST014,MED007,2,2,0,0,0,19
2026-02-28,ST014,MED008,6,6,0,0,0,16
2026-02-28,ST014,MED009,6,6,0,60,0,61
2026-02-28,ST014,MED010,4,4,0,0,0,15
2026-02-28,ST014,MED011,15,15,0,0,0,42
2026-02-28,ST014,MED012,9,9,0,0,0,41
2026-02-28,ST014,MED013,6,6,0,0,0,30
2026-02-28,ST014,MED014,3,3,0,0,0,4
2026-02-28,ST014,MED015,10,10,0,72,0,62
2026-02-28,ST014,MED016,11,11,0,0,0,21
2026-02-28,ST014,MED017,8,8,0,0,0,65
2026-02-28,ST014,MED018,2,2,0,0,0,55
2026-02-28,ST014,MED019,6,6,0,0,0,1
2026-02-28,ST014,MED020,4,4,0,0,0,3
2026-02-28,ST014,MED021,5,5,0,0,0,24
2026-02-28,ST014,MED022,5,5,0,0,0,32
2026-02-28,ST014,MED023,11,11,0,0,0,66
2026-02-28,ST014,MED024,12,12,0,0,0,46
2026-02-28,ST014,MED025,6,6,0,0,0,5
2026-02-28,ST014,MED026,7,7,0,0,0,53
2026-02-28,ST014,MED027,11,11,0,0,0,34
2026-02-28,ST014,MED028,7,7,0,0,0,38
2026-02-28,ST014,MED029,7,7,0,72,0,69
2026-02-28,ST014,MED030,3,3,0,0,0,11
2026-02-28,ST015,MED001,9,9,0,0,0,14
2026-02-28,ST015,MED002,9,9,0,0,0,3
2026-02-28,ST015,MED003,2,2,0,0,0,10
2026-02-28,ST015,MED004,7,7,0,48,0,47
2026-02-28,ST015,MED005,14,14,0,0,0,11
2026-02-28,ST015,MED006,10,10,0,0,0,7
2026-02-28,ST015,MED007,6,0,6,0,0,0
2026-02-28,ST015,MED008,1,1,0,0,0,21
2026-02-28,ST015,MED009,11,11,0,0,0,55
2026-02-28,ST015,MED010,6,6,0,0,0,1
2026-02-28,ST015,MED011,9,9,0,0,0,36
2026-02-28,ST015,MED012,7,7,0,0,0,29
2026-02-28,ST015,MED013,3,3,0,0,0,18
2026-02-28,ST015,MED014,4,4,0,0,0,20
2026-02-28,ST015,MED015,9,9,0,0,0,3
2026-02-28,ST015,MED016,7,7,0,48,0,41
2026-02-28,ST015,MED017,13,13,0,72,0,59
2026-02-28,ST015,MED018,7,7,0,0,0,37
2026-02-28,ST015,MED019,3,3,0,0,0,22
2026-02-28,ST015,MED020,6,6,0,48,0,52
2026-02-28,ST015,MED021,13,13,0,0,0,13
2026-02-28,ST015,MED022,6,6,0,42,0,44
2026-02-28,ST015,MED023,10,10,0,0,0,57
2026-02-28,ST015,MED024,14,14,0,0,0,48
2026-02-28,ST015,MED025,4,4,0,0,0,16
2026-02-28,ST015,MED026,13,13,0,0,0,60
2026-02-28,ST015,MED027,14,14,0,0,0,51
2026-02-28,ST015,MED028,6,6,0,0,0,19
2026-02-28,ST015,MED029,8,8,0,0,0,75
2026-02-28,ST015,MED030,8,8,0,0,0,16
2026-02-28,ST016,MED001,14,14,0,72,0,80
2026-02-28,ST016,MED002,9,9,0,0,0,15
2026-02-28,ST016,MED003,4,4,0,0,0,11
2026-02-28,ST016,MED004,8,8,0,0,0,32
2026-02-28,ST016,MED005,12,12,0,0,0,82
2026-02-28,ST016,MED006,8,8,0,60,0,74
2026-02-28,ST016,MED007,2,2,0,0,0,1
2026-02-28,ST016,MED008,8,8,0,0,0,8
2026-02-28,ST016,MED009,10,10,0,60,0,70
2026-02-28,ST016,MED010,4,4,0,0,0,11
2026-02-28,ST016,MED011,10,10,0,0,0,34
2026-02-28,ST016,MED012,12,12,0,0,0,27
2026-02-28,ST016,MED013,8,8,0,0,0,31
2026-02-28,ST016,MED014,4,4,0,0,0,49
2026-02-28,ST016,MED015,15,15,0,0,0,29
2026-02-28,ST016,MED016,6,6,0,0,0,10
2026-02-28,ST016,MED017,14,14,0,0,0,12
2026-02-28,ST016,MED018,7,7,0,0,0,8
2026-02-28,ST016,MED019,3,3,0,0,0,21
2026-02-28,ST016,MED020,8,8,0,48,0,40
2026-02-28,ST016,MED021,11,11,0,0,0,12
2026-02-28,ST016,MED022,8,8,0,0,0,46
2026-02-28,ST016,MED023,13,13,0,0,0,19
2026-02-28,ST016,MED024,12,5,7,0,0,0
2026-02-28,ST016,MED025,8,8,0,48,0,48
2026-02-28,ST016,MED026,10,10,0,0,0,37
2026-02-28,ST016,MED027,13,13,0,0,0,84
2026-02-28,ST016,MED028,6,6,0,48,0,42
2026-02-28,ST016,MED029,7,0,7,0,0,0
2026-02-28,ST016,MED030,5,2,3,0,0,0
2026-02-28,ST017,MED001,9,9,0,72,0,71
2026-02-28,ST017,MED002,14,14,0,0,0,41
2026-02-28,ST017,MED003,5,5,0,24,0,19
2026-02-28,ST017,MED004,10,10,0,0,0,32
2026-02-28,ST017,MED005,11,0,11,0,0,0
2026-02-28,ST017,MED006,9,9,0,0,0,23
2026-02-28,ST017,MED007,3,3,0,24,0,29
2026-02-28,ST017,MED008,4,4,0,0,0,13
2026-02-28,ST017,MED009,10,10,0,0,0,41
2026-02-28,ST017,MED010,3,3,0,0,0,13
2026-02-28,ST017,MED011,14,14,0,0,0,22
2026-02-28,ST017,MED012,9,9,0,0,0,14
2026-02-28,ST017,MED013,6,6,0,0,0,40
2026-02-28,ST017,MED014,10,10,0,0,0,37
2026-02-28,ST017,MED015,12,12,0,0,0,49
2026-02-28,ST017,MED016,8,8,0,0,0,16
2026-02-28,ST017,MED017,12,12,0,0,0,35
2026-02-28,ST017,MED018,3,3,0,0,0,9
2026-02-28,ST017,MED019,4,4,0,0,0,18
2026-02-28,ST017,MED020,7,1,6,0,0,0
2026-02-28,ST017,MED021,14,14,0,0,0,26
2026-02-28,ST017,MED022,8,8,0,0,0,22
2026-02-28,ST017,MED023,10,10,0,0,0,50
2026-02-28,ST017,MED024,11,11,0,0,0,30
2026-02-28,ST017,MED025,3,3,0,0,0,27
2026-02-28,ST017,MED026,13,13,0,72,0,59
2026-02-28,ST017,MED027,12,12,0,0,0,49
2026-02-28,ST017,MED028,8,8,0,0,0,5
2026-02-28,ST017,MED029,6,6,0,0,0,11
2026-02-28,ST017,MED030,6,6,0,30,0,24
2026-02-28,ST018,MED001,12,12,0,72,0,60
2026-02-28,ST018,MED002,14,14,0,0,0,0
2026-02-28,ST018,MED003,3,3,0,0,0,10
2026-02-28,ST018,MED004,10,10,0,0,0,15
2026-02-28,ST018,MED005,16,16,0,0,0,39
2026-02-28,ST018,MED006,9,9,0,60,0,71
2026-02-28,ST018,MED007,3,3,0,0,0,1
2026-02-28,ST018,MED008,6,6,0,0,0,5
2026-02-28,ST018,MED009,13,6,7,0,0,0
2026-02-28,ST018,MED010,7,7,0,0,0,15
2026-02-28,ST018,MED011,13,0,13,0,0,0
2026-02-28,ST018,MED012,12,12,0,60,0,54
2026-02-28,ST018,MED013,6,6,0,0,0,36
2026-02-28,ST018,MED014,13,13,0,0,0,19
2026-02-28,ST018,MED015,17,17,0,0,0,44
2026-02-28,ST018,MED016,7,7,0,0,0,29
2026-02-28,ST018,MED017,12,12,0,72,0,78
2026-02-28,ST018,MED018,7,7,0,0,0,4
2026-02-28,ST018,MED019,3,3,0,0,0,12
2026-02-28,ST018,MED020,9,9,0,0,0,3
2026-02-28,ST018,MED021,16,16,0,0,0,4
2026-02-28,ST018,MED022,17,11,6,0,0,0
2026-02-28,ST018,MED023,12,12,0,0,0,40
2026-02-28,ST018,MED024,15,15,0,0,0,17
2026-02-28,ST018,MED025,9,9,0,36,0,27
2026-02-28,ST018,MED026,13,13,0,72,0,59
2026-02-28,ST018,MED027,12,0,12,0,0,0
2026-02-28,ST018,MED028,6,6,0,0,0,24
2026-02-28,ST018,MED029,15,15,0,0,0,36
2026-02-28,ST018,MED030,2,2,0,0,0,34
2026-02-28,ST019,MED001,17,17,0,72,0,55
2026-02-28,ST019,MED002,16,16,0,66,0,50
2026-02-28,ST019,MED003,3,3,0,0,0,14
2026-02-28,ST019,MED004,10,10,0,0,0,7
2026-02-28,ST019,MED005,16,16,0,0,0,63
2026-02-28,ST019,MED006,16,16,0,0,0,28
2026-02-28,ST019,MED007,0,0,0,0,0,27
2026-02-28,ST019,MED008,1,1,0,0,0,8
2026-02-28,ST019,MED009,12,12,0,0,0,26
2026-02-28,ST019,MED010,8,8,0,0,0,21
2026-02-28,ST019,MED011,15,15,0,0,0,19
2026-02-28,ST019,MED012,16,16,0,0,0,5
2026-02-28,ST019,MED013,9,9,0,0,0,39
2026-02-28,ST019,MED014,8,8,0,0,0,36
2026-02-28,ST019,MED015,14,14,0,0,0,43
2026-02-28,ST019,MED016,9,0,9,0,0,0
2026-02-28,ST019,MED017,13,13,0,0,0,67
2026-02-28,ST019,MED018,8,8,0,0,0,18
2026-02-28,ST019,MED019,5,5,0,0,0,15
2026-02-28,ST019,MED020,11,8,3,0,0,0
2026-02-28,ST019,MED021,16,16,0,0,0,50
2026-02-28,ST019,MED022,12,12,0,0,0,12
2026-02-28,ST019,MED023,15,15,0,0,0,6
2026-02-28,ST019,MED024,18,12,6,0,0,0
2026-02-28,ST019,MED025,5,5,0,0,0,23
2026-02-28,ST019,MED026,15,15,0,0,0,42
2026-02-28,ST019,MED027,16,16,0,0,0,45
2026-02-28,ST019,MED028,11,11,0,0,0,3
2026-02-28,ST019,MED029,13,13,0,0,0,22
2026-02-28,ST019,MED030,5,5,0,0,0,16
2026-02-28,ST020,MED001,16,16,0,0,0,31
2026-02-28,ST020,MED002,16,16,0,0,0,46
2026-02-28,ST020,MED003,8,5,3,0,0,0
2026-02-28,ST020,MED004,9,1,8,0,0,0
2026-02-28,ST020,MED005,18,18,0,0,0,37
2026-02-28,ST020,MED006,13,13,0,0,0,23
2026-02-28,ST020,MED007,11,11,0,0,0,25
2026-02-28,ST020,MED008,4,4,0,24,0,20
2026-02-28,ST020,MED009,10,10,0,60,0,50
2026-02-28,ST020,MED010,10,10,0,0,0,3
2026-02-28,ST020,MED011,16,16,0,0,0,35
2026-02-28,ST020,MED012,14,14,0,0,0,32
2026-02-28,ST020,MED013,10,10,0,0,0,18
2026-02-28,ST020,MED014,9,9,0,0,0,14
2026-02-28,ST020,MED015,14,14,0,0,0,70
2026-02-28,ST020,MED016,10,10,0,0,0,16
2026-02-28,ST020,MED017,18,18,0,0,0,3
2026-02-28,ST020,MED018,6,6,0,48,0,57
2026-02-28,ST020,MED019,3,3,0,0,0,1
2026-02-28,ST020,MED020,14,14,0,0,0,4
2026-02-28,ST020,MED021,18,18,0,66,0,48
2026-02-28,ST020,MED022,9,0,9,0,0,0
2026-02-28,ST020,MED023,18,18,0,0,0,4
2026-02-28,ST020,MED024,14,14,0,0,0,19
2026-02-28,ST020,MED025,10,10,0,36,0,37
2026-02-28,ST020,MED026,18,18,0,0,0,39
2026-02-28,ST020,MED027,20,17,3,0,0,0
2026-02-28,ST020,MED028,12,12,0,0,0,20
2026-02-28,ST020,MED029,17,17,0,72,0,75
2026-02-28,ST020,MED030,8,8,0,0,0,5
2026-02-28,ST021,MED001,10,10,0,0,0,51
2026-02-28,ST021,MED002,9,9,0,0,0,32
2026-02-28,ST021,MED003,5,5,0,0,0,13
2026-02-28,ST021,MED004,9,9,0,48,0,50
2026-02-28,ST021,MED005,8,8,0,0,0,13
2026-02-28,ST021,MED006,7,7,0,0,0,14
2026-02-28,ST021,MED007,2,2,0,0,0,20
2026-02-28,ST021,MED008,4,4,0,0,0,5
2026-02-28,ST021,MED009,10,10,0,0,0,34
2026-02-28,ST021,MED010,7,7,0,0,0,1
2026-02-28,ST021,MED011,9,9,0,0,0,47
2026-02-28,ST021,MED012,8,8,0,0,0,13
2026-02-28,ST021,MED013,3,3,0,36,0,48
2026-02-28,ST021,MED014,6,6,0,0,0,31
2026-02-28,ST021,MED015,11,11,0,72,0,71
2026-02-28,ST021,MED016,5,5,0,0,0,6
2026-02-28,ST021,MED017,10,10,0,0,0,26
2026-02-28,ST021,MED018,7,7,0,0,0,22
2026-02-28,ST021,MED019,4,4,0,0,0,10
2026-02-28,ST021,MED020,4,4,0,48,0,45
2026-02-28,ST021,MED021,8,8,0,0,0,46
2026-02-28,ST021,MED022,7,7,0,0,0,30
2026-02-28,ST021,MED023,12,12,0,0,0,28
2026-02-28,ST021,MED024,9,9,0,0,0,26
2026-02-28,ST021,MED025,4,4,0,0,0,7
2026-02-28,ST021,MED026,7,7,0,0,0,53
2026-02-28,ST021,MED027,16,12,4,0,0,0
2026-02-28,ST021,MED028,6,6,0,0,0,29
2026-02-28,ST021,MED029,8,8,0,0,0,18
2026-02-28,ST021,MED030,3,3,0,30,0,27
2026-02-28,ST022,MED001,10,10,0,72,0,64
2026-02-28,ST022,MED002,8,8,0,66,0,58
2026-02-28,ST022,MED003,0,0,0,0,0,5
2026-02-28,ST022,MED004,7,7,0,0,0,67
2026-02-28,ST022,MED005,12,12,0,0,0,40
2026-02-28,ST022,MED006,10,10,0,0,0,47
2026-02-28,ST022,MED007,3,3,0,0,0,6
2026-02-28,ST022,MED008,4,4,0,0,0,16
2026-02-28,ST022,MED009,11,11,0,0,0,18
2026-02-28,ST022,MED010,7,7,0,0,0,21
2026-02-28,ST022,MED011,10,10,0,0,0,36
2026-02-28,ST022,MED012,7,7,0,0,0,29
2026-02-28,ST022,MED013,7,7,0,0,0,33
2026-02-28,ST022,MED014,3,3,0,0,0,20
2026-02-28,ST022,MED015,9,9,0,0,0,59
2026-02-28,ST022,MED016,7,7,0,0,0,37
2026-02-28,ST022,MED017,21,21,0,72,0,71
2026-02-28,ST022,MED018,6,6,0,0,0,22
2026-02-28,ST022,MED019,1,1,0,0,0,15
2026-02-28,ST022,MED020,7,7,0,0,0,6
2026-02-28,ST022,MED021,9,9,0,0,0,23
2026-02-28,ST022,MED022,8,8,0,48,0,40
2026-02-28,ST022,MED023,10,0,10,0,0,0
2026-02-28,ST022,MED024,9,9,0,0,0,29
2026-02-28,ST022,MED025,9,9,0,0,0,2
2026-02-28,ST022,MED026,13,13,0,0,0,17
2026-02-28,ST022,MED027,10,10,0,0,0,64
2026-02-28,ST022,MED028,5,5,0,0,0,32
2026-02-28,ST022,MED029,15,15,0,0,0,46
2026-02-28,ST022,MED030,3,1,2,0,0,0
2026-02-28,ST023,MED001,12,12,0,0,0,39
2026-02-28,ST023,MED002,12,12,0,0,0,1
2026-02-28,ST023,MED003,3,3,0,0,0,2
2026-02-28,ST023,MED004,7,7,0,0,0,20
2026-02-28,ST023,MED005,13,13,0,0,0,25
2026-02-28,ST023,MED006,8,8,0,0,0,40
2026-02-28,ST023,MED007,3,3,0,0,0,23
2026-02-28,ST023,MED008,2,2,0,0,0,16
2026-02-28,ST023,MED009,12,12,0,0,0,38
2026-02-28,ST023,MED010,7,7,0,24,0,30
2026-02-28,ST023,MED011,10,10,0,0,0,46
2026-02-28,ST023,MED012,15,15,0,0,0,32
2026-02-28,ST023,MED013,9,9,0,0,0,33
2026-02-28,ST023,MED014,7,7,0,0,0,29
2026-02-28,ST023,MED015,15,15,0,72,0,57
2026-02-28,ST023,MED016,6,6,0,0,0,26
2026-02-28,ST023,MED017,13,13,0,0,0,51
2026-02-28,ST023,MED018,9,9,0,0,0,27
2026-02-28,ST023,MED019,5,5,0,24,0,19
2026-02-28,ST023,MED020,6,6,0,0,0,42
2026-02-28,ST023,MED021,12,12,0,0,0,25
2026-02-28,ST023,MED022,8,8,0,0,0,23
2026-02-28,ST023,MED023,12,12,0,0,0,38
2026-02-28,ST023,MED024,15,15,0,0,0,20
2026-02-28,ST023,MED025,5,5,0,0,0,24
2026-02-28,ST023,MED026,13,13,0,0,0,4
2026-02-28,ST023,MED027,12,12,0,72,0,60
2026-02-28,ST023,MED028,6,2,4,0,0,0
2026-02-28,ST023,MED029,9,9,0,0,0,58
2026-02-28,ST023,MED030,8,8,0,0,0,14
2026-02-28,ST024,MED001,16,16,0,0,0,44
2026-02-28,ST024,MED002,15,15,0,0,0,42
2026-02-28,ST024,MED003,3,3,0,24,0,25
2026-02-28,ST024,MED004,10,0,10,0,0,0
2026-02-28,ST024,MED005,14,14,0,0,0,18
2026-02-28,ST024,MED006,14,14,0,0,0,11
2026-02-28,ST024,MED007,3,3,0,0,0,25
2026-02-28,ST024,MED008,6,6,0,24,0,23
2026-02-28,ST024,MED009,11,11,0,0,0,23
2026-02-28,ST024,MED010,8,8,0,0,0,7
2026-02-28,ST024,MED011,13,13,0,0,0,23
2026-02-28,ST024,MED012,10,10,0,0,0,2
2026-02-28,ST024,MED013,5,5,0,0,0,26
2026-02-28,ST024,MED014,8,8,0,0,0,18
2026-02-28,ST024,MED015,13,13,0,0,0,36
2026-02-28,ST024,MED016,8,8,0,0,0,24
2026-02-28,ST024,MED017,14,6,8,0,0,0
2026-02-28,ST024,MED018,9,9,0,0,0,40
2026-02-28,ST024,MED019,5,5,0,0,0,6
2026-02-28,ST024,MED020,9,9,0,0,0,25
2026-02-28,ST024,MED021,14,14,0,54,0,40
2026-02-28,ST024,MED022,9,9,0,0,0,44
2026-02-28,ST024,MED023,9,9,0,72,0,88
2026-02-28,ST024,MED024,15,15,0,0,0,23
2026-02-28,ST024,MED025,9,9,0,0,0,11
2026-02-28,ST024,MED026,11,11,0,0,0,72
2026-02-28,ST024,MED027,10,10,0,0,0,36
2026-02-28,ST024,MED028,7,0,7,0,0,0
2026-02-28,ST024,MED029,9,9,0,0,0,25
2026-02-28,ST024,MED030,5,5,0,0,0,6
2026-02-28,ST025,MED001,9,9,0,0,0,31
2026-02-28,ST025,MED002,19,19,0,0,0,58
2026-02-28,ST025,MED003,4,4,0,0,0,18
2026-02-28,ST025,MED004,10,10,0,0,0,35
2026-02-28,ST025,MED005,12,12,0,0,0,33
2026-02-28,ST025,MED006,9,9,0,0,0,25
2026-02-28,ST025,MED007,1,1,0,0,0,26
2026-02-28,ST025,MED008,6,0,6,0,0,0
2026-02-28,ST025,MED009,9,9,0,0,0,48
2026-02-28,ST025,MED010,8,8,0,0,0,26
2026-02-28,ST025,MED011,15,15,0,72,0,57
2026-02-28,ST025,MED012,12,12,0,0,0,36
2026-02-28,ST025,MED013,8,8,0,0,0,11
2026-02-28,ST025,MED014,8,8,0,0,0,25
2026-02-28,ST025,MED015,11,11,0,72,0,68
2026-02-28,ST025,MED016,11,11,0,0,0,12
2026-02-28,ST025,MED017,15,15,0,0,0,35
2026-02-28,ST025,MED018,8,8,0,0,0,29
2026-02-28,ST025,MED019,2,2,0,0,0,26
2026-02-28,ST025,MED020,9,9,0,0,0,21
2026-02-28,ST025,MED021,10,10,0,0,0,27
2026-02-28,ST025,MED022,8,8,0,42,0,34
2026-02-28,ST025,MED023,15,15,0,72,0,63
2026-02-28,ST025,MED024,15,15,0,84,0,75
2026-02-28,ST025,MED025,9,9,0,0,0,15
2026-02-28,ST025,MED026,14,14,0,0,0,21
2026-02-28,ST025,MED027,13,13,0,0,0,34
2026-02-28,ST025,MED028,8,8,0,0,0,27
2026-02-28,ST025,MED029,12,12,0,0,0,45
2026-02-28,ST025,MED030,4,4,0,36,0,39
2026-02-28,ST026,MED001,17,0,17,0,0,0
2026-02-28,ST026,MED002,10,10,0,0,0,31
2026-02-28,ST026,MED003,7,7,0,0,0,17
2026-02-28,ST026,MED004,11,11,0,0,0,27
2026-02-28,ST026,MED005,15,15,0,0,0,41
2026-02-28,ST026,MED006,11,11,0,0,0,19
2026-02-28,ST026,MED007,2,2,0,0,0,13
2026-02-28,ST026,MED008,6,6,0,0,0,8
2026-02-28,ST026,MED009,14,14,0,0,0,24
2026-02-28,ST026,MED010,5,5,0,0,0,8
2026-02-28,ST026,MED011,17,17,0,0,0,23
2026-02-28,ST026,MED012,10,10,0,0,0,67
2026-02-28,ST026,MED013,10,10,0,48,0,54
2026-02-28,ST026,MED014,10,10,0,0,0,6
2026-02-28,ST026,MED015,18,18,0,0,0,23
2026-02-28,ST026,MED016,9,0,9,0,0,0
2026-02-28,ST026,MED017,18,18,0,0,0,16
2026-02-28,ST026,MED018,8,8,0,0,0,57
2026-02-28,ST026,MED019,5,5,0,24,0,27
2026-02-28,ST026,MED020,8,8,0,0,0,31
2026-02-28,ST026,MED021,13,13,0,0,0,3
2026-02-28,ST026,MED022,9,6,3,0,0,0
2026-02-28,ST026,MED023,18,18,0,0,0,9
2026-02-28,ST026,MED024,17,17,0,0,0,39
2026-02-28,ST026,MED025,6,6,0,0,0,6
2026-02-28,ST026,MED026,17,17,0,0,0,20
2026-02-28,ST026,MED027,16,16,0,72,0,56
2026-02-28,ST026,MED028,9,0,9,0,0,0
2026-02-28,ST026,MED029,12,12,0,72,0,60
2026-02-28,ST026,MED030,3,3,0,0,0,35
2026-02-28,ST027,MED001,11,11,0,0,0,39
2026-02-28,ST027,MED002,13,13,0,0,0,37
2026-02-28,ST027,MED003,3,0,3,0,0,0
2026-02-28,ST027,MED004,23,23,0,0,0,25
2026-02-28,ST027,MED005,20,3,17,0,0,0
2026-02-28,ST027,MED006,15,15,0,0,0,63
2026-02-28,ST027,MED007,1,1,0,0,0,12
2026-02-28,ST027,MED008,4,3,1,0,0,0
2026-02-28,ST027,MED009,10,0,10,0,0,0
2026-02-28,ST027,MED010,4,4,0,0,0,7
2026-02-28,ST027,MED011,17,0,17,0,0,0
2026-02-28,ST027,MED012,14,14,0,0,0,17
2026-02-28,ST027,MED013,10,10,0,0,0,44
2026-02-28,ST027,MED014,15,6,9,0,0,0
2026-02-28,ST027,MED015,19,19,0,0,0,49
2026-02-28,ST027,MED016,12,12,0,0,0,29
2026-02-28,ST027,MED017,15,15,0,0,0,29
2026-02-28,ST027,MED018,6,6,0,0,0,21
2026-02-28,ST027,MED019,3,3,0,0,0,14
2026-02-28,ST027,MED020,10,3,7,0,0,0
2026-02-28,ST027,MED021,15,15,0,66,0,51
2026-02-28,ST027,MED022,11,11,0,0,0,40
2026-02-28,ST027,MED023,12,12,0,0,0,39
2026-02-28,ST027,MED024,21,21,0,0,0,31
2026-02-28,ST027,MED025,7,1,6,0,0,0
2026-02-28,ST027,MED026,18,18,0,0,0,7
2026-02-28,ST027,MED027,17,17,0,72,0,68
2026-02-28,ST027,MED028,12,12,0,0,0,5
2026-02-28,ST027,MED029,9,9,0,0,0,43
2026-02-28,ST027,MED030,4,4,0,0,0,31
2026-02-28,ST028,MED001,7,7,0,0,0,9
2026-02-28,ST028,MED002,11,11,0,0,0,57
2026-02-28,ST028,MED003,2,2,0,0,0,12
2026-02-28,ST028,MED004,11,11,0,0,0,10
2026-02-28,ST028,MED005,10,10,0,0,0,53
2026-02-28,ST028,MED006,10,10,0,0,0,38
2026-02-28,ST028,MED007,1,1,0,0,0,24
2026-02-28,ST028,MED008,2,2,0,24,0,25
2026-02-28,ST028,MED009,11,11,0,0,0,25
2026-02-28,ST028,MED010,6,6,0,0,0,26
2026-02-28,ST028,MED011,20,20,0,0,0,49
2026-02-28,ST028,MED012,8,4,4,0,0,0
2026-02-28,ST028,MED013,9,9,0,0,0,7
2026-02-28,ST028,MED014,6,6,0,0,0,10
2026-02-28,ST028,MED015,12,12,0,0,0,27
2026-02-28,ST028,MED016,6,6,0,0,0,15
2026-02-28,ST028,MED017,9,9,0,0,0,51
2026-02-28,ST028,MED018,4,4,0,0,0,35
2026-02-28,ST028,MED019,0,0,0,0,0,13
2026-02-28,ST028,MED020,9,9,0,48,0,39
2026-02-28,ST028,MED021,9,9,0,0,0,48
2026-02-28,ST028,MED022,7,7,0,0,0,43
2026-02-28,ST028,MED023,9,9,0,0,0,14
2026-02-28,ST028,MED024,11,11,0,0,0,47
2026-02-28,ST028,MED025,6,6,0,0,0,34
2026-02-28,ST028,MED026,13,13,0,0,0,73
2026-02-28,ST028,MED027,8,8,0,0,0,37
2026-02-28,ST028,MED028,5,5,0,0,0,20
2026-02-28,ST028,MED029,11,11,0,0,0,9
2026-02-28,ST028,MED030,4,4,0,30,0,31
2026-02-28,ST029,MED001,9,9,0,0,0,13
2026-02-28,ST029,MED002,12,12,0,0,0,48
2026-02-28,ST029,MED003,3,0,3,0,0,0
2026-02-28,ST029,MED004,10,10,0,0,0,36
2026-02-28,ST029,MED005,10,10,0,0,0,28
2026-02-28,ST029,MED006,8,8,0,0,0,46
2026-02-28,ST029,MED007,6,6,0,0,0,13
2026-02-28,ST029,MED008,1,1,0,0,0,11
2026-02-28,ST029,MED009,9,9,0,0,0,18
2026-02-28,ST029,MED010,5,5,0,0,0,12
2026-02-28,ST029,MED011,11,11,0,0,0,34
2026-02-28,ST029,MED012,12,12,0,60,0,64
2026-02-28,ST029,MED013,7,7,0,0,0,8
2026-02-28,ST029,MED014,3,3,0,0,0,11
2026-02-28,ST029,MED015,11,11,0,0,0,35
2026-02-28,ST029,MED016,7,5,2,0,0,0
2026-02-28,ST029,MED017,4,3,1,0,0,0
2026-02-28,ST029,MED018,8,0,8,0,0,0
2026-02-28,ST029,MED019,0,0,0,0,0,19
2026-02-28,ST029,MED020,7,7,0,0,0,33
2026-02-28,ST029,MED021,9,9,0,0,0,22
2026-02-28,ST029,MED022,1,1,0,0,0,43
2026-02-28,ST029,MED023,10,10,0,0,0,32
2026-02-28,ST029,MED024,10,10,0,0,0,92
2026-02-28,ST029,MED025,6,6,0,0,0,23
2026-02-28,ST029,MED026,9,9,0,0,0,54
2026-02-28,ST029,MED027,14,14,0,0,0,30
2026-02-28,ST029,MED028,8,8,0,0,0,15
2026-02-28,ST029,MED029,9,9,0,0,0,60
2026-02-28,ST029,MED030,5,5,0,30,0,32
2026-02-28,ST030,MED001,11,11,0,0,0,21
2026-02-28,ST030,MED002,10,10,0,60,0,66
2026-02-28,ST030,MED003,4,4,0,0,0,4
2026-02-28,ST030,MED004,10,10,0,48,0,42
2026-02-28,ST030,MED005,15,15,0,72,0,83
2026-02-28,ST030,MED006,13,13,0,0,0,43
2026-02-28,ST030,MED007,5,5,0,0,0,20
2026-02-28,ST030,MED008,5,5,0,0,0,13
2026-02-28,ST030,MED009,9,0,9,0,0,0
2026-02-28,ST030,MED010,7,7,0,0,0,14
2026-02-28,ST030,MED011,12,12,0,0,0,34
2026-02-28,ST030,MED012,11,11,0,0,0,27
2026-02-28,ST030,MED013,8,8,0,36,0,31
2026-02-28,ST030,MED014,6,6,0,0,0,22
2026-02-28,ST030,MED015,22,22,0,0,0,28
2026-02-28,ST030,MED016,8,8,0,0,0,15
2026-02-28,ST030,MED017,11,11,0,0,0,42
2026-02-28,ST030,MED018,6,5,1,0,0,0
2026-02-28,ST030,MED019,6,6,0,24,0,18
2026-02-28,ST030,MED020,8,8,0,0,0,22
2026-02-28,ST030,MED021,8,0,8,0,0,0
2026-02-28,ST030,MED022,6,6,0,0,0,13
2026-02-28,ST030,MED023,11,11,0,0,0,13
2026-02-28,ST030,MED024,9,9,0,0,0,52
2026-02-28,ST030,MED025,4,4,0,0,0,24
2026-02-28,ST030,MED026,15,15,0,0,0,3
2026-02-28,ST030,MED027,12,12,0,0,0,39
2026-02-28,ST030,MED028,1,1,0,0,0,19
2026-02-28,ST030,MED029,9,9,0,0,0,21
2026-02-28,ST030,MED030,6,6,0,30,0,24
2026-02-28,ST031,MED001,15,15,0,72,0,81
2026-02-28,ST031,MED002,15,15,0,0,0,55
2026-02-28,ST031,MED003,3,3,0,24,0,26
2026-02-28,ST031,MED004,10,10,0,48,0,39
2026-02-28,ST031,MED005,13,0,13,0,0,0
2026-02-28,ST031,MED006,7,7,0,0,0,39
2026-02-28,ST031,MED007,1,1,0,0,0,19
2026-02-28,ST031,MED008,2,2,0,0,0,8
2026-02-28,ST031,MED009,16,16,0,0,0,41
2026-02-28,ST031,MED010,4,0,4,0,0,0
2026-02-28,ST031,MED011,12,12,0,0,0,71
2026-02-28,ST031,MED012,13,1,12,0,0,0
2026-02-28,ST031,MED013,11,11,0,0,0,30
2026-02-28,ST031,MED014,8,8,0,0,0,22
2026-02-28,ST031,MED015,16,16,0,0,0,2
2026-02-28,ST031,MED016,11,11,0,0,0,19
2026-02-28,ST031,MED017,20,20,0,60,0,69
2026-02-28,ST031,MED018,9,9,0,48,0,39
2026-02-28,ST031,MED019,2,2,0,0,0,12
2026-02-28,ST031,MED020,8,8,0,0,0,29
2026-02-28,ST031,MED021,9,9,0,0,0,8
2026-02-28,ST031,MED022,12,0,12,0,0,0
2026-02-28,ST031,MED023,12,0,12,0,0,0
2026-02-28,ST031,MED024,13,13,0,0,0,56
2026-02-28,ST031,MED025,6,6,0,0,0,18
2026-02-28,ST031,MED026,13,13,0,0,0,45
2026-02-28,ST031,MED027,12,12,0,0,0,89
2026-02-28,ST031,MED028,6,6,0,0,0,28
2026-02-28,ST031,MED029,12,12,0,0,0,23
2026-02-28,ST031,MED030,4,4,0,0,0,13
2026-02-28,ST032,MED001,14,14,0,0,0,59
2026-02-28,ST032,MED002,14,14,0,0,0,23
2026-02-28,ST032,MED003,1,1,0,0,0,14
2026-02-28,ST032,MED004,9,0,9,0,0,0
2026-02-28,ST032,MED005,13,13,0,0,0,5
2026-02-28,ST032,MED006,12,12,0,0,0,26
2026-02-28,ST032,MED007,7,7,0,0,0,19
2026-02-28,ST032,MED008,2,2,0,0,0,8
2026-02-28,ST032,MED009,7,7,0,0,0,41
2026-02-28,ST032,MED010,6,0,6,0,0,0
2026-02-28,ST032,MED011,13,13,0,60,0,48
2026-02-28,ST032,MED012,12,12,0,0,0,10
2026-02-28,ST032,MED013,8,8,0,48,0,40
2026-02-28,ST032,MED014,4,2,2,0,0,0
2026-02-28,ST032,MED015,17,17,0,0,0,1
2026-02-28,ST032,MED016,7,7,0,0,0,11
2026-02-28,ST032,MED017,13,13,0,0,0,33
2026-02-28,ST032,MED018,5,5,0,0,0,31
2026-02-28,ST032,MED019,6,6,0,0,0,8
2026-02-28,ST032,MED020,10,10,0,0,0,18
2026-02-28,ST032,MED021,9,9,0,0,0,23
2026-02-28,ST032,MED022,7,7,0,0,0,44
2026-02-28,ST032,MED023,15,15,0,72,0,57
2026-02-28,ST032,MED024,10,10,0,0,0,60
2026-02-28,ST032,MED025,5,5,0,0,0,16
2026-02-28,ST032,MED026,13,13,0,0,0,32
2026-02-28,ST032,MED027,14,14,0,0,0,25
2026-02-28,ST032,MED028,8,8,0,0,0,36
2026-02-28,ST032,MED029,10,0,10,0,0,0
2026-02-28,ST032,MED030,8,8,0,30,0,37
2026-02-28,ST033,MED001,17,17,0,0,0,1
2026-02-28,ST033,MED002,18,5,13,0,0,0
2026-02-28,ST033,MED003,2,2,0,0,0,11
2026-02-28,ST033,MED004,10,10,0,0,0,4
2026-02-28,ST033,MED005,14,14,0,0,0,46
2026-02-28,ST033,MED006,12,12,0,0,0,33
2026-02-28,ST033,MED007,5,5,0,24,0,19
2026-02-28,ST033,MED008,1,1,0,0,0,11
2026-02-28,ST033,MED009,15,15,0,0,0,32
2026-02-28,ST033,MED010,5,5,0,0,0,14
2026-02-28,ST033,MED011,13,13,0,0,0,37
2026-02-28,ST033,MED012,12,12,0,0,0,44
2026-02-28,ST033,MED013,12,0,12,0,0,0
2026-02-28,ST033,MED014,6,6,0,0,0,45
2026-02-28,ST033,MED015,14,14,0,0,0,57
2026-02-28,ST033,MED016,10,10,0,0,0,36
2026-02-28,ST033,MED017,13,13,0,0,0,46
2026-02-28,ST033,MED018,6,6,0,48,0,42
2026-02-28,ST033,MED019,8,8,0,0,0,13
2026-02-28,ST033,MED020,7,7,0,0,0,1
2026-02-28,ST033,MED021,13,13,0,54,0,41
2026-02-28,ST033,MED022,7,7,0,0,0,3
2026-02-28,ST033,MED023,14,14,0,0,0,33
2026-02-28,ST033,MED024,16,16,0,0,0,29
2026-02-28,ST033,MED025,8,8,0,0,0,12
2026-02-28,ST033,MED026,16,16,0,0,0,2
2026-02-28,ST033,MED027,12,12,0,72,0,84
2026-02-28,ST033,MED028,8,8,0,0,0,20
2026-02-28,ST033,MED029,12,12,0,0,0,0
2026-02-28,ST033,MED030,6,6,0,0,0,10
2026-02-28,ST034,MED001,15,15,0,72,0,57
2026-02-28,ST034,MED002,17,17,0,0,0,3
2026-02-28,ST034,MED003,1,1,0,0,0,16
2026-02-28,ST034,MED004,16,16,0,48,0,32
2026-02-28,ST034,MED005,18,18,0,0,0,18
2026-02-28,ST034,MED006,15,15,0,0,0,21
2026-02-28,ST034,MED007,5,5,0,0,0,4
2026-02-28,ST034,MED008,3,0,3,0,0,0
2026-02-28,ST034,MED009,16,16,0,0,0,34
2026-02-28,ST034,MED010,7,7,0,24,0,26
2026-02-28,ST034,MED011,15,15,0,0,0,28
2026-02-28,ST034,MED012,22,20,2,0,0,0
2026-02-28,ST034,MED013,9,0,9,0,0,0
2026-02-28,ST034,MED014,7,7,0,0,0,22
2026-02-28,ST034,MED015,21,21,0,0,0,17
2026-02-28,ST034,MED016,10,10,0,0,0,19
2026-02-28,ST034,MED017,17,17,0,60,0,66
2026-02-28,ST034,MED018,12,12,0,0,0,30
2026-02-28,ST034,MED019,3,3,0,0,0,8
2026-02-28,ST034,MED020,8,8,0,0,0,21
2026-02-28,ST034,MED021,15,15,0,0,0,24
2026-02-28,ST034,MED022,8,1,7,0,0,0
2026-02-28,ST034,MED023,15,15,0,0,0,16
2026-02-28,ST034,MED024,15,15,0,0,0,52
2026-02-28,ST034,MED025,9,0,9,0,0,0
2026-02-28,ST034,MED026,15,15,0,0,0,55
2026-02-28,ST034,MED027,18,18,0,0,0,42
2026-02-28,ST034,MED028,12,12,0,0,0,10
2026-02-28,ST034,MED029,11,0,11,0,0,0
2026-02-28,ST034,MED030,8,0,8,0,0,0
2026-02-28,ST035,MED001,8,8,0,0,0,15
2026-02-28,ST035,MED002,20,20,0,0,0,52
2026-02-28,ST035,MED003,2,2,0,0,0,22
2026-02-28,ST035,MED004,8,8,0,0,0,28
2026-02-28,ST035,MED005,9,9,0,0,0,54
2026-02-28,ST035,MED006,13,13,0,0,0,49
2026-02-28,ST035,MED007,2,2,0,0,0,19
2026-02-28,ST035,MED008,4,4,0,0,0,15
2026-02-28,ST035,MED009,14,14,0,0,0,51
2026-02-28,ST035,MED010,2,2,0,0,0,35
2026-02-28,ST035,MED011,9,9,0,0,0,64
2026-02-28,ST035,MED012,5,5,0,0,0,57
2026-02-28,ST035,MED013,5,5,0,0,0,36
2026-02-28,ST035,MED014,0,0,0,48,0,60
2026-02-28,ST035,MED015,11,8,3,0,0,0
2026-02-28,ST035,MED016,6,6,0,0,0,10
2026-02-28,ST035,MED017,9,9,0,0,0,74
2026-02-28,ST035,MED018,5,5,0,0,0,8
2026-02-28,ST035,MED019,3,3,0,0,0,27
2026-02-28,ST035,MED020,6,6,0,0,0,31
2026-02-28,ST035,MED021,15,15,0,0,0,32
2026-02-28,ST035,MED022,3,3,0,0,0,20
2026-02-28,ST035,MED023,5,5,0,0,0,28
2026-02-28,ST035,MED024,18,18,0,0,0,64
2026-02-28,ST035,MED025,5,5,0,0,0,20
2026-02-28,ST035,MED026,9,9,0,0,0,68
2026-02-28,ST035,MED027,12,12,0,0,0,46
2026-02-28,ST035,MED028,8,8,0,0,0,11
2026-02-28,ST035,MED029,8,8,0,0,0,37
2026-02-28,ST035,MED030,6,3,3,0,0,0
2026-02-28,ST036,MED001,14,14,0,0,0,35
2026-02-28,ST036,MED002,10,10,0,0,0,40
2026-02-28,ST036,MED003,2,2,0,0,0,4
2026-02-28,ST036,MED004,6,6,0,0,0,39
2026-02-28,ST036,MED005,9,9,0,0,0,39
2026-02-28,ST036,MED006,10,10,0,0,0,16
2026-02-28,ST036,MED007,0,0,0,0,0,23
2026-02-28,ST036,MED008,4,4,0,0,0,9
2026-02-28,ST036,MED009,17,17,0,0,0,39
2026-02-28,ST036,MED010,5,5,0,0,0,14
2026-02-28,ST036,MED011,10,10,0,0,0,35
2026-02-28,ST036,MED012,7,7,0,60,0,65
2026-02-28,ST036,MED013,10,10,0,36,0,26
2026-02-28,ST036,MED014,5,5,0,0,0,49
2026-02-28,ST036,MED015,10,10,0,0,0,3
2026-02-28,ST036,MED016,9,0,9,0,0,0
2026-02-28,ST036,MED017,12,12,0,0,0,25
2026-02-28,ST036,MED018,6,6,0,0,0,10
2026-02-28,ST036,MED019,5,5,0,0,0,19
2026-02-28,ST036,MED020,7,7,0,48,0,55
2026-02-28,ST036,MED021,8,8,0,0,0,32
2026-02-28,ST036,MED022,6,6,0,0,0,21
2026-02-28,ST036,MED023,10,10,0,0,0,41
2026-02-28,ST036,MED024,10,5,5,0,0,0
2026-02-28,ST036,MED025,7,7,0,0,0,16
2026-02-28,ST036,MED026,11,11,0,0,0,21
2026-02-28,ST036,MED027,13,13,0,0,0,41
2026-02-28,ST036,MED028,9,9,0,48,0,51
2026-02-28,ST036,MED029,11,11,0,0,0,29
2026-02-28,ST036,MED030,8,8,0,0,0,23
2026-02-28,ST037,MED001,12,12,0,0,0,29
2026-02-28,ST037,MED002,12,12,0,0,0,19
2026-02-28,ST037,MED003,6,6,0,24,0,27
2026-02-28,ST037,MED004,11,11,0,0,0,13
2026-02-28,ST037,MED005,11,11,0,60,0,66
2026-02-28,ST037,MED006,11,11,0,60,0,81
2026-02-28,ST037,MED007,2,2,0,0,0,19
2026-02-28,ST037,MED008,3,3,0,0,0,18
2026-02-28,ST037,MED009,8,8,0,0,0,1
2026-02-28,ST037,MED010,6,0,6,0,0,0
2026-02-28,ST037,MED011,13,13,0,0,0,41
2026-02-28,ST037,MED012,14,14,0,0,0,35
2026-02-28,ST037,MED013,9,9,0,0,0,33
2026-02-28,ST037,MED014,6,0,6,0,0,0
2026-02-28,ST037,MED015,15,15,0,0,0,50
2026-02-28,ST037,MED016,8,8,0,0,0,2
2026-02-28,ST037,MED017,12,12,0,60,0,52
2026-02-28,ST037,MED018,10,10,0,0,0,22
2026-02-28,ST037,MED019,3,3,0,0,0,14
2026-02-28,ST037,MED020,8,8,0,0,0,31
2026-02-28,ST037,MED021,11,11,0,54,0,61
2026-02-28,ST037,MED022,7,7,0,0,0,34
2026-02-28,ST037,MED023,13,13,0,0,0,63
2026-02-28,ST037,MED024,13,13,0,0,0,95
2026-02-28,ST037,MED025,3,3,0,48,0,45
2026-02-28,ST037,MED026,10,10,0,0,0,36
2026-02-28,ST037,MED027,14,14,0,0,0,48
2026-02-28,ST037,MED028,6,6,0,0,0,4
2026-02-28,ST037,MED029,10,10,0,0,0,2
2026-02-28,ST037,MED030,4,4,0,30,0,36
2026-02-28,ST038,MED001,7,7,0,0,0,24
2026-02-28,ST038,MED002,10,10,0,0,0,8
2026-02-28,ST038,MED003,0,0,0,0,0,18
2026-02-28,ST038,MED004,12,12,0,0,0,36
2026-02-28,ST038,MED005,14,14,0,0,0,7
2026-02-28,ST038,MED006,12,11,1,0,0,0
2026-02-28,ST038,MED007,3,3,0,0,0,12
2026-02-28,ST038,MED008,8,8,0,0,0,5
2026-02-28,ST038,MED009,11,11,0,0,0,44
2026-02-28,ST038,MED010,4,0,4,0,0,0
2026-02-28,ST038,MED011,9,9,0,0,0,15
2026-02-28,ST038,MED012,9,9,0,0,0,46
2026-02-28,ST038,MED013,12,12,0,48,0,50
2026-02-28,ST038,MED014,5,5,0,48,0,43
2026-02-28,ST038,MED015,9,9,0,0,0,43
2026-02-28,ST038,MED016,9,9,0,48,0,40
2026-02-28,ST038,MED017,12,12,0,0,0,30
2026-02-28,ST038,MED018,8,8,0,0,0,12
2026-02-28,ST038,MED019,3,3,0,0,0,15
2026-02-28,ST038,MED020,4,4,0,0,0,16
2026-02-28,ST038,MED021,13,13,0,0,0,23
2026-02-28,ST038,MED022,9,0,9,0,0,0
2026-02-28,ST038,MED023,9,9,0,0,0,26
2026-02-28,ST038,MED024,14,14,0,72,0,73
2026-02-28,ST038,MED025,8,8,0,0,0,37
2026-02-28,ST038,MED026,14,14,0,72,0,58
2026-02-28,ST038,MED027,16,16,0,0,0,28
2026-02-28,ST038,MED028,7,7,0,0,0,46
2026-02-28,ST038,MED029,11,11,0,0,0,29
2026-02-28,ST038,MED030,7,7,0,0,0,14
2026-02-28,ST039,MED001,16,16,0,0,0,16
2026-02-28,ST039,MED002,10,10,0,0,0,21
2026-02-28,ST039,MED003,2,2,0,0,0,8
2026-02-28,ST039,MED004,7,7,0,0,0,28
2026-02-28,ST039,MED005,14,14,0,0,0,35
2026-02-28,ST039,MED006,13,13,0,0,0,6
2026-02-28,ST039,MED007,4,4,0,0,0,1
2026-02-28,ST039,MED008,3,3,0,0,0,18
2026-02-28,ST039,MED009,10,4,6,0,0,0
2026-02-28,ST039,MED010,6,6,0,0,0,10
2026-02-28,ST039,MED011,14,14,0,0,0,31
2026-02-28,ST039,MED012,12,12,0,0,0,28
2026-02-28,ST039,MED013,7,7,0,0,0,36
2026-02-28,ST039,MED014,6,6,0,48,0,46
2026-02-28,ST039,MED015,17,17,0,0,0,13
2026-02-28,ST039,MED016,9,9,0,0,0,24
2026-02-28,ST039,MED017,11,11,0,0,0,2
2026-02-28,ST039,MED018,6,6,0,0,0,23
2026-02-28,ST039,MED019,4,4,0,0,0,18
2026-02-28,ST039,MED020,10,10,0,0,0,29
2026-02-28,ST039,MED021,18,18,0,0,0,22
2026-02-28,ST039,MED022,13,0,13,0,0,0
2026-02-28,ST039,MED023,13,0,13,0,0,0
2026-02-28,ST039,MED024,17,17,0,0,0,27
2026-02-28,ST039,MED025,10,10,0,36,0,26
2026-02-28,ST039,MED026,13,13,0,0,0,56
2026-02-28,ST039,MED027,15,15,0,0,0,67
2026-02-28,ST039,MED028,9,9,0,48,0,55
2026-02-28,ST039,MED029,12,12,0,0,0,23
2026-02-28,ST039,MED030,8,7,1,0,0,0
2026-02-28,ST040,MED001,13,13,0,0,0,47
2026-02-28,ST040,MED002,15,15,0,0,0,44
2026-02-28,ST040,MED003,7,7,0,0,0,6
2026-02-28,ST040,MED004,6,3,3,0,0,0
2026-02-28,ST040,MED005,12,12,0,72,0,60
2026-02-28,ST040,MED006,10,10,0,0,0,4
2026-02-28,ST040,MED007,5,5,0,0,0,12
2026-02-28,ST040,MED008,6,6,0,0,0,6
2026-02-28,ST040,MED009,17,10,7,0,0,0
2026-02-28,ST040,MED010,8,2,6,0,0,0
2026-02-28,ST040,MED011,16,0,16,0,0,0
2026-02-28,ST040,MED012,13,13,0,0,0,23
2026-02-28,ST040,MED013,9,9,0,0,0,11
2026-02-28,ST040,MED014,6,0,6,0,0,0
2026-02-28,ST040,MED015,14,14,0,0,0,29
2026-02-28,ST040,MED016,15,15,0,0,0,20
2026-02-28,ST040,MED017,17,17,0,0,0,42
2026-02-28,ST040,MED018,10,0,10,0,0,0
2026-02-28,ST040,MED019,1,1,0,0,0,13
2026-02-28,ST040,MED020,12,12,0,0,0,30
2026-02-28,ST040,MED021,12,12,0,0,0,45
2026-02-28,ST040,MED022,10,10,0,0,0,4
2026-02-28,ST040,MED023,11,11,0,0,0,18
2026-02-28,ST040,MED024,14,14,0,0,0,17
2026-02-28,ST040,MED025,8,8,0,0,0,10
2026-02-28,ST040,MED026,16,16,0,0,0,20
2026-02-28,ST040,MED027,16,16,0,0,0,13
2026-02-28,ST040,MED028,8,8,0,0,0,14
2026-02-28,ST040,MED029,10,10,0,0,0,52
2026-02-28,ST040,MED030,7,7,0,0,0,25
2026-03-01,ST001,MED001,9,9,0,0,0,65
2026-03-01,ST001,MED002,11,11,0,0,0,25
2026-03-01,ST001,MED003,4,4,0,0,0,18
2026-03-01,ST001,MED004,6,6,0,0,0,47
2026-03-01,ST001,MED005,5,5,0,60,0,86
2026-03-01,ST001,MED006,11,11,0,0,0,2
2026-03-01,ST001,MED007,3,3,0,0,0,2
2026-03-01,ST001,MED008,2,2,0,0,0,12
2026-03-01,ST001,MED009,10,10,0,0,0,27
2026-03-01,ST001,MED010,6,6,0,24,0,23
2026-03-01,ST001,MED011,8,8,0,0,0,15
2026-03-01,ST001,MED012,10,10,0,0,0,19
2026-03-01,ST001,MED013,6,6,0,0,0,30
2026-03-01,ST001,MED014,6,6,0,0,0,5
2026-03-01,ST001,MED015,11,11,0,0,0,54
2026-03-01,ST001,MED016,7,7,0,0,0,9
2026-03-01,ST001,MED017,8,8,0,0,0,32
2026-03-01,ST001,MED018,4,4,0,0,0,34
2026-03-01,ST001,MED019,4,4,0,0,0,17
2026-03-01,ST001,MED020,10,10,0,0,0,19
2026-03-01,ST001,MED021,10,10,0,0,0,26
2026-03-01,ST001,MED022,7,7,0,0,0,31
2026-03-01,ST001,MED023,7,7,0,0,0,3
2026-03-01,ST001,MED024,10,10,0,0,0,35
2026-03-01,ST001,MED025,6,6,0,36,0,42
2026-03-01,ST001,MED026,8,8,0,72,0,64
2026-03-01,ST001,MED027,10,10,0,72,0,83
2026-03-01,ST001,MED028,5,5,0,48,0,43
2026-03-01,ST001,MED029,9,9,0,0,0,15
2026-03-01,ST001,MED030,4,4,0,0,0,4
2026-03-01,ST002,MED001,13,13,0,72,0,81
2026-03-01,ST002,MED002,10,10,0,0,0,33
2026-03-01,ST002,MED003,3,0,3,0,0,0
2026-03-01,ST002,MED004,8,8,0,0,0,29
2026-03-01,ST002,MED005,9,9,0,0,0,14
2026-03-01,ST002,MED006,10,10,0,60,0,77
2026-03-01,ST002,MED007,3,3,0,0,0,24
2026-03-01,ST002,MED008,0,0,0,0,0,16
2026-03-01,ST002,MED009,8,8,0,0,0,62
2026-03-01,ST002,MED010,4,4,0,0,0,26
2026-03-01,ST002,MED011,15,15,0,66,0,76
2026-03-01,ST002,MED012,10,10,0,60,0,50
2026-03-01,ST002,MED013,8,8,0,36,0,50
2026-03-01,ST002,MED014,9,9,0,0,0,23
2026-03-01,ST002,MED015,9,9,0,0,0,32
2026-03-01,ST002,MED016,4,4,0,48,0,58
2026-03-01,ST002,MED017,15,15,0,0,0,8
2026-03-01,ST002,MED018,10,10,0,0,0,8
2026-03-01,ST002,MED019,1,1,0,24,0,23
2026-03-01,ST002,MED020,9,9,0,0,0,28
2026-03-01,ST002,MED021,13,13,0,0,0,63
2026-03-01,ST002,MED022,5,0,5,0,0,0
2026-03-01,ST002,MED023,11,11,0,0,0,57
2026-03-01,ST002,MED024,13,13,0,0,0,22
2026-03-01,ST002,MED025,5,5,0,0,0,37
2026-03-01,ST002,MED026,9,9,0,0,0,22
2026-03-01,ST002,MED027,17,17,0,0,0,3
2026-03-01,ST002,MED028,3,3,0,0,0,43
2026-03-01,ST002,MED029,9,9,0,0,0,71
2026-03-01,ST002,MED030,4,4,0,0,0,18
2026-03-01,ST003,MED001,14,14,0,72,0,58
2026-03-01,ST003,MED002,12,12,0,0,0,38
2026-03-01,ST003,MED003,1,1,0,0,0,3
2026-03-01,ST003,MED004,11,11,0,0,0,42
2026-03-01,ST003,MED005,15,15,0,0,0,34
2026-03-01,ST003,MED006,12,12,0,0,0,9
2026-03-01,ST003,MED007,3,2,1,0,0,0
2026-03-01,ST003,MED008,3,0,3,0,0,0
2026-03-01,ST003,MED009,12,12,0,0,0,20
2026-03-01,ST003,MED010,5,5,0,24,0,19
2026-03-01,ST003,MED011,10,10,0,0,0,28
2026-03-01,ST003,MED012,7,7,0,0,0,18
2026-03-01,ST003,MED013,10,10,0,48,0,56
2026-03-01,ST003,MED014,5,5,0,0,0,28
2026-03-01,ST003,MED015,14,14,0,0,0,47
2026-03-01,ST003,MED016,6,6,0,48,0,49
2026-03-01,ST003,MED017,9,9,0,0,0,20
2026-03-01,ST003,MED018,9,9,0,0,0,49
2026-03-01,ST003,MED019,6,6,0,0,0,10
2026-03-01,ST003,MED020,6,6,0,0,0,21
2026-03-01,ST003,MED021,10,10,0,0,0,52
2026-03-01,ST003,MED022,8,5,3,0,0,0
2026-03-01,ST003,MED023,9,9,0,0,0,45
2026-03-01,ST003,MED024,19,12,7,0,0,0
2026-03-01,ST003,MED025,10,10,0,0,0,15
2026-03-01,ST003,MED026,13,13,0,0,0,57
2026-03-01,ST003,MED027,13,13,0,72,0,59
2026-03-01,ST003,MED028,6,6,0,0,0,24
2026-03-01,ST003,MED029,10,10,0,0,0,22
2026-03-01,ST003,MED030,8,8,0,0,0,9
2026-03-01,ST004,MED001,15,15,0,72,0,57
2026-03-01,ST004,MED002,13,13,0,0,0,8
2026-03-01,ST004,MED003,4,4,0,0,0,21
2026-03-01,ST004,MED004,9,9,0,0,0,10
2026-03-01,ST004,MED005,13,13,0,72,0,64
2026-03-01,ST004,MED006,11,11,0,0,0,35
2026-03-01,ST004,MED007,2,2,0,0,0,5
2026-03-01,ST004,MED008,4,4,0,0,0,11
2026-03-01,ST004,MED009,9,9,0,0,0,8
2026-03-01,ST004,MED010,6,6,0,0,0,31
2026-03-01,ST004,MED011,15,15,0,66,0,51
2026-03-01,ST004,MED012,11,11,0,0,0,53
2026-03-01,ST004,MED013,12,12,0,0,0,8
2026-03-01,ST004,MED014,9,7,2,0,0,0
2026-03-01,ST004,MED015,17,17,0,72,0,55
2026-03-01,ST004,MED016,10,10,0,0,0,41
2026-03-01,ST004,MED017,13,13,0,72,0,70
2026-03-01,ST004,MED018,10,10,0,0,0,39
2026-03-01,ST004,MED019,3,0,3,0,0,0
2026-03-01,ST004,MED020,8,8,0,0,0,24
2026-03-01,ST004,MED021,13,13,0,0,0,33
2026-03-01,ST004,MED022,8,8,0,0,0,30
2026-03-01,ST004,MED023,11,11,0,0,0,20
2026-03-01,ST004,MED024,19,19,0,72,0,79
2026-03-01,ST004,MED025,8,8,0,0,0,7
2026-03-01,ST004,MED026,15,15,0,0,0,19
2026-03-01,ST004,MED027,16,16,0,0,0,48
2026-03-01,ST004,MED028,11,11,0,0,0,14
2026-03-01,ST004,MED029,12,12,0,0,0,9
2026-03-01,ST004,MED030,8,6,2,0,0,0
2026-03-01,ST005,MED001,15,15,0,0,0,57
2026-03-01,ST005,MED002,18,18,0,0,0,31
2026-03-01,ST005,MED003,2,2,0,0,0,14
2026-03-01,ST005,MED004,11,11,0,0,0,20
2026-03-01,ST005,MED005,15,4,11,0,0,0
2026-03-01,ST005,MED006,9,5,4,0,0,0
2026-03-01,ST005,MED007,4,4,0,0,0,9
2026-03-01,ST005,MED008,6,6,0,0,0,11
2026-03-01,ST005,MED009,12,0,12,0,0,0
2026-03-01,ST005,MED010,2,2,0,0,0,29
2026-03-01,ST005,MED011,21,21,0,0,0,8
2026-03-01,ST005,MED012,11,11,0,60,0,69
2026-03-01,ST005,MED013,10,10,0,48,0,38
2026-03-01,ST005,MED014,6,6,0,0,0,23
2026-03-01,ST005,MED015,15,15,0,0,0,61
2026-03-01,ST005,MED016,11,11,0,0,0,31
2026-03-01,ST005,MED017,15,0,15,0,0,0
2026-03-01,ST005,MED018,8,8,0,0,0,13
2026-03-01,ST005,MED019,5,0,5,0,0,0
2026-03-01,ST005,MED020,14,6,8,0,0,0
2026-03-01,ST005,MED021,11,11,0,0,0,40
2026-03-01,ST005,MED022,14,14,0,0,0,12
2026-03-01,ST005,MED023,14,14,0,0,0,12
2026-03-01,ST005,MED024,19,19,0,72,0,78
2026-03-01,ST005,MED025,11,11,0,36,0,41
2026-03-01,ST005,MED026,13,13,0,0,0,48
2026-03-01,ST005,MED027,17,17,0,0,0,11
2026-03-01,ST005,MED028,6,6,0,0,0,9
2026-03-01,ST005,MED029,11,7,4,0,0,0
2026-03-01,ST005,MED030,9,5,4,0,0,0
2026-03-01,ST006,MED001,13,0,13,0,0,0
2026-03-01,ST006,MED002,16,16,0,60,0,44
2026-03-01,ST006,MED003,8,6,2,0,0,0
2026-03-01,ST006,MED004,25,0,25,0,0,0
2026-03-01,ST006,MED005,18,0,18,0,0,0
2026-03-01,ST006,MED006,16,16,0,0,0,21
2026-03-01,ST006,MED007,4,4,0,0,0,9
2026-03-01,ST006,MED008,5,4,1,0,0,0
2026-03-01,ST006,MED009,13,0,13,0,0,0
2026-03-01,ST006,MED010,7,7,0,0,0,7
2026-03-01,ST006,MED011,16,16,0,0,0,17
2026-03-01,ST006,MED012,15,15,0,0,0,49
2026-03-01,ST006,MED013,7,1,6,0,0,0
2026-03-01,ST006,MED014,10,10,0,0,0,48
2026-03-01,ST006,MED015,16,16,0,72,0,86
2026-03-01,ST006,MED016,14,14,0,0,0,35
2026-03-01,ST006,MED017,12,12,0,0,0,25
2026-03-01,ST006,MED018,8,8,0,0,0,28
2026-03-01,ST006,MED019,4,4,0,0,0,16
2026-03-01,ST006,MED020,6,6,0,0,0,2
2026-03-01,ST006,MED021,16,16,0,0,0,9
2026-03-01,ST006,MED022,9,9,0,0,0,19
2026-03-01,ST006,MED023,15,15,0,0,0,6
2026-03-01,ST006,MED024,17,3,14,0,0,0
2026-03-01,ST006,MED025,7,7,0,0,0,11
2026-03-01,ST006,MED026,13,13,0,0,0,22
2026-03-01,ST006,MED027,15,15,0,72,0,57
2026-03-01,ST006,MED028,8,8,0,0,0,3
2026-03-01,ST006,MED029,13,13,0,0,0,28
2026-03-01,ST006,MED030,5,5,0,0,0,18
2026-03-01,ST007,MED001,10,1,9,0,0,0
2026-03-01,ST007,MED002,11,0,11,0,0,0
2026-03-01,ST007,MED003,5,5,0,0,0,14
2026-03-01,ST007,MED004,7,7,0,0,0,42
2026-03-01,ST007,MED005,11,11,0,0,0,31
2026-03-01,ST007,MED006,12,12,0,60,0,62
2026-03-01,ST007,MED007,6,6,0,0,0,17
2026-03-01,ST007,MED008,0,0,0,0,0,6
2026-03-01,ST007,MED009,10,10,0,0,0,35
2026-03-01,ST007,MED010,3,3,0,0,0,27
2026-03-01,ST007,MED011,9,9,0,0,0,44
2026-03-01,ST007,MED012,8,8,0,0,0,34
2026-03-01,ST007,MED013,9,9,0,0,0,29
2026-03-01,ST007,MED014,0,0,0,0,0,44
2026-03-01,ST007,MED015,10,10,0,0,0,10
2026-03-01,ST007,MED016,7,7,0,48,0,47
2026-03-01,ST007,MED017,3,3,0,0,0,37
2026-03-01,ST007,MED018,7,7,0,0,0,19
2026-03-01,ST007,MED019,3,3,0,0,0,8
2026-03-01,ST007,MED020,4,4,0,0,0,36
2026-03-01,ST007,MED021,9,9,0,0,0,38
2026-03-01,ST007,MED022,5,5,0,0,0,31
2026-03-01,ST007,MED023,10,10,0,0,0,73
2026-03-01,ST007,MED024,9,9,0,72,0,94
2026-03-01,ST007,MED025,6,6,0,0,0,20
2026-03-01,ST007,MED026,9,9,0,0,0,55
2026-03-01,ST007,MED027,11,11,0,0,0,24
2026-03-01,ST007,MED028,2,2,0,0,0,18
2026-03-01,ST007,MED029,8,8,0,0,0,59
2026-03-01,ST007,MED030,2,2,0,0,0,43
2026-03-01,ST008,MED001,12,12,0,0,0,40
2026-03-01,ST008,MED002,10,10,0,0,0,32
2026-03-01,ST008,MED003,3,3,0,0,0,6
2026-03-01,ST008,MED004,10,10,0,0,0,32
2026-03-01,ST008,MED005,9,9,0,0,0,45
2026-03-01,ST008,MED006,6,6,0,0,0,7
2026-03-01,ST008,MED007,3,3,0,0,0,9
2026-03-01,ST008,MED008,4,4,0,24,0,25
2026-03-01,ST008,MED009,9,9,0,0,0,62
2026-03-01,ST008,MED010,5,5,0,0,0,21
2026-03-01,ST008,MED011,11,11,0,0,0,7
2026-03-01,ST008,MED012,9,9,0,0,0,28
2026-03-01,ST008,MED013,6,6,0,36,0,47
2026-03-01,ST008,MED014,4,4,0,0,0,34
2026-03-01,ST008,MED015,12,12,0,0,0,86
2026-03-01,ST008,MED016,4,4,0,0,0,34
2026-03-01,ST008,MED017,8,8,0,60,0,73
2026-03-01,ST008,MED018,8,8,0,0,0,23
2026-03-01,ST008,MED019,3,3,0,0,0,17
2026-03-01,ST008,MED020,8,8,0,0,0,59
2026-03-01,ST008,MED021,8,8,0,0,0,12
2026-03-01,ST008,MED022,6,6,0,0,0,10
2026-03-01,ST008,MED023,10,10,0,0,0,49
2026-03-01,ST008,MED024,12,12,0,0,0,34
2026-03-01,ST008,MED025,5,5,0,0,0,14
2026-03-01,ST008,MED026,13,6,7,0,0,0
2026-03-01,ST008,MED027,11,11,0,0,0,43
2026-03-01,ST008,MED028,5,5,0,0,0,19
2026-03-01,ST008,MED029,4,4,0,72,0,83
2026-03-01,ST008,MED030,3,3,0,0,0,29
2026-03-01,ST009,MED001,12,12,0,72,0,72
2026-03-01,ST009,MED002,6,6,0,0,0,19
2026-03-01,ST009,MED003,2,2,0,0,0,18
2026-03-01,ST009,MED004,11,0,11,0,0,0
2026-03-01,ST009,MED005,15,15,0,0,0,37
2026-03-01,ST009,MED006,13,13,0,0,0,16
2026-03-01,ST009,MED007,3,3,0,24,0,26
2026-03-01,ST009,MED008,6,6,0,0,0,2
2026-03-01,ST009,MED009,9,9,0,0,0,17
2026-03-01,ST009,MED010,3,3,0,0,0,13
2026-03-01,ST009,MED011,8,8,0,0,0,31
2026-03-01,ST009,MED012,9,9,0,0,0,31
2026-03-01,ST009,MED013,6,6,0,0,0,18
2026-03-01,ST009,MED014,3,3,0,0,0,50
2026-03-01,ST009,MED015,9,9,0,0,0,41
2026-03-01,ST009,MED016,10,10,0,0,0,32
2026-03-01,ST009,MED017,10,10,0,72,0,68
2026-03-01,ST009,MED018,5,5,0,0,0,14
2026-03-01,ST009,MED019,6,6,0,0,0,11
2026-03-01,ST009,MED020,11,11,0,0,0,9
2026-03-01,ST009,MED021,10,10,0,0,0,52
2026-03-01,ST009,MED022,8,8,0,36,0,29
2026-03-01,ST009,MED023,12,12,0,0,0,31
2026-03-01,ST009,MED024,11,11,0,0,0,12
2026-03-01,ST009,MED025,8,8,0,0,0,29
2026-03-01,ST009,MED026,9,9,0,0,0,55
2026-03-01,ST009,MED027,15,15,0,0,0,21
2026-03-01,ST009,MED028,7,7,0,0,0,25
2026-03-01,ST009,MED029,10,8,2,0,0,0
2026-03-01,ST009,MED030,7,7,0,0,0,24
2026-03-01,ST010,MED001,16,0,16,0,0,0
2026-03-01,ST010,MED002,12,12,0,0,0,38
2026-03-01,ST010,MED003,6,6,0,0,0,9
2026-03-01,ST010,MED004,15,15,0,0,0,10
2026-03-01,ST010,MED005,15,15,0,0,0,33
2026-03-01,ST010,MED006,6,2,4,0,0,0
2026-03-01,ST010,MED007,2,2,0,0,0,5
2026-03-01,ST010,MED008,3,3,0,0,0,17
2026-03-01,ST010,MED009,15,5,10,0,0,0
2026-03-01,ST010,MED010,9,9,0,0,0,22
2026-03-01,ST010,MED011,12,4,8,0,0,0
2026-03-01,ST010,MED012,9,9,0,0,0,66
2026-03-01,ST010,MED013,8,8,0,0,0,3
2026-03-01,ST010,MED014,11,11,0,0,0,20
2026-03-01,ST010,MED015,13,13,0,0,0,57
2026-03-01,ST010,MED016,11,0,11,0,0,0
2026-03-01,ST010,MED017,14,14,0,72,0,71
2026-03-01,ST010,MED018,9,0,9,0,0,0
2026-03-01,ST010,MED019,2,2,0,0,0,8
2026-03-01,ST010,MED020,8,8,0,0,0,27
2026-03-01,ST010,MED021,11,0,11,0,0,0
2026-03-01,ST010,MED022,7,7,0,0,0,22
2026-03-01,ST010,MED023,14,14,0,0,0,6
2026-03-01,ST010,MED024,10,10,0,72,0,94
2026-03-01,ST010,MED025,4,1,3,0,0,0
2026-03-01,ST010,MED026,14,14,0,0,0,5
2026-03-01,ST010,MED027,15,15,0,72,0,79
2026-03-01,ST010,MED028,7,7,0,0,0,32
2026-03-01,ST010,MED029,13,13,0,0,0,26
2026-03-01,ST010,MED030,4,4,0,0,0,15
2026-03-01,ST011,MED001,11,11,0,0,0,22
2026-03-01,ST011,MED002,14,14,0,0,0,19
2026-03-01,ST011,MED003,4,4,0,0,0,13
2026-03-01,ST011,MED004,8,8,0,0,0,31
2026-03-01,ST011,MED005,13,10,3,0,0,0
2026-03-01,ST011,MED006,12,12,0,0,0,43
2026-03-01,ST011,MED007,5,5,0,0,0,15
2026-03-01,ST011,MED008,3,3,0,0,0,19
2026-03-01,ST011,MED009,13,13,0,0,0,31
2026-03-01,ST011,MED010,2,0,2,0,0,0
2026-03-01,ST011,MED011,10,10,0,0,0,36
2026-03-01,ST011,MED012,14,14,0,0,0,16
2026-03-01,ST011,MED013,10,10,0,0,0,11
2026-03-01,ST011,MED014,7,7,0,0,0,39
2026-03-01,ST011,MED015,16,0,16,0,0,0
2026-03-01,ST011,MED016,9,9,0,0,0,20
2026-03-01,ST011,MED017,14,14,0,60,0,46
2026-03-01,ST011,MED018,7,7,0,0,0,8
2026-03-01,ST011,MED019,7,3,4,0,0,0
2026-03-01,ST011,MED020,8,8,0,0,0,22
2026-03-01,ST011,MED021,10,10,0,0,0,51
2026-03-01,ST011,MED022,8,6,2,0,0,0
2026-03-01,ST011,MED023,14,14,0,72,0,68
2026-03-01,ST011,MED024,17,17,0,0,0,44
2026-03-01,ST011,MED025,7,7,0,0,0,19
2026-03-01,ST011,MED026,20,20,0,0,0,51
2026-03-01,ST011,MED027,19,19,0,0,0,6
2026-03-01,ST011,MED028,8,8,0,0,0,17
2026-03-01,ST011,MED029,10,10,0,0,0,30
2026-03-01,ST011,MED030,6,6,0,0,0,27
2026-03-01,ST012,MED001,14,14,0,0,0,45
2026-03-01,ST012,MED002,13,9,4,0,0,0
2026-03-01,ST012,MED003,7,7,0,0,0,1
2026-03-01,ST012,MED004,8,8,0,0,0,21
2026-03-01,ST012,MED005,16,16,0,72,0,70
2026-03-01,ST012,MED006,9,9,0,0,0,9
2026-03-01,ST012,MED007,2,2,0,0,0,20
2026-03-01,ST012,MED008,6,6,0,24,0,18
2026-03-01,ST012,MED009,11,11,0,0,0,48
2026-03-01,ST012,MED010,8,8,0,24,0,22
2026-03-01,ST012,MED011,15,15,0,0,0,54
2026-03-01,ST012,MED012,14,14,0,0,0,20
2026-03-01,ST012,MED013,12,12,0,0,0,2
2026-03-01,ST012,MED014,9,9,0,0,0,24
2026-03-01,ST012,MED015,14,14,0,0,0,19
2026-03-01,ST012,MED016,9,9,0,0,0,29
2026-03-01,ST012,MED017,15,15,0,0,0,35
2026-03-01,ST012,MED018,5,5,0,0,0,29
2026-03-01,ST012,MED019,3,3,0,0,0,10
2026-03-01,ST012,MED020,11,11,0,0,0,19
2026-03-01,ST012,MED021,14,0,14,0,0,0
2026-03-01,ST012,MED022,13,13,0,42,0,29
2026-03-01,ST012,MED023,20,20,0,0,0,18
2026-03-01,ST012,MED024,17,17,0,72,0,71
2026-03-01,ST012,MED025,6,6,0,0,0,9
2026-03-01,ST012,MED026,18,18,0,0,0,27
2026-03-01,ST012,MED027,19,19,0,72,0,80
2026-03-01,ST012,MED028,9,9,0,0,0,39
2026-03-01,ST012,MED029,11,2,9,0,0,0
2026-03-01,ST012,MED030,7,3,4,0,0,0
2026-03-01,ST013,MED001,19,19,0,0,0,40
2026-03-01,ST013,MED002,17,6,11,0,0,0
2026-03-01,ST013,MED003,9,9,0,0,0,14
2026-03-01,ST013,MED004,11,11,0,0,0,23
2026-03-01,ST013,MED005,15,15,0,0,0,19
2026-03-01,ST013,MED006,13,13,0,0,0,4
2026-03-01,ST013,MED007,7,7,0,0,0,2
2026-03-01,ST013,MED008,3,3,0,0,0,11
2026-03-01,ST013,MED009,14,14,0,0,0,20
2026-03-01,ST013,MED010,1,1,0,0,0,19
2026-03-01,ST013,MED011,16,16,0,0,0,55
2026-03-01,ST013,MED012,16,16,0,0,0,28
2026-03-01,ST013,MED013,12,12,0,0,0,24
2026-03-01,ST013,MED014,6,6,0,0,0,35
2026-03-01,ST013,MED015,18,18,0,0,0,40
2026-03-01,ST013,MED016,10,0,10,0,0,0
2026-03-01,ST013,MED017,14,14,0,0,0,1
2026-03-01,ST013,MED018,8,8,0,0,0,17
2026-03-01,ST013,MED019,4,4,0,0,0,1
2026-03-01,ST013,MED020,12,12,0,0,0,25
2026-03-01,ST013,MED021,17,17,0,66,0,49
2026-03-01,ST013,MED022,8,5,3,0,0,0
2026-03-01,ST013,MED023,15,15,0,0,0,5
2026-03-01,ST013,MED024,20,20,0,0,0,34
2026-03-01,ST013,MED025,9,9,0,36,0,27
2026-03-01,ST013,MED026,13,13,0,72,0,70
2026-03-01,ST013,MED027,16,16,0,72,0,70
2026-03-01,ST013,MED028,5,5,0,0,0,58
2026-03-01,ST013,MED029,12,12,0,72,0,60
2026-03-01,ST013,MED030,5,0,5,0,0,0
2026-03-01,ST014,MED001,10,10,0,0,0,60
2026-03-01,ST014,MED002,12,12,0,0,0,17
2026-03-01,ST014,MED003,0,0,0,0,0,3
2026-03-01,ST014,MED004,6,6,0,0,0,26
2026-03-01,ST014,MED005,9,9,0,0,0,7
2026-03-01,ST014,MED006,7,7,0,0,0,45
2026-03-01,ST014,MED007,0,0,0,0,0,19
2026-03-01,ST014,MED008,0,0,0,0,0,16
2026-03-01,ST014,MED009,8,8,0,0,0,53
2026-03-01,ST014,MED010,3,3,0,0,0,12
2026-03-01,ST014,MED011,9,9,0,0,0,33
2026-03-01,ST014,MED012,5,5,0,0,0,36
2026-03-01,ST014,MED013,7,7,0,0,0,23
2026-03-01,ST014,MED014,2,2,0,0,0,2
2026-03-01,ST014,MED015,12,12,0,0,0,50
2026-03-01,ST014,MED016,7,7,0,0,0,14
2026-03-01,ST014,MED017,8,8,0,0,0,57
2026-03-01,ST014,MED018,6,6,0,0,0,49
2026-03-01,ST014,MED019,0,0,0,0,0,1
2026-03-01,ST014,MED020,7,7,0,48,0,44
2026-03-01,ST014,MED021,6,6,0,0,0,18
2026-03-01,ST014,MED022,4,4,0,0,0,28
2026-03-01,ST014,MED023,10,10,0,0,0,56
2026-03-01,ST014,MED024,13,13,0,0,0,33
2026-03-01,ST014,MED025,5,5,0,36,0,36
2026-03-01,ST014,MED026,6,6,0,0,0,47
2026-03-01,ST014,MED027,10,10,0,0,0,24
2026-03-01,ST014,MED028,3,3,0,0,0,35
2026-03-01,ST014,MED029,10,10,0,0,0,59
2026-03-01,ST014,MED030,5,5,0,30,0,36
2026-03-01,ST015,MED001,19,14,5,0,0,0
2026-03-01,ST015,MED002,10,3,7,0,0,0
2026-03-01,ST015,MED003,3,3,0,0,0,7
2026-03-01,ST015,MED004,8,8,0,0,0,39
2026-03-01,ST015,MED005,11,11,0,60,0,60
2026-03-01,ST015,MED006,10,7,3,0,0,0
2026-03-01,ST015,MED007,7,7,0,24,0,17
2026-03-01,ST015,MED008,5,5,0,0,0,16
2026-03-01,ST015,MED009,9,9,0,0,0,46
2026-03-01,ST015,MED010,4,4,0,24,0,21
2026-03-01,ST015,MED011,12,12,0,0,0,24
2026-03-01,ST015,MED012,8,8,0,0,0,21
2026-03-01,ST015,MED013,6,6,0,0,0,12
2026-03-01,ST015,MED014,5,5,0,0,0,15
2026-03-01,ST015,MED015,9,9,0,72,0,66
2026-03-01,ST015,MED016,4,4,0,0,0,37
2026-03-01,ST015,MED017,10,10,0,0,0,49
2026-03-01,ST015,MED018,7,7,0,0,0,30
2026-03-01,ST015,MED019,1,1,0,0,0,21
2026-03-01,ST015,MED020,2,2,0,0,0,50
2026-03-01,ST015,MED021,10,10,0,0,0,3
2026-03-01,ST015,MED022,7,7,0,0,0,37
2026-03-01,ST015,MED023,12,12,0,0,0,45
2026-03-01,ST015,MED024,14,14,0,0,0,34
2026-03-01,ST015,MED025,5,5,0,0,0,11
2026-03-01,ST015,MED026,12,12,0,0,0,48
2026-03-01,ST015,MED027,13,13,0,0,0,38
2026-03-01,ST015,MED028,6,6,0,0,0,13
2026-03-01,ST015,MED029,6,6,0,0,0,69
2026-03-01,ST015,MED030,5,5,0,0,0,11
2026-03-01,ST016,MED001,20,20,0,0,0,60
2026-03-01,ST016,MED002,11,11,0,66,0,70
2026-03-01,ST016,MED003,3,3,0,0,0,8
2026-03-01,ST016,MED004,8,8,0,0,0,24
2026-03-01,ST016,MED005,11,11,0,0,0,71
2026-03-01,ST016,MED006,10,10,0,0,0,64
2026-03-01,ST016,MED007,3,1,2,0,0,0
2026-03-01,ST016,MED008,6,6,0,0,0,2
2026-03-01,ST016,MED009,9,9,0,0,0,61
2026-03-01,ST016,MED010,3,3,0,0,0,8
2026-03-01,ST016,MED011,8,8,0,0,0,26
2026-03-01,ST016,MED012,10,10,0,0,0,17
2026-03-01,ST016,MED013,5,5,0,0,0,26
2026-03-01,ST016,MED014,5,5,0,0,0,44
2026-03-01,ST016,MED015,11,11,0,72,0,90
2026-03-01,ST016,MED016,5,5,0,48,0,53
2026-03-01,ST016,MED017,11,11,0,72,0,73
2026-03-01,ST016,MED018,5,5,0,0,0,3
2026-03-01,ST016,MED019,5,5,0,0,0,16
2026-03-01,ST016,MED020,8,8,0,0,0,32
2026-03-01,ST016,MED021,10,10,0,0,0,2
2026-03-01,ST016,MED022,7,7,0,0,0,39
2026-03-01,ST016,MED023,12,12,0,60,0,67
2026-03-01,ST016,MED024,11,0,11,0,0,0
2026-03-01,ST016,MED025,8,8,0,0,0,40
2026-03-01,ST016,MED026,11,11,0,0,0,26
2026-03-01,ST016,MED027,13,13,0,0,0,71
2026-03-01,ST016,MED028,10,10,0,0,0,32
2026-03-01,ST016,MED029,7,7,0,72,0,65
2026-03-01,ST016,MED030,6,6,0,30,0,24
2026-03-01,ST017,MED001,10,10,0,0,0,61
2026-03-01,ST017,MED002,14,14,0,0,0,27
2026-03-01,ST017,MED003,4,4,0,0,0,15
2026-03-01,ST017,MED004,8,8,0,0,0,24
2026-03-01,ST017,MED005,14,14,0,84,0,70
2026-03-01,ST017,MED006,12,12,0,60,0,71
2026-03-01,ST017,MED007,2,2,0,0,0,27
2026-03-01,ST017,MED008,0,0,0,0,0,13
2026-03-01,ST017,MED009,8,8,0,0,0,33
2026-03-01,ST017,MED010,6,6,0,0,0,7
2026-03-01,ST017,MED011,9,9,0,66,0,79
2026-03-01,ST017,MED012,11,11,0,60,0,63
2026-03-01,ST017,MED013,4,4,0,0,0,36
2026-03-01,ST017,MED014,1,1,0,0,0,36
2026-03-01,ST017,MED015,16,16,0,0,0,33
2026-03-01,ST017,MED016,7,7,0,0,0,9
2026-03-01,ST017,MED017,12,12,0,0,0,23
2026-03-01,ST017,MED018,8,8,0,0,0,1
2026-03-01,ST017,MED019,4,4,0,0,0,14
2026-03-01,ST017,MED020,3,3,0,48,0,45
2026-03-01,ST017,MED021,12,12,0,0,0,14
2026-03-01,ST017,MED022,8,8,0,0,0,14
2026-03-01,ST017,MED023,14,14,0,0,0,36
2026-03-01,ST017,MED024,13,13,0,0,0,17
2026-03-01,ST017,MED025,6,6,0,0,0,21
2026-03-01,ST017,MED026,16,16,0,0,0,43
2026-03-01,ST017,MED027,15,15,0,0,0,34
2026-03-01,ST017,MED028,8,5,3,0,0,0
2026-03-01,ST017,MED029,11,11,0,0,0,0
2026-03-01,ST017,MED030,1,1,0,0,0,23
2026-03-01,ST018,MED001,17,17,0,0,0,43
2026-03-01,ST018,MED002,12,0,12,0,0,0
2026-03-01,ST018,MED003,5,5,0,24,0,29
2026-03-01,ST018,MED004,13,13,0,0,0,2
2026-03-01,ST018,MED005,16,16,0,0,0,23
2026-03-01,ST018,MED006,13,13,0,0,0,58
2026-03-01,ST018,MED007,3,1,2,0,0,0
2026-03-01,ST018,MED008,5,5,0,0,0,0
2026-03-01,ST018,MED009,10,10,0,60,0,50
2026-03-01,ST018,MED010,5,5,0,0,0,10
2026-03-01,ST018,MED011,14,14,0,72,0,58
2026-03-01,ST018,MED012,14,14,0,0,0,40
2026-03-01,ST018,MED013,8,8,0,0,0,28
2026-03-01,ST018,MED014,4,4,0,0,0,15
2026-03-01,ST018,MED015,15,15,0,0,0,29
2026-03-01,ST018,MED016,7,7,0,0,0,22
2026-03-01,ST018,MED017,15,15,0,0,0,63
2026-03-01,ST018,MED018,7,7,0,48,0,45
2026-03-01,ST018,MED019,1,1,0,0,0,11
2026-03-01,ST018,MED020,8,8,0,48,0,43
2026-03-01,ST018,MED021,13,4,9,0,0,0
2026-03-01,ST018,MED022,9,9,0,42,0,33
2026-03-01,ST018,MED023,13,13,0,0,0,27
2026-03-01,ST018,MED024,14,14,0,0,0,3
2026-03-01,ST018,MED025,10,10,0,0,0,17
2026-03-01,ST018,MED026,11,11,0,0,0,48
2026-03-01,ST018,MED027,16,16,0,72,0,56
2026-03-01,ST018,MED028,10,10,0,0,0,14
2026-03-01,ST018,MED029,9,9,0,0,0,27
2026-03-01,ST018,MED030,8,8,0,0,0,26
2026-03-01,ST019,MED001,18,18,0,0,0,37
2026-03-01,ST019,MED002,19,19,0,0,0,31
2026-03-01,ST019,MED003,4,4,0,0,0,10
2026-03-01,ST019,MED004,11,7,4,0,0,0
2026-03-01,ST019,MED005,13,13,0,0,0,50
2026-03-01,ST019,MED006,15,15,0,0,0,13
2026-03-01,ST019,MED007,6,6,0,0,0,21
2026-03-01,ST019,MED008,4,4,0,24,0,28
2026-03-01,ST019,MED009,14,14,0,0,0,12
2026-03-01,ST019,MED010,3,3,0,0,0,18
2026-03-01,ST019,MED011,11,11,0,0,0,8
2026-03-01,ST019,MED012,17,5,12,0,0,0
2026-03-01,ST019,MED013,10,10,0,0,0,29
2026-03-01,ST019,MED014,4,4,0,0,0,32
2026-03-01,ST019,MED015,17,17,0,0,0,26
2026-03-01,ST019,MED016,10,10,0,48,0,38
2026-03-01,ST019,MED017,27,27,0,0,0,40
2026-03-01,ST019,MED018,7,7,0,0,0,11
2026-03-01,ST019,MED019,7,7,0,0,0,8
2026-03-01,ST019,MED020,11,0,11,0,0,0
2026-03-01,ST019,MED021,15,15,0,0,0,35
2026-03-01,ST019,MED022,10,10,0,42,0,44
2026-03-01,ST019,MED023,14,6,8,0,0,0
2026-03-01,ST019,MED024,16,16,0,72,0,56
2026-03-01,ST019,MED025,3,3,0,0,0,20
2026-03-01,ST019,MED026,14,14,0,0,0,28
2026-03-01,ST019,MED027,20,20,0,0,0,25
2026-03-01,ST019,MED028,8,3,5,0,0,0
2026-03-01,ST019,MED029,15,15,0,0,0,7
2026-03-01,ST019,MED030,8,8,0,0,0,8
2026-03-01,ST020,MED001,18,18,0,0,0,13
2026-03-01,ST020,MED002,16,16,0,0,0,30
2026-03-01,ST020,MED003,5,0,5,0,0,0
2026-03-01,ST020,MED004,8,8,0,48,0,40
2026-03-01,ST020,MED005,19,19,0,0,0,18
2026-03-01,ST020,MED006,16,16,0,0,0,7
2026-03-01,ST020,MED007,3,3,0,0,0,22
2026-03-01,ST020,MED008,6,6,0,0,0,14
2026-03-01,ST020,MED009,13,13,0,0,0,37
2026-03-01,ST020,MED010,5,3,2,0,0,0
2026-03-01,ST020,MED011,16,16,0,0,0,19
2026-03-01,ST020,MED012,14,14,0,0,0,18
2026-03-01,ST020,MED013,6,6,0,0,0,12
2026-03-01,ST020,MED014,7,7,0,0,0,7
2026-03-01,ST020,MED015,18,18,0,0,0,52
2026-03-01,ST020,MED016,10,10,0,0,0,6
2026-03-01,ST020,MED017,19,19,0,72,0,56
2026-03-01,ST020,MED018,7,7,0,0,0,50
2026-03-01,ST020,MED019,4,4,0,24,0,21
2026-03-01,ST020,MED020,11,4,7,0,0,0
2026-03-01,ST020,MED021,14,14,0,0,0,34
2026-03-01,ST020,MED022,12,0,12,0,0,0
2026-03-01,ST020,MED023,13,4,9,0,0,0
2026-03-01,ST020,MED024,17,17,0,0,0,2
2026-03-01,ST020,MED025,9,9,0,0,0,28
2026-03-01,ST020,MED026,16,16,0,0,0,23
2026-03-01,ST020,MED027,17,17,0,72,0,55
2026-03-01,ST020,MED028,7,7,0,0,0,13
2026-03-01,ST020,MED029,14,14,0,0,0,61
2026-03-01,ST020,MED030,7,5,2,0,0,0
2026-03-01,ST021,MED001,4,4,0,0,0,47
2026-03-01,ST021,MED002,8,8,0,0,0,24
2026-03-01,ST021,MED003,4,4,0,0,0,9
2026-03-01,ST021,MED004,3,3,0,0,0,47
2026-03-01,ST021,MED005,14,13,1,0,0,0
2026-03-01,ST021,MED006,6,6,0,0,0,8
2026-03-01,ST021,MED007,1,1,0,0,0,19
2026-03-01,ST021,MED008,3,3,0,0,0,2
2026-03-01,ST021,MED009,9,9,0,0,0,25
2026-03-01,ST021,MED010,7,1,6,0,0,0
2026-03-01,ST021,MED011,10,10,0,0,0,37
2026-03-01,ST021,MED012,9,9,0,60,0,64
2026-03-01,ST021,MED013,6,6,0,0,0,42
2026-03-01,ST021,MED014,3,3,0,0,0,28
2026-03-01,ST021,MED015,12,12,0,0,0,59
2026-03-01,ST021,MED016,7,6,1,0,0,0
2026-03-01,ST021,MED017,12,12,0,72,0,86
2026-03-01,ST021,MED018,4,4,0,0,0,18
2026-03-01,ST021,MED019,4,4,0,0,0,6
2026-03-01,ST021,MED020,7,7,0,0,0,38
2026-03-01,ST021,MED021,7,7,0,0,0,39
2026-03-01,ST021,MED022,6,6,0,0,0,24
2026-03-01,ST021,MED023,7,7,0,0,0,21
2026-03-01,ST021,MED024,11,11,0,72,0,87
2026-03-01,ST021,MED025,5,5,0,36,0,38
2026-03-01,ST021,MED026,10,10,0,0,0,43
2026-03-01,ST021,MED027,10,0,10,0,0,0
2026-03-01,ST021,MED028,6,6,0,0,0,23
2026-03-01,ST021,MED029,10,10,0,48,0,56
2026-03-01,ST021,MED030,5,5,0,0,0,22
2026-03-01,ST022,MED001,12,12,0,0,0,52
2026-03-01,ST022,MED002,12,12,0,0,0,46
2026-03-01,ST022,MED003,2,2,0,0,0,3
2026-03-01,ST022,MED004,6,6,0,0,0,61
2026-03-01,ST022,MED005,12,12,0,0,0,28
2026-03-01,ST022,MED006,9,9,0,0,0,38
2026-03-01,ST022,MED007,5,5,0,24,0,25
2026-03-01,ST022,MED008,2,2,0,0,0,14
2026-03-01,ST022,MED009,9,9,0,0,0,9
2026-03-01,ST022,MED010,0,0,0,0,0,21
2026-03-01,ST022,MED011,11,11,0,0,0,25
2026-03-01,ST022,MED012,7,7,0,0,0,22
2026-03-01,ST022,MED013,6,6,0,0,0,27
2026-03-01,ST022,MED014,6,6,0,0,0,14
2026-03-01,ST022,MED015,12,12,0,0,0,47
2026-03-01,ST022,MED016,6,6,0,0,0,31
2026-03-01,ST022,MED017,12,12,0,0,0,59
2026-03-01,ST022,MED018,4,4,0,0,0,18
2026-03-01,ST022,MED019,2,2,0,0,0,13
2026-03-01,ST022,MED020,10,10,0,48,0,44
2026-03-01,ST022,MED021,11,11,0,54,0,66
2026-03-01,ST022,MED022,7,7,0,0,0,33
2026-03-01,ST022,MED023,12,12,0,72,0,60
2026-03-01,ST022,MED024,11,11,0,0,0,18
2026-03-01,ST022,MED025,11,2,9,0,0,0
2026-03-01,ST022,MED026,12,12,0,72,0,77
2026-03-01,ST022,MED027,10,10,0,0,0,54
2026-03-01,ST022,MED028,7,7,0,0,0,25
2026-03-01,ST022,MED029,12,12,0,0,0,34
2026-03-01,ST022,MED030,6,6,0,30,0,24
2026-03-01,ST023,MED001,6,6,0,0,0,33
2026-03-01,ST023,MED002,13,13,0,66,0,54
2026-03-01,ST023,MED003,5,2,3,0,0,0
2026-03-01,ST023,MED004,7,7,0,0,0,13
2026-03-01,ST023,MED005,17,17,0,0,0,8
2026-03-01,ST023,MED006,9,9,0,0,0,31
2026-03-01,ST023,MED007,3,3,0,0,0,20
2026-03-01,ST023,MED008,1,1,0,0,0,15
2026-03-01,ST023,MED009,10,10,0,0,0,28
2026-03-01,ST023,MED010,3,3,0,0,0,27
2026-03-01,ST023,MED011,8,8,0,0,0,38
2026-03-01,ST023,MED012,13,13,0,0,0,19
2026-03-01,ST023,MED013,4,4,0,0,0,29
2026-03-01,ST023,MED014,2,2,0,0,0,27
2026-03-01,ST023,MED015,11,11,0,0,0,46
2026-03-01,ST023,MED016,9,9,0,0,0,17
2026-03-01,ST023,MED017,12,12,0,0,0,39
2026-03-01,ST023,MED018,2,2,0,0,0,25
2026-03-01,ST023,MED019,8,8,0,0,0,11
2026-03-01,ST023,MED020,5,5,0,0,0,37
2026-03-01,ST023,MED021,10,10,0,0,0,15
2026-03-01,ST023,MED022,7,7,0,0,0,16
2026-03-01,ST023,MED023,13,13,0,0,0,25
2026-03-01,ST023,MED024,9,9,0,0,0,11
2026-03-01,ST023,MED025,7,7,0,0,0,17
2026-03-01,ST023,MED026,12,4,8,0,0,0
2026-03-01,ST023,MED027,15,15,0,0,0,45
2026-03-01,ST023,MED028,5,5,0,48,0,43
2026-03-01,ST023,MED029,10,10,0,0,0,48
2026-03-01,ST023,MED030,6,6,0,0,0,8
2026-03-01,ST024,MED001,14,14,0,0,0,30
2026-03-01,ST024,MED002,14,14,0,0,0,28
2026-03-01,ST024,MED003,5,5,0,0,0,20
2026-03-01,ST024,MED004,8,0,8,0,0,0
2026-03-01,ST024,MED005,14,14,0,0,0,4
2026-03-01,ST024,MED006,14,14,0,60,0,57
2026-03-01,ST024,MED007,3,3,0,0,0,22
2026-03-01,ST024,MED008,3,3,0,0,0,20
2026-03-01,ST024,MED009,12,12,0,0,0,11
2026-03-01,ST024,MED010,4,4,0,24,0,27
2026-03-01,ST024,MED011,11,11,0,66,0,78
2026-03-01,ST024,MED012,15,2,13,0,0,0
2026-03-01,ST024,MED013,9,9,0,0,0,17
2026-03-01,ST024,MED014,10,10,0,0,0,8
2026-03-01,ST024,MED015,12,12,0,0,0,24
2026-03-01,ST024,MED016,9,9,0,0,0,15
2026-03-01,ST024,MED017,12,12,0,72,0,60
2026-03-01,ST024,MED018,7,7,0,0,0,33
2026-03-01,ST024,MED019,5,5,0,24,0,25
2026-03-01,ST024,MED020,7,7,0,0,0,18
2026-03-01,ST024,MED021,13,13,0,0,0,27
2026-03-01,ST024,MED022,9,9,0,0,0,35
2026-03-01,ST024,MED023,13,13,0,0,0,75
2026-03-01,ST024,MED024,13,13,0,0,0,10
2026-03-01,ST024,MED025,10,10,0,0,0,1
2026-03-01,ST024,MED026,10,10,0,0,0,62
2026-03-01,ST024,MED027,15,15,0,0,0,21
2026-03-01,ST024,MED028,7,7,0,48,0,41
2026-03-01,ST024,MED029,8,8,0,0,0,17
2026-03-01,ST024,MED030,7,6,1,0,0,0
2026-03-01,ST025,MED001,11,11,0,0,0,20
2026-03-01,ST025,MED002,13,13,0,0,0,45
2026-03-01,ST025,MED003,0,0,0,0,0,18
2026-03-01,ST025,MED004,14,14,0,0,0,21
2026-03-01,ST025,MED005,14,14,0,0,0,19
2026-03-01,ST025,MED006,14,14,0,0,0,11
2026-03-01,ST025,MED007,9,9,0,0,0,17
2026-03-01,ST025,MED008,5,5,0,24,0,19
2026-03-01,ST025,MED009,11,11,0,0,0,37
2026-03-01,ST025,MED010,2,2,0,0,0,24
2026-03-01,ST025,MED011,12,12,0,0,0,45
2026-03-01,ST025,MED012,10,10,0,0,0,26
2026-03-01,ST025,MED013,8,8,0,0,0,3
2026-03-01,ST025,MED014,4,4,0,0,0,21
2026-03-01,ST025,MED015,19,19,0,0,0,49
2026-03-01,ST025,MED016,5,5,0,48,0,55
2026-03-01,ST025,MED017,12,12,0,0,0,23
2026-03-01,ST025,MED018,7,7,0,0,0,22
2026-03-01,ST025,MED019,6,6,0,0,0,20
2026-03-01,ST025,MED020,5,5,0,0,0,16
2026-03-01,ST025,MED021,13,13,0,0,0,14
2026-03-01,ST025,MED022,11,11,0,0,0,23
2026-03-01,ST025,MED023,14,14,0,0,0,49
2026-03-01,ST025,MED024,14,14,0,0,0,61
2026-03-01,ST025,MED025,4,4,0,0,0,11
2026-03-01,ST025,MED026,16,16,0,0,0,5
2026-03-01,ST025,MED027,13,13,0,0,0,21
2026-03-01,ST025,MED028,7,7,0,0,0,20
2026-03-01,ST025,MED029,11,11,0,0,0,34
2026-03-01,ST025,MED030,4,4,0,0,0,35
2026-03-01,ST026,MED001,13,13,0,72,0,59
2026-03-01,ST026,MED002,17,17,0,0,0,14
2026-03-01,ST026,MED003,6,6,0,0,0,11
2026-03-01,ST026,MED004,6,6,0,0,0,21
2026-03-01,ST026,MED005,12,12,0,0,0,29
2026-03-01,ST026,MED006,11,11,0,0,0,8
2026-03-01,ST026,MED007,3,3,0,0,0,10
2026-03-01,ST026,MED008,2,2,0,0,0,6
2026-03-01,ST026,MED009,15,15,0,60,0,69
2026-03-01,ST026,MED010,7,7,0,0,0,1
2026-03-01,ST026,MED011,12,12,0,0,0,11
2026-03-01,ST026,MED012,27,27,0,0,0,40
2026-03-01,ST026,MED013,14,14,0,0,0,40
2026-03-01,ST026,MED014,9,6,3,0,0,0
2026-03-01,ST026,MED015,17,17,0,0,0,6
2026-03-01,ST026,MED016,9,9,0,48,0,39
2026-03-01,ST026,MED017,13,13,0,0,0,3
2026-03-01,ST026,MED018,6,6,0,0,0,51
2026-03-01,ST026,MED019,4,4,0,0,0,23
2026-03-01,ST026,MED020,11,11,0,0,0,20
2026-03-01,ST026,MED021,17,3,14,0,0,0
2026-03-01,ST026,MED022,11,11,0,42,0,31
2026-03-01,ST026,MED023,13,9,4,0,0,0
2026-03-01,ST026,MED024,16,16,0,0,0,23
2026-03-01,ST026,MED025,6,6,0,0,0,0
2026-03-01,ST026,MED026,14,14,0,72,0,78
2026-03-01,ST026,MED027,15,15,0,0,0,41
2026-03-01,ST026,MED028,8,8,0,48,0,40
2026-03-01,ST026,MED029,7,7,0,0,0,53
2026-03-01,ST026,MED030,8,8,0,0,0,27
2026-03-01,ST027,MED001,14,14,0,0,0,25
2026-03-01,ST027,MED002,16,16,0,0,0,21
2026-03-01,ST027,MED003,6,0,6,0,0,0
2026-03-01,ST027,MED004,14,14,0,0,0,11
2026-03-01,ST027,MED005,18,0,18,0,0,0
2026-03-01,ST027,MED006,14,14,0,0,0,49
2026-03-01,ST027,MED007,8,8,0,0,0,4
2026-03-01,ST027,MED008,3,3,0,24,0,21
2026-03-01,ST027,MED009,17,17,0,60,0,43
2026-03-01,ST027,MED010,4,4,0,0,0,3
2026-03-01,ST027,MED011,17,17,0,66,0,49
2026-03-01,ST027,MED012,16,16,0,60,0,61
2026-03-01,ST027,MED013,12,12,0,0,0,32
2026-03-01,ST027,MED014,8,0,8,0,0,0
2026-03-01,ST027,MED015,20,20,0,0,0,29
2026-03-01,ST027,MED016,15,15,0,0,0,14
2026-03-01,ST027,MED017,17,17,0,0,0,12
2026-03-01,ST027,MED018,12,12,0,0,0,9
2026-03-01,ST027,MED019,0,0,0,0,0,14
2026-03-01,ST027,MED020,7,7,0,48,0,41
2026-03-01,ST027,MED021,13,13,0,0,0,38
2026-03-01,ST027,MED022,10,10,0,0,0,30
2026-03-01,ST027,MED023,15,15,0,0,0,24
2026-03-01,ST027,MED024,17,17,0,0,0,14
2026-03-01,ST027,MED025,7,7,0,36,0,29
2026-03-01,ST027,MED026,17,7,10,0,0,0
2026-03-01,ST027,MED027,18,18,0,0,0,50
2026-03-01,ST027,MED028,12,12,0,48,0,41
2026-03-01,ST027,MED029,13,13,0,0,0,30
2026-03-01,ST027,MED030,7,7,0,0,0,24
2026-03-01,ST028,MED001,9,9,0,72,0,72
2026-03-01,ST028,MED002,12,12,0,0,0,45
2026-03-01,ST028,MED003,5,5,0,0,0,7
2026-03-01,ST028,MED004,7,7,0,0,0,3
2026-03-01,ST028,MED005,10,10,0,0,0,43
2026-03-01,ST028,MED006,7,7,0,0,0,31
2026-03-01,ST028,MED007,2,2,0,0,0,22
2026-03-01,ST028,MED008,0,0,0,0,0,25
2026-03-01,ST028,MED009,8,8,0,0,0,17
2026-03-01,ST028,MED010,2,2,0,0,0,24
2026-03-01,ST028,MED011,7,7,0,0,0,42
2026-03-01,ST028,MED012,6,6,0,60,0,54
2026-03-01,ST028,MED013,3,3,0,0,0,4
2026-03-01,ST028,MED014,6,6,0,0,0,4
2026-03-01,ST028,MED015,14,14,0,0,0,13
2026-03-01,ST028,MED016,4,4,0,0,0,11
2026-03-01,ST028,MED017,14,14,0,0,0,37
2026-03-01,ST028,MED018,7,7,0,0,0,28
2026-03-01,ST028,MED019,1,1,0,0,0,12
2026-03-01,ST028,MED020,10,10,0,0,0,29
2026-03-01,ST028,MED021,5,5,0,0,0,43
2026-03-01,ST028,MED022,5,5,0,0,0,38
2026-03-01,ST028,MED023,9,9,0,60,0,65
2026-03-01,ST028,MED024,12,12,0,0,0,35
2026-03-01,ST028,MED025,8,8,0,0,0,26
2026-03-01,ST028,MED026,10,10,0,0,0,63
2026-03-01,ST028,MED027,6,6,0,0,0,31
2026-03-01,ST028,MED028,4,4,0,0,0,16
2026-03-01,ST028,MED029,6,6,0,0,0,3
2026-03-01,ST028,MED030,6,6,0,0,0,25
2026-03-01,ST029,MED001,12,12,0,0,0,1
2026-03-01,ST029,MED002,9,9,0,0,0,39
2026-03-01,ST029,MED003,2,2,0,24,0,22
2026-03-01,ST029,MED004,9,9,0,0,0,27
2026-03-01,ST029,MED005,13,13,0,0,0,15
2026-03-01,ST029,MED006,11,11,0,0,0,35
2026-03-01,ST029,MED007,6,6,0,0,0,7
2026-03-01,ST029,MED008,9,9,0,0,0,2
2026-03-01,ST029,MED009,12,12,0,0,0,6
2026-03-01,ST029,MED010,2,2,0,0,0,10
2026-03-01,ST029,MED011,13,13,0,0,0,21
2026-03-01,ST029,MED012,11,11,0,0,0,53
2026-03-01,ST029,MED013,5,5,0,0,0,3
2026-03-01,ST029,MED014,7,7,0,0,0,4
2026-03-01,ST029,MED015,10,10,0,0,0,25
2026-03-01,ST029,MED016,6,6,0,48,0,42
2026-03-01,ST029,MED017,6,0,6,0,0,0
2026-03-01,ST029,MED018,2,0,2,0,0,0
2026-03-01,ST029,MED019,3,3,0,0,0,16
2026-03-01,ST029,MED020,10,10,0,0,0,23
2026-03-01,ST029,MED021,6,6,0,0,0,16
2026-03-01,ST029,MED022,6,6,0,0,0,37
2026-03-01,ST029,MED023,22,22,0,0,0,10
2026-03-01,ST029,MED024,22,22,0,0,0,70
2026-03-01,ST029,MED025,5,5,0,0,0,18
2026-03-01,ST029,MED026,11,11,0,0,0,43
2026-03-01,ST029,MED027,10,10,0,0,0,20
2026-03-01,ST029,MED028,7,7,0,0,0,8
2026-03-01,ST029,MED029,8,8,0,0,0,52
2026-03-01,ST029,MED030,7,7,0,0,0,25
2026-03-01,ST030,MED001,10,10,0,0,0,11
2026-03-01,ST030,MED002,15,15,0,0,0,51
2026-03-01,ST030,MED003,2,2,0,0,0,2
2026-03-01,ST030,MED004,6,6,0,0,0,36
2026-03-01,ST030,MED005,12,12,0,0,0,71
2026-03-01,ST030,MED006,12,12,0,0,0,31
2026-03-01,ST030,MED007,4,4,0,0,0,16
2026-03-01,ST030,MED008,6,6,0,0,0,7
2026-03-01,ST030,MED009,8,0,8,0,0,0
2026-03-01,ST030,MED010,8,8,0,0,0,6
2026-03-01,ST030,MED011,13,13,0,0,0,21
2026-03-01,ST030,MED012,9,9,0,0,0,18
2026-03-01,ST030,MED013,10,10,0,0,0,21
2026-03-01,ST030,MED014,5,5,0,0,0,17
2026-03-01,ST030,MED015,10,10,0,0,0,18
2026-03-01,ST030,MED016,8,8,0,0,0,7
2026-03-01,ST030,MED017,15,15,0,0,0,27
2026-03-01,ST030,MED018,6,6,0,48,0,42
2026-03-01,ST030,MED019,2,2,0,0,0,16
2026-03-01,ST030,MED020,7,7,0,0,0,15
2026-03-01,ST030,MED021,8,8,0,60,0,52
2026-03-01,ST030,MED022,11,11,0,0,0,2
2026-03-01,ST030,MED023,15,15,0,72,0,70
2026-03-01,ST030,MED024,10,10,0,0,0,42
2026-03-01,ST030,MED025,7,7,0,0,0,17
2026-03-01,ST030,MED026,10,10,0,72,0,65
2026-03-01,ST030,MED027,15,15,0,0,0,24
2026-03-01,ST030,MED028,9,9,0,0,0,10
2026-03-01,ST030,MED029,2,2,0,72,0,91
2026-03-01,ST030,MED030,5,5,0,0,0,19
2026-03-01,ST031,MED001,13,13,0,0,0,68
2026-03-01,ST031,MED002,15,15,0,0,0,40
2026-03-01,ST031,MED003,5,5,0,0,0,21
2026-03-01,ST031,MED004,11,11,0,0,0,28
2026-03-01,ST031,MED005,13,13,0,72,0,59
2026-03-01,ST031,MED006,11,11,0,0,0,28
2026-03-01,ST031,MED007,8,8,0,0,0,11
2026-03-01,ST031,MED008,7,7,0,0,0,1
2026-03-01,ST031,MED009,14,14,0,0,0,27
2026-03-01,ST031,MED010,1,1,0,24,0,23
2026-03-01,ST031,MED011,17,17,0,0,0,54
2026-03-01,ST031,MED012,15,0,15,0,0,0
2026-03-01,ST031,MED013,4,4,0,0,0,26
2026-03-01,ST031,MED014,7,7,0,0,0,15
2026-03-01,ST031,MED015,12,12,0,72,0,62
2026-03-01,ST031,MED016,10,10,0,0,0,9
2026-03-01,ST031,MED017,9,9,0,0,0,60
2026-03-01,ST031,MED018,5,5,0,0,0,34
2026-03-01,ST031,MED019,4,4,0,0,0,8
2026-03-01,ST031,MED020,7,7,0,0,0,22
2026-03-01,ST031,MED021,20,20,0,60,0,48
2026-03-01,ST031,MED022,5,5,0,48,0,43
2026-03-01,ST031,MED023,10,0,10,0,0,0
2026-03-01,ST031,MED024,11,11,0,0,0,45
2026-03-01,ST031,MED025,10,10,0,0,0,8
2026-03-01,ST031,MED026,14,14,0,0,0,31
2026-03-01,ST031,MED027,16,16,0,0,0,73
2026-03-01,ST031,MED028,6,6,0,0,0,22
2026-03-01,ST031,MED029,10,10,0,0,0,13
2026-03-01,ST031,MED030,1,1,0,30,0,42
2026-03-01,ST032,MED001,15,15,0,0,0,44
2026-03-01,ST032,MED002,12,12,0,0,0,11
2026-03-01,ST032,MED003,1,1,0,24,0,37
2026-03-01,ST032,MED004,10,10,0,48,0,38
2026-03-01,ST032,MED005,15,15,0,60,0,50
2026-03-01,ST032,MED006,14,14,0,60,0,72
2026-03-01,ST032,MED007,5,5,0,0,0,14
2026-03-01,ST032,MED008,4,4,0,0,0,4
2026-03-01,ST032,MED009,18,18,0,0,0,23
2026-03-01,ST032,MED010,5,5,0,24,0,19
2026-03-01,ST032,MED011,14,14,0,0,0,34
2026-03-01,ST032,MED012,12,10,2,0,0,0
2026-03-01,ST032,MED013,9,9,0,0,0,31
2026-03-01,ST032,MED014,10,0,10,0,0,0
2026-03-01,ST032,MED015,17,1,16,0,0,0
2026-03-01,ST032,MED016,9,9,0,48,0,50
2026-03-01,ST032,MED017,15,15,0,0,0,18
2026-03-01,ST032,MED018,5,5,0,0,0,26
2026-03-01,ST032,MED019,5,5,0,0,0,3
2026-03-01,ST032,MED020,6,6,0,0,0,12
2026-03-01,ST032,MED021,13,13,0,0,0,10
2026-03-01,ST032,MED022,12,12,0,0,0,32
2026-03-01,ST032,MED023,16,16,0,0,0,41
2026-03-01,ST032,MED024,16,16,0,0,0,44
2026-03-01,ST032,MED025,4,4,0,0,0,12
2026-03-01,ST032,MED026,15,15,0,0,0,17
2026-03-01,ST032,MED027,16,16,0,0,0,9
2026-03-01,ST032,MED028,5,5,0,0,0,31
2026-03-01,ST032,MED029,16,0,16,0,0,0
2026-03-01,ST032,MED030,7,7,0,0,0,30
2026-03-01,ST033,MED001,16,1,15,0,0,0
2026-03-01,ST033,MED002,18,18,0,66,0,48
2026-03-01,ST033,MED003,6,6,0,0,0,5
2026-03-01,ST033,MED004,10,4,6,0,0,0
2026-03-01,ST033,MED005,12,12,0,0,0,34
2026-03-01,ST033,MED006,18,18,0,0,0,15
2026-03-01,ST033,MED007,6,6,0,0,0,13
2026-03-01,ST033,MED008,6,6,0,0,0,5
2026-03-01,ST033,MED009,14,14,0,0,0,18
2026-03-01,ST033,MED010,4,4,0,0,0,10
2026-03-01,ST033,MED011,13,13,0,0,0,24
2026-03-01,ST033,MED012,11,11,0,0,0,33
2026-03-01,ST033,MED013,5,0,5,0,0,0
2026-03-01,ST033,MED014,5,5,0,0,0,40
2026-03-01,ST033,MED015,16,16,0,0,0,41
2026-03-01,ST033,MED016,11,11,0,0,0,25
2026-03-01,ST033,MED017,28,28,0,0,0,18
2026-03-01,ST033,MED018,9,9,0,0,0,33
2026-03-01,ST033,MED019,3,3,0,0,0,10
2026-03-01,ST033,MED020,11,11,0,48,0,38
2026-03-01,ST033,MED021,9,9,0,0,0,32
2026-03-01,ST033,MED022,9,3,6,0,0,0
2026-03-01,ST033,MED023,14,14,0,0,0,19
2026-03-01,ST033,MED024,16,16,0,0,0,13
2026-03-01,ST033,MED025,10,10,0,36,0,38
2026-03-01,ST033,MED026,17,2,15,0,0,0
2026-03-01,ST033,MED027,14,14,0,0,0,70
2026-03-01,ST033,MED028,11,11,0,0,0,9
2026-03-01,ST033,MED029,9,9,0,48,0,39
2026-03-01,ST033,MED030,7,7,0,30,0,33
2026-03-01,ST034,MED001,18,18,0,0,0,39
2026-03-01,ST034,MED002,19,3,16,0,0,0
2026-03-01,ST034,MED003,2,2,0,0,0,14
2026-03-01,ST034,MED004,13,13,0,0,0,19
2026-03-01,ST034,MED005,16,16,0,0,0,2
2026-03-01,ST034,MED006,16,16,0,0,0,5
2026-03-01,ST034,MED007,3,3,0,0,0,1
2026-03-01,ST034,MED008,5,5,0,24,0,19
2026-03-01,ST034,MED009,14,14,0,0,0,20
2026-03-01,ST034,MED010,5,5,0,0,0,21
2026-03-01,ST034,MED011,17,17,0,0,0,11
2026-03-01,ST034,MED012,13,0,13,0,0,0
2026-03-01,ST034,MED013,10,0,10,0,0,0
2026-03-01,ST034,MED014,8,8,0,0,0,14
2026-03-01,ST034,MED015,17,17,0,0,0,0
2026-03-01,ST034,MED016,8,8,0,0,0,11
2026-03-01,ST034,MED017,18,18,0,0,0,48
2026-03-01,ST034,MED018,6,6,0,0,0,24
2026-03-01,ST034,MED019,9,8,1,0,0,0
2026-03-01,ST034,MED020,10,10,0,0,0,11
2026-03-01,ST034,MED021,14,14,0,54,0,64
2026-03-01,ST034,MED022,8,0,8,0,0,0
2026-03-01,ST034,MED023,15,15,0,0,0,1
2026-03-01,ST034,MED024,16,16,0,0,0,36
2026-03-01,ST034,MED025,11,0,11,0,0,0
2026-03-01,ST034,MED026,13,13,0,0,0,42
2026-03-01,ST034,MED027,16,16,0,0,0,26
2026-03-01,ST034,MED028,9,9,0,0,0,1
2026-03-01,ST034,MED029,11,11,0,72,0,61
2026-03-01,ST034,MED030,4,4,0,36,0,32
2026-03-01,ST035,MED001,9,9,0,0,0,6
2026-03-01,ST035,MED002,10,10,0,0,0,42
2026-03-01,ST035,MED003,3,3,0,0,0,19
2026-03-01,ST035,MED004,6,6,0,0,0,22
2026-03-01,ST035,MED005,7,7,0,0,0,47
2026-03-01,ST035,MED006,8,8,0,0,0,41
2026-03-01,ST035,MED007,4,4,0,0,0,15
2026-03-01,ST035,MED008,1,1,0,0,0,14
2026-03-01,ST035,MED009,7,7,0,0,0,44
2026-03-01,ST035,MED010,1,1,0,0,0,34
2026-03-01,ST035,MED011,5,5,0,0,0,59
2026-03-01,ST035,MED012,10,10,0,0,0,47
2026-03-01,ST035,MED013,1,1,0,0,0,35
2026-03-01,ST035,MED014,5,5,0,0,0,55
2026-03-01,ST035,MED015,9,0,9,0,0,0
2026-03-01,ST035,MED016,5,5,0,0,0,5
2026-03-01,ST035,MED017,6,6,0,0,0,68
2026-03-01,ST035,MED018,1,1,0,0,0,7
2026-03-01,ST035,MED019,3,3,0,0,0,24
2026-03-01,ST035,MED020,8,8,0,0,0,23
2026-03-01,ST035,MED021,9,9,0,0,0,23
2026-03-01,ST035,MED022,7,7,0,0,0,13
2026-03-01,ST035,MED023,10,10,0,0,0,18
2026-03-01,ST035,MED024,9,9,0,0,0,55
2026-03-01,ST035,MED025,7,7,0,0,0,13
2026-03-01,ST035,MED026,7,7,0,0,0,61
2026-03-01,ST035,MED027,6,6,0,0,0,40
2026-03-01,ST035,MED028,9,9,0,48,0,50
2026-03-01,ST035,MED029,9,9,0,0,0,28
2026-03-01,ST035,MED030,6,0,6,0,0,0
2026-03-01,ST036,MED001,12,12,0,0,0,23
2026-03-01,ST036,MED002,12,12,0,0,0,28
2026-03-01,ST036,MED003,4,4,0,24,0,24
2026-03-01,ST036,MED004,7,7,0,0,0,32
2026-03-01,ST036,MED005,9,9,0,0,0,30
2026-03-01,ST036,MED006,11,11,0,0,0,5
2026-03-01,ST036,MED007,4,4,0,0,0,19
2026-03-01,ST036,MED008,4,4,0,0,0,5
2026-03-01,ST036,MED009,9,9,0,0,0,30
2026-03-01,ST036,MED010,1,1,0,0,0,13
2026-03-01,ST036,MED011,7,7,0,0,0,28
2026-03-01,ST036,MED012,15,15,0,0,0,50
2026-03-01,ST036,MED013,5,5,0,0,0,21
2026-03-01,ST036,MED014,2,2,0,0,0,47
2026-03-01,ST036,MED015,10,10,0,72,0,65
2026-03-01,ST036,MED016,5,5,0,48,0,43
2026-03-01,ST036,MED017,8,8,0,72,0,89
2026-03-01,ST036,MED018,7,7,0,48,0,51
2026-03-01,ST036,MED019,6,6,0,0,0,13
2026-03-01,ST036,MED020,11,11,0,0,0,44
2026-03-01,ST036,MED021,9,9,0,0,0,23
2026-03-01,ST036,MED022,2,2,0,36,0,55
2026-03-01,ST036,MED023,14,14,0,0,0,27
2026-03-01,ST036,MED024,12,0,12,0,0,0
2026-03-01,ST036,MED025,6,6,0,36,0,46
2026-03-01,ST036,MED026,9,9,0,72,0,84
2026-03-01,ST036,MED027,10,10,0,0,0,31
2026-03-01,ST036,MED028,7,7,0,0,0,44
2026-03-01,ST036,MED029,9,9,0,0,0,20
2026-03-01,ST036,MED030,5,5,0,0,0,18
2026-03-01,ST037,MED001,15,15,0,0,0,14
2026-03-01,ST037,MED002,12,12,0,60,0,67
2026-03-01,ST037,MED003,5,5,0,0,0,22
2026-03-01,ST037,MED004,11,11,0,0,0,2
2026-03-01,ST037,MED005,9,9,0,0,0,57
2026-03-01,ST037,MED006,12,12,0,0,0,69
2026-03-01,ST037,MED007,3,3,0,0,0,16
2026-03-01,ST037,MED008,0,0,0,0,0,18
2026-03-01,ST037,MED009,12,1,11,0,0,0
2026-03-01,ST037,MED010,5,0,5,0,0,0
2026-03-01,ST037,MED011,11,11,0,0,0,30
2026-03-01,ST037,MED012,10,10,0,0,0,25
2026-03-01,ST037,MED013,6,6,0,0,0,27
2026-03-01,ST037,MED014,4,0,4,0,0,0
2026-03-01,ST037,MED015,13,13,0,0,0,37
2026-03-01,ST037,MED016,5,2,3,0,0,0
2026-03-01,ST037,MED017,13,13,0,0,0,39
2026-03-01,ST037,MED018,2,2,0,0,0,20
2026-03-01,ST037,MED019,5,5,0,0,0,9
2026-03-01,ST037,MED020,7,7,0,0,0,24
2026-03-01,ST037,MED021,9,9,0,0,0,52
2026-03-01,ST037,MED022,10,10,0,0,0,24
2026-03-01,ST037,MED023,11,11,0,0,0,52
2026-03-01,ST037,MED024,13,13,0,0,0,82
2026-03-01,ST037,MED025,5,5,0,0,0,40
2026-03-01,ST037,MED026,15,15,0,0,0,21
2026-03-01,ST037,MED027,15,15,0,0,0,33
2026-03-01,ST037,MED028,10,4,6,0,0,0
2026-03-01,ST037,MED029,7,2,5,0,0,0
2026-03-01,ST037,MED030,7,7,0,0,0,29
2026-03-01,ST038,MED001,13,13,0,72,0,83
2026-03-01,ST038,MED002,14,8,6,0,0,0
2026-03-01,ST038,MED003,2,2,0,0,0,16
2026-03-01,ST038,MED004,12,12,0,0,0,24
2026-03-01,ST038,MED005,8,8,0,60,0,59
2026-03-01,ST038,MED006,15,0,15,0,0,0
2026-03-01,ST038,MED007,0,0,0,0,0,12
2026-03-01,ST038,MED008,6,5,1,0,0,0
2026-03-01,ST038,MED009,9,9,0,0,0,35
2026-03-01,ST038,MED010,6,6,0,36,0,30
2026-03-01,ST038,MED011,13,13,0,60,0,62
2026-03-01,ST038,MED012,12,12,0,0,0,34
2026-03-01,ST038,MED013,9,9,0,0,0,41
2026-03-01,ST038,MED014,3,3,0,0,0,40
2026-03-01,ST038,MED015,13,13,0,0,0,30
2026-03-01,ST038,MED016,7,7,0,0,0,33
2026-03-01,ST038,MED017,10,10,0,0,0,20
2026-03-01,ST038,MED018,8,8,0,0,0,4
2026-03-01,ST038,MED019,5,5,0,0,0,10
2026-03-01,ST038,MED020,6,6,0,0,0,10
2026-03-01,ST038,MED021,8,8,0,0,0,15
2026-03-01,ST038,MED022,7,0,7,0,0,0
2026-03-01,ST038,MED023,15,15,0,0,0,11
2026-03-01,ST038,MED024,17,17,0,0,0,56
2026-03-01,ST038,MED025,7,7,0,0,0,30
2026-03-01,ST038,MED026,16,16,0,0,0,42
2026-03-01,ST038,MED027,13,13,0,0,0,15
2026-03-01,ST038,MED028,9,9,0,0,0,37
2026-03-01,ST038,MED029,12,12,0,0,0,17
2026-03-01,ST038,MED030,6,6,0,0,0,8
2026-03-01,ST039,MED001,16,16,0,0,0,0
2026-03-01,ST039,MED002,11,11,0,0,0,10
2026-03-01,ST039,MED003,2,2,0,24,0,30
2026-03-01,ST039,MED004,13,13,0,0,0,15
2026-03-01,ST039,MED005,17,17,0,0,0,18
2026-03-01,ST039,MED006,11,11,0,60,0,55
2026-03-01,ST039,MED007,2,1,1,0,0,0
2026-03-01,ST039,MED008,4,4,0,0,0,14
2026-03-01,ST039,MED009,17,17,0,60,0,43
2026-03-01,ST039,MED010,4,4,0,0,0,6
2026-03-01,ST039,MED011,16,16,0,0,0,15
2026-03-01,ST039,MED012,11,11,0,0,0,17
2026-03-01,ST039,MED013,9,9,0,0,0,27
2026-03-01,ST039,MED014,7,7,0,0,0,39
2026-03-01,ST039,MED015,12,12,0,0,0,1
2026-03-01,ST039,MED016,10,10,0,0,0,14
2026-03-01,ST039,MED017,14,2,12,0,0,0
2026-03-01,ST039,MED018,5,5,0,0,0,18
2026-03-01,ST039,MED019,5,5,0,0,0,13
2026-03-01,ST039,MED020,13,13,0,0,0,16
2026-03-01,ST039,MED021,12,12,0,0,0,10
2026-03-01,ST039,MED022,7,7,0,48,0,41
2026-03-01,ST039,MED023,18,18,0,60,0,42
2026-03-01,ST039,MED024,13,13,0,0,0,14
2026-03-01,ST039,MED025,10,10,0,0,0,16
2026-03-01,ST039,MED026,13,13,0,0,0,43
2026-03-01,ST039,MED027,17,17,0,0,0,50
2026-03-01,ST039,MED028,10,10,0,0,0,45
2026-03-01,ST039,MED029,13,13,0,48,0,58
2026-03-01,ST039,MED030,7,0,7,0,0,0
2026-03-01,ST040,MED001,14,14,0,0,0,33
2026-03-01,ST040,MED002,13,13,0,0,0,31
2026-03-01,ST040,MED003,1,1,0,0,0,5
2026-03-01,ST040,MED004,12,0,12,0,0,0
2026-03-01,ST040,MED005,14,14,0,0,0,46
2026-03-01,ST040,MED006,12,12,0,60,0,52
2026-03-01,ST040,MED007,3,3,0,0,0,9
2026-03-01,ST040,MED008,0,0,0,0,0,6
2026-03-01,ST040,MED009,13,0,13,0,0,0
2026-03-01,ST040,MED010,6,0,6,0,0,0
2026-03-01,ST040,MED011,18,18,0,60,0,42
2026-03-01,ST040,MED012,16,16,0,0,0,7
2026-03-01,ST040,MED013,10,10,0,0,0,1
2026-03-01,ST040,MED014,10,10,0,48,0,38
2026-03-01,ST040,MED015,19,19,0,72,0,82
2026-03-01,ST040,MED016,16,16,0,0,0,4
2026-03-01,ST040,MED017,12,12,0,0,0,30
2026-03-01,ST040,MED018,9,9,0,48,0,39
2026-03-01,ST040,MED019,3,3,0,0,0,10
2026-03-01,ST040,MED020,11,11,0,0,0,19
2026-03-01,ST040,MED021,16,16,0,0,0,29
2026-03-01,ST040,MED022,9,4,5,0,0,0
2026-03-01,ST040,MED023,15,15,0,0,0,3
2026-03-01,ST040,MED024,19,17,2,0,0,0
2026-03-01,ST040,MED025,6,6,0,0,0,4
2026-03-01,ST040,MED026,17,17,0,72,0,75
2026-03-01,ST040,MED027,17,17,0,72,0,68
2026-03-01,ST040,MED028,6,6,0,0,0,8
2026-03-01,ST040,MED029,8,8,0,0,0,44
2026-03-01,ST040,MED030,6,6,0,0,0,19
